$MeshFormat
2.2 0 8
$EndMeshFormat
$Nodes
1026
1 1.8984651645143387 0.0 0.0
2 0.0 1.2911707520184055 0.0
3 0.0 0.0 1.3210003906993903
4 -0.9252357357480443 0.0 0.0
5 0.0 -1.2911707582911989 0.0
6 0.0 0.0 -1.321000405928412
7 1.0401351380426744 1.0401351380426744 0.0
8 0.0 0.96190512854017 0.96190512854017
9 0.8441929046400962 0.0 0.8441929046400962
10 -0.8622172535938039 0.8622172535938039 0.0
11 -1.162766552620133 0.0 1.162766552620133
12 -0.8622172065690921 -0.8622172065690921 0.0
13 0.0 -0.9325230295522816 0.9325230295522816
14 1.0401351167869264 -1.0401351167869264 0.0
15 0.0 -0.9619051003094649 -0.9619051003094649
16 0.8441928947223711 0.0 -0.8441928947223711
17 0.0 0.9325230285653188 -0.9325230285653188
18 -1.1627664912996096 0.0 -1.1627664912996096
19 1.7033851503007709 0.7055652311995121 0.0
20 1.136641717551307 0.5683208587756535 0.5683208587756535
21 1.3865223021289002 0.0 0.5743163420745564
22 0.4788719645513542 1.1560991914601275 0.0
23 0.0 1.1804821994720773 0.48897173716135567
24 0.4772023253835623 0.9544046507671246 0.4772023253835623
25 0.46982825039549975 0.46982825039549975 0.9396565007909995
26 0.0 0.5253770749175978 1.2683724596259702
27 0.4315633264721582 0.0 1.0418860357919322
28 -0.537765977500178 1.2982819162637547 0.0
29 -0.6134380761832035 1.226876152366407 0.6134380761832035
30 -0.948004530239368 0.3926763336162811 0.0
31 -0.9898387963144978 0.0 0.41000465399652447
32 -0.9964315337601644 0.4982157668800822 0.4982157668800822
33 -0.7387151515955879 0.7387151515955879 1.4774303031911757
34 -0.682201669496437 0.0 1.6469805227718661
35 -0.9480044989193502 -0.3926763206431049 0.0
36 -0.9547005162172717 -0.47735025810863585 0.47735025810863585
37 -0.5377659660528405 -1.298281888627437 0.0
38 0.0 -1.1595943761457848 0.4803197174511522
39 -0.553954986886828 -1.107909973773656 0.553954986886828
40 -0.7022800169755672 -0.7022800169755672 1.4045600339511344
41 0.0 -0.5092588870440644 1.2294597118608086
42 0.4788719608048873 -1.1560991824153561 0.0
43 0.5033998277011872 -1.0067996554023744 0.5033998277011872
44 1.7033851341335946 -0.7055652245028485 0.0
45 1.144006342634699 -0.5720031713173495 0.5720031713173495
46 0.48680662668720204 -0.48680662668720204 0.9736132533744041
47 0.0 -1.1804821577344595 -0.4889717198730683
48 0.47720230778257866 -0.9544046155651573 -0.47720230778257866
49 0.0 -0.5253770695116041 -1.268372446574747
50 0.43156333109038114 0.0 -1.0418860469413087
51 0.46982824180903754 -0.46982824180903754 -0.9396564836180751
52 1.136641697911615 -0.5683208489558075 -0.5683208489558075
53 1.3865223021136823 0.0 -0.5743163420682531
54 1.144006334533184 0.572003167266592 -0.572003167266592
55 0.0 0.5092589025179594 -1.2294597492180954
56 0.4868066298826961 0.4868066298826961 -0.9736132597653921
57 0.5033998216258059 1.0067996432516118 -0.5033998216258059
58 0.0 1.1595943450975297 -0.48031970459054385
59 -0.5539549721028053 1.1079099442056106 -0.5539549721028053
60 -0.682201680475337 0.0 -1.6469805492772753
61 -0.7022800343300447 0.7022800343300447 -1.4045600686600894
62 -0.9547004639017154 0.4773502319508577 -0.4773502319508577
63 -0.989838759281147 0.0 -0.4100046386568083
64 -0.9964314546280723 -0.4982157273140361 -0.4982157273140361
65 -0.7387151555398346 -0.7387151555398346 -1.4774303110796692
66 -0.6134380568563498 -1.2268761137126996 -0.6134380568563498
67 1.8619164916789992 0.37035821722309703 0.0
68 1.7131726646379442 0.3548096761899452 0.3548096761899452
69 1.7334727396347944 0.0 0.34480916642885845
70 1.3966439554894272 0.9332076558371474 0.0
71 1.195088503289127 0.8748655039490862 0.32022299934004067
72 1.512539056452816 0.6873888422901676 0.3548034699445012
73 1.310902753574504 0.30750468475095843 0.595753162399533
74 0.988697187613009 0.26492061297982794 0.7237765746331809
75 1.0782132848205814 0.0 0.7204390840379091
76 0.7333139344629924 1.0974818601602174 0.0
77 0.490856445392702 1.0800866977917205 0.2533610663357801
78 0.7338092475743095 1.0024020737184514 0.26859282614414176
79 0.24263352054919246 1.219801079970484 0.0
80 0.0 1.2594729621348113 0.25052474854890566
81 0.24253261490006367 1.1710510564190897 0.24253261490006367
82 0.2490224156787369 1.061590884962976 0.4824508341039711
83 0.0 1.0882557381255884 0.7271492368086168
84 0.25359891639857973 0.9464440407439118 0.692845124345332
85 0.6587122629785267 0.24110542203447657 0.8998176850130033
86 0.4573806879683982 0.2360821782269888 1.0064262200046428
87 0.6319189011682314 0.0 0.945733469025619
88 0.25796698307192056 0.7047789044277475 0.962745887499668
89 0.0 0.7701939357714697 1.1526766826455952
90 0.2522666568947143 0.48873615936843245 1.0754211937490974
91 0.2367334313640706 0.2367334313640706 1.143050121332519
92 0.0 0.2619695819925381 1.3170100252867873
93 0.23172156058004603 0.0 1.1649429526810975
94 0.7798393833691677 0.7798393833691677 0.5198929222461118
95 0.4943872762781722 0.7415809144172582 0.7415809144172582
96 0.7467609636960982 0.49784064246406556 0.7467609636960982
97 -0.26725165140991947 1.3435647814689387 0.0
98 -0.2751504523549392 1.3285439075367729 0.2751504523549392
99 -0.7459139687178425 1.1163391440358086 0.0
100 -0.79232434745113 1.0823351866551718 0.2900108392040417
101 -0.5823879560177572 1.2814937853075226 0.30060608339313083
102 -0.29554503726657405 1.2599183764364545 0.5725827908138904
103 -0.31583789485727737 1.1787230705629563 0.8628851757056788
104 -0.9218159361516188 0.615937716630092 0.0
105 -0.9533913037626873 0.4332784279170056 0.22364152604641566
106 -0.9251589618566788 0.6772633651567658 0.24789559669991293
107 -0.9385071468352202 0.18668067837972196 0.0
108 -0.9382705688526752 0.0 0.18663362009314402
109 -0.9510708943533535 0.196973231609734 0.196973231609734
110 -1.0054565189825537 0.23585471085285514 0.4569399974221953
111 -1.0934775105943457 0.0 0.7306383136243155
112 -1.0961310703611848 0.2937074351019416 0.8024236352592431
113 -0.3423891245816785 0.9354244843161755 1.277813608897854
114 -0.3405368720252608 0.6597490330496888 1.45172007247012
115 -1.0411570526185017 0.3810899305877031 1.4222469832062048
116 -1.028965694510248 0.0 1.539955987989135
117 -0.7343018684534163 0.3790181552059932 1.615767069424189
118 -0.31447278704002674 0.31447278704002674 1.5184089349385976
119 -0.3005265079613897 0.0 1.5108487819049676
120 -0.9122292586311647 0.9122292586311647 0.6081528390874432
121 -1.0409921164117686 0.6939947442745125 1.0409921164117686
122 -0.720009618806663 1.0800144282099944 1.0800144282099944
123 -0.9385071221651825 -0.18668067347254635 0.0
124 -0.9392326466796229 -0.19452145023913853 0.19452145023913853
125 -0.9218158984602393 -0.6159376914455174 0.0
126 -0.8874049670948744 -0.6496255228024358 0.2377794442924386
127 -0.9294479890595935 -0.4223971436922222 0.21802502900299145
128 -0.9859373750928105 -0.2312760125687471 0.4480693228676277
129 -1.098196300866504 -0.29426081194802606 0.8039354889184781
130 -0.7459139322478751 -1.1163390894546452 0.0
131 -0.5480293398787156 -1.2058906540974983 0.2828714978447127
132 -0.7427104026526334 -1.0145612776784665 0.27185087502583316
133 -0.26725165223218716 -1.343564785602758 0.0
134 0.0 -1.2471044981592092 0.24806450809866865
135 -0.26531971233874346 -1.2810768957862457 0.26531971233874346
136 -0.27581148356761237 -1.1757935771582588 0.5343514154738411
137 0.0 -1.061820491039386 0.7094857694174981
138 -0.28942533880184934 -1.080150069406338 0.7907247306044884
139 -1.0541378166895035 -0.3858412199982221 1.4399790366877256
140 -0.7217092463835794 -0.3725183319164674 1.5880581053969
141 -0.312419006895494 -0.853544600088701 1.1659636069841952
142 0.0 -0.7439435367687826 1.1133901842259053
143 -0.31623667620999824 -0.6126703405231176 1.3481275251486828
144 -0.30245485955435314 -0.30245485955435314 1.4603812478835383
145 0.0 -0.2571418630535984 1.2927394432081718
146 -0.8353996207610072 -0.8353996207610072 0.5569330805073383
147 -0.6524504608716538 -0.9786756913074807 0.9786756913074807
148 -1.0160853444660982 -0.6773902296440656 1.0160853444660982
149 0.24263351921547024 -1.2198010732654094 0.0
150 0.24544617908556185 -1.185118988762038 0.24544617908556185
151 0.7333139274600968 -1.0974818496796437 0.0
152 0.7675102940242959 -1.0484385593032521 0.28092826527895615
153 0.507598793185593 -1.1169267705067418 0.2620028171563845
154 0.2546860735788386 -1.0857352479750721 0.49342348678881504
155 0.26062685827389986 -0.9726726768952473 0.7120458186213474
156 1.3966439230877685 -0.9332076341870512 0.0
157 1.4745393084155007 -0.6701194681875603 0.3458896885759228
158 1.207662896141523 -0.884070598391371 0.3235922977501519
159 1.8619164967880086 -0.3703582182393422 0.0
160 1.6615971259540898 -0.34412803238516987 0.34412803238516987
161 1.2840090397794834 -0.30119609858026786 0.5835310391349634
162 1.009086791707792 -0.27038399093101534 0.7387028007767764
163 0.2652425741555756 -0.7246561889233881 0.9898987630789639
164 0.25778300237383484 -0.4994234120414642 1.0989375589846513
165 0.6763430813217753 -0.24755874943761425 0.9239018307593897
166 0.46519605793315005 -0.24011616919657666 1.0236232583984162
167 0.23911608011244453 -0.23911608011244453 1.1545545671779105
168 0.8339223261661671 -0.8339223261661671 0.5559482174441115
169 0.791823977711371 -0.5278826518075808 0.791823977711371
170 0.5225761523530567 -0.7838642285295849 0.7838642285295849
171 0.0 -1.259472939522892 -0.25052474405111524
172 0.24253260707666285 -1.1710510186443688 -0.24253260707666285
173 0.0 -1.0882556970346475 -0.7271492093525279
174 0.25359890825500286 -0.9464440103516691 -0.6928451020966663
175 0.24902240693796293 -1.0615908477007643 -0.48245081716977795
176 0.4908564284250633 -1.0800866604559145 -0.2533610575777428
177 0.7338092212713452 -1.0024020377879337 -0.2685928165165886
178 0.0 -0.770193921001491 -1.15267666054076
179 0.25226665208133875 -0.48873615004309917 -1.0754211732295165
180 0.25796697530355445 -0.7047788832041766 -0.9627458585077311
181 0.0 -0.26196958174194446 -1.317010024026968
182 0.2317215616745194 0.0 -1.1649429581833868
183 0.23673342895859706 -0.23673342895859706 -1.1430501097178654
184 0.4573806887200061 -0.23608217861493966 -1.0064262216584903
185 0.631918901549722 0.0 -0.9457334695965599
186 0.6587122564483612 -0.2411054196442701 -0.8998176760926313
187 1.1950884583388426 -0.8748654710431942 -0.3202229872956483
188 1.5125390339565425 -0.687388832066506 -0.35480346466744345
189 0.9886971675711 -0.26492060760961467 -0.7237765599614854
190 1.078213271763647 0.0 -0.7204390753135445
191 1.3109027504234492 -0.3075046840118006 -0.5957531609675041
192 1.7131726772800469 -0.3548096788082104 -0.3548096788082104
193 1.7334727522242634 0.0 -0.3448091689330595
194 0.4943872548192995 -0.7415808822289491 -0.7415808822289491
195 0.7467609380505087 -0.49784062536700585 -0.7467609380505087
196 0.7798393491215597 -0.7798393491215597 -0.5198928994143732
197 1.6615971248963708 0.3441280321661091 -0.3441280321661091
198 1.009086794418808 0.27038399165742993 -0.738702802761378
199 1.28400903724628 0.3011960979860423 -0.5835310379837232
200 1.4745393037034342 0.6701194660461135 -0.34588968747059096
201 1.2076628898872739 0.884070593812943 -0.3235922960743309
202 0.4651960659822818 0.2401161733512264 -1.023623276109827
203 0.6763430824034368 0.2475587498335298 -0.9239018322369665
204 0.0 0.25714186953744733 -1.2927394758046815
205 0.23911608675673607 0.23911608675673607 -1.154554599259388
206 0.25778301010004595 0.4994234270100644 -1.0989375919217477
207 0.0 0.7439435514386367 -1.1133902061808936
208 0.26524257679998076 0.7246561961480373 -0.9898987729480181
209 0.7675102845678098 1.0484385463854518 -0.28092826181764197
210 0.5075987837917024 1.116926749836307 -0.2620028123076224
211 0.26062685550698866 0.9726726665689941 -0.7120458110620055
212 0.0 1.0618204704784788 -0.7094857556791391
213 0.25468606779836855 1.085735223332735 -0.4934234755898529
214 0.24544617369455066 1.1851189627319334 -0.24544617369455066
215 0.0 1.2471044713831778 -0.24806450277258485
216 0.7918239746481532 0.5278826497654355 -0.7918239746481532
217 0.5225761492743171 0.7838642239114754 -0.7838642239114754
218 0.8339223159527898 0.8339223159527898 -0.5559482106351933
219 -0.265319706607497 1.2810768681133395 -0.265319706607497
220 -0.28942533629125305 1.080150060036665 -0.7907247237454118
221 -0.27581147513146076 1.1757935411946623 -0.5343513991298169
222 -0.54802933199733 1.205890636755198 -0.282871493776647
223 -0.7427104073651221 1.0145612841158458 -0.2718508767507237
224 -0.31623668843379465 0.6126703642052458 -1.3481275772591357
225 -0.3124190184599653 0.8535446316834241 -1.1659636501433894
226 -0.30052651859517276 0.0 -1.5108488353646052
227 -0.30245487007992516 0.30245487007992516 -1.4603812987054958
228 -0.7217092528899923 0.3725183352748255 -1.588058119713693
229 -1.028965654696758 0.0 -1.539955928404036
230 -1.0541377657249205 0.38584120134389 -1.4399789670688103
231 -0.8874049682985731 0.6496255236836044 -0.2377794446149687
232 -0.9294479528172556 0.4223971272215211 -0.21802502050145411
233 -1.098196232100623 0.2942607935222637 -0.8039354385783591
234 -1.0934774952491984 0.0 -0.730638303371016
235 -0.9859373211625628 0.23127599991807277 -0.44806929835847503
236 -0.9392325814634892 0.19452143673243502 -0.19452143673243502
237 -0.9382704825092953 0.0 -0.1866336029183779
238 -0.6524504770997099 0.9786757156495648 -0.9786757156495648
239 -1.0160853043671254 0.6773902029114169 -1.0160853043671254
240 -0.835399611974293 0.835399611974293 -0.5569330746495288
241 -0.9510707887459983 -0.1969732097377346 -0.1969732097377346
242 -1.0961310360851673 -0.2937074259177104 -0.8024236101674568
243 -1.005456464803131 -0.23585469814373064 -0.4569399727998026
244 -0.9533912071297388 -0.4332783840011739 -0.22364150337876598
245 -0.9251588898963113 -0.6772633124781208 -0.2478955774181906
246 -0.7343018735922834 -0.3790181578584772 -1.6157670807318167
247 -1.0411570122276732 -0.38108991580363377 -1.422246928031307
248 -0.31447279569738457 -0.31447279569738457 -1.5184089767400188
249 -0.34053687705562025 -0.6597490427954023 -1.4517200939147108
250 -0.3423891267691992 -0.9354244902925933 -1.2778136170617926
251 -0.7923242962927385 -1.0823351167715094 -0.2900108204787708
252 -0.5823879286259431 -1.2814937250342306 -0.3006060692545385
253 -0.3158378879441931 -1.1787230447629744 -0.8628851568187813
254 -0.2955450266903428 -1.2599183313496272 -0.5725827703237206
255 -0.27515044681031675 -1.3285438807649672 -0.27515044681031675
256 -1.040992075722924 -0.6939947171486162 -1.040992075722924
257 -0.7200096253587014 -1.0800144380380519 -1.0800144380380519
258 -0.9122292212991752 -0.9122292212991752 -0.6081528141994502
259 1.890462527189285 0.18619430729700395 0.0
260 1.8550111920160308 0.18449233385983502 0.18449233385983502
261 1.8542614122333485 0.0 0.18262880868189973
262 1.8024486471505772 0.5467668194856684 0.0
263 1.7710046962552406 0.5466946112134266 0.18687955300193781
264 1.8304301108465397 0.3715132799916361 0.18748594668042867
265 1.735451155391412 0.17775751221428707 0.35223587460903183
266 1.56579231041826 0.1652251785009743 0.48334723233377225
267 1.5660209222596277 0.0 0.47504725322716984
268 1.5646457227098731 0.8363205626062017 0.0
269 1.5027836645175 0.8380528671396744 0.18228199812771337
270 1.6509148486587903 0.7164386815976036 0.19004962708569467
271 1.2163192308454271 0.998207395631871 0.0
272 1.143124041685891 0.9816228684854423 0.16150117320044868
273 1.3241502267552923 0.9259400697184184 0.1727165853428762
274 1.3621243705825454 0.7966424856948287 0.3408739952625134
275 1.1885984631304563 0.7298165809546242 0.45878188217583205
276 1.326135202269612 0.6315656137373734 0.4794605633041969
277 1.3601218047777162 0.15657418188413885 0.5902447805946759
278 1.1890546113171327 0.1442278456649637 0.6630965252872365
279 1.2206273198550566 0.0 0.6524388953082966
280 1.23541652695188 0.4466614738179899 0.5883612739713919
281 1.0635553488382716 0.41051704160300717 0.6530383072352645
282 1.135066121527383 0.2840522731170952 0.663846794030153
283 1.0402938404742093 0.13569155240052455 0.7274474842153559
284 0.9172793938571313 0.1295937211171259 0.7876856727400053
285 0.9557190261889595 0.0 0.7843383347846999
286 1.6367689352584232 0.5338263614319807 0.3606224760524448
287 1.43885026099293 0.4957090774172869 0.4957090774172869
288 1.5207489597915524 0.33506027852833253 0.49598685945784987
289 0.8783400347780149 1.0702604290420772 0.0
290 0.7433116295467587 1.0629805264972518 0.1386507082904476
291 0.8879641601812913 1.0340561658112075 0.14609200562991617
292 0.6018406512206329 1.1259646632994376 0.0
293 0.48975142517315223 1.1285514318785574 0.1299163181855149
294 0.6106547160205517 1.0950167559576074 0.13282140801242054
295 0.608114509300226 1.0397733087260839 0.2602050808041866
296 0.48548392108440136 1.019398941110857 0.36856090517786055
297 0.596961293702824 0.9722268509101756 0.37526555720735166
298 0.36015032525465607 1.1872565111700426 0.0
299 0.2444374872153535 1.2043330909428651 0.12335654245196154
300 0.3606526664171391 1.1683260687791492 0.12328383654522597
301 0.12357857495875646 1.254714327814148 0.0
302 0.0 1.2843190282943857 0.1264943834550236
303 0.12370511629728102 1.2438152330786836 0.12370511629728102
304 0.12432974562985154 1.2138344985540594 0.24636594058008743
305 0.0 1.222709723197437 0.3709049395463941
306 0.12376869944113063 1.1729209773814733 0.3620710769821818
307 0.3642395167356922 1.0074464558087353 0.479791606528086
308 0.251738391375019 1.0059406193162004 0.5883273603648438
309 0.3655000330774021 0.9469266212727881 0.5814265881953861
310 0.1288365227846229 1.119171512074546 0.4856808715747418
311 0.0 1.1361123138704685 0.6072646834545864
312 0.12977216284386908 1.0698779277931418 0.5966356209790001
313 0.13236739752490537 1.01480885057829 0.7096265656789265
314 0.0 1.0320319592502423 0.8469667404140219
315 0.13456971877749918 0.952500082625042 0.8179303638475428
316 0.366866517369332 1.1248521287067967 0.24783398017207744
317 0.24658090704526106 1.119164765040418 0.36501160395622767
318 0.36780002090432995 1.067580119429431 0.36780002090432995
319 0.7514528671941508 0.12363253093720698 0.8750853981313578
320 0.6480265411800645 0.12087707948335391 0.9267170948849605
321 0.7368789046420403 0.0 0.8978895432377325
322 0.5659631141413787 0.3557792869110229 0.9217424010524016
323 0.4659822246400592 0.35375595988126635 0.978450090197684
324 0.5576343824496298 0.23860522537353748 0.9534608006085649
325 0.5445480658771755 0.11844277779689263 0.9764753156180421
326 0.44554426791275575 0.11818948940357062 1.0266833247916567
327 0.5301677800677196 0.0 0.991874152677201
328 0.36778029842529186 0.585053966530323 0.9528342649556147
329 0.25678983877364886 0.6001328887064881 1.0261260828717014
330 0.3626227339234722 0.4776619122273852 1.0029746123125078
331 0.13681407438312349 0.8315718176143208 0.9683858919974443
332 0.0 0.8745431588055828 1.0656339222834483
333 0.13693269957166457 0.73410132059068 1.0498092283846359
334 0.1353827088852532 0.6224304566978118 1.1161328351708193
335 0.0 0.6522058677190442 1.2201913558992492
336 0.13395974267796817 0.5049941055032033 1.1636756761950786
337 0.33653346743626605 0.11503904131246176 1.090192475016022
338 0.23478693753652055 0.11848634658019286 1.156785243612202
339 0.3334865064175897 0.0 1.0993576803010672
340 0.1269775571693253 0.3714582207331966 1.2033304149842523
341 0.0 0.3942263067895242 1.2995899678264429
342 0.1253202023737346 0.24832858279474385 1.2235043531730019
343 0.12286677215008938 0.12286677215008938 1.2353859518003454
344 0.0 0.13035109985483317 1.323476927038338
345 0.12197731555062354 0.0 1.2384564682086128
346 0.35838763006576163 0.35838763006576163 1.040259617079136
347 0.24558564569743413 0.3635383271105907 1.1146475400620457
348 0.34865349583825406 0.23553030730115512 1.0690090493592443
349 0.9465603581576831 0.9465603581576831 0.2928667940309015
350 0.6246858257799031 0.868066856918156 0.49758422756601967
351 0.7656956738305576 0.8986594058435188 0.4012517336177447
352 0.966174602355737 0.8232214656389695 0.4313972920683814
353 0.9520725636917149 0.685138743533694 0.5457371024084696
354 0.3776029412973327 0.8456946261926869 0.7205674501895172
355 0.4888928829631044 0.8529042617757201 0.6137743871135931
356 0.2594947040318026 0.8387000677258343 0.8387000677258343
357 0.37943589993921434 0.7240652257374133 0.8497997935628003
358 0.48886536247858137 0.6137398368693375 0.8528562505664066
359 0.910601859321269 0.5219656978947127 0.655295234362869
360 0.8652068281823284 0.38631514619290647 0.7371926683235809
361 0.6084211275798727 0.4846288234949371 0.8454653429049386
362 0.7083358659586498 0.3711931566462403 0.8313390165254071
363 0.8125319312759974 0.2513982544374596 0.8125319312759974
364 0.6267719326774444 0.7521263192129332 0.6267719326774444
365 0.6229502533316406 0.6229502533316406 0.7475403039979688
366 0.7686276969228447 0.6405230807690373 0.6405230807690373
367 -0.1304072321453492 1.3240468477481937 0.0
368 -0.1314388732831415 1.3215756769137248 0.1314388732831415
369 -0.40587282652119 1.337983398053428 0.0
370 -0.41465769837677846 1.3432741353233741 0.14174466645915526
371 -0.27313626800771923 1.345730761863574 0.13783951890317192
372 -0.13319901433107428 1.3004253965885604 0.26394086373918085
373 -0.13371476538961244 1.2671770327983167 0.3911671475231467
374 -0.6533661167517322 1.2223620291643142 0.0
375 -0.6792232388184738 1.2179727889254406 0.14773551168577242
376 -0.5634793861549863 1.2984453651246275 0.14947412801669346
377 -0.8141666091077098 0.9920648836137523 0.0
378 -0.8366740456448263 0.9743275623833773 0.13765351673855092
379 -0.7719166228905585 1.103887394729064 0.14398642810177326
380 -0.700650155241718 1.1979936657216914 0.29980000061161066
381 -0.7200997216624441 1.1727733307307058 0.4526736090682617
382 -0.597910097847486 1.2554667500908914 0.45391057727603284
383 -0.14116990658240677 1.2263086149365687 0.5321745867333475
384 -0.14381614219641806 1.1856604130226742 0.6612036928859575
385 -0.4572433525720819 1.2646848401270911 0.6023001695997742
386 -0.4746831921815041 1.2297951044295106 0.7551119122480064
387 -0.3060240983891808 1.2228650122765612 0.7151962361796688
388 -0.14866516739388913 1.139757451343981 0.7969995191146574
389 -0.15309219621798456 1.083604326973309 0.9305121307553244
390 -0.432804792538321 1.3270259594475904 0.2923780974657269
391 -0.44710650063756247 1.2977759222925171 0.44710650063756247
392 -0.2858139621723913 1.2972331055673383 0.4230879593061101
393 -0.89647918305457 0.7357214519522896 0.0
394 -0.9231040000812305 0.6455000081728071 0.12040580259617666
395 -0.8979479672466899 0.7710854003730004 0.1268625668736894
396 -0.9394463646104003 0.5021445435127466 0.0
397 -0.9502396480273062 0.4123704146143754 0.10938946420909929
398 -0.9408919590930571 0.5247044019737676 0.11412665067852419
399 -0.9429901318928798 0.551510580737615 0.235984922297498
400 -0.9671078826339456 0.4605805519683214 0.349655215689938
401 -0.9555969429384905 0.5867502906147666 0.36884665232372377
402 -0.9467859389996677 0.28720437468161275 0.0
403 -0.9425836732755692 0.19131151200480337 0.0965462659636077
404 -0.9500792718280807 0.29328167182857123 0.1002540478921742
405 -0.9292230407657932 0.09152048131683442 0.0
406 -0.9283108160144802 0.0 0.09143063502090044
407 -0.9331880554327645 0.09281132265827535 0.09281132265827535
408 -0.9438679538974585 0.09667781131285182 0.19157217604405868
409 -0.9575559528836416 0.0 0.2904714226757213
410 -0.963514801125977 0.10167178874562556 0.2974291094279696
411 -1.0047780244667799 0.36327475266626486 0.47852077873065346
412 -1.0498885923947776 0.2627364481534739 0.6140304630114795
413 -1.0455943507560246 0.4035843551142266 0.6420099956417978
414 -0.9999922044049401 0.11511686728734463 0.43396126524259543
415 -1.036920231127425 0.0 0.5542454106302774
416 -1.0464059477526166 0.12692510007440888 0.5835460721404965
417 -1.0996095995588333 0.1434284504949507 0.7689252840846359
418 -1.1434927575085758 0.0 0.9384402535534683
419 -1.1398545490214689 0.1610392575361646 0.9788152914853042
420 -0.9562386470499356 0.31187383058116985 0.21068407468384778
421 -0.9707256543474462 0.21387593660746942 0.3165987164383465
422 -0.9727133955409537 0.3351167755026122 0.3351167755026122
423 -0.15837642533119764 0.962630288395012 1.1210067137262096
424 -0.1598380114913602 0.8568975539329569 1.2254152589934193
425 -0.54237423112851 0.8627928049006862 1.4051670360291961
426 -0.5411420069055116 0.7128150047525749 1.4967392935066504
427 -0.34516150920042166 0.8066626568091314 1.3792571742143964
428 -0.15872992116581927 0.7297707228371935 1.3086137690405186
429 -0.1573382851039462 0.5931252550886165 1.3667593834503602
430 -0.9099268021982753 0.572003900498824 1.4819307026970991
431 -0.9102094538240311 0.38946797167124997 1.556304743534957
432 -0.7433403156998276 0.5643156605425375 1.5608350715649713
433 -1.1261182134314145 0.18527422136382704 1.3113924347952415
434 -1.128182373929478 0.0 1.3746942001392821
435 -1.0427412169869328 0.19450362748533698 1.4911829221735986
436 -0.8968780357382777 0.1950768583242431 1.6082680628158896
437 -0.8727407088312363 0.0 1.6327830238350414
438 -0.7136224267682021 0.18930255941074373 1.6444252536175257
439 -0.147921590257135 0.4327275776117554 1.4018110960497272
440 -0.14532687977584038 0.28797286800647787 1.4188300582895994
441 -0.49542258379284226 0.1693529606973335 1.6049101354421411
442 -0.4845528680569058 0.0 1.5973567348575997
443 -0.3090138596772889 0.15594531646425658 1.5224981282901948
444 -0.14134591887487985 0.14134591887487985 1.4211878400209998
445 -0.13921105542112017 0.0 1.4134335655294932
446 -0.5383647954604763 0.5383647954604763 1.562663186427052
447 -0.5211042022923449 0.35202811492467706 1.5977614294969766
448 -0.3303391238437766 0.4889981746298762 1.4993209018101994
449 -0.8797264057769806 0.8797264057769806 0.2721882972002856
450 -0.9744742136850337 0.7012596138484423 0.5585779425111587
451 -0.9233506408973261 0.7867336463252511 0.412276378556729
452 -0.8494814769257742 0.996994687863581 0.4451584708418476
453 -0.7914494540715948 1.0998025113628607 0.6304173218114851
454 -1.0905802677267518 0.4869444644202176 0.9292203336808456
455 -1.0402897542280578 0.59630404003688 0.748622365882582
456 -1.1238722067401148 0.3477272709043465 1.1238722067401148
457 -1.0594299347066343 0.555178920916356 1.2434008813101727
458 -0.9430773539557473 0.7511942761262712 1.3105054744230662
459 -0.6696734034913077 1.1682872051109248 0.8407330053629983
460 -0.5179887867136174 1.1601083716316656 0.9884612073905725
461 -0.746869359307304 0.9376476918306 1.3029603860913122
462 -0.5451519308831378 1.0402957547225262 1.2209440340227913
463 -0.33552077801431635 1.084420201537309 1.084420201537309
464 -0.983299484963176 0.8194162374693134 0.8194162374693134
465 -0.9154284331179531 0.9154284331179531 1.0985141197415438
466 -0.8568924276890957 1.0282709132269148 0.8568924276890957
467 -0.9292230264097426 -0.09152047990288685 0.0
468 -0.9304146357413637 -0.09253548891999841 0.09253548891999841
469 -0.9467859093664346 -0.28720436569246977 0.0
470 -0.9424623449501094 -0.29093038903016954 0.09945029627411604
471 -0.9372033499835983 -0.19021949459219042 0.0959951741738341
472 -0.937677569316439 -0.0960437471622399 0.19031574452751168
473 -0.9543145338681155 -0.10070096024568818 0.2945890624522436
474 -0.9394463313126615 -0.5021445257147344 0.0
475 -0.9272504052062152 -0.5170969574579405 0.1124719815742664
476 -0.9395972572963643 -0.4077519932642271 0.1081643359771018
477 -0.8964791396113498 -0.7357214162993602 0.0
478 -0.8762725739571555 -0.7524723181872359 0.12380025576991961
479 -0.9055107242905336 -0.6331975377407841 0.11811100971077225
480 -0.912487216350002 -0.5336708599427913 0.22835151457584554
481 -0.9091977703806087 -0.5582605301736072 0.3509372402070014
482 -0.9304327326408788 -0.4431141853605731 0.3363954152979062
483 -0.9900029490882903 -0.1139669265442861 0.42962628157277355
484 -1.0407583600195465 -0.1262400689545663 0.5803965987972113
485 -0.9750816780028723 -0.3525381196447647 0.46437803427432883
486 -1.0238347646359673 -0.3951854683705616 0.6286492962654057
487 -1.0380567547347503 -0.25977551017925204 0.6071105775976455
488 -1.1023153610606535 -0.14378137864305948 0.7708173450781803
489 -1.1510798639539623 -0.1626251760061047 0.9884546879478577
490 -0.9384083119874761 -0.3060585302755082 0.20675559129162502
491 -0.9450408542592208 -0.32558310109573313 0.32558310109573313
492 -0.9521320460817881 -0.20977928441236154 0.31053447729467004
493 -0.8141665641173021 -0.9920648287927821 0.0
494 -0.7461386175758201 -1.0670232901297347 0.1391780293721815
495 -0.8107286917666993 -0.9441135578605445 0.13338486609384514
496 -0.6533660928796058 -1.222361984502707 0.0
497 -0.546132287553034 -1.2584718357791025 0.14487246467131384
498 -0.6566584204503878 -1.1775098995708573 0.14282751561440032
499 -0.6562502798236058 -1.1220773626825802 0.28080181360212764
500 -0.5489869008516974 -1.1527398562694287 0.4167699491607139
501 -0.658035434696499 -1.0716938019448334 0.4136583672483344
502 -0.4058728236976993 -1.3379833887456263 0.0
503 -0.26807448544532103 -1.3207915747180157 0.13528506621813444
504 -0.40446419180010956 -1.3102525037793573 0.1382601653986052
505 -0.1304072330451793 -1.324046856884322 0.0
506 0.0 -1.277790817145842 0.12585141077759163
507 -0.12991611048571605 -1.306264785816451 0.12991611048571605
508 -0.13017056618078165 -1.2708585795466312 0.25793983419259
509 0.0 -1.2055677468820591 0.3657049778806486
510 -0.12938767187159608 -1.226170390720876 0.37850873374530786
511 -0.41790582555794015 -1.155881565496582 0.5504831250020221
512 -0.28255997680929784 -1.1291029410054554 0.6603592101822817
513 -0.4293473970039681 -1.1123404738820817 0.6829930768781135
514 -0.1351787649191477 -1.1742650256701037 0.5095895088233846
515 0.0 -1.1122076892630643 0.5944873954012057
516 -0.13668374187578328 -1.1268589142419794 0.6284120371015612
517 -0.14031148646743244 -1.0757130605227423 0.7522151234291289
518 0.0 -1.0036272821088814 0.8236556243237714
519 -0.14366006906247186 -1.0168426366274275 0.8731825675649556
520 -0.41148077866103544 -1.261644243573284 0.2779728165740614
521 -0.2707126779619686 -1.228692416842951 0.4007336576795309
522 -0.41547974931302967 -1.2059757889668257 0.41547974931302967
523 -1.141516247507192 -0.18780757775563103 1.3293238252628232
524 -1.0529394525734628 -0.196405915208519 1.505767015038825
525 -0.8992782326159192 -0.5653099298177477 1.464588162433667
526 -0.7203728316301689 -0.5468796212614344 1.512608903974716
527 -0.9097403953609695 -0.38926726704503856 1.5555027326263786
528 -0.8983860702413508 -0.19540486572478324 1.6109722473674941
529 -0.7079525129351106 -0.18779850185876432 1.6313598717808089
530 -0.4987990348542632 -0.7934746779326531 1.2922737127869162
531 -0.31702347763949745 -0.7409024295204781 1.2668182699212163
532 -0.5051135239919333 -0.665356772178598 1.3970884710348304
533 -0.1477571379088357 -0.8980850273654076 1.0458421652742433
534 0.0 -0.8457507322622073 1.0305502490301126
535 -0.14903311850565942 -0.7989721187779103 1.142578388008044
536 -0.14846547771693788 -0.6825793032220698 1.2239908326080622
537 0.0 -0.6303782354540257 1.179354728190471
538 -0.14817583992945565 -0.5585851707870438 1.2871674525397676
539 -0.4873555071398676 -0.16659534858991923 1.5787770250283426
540 -0.3029525613713141 -0.15288645339741344 1.492634369637128
541 -0.14108794986107992 -0.41273654959674855 1.3370506177655803
542 0.0 -0.3841348005605503 1.266322730126767
543 -0.1405551458403946 -0.27851742584138295 1.372243497371111
544 -0.1389638586818038 -0.1389638586818038 1.3972369894584553
545 0.0 -0.1290913933953184 1.3106869127165128
546 -0.5116320613400623 -0.5116320613400623 1.485068477718837
547 -0.3117286253412695 -0.46144921315420845 1.4148528282945954
548 -0.5041019947357636 -0.3405423985374896 1.5456308357871074
549 -0.8317268665880991 -0.8317268665880991 0.2573371880913337
550 -0.7134856338086575 -0.9914635582187161 0.5683163973424579
551 -0.7793583681907378 -0.9146946391817422 0.40841147081527374
552 -0.8613360905564137 -0.733894636794145 0.38458686051239344
553 -0.9138339043022907 -0.6576211066984347 0.5238183370002417
554 -0.4657960674075698 -1.0432154732557717 0.8888635333374928
555 -0.6001514311355886 -1.0470017690254878 0.753452524381278
556 -0.3054760700266163 -0.9873141788224922 0.9873141788224922
557 -0.4936317201106646 -0.9419814068999136 1.1055573126140537
558 -0.6925346630927172 -0.8694338846137989 1.2081701046643527
559 -1.0049011573579052 -0.5760189577325104 0.7231557158396261
560 -1.087624787607481 -0.48562484153103525 0.9267021401063916
561 -0.9155137828335171 -0.7292389224431731 1.272202984496002
562 -1.0630678279327157 -0.5570853061991393 1.2476704979174047
563 -1.1423211637224853 -0.3534353980597632 1.1423211637224853
564 -0.7791420687671508 -0.9349704825205809 0.7791420687671508
565 -0.8583169185758132 -0.8583169185758132 1.029980302290976
566 -0.9222692070936932 -0.7685576725780776 0.7685576725780776
567 0.12357857490293754 -1.254714327247409 0.0
568 0.12380082938238017 -1.244777597423948 0.12380082938238017
569 0.36015032240839345 -1.1872565017871721 0.0
570 0.3647278898960423 -1.1815276620844284 0.12467689205830314
571 0.24595741669892676 -1.2118217187872278 0.12412358210696833
572 0.12453529400549657 -1.2158412726226115 0.24677324551459007
573 0.12406189570727175 -1.1756995155142942 0.362928788894226
574 0.6018406466848903 -1.1259646548136601 0.0
575 0.6240161951945282 -1.1189763573428695 0.13572761741432493
576 0.49832216771500304 -1.148301295320912 0.13218987831810575
577 0.8783400220400017 -1.0702604135207632 0.0
578 0.9077633619468075 -1.0571128246065267 0.14934946265971913
579 0.7612557673061008 -1.0886417273244144 0.14199784737868065
580 0.633972144938685 -1.0839855071730056 0.2712692604410988
581 0.6315921794537984 -1.0286276215347798 0.3970354420809814
582 0.5083667653741692 -1.0674473856123563 0.38593268916123724
583 0.1293227437066582 -1.1233951948684864 0.48751380059275595
584 0.13031075794344513 -1.0743182561072135 0.5991118455764002
585 0.37864732016837904 -1.0472968559913767 0.4987701710107692
586 0.3813183298211112 -0.9879081942803035 0.6065898644591923
587 0.258242054846583 -1.0319291037292238 0.6035268026987166
588 0.13294681666726405 -1.019251029580483 0.712732853358287
589 0.13512798192590386 -0.9564515339605478 0.8213235520346439
590 0.3753575323756427 -1.1508864923037194 0.2535700229698897
591 0.3800127375880783 -1.1030288763483036 0.3800127375880783
592 0.2510349668525729 -1.139380550834454 0.3716049105259267
593 1.2163192015254713 -0.9982073715696052 0.0
594 1.324815262538936 -0.9264051100646193 0.17280332981292268
595 1.1558473001808118 -0.9925485782464288 0.16329872193438294
596 1.5646456950879315 -0.8363205478419662 0.0
597 1.6216716871706833 -0.7037481833085454 0.18668321970245713
598 1.4876852686785986 -0.8296329899339533 0.1804506195820052
599 1.3496042180229129 -0.7893200372666292 0.3377408052862758
600 1.3038823890075075 -0.6209678167395927 0.4714151193981067
601 1.19558461121997 -0.7341061765336923 0.4614784346862776
602 1.8024486439554674 -0.5467668185164425 0.0
603 1.7978965079412232 -0.36491009669953556 0.18415361877373385
604 1.7350614975472993 -0.5355992408369649 0.1830867629984991
605 1.8904625327078133 -0.18619430784053154 0.0
606 1.8360600214234886 -0.18260752275624584 0.18260752275624584
607 1.7043504804048948 -0.17457195519263666 0.34592352555744676
608 1.5343392920115149 -0.16190620027757202 0.47363794375553003
609 1.2198541273881516 -0.44103493072613903 0.580949754833018
610 1.1351433294689994 -0.28407159453890746 0.6638919493242311
611 1.0787076437121446 -0.4163656091194163 0.6623420345927281
612 1.3392594542427003 -0.15417255472418454 0.5811912579829697
613 1.183564458888859 -0.14356191085459777 0.6600348484190454
614 1.0481443770454435 -0.13671554336642538 0.7329371380576605
615 0.9316395179936375 -0.13162252710035888 0.8000169908932786
616 1.5819862138419445 -0.5159591718653097 0.34855242742399706
617 1.4711426931447111 -0.3241307365993874 0.479807952186417
618 1.3937405355540071 -0.4801679881280899 0.4801679881280899
619 0.13723776244087818 -0.83414704278671 0.9713848052275883
620 0.13720643278572195 -0.735568814582675 1.0519078334302658
621 0.381713030542532 -0.6072177426344189 0.9889307731769508
622 0.3742111800597119 -0.4929267007344082 1.0350269801964593
623 0.26343926284426894 -0.615672982094892 1.0526970231687298
624 0.13545972773649673 -0.6227845556750636 1.1167678000751846
625 0.13388909561556336 -0.5047277840742999 1.1630619823608592
626 0.5838915478259098 -0.36704957147963996 0.9509411193055497
627 0.5688990577094649 -0.24342524806891971 0.9727214965589406
628 0.4784037402374502 -0.3631859014991669 1.0045322719076135
629 0.7639664018399216 -0.1256913160277526 0.8896577178676742
630 0.6563498742457821 -0.12242963964658278 0.9386199639007503
631 0.5496631565740993 -0.11955534359005322 0.9856476185159468
632 0.4492003486489509 -0.11915933762416034 1.0351081602036982
633 0.12669436999728623 -0.37062978927329837 1.2006467302068426
634 0.12506133446998877 -0.2478156224064695 1.220977019182707
635 0.339045445950596 -0.11589772440953218 1.0983299719924349
636 0.2359509173044555 -0.11907375451541675 1.1625201223645636
637 0.12270539491762758 -0.12270539491762758 1.233763355532575
638 0.3671029412145407 -0.3671029412145407 1.065556768760099
639 0.3541412000354096 -0.23923748554936494 1.0858349395826068
640 0.2495761159863535 -0.3694453860883191 1.1327592170641887
641 0.9812800841184197 -0.9812800841184197 0.3036091146279135
642 0.9942821695890961 -0.7155139874514973 0.5699320523468644
643 1.0072064465454948 -0.8581823255388299 0.449718024603551
644 0.8135259496257238 -0.9547954513985151 0.426316497254469
645 0.6688076977301997 -0.9293788526840626 0.5327288501380875
646 0.9042710643817141 -0.4037573410840218 0.7704770433213461
647 0.9530863061153992 -0.5463181892646488 0.6858682616785471
648 0.8404313366956644 -0.2600303605152266 0.8404313366956644
649 0.7405778256292332 -0.3880890888752082 0.8691798210526755
650 0.6378471583942943 -0.5080676918170217 0.886355917056771
651 0.5182513699133896 -0.9041219814680618 0.650632128272107
652 0.39503164772859606 -0.8847286530987518 0.7538260855966715
653 0.5124539270993619 -0.643353802008817 0.8940079792892688
654 0.3961778868096365 -0.7560134164715189 0.8872958159175515
655 0.26715796861293756 -0.8634681282039056 0.8634681282039056
656 0.8217007311477894 -0.6847506092898245 0.6847506092898245
657 0.6623807159473734 -0.6623807159473734 0.794856859136848
658 0.6719493682714699 -0.8063392419257639 0.6719493682714699
659 0.0 -1.2843190201239423 -0.12649438265030516
660 0.12370511457639934 -1.2438152157757707 -0.12370511457639934
661 0.0 -1.2227096887366828 -0.37090492909283856
662 0.12376869539944685 -1.1729209390795785 -0.36207106515870136
663 0.12432974246397734 -1.2138344676455481 -0.24636593430674092
664 0.24443748200346202 -1.2043330652640976 -0.12335653982175566
665 0.3606526575645794 -1.1683260401014846 -0.12328383351910799
666 0.0 -1.1361122701381556 -0.6072646600791781
667 0.12977215819411791 -1.0698778894592953 -0.5966355996014787
668 0.1288365181659784 -1.1191714719535057 -0.48568085416362866
669 0.0 -1.0320319239018394 -0.8469667114043373
670 0.1345697142410977 -0.9525000505158661 -0.8179303362747684
671 0.1323673929101021 -1.0148088151984058 -0.7096265409387936
672 0.25173838314629865 -1.0059405864344295 -0.5883273411338424
673 0.3655000209790321 -0.9469265899286909 -0.5814265689496587
674 0.36423950403839345 -1.007446420689403 -0.4797915898026702
675 0.4897514132299223 -1.1285514043573528 -0.12991631501733536
676 0.6106547018358547 -1.0950167305218241 -0.13282140492715586
677 0.4854839029265254 -1.0193989029837045 -0.36856089139309256
678 0.5969612707365463 -0.972226813506692 -0.3752655427701459
679 0.608114488695839 -1.039773273496055 -0.26020507198781045
680 0.7433116109110326 -1.062980499847038 -0.13865070481430583
681 0.8879641336425925 -1.0340561349062383 -0.14609200126364566
682 0.24658089800194155 -1.1191647239952103 -0.3650115905694793
683 0.3678000070598765 -1.0675800792443781 -0.3678000070598765
684 0.366866504354848 -1.1248520888029916 -0.24783397138023844
685 0.0 -0.8745431377003712 -1.0656338965666736
686 0.1369326958451162 -0.7341013006125149 -1.049809199814653
687 0.13681407019020062 -0.8315717921292491 -0.9683858623194498
688 0.0 -0.6522058581873764 -1.2201913380667528
689 0.13395974013817066 -0.5049940959288137 -1.163675654132476
690 0.13538270577660375 -0.6224304424056019 -1.1161328095422456
691 0.25678983238378167 -0.6001328737729943 -1.0261260573379443
692 0.36262272785160304 -0.47766190422926386 -1.0029745955183853
693 0.3677802888075099 -0.5850539512306414 -0.9528342400381512
694 0.0 -0.3942263044737099 -1.299589960192226
695 0.1253202010064697 -0.24832858008543646 -1.2235043398243597
696 0.12697755527856155 -0.3714582152019851 -1.203330397066019
697 0.0 -0.13035110048322215 -1.3234769334184782
698 0.12197731604720399 0.0 -1.2384564732504786
699 0.12286677156202626 -0.12286677156202626 -1.2353859458875596
700 0.23478693649053198 -0.11848634605232974 -1.1567852384586608
701 0.3334865093987471 0.0 -1.0993576901286262
702 0.33653346798814293 -0.1150390415011128 -1.0901924768038145
703 0.46598222176752246 -0.35375595770054585 -0.9784500841660511
704 0.5576343816184004 -0.23860522501786413 -0.9534607991873026
705 0.5659631078745089 -0.35577928297150385 -0.9217423908460126
706 0.4455442706295904 -0.1181894901242651 -1.0266833310521541
707 0.5301677839904483 0.0 -0.9918741600161103
708 0.5445480679863893 -0.11844277825566048 -0.9764753194002523
709 0.6480265386820162 -0.1208770790173903 -0.9267170913126005
710 0.7368788998180221 0.0 -0.8978895373596494
711 0.7514528575887375 -0.12363252935687959 -0.8750853869456171
712 0.24558564222571352 -0.36353832197143243 -1.1146475243048348
713 0.34865349483400027 -0.23553030662273886 -1.0690090462800943
714 0.3583876271107659 -0.3583876271107659 -1.040259608501935
715 1.1431240008341397 -0.9816228334052481 -0.1615011674288915
716 1.3241501825102004 -0.9259400387791014 -0.17271657957173256
717 1.1885984301043555 -0.7298165606761225 -0.458781869428233
718 1.3261351823289667 -0.6315656042407354 -0.479460556094711
719 1.36212433253396 -0.7966424634420003 -0.34087398574078864
720 1.5027836267736692 -0.8380528460911852 -0.18228199354952887
721 1.6509148261517061 -0.7164386718303247 -0.19004962449472948
722 1.0635553321815914 -0.41051703517376853 -0.6530382970078227
723 1.135066107831608 -0.28405226968970365 -0.6638467860201382
724 1.2354165174236973 -0.4466614703731014 -0.58836126943364
725 0.9172793753269657 -0.12959371849917423 -0.7876856568277915
726 0.955719012987972 0.0 -0.7843383239509294
727 1.0402938220050997 -0.13569154999149158 -0.7274474713004401
728 1.1890545995356703 -0.14422784423591667 -0.6630965187171036
729 1.220627311454445 0.0 -0.6524388908180762
730 1.3601218042369767 -0.15657418182189012 -0.590244780360014
731 1.771004693729698 -0.5466946104338123 -0.18687955273543808
732 1.8304301211757121 -0.37151328208809675 -0.18748594773841754
733 1.565792322051071 -0.1652251797284891 -0.4833472359247255
734 1.5660209308551325 0.0 -0.4750472558345876
735 1.735451172122935 -0.17775751392805117 -0.3522358780049457
736 1.8550112057660082 -0.18449233522735528 -0.18449233522735528
737 1.8542614213622952 0.0 -0.1826288095810225
738 1.4388502569387513 -0.49570907602055153 -0.49570907602055153
739 1.5207489674442032 -0.33506028021440915 -0.4959868619537347
740 1.6367689330349537 -0.5338263607068042 -0.3606224755625571
741 0.2594946954216619 -0.8387000398974223 -0.8387000398974223
742 0.48886534487850597 -0.6137398147735454 -0.8528562198619725
743 0.3794358863152402 -0.7240651997392251 -0.8497997630500038
744 0.3776029278023724 -0.8456945959688349 -0.720567424437522
745 0.4888928634683968 -0.8529042277659814 -0.613774362639209
746 0.7083358495223973 -0.3711931480330601 -0.8313389972349847
747 0.6084211098024876 -0.48462880933462477 -0.8454653182013866
748 0.8125319136935982 -0.2513982489974464 -0.8125319136935982
749 0.8652068060365407 -0.38631513630480463 -0.7371926494544366
750 0.9106018344460697 -0.5219656836360105 -0.6552952164619616
751 0.6246857991454496 -0.868066819906773 -0.4975842063507409
752 0.7656956412399182 -0.8986593675934861 -0.4012517165390919
753 0.952072531660203 -0.6851387204828986 -0.5457370840477005
754 0.9661745629392128 -0.8232214320544302 -0.4313972744688898
755 0.946560319296878 -0.946560319296878 -0.2928667820073265
756 0.6229502257386526 -0.6229502257386526 -0.7475402708863832
757 0.7686276649974683 -0.6405230541645569 -0.6405230541645569
758 0.6267719031866794 -0.7521262838240154 -0.6267719031866794
759 1.836060023667636 0.1826075229794402 -0.1826075229794402
760 1.5343392946512464 0.1619062005561212 -0.47363794457039354
761 1.7043504854341744 0.174571955707772 -0.3459235265782146
762 1.7978965067224983 0.36491009645217704 -0.1841536186489032
763 1.735061498614556 0.5355992411664183 -0.18308676311111793
764 1.1835644543742585 0.14356191030699372 -0.6600348459014016
765 1.3392594521503594 0.1541725544833189 -0.5811912570749677
766 0.9316395140962906 0.13162252654973966 -0.800016987546551
767 1.0481443723440127 0.13671554275319053 -0.7329371347700855
768 1.135143329802343 0.2840715946223273 -0.6638919495191882
769 1.0787076447342334 0.41636560951392787 -0.6623420352203054
770 1.2198541232368358 0.4410349292252422 -0.5809497528559736
771 1.6216716942715792 0.7037481863900832 -0.1866832205198964
772 1.4876852804439347 0.829632996495093 -0.18045062100909615
773 1.3038823783786717 0.6209678116776599 -0.47141511555528015
774 1.1955845979387518 0.734106168378833 -0.46147842955991875
775 1.3496042127735515 0.7893200341965246 -0.33774080397261397
776 1.3248152747800999 0.9264051186245121 -0.1728033314096086
777 1.1558473088694377 0.992548585707521 -0.16329872316191663
778 1.4711426901848508 0.3241307359472537 -0.47980795122106906
779 1.3937405284620819 0.4801679856847977 -0.4801679856847977
780 1.5819862097980404 0.5159591705464048 -0.34855242653302054
781 0.6563498752878218 0.12242963984095558 -0.9386199653909302
782 0.7639664000682185 0.12569131573626374 -0.8896577158044823
783 0.4492003556131103 0.1191593394715423 -1.0351081762514556
784 0.5496631612347451 0.11955534460377426 -0.9856476268733461
785 0.5688990618558126 0.24342524984309336 -0.9727215036484962
786 0.47840374690879794 0.36318590656380006 -1.004532285915832
787 0.5838915494649707 0.3670495725099967 -0.9509411219749673
788 0.23595092126659187 0.11907375651492777 -1.1625201418858409
789 0.3390454522362619 0.11589772655819508 -1.0983299923547059
790 0.0 0.1290913958087774 -1.3106869372207735
791 0.12270539675121368 0.12270539675121368 -1.2337633739686946
792 0.12506133764723856 0.24781562870235738 -1.2209770502022783
793 0.0 0.3841348119203422 -1.266322767574982
794 0.12669437400777014 0.37062980100550724 -1.200646768213065
795 0.374211187780975 0.49292671090518064 -1.035027001552624
796 0.26343926830618347 0.615672994859706 -1.0526970449944102
797 0.38171303469580425 0.607217749241321 -0.9889307839371252
798 0.13388909982608735 0.5047277999469026 -1.1630620189366563
799 0.0 0.6303782524652382 -1.179354760016211
800 0.13545973111105933 0.6227845711898259 -1.1167678278960205
801 0.13720643479552808 0.7355688253573207 -1.05190784883866
802 0.0 0.8457507405597003 -1.030550259140637
803 0.13723776299656232 0.8341470461642226 -0.9713848091607851
804 0.35414120936028703 0.2392374918487174 -1.085834968173682
805 0.24957612433306425 0.3694453984438836 -1.1327592549476757
806 0.3671029511640514 0.3671029511640514 -1.0655567976396512
807 0.9077633625205132 1.0571128252746211 -0.14934946275410785
808 0.7612557641784758 1.0886417228517218 -0.14199784679528143
809 0.631592170103414 1.0286276063064979 -0.39703543620308396
810 0.5083667560763638 1.0674473660892112 -0.3859326821026974
811 0.6339721351935285 1.0839854905104305 -0.2712692562712603
812 0.6240161905965775 1.1189763490978941 -0.13572761641424047
813 0.4983221632356592 1.1483012849990024 -0.1321898771298706
814 0.38131832588933284 0.9879081840939691 -0.6065898582046362
815 0.2582420505891775 1.0319290867167326 -0.6035267927489105
816 0.3786473136401903 1.0472968379351244 -0.49877016241156447
817 0.13512798066364093 0.9564515250261042 -0.8213235443624632
818 0.0 1.0036272708460463 -0.8236556150806015
819 0.13294681453119267 1.0192510132040629 -0.7127328419067285
820 0.1303107551044553 1.074318232701789 -0.5991118325239673
821 0.0 1.1122076618312606 -0.5944873807386011
822 0.12932274037767072 1.1233951659503825 -0.48751378804332113
823 0.3647278865178865 1.1815276511409696 -0.12467689090353
824 0.24595741413269775 1.2118217061435268 -0.12412358081190863
825 0.12406189243565573 1.175699484510114 -0.3629287793234901
826 0.0 1.205567715936641 -0.3657049684934586
827 0.12453529127638378 1.2158412459782135 -0.2467732401067093
828 0.12380082785706863 1.24477758208743 -0.12380082785706863
829 0.0 1.2777907987481223 -0.1258514089655744
830 0.3800127288592293 1.1030288510118569 -0.3800127288592293
831 0.25103496028362815 1.1393805210197714 -0.37160490080197406
832 0.37535752444152115 1.150886467976851 -0.25357001761005216
833 0.840431338510934 0.260030361076873 -0.840431338510934
834 0.6378471546558 0.5080676888391795 -0.8863559118617387
835 0.7405778250133329 0.38808908855245455 -0.8691798203298235
836 0.9042710675874732 0.40375734251539436 -0.770477046052788
837 0.9530863038028654 0.5463181879390823 -0.6858682600143814
838 0.39617788658916964 0.7560134160508092 -0.8872958154237851
839 0.5124539248994349 0.6433537992469465 -0.8940079754513582
840 0.26715796796114394 0.8634681260972755 -0.8634681260972755
841 0.3950316459353787 0.8847286490825905 -0.7538260821747329
842 0.5182513672061272 0.9041219767450729 -0.6506321248733087
843 0.9942821577660828 0.7155139789433175 -0.5699320455698
844 1.0072064324813825 0.8581823135556136 -0.44971801832392
845 0.6688076913851029 0.9293788438668813 -0.5327288450839948
846 0.8135259385754617 0.9547954384293652 -0.4263164914637392
847 0.9812800756949899 0.9812800756949899 -0.30360911202169527
848 0.6623807097927895 0.6623807097927895 -0.7948568517513475
849 0.6719493630554876 0.806339235666585 -0.6719493630554876
850 0.8217007240747458 0.6847506033956215 -0.6847506033956215
851 -0.12991610852257224 1.3062647660776698 -0.12991610852257224
852 -0.1293876684631925 1.2261703584203987 -0.37850872377441563
853 -0.1301705633584948 1.2708585519925721 -0.25793982860007986
854 -0.26807448202181283 1.3207915578505365 -0.13528506449044472
855 -0.404464189221937 1.3102524954274262 -0.13826016451729464
856 -0.13668373845599677 1.126858886048305 -0.6284120213788793
857 -0.13517876110272276 1.1742649925177493 -0.5095894944364348
858 -0.14366006855149785 1.016842633010694 -0.8731825644591962
859 -0.14031148419186903 1.0757130430768915 -0.7522151112297484
860 -0.28255997015158696 1.129102914401401 -0.6603591946228216
861 -0.4293473888103958 1.112340452654418 -0.6829930638440223
862 -0.4179058126037948 1.15588152966684 -0.5504831079382771
863 -0.5461322899091665 1.2584718412084215 -0.14487246529632491
864 -0.6566584314922395 1.177509919370938 -0.14282751801607554
865 -0.5489868858767607 1.1527398248256793 -0.41676993779231214
866 -0.6580354222914686 1.0716937817416747 -0.41365835945020624
867 -0.6562502765899978 1.1220773571536555 -0.2808018122185046
868 -0.7461386388437127 1.0670233205441058 -0.13917803333930412
869 -0.8107287204133432 0.9441135912202678 -0.13338487080692463
870 -0.27071267010879263 1.2286923811994865 -0.4007336460545418
871 -0.41547973655860704 1.2059757519457075 -0.41547973655860704
872 -0.4114807703862468 1.2616442182018937 -0.27797281098408877
873 -0.14903312244379957 0.7989721398904269 -1.142578418200218
874 -0.14775714038531396 0.8980850424177298 -1.0458421828030438
875 -0.148175844827978 0.5585851892532252 -1.2871674950920386
876 -0.14846548242211666 0.6825793248544231 -1.2239908713988692
877 -0.3170234904275749 0.7409024594069639 -1.2668183210220694
878 -0.5051135433151784 0.6653567976319891 -1.397088524480802
879 -0.4987990565003994 0.7934747123666832 -1.2922737688670825
880 -0.14055515008190222 0.27851743424615377 -1.372243538781059
881 -0.14108795436059063 0.41273656275954895 -1.3370506604061714
882 -0.13921105889370392 0.0 -1.4134336007872277
883 -0.1389638625649333 0.1389638625649333 -1.3972370285020759
884 -0.30295257212521604 0.15288645882442128 -1.492634422621145
885 -0.48455288425238324 0.0 -1.597356788246934
886 -0.4873555226803115 0.1665953539021926 -1.5787770753712556
887 -0.7203728416138477 0.5468796288406633 -1.5126089249380295
888 -0.9097403775592223 0.3892672594278793 -1.5555027021883916
889 -0.8992782213440583 0.5653099227319597 -1.464588144076018
890 -0.7079525207576498 0.18779850393384862 -1.631359889806561
891 -0.8727406988840077 0.0 -1.6327830052250856
892 -0.8983860543199695 0.19540486226177833 -1.6109722188175153
893 -1.0529394036907627 0.19640590609037703 -1.5057669451336115
894 -1.128182312111789 0.0 -1.3746941248142102
895 -1.1415161752416596 0.18780756586616854 -1.3293237411078282
896 -0.3117286364836327 0.46144922964815327 -1.414852878866801
897 -0.5041020096728128 0.3405424086281035 -1.545630881585704
898 -0.5116320775849904 0.5116320775849904 -1.4850685248715323
899 -0.8762726007844829 0.7524723412243841 -0.1238002595600987
900 -0.9055107408262156 0.6331975493037099 -0.11811101186761706
901 -0.9091977435099645 0.5582605136746446 -0.3509372298353199
902 -0.9304326862989722 0.4431141632904595 -0.3363953985431164
903 -0.9124871997232479 0.5336708502185848 -0.22835151041497143
904 -0.9272504076205107 0.5170969588043134 -0.11247198186711135
905 -0.9395972460343796 0.40775198837692384 -0.10816433468064728
906 -1.0238346974880408 0.3951854424524294 -0.6286492550356114
907 -1.03805670002968 0.25977549648921294 -0.6071105456032226
908 -0.97508161689643 0.35253809755189724 -0.4643780051726749
909 -1.1510797995838922 0.1626251669118669 -0.9884546326720253
910 -1.1434927180433963 0.0 -0.9384402211652325
911 -1.1023153196716757 0.14378137324445536 -0.7708173161360619
912 -1.040758331166611 0.12624006545481392 -0.5803965827068812
913 -1.0369202189874347 0.0 -0.5542454041413173
914 -0.9900029086180864 0.11396692188544667 -0.42962626401013565
915 -0.9424623226757218 0.29093038215424893 -0.0994502939236832
916 -0.9372033169470947 0.19021948788693588 -0.09599517078999545
917 -0.9543144663743797 0.1007009531236296 -0.2945890416174814
918 -0.9575558807043217 0.0 -0.29047140078036393
919 -0.9376774940172985 0.09604373944955504 -0.1903157292444203
920 -0.930414590464077 0.09253548441689226 -0.09253548441689226
921 -0.928310756585891 0.0 -0.09143062916769532
922 -0.9450407934676082 0.32558308015195947 -0.32558308015195947
923 -0.9521319805510587 0.20977926997424912 -0.3105344559220559
924 -0.9384082584741543 0.3060585128223288 -0.20675557950125792
925 -0.3054760758390623 0.9873141976086128 -0.9873141976086128
926 -0.6925346861857293 0.869433913605629 -1.2081701449515592
927 -0.49363173907463587 0.9419814430882452 -1.1055573550865212
928 -0.46579607314665533 1.0432154861092569 -0.8888635442892037
929 -0.6001514294947653 1.0470017661629687 -0.7534525223213271
930 -1.0630677747528803 0.5570852783310165 -1.2476704355028436
931 -0.915513776472394 0.7292389173763149 -1.2722029756565505
932 -1.1423210820396703 0.3534353727870123 -1.1423210820396703
933 -1.0876247122175244 0.4856248078693937 -0.9267020758709724
934 -1.004901102025755 0.5760189260155926 -0.7231556760210227
935 -0.7134856240015884 0.991463544590759 -0.5683163895307825
936 -0.779358363961752 0.9146946342183893 -0.40841146859913496
937 -0.9138338777420553 0.6576210875849269 -0.5238183217756607
938 -0.8613360847785181 0.7338946318711345 -0.3845868579325611
939 -0.8317268785890458 0.8317268785890458 -0.25733719180443954
940 -0.8583169234457068 0.8583169234457068 -1.0299803081348482
941 -0.9222691878509554 0.7685576565424628 -0.7685576565424628
942 -0.7791420700165335 0.9349704840198402 -0.7791420700165335
943 -0.9331879827652662 -0.09281131543104329 -0.09281131543104329
944 -0.9635147205872966 -0.10167178024704132 -0.2974290845663401
945 -0.9438678560197196 -0.09667780128750289 -0.19157215617830167
946 -0.9425835924835247 -0.19131149560684463 -0.0965462576882997
947 -0.9500791914339034 -0.2932816470115487 -0.10025403940883816
948 -1.0464059346731243 -0.12692509848791575 -0.5835460648464952
949 -0.9999921657355315 -0.11511686283580877 -0.43396124846143913
950 -1.1398545108537457 -0.16103925214380835 -0.9788152587099372
951 -1.0996095832456343 -0.14342844836712562 -0.7689252726772862
952 -1.0498885593460934 -0.2627364398829831 -0.6140304436828582
953 -1.0455942950650803 -0.40358433361832446 -0.6420099614467557
954 -1.0047779523369542 -0.3632747265879232 -0.4785207443791653
955 -0.9502395736751198 -0.412370382348155 -0.10938945564984179
956 -0.9408918931900485 -0.5247043652218341 -0.11412664268473749
957 -0.9671077879238558 -0.4605805068630894 -0.3496551814477635
958 -0.9555968594770008 -0.5867502393682095 -0.3688466201087912
959 -0.9429900480355609 -0.5515105316934129 -0.23598490131205793
960 -0.9231039395399023 -0.6454999658380021 -0.12040579469942048
961 -0.8979479082741232 -0.7710853497321093 -0.12686255854201378
962 -0.9707255644472258 -0.21387591680012866 -0.31659868711770967
963 -0.9727132986090965 -0.3351167421078923 -0.3351167421078923
964 -0.9562385412823008 -0.3118737960854323 -0.21068405138050575
965 -1.042741176132817 -0.19450361986477532 -1.4911828637497453
966 -1.1261181572446874 -0.1852742121197246 -1.311392369364412
967 -0.7136224353530733 -0.1893025616880518 -1.6444252733999465
968 -0.8968780225857999 -0.19507685546349285 -1.6082680392310662
969 -0.9102094377619228 -0.38946796479846185 -1.5563047160714591
970 -0.7433403186149752 -0.5643156627556065 -1.5608350776860769
971 -0.9099267865097169 -0.572003890636584 -1.4819306771463008
972 -0.30901386985406715 -0.15594532160001617 -1.5224981784307476
973 -0.49542259942033623 -0.16935296603936364 -1.6049101860670507
974 -0.14134592180104985 -0.14134592180104985 -1.4211878694426998
975 -0.14532688198476296 -0.2879728723835743 -1.418830079855367
976 -0.14792159160610496 -0.43272758155801166 -1.401811108833534
977 -0.5411420155986548 -0.7128150162035487 -1.496739317550929
978 -0.34516151290194896 -0.8066626654598176 -1.3792571890056116
979 -0.542374239370769 -0.8627928180122268 -1.4051670573829957
980 -0.15733828564312197 -0.5931252571211717 -1.3667593881340487
981 -0.15872992090051102 -0.7297707216174222 -1.3086137668532434
982 -0.15983801038131534 -0.8568975479819648 -1.2254152504831413
983 -0.15837642320819795 -0.9626302754911735 -1.1210066986993716
984 -0.5211042156510902 -0.3520281239490793 -1.597761470456324
985 -0.33033913068476545 -0.48899818475653334 -1.4993209328596175
986 -0.5383648058871897 -0.5383648058871897 -1.5626632166917371
987 -0.8366739891335105 -0.9743274965745562 -0.13765350744104565
988 -0.7719165736902566 -1.1038873243696605 -0.14398641892438865
989 -0.7200996864611534 -1.1727732734009586 -0.45267358693980525
990 -0.5979100712455667 -1.255466694233288 -0.45391055708086875
991 -0.7006501146784067 -1.1979935963652664 -0.29979998325504453
992 -0.6792232025995567 -1.217972723978229 -0.14773550380792028
993 -0.563479364551904 -1.2984453153438853 -0.1494741222860457
994 -0.4746831817284937 -1.2297950773481618 -0.7551118956196682
995 -0.30602408866625364 -1.2228649734239756 -0.7151962134566187
996 -0.45724333713657284 -1.2646847974341702 -0.6023001492674727
997 -0.1530921922336439 -1.0836042987716834 -0.9305121065380395
998 -0.14866516236862157 -1.139757412817228 -0.7969994921740101
999 -0.14381613673614863 -1.185660368006689 -0.6612036677820278
1000 -0.14116990149213385 -1.226308570718607 -0.5321745675443152
1001 -0.4146576899993908 -1.3432741081850184 -0.1417446635954679
1002 -0.27313626575509237 -1.3457307507649772 -0.13783951776637302
1003 -0.13371476176111635 -1.2671769984120853 -0.39116713690839927
1004 -0.13319901226147166 -1.3004253763829767 -0.26394085963815417
1005 -0.13143887283804326 -1.3215756724384047 -0.13143887283804326
1006 -0.44710648360704824 -1.2977758728595716 -0.44710648360704824
1007 -0.28581395319939235 -1.2972330648412969 -0.4230879460234567
1008 -0.4328047784277398 -1.3270259161830336 -0.29237808793342746
1009 -1.1238721545879875 -0.34772725476842214 -1.1238721545879875
1010 -0.9430773372399304 -0.7511942628115352 -1.3105054511946752
1011 -1.0594298909013915 -0.5551788979608527 -1.2434008298981107
1012 -1.0905802148806458 -0.48694444082441324 -0.9292202886537371
1013 -1.04028969534 -0.5963040062816819 -0.7486223235050454
1014 -0.5451519378901842 -1.0402957680938458 -1.2209440497160524
1015 -0.746869366317981 -0.9376477006320657 -1.3029603983218772
1016 -0.33552077651180456 -1.084420196681115 -1.084420196681115
1017 -0.5179887866499897 -1.1601083714891627 -0.988461207269154
1018 -0.6696733990052147 -1.1682871972846545 -0.8407329997309896
1019 -0.974474150993957 -0.7012595687341441 -0.5585779065760337
1020 -0.9233505791067946 -0.7867335936771152 -0.41227635096723547
1021 -0.7914494309781318 -1.0998024792720573 -0.6304173034167297
1022 -0.8494814314449458 -0.9969946344849665 -0.44515844700827784
1023 -0.8797263449177897 -0.8797263449177897 -0.2721882783703864
1024 -0.9154284249984107 -0.9154284249984107 -1.0985141099980928
1025 -0.8568924190499998 -1.0282709028599997 -0.8568924190499998
1026 -0.9832994500690363 -0.8194162083908636 -0.8194162083908636
$EndNodes
$Elements
2048
1 2 2 1 2 1 259 261
2 2 2 1 2 259 67 260
3 2 2 1 2 261 260 69
4 2 2 1 2 259 260 261
5 2 2 1 2 67 262 264
6 2 2 1 2 262 19 263
7 2 2 1 2 264 263 68
8 2 2 1 2 262 263 264
9 2 2 1 2 69 265 267
10 2 2 1 2 265 68 266
11 2 2 1 2 267 266 21
12 2 2 1 2 265 266 267
13 2 2 1 2 67 264 260
14 2 2 1 2 264 68 265
15 2 2 1 2 260 265 69
16 2 2 1 2 264 265 260
17 2 2 1 2 19 268 270
18 2 2 1 2 268 70 269
19 2 2 1 2 270 269 72
20 2 2 1 2 268 269 270
21 2 2 1 2 70 271 273
22 2 2 1 2 271 7 272
23 2 2 1 2 273 272 71
24 2 2 1 2 271 272 273
25 2 2 1 2 72 274 276
26 2 2 1 2 274 71 275
27 2 2 1 2 276 275 20
28 2 2 1 2 274 275 276
29 2 2 1 2 70 273 269
30 2 2 1 2 273 71 274
31 2 2 1 2 269 274 72
32 2 2 1 2 273 274 269
33 2 2 1 2 21 277 279
34 2 2 1 2 277 73 278
35 2 2 1 2 279 278 75
36 2 2 1 2 277 278 279
37 2 2 1 2 73 280 282
38 2 2 1 2 280 20 281
39 2 2 1 2 282 281 74
40 2 2 1 2 280 281 282
41 2 2 1 2 75 283 285
42 2 2 1 2 283 74 284
43 2 2 1 2 285 284 9
44 2 2 1 2 283 284 285
45 2 2 1 2 73 282 278
46 2 2 1 2 282 74 283
47 2 2 1 2 278 283 75
48 2 2 1 2 282 283 278
49 2 2 1 2 19 270 263
50 2 2 1 2 270 72 286
51 2 2 1 2 263 286 68
52 2 2 1 2 270 286 263
53 2 2 1 2 72 276 287
54 2 2 1 2 276 20 280
55 2 2 1 2 287 280 73
56 2 2 1 2 276 280 287
57 2 2 1 2 68 288 266
58 2 2 1 2 288 73 277
59 2 2 1 2 266 277 21
60 2 2 1 2 288 277 266
61 2 2 1 2 72 287 286
62 2 2 1 2 287 73 288
63 2 2 1 2 286 288 68
64 2 2 1 2 287 288 286
65 2 2 1 2 7 289 291
66 2 2 1 2 289 76 290
67 2 2 1 2 291 290 78
68 2 2 1 2 289 290 291
69 2 2 1 2 76 292 294
70 2 2 1 2 292 22 293
71 2 2 1 2 294 293 77
72 2 2 1 2 292 293 294
73 2 2 1 2 78 295 297
74 2 2 1 2 295 77 296
75 2 2 1 2 297 296 24
76 2 2 1 2 295 296 297
77 2 2 1 2 76 294 290
78 2 2 1 2 294 77 295
79 2 2 1 2 290 295 78
80 2 2 1 2 294 295 290
81 2 2 1 2 22 298 300
82 2 2 1 2 298 79 299
83 2 2 1 2 300 299 81
84 2 2 1 2 298 299 300
85 2 2 1 2 79 301 303
86 2 2 1 2 301 2 302
87 2 2 1 2 303 302 80
88 2 2 1 2 301 302 303
89 2 2 1 2 81 304 306
90 2 2 1 2 304 80 305
91 2 2 1 2 306 305 23
92 2 2 1 2 304 305 306
93 2 2 1 2 79 303 299
94 2 2 1 2 303 80 304
95 2 2 1 2 299 304 81
96 2 2 1 2 303 304 299
97 2 2 1 2 24 307 309
98 2 2 1 2 307 82 308
99 2 2 1 2 309 308 84
100 2 2 1 2 307 308 309
101 2 2 1 2 82 310 312
102 2 2 1 2 310 23 311
103 2 2 1 2 312 311 83
104 2 2 1 2 310 311 312
105 2 2 1 2 84 313 315
106 2 2 1 2 313 83 314
107 2 2 1 2 315 314 8
108 2 2 1 2 313 314 315
109 2 2 1 2 82 312 308
110 2 2 1 2 312 83 313
111 2 2 1 2 308 313 84
112 2 2 1 2 312 313 308
113 2 2 1 2 22 300 293
114 2 2 1 2 300 81 316
115 2 2 1 2 293 316 77
116 2 2 1 2 300 316 293
117 2 2 1 2 81 306 317
118 2 2 1 2 306 23 310
119 2 2 1 2 317 310 82
120 2 2 1 2 306 310 317
121 2 2 1 2 77 318 296
122 2 2 1 2 318 82 307
123 2 2 1 2 296 307 24
124 2 2 1 2 318 307 296
125 2 2 1 2 81 317 316
126 2 2 1 2 317 82 318
127 2 2 1 2 316 318 77
128 2 2 1 2 317 318 316
129 2 2 1 2 9 319 321
130 2 2 1 2 319 85 320
131 2 2 1 2 321 320 87
132 2 2 1 2 319 320 321
133 2 2 1 2 85 322 324
134 2 2 1 2 322 25 323
135 2 2 1 2 324 323 86
136 2 2 1 2 322 323 324
137 2 2 1 2 87 325 327
138 2 2 1 2 325 86 326
139 2 2 1 2 327 326 27
140 2 2 1 2 325 326 327
141 2 2 1 2 85 324 320
142 2 2 1 2 324 86 325
143 2 2 1 2 320 325 87
144 2 2 1 2 324 325 320
145 2 2 1 2 25 328 330
146 2 2 1 2 328 88 329
147 2 2 1 2 330 329 90
148 2 2 1 2 328 329 330
149 2 2 1 2 88 331 333
150 2 2 1 2 331 8 332
151 2 2 1 2 333 332 89
152 2 2 1 2 331 332 333
153 2 2 1 2 90 334 336
154 2 2 1 2 334 89 335
155 2 2 1 2 336 335 26
156 2 2 1 2 334 335 336
157 2 2 1 2 88 333 329
158 2 2 1 2 333 89 334
159 2 2 1 2 329 334 90
160 2 2 1 2 333 334 329
161 2 2 1 2 27 337 339
162 2 2 1 2 337 91 338
163 2 2 1 2 339 338 93
164 2 2 1 2 337 338 339
165 2 2 1 2 91 340 342
166 2 2 1 2 340 26 341
167 2 2 1 2 342 341 92
168 2 2 1 2 340 341 342
169 2 2 1 2 93 343 345
170 2 2 1 2 343 92 344
171 2 2 1 2 345 344 3
172 2 2 1 2 343 344 345
173 2 2 1 2 91 342 338
174 2 2 1 2 342 92 343
175 2 2 1 2 338 343 93
176 2 2 1 2 342 343 338
177 2 2 1 2 25 330 323
178 2 2 1 2 330 90 346
179 2 2 1 2 323 346 86
180 2 2 1 2 330 346 323
181 2 2 1 2 90 336 347
182 2 2 1 2 336 26 340
183 2 2 1 2 347 340 91
184 2 2 1 2 336 340 347
185 2 2 1 2 86 348 326
186 2 2 1 2 348 91 337
187 2 2 1 2 326 337 27
188 2 2 1 2 348 337 326
189 2 2 1 2 90 347 346
190 2 2 1 2 347 91 348
191 2 2 1 2 346 348 86
192 2 2 1 2 347 348 346
193 2 2 1 2 7 291 272
194 2 2 1 2 291 78 349
195 2 2 1 2 272 349 71
196 2 2 1 2 291 349 272
197 2 2 1 2 78 297 351
198 2 2 1 2 297 24 350
199 2 2 1 2 351 350 94
200 2 2 1 2 297 350 351
201 2 2 1 2 71 352 275
202 2 2 1 2 352 94 353
203 2 2 1 2 275 353 20
204 2 2 1 2 352 353 275
205 2 2 1 2 78 351 349
206 2 2 1 2 351 94 352
207 2 2 1 2 349 352 71
208 2 2 1 2 351 352 349
209 2 2 1 2 24 309 355
210 2 2 1 2 309 84 354
211 2 2 1 2 355 354 95
212 2 2 1 2 309 354 355
213 2 2 1 2 84 315 356
214 2 2 1 2 315 8 331
215 2 2 1 2 356 331 88
216 2 2 1 2 315 331 356
217 2 2 1 2 95 357 358
218 2 2 1 2 357 88 328
219 2 2 1 2 358 328 25
220 2 2 1 2 357 328 358
221 2 2 1 2 84 356 354
222 2 2 1 2 356 88 357
223 2 2 1 2 354 357 95
224 2 2 1 2 356 357 354
225 2 2 1 2 20 359 281
226 2 2 1 2 359 96 360
227 2 2 1 2 281 360 74
228 2 2 1 2 359 360 281
229 2 2 1 2 96 361 362
230 2 2 1 2 361 25 322
231 2 2 1 2 362 322 85
232 2 2 1 2 361 322 362
233 2 2 1 2 74 363 284
234 2 2 1 2 363 85 319
235 2 2 1 2 284 319 9
236 2 2 1 2 363 319 284
237 2 2 1 2 96 362 360
238 2 2 1 2 362 85 363
239 2 2 1 2 360 363 74
240 2 2 1 2 362 363 360
241 2 2 1 2 24 355 350
242 2 2 1 2 355 95 364
243 2 2 1 2 350 364 94
244 2 2 1 2 355 364 350
245 2 2 1 2 95 358 365
246 2 2 1 2 358 25 361
247 2 2 1 2 365 361 96
248 2 2 1 2 358 361 365
249 2 2 1 2 94 366 353
250 2 2 1 2 366 96 359
251 2 2 1 2 353 359 20
252 2 2 1 2 366 359 353
253 2 2 1 2 95 365 364
254 2 2 1 2 365 96 366
255 2 2 1 2 364 366 94
256 2 2 1 2 365 366 364
257 2 2 1 2 2 367 302
258 2 2 1 2 367 97 368
259 2 2 1 2 302 368 80
260 2 2 1 2 367 368 302
261 2 2 1 2 97 369 371
262 2 2 1 2 369 28 370
263 2 2 1 2 371 370 98
264 2 2 1 2 369 370 371
265 2 2 1 2 80 372 305
266 2 2 1 2 372 98 373
267 2 2 1 2 305 373 23
268 2 2 1 2 372 373 305
269 2 2 1 2 97 371 368
270 2 2 1 2 371 98 372
271 2 2 1 2 368 372 80
272 2 2 1 2 371 372 368
273 2 2 1 2 28 374 376
274 2 2 1 2 374 99 375
275 2 2 1 2 376 375 101
276 2 2 1 2 374 375 376
277 2 2 1 2 99 377 379
278 2 2 1 2 377 10 378
279 2 2 1 2 379 378 100
280 2 2 1 2 377 378 379
281 2 2 1 2 101 380 382
282 2 2 1 2 380 100 381
283 2 2 1 2 382 381 29
284 2 2 1 2 380 381 382
285 2 2 1 2 99 379 375
286 2 2 1 2 379 100 380
287 2 2 1 2 375 380 101
288 2 2 1 2 379 380 375
289 2 2 1 2 23 383 311
290 2 2 1 2 383 102 384
291 2 2 1 2 311 384 83
292 2 2 1 2 383 384 311
293 2 2 1 2 102 385 387
294 2 2 1 2 385 29 386
295 2 2 1 2 387 386 103
296 2 2 1 2 385 386 387
297 2 2 1 2 83 388 314
298 2 2 1 2 388 103 389
299 2 2 1 2 314 389 8
300 2 2 1 2 388 389 314
301 2 2 1 2 102 387 384
302 2 2 1 2 387 103 388
303 2 2 1 2 384 388 83
304 2 2 1 2 387 388 384
305 2 2 1 2 28 376 370
306 2 2 1 2 376 101 390
307 2 2 1 2 370 390 98
308 2 2 1 2 376 390 370
309 2 2 1 2 101 382 391
310 2 2 1 2 382 29 385
311 2 2 1 2 391 385 102
312 2 2 1 2 382 385 391
313 2 2 1 2 98 392 373
314 2 2 1 2 392 102 383
315 2 2 1 2 373 383 23
316 2 2 1 2 392 383 373
317 2 2 1 2 101 391 390
318 2 2 1 2 391 102 392
319 2 2 1 2 390 392 98
320 2 2 1 2 391 392 390
321 2 2 1 2 10 393 395
322 2 2 1 2 393 104 394
323 2 2 1 2 395 394 106
324 2 2 1 2 393 394 395
325 2 2 1 2 104 396 398
326 2 2 1 2 396 30 397
327 2 2 1 2 398 397 105
328 2 2 1 2 396 397 398
329 2 2 1 2 106 399 401
330 2 2 1 2 399 105 400
331 2 2 1 2 401 400 32
332 2 2 1 2 399 400 401
333 2 2 1 2 104 398 394
334 2 2 1 2 398 105 399
335 2 2 1 2 394 399 106
336 2 2 1 2 398 399 394
337 2 2 1 2 30 402 404
338 2 2 1 2 402 107 403
339 2 2 1 2 404 403 109
340 2 2 1 2 402 403 404
341 2 2 1 2 107 405 407
342 2 2 1 2 405 4 406
343 2 2 1 2 407 406 108
344 2 2 1 2 405 406 407
345 2 2 1 2 109 408 410
346 2 2 1 2 408 108 409
347 2 2 1 2 410 409 31
348 2 2 1 2 408 409 410
349 2 2 1 2 107 407 403
350 2 2 1 2 407 108 408
351 2 2 1 2 403 408 109
352 2 2 1 2 407 408 403
353 2 2 1 2 32 411 413
354 2 2 1 2 411 110 412
355 2 2 1 2 413 412 112
356 2 2 1 2 411 412 413
357 2 2 1 2 110 414 416
358 2 2 1 2 414 31 415
359 2 2 1 2 416 415 111
360 2 2 1 2 414 415 416
361 2 2 1 2 112 417 419
362 2 2 1 2 417 111 418
363 2 2 1 2 419 418 11
364 2 2 1 2 417 418 419
365 2 2 1 2 110 416 412
366 2 2 1 2 416 111 417
367 2 2 1 2 412 417 112
368 2 2 1 2 416 417 412
369 2 2 1 2 30 404 397
370 2 2 1 2 404 109 420
371 2 2 1 2 397 420 105
372 2 2 1 2 404 420 397
373 2 2 1 2 109 410 421
374 2 2 1 2 410 31 414
375 2 2 1 2 421 414 110
376 2 2 1 2 410 414 421
377 2 2 1 2 105 422 400
378 2 2 1 2 422 110 411
379 2 2 1 2 400 411 32
380 2 2 1 2 422 411 400
381 2 2 1 2 109 421 420
382 2 2 1 2 421 110 422
383 2 2 1 2 420 422 105
384 2 2 1 2 421 422 420
385 2 2 1 2 8 423 332
386 2 2 1 2 423 113 424
387 2 2 1 2 332 424 89
388 2 2 1 2 423 424 332
389 2 2 1 2 113 425 427
390 2 2 1 2 425 33 426
391 2 2 1 2 427 426 114
392 2 2 1 2 425 426 427
393 2 2 1 2 89 428 335
394 2 2 1 2 428 114 429
395 2 2 1 2 335 429 26
396 2 2 1 2 428 429 335
397 2 2 1 2 113 427 424
398 2 2 1 2 427 114 428
399 2 2 1 2 424 428 89
400 2 2 1 2 427 428 424
401 2 2 1 2 33 430 432
402 2 2 1 2 430 115 431
403 2 2 1 2 432 431 117
404 2 2 1 2 430 431 432
405 2 2 1 2 115 433 435
406 2 2 1 2 433 11 434
407 2 2 1 2 435 434 116
408 2 2 1 2 433 434 435
409 2 2 1 2 117 436 438
410 2 2 1 2 436 116 437
411 2 2 1 2 438 437 34
412 2 2 1 2 436 437 438
413 2 2 1 2 115 435 431
414 2 2 1 2 435 116 436
415 2 2 1 2 431 436 117
416 2 2 1 2 435 436 431
417 2 2 1 2 26 439 341
418 2 2 1 2 439 118 440
419 2 2 1 2 341 440 92
420 2 2 1 2 439 440 341
421 2 2 1 2 118 441 443
422 2 2 1 2 441 34 442
423 2 2 1 2 443 442 119
424 2 2 1 2 441 442 443
425 2 2 1 2 92 444 344
426 2 2 1 2 444 119 445
427 2 2 1 2 344 445 3
428 2 2 1 2 444 445 344
429 2 2 1 2 118 443 440
430 2 2 1 2 443 119 444
431 2 2 1 2 440 444 92
432 2 2 1 2 443 444 440
433 2 2 1 2 33 432 426
434 2 2 1 2 432 117 446
435 2 2 1 2 426 446 114
436 2 2 1 2 432 446 426
437 2 2 1 2 117 438 447
438 2 2 1 2 438 34 441
439 2 2 1 2 447 441 118
440 2 2 1 2 438 441 447
441 2 2 1 2 114 448 429
442 2 2 1 2 448 118 439
443 2 2 1 2 429 439 26
444 2 2 1 2 448 439 429
445 2 2 1 2 117 447 446
446 2 2 1 2 447 118 448
447 2 2 1 2 446 448 114
448 2 2 1 2 447 448 446
449 2 2 1 2 10 395 378
450 2 2 1 2 395 106 449
451 2 2 1 2 378 449 100
452 2 2 1 2 395 449 378
453 2 2 1 2 106 401 451
454 2 2 1 2 401 32 450
455 2 2 1 2 451 450 120
456 2 2 1 2 401 450 451
457 2 2 1 2 100 452 381
458 2 2 1 2 452 120 453
459 2 2 1 2 381 453 29
460 2 2 1 2 452 453 381
461 2 2 1 2 106 451 449
462 2 2 1 2 451 120 452
463 2 2 1 2 449 452 100
464 2 2 1 2 451 452 449
465 2 2 1 2 32 413 455
466 2 2 1 2 413 112 454
467 2 2 1 2 455 454 121
468 2 2 1 2 413 454 455
469 2 2 1 2 112 419 456
470 2 2 1 2 419 11 433
471 2 2 1 2 456 433 115
472 2 2 1 2 419 433 456
473 2 2 1 2 121 457 458
474 2 2 1 2 457 115 430
475 2 2 1 2 458 430 33
476 2 2 1 2 457 430 458
477 2 2 1 2 112 456 454
478 2 2 1 2 456 115 457
479 2 2 1 2 454 457 121
480 2 2 1 2 456 457 454
481 2 2 1 2 29 459 386
482 2 2 1 2 459 122 460
483 2 2 1 2 386 460 103
484 2 2 1 2 459 460 386
485 2 2 1 2 122 461 462
486 2 2 1 2 461 33 425
487 2 2 1 2 462 425 113
488 2 2 1 2 461 425 462
489 2 2 1 2 103 463 389
490 2 2 1 2 463 113 423
491 2 2 1 2 389 423 8
492 2 2 1 2 463 423 389
493 2 2 1 2 122 462 460
494 2 2 1 2 462 113 463
495 2 2 1 2 460 463 103
496 2 2 1 2 462 463 460
497 2 2 1 2 32 455 450
498 2 2 1 2 455 121 464
499 2 2 1 2 450 464 120
500 2 2 1 2 455 464 450
501 2 2 1 2 121 458 465
502 2 2 1 2 458 33 461
503 2 2 1 2 465 461 122
504 2 2 1 2 458 461 465
505 2 2 1 2 120 466 453
506 2 2 1 2 466 122 459
507 2 2 1 2 453 459 29
508 2 2 1 2 466 459 453
509 2 2 1 2 121 465 464
510 2 2 1 2 465 122 466
511 2 2 1 2 464 466 120
512 2 2 1 2 465 466 464
513 2 2 1 2 4 467 406
514 2 2 1 2 467 123 468
515 2 2 1 2 406 468 108
516 2 2 1 2 467 468 406
517 2 2 1 2 123 469 471
518 2 2 1 2 469 35 470
519 2 2 1 2 471 470 124
520 2 2 1 2 469 470 471
521 2 2 1 2 108 472 409
522 2 2 1 2 472 124 473
523 2 2 1 2 409 473 31
524 2 2 1 2 472 473 409
525 2 2 1 2 123 471 468
526 2 2 1 2 471 124 472
527 2 2 1 2 468 472 108
528 2 2 1 2 471 472 468
529 2 2 1 2 35 474 476
530 2 2 1 2 474 125 475
531 2 2 1 2 476 475 127
532 2 2 1 2 474 475 476
533 2 2 1 2 125 477 479
534 2 2 1 2 477 12 478
535 2 2 1 2 479 478 126
536 2 2 1 2 477 478 479
537 2 2 1 2 127 480 482
538 2 2 1 2 480 126 481
539 2 2 1 2 482 481 36
540 2 2 1 2 480 481 482
541 2 2 1 2 125 479 475
542 2 2 1 2 479 126 480
543 2 2 1 2 475 480 127
544 2 2 1 2 479 480 475
545 2 2 1 2 31 483 415
546 2 2 1 2 483 128 484
547 2 2 1 2 415 484 111
548 2 2 1 2 483 484 415
549 2 2 1 2 128 485 487
550 2 2 1 2 485 36 486
551 2 2 1 2 487 486 129
552 2 2 1 2 485 486 487
553 2 2 1 2 111 488 418
554 2 2 1 2 488 129 489
555 2 2 1 2 418 489 11
556 2 2 1 2 488 489 418
557 2 2 1 2 128 487 484
558 2 2 1 2 487 129 488
559 2 2 1 2 484 488 111
560 2 2 1 2 487 488 484
561 2 2 1 2 35 476 470
562 2 2 1 2 476 127 490
563 2 2 1 2 470 490 124
564 2 2 1 2 476 490 470
565 2 2 1 2 127 482 491
566 2 2 1 2 482 36 485
567 2 2 1 2 491 485 128
568 2 2 1 2 482 485 491
569 2 2 1 2 124 492 473
570 2 2 1 2 492 128 483
571 2 2 1 2 473 483 31
572 2 2 1 2 492 483 473
573 2 2 1 2 127 491 490
574 2 2 1 2 491 128 492
575 2 2 1 2 490 492 124
576 2 2 1 2 491 492 490
577 2 2 1 2 12 493 495
578 2 2 1 2 493 130 494
579 2 2 1 2 495 494 132
580 2 2 1 2 493 494 495
581 2 2 1 2 130 496 498
582 2 2 1 2 496 37 497
583 2 2 1 2 498 497 131
584 2 2 1 2 496 497 498
585 2 2 1 2 132 499 501
586 2 2 1 2 499 131 500
587 2 2 1 2 501 500 39
588 2 2 1 2 499 500 501
589 2 2 1 2 130 498 494
590 2 2 1 2 498 131 499
591 2 2 1 2 494 499 132
592 2 2 1 2 498 499 494
593 2 2 1 2 37 502 504
594 2 2 1 2 502 133 503
595 2 2 1 2 504 503 135
596 2 2 1 2 502 503 504
597 2 2 1 2 133 505 507
598 2 2 1 2 505 5 506
599 2 2 1 2 507 506 134
600 2 2 1 2 505 506 507
601 2 2 1 2 135 508 510
602 2 2 1 2 508 134 509
603 2 2 1 2 510 509 38
604 2 2 1 2 508 509 510
605 2 2 1 2 133 507 503
606 2 2 1 2 507 134 508
607 2 2 1 2 503 508 135
608 2 2 1 2 507 508 503
609 2 2 1 2 39 511 513
610 2 2 1 2 511 136 512
611 2 2 1 2 513 512 138
612 2 2 1 2 511 512 513
613 2 2 1 2 136 514 516
614 2 2 1 2 514 38 515
615 2 2 1 2 516 515 137
616 2 2 1 2 514 515 516
617 2 2 1 2 138 517 519
618 2 2 1 2 517 137 518
619 2 2 1 2 519 518 13
620 2 2 1 2 517 518 519
621 2 2 1 2 136 516 512
622 2 2 1 2 516 137 517
623 2 2 1 2 512 517 138
624 2 2 1 2 516 517 512
625 2 2 1 2 37 504 497
626 2 2 1 2 504 135 520
627 2 2 1 2 497 520 131
628 2 2 1 2 504 520 497
629 2 2 1 2 135 510 521
630 2 2 1 2 510 38 514
631 2 2 1 2 521 514 136
632 2 2 1 2 510 514 521
633 2 2 1 2 131 522 500
634 2 2 1 2 522 136 511
635 2 2 1 2 500 511 39
636 2 2 1 2 522 511 500
637 2 2 1 2 135 521 520
638 2 2 1 2 521 136 522
639 2 2 1 2 520 522 131
640 2 2 1 2 521 522 520
641 2 2 1 2 11 523 434
642 2 2 1 2 523 139 524
643 2 2 1 2 434 524 116
644 2 2 1 2 523 524 434
645 2 2 1 2 139 525 527
646 2 2 1 2 525 40 526
647 2 2 1 2 527 526 140
648 2 2 1 2 525 526 527
649 2 2 1 2 116 528 437
650 2 2 1 2 528 140 529
651 2 2 1 2 437 529 34
652 2 2 1 2 528 529 437
653 2 2 1 2 139 527 524
654 2 2 1 2 527 140 528
655 2 2 1 2 524 528 116
656 2 2 1 2 527 528 524
657 2 2 1 2 40 530 532
658 2 2 1 2 530 141 531
659 2 2 1 2 532 531 143
660 2 2 1 2 530 531 532
661 2 2 1 2 141 533 535
662 2 2 1 2 533 13 534
663 2 2 1 2 535 534 142
664 2 2 1 2 533 534 535
665 2 2 1 2 143 536 538
666 2 2 1 2 536 142 537
667 2 2 1 2 538 537 41
668 2 2 1 2 536 537 538
669 2 2 1 2 141 535 531
670 2 2 1 2 535 142 536
671 2 2 1 2 531 536 143
672 2 2 1 2 535 536 531
673 2 2 1 2 34 539 442
674 2 2 1 2 539 144 540
675 2 2 1 2 442 540 119
676 2 2 1 2 539 540 442
677 2 2 1 2 144 541 543
678 2 2 1 2 541 41 542
679 2 2 1 2 543 542 145
680 2 2 1 2 541 542 543
681 2 2 1 2 119 544 445
682 2 2 1 2 544 145 545
683 2 2 1 2 445 545 3
684 2 2 1 2 544 545 445
685 2 2 1 2 144 543 540
686 2 2 1 2 543 145 544
687 2 2 1 2 540 544 119
688 2 2 1 2 543 544 540
689 2 2 1 2 40 532 526
690 2 2 1 2 532 143 546
691 2 2 1 2 526 546 140
692 2 2 1 2 532 546 526
693 2 2 1 2 143 538 547
694 2 2 1 2 538 41 541
695 2 2 1 2 547 541 144
696 2 2 1 2 538 541 547
697 2 2 1 2 140 548 529
698 2 2 1 2 548 144 539
699 2 2 1 2 529 539 34
700 2 2 1 2 548 539 529
701 2 2 1 2 143 547 546
702 2 2 1 2 547 144 548
703 2 2 1 2 546 548 140
704 2 2 1 2 547 548 546
705 2 2 1 2 12 495 478
706 2 2 1 2 495 132 549
707 2 2 1 2 478 549 126
708 2 2 1 2 495 549 478
709 2 2 1 2 132 501 551
710 2 2 1 2 501 39 550
711 2 2 1 2 551 550 146
712 2 2 1 2 501 550 551
713 2 2 1 2 126 552 481
714 2 2 1 2 552 146 553
715 2 2 1 2 481 553 36
716 2 2 1 2 552 553 481
717 2 2 1 2 132 551 549
718 2 2 1 2 551 146 552
719 2 2 1 2 549 552 126
720 2 2 1 2 551 552 549
721 2 2 1 2 39 513 555
722 2 2 1 2 513 138 554
723 2 2 1 2 555 554 147
724 2 2 1 2 513 554 555
725 2 2 1 2 138 519 556
726 2 2 1 2 519 13 533
727 2 2 1 2 556 533 141
728 2 2 1 2 519 533 556
729 2 2 1 2 147 557 558
730 2 2 1 2 557 141 530
731 2 2 1 2 558 530 40
732 2 2 1 2 557 530 558
733 2 2 1 2 138 556 554
734 2 2 1 2 556 141 557
735 2 2 1 2 554 557 147
736 2 2 1 2 556 557 554
737 2 2 1 2 36 559 486
738 2 2 1 2 559 148 560
739 2 2 1 2 486 560 129
740 2 2 1 2 559 560 486
741 2 2 1 2 148 561 562
742 2 2 1 2 561 40 525
743 2 2 1 2 562 525 139
744 2 2 1 2 561 525 562
745 2 2 1 2 129 563 489
746 2 2 1 2 563 139 523
747 2 2 1 2 489 523 11
748 2 2 1 2 563 523 489
749 2 2 1 2 148 562 560
750 2 2 1 2 562 139 563
751 2 2 1 2 560 563 129
752 2 2 1 2 562 563 560
753 2 2 1 2 39 555 550
754 2 2 1 2 555 147 564
755 2 2 1 2 550 564 146
756 2 2 1 2 555 564 550
757 2 2 1 2 147 558 565
758 2 2 1 2 558 40 561
759 2 2 1 2 565 561 148
760 2 2 1 2 558 561 565
761 2 2 1 2 146 566 553
762 2 2 1 2 566 148 559
763 2 2 1 2 553 559 36
764 2 2 1 2 566 559 553
765 2 2 1 2 147 565 564
766 2 2 1 2 565 148 566
767 2 2 1 2 564 566 146
768 2 2 1 2 565 566 564
769 2 2 1 2 5 567 506
770 2 2 1 2 567 149 568
771 2 2 1 2 506 568 134
772 2 2 1 2 567 568 506
773 2 2 1 2 149 569 571
774 2 2 1 2 569 42 570
775 2 2 1 2 571 570 150
776 2 2 1 2 569 570 571
777 2 2 1 2 134 572 509
778 2 2 1 2 572 150 573
779 2 2 1 2 509 573 38
780 2 2 1 2 572 573 509
781 2 2 1 2 149 571 568
782 2 2 1 2 571 150 572
783 2 2 1 2 568 572 134
784 2 2 1 2 571 572 568
785 2 2 1 2 42 574 576
786 2 2 1 2 574 151 575
787 2 2 1 2 576 575 153
788 2 2 1 2 574 575 576
789 2 2 1 2 151 577 579
790 2 2 1 2 577 14 578
791 2 2 1 2 579 578 152
792 2 2 1 2 577 578 579
793 2 2 1 2 153 580 582
794 2 2 1 2 580 152 581
795 2 2 1 2 582 581 43
796 2 2 1 2 580 581 582
797 2 2 1 2 151 579 575
798 2 2 1 2 579 152 580
799 2 2 1 2 575 580 153
800 2 2 1 2 579 580 575
801 2 2 1 2 38 583 515
802 2 2 1 2 583 154 584
803 2 2 1 2 515 584 137
804 2 2 1 2 583 584 515
805 2 2 1 2 154 585 587
806 2 2 1 2 585 43 586
807 2 2 1 2 587 586 155
808 2 2 1 2 585 586 587
809 2 2 1 2 137 588 518
810 2 2 1 2 588 155 589
811 2 2 1 2 518 589 13
812 2 2 1 2 588 589 518
813 2 2 1 2 154 587 584
814 2 2 1 2 587 155 588
815 2 2 1 2 584 588 137
816 2 2 1 2 587 588 584
817 2 2 1 2 42 576 570
818 2 2 1 2 576 153 590
819 2 2 1 2 570 590 150
820 2 2 1 2 576 590 570
821 2 2 1 2 153 582 591
822 2 2 1 2 582 43 585
823 2 2 1 2 591 585 154
824 2 2 1 2 582 585 591
825 2 2 1 2 150 592 573
826 2 2 1 2 592 154 583
827 2 2 1 2 573 583 38
828 2 2 1 2 592 583 573
829 2 2 1 2 153 591 590
830 2 2 1 2 591 154 592
831 2 2 1 2 590 592 150
832 2 2 1 2 591 592 590
833 2 2 1 2 14 593 595
834 2 2 1 2 593 156 594
835 2 2 1 2 595 594 158
836 2 2 1 2 593 594 595
837 2 2 1 2 156 596 598
838 2 2 1 2 596 44 597
839 2 2 1 2 598 597 157
840 2 2 1 2 596 597 598
841 2 2 1 2 158 599 601
842 2 2 1 2 599 157 600
843 2 2 1 2 601 600 45
844 2 2 1 2 599 600 601
845 2 2 1 2 156 598 594
846 2 2 1 2 598 157 599
847 2 2 1 2 594 599 158
848 2 2 1 2 598 599 594
849 2 2 1 2 44 602 604
850 2 2 1 2 602 159 603
851 2 2 1 2 604 603 160
852 2 2 1 2 602 603 604
853 2 2 1 2 159 605 606
854 2 2 1 2 605 1 261
855 2 2 1 2 606 261 69
856 2 2 1 2 605 261 606
857 2 2 1 2 160 607 608
858 2 2 1 2 607 69 267
859 2 2 1 2 608 267 21
860 2 2 1 2 607 267 608
861 2 2 1 2 159 606 603
862 2 2 1 2 606 69 607
863 2 2 1 2 603 607 160
864 2 2 1 2 606 607 603
865 2 2 1 2 45 609 611
866 2 2 1 2 609 161 610
867 2 2 1 2 611 610 162
868 2 2 1 2 609 610 611
869 2 2 1 2 161 612 613
870 2 2 1 2 612 21 279
871 2 2 1 2 613 279 75
872 2 2 1 2 612 279 613
873 2 2 1 2 162 614 615
874 2 2 1 2 614 75 285
875 2 2 1 2 615 285 9
876 2 2 1 2 614 285 615
877 2 2 1 2 161 613 610
878 2 2 1 2 613 75 614
879 2 2 1 2 610 614 162
880 2 2 1 2 613 614 610
881 2 2 1 2 44 604 597
882 2 2 1 2 604 160 616
883 2 2 1 2 597 616 157
884 2 2 1 2 604 616 597
885 2 2 1 2 160 608 617
886 2 2 1 2 608 21 612
887 2 2 1 2 617 612 161
888 2 2 1 2 608 612 617
889 2 2 1 2 157 618 600
890 2 2 1 2 618 161 609
891 2 2 1 2 600 609 45
892 2 2 1 2 618 609 600
893 2 2 1 2 160 617 616
894 2 2 1 2 617 161 618
895 2 2 1 2 616 618 157
896 2 2 1 2 617 618 616
897 2 2 1 2 13 619 534
898 2 2 1 2 619 163 620
899 2 2 1 2 534 620 142
900 2 2 1 2 619 620 534
901 2 2 1 2 163 621 623
902 2 2 1 2 621 46 622
903 2 2 1 2 623 622 164
904 2 2 1 2 621 622 623
905 2 2 1 2 142 624 537
906 2 2 1 2 624 164 625
907 2 2 1 2 537 625 41
908 2 2 1 2 624 625 537
909 2 2 1 2 163 623 620
910 2 2 1 2 623 164 624
911 2 2 1 2 620 624 142
912 2 2 1 2 623 624 620
913 2 2 1 2 46 626 628
914 2 2 1 2 626 165 627
915 2 2 1 2 628 627 166
916 2 2 1 2 626 627 628
917 2 2 1 2 165 629 630
918 2 2 1 2 629 9 321
919 2 2 1 2 630 321 87
920 2 2 1 2 629 321 630
921 2 2 1 2 166 631 632
922 2 2 1 2 631 87 327
923 2 2 1 2 632 327 27
924 2 2 1 2 631 327 632
925 2 2 1 2 165 630 627
926 2 2 1 2 630 87 631
927 2 2 1 2 627 631 166
928 2 2 1 2 630 631 627
929 2 2 1 2 41 633 542
930 2 2 1 2 633 167 634
931 2 2 1 2 542 634 145
932 2 2 1 2 633 634 542
933 2 2 1 2 167 635 636
934 2 2 1 2 635 27 339
935 2 2 1 2 636 339 93
936 2 2 1 2 635 339 636
937 2 2 1 2 145 637 545
938 2 2 1 2 637 93 345
939 2 2 1 2 545 345 3
940 2 2 1 2 637 345 545
941 2 2 1 2 167 636 634
942 2 2 1 2 636 93 637
943 2 2 1 2 634 637 145
944 2 2 1 2 636 637 634
945 2 2 1 2 46 628 622
946 2 2 1 2 628 166 638
947 2 2 1 2 622 638 164
948 2 2 1 2 628 638 622
949 2 2 1 2 166 632 639
950 2 2 1 2 632 27 635
951 2 2 1 2 639 635 167
952 2 2 1 2 632 635 639
953 2 2 1 2 164 640 625
954 2 2 1 2 640 167 633
955 2 2 1 2 625 633 41
956 2 2 1 2 640 633 625
957 2 2 1 2 166 639 638
958 2 2 1 2 639 167 640
959 2 2 1 2 638 640 164
960 2 2 1 2 639 640 638
961 2 2 1 2 14 595 578
962 2 2 1 2 595 158 641
963 2 2 1 2 578 641 152
964 2 2 1 2 595 641 578
965 2 2 1 2 158 601 643
966 2 2 1 2 601 45 642
967 2 2 1 2 643 642 168
968 2 2 1 2 601 642 643
969 2 2 1 2 152 644 581
970 2 2 1 2 644 168 645
971 2 2 1 2 581 645 43
972 2 2 1 2 644 645 581
973 2 2 1 2 158 643 641
974 2 2 1 2 643 168 644
975 2 2 1 2 641 644 152
976 2 2 1 2 643 644 641
977 2 2 1 2 45 611 647
978 2 2 1 2 611 162 646
979 2 2 1 2 647 646 169
980 2 2 1 2 611 646 647
981 2 2 1 2 162 615 648
982 2 2 1 2 615 9 629
983 2 2 1 2 648 629 165
984 2 2 1 2 615 629 648
985 2 2 1 2 169 649 650
986 2 2 1 2 649 165 626
987 2 2 1 2 650 626 46
988 2 2 1 2 649 626 650
989 2 2 1 2 162 648 646
990 2 2 1 2 648 165 649
991 2 2 1 2 646 649 169
992 2 2 1 2 648 649 646
993 2 2 1 2 43 651 586
994 2 2 1 2 651 170 652
995 2 2 1 2 586 652 155
996 2 2 1 2 651 652 586
997 2 2 1 2 170 653 654
998 2 2 1 2 653 46 621
999 2 2 1 2 654 621 163
1000 2 2 1 2 653 621 654
1001 2 2 1 2 155 655 589
1002 2 2 1 2 655 163 619
1003 2 2 1 2 589 619 13
1004 2 2 1 2 655 619 589
1005 2 2 1 2 170 654 652
1006 2 2 1 2 654 163 655
1007 2 2 1 2 652 655 155
1008 2 2 1 2 654 655 652
1009 2 2 1 2 45 647 642
1010 2 2 1 2 647 169 656
1011 2 2 1 2 642 656 168
1012 2 2 1 2 647 656 642
1013 2 2 1 2 169 650 657
1014 2 2 1 2 650 46 653
1015 2 2 1 2 657 653 170
1016 2 2 1 2 650 653 657
1017 2 2 1 2 168 658 645
1018 2 2 1 2 658 170 651
1019 2 2 1 2 645 651 43
1020 2 2 1 2 658 651 645
1021 2 2 1 2 169 657 656
1022 2 2 1 2 657 170 658
1023 2 2 1 2 656 658 168
1024 2 2 1 2 657 658 656
1025 2 2 1 2 5 659 567
1026 2 2 1 2 659 171 660
1027 2 2 1 2 567 660 149
1028 2 2 1 2 659 660 567
1029 2 2 1 2 171 661 663
1030 2 2 1 2 661 47 662
1031 2 2 1 2 663 662 172
1032 2 2 1 2 661 662 663
1033 2 2 1 2 149 664 569
1034 2 2 1 2 664 172 665
1035 2 2 1 2 569 665 42
1036 2 2 1 2 664 665 569
1037 2 2 1 2 171 663 660
1038 2 2 1 2 663 172 664
1039 2 2 1 2 660 664 149
1040 2 2 1 2 663 664 660
1041 2 2 1 2 47 666 668
1042 2 2 1 2 666 173 667
1043 2 2 1 2 668 667 175
1044 2 2 1 2 666 667 668
1045 2 2 1 2 173 669 671
1046 2 2 1 2 669 15 670
1047 2 2 1 2 671 670 174
1048 2 2 1 2 669 670 671
1049 2 2 1 2 175 672 674
1050 2 2 1 2 672 174 673
1051 2 2 1 2 674 673 48
1052 2 2 1 2 672 673 674
1053 2 2 1 2 173 671 667
1054 2 2 1 2 671 174 672
1055 2 2 1 2 667 672 175
1056 2 2 1 2 671 672 667
1057 2 2 1 2 42 675 574
1058 2 2 1 2 675 176 676
1059 2 2 1 2 574 676 151
1060 2 2 1 2 675 676 574
1061 2 2 1 2 176 677 679
1062 2 2 1 2 677 48 678
1063 2 2 1 2 679 678 177
1064 2 2 1 2 677 678 679
1065 2 2 1 2 151 680 577
1066 2 2 1 2 680 177 681
1067 2 2 1 2 577 681 14
1068 2 2 1 2 680 681 577
1069 2 2 1 2 176 679 676
1070 2 2 1 2 679 177 680
1071 2 2 1 2 676 680 151
1072 2 2 1 2 679 680 676
1073 2 2 1 2 47 668 662
1074 2 2 1 2 668 175 682
1075 2 2 1 2 662 682 172
1076 2 2 1 2 668 682 662
1077 2 2 1 2 175 674 683
1078 2 2 1 2 674 48 677
1079 2 2 1 2 683 677 176
1080 2 2 1 2 674 677 683
1081 2 2 1 2 172 684 665
1082 2 2 1 2 684 176 675
1083 2 2 1 2 665 675 42
1084 2 2 1 2 684 675 665
1085 2 2 1 2 175 683 682
1086 2 2 1 2 683 176 684
1087 2 2 1 2 682 684 172
1088 2 2 1 2 683 684 682
1089 2 2 1 2 15 685 687
1090 2 2 1 2 685 178 686
1091 2 2 1 2 687 686 180
1092 2 2 1 2 685 686 687
1093 2 2 1 2 178 688 690
1094 2 2 1 2 688 49 689
1095 2 2 1 2 690 689 179
1096 2 2 1 2 688 689 690
1097 2 2 1 2 180 691 693
1098 2 2 1 2 691 179 692
1099 2 2 1 2 693 692 51
1100 2 2 1 2 691 692 693
1101 2 2 1 2 178 690 686
1102 2 2 1 2 690 179 691
1103 2 2 1 2 686 691 180
1104 2 2 1 2 690 691 686
1105 2 2 1 2 49 694 696
1106 2 2 1 2 694 181 695
1107 2 2 1 2 696 695 183
1108 2 2 1 2 694 695 696
1109 2 2 1 2 181 697 699
1110 2 2 1 2 697 6 698
1111 2 2 1 2 699 698 182
1112 2 2 1 2 697 698 699
1113 2 2 1 2 183 700 702
1114 2 2 1 2 700 182 701
1115 2 2 1 2 702 701 50
1116 2 2 1 2 700 701 702
1117 2 2 1 2 181 699 695
1118 2 2 1 2 699 182 700
1119 2 2 1 2 695 700 183
1120 2 2 1 2 699 700 695
1121 2 2 1 2 51 703 705
1122 2 2 1 2 703 184 704
1123 2 2 1 2 705 704 186
1124 2 2 1 2 703 704 705
1125 2 2 1 2 184 706 708
1126 2 2 1 2 706 50 707
1127 2 2 1 2 708 707 185
1128 2 2 1 2 706 707 708
1129 2 2 1 2 186 709 711
1130 2 2 1 2 709 185 710
1131 2 2 1 2 711 710 16
1132 2 2 1 2 709 710 711
1133 2 2 1 2 184 708 704
1134 2 2 1 2 708 185 709
1135 2 2 1 2 704 709 186
1136 2 2 1 2 708 709 704
1137 2 2 1 2 49 696 689
1138 2 2 1 2 696 183 712
1139 2 2 1 2 689 712 179
1140 2 2 1 2 696 712 689
1141 2 2 1 2 183 702 713
1142 2 2 1 2 702 50 706
1143 2 2 1 2 713 706 184
1144 2 2 1 2 702 706 713
1145 2 2 1 2 179 714 692
1146 2 2 1 2 714 184 703
1147 2 2 1 2 692 703 51
1148 2 2 1 2 714 703 692
1149 2 2 1 2 183 713 712
1150 2 2 1 2 713 184 714
1151 2 2 1 2 712 714 179
1152 2 2 1 2 713 714 712
1153 2 2 1 2 14 715 593
1154 2 2 1 2 715 187 716
1155 2 2 1 2 593 716 156
1156 2 2 1 2 715 716 593
1157 2 2 1 2 187 717 719
1158 2 2 1 2 717 52 718
1159 2 2 1 2 719 718 188
1160 2 2 1 2 717 718 719
1161 2 2 1 2 156 720 596
1162 2 2 1 2 720 188 721
1163 2 2 1 2 596 721 44
1164 2 2 1 2 720 721 596
1165 2 2 1 2 187 719 716
1166 2 2 1 2 719 188 720
1167 2 2 1 2 716 720 156
1168 2 2 1 2 719 720 716
1169 2 2 1 2 52 722 724
1170 2 2 1 2 722 189 723
1171 2 2 1 2 724 723 191
1172 2 2 1 2 722 723 724
1173 2 2 1 2 189 725 727
1174 2 2 1 2 725 16 726
1175 2 2 1 2 727 726 190
1176 2 2 1 2 725 726 727
1177 2 2 1 2 191 728 730
1178 2 2 1 2 728 190 729
1179 2 2 1 2 730 729 53
1180 2 2 1 2 728 729 730
1181 2 2 1 2 189 727 723
1182 2 2 1 2 727 190 728
1183 2 2 1 2 723 728 191
1184 2 2 1 2 727 728 723
1185 2 2 1 2 44 731 602
1186 2 2 1 2 731 192 732
1187 2 2 1 2 602 732 159
1188 2 2 1 2 731 732 602
1189 2 2 1 2 192 733 735
1190 2 2 1 2 733 53 734
1191 2 2 1 2 735 734 193
1192 2 2 1 2 733 734 735
1193 2 2 1 2 159 736 605
1194 2 2 1 2 736 193 737
1195 2 2 1 2 605 737 1
1196 2 2 1 2 736 737 605
1197 2 2 1 2 192 735 732
1198 2 2 1 2 735 193 736
1199 2 2 1 2 732 736 159
1200 2 2 1 2 735 736 732
1201 2 2 1 2 52 724 718
1202 2 2 1 2 724 191 738
1203 2 2 1 2 718 738 188
1204 2 2 1 2 724 738 718
1205 2 2 1 2 191 730 739
1206 2 2 1 2 730 53 733
1207 2 2 1 2 739 733 192
1208 2 2 1 2 730 733 739
1209 2 2 1 2 188 740 721
1210 2 2 1 2 740 192 731
1211 2 2 1 2 721 731 44
1212 2 2 1 2 740 731 721
1213 2 2 1 2 191 739 738
1214 2 2 1 2 739 192 740
1215 2 2 1 2 738 740 188
1216 2 2 1 2 739 740 738
1217 2 2 1 2 15 687 670
1218 2 2 1 2 687 180 741
1219 2 2 1 2 670 741 174
1220 2 2 1 2 687 741 670
1221 2 2 1 2 180 693 743
1222 2 2 1 2 693 51 742
1223 2 2 1 2 743 742 194
1224 2 2 1 2 693 742 743
1225 2 2 1 2 174 744 673
1226 2 2 1 2 744 194 745
1227 2 2 1 2 673 745 48
1228 2 2 1 2 744 745 673
1229 2 2 1 2 180 743 741
1230 2 2 1 2 743 194 744
1231 2 2 1 2 741 744 174
1232 2 2 1 2 743 744 741
1233 2 2 1 2 51 705 747
1234 2 2 1 2 705 186 746
1235 2 2 1 2 747 746 195
1236 2 2 1 2 705 746 747
1237 2 2 1 2 186 711 748
1238 2 2 1 2 711 16 725
1239 2 2 1 2 748 725 189
1240 2 2 1 2 711 725 748
1241 2 2 1 2 195 749 750
1242 2 2 1 2 749 189 722
1243 2 2 1 2 750 722 52
1244 2 2 1 2 749 722 750
1245 2 2 1 2 186 748 746
1246 2 2 1 2 748 189 749
1247 2 2 1 2 746 749 195
1248 2 2 1 2 748 749 746
1249 2 2 1 2 48 751 678
1250 2 2 1 2 751 196 752
1251 2 2 1 2 678 752 177
1252 2 2 1 2 751 752 678
1253 2 2 1 2 196 753 754
1254 2 2 1 2 753 52 717
1255 2 2 1 2 754 717 187
1256 2 2 1 2 753 717 754
1257 2 2 1 2 177 755 681
1258 2 2 1 2 755 187 715
1259 2 2 1 2 681 715 14
1260 2 2 1 2 755 715 681
1261 2 2 1 2 196 754 752
1262 2 2 1 2 754 187 755
1263 2 2 1 2 752 755 177
1264 2 2 1 2 754 755 752
1265 2 2 1 2 51 747 742
1266 2 2 1 2 747 195 756
1267 2 2 1 2 742 756 194
1268 2 2 1 2 747 756 742
1269 2 2 1 2 195 750 757
1270 2 2 1 2 750 52 753
1271 2 2 1 2 757 753 196
1272 2 2 1 2 750 753 757
1273 2 2 1 2 194 758 745
1274 2 2 1 2 758 196 751
1275 2 2 1 2 745 751 48
1276 2 2 1 2 758 751 745
1277 2 2 1 2 195 757 756
1278 2 2 1 2 757 196 758
1279 2 2 1 2 756 758 194
1280 2 2 1 2 757 758 756
1281 2 2 1 2 1 737 259
1282 2 2 1 2 737 193 759
1283 2 2 1 2 259 759 67
1284 2 2 1 2 737 759 259
1285 2 2 1 2 193 734 761
1286 2 2 1 2 734 53 760
1287 2 2 1 2 761 760 197
1288 2 2 1 2 734 760 761
1289 2 2 1 2 67 762 262
1290 2 2 1 2 762 197 763
1291 2 2 1 2 262 763 19
1292 2 2 1 2 762 763 262
1293 2 2 1 2 193 761 759
1294 2 2 1 2 761 197 762
1295 2 2 1 2 759 762 67
1296 2 2 1 2 761 762 759
1297 2 2 1 2 53 729 765
1298 2 2 1 2 729 190 764
1299 2 2 1 2 765 764 199
1300 2 2 1 2 729 764 765
1301 2 2 1 2 190 726 767
1302 2 2 1 2 726 16 766
1303 2 2 1 2 767 766 198
1304 2 2 1 2 726 766 767
1305 2 2 1 2 199 768 770
1306 2 2 1 2 768 198 769
1307 2 2 1 2 770 769 54
1308 2 2 1 2 768 769 770
1309 2 2 1 2 190 767 764
1310 2 2 1 2 767 198 768
1311 2 2 1 2 764 768 199
1312 2 2 1 2 767 768 764
1313 2 2 1 2 19 771 268
1314 2 2 1 2 771 200 772
1315 2 2 1 2 268 772 70
1316 2 2 1 2 771 772 268
1317 2 2 1 2 200 773 775
1318 2 2 1 2 773 54 774
1319 2 2 1 2 775 774 201
1320 2 2 1 2 773 774 775
1321 2 2 1 2 70 776 271
1322 2 2 1 2 776 201 777
1323 2 2 1 2 271 777 7
1324 2 2 1 2 776 777 271
1325 2 2 1 2 200 775 772
1326 2 2 1 2 775 201 776
1327 2 2 1 2 772 776 70
1328 2 2 1 2 775 776 772
1329 2 2 1 2 53 765 760
1330 2 2 1 2 765 199 778
1331 2 2 1 2 760 778 197
1332 2 2 1 2 765 778 760
1333 2 2 1 2 199 770 779
1334 2 2 1 2 770 54 773
1335 2 2 1 2 779 773 200
1336 2 2 1 2 770 773 779
1337 2 2 1 2 197 780 763
1338 2 2 1 2 780 200 771
1339 2 2 1 2 763 771 19
1340 2 2 1 2 780 771 763
1341 2 2 1 2 199 779 778
1342 2 2 1 2 779 200 780
1343 2 2 1 2 778 780 197
1344 2 2 1 2 779 780 778
1345 2 2 1 2 16 710 782
1346 2 2 1 2 710 185 781
1347 2 2 1 2 782 781 203
1348 2 2 1 2 710 781 782
1349 2 2 1 2 185 707 784
1350 2 2 1 2 707 50 783
1351 2 2 1 2 784 783 202
1352 2 2 1 2 707 783 784
1353 2 2 1 2 203 785 787
1354 2 2 1 2 785 202 786
1355 2 2 1 2 787 786 56
1356 2 2 1 2 785 786 787
1357 2 2 1 2 185 784 781
1358 2 2 1 2 784 202 785
1359 2 2 1 2 781 785 203
1360 2 2 1 2 784 785 781
1361 2 2 1 2 50 701 789
1362 2 2 1 2 701 182 788
1363 2 2 1 2 789 788 205
1364 2 2 1 2 701 788 789
1365 2 2 1 2 182 698 791
1366 2 2 1 2 698 6 790
1367 2 2 1 2 791 790 204
1368 2 2 1 2 698 790 791
1369 2 2 1 2 205 792 794
1370 2 2 1 2 792 204 793
1371 2 2 1 2 794 793 55
1372 2 2 1 2 792 793 794
1373 2 2 1 2 182 791 788
1374 2 2 1 2 791 204 792
1375 2 2 1 2 788 792 205
1376 2 2 1 2 791 792 788
1377 2 2 1 2 56 795 797
1378 2 2 1 2 795 206 796
1379 2 2 1 2 797 796 208
1380 2 2 1 2 795 796 797
1381 2 2 1 2 206 798 800
1382 2 2 1 2 798 55 799
1383 2 2 1 2 800 799 207
1384 2 2 1 2 798 799 800
1385 2 2 1 2 208 801 803
1386 2 2 1 2 801 207 802
1387 2 2 1 2 803 802 17
1388 2 2 1 2 801 802 803
1389 2 2 1 2 206 800 796
1390 2 2 1 2 800 207 801
1391 2 2 1 2 796 801 208
1392 2 2 1 2 800 801 796
1393 2 2 1 2 50 789 783
1394 2 2 1 2 789 205 804
1395 2 2 1 2 783 804 202
1396 2 2 1 2 789 804 783
1397 2 2 1 2 205 794 805
1398 2 2 1 2 794 55 798
1399 2 2 1 2 805 798 206
1400 2 2 1 2 794 798 805
1401 2 2 1 2 202 806 786
1402 2 2 1 2 806 206 795
1403 2 2 1 2 786 795 56
1404 2 2 1 2 806 795 786
1405 2 2 1 2 205 805 804
1406 2 2 1 2 805 206 806
1407 2 2 1 2 804 806 202
1408 2 2 1 2 805 806 804
1409 2 2 1 2 7 807 289
1410 2 2 1 2 807 209 808
1411 2 2 1 2 289 808 76
1412 2 2 1 2 807 808 289
1413 2 2 1 2 209 809 811
1414 2 2 1 2 809 57 810
1415 2 2 1 2 811 810 210
1416 2 2 1 2 809 810 811
1417 2 2 1 2 76 812 292
1418 2 2 1 2 812 210 813
1419 2 2 1 2 292 813 22
1420 2 2 1 2 812 813 292
1421 2 2 1 2 209 811 808
1422 2 2 1 2 811 210 812
1423 2 2 1 2 808 812 76
1424 2 2 1 2 811 812 808
1425 2 2 1 2 57 814 816
1426 2 2 1 2 814 211 815
1427 2 2 1 2 816 815 213
1428 2 2 1 2 814 815 816
1429 2 2 1 2 211 817 819
1430 2 2 1 2 817 17 818
1431 2 2 1 2 819 818 212
1432 2 2 1 2 817 818 819
1433 2 2 1 2 213 820 822
1434 2 2 1 2 820 212 821
1435 2 2 1 2 822 821 58
1436 2 2 1 2 820 821 822
1437 2 2 1 2 211 819 815
1438 2 2 1 2 819 212 820
1439 2 2 1 2 815 820 213
1440 2 2 1 2 819 820 815
1441 2 2 1 2 22 823 298
1442 2 2 1 2 823 214 824
1443 2 2 1 2 298 824 79
1444 2 2 1 2 823 824 298
1445 2 2 1 2 214 825 827
1446 2 2 1 2 825 58 826
1447 2 2 1 2 827 826 215
1448 2 2 1 2 825 826 827
1449 2 2 1 2 79 828 301
1450 2 2 1 2 828 215 829
1451 2 2 1 2 301 829 2
1452 2 2 1 2 828 829 301
1453 2 2 1 2 214 827 824
1454 2 2 1 2 827 215 828
1455 2 2 1 2 824 828 79
1456 2 2 1 2 827 828 824
1457 2 2 1 2 57 816 810
1458 2 2 1 2 816 213 830
1459 2 2 1 2 810 830 210
1460 2 2 1 2 816 830 810
1461 2 2 1 2 213 822 831
1462 2 2 1 2 822 58 825
1463 2 2 1 2 831 825 214
1464 2 2 1 2 822 825 831
1465 2 2 1 2 210 832 813
1466 2 2 1 2 832 214 823
1467 2 2 1 2 813 823 22
1468 2 2 1 2 832 823 813
1469 2 2 1 2 213 831 830
1470 2 2 1 2 831 214 832
1471 2 2 1 2 830 832 210
1472 2 2 1 2 831 832 830
1473 2 2 1 2 16 782 766
1474 2 2 1 2 782 203 833
1475 2 2 1 2 766 833 198
1476 2 2 1 2 782 833 766
1477 2 2 1 2 203 787 835
1478 2 2 1 2 787 56 834
1479 2 2 1 2 835 834 216
1480 2 2 1 2 787 834 835
1481 2 2 1 2 198 836 769
1482 2 2 1 2 836 216 837
1483 2 2 1 2 769 837 54
1484 2 2 1 2 836 837 769
1485 2 2 1 2 203 835 833
1486 2 2 1 2 835 216 836
1487 2 2 1 2 833 836 198
1488 2 2 1 2 835 836 833
1489 2 2 1 2 56 797 839
1490 2 2 1 2 797 208 838
1491 2 2 1 2 839 838 217
1492 2 2 1 2 797 838 839
1493 2 2 1 2 208 803 840
1494 2 2 1 2 803 17 817
1495 2 2 1 2 840 817 211
1496 2 2 1 2 803 817 840
1497 2 2 1 2 217 841 842
1498 2 2 1 2 841 211 814
1499 2 2 1 2 842 814 57
1500 2 2 1 2 841 814 842
1501 2 2 1 2 208 840 838
1502 2 2 1 2 840 211 841
1503 2 2 1 2 838 841 217
1504 2 2 1 2 840 841 838
1505 2 2 1 2 54 843 774
1506 2 2 1 2 843 218 844
1507 2 2 1 2 774 844 201
1508 2 2 1 2 843 844 774
1509 2 2 1 2 218 845 846
1510 2 2 1 2 845 57 809
1511 2 2 1 2 846 809 209
1512 2 2 1 2 845 809 846
1513 2 2 1 2 201 847 777
1514 2 2 1 2 847 209 807
1515 2 2 1 2 777 807 7
1516 2 2 1 2 847 807 777
1517 2 2 1 2 218 846 844
1518 2 2 1 2 846 209 847
1519 2 2 1 2 844 847 201
1520 2 2 1 2 846 847 844
1521 2 2 1 2 56 839 834
1522 2 2 1 2 839 217 848
1523 2 2 1 2 834 848 216
1524 2 2 1 2 839 848 834
1525 2 2 1 2 217 842 849
1526 2 2 1 2 842 57 845
1527 2 2 1 2 849 845 218
1528 2 2 1 2 842 845 849
1529 2 2 1 2 216 850 837
1530 2 2 1 2 850 218 843
1531 2 2 1 2 837 843 54
1532 2 2 1 2 850 843 837
1533 2 2 1 2 217 849 848
1534 2 2 1 2 849 218 850
1535 2 2 1 2 848 850 216
1536 2 2 1 2 849 850 848
1537 2 2 1 2 2 829 367
1538 2 2 1 2 829 215 851
1539 2 2 1 2 367 851 97
1540 2 2 1 2 829 851 367
1541 2 2 1 2 215 826 853
1542 2 2 1 2 826 58 852
1543 2 2 1 2 853 852 219
1544 2 2 1 2 826 852 853
1545 2 2 1 2 97 854 369
1546 2 2 1 2 854 219 855
1547 2 2 1 2 369 855 28
1548 2 2 1 2 854 855 369
1549 2 2 1 2 215 853 851
1550 2 2 1 2 853 219 854
1551 2 2 1 2 851 854 97
1552 2 2 1 2 853 854 851
1553 2 2 1 2 58 821 857
1554 2 2 1 2 821 212 856
1555 2 2 1 2 857 856 221
1556 2 2 1 2 821 856 857
1557 2 2 1 2 212 818 859
1558 2 2 1 2 818 17 858
1559 2 2 1 2 859 858 220
1560 2 2 1 2 818 858 859
1561 2 2 1 2 221 860 862
1562 2 2 1 2 860 220 861
1563 2 2 1 2 862 861 59
1564 2 2 1 2 860 861 862
1565 2 2 1 2 212 859 856
1566 2 2 1 2 859 220 860
1567 2 2 1 2 856 860 221
1568 2 2 1 2 859 860 856
1569 2 2 1 2 28 863 374
1570 2 2 1 2 863 222 864
1571 2 2 1 2 374 864 99
1572 2 2 1 2 863 864 374
1573 2 2 1 2 222 865 867
1574 2 2 1 2 865 59 866
1575 2 2 1 2 867 866 223
1576 2 2 1 2 865 866 867
1577 2 2 1 2 99 868 377
1578 2 2 1 2 868 223 869
1579 2 2 1 2 377 869 10
1580 2 2 1 2 868 869 377
1581 2 2 1 2 222 867 864
1582 2 2 1 2 867 223 868
1583 2 2 1 2 864 868 99
1584 2 2 1 2 867 868 864
1585 2 2 1 2 58 857 852
1586 2 2 1 2 857 221 870
1587 2 2 1 2 852 870 219
1588 2 2 1 2 857 870 852
1589 2 2 1 2 221 862 871
1590 2 2 1 2 862 59 865
1591 2 2 1 2 871 865 222
1592 2 2 1 2 862 865 871
1593 2 2 1 2 219 872 855
1594 2 2 1 2 872 222 863
1595 2 2 1 2 855 863 28
1596 2 2 1 2 872 863 855
1597 2 2 1 2 221 871 870
1598 2 2 1 2 871 222 872
1599 2 2 1 2 870 872 219
1600 2 2 1 2 871 872 870
1601 2 2 1 2 17 802 874
1602 2 2 1 2 802 207 873
1603 2 2 1 2 874 873 225
1604 2 2 1 2 802 873 874
1605 2 2 1 2 207 799 876
1606 2 2 1 2 799 55 875
1607 2 2 1 2 876 875 224
1608 2 2 1 2 799 875 876
1609 2 2 1 2 225 877 879
1610 2 2 1 2 877 224 878
1611 2 2 1 2 879 878 61
1612 2 2 1 2 877 878 879
1613 2 2 1 2 207 876 873
1614 2 2 1 2 876 224 877
1615 2 2 1 2 873 877 225
1616 2 2 1 2 876 877 873
1617 2 2 1 2 55 793 881
1618 2 2 1 2 793 204 880
1619 2 2 1 2 881 880 227
1620 2 2 1 2 793 880 881
1621 2 2 1 2 204 790 883
1622 2 2 1 2 790 6 882
1623 2 2 1 2 883 882 226
1624 2 2 1 2 790 882 883
1625 2 2 1 2 227 884 886
1626 2 2 1 2 884 226 885
1627 2 2 1 2 886 885 60
1628 2 2 1 2 884 885 886
1629 2 2 1 2 204 883 880
1630 2 2 1 2 883 226 884
1631 2 2 1 2 880 884 227
1632 2 2 1 2 883 884 880
1633 2 2 1 2 61 887 889
1634 2 2 1 2 887 228 888
1635 2 2 1 2 889 888 230
1636 2 2 1 2 887 888 889
1637 2 2 1 2 228 890 892
1638 2 2 1 2 890 60 891
1639 2 2 1 2 892 891 229
1640 2 2 1 2 890 891 892
1641 2 2 1 2 230 893 895
1642 2 2 1 2 893 229 894
1643 2 2 1 2 895 894 18
1644 2 2 1 2 893 894 895
1645 2 2 1 2 228 892 888
1646 2 2 1 2 892 229 893
1647 2 2 1 2 888 893 230
1648 2 2 1 2 892 893 888
1649 2 2 1 2 55 881 875
1650 2 2 1 2 881 227 896
1651 2 2 1 2 875 896 224
1652 2 2 1 2 881 896 875
1653 2 2 1 2 227 886 897
1654 2 2 1 2 886 60 890
1655 2 2 1 2 897 890 228
1656 2 2 1 2 886 890 897
1657 2 2 1 2 224 898 878
1658 2 2 1 2 898 228 887
1659 2 2 1 2 878 887 61
1660 2 2 1 2 898 887 878
1661 2 2 1 2 227 897 896
1662 2 2 1 2 897 228 898
1663 2 2 1 2 896 898 224
1664 2 2 1 2 897 898 896
1665 2 2 1 2 10 899 393
1666 2 2 1 2 899 231 900
1667 2 2 1 2 393 900 104
1668 2 2 1 2 899 900 393
1669 2 2 1 2 231 901 903
1670 2 2 1 2 901 62 902
1671 2 2 1 2 903 902 232
1672 2 2 1 2 901 902 903
1673 2 2 1 2 104 904 396
1674 2 2 1 2 904 232 905
1675 2 2 1 2 396 905 30
1676 2 2 1 2 904 905 396
1677 2 2 1 2 231 903 900
1678 2 2 1 2 903 232 904
1679 2 2 1 2 900 904 104
1680 2 2 1 2 903 904 900
1681 2 2 1 2 62 906 908
1682 2 2 1 2 906 233 907
1683 2 2 1 2 908 907 235
1684 2 2 1 2 906 907 908
1685 2 2 1 2 233 909 911
1686 2 2 1 2 909 18 910
1687 2 2 1 2 911 910 234
1688 2 2 1 2 909 910 911
1689 2 2 1 2 235 912 914
1690 2 2 1 2 912 234 913
1691 2 2 1 2 914 913 63
1692 2 2 1 2 912 913 914
1693 2 2 1 2 233 911 907
1694 2 2 1 2 911 234 912
1695 2 2 1 2 907 912 235
1696 2 2 1 2 911 912 907
1697 2 2 1 2 30 915 402
1698 2 2 1 2 915 236 916
1699 2 2 1 2 402 916 107
1700 2 2 1 2 915 916 402
1701 2 2 1 2 236 917 919
1702 2 2 1 2 917 63 918
1703 2 2 1 2 919 918 237
1704 2 2 1 2 917 918 919
1705 2 2 1 2 107 920 405
1706 2 2 1 2 920 237 921
1707 2 2 1 2 405 921 4
1708 2 2 1 2 920 921 405
1709 2 2 1 2 236 919 916
1710 2 2 1 2 919 237 920
1711 2 2 1 2 916 920 107
1712 2 2 1 2 919 920 916
1713 2 2 1 2 62 908 902
1714 2 2 1 2 908 235 922
1715 2 2 1 2 902 922 232
1716 2 2 1 2 908 922 902
1717 2 2 1 2 235 914 923
1718 2 2 1 2 914 63 917
1719 2 2 1 2 923 917 236
1720 2 2 1 2 914 917 923
1721 2 2 1 2 232 924 905
1722 2 2 1 2 924 236 915
1723 2 2 1 2 905 915 30
1724 2 2 1 2 924 915 905
1725 2 2 1 2 235 923 922
1726 2 2 1 2 923 236 924
1727 2 2 1 2 922 924 232
1728 2 2 1 2 923 924 922
1729 2 2 1 2 17 874 858
1730 2 2 1 2 874 225 925
1731 2 2 1 2 858 925 220
1732 2 2 1 2 874 925 858
1733 2 2 1 2 225 879 927
1734 2 2 1 2 879 61 926
1735 2 2 1 2 927 926 238
1736 2 2 1 2 879 926 927
1737 2 2 1 2 220 928 861
1738 2 2 1 2 928 238 929
1739 2 2 1 2 861 929 59
1740 2 2 1 2 928 929 861
1741 2 2 1 2 225 927 925
1742 2 2 1 2 927 238 928
1743 2 2 1 2 925 928 220
1744 2 2 1 2 927 928 925
1745 2 2 1 2 61 889 931
1746 2 2 1 2 889 230 930
1747 2 2 1 2 931 930 239
1748 2 2 1 2 889 930 931
1749 2 2 1 2 230 895 932
1750 2 2 1 2 895 18 909
1751 2 2 1 2 932 909 233
1752 2 2 1 2 895 909 932
1753 2 2 1 2 239 933 934
1754 2 2 1 2 933 233 906
1755 2 2 1 2 934 906 62
1756 2 2 1 2 933 906 934
1757 2 2 1 2 230 932 930
1758 2 2 1 2 932 233 933
1759 2 2 1 2 930 933 239
1760 2 2 1 2 932 933 930
1761 2 2 1 2 59 935 866
1762 2 2 1 2 935 240 936
1763 2 2 1 2 866 936 223
1764 2 2 1 2 935 936 866
1765 2 2 1 2 240 937 938
1766 2 2 1 2 937 62 901
1767 2 2 1 2 938 901 231
1768 2 2 1 2 937 901 938
1769 2 2 1 2 223 939 869
1770 2 2 1 2 939 231 899
1771 2 2 1 2 869 899 10
1772 2 2 1 2 939 899 869
1773 2 2 1 2 240 938 936
1774 2 2 1 2 938 231 939
1775 2 2 1 2 936 939 223
1776 2 2 1 2 938 939 936
1777 2 2 1 2 61 931 926
1778 2 2 1 2 931 239 940
1779 2 2 1 2 926 940 238
1780 2 2 1 2 931 940 926
1781 2 2 1 2 239 934 941
1782 2 2 1 2 934 62 937
1783 2 2 1 2 941 937 240
1784 2 2 1 2 934 937 941
1785 2 2 1 2 238 942 929
1786 2 2 1 2 942 240 935
1787 2 2 1 2 929 935 59
1788 2 2 1 2 942 935 929
1789 2 2 1 2 239 941 940
1790 2 2 1 2 941 240 942
1791 2 2 1 2 940 942 238
1792 2 2 1 2 941 942 940
1793 2 2 1 2 4 921 467
1794 2 2 1 2 921 237 943
1795 2 2 1 2 467 943 123
1796 2 2 1 2 921 943 467
1797 2 2 1 2 237 918 945
1798 2 2 1 2 918 63 944
1799 2 2 1 2 945 944 241
1800 2 2 1 2 918 944 945
1801 2 2 1 2 123 946 469
1802 2 2 1 2 946 241 947
1803 2 2 1 2 469 947 35
1804 2 2 1 2 946 947 469
1805 2 2 1 2 237 945 943
1806 2 2 1 2 945 241 946
1807 2 2 1 2 943 946 123
1808 2 2 1 2 945 946 943
1809 2 2 1 2 63 913 949
1810 2 2 1 2 913 234 948
1811 2 2 1 2 949 948 243
1812 2 2 1 2 913 948 949
1813 2 2 1 2 234 910 951
1814 2 2 1 2 910 18 950
1815 2 2 1 2 951 950 242
1816 2 2 1 2 910 950 951
1817 2 2 1 2 243 952 954
1818 2 2 1 2 952 242 953
1819 2 2 1 2 954 953 64
1820 2 2 1 2 952 953 954
1821 2 2 1 2 234 951 948
1822 2 2 1 2 951 242 952
1823 2 2 1 2 948 952 243
1824 2 2 1 2 951 952 948
1825 2 2 1 2 35 955 474
1826 2 2 1 2 955 244 956
1827 2 2 1 2 474 956 125
1828 2 2 1 2 955 956 474
1829 2 2 1 2 244 957 959
1830 2 2 1 2 957 64 958
1831 2 2 1 2 959 958 245
1832 2 2 1 2 957 958 959
1833 2 2 1 2 125 960 477
1834 2 2 1 2 960 245 961
1835 2 2 1 2 477 961 12
1836 2 2 1 2 960 961 477
1837 2 2 1 2 244 959 956
1838 2 2 1 2 959 245 960
1839 2 2 1 2 956 960 125
1840 2 2 1 2 959 960 956
1841 2 2 1 2 63 949 944
1842 2 2 1 2 949 243 962
1843 2 2 1 2 944 962 241
1844 2 2 1 2 949 962 944
1845 2 2 1 2 243 954 963
1846 2 2 1 2 954 64 957
1847 2 2 1 2 963 957 244
1848 2 2 1 2 954 957 963
1849 2 2 1 2 241 964 947
1850 2 2 1 2 964 244 955
1851 2 2 1 2 947 955 35
1852 2 2 1 2 964 955 947
1853 2 2 1 2 243 963 962
1854 2 2 1 2 963 244 964
1855 2 2 1 2 962 964 241
1856 2 2 1 2 963 964 962
1857 2 2 1 2 18 894 966
1858 2 2 1 2 894 229 965
1859 2 2 1 2 966 965 247
1860 2 2 1 2 894 965 966
1861 2 2 1 2 229 891 968
1862 2 2 1 2 891 60 967
1863 2 2 1 2 968 967 246
1864 2 2 1 2 891 967 968
1865 2 2 1 2 247 969 971
1866 2 2 1 2 969 246 970
1867 2 2 1 2 971 970 65
1868 2 2 1 2 969 970 971
1869 2 2 1 2 229 968 965
1870 2 2 1 2 968 246 969
1871 2 2 1 2 965 969 247
1872 2 2 1 2 968 969 965
1873 2 2 1 2 60 885 973
1874 2 2 1 2 885 226 972
1875 2 2 1 2 973 972 248
1876 2 2 1 2 885 972 973
1877 2 2 1 2 226 882 974
1878 2 2 1 2 882 6 697
1879 2 2 1 2 974 697 181
1880 2 2 1 2 882 697 974
1881 2 2 1 2 248 975 976
1882 2 2 1 2 975 181 694
1883 2 2 1 2 976 694 49
1884 2 2 1 2 975 694 976
1885 2 2 1 2 226 974 972
1886 2 2 1 2 974 181 975
1887 2 2 1 2 972 975 248
1888 2 2 1 2 974 975 972
1889 2 2 1 2 65 977 979
1890 2 2 1 2 977 249 978
1891 2 2 1 2 979 978 250
1892 2 2 1 2 977 978 979
1893 2 2 1 2 249 980 981
1894 2 2 1 2 980 49 688
1895 2 2 1 2 981 688 178
1896 2 2 1 2 980 688 981
1897 2 2 1 2 250 982 983
1898 2 2 1 2 982 178 685
1899 2 2 1 2 983 685 15
1900 2 2 1 2 982 685 983
1901 2 2 1 2 249 981 978
1902 2 2 1 2 981 178 982
1903 2 2 1 2 978 982 250
1904 2 2 1 2 981 982 978
1905 2 2 1 2 60 973 967
1906 2 2 1 2 973 248 984
1907 2 2 1 2 967 984 246
1908 2 2 1 2 973 984 967
1909 2 2 1 2 248 976 985
1910 2 2 1 2 976 49 980
1911 2 2 1 2 985 980 249
1912 2 2 1 2 976 980 985
1913 2 2 1 2 246 986 970
1914 2 2 1 2 986 249 977
1915 2 2 1 2 970 977 65
1916 2 2 1 2 986 977 970
1917 2 2 1 2 248 985 984
1918 2 2 1 2 985 249 986
1919 2 2 1 2 984 986 246
1920 2 2 1 2 985 986 984
1921 2 2 1 2 12 987 493
1922 2 2 1 2 987 251 988
1923 2 2 1 2 493 988 130
1924 2 2 1 2 987 988 493
1925 2 2 1 2 251 989 991
1926 2 2 1 2 989 66 990
1927 2 2 1 2 991 990 252
1928 2 2 1 2 989 990 991
1929 2 2 1 2 130 992 496
1930 2 2 1 2 992 252 993
1931 2 2 1 2 496 993 37
1932 2 2 1 2 992 993 496
1933 2 2 1 2 251 991 988
1934 2 2 1 2 991 252 992
1935 2 2 1 2 988 992 130
1936 2 2 1 2 991 992 988
1937 2 2 1 2 66 994 996
1938 2 2 1 2 994 253 995
1939 2 2 1 2 996 995 254
1940 2 2 1 2 994 995 996
1941 2 2 1 2 253 997 998
1942 2 2 1 2 997 15 669
1943 2 2 1 2 998 669 173
1944 2 2 1 2 997 669 998
1945 2 2 1 2 254 999 1000
1946 2 2 1 2 999 173 666
1947 2 2 1 2 1000 666 47
1948 2 2 1 2 999 666 1000
1949 2 2 1 2 253 998 995
1950 2 2 1 2 998 173 999
1951 2 2 1 2 995 999 254
1952 2 2 1 2 998 999 995
1953 2 2 1 2 37 1001 502
1954 2 2 1 2 1001 255 1002
1955 2 2 1 2 502 1002 133
1956 2 2 1 2 1001 1002 502
1957 2 2 1 2 255 1003 1004
1958 2 2 1 2 1003 47 661
1959 2 2 1 2 1004 661 171
1960 2 2 1 2 1003 661 1004
1961 2 2 1 2 133 1005 505
1962 2 2 1 2 1005 171 659
1963 2 2 1 2 505 659 5
1964 2 2 1 2 1005 659 505
1965 2 2 1 2 255 1004 1002
1966 2 2 1 2 1004 171 1005
1967 2 2 1 2 1002 1005 133
1968 2 2 1 2 1004 1005 1002
1969 2 2 1 2 66 996 990
1970 2 2 1 2 996 254 1006
1971 2 2 1 2 990 1006 252
1972 2 2 1 2 996 1006 990
1973 2 2 1 2 254 1000 1007
1974 2 2 1 2 1000 47 1003
1975 2 2 1 2 1007 1003 255
1976 2 2 1 2 1000 1003 1007
1977 2 2 1 2 252 1008 993
1978 2 2 1 2 1008 255 1001
1979 2 2 1 2 993 1001 37
1980 2 2 1 2 1008 1001 993
1981 2 2 1 2 254 1007 1006
1982 2 2 1 2 1007 255 1008
1983 2 2 1 2 1006 1008 252
1984 2 2 1 2 1007 1008 1006
1985 2 2 1 2 18 966 950
1986 2 2 1 2 966 247 1009
1987 2 2 1 2 950 1009 242
1988 2 2 1 2 966 1009 950
1989 2 2 1 2 247 971 1011
1990 2 2 1 2 971 65 1010
1991 2 2 1 2 1011 1010 256
1992 2 2 1 2 971 1010 1011
1993 2 2 1 2 242 1012 953
1994 2 2 1 2 1012 256 1013
1995 2 2 1 2 953 1013 64
1996 2 2 1 2 1012 1013 953
1997 2 2 1 2 247 1011 1009
1998 2 2 1 2 1011 256 1012
1999 2 2 1 2 1009 1012 242
2000 2 2 1 2 1011 1012 1009
2001 2 2 1 2 65 979 1015
2002 2 2 1 2 979 250 1014
2003 2 2 1 2 1015 1014 257
2004 2 2 1 2 979 1014 1015
2005 2 2 1 2 250 983 1016
2006 2 2 1 2 983 15 997
2007 2 2 1 2 1016 997 253
2008 2 2 1 2 983 997 1016
2009 2 2 1 2 257 1017 1018
2010 2 2 1 2 1017 253 994
2011 2 2 1 2 1018 994 66
2012 2 2 1 2 1017 994 1018
2013 2 2 1 2 250 1016 1014
2014 2 2 1 2 1016 253 1017
2015 2 2 1 2 1014 1017 257
2016 2 2 1 2 1016 1017 1014
2017 2 2 1 2 64 1019 958
2018 2 2 1 2 1019 258 1020
2019 2 2 1 2 958 1020 245
2020 2 2 1 2 1019 1020 958
2021 2 2 1 2 258 1021 1022
2022 2 2 1 2 1021 66 989
2023 2 2 1 2 1022 989 251
2024 2 2 1 2 1021 989 1022
2025 2 2 1 2 245 1023 961
2026 2 2 1 2 1023 251 987
2027 2 2 1 2 961 987 12
2028 2 2 1 2 1023 987 961
2029 2 2 1 2 258 1022 1020
2030 2 2 1 2 1022 251 1023
2031 2 2 1 2 1020 1023 245
2032 2 2 1 2 1022 1023 1020
2033 2 2 1 2 65 1015 1010
2034 2 2 1 2 1015 257 1024
2035 2 2 1 2 1010 1024 256
2036 2 2 1 2 1015 1024 1010
2037 2 2 1 2 257 1018 1025
2038 2 2 1 2 1018 66 1021
2039 2 2 1 2 1025 1021 258
2040 2 2 1 2 1018 1021 1025
2041 2 2 1 2 256 1026 1013
2042 2 2 1 2 1026 258 1019
2043 2 2 1 2 1013 1019 64
2044 2 2 1 2 1026 1019 1013
2045 2 2 1 2 257 1025 1024
2046 2 2 1 2 1025 258 1026
2047 2 2 1 2 1024 1026 256
2048 2 2 1 2 1025 1026 1024
$EndElements
