$MeshFormat
2.2 0 8
$EndMeshFormat
$Nodes
1026
1 1.8781672742463078 0.0 0.0
2 0.0 1.2602933425218619 0.0
3 0.0 0.0 1.3133972409954462
4 -0.9062562097849596 0.0 0.0
5 0.0 -1.2315789116130427 0.0
6 0.0 0.0 -1.3704131940684798
7 1.0589945146298831 1.0589945146298831 0.0
8 0.0 0.9626859110300968 0.9626859110300968
9 0.8371665128857253 0.0 0.8371665128857253
10 -0.8482760278281702 0.8482760278281702 0.0
11 -1.1580327404126125 0.0 1.1580327404126125
12 -0.844797552388804 -0.844797552388804 0.0
13 0.0 -0.9254417798970389 0.9254417798970389
14 1.0309872301430976 -1.0309872301430976 0.0
15 0.0 -0.950972445857905 -0.950972445857905
16 0.8657859115883364 0.0 -0.8657859115883364
17 0.0 0.9201660741608256 -0.9201660741608256
18 -1.1354028671534142 0.0 -1.1354028671534142
19 1.6728634783000425 0.6929227407105073 0.0
20 1.1480606337423964 0.5740303168711982 0.5740303168711982
21 1.4429733432712546 0.0 0.5976991289258012
22 0.48339380832311035 1.1670158880208334 0.0
23 0.0 1.1878503044834934 0.49202370618607333
24 0.4840340643409351 0.9680681286818702 0.4840340643409351
25 0.46146367045968967 0.46146367045968967 0.9229273409193793
26 0.0 0.5259437840882388 1.2697406165916532
27 0.4219347485403451 0.0 1.0186405923625828
28 -0.5190327198993827 1.2530558316964855 0.0
29 -0.6284828389203303 1.2569656778406606 0.6284828389203303
30 -0.9350249998450684 0.3873000360937284 0.0
31 -1.0145870615209307 0.0 0.42025572109023523
32 -1.0270079136332686 0.5135039568166343 0.5135039568166343
33 -0.7328036076220591 0.7328036076220591 1.4656072152441182
34 -0.6857048547796131 0.0 1.6554379601940157
35 -0.9312307535115089 -0.38572840780338363 0.0
36 -0.9750480834409996 -0.4875240417204998 0.4875240417204998
37 -0.5240588118096887 -1.2651898909520802 0.0
38 0.0 -1.1558206580972503 0.4787565922548771
39 -0.5565405397946159 -1.1130810795892319 0.5565405397946159
40 -0.6974795600502458 -0.6974795600502458 1.3949591201004916
41 0.0 -0.502534309291564 1.2132251450494893
42 0.4603032704707644 -1.1112703983752106 0.0
43 0.5139285866750074 -1.0278571733500148 0.5139285866750074
44 1.6988307063307497 -0.7036787187380611 0.0
45 1.2033775195270007 -0.6016887597635003 0.6016887597635003
46 0.4800468934656292 -0.4800468934656292 0.9600937869312584
47 0.0 -1.1368720759035844 -0.47090783252251933
48 0.465492852915977 -0.930985705831954 -0.465492852915977
49 0.0 -0.534166039413069 -1.2895908969101524
50 0.44165675684711464 0.0 -1.0662537322940207
51 0.472733581918194 -0.472733581918194 -0.945467163836388
52 1.1617529295894675 -0.5808764647947338 -0.5808764647947338
53 1.4266095796462956 0.0 -0.5909210361008757
54 1.1949591122248566 0.5974795561124283 -0.5974795561124283
55 0.0 0.5124529495140709 -1.2371708607949652
56 0.49388303969797365 0.49388303969797365 -0.9877660793959473
57 0.520706136657124 1.041412273314248 -0.520706136657124
58 0.0 1.1425410714364808 -0.47325600735727746
59 -0.541592967334627 1.083185934669254 -0.541592967334627
60 -0.6725652845510542 0.0 -1.623716231544475
61 -0.7007223256219117 0.7007223256219117 -1.4014446512438234
62 -0.9668523193314343 0.48342615966571717 -0.48342615966571717
63 -0.9883763438140417 0.0 -0.40939888633650917
64 -1.0038517786043404 -0.5019258893021702 -0.5019258893021702
65 -0.7364611379201299 -0.7364611379201299 -1.4729222758402598
66 -0.627505992358833 -1.255011984717666 -0.627505992358833
67 1.8267828635576613 0.36336970407884517 0.0
68 1.714638398581422 0.3551132396290548 0.3551132396290548
69 1.7616725081568687 0.0 0.3504184491451426
70 1.3946567745982112 0.9318798640159554 0.0
71 1.1926676093986073 0.8730932866214928 0.3195743227771145
72 1.4993031349479917 0.6813736424042341 0.3516986569760096
73 1.3441156738575082 0.31529559719922 0.6108471136763688
74 1.0013402137236873 0.26830830161606983 0.7330319121076174
75 1.1046251366237396 0.0 0.7380869192006697
76 0.7489280732455048 1.120850070241184 0.0
77 0.4965028963973632 1.0925112196190505 0.2562755454283571
78 0.7437443608960066 1.0159736909053667 0.27222933000936006
79 0.2411493859032654 1.2123398312533826 0.0
80 0.0 1.2470880239383841 0.24806123117240358
81 0.24326238320014384 1.1745746894739766 0.24326238320014384
82 0.25200077971966 1.0742877504613193 0.48822105447506564
83 0.0 1.097311659600042 0.7332002100845215
84 0.25531606032347687 0.9528525091155361 0.6975364487920591
85 0.6458544072976276 0.2363991202170734 0.882253527514701
86 0.4474964295379996 0.23098030724338445 0.9846767734028606
87 0.6193769148154687 0.0 0.9269630599748024
88 0.25570619584928916 0.6986023188704159 0.954308514719705
89 0.0 0.7689095572663832 1.1507544743734393
90 0.2487819522930006 0.48198496535595603 1.0605657815088583
91 0.23219141507504376 0.23219141507504376 1.121119326681543
92 0.0 0.26190441427242295 1.3166824050338406
93 0.22632287294387865 0.0 1.1378019171221418
94 0.7882446814047335 0.7882446814047335 0.5254964542698224
95 0.49442650095861224 0.7416397514379183 0.7416397514379183
96 0.7438587205170054 0.4959058136780037 0.7438587205170054
97 -0.2574890986979363 1.2944851146760255 0.0
98 -0.27063370521893965 1.3067351231496929 0.27063370521893965
99 -0.7278733086623222 1.089339388234428 0.0
100 -0.8018816525779228 1.09539070825009 0.2935090556721671
101 -0.5800678161777628 1.276388520414465 0.2994085171608309
102 -0.29841816752042166 1.2721666267816398 0.5781491334408384
103 -0.31979310524513066 1.193484116685049 0.8736910114399181
104 -0.9090188110827573 0.6073869510322972 0.0
105 -0.9612282365963566 0.4368400021882018 0.22547987260100236
106 -0.9381087809900732 0.6867432907112382 0.2513654902788351
107 -0.9231227213465261 0.18362052588498984 0.0
108 -0.9368403758461059 0.0 0.1863491370163975
109 -0.9543178219309143 0.19764569232906848 0.19764569232906848
110 -1.0346132610052778 0.24269414630267416 0.4701905770078595
111 -1.1163943774679819 0.0 0.7459508745173197
112 -1.1111302459387837 0.29772645208509185 0.8134037938536919
113 -0.3425454614293894 0.9358516045272169 1.2783970659566064
114 -0.3425833555294724 0.6637138475058326 1.4604443000798182
115 -1.0231583230276273 0.3745019383215964 1.3976602613492237
116 -1.0184470932168312 0.0 1.5242137886782263
117 -0.7332271896386161 0.3784634476676855 1.613402332639821
118 -0.3191299105829791 0.3191299105829791 1.540895516576683
119 -0.30437640096490975 0.0 1.5302035010420232
120 -0.9458423702256754 0.9458423702256754 0.6305615801504504
121 -1.0429949110017647 0.6953299406678431 1.0429949110017647
122 -0.7275358592539649 1.0913037888809471 1.0913037888809471
123 -0.9199370651025409 -0.18298685945984097 0.0
124 -0.9370917984518984 -0.19407806605368558 0.19407806605368558
125 -0.9040360720255483 -0.604057591235944 0.0
126 -0.8825623085341829 -0.6460804506923012 0.23648185784188167
127 -0.9285730719529678 -0.4219995286657159 0.21781979554206343
128 -1.0096280042849701 -0.23683323597179712 0.4588357715778612
129 -1.1222347756775832 -0.30070190186093054 0.8215328738166525
130 -0.7310337161652478 -1.0940692723156775 0.0
131 -0.5429606951578807 -1.1947375444863446 0.28025525995397754
132 -0.7363439989113616 -1.005864608437141 0.2695206095257794
133 -0.25732435315970326 -1.293656882925515 0.0
134 0.0 -1.2151065999105244 0.24169973040684933
135 -0.26058367339341204 -1.2582092768787532 0.26058367339341204
136 -0.2758919544398265 -1.1761366271773293 0.5345073180632324
137 0.0 -1.0638606445590642 0.7108489564174229
138 -0.28861794200182606 -1.0771368235267824 0.7885188815249562
139 -1.0519803670798482 -0.3850515386337034 1.4370319057135517
140 -0.7208766607194712 -0.3720885834764615 1.586226073427032
141 -0.30747129358976105 -0.840027195956154 1.1474984895459153
142 0.0 -0.7331705849730525 1.0972673224874983
143 -0.31288775649988765 -0.606182213327474 1.3338509684417845
144 -0.30327670455937017 -0.30327670455937017 1.4643494665980996
145 0.0 -0.2546158262419553 1.2800401985864347
146 -0.8454772304793087 -0.8454772304793087 0.5636514869862059
147 -0.6517377714849149 -0.9776066572273722 0.9776066572273722
148 -1.0307524305626805 -0.6871682870417871 1.0307524305626805
149 0.2313987081085064 -1.163319863700796 0.0
150 0.23975485225747842 -1.1576388319295243 0.23975485225747842
151 0.7154766439709839 -1.070786468419539 0.0
152 0.7776783361145831 -1.0623283631053337 0.2846500269907507
153 0.5038232356517672 -1.1086189862099092 0.26005402073787787
154 0.2560606470977111 -1.0915951008496385 0.4960865568538521
155 0.26302288617203096 -0.9816147747474251 0.718591888575394
156 1.3937435700843668 -0.931269680267753 0.0
157 1.5219836505238347 -0.691681034651536 0.3570189332307672
158 1.2477459969055507 -0.9134134646755423 0.3343325322300085
159 1.852562334150457 -0.3684975596042524 0.0
160 1.704783873524607 -0.35307230066441564 0.35307230066441564
161 1.34538750445505 -0.31559393654276574 0.6114251100978852
162 1.0327046291385353 -0.2767123713975526 0.7559922577409827
163 0.2624032883556671 -0.7168991158608293 0.9793024042164965
164 0.25310549704889906 -0.49036131078688333 1.0789971973759047
165 0.6670552815945678 -0.24415917879219412 0.911214460386762
166 0.45581054074058136 -0.2352717291034664 1.0029712482909012
167 0.23384493362281805 -0.23384493362281805 1.1291032204888873
168 0.8723842240361126 -0.8723842240361126 0.5815894826907418
169 0.8055419015400683 -0.5370279343600456 0.8055419015400683
170 0.5290792154493507 -0.7936188231740259 0.7936188231740259
171 0.0 -1.1971583706587612 -0.23812960563610827
172 0.23078488107718595 -1.1143279797744086 -0.23078488107718595
173 0.0 -1.0646168003884626 -0.711354203589565
174 0.24848429363431979 -0.9273560087261453 -0.6788717150918254
175 0.24069742839125355 -1.0261011857817324 -0.46632217737319376
176 0.4705635416516979 -1.0354339370997605 -0.24288665619177796
177 0.7119205558749528 -0.9725015648015245 -0.2605810089265716
178 0.0 -0.7701145644824008 -1.1525578951169846
179 0.2550484087591435 -0.4941254674096633 -1.0872798949646398
180 0.2569380796946677 -0.7019678881250134 -0.9589059678196811
181 0.0 -0.2705617013656631 -1.3602055263323583
182 0.23791554125030467 0.0 -1.1960821963181532
183 0.24249424647161155 -0.24249424647161155 -1.1708657972584176
184 0.4656768689786359 -0.24036434521694625 -1.024681241071874
185 0.6450182994029849 0.0 -0.9653381039112013
186 0.6685408253324132 -0.24470292553867842 -0.9132437508710917
187 1.1831085323890804 -0.8660955565770555 -0.31701297581202487
188 1.5058457911732186 -0.6843470194347145 -0.3532333989196712
189 1.0265516610621055 -0.27506368857041874 -0.7514879724916866
190 1.1225033849090278 0.0 -0.7500327827883166
191 1.3511919498200418 -0.31695551285897144 -0.6140629996535674
192 1.708242178400935 -0.35378853905571367 -0.35378853905571367
193 1.7265063655398016 0.0 -0.3434234684655711
194 0.49115408671478744 -0.736731130072181 -0.736731130072181
195 0.7581072974704183 -0.5054048649802789 -0.7581072974704183
196 0.7784170372751748 -0.7784170372751748 -0.5189446915167832
197 1.6544984672447665 0.34265785202914006 -0.34265785202914006
198 1.0487073016113557 0.2810002745633846 -0.7677070270479711
199 1.3270105723234684 0.31128317229545377 -0.6030735253577215
200 1.4884805586020706 0.6764552119060054 -0.3491599538430952
201 1.2465755672387488 0.9125566506927574 -0.3340189165459914
202 0.4741622415922286 0.2447441655774924 -1.0433525617233026
203 0.6911483255922496 0.2529778449498418 -0.9441261705420914
204 0.0 0.263936320378372 -1.32689748684457
205 0.2437003128102533 0.2437003128102533 -1.1766892006821588
206 0.2595651238771855 0.5028760570711202 -1.1065348025448225
207 0.0 0.7367638740854763 -1.1026450596800748
208 0.2660524964675653 0.7268689378299276 -0.9929214342974929
209 0.7994347517032976 1.0920481794948096 -0.29261342779151195
210 0.5188487717144922 1.1416813647950683 -0.26780961990511115
211 0.26369574029208026 0.9841259005095311 -0.7204301602174508
212 0.0 1.0502991265711756 -0.7017874398001575
213 0.25707350606647067 1.0959129525018982 -0.4980488486940298
214 0.24471773399232033 1.1816017447149423 -0.24471773399232033
215 0.0 1.2175393336292424 -0.24218363123004386
216 0.8207578076861544 0.5471718717907696 -0.8207578076861544
217 0.5369579869488927 0.805436980423339 -0.805436980423339
218 0.8810659932260813 0.8810659932260813 -0.5873773288173876
219 -0.25532877531328296 1.2328363844508812 -0.25532877531328296
220 -0.2829584943011011 1.0560154771648977 -0.7730569828637968
221 -0.2681507619118244 1.1431356645769484 -0.5195096931228648
222 -0.5272870896866262 1.160249145821448 -0.2721651524840708
223 -0.7219645674630859 0.9862219397868196 -0.26425737232373364
224 -0.3152024417175982 0.6106666361892829 -1.3437185489243793
225 -0.3074282164046878 0.8399095068978869 -1.1473377233025748
226 -0.3080443391959334 0.0 -1.5486434717655264
227 -0.30711112136218255 0.30711112136218255 -1.4828636686963816
228 -0.7136708167362916 0.3683692061869018 -1.5703702436714133
229 -0.9915052542508719 0.0 -1.483892477224966
230 -1.0414085123612435 0.3811819712415757 -1.4225904836028191
231 -0.8756642721888133 0.6410307376150339 -0.23463353457377933
232 -0.9186578174214042 0.41749343984481113 -0.21549392719626878
233 -1.1113570474570638 0.2977872233687571 -0.8135698240883065
234 -1.0932721956429596 0.0 -0.730501126559754
235 -0.989169100794576 0.23203409381498233 -0.44953801366226115
236 -0.9244933164552107 0.19146883499951492 -0.19146883499951492
237 -0.9216922220477277 0.0 -0.18333598188293093
238 -0.6528534451554775 0.9792801677332161 -0.9792801677332161
239 -1.041012689732965 0.6940084598219767 -1.041012689732965
240 -0.841991011313303 0.841991011313303 -0.5613273408755354
241 -0.9356136056927751 -0.19377192230937032 -0.19377192230937032
242 -1.0907447835314006 -0.2922641838956985 -0.798480599635702
243 -1.0064081066742958 -0.23607792929706403 -0.4573724561801848
244 -0.9401110946516723 -0.4272431010755286 -0.22052632432380564
245 -0.9183938040397127 -0.6723109259135249 -0.24608287812618776
246 -0.7209258835162111 -0.3721139903757436 -1.5863343838882389
247 -1.005573570210469 -0.3680654720712464 -1.3736390422817153
248 -0.32080964669447837 -0.32080964669447837 -1.5490059999798615
249 -0.3436606814238818 -0.6658010362231332 -1.4650369763917974
250 -0.34513383624286453 -0.9429231760266626 -1.2880570122695272
251 -0.792901444788339 -1.0831235162782555 -0.2902220714899166
252 -0.5749562242464761 -1.2651409092211243 -0.2967701115851476
253 -0.3181006731606507 -1.1871678741574099 -0.8690672009967593
254 -0.29179226721590656 -1.2439201922236314 -0.5653122523918366
255 -0.2649377792272717 -1.2792327595909765 -0.2649377792272717
256 -1.0498536833078822 -0.6999024555385882 -1.0498536833078822
257 -0.7450552745669682 -1.117582911850452 -1.117582911850452
258 -0.9447837646563125 -0.9447837646563125 -0.6298558431042084
259 1.8620261299951726 0.1833935666309341 0.0
260 1.8437769222842155 0.1833750162657665 0.1833750162657665
261 1.8544068475474493 0.0 0.1826431328100832
262 1.7658334407125575 0.535659718043097 0.0
263 1.7417833149774662 0.5376742106969562 0.18379606108187874
264 1.8079781942043476 0.3669563263311754 0.1851862583058178
265 1.7512539164253078 0.17937614577753974 0.3554432822832377
266 1.6041587260279007 0.1692736706447709 0.4951906298751316
267 1.6161656153570123 0.0 0.4902584795787694
268 1.5469775006380517 0.8268767011563615 0.0
269 1.483905066817632 0.8275248960793617 0.17999209533476143
270 1.6233779046410375 0.7044886213729146 0.18687963564373436
271 1.2277386053110826 1.0075790340603648 0.0
272 1.1480735545900673 0.9858731115714313 0.16220044301863598
273 1.3179145757086563 0.9215796587558267 0.17190323325154758
274 1.3523437164206824 0.7909222410449985 0.3384263695299165
275 1.19004178090925 0.7307027988652346 0.4593389820440153
276 1.3288045287825894 0.6328368678557685 0.48042565102026435
277 1.4063942647134253 0.1619009640390535 0.6103253923945816
278 1.2266289231821992 0.1487854681669605 0.6840504792946016
279 1.2668896638524998 0.0 0.6771666333501162
280 1.2558810986768465 0.45406038387651093 0.5981074294005148
281 1.0806230746526773 0.417104937866116 0.6635181367865612
282 1.1619907744064473 0.2907902143772004 0.6795937572732192
283 1.0597402932601527 0.13822806589752396 0.7410458278810252
284 0.9191909819243667 0.12986379129698072 0.7893271906273859
285 0.9621175987703635 0.0 0.789589507593836
286 1.6273875306628052 0.5307666497203767 0.3585555102876117
287 1.449773545438581 0.4994723399343911 0.4994723399343911
288 1.545105264188563 0.34042660153821425 0.5039305814299027
289 0.8979498071703093 1.0941550058380656 0.0
290 0.7551682162368929 1.0799361616055365 0.1408623300075686
291 0.9007573753815611 1.0489541804514468 0.1481968050698856
292 0.6116651086090508 1.1443449302903994 0.0
293 0.4944660500737398 1.1394155078339205 0.13116696632501454
294 0.6190813271142683 1.1101272269021196 0.1346542512229573
295 0.6163213956732183 1.0538057010927857 0.2637167114250257
296 0.49215440430168295 1.0334053442749536 0.37362488201780125
297 0.605531052825279 0.9861837858280209 0.3806527330027421
298 0.36084237811412595 1.1895379037049474 0.0
299 0.2438400042282106 1.2013893177070616 0.12305501981602114
300 0.36202338511078436 1.172766480654259 0.12375239667277371
301 0.12173787666145029 1.236025404369417 0.0
302 0.0 1.2608514501685246 0.12418302875201365
303 0.12244878646342687 1.231183239900942 0.12244878646342687
304 0.12396023502427932 1.2102269570252566 0.2456337358495546
305 0.0 1.2217454647353434 0.37061243493977764
306 0.12427758895288123 1.1777435794302697 0.3635597746449711
307 0.36916205908781213 1.021061666729988 0.4862757862911511
308 0.25449820944552465 1.0169687866286257 0.594777216787772
309 0.36972502195250095 0.9578725968633438 0.5881475749108428
310 0.13005032202870617 1.1297154906451765 0.4902565855263565
311 0.0 1.1467314929714314 0.6129407529387071
312 0.13108586237457465 1.0807084333565349 0.6026754365920398
313 0.13332558048994822 1.0221548630525163 0.7147634203689001
314 0.0 1.0368882259320382 0.8509521754823798
315 0.134913185323045 0.9549311786842696 0.8200179933612245
316 0.36982052771367624 1.1339094415623943 0.24982954015492348
317 0.24878971005564335 1.1291899309454219 0.36828127612713507
318 0.37223383782473496 1.0804497619753335 0.37223383782473496
319 0.7393449688364657 0.12164048302090792 0.8609854518573736
320 0.6348671647950936 0.11842244701978094 0.9078983918241712
321 0.7244492862795825 0.0 0.8827440094413646
322 0.5547248716786454 0.34871463236089323 0.9034395040395385
323 0.4564579721086611 0.3465255100524154 0.9584514609460849
324 0.545788494242242 0.2335365084607513 0.9332063284855949
325 0.5329824503091491 0.11592718051421494 0.9557360295571994
326 0.43570280945643225 0.11557884657028183 1.0040053059809293
327 0.5191692568536223 0.0 0.971297363019614
328 0.3626992374243835 0.5769711657237219 0.9396704031481052
329 0.2537963840962338 0.5931370098533821 1.0141643092397725
330 0.3564341505941737 0.4695100500562862 0.9858576712473159
331 0.1362975862675882 0.8284325429238445 0.9647301291914328
332 0.0 0.8732181608002133 1.0640194075425085
333 0.13612993584628597 0.729797674253712 1.0436547541812418
334 0.13448167277149692 0.6182878869087711 1.1087044419844303
335 0.0 0.6519910071903184 1.2197893801231157
336 0.13297405781944902 0.5012783246761788 1.1551132717642947
337 0.328659186896911 0.11234733373528197 1.0646839232052103
338 0.229651989172775 0.11589497042493502 1.1314855716789303
339 0.3254246157504734 0.0 1.0727811884428218
340 0.12585390397061952 0.36817110270055237 1.192681871257002
341 0.0 0.3947224174313766 1.301225425435383
342 0.1238581127331662 0.2454313751499745 1.209229934475291
343 0.12105746014443278 0.12105746014443278 1.2171939004011156
344 0.0 0.12997071575966568 1.3196148225073658
345 0.11990823478208487 0.0 1.2174487386199149
346 0.35135622274285483 0.35135622274285483 1.019850181943464
347 0.24158116946059546 0.35761053524816244 1.0964722938095495
348 0.3410825137807751 0.2304157860017708 1.0457956055573323
349 0.9541039546966438 0.9541039546966438 0.29520079092268764
350 0.6332238382782414 0.8799313260126922 0.5043850547636445
351 0.7750742684269969 0.9096666016991773 0.4061664503509518
352 0.9722106221279861 0.8283644087792893 0.43409237697153513
353 0.9597542069806111 0.6906666745254462 0.5501402938353525
354 0.37900907810247964 0.8488438663329223 0.7232507354648418
355 0.4937408848439344 0.8613619047673622 0.6198607497644409
356 0.25900848426525136 0.8371285807366966 0.8371285807366966
357 0.37700238676699915 0.719421431450533 0.8443496002845362
358 0.4836639502815348 0.6072097897064126 0.8437820611381918
359 0.9178913764186996 0.5261441188370022 0.6605409800923071
360 0.8667787926022026 0.38701702884673334 0.7385320482353545
361 0.5998920043867609 0.4778350769415213 0.8336132264378029
362 0.6986797292419847 0.3661329979826441 0.8200060831144992
363 0.805792570985088 0.24931308910678876 0.805792570985088
364 0.6317006023430319 0.7580407228116384 0.6317006023430319
365 0.6208767403200985 0.6208767403200985 0.7450520883841183
366 0.7731471339275972 0.6442892782729975 0.6442892782729975
367 -0.126274032672374 1.2820817692531017 0.0
368 -0.12814133235755765 1.2884199614695468 0.12814133235755765
369 -0.39065898620651124 1.2878300878745967 0.0
370 -0.40313486577766344 1.3059461825164114 0.13780575475000345
371 -0.2653270570354041 1.3072551119325657 0.13389856338200007
372 -0.13122724598138114 1.2811749715684686 0.2600337008827198
373 -0.13323250214884877 1.2626067603928877 0.38975634194984204
374 -0.6338681045435604 1.1858838140313617 0.0
375 -0.6690653911924437 1.1997578909427438 0.1455261131686249
376 -0.5511389629328654 1.2700088939241851 0.1462005850161761
377 -0.7984057034757721 0.972860164534777 0.0
378 -0.8338655911848429 0.9710570478953231 0.1371914567104801
379 -0.7657457264646392 1.0950626401160042 0.14283536423268997
380 -0.7040524804256691 1.2038110682992913 0.3012558157350335
381 -0.736310562618123 1.19917473232776 0.4628641697096372
382 -0.6060352823416097 1.272527674479776 0.46007890792888423
383 -0.1420552346270893 1.2339992441543857 0.535512047936719
384 -0.14531017820039513 1.197977662800706 0.668072616694142
385 -0.4647302682262804 1.2853928256536438 0.6121622496998717
386 -0.4840896894407786 1.2541651779223637 0.770075488481585
387 -0.31035364237592566 1.2401657669830404 0.7253146339790354
388 -0.15009388086681694 1.1507108364250376 0.8046589054446047
389 -0.15399783372357756 1.0900145343122418 0.9360167005886644
390 -0.4275155406630625 1.3108085453488236 0.28880498222540024
391 -0.44922456753428003 1.3039238450278057 0.44922456753428003
392 -0.28532175037396457 1.2949990879041815 0.4223593423982449
393 -0.8834308325744695 0.7250129474579722 0.0
394 -0.9204525660730314 0.6436459368289372 0.12005996069779909
395 -0.8964747131300611 0.769820288382319 0.12665442474774216
396 -0.9266713465906604 0.4953161541192236 0.0
397 -0.9448830279961524 0.41004583088671864 0.10877282208477193
398 -0.9366639932266783 0.5223466049067991 0.11361381434396985
399 -0.9532826091579463 0.5575301666502388 0.2385606326527803
400 -0.9895038155950767 0.4712465090454055 0.3577524041326318
401 -0.980637836032944 0.6021257597484824 0.37851207628446154
402 -0.933007828440365 0.28302483053707295 0.0
403 -0.9340076736185141 0.1895708840819344 0.09566784978977719
404 -0.9431258996947148 0.29113522293257976 0.09952031574629834
405 -0.9118128611413543 0.08980572829292313 0.0
406 -0.9155815894673178 0.0 0.09017691563461916
407 -0.9223361589254603 0.09173203444586189 0.09173203444586189
408 -0.9449244276624794 0.09678602302921523 0.19178660326055946
409 -0.9702602261749759 0.0 0.29432522184628884
410 -0.9788999024893568 0.10329525189722386 0.302178363919568
411 -1.0344674027154617 0.3740088663485667 0.492660204607456
412 -1.077613663415003 0.2696746954469713 0.6302455531828505
413 -1.072302515980243 0.41389332209602653 0.6584091938842164
414 -1.0276740666479407 0.1183035413914596 0.44597421485392985
415 -1.0659570232634226 0.0 0.5697658993792564
416 -1.0753230375444218 0.13043263414717324 0.5996721790323615
417 -1.1182600286241566 0.14586113400642473 0.7819669913170096
418 -1.1527594009395719 0.0 0.9460451912794585
419 -1.1420266704936108 0.16134613601417075 0.98068053447944
420 -0.9619995404946304 0.3137527254697103 0.21195334832018556
421 -0.9894335431907474 0.2179977677658302 0.3227002277855891
422 -0.9935153344131058 0.34228340722681216 0.34228340722681216
423 -0.15851970584565914 0.9635011639856753 1.1220208698313345
424 -0.159951805666929 0.8575076087615103 1.2262876742457454
425 -0.5410316977694544 0.8606571427396681 1.4016888405091223
426 -0.5410099949477414 0.7126411130511277 1.4963741629459362
427 -0.3457995956438335 0.8081539021884578 1.381806952452658
428 -0.15922786024440655 0.7320600288397454 1.312718917771122
429 -0.15839384247843283 0.5971044375017808 1.3759287534190026
430 -0.8970817446943722 0.5639291597871385 1.4610109044815107
431 -0.8992475741622197 0.38477751166816654 1.5375617770187744
432 -0.738918021470114 0.560958423168691 1.5515493221111454
433 -1.1101525529387544 0.1826474764261678 1.2928000293649222
434 -1.1160786417516027 0.0 1.359945759807768
435 -1.0273691906299591 0.1916362670707644 1.4691999960081235
436 -0.8899506138139929 0.19357009859613408 1.5958459151051287
437 -0.8694167455083968 0.0 1.6265643258523943
438 -0.7156905055741729 0.18985115849668663 1.6491908003372537
439 -0.14935185210000657 0.4369116439237824 1.4153652832248964
440 -0.14684354528429142 0.29097822060847983 1.4336373025865978
441 -0.5018253545731096 0.17154165419613057 1.6256517650253024
442 -0.49039393986816565 0.0 1.6166121680860066
443 -0.31370789396087445 0.15831418322839547 1.545625435325395
444 -0.14260799193963292 0.14260799193963292 1.4338775795417626
445 -0.14004202793794088 0.0 1.4218705710801942
446 -0.5408504384760997 0.5408504384760997 1.5698780393815284
447 -0.5262978037154858 0.3555366142048896 1.6136855690406064
448 -0.3340741171418882 0.49452705320707774 1.5162730371032265
449 -0.8947052765205757 0.8947052765205757 0.27682277593698035
450 -1.0077555982474329 0.7252098534328353 0.5776551505600894
451 -0.952756700048688 0.8117888475841405 0.4254061940759631
452 -0.8764719788378095 1.0286721143407946 0.4593024526528429
453 -0.8184603943194936 1.1373370623895693 0.6519324855696876
454 -1.0962607451254782 0.4894807995313781 0.9340603397401096
455 -1.0631620600790028 0.6094146645801336 0.765081933661398
456 -1.1137530977003784 0.3445964076716153 1.1137530977003784
457 -1.045469032471241 0.5478629121986954 1.2270156560350536
458 -0.9330220771803975 0.7431848945767884 1.2965326065499678
459 -0.6860867901782806 1.1969213864282022 0.8613389841066393
460 -0.5248519204678406 1.1754793200539604 1.0015579030164048
461 -0.7440607139159283 0.9341216134936381 1.2980605282541469
462 -0.5461195335569866 1.042142199533301 1.2231111156105356
463 -0.3371712175314776 1.0897545059115938 1.0897545059115938
464 -1.0066075335097115 0.8388396112580929 0.8388396112580929
465 -0.9204505521928762 0.9204505521928762 1.1045406626314516
466 -0.8791945426604882 1.0550334511925858 0.8791945426604882
467 -0.9098622594149754 -0.08961361079150115 0.0
468 -0.917054803369265 -0.09120677097753364 0.09120677097753364
469 -0.9293921924152738 -0.2819280393397303 0.0
470 -0.9310918821282951 -0.287420420499407 0.098250464893624
471 -0.9246345498704672 -0.18766846785376498 0.09470778637689843
472 -0.9354284796918904 -0.09581337906737034 0.18985925801187806
473 -0.9657135027663214 -0.10190379963786148 0.29810783057477624
474 -0.9223833369156462 -0.4930241651968638 0.0
475 -0.91571471328739 -0.5106638826812624 0.11107274559479871
476 -0.9290315676546591 -0.40316685747529024 0.10694803740304719
477 -0.8784164076061352 -0.7208977152382584 0.0
478 -0.861737201671215 -0.7399905110363814 0.12174669063483366
479 -0.8922569310606895 -0.623929542328098 0.116382240675926
480 -0.9100732573807153 -0.5322590488665124 0.22774741714096258
481 -0.9172855172716338 -0.5632265232879584 0.3540589939836752
482 -0.9409219246732603 -0.44810961342266104 0.3401877540517862
483 -1.0142052860588182 -0.11675304547682094 0.440129240223144
484 -1.0691287541383125 -0.12968129090137245 0.5962178315497967
485 -0.9978132963366821 -0.3607566742178516 0.47520385992141667
486 -1.050926795658973 -0.40564260202019203 0.6452841936387808
487 -1.0660523736189198 -0.2667814625467383 0.6234838984911786
488 -1.1253606484337935 -0.14678730898457928 0.7869322499929001
489 -1.162445936286751 -0.1642309807564967 0.9982149555302542
490 -0.9375278629044015 -0.3057713749414111 0.2065616056156161
491 -0.9569875457624238 -0.3296989452414297 0.3296989452414297
492 -0.9639631512827156 -0.21238598249911486 0.31439315013790364
493 -0.7980491707959404 -0.9724257282074147 0.0
494 -0.7335602035186555 -1.0490353982880074 0.13683176442909187
495 -0.7966905041866377 -0.9277657421772929 0.13107523799065518
496 -0.6391920871375459 -1.195844284891366 0.0
497 -0.535796086791547 -1.234653764876223 0.1421305815895363
498 -0.6454439095312692 -1.1574002090303013 0.14038828589690175
499 -0.6508464408693969 -1.1128377089277202 0.27848957416329106
500 -0.5488266211570204 -1.1524033076342641 0.4166482709201249
501 -0.6584654529403121 -1.0723941409574738 0.4139286880171616
502 -0.39329552266224194 -1.296521583770901 0.0
503 -0.2603677336916462 -1.282820736994359 0.1313958172297771
504 -0.39492539825932443 -1.2793518001491462 0.13499946840888533
505 -0.12485339140120047 -1.2676577563672073 0.0
506 0.0 -1.2299279680462123 0.12113733160109692
507 -0.1255039508915151 -1.261901937469474 0.1255039508915151
508 -0.1272625339657324 -1.242467386371972 0.2521774151651212
509 0.0 -1.1895824274804958 0.36085588425378023
510 -0.1279644952954103 -1.2126833486152084 0.37434539456502913
511 -0.4190193565514304 -1.1589614697938386 0.5519499148469943
512 -0.2828423780517282 -1.1302314096476611 0.6610191984209262
513 -0.430342673301664 -1.1149190061297394 0.6845763328280753
514 -0.13491836655381295 -1.1720030084565485 0.5086078733189567
515 0.0 -1.114436815527934 0.5956788882132188
516 -0.13680553757135014 -1.1278630319474383 0.6289720004162249
517 -0.1401282283902461 -1.0743080928181106 0.7512326700276242
518 0.0 -1.0015055073747552 0.8219143288005579
519 -0.1427386614165873 -1.0103208064058196 0.8675821449892323
520 -0.4063144789196841 -1.2458038139171046 0.27448276074437644
521 -0.26894979940427505 -1.2206911827228506 0.3981240836551899
522 -0.41443863224783484 -1.2029538318770248 0.41443863224783484
523 -1.1369597537171672 -0.18705792214307895 1.3240176758602462
524 -1.0460616775325233 -0.19512299652006787 1.495931381310606
525 -0.8969870398911279 -0.5638696258590018 1.4608566657501296
526 -0.7171677189520803 -0.5444464217701006 1.5058789417076104
527 -0.9067482745657776 -0.3879869735782954 1.5503867104105875
528 -0.8951305981547589 -0.1946967791826796 1.605134584298909
529 -0.7096004151352096 -0.18823564073281857 1.6351571907714784
530 -0.4924927116014349 -0.7834427663564025 1.2759354779578373
531 -0.31236660789907555 -0.7300190522692751 1.248209529295015
532 -0.5001829729530566 -0.6588620430365977 1.383451108966549
533 -0.14570693942191343 -0.8856236830926989 1.0313306225146124
534 0.0 -0.8354716001106943 1.018025090263509
535 -0.14668804465458907 -0.786400090209581 1.1245996278010366
536 -0.1463025570223978 -0.6726351402873129 1.2061591107661482
537 0.0 -0.6212103188955823 1.1622027626993583
538 -0.14651996503342132 -0.5523429442402352 1.2727832703905873
539 -0.4913601056120697 -0.16796426197791897 1.5917498302388147
540 -0.3055253390062849 -0.15418481788791458 1.505310335491348
541 -0.14018736678976415 -0.4101019975329748 1.3285160465776258
542 0.0 -0.37972823056848226 1.2517962156461537
543 -0.14028846231454478 -0.2779889783861874 1.369639859261561
544 -0.1392801011689312 -0.1392801011689312 1.4004167061477026
545 0.0 -0.1280509258638927 1.300122868587173
546 -0.5094071847133316 -0.5094071847133316 1.4786105279638564
547 -0.3104351498529587 -0.4595344924715576 1.4089820891189335
548 -0.5052026533359476 -0.3412859403674997 1.5490055732209682
549 -0.8248549898978031 -0.8248549898978031 0.2552110220440045
550 -0.7189536792006327 -0.9990619841490175 0.5726718877832168
551 -0.7810799653451855 -0.9167151932070484 0.4093136488821259
552 -0.8658451223308544 -0.7377365218291244 0.386600144749633
553 -0.929821504563275 -0.6691262427276213 0.5329825824302987
554 -0.46390453385807917 -1.038979119183498 0.8852539811925292
555 -0.6026363783241561 -1.0513369150692822 0.7565722199031858
556 -0.3020304078314118 -0.9761776235418718 0.9761776235418718
557 -0.4881903694518555 -0.9315978538578367 1.0933706463884818
558 -0.6885083934334033 -0.8643791552883856 1.2011460250118242
559 -1.028585337761199 -0.5895949565367342 0.7401995318490038
560 -1.1084077068103153 -0.4949044220991007 0.9444100628407486
561 -0.9172100979855385 -0.7305900971133736 1.2745601933545825
562 -1.0695984489499148 -0.5605075836055695 1.2553351670590565
563 -1.1512919767673657 -0.3562109772752484 1.1512919767673657
564 -0.7867813340014814 -0.9441376008017777 0.7867813340014814
565 -0.8641762727373639 -0.8641762727373639 1.0370115272848366
566 -0.938404279820114 -0.7820035665167616 0.7820035665167616
567 0.1177287081855365 -1.195319633720834 0.0
568 0.11903722818692603 -1.196881116594659 0.11903722818692603
569 0.34451438738643153 -1.1357117318360974 0.0
570 0.35275608974582756 -1.1427452891585272 0.12058450736159859
571 0.2369115850199712 -1.1672532912920317 0.11955856005478496
572 0.12133170857101291 -1.1845645857787523 0.24042517221325024
573 0.12254403156652438 -1.161315146125776 0.35848845214806474
574 0.5823952955391173 -1.0895849615988806 0.0
575 0.6134627003895681 -1.100051990852013 0.1334321630394186
576 0.48572679190011875 -1.11927732789517 0.12884870406536292
577 0.8643374301034175 -1.0531982058786655 0.0
578 0.9097336982766135 -1.0594073298601416 0.14967363158352803
579 0.7558936021592285 -1.0809735072880038 0.14099763701464058
580 0.6356870105116553 -1.0869176382495682 0.2720030313479902
581 0.6442697398573848 -1.0492746295710127 0.4050048897136281
582 0.5133028229137812 -1.077811913891487 0.38967995607534184
583 0.12932187744793905 -1.1233876698898577 0.4875105350180522
584 0.13103223559052612 -1.0802663191824722 0.602428884104197
585 0.38336274944457105 -1.0603392149163244 0.5049815327217926
586 0.38764409048135606 -1.0042967869667438 0.6166526964853877
587 0.2609774149061092 -1.0428595374119967 0.6099194993179267
588 0.13364415181182035 -1.024597224260951 0.7164712931328212
589 0.135218906841087 -0.957095111059552 0.821876204218465
590 0.36914560403368424 -1.131840053100352 0.24937360042206305
591 0.38022862771879945 -1.1036555212597754 0.38022862771879945
592 0.24925091674689936 -1.1312832247224613 0.3689639964405119
593 1.2113135288547852 -0.9940993221749425 0.0
594 1.3436658766307084 -0.9395868009133542 0.17526212461713855
595 1.1695140766874665 -1.0042845052921294 0.16522957139533723
596 1.5616254270774539 -0.83470618095681 0.0
597 1.6425211129480672 -0.7127960970323519 0.18908335899320355
598 1.5086715584138388 -0.8413363513015982 0.18299617748002436
599 1.3951347608204256 -0.8159487105159985 0.3491349028922246
600 1.3658349226836848 -0.6504724176934141 0.4938138888777689
601 1.253695907945745 -0.7697873499549891 0.4839085579907557
602 1.79580094689885 -0.5447502616606913 0.0
603 1.81270838632356 -0.3679163898587506 0.1856707589388634
604 1.7529078854410647 -0.5411082742753154 0.1849699454651171
605 1.8768139074893844 -0.1848500355888725 0.0
606 1.8450666154439601 -0.18350328422556558 0.18350328422556558
607 1.7424547084938085 -0.1784748669910407 0.35365735088897765
608 1.5925499913282593 -0.16804869639361597 0.4916071087717039
609 1.2806166288888179 -0.46300344732039095 0.6098876085954464
610 1.1802665565082489 -0.2953637606671944 0.6902824027420391
611 1.123660460955186 -0.4337167489228043 0.6899437120323815
612 1.4000632772482766 -0.1611721549137293 0.6075779676461599
613 1.2299012465868782 -0.14918238867042927 0.6858753460909677
614 1.07231396299486 -0.13986812248470532 0.74983823254594
615 0.9363971649881699 -0.13229469000068367 0.8041024749874862
616 1.62872954542992 -0.5312043430591764 0.35885119080658456
617 1.5337779562735803 -0.3379309030072151 0.5002362202779908
618 1.4572439215163744 -0.5020460151345664 0.5020460151345664
619 0.13607222635958902 -0.8270627792562011 0.9631350056157901
620 0.13543870749365527 -0.7260919732189468 1.0383553778760737
621 0.3767172755830954 -0.599270644142884 0.9759879197259793
622 0.3676451712575958 -0.4842776778610037 1.0168661217707085
623 0.2594091395488166 -0.6062543479826792 1.0365927464169626
624 0.13338501445773207 -0.6132459318415502 1.0996632847861838
625 0.13169898830070642 -0.49647163739685396 1.144037053232094
626 0.5759611388548905 -0.3620643079913957 0.9380254468462861
627 0.5589364809087055 -0.23916237806365942 0.9556871694953034
628 0.4698244202080985 -0.3566728084419023 0.9865177726141305
629 0.7538690512558821 -0.12403005280957322 0.8778991040654553
630 0.6446868633103091 -0.12025412582072136 0.9219411538136651
631 0.5388827776050702 -0.1172105404205879 0.9663164067902971
632 0.4395503960690734 -0.11659949553814854 1.0128714351186603
633 0.12455020090937736 -0.3643572695296428 1.1803270458794055
634 0.12285861251259776 -0.24345081280986122 1.199471788161292
635 0.33098380953048356 -0.11314197196611436 1.0722144850886366
636 0.23045023119534339 -0.11629780706454237 1.1354184761336112
637 0.1205156362249231 -0.1205156362249231 1.2117460348244569
638 0.3596161440750396 -0.3596161440750396 1.0438255144641362
639 0.3462174956936227 -0.23388468530252515 1.061540011389066
640 0.24452011910557542 -0.36196103722625683 1.1098113999402845
641 1.0078155581943478 -1.0078155581943478 0.31181921887930303
642 1.0459226008951346 -0.7526759240200357 0.59953284163839
643 1.0539970467029274 -0.8980498881365334 0.4706100436578241
644 0.8427551578692912 -0.9891003375447747 0.4416336407108664
645 0.6919406393210399 -0.9615245154625663 0.5511550515945354
646 0.9215989572245651 -0.4114942511947108 0.7852411380385396
647 0.9907073997246962 -0.567882960059182 0.71294148045285
648 0.8398524857058822 -0.2598512633957053 0.8398524857058822
649 0.739336396837594 -0.3874385360879419 0.867722817051712
650 0.6366000426394849 -0.5070743202629809 0.8846229181494579
651 0.5304592490813724 -0.9254193914579745 0.6659583557861429
652 0.39939864994218566 -0.894509165644326 0.7621594943333913
653 0.5110632090462287 -0.6416078426167796 0.8915817845219064
654 0.3953455674751483 -0.7544251284710731 0.8854317202989247
655 0.26706899175811577 -0.8631805504884239 0.8631805504884239
656 0.85302481415481 -0.710854011795675 0.710854011795675
657 0.6727328129682564 -0.6727328129682564 0.8072793755619077
658 0.6934211464819073 -0.8321053757782887 0.6934211464819073
659 0.0 -1.2197508246320785 -0.12013497046407176
660 0.11736691973307911 -1.1800867012865464 -0.11736691973307911
661 0.0 -1.168309476863209 -0.35440280523348355
662 0.11820386349965119 -1.1201846002447629 -0.34579179028321344
663 0.11810585798085131 -1.1530705236483865 -0.23403297933301984
664 0.23218944981373765 -1.14398753220753 -0.11717551202615566
665 0.3434742023069688 -1.112676826972947 -0.11741162996348746
666 0.0 -1.103356500910673 -0.5897563366604545
667 0.12592456515097783 -1.0381572586107628 -0.5789460503617836
668 0.12407864553026174 -1.0778409905272506 -0.46774488632926314
669 0.0 -1.0154152486671741 -0.8333297584651597
670 0.1321435829143497 -0.9353276114992731 -0.8031840285849233
671 0.12928557934024515 -0.9911817609161407 -0.6931048232006413
672 0.24517061273251647 -0.9796959322063648 -0.5729780771224326
673 0.35768744913096456 -0.9266860110120404 -0.5689985618810758
674 0.35368016072087316 -0.9782404380540184 -0.4658823787988818
675 0.46842917982776155 -1.0794178321000598 -0.1242601680074077
676 0.5873513637079999 -1.0532295387581436 -0.1277527759616718
677 0.4690278556945948 -0.9848451795861712 -0.3560680869972173
678 0.579799390595226 -0.9442765244988425 -0.3644771339036166
679 0.585994006516228 -1.0019509775390363 -0.2507399765741249
680 0.7202036978837827 -1.0299347884931924 -0.13434036123701523
681 0.8670628864392632 -1.0097161170170765 -0.1426532305778134
682 0.23624373448710778 -1.0722471044808177 -0.34970957598886665
683 0.35385496134773003 -1.0271030462898458 -0.35385496134773003
684 0.350251654881267 -1.0739091765620097 -0.23660993189981858
685 0.0 -0.8689753006329126 -1.058849467470076
686 0.1365157720381387 -0.7318661564997846 -1.046612808730074
687 0.13547180606314596 -0.8234133550321443 -0.9588851610952903
688 0.0 -0.6572703382993299 -1.2296663139303423
689 0.13581809461842662 -0.5119996189292626 -1.1798187271422578
690 0.1360875970357491 -0.6256712239792961 -1.1219441298063708
691 0.25763322704177266 -0.602103936470946 -1.0294962423143132
692 0.3657150042800624 -0.48173518076096983 -1.0115274921292514
693 0.36843762092881666 -0.5860996156301346 -0.9545372365589511
694 0.0 -0.4043098462114606 -1.3328309424829805
695 0.12894844451686313 -0.2555181357349178 -1.2589269743657516
696 0.12988180283675874 -0.3799542569796518 -1.230853130195639
697 0.0 -0.13517796419675868 -1.372484903139781
698 0.12592241605890964 0.0 -1.2785117458654838
699 0.12683916966226993 -0.12683916966226993 -1.275327133583161
700 0.2410812796821001 -0.12166281633094059 -1.187797199339595
701 0.3414886343315972 0.0 -1.125737160764963
702 0.3445460723811706 -0.11777803306356263 -1.1161491255766838
703 0.4717810656866561 -0.358158219178222 -0.9906262553925421
704 0.5662824496781643 -0.2423056321186262 -0.968247537873963
705 0.5717849584106796 -0.3594390512152412 -0.9312240096259207
706 0.4553765736742226 -0.12079770430228659 -1.0493402527257571
707 0.5420628340091351 0.0 -1.0141282333527264
708 0.5554508294620005 -0.12081420042341383 -0.99602598557672
709 0.6598241511617439 -0.12307770021236324 -0.9435883897379436
710 0.7522517357637846 0.0 -0.9166213921578465
711 0.7664643114434311 -0.12610228376746907 -0.8925665952109002
712 0.25017450504371747 -0.3703311762828462 -1.1354751448982305
713 0.355923039902275 -0.24044119437894437 -1.0912982519111079
714 0.3638962474081928 -0.3638962474081928 -1.0562489863724387
715 1.1268949245020987 -0.9676866096176421 -0.15920831488445655
716 1.3098304811545873 -0.9159266845511196 -0.17084877796486223
717 1.193158297303991 -0.7326163848324488 -0.460541912471542
718 1.3370086923703164 -0.636744061935691 -0.4833918439759141
719 1.353299143837809 -0.7914810256089625 -0.3386654669044976
720 1.488828519027081 -0.8302705429331148 -0.18058929154311443
721 1.63629666066041 -0.7100949047847571 -0.188366813959374
722 1.1015082345737965 -0.4251663086951835 -0.676341925878613
723 1.1804781963476134 -0.2954167239054705 -0.6904061809309804
724 1.2698016790329982 -0.45909333171445316 -0.6047370399116955
725 0.946896128737653 -0.13377798918878386 -0.8131181395488691
726 0.9882932430377828 0.0 -0.8110713036803827
727 1.082613089658337 -0.1412114972418795 -0.7570401148309938
728 1.238009556332352 -0.1501658961018319 -0.690397082911971
729 1.269561384739448 0.0 -0.6785946979163424
730 1.4021822426413328 -0.1614160854732521 -0.6084975237176226
731 1.7553740209103579 -0.5418695500497026 -0.1852301764487606
732 1.81364661648843 -0.3681068177608445 -0.1857668592868758
733 1.5850665281857674 -0.16725902810536555 -0.48929702513281503
734 1.5844163645691505 0.0 -0.48062744964525367
735 1.7304620572277565 -0.17724649254369065 -0.3512232622115431
736 1.8359453548878002 -0.18259611846020934 -0.18259611846020934
737 1.8313612414937153 0.0 -0.1803733387286346
738 1.4556616885183393 -0.5015009081967715 -0.5015009081967715
739 1.5405506563585365 -0.3394231037825261 -0.5024451123002796
740 1.631571875993377 -0.5321313590539158 -0.3594774296503659
741 0.25620376177664417 -0.828063575152387 -0.828063575152387
742 0.48828794526488345 -0.6130149257307292 -0.851848910063921
743 0.37700184244626156 -0.7194203927409176 -0.8443483812020759
744 0.3726537539621082 -0.8346102286002314 -0.711123076460858
745 0.4823809891998249 -0.8415438551580787 -0.605599112441396
746 0.7182127879827033 -0.37636901465407296 -0.8429310748079029
747 0.611896862361983 -0.48739736847452186 -0.8502952430615826
748 0.8317577009204908 -0.2573467282669768 -0.8317577009204908
749 0.8897028016520034 -0.3972526067674558 -0.7580642697223251
750 0.9346124211226289 -0.5357287816389436 -0.6725739237942017
751 0.6153557626653576 -0.8551017499340492 -0.4901525041998023
752 0.7522882515221783 -0.8829237727750113 -0.3942257680436295
753 0.9636496132429837 -0.6934699206790865 -0.5523731779740234
754 0.9614061751900075 -0.8191585648024194 -0.4292681876997658
755 0.9289256980656082 -0.9289256980656082 -0.2874106112101433
756 0.6244110122563821 -0.6244110122563821 -0.7492932147076585
757 0.7772242425004525 -0.6476868687503772 -0.6476868687503772
758 0.6246388960935272 -0.7495666753122326 -0.6246388960935272
759 1.8087897492944132 0.17989532556210489 -0.17989532556210489
760 1.553043337423382 0.16387988428489775 -0.479411729029042
761 1.6964318280504163 0.17376086930396212 -0.34431631614153235
762 1.7685610343102736 0.35895602177246727 -0.18114886649588058
763 1.7090231387185957 0.5275614132204749 -0.1803391492462028
764 1.2312247430822316 0.14934292381023964 -0.6866134164192318
765 1.3806989974811554 0.15894298231193568 -0.5991745547883046
766 0.9616511345929258 0.13586258427147643 -0.8257885503214494
767 1.0894685389235432 0.14210569320556493 -0.7618339328150231
768 1.1820231434211963 0.29580334960046206 -0.6913097478177836
769 1.126451020284745 0.434793864619359 -0.6916571556653861
770 1.2662263146246246 0.4578006684699192 -0.6030342895337215
771 1.6080928459038875 0.6978554462344863 -0.18512005384862346
772 1.4895728776693575 0.8306856471886833 -0.1806795794427246
773 1.342683947726131 0.6394468754390027 -0.48544371706180844
774 1.2431646835251409 0.7633210264333613 -0.47984365709177945
775 1.3775567797118202 0.8056681760315687 -0.3447359825156831
776 1.342581662064477 0.9388286409321368 -0.17512070423002937
777 1.1840667159471274 1.0167811399294642 -0.1672855760176632
778 1.493877151972837 0.32913972513631656 -0.48722271499985437
779 1.4235061292293345 0.4904227556877052 -0.4904227556877052
780 1.5827410390103578 0.5162053554068539 -0.34871873490659655
781 0.6704256387834961 0.12505520696627295 -0.9587491573700816
782 0.7813306698893422 0.1285481664045937 -0.909878836293936
783 0.4591342518283378 0.12179450326113839 -1.0579992026407394
784 0.5618070213302366 0.12219671386576937 -1.0074238122326034
785 0.5805770316658972 0.2484221164390879 -0.9926888636159596
786 0.48614203941336676 0.3690605235514121 -1.0207808305999557
787 0.5952030573779372 0.3741602836475397 -0.9693633410254769
788 0.24159439222328918 0.12192176101937972 -1.1903252829808222
789 0.346473288781393 0.11843682378881264 -1.1223922990513928
790 0.0 0.13344298591974782 -1.3548693730744898
791 0.1262725858266477 0.1262725858266477 -1.2696303149983132
792 0.12791908171745553 0.2534783991216924 -1.2488772789278715
793 0.0 0.39055390411416935 -1.2874836786404749
794 0.12859585697873752 0.3761923704618414 -1.21866658481332
795 0.3778885595266537 0.497770699590078 -1.0451982074807373
796 0.2643851085025977 0.6178834787793176 -1.0564765999036083
797 0.38515220186312277 0.6126886741424526 -0.9978408760055754
798 0.1347027228191572 0.5077949513715652 -1.1701297638255401
799 0.0 0.6284738256205907 -1.1757918279899966
800 0.13541062358856826 0.6225587962891529 -1.1163629717754902
801 0.13665213658418637 0.732597211928097 -1.0476582621485278
802 0.0 0.8348120980807365 -1.017221484714873
803 0.136615324224106 0.8303637910883181 -0.9669791153124242
804 0.3605075319436348 0.24353821429186706 -1.1053547966967727
805 0.25275812327843233 0.37415568421885903 -1.1472014968257058
806 0.3720103627854471 0.3720103627854471 -1.079801101030329
807 0.9375887647625601 1.0918452418170763 -0.15425647705451617
808 0.7847231590220068 1.1222015149156588 -0.1463752448978393
809 0.6577592588405712 1.0712440146880404 -0.4134847558474693
810 0.5234947180686336 1.0992124313495373 -0.3974172547594258
811 0.6551082230520543 1.1201246381053034 -0.2803131408768765
812 0.6388609156790944 1.1455956845037851 -0.13895644153470485
813 0.5055729162111074 1.1650094500640593 -0.1341132837443789
814 0.39044600671851626 1.0115559082675116 -0.6211099015489953
815 0.2614214627423621 1.0446339419951292 -0.6109572651110241
816 0.3869556752061428 1.0702768525370827 -0.509714285605746
817 0.1349296546403936 0.9550477504232748 -0.8201180957828812
818 0.0 0.9916417505067033 -0.8138193527410572
819 0.13299956454293954 1.0196554268269773 -0.7130156366913611
820 0.13031414116252654 1.0743461483095225 -0.5991274001373579
821 0.0 1.0993264125515059 -0.587602209553614
822 0.12893012116114835 1.1199845783877282 -0.4860337136113501
823 0.36603596591943305 1.1857651444611834 -0.12512403870568134
824 0.2444566459615366 1.204427485269497 -0.12336621100449734
825 0.1229489695400236 1.1651526288318257 -0.3596730515567835
826 0.0 1.1822067857448786 -0.3586185077938049
827 0.12283703927437375 1.1992611680826522 -0.2434080643018554
828 0.12180816398700953 1.2247419865504692 -0.12180816398700953
829 0.0 1.244997031077634 -0.12262150476633919
830 0.3863345919804492 1.1213787558579036 -0.3863345919804492
831 0.25188983248927344 1.1432605572425067 -0.37287036080331515
832 0.378877555901836 1.1616792623415215 -0.2559479489988208
833 0.8643159380609533 0.2674202818955946 -0.8643159380609533
834 0.6528510460787948 0.5200188159755678 -0.9072054018479087
835 0.7601354609203563 0.39833798453210506 -0.8921336570362314
836 0.9386869622343131 0.4191240513054593 -0.7998008382155801
837 0.9988826419288304 0.5725690871067589 -0.7188246193914465
838 0.40157790414486655 0.766318094472324 -0.8993899103810674
839 0.5219564304480183 0.6552835996641178 -0.9105856916799373
840 0.26907007185744813 0.8696481430394811 -0.8696481430394811
841 0.40336496771047425 0.9033922893056245 -0.7697282899341824
842 0.5364415395080671 0.9358558718771279 -0.6734687466470733
843 1.048272667642445 0.7543670995037921 -0.6008799223820791
844 1.0598262654245214 0.9030166280692749 -0.47321279182077375
845 0.7015619349315295 0.9748943207237166 -0.558818751885082
846 0.8566157555365981 1.0053678402747097 -0.44889708627163594
847 1.024348575642354 1.024348575642354 -0.31693455227978323
848 0.6844917046787371 0.6844917046787371 -0.8213900456144846
849 0.7021464349700517 0.842575721964062 -0.7021464349700517
850 0.8624262050344916 0.7186885041954096 -0.7186885041954096
851 -0.1255157664929401 1.2620207395488081 -0.1255157664929401
852 -0.12580378521176552 1.1922069099470292 -0.36802448604321314
853 -0.12600391321914617 1.230179439709951 -0.2496833918523937
854 -0.25750998294075944 1.2687407207326653 -0.12995363969868381
855 -0.3877733514954808 1.2561829081447227 -0.13255464587933918
856 -0.1339151364208238 1.104033758198364 -0.6156832006649448
857 -0.1320635613767468 1.1472040107993662 -0.4978459850235745
858 -0.14079115484987426 0.9965361289720047 -0.8557449741221305
859 -0.13756634204766977 1.0546671163901125 -0.7374983015884461
860 -0.27569571456561387 1.101673512483074 -0.6443170274042781
861 -0.41995534223261 1.0880078175576218 -0.6680524753250118
862 -0.40639763584906874 1.1240511780666806 -0.5353240536356495
863 -0.5245455154988227 1.2087286778029862 -0.13914614351604293
864 -0.6333446838464861 1.1357040614179668 -0.13775662491213855
865 -0.531811044010212 1.116674706598204 -0.4037306927203287
866 -0.6414053398130932 1.0446095923832 -0.4032042525701068
867 -0.6342294954569782 1.0844255331809625 -0.2713793777156965
868 -0.7234442504476495 1.0345689743898687 -0.13494482495098473
869 -0.7899882798944915 0.9199608366814129 -0.12997255678692138
870 -0.26178793252368054 1.1881853850894595 -0.3875224334758151
871 -0.40128490292877433 1.164773682014995 -0.40128490292877433
872 -0.39515463663405853 1.2115865393589564 -0.26694381128785005
873 -0.14677923398369505 0.7868889596113374 -1.1252987405734067
874 -0.14495640101581161 0.8810618235810547 -1.0260182245968663
875 -0.14844016381416628 0.559581604499547 -1.289463569784592
876 -0.14728978728934722 0.6771739930771772 -1.214298112606853
877 -0.31367622310392174 0.7330796996832526 -1.2534427204782632
878 -0.5023929212230985 0.6617730798190147 -1.3895635829016326
879 -0.49487704476089023 0.7872356926725806 -1.2821127374334707
880 -0.14398935323230333 0.28532248870038346 -1.405771752306166
881 -0.14308371152872731 0.418574920523063 -1.3559638869233521
882 -0.14423735068183077 0.0 -1.464466397729919
883 -0.14345643003182726 0.14345643003182726 -1.4424083521967876
884 -0.3095026434513529 0.15619198352446093 -1.5249063451317573
885 -0.48756698160530626 0.0 -1.6072929356182515
886 -0.48962002209772604 0.16736943989137085 -1.5861128694702809
887 -0.7156681580367072 0.5433080122279169 -1.5027302260800195
888 -0.895915926856875 0.3833519387817445 -1.531865221700315
889 -0.8956921662476066 0.5630556342577456 -1.4587478005053522
890 -0.6980061829012831 0.1851600397511839 -1.6084401937060713
891 -0.8468722403028692 0.0 -1.5843865232039513
892 -0.8761681404150792 0.19057232018763023 -1.5711313932740347
893 -1.0247653747114671 0.19115057452001416 -1.4654763819734173
894 -1.0902066604304073 0.0 -1.3284206593539452
895 -1.1177534376563771 0.1838980094349917 -1.301651447091369
896 -0.3136016812073863 0.4642218817041925 -1.423354127739996
897 -0.5044764776615477 0.34079537772640295 -1.5467790406417046
898 -0.5102967236622019 0.5102967236622019 -1.4811925128559102
899 -0.858859243595879 0.7375191524101331 -0.12134009118574589
900 -0.8897294884741638 0.6221621746099264 -0.11605257169700313
901 -0.9091028155238452 0.5582022265235036 -0.3509005890003416
902 -0.9291860156823643 0.44252044230955284 -0.33594466818389607
903 -0.9020679280107229 0.5275771081965946 -0.2257440695284574
904 -0.9124538975895926 0.5088454333533409 -0.11067722093282978
905 -0.9249487992849935 0.40139508033584054 -0.10647803823454823
906 -1.042403893737155 0.4023528846710771 -0.6400510090660778
907 -1.0495265430201262 0.262645844667122 -0.6138187173588829
908 -0.9831734877516328 0.3554636913765543 -0.46823172037019267
909 -1.1461314416970823 0.16192606027514803 -0.9842053814219341
910 -1.1314926850394362 0.0 -0.9285920485896385
911 -1.1067931581001038 0.14436544365236545 -0.7739485394238955
912 -1.0465369541843301 0.12694099066112752 -0.5836191301050616
913 -1.0400093014508114 0.0 -0.5558965531178625
914 -0.9899470885354263 0.11396049600230555 -0.4296020400675985
915 -0.9268712739049797 0.2861175533886599 -0.09780509883681045
916 -0.9200094112107774 0.18672972650346956 -0.09423404608219842
917 -0.9448881498775407 0.099706271507534 -0.29167921509736505
918 -0.9480414667082312 0.0 -0.2875852348481826
919 -0.9216321407876505 0.09440025783162473 -0.1870590838408905
920 -0.911450894034796 0.09064942754138353 -0.09064942754138353
921 -0.9082351620488182 0.0 -0.08945335568850958
922 -0.9410188321203218 0.32419744413206153 -0.32419744413206153
923 -0.9447950627125737 0.2081627574534454 -0.3081415462880363
924 -0.9258789534141687 0.3019721245806144 -0.20399504995025255
925 -0.2992762566073655 0.9672760668540261 -0.9672760668540261
926 -0.6941249636481659 0.8714304073343405 -1.210944483610157
927 -0.4884095361007508 0.932016082468076 -1.0938615007673556
928 -0.4587949192664019 1.0275354223011304 -0.8755034693317731
929 -0.5949171789406107 1.0378702881635697 -0.7468812486582624
930 -1.0725722346000348 0.5620659529268285 -1.2588253532214955
931 -0.9253653363164215 0.7370860312262103 -1.2858927573622094
932 -1.1440811193391163 0.353979930222596 -1.1440811193391163
933 -1.1099979604665102 0.49561447090323163 -0.9457650259523835
934 -1.0316665822806441 0.5913611553749129 -0.7424168838440942
935 -0.708114389972297 0.9839996482621403 -0.5640380127448125
936 -0.7692966501132608 0.9028856948474537 -0.40313877311076235
937 -0.928165365609122 0.6679344376011657 -0.5320332677367625
938 -0.8590059245038343 0.7319092371486673 -0.38354644056893655
939 -0.8157783126613994 0.8157783126613994 -0.2524026883336718
940 -0.8737645577850871 0.8737645577850871 -1.0485174693421044
941 -0.9454823299897206 0.7879019416581006 -0.7879019416581006
942 -0.7873947136279434 0.9448736563535322 -0.7873947136279434
943 -0.9130159750194687 -0.0908050845232846 -0.0908050845232846
944 -0.9550073887617339 -0.10077407152150152 -0.29480294107012356
945 -0.9278059529677425 -0.09503262451656545 -0.1883121517397886
946 -0.9231054694805148 -0.18735811802523236 -0.09455116685738661
947 -0.9313968278060423 -0.28751455472676946 -0.09828264330177151
948 -1.0485961980971492 -0.1271907691914135 -0.5847675024929342
949 -0.9999498929804109 -0.11511199649073163 -0.43394290358013243
950 -1.1204105797298847 -0.15829220320281936 -0.9621183765270652
951 -1.0947943286037256 -0.14280036680772068 -0.7655581039612664
952 -1.0521461832402614 -0.26330141419313086 -0.6153508217259036
953 -1.0509465838741519 -0.4056502399861548 -0.6452963438879971
954 -1.007540211944895 -0.36427341401085656 -0.4798362574442024
955 -0.9321893582706501 -0.4045372269692225 -0.10731155520014699
956 -0.9233711495979465 -0.5149336245966394 -0.11200144248057031
957 -0.96380374361426 -0.45900697139805235 -0.3484606132444991
958 -0.9575489472298968 -0.5879488493729623 -0.36960009785693443
959 -0.9322501750520439 -0.5452292850654147 -0.2332972293992959
960 -0.9067624721052485 -0.6340728488915945 -0.11827428243006011
961 -0.8835310610966955 -0.7587053223993351 -0.12482573869736048
962 -0.9636806013521108 -0.2123237294508145 -0.3143009974838982
963 -0.9669345127002913 -0.3331258493033352 -0.3331258493033352
964 -0.9416892820385359 -0.3071286069775981 -0.2074784737450852
965 -1.0014685189776 -0.18680498725883998 -1.4321604711369131
966 -1.0858652212540136 -0.17865161132672688 -1.2645168325807405
967 -0.7007754741782816 -0.18589464940865186 -1.614821568981989
968 -0.8669849490936381 -0.1885749158126836 -1.5546642341637724
969 -0.8824022926011055 -0.3775696128551241 -1.5087591849454864
970 -0.7334934734240885 -0.5568403128643203 -1.540159081788105
971 -0.8914021010223069 -0.5603587865153367 -1.4517608875376433
972 -0.3163999667332337 -0.15967275057831562 -1.5588891632417359
973 -0.4978241171252006 -0.1701738897251032 -1.612689847776199
974 -0.14635600545571162 -0.14635600545571162 -1.4715626522745704
975 -0.14978431931458117 -0.2968055192676663 -1.4623481549440442
976 -0.1513841361994403 -0.44285685701835587 -1.4346246651444619
977 -0.5425070489210171 -0.7146130954909639 -1.500514849637615
978 -0.3477106504666875 -0.8126201492050572 -1.3894434820322288
979 -0.5467123677063188 -0.8696937836183182 -1.4164061513246369
980 -0.15959953397158874 -0.6016495872977368 -1.3864023019309142
981 -0.15991559479985593 -0.7352219313970213 -1.3183887933818195
982 -0.16022884707982363 -0.8589928381311236 -1.2284116419525917
983 -0.15826163280350902 -0.9619325660932022 -1.1201941988967112
984 -0.5217577851925961 -0.35246963805058984 -1.5997653848372066
985 -0.33494200768911475 -0.49581178414791843 -1.5202121600953782
986 -0.538332064927369 -0.538332064927369 -1.562568182445383
987 -0.8251930404302419 -0.9609576486366019 -0.13576460820636002
988 -0.7609321792958011 -1.088178976924873 -0.14193748816319293
989 -0.7313966494629004 -1.1911718042268196 -0.4597751547639193
990 -0.6007406699080089 -1.2614102675503158 -0.45605943979338925
991 -0.6979584801667915 -1.1933913550452164 -0.2986482643519779
992 -0.6672678629613551 -1.1965345906378253 -0.14513513898250688
993 -0.5501964329977257 -1.2678369890491474 -0.14595056018182329
994 -0.4837098269183989 -1.2531810413907292 -0.7694712144723301
995 -0.30582322318373634 -1.222062319737428 -0.7147267790629517
996 -0.4599967872942251 -1.2723005378333254 -0.6059271095887319
997 -0.15229980077225008 -1.0779956600726839 -0.9256958593004337
998 -0.14714201386373227 -1.1280800314347326 -0.7888338361079822
999 -0.1411819601391218 -1.1639434809847866 -0.6490928764128008
1000 -0.1372029963120429 -1.1918490310422645 -0.517220345529633
1001 -0.4012607228411071 -1.2998749393140538 -0.13716510641167792
1002 -0.262163670794903 -1.2916692426280252 -0.13230214544498975
1003 -0.128511558954071 -1.217867716263116 -0.37594576629846
1004 -0.12718424940287412 -1.241703092174954 -0.2520222901798349
1005 -0.12531358205678708 -1.2599878399476778 -0.12531358205678708
1006 -0.4424363994346688 -1.2842204385606941 -0.4424363994346688
1007 -0.27818013142025994 -1.2625851901936669 -0.4117876650515579
1008 -0.4219521902354383 -1.2937507156615342 -0.2850467017220255
1009 -1.097760254908215 -0.33964820489129055 -1.097760254908215
1010 -0.9424726866426101 -0.7507126373479842 -1.3096652254013426
1011 -1.0420235063508472 -0.5460573341129308 -1.2229718112518104
1012 -1.0872338831209454 -0.4854503025434261 -0.9263690730152612
1013 -1.055053287165571 -0.6047666383659285 -0.7592466279322143
1014 -0.5559276604886554 -1.060858730156728 -1.2450777883558006
1015 -0.7589566041323969 -0.9528224704844614 -1.3240473419127292
1016 -0.33906151659536526 -1.0958640485275786 -1.0958640485275786
1017 -0.5320100906944074 -1.1915110439414431 -1.0152176071767025
1018 -0.6958662071079293 -1.2139821919085891 -0.8736164294151989
1019 -0.9953995106178919 -0.7163180581261099 -0.5705725229146673
1020 -0.9369048299330556 -0.7982823864146047 -0.4183283286203509
1021 -0.8215135352215804 -1.1415797237678613 -0.6543644196631473
1022 -0.868406379531513 -1.019205916570462 -0.4550757920944424
1023 -0.8795733826972195 -0.8795733826972195 -0.27214095169463864
1024 -0.9399318329664759 -0.9399318329664759 -1.127918199559771
1025 -0.8945834992151914 -1.0735001990582296 -0.8945834992151914
1026 -1.0142922879790155 -0.8452435733158462 -0.8452435733158462
$EndNodes
$Elements
2048
1 2 2 1 2 1 259 261
2 2 2 1 2 259 67 260
3 2 2 1 2 261 260 69
4 2 2 1 2 259 260 261
5 2 2 1 2 67 262 264
6 2 2 1 2 262 19 263
7 2 2 1 2 264 263 68
8 2 2 1 2 262 263 264
9 2 2 1 2 69 265 267
10 2 2 1 2 265 68 266
11 2 2 1 2 267 266 21
12 2 2 1 2 265 266 267
13 2 2 1 2 67 264 260
14 2 2 1 2 264 68 265
15 2 2 1 2 260 265 69
16 2 2 1 2 264 265 260
17 2 2 1 2 19 268 270
18 2 2 1 2 268 70 269
19 2 2 1 2 270 269 72
20 2 2 1 2 268 269 270
21 2 2 1 2 70 271 273
22 2 2 1 2 271 7 272
23 2 2 1 2 273 272 71
24 2 2 1 2 271 272 273
25 2 2 1 2 72 274 276
26 2 2 1 2 274 71 275
27 2 2 1 2 276 275 20
28 2 2 1 2 274 275 276
29 2 2 1 2 70 273 269
30 2 2 1 2 273 71 274
31 2 2 1 2 269 274 72
32 2 2 1 2 273 274 269
33 2 2 1 2 21 277 279
34 2 2 1 2 277 73 278
35 2 2 1 2 279 278 75
36 2 2 1 2 277 278 279
37 2 2 1 2 73 280 282
38 2 2 1 2 280 20 281
39 2 2 1 2 282 281 74
40 2 2 1 2 280 281 282
41 2 2 1 2 75 283 285
42 2 2 1 2 283 74 284
43 2 2 1 2 285 284 9
44 2 2 1 2 283 284 285
45 2 2 1 2 73 282 278
46 2 2 1 2 282 74 283
47 2 2 1 2 278 283 75
48 2 2 1 2 282 283 278
49 2 2 1 2 19 270 263
50 2 2 1 2 270 72 286
51 2 2 1 2 263 286 68
52 2 2 1 2 270 286 263
53 2 2 1 2 72 276 287
54 2 2 1 2 276 20 280
55 2 2 1 2 287 280 73
56 2 2 1 2 276 280 287
57 2 2 1 2 68 288 266
58 2 2 1 2 288 73 277
59 2 2 1 2 266 277 21
60 2 2 1 2 288 277 266
61 2 2 1 2 72 287 286
62 2 2 1 2 287 73 288
63 2 2 1 2 286 288 68
64 2 2 1 2 287 288 286
65 2 2 1 2 7 289 291
66 2 2 1 2 289 76 290
67 2 2 1 2 291 290 78
68 2 2 1 2 289 290 291
69 2 2 1 2 76 292 294
70 2 2 1 2 292 22 293
71 2 2 1 2 294 293 77
72 2 2 1 2 292 293 294
73 2 2 1 2 78 295 297
74 2 2 1 2 295 77 296
75 2 2 1 2 297 296 24
76 2 2 1 2 295 296 297
77 2 2 1 2 76 294 290
78 2 2 1 2 294 77 295
79 2 2 1 2 290 295 78
80 2 2 1 2 294 295 290
81 2 2 1 2 22 298 300
82 2 2 1 2 298 79 299
83 2 2 1 2 300 299 81
84 2 2 1 2 298 299 300
85 2 2 1 2 79 301 303
86 2 2 1 2 301 2 302
87 2 2 1 2 303 302 80
88 2 2 1 2 301 302 303
89 2 2 1 2 81 304 306
90 2 2 1 2 304 80 305
91 2 2 1 2 306 305 23
92 2 2 1 2 304 305 306
93 2 2 1 2 79 303 299
94 2 2 1 2 303 80 304
95 2 2 1 2 299 304 81
96 2 2 1 2 303 304 299
97 2 2 1 2 24 307 309
98 2 2 1 2 307 82 308
99 2 2 1 2 309 308 84
100 2 2 1 2 307 308 309
101 2 2 1 2 82 310 312
102 2 2 1 2 310 23 311
103 2 2 1 2 312 311 83
104 2 2 1 2 310 311 312
105 2 2 1 2 84 313 315
106 2 2 1 2 313 83 314
107 2 2 1 2 315 314 8
108 2 2 1 2 313 314 315
109 2 2 1 2 82 312 308
110 2 2 1 2 312 83 313
111 2 2 1 2 308 313 84
112 2 2 1 2 312 313 308
113 2 2 1 2 22 300 293
114 2 2 1 2 300 81 316
115 2 2 1 2 293 316 77
116 2 2 1 2 300 316 293
117 2 2 1 2 81 306 317
118 2 2 1 2 306 23 310
119 2 2 1 2 317 310 82
120 2 2 1 2 306 310 317
121 2 2 1 2 77 318 296
122 2 2 1 2 318 82 307
123 2 2 1 2 296 307 24
124 2 2 1 2 318 307 296
125 2 2 1 2 81 317 316
126 2 2 1 2 317 82 318
127 2 2 1 2 316 318 77
128 2 2 1 2 317 318 316
129 2 2 1 2 9 319 321
130 2 2 1 2 319 85 320
131 2 2 1 2 321 320 87
132 2 2 1 2 319 320 321
133 2 2 1 2 85 322 324
134 2 2 1 2 322 25 323
135 2 2 1 2 324 323 86
136 2 2 1 2 322 323 324
137 2 2 1 2 87 325 327
138 2 2 1 2 325 86 326
139 2 2 1 2 327 326 27
140 2 2 1 2 325 326 327
141 2 2 1 2 85 324 320
142 2 2 1 2 324 86 325
143 2 2 1 2 320 325 87
144 2 2 1 2 324 325 320
145 2 2 1 2 25 328 330
146 2 2 1 2 328 88 329
147 2 2 1 2 330 329 90
148 2 2 1 2 328 329 330
149 2 2 1 2 88 331 333
150 2 2 1 2 331 8 332
151 2 2 1 2 333 332 89
152 2 2 1 2 331 332 333
153 2 2 1 2 90 334 336
154 2 2 1 2 334 89 335
155 2 2 1 2 336 335 26
156 2 2 1 2 334 335 336
157 2 2 1 2 88 333 329
158 2 2 1 2 333 89 334
159 2 2 1 2 329 334 90
160 2 2 1 2 333 334 329
161 2 2 1 2 27 337 339
162 2 2 1 2 337 91 338
163 2 2 1 2 339 338 93
164 2 2 1 2 337 338 339
165 2 2 1 2 91 340 342
166 2 2 1 2 340 26 341
167 2 2 1 2 342 341 92
168 2 2 1 2 340 341 342
169 2 2 1 2 93 343 345
170 2 2 1 2 343 92 344
171 2 2 1 2 345 344 3
172 2 2 1 2 343 344 345
173 2 2 1 2 91 342 338
174 2 2 1 2 342 92 343
175 2 2 1 2 338 343 93
176 2 2 1 2 342 343 338
177 2 2 1 2 25 330 323
178 2 2 1 2 330 90 346
179 2 2 1 2 323 346 86
180 2 2 1 2 330 346 323
181 2 2 1 2 90 336 347
182 2 2 1 2 336 26 340
183 2 2 1 2 347 340 91
184 2 2 1 2 336 340 347
185 2 2 1 2 86 348 326
186 2 2 1 2 348 91 337
187 2 2 1 2 326 337 27
188 2 2 1 2 348 337 326
189 2 2 1 2 90 347 346
190 2 2 1 2 347 91 348
191 2 2 1 2 346 348 86
192 2 2 1 2 347 348 346
193 2 2 1 2 7 291 272
194 2 2 1 2 291 78 349
195 2 2 1 2 272 349 71
196 2 2 1 2 291 349 272
197 2 2 1 2 78 297 351
198 2 2 1 2 297 24 350
199 2 2 1 2 351 350 94
200 2 2 1 2 297 350 351
201 2 2 1 2 71 352 275
202 2 2 1 2 352 94 353
203 2 2 1 2 275 353 20
204 2 2 1 2 352 353 275
205 2 2 1 2 78 351 349
206 2 2 1 2 351 94 352
207 2 2 1 2 349 352 71
208 2 2 1 2 351 352 349
209 2 2 1 2 24 309 355
210 2 2 1 2 309 84 354
211 2 2 1 2 355 354 95
212 2 2 1 2 309 354 355
213 2 2 1 2 84 315 356
214 2 2 1 2 315 8 331
215 2 2 1 2 356 331 88
216 2 2 1 2 315 331 356
217 2 2 1 2 95 357 358
218 2 2 1 2 357 88 328
219 2 2 1 2 358 328 25
220 2 2 1 2 357 328 358
221 2 2 1 2 84 356 354
222 2 2 1 2 356 88 357
223 2 2 1 2 354 357 95
224 2 2 1 2 356 357 354
225 2 2 1 2 20 359 281
226 2 2 1 2 359 96 360
227 2 2 1 2 281 360 74
228 2 2 1 2 359 360 281
229 2 2 1 2 96 361 362
230 2 2 1 2 361 25 322
231 2 2 1 2 362 322 85
232 2 2 1 2 361 322 362
233 2 2 1 2 74 363 284
234 2 2 1 2 363 85 319
235 2 2 1 2 284 319 9
236 2 2 1 2 363 319 284
237 2 2 1 2 96 362 360
238 2 2 1 2 362 85 363
239 2 2 1 2 360 363 74
240 2 2 1 2 362 363 360
241 2 2 1 2 24 355 350
242 2 2 1 2 355 95 364
243 2 2 1 2 350 364 94
244 2 2 1 2 355 364 350
245 2 2 1 2 95 358 365
246 2 2 1 2 358 25 361
247 2 2 1 2 365 361 96
248 2 2 1 2 358 361 365
249 2 2 1 2 94 366 353
250 2 2 1 2 366 96 359
251 2 2 1 2 353 359 20
252 2 2 1 2 366 359 353
253 2 2 1 2 95 365 364
254 2 2 1 2 365 96 366
255 2 2 1 2 364 366 94
256 2 2 1 2 365 366 364
257 2 2 1 2 2 367 302
258 2 2 1 2 367 97 368
259 2 2 1 2 302 368 80
260 2 2 1 2 367 368 302
261 2 2 1 2 97 369 371
262 2 2 1 2 369 28 370
263 2 2 1 2 371 370 98
264 2 2 1 2 369 370 371
265 2 2 1 2 80 372 305
266 2 2 1 2 372 98 373
267 2 2 1 2 305 373 23
268 2 2 1 2 372 373 305
269 2 2 1 2 97 371 368
270 2 2 1 2 371 98 372
271 2 2 1 2 368 372 80
272 2 2 1 2 371 372 368
273 2 2 1 2 28 374 376
274 2 2 1 2 374 99 375
275 2 2 1 2 376 375 101
276 2 2 1 2 374 375 376
277 2 2 1 2 99 377 379
278 2 2 1 2 377 10 378
279 2 2 1 2 379 378 100
280 2 2 1 2 377 378 379
281 2 2 1 2 101 380 382
282 2 2 1 2 380 100 381
283 2 2 1 2 382 381 29
284 2 2 1 2 380 381 382
285 2 2 1 2 99 379 375
286 2 2 1 2 379 100 380
287 2 2 1 2 375 380 101
288 2 2 1 2 379 380 375
289 2 2 1 2 23 383 311
290 2 2 1 2 383 102 384
291 2 2 1 2 311 384 83
292 2 2 1 2 383 384 311
293 2 2 1 2 102 385 387
294 2 2 1 2 385 29 386
295 2 2 1 2 387 386 103
296 2 2 1 2 385 386 387
297 2 2 1 2 83 388 314
298 2 2 1 2 388 103 389
299 2 2 1 2 314 389 8
300 2 2 1 2 388 389 314
301 2 2 1 2 102 387 384
302 2 2 1 2 387 103 388
303 2 2 1 2 384 388 83
304 2 2 1 2 387 388 384
305 2 2 1 2 28 376 370
306 2 2 1 2 376 101 390
307 2 2 1 2 370 390 98
308 2 2 1 2 376 390 370
309 2 2 1 2 101 382 391
310 2 2 1 2 382 29 385
311 2 2 1 2 391 385 102
312 2 2 1 2 382 385 391
313 2 2 1 2 98 392 373
314 2 2 1 2 392 102 383
315 2 2 1 2 373 383 23
316 2 2 1 2 392 383 373
317 2 2 1 2 101 391 390
318 2 2 1 2 391 102 392
319 2 2 1 2 390 392 98
320 2 2 1 2 391 392 390
321 2 2 1 2 10 393 395
322 2 2 1 2 393 104 394
323 2 2 1 2 395 394 106
324 2 2 1 2 393 394 395
325 2 2 1 2 104 396 398
326 2 2 1 2 396 30 397
327 2 2 1 2 398 397 105
328 2 2 1 2 396 397 398
329 2 2 1 2 106 399 401
330 2 2 1 2 399 105 400
331 2 2 1 2 401 400 32
332 2 2 1 2 399 400 401
333 2 2 1 2 104 398 394
334 2 2 1 2 398 105 399
335 2 2 1 2 394 399 106
336 2 2 1 2 398 399 394
337 2 2 1 2 30 402 404
338 2 2 1 2 402 107 403
339 2 2 1 2 404 403 109
340 2 2 1 2 402 403 404
341 2 2 1 2 107 405 407
342 2 2 1 2 405 4 406
343 2 2 1 2 407 406 108
344 2 2 1 2 405 406 407
345 2 2 1 2 109 408 410
346 2 2 1 2 408 108 409
347 2 2 1 2 410 409 31
348 2 2 1 2 408 409 410
349 2 2 1 2 107 407 403
350 2 2 1 2 407 108 408
351 2 2 1 2 403 408 109
352 2 2 1 2 407 408 403
353 2 2 1 2 32 411 413
354 2 2 1 2 411 110 412
355 2 2 1 2 413 412 112
356 2 2 1 2 411 412 413
357 2 2 1 2 110 414 416
358 2 2 1 2 414 31 415
359 2 2 1 2 416 415 111
360 2 2 1 2 414 415 416
361 2 2 1 2 112 417 419
362 2 2 1 2 417 111 418
363 2 2 1 2 419 418 11
364 2 2 1 2 417 418 419
365 2 2 1 2 110 416 412
366 2 2 1 2 416 111 417
367 2 2 1 2 412 417 112
368 2 2 1 2 416 417 412
369 2 2 1 2 30 404 397
370 2 2 1 2 404 109 420
371 2 2 1 2 397 420 105
372 2 2 1 2 404 420 397
373 2 2 1 2 109 410 421
374 2 2 1 2 410 31 414
375 2 2 1 2 421 414 110
376 2 2 1 2 410 414 421
377 2 2 1 2 105 422 400
378 2 2 1 2 422 110 411
379 2 2 1 2 400 411 32
380 2 2 1 2 422 411 400
381 2 2 1 2 109 421 420
382 2 2 1 2 421 110 422
383 2 2 1 2 420 422 105
384 2 2 1 2 421 422 420
385 2 2 1 2 8 423 332
386 2 2 1 2 423 113 424
387 2 2 1 2 332 424 89
388 2 2 1 2 423 424 332
389 2 2 1 2 113 425 427
390 2 2 1 2 425 33 426
391 2 2 1 2 427 426 114
392 2 2 1 2 425 426 427
393 2 2 1 2 89 428 335
394 2 2 1 2 428 114 429
395 2 2 1 2 335 429 26
396 2 2 1 2 428 429 335
397 2 2 1 2 113 427 424
398 2 2 1 2 427 114 428
399 2 2 1 2 424 428 89
400 2 2 1 2 427 428 424
401 2 2 1 2 33 430 432
402 2 2 1 2 430 115 431
403 2 2 1 2 432 431 117
404 2 2 1 2 430 431 432
405 2 2 1 2 115 433 435
406 2 2 1 2 433 11 434
407 2 2 1 2 435 434 116
408 2 2 1 2 433 434 435
409 2 2 1 2 117 436 438
410 2 2 1 2 436 116 437
411 2 2 1 2 438 437 34
412 2 2 1 2 436 437 438
413 2 2 1 2 115 435 431
414 2 2 1 2 435 116 436
415 2 2 1 2 431 436 117
416 2 2 1 2 435 436 431
417 2 2 1 2 26 439 341
418 2 2 1 2 439 118 440
419 2 2 1 2 341 440 92
420 2 2 1 2 439 440 341
421 2 2 1 2 118 441 443
422 2 2 1 2 441 34 442
423 2 2 1 2 443 442 119
424 2 2 1 2 441 442 443
425 2 2 1 2 92 444 344
426 2 2 1 2 444 119 445
427 2 2 1 2 344 445 3
428 2 2 1 2 444 445 344
429 2 2 1 2 118 443 440
430 2 2 1 2 443 119 444
431 2 2 1 2 440 444 92
432 2 2 1 2 443 444 440
433 2 2 1 2 33 432 426
434 2 2 1 2 432 117 446
435 2 2 1 2 426 446 114
436 2 2 1 2 432 446 426
437 2 2 1 2 117 438 447
438 2 2 1 2 438 34 441
439 2 2 1 2 447 441 118
440 2 2 1 2 438 441 447
441 2 2 1 2 114 448 429
442 2 2 1 2 448 118 439
443 2 2 1 2 429 439 26
444 2 2 1 2 448 439 429
445 2 2 1 2 117 447 446
446 2 2 1 2 447 118 448
447 2 2 1 2 446 448 114
448 2 2 1 2 447 448 446
449 2 2 1 2 10 395 378
450 2 2 1 2 395 106 449
451 2 2 1 2 378 449 100
452 2 2 1 2 395 449 378
453 2 2 1 2 106 401 451
454 2 2 1 2 401 32 450
455 2 2 1 2 451 450 120
456 2 2 1 2 401 450 451
457 2 2 1 2 100 452 381
458 2 2 1 2 452 120 453
459 2 2 1 2 381 453 29
460 2 2 1 2 452 453 381
461 2 2 1 2 106 451 449
462 2 2 1 2 451 120 452
463 2 2 1 2 449 452 100
464 2 2 1 2 451 452 449
465 2 2 1 2 32 413 455
466 2 2 1 2 413 112 454
467 2 2 1 2 455 454 121
468 2 2 1 2 413 454 455
469 2 2 1 2 112 419 456
470 2 2 1 2 419 11 433
471 2 2 1 2 456 433 115
472 2 2 1 2 419 433 456
473 2 2 1 2 121 457 458
474 2 2 1 2 457 115 430
475 2 2 1 2 458 430 33
476 2 2 1 2 457 430 458
477 2 2 1 2 112 456 454
478 2 2 1 2 456 115 457
479 2 2 1 2 454 457 121
480 2 2 1 2 456 457 454
481 2 2 1 2 29 459 386
482 2 2 1 2 459 122 460
483 2 2 1 2 386 460 103
484 2 2 1 2 459 460 386
485 2 2 1 2 122 461 462
486 2 2 1 2 461 33 425
487 2 2 1 2 462 425 113
488 2 2 1 2 461 425 462
489 2 2 1 2 103 463 389
490 2 2 1 2 463 113 423
491 2 2 1 2 389 423 8
492 2 2 1 2 463 423 389
493 2 2 1 2 122 462 460
494 2 2 1 2 462 113 463
495 2 2 1 2 460 463 103
496 2 2 1 2 462 463 460
497 2 2 1 2 32 455 450
498 2 2 1 2 455 121 464
499 2 2 1 2 450 464 120
500 2 2 1 2 455 464 450
501 2 2 1 2 121 458 465
502 2 2 1 2 458 33 461
503 2 2 1 2 465 461 122
504 2 2 1 2 458 461 465
505 2 2 1 2 120 466 453
506 2 2 1 2 466 122 459
507 2 2 1 2 453 459 29
508 2 2 1 2 466 459 453
509 2 2 1 2 121 465 464
510 2 2 1 2 465 122 466
511 2 2 1 2 464 466 120
512 2 2 1 2 465 466 464
513 2 2 1 2 4 467 406
514 2 2 1 2 467 123 468
515 2 2 1 2 406 468 108
516 2 2 1 2 467 468 406
517 2 2 1 2 123 469 471
518 2 2 1 2 469 35 470
519 2 2 1 2 471 470 124
520 2 2 1 2 469 470 471
521 2 2 1 2 108 472 409
522 2 2 1 2 472 124 473
523 2 2 1 2 409 473 31
524 2 2 1 2 472 473 409
525 2 2 1 2 123 471 468
526 2 2 1 2 471 124 472
527 2 2 1 2 468 472 108
528 2 2 1 2 471 472 468
529 2 2 1 2 35 474 476
530 2 2 1 2 474 125 475
531 2 2 1 2 476 475 127
532 2 2 1 2 474 475 476
533 2 2 1 2 125 477 479
534 2 2 1 2 477 12 478
535 2 2 1 2 479 478 126
536 2 2 1 2 477 478 479
537 2 2 1 2 127 480 482
538 2 2 1 2 480 126 481
539 2 2 1 2 482 481 36
540 2 2 1 2 480 481 482
541 2 2 1 2 125 479 475
542 2 2 1 2 479 126 480
543 2 2 1 2 475 480 127
544 2 2 1 2 479 480 475
545 2 2 1 2 31 483 415
546 2 2 1 2 483 128 484
547 2 2 1 2 415 484 111
548 2 2 1 2 483 484 415
549 2 2 1 2 128 485 487
550 2 2 1 2 485 36 486
551 2 2 1 2 487 486 129
552 2 2 1 2 485 486 487
553 2 2 1 2 111 488 418
554 2 2 1 2 488 129 489
555 2 2 1 2 418 489 11
556 2 2 1 2 488 489 418
557 2 2 1 2 128 487 484
558 2 2 1 2 487 129 488
559 2 2 1 2 484 488 111
560 2 2 1 2 487 488 484
561 2 2 1 2 35 476 470
562 2 2 1 2 476 127 490
563 2 2 1 2 470 490 124
564 2 2 1 2 476 490 470
565 2 2 1 2 127 482 491
566 2 2 1 2 482 36 485
567 2 2 1 2 491 485 128
568 2 2 1 2 482 485 491
569 2 2 1 2 124 492 473
570 2 2 1 2 492 128 483
571 2 2 1 2 473 483 31
572 2 2 1 2 492 483 473
573 2 2 1 2 127 491 490
574 2 2 1 2 491 128 492
575 2 2 1 2 490 492 124
576 2 2 1 2 491 492 490
577 2 2 1 2 12 493 495
578 2 2 1 2 493 130 494
579 2 2 1 2 495 494 132
580 2 2 1 2 493 494 495
581 2 2 1 2 130 496 498
582 2 2 1 2 496 37 497
583 2 2 1 2 498 497 131
584 2 2 1 2 496 497 498
585 2 2 1 2 132 499 501
586 2 2 1 2 499 131 500
587 2 2 1 2 501 500 39
588 2 2 1 2 499 500 501
589 2 2 1 2 130 498 494
590 2 2 1 2 498 131 499
591 2 2 1 2 494 499 132
592 2 2 1 2 498 499 494
593 2 2 1 2 37 502 504
594 2 2 1 2 502 133 503
595 2 2 1 2 504 503 135
596 2 2 1 2 502 503 504
597 2 2 1 2 133 505 507
598 2 2 1 2 505 5 506
599 2 2 1 2 507 506 134
600 2 2 1 2 505 506 507
601 2 2 1 2 135 508 510
602 2 2 1 2 508 134 509
603 2 2 1 2 510 509 38
604 2 2 1 2 508 509 510
605 2 2 1 2 133 507 503
606 2 2 1 2 507 134 508
607 2 2 1 2 503 508 135
608 2 2 1 2 507 508 503
609 2 2 1 2 39 511 513
610 2 2 1 2 511 136 512
611 2 2 1 2 513 512 138
612 2 2 1 2 511 512 513
613 2 2 1 2 136 514 516
614 2 2 1 2 514 38 515
615 2 2 1 2 516 515 137
616 2 2 1 2 514 515 516
617 2 2 1 2 138 517 519
618 2 2 1 2 517 137 518
619 2 2 1 2 519 518 13
620 2 2 1 2 517 518 519
621 2 2 1 2 136 516 512
622 2 2 1 2 516 137 517
623 2 2 1 2 512 517 138
624 2 2 1 2 516 517 512
625 2 2 1 2 37 504 497
626 2 2 1 2 504 135 520
627 2 2 1 2 497 520 131
628 2 2 1 2 504 520 497
629 2 2 1 2 135 510 521
630 2 2 1 2 510 38 514
631 2 2 1 2 521 514 136
632 2 2 1 2 510 514 521
633 2 2 1 2 131 522 500
634 2 2 1 2 522 136 511
635 2 2 1 2 500 511 39
636 2 2 1 2 522 511 500
637 2 2 1 2 135 521 520
638 2 2 1 2 521 136 522
639 2 2 1 2 520 522 131
640 2 2 1 2 521 522 520
641 2 2 1 2 11 523 434
642 2 2 1 2 523 139 524
643 2 2 1 2 434 524 116
644 2 2 1 2 523 524 434
645 2 2 1 2 139 525 527
646 2 2 1 2 525 40 526
647 2 2 1 2 527 526 140
648 2 2 1 2 525 526 527
649 2 2 1 2 116 528 437
650 2 2 1 2 528 140 529
651 2 2 1 2 437 529 34
652 2 2 1 2 528 529 437
653 2 2 1 2 139 527 524
654 2 2 1 2 527 140 528
655 2 2 1 2 524 528 116
656 2 2 1 2 527 528 524
657 2 2 1 2 40 530 532
658 2 2 1 2 530 141 531
659 2 2 1 2 532 531 143
660 2 2 1 2 530 531 532
661 2 2 1 2 141 533 535
662 2 2 1 2 533 13 534
663 2 2 1 2 535 534 142
664 2 2 1 2 533 534 535
665 2 2 1 2 143 536 538
666 2 2 1 2 536 142 537
667 2 2 1 2 538 537 41
668 2 2 1 2 536 537 538
669 2 2 1 2 141 535 531
670 2 2 1 2 535 142 536
671 2 2 1 2 531 536 143
672 2 2 1 2 535 536 531
673 2 2 1 2 34 539 442
674 2 2 1 2 539 144 540
675 2 2 1 2 442 540 119
676 2 2 1 2 539 540 442
677 2 2 1 2 144 541 543
678 2 2 1 2 541 41 542
679 2 2 1 2 543 542 145
680 2 2 1 2 541 542 543
681 2 2 1 2 119 544 445
682 2 2 1 2 544 145 545
683 2 2 1 2 445 545 3
684 2 2 1 2 544 545 445
685 2 2 1 2 144 543 540
686 2 2 1 2 543 145 544
687 2 2 1 2 540 544 119
688 2 2 1 2 543 544 540
689 2 2 1 2 40 532 526
690 2 2 1 2 532 143 546
691 2 2 1 2 526 546 140
692 2 2 1 2 532 546 526
693 2 2 1 2 143 538 547
694 2 2 1 2 538 41 541
695 2 2 1 2 547 541 144
696 2 2 1 2 538 541 547
697 2 2 1 2 140 548 529
698 2 2 1 2 548 144 539
699 2 2 1 2 529 539 34
700 2 2 1 2 548 539 529
701 2 2 1 2 143 547 546
702 2 2 1 2 547 144 548
703 2 2 1 2 546 548 140
704 2 2 1 2 547 548 546
705 2 2 1 2 12 495 478
706 2 2 1 2 495 132 549
707 2 2 1 2 478 549 126
708 2 2 1 2 495 549 478
709 2 2 1 2 132 501 551
710 2 2 1 2 501 39 550
711 2 2 1 2 551 550 146
712 2 2 1 2 501 550 551
713 2 2 1 2 126 552 481
714 2 2 1 2 552 146 553
715 2 2 1 2 481 553 36
716 2 2 1 2 552 553 481
717 2 2 1 2 132 551 549
718 2 2 1 2 551 146 552
719 2 2 1 2 549 552 126
720 2 2 1 2 551 552 549
721 2 2 1 2 39 513 555
722 2 2 1 2 513 138 554
723 2 2 1 2 555 554 147
724 2 2 1 2 513 554 555
725 2 2 1 2 138 519 556
726 2 2 1 2 519 13 533
727 2 2 1 2 556 533 141
728 2 2 1 2 519 533 556
729 2 2 1 2 147 557 558
730 2 2 1 2 557 141 530
731 2 2 1 2 558 530 40
732 2 2 1 2 557 530 558
733 2 2 1 2 138 556 554
734 2 2 1 2 556 141 557
735 2 2 1 2 554 557 147
736 2 2 1 2 556 557 554
737 2 2 1 2 36 559 486
738 2 2 1 2 559 148 560
739 2 2 1 2 486 560 129
740 2 2 1 2 559 560 486
741 2 2 1 2 148 561 562
742 2 2 1 2 561 40 525
743 2 2 1 2 562 525 139
744 2 2 1 2 561 525 562
745 2 2 1 2 129 563 489
746 2 2 1 2 563 139 523
747 2 2 1 2 489 523 11
748 2 2 1 2 563 523 489
749 2 2 1 2 148 562 560
750 2 2 1 2 562 139 563
751 2 2 1 2 560 563 129
752 2 2 1 2 562 563 560
753 2 2 1 2 39 555 550
754 2 2 1 2 555 147 564
755 2 2 1 2 550 564 146
756 2 2 1 2 555 564 550
757 2 2 1 2 147 558 565
758 2 2 1 2 558 40 561
759 2 2 1 2 565 561 148
760 2 2 1 2 558 561 565
761 2 2 1 2 146 566 553
762 2 2 1 2 566 148 559
763 2 2 1 2 553 559 36
764 2 2 1 2 566 559 553
765 2 2 1 2 147 565 564
766 2 2 1 2 565 148 566
767 2 2 1 2 564 566 146
768 2 2 1 2 565 566 564
769 2 2 1 2 5 567 506
770 2 2 1 2 567 149 568
771 2 2 1 2 506 568 134
772 2 2 1 2 567 568 506
773 2 2 1 2 149 569 571
774 2 2 1 2 569 42 570
775 2 2 1 2 571 570 150
776 2 2 1 2 569 570 571
777 2 2 1 2 134 572 509
778 2 2 1 2 572 150 573
779 2 2 1 2 509 573 38
780 2 2 1 2 572 573 509
781 2 2 1 2 149 571 568
782 2 2 1 2 571 150 572
783 2 2 1 2 568 572 134
784 2 2 1 2 571 572 568
785 2 2 1 2 42 574 576
786 2 2 1 2 574 151 575
787 2 2 1 2 576 575 153
788 2 2 1 2 574 575 576
789 2 2 1 2 151 577 579
790 2 2 1 2 577 14 578
791 2 2 1 2 579 578 152
792 2 2 1 2 577 578 579
793 2 2 1 2 153 580 582
794 2 2 1 2 580 152 581
795 2 2 1 2 582 581 43
796 2 2 1 2 580 581 582
797 2 2 1 2 151 579 575
798 2 2 1 2 579 152 580
799 2 2 1 2 575 580 153
800 2 2 1 2 579 580 575
801 2 2 1 2 38 583 515
802 2 2 1 2 583 154 584
803 2 2 1 2 515 584 137
804 2 2 1 2 583 584 515
805 2 2 1 2 154 585 587
806 2 2 1 2 585 43 586
807 2 2 1 2 587 586 155
808 2 2 1 2 585 586 587
809 2 2 1 2 137 588 518
810 2 2 1 2 588 155 589
811 2 2 1 2 518 589 13
812 2 2 1 2 588 589 518
813 2 2 1 2 154 587 584
814 2 2 1 2 587 155 588
815 2 2 1 2 584 588 137
816 2 2 1 2 587 588 584
817 2 2 1 2 42 576 570
818 2 2 1 2 576 153 590
819 2 2 1 2 570 590 150
820 2 2 1 2 576 590 570
821 2 2 1 2 153 582 591
822 2 2 1 2 582 43 585
823 2 2 1 2 591 585 154
824 2 2 1 2 582 585 591
825 2 2 1 2 150 592 573
826 2 2 1 2 592 154 583
827 2 2 1 2 573 583 38
828 2 2 1 2 592 583 573
829 2 2 1 2 153 591 590
830 2 2 1 2 591 154 592
831 2 2 1 2 590 592 150
832 2 2 1 2 591 592 590
833 2 2 1 2 14 593 595
834 2 2 1 2 593 156 594
835 2 2 1 2 595 594 158
836 2 2 1 2 593 594 595
837 2 2 1 2 156 596 598
838 2 2 1 2 596 44 597
839 2 2 1 2 598 597 157
840 2 2 1 2 596 597 598
841 2 2 1 2 158 599 601
842 2 2 1 2 599 157 600
843 2 2 1 2 601 600 45
844 2 2 1 2 599 600 601
845 2 2 1 2 156 598 594
846 2 2 1 2 598 157 599
847 2 2 1 2 594 599 158
848 2 2 1 2 598 599 594
849 2 2 1 2 44 602 604
850 2 2 1 2 602 159 603
851 2 2 1 2 604 603 160
852 2 2 1 2 602 603 604
853 2 2 1 2 159 605 606
854 2 2 1 2 605 1 261
855 2 2 1 2 606 261 69
856 2 2 1 2 605 261 606
857 2 2 1 2 160 607 608
858 2 2 1 2 607 69 267
859 2 2 1 2 608 267 21
860 2 2 1 2 607 267 608
861 2 2 1 2 159 606 603
862 2 2 1 2 606 69 607
863 2 2 1 2 603 607 160
864 2 2 1 2 606 607 603
865 2 2 1 2 45 609 611
866 2 2 1 2 609 161 610
867 2 2 1 2 611 610 162
868 2 2 1 2 609 610 611
869 2 2 1 2 161 612 613
870 2 2 1 2 612 21 279
871 2 2 1 2 613 279 75
872 2 2 1 2 612 279 613
873 2 2 1 2 162 614 615
874 2 2 1 2 614 75 285
875 2 2 1 2 615 285 9
876 2 2 1 2 614 285 615
877 2 2 1 2 161 613 610
878 2 2 1 2 613 75 614
879 2 2 1 2 610 614 162
880 2 2 1 2 613 614 610
881 2 2 1 2 44 604 597
882 2 2 1 2 604 160 616
883 2 2 1 2 597 616 157
884 2 2 1 2 604 616 597
885 2 2 1 2 160 608 617
886 2 2 1 2 608 21 612
887 2 2 1 2 617 612 161
888 2 2 1 2 608 612 617
889 2 2 1 2 157 618 600
890 2 2 1 2 618 161 609
891 2 2 1 2 600 609 45
892 2 2 1 2 618 609 600
893 2 2 1 2 160 617 616
894 2 2 1 2 617 161 618
895 2 2 1 2 616 618 157
896 2 2 1 2 617 618 616
897 2 2 1 2 13 619 534
898 2 2 1 2 619 163 620
899 2 2 1 2 534 620 142
900 2 2 1 2 619 620 534
901 2 2 1 2 163 621 623
902 2 2 1 2 621 46 622
903 2 2 1 2 623 622 164
904 2 2 1 2 621 622 623
905 2 2 1 2 142 624 537
906 2 2 1 2 624 164 625
907 2 2 1 2 537 625 41
908 2 2 1 2 624 625 537
909 2 2 1 2 163 623 620
910 2 2 1 2 623 164 624
911 2 2 1 2 620 624 142
912 2 2 1 2 623 624 620
913 2 2 1 2 46 626 628
914 2 2 1 2 626 165 627
915 2 2 1 2 628 627 166
916 2 2 1 2 626 627 628
917 2 2 1 2 165 629 630
918 2 2 1 2 629 9 321
919 2 2 1 2 630 321 87
920 2 2 1 2 629 321 630
921 2 2 1 2 166 631 632
922 2 2 1 2 631 87 327
923 2 2 1 2 632 327 27
924 2 2 1 2 631 327 632
925 2 2 1 2 165 630 627
926 2 2 1 2 630 87 631
927 2 2 1 2 627 631 166
928 2 2 1 2 630 631 627
929 2 2 1 2 41 633 542
930 2 2 1 2 633 167 634
931 2 2 1 2 542 634 145
932 2 2 1 2 633 634 542
933 2 2 1 2 167 635 636
934 2 2 1 2 635 27 339
935 2 2 1 2 636 339 93
936 2 2 1 2 635 339 636
937 2 2 1 2 145 637 545
938 2 2 1 2 637 93 345
939 2 2 1 2 545 345 3
940 2 2 1 2 637 345 545
941 2 2 1 2 167 636 634
942 2 2 1 2 636 93 637
943 2 2 1 2 634 637 145
944 2 2 1 2 636 637 634
945 2 2 1 2 46 628 622
946 2 2 1 2 628 166 638
947 2 2 1 2 622 638 164
948 2 2 1 2 628 638 622
949 2 2 1 2 166 632 639
950 2 2 1 2 632 27 635
951 2 2 1 2 639 635 167
952 2 2 1 2 632 635 639
953 2 2 1 2 164 640 625
954 2 2 1 2 640 167 633
955 2 2 1 2 625 633 41
956 2 2 1 2 640 633 625
957 2 2 1 2 166 639 638
958 2 2 1 2 639 167 640
959 2 2 1 2 638 640 164
960 2 2 1 2 639 640 638
961 2 2 1 2 14 595 578
962 2 2 1 2 595 158 641
963 2 2 1 2 578 641 152
964 2 2 1 2 595 641 578
965 2 2 1 2 158 601 643
966 2 2 1 2 601 45 642
967 2 2 1 2 643 642 168
968 2 2 1 2 601 642 643
969 2 2 1 2 152 644 581
970 2 2 1 2 644 168 645
971 2 2 1 2 581 645 43
972 2 2 1 2 644 645 581
973 2 2 1 2 158 643 641
974 2 2 1 2 643 168 644
975 2 2 1 2 641 644 152
976 2 2 1 2 643 644 641
977 2 2 1 2 45 611 647
978 2 2 1 2 611 162 646
979 2 2 1 2 647 646 169
980 2 2 1 2 611 646 647
981 2 2 1 2 162 615 648
982 2 2 1 2 615 9 629
983 2 2 1 2 648 629 165
984 2 2 1 2 615 629 648
985 2 2 1 2 169 649 650
986 2 2 1 2 649 165 626
987 2 2 1 2 650 626 46
988 2 2 1 2 649 626 650
989 2 2 1 2 162 648 646
990 2 2 1 2 648 165 649
991 2 2 1 2 646 649 169
992 2 2 1 2 648 649 646
993 2 2 1 2 43 651 586
994 2 2 1 2 651 170 652
995 2 2 1 2 586 652 155
996 2 2 1 2 651 652 586
997 2 2 1 2 170 653 654
998 2 2 1 2 653 46 621
999 2 2 1 2 654 621 163
1000 2 2 1 2 653 621 654
1001 2 2 1 2 155 655 589
1002 2 2 1 2 655 163 619
1003 2 2 1 2 589 619 13
1004 2 2 1 2 655 619 589
1005 2 2 1 2 170 654 652
1006 2 2 1 2 654 163 655
1007 2 2 1 2 652 655 155
1008 2 2 1 2 654 655 652
1009 2 2 1 2 45 647 642
1010 2 2 1 2 647 169 656
1011 2 2 1 2 642 656 168
1012 2 2 1 2 647 656 642
1013 2 2 1 2 169 650 657
1014 2 2 1 2 650 46 653
1015 2 2 1 2 657 653 170
1016 2 2 1 2 650 653 657
1017 2 2 1 2 168 658 645
1018 2 2 1 2 658 170 651
1019 2 2 1 2 645 651 43
1020 2 2 1 2 658 651 645
1021 2 2 1 2 169 657 656
1022 2 2 1 2 657 170 658
1023 2 2 1 2 656 658 168
1024 2 2 1 2 657 658 656
1025 2 2 1 2 5 659 567
1026 2 2 1 2 659 171 660
1027 2 2 1 2 567 660 149
1028 2 2 1 2 659 660 567
1029 2 2 1 2 171 661 663
1030 2 2 1 2 661 47 662
1031 2 2 1 2 663 662 172
1032 2 2 1 2 661 662 663
1033 2 2 1 2 149 664 569
1034 2 2 1 2 664 172 665
1035 2 2 1 2 569 665 42
1036 2 2 1 2 664 665 569
1037 2 2 1 2 171 663 660
1038 2 2 1 2 663 172 664
1039 2 2 1 2 660 664 149
1040 2 2 1 2 663 664 660
1041 2 2 1 2 47 666 668
1042 2 2 1 2 666 173 667
1043 2 2 1 2 668 667 175
1044 2 2 1 2 666 667 668
1045 2 2 1 2 173 669 671
1046 2 2 1 2 669 15 670
1047 2 2 1 2 671 670 174
1048 2 2 1 2 669 670 671
1049 2 2 1 2 175 672 674
1050 2 2 1 2 672 174 673
1051 2 2 1 2 674 673 48
1052 2 2 1 2 672 673 674
1053 2 2 1 2 173 671 667
1054 2 2 1 2 671 174 672
1055 2 2 1 2 667 672 175
1056 2 2 1 2 671 672 667
1057 2 2 1 2 42 675 574
1058 2 2 1 2 675 176 676
1059 2 2 1 2 574 676 151
1060 2 2 1 2 675 676 574
1061 2 2 1 2 176 677 679
1062 2 2 1 2 677 48 678
1063 2 2 1 2 679 678 177
1064 2 2 1 2 677 678 679
1065 2 2 1 2 151 680 577
1066 2 2 1 2 680 177 681
1067 2 2 1 2 577 681 14
1068 2 2 1 2 680 681 577
1069 2 2 1 2 176 679 676
1070 2 2 1 2 679 177 680
1071 2 2 1 2 676 680 151
1072 2 2 1 2 679 680 676
1073 2 2 1 2 47 668 662
1074 2 2 1 2 668 175 682
1075 2 2 1 2 662 682 172
1076 2 2 1 2 668 682 662
1077 2 2 1 2 175 674 683
1078 2 2 1 2 674 48 677
1079 2 2 1 2 683 677 176
1080 2 2 1 2 674 677 683
1081 2 2 1 2 172 684 665
1082 2 2 1 2 684 176 675
1083 2 2 1 2 665 675 42
1084 2 2 1 2 684 675 665
1085 2 2 1 2 175 683 682
1086 2 2 1 2 683 176 684
1087 2 2 1 2 682 684 172
1088 2 2 1 2 683 684 682
1089 2 2 1 2 15 685 687
1090 2 2 1 2 685 178 686
1091 2 2 1 2 687 686 180
1092 2 2 1 2 685 686 687
1093 2 2 1 2 178 688 690
1094 2 2 1 2 688 49 689
1095 2 2 1 2 690 689 179
1096 2 2 1 2 688 689 690
1097 2 2 1 2 180 691 693
1098 2 2 1 2 691 179 692
1099 2 2 1 2 693 692 51
1100 2 2 1 2 691 692 693
1101 2 2 1 2 178 690 686
1102 2 2 1 2 690 179 691
1103 2 2 1 2 686 691 180
1104 2 2 1 2 690 691 686
1105 2 2 1 2 49 694 696
1106 2 2 1 2 694 181 695
1107 2 2 1 2 696 695 183
1108 2 2 1 2 694 695 696
1109 2 2 1 2 181 697 699
1110 2 2 1 2 697 6 698
1111 2 2 1 2 699 698 182
1112 2 2 1 2 697 698 699
1113 2 2 1 2 183 700 702
1114 2 2 1 2 700 182 701
1115 2 2 1 2 702 701 50
1116 2 2 1 2 700 701 702
1117 2 2 1 2 181 699 695
1118 2 2 1 2 699 182 700
1119 2 2 1 2 695 700 183
1120 2 2 1 2 699 700 695
1121 2 2 1 2 51 703 705
1122 2 2 1 2 703 184 704
1123 2 2 1 2 705 704 186
1124 2 2 1 2 703 704 705
1125 2 2 1 2 184 706 708
1126 2 2 1 2 706 50 707
1127 2 2 1 2 708 707 185
1128 2 2 1 2 706 707 708
1129 2 2 1 2 186 709 711
1130 2 2 1 2 709 185 710
1131 2 2 1 2 711 710 16
1132 2 2 1 2 709 710 711
1133 2 2 1 2 184 708 704
1134 2 2 1 2 708 185 709
1135 2 2 1 2 704 709 186
1136 2 2 1 2 708 709 704
1137 2 2 1 2 49 696 689
1138 2 2 1 2 696 183 712
1139 2 2 1 2 689 712 179
1140 2 2 1 2 696 712 689
1141 2 2 1 2 183 702 713
1142 2 2 1 2 702 50 706
1143 2 2 1 2 713 706 184
1144 2 2 1 2 702 706 713
1145 2 2 1 2 179 714 692
1146 2 2 1 2 714 184 703
1147 2 2 1 2 692 703 51
1148 2 2 1 2 714 703 692
1149 2 2 1 2 183 713 712
1150 2 2 1 2 713 184 714
1151 2 2 1 2 712 714 179
1152 2 2 1 2 713 714 712
1153 2 2 1 2 14 715 593
1154 2 2 1 2 715 187 716
1155 2 2 1 2 593 716 156
1156 2 2 1 2 715 716 593
1157 2 2 1 2 187 717 719
1158 2 2 1 2 717 52 718
1159 2 2 1 2 719 718 188
1160 2 2 1 2 717 718 719
1161 2 2 1 2 156 720 596
1162 2 2 1 2 720 188 721
1163 2 2 1 2 596 721 44
1164 2 2 1 2 720 721 596
1165 2 2 1 2 187 719 716
1166 2 2 1 2 719 188 720
1167 2 2 1 2 716 720 156
1168 2 2 1 2 719 720 716
1169 2 2 1 2 52 722 724
1170 2 2 1 2 722 189 723
1171 2 2 1 2 724 723 191
1172 2 2 1 2 722 723 724
1173 2 2 1 2 189 725 727
1174 2 2 1 2 725 16 726
1175 2 2 1 2 727 726 190
1176 2 2 1 2 725 726 727
1177 2 2 1 2 191 728 730
1178 2 2 1 2 728 190 729
1179 2 2 1 2 730 729 53
1180 2 2 1 2 728 729 730
1181 2 2 1 2 189 727 723
1182 2 2 1 2 727 190 728
1183 2 2 1 2 723 728 191
1184 2 2 1 2 727 728 723
1185 2 2 1 2 44 731 602
1186 2 2 1 2 731 192 732
1187 2 2 1 2 602 732 159
1188 2 2 1 2 731 732 602
1189 2 2 1 2 192 733 735
1190 2 2 1 2 733 53 734
1191 2 2 1 2 735 734 193
1192 2 2 1 2 733 734 735
1193 2 2 1 2 159 736 605
1194 2 2 1 2 736 193 737
1195 2 2 1 2 605 737 1
1196 2 2 1 2 736 737 605
1197 2 2 1 2 192 735 732
1198 2 2 1 2 735 193 736
1199 2 2 1 2 732 736 159
1200 2 2 1 2 735 736 732
1201 2 2 1 2 52 724 718
1202 2 2 1 2 724 191 738
1203 2 2 1 2 718 738 188
1204 2 2 1 2 724 738 718
1205 2 2 1 2 191 730 739
1206 2 2 1 2 730 53 733
1207 2 2 1 2 739 733 192
1208 2 2 1 2 730 733 739
1209 2 2 1 2 188 740 721
1210 2 2 1 2 740 192 731
1211 2 2 1 2 721 731 44
1212 2 2 1 2 740 731 721
1213 2 2 1 2 191 739 738
1214 2 2 1 2 739 192 740
1215 2 2 1 2 738 740 188
1216 2 2 1 2 739 740 738
1217 2 2 1 2 15 687 670
1218 2 2 1 2 687 180 741
1219 2 2 1 2 670 741 174
1220 2 2 1 2 687 741 670
1221 2 2 1 2 180 693 743
1222 2 2 1 2 693 51 742
1223 2 2 1 2 743 742 194
1224 2 2 1 2 693 742 743
1225 2 2 1 2 174 744 673
1226 2 2 1 2 744 194 745
1227 2 2 1 2 673 745 48
1228 2 2 1 2 744 745 673
1229 2 2 1 2 180 743 741
1230 2 2 1 2 743 194 744
1231 2 2 1 2 741 744 174
1232 2 2 1 2 743 744 741
1233 2 2 1 2 51 705 747
1234 2 2 1 2 705 186 746
1235 2 2 1 2 747 746 195
1236 2 2 1 2 705 746 747
1237 2 2 1 2 186 711 748
1238 2 2 1 2 711 16 725
1239 2 2 1 2 748 725 189
1240 2 2 1 2 711 725 748
1241 2 2 1 2 195 749 750
1242 2 2 1 2 749 189 722
1243 2 2 1 2 750 722 52
1244 2 2 1 2 749 722 750
1245 2 2 1 2 186 748 746
1246 2 2 1 2 748 189 749
1247 2 2 1 2 746 749 195
1248 2 2 1 2 748 749 746
1249 2 2 1 2 48 751 678
1250 2 2 1 2 751 196 752
1251 2 2 1 2 678 752 177
1252 2 2 1 2 751 752 678
1253 2 2 1 2 196 753 754
1254 2 2 1 2 753 52 717
1255 2 2 1 2 754 717 187
1256 2 2 1 2 753 717 754
1257 2 2 1 2 177 755 681
1258 2 2 1 2 755 187 715
1259 2 2 1 2 681 715 14
1260 2 2 1 2 755 715 681
1261 2 2 1 2 196 754 752
1262 2 2 1 2 754 187 755
1263 2 2 1 2 752 755 177
1264 2 2 1 2 754 755 752
1265 2 2 1 2 51 747 742
1266 2 2 1 2 747 195 756
1267 2 2 1 2 742 756 194
1268 2 2 1 2 747 756 742
1269 2 2 1 2 195 750 757
1270 2 2 1 2 750 52 753
1271 2 2 1 2 757 753 196
1272 2 2 1 2 750 753 757
1273 2 2 1 2 194 758 745
1274 2 2 1 2 758 196 751
1275 2 2 1 2 745 751 48
1276 2 2 1 2 758 751 745
1277 2 2 1 2 195 757 756
1278 2 2 1 2 757 196 758
1279 2 2 1 2 756 758 194
1280 2 2 1 2 757 758 756
1281 2 2 1 2 1 737 259
1282 2 2 1 2 737 193 759
1283 2 2 1 2 259 759 67
1284 2 2 1 2 737 759 259
1285 2 2 1 2 193 734 761
1286 2 2 1 2 734 53 760
1287 2 2 1 2 761 760 197
1288 2 2 1 2 734 760 761
1289 2 2 1 2 67 762 262
1290 2 2 1 2 762 197 763
1291 2 2 1 2 262 763 19
1292 2 2 1 2 762 763 262
1293 2 2 1 2 193 761 759
1294 2 2 1 2 761 197 762
1295 2 2 1 2 759 762 67
1296 2 2 1 2 761 762 759
1297 2 2 1 2 53 729 765
1298 2 2 1 2 729 190 764
1299 2 2 1 2 765 764 199
1300 2 2 1 2 729 764 765
1301 2 2 1 2 190 726 767
1302 2 2 1 2 726 16 766
1303 2 2 1 2 767 766 198
1304 2 2 1 2 726 766 767
1305 2 2 1 2 199 768 770
1306 2 2 1 2 768 198 769
1307 2 2 1 2 770 769 54
1308 2 2 1 2 768 769 770
1309 2 2 1 2 190 767 764
1310 2 2 1 2 767 198 768
1311 2 2 1 2 764 768 199
1312 2 2 1 2 767 768 764
1313 2 2 1 2 19 771 268
1314 2 2 1 2 771 200 772
1315 2 2 1 2 268 772 70
1316 2 2 1 2 771 772 268
1317 2 2 1 2 200 773 775
1318 2 2 1 2 773 54 774
1319 2 2 1 2 775 774 201
1320 2 2 1 2 773 774 775
1321 2 2 1 2 70 776 271
1322 2 2 1 2 776 201 777
1323 2 2 1 2 271 777 7
1324 2 2 1 2 776 777 271
1325 2 2 1 2 200 775 772
1326 2 2 1 2 775 201 776
1327 2 2 1 2 772 776 70
1328 2 2 1 2 775 776 772
1329 2 2 1 2 53 765 760
1330 2 2 1 2 765 199 778
1331 2 2 1 2 760 778 197
1332 2 2 1 2 765 778 760
1333 2 2 1 2 199 770 779
1334 2 2 1 2 770 54 773
1335 2 2 1 2 779 773 200
1336 2 2 1 2 770 773 779
1337 2 2 1 2 197 780 763
1338 2 2 1 2 780 200 771
1339 2 2 1 2 763 771 19
1340 2 2 1 2 780 771 763
1341 2 2 1 2 199 779 778
1342 2 2 1 2 779 200 780
1343 2 2 1 2 778 780 197
1344 2 2 1 2 779 780 778
1345 2 2 1 2 16 710 782
1346 2 2 1 2 710 185 781
1347 2 2 1 2 782 781 203
1348 2 2 1 2 710 781 782
1349 2 2 1 2 185 707 784
1350 2 2 1 2 707 50 783
1351 2 2 1 2 784 783 202
1352 2 2 1 2 707 783 784
1353 2 2 1 2 203 785 787
1354 2 2 1 2 785 202 786
1355 2 2 1 2 787 786 56
1356 2 2 1 2 785 786 787
1357 2 2 1 2 185 784 781
1358 2 2 1 2 784 202 785
1359 2 2 1 2 781 785 203
1360 2 2 1 2 784 785 781
1361 2 2 1 2 50 701 789
1362 2 2 1 2 701 182 788
1363 2 2 1 2 789 788 205
1364 2 2 1 2 701 788 789
1365 2 2 1 2 182 698 791
1366 2 2 1 2 698 6 790
1367 2 2 1 2 791 790 204
1368 2 2 1 2 698 790 791
1369 2 2 1 2 205 792 794
1370 2 2 1 2 792 204 793
1371 2 2 1 2 794 793 55
1372 2 2 1 2 792 793 794
1373 2 2 1 2 182 791 788
1374 2 2 1 2 791 204 792
1375 2 2 1 2 788 792 205
1376 2 2 1 2 791 792 788
1377 2 2 1 2 56 795 797
1378 2 2 1 2 795 206 796
1379 2 2 1 2 797 796 208
1380 2 2 1 2 795 796 797
1381 2 2 1 2 206 798 800
1382 2 2 1 2 798 55 799
1383 2 2 1 2 800 799 207
1384 2 2 1 2 798 799 800
1385 2 2 1 2 208 801 803
1386 2 2 1 2 801 207 802
1387 2 2 1 2 803 802 17
1388 2 2 1 2 801 802 803
1389 2 2 1 2 206 800 796
1390 2 2 1 2 800 207 801
1391 2 2 1 2 796 801 208
1392 2 2 1 2 800 801 796
1393 2 2 1 2 50 789 783
1394 2 2 1 2 789 205 804
1395 2 2 1 2 783 804 202
1396 2 2 1 2 789 804 783
1397 2 2 1 2 205 794 805
1398 2 2 1 2 794 55 798
1399 2 2 1 2 805 798 206
1400 2 2 1 2 794 798 805
1401 2 2 1 2 202 806 786
1402 2 2 1 2 806 206 795
1403 2 2 1 2 786 795 56
1404 2 2 1 2 806 795 786
1405 2 2 1 2 205 805 804
1406 2 2 1 2 805 206 806
1407 2 2 1 2 804 806 202
1408 2 2 1 2 805 806 804
1409 2 2 1 2 7 807 289
1410 2 2 1 2 807 209 808
1411 2 2 1 2 289 808 76
1412 2 2 1 2 807 808 289
1413 2 2 1 2 209 809 811
1414 2 2 1 2 809 57 810
1415 2 2 1 2 811 810 210
1416 2 2 1 2 809 810 811
1417 2 2 1 2 76 812 292
1418 2 2 1 2 812 210 813
1419 2 2 1 2 292 813 22
1420 2 2 1 2 812 813 292
1421 2 2 1 2 209 811 808
1422 2 2 1 2 811 210 812
1423 2 2 1 2 808 812 76
1424 2 2 1 2 811 812 808
1425 2 2 1 2 57 814 816
1426 2 2 1 2 814 211 815
1427 2 2 1 2 816 815 213
1428 2 2 1 2 814 815 816
1429 2 2 1 2 211 817 819
1430 2 2 1 2 817 17 818
1431 2 2 1 2 819 818 212
1432 2 2 1 2 817 818 819
1433 2 2 1 2 213 820 822
1434 2 2 1 2 820 212 821
1435 2 2 1 2 822 821 58
1436 2 2 1 2 820 821 822
1437 2 2 1 2 211 819 815
1438 2 2 1 2 819 212 820
1439 2 2 1 2 815 820 213
1440 2 2 1 2 819 820 815
1441 2 2 1 2 22 823 298
1442 2 2 1 2 823 214 824
1443 2 2 1 2 298 824 79
1444 2 2 1 2 823 824 298
1445 2 2 1 2 214 825 827
1446 2 2 1 2 825 58 826
1447 2 2 1 2 827 826 215
1448 2 2 1 2 825 826 827
1449 2 2 1 2 79 828 301
1450 2 2 1 2 828 215 829
1451 2 2 1 2 301 829 2
1452 2 2 1 2 828 829 301
1453 2 2 1 2 214 827 824
1454 2 2 1 2 827 215 828
1455 2 2 1 2 824 828 79
1456 2 2 1 2 827 828 824
1457 2 2 1 2 57 816 810
1458 2 2 1 2 816 213 830
1459 2 2 1 2 810 830 210
1460 2 2 1 2 816 830 810
1461 2 2 1 2 213 822 831
1462 2 2 1 2 822 58 825
1463 2 2 1 2 831 825 214
1464 2 2 1 2 822 825 831
1465 2 2 1 2 210 832 813
1466 2 2 1 2 832 214 823
1467 2 2 1 2 813 823 22
1468 2 2 1 2 832 823 813
1469 2 2 1 2 213 831 830
1470 2 2 1 2 831 214 832
1471 2 2 1 2 830 832 210
1472 2 2 1 2 831 832 830
1473 2 2 1 2 16 782 766
1474 2 2 1 2 782 203 833
1475 2 2 1 2 766 833 198
1476 2 2 1 2 782 833 766
1477 2 2 1 2 203 787 835
1478 2 2 1 2 787 56 834
1479 2 2 1 2 835 834 216
1480 2 2 1 2 787 834 835
1481 2 2 1 2 198 836 769
1482 2 2 1 2 836 216 837
1483 2 2 1 2 769 837 54
1484 2 2 1 2 836 837 769
1485 2 2 1 2 203 835 833
1486 2 2 1 2 835 216 836
1487 2 2 1 2 833 836 198
1488 2 2 1 2 835 836 833
1489 2 2 1 2 56 797 839
1490 2 2 1 2 797 208 838
1491 2 2 1 2 839 838 217
1492 2 2 1 2 797 838 839
1493 2 2 1 2 208 803 840
1494 2 2 1 2 803 17 817
1495 2 2 1 2 840 817 211
1496 2 2 1 2 803 817 840
1497 2 2 1 2 217 841 842
1498 2 2 1 2 841 211 814
1499 2 2 1 2 842 814 57
1500 2 2 1 2 841 814 842
1501 2 2 1 2 208 840 838
1502 2 2 1 2 840 211 841
1503 2 2 1 2 838 841 217
1504 2 2 1 2 840 841 838
1505 2 2 1 2 54 843 774
1506 2 2 1 2 843 218 844
1507 2 2 1 2 774 844 201
1508 2 2 1 2 843 844 774
1509 2 2 1 2 218 845 846
1510 2 2 1 2 845 57 809
1511 2 2 1 2 846 809 209
1512 2 2 1 2 845 809 846
1513 2 2 1 2 201 847 777
1514 2 2 1 2 847 209 807
1515 2 2 1 2 777 807 7
1516 2 2 1 2 847 807 777
1517 2 2 1 2 218 846 844
1518 2 2 1 2 846 209 847
1519 2 2 1 2 844 847 201
1520 2 2 1 2 846 847 844
1521 2 2 1 2 56 839 834
1522 2 2 1 2 839 217 848
1523 2 2 1 2 834 848 216
1524 2 2 1 2 839 848 834
1525 2 2 1 2 217 842 849
1526 2 2 1 2 842 57 845
1527 2 2 1 2 849 845 218
1528 2 2 1 2 842 845 849
1529 2 2 1 2 216 850 837
1530 2 2 1 2 850 218 843
1531 2 2 1 2 837 843 54
1532 2 2 1 2 850 843 837
1533 2 2 1 2 217 849 848
1534 2 2 1 2 849 218 850
1535 2 2 1 2 848 850 216
1536 2 2 1 2 849 850 848
1537 2 2 1 2 2 829 367
1538 2 2 1 2 829 215 851
1539 2 2 1 2 367 851 97
1540 2 2 1 2 829 851 367
1541 2 2 1 2 215 826 853
1542 2 2 1 2 826 58 852
1543 2 2 1 2 853 852 219
1544 2 2 1 2 826 852 853
1545 2 2 1 2 97 854 369
1546 2 2 1 2 854 219 855
1547 2 2 1 2 369 855 28
1548 2 2 1 2 854 855 369
1549 2 2 1 2 215 853 851
1550 2 2 1 2 853 219 854
1551 2 2 1 2 851 854 97
1552 2 2 1 2 853 854 851
1553 2 2 1 2 58 821 857
1554 2 2 1 2 821 212 856
1555 2 2 1 2 857 856 221
1556 2 2 1 2 821 856 857
1557 2 2 1 2 212 818 859
1558 2 2 1 2 818 17 858
1559 2 2 1 2 859 858 220
1560 2 2 1 2 818 858 859
1561 2 2 1 2 221 860 862
1562 2 2 1 2 860 220 861
1563 2 2 1 2 862 861 59
1564 2 2 1 2 860 861 862
1565 2 2 1 2 212 859 856
1566 2 2 1 2 859 220 860
1567 2 2 1 2 856 860 221
1568 2 2 1 2 859 860 856
1569 2 2 1 2 28 863 374
1570 2 2 1 2 863 222 864
1571 2 2 1 2 374 864 99
1572 2 2 1 2 863 864 374
1573 2 2 1 2 222 865 867
1574 2 2 1 2 865 59 866
1575 2 2 1 2 867 866 223
1576 2 2 1 2 865 866 867
1577 2 2 1 2 99 868 377
1578 2 2 1 2 868 223 869
1579 2 2 1 2 377 869 10
1580 2 2 1 2 868 869 377
1581 2 2 1 2 222 867 864
1582 2 2 1 2 867 223 868
1583 2 2 1 2 864 868 99
1584 2 2 1 2 867 868 864
1585 2 2 1 2 58 857 852
1586 2 2 1 2 857 221 870
1587 2 2 1 2 852 870 219
1588 2 2 1 2 857 870 852
1589 2 2 1 2 221 862 871
1590 2 2 1 2 862 59 865
1591 2 2 1 2 871 865 222
1592 2 2 1 2 862 865 871
1593 2 2 1 2 219 872 855
1594 2 2 1 2 872 222 863
1595 2 2 1 2 855 863 28
1596 2 2 1 2 872 863 855
1597 2 2 1 2 221 871 870
1598 2 2 1 2 871 222 872
1599 2 2 1 2 870 872 219
1600 2 2 1 2 871 872 870
1601 2 2 1 2 17 802 874
1602 2 2 1 2 802 207 873
1603 2 2 1 2 874 873 225
1604 2 2 1 2 802 873 874
1605 2 2 1 2 207 799 876
1606 2 2 1 2 799 55 875
1607 2 2 1 2 876 875 224
1608 2 2 1 2 799 875 876
1609 2 2 1 2 225 877 879
1610 2 2 1 2 877 224 878
1611 2 2 1 2 879 878 61
1612 2 2 1 2 877 878 879
1613 2 2 1 2 207 876 873
1614 2 2 1 2 876 224 877
1615 2 2 1 2 873 877 225
1616 2 2 1 2 876 877 873
1617 2 2 1 2 55 793 881
1618 2 2 1 2 793 204 880
1619 2 2 1 2 881 880 227
1620 2 2 1 2 793 880 881
1621 2 2 1 2 204 790 883
1622 2 2 1 2 790 6 882
1623 2 2 1 2 883 882 226
1624 2 2 1 2 790 882 883
1625 2 2 1 2 227 884 886
1626 2 2 1 2 884 226 885
1627 2 2 1 2 886 885 60
1628 2 2 1 2 884 885 886
1629 2 2 1 2 204 883 880
1630 2 2 1 2 883 226 884
1631 2 2 1 2 880 884 227
1632 2 2 1 2 883 884 880
1633 2 2 1 2 61 887 889
1634 2 2 1 2 887 228 888
1635 2 2 1 2 889 888 230
1636 2 2 1 2 887 888 889
1637 2 2 1 2 228 890 892
1638 2 2 1 2 890 60 891
1639 2 2 1 2 892 891 229
1640 2 2 1 2 890 891 892
1641 2 2 1 2 230 893 895
1642 2 2 1 2 893 229 894
1643 2 2 1 2 895 894 18
1644 2 2 1 2 893 894 895
1645 2 2 1 2 228 892 888
1646 2 2 1 2 892 229 893
1647 2 2 1 2 888 893 230
1648 2 2 1 2 892 893 888
1649 2 2 1 2 55 881 875
1650 2 2 1 2 881 227 896
1651 2 2 1 2 875 896 224
1652 2 2 1 2 881 896 875
1653 2 2 1 2 227 886 897
1654 2 2 1 2 886 60 890
1655 2 2 1 2 897 890 228
1656 2 2 1 2 886 890 897
1657 2 2 1 2 224 898 878
1658 2 2 1 2 898 228 887
1659 2 2 1 2 878 887 61
1660 2 2 1 2 898 887 878
1661 2 2 1 2 227 897 896
1662 2 2 1 2 897 228 898
1663 2 2 1 2 896 898 224
1664 2 2 1 2 897 898 896
1665 2 2 1 2 10 899 393
1666 2 2 1 2 899 231 900
1667 2 2 1 2 393 900 104
1668 2 2 1 2 899 900 393
1669 2 2 1 2 231 901 903
1670 2 2 1 2 901 62 902
1671 2 2 1 2 903 902 232
1672 2 2 1 2 901 902 903
1673 2 2 1 2 104 904 396
1674 2 2 1 2 904 232 905
1675 2 2 1 2 396 905 30
1676 2 2 1 2 904 905 396
1677 2 2 1 2 231 903 900
1678 2 2 1 2 903 232 904
1679 2 2 1 2 900 904 104
1680 2 2 1 2 903 904 900
1681 2 2 1 2 62 906 908
1682 2 2 1 2 906 233 907
1683 2 2 1 2 908 907 235
1684 2 2 1 2 906 907 908
1685 2 2 1 2 233 909 911
1686 2 2 1 2 909 18 910
1687 2 2 1 2 911 910 234
1688 2 2 1 2 909 910 911
1689 2 2 1 2 235 912 914
1690 2 2 1 2 912 234 913
1691 2 2 1 2 914 913 63
1692 2 2 1 2 912 913 914
1693 2 2 1 2 233 911 907
1694 2 2 1 2 911 234 912
1695 2 2 1 2 907 912 235
1696 2 2 1 2 911 912 907
1697 2 2 1 2 30 915 402
1698 2 2 1 2 915 236 916
1699 2 2 1 2 402 916 107
1700 2 2 1 2 915 916 402
1701 2 2 1 2 236 917 919
1702 2 2 1 2 917 63 918
1703 2 2 1 2 919 918 237
1704 2 2 1 2 917 918 919
1705 2 2 1 2 107 920 405
1706 2 2 1 2 920 237 921
1707 2 2 1 2 405 921 4
1708 2 2 1 2 920 921 405
1709 2 2 1 2 236 919 916
1710 2 2 1 2 919 237 920
1711 2 2 1 2 916 920 107
1712 2 2 1 2 919 920 916
1713 2 2 1 2 62 908 902
1714 2 2 1 2 908 235 922
1715 2 2 1 2 902 922 232
1716 2 2 1 2 908 922 902
1717 2 2 1 2 235 914 923
1718 2 2 1 2 914 63 917
1719 2 2 1 2 923 917 236
1720 2 2 1 2 914 917 923
1721 2 2 1 2 232 924 905
1722 2 2 1 2 924 236 915
1723 2 2 1 2 905 915 30
1724 2 2 1 2 924 915 905
1725 2 2 1 2 235 923 922
1726 2 2 1 2 923 236 924
1727 2 2 1 2 922 924 232
1728 2 2 1 2 923 924 922
1729 2 2 1 2 17 874 858
1730 2 2 1 2 874 225 925
1731 2 2 1 2 858 925 220
1732 2 2 1 2 874 925 858
1733 2 2 1 2 225 879 927
1734 2 2 1 2 879 61 926
1735 2 2 1 2 927 926 238
1736 2 2 1 2 879 926 927
1737 2 2 1 2 220 928 861
1738 2 2 1 2 928 238 929
1739 2 2 1 2 861 929 59
1740 2 2 1 2 928 929 861
1741 2 2 1 2 225 927 925
1742 2 2 1 2 927 238 928
1743 2 2 1 2 925 928 220
1744 2 2 1 2 927 928 925
1745 2 2 1 2 61 889 931
1746 2 2 1 2 889 230 930
1747 2 2 1 2 931 930 239
1748 2 2 1 2 889 930 931
1749 2 2 1 2 230 895 932
1750 2 2 1 2 895 18 909
1751 2 2 1 2 932 909 233
1752 2 2 1 2 895 909 932
1753 2 2 1 2 239 933 934
1754 2 2 1 2 933 233 906
1755 2 2 1 2 934 906 62
1756 2 2 1 2 933 906 934
1757 2 2 1 2 230 932 930
1758 2 2 1 2 932 233 933
1759 2 2 1 2 930 933 239
1760 2 2 1 2 932 933 930
1761 2 2 1 2 59 935 866
1762 2 2 1 2 935 240 936
1763 2 2 1 2 866 936 223
1764 2 2 1 2 935 936 866
1765 2 2 1 2 240 937 938
1766 2 2 1 2 937 62 901
1767 2 2 1 2 938 901 231
1768 2 2 1 2 937 901 938
1769 2 2 1 2 223 939 869
1770 2 2 1 2 939 231 899
1771 2 2 1 2 869 899 10
1772 2 2 1 2 939 899 869
1773 2 2 1 2 240 938 936
1774 2 2 1 2 938 231 939
1775 2 2 1 2 936 939 223
1776 2 2 1 2 938 939 936
1777 2 2 1 2 61 931 926
1778 2 2 1 2 931 239 940
1779 2 2 1 2 926 940 238
1780 2 2 1 2 931 940 926
1781 2 2 1 2 239 934 941
1782 2 2 1 2 934 62 937
1783 2 2 1 2 941 937 240
1784 2 2 1 2 934 937 941
1785 2 2 1 2 238 942 929
1786 2 2 1 2 942 240 935
1787 2 2 1 2 929 935 59
1788 2 2 1 2 942 935 929
1789 2 2 1 2 239 941 940
1790 2 2 1 2 941 240 942
1791 2 2 1 2 940 942 238
1792 2 2 1 2 941 942 940
1793 2 2 1 2 4 921 467
1794 2 2 1 2 921 237 943
1795 2 2 1 2 467 943 123
1796 2 2 1 2 921 943 467
1797 2 2 1 2 237 918 945
1798 2 2 1 2 918 63 944
1799 2 2 1 2 945 944 241
1800 2 2 1 2 918 944 945
1801 2 2 1 2 123 946 469
1802 2 2 1 2 946 241 947
1803 2 2 1 2 469 947 35
1804 2 2 1 2 946 947 469
1805 2 2 1 2 237 945 943
1806 2 2 1 2 945 241 946
1807 2 2 1 2 943 946 123
1808 2 2 1 2 945 946 943
1809 2 2 1 2 63 913 949
1810 2 2 1 2 913 234 948
1811 2 2 1 2 949 948 243
1812 2 2 1 2 913 948 949
1813 2 2 1 2 234 910 951
1814 2 2 1 2 910 18 950
1815 2 2 1 2 951 950 242
1816 2 2 1 2 910 950 951
1817 2 2 1 2 243 952 954
1818 2 2 1 2 952 242 953
1819 2 2 1 2 954 953 64
1820 2 2 1 2 952 953 954
1821 2 2 1 2 234 951 948
1822 2 2 1 2 951 242 952
1823 2 2 1 2 948 952 243
1824 2 2 1 2 951 952 948
1825 2 2 1 2 35 955 474
1826 2 2 1 2 955 244 956
1827 2 2 1 2 474 956 125
1828 2 2 1 2 955 956 474
1829 2 2 1 2 244 957 959
1830 2 2 1 2 957 64 958
1831 2 2 1 2 959 958 245
1832 2 2 1 2 957 958 959
1833 2 2 1 2 125 960 477
1834 2 2 1 2 960 245 961
1835 2 2 1 2 477 961 12
1836 2 2 1 2 960 961 477
1837 2 2 1 2 244 959 956
1838 2 2 1 2 959 245 960
1839 2 2 1 2 956 960 125
1840 2 2 1 2 959 960 956
1841 2 2 1 2 63 949 944
1842 2 2 1 2 949 243 962
1843 2 2 1 2 944 962 241
1844 2 2 1 2 949 962 944
1845 2 2 1 2 243 954 963
1846 2 2 1 2 954 64 957
1847 2 2 1 2 963 957 244
1848 2 2 1 2 954 957 963
1849 2 2 1 2 241 964 947
1850 2 2 1 2 964 244 955
1851 2 2 1 2 947 955 35
1852 2 2 1 2 964 955 947
1853 2 2 1 2 243 963 962
1854 2 2 1 2 963 244 964
1855 2 2 1 2 962 964 241
1856 2 2 1 2 963 964 962
1857 2 2 1 2 18 894 966
1858 2 2 1 2 894 229 965
1859 2 2 1 2 966 965 247
1860 2 2 1 2 894 965 966
1861 2 2 1 2 229 891 968
1862 2 2 1 2 891 60 967
1863 2 2 1 2 968 967 246
1864 2 2 1 2 891 967 968
1865 2 2 1 2 247 969 971
1866 2 2 1 2 969 246 970
1867 2 2 1 2 971 970 65
1868 2 2 1 2 969 970 971
1869 2 2 1 2 229 968 965
1870 2 2 1 2 968 246 969
1871 2 2 1 2 965 969 247
1872 2 2 1 2 968 969 965
1873 2 2 1 2 60 885 973
1874 2 2 1 2 885 226 972
1875 2 2 1 2 973 972 248
1876 2 2 1 2 885 972 973
1877 2 2 1 2 226 882 974
1878 2 2 1 2 882 6 697
1879 2 2 1 2 974 697 181
1880 2 2 1 2 882 697 974
1881 2 2 1 2 248 975 976
1882 2 2 1 2 975 181 694
1883 2 2 1 2 976 694 49
1884 2 2 1 2 975 694 976
1885 2 2 1 2 226 974 972
1886 2 2 1 2 974 181 975
1887 2 2 1 2 972 975 248
1888 2 2 1 2 974 975 972
1889 2 2 1 2 65 977 979
1890 2 2 1 2 977 249 978
1891 2 2 1 2 979 978 250
1892 2 2 1 2 977 978 979
1893 2 2 1 2 249 980 981
1894 2 2 1 2 980 49 688
1895 2 2 1 2 981 688 178
1896 2 2 1 2 980 688 981
1897 2 2 1 2 250 982 983
1898 2 2 1 2 982 178 685
1899 2 2 1 2 983 685 15
1900 2 2 1 2 982 685 983
1901 2 2 1 2 249 981 978
1902 2 2 1 2 981 178 982
1903 2 2 1 2 978 982 250
1904 2 2 1 2 981 982 978
1905 2 2 1 2 60 973 967
1906 2 2 1 2 973 248 984
1907 2 2 1 2 967 984 246
1908 2 2 1 2 973 984 967
1909 2 2 1 2 248 976 985
1910 2 2 1 2 976 49 980
1911 2 2 1 2 985 980 249
1912 2 2 1 2 976 980 985
1913 2 2 1 2 246 986 970
1914 2 2 1 2 986 249 977
1915 2 2 1 2 970 977 65
1916 2 2 1 2 986 977 970
1917 2 2 1 2 248 985 984
1918 2 2 1 2 985 249 986
1919 2 2 1 2 984 986 246
1920 2 2 1 2 985 986 984
1921 2 2 1 2 12 987 493
1922 2 2 1 2 987 251 988
1923 2 2 1 2 493 988 130
1924 2 2 1 2 987 988 493
1925 2 2 1 2 251 989 991
1926 2 2 1 2 989 66 990
1927 2 2 1 2 991 990 252
1928 2 2 1 2 989 990 991
1929 2 2 1 2 130 992 496
1930 2 2 1 2 992 252 993
1931 2 2 1 2 496 993 37
1932 2 2 1 2 992 993 496
1933 2 2 1 2 251 991 988
1934 2 2 1 2 991 252 992
1935 2 2 1 2 988 992 130
1936 2 2 1 2 991 992 988
1937 2 2 1 2 66 994 996
1938 2 2 1 2 994 253 995
1939 2 2 1 2 996 995 254
1940 2 2 1 2 994 995 996
1941 2 2 1 2 253 997 998
1942 2 2 1 2 997 15 669
1943 2 2 1 2 998 669 173
1944 2 2 1 2 997 669 998
1945 2 2 1 2 254 999 1000
1946 2 2 1 2 999 173 666
1947 2 2 1 2 1000 666 47
1948 2 2 1 2 999 666 1000
1949 2 2 1 2 253 998 995
1950 2 2 1 2 998 173 999
1951 2 2 1 2 995 999 254
1952 2 2 1 2 998 999 995
1953 2 2 1 2 37 1001 502
1954 2 2 1 2 1001 255 1002
1955 2 2 1 2 502 1002 133
1956 2 2 1 2 1001 1002 502
1957 2 2 1 2 255 1003 1004
1958 2 2 1 2 1003 47 661
1959 2 2 1 2 1004 661 171
1960 2 2 1 2 1003 661 1004
1961 2 2 1 2 133 1005 505
1962 2 2 1 2 1005 171 659
1963 2 2 1 2 505 659 5
1964 2 2 1 2 1005 659 505
1965 2 2 1 2 255 1004 1002
1966 2 2 1 2 1004 171 1005
1967 2 2 1 2 1002 1005 133
1968 2 2 1 2 1004 1005 1002
1969 2 2 1 2 66 996 990
1970 2 2 1 2 996 254 1006
1971 2 2 1 2 990 1006 252
1972 2 2 1 2 996 1006 990
1973 2 2 1 2 254 1000 1007
1974 2 2 1 2 1000 47 1003
1975 2 2 1 2 1007 1003 255
1976 2 2 1 2 1000 1003 1007
1977 2 2 1 2 252 1008 993
1978 2 2 1 2 1008 255 1001
1979 2 2 1 2 993 1001 37
1980 2 2 1 2 1008 1001 993
1981 2 2 1 2 254 1007 1006
1982 2 2 1 2 1007 255 1008
1983 2 2 1 2 1006 1008 252
1984 2 2 1 2 1007 1008 1006
1985 2 2 1 2 18 966 950
1986 2 2 1 2 966 247 1009
1987 2 2 1 2 950 1009 242
1988 2 2 1 2 966 1009 950
1989 2 2 1 2 247 971 1011
1990 2 2 1 2 971 65 1010
1991 2 2 1 2 1011 1010 256
1992 2 2 1 2 971 1010 1011
1993 2 2 1 2 242 1012 953
1994 2 2 1 2 1012 256 1013
1995 2 2 1 2 953 1013 64
1996 2 2 1 2 1012 1013 953
1997 2 2 1 2 247 1011 1009
1998 2 2 1 2 1011 256 1012
1999 2 2 1 2 1009 1012 242
2000 2 2 1 2 1011 1012 1009
2001 2 2 1 2 65 979 1015
2002 2 2 1 2 979 250 1014
2003 2 2 1 2 1015 1014 257
2004 2 2 1 2 979 1014 1015
2005 2 2 1 2 250 983 1016
2006 2 2 1 2 983 15 997
2007 2 2 1 2 1016 997 253
2008 2 2 1 2 983 997 1016
2009 2 2 1 2 257 1017 1018
2010 2 2 1 2 1017 253 994
2011 2 2 1 2 1018 994 66
2012 2 2 1 2 1017 994 1018
2013 2 2 1 2 250 1016 1014
2014 2 2 1 2 1016 253 1017
2015 2 2 1 2 1014 1017 257
2016 2 2 1 2 1016 1017 1014
2017 2 2 1 2 64 1019 958
2018 2 2 1 2 1019 258 1020
2019 2 2 1 2 958 1020 245
2020 2 2 1 2 1019 1020 958
2021 2 2 1 2 258 1021 1022
2022 2 2 1 2 1021 66 989
2023 2 2 1 2 1022 989 251
2024 2 2 1 2 1021 989 1022
2025 2 2 1 2 245 1023 961
2026 2 2 1 2 1023 251 987
2027 2 2 1 2 961 987 12
2028 2 2 1 2 1023 987 961
2029 2 2 1 2 258 1022 1020
2030 2 2 1 2 1022 251 1023
2031 2 2 1 2 1020 1023 245
2032 2 2 1 2 1022 1023 1020
2033 2 2 1 2 65 1015 1010
2034 2 2 1 2 1015 257 1024
2035 2 2 1 2 1010 1024 256
2036 2 2 1 2 1015 1024 1010
2037 2 2 1 2 257 1018 1025
2038 2 2 1 2 1018 66 1021
2039 2 2 1 2 1025 1021 258
2040 2 2 1 2 1018 1021 1025
2041 2 2 1 2 256 1026 1013
2042 2 2 1 2 1026 258 1019
2043 2 2 1 2 1013 1019 64
2044 2 2 1 2 1026 1019 1013
2045 2 2 1 2 257 1025 1024
2046 2 2 1 2 1025 258 1026
2047 2 2 1 2 1024 1026 256
2048 2 2 1 2 1025 1026 1024
$EndElements
