$MeshFormat
2.2 0 8
$EndMeshFormat
$Nodes
4098
1 1.548632707774198 0.0 0.0
2 0.0 1.4258330449902508 0.0
3 0.0 0.0 1.5877449109292059
4 -1.5161908159625934 0.0 0.0
5 0.0 -1.5655721325643135 0.0
6 0.0 0.0 -1.3384793356546394
7 1.196594163498383 1.196594163498383 0.0
8 0.0 1.152750955363995 1.152750955363995
9 1.093320251123421 0.0 1.093320251123421
10 -1.0480404376629688 1.0480404376629688 0.0
11 -1.2087252220412705 0.0 1.2087252220412705
12 -1.1721394778905352 -1.1721394778905352 0.0
13 0.0 -1.074925342763895 1.074925342763895
14 1.0610378847705593 -1.0610378847705593 0.0
15 0.0 -1.141267071376346 -1.141267071376346
16 1.1993315343925555 0.0 -1.1993315343925555
17 0.0 0.9436589640791695 -0.9436589640791695
18 -1.0565961566364255 0.0 -1.0565961566364255
19 1.503206959737964 0.6226487097770916 0.0
20 1.3988586495963995 0.6994293247981997 0.6994293247981997
21 1.4302143812796044 0.0 0.592414193827057
22 0.5990763526088322 1.4462982553652495 0.0
23 0.0 1.4198290172099124 0.5881124351792083
24 0.6913250464046797 1.3826500928093595 0.6913250464046797
25 0.6506104968697363 0.6506104968697363 1.3012209937394725
26 0.0 0.6260921354236373 1.5115201246348777
27 0.5858664585190606 0.0 1.4144067498962105
28 -0.5414763335074135 1.307239508057655 0.0
29 -0.6616777660931253 1.3233555321862507 0.6616777660931253
30 -1.4049728811484095 0.5819588221380737 0.0
31 -1.466197111728209 0.0 0.6073187287900843
32 -1.4246907089943366 0.7123453544971683 0.7123453544971683
33 -0.7620439051358741 0.7620439051358741 1.5240878102717481
34 -0.6501107226888507 0.0 1.5695061237595977
35 -1.4441622552648405 -0.5981915923980126 0.0
36 -1.242634295806473 -0.6213171479032366 0.6213171479032366
37 -0.6351408908253289 -1.5333657526482385 0.0
38 0.0 -1.4108071468637517 0.5843754541238568
39 -0.6280821777025666 -1.2561643554051332 0.6280821777025666
40 -0.6353543097426441 -0.6353543097426441 1.2707086194852881
41 0.0 -0.5879377797184753 1.4194073616278684
42 0.5741919971696167 -1.3862221069729823 0.0
43 0.6136880084613053 -1.2273760169226107 0.6136880084613053
44 1.4055546431308528 -0.5821997958412748 0.0
45 1.2197560679324617 -0.6098780339662309 0.6098780339662309
46 0.6203353229347026 -0.6203353229347026 1.2406706458694052
47 0.0 -1.506973807158525 -0.6242089890660781
48 0.642985678334816 -1.285971356669632 -0.642985678334816
49 0.0 -0.562287422775531 -1.3574819220165013
50 0.5722500182126632 0.0 -1.3815337550372624
51 0.6710923746797817 -0.6710923746797817 -1.3421847493595633
52 1.3859557123802944 -0.6929778561901472 -0.6929778561901472
53 1.51824036560828 0.0 -0.6288757503772358
54 1.2813211791557402 0.6406605895778701 -0.6406605895778701
55 0.0 0.4959471206642295 -1.1973222649274688
56 0.5791324561135427 0.5791324561135427 -1.1582649122270854
57 0.5964903833046731 1.1929807666093462 -0.5964903833046731
58 0.0 1.2674641487301055 -0.5250008402256794
59 -0.5529203732413605 1.105840746482721 -0.5529203732413605
60 -0.521781474330085 0.0 -1.2596919119227203
61 -0.5378285547121356 0.5378285547121356 -1.0756571094242713
62 -1.1712347613627683 0.5856173806813841 -0.5856173806813841
63 -1.4228578862682117 0.0 -0.5893670338218081
64 -1.4246398301063665 -0.7123199150531833 -0.7123199150531833
65 -0.6504954914092625 -0.6504954914092625 -1.300990982818525
66 -0.7550589131255875 -1.510117826251175 -0.7550589131255875
67 1.5495358066783982 0.30822183564594824 0.0
68 1.5330013514888456 0.317494975461482 0.317494975461482
69 1.512371753944666 0.0 0.3008294459352591
70 1.3935919330980153 0.9311683596727545 0.0
71 1.3914517681267906 1.0186133905503592 0.37283837757643135
72 1.5016820281531311 0.6824547547492256 0.35225668525317044
73 1.44080626807183 0.33797676909483465 0.654789143030111
74 1.272429518405864 0.34094646188237365 0.9314830565234903
75 1.2902803651386494 0.0 0.8621377769123584
76 0.9165959041009502 1.3717827121130661 0.0
77 0.6681276282001688 1.4701564386483734 0.3448615779991695
78 1.0115469166757458 1.3817987852988896 0.37025186862314374
79 0.2890168118576448 1.4529856321402437 0.0
80 0.0 1.449434694452526 0.2883104864357632
81 0.3055943387815213 1.4755399945415741 0.3055943387815213
82 0.33269587107577414 1.418293623231511 0.6445580413553098
83 0.0 1.3231811056479987 0.8841213488924318
84 0.34198561299509767 1.2763076831552918 0.9343220701601941
85 0.908416856876372 0.3325036468427647 1.2409205037191366
86 0.6288931609278368 0.32461026713519264 1.383824423262719
87 0.8528710452849669 0.0 1.2764117211840211
88 0.3404448023387995 0.9301124971623439 1.2705572995011434
89 0.0 0.9136864053412278 1.3674283395027977
90 0.33186594462721475 0.6429501591642184 1.4147556190298454
91 0.31109585929284805 0.31109585929284805 1.5021036854058119
92 0.0 0.3150114322050042 1.583669413595342
93 0.30182763286922537 0.0 1.5173899785383185
94 1.1417222066394863 1.1417222066394863 0.7611481377596576
95 0.7116159257469374 1.0674238886204062 1.0674238886204062
96 1.0675287241654545 0.7116858161103031 1.0675287241654545
97 -0.2740725863948197 1.3778559372917505 0.0
98 -0.29139314891551027 1.4069705841888558 0.29139314891551027
99 -0.8032036917782215 1.2020792737094819 0.0
100 -0.8983539878138238 1.2271743689447394 0.32882038113091555
101 -0.6072460298648111 1.3361918037341671 0.3134368573517054
102 -0.32454591413583983 1.3835500842746133 0.6287684847691456
103 -0.34714172755032713 1.2955505646450536 0.9484088370947265
104 -1.2555702009612832 0.8389451866903707 0.0
105 -1.4365640417561014 0.6528612198975076 0.3369816499204311
106 -1.2758855499366142 0.9340130471965594 0.34187250274005465
107 -1.4885434424963804 0.2960897000944208 0.0
108 -1.5086393431865528 0.0 0.30008702327532955
109 -1.5104001834589396 0.3128141202997518 0.3128141202997518
110 -1.4888190280023703 0.3492393502178097 0.6766090327863524
111 -1.3738652883770182 0.0 0.9179874370723607
112 -1.4016972581292009 0.3755836483486383 1.0261136097805625
113 -0.3671600001802111 1.003099774999335 1.370259775179546
114 -0.3638714990656563 0.7049570527713654 1.5511963678171725
115 -1.0700869057447173 0.3916789917596507 1.461765897504368
116 -0.9596449077806016 0.0 1.4362100990970406
117 -0.7295439426537411 0.3765622983756163 1.605297669636237
118 -0.33762748456228353 0.33762748456228353 1.6302097045203556
119 -0.32074934070925537 0.0 1.6125158276209686
120 -1.1197985591722661 1.1197985591722661 0.7465323727815107
121 -1.2185512248859631 0.8123674832573088 1.2185512248859631
122 -0.7719838291024482 1.1579757436536722 1.1579757436536722
123 -1.50042712979762 -0.29845351246870994 0.0
124 -1.4600836487389621 -0.3023932247534361 0.3023932247534361
125 -1.340012403316625 -0.8953676624430685 0.0
126 -1.2218806611150625 -0.8944787247220752 0.3274019363929873
127 -1.3595779126888685 -0.6178740862389345 0.3189226479964028
128 -1.373554901611131 -0.32220129666853986 0.6242260717912997
129 -1.2457164323575793 -0.33378871204839267 0.9119277203091866
130 -0.931725184770307 -1.3944252807478092 0.0
131 -0.6416679856376112 -1.411934308271175 0.33120413636335705
132 -0.9139739244915718 -1.2485115992520475 0.3345376747604756
133 -0.3153155714463861 -1.5851984248146465 0.0
134 0.0 -1.5123860480321825 0.30083228920604654
135 -0.31194317481242634 -1.506194886643762 0.31194317481242634
136 -0.3207275139900506 -1.3672721167717172 0.6213707959696949
137 0.0 -1.2641859398312538 0.8447020393531758
138 -0.32148870960220777 -1.1998121982951957 0.8783234886929879
139 -0.9356080071663885 -0.3424562986070313 1.2780643057734198
140 -0.6539506183613802 -0.3375439551709011 1.438961167841473
141 -0.32250425128763377 -0.8810980001747759 1.2036022514624098
142 0.0 -0.8468678791547356 1.2674273481592786
143 -0.3231688307571072 -0.6261005521539652 1.3776795317835373
144 -0.3161947898235201 -0.3161947898235201 1.5267234998873054
145 0.0 -0.3041910858847092 1.5292718592208445
146 -0.9755966724256034 -0.9755966724256034 0.6503977816170691
147 -0.6483396068341337 -0.9725094102512004 0.9725094102512004
148 -0.9856577934203112 -0.6571051956135409 0.9856577934203112
149 0.29731384175052666 -1.4946976181880778 0.0
150 0.30110363919541466 -1.4538569788509306 0.30110363919541466
151 0.8303345282175911 -1.2426834398705773 0.0
152 0.8581761051016644 -1.172290360489658 0.3141142553879936
153 0.6049640432055498 -1.3311704915799905 0.3122589843120799
154 0.3162354331529365 -1.3481222259548629 0.6126679322502936
155 0.3205329476464884 -1.1962452461165096 0.8757122984700212
156 1.256617698942519 -0.8396451024646959 0.0
157 1.3292436594833565 -0.6040883746543529 0.31180699815610624
158 1.1723736891744403 -0.858237105932653 0.31413658324178734
159 1.5020353027443154 -0.29877339795669305 0.0
160 1.449144849530875 -0.30012772525940323 0.30012772525940323
161 1.344025573788429 -0.31527446199810555 0.6108061667785611
162 1.1959265748138166 -0.3204475599282808 0.8754790148855357
163 0.32150039915485534 -0.878355425144739 1.1998558242995945
164 0.31848886854865394 -0.6170336909845027 1.3577286963982014
165 0.8775151978100781 -0.3211928546054154 1.1987080524154936
166 0.6154678649809087 -0.31768064987353917 1.3542832331606043
167 0.30478744182146056 -0.30478744182146056 1.4716439513727415
168 0.9558449679645508 -0.9558449679645508 0.6372299786430339
169 0.9654924628242645 -0.643661641882843 0.9654924628242645
170 0.6456316461855676 -0.9684474692783513 0.9684474692783513
171 0.0 -1.567329268981416 -0.3117611753565222
172 0.30735240254337204 -1.4840286772963276 -0.30735240254337204
173 0.0 -1.365883794583503 -0.9126543734208484
174 0.3386012300223655 -1.2636769939487842 -0.9250757639264188
175 0.33000703173544 -1.4068310112130369 -0.6393487401003203
176 0.6175317511236614 -1.358824634194384 -0.3187459478824206
177 0.8861361403019798 -1.210484478863996 -0.3243483385620161
178 0.0 -0.8605661988869087 -1.2879283324092832
179 0.3192310064845074 -0.6184714935421431 -1.3608924552346897
180 0.3340242042742721 -0.9125710970350767 -1.246595301309349
181 0.0 -0.27222730701161235 -1.3685790913745468
182 0.2720703795660434 0.0 -1.3677901638300396
183 0.28907035437633816 -0.28907035437633816 -1.3957551400307049
184 0.641523158451242 -0.3311293821847834 -1.4116156287082513
185 0.8971085927081718 0.0 -1.3426178895837773
186 0.9929499520921098 -0.3634449071522535 -1.3563948592443633
187 1.2404601945204439 -0.9080798871557375 -0.3323803073647063
188 1.416334931152855 -0.6436678937094646 -0.3322364113725055
189 1.398013938991643 -0.3745967059602636 -1.0234172330313795
190 1.412611858018516 0.0 -0.9438770671994621
191 1.506242339262439 -0.3533264190882777 -0.6845272347691872
192 1.5247855011185492 -0.31579341713657955 -0.31579341713657955
193 1.5520461596380284 0.0 -0.3087211758961068
194 0.7024587870896235 -1.0536881806344351 -1.0536881806344351
195 1.129755546379409 -0.7531703642529395 -1.129755546379409
196 1.049657859197839 -1.049657859197839 -0.6997719061318927
197 1.5192709034555694 0.31465130656506096 -0.31465130656506096
198 1.2728981866482172 0.3410720411594303 -0.9318261454887868
199 1.429168959210388 0.3352469502863612 -0.6495004490082854
200 1.4172814245861844 0.6440980373296218 -0.33245843483232446
201 1.2601802032630818 0.9225159354810508 -0.3376642677820308
202 0.5856944872620122 0.30231278662536976 -1.2887695182560743
203 0.8895884236985063 0.32561196198620806 -1.2152003856847144
204 0.0 0.25448910482643616 -1.2794031270096975
205 0.2695293664241786 0.2695293664241786 -1.3014029037581591
206 0.2805823656148158 0.5435944228425207 -1.1961320068564054
207 0.0 0.7276436355875933 -1.0889956581872595
208 0.286082445943179 0.7815917774703418 -1.0676742234135208
209 0.9027890225973104 1.2332327391256497 -0.33044371652833926
210 0.6094275918651122 1.3409921402053486 -0.3145628950758952
211 0.2933220083937764 1.0946926383037183 -0.8013706299099419
212 0.0 1.1280064496525077 -0.7537098130929969
213 0.294508537444935 1.2554997430378558 -0.5705746976784375
214 0.2859136041303715 1.3805130015170302 -0.2859136041303715
215 0.0 1.3639893778934906 -0.27131435623750116
216 0.969398422794333 0.646265615196222 -0.969398422794333
217 0.6102646798121282 0.9153970197181922 -0.9153970197181922
218 0.972221638222013 0.972221638222013 -0.6481477588146755
219 -0.2719560622468462 1.3131200276918358 -0.2719560622468462
220 -0.28293274715267197 1.0559193874988104 -0.7729866403461384
221 -0.28220239216663306 1.2030382342179855 -0.5467330284940021
222 -0.5551605719528756 1.221582306869835 -0.28655236335958156
223 -0.8048116977937384 1.0993932244491311 -0.2945815266553927
224 -0.26917670987469833 0.5214973433072334 -1.1475093150487932
225 -0.2760821082488691 0.754270346796641 -1.03035245504551
226 -0.2593529172725635 0.0 -1.3038551634024065
227 -0.25711550253001875 0.25711550253001875 -1.2414634666086903
228 -0.5361595844459393 0.2767447902872981 -1.1797722949126126
229 -0.792831914106913 0.0 -1.1865568114775162
230 -0.7964570961664321 0.2915235302212998 -1.087980626387732
231 -1.1345111976384183 0.8305198384271383 -0.30399135921128007
232 -1.3049540562865405 0.5930497160822542 -0.30610927057608833
233 -1.1484404517461864 0.30772369160062435 -0.8407167601455618
234 -1.2774459529452737 0.0 -0.8535620968544938
235 -1.3176349376975176 0.3090838851537251 -0.5988126723213828
236 -1.4321331370326822 0.29660448424143154 -0.29660448424143154
237 -1.4932617955359526 0.0 -0.29702823886765517
238 -0.5710544199487209 0.8565816299230811 -0.8565816299230811
239 -0.8834301134658761 0.5889534089772508 -0.8834301134658761
240 -0.8850221397064902 0.8850221397064902 -0.5900147598043269
241 -1.5075177446563113 -0.31221714767737224 -0.31221714767737224
242 -1.2925862375398607 -0.346347438496389 -0.9462387990434715
243 -1.4494110073918083 -0.3399952236634432 -0.6586996548110363
244 -1.471255733692007 -0.6686272140747648 -0.3451194448584152
245 -1.372107265030185 -1.0044522314364706 -0.36765503359371454
246 -0.5898700876730385 -0.30446806966720363 -1.2979575619327444
247 -0.8925318278486045 -0.32668932267874856 -1.2192211505273531
248 -0.27746825249141105 -0.27746825249141105 -1.3397352365854538
249 -0.3135403897125343 -0.6074466113012352 -1.3366331656503427
250 -0.341254335063969 -0.9323241816978969 -1.2735785167618658
251 -1.0429170213868604 -1.4246511452536499 -0.38173412386678957
252 -0.7148378751742737 -1.5729382537408372 -0.3689715965050869
253 -0.36676157103269336 -1.3687728173577933 -1.0020112463251
254 -0.3623807457408228 -1.5448412365449211 -0.7020688983735017
255 -0.3331626912350404 -1.608651775312709 -0.3331626912350404
256 -1.123643287797181 -0.7490955251981207 -1.123643287797181
257 -0.7700906784887639 -1.1551360177331456 -1.1551360177331456
258 -1.2074845610666527 -1.2074845610666527 -0.8049897073777686
259 1.5546658495927228 0.1531212212778453 0.0
260 1.5468078349221583 0.15383960416288486 0.15383960416288486
261 1.5352618296762592 0.0 0.15121009212550243
262 1.5328464403817637 0.46498388416912784 0.0
263 1.5379733062145367 0.4747597341076764 0.16228966789417373
264 1.5478865026074125 0.3141668115219692 0.1585457781619388
265 1.5274243158114074 0.1564498923699232 0.31001370341511575
266 1.494699575424829 0.15772334715893993 0.46140148865533115
267 1.4779773054325374 0.0 0.4483395140498763
268 1.457968117843798 0.7793001948487261 0.0
269 1.4703422371790753 0.8199613534793904 0.17834697518529824
270 1.5118754427527552 0.6561004947199702 0.17404372147273967
271 1.3068707711661176 1.072521124249928 0.0
272 1.3144077703165458 1.1287075407449259 0.18570022957161997
273 1.4049969926770631 0.9824738817901413 0.18326189739575371
274 1.459502935950721 0.8535946290113177 0.3652431507866787
275 1.4184563301179907 0.8709526229351471 0.5475037071828435
276 1.4654151707813758 0.697897039555727 0.5298168558189812
277 1.4406602096212913 0.16584558302214 0.6251956011236579
278 1.373415880745842 0.1665901732323296 0.7659087224665602
279 1.3677847788347035 0.0 0.7310961958711396
280 1.4284253493666283 0.5164432868331917 0.6802808121726828
281 1.3456095640513988 0.5193859050123509 0.8262236590390476
282 1.3663609902918263 0.3419342167209202 0.799120285320939
283 1.287299336666051 0.16790991025839155 0.9001713049295244
284 1.1874744871565628 0.16776702774840524 1.0197074594081577
285 1.1982987388244148 0.0 0.9834183600299292
286 1.525385275839793 0.4974989774319671 0.3360817787151101
287 1.4897606669295773 0.5132486025798146 0.5132486025798146
288 1.4983090831588104 0.3301161940584417 0.4886681735787414
289 1.064769307770612 1.2974251554563598 0.0
290 0.9724493445190988 1.3906612988944145 0.18139200980397538
291 1.1241830341785017 1.309138870824804 0.18495583664630225
292 0.759092126348993 1.4201614808243712 0.0
293 0.6376755106840534 1.4694181040962686 0.16915612755154402
294 0.8048662271084851 1.443273885988478 0.17506368614140985
295 0.8422964501907448 1.4401849545587553 0.3604087923098019
296 0.6868367900695183 1.4421913190223328 0.521420335594326
297 0.8622836274627499 1.4043377762727238 0.5420541488099742
298 0.44153204096008164 1.455536074136248 0.0
299 0.2987475717722062 1.471916564937988 0.15076438536316217
300 0.45585878804989094 1.476744123512867 0.1558286560639076
301 0.14206124606879764 1.4423720368125317 0.0
302 0.0 1.443238117423971 0.1421465475636387
303 0.1451885519458628 1.4598242820040024 0.1451885519458628
304 0.15001126852372648 1.4645638658994924 0.29725523108113244
305 0.0 1.4422843505179395 0.43751217454838665
306 0.1534013760114899 1.453741476605242 0.44875805978269073
307 0.5087848123988123 1.4072428511166761 0.670192747633844
308 0.33978835362562876 1.3577861724451932 0.7941052776232199
309 0.5150531080779568 1.3343842825453962 0.8193311744674394
310 0.16367368867377152 1.4217934920990154 0.617008112690372
311 0.0 1.3805047993854365 0.7378951885050293
312 0.1665267805566109 1.3728932538353484 0.7656172706820319
313 0.16996745475976896 1.3030737222738336 0.911201877907053
314 0.0 1.2472307805780225 1.0235758488890574
315 0.17177674979450827 1.2158557650169368 1.0440790152224284
316 0.4826401442773909 1.4798264981571794 0.326044003156257
317 0.321513965993576 1.4592658714746536 0.47593436907952463
318 0.5020794962289706 1.4573411040849749 0.5020794962289706
319 1.010946750829238 0.16632567510780738 1.1772724259370455
320 0.8838838558907958 0.16487179507803137 1.264007300773862
321 0.9774141421159717 0.0 1.1909825781278591
322 0.7874708875097074 0.49502489441636655 1.2824957819260738
323 0.642636397854476 0.4878650810194576 1.3493811742083601
324 0.7705181028555271 0.3296956776205248 1.3174560793843877
325 0.7476016984915055 0.16260827538221612 1.340588003586325
326 0.609869057965964 0.16177991224465324 1.405342717241869
327 0.721819508020209 0.0 1.3504293165683672
328 0.5006547578919245 0.796426706979924 1.2970814648718485
329 0.33798346987417655 0.7898871586169877 1.3505738999395471
330 0.4919904491302546 0.6480705061882934 1.360791488825993
331 0.1726899833231564 1.0496297545652074 1.2223197378883637
332 0.0 1.0408390551019375 1.268266058211369
333 0.17210989415085223 0.9226875755614441 1.3194989636591967
334 0.17001844136281735 0.781670399239852 1.4016794799876788
335 0.0 0.7743239410656072 1.4486582018319136
336 0.16861545447728624 0.6356373109230936 1.4647214087107014
337 0.4531016925493715 0.15488618331193166 1.4678125756627678
338 0.3078264771179502 0.1553460981988571 1.5166479449811174
339 0.44584955515496294 0.0 1.4697690109975918
340 0.160080375283097 0.4682967029966336 1.5170364646673056
341 0.0 0.4721102763571224 1.5563390070492111
342 0.15834296797633854 0.3137649324552864 1.545906461558566
343 0.15511350880787347 0.15511350880787347 1.5596165371840658
344 0.0 0.1569935468210421 1.5939822306290898
345 0.15336416355011664 0.0 1.5571324838774467
346 0.4859341439639202 0.4859341439639202 1.410477438724183
347 0.32319877041063594 0.4784283706224368 1.466912747958938
348 0.4718298619178614 0.31874119633933223 1.4466810118608744
349 1.2323965068720768 1.2323965068720768 0.38130480621963847
350 0.9304886082040202 1.2930120841358763 0.7411668974466322
351 1.0990086398183392 1.2898524636232935 0.5759195683866086
352 1.2936428429718192 1.1022382027099873 0.5776119740686448
353 1.3000953301557936 0.9355859153456193 0.7452270818338043
354 0.5300018472867348 1.1870133018101967 1.0113853413933513
355 0.7149682644690282 1.2473069276527888 0.8975978657542956
356 0.34633997409598544 1.1193883929703137 1.1193883929703137
357 0.5237605185605829 0.9994752161423494 1.173034972759384
358 0.6878198329878654 0.8635147107849409 1.1999447881786551
359 1.2542122245720853 0.7189264467292064 0.9025671156155338
360 1.1862813125423624 0.5296750138270302 1.0107616556988306
361 0.8611233275858624 0.685915012175832 1.1966217089416336
362 0.9913447763942467 0.5194998793072877 1.1634926749470897
363 1.1024197384528969 0.3410898541171536 1.1024197384528969
364 0.934128797979073 1.1209545575748876 0.934128797979073
365 0.9058982843939533 0.9058982843939533 1.087077941272744
366 1.1232276472475988 0.9360230393729991 0.9360230393729991
367 -0.13831086761749128 1.4042938053784018 0.0
368 -0.14148104829783056 1.4225465229900964 0.14148104829783056
369 -0.4082833918303593 1.3459299669115519 0.0
370 -0.4218276610233175 1.366501065420254 0.14419561327103578
371 -0.2835416825134523 1.3969977960529358 0.1430906609060999
372 -0.14651191875675085 1.4303996242842316 0.2903210851742766
373 -0.15045826600300213 1.4258504550199453 0.44014833038210793
374 -0.6734626698459355 1.2599600355341074 0.0
375 -0.71291810702138 1.2783939144878669 0.15506436663455223
376 -0.5752630532287923 1.3255988835533334 0.15259998036191436
377 -0.9288725021634483 1.1318344187078873 0.0
378 -0.9828495136396774 1.144552500222709 0.16170298658303142
379 -0.8517588869789048 1.2180666548720993 0.15887949048277264
380 -0.7537850761207758 1.2888454241428027 0.32253581133378734
381 -0.7914967428204147 1.2890523956835105 0.4975556528630957
382 -0.6365520287121935 1.3366054689962978 0.48324605966545053
383 -0.16155803732289026 1.4034153438052541 0.6090326460304869
384 -0.16578117705615314 1.3667462904917167 0.7621893120370415
385 -0.4910553891608393 1.3582052157587585 0.6468388058803572
386 -0.5116882733162711 1.325666768663942 0.8139784953476709
387 -0.3375623945245295 1.348891292866033 0.7889030808701673
388 -0.1709573816019189 1.310663102586684 0.9165089127087008
389 -0.1746582794073699 1.2362515659390987 1.0615932865317288
390 -0.44873492982701296 1.375869470619631 0.30313958466072644
391 -0.47335319301428475 1.3739598412419325 0.47335319301428475
392 -0.30913859109393216 1.4030973558024133 0.45761520764968405
393 -1.1579038995605673 0.9502671721871567 0.0
394 -1.2696221759667012 0.8878101761998273 0.16560417577837683
395 -1.1662613536511253 1.0014913286980889 0.16477002495303641
396 -1.3384846493670135 0.7154349503858595 0.0
397 -1.4245026518203618 0.6181837922359135 0.163985561085105
398 -1.3575453982655556 0.7570582780150201 0.1646651434851595
399 -1.3677837511800237 0.7999523912541425 0.34229026511028693
400 -1.4382580239394025 0.6849635769018039 0.5199982634912133
401 -1.3665559233377633 0.8390850254230826 0.5274708979146805
402 -1.4546702526478652 0.4412693968829847 0.0
403 -1.5034096975561524 0.3051395759939761 0.1539901407459329
404 -1.4753639965389576 0.4554327541827747 0.15568302262063355
405 -1.508409797991399 0.14856539784186953 0.0
406 -1.5161565467041966 0.0 0.14932838599404827
407 -1.5162536464873118 0.1508008011854151 0.1508008011854151
408 -1.516177902452712 0.1552979530290984 0.3077310749278154
409 -1.492511187567471 0.0 0.45274831899544843
410 -1.506968674915238 0.15901800427269697 0.4651888589486064
411 -1.4713706526128199 0.5319700440223899 0.700733309591799
412 -1.4560525392367707 0.3643796830017055 0.8515766542402922
413 -1.438033341960236 0.5550601517004552 0.8829731902597806
414 -1.4846704094463963 0.17091193884995462 0.6442944720104035
415 -1.427592268740795 0.0 0.76306396523921
416 -1.4497660836194743 0.17585116526056702 0.8084867115249436
417 -1.3959946299269024 0.18208766706840204 0.9761787891155435
418 -1.3017773848758352 0.0 1.0683410901479957
419 -1.3210944012778223 0.1866449203537436 1.1344494809240786
420 -1.4854379842178804 0.4844703104795234 0.32728035848653714
421 -1.5064339573156402 0.3319063137099904 0.49131807236091035
422 -1.485359948249992 0.51173247803526 0.51173247803526
423 -0.1783191107896348 1.0838442444120178 1.2621633552016525
424 -0.1791118139661525 0.9602251294047601 1.3731799329346503
425 -0.5655203444299174 0.8996129539264215 1.4651332983563388
426 -0.5607762678675918 0.7386780788484698 1.551045500575954
427 -0.36882010780036245 0.8619541869893621 1.473796371028139
428 -0.17782690395395973 0.817570293522747 1.4660546248044652
429 -0.17676795152864583 0.6663701480707865 1.5355401661169854
430 -0.9363594695584805 0.5886201698449937 1.524979639403474
431 -0.9068693803488163 0.3880387933253652 1.5505937808863124
432 -0.753985268311788 0.5723969031951803 1.5831869002240324
433 -1.1580735510194324 0.1905316625626491 1.3486052135820816
434 -1.0940270828553993 0.0 1.3330758575480335
435 -1.0208223691828353 0.19041508150792272 1.4598376459087572
436 -0.8611471124894805 0.18730514804184964 1.544195914289403
437 -0.8098603734269575 0.0 1.515142190604454
438 -0.6934326110752734 0.18394680874857453 1.5979011513108032
439 -0.16741422554774088 0.4897510373779097 1.5865372904755866
440 -0.16514341899674354 0.3272403843957964 1.6122994394616177
441 -0.5021073040974444 0.17163803451522658 1.6265651340643636
442 -0.4856647779843492 0.0 1.6010222106565133
443 -0.3310480716976255 0.16706498653387855 1.6310597526598778
444 -0.1609898975844012 0.1609898975844012 1.6187017399187116
445 -0.1582851892283547 0.0 1.6070964960703957
446 -0.5538051003179665 0.5538051003179665 1.60748037393905
447 -0.5319435101162698 0.3593505296808028 1.630995910983265
448 -0.3536796210640594 0.5235489126801158 1.6052571740077446
449 -1.1025318071967667 1.1025318071967667 0.3411245283071779
450 -1.302944164599231 0.9376360183793039 0.746860060992845
451 -1.2155805993965862 1.035725882462297 0.5427571554788898
452 -1.0129228664141137 1.188817819412752 0.5308075650165677
453 -0.8964510227090705 1.2457132682538357 0.7140547636543021
454 -1.339826124086427 0.5982328249615345 1.14158830389717
455 -1.353756064730176 0.7759859282878819 0.9742017201334696
456 -1.2692269142352481 0.392700173915258 1.2692269142352481
457 -1.16758649343489 0.6118567998375392 1.3703389222665368
458 -1.0142236001349716 0.8078647630948425 1.4093706891495559
459 -0.725674075621651 1.265983885890545 0.9110383409744081
460 -0.553629654518261 1.23993108241796 1.056473519869652
461 -0.7866407560255824 0.9875781888700814 1.3723440792066657
462 -0.5745503916880844 1.0963958843161579 1.2867860008137828
463 -0.36363272378032746 1.175279438552678 1.175279438552678
464 -1.1976667746262022 0.9980556455218351 0.9980556455218351
465 -1.0180652530475391 1.0180652530475391 1.221678303657047
466 -0.9719530622001558 1.166343674640187 0.9719530622001558
467 -1.5133025336077663 -0.14904729023898114 0.0
468 -1.5052317709762548 -0.149704607509981 0.149704607509981
469 -1.4775755020472043 -0.44821762832547335 0.0
470 -1.4530803551721871 -0.4485539770235807 0.1533316133066532
471 -1.483773416893178 -0.3011540979400972 0.15197885025876004
472 -1.489231008866908 -0.1525378564681351 0.3022617981920772
473 -1.4652146488602282 -0.15461204547332688 0.4522997338723118
474 -1.398948438514819 -0.747753519007142 0.0
475 -1.3521696641097607 -0.7540604084422954 0.1640130871802779
476 -1.4057374893847394 -0.6100403751200858 0.16182535753130584
477 -1.2650537811391052 -1.0382028074384653 0.0
478 -1.2023644733078107 -1.0324937803886352 0.1698706929191757
479 -1.2838005284186738 -0.8977246892155003 0.16745354042886149
480 -1.2965300224274314 -0.7582794362623646 0.324458895433772
481 -1.2344961126955512 -0.7579983990525789 0.4764977136429722
482 -1.3054454543115543 -0.6217122191929567 0.4719802413931167
483 -1.4252848080877256 -0.16407560116624909 0.6185232204053607
484 -1.3778589258906868 -0.1671290978732452 0.7683864621508437
485 -1.3124874246381055 -0.47452624654686065 0.625065924232682
486 -1.2470359274978837 -0.48133790149076605 0.7656980260071176
487 -1.3162005631898044 -0.3293814825069161 0.7697838104783523
488 -1.3141034390103732 -0.1714061246127375 0.9189146407625421
489 -1.2348027379780964 -0.17445358822169382 1.0603491497564026
490 -1.4156824327259536 -0.46171978568615224 0.3119114086271297
491 -1.3681136189281418 -0.4713390671888874 0.4713390671888874
492 -1.4225768256406592 -0.3134304214762995 0.46396836739164427
493 -1.0606199168769206 -1.2923691080233546 0.0
494 -0.9256548039493065 -1.3237422794753246 0.17266337441576818
495 -1.0471548152455057 -1.2194376100071849 0.17228279476167918
496 -0.7885009864394299 -1.4751815881943036 0.0
497 -0.6412782821203026 -1.477720097013742 0.17011183441874902
498 -0.7874078487914874 -1.4119677873251606 0.17126637429096128
499 -0.7830030080146722 -1.3388031627838508 0.3350378224075424
500 -0.6371137335928906 -1.3377849135375721 0.4836724846205966
501 -0.7740144898248376 -1.2605803390259036 0.4865658492010662
502 -0.4760901668312346 -1.569458947662321 0.0
503 -0.31495445694863994 -1.551767198085327 0.158943267178943
504 -0.47187619159130884 -1.5286321361470216 0.16130397108014297
505 -0.15591316539022915 -1.5830129338784373 0.0
506 0.0 -1.5451816627192079 0.15218711040297123
507 -0.15484321328878373 -1.5568988025087367 0.15484321328878373
508 -0.1554268394383168 -1.517436223774866 0.3079864701373384
509 0.0 -1.4674520937947553 0.4451467260052897
510 -0.15478627170218454 -1.4668657415804391 0.45280941264090097
511 -0.47724275035068503 -1.3200009754847584 0.6286442172632055
512 -0.32231027336792883 -1.2879441798001505 0.7532579806889236
513 -0.47705635856723994 -1.235943433359722 0.758887074792482
514 -0.16088855672683142 -1.3975997288320974 0.6065088747242728
515 0.0 -1.3429355288746427 0.7178139950474625
516 -0.16066675424654622 -1.3245815614967669 0.7386754338517004
517 -0.16168595434026575 -1.2395827110510858 0.866804444617221
518 0.0 -1.1747580666333985 0.964099029640912
519 -0.1619809197334689 -1.1465197433080099 0.984538823574541
520 -0.47943485929455537 -1.4699987502833531 0.3238786964376768
521 -0.3178689088743151 -1.4427219324352547 0.4705386222572888
522 -0.48186428342410215 -1.3986642197078352 0.48186428342410215
523 -1.0774017151850106 -0.17725915582939106 1.2546608710144016
524 -0.9514333172117787 -0.1774718678933906 1.3606071104705932
525 -0.7875480519668109 -0.4950734020219635 1.2826214539887744
526 -0.6469504054574238 -0.4911401113099256 1.3584395479080826
527 -0.8000753363201247 -0.34234287186500023 1.3679939665195573
528 -0.8073831920656612 -0.17561114253658622 1.4477872692965228
529 -0.655511587322057 -0.17388750205824374 1.5105184027259215
530 -0.48023279121955037 -0.7639400494368758 1.244172840656426
531 -0.32401789223606897 -0.757248785967827 1.2947677841474665
532 -0.48178078020260373 -0.6346219009935088 1.3325526671069148
533 -0.16216197613589492 -0.9856393053951064 1.1478012815310012
534 0.0 -0.9652976985679834 1.1762186489470476
535 -0.1621095280937592 -0.869075239341781 1.2428300846638893
536 -0.16136197480070397 -0.7418717537554252 1.3303131537700372
537 0.0 -0.7207699330862608 1.3484656999786375
538 -0.16191560591512097 -0.6103805885375405 1.4065214551267016
539 -0.48073852879062806 -0.16433343136819153 1.5573414749220191
540 -0.32003820652494663 -0.16150880562220277 1.5768146157730192
541 -0.15620506377207904 -0.4569599254529454 1.4803112329594068
542 0.0 -0.4489494317573166 1.4799879346577764
543 -0.1572832635585334 -0.3116650723268285 1.5355605401212975
544 -0.15705287828043857 -0.15705287828043857 1.5791162746625653
545 0.0 -0.15421201072312865 1.56574082068769
546 -0.48801676177313325 -0.48801676177313325 1.4165224665738791
547 -0.3212134086234295 -0.4754894565797182 1.4579017219848498
548 -0.4871581995060691 -0.32909614216853245 1.4936793405425672
549 -1.0833088255272456 -1.0833088255272456 0.33517691708011915
550 -0.81159966704737 -1.1278033580641196 0.6464676750371632
551 -0.950104610793123 -1.115091118058843 0.49788856751894967
552 -1.106142180029771 -0.9424797385782638 0.4938928636128269
553 -1.1191483801129396 -0.8053712964956654 0.641506558869535
554 -0.48905171742793463 -1.0952997557120199 0.9332415362738604
555 -0.6423045918082682 -1.1205405985685604 0.806373176856244
556 -0.3249074225401252 -1.050117297405934 1.050117297405934
557 -0.4902234474873648 -0.9354775107562974 1.0979240091439555
558 -0.6463507627036857 -0.811452890936842 1.1275993971742153
559 -1.1256433862772732 -0.6452295585435349 0.8100452893533316
560 -1.1230326292618134 -0.5014344550009212 0.9568711129097771
561 -0.8215678991260997 -0.6544077224248258 1.1416552681483778
562 -0.9671742055010524 -0.5068336415252377 1.1351248630080302
563 -1.1086823438388873 -0.3430275109668926 1.1086823438388873
564 -0.8195378589496294 -0.9834454307395553 0.8195378589496294
565 -0.8231912160625282 -0.8231912160625282 0.987829459275034
566 -0.9843020818580672 -0.8202517348817226 0.8202517348817226
567 0.15122671624901207 -1.5354306172347971 0.0
568 0.15108951711149185 -1.5191565924416541 0.15108951711149185
569 0.4382649903601497 -1.4447660516620255 0.0
570 0.44170283981241604 -1.4308862527852426 0.15098965230444836
571 0.30038251226377194 -1.479971847121364 0.15158946587127825
572 0.15257981614197513 -1.4896406622398566 0.30234494349620106
573 0.15282751852456866 -1.4483031914210505 0.4470793057902673
574 0.7050194626793871 -1.3189986424235938 0.0
575 0.7216389189187367 -1.2940319418421642 0.15696120045050427
576 0.5919557975959207 -1.364064561424194 0.1570280632160328
577 0.9493701348889442 -1.1568108564501114 0.0
578 0.963529239591986 -1.1220535645673568 0.15852432497537083
579 0.8475899690421487 -1.2121048504186442 0.15810185778908203
580 0.7351416685186701 -1.2569683396268005 0.3145585154341161
581 0.7422820078068495 -1.2088999848901287 0.4666179770832793
582 0.6124785627500379 -1.2860570066375963 0.4649704010484517
583 0.15965113253240187 -1.3868505260685884 0.6018441007279821
584 0.16001790725283577 -1.3192322857979337 0.7356923192874579
585 0.4681259867174176 -1.294785009646966 0.6166352328752862
586 0.4723209522861044 -1.223675083525674 0.7513541312395696
587 0.3199597421418432 -1.2785515129749772 0.7477646515858628
588 0.16141770258067886 -1.2375261301640834 0.8653663369075248
589 0.16190456980107132 -1.1459793296281884 0.9840747598271169
590 0.4563242579857764 -1.3991391655377021 0.3082664995340313
591 0.46622618266669696 -1.3532729077846022 0.46622618266669696
592 0.31033629502599724 -1.4085334135076903 0.4593881585182098
593 1.1639686890751568 -0.9552444163126204 0.0
594 1.2173927017918917 -0.8512876110243605 0.15879158287807435
595 1.1244456255857052 -0.9655833489561458 0.15886227662955923
596 1.3375060457726082 -0.7149118758669682 0.0
597 1.3706802305830217 -0.5948267641354045 0.15778964426158396
598 1.3010501329172801 -0.7255527325244517 0.15781248059322858
599 1.2563613828045785 -0.7347866880176184 0.31440662343261394
600 1.2795649313887658 -0.6093867426385292 0.462623208959372
601 1.2044436350210095 -0.7395457447828737 0.46489789023813566
602 1.4603301777601458 -0.44298631639526104 0.0
603 1.479255154566057 -0.30023704874654183 0.15151605701430287
604 1.4348529467925086 -0.4429273256890996 0.15140822488335837
605 1.5312536378091341 -0.15081531968358453 0.0
606 1.5131429709361714 -0.15049142526640144 0.15049142526640144
607 1.4856307153045665 -0.15216908825193104 0.301531064545186
608 1.44847018075799 -0.1528451395352353 0.44713085402773267
609 1.286939847335012 -0.4652895896932946 0.6128990114538664
610 1.2765096707303538 -0.31944876756518037 0.7465704740817499
611 1.2172472236474603 -0.46983989098174883 0.7474073326657114
612 1.3916912573682272 -0.1602083866991239 0.6039448069837281
613 1.3275233737243075 -0.16102358498913008 0.7403159854694003
614 1.2471817955071207 -0.16267714695003074 0.8721182652463643
615 1.154880172802486 -0.16316208566348137 0.9917180871390046
616 1.3954917222201229 -0.4551346573324348 0.30746287355353286
617 1.4030033743417947 -0.3091178845505092 0.4575845559308719
618 1.3458135282356678 -0.46365629596302016 0.46365629596302016
619 0.16208283136228624 -0.9851582542785369 1.147241085640823
620 0.161832273369419 -0.867588866401535 1.2407044815819661
621 0.4752632709380787 -0.7560346842912263 1.2312979552293049
622 0.47227007471632126 -0.6220939998328279 1.3062471014168837
623 0.3215689516630597 -0.751525468458967 1.2849818759146152
624 0.16069011678349648 -0.7387828445739655 1.3247741687714905
625 0.1606270872711742 -0.6055232014821746 1.3953284073176353
626 0.754551499679049 -0.4743309021131626 1.2288824017922115
627 0.7500272459809356 -0.32092787980077603 1.2824201680136098
628 0.6212538021697744 -0.4716322286460918 1.3044828893166613
629 0.9901356094294941 -0.16290172904908848 1.1530373384785826
630 0.8694945179666019 -0.16218773658127866 1.2434296784219379
631 0.738149427838416 -0.16055234448686612 1.3236383355080537
632 0.6035354885656995 -0.16009980683778507 1.3907480505432603
633 0.15415104359102588 -0.4509511259547266 1.4608458643387396
634 0.15428414129694956 -0.3057221535735839 1.5062800324837282
635 0.4489291777228012 -0.15345987017532933 1.4542958092606828
636 0.30467490981719764 -0.15375564474609768 1.5011203070894472
637 0.1530950401439059 -0.1530950401439059 1.5393214827281005
638 0.47167389420024286 -0.47167389420024286 1.369085491251292
639 0.4628785339461251 -0.3126941924999829 1.4192352792931795
640 0.31332764129405627 -0.4638162227685058 1.4221103338920098
641 1.0256924935115423 -1.0256924935115423 0.31735036191558513
642 1.0983918614004549 -0.7904343098697066 0.6296087237567205
643 1.0716633643254039 -0.9131023350236273 0.47849806054894733
644 0.9143057572383123 -1.073075761873659 0.47912869653974616
645 0.7933963197998005 -1.1025078866791889 0.6319680688263298
646 1.0881826940920158 -0.48587394696815694 0.9271774999355243
647 1.1048678911005785 -0.6333208459398791 0.7950946467190587
648 1.049463541641556 -0.32470514980268955 1.049463541641556
649 0.9303121018232285 -0.4875165897107371 1.0918616223741464
650 0.8026658162522293 -0.6393515487163198 1.1153888298967303
651 0.6365316359070878 -1.1104693153432499 0.7991255923780135
652 0.48764450355608485 -1.092148103330186 0.9305561956670677
653 0.6402569446041068 -0.8038024840694279 1.1169683497428924
654 0.48873229874178736 -0.9326319999513167 1.0945843728671398
655 0.32466035104676927 -1.0493187497863057 1.0493187497863057
656 0.971998196793071 -0.8099984973275592 0.8099984973275592
657 0.8150746634582028 -0.8150746634582028 0.9780895961498434
658 0.8116681990465893 -0.9740018388559072 0.8116681990465893
659 0.0 -1.5732374467452164 -0.15495036394397832
660 0.15308205104120626 -1.5391908814701623 -0.15308205104120626
661 0.0 -1.5460900475015928 -0.4690012884679266
662 0.15894235607900922 -1.5062517783680658 -0.4649675588696369
663 0.15667112583466997 -1.5295842238075497 -0.31045208917995426
664 0.3034226488347274 -1.4949504705522356 -0.15312368527537656
665 0.445600403825187 -1.4435123223110646 -0.15232197752873838
666 0.0 -1.4474036651393103 -0.7736533772329519
667 0.16966214739775876 -1.3987420931038623 -0.7800323154903382
668 0.16799816084385202 -1.4593591291785264 -0.6333102711720668
669 0.0 -1.2629186349696222 -1.0364505382618516
670 0.17153575280542993 -1.2141499603671624 -1.0426142075617324
671 0.17159048617850792 -1.3155168667285928 -0.9199030100075916
672 0.33651844485848503 -1.3447196948516829 -0.7864633093755494
673 0.4971031403667232 -1.2878800397587629 -0.7907768993920397
674 0.48784925407720825 -1.3493373986262425 -0.6426155499406739
675 0.5977150570703109 -1.3773358255641304 -0.1585558214785499
676 0.7301137263803297 -1.3092288377810577 -0.15880452668733147
677 0.6330373318335566 -1.3292254547037436 -0.4805778356383339
678 0.7731616963515139 -1.2591914571640606 -0.4860297608125468
679 0.7539603758008786 -1.2891451570477268 -0.32261082001509406
680 0.8603657040774009 -1.2303749231772831 -0.1604849292239376
681 0.981855903063974 -1.1433954162002955 -0.16153951313632162
682 0.3203956002829592 -1.4541899087298091 -0.4742788619004268
683 0.4803724831481252 -1.3943341049001294 -0.4803724831481252
684 0.4649388639798649 -1.4255524723717663 -0.31408603331552337
685 0.0 -1.0054174344142723 -1.225104688521409
686 0.16562832173662648 -0.8879396235845165 -1.2698072935454678
687 0.16887288606945144 -1.0264289945879457 -1.1953018806573972
688 0.0 -0.7115749245338016 -1.3312630489317083
689 0.15660062860169294 -0.5903444779829191 -1.360351540975455
690 0.16073796110974528 -0.7390028118510472 -1.3251686107496619
691 0.3289162406101266 -0.7686965129248313 -1.3143414676452907
692 0.4906059373127139 -0.646246769008022 -1.356962081363269
693 0.500684835374865 -0.796474553345738 -1.297159388720603
694 0.0 -0.41532430465163417 -1.3691407458709446
695 0.1415932570839709 -0.2805744979575913 -1.382378604094013
696 0.1455774033236254 -0.4258699286948975 -1.379595899141039
697 0.0 -0.13373139195287023 -1.357797608669596
698 0.13335848275803946 0.0 -1.3540113980753732
699 0.13655230121701564 -0.13655230121701564 -1.3729895532979346
700 0.28167114965268325 -0.1421466875864758 -1.387781760298422
701 0.4180551484128518 0.0 -1.3781431312893144
702 0.4321222717091004 -0.14771467529181911 -1.3998502214146293
703 0.6626847809632451 -0.503085050013314 -1.3914779350370485
704 0.8174051730113525 -0.34975810614670366 -1.3976250661900054
705 0.8397795841407625 -0.5279075157774346 -1.367687099918197
706 0.610277991625615 -0.16188839004117053 -1.4062850374545757
707 0.7334239239383973 0.0 -1.3721396517469715
708 0.7789668182694088 -0.16943039476013166 -1.396831459680858
709 0.9532330916895942 -0.17780758173963346 -1.363180896680788
710 1.0555648478007191 0.0 -1.2862094885319124
711 1.1153170534864616 -0.18349716414660158 -1.2988142176330633
712 0.30597878801398726 -0.452937778224117 -1.3887558550190966
713 0.45921488130342364 -0.31021923887674296 -1.4080021269642733
714 0.48053930151150986 -0.48053930151150986 -1.3948183135955705
715 1.152945482448456 -0.9900567308682073 -0.1628887515802487
716 1.2524969968066355 -0.8758350322433386 -0.16337043944835378
717 1.3213291539001588 -0.8113151373890336 -0.5100140165111252
718 1.4093314316784993 -0.6711874242415611 -0.5095399330011191
719 1.3366892785351572 -0.7817666965304058 -0.3345088191939323
720 1.3413929447400788 -0.7480505876148769 -0.1627059117122787
721 1.413990416086578 -0.6136218535533255 -0.1627754160054447
722 1.4172246059286024 -0.547028279391661 -0.8701963265369413
723 1.467438858503577 -0.3672291292223548 -0.8582359768979905
724 1.4609542556139772 -0.5282040241142253 -0.6957725498199091
725 1.3221758173363536 -0.18679770339023108 -1.1353781139461223
726 1.3199519307000822 0.0 -1.0832565544388988
727 1.4194572273611743 -0.18514802957881898 -0.9925855069222533
728 1.4859827563479953 -0.18024411124897835 -0.8286835549795476
729 1.4773416752636157 0.0 -0.7896555770326008
730 1.5235838509335642 -0.1753915672506958 -0.6611815299577841
731 1.475875969752898 -0.45559079611103087 -0.1557370469411633
732 1.5161531219361726 -0.30772604534983533 -0.1552954148286093
733 1.5425967125092395 -0.16277753791706376 -0.47618694167641346
734 1.5412987099000728 0.0 -0.4675478520964623
735 1.5464201140124272 -0.1583955799914088 -0.3138691859347167
736 1.5421515474142504 -0.1533765075771857 -0.1533765075771857
737 1.55405883695615 0.0 -0.15306143575141373
738 1.4788935251151512 -0.5095046821809855 -0.5095046821809855
739 1.5232646232910811 -0.33561454417974623 -0.49680733415260486
740 1.4817239508366806 -0.48325899171398873 -0.32646206099492564
741 0.342178139069218 -1.1059371307110817 -1.1059371307110817
742 0.700842443553143 -0.8798637825281789 -1.22266354813125
743 0.5210321417374928 -0.9942687431106095 -1.166924391073795
744 0.518832631195603 -1.1619982794308625 -0.9900714884563179
745 0.6807662958495633 -1.1876394507612047 -0.8546594367874852
746 1.0848463503770827 -0.5684980256190078 -1.2732308800756245
747 0.9131977110661241 -0.7273940898348344 -1.2689845584383792
748 1.2279301229859982 -0.37992290223606895 -1.2279301229859982
749 1.2890394732527932 -0.5755565679067198 -1.0983159377718128
750 1.290538359569135 -0.7397489348577563 -0.928708445004134
751 0.8480170031377784 -1.1784090884532563 -0.6754753638636782
752 0.9702467896982947 -1.1387310041728151 -0.5084437847949028
753 1.2356973638323334 -0.8892432904075611 -0.7083135514132982
754 1.160737390108997 -0.9889971576334792 -0.5182696436799672
755 1.0729536983484085 -1.0729536983484085 -0.33197302958101566
756 0.921116150555134 -0.921116150555134 -1.1053393806661609
757 1.10960218454911 -0.9246684871242583 -0.9246684871242583
758 0.8943276309790709 -1.073193157174885 -0.8943276309790709
759 1.55319894979585 0.15447524005774554 -0.15447524005774554
760 1.522214037515551 0.1606267219424599 -0.4698949772311886
761 1.542557343120061 0.1579999269406458 -0.31308517857187046
762 1.5394159150178646 0.3124475785612559 -0.15767815905768826
763 1.5132954139009174 0.4671418713360599 -0.15968561297870645
764 1.429081505679502 0.17334220386688756 -0.7969516048708973
765 1.4826934775506657 0.1706843588691563 -0.6434365534556482
766 1.2485229814233578 0.17639199152019988 -1.072130989903158
767 1.350463486378012 0.17614877623741937 -0.9443401733904034
768 1.361207107026201 0.3406444484605381 -0.7961060213782473
769 1.2819424259532763 0.49481130698327774 -0.7871311189699985
770 1.361306662831067 0.49217670888585846 -0.6483158553699901
771 1.4670704044069378 0.636656692014164 -0.16888586561112415
772 1.409994343167242 0.7863073240960617 -0.1710270029477717
773 1.3555396500011467 0.6455693428039061 -0.4900916611356111
774 1.2737881671448277 0.7821242865800866 -0.49166388056474103
775 1.3466385483341978 0.7875855565366815 -0.3369986412833009
776 1.3327888104778887 0.9319807822091525 -0.17384336586416305
777 1.2375286651721913 1.0626899565052517 -0.1748387086669397
778 1.4825520824645333 0.3266445197841294 -0.4835290838963123
779 1.425390641337175 0.4910720030650625 -0.4910720030650625
780 1.4766620446871812 0.481608069043422 -0.3253467923153613
781 0.8985813116859539 0.16761332712873908 -1.2850255502916768
782 1.048975660350753 0.17258236869190705 -1.22155802904266
783 0.5820492023972405 0.15440014156473428 -1.341236445727422
784 0.7383364678235463 0.16059302691103788 -1.3239737327667311
785 0.7379061920101808 0.31574142267854505 -1.2616952088164977
786 0.5844579706025647 0.44369823454204144 -1.2272205329174553
787 0.7318679307235606 0.4600714145495178 -1.1919393452730782
788 0.2717323498659454 0.13713102492449578 -1.3388137169602952
789 0.4153866291924097 0.14199384079195534 -1.345635490038144
790 0.0 0.12922142883650134 -1.312007184707271
791 0.13197464861352462 0.13197464861352462 -1.3269627258684082
792 0.1323627345892698 0.26228373137609284 -1.2922607759991622
793 0.0 0.3765143938694088 -1.2412016158936359
794 0.13208717737234552 0.3864058262120552 -1.251752841249022
795 0.42780016141576666 0.5635163602185069 -1.183248210614832
796 0.2843054782784241 0.6644385493177819 -1.1360779233245184
797 0.4310138034061187 0.6856439466490176 -1.1166577500551362
798 0.13814007195396377 0.5207528819926079 -1.199989179040903
799 0.0 0.6130958539203925 -1.1470216664987043
800 0.13898429867284556 0.6389889906109523 -1.145825346525093
801 0.1411692061753144 0.7568133908424085 -1.0822888606604635
802 0.0 0.8384638619407565 -1.0216711718529223
803 0.14277923604226958 0.8678287622716992 -1.0106079983139689
804 0.42432014088877595 0.28664635338682143 -1.3010111065856753
805 0.2760635787665376 0.408654550293199 -1.2529787239762151
806 0.429129663080469 0.429129663080469 -1.2455961689064852
807 1.0544892238899672 1.2279787097739099 -0.17348948588394253
808 0.9146438050147087 1.3079958859312113 -0.170609481081423
809 0.7493896906381404 1.220475743937204 -0.4710860532990638
810 0.6055307108217679 1.2714681961928482 -0.4596958564456044
811 0.7584366301956844 1.2967987975572135 -0.32452615687795044
812 0.7616729167278217 1.3658202982714673 -0.16566885768767506
813 0.6077157503623564 1.4003807748065464 -0.16120870452293465
814 0.4442825438819596 1.15103400846897 -0.7067514645870103
815 0.2954713203703859 1.1806963625217493 -0.6905337760662057
816 0.4452001147097245 1.2313745683322335 -0.5864363103086
817 0.14480845451939495 1.024971042130104 -0.8801625876107089
818 0.0 1.0408982068242019 -0.8542430817522066
819 0.14561400524007317 1.1163653894304015 -0.7806421247635706
820 0.14536203794337044 1.1984052089950086 -0.6683110451003257
821 0.0 1.2035986158015832 -0.6433368633609047
822 0.14585292543941827 1.266988859808101 -0.54982837488996
823 0.43836091519427073 1.4200601643770734 -0.14984726427647976
824 0.28863033203201666 1.4220693555474837 -0.14565867212856393
825 0.140334002484861 1.3299056716087412 -0.41053096337237915
826 0.0 1.3204719005788785 -0.4005607718372871
827 0.14098381102342694 1.376428566558357 -0.2793668484833797
828 0.14067248283628794 1.4144166568365317 -0.14067248283628794
829 0.0 1.3990745135231386 -0.1377968122381358
830 0.4495457581541936 1.3048561362210573 -0.4495457581541936
831 0.291746417075001 1.3241589311584228 -0.4318697214682636
832 0.4465054747371091 1.3690337219617348 -0.30163349265617995
833 1.0989883888448053 0.3400281908536752 -1.0989883888448053
834 0.7788398081727795 0.6203732954297281 -1.0822800781164046
835 0.9366777474629898 0.49085241415881364 -1.0993326680179332
836 1.1273950450128651 0.5033822751333193 -0.9605880749159726
837 1.139480542174526 0.6531611486900463 -0.8200029038956129
838 0.4477262428419284 0.8543814729809144 -1.0027455725741068
839 0.5996807685205652 0.7528616369534995 -1.0461806686081963
840 0.2929436559843939 0.9468087798965397 -0.9468087798965397
841 0.45269784193526125 1.0138801644349933 -0.8638686143409352
842 0.6094044489380114 1.0631442382513459 -0.7650691085626881
843 1.1375072659120997 0.8185828776595441 -0.6520300478572145
844 1.123599124343264 0.9573537905853153 -0.5016873952495182
845 0.7900032488241004 1.0977928566022717 -0.6292653684754573
846 0.9437495633156783 1.1076325109576468 -0.4945582968844155
847 1.0974581215930697 1.0974581215930697 -0.3395547245182599
848 0.7919644970543315 0.7919644970543315 -0.9503573964651978
849 0.7959779058052314 0.9551734869662777 -0.7959779058052314
850 0.9779458344073745 0.8149548620061454 -0.8149548620061454
851 -0.13698051457783172 1.3772951011777077 -0.13698051457783172
852 -0.13704682171481386 1.2987539886788648 -0.4009146945821251
853 -0.13741978550727493 1.3416328939434399 -0.2723045441724522
854 -0.2737793843825644 1.3488993688574384 -0.13816407064561903
855 -0.4059711886996137 1.3151343857871935 -0.13877531023665207
856 -0.14246877558850718 1.1745523466788648 -0.6550090907834677
857 -0.14265151050435015 1.2391789475548196 -0.537759856100955
858 -0.14228285759504355 1.0070945740734247 -0.8648117164783811
859 -0.14293546611338026 1.0958300819210374 -0.766282376388567
860 -0.28415941895801533 1.135494273757099 -0.6640972001339589
861 -0.42025794397363203 1.0887917891534784 -0.6685338451798462
862 -0.4189554103322246 1.1587846015822876 -0.5518656821983264
863 -0.550127006837766 1.2676770079072763 -0.1459321435103771
864 -0.6784786033587097 1.216637519936059 -0.14757354858677865
865 -0.5563814743225387 1.1682666740254208 -0.4223836277470818
866 -0.6807195256952066 1.1086377086772723 -0.42791818298206585
867 -0.6816742271600101 1.1655480272343444 -0.29168042309073045
868 -0.8064262745828579 1.1532382810423658 -0.1504235501106291
869 -0.92696948875283 1.0794788329835594 -0.15250934423072923
870 -0.27838280763396467 1.2635050833022134 -0.41208768491414427
871 -0.42011465972148115 1.2194291275371527 -0.42011465972148115
872 -0.4148069438394305 1.2718426231042825 -0.28021978302055656
873 -0.13861313437758202 0.7431101943954714 -1.0626924620641676
874 -0.14030831812779815 0.8528102365054184 -0.9931185546332166
875 -0.13519113233457247 0.5096361308291079 -1.1743724583974255
876 -0.1362768049405803 0.6265411191349229 -1.1235040125786602
877 -0.2736367729513902 0.6395051602972185 -1.0934460308056266
878 -0.4032394330515646 0.5311639361186489 -1.1153159363675227
879 -0.4081151173155827 0.6492173974756061 -1.0573325147911887
880 -0.12920333630400177 0.2560232172386756 -1.26141548942753
881 -0.129114653053016 0.3777100486324639 -1.2235830685547837
882 -0.1301847004506866 0.0 -1.3217874455356413
883 -0.12877667277286983 0.12877667277286983 -1.2948081053912321
884 -0.2588120098360209 0.13061071377438566 -1.2751557518030814
885 -0.3894382744655768 0.0 -1.2838059405642719
886 -0.3869470126565193 0.1322721740391458 -1.2535060023650029
887 -0.5387081391117609 0.40896670467319973 -1.1311569399697132
888 -0.666452769542016 0.2851673395367706 -1.139521900396312
889 -0.6668518167146548 0.41920057667714716 -1.0860523933918018
890 -0.5305459907853044 0.1407378890761651 -1.2225557840214452
891 -0.6566458244046119 0.0 -1.228497930611991
892 -0.6623188542760808 0.14405869711675423 -1.1876601034790746
893 -0.7972599331799592 0.1487137427062718 -1.1401298591864504
894 -0.9275489632059236 0.0 -1.1302216818218902
895 -0.9268889111409062 0.15249608722615327 -1.0793849983670596
896 -0.2639135418138833 0.3906689546955573 -1.1978329569568178
897 -0.395848825631765 0.2674127655645361 -1.2137149973534178
898 -0.40211327678456316 0.40211327678456316 -1.1671781284794647
899 -1.09767515904785 0.9425950281831638 -0.1550801308646861
900 -1.197160101800225 0.8371395372874588 -0.15615252764660567
901 -1.159373838936878 0.7118722406494321 -0.44750159828744573
902 -1.243134691003637 0.5920370130724512 -0.44945195496772194
903 -1.225611702977761 0.716802646398071 -0.30671146251927706
904 -1.2862243949428354 0.7172849076137157 -0.15601417441948706
905 -1.3586928888421117 0.589624681593295 -0.15640968827568952
906 -1.1681510039660403 0.45088945753272985 -0.7172615464333104
907 -1.2410266313508296 0.3105690751827713 -0.7258181130625998
908 -1.2492635389859732 0.45166782322986265 -0.5949558479173769
909 -1.1113122545359693 0.15700678697553974 -0.9543054675604296
910 -1.1748982923788927 0.0 -0.9642141099361673
911 -1.2164143977123756 0.15866397700932403 -0.8506035111924155
912 -1.3066565259612288 0.15849251495244449 -0.7286792329487838
913 -1.3605315053172302 0.0 -0.7272192404039532
914 -1.3758199605419386 0.15838131848561005 -0.5970572252391529
915 -1.4230010064187857 0.4392687289906054 -0.1501575871386193
916 -1.4642841377954674 0.2971984560615257 -0.1499826167395991
917 -1.433427866787704 0.151257847916627 -0.4424874151903742
918 -1.465914403487549 0.0 -0.44468027275018357
919 -1.4683967182982989 0.15040385710507595 -0.29803316603640145
920 -1.4930091136502044 0.1484889886577835 -0.1484889886577835
921 -1.508994147737001 0.0 -0.14862295126836525
922 -1.3178773541927506 0.45403179545952316 -0.45403179545952316
923 -1.3826786243483464 0.3046398171153969 -0.45095571107544086
924 -1.376187164828235 0.4488385446621762 -0.30320958090128697
925 -0.2829991271040302 0.9146675572978682 -0.9146675572978682
926 -0.5600532039882538 0.7031117122129109 -0.9770478997518502
927 -0.42511839083777286 0.8112396419958935 -0.9521121244235562
928 -0.4296972415661289 0.9623671013625733 -0.8199773143847638
929 -0.5686915070232742 0.9921179605562231 -0.7139565605135996
930 -0.8466364860531002 0.44366759455926885 -0.9936556618057777
931 -0.7141438838879286 0.5688407166782303 -0.9923782661467625
932 -0.9820642786936741 0.3038517452738854 -0.9820642786936741
933 -1.0197671526262735 0.45532638418628374 -0.8688845762956469
934 -1.0379549273448978 0.5949656949291287 -0.7469421574424879
935 -0.7232538853542055 1.0050375742549267 -0.5760971532030441
936 -0.8510058843634507 0.9987838100031282 -0.4459573144921551
937 -1.0355072284030413 0.7451807230292645 -0.5935626504774353
938 -1.0146126025605882 0.8644926824811782 -0.4530248758101105
939 -0.9777014838000402 0.9777014838000402 -0.3025018918361186
940 -0.730404465851596 0.730404465851596 -0.8764853590219153
941 -0.8944056287000949 0.7453380239167458 -0.7453380239167458
942 -0.7337712019998068 0.8805254423997682 -0.7337712019998068
943 -1.5140590930901998 -0.1505825392796348 -0.1505825392796348
944 -1.4845879758832758 -0.1566563532619414 -0.4582801208849328
945 -1.5056766638519745 -0.1542223398993156 -0.3055996908485126
946 -1.50858199809421 -0.30618937206464253 -0.15451992533434578
947 -1.4925889687331773 -0.4607499616959974 -0.15750063220175614
948 -1.378475657752133 -0.16720390512505917 -0.7687303931616373
949 -1.441322270363764 -0.16592179797490833 -0.6254829120808888
950 -1.1812456892934413 -0.166887019870136 -1.0143586694233053
951 -1.289971085817667 -0.16825840197861772 -0.9020395820673678
952 -1.3849104671824695 -0.34657625560833766 -0.8099690020002983
953 -1.3782828533251423 -0.5319973239354446 -0.8462855293896976
954 -1.4451815498904632 -0.522501445404238 -0.6882608733682762
955 -1.4623634806865542 -0.6346140535174833 -0.1683440150738257
956 -1.4206689660954763 -0.7922602091066357 -0.17232179450197935
957 -1.4622337243774342 -0.6963818907630254 -0.5286666125539314
958 -1.4224073447296275 -0.8733786028304703 -0.5490287418991571
959 -1.4317426729715759 -0.8373589567181994 -0.3582960966441907
960 -1.3615522122687584 -0.9520941996458123 -0.17759514299623183
961 -1.2840194951435697 -1.1026125372668882 -0.18140695787668148
962 -1.4903482788225617 -0.32836222322647834 -0.486071785584476
963 -1.4837752696644695 -0.5111865285498075 -0.5111865285498075
964 -1.4966147652526067 -0.4881155778253066 -0.32974289205753426
965 -0.8435506312578245 -0.15734839581894924 -1.2063283534098468
966 -0.9839693793260459 -0.1618872321094773 -1.1458566114355233
967 -0.5563227912615606 -0.14757569870845733 -1.2819541718391871
968 -0.6975083619547459 -0.1517126459597316 -1.2507613938337048
969 -0.7405888183319026 -0.3168892870825934 -1.2662820476502266
970 -0.6217975035611759 -0.4720449860377553 -1.3056245308800671
971 -0.7813149143977611 -0.4911550879408432 -1.2724700023386044
972 -0.268987583048167 -0.13574586527351426 -1.3252903677259769
973 -0.403337650620901 -0.13787507378129166 -1.3066030993806657
974 -0.13348293978835415 -0.13348293978835415 -1.342128109446099
975 -0.13876015023351895 -0.2749605474870942 -1.3547189091775074
976 -0.14326991082131224 -0.41911962511076545 -1.357728444983933
977 -0.47829468683119347 -0.6300298722258296 -1.3229105161313137
978 -0.3289540900210723 -0.7687849692143605 -1.3144927129904265
979 -0.5023754766771086 -0.7991639752753319 -1.3015394519524404
980 -0.15510334079896101 -0.5847000843799907 -1.3473449663025607
981 -0.16054306305888222 -0.7381067558937755 -1.3235618168254581
982 -0.16712701855585263 -0.8959741932497642 -1.28129721345719
983 -0.17223916139405565 -1.0468896065746367 -1.2191287679686924
984 -0.43107667726174115 -0.2912106818883609 -1.3217273724807272
985 -0.29622807885352664 -0.4385038869994525 -1.3444999949149674
986 -0.4576167330662686 -0.4576167330662686 -1.3282830309214964
987 -1.123294632072136 -1.3081043046598593 -0.18480967258772327
988 -0.9912097909277272 -1.4174898703953434 -0.18489141581217597
989 -0.9198652655551365 -1.498116745300286 -0.5782514797451495
990 -0.7426274988503864 -1.559338328398064 -0.5637745171352145
991 -0.8857422799681886 -1.5144700003637397 -0.3789987543563471
992 -0.8383911363626991 -1.5033902437471678 -0.18235557390353346
993 -0.6774828583646836 -1.5611475752425332 -0.17971581922690716
994 -0.5638652138095578 -1.460845235143578 -0.8969800213340199
995 -0.36832845205607717 -1.4718317263778127 -0.8608051587276669
996 -0.5571640445220214 -1.5410544879595904 -0.7339199063754728
997 -0.17761131130247115 -1.2571534683108279 -1.0795421570083568
998 -0.17897390117710246 -1.3721226097451573 -0.9594857737878427
999 -0.1777345169569535 -1.4652929606174319 -0.8171455385358435
1000 -0.17626676807079447 -1.5311865074165876 -0.6644808141042449
1001 -0.49249394860885914 -1.5954228887086488 -0.16835184961472424
1002 -0.32570562113400037 -1.604737726223599 -0.16436889340488678
1003 -0.16622591168162623 -1.5752759758817294 -0.4862747620090986
1004 -0.16330628832678618 -1.5943634855653959 -0.323600013194362
1005 -0.1587320082488747 -1.5959993874680276 -0.1587320082488747
1006 -0.5473753518175448 -1.588817319882925 -0.5473753518175448
1007 -0.3506016555345961 -1.591287111970654 -0.51899262667933
1008 -0.5232231796490403 -1.6042584415640682 -0.35345957450831533
1009 -1.1100909026036125 -0.34346332056537626 -1.1100909026036125
1010 -0.892561782707622 -0.7109568472264344 -1.2403087589716812
1011 -1.0134592557379682 -0.5310886520769321 -1.1894473532178271
1012 -1.2256567905117808 -0.5472561782754526 -1.0443112217971173
1013 -1.3088868642613518 -0.7502664732956154 -0.9419125556254943
1014 -0.549349482240578 -1.0483058058844121 -1.2303450376642322
1015 -0.7202912701089399 -0.9042805658673295 -1.2565932444594903
1016 -0.3613587228744672 -1.1679297520884797 -1.1679297520884797
1017 -0.5732768247752036 -1.283933669498196 -1.0939655778680477
1018 -0.7838857477827923 -1.3675377947353897 -0.9841194486129873
1019 -1.3466704394862512 -0.9691027008339856 -0.7719243801067456
1020 -1.3186733015116252 -1.1235652079060603 -0.5887880824107335
1021 -1.0036620277531585 -1.3946942701190008 -0.7994520992907198
1022 -1.1461969081590273 -1.345235016560652 -0.6006478973105492
1023 -1.2373149004732298 -1.2373149004732298 -0.38282656249575736
1024 -0.9713928792965323 -0.9713928792965323 -1.1656714551558387
1025 -1.0149951466738465 -1.217994176008616 -1.0149951466738465
1026 -1.197583108498247 -0.9979859237485391 -0.9979859237485391
1027 1.5530466234886615 0.07629628815710585 0.0
1028 1.5488429865766025 0.07627385966391555 0.07627385966391555
1029 1.5430221477342831 0.0 0.07580381724270284
1030 1.5535029115318144 0.23044038852576967 0.0
1031 1.5524750146858628 0.23123403448438606 0.07757244598454822
1032 1.5519956497049774 0.1536050372756395 0.07698607077517361
1033 1.542298071875227 0.07650502663481738 0.15264524283014258
1034 1.5332092612992874 0.07660979499191105 0.22836448886154684
1035 1.5251278598732891 0.0 0.22623134721655067
1036 1.5426946336607599 0.38642488928912333 0.0
1037 1.5451024786691125 0.3904221299196011 0.07987477956372302
1038 1.5501584666969261 0.3114777131968244 0.07915918945584897
1039 1.5197817054555163 0.5437865893611286 0.0
1040 1.5258291141166034 0.550363632353641 0.08165548057718097
1041 1.5370534716755178 0.4703544715501302 0.08083059058535672
1042 1.5443857968139898 0.3940621918428516 0.16054645806974976
1043 1.5401132221050355 0.396825853837603 0.2411099303484295
1044 1.5423114982554518 0.3162037463139837 0.23805499763924806
1045 1.5210532513518362 0.0776729251124593 0.30562952018136663
1046 1.5059653281741838 0.07785156666251315 0.3805328119836312
1047 1.4967375281044808 0.0 0.37491323361914
1048 1.5314413635417536 0.2363771978585068 0.3139751580402809
1049 1.5175482360477341 0.2375773055137742 0.3910117554125642
1050 1.512915335681142 0.15727494969462516 0.386032255982331
1051 1.4874230158338244 0.07822062344326927 0.4551670319064301
1052 1.4653367100476602 0.07841820041269913 0.5285441383322133
1053 1.4558659083793977 0.0 0.5209171514849152
1054 1.5486803036681556 0.2335596319662664 0.15630874166174288
1055 1.5417791952042923 0.2354237325728014 0.2354237325728014
1056 1.5387172304946453 0.15530316586462928 0.2320570806016326
1057 1.4827481377916596 0.7012876406939041 0.0
1058 1.4902235417982537 0.7203553999965687 0.08722656725038712
1059 1.5094209851846607 0.6400347583640156 0.08633133266583581
1060 1.4283996553078968 0.856149805470764 0.0
1061 1.437353753704672 0.8792562574630893 0.0890723514264988
1062 1.4663086980681517 0.8006051165700023 0.08824768815345754
1063 1.4935790890638139 0.7382701624574012 0.17643812452451513
1064 1.491822987222252 0.7540028708672335 0.2664958655408809
1065 1.5096197214511062 0.6704034631387246 0.26285332352837015
1066 1.3531658617816877 1.0035762005870579 0.0
1067 1.3608751835476673 1.0320533122134183 0.09109313602726427
1068 1.4017660873795725 0.9582026561091415 0.0904984799623283
1069 1.254633866711671 1.1371338532496689 0.0
1070 1.2596269399947797 1.1677704928945356 0.09185644710024406
1071 1.3133456879697876 1.1025099437876593 0.09164127436310458
1072 1.3631720765578343 1.0577128855724607 0.18491295394134635
1073 1.358875972081823 1.0789149245705638 0.2799610475112593
1074 1.4019646461941648 1.002956039227425 0.27768616079829156
1075 1.4834366348230237 0.76828001711642 0.3592923794090863
1076 1.4682257308502207 0.7782852902391757 0.44982694700197406
1077 1.4871771518047348 0.6917650952081532 0.4415391953254497
1078 1.4290716844867293 0.9374267249873776 0.3698465407313076
1079 1.4112989517729417 0.9487642976493614 0.46253465412358025
1080 1.4431004927192803 0.8646073453835241 0.45704917655302907
1081 1.4450355023910941 0.7848216052652798 0.5395895057760398
1082 1.4138018000872299 0.787151547403839 0.6266502526833908
1083 1.4359938445651068 0.7005156375895011 0.6161085284021566
1084 1.440903712362599 0.9023124713410087 0.1811509787653204
1085 1.4385067748568852 0.9221779255462021 0.27531109609779547
1086 1.4683394441790663 0.838514865299425 0.27140979291332945
1087 1.4366567615366532 0.08216958292233474 0.6091807867038825
1088 1.4063676853922928 0.08231827108341945 0.6798205290264867
1089 1.4008818467962214 0.0 0.6625677687201931
1090 1.442111527554757 0.2510988711461529 0.640423908463293
1091 1.4093730182541373 0.25176719060278446 0.7123306927084644
1092 1.4092067905157195 0.1664711330028414 0.6965652731669054
1093 1.371886257135983 0.08256500882880485 0.7490504272819153
1094 1.3335838953507193 0.08264176656389412 0.8157782882724107
1095 1.330902789833407 0.0 0.7977124331990653
1096 1.4364098343996294 0.4264665051293425 0.6681505190189029
1097 1.3999955515167504 0.42892295886303905 0.7421174559546816
1098 1.4061470894885721 0.34057264174400265 0.7282513351905777
1099 1.416182358391396 0.6076084741448617 0.6908510725768455
1100 1.3754970014422172 0.6096721219804856 0.7658248794617314
1101 1.389921041564187 0.5190092607720281 0.7548880710732617
1102 1.3578802084327937 0.4300587757075833 0.8135491660387669
1103 1.310841442198419 0.4296110277106246 0.8812304144877942
1104 1.3216716850588972 0.3420512112918368 0.866975654673547
1105 1.2901965224086034 0.08329551212708425 0.8819372545855733
1106 1.2441577871345686 0.08328040360569892 0.943537791453431
1107 1.2460245017541154 0.0 0.92411475239428
1108 1.2814453614400245 0.25381499002634444 0.9167373568835665
1109 1.231167655402086 0.25365007075685836 0.9775175846452276
1110 1.2391795649953554 0.1680934914729543 0.9615045788961007
1111 1.1943265553849545 0.0833364806720194 1.0025973477531724
1112 1.1415147212112313 0.08324328678102413 1.058271434430207
1113 1.1473144341850026 0.0 1.0398651893983817
1114 1.371431494324433 0.2534972000820401 0.7831742852714655
1115 1.3285442782701875 0.2542657343420639 0.8516846968992319
1116 1.332512005724926 0.16752393097649718 0.8344361879710784
1117 1.527127163642058 0.5650928144564346 0.16832121227952904
1118 1.5159194618155505 0.58952129514871 0.3445578889133595
1119 1.5240974462708963 0.5784281256379415 0.25641822732797415
1120 1.5340607298626763 0.48679664254298627 0.24899078919731496
1121 1.5308807092486032 0.40676764985029157 0.32701805043215326
1122 1.4800828986966041 0.6051405491143526 0.5222252846561416
1123 1.501150198673542 0.5992936170316849 0.4350513738580864
1124 1.4516853739737647 0.6081055870294774 0.6081055870294774
1125 1.4625165675804437 0.516027265426557 0.5979584519041767
1126 1.4691032089369147 0.4257637709751401 0.586499723115399
1127 1.5183025089461315 0.32433116665603046 0.40342551813129307
1128 1.4978310258441325 0.24311040752769889 0.4753000323154811
1129 1.4725724146382235 0.33470540832830264 0.5726641942033569
1130 1.4727035416547065 0.24777157947130948 0.5589230211650652
1131 1.4702524195759694 0.1620524312001193 0.544047082338655
1132 1.5108118931537198 0.5063842473506636 0.4250684794408942
1133 1.4958336359524178 0.4208543313778009 0.5013639310995959
1134 1.5163485780208983 0.4143212256829073 0.4143212256829073
1135 1.1331145964134903 1.2501993001641436 0.0
1136 1.096557607468531 1.3062550714341978 0.09114651267066244
1137 1.1650938734092369 1.2567397784914605 0.09164590508222355
1138 0.9923070989985079 1.337971237244303 0.0
1139 0.9461157383311913 1.3840839912863787 0.08935691801887075
1140 1.0229581515189126 1.34888221929567 0.09029036091813974
1141 1.0504013782951438 1.3537490632865217 0.18363473144178724
1142 0.9945871546667098 1.39026634654462 0.2753690867362826
1143 1.0730024119952335 1.3514292577114144 0.2784268457161809
1144 0.8385561197607663 1.3990463640460509 0.0
1145 0.7831343851898057 1.434311044225835 0.08632195520129046
1146 0.864274632992661 1.4128627205315956 0.08755464995045802
1147 0.6790310983138502 1.4356906326357828 0.0
1148 0.6191635953474135 1.460199640514264 0.08351611787638467
1149 0.7008540104899126 1.449880358779518 0.08486517832585566
1150 0.7212287477087753 1.4591029555141528 0.17236542131857263
1151 0.6541549532716734 1.4730312008240618 0.2564825706075218
1152 0.7390857615162565 1.4623089263446059 0.2612235408303871
1153 0.928165639864566 1.4149535095255774 0.3661927295002099
1154 0.854721438981603 1.4266001050279629 0.45182328366118235
1155 0.9407364436279011 1.3993574168800886 0.45862097325218737
1156 0.7552396754091881 1.4582576373375444 0.35319395787538016
1157 0.6791463920808907 1.4600490889604754 0.4334849409789136
1158 0.7668140167798471 1.4465853130370694 0.4431968744782484
1159 0.7747532941617135 1.4264974462313713 0.5326672256350179
1160 0.6909369100092542 1.4163583173821135 0.6076839687824193
1161 0.7783861233451045 1.3980582341199908 0.6196721107748862
1162 0.8896354070681795 1.4206596954031179 0.17860589302857902
1163 0.8254958039199962 1.445541516389465 0.26719579397408
1164 0.9114022558397008 1.4216977909861845 0.27209407977599664
1165 0.5197794811387352 1.45268633276501 0.0
1166 0.4492505246298136 1.4680886869398178 0.07720386947089738
1167 0.5288075134886318 1.466066891800186 0.07845727644117412
1168 0.3645743732917303 1.455462484008319 0.0
1169 0.29419933051750025 1.4641676234796501 0.07476804777843787
1170 0.370749643646694 1.4672482665932953 0.07585007044991739
1171 0.3764643265413909 1.4754172588816323 0.1533768411863702
1172 0.3025750674102129 1.4758364219024822 0.2277946033141232
1173 0.3811891882652625 1.4794260587947246 0.2316091498156883
1174 0.21486749305752406 1.448518977918134 0.0
1175 0.1437642304667024 1.452566037057244 0.07205390798341475
1176 0.21731361382289768 1.4590151340110011 0.07290254052597953
1177 0.07048536709988022 1.4347626080369489 0.0
1178 0.0 1.435807342746243 0.07053669162499267
1179 0.07114780193369477 1.4447515114733003 0.07114780193369477
1180 0.07202996783970841 1.4520834172987418 0.14371646433668211
1181 0.0 1.4478709826939178 0.21477137204601982
1182 0.072770793114799 1.4563784430892266 0.2169208908007796
1183 0.22699148611092781 1.4706331835364803 0.30150830270920703
1184 0.15189949656437346 1.4612058581528782 0.37283817578820283
1185 0.22959464040861316 1.466558183260076 0.3778736491069572
1186 0.0744268711754912 1.4574864307674424 0.2928568596204055
1187 0.0 1.44765828224051 0.3626195225141922
1188 0.07521111913885864 1.4548883544926539 0.3676264959755388
1189 0.07617139821859584 1.4484554823416225 0.44324255825532344
1190 0.0 1.4330776249506094 0.5127633732951578
1191 0.0769547245447337 1.4379899346522467 0.5186802089442275
1192 0.22117983463495774 1.4665927094679283 0.14802361753051568
1193 0.14776559827049407 1.464036298727784 0.22079429712265872
1194 0.2245557063010547 1.4706049910762906 0.2245557063010547
1195 0.599448672639791 1.3971639157080211 0.681573375076451
1196 0.5129929800163038 1.3738092766182202 0.7461375170504525
1197 0.6030789545839713 1.3606219864022442 0.7575430318182726
1198 0.41981011461007534 1.4139900084848605 0.6577218669987589
1199 0.3368451161998537 1.3907569830840798 0.7202807141783242
1200 0.42391122449350316 1.3836373555336476 0.733446212125488
1201 0.4267304680826585 1.34737131219175 0.8072529524848804
1202 0.34150242504299655 1.3195511977684047 0.8655846807443297
1203 0.42797991938531843 1.3058645578737307 0.877884638488412
1204 0.24738388063472158 1.4207755867883272 0.630948880828262
1205 0.1653515407318727 1.3997292492603772 0.6918805624786591
1206 0.2494241327671352 1.3962567639643437 0.7057014253796753
1207 0.0813017874728681 1.4214841860437806 0.6027472099982079
1208 0.0 1.4023565102877529 0.6632652326079804
1209 0.08205083174206132 1.401798614121256 0.6776118971865355
1210 0.08289813881148743 1.3774214887257934 0.752072665871948
1211 0.0 1.3541457263470542 0.8116437132163788
1212 0.08356822807040748 1.3485341341478698 0.8249236298273909
1213 0.2556228780687963 1.2905729143310585 0.9232671465756831
1214 0.1711530606657817 1.2617346061704686 0.9790054931942984
1215 0.25676444824297084 1.2462842324098238 0.9895197841668528
1216 0.08482834084822642 1.3139391015099642 0.8981669255432535
1217 0.0 1.2875486702727406 0.9549111746596105
1218 0.0853828510200142 1.2755670528118337 0.9673577839614194
1219 0.08598718864271417 1.2323148516801956 1.0344872567060839
1220 0.0 1.2022645049817642 1.0896690305024284
1221 0.08639942138699444 1.1847947772272391 1.0983953558402446
1222 0.2525307515677323 1.366202963477797 0.7801884628473924
1223 0.16852623447680984 1.3404844872668862 0.8394286586414825
1224 0.25469483266063414 1.3307863268003481 0.8531219982026776
1225 0.5459126627785469 1.4752940313127225 0.16260812179326486
1226 0.39296264884485305 1.478925226215079 0.3159196149575674
1227 0.4699836504010559 1.4810773098010894 0.2403911403576707
1228 0.5614335366214672 1.4793184865827491 0.24888449548364916
1229 0.5745040569497804 1.4773035138662325 0.335780754085979
1230 0.23651740877444621 1.4572108064697382 0.4624101994517035
1231 0.3140857430568406 1.4703402593842096 0.3906815522442241
1232 0.15878628721557764 1.4406196886111018 0.5330818898257854
1233 0.24260196500927114 1.4419764116768519 0.5472614071109172
1234 0.32775242867810034 1.4419820334323543 0.5607679941730608
1235 0.5861382832445655 1.468197850497428 0.4255013872154865
1236 0.593681091211868 1.452054785732394 0.5123359809664639
1237 0.4173224273642459 1.439976247387084 0.574871571478231
1238 0.5066075991257374 1.435819493706566 0.5870431971181025
1239 0.598297758300181 1.428271871745789 0.598297758300181
1240 0.4023398727230976 1.4724987668184224 0.4023398727230976
1241 0.41065494317961554 1.4595821665115913 0.4892133959129625
1242 0.4934106337131291 1.4721047456006187 0.41417818368107845
1243 1.0547205888924487 0.08296397842609919 1.1376845673185478
1244 0.9950420515249047 0.0827084800100294 1.1853264408928885
1245 1.036590680979014 0.0 1.1437015708901226
1246 0.9621158413850803 0.24965356641864417 1.2117694078037244
1247 0.8969732572313583 0.2483429486412763 1.2538184586720844
1248 0.9483277518159917 0.16578987387294883 1.2221973735346603
1249 0.9328565795674719 0.08233763730113956 1.2300734408960574
1250 0.8691760096265982 0.08209026262808616 1.2715279450443209
1251 0.9160809157328791 0.0 1.235192126989769
1252 0.8501017579831831 0.41443541201201073 1.264537169995194
1253 0.7797703489154753 0.41220260014584603 1.3015005953120264
1254 0.8400369910461309 0.3314229975990191 1.2806047084284078
1255 0.7208568721845311 0.5738731538963016 1.2947300260808328
1256 0.6473860017467077 0.5693806325534879 1.3270828853511674
1257 0.7153023536388066 0.4917928366025792 1.317034710840564
1258 0.7082515155712373 0.40934940047630136 1.3361078670210917
1259 0.636449934179467 0.4062326846918732 1.3682589753889263
1260 0.7000879349127903 0.3274017992482731 1.3517676720854461
1261 0.8020447437638578 0.0812505008294576 1.3111331461140932
1262 0.7354216318934783 0.08106275801819453 1.3469251111119944
1263 0.788042414559877 0.0 1.3147693384178076
1264 0.6898049356484163 0.2438056544381057 1.3648049622358456
1265 0.6200186086866128 0.24309831452793149 1.396162715147408
1266 0.679209808262188 0.16232337540168537 1.3740953085937306
1267 0.6672698359993035 0.08079852975937332 1.3804036429000999
1268 0.598477866466985 0.08072591544116649 1.4114156129939945
1269 0.6543837311019395 0.0 1.3835781530849287
1270 0.82920866893984 0.2475556410704647 1.2934838874325867
1271 0.7598182293579047 0.2459373313652129 1.3305322573787803
1272 0.8164075077450911 0.16390443864704862 1.303721987752532
1273 0.5770901866021215 0.7248978699525706 1.3019880565546922
1274 0.4969173213550697 0.7227558091018124 1.3307582216196712
1275 0.5714211991994547 0.6497061268206951 1.3318389323915039
1276 0.4216580856844601 0.8649171125796434 1.2865751982641036
1277 0.3396996983417425 0.8610154229536189 1.3125855366092216
1278 0.4194252097610646 0.7934334767505411 1.3243054750255152
1279 0.41616079499627245 0.7200365102147129 1.3583401160311759
1280 0.3353537226850225 0.7170916461636162 1.3845993579753122
1281 0.41219989949393476 0.6457988458035712 1.3883575433246584
1282 0.2573477861296351 0.9917678538807804 1.2491156400104155
1283 0.17267290067480093 0.9876990667232688 1.2729388155942585
1284 0.2565444847405542 0.926595835965801 1.2952258648698496
1285 0.08679379380211451 1.1034090101250242 1.1902028039271388
1286 0.0 1.0988615299844748 1.2124068652122206
1287 0.08689224540495577 1.0453757355819884 1.2452855617048968
1288 0.08679506754730366 0.9833577023758585 1.2966646953961103
1289 0.0 0.9789926619573633 1.3200187970983734
1290 0.0867386581362583 0.9183934652615486 1.3435287475638287
1291 0.2520162138988889 0.7130352600374712 1.4107670311658511
1292 0.1695483445569797 0.709441251531059 1.435255915908956
1293 0.2507596498274491 0.6395587295727357 1.4401633110141479
1294 0.08597226804994167 0.8486545312950715 1.3873279442730129
1295 0.0 0.8453228602154232 1.4103359884449904
1296 0.08578382540390173 0.7782523369664118 1.4253695703004374
1297 0.0854123151829415 0.7053725075712841 1.4592279262777814
1298 0.0 0.7011117393211025 1.4823762255864217
1299 0.08513553433072402 0.6311694660670943 1.4885135921752983
1300 0.25603337153395134 0.8576055479722088 1.3377802230325297
1301 0.17132777599024418 0.8533831283538773 1.3627683942849933
1302 0.2544223258524246 0.7860324419444883 1.3764364672286933
1303 0.5206786318344 0.07725122339004371 1.4435303658306333
1304 0.44993974937571496 0.07732231299939973 1.4703409782488834
1305 0.5163460224111291 0.0 1.4430904584592779
1306 0.38322803766803143 0.23284794721948274 1.487338998167799
1307 0.3098071483296483 0.23323929847119287 1.511111530715656
1308 0.3809619961199621 0.155209254788474 1.4930442658863485
1309 0.3778832693045115 0.07730950815398817 1.4954797161990367
1310 0.30516410563678237 0.07755464429637095 1.518736981948782
1311 0.37435998031839907 0.0 1.4945288171188136
1312 0.23671464095038142 0.3895919565621019 1.5120378819183846
1313 0.15940371177656937 0.3912573145853582 1.5333930837652665
1314 0.23533723201757858 0.31259379197697146 1.5247036294460083
1315 0.0811802797176745 0.5471607454281474 1.5169494247024573
1316 0.0 0.5496433182325132 1.5361501661102757
1317 0.08084218041951155 0.4704219129764488 1.5372738609451597
1318 0.08031213812530727 0.3925599068510051 1.5535627686537867
1319 0.0 0.39380505917320807 1.572157923400267
1320 0.07994883788973339 0.31458484314732693 1.5656219929648731
1321 0.22948179820657913 0.07698462051882284 1.5407107298685898
1322 0.15442082730951695 0.07739494062996276 1.56023823475366
1323 0.22818520235803208 0.0 1.5382996813166614
1324 0.07864711266375399 0.2344374852561741 1.5739825634991969
1325 0.0 0.2359917424057878 1.5909270994995726
1326 0.07826875340214737 0.156164286120856 1.5778538060827594
1327 0.07769822961041034 0.07769822961041034 1.5777667281001042
1328 0.0 0.078253895093607 1.5928946281070613
1329 0.07731076126948534 0.0 1.5736966980841225
1330 0.23418230058704662 0.23418230058704662 1.5336491142350515
1331 0.15691960716893838 0.2344723993619007 1.5547326547339149
1332 0.23210438400839173 0.15533482345855756 1.539030888525905
1333 0.5688988546865906 0.5688988546865906 1.3580900492185692
1334 0.4102105985436656 0.5650748580928687 1.4154367932249905
1335 0.48958966551558686 0.56732327548233 1.3875875270676414
1336 0.5645736625609119 0.48721679958769076 1.3808623868188477
1337 0.5588867554270465 0.40571840558543737 1.3999364253214888
1338 0.24707017805725087 0.5573408001604142 1.46853455524872
1339 0.32798449816928765 0.5611650534522452 1.4430030480992773
1340 0.1645919336674674 0.5525727730532014 1.493292553065401
1341 0.24225747050251845 0.4736324731198299 1.4925759832797334
1342 0.317556522181068 0.39499874716861966 1.486588135610983
1343 0.5507747170418811 0.32191165159340346 1.4162849069415293
1344 0.5421713982956229 0.24034555495648877 1.428564772282017
1345 0.3919830921453214 0.31513210709580275 1.4752386389078525
1346 0.46298038156994287 0.23680905025920457 1.4590076430130052
1347 0.5320019620903532 0.1584646148443282 1.4377012530243118
1348 0.4049844319153634 0.4824581136054653 1.4394275884314598
1349 0.3987715223319761 0.3987715223319761 1.4594391823558137
1350 0.4794619775612256 0.4024694188611735 1.430488530803134
1351 1.226716337306432 1.226716337306432 0.18648444829899347
1352 1.128328900379678 1.3163585908686097 0.3781944710651319
1353 1.1830413287410786 1.2772348517638046 0.28308973895141726
1354 1.279454267657111 1.185097067138618 0.28358165620922865
1355 1.3205967717789422 1.1319616962145957 0.37941211540519265
1356 0.9845896465243054 1.3559603905612936 0.5620274019709108
1357 1.0603015982438042 1.3432693591930605 0.47444729323354373
1358 0.8125467637129213 1.3450203318338931 0.7191890318489381
1359 0.900764899652912 1.3559465247384188 0.6442646550776742
1360 1.018581414739289 1.297319889803769 0.6623047689669228
1361 1.0414320069232712 1.2252173299773157 0.7555497789668625
1362 1.126304335226493 1.222103425555202 0.672183325748429
1363 1.349598802660336 1.0652977064170581 0.4766828741318735
1364 1.364350577058311 0.990681926811307 0.5655050217832552
1365 1.2238273825241934 1.1278931534617722 0.6731315393812789
1366 1.2284723376535907 1.0441987562124904 0.7575570312886939
1367 1.3028906486010001 1.0229552560882513 0.6651487399467624
1368 1.3662077123707823 0.9075814794216227 0.6491401574592502
1369 1.3564927179790396 0.8194774026138172 0.7253233735309522
1370 1.1720652818613508 1.2678474129018589 0.4810260510736309
1371 1.2042947289168313 1.2042947289168313 0.5806757868750201
1372 1.2697410903089401 1.1738158975279516 0.4817445193655295
1373 0.6156297976513102 1.2956803979104974 0.8607296838872349
1374 0.7067439812345241 1.3217457192274475 0.798486224476125
1375 0.4362847944709245 1.2352225519097995 0.975015500065846
1376 0.5248133923243753 1.2661770047731402 0.9193961551124206
1377 0.6218808229653014 1.2181376286612768 0.9564120298322443
1378 0.6221737008574718 1.131180411626048 1.042508657529459
1379 0.7163390936048144 1.1616323583933639 0.9873849224210791
1380 0.2594114398059878 1.17040389063094 1.0840889379299619
1381 0.3455148806186438 1.2026127195734848 1.0308305782876193
1382 0.1728983915745166 1.1373456798842836 1.1373456798842836
1383 0.25958173722044203 1.0848006164253514 1.1711722328312328
1384 0.3445897845811423 1.0280705892486468 1.1993927938222861
1385 0.6169554762933682 1.0337650473808566 1.1216931038175615
1386 0.6073086874267438 0.934001038506017 1.1895937887904344
1387 0.7017799025156507 0.9673168765857666 1.138022830961185
1388 0.43177956747126817 0.9649471543163525 1.222467218554217
1389 0.5135848856404482 0.8997254568721667 1.239086848216421
1390 0.5937879297219828 0.8301919416433728 1.2497110828485118
1391 0.6705658705234296 0.7576118430913403 1.2540857684789488
1392 0.4375710176111217 1.1533123443124607 1.0661829997482477
1393 0.43596791203683555 1.0622768820180633 1.1490870154546347
1394 0.5288631383736133 1.0968376919749852 1.0968376919749852
1395 1.3330532918006786 0.7127901962834933 0.8053172970498016
1396 1.304865677740305 0.6199940930223866 0.8668315304668976
1397 1.1647243992222127 0.7182458498248204 0.990013150252248
1398 1.1310783598372762 0.6221175701656328 1.042414605447035
1399 1.2222438933458462 0.6239771437760786 0.9596360341233796
1400 1.2709634805887655 0.526797322375709 0.9228717098293642
1401 1.2332679257467103 0.43559441388119813 0.973472627647512
1402 0.9655329916587081 0.7004857096606383 1.1359241373232063
1403 0.9290456735681154 0.6040865966023362 1.1832823703783664
1404 1.0304962627052823 0.6150046513824962 1.1181462889607954
1405 0.7558910338263088 0.6690427740019944 1.2512372881796745
1406 0.825016452660885 0.5900862039715171 1.241920274944773
1407 0.890349031594673 0.5082325970427699 1.2261737921770641
1408 0.9505991781356316 0.42535935790674656 1.2042901293166672
1409 1.191285900061815 0.3422606453792631 1.0211216905323697
1410 1.1480744162017489 0.254462275540424 1.0634062177064103
1411 1.0075938407513059 0.33772636641957643 1.175503709896083
1412 1.0575284905379005 0.25305579530229766 1.1417287055267311
1413 1.1023640757166655 0.16758051574990984 1.1023640757166655
1414 1.0916226175519006 0.5263485816197528 1.0916226175519006
1415 1.0501621767934328 0.4309959289021842 1.1359822866354994
1416 1.1454382119486266 0.434583542337629 1.058903734850505
1417 0.8239964284919568 1.274709215772549 0.8239964284919568
1418 0.8230090112693775 1.0966450410379525 1.0047327237938763
1419 0.8272560520859334 1.1904541673248177 0.9200129577313584
1420 0.9374492450197451 1.2130159157118374 0.842934390161514
1421 1.0417749881783376 1.1370759084557533 0.8533515259145845
1422 0.7966156319277572 0.8859369500614536 1.1463613912442925
1423 0.8120255226617913 0.9913240365567361 1.0820097355311165
1424 0.7774695109421005 0.7774695109421005 1.202732822997601
1425 0.8854321195379352 0.796161699075672 1.1457081639223674
1426 0.9914874452977172 0.8121593760370848 1.0821880928008811
1427 1.1385001297202355 1.0430798422166085 0.8544203739837837
1428 1.217483060333867 0.9409015668723059 0.8460386444247602
1429 1.098654104609597 0.8245167711750911 1.0065734031742373
1430 1.1950888735216967 0.8304767462178415 0.9235947753883864
1431 1.282568527508471 0.8290768379850973 0.8290768379850973
1432 0.9237712252275155 1.0161483477502673 1.0161483477502673
1433 1.0167978848826058 0.9243617135296415 1.0167978848826058
1434 1.0345104506301521 1.0345104506301521 0.9404640460274107
1435 -0.06954719324730298 1.4156656405542032 0.0
1436 -0.07021232179987143 1.4257553330874373 0.07021232179987143
1437 -0.20644035354128026 1.3917078179555846 0.0
1438 -0.20885475599537268 1.4022234707106782 0.07006483415900885
1439 -0.14000157923204193 1.4145489352022373 0.07016808614194703
1440 -0.07110499678876492 1.4334365240008664 0.1418709329135499
1441 -0.07187435553966019 1.4384378338952637 0.21424871932891393
1442 -0.34132432747074404 1.3626430981080333 0.0
1443 -0.3470748421502164 1.3735548212915663 0.07100654492759245
1444 -0.27898461571112415 1.3884472172476339 0.0709013682670419
1445 -0.47499954599596883 1.3275347980767114 0.0
1446 -0.4830062395317895 1.3390873583449752 0.07166190549705992
1447 -0.41529516852252263 1.3571272713617213 0.0713686289157411
1448 -0.35275651680413295 1.3825029793853876 0.143717947334848
1449 -0.35795091058441253 1.3892364243011217 0.2174896577038156
1450 -0.28769614830620366 1.40326318934837 0.21659296167176786
1451 -0.07355500656415023 1.4404128816523718 0.28942622323788936
1452 -0.07440103081499042 1.4392179578544866 0.36366684299677454
1453 -0.2190672784944163 1.4192938012815026 0.29098273441717787
1454 -0.2221986551164326 1.4193156050613227 0.3657011177877426
1455 -0.1486321156303162 1.429775101174443 0.36481837075519014
1456 -0.07543841093343427 1.4345171869117275 0.438977293772305
1457 -0.07632138861719415 1.4261553046871154 0.5144114806345427
1458 -0.21270596579872506 1.4104044304744232 0.14235251861822806
1459 -0.21624646884107512 1.4161881771730997 0.21624646884107512
1460 -0.1441190946452755 1.4279073638928317 0.21534561884903564
1461 -0.6076651722815879 1.2848000596586078 0.0
1462 -0.6259424054567343 1.294908191742432 0.07579426394901877
1463 -0.5585569044726939 1.317268323342155 0.07534116124581824
1464 -0.7387114043800764 1.2324655202231964 0.0
1465 -0.7599342927007089 1.2422935849599261 0.07698453528870892
1466 -0.6933852606744735 1.2699354748007468 0.07642924706296773
1467 -0.6442324730552373 1.3033333855026137 0.15396419235650066
1468 -0.6620374329109087 1.3098659156060555 0.23399146809763505
1469 -0.5915241235300926 1.331998612319709 0.23192613160012449
1470 -0.8666873651799482 1.1685926337362258 0.0
1471 -0.8923842813954517 1.1767062886843949 0.07876539106241284
1472 -0.8276590980356592 1.2107923601971364 0.0781691532805429
1473 -0.9894383651813784 1.0916770074453401 0.0
1474 -1.0176178563337852 1.097663345886183 0.0800454895523979
1475 -0.9560820562754472 1.1389160279505695 0.07947010231197897
1476 -0.9181024046315226 1.183243182989998 0.16050577616739994
1477 -0.9432444889321295 1.1880012433034428 0.24475675437131322
1478 -0.8753847715548193 1.2236413696476334 0.24236579364095862
1479 -0.6805627218530884 1.3140673340443776 0.3182706750456418
1480 -0.6975144678254834 1.315852557083474 0.4031436897069218
1481 -0.622307942867333 1.3378561023528153 0.39720614734919296
1482 -0.8265446712688866 1.2600361758298095 0.3260998212236906
1483 -0.8478329860338392 1.2611623428839147 0.4133293568500754
1484 -0.7731134571605403 1.290389697604739 0.40868363062605084
1485 -0.7140040964983291 1.3146443234625451 0.49090024403873966
1486 -0.7293638178570024 1.3100093393778107 0.5806455215208082
1487 -0.6497681136015552 1.3319659996987605 0.5714757170178828
1488 -0.7827503891347101 1.2499749004701728 0.15714733379441406
1489 -0.8051644843223782 1.255977326594403 0.240377383341198
1490 -0.7336337127647619 1.2846800487518726 0.23746194885241417
1491 -0.08075741867855701 1.411966417043349 0.5987114220754566
1492 -0.08166192832883663 1.3951543881687491 0.6744001615579933
1493 -0.24272355075248675 1.394010371099775 0.6190627792926963
1494 -0.2462541899740172 1.3785116724322295 0.6967326334562253
1495 -0.16387302024635378 1.3872133188973979 0.6856939882222037
1496 -0.08268608930239145 1.3738981098575807 0.7501488996464444
1497 -0.08355246626992356 1.3482797871734398 0.8247680410113056
1498 -0.40727001962929266 1.371752891294992 0.6380751400713649
1499 -0.41582166702427514 1.357233209435526 0.7194497549883458
1500 -0.33142258419049775 1.3683685799417455 0.7086856366767808
1501 -0.5759199816573073 1.3423244615145435 0.6548212442335513
1502 -0.5889021940687426 1.3286374313015177 0.7397352372327751
1503 -0.5019203806812301 1.3441565517752458 0.7300326538320441
1504 -0.42383564908013927 1.3382311256578312 0.8017767763936986
1505 -0.4308192724670862 1.314528073120183 0.8837088006530965
1506 -0.34284672843786307 1.3247455302966056 0.8689920018628329
1507 -0.08503409121761807 1.317126048853158 0.9003454212542156
1508 -0.08581624443723603 1.2820416827557801 0.9722679795177719
1509 -0.25819985499301695 1.3035833954131169 0.932574756870941
1510 -0.2614959223108493 1.2692498788114348 1.0077539565005855
1511 -0.17308178191483528 1.275953074342296 0.990037891273064
1512 -0.0866577528722567 1.2419249607221867 1.0425546230337241
1513 -0.08730492076138972 1.1972118850312452 1.1099069642698556
1514 -0.2510717298195243 1.358309588814293 0.7756808457436196
1515 -0.25518365994513786 1.3333404605438124 0.8547593667561555
1516 -0.16860894563322606 1.3411423849671704 0.8398406426586933
1517 -0.49853467351912795 1.347258047655071 0.14849589034473226
1518 -0.5278415769203841 1.3573136811065905 0.3085079044998842
1519 -0.5136547717874016 1.3534264522193347 0.227704083191008
1520 -0.4355070705908827 1.3724299557222395 0.22275677301504632
1521 -0.36994733416670134 1.3923064863250305 0.2974166112430346
1522 -0.5546808678314098 1.35666609668281 0.47867949771423335
1523 -0.5423111538224769 1.3584167646164795 0.393685508778844
1524 -0.5661112173761724 1.3514353293840653 0.5661112173761724
1525 -0.4827158778430103 1.3681059433864702 0.5593581160599606
1526 -0.40064757618939867 1.3824394651629714 0.5519015673028184
1527 -0.30051630921065925 1.4068172077266865 0.3738029527047918
1528 -0.22967622094319695 1.4150614657998821 0.449035137354049
1529 -0.3171793168502379 1.395464491656264 0.5426779292548812
1530 -0.23666699548756773 1.4067001679168711 0.5338733054461854
1531 -0.15617360854273218 1.4169156496659414 0.5243105298497375
1532 -0.46138706450761935 1.3765615104584483 0.3872969962435276
1533 -0.39091659173342286 1.3894265620419768 0.4656990900435408
1534 -0.38051535479380194 1.392624566133839 0.38051535479380194
1535 -1.1043180974813305 1.0008955813488145 0.0
1536 -1.1629212878541222 0.9762336720985336 0.0811451164602949
1537 -1.1077599908603413 1.0269782182819844 0.08078177257835681
1538 -1.208435432611938 0.8962367987311268 0.0
1539 -1.2634020738977447 0.8636214228906579 0.08156565371240784
1540 -1.215111829206934 0.921510071756552 0.08133614932835467
1541 -1.2199243546363683 0.9465640703122272 0.16548154109084767
1542 -1.2739200489899019 0.9113537991815854 0.25232445663182923
1543 -1.2226893778161114 0.9707860356222905 0.2519033421938208
1544 -1.2990030599018152 0.7785924708873864 0.0
1545 -1.348794234353873 0.736442173906848 0.08117524852253852
1546 -1.3088078331410478 0.8006223061928422 0.08110640192981107
1547 -1.3738383540636254 0.6497771492406024 0.0
1548 -1.4155390402192474 0.6002263095942836 0.08096175485972547
1549 -1.3845186987758387 0.6692590024822052 0.0810393944269997
1550 -1.3934940280520318 0.688798517605275 0.1646149672594324
1551 -1.4316145444257682 0.6357623279724006 0.2492711480028545
1552 -1.4005599628194307 0.70787636457718 0.25019284642371736
1553 -1.324630178004242 0.8689163343348677 0.3428168750394932
1554 -1.3688220231780048 0.8201047548201891 0.4335241943977751
1555 -1.3244008555602091 0.890345908606581 0.434054946953628
1556 -1.4051149380401167 0.7277167782611671 0.3403226518616438
1557 -1.438953243269802 0.6693335935955215 0.4272216368932731
1558 -1.4071574376163214 0.7459138685120591 0.43111717824719353
1559 -1.405843196134789 0.7635356447063695 0.5249547392750993
1560 -1.433791730004267 0.699441388078286 0.6151637182509244
1561 -1.4005605605203277 0.7797793243567408 0.6207812361635869
1562 -1.3160109578416463 0.8241030191635214 0.16544941277721495
1563 -1.3638073057465123 0.7788203904797835 0.25208793504372157
1564 -1.3213758088423453 0.8470892341722895 0.25289378447709426
1565 -1.4318877898728208 0.5123376434969044 0.0
1566 -1.4658729293964825 0.4485724795991207 0.07708734718060484
1567 -1.4442258039318698 0.5209294750224953 0.07728844009527155
1568 -1.4734827974676556 0.369088226831854 0.0
1569 -1.496869274725784 0.30077016554290886 0.07643796492699087
1570 -1.4833794566339629 0.3748257315831007 0.07668397969955414
1571 -1.491481370160744 0.38056321097409757 0.1550467841327636
1572 -1.5079897575148464 0.309167124325188 0.23275745436072
1573 -1.4976011708358021 0.38587219095024483 0.23445452503577083
1574 -1.5001010769813448 0.2225189746613663 0.0
1575 -1.5132456941067598 0.14976985360407116 0.07506389604176741
1576 -1.5068328885842885 0.22443584909584524 0.07529184801798401
1577 -1.513705950287103 0.07436360481490319 0.0
1578 -1.5170644550643182 0.0 0.07452859757454346
1579 -1.5165830763056156 0.0746851977465327 0.0746851977465327
1580 -1.517645849278451 0.07528216382978213 0.1502053483809378
1581 -1.513390933393608 0.0 0.2244903386365222
1582 -1.5167995591051886 0.0757898521747754 0.22592033896725916
1583 -1.5151788915268407 0.2338670935498134 0.3106410361192174
1584 -1.5128129740074594 0.15726430869793528 0.3860061375956071
1585 -1.513511496785237 0.23694534033845735 0.38997164843759086
1586 -1.513861823170044 0.07730569322092654 0.30418452623216297
1587 -1.5017407565330365 0.0 0.37616647709935164
1588 -1.5087378137029739 0.077994891570416 0.3812333737394144
1589 -1.5011899964681525 0.07894460162344076 0.45937987226652605
1590 -1.480743110723206 0.0 0.5298183568138289
1591 -1.4910468215134665 0.0797940894215078 0.5378177261826655
1592 -1.5116319161147687 0.22797228915483048 0.1525694374132481
1593 -1.517285813519446 0.1531400868795818 0.2288249649420047
1594 -1.5144851242124238 0.23125603327448435 0.23125603327448435
1595 -1.4520908397563683 0.6230148922814447 0.7083681760194945
1596 -1.4574013631678444 0.5442070315696835 0.7915376995683174
1597 -1.4375010812348723 0.6371546674596831 0.8003464137751891
1598 -1.4832974650628052 0.44038732598690616 0.6899604468075563
1599 -1.4747560367727626 0.3571899149997829 0.763784287496374
1600 -1.4695330427131792 0.45022747404065605 0.77897827740819
1601 -1.4506298419744283 0.4594338219012966 0.8691184176926272
1602 -1.4319533599153864 0.37059232395573843 0.9393170147390305
1603 -1.4259708461701177 0.4673431743820345 0.9586276717880831
1604 -1.4889500394980422 0.2592543412678478 0.6612243128094017
1605 -1.469183287247461 0.1735562218852334 0.7262114153163131
1606 -1.4743715743755357 0.2633783848402004 0.7451825111463967
1607 -1.4768486474894869 0.08446835782391525 0.6262232183823244
1608 -1.4485909339937546 0.0 0.6851324864545538
1609 -1.4603302069716892 0.08547683447040351 0.7059053362563084
1610 -1.4401033395259113 0.08667055619506982 0.7862969806651209
1611 -1.4028210994185628 0.0 0.8408186090738033
1612 -1.4159062716966415 0.08774325784065817 0.8661364303406546
1613 -1.4015066626653359 0.27759544831978894 1.0026284009040534
1614 -1.36156641728933 0.18469514783787028 1.0564670219523487
1615 -1.3662380096222495 0.2814778038480995 1.0847602057741499
1616 -1.3864325142287275 0.08950853943299453 0.9477211138225466
1617 -1.3403099111310035 0.0 0.9940415777641317
1618 -1.352572932090909 0.09053740679476294 1.025757094736339
1619 -1.3130713455811587 0.09162213158421852 1.1022796424936159
1620 -1.2579725480121149 0.0 1.1401598575945835
1621 -1.2680098052364293 0.092467755252816 1.1755420499836133
1622 -1.455373300417737 0.269013113857204 0.8311103756001358
1623 -1.4254990985027296 0.1792143046806645 0.8926659036469317
1624 -1.431235824766326 0.27391953279472836 0.9175167659406598
1625 -1.4528013987749342 0.5375895674084141 0.16012896533121276
1626 -1.500619369695204 0.3987269619657995 0.3205537947886974
1627 -1.4814884511501285 0.4701141160497925 0.24045787201110277
1628 -1.4595723132800262 0.5539394344300606 0.24556234651792266
1629 -1.4642505266625454 0.5694279205746586 0.33281390140798184
1630 -1.5087789437537726 0.24488734547241295 0.47877408622840945
1631 -1.5098818605154172 0.3225323955195529 0.4011880822868905
1632 -1.4976190287061093 0.16506880137179472 0.5541737270239594
1633 -1.5007381406902474 0.2524881953321474 0.5695627611717268
1634 -1.4996062438034887 0.3408500085798703 0.5831772975599488
1635 -1.4662543403177473 0.5853623893690907 0.4249381346012415
1636 -1.4654333385320897 0.5991509907659353 0.5170564047685773
1637 -1.4930163346907108 0.4326940822935032 0.5960463918232933
1638 -1.4805188241150853 0.5223790944704132 0.6053187797711251
1639 -1.4609355022825103 0.611980431266483 0.611980431266483
1640 -1.5013122770511247 0.4102127649121888 0.4102127649121888
1641 -1.49892532773087 0.42172418203831125 0.5024001845348292
1642 -1.486946947773818 0.4983853479118724 0.41835405252213365
1643 -0.08804342312864298 1.1192955406913883 1.2073389638200311
1644 -0.08834442421170102 1.0628464831869444 1.2660972842311806
1645 -0.2712971499400094 1.0455259639359733 1.3168231138759827
1646 -0.2719759542144654 0.9823317266508803 1.3731353097591936
1647 -0.17905855205088317 1.0242253651750155 1.3200136227452466
1648 -0.0884239097497313 1.0018119137841177 1.320998591756155
1649 -0.08852024018514179 0.9372569495104238 1.371124363523883
1650 -0.46557950879538323 0.9550099905469269 1.4205894993423103
1651 -0.46622525523202013 0.8819658823521433 1.4720733130244195
1652 -0.36883038599153595 0.9348511415902714 1.4251453047434084
1653 -0.6651668662495612 0.8355332592750776 1.500700125524639
1654 -0.6614408969028347 0.7520585582922096 1.541652180922431
1655 -0.5646192988200419 0.8212269136450259 1.5120659749612873
1656 -0.46467477982032035 0.8039748358554785 1.5166887460976437
1657 -0.46129966762749414 0.7227240794797675 1.5537336958841566
1658 -0.36714655571640653 0.7850747142868626 1.5158647450150626
1659 -0.08785158845958019 0.8672057899459257 1.4176543946467492
1660 -0.08775214681553009 0.7961094415113339 1.4580748668000532
1661 -0.26996921602828483 0.7638301011460795 1.5112665312685063
1662 -0.2689736424835245 0.6860132449287052 1.5447699492368883
1663 -0.17761204328338395 0.7431821915053037 1.5035165133888075
1664 -0.0874321012129742 0.7220527899604233 1.4937349897359804
1665 -0.08718193752621398 0.6463408891680271 1.524292999628415
1666 -0.27274202076904297 0.9135725892890709 1.4250832974965126
1667 -0.27197037396341006 0.8402467687014804 1.4713722134047351
1668 -0.17882236681951036 0.890713662358916 1.4223815623845062
1669 -0.8533390826339579 0.6793420574740201 1.532681140107978
1670 -0.8464990058954277 0.5819946560678989 1.5585976584375463
1671 -0.7603160667099628 0.6687034347914059 1.5585793280452862
1672 -1.0089997459129036 0.49190020075890806 1.5008999466718118
1673 -0.990860397592504 0.39092793135609627 1.5105293029679483
1674 -0.9240565227588763 0.488475231063481 1.5423260401544243
1675 -0.8347937206451937 0.48248722601303057 1.574828197288431
1676 -0.8193493282469261 0.38317535684188603 1.5820440245225635
1677 -0.7435325350113402 0.47458126968434755 1.5984683317385258
1678 -1.1195045491319378 0.2904934014082211 1.409997950540159
1679 -1.092194652190578 0.19094117332814267 1.4076119071067095
1680 -1.0474671508123319 0.2900098511749885 1.4641837289496877
1681 -1.187246103283382 0.09338839227809641 1.2806344955614786
1682 -1.1540228049201988 0.0 1.2732679533484808
1683 -1.1273180935794265 0.09370334235107931 1.342897962522153
1684 -1.061546663482635 0.09369633668295972 1.3997653933332943
1685 -1.0290722992046506 0.0 1.387543371170376
1686 -0.9912464523743065 0.09361933682399168 1.4501062508173084
1687 -0.7994296897338254 0.2825515861228161 1.581701653789685
1688 -0.7782967834967267 0.18600402913012026 1.574556117840414
1689 -0.7126435912392148 0.27941492958794456 1.6047363697431307
1690 -0.9144357566418633 0.09263618243396994 1.4948630233503128
1691 -0.8863485917521524 0.0 1.4787832863493515
1692 -0.8363324695542589 0.09218577977871571 1.5317433641170113
1693 -0.7550947953394646 0.09143309947618751 1.562090102065681
1694 -0.7308845537503418 0.0 1.5453255527813088
1695 -0.6724429593655937 0.09070272522726491 1.5858506134893833
1696 -0.9689797800456633 0.28928352972986754 1.5115130602041136
1697 -0.942993190899627 0.18931816297144025 1.5058667952140186
1698 -0.8855985118190814 0.28664978838668476 1.550788519588014
1699 -0.083050462128488 0.5597659052717213 1.5518959922929916
1700 -0.08268211316270649 0.4811285104025725 1.5722615430850149
1701 -0.25258121403583483 0.4157056317766109 1.613387166715944
1702 -0.25048948582730424 0.33272023110763077 1.622872101047009
1703 -0.16652630506254962 0.4087397602003163 1.6019092755243625
1704 -0.08209184392175913 0.401258979718263 1.587989503255361
1705 -0.08165738689451872 0.3213076878423458 1.5990801640722443
1706 -0.42128205950604325 0.25596943102934433 1.6350297335879267
1707 -0.4162028498066496 0.16956687233176837 1.6311581855364339
1708 -0.33484683953389693 0.252090509755059 1.6332448201129635
1709 -0.5787400485513029 0.0858655877962374 1.604499940899833
1710 -0.5681804275942021 0.0 1.5879579161193764
1711 -0.49450651657913036 0.08498112849159653 1.615979020182675
1712 -0.4099362270931913 0.08386708453487451 1.622329863085342
1713 -0.4030529061631187 0.0 1.6090773981020545
1714 -0.32631998624379394 0.08293121632744115 1.6240253093440231
1715 -0.08022793171329658 0.23914971473374294 1.6056198548854084
1716 -0.07974945240550008 0.1591186234875234 1.6077038606262233
1717 -0.24149272305720507 0.08101394440826336 1.621350505823048
1718 -0.23907734172134273 0.0 1.6117285204275673
1719 -0.1598483026555649 0.08011516392818413 1.6150763981065444
1720 -0.07906037960230611 0.07906037960230611 1.6054270100224999
1721 -0.07855314756462654 0.0 1.5989860520925967
1722 -0.24848990603403798 0.24848990603403798 1.6273489641622096
1723 -0.2453312197046794 0.1641868242364658 1.6267349996783584
1724 -0.16329793422756717 0.24400302256656842 1.617928029356201
1725 -0.6598257653924982 0.6598257653924982 1.5751531204808729
1726 -0.6446023025521751 0.4679427735379717 1.6146423840360384
1727 -0.6539268426842143 0.5643269684453479 1.5994068456858175
1728 -0.5587795008343518 0.6474985871114826 1.5836842979973904
1729 -0.4594763081462587 0.6329395450643012 1.5854287394677573
1730 -0.615575560276628 0.27288575184422836 1.6219770405694889
1731 -0.630792568844137 0.3686797366808344 1.6220461234368784
1732 -0.5979089634418211 0.17809598526948314 1.6158107059552158
1733 -0.5177983070183956 0.2648477779880314 1.631757451400571
1734 -0.4339898493744931 0.3489031502432023 1.633332170494979
1735 -0.3595924552428218 0.6152446853241487 1.5820656521427139
1736 -0.2649138425418953 0.5975925307410319 1.5745936437798043
1737 -0.3463005025006573 0.430752496255226 1.6211483071982398
1738 -0.2592760006344734 0.5069050425829804 1.5974290938690079
1739 -0.17241583771520885 0.5788394087225847 1.564276454828139
1740 -0.5440597819820634 0.456694033161569 1.6232179288861603
1741 -0.44400035344826627 0.44400035344826627 1.6249693784873107
1742 -0.4527347652496525 0.5393431045557048 1.6091455868076012
1743 -1.077824723034121 1.077824723034121 0.16385006274504732
1744 -1.1941838920041852 1.0236057310395128 0.3430932486967774
1745 -1.1372417915876571 1.0533724775532107 0.2520613037301676
1746 -1.0430400778454378 1.1260867282027076 0.24958886573078873
1747 -1.0031250137241485 1.1702901778786678 0.33622850026259987
1748 -1.2978725319095887 0.9424109039774369 0.5379507633675095
1749 -1.2494751086950098 0.9862656701341169 0.44131884586361203
1750 -1.3720425769337035 0.8288713034127567 0.7336379601154867
1751 -1.3395893990695669 0.8898987449831649 0.6364927276934891
1752 -1.262879995138868 0.991541178243298 0.644722593083739
1753 -1.2181283025354925 1.0354063493560468 0.7511782172971799
1754 -1.172780673422843 1.080847929172529 0.6450547449179378
1755 -0.9558908752372163 1.2109940469439375 0.42772720434837885
1756 -0.9035837452373016 1.2444004184098054 0.5157872892443925
1757 -1.068171655918749 1.1590262053965763 0.637489489908857
1758 -1.011288956002375 1.1897548243877485 0.7336812601300412
1759 -0.958752618948826 1.2211187284249878 0.6234027271662543
1760 -0.8443250326486018 1.2709860188942395 0.6038965063385604
1761 -0.7789495646827641 1.289406405588293 0.6894519900903523
1762 -1.1607487335541378 1.0730575917250758 0.4403924115066089
1763 -1.1189461917774948 1.1189461917774948 0.5395232120343152
1764 -1.0615726267183936 1.148325207837323 0.4356788793771446
1765 -1.4032166864544977 0.6667246075004665 0.932166803561309
1766 -1.396085270535126 0.7464937074413817 0.8433958517890189
1767 -1.3772922482291747 0.4864642930263974 1.0871573612930965
1768 -1.3969403153167086 0.579013031347382 1.0143459800502608
1769 -1.3536875529441215 0.6910814588232876 1.0628380815169274
1770 -1.287226040613015 0.7080021730371588 1.18632207360046
1771 -1.2950903530497941 0.7986380914208946 1.1008239212128892
1772 -1.3002388257656368 0.28818840110116273 1.2043488055389993
1773 -1.3438680603926412 0.38609803879211296 1.1519088957649755
1774 -1.24712765075201 0.1895873600408509 1.24712765075201
1775 -1.2175180040497426 0.2913396561571234 1.3144565533285584
1776 -1.1775025614993349 0.39467655067084506 1.3737267671490725
1777 -1.199779711637394 0.7160337499471118 1.3018283332886547
1778 -1.097554953312596 0.7136551573231465 1.3979048218247008
1779 -1.1242652166008502 0.8156445454489355 1.3226684197459557
1780 -1.123589605549047 0.5027664279116874 1.4234473398339722
1781 -1.0583284605591996 0.6041192868721449 1.4575122517160854
1782 -0.9802195032774238 0.7010939041061434 1.4755517554713649
1783 -0.8919966624248635 0.7895105176844606 1.4765348906285185
1784 -1.3108847355471325 0.49735457227434426 1.2118512617698771
1785 -1.225735085989632 0.5030526176320423 1.3259031572089752
1786 -1.263108782602968 0.6090342078524364 1.263108782602968
1787 -0.695045716823756 1.2998677389150937 0.7852694115561747
1788 -0.6171842441480828 1.2989519514693937 0.862903000134907
1789 -0.7519405191197542 1.2193644691385301 1.0364570882207322
1790 -0.6619569079104337 1.2035106699895124 1.1091690414702147
1791 -0.6421132189736507 1.2577687637366892 0.987528131535536
1792 -0.5341871998342899 1.288792470936564 0.9358176921947909
1793 -0.448517585325639 1.269856395050868 1.0023535160672385
1794 -0.7840077502748193 1.0806578038161456 1.2713654470083116
1795 -0.6808896023554524 1.0471636728968292 1.3337237859152777
1796 -0.6756107634333756 1.1320473189861329 1.228334885300185
1797 -0.7792409715430842 0.8803940293027713 1.4573288853264816
1798 -0.6774574723113973 0.9471727298032829 1.4258055257244626
1799 -0.5733561558015636 1.0044359630750073 1.3832924057173441
1800 -0.471078172956194 1.0527722400501824 1.3337306051511604
1801 -0.35677368651375835 1.2418005633862619 1.0644207998459745
1802 -0.26755922408364957 1.2071647922539717 1.1181387963735945
1803 -0.3672164064099032 1.0955762596923477 1.2781479060869898
1804 -0.27093540473978117 1.132247966364335 1.2223973316453134
1805 -0.17723535529868592 1.1658747304473303 1.1658747304473303
1806 -0.5669429339753057 1.1758134270717524 1.1758134270717524
1807 -0.46750775650126597 1.1391266838314111 1.2322170457685941
1808 -0.4597324814057465 1.2117236392421658 1.120181493698695
1809 -1.3362058395962444 0.8637490228625306 0.8637490228625306
1810 -1.2165263946194775 0.9129774427933852 1.114566548239077
1811 -1.2847480298583884 0.8927816057750337 0.9928856291424487
1812 -1.2579949770471672 0.972210196252407 0.8741906969796189
1813 -1.1643269111905135 1.0667420223409096 0.8738028296432793
1814 -1.023266608828621 0.9200995354873073 1.3240596108213334
1815 -1.1264994210761803 0.922752044180094 1.2295508791537646
1816 -0.905472801107037 0.905472801107037 1.400751853154168
1817 -0.9074562007055657 1.009205627589732 1.3058653521732944
1818 -0.8980579248421858 1.0963527404878353 1.1966463991980125
1819 -1.0529507081406546 1.1492739762467832 0.8625059189373173
1820 -0.9371914411777404 1.2126823294775482 0.8427025784389103
1821 -0.8776023003896483 1.1693896391746796 1.071380431568151
1822 -0.8498094996192145 1.2229094700522336 0.9450952329468891
1823 -0.8159908053095274 1.2623246455295425 0.8159908053095274
1824 -1.1164783129131086 1.014980284466462 1.1164783129131086
1825 -1.0010788870580514 1.1011867757638567 1.1011867757638567
1826 -1.0908511839675645 1.0908511839675645 0.9916828945159676
1827 -1.5160204605619605 -0.07447730941346599 0.0
1828 -1.5148851096299958 -0.07460158018616495 0.07460158018616495
1829 -1.5080982885491898 -0.2237052489368357 0.0
1830 -1.5029497315736675 -0.22385747066552705 0.07509781849441267
1831 -1.5101336575703306 -0.14946184727153267 0.07490952481972565
1832 -1.5119578213499854 -0.07500001167249017 0.1496423894949751
1833 -1.5072233416400438 -0.0753113577674425 0.22449400528805763
1834 -1.4902708588870262 -0.3732934173042971 0.0
1835 -1.480858642518359 -0.37418876307794807 0.07655366506050286
1836 -1.4929807979110314 -0.29998884292841593 0.07623939898712953
1837 -1.4622499511071398 -0.5232013984980178 0.0
1838 -1.4489603566153009 -0.5226372190865686 0.07754181196444537
1839 -1.4661490474605066 -0.44865697462059057 0.07710186768141865
1840 -1.4696237897501603 -0.37498607729238104 0.15277458173091998
1841 -1.4567625204149641 -0.37534969683083574 0.22806109628185509
1842 -1.4728261044956663 -0.301957894003475 0.2273299623489333
1843 -1.5002387991819448 -0.07661003044837571 0.3014472135961973
1844 -1.4913742010099678 -0.07709727166789772 0.37684587275207426
1845 -1.4758051904214835 -0.22778978275086878 0.3025686643513588
1846 -1.4629729093147232 -0.22903335365460262 0.3769498667679797
1847 -1.478327229231223 -0.15367934683857096 0.37720682838032454
1848 -1.4801257944739084 -0.07783687705901945 0.45293400569115716
1849 -1.4664552294263777 -0.0784780585164403 0.528947586124914
1850 -1.4957510120878361 -0.22557725766186412 0.15096657327206858
1851 -1.4866745551157252 -0.22700946670899697 0.22700946670899697
1852 -1.4982304563751137 -0.15121682428620417 0.22595118770659042
1853 -1.4231358047166223 -0.6730931069407103 0.0
1854 -1.4028160399010259 -0.6781037080685919 0.08211038425597095
1855 -1.4259510908655002 -0.6046412967879543 0.0815572720924246
1856 -1.3713374373159888 -0.8219480282216847 0.0
1857 -1.3468949523050509 -0.8239209115413018 0.0834666484969871
1858 -1.3764267902769156 -0.7515295601339373 0.08283827431048642
1859 -1.3804115917254516 -0.6823319217196718 0.1630695248074227
1860 -1.3563085873353293 -0.6855106654019966 0.24228788134943055
1861 -1.383617290686582 -0.6144473407139087 0.24091391903564655
1862 -1.3046763964970627 -0.9676139621702768 0.0
1863 -1.2756323918577785 -0.9674073354409375 0.0853872246309611
1864 -1.312657468805281 -0.8972908422417382 0.08474559821899029
1865 -1.2209215113322625 -1.1065787553905746 0.0
1866 -1.1889489015178303 -1.102246546709812 0.08670235480801838
1867 -1.234280875259359 -1.0361376679920107 0.08612437179858301
1868 -1.2449606445967931 -0.9659902359104384 0.16887768924552846
1869 -1.2131697632906537 -0.9632276900494124 0.24994207324124124
1870 -1.2535516083592746 -0.8967823543198413 0.24829009378571829
1871 -1.3294337985610187 -0.6885210986011941 0.32199247446038254
1872 -1.301448461762876 -0.6898790645821875 0.3987306419811897
1873 -1.3335502190287802 -0.6203050477959614 0.3959277413060713
1874 -1.2607297339429298 -0.8269996238913677 0.32627931541682176
1875 -1.2288789304346368 -0.8261300370592893 0.4027488933753473
1876 -1.2664492398868339 -0.7587699684713081 0.4011013683085784
1877 -1.271209308481228 -0.6904138538185111 0.47468121119950313
1878 -1.239018840013848 -0.6898389838796608 0.5491798561341871
1879 -1.2751720842039054 -0.6220625450333754 0.547108470716539
1880 -1.3197405467590637 -0.8264385358009537 0.16591829815587406
1881 -1.2908909843345842 -0.8275464466675146 0.24705939384628503
1882 -1.3252359073529016 -0.7567936778850595 0.24495834706466926
1883 -1.4472416983342495 -0.08277498837839334 0.6136690822370993
1884 -1.427421213965238 -0.08355058756106007 0.6899975411130106
1885 -1.4006497932352409 -0.24387959962348157 0.6220112646162569
1886 -1.3764530004840025 -0.24588643349928355 0.6956921316189213
1887 -1.4031657635681525 -0.16575749990993374 0.6935792177389432
1888 -1.4040988660892815 -0.08450367854635149 0.7666385242358902
1889 -1.3772457355238699 -0.08534747680523638 0.8424870550500037
1890 -1.3441392586391472 -0.3990716008141042 0.6252305726302685
1891 -1.3149675081651577 -0.4028725332733378 0.697045316155005
1892 -1.3464001856045074 -0.32610177945375546 0.6973080840525345
1893 -1.2786466026631575 -0.5485992016573003 0.6237575066956497
1894 -1.2453643873659908 -0.5519924419233616 0.693371945442629
1895 -1.2811353564509973 -0.4783876885209631 0.6958048472499417
1896 -1.2826170865415436 -0.40622194101813824 0.7684566389750064
1897 -1.2473051930317627 -0.408787858391544 0.8385173346402186
1898 -1.2827216178427072 -0.33197085788651853 0.8414256179994768
1899 -1.3452366365182757 -0.08684892000927227 0.9195609237606697
1900 -1.3097878715855256 -0.08767349584710982 0.9933099872119585
1901 -1.2808526183574593 -0.25369758581691304 0.9163133124855977
1902 -1.2417480021950804 -0.25582987600182205 0.9859181261932584
1903 -1.2766636773186983 -0.1731781745109761 0.9905892625471625
1904 -1.269324683317136 -0.08856962232048872 1.0655557771812298
1905 -1.2241315162988555 -0.08926799538847063 1.134863520910385
1906 -1.3481825406778296 -0.24919983293053377 0.7698976595480223
1907 -1.3162632543506132 -0.2519153094322906 0.843811748811891
1908 -1.347992057116682 -0.16947008909719216 0.8441299956196675
1909 -1.4310718374017173 -0.5295488362331464 0.1577339152006661
1910 -1.38911897538529 -0.5402102407894455 0.3157370253925021
1911 -1.4110227064154128 -0.5355138028092817 0.2373942309160273
1912 -1.4354892524831646 -0.4555173957017328 0.2329918202730098
1913 -1.439332148579414 -0.38244244106974534 0.30746196637606615
1914 -1.338029827044339 -0.547061319999056 0.47210396655618153
1915 -1.3642029300603693 -0.5446211238845509 0.39536240908366277
1916 -1.3094031868463867 -0.5485041096858778 0.5485041096858778
1917 -1.3415983459367653 -0.4733630654864099 0.548520329818026
1918 -1.371292032652687 -0.39741691623753317 0.547451256364174
1919 -1.4426792228020828 -0.3081769493792069 0.38333178633825926
1920 -1.4452861690549126 -0.2345819411472454 0.45862620749879085
1921 -1.399602245916292 -0.31811979944749286 0.544287047886723
1922 -1.4244833069063658 -0.23965887831446325 0.5406223934253173
1923 -1.4469495405161883 -0.15948396869985762 0.5354241661687765
1924 -1.3931472242071261 -0.4669461577418314 0.39196340385889
1925 -1.3966869969884526 -0.3929593225702418 0.46813259609579655
1926 -1.4194244304567307 -0.3878380461560271 0.3878380461560271
1927 -1.1186753287075486 -1.2342680232765377 0.0
1928 -1.0545773762044006 -1.2562468551624189 0.08765709118037998
1929 -1.1108549700374402 -1.1982344606241258 0.08737949058668563
1930 -0.9981910528100181 -1.3459048305532897 0.0
1931 -0.9295002753977898 -1.3597770325051022 0.0877876527598398
1932 -0.9938252757999297 -1.310467335953729 0.08771897727029007
1933 -0.9882311847946934 -1.2736246051939617 0.17276592736075214
1934 -0.9204412807939859 -1.286622827023263 0.25484048702755463
1935 -0.9814606169790625 -1.2361338411258795 0.25467322414681687
1936 -0.8616585673461572 -1.4375904692445518 0.0
1937 -0.7887720279896435 -1.4446363900210497 0.08694337134443494
1938 -0.8598009482588588 -1.4055494173956302 0.08710144689913106
1939 -0.7128059061832014 -1.5071014640358618 0.0
1940 -0.6390045953877497 -1.5069915083566978 0.08619237873959693
1941 -0.7147453234581523 -1.478617787015437 0.08654725295849687
1942 -0.715414423753274 -1.4473401170322704 0.17097586439719858
1943 -0.6421279748563621 -1.4459487574843206 0.25176700539598823
1944 -0.7146939598099016 -1.41404883093747 0.25260246714619794
1945 -0.8499363064200804 -1.2956958413347222 0.33532861224502014
1946 -0.7791291698147914 -1.300430414864152 0.411863659722132
1947 -0.844796270456528 -1.2566451898652882 0.41184891940876006
1948 -0.7134699422984347 -1.377606376153066 0.33366000350679875
1949 -0.6399767789050985 -1.375841090951354 0.40848379593321815
1950 -0.7105257175139896 -1.3403981213164957 0.41066382505762655
1951 -0.706669918781908 -1.3011404302083682 0.4858577664836784
1952 -0.6331316715781184 -1.2978627947748487 0.5568438469169132
1953 -0.7017360207545901 -1.2603870914070576 0.5586510706524674
1954 -0.8581077069305327 -1.3703130786672606 0.1722762966641775
1955 -0.7859061101571837 -1.3762152452157874 0.25438143488477494
1956 -0.8548470112326501 -1.3334771772984901 0.255209825716647
1957 -0.5560614349630338 -1.5540876007240696 0.0
1958 -0.47446587641323873 -1.5504889751107838 0.08153713703770643
1959 -0.5530587719590845 -1.5333011239567302 0.08205534878570328
1960 -0.39570210569416553 -1.5797313576401513 0.0
1961 -0.31548395897159365 -1.5700967015827814 0.0801773398879836
1962 -0.3948804851647405 -1.5627464983394905 0.08078689523323081
1963 -0.3935906333654536 -1.5425376920479503 0.16035433853916256
1964 -0.31376362412892855 -1.530409588341261 0.23621794387953085
1965 -0.39153113754086805 -1.5195640000797146 0.23789288018606058
1966 -0.23528767836765097 -1.586180685296109 0.0
1967 -0.15554190359215422 -1.5715653731372683 0.07795681841450836
1968 -0.23430708718767676 -1.5731070879501203 0.0786033678182015
1969 -0.07742554427831637 -1.5760331599042807 0.0
1970 0.0 -1.5569413731160642 0.07648762493694095
1971 -0.07712261125867984 -1.5660780256933955 0.07712261125867984
1972 -0.07703084528036332 -1.552898278408747 0.15369437278100315
1973 0.0 -1.5303208787880804 0.22700165880558157
1974 -0.07678166058801689 -1.536648846585686 0.2288767993175628
1975 -0.2336737966148787 -1.5139265587118034 0.31038428362259485
1976 -0.15526311535305246 -1.4935623806547678 0.3810941971811805
1977 -0.23304638737970168 -1.4886065540669196 0.38355463635229436
1978 -0.07745928886688996 -1.5168696557751364 0.30478889852160335
1979 0.0 -1.4914134029538006 0.373579609694468
1980 -0.07725872538719983 -1.494497371342914 0.3776350468232601
1981 -0.07725641326212633 -1.4690878459975283 0.449556277773243
1982 0.0 -1.4405619598526596 0.5154413111433453
1983 -0.07711430516983314 -1.4409718871446515 0.5197557934838344
1984 -0.2347464621616613 -1.5565499022453284 0.15710302247494065
1985 -0.1553070116456303 -1.538755333835669 0.2320628270441263
1986 -0.2346480746849674 -1.5366994473768778 0.2346480746849674
1987 -0.5535200070166114 -1.2901157609048064 0.6293524643124051
1988 -0.47755890171330395 -1.278915842638811 0.6945993942419663
1989 -0.5531626155925178 -1.2480044463666586 0.6948418307741409
1990 -0.39954625634377894 -1.3457379770908344 0.625974221509355
1991 -0.32181967573957176 -1.3287203518875244 0.688151600632992
1992 -0.40011754215875944 -1.3059752748860118 0.6922786629486852
1993 -0.400281310860489 -1.2638599664166985 0.7572186524868839
1994 -0.32220174137471763 -1.2449741570665123 0.816664453870242
1995 -0.39981504327538564 -1.2199270831863904 0.8201120399110046
1996 -0.24107938229907805 -1.3845675796245298 0.6148693522880357
1997 -0.16093278473048175 -1.3623237192416329 0.6733911587865834
1998 -0.24081105062328823 -1.3480414045742621 0.6813322343218887
1999 -0.08043620846665335 -1.4063503629465164 0.5963300653419102
2000 0.0 -1.3782482131922464 0.6518628572750829
2001 -0.08033470589315234 -1.3724794373916305 0.663439374280909
2002 -0.08039225065500734 -1.3357840738867424 0.729338621257188
2003 0.0 -1.3049062336467743 0.7821306970656315
2004 -0.08035643181089706 -1.2967056224289288 0.7932191568495848
2005 -0.2419525943201067 -1.221555234573417 0.8738923646121698
2006 -0.16200189692600353 -1.1942725348975656 0.9266603026641798
2007 -0.2421616012696492 -1.1754048795411483 0.9332432782714989
2008 -0.08094682311354905 -1.2538167665238071 0.8570692120275036
2009 0.0 -1.2207950224784798 0.905403295307346
2010 -0.08096251792872443 -1.2095300068904997 0.9172769589189402
2011 -0.08110961571674927 -1.1624125133005228 0.9758065728133813
2012 0.0 -1.1261141501018042 1.020650371937173
2013 -0.08116647675157791 -1.1130354370137168 1.031868960262139
2014 -0.24183189134054117 -1.3083216383026222 0.7471345584692062
2015 -0.1613445388624018 -1.2833601374985937 0.8036566547449407
2016 -0.2422930714326015 -1.2659868406933832 0.8115812444717639
2017 -0.5573791033858937 -1.5062813531717187 0.166023569900522
2018 -0.3961216795361648 -1.4908143210018283 0.3184592959236135
2019 -0.47625042320786243 -1.500826028723374 0.243596521353595
2020 -0.5602407961407877 -1.4761757405092197 0.24835575148562722
2021 -0.5614370008269602 -1.44370234483599 0.32814344342554636
2022 -0.23650864198700838 -1.4571567932896572 0.46239305969041194
2023 -0.31530650156196244 -1.4760550376469765 0.3922000160339352
2024 -0.15804388678619813 -1.43388411531852 0.5305894817542761
2025 -0.23928800183967958 -1.422278893070462 0.53978577043487
2026 -0.3196655105359811 -1.40640276796724 0.5469316821619242
2027 -0.5619567624121481 -1.407626381404186 0.40794704730406217
2028 -0.5603584420214573 -1.3705525904520164 0.48357914094900467
2029 -0.40144136109525597 -1.3851784298938827 0.5529950248941776
2030 -0.48001397764187964 -1.3604482592429084 0.5562272271133616
2031 -0.5576198533802202 -1.331164525791837 0.5576198533802202
2032 -0.39854373537268056 -1.4586055189796492 0.39854373537268056
2033 -0.4004123061759392 -1.423176978757456 0.47701133840727555
2034 -0.4812000227735559 -1.4356740384317102 0.4039283667638186
2035 -1.1447808454041322 -0.09004808890708477 1.234828934311217
2036 -1.0867982545415054 -0.09033530952076668 1.2946294129480254
2037 -1.0074762890394529 -0.26142387207638856 1.2689001611158415
2038 -0.9443187563069009 -0.26145138944541535 1.3199995406579499
2039 -1.016466084732176 -0.17770204832788256 1.3100135229278604
2040 -1.0237447987665007 -0.09035979353744537 1.349919499739209
2041 -0.9566823330118596 -0.09035489141299749 1.3995419885983367
2042 -0.862202065206178 -0.4203344655809989 1.282536530787177
2043 -0.7944831097508459 -0.41998006729383214 1.3260573984945927
2044 -0.8693820146799164 -0.3430006016819197 1.3253400901257892
2045 -0.7118722962494349 -0.5667205454836644 1.2785928417330994
2046 -0.6416929420911504 -0.5643735457473166 1.3154126267824173
2047 -0.7183582754273621 -0.49389387882225605 1.3226613595558483
2048 -0.7237295996632434 -0.418295296537638 1.365307084343011
2049 -0.6510648600799746 -0.41556108629315575 1.399678577252495
2050 -0.7281161991067943 -0.34050944425870444 1.4058861614247091
2051 -0.883881953403598 -0.089540953851455 1.4449155553605064
2052 -0.8097002714178071 -0.08925021283398311 1.482966479023573
2053 -0.7306539464893939 -0.25824338792847595 1.4456262637618866
2054 -0.6554876733855312 -0.2570051065586646 1.4760322303199938
2055 -0.7324566354035652 -0.1750487580535242 1.4818178627772007
2056 -0.7325302601435982 -0.08870079963260288 1.5154100861196973
2057 -0.6538073369670743 -0.08818905218732905 1.5419014386161267
2058 -0.8762032543148385 -0.2615856134346254 1.3667908139711773
2059 -0.8045687771470522 -0.2604221513855157 1.4088957989052169
2060 -0.8810589808469403 -0.1768840637802511 1.4069639915604997
2061 -0.5581199911436084 -0.7010689180838376 1.2591889092274462
2062 -0.48142057005949135 -0.7002161097599935 1.2892574964311232
2063 -0.5593656379950869 -0.635998949019604 1.3037404547951184
2064 -0.4017006028772314 -0.8239797536387704 1.2256803565160017
2065 -0.32356115082417125 -0.8201100633535653 1.2502268587627254
2066 -0.4026657352419114 -0.7617293067894196 1.2713886179846403
2067 -0.40300385919006454 -0.6972725347107114 1.3153961532059912
2068 -0.32388582450788317 -0.6925696760001734 1.3372510109038618
2069 -0.40294343360628365 -0.6312966225041373 1.357180232860911
2070 -0.2426401648895139 -0.9350875685269416 1.1777277334164555
2071 -0.1623030529342363 -0.9283829326026772 1.1964926468603043
2072 -0.24264207838820104 -0.8763826659223191 1.225036258924085
2073 -0.08120677671856809 -1.0323812935147456 1.1135880702333136
2074 0.0 -1.021281167363529 1.1268101256042582
2075 -0.08120271085564952 -0.9769265737853139 1.1637466948698572
2076 -0.08110964531978326 -0.9189438607062949 1.2117279992315708
2077 0.0 -0.9071112475492945 1.2230979294884372
2078 -0.08115025149300767 -0.8592231223871736 1.256967747663539
2079 -0.242198827465342 -0.685258703203152 1.3558100706656049
2080 -0.16178531638694837 -0.6769584075669468 1.3695405464341397
2081 -0.2427409128455819 -0.6191070610509867 1.3941100851067743
2082 -0.08062014261150528 -0.7958223144835977 1.3009611035414883
2083 0.0 -0.7847110238029716 1.3092112487254985
2084 -0.0807227679369888 -0.7323371567724644 1.3412758932824926
2085 -0.0807405614169948 -0.6667911079032939 1.3794132819216203
2086 0.0 -0.6551515717730906 1.3852016157829785
2087 -0.08092791497801252 -0.5999754308015393 1.414947382173247
2088 -0.24320546396560297 -0.8146373808400136 1.2707541125493103
2089 -0.16189946146128784 -0.806420722513255 1.2877740801571351
2090 -0.2429759364264095 -0.7506690617779341 1.314510974757538
2091 -0.5648411638653662 -0.0838034600650436 1.565966648253191
2092 -0.4838072136481703 -0.083142449310104 1.581015175445871
2093 -0.39786443734994964 -0.24174096987345342 1.5441440486859062
2094 -0.31847135439074403 -0.23976217360301383 1.5533719554799263
2095 -0.40042787246754474 -0.1631399255443084 1.569333804888184
2096 -0.40207128256461605 -0.08225802945741202 1.5912042061247615
2097 -0.32082196690084996 -0.08153394539484955 1.5966628340418418
2098 -0.235670376284796 -0.3878732748928959 1.5053675394048223
2099 -0.15690353369660362 -0.3851206133087674 1.5093424783353588
2100 -0.2366362467772265 -0.31431924759685426 1.5331196905246531
2101 -0.07768721839597532 -0.5236172685732502 1.4516774475569003
2102 0.0 -0.5191883594537328 1.4510342583296691
2103 -0.07793114792565152 -0.4534825693393526 1.4819184247366015
2104 -0.07803894640988773 -0.38144871059985735 1.5095900131335946
2105 0.0 -0.37726526452974846 1.5061273618459743
2106 -0.07834521615800588 -0.3082748691156978 1.5342185915164148
2107 -0.23801348895287774 -0.0798467602598427 1.5979913838440736
2108 -0.15786890261959471 -0.0791230986029557 1.5950769221822036
2109 -0.07775537684580598 -0.23177932915111296 1.5561360516418743
2110 0.0 -0.22980429670626484 1.549214728805149
2111 -0.07808400917613495 -0.15579567861254492 1.5741294669628072
2112 -0.0782278323881669 -0.0782278323881669 1.588521022580731
2113 0.0 -0.07755383391136897 1.5786445553765045
2114 -0.2379343378323669 -0.2379343378323669 1.5582210335621633
2115 -0.15736134626151949 -0.23513245470360147 1.5591093301825667
2116 -0.23828972023918693 -0.15947433213499712 1.5800444331678192
2117 -0.5644890586196208 -0.5644890586196208 1.3475628700753906
2118 -0.40545425828548887 -0.5585228862375036 1.3990249817641902
2119 -0.4853492745426255 -0.5624096249999966 1.3755694759558494
2120 -0.5682543984796006 -0.49039320772245293 1.389864914076098
2121 -0.5708650606345576 -0.41441393977589014 1.429940474640567
2122 -0.24126164562832028 -0.5442379152345461 1.4340098276824866
2123 -0.32254758934135674 -0.5518627746858077 1.4190827834077042
2124 -0.1592627296761089 -0.5346814161558421 1.4449423061441875
2125 -0.23880886733274123 -0.46689018176872177 1.4713287447264922
2126 -0.3191178406257622 -0.3969408229457118 1.4938971886886885
2127 -0.5713133985788529 -0.33391590794458015 1.4690989228526479
2128 -0.5709702905724906 -0.2531121556443432 1.504446833041418
2129 -0.40197279811820474 -0.32316326240730575 1.5128351591094498
2130 -0.48462328918812564 -0.247879144375353 1.5272117589733327
2131 -0.568772622751855 -0.16941729734271857 1.5370716100430222
2132 -0.40504053337601353 -0.4825249472976835 1.4396269886647706
2133 -0.40379614861102786 -0.40379614861102786 1.4778285006939422
2134 -0.488156480565584 -0.4097677485207011 1.4564288293269725
2135 -1.129392913636804 -1.129392913636804 0.17168941833350757
2136 -1.00244410980567 -1.1694958051365145 0.33600027416894174
2137 -1.066846984345805 -1.151789136019101 0.2552856159479612
2138 -1.1443890263097622 -1.0599926179688806 0.25364543589576827
2139 -1.1564078944736538 -0.991225686536408 0.3322400712236165
2140 -0.8650244933203538 -1.1912972617052573 0.49377674276614547
2141 -0.9335701517467474 -1.182716485173373 0.41773947363043246
2142 -0.7221227387914622 -1.1953401442593756 0.6391542943502793
2143 -0.7941493470303994 -1.1954551599913394 0.5680087616001128
2144 -0.8820383422308056 -1.1234113134083183 0.5735213621786576
2145 -0.8961505955846175 -1.0542975755311708 0.6501493903719295
2146 -0.9639688151273508 -1.045960274012993 0.5753007813290301
2147 -1.165934762655793 -0.9203235999029958 0.41181211232365394
2148 -1.1733394995881372 -0.8519850072274424 0.4863334911356765
2149 -1.0426406366128647 -0.9609093997644932 0.5734749089345693
2150 -1.0499100439374303 -0.8924212034830602 0.6474437491401636
2151 -1.1133588780995223 -0.8741457446849856 0.5683894160048005
2152 -1.1790497894848624 -0.7832511429726203 0.5602139111558331
2153 -1.1833811721333676 -0.7148981460709404 0.6327597727347692
2154 -1.0181486347942694 -1.1013525718665351 0.4178572855799608
2155 -1.0314257475455817 -1.0314257475455817 0.497323406951944
2156 -1.0959247318038179 -1.0131308520325049 0.41579794275632237
2157 -0.5610984125156891 -1.1809113482954705 0.7844877897021504
2158 -0.6362805816330246 -1.1899657546880829 0.7188759902109911
2159 -0.40621005698126184 -1.1500740561089124 0.9078040464822015
2160 -0.4839639509606488 -1.1676226918134383 0.8478339200826266
2161 -0.566630240060834 -1.1099130114098834 0.8714402471470837
2162 -0.5697988452175572 -1.0359571473190512 0.9547498204615859
2163 -0.6463013822343613 -1.0480575548372475 0.890846591865836
2164 -0.24393777947929912 -1.1005903455451769 1.0194240025593604
2165 -0.3239175973652076 -1.127440363748147 0.9663959005518322
2166 -0.1624780161834959 -1.068799241563936 1.068799241563936
2167 -0.24409958969360568 -1.0201002127662233 1.1013203954786335
2168 -0.3244343645241723 -0.9679376558254743 1.1292390439014188
2169 -0.5706193866964221 -0.9561247123838893 1.0374489822303297
2170 -0.5689853901714559 -0.875062313971912 1.1145262698750902
2171 -0.6483924761643832 -0.8937289064516276 1.0514485220415217
2172 -0.40739982575943895 -0.9104629587682093 1.1534425650392883
2173 -0.4861953491246947 -0.8517430026680813 1.17300621495734
2174 -0.5648500266913965 -0.7897330291233787 1.1888071534799045
2175 -0.6420591863301733 -0.7254047140061431 1.200772844984377
2176 -0.4078654617037005 -1.075016975232189 0.9938026147778912
2177 -0.408269979893697 -0.9947882614498709 1.0760831697543234
2178 -0.4906059296041762 -1.0174940101726986 1.0174940101726986
2179 -1.1869014563870013 -0.6346420861573121 0.7170248020849351
2180 -1.1885162787690378 -0.5647118204333706 0.7895397989885872
2181 -1.0586351201321977 -0.6528242063285611 0.8998374988534851
2182 -1.0560136096311352 -0.580830333435144 0.9732340829053675
2183 -1.1252416020287441 -0.5744557569192464 0.8834753802250789
2184 -1.18853315779177 -0.49263105875347907 0.8630174228232501
2185 -1.1863855121409796 -0.41903538639853705 0.9364662761399147
2186 -0.9066007148516394 -0.6577308601653363 1.0665918656443691
2187 -0.8953634748414256 -0.5821856660304898 1.1403829165810062
2188 -0.9778213578925876 -0.5835680390983404 1.0609910604856754
2189 -0.7309388084847581 -0.6469574398559751 1.2099335110831675
2190 -0.8061353210467 -0.5765816305233552 1.2134979809530246
2191 -0.8806796316718511 -0.5027130714856757 1.2128572563571647
2192 -0.9532421006984648 -0.4265419718519099 1.207638381269936
2193 -1.1817088357170413 -0.3395091209775129 1.0129126215476991
2194 -1.1735763530309569 -0.2601145928333372 1.087027437555081
2195 -1.0265205090895113 -0.34407022707827634 1.1975844014879886
2196 -1.0951295309667504 -0.26205334125500923 1.1823235335615323
2197 -1.1615382837169266 -0.17657613209320308 1.1615382837169266
2198 -1.0489976782819082 -0.5057960793486812 1.0489976782819082
2199 -1.03933281218313 -0.4265514610259087 1.1242679375143148
2200 -1.117405386235718 -0.42394778340016176 1.0329887064044805
2201 -0.7283262802054066 -1.126709035822276 0.7283262802054066
2202 -0.7357992717604165 -0.980439596075442 0.8982667216986534
2203 -0.7328723880981239 -1.0546323430681586 0.8150464317712349
2204 -0.8166240521580946 -1.0566737107991357 0.734290950741135
2205 -0.8994954060505679 -0.981780679698597 0.7368057267804271
2206 -0.7370403772358931 -0.8196817608265644 1.0606302442329922
2207 -0.7372590542819154 -0.9000488300946602 0.9823847306259453
2208 -0.7349830019710304 -0.7349830019710304 1.1370068772789483
2209 -0.8236118479909552 -0.7405742278894584 1.0657155950462411
2210 -0.9060484520152594 -0.7421735382913718 0.9889331941839786
2211 -0.9808423414466412 -0.8986357120635005 0.7361015236809014
2212 -1.0540474743340544 -0.814594430485745 0.7324659581714257
2213 -0.9860142240254045 -0.7399829126520499 0.9033741273902909
2214 -1.057018105693032 -0.7345302734871112 0.81689020920442
2215 -1.1231332986465332 -0.7260148552736804 0.7260148552736804
2216 -0.8223955940727166 -0.9046351534799885 0.9046351534799885
2217 -0.906318451749892 -0.8239258652271744 0.906318451749892
2218 -0.9040716229576561 -0.9040716229576561 0.8218832935978689
2219 0.07624206894258623 -1.5519429660228552 0.0
2220 0.07605701704209446 -1.5444397064033117 0.07605701704209446
2221 0.2249191824940014 -1.5162819638481586 0.0
2222 0.224961927271839 -1.5103649085389763 0.0754683322928094
2223 0.1513063479142505 -1.5287701360618475 0.07583397924871885
2224 0.07608162703488104 -1.533762575381231 0.15180046259034255
2225 0.07595352367476726 -1.5200751540813242 0.22640822381854733
2226 0.36842292649793207 -1.4708267696512223 0.0
2227 0.37021812093750583 -1.4651447560786515 0.07574132851144617
2228 0.29912920747372435 -1.4887025747126963 0.07602093056085758
2229 0.5068542675845863 -1.4165627808367076 0.0
2230 0.5088841231707937 -1.4108312490145947 0.0755013143908247
2231 0.44037114424308876 -1.4390720978027711 0.07567794465439545
2232 0.37168653403119195 -1.4566924102521093 0.1514303015771846
2233 0.3724582739715293 -1.4455406745265231 0.22630427837930855
2234 0.3010503396739857 -1.4683994286767372 0.22664670718107854
2235 0.07673630806988178 -1.5027116684151645 0.3019440941863729
2236 0.0766527118693581 -1.4827746098700358 0.3746728966966725
2237 0.22740524580621874 -1.4733138512052553 0.302057891531211
2238 0.2277821314299988 -1.4549806051855683 0.3748905682276771
2239 0.15286797700724059 -1.4705222109297569 0.3752153165277846
2240 0.07675858508750785 -1.4596212750056068 0.44665940783452623
2241 0.07671744463194179 -1.433556079183222 0.5170809257881473
2242 0.2263691700435789 -1.5010020012997467 0.15149655710039586
2243 0.22730594393542874 -1.488616170833771 0.22730594393542874
2244 0.15199791096160173 -1.5059693296894647 0.22711830295875204
2245 0.6402604028090412 -1.3537168843122545 0.0
2246 0.649344348066443 -1.3433205806840098 0.0786279639821485
2247 0.5836345548988954 -1.3764100048176864 0.07872376969501534
2248 0.7684060371314716 -1.2820080219157184 0.0
2249 0.7768243820237303 -1.2699044584485022 0.07869557226915176
2250 0.7140008367947966 -1.307692913462173 0.07870162441219627
2251 0.6575418342288271 -1.330259278689877 0.15714497744508005
2252 0.6644567261249066 -1.314652578056454 0.2348465465913283
2253 0.5990946832063895 -1.3490460573556473 0.23489441395739016
2254 0.8906981511284788 -1.2009674308279596 0.0
2255 0.8992930011382075 -1.1858161913771523 0.07937518218449295
2256 0.8397626135106336 -1.2284987372591516 0.07931228281133908
2257 1.0062046571078989 -1.1101757599097684 0.0
2258 1.0131096038696055 -1.0928004757496865 0.07969087188008113
2259 0.9573363442791278 -1.140410176597834 0.07957435946786526
2260 0.906505209006469 -1.1682968081674057 0.15847831509576546
2261 0.9119966757594256 -1.148645125843681 0.23664845008425528
2262 0.8537594712649322 -1.1934128199565543 0.23637844586225176
2263 0.670897178417949 -1.2954045796999727 0.31375050528757975
2264 0.6752479977908767 -1.2738471322732887 0.39027429803038116
2265 0.6094610305842735 -1.3102374286860599 0.38900623187041045
2266 0.7976006547810945 -1.215912114401352 0.3146804280193588
2267 0.801713796894476 -1.1925594628532665 0.3908456659587904
2268 0.7395910956874646 -1.2344381299744058 0.3909630227811268
2269 0.6782850491050418 -1.2488774138252352 0.4663422769791808
2270 0.6796395938512573 -1.2206997297618156 0.5410601359105585
2271 0.6139160725376805 -1.2584725507017112 0.5399435897179332
2272 0.7854864259272663 -1.2543440804347317 0.1576966288098901
2273 0.7925431581307726 -1.2362893003129782 0.23660935653014561
2274 0.729176715138366 -1.2768753148249283 0.23601931157446523
2275 0.08011171273952107 -1.4006768647505357 0.5939243507781241
2276 0.08009362770903772 -1.3683607336903796 0.6614484444848318
2277 0.23842611286456558 -1.3693293174222596 0.6081022283511557
2278 0.23885091284025453 -1.3370687067542881 0.6757863714894463
2279 0.16001450127245892 -1.354550291733081 0.6695487846989906
2280 0.08022047752773673 -1.3329299205839014 0.7277802524493509
2281 0.08024056719087401 -1.2948359238766334 0.7920754271675643
2282 0.392871567456948 -1.3232565192429455 0.6155169012031021
2283 0.39517968841275447 -1.2898582237102676 0.683735246504914
2284 0.3184858474175916 -1.3149557318998428 0.6810228280036179
2285 0.54179549922753 -1.2627888854607339 0.6160216943738815
2286 0.5445014837769235 -1.2284638434557928 0.6839623596788693
2287 0.47082007695422223 -1.2608690850257986 0.6847979151390368
2288 0.3968118195455575 -1.2529052926465294 0.7506553594551415
2289 0.39751628958892754 -1.2129130602604115 0.8153967706714838
2290 0.3206448380487624 -1.238958347227636 0.8127182691010504
2291 0.08087390144574366 -1.2526872545031928 0.8562971135811196
2292 0.08092096059524824 -1.2089091659985445 0.9168061288923175
2293 0.24138791370444126 -1.2187043101439163 0.8718528325300229
2294 0.24184178058579003 -1.173852532718137 0.9320107521323469
2295 0.16185020671278733 -1.1931542797481236 0.9257926257939865
2296 0.0810888082404539 -1.1621143135050704 0.9755562440212492
2297 0.08115680153792736 -1.1129027608636024 1.031745959325675
2298 0.2404421290022381 -1.3008029602274482 0.7428409168603621
2299 0.24137084627234145 -1.2611681931351086 0.8084921728824626
2300 0.1609101469238693 -1.2799049148930188 0.8014929498273115
2301 0.517668178731047 -1.398965120895623 0.15419508649452723
2302 0.5315239855594766 -1.3667827791159333 0.3106601642354412
2303 0.5253543847174149 -1.3842537052498218 0.23289054262298808
2304 0.449510802789085 -1.4165604483331837 0.22991951824994253
2305 0.3794803741972866 -1.428184332286205 0.305080633115573
2306 0.5402427088559661 -1.3213525282572725 0.4662196291896456
2307 0.5370732905236079 -1.3452966189845825 0.38988313284909454
2308 0.5419439762132812 -1.2937426666725726 0.5419439762132812
2309 0.46782206555138994 -1.325894128836473 0.5420995688134561
2310 0.39251360376795297 -1.3543730917409642 0.5406968267912431
2311 0.3061167461692424 -1.4330347235241414 0.38076916321447807
2312 0.2321373294841726 -1.430224637003169 0.45384679877551387
2313 0.3137209044127948 -1.3802488344631028 0.536760758744841
2314 0.23580317333553608 -1.4015657858970636 0.5319246958114846
2315 0.15645175493262248 -1.4194391872624093 0.5252443309088278
2316 0.461877834985893 -1.378025738224742 0.3877089582309822
2317 0.38903668709088635 -1.382744856789038 0.46345955890080826
2318 0.3845605179958775 -1.407429208254743 0.3845605179958775
2319 1.1136899329177583 -1.009389717865134 0.0
2320 1.1448240466318809 -0.9610416411005958 0.07988234591690019
2321 1.0946800091586915 -1.0148520750614765 0.07982793409721513
2322 1.2116761980532038 -0.8986403141909812 0.0
2323 1.2376343536350587 -0.8460074299285801 0.07990208121135894
2324 1.192720930181188 -0.9045293803732941 0.07983736587239669
2325 1.1722223972471653 -0.9095511532599699 0.1590108174006331
2326 1.1957086856344508 -0.8554019180649655 0.23683318637766657
2327 1.1503526052301207 -0.9133523734325578 0.23700023179756297
2328 1.298612614077591 -0.778358446666494 0.0
2329 1.3199350219057546 -0.7206850327423819 0.07943839816910934
2330 1.2809298639674012 -0.783568829428257 0.07937881311537202
2331 1.3731788843515675 -0.6494652432960317 0.0
2332 1.388845403240109 -0.5889074955182293 0.0794350123029926
2333 1.356071537403736 -0.6555080008813043 0.07937430985082124
2334 1.337347837658468 -0.6610456805397786 0.15798235663655197
2335 1.3508806525148906 -0.5999094042455608 0.2352138516462888
2336 1.3171285533867179 -0.6657081430310715 0.23528884919314377
2337 1.2157398175721341 -0.7974876334021863 0.3146358372637256
2338 1.2314868724318433 -0.7378229035467984 0.3900283201485455
2339 1.1904388665213628 -0.8002881980963553 0.39015066842500734
2340 1.2941989074488425 -0.6702727541075398 0.31345848819582994
2341 1.3055495323533366 -0.6072804409692455 0.3876144071157012
2342 1.270012780543534 -0.6732154632247217 0.38909955037674315
2343 1.2433249265033277 -0.6752694055405869 0.4642689273037588
2344 1.2510475486026928 -0.6102939608558073 0.5367579165105424
2345 1.2142612858112054 -0.6760549109641063 0.538206374847099
2346 1.2607077250018 -0.7894714221534419 0.15849666869593415
2347 1.2795898774683572 -0.730726902418511 0.2365210749016196
2348 1.2389310463687317 -0.7942366919674533 0.23711495164789811
2349 1.4346016547585927 -0.5133086798799081 0.0
2350 1.4483081060587786 -0.44319745956818374 0.07616364799246508
2351 1.4221878878228964 -0.5129804409878016 0.07610907039118796
2352 1.4827850319900018 -0.37141831528034314 0.0
2353 1.4914692200830295 -0.29968511733177533 0.07616220992663367
2354 1.47147329423689 -0.3718172390420507 0.07606848518702496
2355 1.458465992524926 -0.3721390775078812 0.15161467413006835
2356 1.465214729110863 -0.3003974145452079 0.22615515041806833
2357 1.44380794092445 -0.372011817515441 0.22603301307743856
2358 1.518163147095329 -0.225198229668711 0.0
2359 1.5231229784216378 -0.1507474340667853 0.07555385444434172
2360 1.5090232125616347 -0.22476208780842907 0.07540129183306257
2361 1.5413868982323453 -0.07572348258608554 0.0
2362 1.5344868327949766 -0.07556688079753375 0.07556688079753375
2363 1.5254998342179007 -0.07567175734477076 0.15098267765348813
2364 1.5143477479582415 -0.07566734264260147 0.225555152939826
2365 1.468618796521858 -0.22668056649673002 0.3010953143334669
2366 1.4684208494710984 -0.15264953020462957 0.3746791376118937
2367 1.4507829363031397 -0.22712497217875574 0.37380899609746676
2368 1.5002106640155908 -0.07660859371980143 0.30144156031786185
2369 1.4838106521408467 -0.07670627054856687 0.3749346876365233
2370 1.4643270747426445 -0.0770060537533224 0.4480994318735873
2371 1.4417961658306881 -0.07715841684106495 0.5200531092235341
2372 1.4976060776816327 -0.2258570238836816 0.15115380556783647
2373 1.5005794172456925 -0.15145390557213723 0.22630543928139002
2374 1.4841364373858865 -0.2266219059275787 0.2266219059275787
2375 1.2546637191401797 -0.5383094228186889 0.6120580241345516
2376 1.2535963723078802 -0.46810437934359655 0.6808479899915469
2377 1.2207937616375573 -0.5411018143825267 0.6796919472550305
2378 1.3166942784603097 -0.39092325449962434 0.6124644544153942
2379 1.3118683403817393 -0.3177380728118773 0.6794238509036242
2380 1.284051455076642 -0.3934006424857375 0.6806571621774067
2381 1.2480293394070545 -0.3952675401109259 0.7477340209843516
2382 1.237872219308116 -0.3203637460236479 0.812005802854909
2383 1.2089966275371464 -0.3962327303169689 0.8127638972201773
2384 1.3690088732792303 -0.2383703174832496 0.6079599230671316
2385 1.361310684485317 -0.1608131138313702 0.6728904197633898
2386 1.3381955181974432 -0.23905220387371964 0.6763558888318805
2387 1.4120935706912228 -0.08076469123139814 0.5987653386137124
2388 1.3823077935806523 -0.08090998453292472 0.6681902785951089
2389 1.3487069630309905 -0.081169996223008 0.7363945237307823
2390 1.3116724014158379 -0.0812839183076684 0.8023746163489521
2391 1.222594226733194 -0.24215838677338372 0.8746356525860762
2392 1.2026642922352389 -0.1631402305705618 0.9331716375288635
2393 1.1779239159618078 -0.2426805831999621 0.9352433327618455
2394 1.2697354969225587 -0.08197454158739956 0.8679507491736073
2395 1.2254793027206956 -0.08203011868459363 0.9293725013963292
2396 1.1775479679737748 -0.08216572178769997 0.988512282691489
2397 1.1267007446533739 -0.08216299926824934 1.0445377453851246
2398 1.3031329746781564 -0.2408728119359826 0.7441715027552154
2399 1.289151858983344 -0.16207267635465544 0.8072835053674957
2400 1.2644417136625814 -0.24199735463522828 0.8105907159147386
2401 1.4045804834828592 -0.5197460679364534 0.15481401637841358
2402 1.4238602496205834 -0.3783314297151809 0.30415694711268837
2403 1.4162247367309522 -0.4494042729251443 0.22986502947048604
2404 1.385135801601068 -0.5256891594657959 0.2330389488704182
2405 1.363975233159479 -0.5304321675769723 0.3100220286799912
2406 1.4270317652663043 -0.23161909990036797 0.4528336190419349
2407 1.4275602180046667 -0.3049473133641629 0.3793145418773641
2408 1.4220226483635336 -0.15673650614049253 0.5262003058527817
2409 1.3997252236241855 -0.23549351222006545 0.5312261624019406
2410 1.3752336417319293 -0.312580986189252 0.5348104157426072
2411 1.3397523236844249 -0.5348598805748503 0.3882763294196043
2412 1.3141126653864188 -0.5372826485802619 0.4636651510236371
2413 1.3473090776053227 -0.3904663675504317 0.5378767101994109
2414 1.3178908706030368 -0.4649982346613679 0.538827389879188
2415 1.2856856158462866 -0.5385689076823961 0.5385689076823961
2416 1.4013696171195642 -0.38290481873077753 0.38290481873077753
2417 1.3758077671660882 -0.3870849297932805 0.46113442966172824
2418 1.371989420932766 -0.4598546208435379 0.38601063415480164
2419 0.08119688776395664 -1.0322555752906537 1.1134524630546103
2420 0.0811813281678508 -0.9766693247882126 1.1634402515012678
2421 0.24230571605629128 -0.9337986683714492 1.1761043844277406
2422 0.24205404427909707 -0.8742587849219046 1.222067428827007
2423 0.16214603405090536 -0.9274847754285183 1.1953351089340163
2424 0.08106693798068924 -0.9184600015189834 1.2110899779660496
2425 0.08107523566051116 -0.8584288508151171 1.2558057983130757
2426 0.39928427916363435 -0.8190233214004804 1.2183076005641147
2427 0.39903702585113154 -0.7548648183394192 1.2599312243858534
2428 0.32193428634909554 -0.8159865524675287 1.2439407219470857
2429 0.5490562190895887 -0.6896836801986116 1.2387398992882004
2430 0.5471296658328271 -0.6220866438888788 1.2752214846830767
2431 0.4743777029705877 -0.6899724074729486 1.2703965051161592
2432 0.39785315043760217 -0.688360839039598 1.2985843477486194
2433 0.39598500284744936 -0.6203947601839952 1.3337430853856431
2434 0.32041531048316635 -0.6851486263839878 1.3229220466925997
2435 0.08050068153022027 -0.7946430832007026 1.2990333691676146
2436 0.08054512667941714 -0.7307255508176602 1.338324236116583
2437 0.24016183065537008 -0.6794953813611828 1.3444071220313105
2438 0.23997785315197503 -0.6120599187033529 1.3782412752738813
2439 0.160832037451571 -0.672969601880053 1.361470876187068
2440 0.08049037472333224 -0.6647249560247067 1.3751389637580913
2441 0.08058993028008671 -0.5974697130303912 1.4090380421924176
2442 0.24224753918393271 -0.8114287303333294 1.2657489336525378
2443 0.24153317079468642 -0.7462116676052439 1.3067055464307813
2444 0.16145039887538032 -0.804183943145908 1.2842021648877422
2445 0.6888693551153169 -0.548407936022756 1.237277291138073
2446 0.6887899391773908 -0.47356471887469215 1.2682193113996898
2447 0.6216662050703936 -0.5467598868759554 1.274359623044358
2448 0.8173979114170317 -0.39849187113735623 1.215889782554388
2449 0.8147586497080935 -0.3214498371907491 1.2420688305042256
2450 0.753275179103941 -0.3981967099464946 1.2572779862700623
2451 0.6868995150328827 -0.3970085463768991 1.2958275777894837
2452 0.6835329623368884 -0.3196597320913362 1.3198024351139603
2453 0.6191633600847598 -0.39519902591292866 1.3310957848713523
2454 0.9350491360517862 -0.2426301922811479 1.1776793283329343
2455 0.9308957074345454 -0.16274234475254362 1.1997310913684527
2456 0.8745945020734098 -0.24214699352439745 1.2225367052051561
2457 1.0428727215928228 -0.08203202903837213 1.124904750631195
2458 0.9849978724846379 -0.08187360194623707 1.1733614882808407
2459 0.924476985668794 -0.08159802096753328 1.2190240297368011
2460 0.862249911555181 -0.0814361198498993 1.2613956736166867
2461 0.6778713087678729 -0.23958781608834656 1.3411938334335751
2462 0.6714942833172325 -0.16047945318968806 1.3584861897305522
2463 0.6102383923893689 -0.23926366494763102 1.374139548182768
2464 0.7964432430229746 -0.08068304528021043 1.3019761591174714
2465 0.7308509761017301 -0.08055895183632168 1.338553952591263
2466 0.6635430704401554 -0.08034726227852568 1.3726939571379997
2467 0.5954031826741004 -0.08031118554423985 1.4041644564292324
2468 0.8109189870002605 -0.24209535814395328 1.2649537842375014
2469 0.8047001153766127 -0.161554027172421 1.2850264408531797
2470 0.7450327638125616 -0.2411515841973845 1.3046411454149807
2471 0.07727222538509354 -0.5208201867453576 1.4439228129177737
2472 0.07740891182204925 -0.4504436692799146 1.4719877189201132
2473 0.23013854688401397 -0.37876882646940285 1.4700324389787967
2474 0.23003573101656513 -0.3055519130236543 1.4903562474000045
2475 0.1543853058066226 -0.3789396086711279 1.48511824173004
2476 0.07740154354104736 -0.37833313160197124 1.4972600541911683
2477 0.07758337979098175 -0.305277174835829 1.5192997033532312
2478 0.3777715104974336 -0.22953258136485385 1.4661617750586107
2479 0.3773351668610269 -0.15373163373372944 1.478830205997034
2480 0.30507311535778187 -0.22967526666866409 1.4880208698024233
2481 0.5182584550906089 -0.07689215043631155 1.4368206635176513
2482 0.4478661498371972 -0.07696596414874773 1.4635647412567283
2483 0.3760827029502914 -0.07694113804990928 1.4883539430327293
2484 0.3035932984095151 -0.07715543812002634 1.5109194077862338
2485 0.07688194669861645 -0.22917574002598526 1.5386558953392713
2486 0.07708313995009061 -0.15379871275590898 1.5539525093767952
2487 0.22817182469432915 -0.07654516164008644 1.53191573932058
2488 0.15340917271880955 -0.07688790444611372 1.5500166720261013
2489 0.07710597691380286 -0.07710597691380286 1.5657402430177514
2490 0.2301940753145626 -0.2301940753145626 1.5075304103826166
2491 0.22945712085710365 -0.15356315440538357 1.5214774942748877
2492 0.15387186832474609 -0.22991840733809393 1.5245361790375065
2493 0.5481398898147536 -0.5481398898147536 1.3085337117566997
2494 0.5448224478837035 -0.39550855828320836 1.364707219698598
2495 0.547250238617244 -0.47226699988671017 1.3384918936112458
2496 0.47262870075922847 -0.5476693678150096 1.3395170206810898
2497 0.39613680809278956 -0.5456878769419881 1.3668750035125095
2498 0.5342606765611551 -0.23683871779880392 1.4077208501778402
2499 0.5399172912071429 -0.3155658049625247 1.388365672702592
2500 0.5269139660054636 -0.15694908032119695 1.4239512692500298
2501 0.45646874997940745 -0.23347842685921594 1.4384872913150342
2502 0.3844741002433872 -0.3090953047753992 1.446978351117499
2503 0.3163413757306677 -0.5412442539568774 1.3917778796474134
2504 0.23762189027842492 -0.536027356699923 1.412375867056392
2505 0.30946991573590377 -0.38494006724371405 1.44873203013354
2506 0.2342286724865737 -0.4579355393881952 1.4431096404324093
2507 0.15759888570057215 -0.5290955113122444 1.4298467558169672
2508 0.4679120854462623 -0.39277422177575927 1.3960290971552203
2509 0.3891302077534937 -0.3891302077534937 1.4241535326108914
2510 0.39314194680722103 -0.4683501564213995 1.3973360944458064
2511 1.04659738107583 -1.04659738107583 0.15910290689504644
2512 1.10182653383553 -0.9444407701334977 0.31655865359186813
2513 1.076284215621335 -0.9969104012416812 0.238550504018128
2514 0.996381288578021 -1.075712975109175 0.23842389274750497
2515 0.9443474141953307 -1.101717620653236 0.3165273624500353
2516 1.1408178092411607 -0.8283703649222584 0.47285368651848736
2517 1.1237189245967891 -0.8870007817661681 0.396901335150331
2518 1.1617224394624066 -0.7018137839082382 0.6211787411235482
2519 1.1535761850957176 -0.7663288467885487 0.5481103785710775
2520 1.0871340131261267 -0.853555479881454 0.5550011582020001
2521 1.0297308776418823 -0.875268956988473 0.6349999448767851
2522 1.015823294272331 -0.9361942338417122 0.558724790421478
2523 0.887951099517783 -1.1249228581939428 0.39732656857986864
2524 0.8304926697381336 -1.1437406119307716 0.47406514904611746
2525 0.9370154712774132 -1.0167143829878538 0.5592149084948029
2526 0.8769624849892113 -1.0317232687356 0.6362285845749371
2527 0.8557251387394753 -1.0898974069499974 0.5564119196668229
2528 0.7694530847589107 -1.1582791876438858 0.5503449639763608
2529 0.7055077471628192 -1.1678371099088871 0.6244482856905688
2530 1.0507055094531719 -0.9713278085032724 0.3986416006455896
2531 0.9956449621672047 -0.9956449621672047 0.4800709560313271
2532 0.9716653253399427 -1.0510706084410915 0.3987801205673268
2533 1.1631412423942302 -0.5526551214711806 0.7726829822359855
2534 1.1652986384667412 -0.6230909524401755 0.7039742188537854
2535 1.1438352194722958 -0.40400647872280504 0.9028794582663575
2536 1.1560061518795954 -0.47914905090578336 0.8393989207810887
2537 1.098897021750529 -0.5610063823341292 0.8627911218078615
2538 1.0287924291923807 -0.5658580952305031 0.948146735225098
2539 1.038259442588626 -0.6402592202745109 0.8825182182349062
2540 1.1036053313545051 -0.24460602897509565 1.0222166391782854
2541 1.1261583907892443 -0.3235492820076179 0.9652970456128592
2542 1.075759002555256 -0.16353603355009347 1.075759002555256
2543 1.0221077812410586 -0.2445799803795955 1.1034878061692563
2544 0.9663580020943018 -0.3239048945202348 1.1273961497249718
2545 0.9501858391471777 -0.5670750413196032 1.0310049714070348
2546 0.8681812437575424 -0.5645111620414054 1.1057621699974942
2547 0.8868144316895277 -0.643376085422168 1.043313824576976
2548 0.9060243236950335 -0.40541369426665635 1.147819370185756
2549 0.8449129393930358 -0.4822965850747966 1.1635999660711338
2550 0.7804972287880465 -0.5582441967798382 1.174904245659343
2551 0.7136226416544987 -0.6316308176673858 1.1812698113476587
2552 1.071330690238267 -0.4064668713877732 0.9903948177382356
2553 0.9915419580830568 -0.4069376680222578 1.0725715758279393
2554 1.01245888210953 -0.4881781377357133 1.01245888210953
2555 0.6267635180963941 -1.172167035034066 0.7081235192551164
2556 0.5557496217153887 -1.169654057925652 0.7770094918155215
2557 0.6428563257571049 -1.0424709700533081 0.8860980072180065
2558 0.5679732948510579 -1.032638095401275 0.9516909446858841
2559 0.5636254007655851 -1.1040271444102077 0.8668190008510727
2560 0.4812871210673551 -1.1611645097126224 0.8431445063828651
2561 0.4050355358243872 -1.1467487166997632 0.9051792097984093
2562 0.6447790356303568 -0.8887482251887798 1.0455888817022903
2563 0.5657968739224217 -0.8701585845348941 1.1082806172048145
2564 0.5687290233225335 -0.952957236515913 1.034012093116484
2565 0.632079738773837 -0.7141298370872095 1.1821093792343018
2566 0.5592095405853353 -0.7818469036603773 1.1769359488855333
2567 0.48335927962393344 -0.8467746245116415 1.1661638476734217
2568 0.4061534788928877 -0.907677604960911 1.149913870533826
2569 0.32350007479041565 -1.125987118208462 0.9651502377414483
2570 0.2438105769456033 -1.1000164373919858 1.0188924189878747
2571 0.32399368280310037 -0.9666228985780875 1.127705189723863
2572 0.2439677839112766 -1.0195493920673173 1.1007257185416373
2573 0.16244269412802947 -1.068566888984924 1.068566888984924
2574 0.48962078234466366 -1.015450860314113 1.015450860314113
2575 0.4076595783686781 -0.9933009606397109 1.0744743255085714
2576 0.4072792762500024 -1.0734719576405365 0.9923743187064449
2577 1.1046907422928214 -0.7140932339504124 0.7140932339504124
2578 0.9716412079602283 -0.7291962667474065 0.8902057465196407
2579 1.0410167299885174 -0.723410790472484 0.804523943124002
2580 1.0381018992665347 -0.802271288542731 0.7213852514624566
2581 0.9666622479843449 -0.8856440845132222 0.7254596621273525
2582 0.8112308657670688 -0.72944151243213 1.0496951773334902
2583 0.8927895436005396 -0.731312738352752 0.974461369171975
2584 0.723635261150723 -0.723635261150723 1.1194521048288815
2585 0.7300240818606102 -0.811878756370744 1.0505335177749309
2586 0.7325566336033075 -0.8943080959445502 0.9761188377287146
2587 0.886593713517313 -0.9676987484520808 0.7262375339028216
2588 0.8047140292524605 -1.0412626926370565 0.723581711869692
2589 0.7312096731926605 -0.9743240366577857 0.8926637212369821
2590 0.7261738504348876 -1.044992882521361 0.8075968139262044
2591 0.7174842160259265 -1.1099365369986167 0.7174842160259265
2592 0.8965917180006246 -0.8150833800005677 0.8965917180006246
2593 0.8158762155012096 -0.8974638370513308 0.8974638370513308
2594 0.8944654407484554 -0.8944654407484554 0.8131504006804137
2595 0.0 -1.5710300215014006 -0.07717975584962222
2596 0.0766415117483079 -1.5563086550889926 -0.0766415117483079
2597 0.0 -1.572066779717186 -0.23319407824557845
2598 0.0777193842627749 -1.5554157238868247 -0.23167203963509783
2599 0.0772580089952937 -1.5574777704362384 -0.15414761699191315
2600 0.152298960753089 -1.5387993046037245 -0.07633147180246914
2601 0.22623419922313012 -1.518906775745806 -0.07589514336947144
2602 0.0 -1.5587727059813223 -0.390452236750437
2603 0.07962663419556676 -1.5403023399331726 -0.38920921335576936
2604 0.07912729170338477 -1.5495338194337227 -0.311352201060306
2605 0.0 -1.5289394019479752 -0.5470632655601924
2606 0.08078467123193141 -1.509557012814466 -0.5444943166512364
2607 0.08030251969793864 -1.527011813128688 -0.4672816187923584
2608 0.15798707857988986 -1.5197657000499776 -0.38778018036992534
2609 0.23445352498730457 -1.497594782928579 -0.3858705450409041
2610 0.2327131138440509 -1.5077024840302504 -0.3091082276936394
2611 0.30063282080285114 -1.4961857391062638 -0.07640306002741584
2612 0.3719130870654928 -1.4718526144834816 -0.07608809432072244
2613 0.3056721046963877 -1.4909424928224964 -0.23012621770023778
2614 0.3777078174105136 -1.4659145770386894 -0.22949388167933077
2615 0.37512997259133013 -1.4701877359000968 -0.15283320669179515
2616 0.44229044596863293 -1.4453441108458662 -0.0760077773685949
2617 0.5110917588324172 -1.416951702053001 -0.07582885338557672
2618 0.15503485150703528 -1.5360588176868932 -0.2316561599496928
2619 0.23124752507728863 -1.5144294044203634 -0.23124752507728863
2620 0.22895774078153514 -1.5181662196313783 -0.15322894651780505
2621 0.0 -1.479877442376165 -0.6999299028800624
2622 0.08524318203660208 -1.4563383686083857 -0.7039757315760273
2623 0.08486765568240309 -1.483829989585453 -0.6291834936437032
2624 0.0 -1.4094097781320991 -0.8447677111181381
2625 0.08586072131696605 -1.3855279231352715 -0.8475534245947584
2626 0.08566984032345605 -1.4234756134342037 -0.7772182357845344
2627 0.16910414836161664 -1.4314957186691366 -0.7075826010937035
2628 0.25112327854249306 -1.405768448962442 -0.7105088575326713
2629 0.24963194530201954 -1.4336866761795333 -0.6366825360778358
2630 0.0 -1.3169596050885888 -0.9767238105321555
2631 0.0865040419122892 -1.292316952177029 -0.9800604839063374
2632 0.08656693911650985 -1.3408689250061272 -0.9165752952669153
2633 0.0 -1.2041780089933445 -1.0914033294462309
2634 0.0860860231603019 -1.180497149115652 -1.0944111259553502
2635 0.08642002012421793 -1.2385179229905985 -1.0396945283820698
2636 0.1718936368728181 -1.2671941090580565 -0.9832416323085936
2637 0.2558750827696007 -1.2419674269724055 -0.9860923442028047
2638 0.25547230724752157 -1.2898127217180426 -0.9227233099145589
2639 0.333771976844092 -1.3780686886322158 -0.7137093764819088
2640 0.41364238313327734 -1.35012007247271 -0.7156791836454705
2641 0.4093459361415704 -1.3787449219885253 -0.6413275049779537
2642 0.33815482562734794 -1.3066162125541365 -0.8570997314175738
2643 0.41918722474382925 -1.279036036766904 -0.8598488120230746
2644 0.4170488203821272 -1.3168021934103926 -0.7889380223926178
2645 0.4931775752358124 -1.3207430788965302 -0.7173164269025998
2646 0.5718482981495713 -1.290161696797655 -0.7183133986480836
2647 0.5656876043456331 -1.3184753664972437 -0.6431870272310154
2648 0.17094971996404906 -1.3597612764911042 -0.8515000324433476
2649 0.25518519962177416 -1.3333485053894572 -0.8547645240339645
2650 0.25362886643584015 -1.3721438153452798 -0.7835810657112428
2651 0.5864061051126027 -1.3829462686680378 -0.07909761130341679
2652 0.6526786029597275 -1.3502182663768665 -0.07903170303745424
2653 0.6081084832668249 -1.3693434022899094 -0.23842856530621068
2654 0.6753562639357861 -1.336217722812025 -0.23869889500422625
2655 0.6645019992767655 -1.3443402445756323 -0.1588083772814647
2656 0.7180683933538189 -1.3151426454697963 -0.07914997585954274
2657 0.7817884047098381 -1.2780193357448424 -0.07919844861428221
2658 0.6258872901084054 -1.3455510893826195 -0.39949076984830567
2659 0.6953012893172181 -1.3116774227547743 -0.4018645349496253
2660 0.6862373533608308 -1.3250242196592101 -0.3209244624815548
2661 0.6388067410371456 -1.309496175064095 -0.5618351112161839
2662 0.7101697653946522 -1.2755349284314805 -0.5653651630368284
2663 0.7034468712327216 -1.2952060648656931 -0.48364182005395406
2664 0.7642151314917182 -1.2755376630648778 -0.4039797931657852
2665 0.8318296291663877 -1.2373571461371147 -0.4055275169707268
2666 0.8206334724182935 -1.2510247761400184 -0.3237676533985241
2667 0.845876637812554 -1.2374430162894847 -0.0798897284093541
2668 0.906662707083958 -1.1955339548036423 -0.08002566178496766
2669 0.8738030854021428 -1.2214304371832998 -0.2419278757879858
2670 0.9361169526197719 -1.1790242261036312 -0.24290727348385918
2671 0.9219163485721832 -1.188158564046977 -0.16117254278228574
2672 0.9661386949119 -1.1508958228386592 -0.08030601602472755
2673 1.0234601312590692 -1.1039651722566224 -0.08050504099755323
2674 0.7425826769141181 -1.3003507513104395 -0.2403585421116145
2675 0.8090201384381073 -1.2619917674233743 -0.24152846745562917
2676 0.7959296977005778 -1.2710209518571254 -0.1597932516133365
2677 0.16372906322450498 -1.485463991980875 -0.5496759195876076
2678 0.32568730511854815 -1.4328963003938457 -0.55723467116801
2679 0.2455951929743886 -1.4597675458925452 -0.5540135294522648
2680 0.24038532334255855 -1.4810414705056787 -0.46997227767744887
2681 0.31424979651936363 -1.4711082484316949 -0.39088561327789517
2682 0.4847798618039749 -1.3739556550981873 -0.5617498049042181
2683 0.4067981727682567 -1.4036621754705716 -0.5603741604082223
2684 0.5623611865744964 -1.3424831589339683 -0.5623611865744964
2685 0.5571586239742533 -1.3627263160806513 -0.48081775618806843
2686 0.5506321400363492 -1.3792597199777978 -0.39972604780899357
2687 0.3868171588627159 -1.4557965136294126 -0.31097899061428813
2688 0.45567545219303557 -1.4359873419012446 -0.23307266431971818
2689 0.5418209773569462 -1.3932608900720471 -0.3166784536256478
2690 0.532733947091197 -1.4036980781458905 -0.23616191588177365
2691 0.5223489809866702 -1.4116146894077886 -0.15558933234220287
2692 0.40095956708818 -1.4251220966263676 -0.4776632905480553
2693 0.4731813957416178 -1.4117502352131106 -0.39719738013162725
2694 0.39413594127256985 -1.4424737065075866 -0.39413594127256985
2695 0.0 -1.07479554375173 -1.1858541412060444
2696 0.08448893503421305 -1.0164621963479832 -1.2108428137814915
2697 0.08523928104919418 -1.08364649828187 -1.1688857793310643
2698 0.0 -0.9337949548182947 -1.259076743773855
2699 0.08260131630488167 -0.8745870727817322 -1.2794438538337367
2700 0.08352521368018777 -0.946311403816099 -1.247815098426987
2701 0.16754107765907345 -0.9583447396492768 -1.2351071889409115
2702 0.24935498294834954 -0.9006285561388245 -1.2589279546411074
2703 0.25156896694381237 -0.9694974190420619 -1.2210663859858744
2704 0.0 -0.7863193503312033 -1.311894579427519
2705 0.07996071016695096 -0.7254235779288657 -1.328613669942502
2706 0.08098277087174612 -0.7994019119888102 -1.3068128081693455
2707 0.0 -0.6367762659176799 -1.3463502957860891
2708 0.07773910184308498 -0.5763345210500207 -1.3591940268726532
2709 0.07878709340043064 -0.6506585088705568 -1.3460392295176387
2710 0.15888383416230345 -0.6648177335537278 -1.3449790000580453
2711 0.23696952475515504 -0.6043872222032113 -1.3609638377453022
2712 0.23994852658490606 -0.6788918752573597 -1.3432130625477217
2713 0.3320752319548708 -0.8416901683745474 -1.2831249149112212
2714 0.41388946358502576 -0.7829614158618665 -1.3068267474748845
2715 0.41689796582648625 -0.8551530187252385 -1.2720509845517247
2716 0.324608749303007 -0.694115516395912 -1.3402358031977377
2717 0.40371362047850495 -0.6325032841111493 -1.3597743498297188
2718 0.4093711847676572 -0.7082892064957885 -1.3361789704916824
2719 0.49665143859110333 -0.7223690882049181 -1.3300461802821497
2720 0.5798586645993589 -0.6592995282780357 -1.3515045396984116
2721 0.5855376344179112 -0.7355089270635162 -1.3210465614814275
2722 0.1634436563225961 -0.8141123523958859 -1.3000568518177444
2723 0.24405219688733892 -0.7539941459089681 -1.32033359327852
2724 0.24730250045947463 -0.8283607529392754 -1.2921612219495677
2725 0.0 -0.4883967591557429 -1.3649775005314255
2726 0.07227766356448073 -0.420584855369202 -1.374413237635135
2727 0.07326912499737277 -0.49383901102403127 -1.3691201533149997
2728 0.0 -0.3432308720022663 -1.3702544505315932
2729 0.07024178310148241 -0.27638926221598004 -1.375530693772239
2730 0.07115665138330808 -0.34780855161990487 -1.3764584894839202
2731 0.14372828934756662 -0.35278190133300374 -1.382602464965731
2732 0.2144139102159598 -0.2848017573437354 -1.389145543640818
2733 0.2174004252838001 -0.3578040492286341 -1.388666443505608
2734 0.0 -0.20238275391816857 -1.3643537032161472
2735 0.06773422882952784 -0.13514547033554403 -1.3654837481775821
2736 0.06853855124040807 -0.20430509209663517 -1.371677623323817
2737 0.0 -0.0662776138883837 -1.3491118237663955
2738 0.06614487447018054 0.0 -1.3464098508366014
2739 0.06682431313273439 -0.06682431313273439 -1.3569572745431613
2740 0.1350614502550558 -0.06769211838850503 -1.364634825500837
2741 0.20191353976364038 0.0 -1.3611905183254485
2742 0.20434729379265837 -0.06855270870988489 -1.3719609599822786
2743 0.2856782639546364 -0.2150737910099768 -1.3934207814899837
2744 0.35576620389651464 -0.14494413602430442 -1.394298371317284
2745 0.360700270683912 -0.2191601587956228 -1.3999069131329809
2746 0.277114733982005 -0.07042615506306589 -1.3791412127686413
2747 0.34405965900982216 0.0 -1.3735631537348374
2748 0.3500590616037736 -0.07161707351384788 -1.385364922515934
2749 0.42553489030674635 -0.0731283289065178 -1.3905892683648795
2750 0.4941371393954327 0.0 -1.3810207885442625
2751 0.5028738538997926 -0.07460959226953724 -1.3941683677879493
2752 0.13919266440492753 -0.20798444875956534 -1.379097134858217
2753 0.20820474852988488 -0.13934009904334135 -1.3805578920632366
2754 0.21169883089403224 -0.21169883089403224 -1.38640590544778
2755 0.6685948566889065 -0.5880339726166688 -1.3705591241573005
2756 0.7509295414341048 -0.5162876473031042 -1.3826324860154193
2757 0.7563651938122677 -0.6021412793846816 -1.3585064731969496
2758 0.6535595633047206 -0.41715340319676997 -1.4050417643547002
2759 0.7288929095026496 -0.3408726791730864 -1.4073858758910365
2760 0.7415269393338884 -0.4285816569111497 -1.3988815490962792
2761 0.8308550213199019 -0.43920700576602684 -1.3867650986855549
2762 0.9059014157367534 -0.35740874024937125 -1.3810125396022466
2763 0.91934396097788 -0.44819186605676775 -1.3675358270346478
2764 0.6269559495362127 -0.2458183229989932 -1.4117842731148333
2765 0.6939477967493339 -0.16584558607762606 -1.4039114281372786
2766 0.7120672514553742 -0.25167407954515597 -1.4088517898446347
2767 0.5919117700587561 -0.07984024502104164 -1.3959305106932074
2768 0.6521603791747754 0.0 -1.3788772703966268
2769 0.6736427888656389 -0.081570219402821 -1.393587585704206
2770 0.7572367409857026 -0.08346735537132165 -1.3868794950513297
2771 0.8153696915536545 0.0 -1.3603621456449866
2772 0.8409735713490578 -0.08519415455026844 -1.374771585968197
2773 0.9756181515521295 -0.27011718192386813 -1.3637508556356925
2774 1.0360310556018901 -0.18112246289089243 -1.3352287040342408
2775 1.0587202425453088 -0.27472085275151265 -1.3334410952968216
2776 0.9267392692355735 -0.08752688656465746 -1.3557379236792548
2777 0.977569902679207 0.0 -1.3181004282853146
2778 1.0084384171249934 -0.08900879132810727 -1.3297363612527262
2779 1.0876553840858663 -0.09040655463214378 -1.2956504535268074
2780 1.1298715662646786 0.0 -1.2466211677887522
2781 1.162134189744103 -0.09141309732789679 -1.253547287072
2782 0.7999283776068176 -0.2589201507289138 -1.400769906373492
2783 0.8664624233621612 -0.17395361478507954 -1.3836547339191037
2784 0.8885663239915491 -0.265276539198016 -1.3860759855148816
2785 0.15126561110726244 -0.5078332597148915 -1.3723868817151479
2786 0.29791683262725466 -0.3705695440924077 -1.3946481896849643
2787 0.2246969466820657 -0.4393002632230282 -1.3843835875866275
2788 0.2313767069087758 -0.5219394747719704 -1.3752557756948631
2789 0.31312660971070333 -0.5357439502672237 -1.3776341710525637
2790 0.4462297155797166 -0.2282412805172044 -1.4062206337180854
2791 0.37264247215411755 -0.2995833488649051 -1.4024497087647132
2792 0.5197386223691186 -0.15481179860659305 -1.4045603623136729
2793 0.5353527930290071 -0.23732285499115335 -1.4105984625308838
2794 0.5489081358079809 -0.3208206896642407 -1.4114851026888005
2795 0.39966945374841706 -0.5505541803715753 -1.3790644414649988
2796 0.4865973703113905 -0.5638558846527728 -1.3791068098566794
2797 0.5614612933579508 -0.4075873663620219 -1.40638529782177
2798 0.5703372429480152 -0.4921906646058236 -1.3949592388290122
2799 0.5766767962428936 -0.5766767962428936 -1.3766577523243135
2800 0.38257556740209137 -0.38257556740209137 -1.400164610585704
2801 0.47072559061645963 -0.39513593103281425 -1.4044232703444983
2802 0.39178267596308664 -0.4667308565282198 -1.3925048668750475
2803 1.1075775151473937 -1.026809049342766 -0.08076846580462782
2804 1.159417202281331 -0.9732921090178664 -0.0809006120085657
2805 1.1972643881240896 -0.9505992037116859 -0.24666518441240357
2806 1.2475992493435113 -0.8925240768813083 -0.24711111418215453
2807 1.2041453727814313 -0.9343208379894788 -0.1633411376926568
2808 1.208967499827476 -0.9168503677924684 -0.08092486529678009
2809 1.2554511701781774 -0.8581864383157355 -0.08105234075140395
2810 1.2821167957615993 -0.8619198928101446 -0.42019690295145445
2811 1.3306373363637007 -0.7972270960102984 -0.421430594711916
2812 1.2904565003474333 -0.8464994611476404 -0.3339726605731091
2813 1.3566166057228202 -0.7553129868434003 -0.6013036188794197
2814 1.4002628016185616 -0.6830850932830821 -0.6007782396468191
2815 1.367888011416982 -0.7429215843949935 -0.510781925299504
2816 1.3750120906684389 -0.7288740835842442 -0.42126866314896555
2817 1.4143529430263662 -0.6578906871338412 -0.41991786897223576
2818 1.3787562070744719 -0.7140654460761099 -0.3339384956769206
2819 1.3000488701596593 -0.7952642842094413 -0.08056361180121602
2820 1.3402143763082297 -0.7317575680937363 -0.0806588820587711
2821 1.3803685846598261 -0.6976711611250899 -0.24658590455112547
2822 1.4160432125635771 -0.6288472919154652 -0.24655988484592795
2823 1.3795816838613366 -0.6819217015859332 -0.16297148688753968
2824 1.3771840940066653 -0.6657135463783921 -0.08061008138891597
2825 1.4104606109689268 -0.598072920135676 -0.08067129410071085
2826 1.2955588837668621 -0.8305388787438561 -0.24795276781687517
2827 1.3400851206068232 -0.7652735195870414 -0.24770309516099653
2828 1.2987229442235904 -0.8132770422724578 -0.16327595693769598
2829 1.4069645212816737 -0.6236197129776809 -0.7833448083039928
2830 1.4426207923553924 -0.5386878309088128 -0.7835101381052454
2831 1.4270912013287773 -0.6122888780297097 -0.6961726936231792
2832 1.4146792851576426 -0.4636425138941489 -0.9510367712634935
2833 1.4369781966313833 -0.37189276150364114 -0.9426131518589574
2834 1.4464832048157255 -0.4581205265982937 -0.8666340356526079
2835 1.4704602542030556 -0.4505115480116759 -0.7794697788499292
2836 1.4901831647061736 -0.3609264072587225 -0.7717740821626977
2837 1.487309332495684 -0.4415784394436427 -0.6918265794692234
2838 1.3669204900840275 -0.2816184111948411 -1.0853020788891863
2839 1.3749125044928419 -0.1865055314649996 -1.0668225219291187
2840 1.4127539512871599 -0.2798231909417324 -1.0106746352215983
2841 1.2655143772701916 -0.09228577982843032 -1.1732285974417613
2842 1.262944927776668 0.0 -1.1446665599174741
2843 1.3241756782886698 -0.0923969582041934 -1.1116013598002623
2844 1.3756008254156087 -0.09207882884757733 -1.0432208664814437
2845 1.3698888664465712 0.0 -1.0159788261320783
2846 1.4190424706715563 -0.09161384895380806 -0.970012241536682
2847 1.502699578325126 -0.26843883503855015 -0.7595001590757267
2848 1.5077551650400391 -0.1781127598194763 -0.7452773400421759
2849 1.5181314099787664 -0.264335369361862 -0.674183398830487
2850 1.455771414022187 -0.09021368793327542 -0.8905226858146806
2851 1.4482857939088782 0.0 -0.868069098248194
2852 1.4843927402747028 -0.08933605032392017 -0.8104790106128513
2853 1.5067171887681998 -0.0881919822812704 -0.7283282224136006
2854 1.5004099478797275 0.0 -0.7096410547440423
2855 1.523351612977684 -0.08712809491708828 -0.6459417161185985
2856 1.4506792165011624 -0.2776407398018411 -0.9299812652179729
2857 1.4566867686087581 -0.18313523077492333 -0.912196024533772
2858 1.4805040367433173 -0.27365831219259207 -0.8454616184741571
2859 1.4429483188745291 -0.5204686886146789 -0.0772200748666085
2860 1.468690303725917 -0.4494346256716549 -0.07723550730329722
2861 1.5035248369447827 -0.3873984838407975 -0.23538189498652776
2862 1.5212203180219162 -0.31187964563032083 -0.23479958466568046
2863 1.4979089285847136 -0.3822032530969743 -0.15571496027186923
2864 1.490995887595344 -0.3767502791386061 -0.07707771458283945
2865 1.509751055161217 -0.30335853802103485 -0.07709577593142958
2866 1.5383011818258383 -0.24082624931820718 -0.39635896320861547
2867 1.5457118748803749 -0.16068431037137113 -0.3944005510989859
2868 1.537733183403497 -0.23734833706354294 -0.31526510304404076
2869 1.5362746679308195 -0.08221447942489167 -0.5541313235622767
2870 1.5316198502331764 0.0 -0.548022345292325
2871 1.5440608842015358 -0.08119909649838511 -0.4724988132248646
2872 1.548827549853743 -0.08006734882293993 -0.3913633944933647
2873 1.547932869735811 0.0 -0.3877369991203273
2874 1.5511025169213095 -0.07920739759209651 -0.3116674038712626
2875 1.5254106459710026 -0.22720292086934574 -0.07622012194687976
2876 1.537484121346635 -0.15216879365289906 -0.07626623270767409
2877 1.5513570836476964 -0.07751658637698464 -0.23106752378258075
2878 1.5540130081740215 0.0 -0.23051605421493143
2879 1.5497467982592192 -0.07687451747500881 -0.15338246261171004
2880 1.5464297781597585 -0.07615501952213141 -0.07615501952213141
2881 1.552273527107784 0.0 -0.07625830836734517
2882 1.535140522473421 -0.23441003286891873 -0.23441003286891873
2883 1.5451428033813006 -0.15595170075591056 -0.23302613434049982
2884 1.5309846169320414 -0.23089090939538595 -0.15452271098774842
2885 1.439747697409316 -0.6031049388551964 -0.6031049388551964
2886 1.4981259705162608 -0.4341749161819337 -0.5980862757325213
2887 1.472549465271469 -0.5195672244769829 -0.602060460800639
2888 1.4473366869345226 -0.5917520689254582 -0.5106712698277001
2889 1.450887556820853 -0.579227616664711 -0.42048465600995133
2890 1.5293124383098657 -0.2572956115250502 -0.5804073285279526
2891 1.517300920846024 -0.34487188488685944 -0.5900585265368895
2892 1.5354393810992344 -0.1692373917257686 -0.5681686384408939
2893 1.535659975500087 -0.24925036003804363 -0.48730412402122136
2894 1.5254182400364351 -0.32585118875474295 -0.40531622665945144
2895 1.4518585407202034 -0.5646088389636574 -0.32999728969259184
2896 1.4503734973090847 -0.5504482837210434 -0.24401471313624074
2897 1.5059698912834132 -0.40014863974824233 -0.321696742849902
2898 1.4796066697781693 -0.46951697876830323 -0.2401524432756036
2899 1.4473407942842647 -0.5355689443498166 -0.1595270930120429
2900 1.504405845343132 -0.42326613130317325 -0.5042371093027326
2901 1.5066929046037787 -0.4116829467917857 -0.4116829467917857
2902 1.4818214919047705 -0.49666743046342104 -0.41691200024377256
2903 0.17096156617699515 -1.1246050177040239 -1.1246050177040239
2904 0.33956707494277033 -1.013085525011114 -1.1819105525740503
2905 0.2557056676832634 -1.0686023943614158 -1.1536843114424815
2906 0.2571600893447587 -1.1602463226340662 -1.0746804703147816
2907 0.3418286282715666 -1.1897822042792807 -1.0198327838312764
2908 0.513204053571322 -0.8990582948957022 -1.2381680439030018
2909 0.4275868769502192 -0.95557726956032 -1.2105967478194792
2910 0.6895435371266357 -0.7790529954148323 -1.289577615965075
2911 0.6010620516203616 -0.8403621001802652 -1.2650205061280508
2912 0.6102713560000396 -0.9385574289899603 -1.1953970519513328
2913 0.7049876048226729 -0.9717382978398136 -1.1432245166282047
2914 0.6131548838355977 -1.0273968088399053 -1.114783207537988
2915 0.42858400008237857 -1.2134198326381191 -0.9578056546006662
2916 0.509670982944751 -1.2296440754810252 -0.8928688729081585
2917 0.6099896659927537 -1.10902849238783 -1.0220931982893728
2918 0.6940676700943562 -1.1255164930885122 -0.9566865171945561
2919 0.601604201921982 -1.1784198657670983 -0.9252279129178329
2920 0.5886230362056382 -1.2388408304469003 -0.8229707558258654
2921 0.6634767812488908 -1.2408278226730634 -0.7496025210736089
2922 0.43117800730846084 -1.0506058279805093 -1.136462193359528
2923 0.522222734418522 -1.0830658012542924 -1.0830658012542924
2924 0.4314643579036179 -1.1372169318200391 -1.0513035481773154
2925 0.8808570219197349 -0.6300257099477785 -1.3259786411789904
2926 0.7932026323886656 -0.7020674485747901 -1.312999713335705
2927 1.0440616550867694 -0.4671804956677534 -1.3226953846993752
2928 0.9656684230992988 -0.5512267135001278 -1.3299023981826017
2929 1.0020388382529302 -0.6515484100353985 -1.276250377643225
2930 1.1136420888986087 -0.6646264420697281 -1.2083641775308929
2931 1.0268325445224735 -0.7449579971542929 -1.2080414469404048
2932 1.1767747628888432 -0.2815902135771694 -1.2704693431438605
2933 1.116533355684444 -0.37424082795146346 -1.3025973847271015
2934 1.2266156151123488 -0.1864691365906353 -1.2266156151123488
2935 1.281127475650298 -0.283952510491312 -1.1866468793793241
2936 1.3226465066607827 -0.38000101147412013 -1.1337186453630574
2937 1.2148314548647476 -0.6681835845307542 -1.1196024048145252
2938 1.296315438785435 -0.6617919789412208 -1.017792777220253
2939 1.218367853996102 -0.751325940520388 -1.0356099675650619
2940 1.3503943651518868 -0.47696386950196157 -1.0659256788899811
2941 1.362472102496099 -0.5647264192626967 -0.9893179292947957
2942 1.3603955180344023 -0.646378550485041 -0.903720397474322
2943 1.3459459486154264 -0.7196839637255934 -0.8131059425613539
2944 1.162072310027033 -0.4769248462565082 -1.2570378072566677
2945 1.265856409534152 -0.4802706569482051 -1.1702246929232727
2946 1.1953034941771061 -0.5763404757737551 -1.1953034941771061
2947 0.7456121890621056 -1.2342225687653194 -0.6599449192758082
2948 0.8112481179841289 -1.2211944167729274 -0.5802385163063647
2949 0.9497524248078061 -1.1173587160051968 -0.6890370469376678
2950 1.0108380928482068 -1.096816071211392 -0.6032725701151367
2951 0.912144196913003 -1.1617557437244295 -0.593096872630071
2952 0.8725527946869425 -1.2016651124107143 -0.4980740778775333
2953 0.9285858238095452 -1.1764019657901112 -0.41550916396919
2954 1.1458122377215934 -0.9739378550169024 -0.7065833642461654
2955 1.1999406471940803 -0.9421248002348893 -0.6125909418024142
2956 1.10943219692139 -1.0224652569521595 -0.6102117122208501
2957 1.3165696358225984 -0.7953592755967843 -0.7039763038064608
2958 1.2834682064220926 -0.8526170384105136 -0.6098272949762601
2959 1.245223013266343 -0.9041810476250919 -0.5161282437835609
2960 1.2041347583220035 -0.9504765369744711 -0.4253044803445058
2961 0.981357553472636 -1.1448952923148685 -0.32893245997374265
2962 1.027755269449117 -1.1095849463020808 -0.24593136677980837
2963 1.1597865168846593 -0.9941217038802023 -0.3332107613718199
2964 1.1155173163275494 -1.0332501390166222 -0.24724623309398222
2965 1.0699178115419319 -1.0699178115419319 -0.1626480603077051
2966 1.0677295724930138 -1.0677295724930138 -0.5148280522947694
2967 1.117425403834006 -1.033007211732283 -0.4239553781518317
2968 1.024684666809089 -1.1084227337499009 -0.4205397314457632
2969 0.8076334274678265 -0.8076334274678265 -1.2493959164888033
2970 1.0284146362443274 -0.8424076303142691 -1.1224933599351579
2971 0.9225609038659343 -0.8295471109699459 -1.1937510916436933
2972 0.8136542355913896 -0.9048860240666111 -1.1708806155952314
2973 0.8115907429068965 -0.9907932556765704 -1.08143039915008
2974 1.2050267392642302 -0.8373826480206826 -0.9312750082829223
2975 1.1261493696013112 -0.8451513885842049 -1.0317642274179801
2976 1.2686932541540596 -0.8201075957870205 -0.8201075957870205
2977 1.1795448862905717 -0.9115819906378554 -0.8196751060846552
2978 1.0830793619450405 -0.9923040151460585 -0.8128282547623423
2979 0.802075792622726 -1.0687518951458963 -0.9791773659537677
2980 0.7872339592195964 -1.1328607932810062 -0.8755033479923741
2981 0.9772627290777509 -1.0666621084934382 -0.8005074517446462
2982 0.8733523702714837 -1.1300775277083441 -0.7852998458763493
2983 0.76791063752538 -1.1879453996358313 -0.76791063752538
2984 1.0216667746699848 -0.9287879769727133 -1.0216667746699848
2985 1.003610394988416 -1.003610394988416 -0.9123730863531052
2986 0.9119136537781882 -1.0031050191560074 -1.0031050191560074
2987 1.5551282840958096 0.07658338355050755 -0.07658338355050755
2988 1.5532705893600802 0.07761219842684752 -0.23135253168396264
2989 1.5551937365628716 0.07714471048607344 -0.15392156023181594
2990 1.5550258462132986 0.15390494368820043 -0.07713638235813239
2991 1.5519915160881728 0.2311620195853675 -0.07754828703287549
2992 1.5427594414357502 0.07975365518193726 -0.389830082725477
2993 1.5491050538802627 0.07910539669432107 -0.31126604798824364
2994 1.5215735745877519 0.0814277433278857 -0.5488286674148712
2995 1.5337045965137996 0.08065447988907545 -0.4693296806524784
2996 1.5337475722954974 0.15944056259329686 -0.3913477651240086
2997 1.5212373001771895 0.2381548409719064 -0.3919622803493165
2998 1.532568949568919 0.23655124018999338 -0.3142063350278637
2999 1.5457838199706109 0.31059870309067694 -0.07893579714051448
3000 1.5367336940904106 0.38830747490793516 -0.07944215141596683
3001 1.5305701941615648 0.3137965514345457 -0.2362427333064505
3002 1.5166127304479908 0.3907707128690293 -0.23743084895021951
3003 1.5279367291749115 0.38986508276492654 -0.15883649702669195
3004 1.5244969934885333 0.46651205762569353 -0.08017027032569801
3005 1.5090540779341546 0.5443129090053836 -0.08075775642936872
3006 1.5490451927231559 0.15634557001740684 -0.23361466162809688
3007 1.5414114036271427 0.2353675722184713 -0.2353675722184713
3008 1.5479193160049496 0.2334448658662984 -0.1562319349613709
3009 1.482047462693522 0.0867480005831254 -0.7164031857356228
3010 1.5029859254751994 0.08596327942823355 -0.6373061214054542
3011 1.42369388174068 0.08822585353905689 -0.8709002575086392
3012 1.4557178427959718 0.08761029270284808 -0.794822505492996
3013 1.4584160664920733 0.1722842783702684 -0.720889221215914
3014 1.4304788926636884 0.2555374960056014 -0.7229981043472917
3015 1.4579205850660137 0.2538515268313149 -0.6474445155432789
3016 1.3386707462980465 0.08960683379525819 -1.015214028724123
3017 1.3839509660328972 0.08934832986472362 -0.946024806504289
3018 1.2277171712635218 0.08952947401767727 -1.1381876972458445
3019 1.2862968002506623 0.0897538851072591 -1.0798033038284336
3020 1.3025693700373004 0.17669225629629964 -1.0106900153936675
3021 1.263142302174571 0.26023761501265474 -1.002904687161916
3022 1.3131597616734012 0.26009663918685205 -0.9394256246162007
3023 1.3976000445368546 0.3385025242576663 -0.7238247734570636
3024 1.3623050782987112 0.41737555839014834 -0.722138279543731
3025 1.3968568302943798 0.4147233166435977 -0.6497523156727631
3026 1.3196947557539704 0.34153957812980956 -0.8656788503326823
3027 1.2788909372025041 0.419139670271583 -0.8597512669309209
3028 1.3228825246918459 0.41897454240867943 -0.7925809420055158
3029 1.3237353139457642 0.49429490323828035 -0.7189415570193235
3030 1.2826227498378426 0.5685067526677069 -0.7141159971701355
3031 1.3227464257070978 0.5675200885268579 -0.6452705624612652
3032 1.3929187426234741 0.1751182895858235 -0.8722636649835457
3033 1.3578199808883824 0.25986871509802884 -0.8704523573518845
3034 1.397014424185256 0.2582259824648659 -0.7977837593077678
3035 1.4870482782228198 0.6305481338670605 -0.08505172569977681
3036 1.463684408455102 0.7075267152531381 -0.08567316439880553
3037 1.443717160386014 0.6411369501620126 -0.2513784421666325
3038 1.4142460843095754 0.7147936563624616 -0.25263770403997177
3039 1.4405733258785431 0.7120696259846411 -0.17017649598815032
3040 1.435880461455863 0.7839912876047263 -0.08641640832871215
3041 1.403610370075177 0.858614796634298 -0.08698128475817248
3042 1.3878946379841337 0.645583523939211 -0.4120624640503368
3043 1.3516304390818557 0.7164798072076836 -0.41410512097145175
3044 1.3838856930433037 0.7167220351581253 -0.3351808711014071
3045 1.3200830713850806 0.6439713080403109 -0.5663773849434394
3046 1.2783139721699712 0.7117170321889941 -0.566596939980977
3047 1.3163229371206997 0.7149157780892887 -0.49152705376949973
3048 1.3114452988122314 0.7857285366767007 -0.41535222040359254
3049 1.2678006746935686 0.852295691975084 -0.41550498271848446
3050 1.3054319590812167 0.8563228978502129 -0.33784833851752477
3051 1.3650479834196738 0.9331033295821046 -0.08812794708570448
3052 1.322330631355464 1.0028220989187178 -0.08851307271330099
3053 1.2976354991591421 0.9283196720620507 -0.2570217593255717
3054 1.2504075745673724 0.9927936189275592 -0.25761395563981304
3055 1.2876312657135363 0.9990992370165396 -0.17466591710971194
3056 1.2738309837173607 1.069338666215283 -0.08888405827982698
3057 1.2201557755975216 1.1311777052684642 -0.08897807032905751
3058 1.3797646008175506 0.7879330171139577 -0.25503750243963713
3059 1.3407740392684107 0.8595247820655942 -0.2566063482093638
3060 1.3738365140222109 0.8603141275507716 -0.17271926433626364
3061 1.5048940396145853 0.16587065905897058 -0.556865746711218
3062 1.4581858330616317 0.3314354389786292 -0.5670694403807248
3063 1.4835221629251059 0.2495917332253073 -0.5630289232113781
3064 1.5045318454413066 0.2441980061652825 -0.477426373482224
3065 1.5027742484202615 0.3210141077545142 -0.39929953104280763
3066 1.3953311855655977 0.4923219004917063 -0.5704893155465277
3067 1.4279931453237276 0.4138495803297843 -0.5700876420718636
3068 1.3591475841097527 0.5693418521069248 -0.5693418521069248
3069 1.392236529452307 0.5692240472961033 -0.4912299970104221
3070 1.4217611604244405 0.5675996906497602 -0.4120434761873118
3071 1.5000507578542115 0.398575877102792 -0.3204323311536991
3072 1.4966530158070988 0.4749262196496936 -0.24291920672117692
3073 1.4490947000178438 0.5635340173840939 -0.32936908803565335
3074 1.4722878283426104 0.5587652489225444 -0.24770163875273854
3075 1.492454135031947 0.5522625277655164 -0.16449952254208902
3076 1.4559734655850252 0.4096396314637338 -0.48800385466504553
3077 1.4528450892662033 0.4869553055406874 -0.4087594595700742
3078 1.4799898865785206 0.4043867173376732 -0.4043867173376732
3079 1.0541163458291893 0.08761877006469071 -1.2556976607912311
3080 1.126297179883362 0.0885941697898798 -1.2148913496732419
3081 0.8994180948513602 0.08494650887858748 -1.3157694520047079
3082 0.9778443985988499 0.08630844139633326 -1.2893948012920942
3083 0.9750401646360559 0.17045982847862182 -1.2566241218049048
3084 0.8951425554945586 0.2478360864090589 -1.2512594441068035
3085 0.9695345135791573 0.25157859237879865 -1.221113105957956
3086 0.7370642018469282 0.08124381232077417 -1.349933478857941
3087 0.8173798121430329 0.08280400765778588 -1.3362019675310968
3088 0.5780075753444026 0.07796477241014212 -1.3631396614312328
3089 0.6567680540119375 0.07952688746617438 -1.3586782518660627
3090 0.6597357144573998 0.15766928972619992 -1.334697672383589
3091 0.5845539420628726 0.22919324690457585 -1.3163031035946429
3092 0.6609641770612018 0.2336121349973705 -1.307742438614619
3093 0.81414812550692 0.32120896474939653 -1.24113810938722
3094 0.7355536087808424 0.3888287243902234 -1.2276992335546562
3095 0.8101806913277311 0.39497338461124104 -1.205154075938972
3096 0.6615627746258915 0.30938519566856704 -1.2773812076990443
3097 0.5856225845783537 0.3737906502514856 -1.2589888292986233
3098 0.6602601850215709 0.38161176496595417 -1.2455728058366453
3099 0.6580744972111385 0.4524468877152651 -1.2116651800976277
3100 0.5822814819020828 0.5121207403234933 -1.1936244945121715
3101 0.6548553618977709 0.5213294433044904 -1.1761848052022614
3102 0.8187568544129429 0.16437610058441263 -1.3074736618597327
3103 0.7390437894832445 0.23921307797674313 -1.2941537377352468
3104 0.8176361887380525 0.24410074140233715 -1.2754319576357327
3105 0.41715401328934887 0.07168807207913633 -1.3632017194109551
3106 0.492348662012239 0.07304800725333654 -1.3649883070615279
3107 0.27215361560702844 0.06916533256206885 -1.3544507796255296
3108 0.34353236784132124 0.07028180538838799 -1.359535416611758
3109 0.342674362082383 0.13961033624250127 -1.342989580546655
3110 0.2708458028704766 0.20390712543585124 -1.3210741520012537
3111 0.3412185851003755 0.20732315823557665 -1.3242969162894371
3112 0.1327666091456385 0.06654195558654986 -1.3414481938528875
3113 0.2008293134776275 0.06737252630909363 -1.3483417010205927
3114 0.0 0.0651453406999424 -1.3260638735364378
3115 0.06569269420995859 0.06569269420995859 -1.333978235069591
3116 0.06546505040559132 0.1306179339528683 -1.3197383944156185
3117 0.0 0.19230650219901302 -1.296425131826479
3118 0.06515272147949606 0.1942123450424951 -1.303916241803854
3119 0.20025466036253997 0.2659943057336167 -1.2974105493236863
3120 0.13231177504786798 0.3247600022376654 -1.2727806554685799
3121 0.19994672226441168 0.32907822863183067 -1.2771792112874691
3122 0.06567979799245664 0.25843864019514884 -1.2861942580366774
3123 0.0 0.3158619333871486 -1.2609915228557766
3124 0.065515222931828 0.3202336584703252 -1.2673303625428955
3125 0.06557374287381129 0.38157463595921237 -1.2469332267035123
3126 0.0 0.4365240216735056 -1.2200029112720232
3127 0.06556526693799981 0.4419144705679159 -1.22516446491632
3128 0.2010847483196617 0.13457507066869454 -1.3333468051350026
3129 0.13226771085567104 0.19763704537602383 -1.3104858783697049
3130 0.2009899711266197 0.2009899711266197 -1.3162740754350548
3131 0.503047833305737 0.571965583076892 -1.1724778327972318
3132 0.4297675507008284 0.6250878777689691 -1.1509292932693247
3133 0.5045763901415498 0.633811419659691 -1.1383878098012408
3134 0.35360468058071004 0.5539969681460902 -1.1909991395967305
3135 0.2826696170369318 0.6044364719691401 -1.1670786509683884
3136 0.3555267088704674 0.6151281279283084 -1.1604317292397002
3137 0.3571646024357369 0.6756540753576762 -1.1277220049801262
3138 0.2854574310137598 0.7235309654361383 -1.1029956667472378
3139 0.3582499242326098 0.7348524801704388 -1.0931024044030486
3140 0.20877157469197805 0.5324687730772434 -1.199017315827838
3141 0.13866419338897482 0.5802126771421158 -1.1738162611159315
3142 0.20930621126831553 0.5921948690136213 -1.1716797808653843
3143 0.06859632248827724 0.508552681080283 -1.1993412527416554
3144 0.0 0.5548091829182094 -1.1730454596172635
3145 0.06873052172765533 0.5676069118824376 -1.174227586242353
3146 0.06904263256031917 0.6263720449325841 -1.1472007344223316
3147 0.0 0.6707453858052954 -1.1190710688263579
3148 0.0693051727920655 0.6841293159557885 -1.118372296997548
3149 0.21313851355147165 0.769820716826015 -1.076080492749488
3150 0.14212234914099348 0.8129481294314259 -1.0477211773127495
3151 0.21431533671775485 0.8259292405306922 -1.0402445772484472
3152 0.07014666472669774 0.7427165681268747 -1.086528920680228
3153 0.0 0.7836226675226745 -1.0565928542244263
3154 0.070496135923121 0.7986965182088857 -1.053168724864898
3155 0.07096876101245121 0.8538048522164471 -1.0170800974128176
3156 0.0 0.8919060876528575 -0.9840667220465666
3157 0.07135602323475823 0.9071487201427603 -0.9785047433775185
3158 0.21109376756171738 0.6521697694566441 -1.1420269770082216
3159 0.14020287617990607 0.6983500975663895 -1.1151959881666123
3160 0.21245779351953464 0.7116454442663369 -1.1100968311151302
3161 0.4977478698420034 0.14826152928868702 -1.345131761075147
3162 0.3460551678004283 0.27820866865326654 -1.3023876921295052
3163 0.42033580581052843 0.2149968485195764 -1.32462017338621
3164 0.501788141765035 0.22244358478191642 -1.3221591266670305
3165 0.5042671048585365 0.29472931771647 -1.296693307772041
3166 0.2034110106337244 0.39768457842150784 -1.2532385010740024
3167 0.2730560452736708 0.33964597876663616 -1.2782665412529024
3168 0.13522808553966698 0.45399161767123 -1.22688329009886
3169 0.20645074277405043 0.46571149572223447 -1.2271009480156907
3170 0.27857046245727635 0.476620112619982 -1.2256006874715035
3171 0.5062445135961683 0.3675032820122418 -1.268074664179345
3172 0.5062317151070659 0.436868760341157 -1.2381667455674532
3173 0.35402888494134793 0.48768321108532686 -1.2215810888100678
3174 0.42883373632934135 0.49692094639187673 -1.2153940036494981
3175 0.5052531975547262 0.5052531975547262 -1.2061534915779666
3176 0.34911019243710867 0.34911019243710867 -1.2776867586305052
3177 0.35186422276902873 0.41917598748061624 -1.2506235541952426
3178 0.4271554466501386 0.3585623311594361 -1.2744304989754596
3179 1.1275263151157875 1.2162171682832172 -0.08869085316742985
3180 1.061278210035637 1.2642291062683113 -0.08821406842584616
3181 0.9791736333561185 1.2332534220835716 -0.25407978872745296
3182 0.9096813830971017 1.2715822912692556 -0.25186141858869093
3183 0.9861107494509184 1.2708918047429054 -0.17239522566239204
3184 0.9906542474212152 1.306285988172709 -0.08743908967530813
3185 0.9171598701551146 1.341724106578196 -0.08662214992026716
3186 0.8260736363770168 1.2287950337028903 -0.40272139732587336
3187 0.754626312546437 1.2595331386776913 -0.3989109467970179
3188 0.8314591249302611 1.2675280750737603 -0.3280387393682187
3189 0.6728582629001336 1.2085197906671052 -0.5356615277669716
3190 0.6016561175485703 1.2333407492767097 -0.5291608713583414
3191 0.6778435788866549 1.2480645665048535 -0.4660387523369486
3192 0.6815810133974775 1.2857942891630583 -0.39393460243464096
3193 0.6081306563649953 1.307377350668297 -0.3881570818246351
3194 0.6842593270536101 1.3212049394184093 -0.31999942244065605
3195 0.8391862962420066 1.3718498591539512 -0.08501309607604109
3196 0.7616382417066047 1.3949408459695731 -0.08395251622651265
3197 0.6849500136840001 1.3551993168629628 -0.24208972379509314
3198 0.6093369813291657 1.372109743761344 -0.23891023763696298
3199 0.684847125748831 1.3855000489511597 -0.16367062980159475
3200 0.6828645824327986 1.4126650214691776 -0.08268687015154708
3201 0.604370539235101 1.4253125519004934 -0.08152075085656717
3202 0.8363820145350155 1.304673600340687 -0.24969720354315816
3203 0.7609993931584096 1.3326006159375743 -0.24631964947996368
3204 0.8390232487955255 1.3398370878674304 -0.16844484317088337
3205 0.5202849325267994 1.1738282574926158 -0.6535433249658161
3206 0.44528489286468376 1.1924851613681162 -0.6476575260963077
3207 0.5208880262233389 1.2140588303561688 -0.5922498893967619
3208 0.3685804770323733 1.1246232822606586 -0.7560428052282852
3209 0.29479341476479226 1.1390695205111463 -0.7471942952457415
3210 0.36973868994539943 1.1674237981603273 -0.6994406807823731
3211 0.37002247228900487 1.2077455973422275 -0.6402085272121363
3212 0.295368180067854 1.2195081337218516 -0.6315899903343118
3213 0.36967317799285504 1.2451205006631287 -0.5791716882158937
3214 0.218674792610273 1.0614045204489568 -0.8427297278386838
3215 0.14541168984162975 1.0719700863146298 -0.8317633501606589
3216 0.21922810929272793 1.1068252656049753 -0.7918153196812256
3217 0.07187606040644706 0.9856360101741002 -0.9137599497676531
3218 0.0 0.9934205671457098 -0.9003839186779096
3219 0.07214975058633581 1.0340053046971796 -0.8680129997762277
3220 0.07230371164040057 1.080172789532217 -0.8191757177123102
3221 0.0 1.0858302436946055 -0.8053065933948013
3222 0.07252714376978042 1.1234010846734808 -0.7679212051864527
3223 0.21947479288412278 1.2286027044954313 -0.6209650704402182
3224 0.14578886921470186 1.234127868135909 -0.6100244629649978
3225 0.21986343614825643 1.2627201162232609 -0.5607583995241443
3226 0.07218681601709534 1.164873154334318 -0.7125747627954219
3227 0.0 1.1672842727702628 -0.6996432681481743
3228 0.07235665645905522 1.2022659964139228 -0.656437699288872
3229 0.07239962751313586 1.236912476766312 -0.5979080030413109
3230 0.0 1.2369633950896446 -0.5850401149443399
3231 0.07255226837652881 1.2685071923327267 -0.5378808843235786
3232 0.22014256525404713 1.1502499392172394 -0.7373862406122694
3233 0.14569652821156295 1.1588933706527296 -0.725713961538627
3234 0.22014908920367202 1.1910166829576172 -0.6801459958313176
3235 0.5176733534782796 1.4351985267660081 -0.07680534100608645
3236 0.4404626794094151 1.439371222088161 -0.07569367500671698
3237 0.3611626436072651 1.4017014198313544 -0.21944109488450553
3238 0.2875463773864572 1.402532668554983 -0.21648020615776056
3239 0.3629416289545244 1.4224198830357004 -0.14786750472613566
3240 0.36398893835531354 1.4404926559279512 -0.07446692691510927
3241 0.28913517858674787 1.4389644141985587 -0.07348104024905386
3242 0.21238056046733098 1.3566015668501685 -0.3495422072585997
3243 0.14079026385977014 1.3543399614599911 -0.34557050111071885
3244 0.21294542522058263 1.3796315182439725 -0.28285119776066037
3245 0.0695843784434571 1.3002663111679174 -0.4690035623391292
3246 0.0 1.295242173649579 -0.4634450602196797
3247 0.06974331740749985 1.3262207707633085 -0.4058374554212447
3248 0.06978217457004145 1.3498705283946848 -0.34109020863490097
3249 0.0 1.3433342519813702 -0.33648771329967453
3250 0.07001792853617496 1.3711469948977872 -0.27550843323617447
3251 0.2137803276545054 1.4352931135549918 -0.07171722344643833
3252 0.14149442735587087 1.4296323845144832 -0.07091629410020198
3253 0.06948488846371388 1.390616885532232 -0.20712600835562928
3254 0.0 1.3825522942590946 -0.2050822598923307
3255 0.0698200985012862 1.407533701160304 -0.13930726331259116
3256 0.07004326264329741 1.4223223602428743 -0.07004326264329741
3257 0.0 1.4135338183503279 -0.06944246353815797
3258 0.21387335991277068 1.4006467959638713 -0.21387335991277068
3259 0.14096007607293243 1.396608347664445 -0.21062535044122188
3260 0.2140469084135142 1.4192959131265845 -0.14324993848052933
3261 0.5249883924787756 1.2532658589609273 -0.5249883924787756
3262 0.37150372574060636 1.2818782452239499 -0.5117552199995122
3263 0.44791526196895 1.2694745711938704 -0.5190321027122672
3264 0.5275251757475616 1.2902473522863254 -0.45524462948522904
3265 0.5287935900985783 1.324557078991562 -0.38387256483589965
3266 0.21823961375776962 1.297171583586079 -0.49230482575792767
3267 0.2935284205428842 1.2914098315967624 -0.5022124299261312
3268 0.14329736655768918 1.3000934224808596 -0.4810820399618056
3269 0.21563229348863508 1.3285352225178035 -0.42157815087259204
3270 0.28919976226638766 1.3538406720602374 -0.35972664958067146
3271 0.5278422646668369 1.3573154496062887 -0.3085083064674939
3272 0.5261525385837046 1.386356756978162 -0.23324436566591714
3273 0.36577760523096825 1.3766136022108222 -0.2940643863847013
3274 0.44301884896598276 1.396102107930346 -0.22659895979784922
3275 0.5227006474074368 1.4125650454023346 -0.15569408136173943
3276 0.3703684228819125 1.3163926407212845 -0.44122004837949463
3277 0.36834641858381767 1.3480882306187505 -0.36834641858381767
3278 0.4485918637629443 1.3383866628768295 -0.3765564636279589
3279 1.1544484909407082 0.1754983473974108 -1.1544484909407082
3280 0.997565622124997 0.3343650975219827 -1.163804344812544
3281 1.07673038738793 0.2576506136189421 -1.1624594537102535
3282 1.175793943470645 0.2606061054927401 -1.0890814851225659
3283 1.1913846766104097 0.34228902423044283 -1.0212063577615216
3284 0.835785829552038 0.4770866117122416 -1.151030263080265
3285 0.915089719483378 0.40947013679300426 -1.1593040915250525
3286 0.6794165010029174 0.601354798763456 -1.1246478952874506
3287 0.7567914468033088 0.541288832000828 -1.1392192709108846
3288 0.857710568877783 0.5577028914340512 -1.0924261572010527
3289 0.8759994023529659 0.6355298765766187 -1.03059022737689
3290 0.9547006158462916 0.5697694796891507 -1.0359037575494983
3291 1.2022591857740823 0.42464202175975935 -0.9489960650523114
3292 1.2092973367752442 0.5012375325482705 -0.8780947036848566
3293 1.0494834875967327 0.5772386250290951 -0.9672158486028458
3294 1.0576168235312633 0.6521962575125148 -0.8989719490062805
3295 1.1348663667604006 0.5793693696928276 -0.8910321952819932
3296 1.2131141471292282 0.576399255657102 -0.8058803375134502
3297 1.2141829556797321 0.6492296389246183 -0.7335059610941228
3298 1.0184153916200682 0.41796676496178087 -1.1016411282777665
3299 1.035600181208634 0.4993361970886496 -1.035600181208634
3300 1.1152205131774706 0.4231188343889393 -1.0309688940589359
3301 0.5153302573016354 0.7204980187070061 -1.0845857614158012
3302 0.5905606764537268 0.6672211966232837 -1.1044608327378969
3303 0.3665703647004776 0.819216695097484 -1.037844974379472
3304 0.44030328104402655 0.7713468245967618 -1.0622859434187841
3305 0.5236039134682714 0.8052685711072938 -1.0256332177420955
3306 0.5291273692855643 0.8866010611759263 -0.9620119181607231
3307 0.6063181923762099 0.8357347053742444 -0.9832198717543849
3308 0.2174060774989749 0.9085471474644755 -0.9808854965760787
3309 0.29024119330708487 0.8659236227508714 -1.010224943684965
3310 0.144217251142648 0.9486778104652592 -0.9486778104652592
3311 0.2189095003961842 0.9876685899102564 -0.9148300011933403
3312 0.29401335554101754 1.0233544803193921 -0.8771777261053704
3313 0.5317575122283602 0.9667938081258036 -0.8910081050362276
3314 0.5311564267308294 1.0404270500269006 -0.8168838425114436
3315 0.6113334279141353 0.9913526959124259 -0.8426475878299795
3316 0.37317931544843297 1.0565564332975748 -0.8339864727750271
3317 0.4497504337440771 1.0850783638949584 -0.7878968517039551
3318 0.5273342771719854 1.1098499271554685 -0.7372811833098256
3319 0.6044440305689266 1.1304253465611773 -0.6829067451456026
3320 0.37032147206451815 0.902323147708628 -0.9760617314822708
3321 0.37259278266626006 0.9820482581244099 -0.9078574099272408
3322 0.4514222272642172 0.9362288235503827 -0.9362288235503827
3323 1.2123472267162427 0.7323969699561944 -0.648248065557479
3324 1.2083677129285568 0.8027272475880923 -0.5741440341292957
3325 1.057290307606625 0.898694411196156 -0.6519949062675937
3326 1.0495101960154039 0.9672404633834832 -0.5772533152372333
3327 1.1316222271240706 0.8884850822943978 -0.5777131789805576
3328 1.2022795442994147 0.8729989458284655 -0.4983287516574595
3329 1.1940272485922803 0.9424982348957813 -0.42173447362933764
3330 0.8828995212988793 1.0387080356017537 -0.6405358523002112
3331 0.8674487801066295 1.1048292650287435 -0.5640348975405274
3332 0.9594071470013391 1.041010608040231 -0.5725783579519713
3333 0.6942758295003966 1.1492447552333105 -0.6145068615779024
3334 0.7712302769758553 1.1609544446518871 -0.5516160860317357
3335 0.8485529518162855 1.1686129302887664 -0.4843743915321393
3336 0.92501624160571 1.1718797521034825 -0.41391190275842765
3337 1.1832790500947872 1.014258545275848 -0.33996024911248307
3338 1.1693721876371361 1.0831333209743408 -0.25918277040287213
3339 1.003536929451396 1.17077073705436 -0.3363665666105746
3340 1.078215467730693 1.164062775864235 -0.25800597821723725
3341 1.1512271196826789 1.1512271196826789 -0.17500863708415376
3342 1.0367748423345418 1.0367748423345418 -0.49990258441661845
3343 1.0215725123676547 1.1050562515085216 -0.41926247549043194
3344 1.111943045557653 1.0279390294470574 -0.42187535091400435
3345 0.6890463449281495 0.6890463449281495 -1.0659436080102822
3346 0.7015219971160809 0.8564208864209619 -0.9347657301222256
3347 0.6965393878221168 0.7746395577895969 -1.0023477191226169
3348 0.7869576589306679 0.7076155619493656 -1.0182867716258301
3349 0.8813574655413565 0.7219483541365046 -0.9619834918067166
3350 0.7035021540629125 1.0123674150396953 -0.7823830311036141
3351 0.7039527585803997 0.9380046770466098 -0.8593883698306167
3352 0.700222225261176 1.0832325150519695 -0.700222225261176
3353 0.7946738962267205 1.0282712253967898 -0.7145538381430302
3354 0.8855968610973709 0.9666107046001315 -0.7254209799028483
3355 0.9754934832530788 0.7320873182374178 -0.8937351538510468
3356 1.0604888996669255 0.7369421557747756 -0.8195725261866638
3357 0.9768213098668869 0.8949516922937454 -0.733083824151066
3358 1.0603279395070466 0.8194481321219179 -0.7368303032817864
3359 1.140069619500176 0.7369628171480579 -0.7369628171480579
3360 0.7957779719772369 0.8753557691749608 -0.8753557691749608
3361 0.8883650623575268 0.8883650623575268 -0.807604602143206
3362 0.8869472813972911 0.8063157103611734 -0.8869472813972911
3363 -0.06910865497546403 1.403343898448718 -0.06910865497546403
3364 -0.06858039560861999 1.3725150641873842 -0.20442982507313587
3365 -0.0688942349226839 1.3888688150095687 -0.13745995109011538
3366 -0.13774515102979065 1.3917504201543132 -0.06903717569552793
3367 -0.2053864456545821 1.3789376894490208 -0.06890131462275827
3368 -0.06891996327557566 1.3331918619183312 -0.3368757823558586
3369 -0.06912156646036735 1.3535937168691614 -0.27198140356990136
3370 -0.06879589856594241 1.2855326332261183 -0.46368915298951346
3371 -0.06891528664569158 1.3104751533197796 -0.4010191314602648
3372 -0.1373495922450215 1.3212422249094262 -0.3371253531191618
3373 -0.20473109382365837 1.307739851768808 -0.3369524888347628
3374 -0.20499853101713 1.3281451540552296 -0.2722954953237781
3375 -0.2741227497346705 1.3642507422254133 -0.06966576984817253
3376 -0.3407764016085385 1.3486286315422797 -0.06971797414405276
3377 -0.2730582295834647 1.3318654572854762 -0.20557275793412788
3378 -0.33893900953306394 1.3154496992090683 -0.2059380964989405
3379 -0.34007530322274526 1.3328034990828723 -0.13855144324828061
3380 -0.4073981444081024 1.3313208868896622 -0.0700115223893979
3381 -0.4733764387560572 1.3123896815309781 -0.07023316645258093
3382 -0.1373080565978131 1.3604247627311774 -0.20516843027492465
3383 -0.20565264271728043 1.3468096972009178 -0.20565264271728043
3384 -0.2056791587670019 1.3638112861194163 -0.13764985936250887
3385 -0.07162938089058173 1.2237531872734004 -0.5915469672769058
3386 -0.07174008815692098 1.254306996072892 -0.5318596223488931
3387 -0.07148817176123194 1.1535991851667013 -0.70567826434365
3388 -0.07162319739290973 1.1900789643129135 -0.6497835750456442
3389 -0.14274063934049971 1.208324077651073 -0.5972697526635853
3390 -0.21275040743858406 1.1909601213272563 -0.6019396123136408
3391 -0.21279000124401262 1.2220959510557448 -0.5427177097872327
3392 -0.07165029273706401 1.0704111147365933 -0.8117727104950646
3393 -0.07184916203393511 1.112899562376462 -0.7607426989800401
3394 -0.07125169170843926 0.9770740457466953 -0.9058223540382561
3395 -0.07151321727716393 1.0248829056181614 -0.8603550497117902
3396 -0.14281554094723828 1.0528313639915656 -0.8169132270084779
3397 -0.2129149888314352 1.0334475634774551 -0.82053257464602
3398 -0.21328733487224585 1.076831852593009 -0.7703582345834977
3399 -0.28355725195864795 1.1707434939672512 -0.6063345143767492
3400 -0.35206968778996633 1.1491480848597624 -0.609146830736282
3401 -0.35092017804838127 1.1819572903740387 -0.5497911237510209
3402 -0.28396127388838294 1.0972145777063846 -0.7197387502343002
3403 -0.3521135745039202 1.0743789987887788 -0.7222654242848585
3404 -0.35255432424115796 1.1131653772134031 -0.6669327372702595
3405 -0.42016611645056134 1.1252163888911058 -0.611122793273291
3406 -0.48721778162868884 1.0992246053544188 -0.6120068237257299
3407 -0.4862989408382751 1.1334403817998664 -0.5529220857953488
3408 -0.14291352989372208 1.1367569591632243 -0.7118518554267852
3409 -0.21394240621592495 1.1178539664143097 -0.7166182807266241
3410 -0.2136865334242061 1.1560539593972796 -0.6601800652333774
3411 -0.5462716327607829 1.2882954485282103 -0.07368405768200217
3412 -0.6114708468378068 1.264970389734504 -0.07404192839201758
3413 -0.5530899376239268 1.2454522141996562 -0.21685676806306226
3414 -0.6167625040796335 1.22028776917584 -0.21798943174953073
3415 -0.6145823210874344 1.2433487765902496 -0.14687814517337633
3416 -0.6765173031890501 1.2390418016682476 -0.07456995560810321
3417 -0.740562836025092 1.2106263255789553 -0.07502212537463883
3418 -0.5562893900977358 1.195927456408895 -0.35506788557744584
3419 -0.6192871404847812 1.1682776558259085 -0.3579305008273295
3420 -0.6187769630953016 1.194768047313418 -0.2893760639883337
3421 -0.5553075322339542 1.13833033174326 -0.48839695809300565
3422 -0.6173838570560929 1.1088822874445692 -0.49149843038847624
3423 -0.618944126913206 1.1396172472643953 -0.4255435290051568
3424 -0.681815107561091 1.1380052724724505 -0.3604214504261253
3425 -0.7431170394037381 1.1053960413070918 -0.3622790019033536
3426 -0.7437328795631634 1.133792722860346 -0.293427769235269
3427 -0.8054511763609702 1.178304126861228 -0.0760717022435747
3428 -0.867529912309997 1.143933084344215 -0.07657164545142547
3429 -0.8062105523202086 1.1269473910464256 -0.22321368466091313
3430 -0.8660370650217186 1.0907597362773425 -0.22472267125562378
3431 -0.8673631556868372 1.1178508366450093 -0.15163536858221754
3432 -0.9285841192484388 1.1061595913977922 -0.07718445762849048
3433 -0.9876716909829407 1.0653616249102031 -0.07768993392726238
3434 -0.6806271013511298 1.1918591560499698 -0.22030481303744692
3435 -0.7440559644431437 1.1606540517549087 -0.2221337742471056
3436 -0.7429219418559269 1.1863728120978976 -0.1491512543469786
3437 -0.14003746544591322 1.2705173312018077 -0.47013780620091805
3438 -0.28065743678022853 1.2347825552918863 -0.4801908211870938
3439 -0.21089467601961848 1.2535147774128712 -0.4757361184040154
3440 -0.20809207290111706 1.2820790610866795 -0.40683642457070657
3441 -0.27545962684513237 1.2895185093200885 -0.3426357196257565
3442 -0.42005184453900535 1.1905045005193713 -0.4867447274756174
3443 -0.35161366894419815 1.2132473558492713 -0.4843561935930965
3444 -0.48819819295977784 1.1654393438187194 -0.48819819295977784
3445 -0.4885923974211627 1.1950236237095784 -0.42164635008763396
3446 -0.48787649213357687 1.22206523193413 -0.35416919543889397
3447 -0.34369585598974706 1.2935083603060344 -0.2763119161731358
3448 -0.4107483475810768 1.2944068524968786 -0.21009297576795477
3449 -0.4853059610645132 1.2479358377159468 -0.283647085860192
3450 -0.482389083366711 1.2710446423353128 -0.21384394734062848
3451 -0.47831794384686654 1.2926236296396585 -0.1424740398456495
3452 -0.3495956169727167 1.2425602966644704 -0.41647339649995385
3453 -0.41789228782847454 1.2467935995474833 -0.3507866610912129
3454 -0.3468282360476862 1.2693351678557312 -0.3468282360476862
3455 -0.07034832975616043 0.8463406213417547 -1.008188462930493
3456 -0.07073871916032709 0.8993009369329702 -0.9700396560932972
3457 -0.06950186537931104 0.7358893987912066 -1.07654137327935
3458 -0.0698675361481645 0.79157470301958 -1.043777832516369
3459 -0.13961562886608525 0.7986095432005382 -1.029241719764415
3460 -0.2074463095000648 0.7492614263901466 -1.047342046382359
3461 -0.2087307714433049 0.8044074221370093 -1.0131381935803143
3462 -0.06835798249931296 0.6201607282015626 -1.1358247045161367
3463 -0.06864742476048426 0.6776365147291468 -1.1077582670876573
3464 -0.0678497022876702 0.5030174615379773 -1.1862873108649419
3465 -0.06801711123906494 0.5617152539384184 -1.1620393144969867
3466 -0.13583453231551337 0.5683725244198311 -1.1498626931450102
3467 -0.20223850506759283 0.5158062768899295 -1.1614965775917832
3468 -0.20304536003650084 0.5744808988802393 -1.1366320259283864
3469 -0.27514203053017194 0.6973851697416797 -1.063137387375238
3470 -0.34087636056477927 0.6448413438454481 -1.0762930317418766
3471 -0.34248801751343705 0.7025212067734941 -1.045009224286931
3472 -0.27162894767493156 0.5808280512718662 -1.1214942346456829
3473 -0.33614763265440745 0.526646788255739 -1.1322009103821722
3474 -0.3386661034337667 0.58595610681359 -1.1053990663348507
3475 -0.406046831945511 0.5905865904527526 -1.0874045575642255
3476 -0.4704792021388059 0.5349350367111584 -1.0965685542762618
3477 -0.47315880413993144 0.5943469794381024 -1.067505783578034
3478 -0.13757473072775328 0.6852593131050604 -1.0942913010131314
3479 -0.20502491651048 0.6334201813628363 -1.1091942141085238
3480 -0.20657995003966148 0.6919571077489113 -1.0793849644770255
3481 -0.0648256008892502 0.37722118604322913 -1.232706753454359
3482 -0.06484674171515192 0.43707156046820134 -1.211737972334329
3483 -0.06488584565619378 0.25531457513351297 -1.2706464493151373
3484 -0.06474356235086005 0.3164618375120445 -1.2524033144451463
3485 -0.12922991763850636 0.3171955657481817 -1.2431345526018556
3486 -0.1932009580130177 0.25662501237526986 -1.2517109994430915
3487 -0.19308639884467993 0.31778730546370126 -1.2333582256010762
3488 -0.06466369755801495 0.12901904946917542 -1.3035835741891226
3489 -0.06436067207307526 0.19185134201580017 -1.2880647767861078
3490 -0.06535188519709008 0.0 -1.3302681833612466
3491 -0.06489337055605503 0.06489337055605503 -1.3177468965637331
3492 -0.1295568317280865 0.06493323131667592 -1.3090172223371372
3493 -0.19476644773831947 0.0 -1.3130087375996264
3494 -0.19363023994735754 0.06495744176580436 -1.3000080644538479
3495 -0.25809959795023985 0.19431110446023844 -1.2589034198807025
3496 -0.32270353804726476 0.1314739427240612 -1.2647210797136499
3497 -0.3215992068189201 0.19540249609833327 -1.248152522952819
3498 -0.25923776914350416 0.06588288924792166 -1.2901713531956265
3499 -0.3241776579439479 0.0 -1.2941897562107119
3500 -0.3234753954060882 0.0661784359090252 -1.2801595937539236
3501 -0.3884141463258727 0.0667491152699317 -1.26928380225771
3502 -0.45528040980035545 0.0 -1.2724235043747318
3503 -0.4535535188265584 0.06729211083383663 -1.2574325830288802
3504 -0.12906675696863498 0.19285411638658195 -1.2787713742088922
3505 -0.19382424610402063 0.12971601195377472 -1.2852040816624533
3506 -0.19377395523335 0.19377395523335 -1.2690167192844113
3507 -0.5387367875684874 0.47382286928965 -1.1043618004748479
3508 -0.6027924307632223 0.4144387305585485 -1.1098782923172121
3509 -0.6023311296017786 0.47951497498661455 -1.0818461045883931
3510 -0.5378289359283113 0.3432849636928754 -1.1562406236344749
3511 -0.6012259391468462 0.281168185330791 -1.1608795804475023
3512 -0.6023222026619753 0.3481252452448093 -1.1362735070309815
3513 -0.6671879865340229 0.3526892542373484 -1.113591409146014
3514 -0.731625506795028 0.2886510012850065 -1.1153354897398577
3515 -0.7315339373169046 0.35663209241204424 -1.0881660297289488
3516 -0.5337313080919909 0.20926659230889727 -1.2018603019728709
3517 -0.5962488021526348 0.14249664384597116 -1.2062586137983162
3518 -0.5987529781833432 0.2116241188612753 -1.1846552460660025
3519 -0.5265786525417157 0.07102776252887692 -1.2418526620778834
3520 -0.5889362246525714 0.0 -1.2452010269532208
3521 -0.5928927837183541 0.07179234343426118 -1.2265373231929688
3522 -0.6600058658814376 0.07274996203033278 -1.2088010954315889
3523 -0.7247113264778576 0.0 -1.2091078013730274
3524 -0.726994212615773 0.07364756684016129 -1.1884451791561126
3525 -0.7975005814222023 0.22080217479932907 -1.1147723097958147
3526 -0.8625664228461314 0.15079678747864866 -1.1116688449567649
3527 -0.8616145192798722 0.22357509185862307 -1.0851896111384953
3528 -0.7957197781074471 0.07515260987387917 -1.1640679483580663
3529 -0.8606079501845654 0.0 -1.1603954915296417
3530 -0.862160030009423 0.07609767825121612 -1.13685230714507
3531 -0.9280116322359714 0.0771368721716205 -1.1054776262568162
3532 -0.9930870123865244 0.0 -1.095702669277654
3533 -0.9920249577923025 0.07803236047838735 -1.0700573182706898
3534 -0.6649100534026957 0.21521753205362074 -1.1643367322936558
3535 -0.729872241506742 0.1465313570653466 -1.1655337322053028
3536 -0.7314955122590323 0.21838392103277768 -1.1410609829320906
3537 -0.13225176738499922 0.443999436769242 -1.1998800607370972
3538 -0.26069554709859794 0.32427113695894727 -1.220402921223624
3539 -0.19657666937220772 0.38432290190799284 -1.2111313429033257
3540 -0.19972815612677938 0.4505466876883424 -1.1871432693116117
3541 -0.2667523238015591 0.4563998691406131 -1.173605516363576
3542 -0.39167541195871874 0.20033739226985953 -1.2343015867978144
3543 -0.3263334023072353 0.26235349112123385 -1.2281643109020017
3544 -0.45845419454948905 0.13655732974667692 -1.2389431184956974
3545 -0.46261638321630494 0.20507867383933914 -1.2189456511739167
3546 -0.46578223280279285 0.272236039899792 -1.1977317146712072
3547 -0.33568618732998173 0.4624157087668078 -1.158289381627704
3548 -0.4030039813543106 0.4669901242575727 -1.1421877079389426
3549 -0.4688219756665895 0.3403367544924621 -1.1743362217008473
3550 -0.470264033442664 0.4058293054193149 -1.1501951981060305
3551 -0.4709334392431703 0.4709334392431703 -1.1242244775352372
3552 -0.3296737963875108 0.3296737963875108 -1.2065526972193845
3553 -0.399272639260204 0.3351569772176587 -1.191241345206116
3554 -0.3328988814664572 0.3965825689004306 -1.1832154433060682
3555 -1.0745910105619572 0.9962280372228102 -0.07836297333914699
3556 -1.1281465403030768 0.9470414302394998 -0.07871864016359398
3557 -1.1175919507570273 0.8873411996566543 -0.23025075110037285
3558 -1.1663706748364109 0.8344137032845919 -0.23102222701711342
3559 -1.148791574422492 0.8913707022021677 -0.1558324492868091
3560 -1.1792391737868666 0.8943051573810417 -0.07893493522779281
3561 -1.2269179495086076 0.8386820373467835 -0.07921022663388176
3562 -1.1484679028236793 0.7720726652751376 -0.3763952375485415
3563 -1.1933936278647697 0.7150000306918933 -0.3779636814421952
3564 -1.181440400146485 0.774988278824428 -0.3057590810997886
3565 -1.1670441683852708 0.6497661998848872 -0.5172779685003835
3566 -1.2085916273147834 0.5895828436856244 -0.5185423403883666
3567 -1.2025311467086708 0.6531136594081878 -0.44903615590007184
3568 -1.2358490971140341 0.6551057872294848 -0.3786326684167501
3569 -1.27515889189966 0.5931441396810215 -0.3785915015963033
3570 -1.2668335893434866 0.6561001048896058 -0.30683053387371434
3571 -1.27255782973622 0.7784474990205628 -0.07886000083741164
3572 -1.3131063256523716 0.7169565619455002 -0.0790274228688488
3573 -1.296940956440966 0.6555048506945259 -0.23168258278799483
3574 -1.332752983799104 0.5918591305819304 -0.23205748193141415
3575 -1.324261372474068 0.6545770932058892 -0.15643643825117995
3576 -1.350045728885139 0.6525952004966864 -0.07902160398002879
3577 -1.382796422564151 0.5863425663677235 -0.07908904085556274
3578 -1.2128935237644745 0.7775449189419524 -0.2321317155497835
3579 -1.2566725404720163 0.7176396508155604 -0.2322850042076396
3580 -1.2434076267175096 0.7786378776886663 -0.15632169356744563
3581 -1.1716838983506248 0.5193344717209852 -0.6523494266296396
3582 -1.2104275563410856 0.45198474765709756 -0.6574023242010523
3583 -1.2114340886237747 0.5197618892469852 -0.590969471214515
3584 -1.1604454530828194 0.38032072198215455 -0.7801247311006646
3585 -1.1966670926397616 0.3096997788314355 -0.7849765170851901
3586 -1.2055604718852777 0.38181708324538066 -0.7222895734252927
3587 -1.2471591939061428 0.3820977938422151 -0.6611011064637976
3588 -1.28135643173229 0.31034800571927035 -0.6636215650835426
3589 -1.284681233919547 0.3814186612443468 -0.5975734868008303
3590 -1.1320701968804319 0.2332336171117752 -0.8988365797686566
3591 -1.1657282638373303 0.1581298945789641 -0.9045122233212393
3592 -1.1832246930942207 0.23436049067214954 -0.8464709541167064
3593 -1.0861604920546302 0.07920666080800452 -1.0069538312466255
3594 -1.1174187009244951 0.0 -1.012769276191969
3595 -1.1437479814924552 0.0798072613587538 -0.9601383202710173
3596 -1.1980529702364182 0.08019427755388368 -0.9085730646629211
3597 -1.2284187526230002 0.0 -0.9110574389336601
3598 -1.2478792901000648 0.08056349768143982 -0.8530105422315675
3599 -1.3142254660869235 0.2347702482804846 -0.6642408535622997
3600 -1.3435169902469581 0.15871112535097004 -0.6640950679589502
3601 -1.3480495720691805 0.23472090703662526 -0.5986521564047576
3602 -1.2945157527212767 0.08022072628699559 -0.791879572465073
3603 -1.3215684517494266 0.0 -0.7921176462603388
3604 -1.3348126796965007 0.08033378868742339 -0.7288082396534108
3605 -1.3703735052175519 0.08021144033650615 -0.6624213930377773
3606 -1.3942588787361552 0.0 -0.6594353381159285
3607 -1.4008101250778622 0.08011933456389116 -0.5939808567113509
3608 -1.231039376421859 0.23560459080630128 -0.7891776099054821
3609 -1.2638630113771065 0.15889335253418624 -0.7914473031388709
3610 -1.274950168080905 0.23566346491980067 -0.7280773343588427
3611 -1.4153471900196175 0.5105130144221302 -0.0757429871506454
3612 -1.4397077064622994 0.44056564715445407 -0.07571137005193534
3613 -1.4284916312158675 0.3680654143611053 -0.22363519302497267
3614 -1.4492596609524708 0.2971263163720534 -0.22369249373874228
3615 -1.445341602410943 0.36879028606885994 -0.15025032957867943
3616 -1.4604076516073126 0.3690211321015648 -0.07549644172843846
3617 -1.4773630586991489 0.29685072653610484 -0.07544187563470756
3618 -1.4339049609160668 0.22448266808604916 -0.36946021387944844
3619 -1.4524535511993437 0.15098965144391976 -0.37060495578002467
3620 -1.4517066752370382 0.22407018915266794 -0.29762800172221726
3621 -1.43002715543941 0.07652859257665245 -0.5158080497681692
3622 -1.4466052559826794 0.0 -0.5176036370742644
3623 -1.4510095749222547 0.07630571287680818 -0.44402413735337776
3624 -1.4683269030607535 0.07590583105560991 -0.37102219744351184
3625 -1.4812879182751806 0.0 -0.3710433078168569
3626 -1.4822439661152003 0.07569112026560451 -0.29783146103063457
3627 -1.4913408405097508 0.22212837957471654 -0.07451775758104692
3628 -1.5016410117346122 0.14862130807259077 -0.0744882508080998
3629 -1.4937290685804483 0.0746370900606427 -0.22248409519450577
3630 -1.5023495249880396 0.0 -0.22285250041686802
3631 -1.5023891017058393 0.07452535948651783 -0.14869534847852728
3632 -1.5090172551101122 0.07431261357298545 -0.07431261357298545
3633 -1.5135347413479887 0.0 -0.07435519385907212
3634 -1.4670384718959293 0.22401111258728243 -0.22401111258728243
3635 -1.4819059405877448 0.1495691862844054 -0.2234892542201926
3636 -1.4802535336628502 0.2232400513651406 -0.14940240838548613
3637 -1.2481112991033636 0.5228291665857144 -0.5228291665857144
3638 -1.3195921711330285 0.38243367485217755 -0.5268114849158998
3639 -1.285303765300505 0.4535003581858539 -0.5255039612967842
3640 -1.2820055817869014 0.5241554796784508 -0.45233664308195215
3641 -1.3129176098295487 0.5241468468342498 -0.3804993067472772
3642 -1.3810678342540441 0.2323545431728008 -0.5241452773908979
3643 -1.3523130369113043 0.3073712930567729 -0.525896891653891
3644 -1.4071441025541196 0.15509658058142886 -0.5206947006048147
3645 -1.4096674120819552 0.22880072125400305 -0.4473234663696686
3646 -1.4091399813986927 0.3010124869423569 -0.37442013285605247
3647 -1.3424827757327624 0.5220740313716676 -0.3051369434594079
3648 -1.3687326047397166 0.519463789534105 -0.23027923119489113
3649 -1.406060370063697 0.37360185468609414 -0.300354637843616
3650 -1.4007796492544955 0.44450315227133885 -0.22735816357846314
3651 -1.393138812032639 0.5155122317007919 -0.15355290593859133
3652 -1.3519033768385935 0.3803594049979605 -0.45312230931821096
3653 -1.3807345834762113 0.3772665818800656 -0.3772665818800656
3654 -1.3485102783164715 0.4519850323023908 -0.37940475324023515
3655 -0.1417360718517988 0.932356325217379 -0.932356325217379
3656 -0.2803311595280873 0.8363574117877923 -0.9757316892911563
3657 -0.2118164571350428 0.8851879401438623 -0.9556664336620111
3658 -0.21325974392866487 0.9621782069277349 -0.8912194831182056
3659 -0.28390397221231867 0.988167362021132 -0.8470167633005412
3660 -0.4176415469196381 0.7316467873513995 -1.007611716243483
3661 -0.350819089692854 0.7840155203766073 -0.9932494937271054
3662 -0.5501625398005884 0.6215789888811127 -1.0289086305206523
3663 -0.4844019833131439 0.677256311442586 -1.0194928135094836
3664 -0.4930398270425756 0.7582630053157935 -0.9657644094658306
3665 -0.5671271552335342 0.7817147035145241 -0.9196667621860781
3666 -0.498661263972013 0.8355523291147534 -0.9066211784015057
3667 -0.35698793951829916 1.0107149257575185 -0.7978017542165499
3668 -0.42632342387889555 1.0285578146564731 -0.7468561635072711
3669 -0.5010504602108105 0.9109650006831831 -0.8395556448448309
3670 -0.5716048771148907 0.9269279415293618 -0.7878866898153101
3671 -0.49988474554327605 0.9791722080068193 -0.7687900422584594
3672 -0.49522873628957476 1.042279253766435 -0.6923935054226062
3673 -0.562389020907964 1.051774476561054 -0.6353925861628383
3674 -0.3546609220437745 0.8641647424971042 -0.9347849902660642
3675 -0.42876515271086624 0.8892390986918377 -0.8892390986918377
3676 -0.3567833209930573 0.9403790282833153 -0.8693361674483335
3677 -0.6917789027064206 0.4947891467728143 -1.041354075157202
3678 -0.6264418597693053 0.5544666901120173 -1.0369582105667468
3679 -0.8230720238653841 0.3682954873462279 -1.0427291931829836
3680 -0.7576124716846797 0.4324633827552539 -1.0433712223423282
3681 -0.7806448923959998 0.507593038339381 -0.994271180608838
3682 -0.8668623145113138 0.5173471994290247 -0.9405942700521963
3683 -0.8001276649571859 0.580485597124742 -0.9413291264170399
3684 -0.9563062532122204 0.22883434500765906 -1.0324471731364444
3685 -0.890849057447083 0.2985957268015564 -1.0393040624440892
3686 -1.0218473043411636 0.15534041978628538 -1.0218473043411636
3687 -1.0474110799575433 0.23215098522447458 -0.9701666017490174
3688 -1.0684765357296222 0.3069770813810891 -0.9158545118361495
3689 -0.9523925752378246 0.5238365225517936 -0.8777357659729701
3690 -1.0309523195488661 0.5263194090996363 -0.8094448257735984
3691 -0.9630243532935441 0.5938643042896841 -0.8185685595755078
3692 -1.0852538570630965 0.3833153428469191 -0.8566386118086619
3693 -1.097193373621048 0.45477194284464006 -0.7966937997762445
3694 -1.1045877208136987 0.5248339915841139 -0.7337854622906566
3695 -1.1074892273338572 0.5921799740405191 -0.6690506947877004
3696 -0.9147204933549806 0.3754094533505003 -0.9894721983289783
3697 -1.0030038650969917 0.3805434183399967 -0.9272298826262062
3698 -0.9353818330705502 0.4510138331630534 -0.9353818330705502
3699 -0.639025849717707 1.057788669922528 -0.5656048398800784
3700 -0.7034029975038233 1.0588521492382872 -0.5031031845734929
3701 -0.8053552177248776 0.947479204580346 -0.584278140768408
3702 -0.8696725137689852 0.9436434939891727 -0.5190243385680279
3703 -0.7879593315014581 1.003587242336411 -0.5123490527647013
3704 -0.7670709486586405 1.056397278605464 -0.4378625084306483
3705 -0.829312170242603 1.0506346772823014 -0.37108773114078253
3706 -0.9618820092225141 0.8175975696544693 -0.5931598596256612
3707 -1.0268151896745292 0.8061965878999005 -0.5242073310631057
3708 -0.9510764118015634 0.8765227748683473 -0.5231126041850543
3709 -1.1054422030493454 0.6678140570073972 -0.5910854200189142
3710 -1.099279462216777 0.7302591484315534 -0.5223118247201451
3711 -1.0892701742833264 0.7909406080978065 -0.4514878829487356
3712 -1.0757272881240716 0.849118871852786 -0.37995052638922944
3713 -0.8929010964981304 1.041698062307724 -0.29928353141531283
3714 -0.9538100303173591 1.0297522014548715 -0.22823702429662118
3715 -1.0585036359649653 0.9073061488725084 -0.3041118320655578
3716 -1.0382709956825298 0.9617005804604617 -0.23012515256900454
3717 -1.014661617439849 1.014661617439849 -0.15424805734136735
3718 -0.9345604728503526 0.9345604728503526 -0.4506177972254054
3719 -0.9977515822334546 0.9223743942352356 -0.3785506825744314
3720 -0.9150370822763322 0.9898146591552655 -0.375539384269032
3721 -0.637529247176232 0.637529247176232 -0.986247486760813
3722 -0.8077406888837028 0.6616464757015349 -0.8816322987511426
3723 -0.7241451616804198 0.6511359025486643 -0.9370103086333699
3724 -0.6460773810941546 0.7185194484887469 -0.9297308962545318
3725 -0.6514976098409033 0.7953509124657704 -0.8681091133840042
3726 -0.9675692417090707 0.672371547755377 -0.7477618746759895
3727 -0.8914633180123843 0.6690244486455487 -0.8167477480417585
3728 -1.039442276821612 0.6719153773478201 -0.6719153773478201
3729 -0.9671393022512861 0.747429606636565 -0.6720727794128022
3730 -0.8921979367704058 0.8174207967294163 -0.6695757645545933
3731 -0.6536191574864653 0.8709360383301148 -0.7979409063970594
3732 -0.6521251092495816 0.9384338161876311 -0.7252452841641707
3733 -0.8110116175885257 0.8852024499553237 -0.6643257990036805
3734 -0.7305503922756249 0.9452983804378594 -0.6568953494459726
3735 -0.6471400858651757 1.0011152995625274 -0.6471400858651757
3736 -0.8141711389083018 0.7401555808257287 -0.8141711389083018
3737 -0.815272124400581 0.815272124400581 -0.7411564767278007
3738 -0.7343811689727036 0.8078192858699741 -0.8078192858699741
3739 -1.5153771537041114 -0.07462581124185157 -0.07462581124185157
3740 -1.5081263652218782 -0.07535647910425113 -0.22462850650971133
3741 -1.5128244858436968 -0.07504300218864521 -0.149728165529133
3742 -1.5146333788351296 -0.14990719636303354 -0.07513273154058613
3743 -1.5113572413823715 -0.22510973069847 -0.0755179161412867
3744 -1.4904570893283509 -0.0770498611599115 -0.3766141336272885
3745 -1.5007592868065922 -0.07663660926555735 -0.30155179664274084
3746 -1.4584425401206813 -0.0780492555856802 -0.5260574244741728
3747 -1.4765116066738262 -0.07764681409780798 -0.4518280263455346
3748 -1.4970373119011644 -0.15562435145402917 -0.3819808532397141
3749 -1.5009521067443463 -0.23497912537807997 -0.38673559370789773
3750 -1.5079566470715169 -0.23275234378058263 -0.30916033604264276
3751 -1.5054296494570703 -0.302490225783647 -0.07687510238082218
3752 -1.497032441341604 -0.37827561755694783 -0.07738977699064971
3753 -1.5094682975889477 -0.3094702536936943 -0.23298566627138
3754 -1.5045624768776793 -0.38766584233524953 -0.23554434102514138
3755 -1.501946256979277 -0.3832334092144633 -0.15613466030741008
3756 -1.4859744231358605 -0.4547237473587562 -0.0781444448291535
3757 -1.4722318909512713 -0.5310312168475841 -0.07878719934261989
3758 -1.511221959680242 -0.15252806039420475 -0.22791046278967075
3759 -1.511690941318669 -0.23082937233082593 -0.23082937233082593
3760 -1.5126503487816312 -0.22812588106033316 -0.15267222811075196
3761 -1.404822256153834 -0.08222781318658844 -0.6790734878839928
3762 -1.4333141604641748 -0.08197840285528273 -0.6077634346922638
3763 -1.3311091011625593 -0.08248840436125757 -0.8142644102376788
3764 -1.3706748516535514 -0.08249210212547434 -0.7483889994197239
3765 -1.4128635794338498 -0.16690311346053605 -0.6983728092849644
3766 -1.4182974424988397 -0.25336142945277995 -0.7168413092889692
3767 -1.446750123626653 -0.2519065383862387 -0.6424838516572727
3768 -1.2344999815090418 -0.08263393741085104 -0.9362135559871376
3769 -1.2848464521542848 -0.0829501098306051 -0.8782801169402749
3770 -1.1199656229997654 -0.08167185040008448 -1.038293772599681
3771 -1.1791477432816566 -0.08227734925124731 -0.9898552407572303
3772 -1.2381251692432438 -0.16795046372429437 -0.9606864518285941
3773 -1.2392684828568448 -0.2553190355384401 -0.9839494473184045
3774 -1.2926435409556571 -0.2560330056418363 -0.9247484588782178
3775 -1.4206145248967765 -0.34407669386846773 -0.7357440998035886
3776 -1.4199918052506664 -0.43504930141351017 -0.7527171817420678
3777 -1.449025760812468 -0.430212142284842 -0.6740188565774281
3778 -1.3421787160996699 -0.3473584709439818 -0.8804276313353548
3779 -1.3395217554943977 -0.43901062286645354 -0.9005111326279438
3780 -1.383401053507662 -0.43814156778287844 -0.8288395149946788
3781 -1.4156618202202207 -0.5286211035332037 -0.7688682945294872
3782 -1.407139272179784 -0.6236971691631594 -0.7834421030166244
3783 -1.4373014491104867 -0.6166695519157567 -0.7011535215437316
3784 -1.337301975137329 -0.16812612780607575 -0.8374357285379261
3785 -1.3410331300000202 -0.25665593473516607 -0.8596908763500147
3786 -1.3831120991504473 -0.25565625843159184 -0.7898446507793383
3787 -1.4540460124440389 -0.6165542929104881 -0.08316416112128004
3788 -1.4340571225756145 -0.693205256242514 -0.08393900413913395
3789 -1.4684237758218444 -0.6521088527645409 -0.2556803308397633
3790 -1.4503131982879793 -0.7330228348350687 -0.2590806512525853
3791 -1.4433628591230818 -0.7134484810963022 -0.17050602658855105
3792 -1.4105819285646959 -0.7701782788562496 -0.0848938523728885
3793 -1.3835193061498263 -0.8463247159009192 -0.08573624796616588
3794 -1.4696466702601558 -0.6836107369865964 -0.43633443898188445
3795 -1.452455892490874 -0.7699259263030718 -0.44499547041438436
3796 -1.4537120874665024 -0.7528855100537233 -0.3520930133587415
3797 -1.4476403605643715 -0.7061971149940174 -0.6211054285354521
3798 -1.4298283810189467 -0.7960745435262201 -0.6337538374927266
3799 -1.444934209364001 -0.7847665914223714 -0.5395516820309917
3800 -1.4303224798606768 -0.8569516319853978 -0.45300220942601777
3801 -1.4028029197557939 -0.943052728290205 -0.45975019146558865
3802 -1.4047431357436737 -0.9214679511767484 -0.36355026484024633
3803 -1.3516166740038014 -0.9239221142044581 -0.08726081732918968
3804 -1.316023730154948 -0.9980391045982344 -0.08809090658380231
3805 -1.3688311642240052 -0.9792525700045628 -0.27112343510677744
3806 -1.331904521059519 -1.0575002394608504 -0.27440428159866853
3807 -1.3254302812159664 -1.0284282604365533 -0.1797933164548324
3808 -1.2755129096789863 -1.070750587017546 -0.08900141796655656
3809 -1.230249100398253 -1.140534989162014 -0.08971411123623896
3810 -1.4280220983977971 -0.8154911061127935 -0.26395748172419076
3811 -1.4009527828379664 -0.8981033344067684 -0.2681237606703311
3812 -1.3934618881440257 -0.8726037897071771 -0.17518657405328358
3813 -1.4660307427833692 -0.16158711451104404 -0.542484907768486
3814 -1.4733485861305207 -0.334881826678721 -0.5729660371672625
3815 -1.4710515567292022 -0.24749364511271132 -0.5582960569598698
3816 -1.4888669836218253 -0.24165546907325441 -0.4724555128173363
3817 -1.5013846440626544 -0.3207172683566752 -0.3989303016865614
3818 -1.4683004033045772 -0.5180680060229789 -0.6003232069656477
3819 -1.47241698714401 -0.42672414373659445 -0.5878226594408419
3820 -1.4602167999802695 -0.6116793695534982 -0.6116793695534982
3821 -1.4752194475225238 -0.6031520986588642 -0.5205092880886304
3822 -1.4832824820613502 -0.5921604144207272 -0.42987309478467334
3823 -1.5036999760663146 -0.3995455045250728 -0.32121185644140704
3824 -1.4961144565520579 -0.47475532104570695 -0.24283179408402916
3825 -1.4859469282802762 -0.577865368014269 -0.33774534171647186
3826 -1.4841572743764868 -0.5632699618190421 -0.24969858607314674
3827 -1.479282259172873 -0.5473884527191901 -0.16304770754895698
3828 -1.4888034517681772 -0.4188763818296631 -0.49900759902211794
3829 -1.4929502412490752 -0.5003974933429939 -0.4200430853135279
3830 -1.4988888214343432 -0.4095505892646582 -0.4095505892646582
3831 -0.9560519706934182 -0.07946760158072241 -1.1388801890271651
3832 -1.0225652832331715 -0.08043465254292642 -1.102999935776098
3833 -0.8183529488066872 -0.07729022401213077 -1.1971782835609506
3834 -0.8874968302066303 -0.07833400515366062 -1.170261649676936
3835 -0.9143876766160235 -0.15985635481704658 -1.1784556706397114
3836 -0.868333069106531 -0.2404134047990055 -1.2137842700926056
3837 -0.940673489500042 -0.24408962142341695 -1.184763110923459
3838 -0.6772092785017141 -0.07464622944190469 -1.240309154822515
3839 -0.7467377478690932 -0.07564766987674278 -1.2207206895853935
3840 -0.5391580718588697 -0.07272454230469437 -1.2715192376046307
3841 -0.607674334846819 -0.07358221543852216 -1.2571164171735758
3842 -0.6265858383385287 -0.14974684850066666 -1.2676328439589963
3843 -0.5732447497810463 -0.22475911292235876 -1.2908369766411865
3844 -0.6452023072076197 -0.2280412369126698 -1.2765569873680818
3845 -0.8167093481852513 -0.32221945370002486 -1.2450425967564251
3846 -0.7613303071590857 -0.4024548158535176 -1.2707226549134218
3847 -0.8394269588167619 -0.4092313117391482 -1.2486582705559102
3848 -0.6648200976544637 -0.3109085091940604 -1.2836706232824049
3849 -0.6061056995195084 -0.38686459421241176 -1.3030240382868845
3850 -0.6830816793175738 -0.39480194501167903 -1.2886252771631248
3851 -0.7011418803682246 -0.48205706643217794 -1.290962051182151
3852 -0.6367074652032033 -0.5599887830610966 -1.305192849037058
3853 -0.7182665457188223 -0.5718109985977157 -1.2900775443165382
3854 -0.7705446262902902 -0.1546968679568335 -1.230483505245851
3855 -0.719226152584695 -0.23279852177833135 -1.2594506941127972
3856 -0.7940790322569105 -0.23706788321726494 -1.2386851127419822
3857 -0.39656534125660065 -0.0681499011454347 -1.2959207818643639
3858 -0.4634515032269925 -0.06876063932200452 -1.2848737726014317
3859 -0.26429841950907706 -0.06716900688679445 -1.3153571359300353
3860 -0.33000551294254643 -0.06751440448964129 -1.3060026493042327
3861 -0.33586945796134293 -0.13683792296167346 -1.3163201930977664
3862 -0.2733895856597242 -0.20582222041163242 -1.3334816756016385
3863 -0.3413803527680635 -0.20742144767592355 -1.3249247496866465
3864 -0.13191266999374512 -0.0661139655860176 -1.3328201574788388
3865 -0.197250000906626 -0.06617176867972926 -1.3243106653271595
3866 -0.06604257863785616 -0.06604257863785616 -1.3410831074944214
3867 -0.06696978539089075 -0.13362022866903683 -1.3500730007623125
3868 -0.06780569152138959 -0.20212052633505673 -1.357010734989878
3869 -0.20797488032988004 -0.2762489212646896 -1.3474283357292207
3870 -0.14111840977760384 -0.34637593712706277 -1.3574965798050977
3871 -0.21147054064943732 -0.34804446972981806 -1.3507887264089216
3872 -0.06953729584553875 -0.27361722676480826 -1.3617348617028588
3873 -0.07051084433394665 -0.3446518935971102 -1.3639659595744726
3874 -0.0717040086099784 -0.4172467482117128 -1.3635047643334268
3875 -0.07278762974193871 -0.49059369943112163 -1.3601228456773833
3876 -0.20116861300922112 -0.13463119673801793 -1.3339028926395105
3877 -0.13620629948815635 -0.20352216287930766 -1.3495087415476397
3878 -0.20487092162006235 -0.20487092162006235 -1.3416902416941525
3879 -0.5635251930764865 -0.6407283647728514 -1.313435330320556
3880 -0.4908296020933766 -0.7139013492722148 -1.3144551423945021
3881 -0.5783656382151804 -0.726499997625158 -1.3048656358403385
3882 -0.3949898966694643 -0.6188357146287108 -1.3303914029366406
3883 -0.3215499954623128 -0.6875749394514514 -1.3276069032704585
3884 -0.40495993938071917 -0.7006569216378646 -1.3217807579671483
3885 -0.4145277847453275 -0.7841689383610271 -1.3088422014527075
3886 -0.33558600991355 -0.8505887160734251 -1.296690415243732
3887 -0.4231223042217757 -0.8679205594776789 -1.2910428636994546
3888 -0.2336968238445242 -0.5960402475678788 -1.3421680554786721
3889 -0.15798969036683957 -0.6610763670723262 -1.3374099189474862
3890 -0.23809275077944012 -0.6736412861641019 -1.3328245749060614
3891 -0.07735009535728228 -0.5734505429570786 -1.3523926196093559
3892 -0.07854408628392825 -0.648651649101473 -1.3418875709432867
3893 -0.07988627753756374 -0.7247483064835272 -1.3273769099301516
3894 -0.08109737728315072 -0.8005332215675862 -1.3086622031049555
3895 -0.25308735287318807 -0.9141092530017364 -1.277771712162545
3896 -0.1699655466386536 -0.972212843671811 -1.2529802927067661
3897 -0.2574219181730583 -0.9920535442250237 -1.2494754623980822
3898 -0.08293369907041165 -0.8781063589499454 -1.28459225951904
3899 -0.08408150329236219 -0.9526139701985177 -1.256125721609912
3900 -0.08528039156156454 -1.025983983310736 -1.2221854759676811
3901 -0.08626410343217068 -1.0966750594452668 -1.1829391628774375
3902 -0.24385161305730962 -0.7533744463711847 -1.319248425546232
3903 -0.1640542008269345 -0.8171534727051883 -1.3049132199635851
3904 -0.24899656742567958 -0.8340351742857955 -1.3010127605997985
3905 -0.4792596013471087 -0.1427545263921743 -1.2951683987655063
3906 -0.3537093100031811 -0.28436216355827176 -1.3311942568805433
3907 -0.41731910269966016 -0.21345384016104452 -1.3151135224120736
3908 -0.4948649281070478 -0.2193745117287415 -1.3039171847758255
3909 -0.5097767940079985 -0.29794956926213906 -1.310861150526757
3910 -0.21932517718904412 -0.42879802993902705 -1.351287501359163
3911 -0.2869893180193014 -0.3569771462724468 -1.3434928443110898
3912 -0.14928531880962223 -0.501184965463888 -1.3544202920101298
3913 -0.22688299265766856 -0.5118025561195542 -1.3485460581925126
3914 -0.30511213733041137 -0.5220315893270527 -1.3423736385023342
3915 -0.5252772254123828 -0.3813198940844697 -1.3157490566845065
3916 -0.5389371191997635 -0.4650929290687358 -1.3181592520412118
3917 -0.3869959023798614 -0.5330960618672165 -1.3353341941930696
3918 -0.468348838612732 -0.5427099792033113 -1.3273871009741582
3919 -0.5519356533430243 -0.5519356533430243 -1.3175950565536956
3920 -0.3648821416822585 -0.3648821416822585 -1.335409538271064
3921 -0.37614468529375655 -0.44810131207086246 -1.3369230878653997
3922 -0.44454405947473824 -0.37315866043233425 -1.326309922947071
3923 -1.1507723189011394 -1.2412916951644974 -0.09051937626335817
3924 -1.0926565514699722 -1.3016080067042104 -0.09082225460379947
3925 -1.087916097378146 -1.3702128042733404 -0.28229670689519415
3926 -1.0185234685576294 -1.423725306382107 -0.2819962796022354
3927 -1.0597191133526818 -1.365757687196143 -0.18526368948610536
3928 -1.0293613510618458 -1.3573255383085152 -0.09085553281388531
3929 -0.9620232664058591 -1.4073553037242437 -0.09085932160911035
3930 -0.9870425170440565 -1.4682382896478088 -0.4811957726037521
3931 -0.9049256741979977 -1.5103950866045264 -0.4783622721253035
3932 -0.9665695700346004 -1.4734988525546455 -0.3813443785254339
3933 -0.8419953870727972 -1.5123067442792388 -0.6703113572064414
3934 -0.7511145878640465 -1.539717126725842 -0.6606106681397025
3935 -0.832582865814578 -1.5329748718855905 -0.5724268726402272
3936 -0.8186341652861575 -1.5443433927125356 -0.4731474587795643
3937 -0.7302843798919255 -1.5699870543025343 -0.46612524929318727
3938 -0.8014761606061039 -1.547533545181655 -0.3748168250745872
3939 -0.8885979938748421 -1.452625046667994 -0.09001870855678774
3940 -0.8139322862921611 -1.4907174165234542 -0.08971669190233182
3941 -0.7805058618779895 -1.5442601499276345 -0.2758631210272029
3942 -0.6970219913307216 -1.569559529826359 -0.2732899769578472
3943 -0.7590150566107344 -1.5355476551631495 -0.18139591694794238
3944 -0.7361295843025795 -1.522856129553678 -0.089136635458656
3945 -0.6567341768793854 -1.54880392871715 -0.08858384010599654
3946 -0.943191357841399 -1.4712856604518025 -0.28158453955995694
3947 -0.8632263333445614 -1.5116121692741515 -0.27940838029951715
3948 -0.9167076684994312 -1.4638914174919941 -0.18404100205281024
3949 -0.6614407811803186 -1.492293608882197 -0.8308528277018783
3950 -0.5621031621185786 -1.5053276918339038 -0.8175672456493162
3951 -0.6562761277138671 -1.5296144044235545 -0.7461862137057853
3952 -0.4649358261782061 -1.418625476550077 -0.9536896503718706
3953 -0.3685180731109383 -1.4239385407339897 -0.9340595418087756
3954 -0.4652622201959747 -1.4690325979190904 -0.8801440933439972
3955 -0.4631063774807661 -1.5115695137203777 -0.8012612045841923
3956 -0.36624430295208615 -1.5121395482639812 -0.7831454143380148
3957 -0.458914051521493 -1.545698545656537 -0.7189865042652238
3958 -0.2707535965873479 -1.3141848125942783 -1.0434312160069303
3959 -0.1786997520830006 -1.3173685614509334 -1.0221730084239964
3960 -0.2717428056686727 -1.371958203858153 -0.9814896330392734
3961 -0.08745176470851507 -1.1992255552483437 -1.1117737905398286
3962 -0.08798430251749757 -1.2609362443229786 -1.058513962152156
3963 -0.08823828499299448 -1.3182254725518758 -0.9997088503330831
3964 -0.08844462261064444 -1.3699530935579736 -0.9364563066624769
3965 -0.2694882721892006 -1.508574245317831 -0.7624693557001441
3966 -0.17736139487362274 -1.5013947314636407 -0.7421334031966953
3967 -0.26808628424492253 -1.5396736716665531 -0.6837500510370775
3968 -0.08782207525309166 -1.4171781422805458 -0.8669144574385063
3969 -0.08770487096776533 -1.4572893392895139 -0.7956805431866
3970 -0.0873116510029992 -1.4916771563925675 -0.7210580590897571
3971 -0.08694339001193631 -1.5201222239332444 -0.6445723690265621
3972 -0.2726178163640799 -1.4244343266394026 -0.9131565560737883
3973 -0.17877344025759354 -1.4219923927251445 -0.8904699593036068
3974 -0.2717550771282004 -1.4702074476387252 -0.8395816136426397
3975 -0.5663491535643278 -1.570147401579176 -0.08402719509464134
3976 -0.4847515487950141 -1.5841011323223897 -0.08330473365573451
3977 -0.4143940633200379 -1.6082968634957044 -0.2517843098619931
3978 -0.32985111683271 -1.6088777445992994 -0.24832946400623201
3979 -0.40890101344296254 -1.6025412499253278 -0.1665920018928851
3980 -0.40248569467658685 -1.5928442493813475 -0.08234281224392831
3981 -0.32083259527056956 -1.5967157291820395 -0.08153664649703632
3982 -0.2500455451810227 -1.5971903343227998 -0.4115323529866988
3983 -0.16499637186889876 -1.5871919960355667 -0.4049845304997565
3984 -0.24747865253422505 -1.6033655044483384 -0.3287210007774983
3985 -0.08266145443281898 -1.5446269239650405 -0.5571439662801363
3986 -0.08213141002243309 -1.5617895155086978 -0.47792396021125894
3987 -0.0813793419286395 -1.574206822393656 -0.3977763216471531
3988 -0.08079542041927877 -1.5822004481632352 -0.3179159989126629
3989 -0.23771203889938683 -1.595967487676436 -0.07974563233529817
3990 -0.15748897507780796 -1.591238207628865 -0.07893268083319893
3991 -0.07925047544507043 -1.5860578001492274 -0.23623603638358487
3992 -0.0786824348165098 -1.5861933894514086 -0.15698967633019595
3993 -0.07794458479163856 -1.582769300361865 -0.07794458479163856
3994 -0.24508343873631444 -1.6050401665258036 -0.24508343873631444
3995 -0.16120924279031354 -1.597233631493828 -0.24088205826099085
3996 -0.24166447165489188 -1.602421635098131 -0.16173286946342644
3997 -0.6528785075181878 -1.5585684469299759 -0.6528785075181878
3998 -0.4560202543282456 -1.57350358260748 -0.6281787487130893
3999 -0.553771106019973 -1.569489582167873 -0.641694994529499
4000 -0.6452095500630167 -1.5780856571611819 -0.556804103505627
4001 -0.6343148179618946 -1.5888736137744088 -0.46047467413335413
4002 -0.2634863834378088 -1.566109119111393 -0.594372469115126
4003 -0.3573284472603197 -1.5721049057113827 -0.6113710810300172
4004 -0.17158088055843532 -1.5567011424993 -0.5760362665441162
4005 -0.2572743385540182 -1.5850966248568783 -0.5029916352500728
4006 -0.34246176128093686 -1.603177877513085 -0.4259776046482775
4007 -0.619276933777306 -1.5924343427317027 -0.3619491860785478
4008 -0.6032844710190816 -1.5895913094492153 -0.2674370898935772
4009 -0.4276168053050153 -1.6093470521387245 -0.3437795853587139
4010 -0.5084418419551399 -1.6022720680403002 -0.26006205553927514
4011 -0.5853324005419058 -1.5818233496513 -0.1743498708977056
4012 -0.44819053086186067 -1.592994110773941 -0.5339295563357245
4013 -0.43844824933512866 -1.6046495767124838 -0.43844824933512866
4014 -0.53635190185754 -1.6002212479584679 -0.45022389333912105
4015 -1.0863483156313305 -0.16514581255669994 -1.0863483156313305
4016 -1.0040135181737881 -0.33652631012128326 -1.1713267466175477
4017 -1.0476582879430547 -0.2506939563638847 -1.1310726392999308
4018 -1.1486186567238683 -0.25458290246124504 -1.0639103215754473
4019 -1.2073251483989282 -0.34686877805922994 -1.0348698800945995
4020 -0.898478952608728 -0.5128733510887705 -1.2373701833968638
4021 -0.9533993225904513 -0.4266123230625594 -1.2078375617205264
4022 -0.770979440131209 -0.6823975946808427 -1.2762133439113192
4023 -0.8373748601835289 -0.5989254528842507 -1.2605237304502963
4024 -0.9567291973530755 -0.622087052490569 -1.218541590217241
4025 -1.0116167342855682 -0.7339190603971449 -1.1901404469058665
4026 -1.0709794606601706 -0.6391651999901481 -1.1620728311490123
4027 -1.2629435266704634 -0.44607593676936363 -0.9968968849440549
4028 -1.309963193759076 -0.5429621805996627 -0.9511901725751752
4029 -1.179572849927638 -0.6487905889525695 -1.0871076758379954
4030 -1.2240195747818177 -0.7548111641504758 -1.0404139176696092
4031 -1.271794529188127 -0.649273620521417 -0.9985403607695208
4032 -1.3484409542984408 -0.640698457102716 -0.895778895941955
4033 -1.3759030325127977 -0.7357021648302504 -0.8312034619779538
4034 -1.0654113155074407 -0.43725431151225874 -1.1524775974059311
4035 -1.1249163395832045 -0.5424018431464506 -1.1249163395832045
4036 -1.1702637032819259 -0.44400242661384276 -1.0818537335655019
4037 -0.6094972445525421 -0.8521555854432312 -1.2827735684010528
4038 -0.6868505108632864 -0.7760103881475152 -1.2845411444423442
4039 -0.4431186812009299 -0.9902879678939535 -1.254570856304264
4040 -0.5274981593730965 -0.9240994735453486 -1.2726543362398688
4041 -0.6370948615824462 -0.9798102261078375 -1.247938825673721
4042 -0.6590203151873281 -1.1042485131141357 -1.198171620523547
4043 -0.7487761299437548 -1.032095368765591 -1.2142330210656729
4044 -0.26494473365261184 -1.1072127548823962 -1.1953688214409943
4045 -0.3528225161618798 -1.052632632542016 -1.228047964036958
4046 -0.17577112152777793 -1.1562428308182053 -1.1562428308182053
4047 -0.26954802744402406 -1.2161378089891748 -1.126450071020204
4048 -0.3661677738019107 -1.2744979940766201 -1.0924477039677065
4049 -0.6739173453902595 -1.2252560645200283 -1.1292098429431372
4050 -0.6793873656818409 -1.3307812108241928 -1.0448533311508876
4051 -0.7822441432373756 -1.2685055402679501 -1.078226889444176
4052 -0.4702801766350905 -1.3314712941124536 -1.0509888664558424
4053 -0.5722851956461387 -1.380708582320953 -1.0025597978254595
4054 -0.6751957184270271 -1.4210453432510726 -0.9440105068027852
4055 -0.7746116521934234 -1.4486711773079954 -0.8751637792722751
4056 -0.45644164590558933 -1.112163063034821 -1.2030499358827578
4057 -0.4658180632566242 -1.2277634965189534 -1.135009587086609
4058 -0.5645713485294548 -1.170894868529843 -1.170894868529843
4059 -1.3923041901169182 -0.8411116449376888 -0.7444719450182022
4060 -1.3919382271963117 -0.9246744430318999 -0.6613657585110606
4061 -1.2854841711357945 -1.0926586879397424 -0.7927142863585125
4062 -1.2712180191770497 -1.1715689000435368 -0.6991974148943767
4063 -1.3394981256221048 -1.051697354338077 -0.6838375049934403
4064 -1.3779981104129033 -1.000591670587793 -0.57116174138066
4065 -1.3514178271892765 -1.0667335425001792 -0.47732535976453894
4066 -1.112911339310546 -1.3093108821188817 -0.8074074071431427
4067 -1.0818211290186341 -1.3778653798087095 -0.7034246674347701
4068 -1.183246064556775 -1.2838883981377507 -0.7061663974618118
4069 -0.8830234357665037 -1.4616813796225823 -0.7815682717963619
4070 -0.9663588327163861 -1.4546869015177692 -0.6911801739623589
4071 -1.0388902450060093 -1.4307422664269218 -0.5930234868859521
4072 -1.0985325058141318 -1.3917031319973479 -0.4915542660464179
4073 -1.312227775230013 -1.1247881336771235 -0.37700767314673506
4074 -1.2649455179888376 -1.171658308822383 -0.280365898237677
4075 -1.1471614449964609 -1.3383294735481872 -0.38450678323559745
4076 -1.1831807428860464 -1.277385366036177 -0.2831230993361699
4077 -1.2102386167802306 -1.2102386167802306 -0.18397951824458428
4078 -1.241035265647682 -1.241035265647682 -0.598391001900154
4079 -1.1986824091120578 -1.2966397135065624 -0.49194995762600197
4080 -1.2835362277223337 -1.1865688530147145 -0.48697844610344393
4081 -0.8109102398392803 -0.8109102398392803 -1.2544650924995469
4082 -0.8760233256287171 -1.0694528128050158 -1.1672856830602396
4083 -0.8470155498998788 -0.9419880088431096 -1.2188888659378334
4084 -0.935544421247448 -0.8412216132048985 -1.210551161950823
4085 -1.0542063791993672 -0.8635344796401162 -1.15064451530369
4086 -0.9042521514499695 -1.3012545986115396 -1.0056423211322876
4087 -0.8963443679338536 -1.1943631147377847 -1.0942608232957876
4088 -0.8996766743802147 -1.3917853383745011 -0.8996766743802147
4089 -1.0168285524732459 -1.3157290640031367 -0.9143105723657575
4090 -1.1202604096361481 -1.2227411268737205 -0.9176414684867195
4091 -1.1672522367798497 -0.8759982248995618 -1.0694221697335207
4092 -1.2606474142238762 -0.8760338966318499 -0.9742600664944714
4093 -1.2115623921052217 -1.1100185900753787 -0.909252063433324
4094 -1.28201430168063 -0.9907729351677577 -0.8908819163607907
4095 -1.336528454081679 -0.8639575670391072 -0.8639575670391072
4096 -1.0001013806419905 -1.1001115187061898 -1.1001115187061898
4097 -1.1144394283665733 -1.1144394283665733 -1.0131267530605208
4098 -1.0914279635502582 -0.9922072395911434 -1.0914279635502582
$EndNodes
$Elements
8192
1 2 2 1 2 1 1027 1029
2 2 2 1 2 1027 259 1028
3 2 2 1 2 1029 1028 261
4 2 2 1 2 1027 1028 1029
5 2 2 1 2 259 1030 1032
6 2 2 1 2 1030 67 1031
7 2 2 1 2 1032 1031 260
8 2 2 1 2 1030 1031 1032
9 2 2 1 2 261 1033 1035
10 2 2 1 2 1033 260 1034
11 2 2 1 2 1035 1034 69
12 2 2 1 2 1033 1034 1035
13 2 2 1 2 259 1032 1028
14 2 2 1 2 1032 260 1033
15 2 2 1 2 1028 1033 261
16 2 2 1 2 1032 1033 1028
17 2 2 1 2 67 1036 1038
18 2 2 1 2 1036 262 1037
19 2 2 1 2 1038 1037 264
20 2 2 1 2 1036 1037 1038
21 2 2 1 2 262 1039 1041
22 2 2 1 2 1039 19 1040
23 2 2 1 2 1041 1040 263
24 2 2 1 2 1039 1040 1041
25 2 2 1 2 264 1042 1044
26 2 2 1 2 1042 263 1043
27 2 2 1 2 1044 1043 68
28 2 2 1 2 1042 1043 1044
29 2 2 1 2 262 1041 1037
30 2 2 1 2 1041 263 1042
31 2 2 1 2 1037 1042 264
32 2 2 1 2 1041 1042 1037
33 2 2 1 2 69 1045 1047
34 2 2 1 2 1045 265 1046
35 2 2 1 2 1047 1046 267
36 2 2 1 2 1045 1046 1047
37 2 2 1 2 265 1048 1050
38 2 2 1 2 1048 68 1049
39 2 2 1 2 1050 1049 266
40 2 2 1 2 1048 1049 1050
41 2 2 1 2 267 1051 1053
42 2 2 1 2 1051 266 1052
43 2 2 1 2 1053 1052 21
44 2 2 1 2 1051 1052 1053
45 2 2 1 2 265 1050 1046
46 2 2 1 2 1050 266 1051
47 2 2 1 2 1046 1051 267
48 2 2 1 2 1050 1051 1046
49 2 2 1 2 67 1038 1031
50 2 2 1 2 1038 264 1054
51 2 2 1 2 1031 1054 260
52 2 2 1 2 1038 1054 1031
53 2 2 1 2 264 1044 1055
54 2 2 1 2 1044 68 1048
55 2 2 1 2 1055 1048 265
56 2 2 1 2 1044 1048 1055
57 2 2 1 2 260 1056 1034
58 2 2 1 2 1056 265 1045
59 2 2 1 2 1034 1045 69
60 2 2 1 2 1056 1045 1034
61 2 2 1 2 264 1055 1054
62 2 2 1 2 1055 265 1056
63 2 2 1 2 1054 1056 260
64 2 2 1 2 1055 1056 1054
65 2 2 1 2 19 1057 1059
66 2 2 1 2 1057 268 1058
67 2 2 1 2 1059 1058 270
68 2 2 1 2 1057 1058 1059
69 2 2 1 2 268 1060 1062
70 2 2 1 2 1060 70 1061
71 2 2 1 2 1062 1061 269
72 2 2 1 2 1060 1061 1062
73 2 2 1 2 270 1063 1065
74 2 2 1 2 1063 269 1064
75 2 2 1 2 1065 1064 72
76 2 2 1 2 1063 1064 1065
77 2 2 1 2 268 1062 1058
78 2 2 1 2 1062 269 1063
79 2 2 1 2 1058 1063 270
80 2 2 1 2 1062 1063 1058
81 2 2 1 2 70 1066 1068
82 2 2 1 2 1066 271 1067
83 2 2 1 2 1068 1067 273
84 2 2 1 2 1066 1067 1068
85 2 2 1 2 271 1069 1071
86 2 2 1 2 1069 7 1070
87 2 2 1 2 1071 1070 272
88 2 2 1 2 1069 1070 1071
89 2 2 1 2 273 1072 1074
90 2 2 1 2 1072 272 1073
91 2 2 1 2 1074 1073 71
92 2 2 1 2 1072 1073 1074
93 2 2 1 2 271 1071 1067
94 2 2 1 2 1071 272 1072
95 2 2 1 2 1067 1072 273
96 2 2 1 2 1071 1072 1067
97 2 2 1 2 72 1075 1077
98 2 2 1 2 1075 274 1076
99 2 2 1 2 1077 1076 276
100 2 2 1 2 1075 1076 1077
101 2 2 1 2 274 1078 1080
102 2 2 1 2 1078 71 1079
103 2 2 1 2 1080 1079 275
104 2 2 1 2 1078 1079 1080
105 2 2 1 2 276 1081 1083
106 2 2 1 2 1081 275 1082
107 2 2 1 2 1083 1082 20
108 2 2 1 2 1081 1082 1083
109 2 2 1 2 274 1080 1076
110 2 2 1 2 1080 275 1081
111 2 2 1 2 1076 1081 276
112 2 2 1 2 1080 1081 1076
113 2 2 1 2 70 1068 1061
114 2 2 1 2 1068 273 1084
115 2 2 1 2 1061 1084 269
116 2 2 1 2 1068 1084 1061
117 2 2 1 2 273 1074 1085
118 2 2 1 2 1074 71 1078
119 2 2 1 2 1085 1078 274
120 2 2 1 2 1074 1078 1085
121 2 2 1 2 269 1086 1064
122 2 2 1 2 1086 274 1075
123 2 2 1 2 1064 1075 72
124 2 2 1 2 1086 1075 1064
125 2 2 1 2 273 1085 1084
126 2 2 1 2 1085 274 1086
127 2 2 1 2 1084 1086 269
128 2 2 1 2 1085 1086 1084
129 2 2 1 2 21 1087 1089
130 2 2 1 2 1087 277 1088
131 2 2 1 2 1089 1088 279
132 2 2 1 2 1087 1088 1089
133 2 2 1 2 277 1090 1092
134 2 2 1 2 1090 73 1091
135 2 2 1 2 1092 1091 278
136 2 2 1 2 1090 1091 1092
137 2 2 1 2 279 1093 1095
138 2 2 1 2 1093 278 1094
139 2 2 1 2 1095 1094 75
140 2 2 1 2 1093 1094 1095
141 2 2 1 2 277 1092 1088
142 2 2 1 2 1092 278 1093
143 2 2 1 2 1088 1093 279
144 2 2 1 2 1092 1093 1088
145 2 2 1 2 73 1096 1098
146 2 2 1 2 1096 280 1097
147 2 2 1 2 1098 1097 282
148 2 2 1 2 1096 1097 1098
149 2 2 1 2 280 1099 1101
150 2 2 1 2 1099 20 1100
151 2 2 1 2 1101 1100 281
152 2 2 1 2 1099 1100 1101
153 2 2 1 2 282 1102 1104
154 2 2 1 2 1102 281 1103
155 2 2 1 2 1104 1103 74
156 2 2 1 2 1102 1103 1104
157 2 2 1 2 280 1101 1097
158 2 2 1 2 1101 281 1102
159 2 2 1 2 1097 1102 282
160 2 2 1 2 1101 1102 1097
161 2 2 1 2 75 1105 1107
162 2 2 1 2 1105 283 1106
163 2 2 1 2 1107 1106 285
164 2 2 1 2 1105 1106 1107
165 2 2 1 2 283 1108 1110
166 2 2 1 2 1108 74 1109
167 2 2 1 2 1110 1109 284
168 2 2 1 2 1108 1109 1110
169 2 2 1 2 285 1111 1113
170 2 2 1 2 1111 284 1112
171 2 2 1 2 1113 1112 9
172 2 2 1 2 1111 1112 1113
173 2 2 1 2 283 1110 1106
174 2 2 1 2 1110 284 1111
175 2 2 1 2 1106 1111 285
176 2 2 1 2 1110 1111 1106
177 2 2 1 2 73 1098 1091
178 2 2 1 2 1098 282 1114
179 2 2 1 2 1091 1114 278
180 2 2 1 2 1098 1114 1091
181 2 2 1 2 282 1104 1115
182 2 2 1 2 1104 74 1108
183 2 2 1 2 1115 1108 283
184 2 2 1 2 1104 1108 1115
185 2 2 1 2 278 1116 1094
186 2 2 1 2 1116 283 1105
187 2 2 1 2 1094 1105 75
188 2 2 1 2 1116 1105 1094
189 2 2 1 2 282 1115 1114
190 2 2 1 2 1115 283 1116
191 2 2 1 2 1114 1116 278
192 2 2 1 2 1115 1116 1114
193 2 2 1 2 19 1059 1040
194 2 2 1 2 1059 270 1117
195 2 2 1 2 1040 1117 263
196 2 2 1 2 1059 1117 1040
197 2 2 1 2 270 1065 1119
198 2 2 1 2 1065 72 1118
199 2 2 1 2 1119 1118 286
200 2 2 1 2 1065 1118 1119
201 2 2 1 2 263 1120 1043
202 2 2 1 2 1120 286 1121
203 2 2 1 2 1043 1121 68
204 2 2 1 2 1120 1121 1043
205 2 2 1 2 270 1119 1117
206 2 2 1 2 1119 286 1120
207 2 2 1 2 1117 1120 263
208 2 2 1 2 1119 1120 1117
209 2 2 1 2 72 1077 1123
210 2 2 1 2 1077 276 1122
211 2 2 1 2 1123 1122 287
212 2 2 1 2 1077 1122 1123
213 2 2 1 2 276 1083 1124
214 2 2 1 2 1083 20 1099
215 2 2 1 2 1124 1099 280
216 2 2 1 2 1083 1099 1124
217 2 2 1 2 287 1125 1126
218 2 2 1 2 1125 280 1096
219 2 2 1 2 1126 1096 73
220 2 2 1 2 1125 1096 1126
221 2 2 1 2 276 1124 1122
222 2 2 1 2 1124 280 1125
223 2 2 1 2 1122 1125 287
224 2 2 1 2 1124 1125 1122
225 2 2 1 2 68 1127 1049
226 2 2 1 2 1127 288 1128
227 2 2 1 2 1049 1128 266
228 2 2 1 2 1127 1128 1049
229 2 2 1 2 288 1129 1130
230 2 2 1 2 1129 73 1090
231 2 2 1 2 1130 1090 277
232 2 2 1 2 1129 1090 1130
233 2 2 1 2 266 1131 1052
234 2 2 1 2 1131 277 1087
235 2 2 1 2 1052 1087 21
236 2 2 1 2 1131 1087 1052
237 2 2 1 2 288 1130 1128
238 2 2 1 2 1130 277 1131
239 2 2 1 2 1128 1131 266
240 2 2 1 2 1130 1131 1128
241 2 2 1 2 72 1123 1118
242 2 2 1 2 1123 287 1132
243 2 2 1 2 1118 1132 286
244 2 2 1 2 1123 1132 1118
245 2 2 1 2 287 1126 1133
246 2 2 1 2 1126 73 1129
247 2 2 1 2 1133 1129 288
248 2 2 1 2 1126 1129 1133
249 2 2 1 2 286 1134 1121
250 2 2 1 2 1134 288 1127
251 2 2 1 2 1121 1127 68
252 2 2 1 2 1134 1127 1121
253 2 2 1 2 287 1133 1132
254 2 2 1 2 1133 288 1134
255 2 2 1 2 1132 1134 286
256 2 2 1 2 1133 1134 1132
257 2 2 1 2 7 1135 1137
258 2 2 1 2 1135 289 1136
259 2 2 1 2 1137 1136 291
260 2 2 1 2 1135 1136 1137
261 2 2 1 2 289 1138 1140
262 2 2 1 2 1138 76 1139
263 2 2 1 2 1140 1139 290
264 2 2 1 2 1138 1139 1140
265 2 2 1 2 291 1141 1143
266 2 2 1 2 1141 290 1142
267 2 2 1 2 1143 1142 78
268 2 2 1 2 1141 1142 1143
269 2 2 1 2 289 1140 1136
270 2 2 1 2 1140 290 1141
271 2 2 1 2 1136 1141 291
272 2 2 1 2 1140 1141 1136
273 2 2 1 2 76 1144 1146
274 2 2 1 2 1144 292 1145
275 2 2 1 2 1146 1145 294
276 2 2 1 2 1144 1145 1146
277 2 2 1 2 292 1147 1149
278 2 2 1 2 1147 22 1148
279 2 2 1 2 1149 1148 293
280 2 2 1 2 1147 1148 1149
281 2 2 1 2 294 1150 1152
282 2 2 1 2 1150 293 1151
283 2 2 1 2 1152 1151 77
284 2 2 1 2 1150 1151 1152
285 2 2 1 2 292 1149 1145
286 2 2 1 2 1149 293 1150
287 2 2 1 2 1145 1150 294
288 2 2 1 2 1149 1150 1145
289 2 2 1 2 78 1153 1155
290 2 2 1 2 1153 295 1154
291 2 2 1 2 1155 1154 297
292 2 2 1 2 1153 1154 1155
293 2 2 1 2 295 1156 1158
294 2 2 1 2 1156 77 1157
295 2 2 1 2 1158 1157 296
296 2 2 1 2 1156 1157 1158
297 2 2 1 2 297 1159 1161
298 2 2 1 2 1159 296 1160
299 2 2 1 2 1161 1160 24
300 2 2 1 2 1159 1160 1161
301 2 2 1 2 295 1158 1154
302 2 2 1 2 1158 296 1159
303 2 2 1 2 1154 1159 297
304 2 2 1 2 1158 1159 1154
305 2 2 1 2 76 1146 1139
306 2 2 1 2 1146 294 1162
307 2 2 1 2 1139 1162 290
308 2 2 1 2 1146 1162 1139
309 2 2 1 2 294 1152 1163
310 2 2 1 2 1152 77 1156
311 2 2 1 2 1163 1156 295
312 2 2 1 2 1152 1156 1163
313 2 2 1 2 290 1164 1142
314 2 2 1 2 1164 295 1153
315 2 2 1 2 1142 1153 78
316 2 2 1 2 1164 1153 1142
317 2 2 1 2 294 1163 1162
318 2 2 1 2 1163 295 1164
319 2 2 1 2 1162 1164 290
320 2 2 1 2 1163 1164 1162
321 2 2 1 2 22 1165 1167
322 2 2 1 2 1165 298 1166
323 2 2 1 2 1167 1166 300
324 2 2 1 2 1165 1166 1167
325 2 2 1 2 298 1168 1170
326 2 2 1 2 1168 79 1169
327 2 2 1 2 1170 1169 299
328 2 2 1 2 1168 1169 1170
329 2 2 1 2 300 1171 1173
330 2 2 1 2 1171 299 1172
331 2 2 1 2 1173 1172 81
332 2 2 1 2 1171 1172 1173
333 2 2 1 2 298 1170 1166
334 2 2 1 2 1170 299 1171
335 2 2 1 2 1166 1171 300
336 2 2 1 2 1170 1171 1166
337 2 2 1 2 79 1174 1176
338 2 2 1 2 1174 301 1175
339 2 2 1 2 1176 1175 303
340 2 2 1 2 1174 1175 1176
341 2 2 1 2 301 1177 1179
342 2 2 1 2 1177 2 1178
343 2 2 1 2 1179 1178 302
344 2 2 1 2 1177 1178 1179
345 2 2 1 2 303 1180 1182
346 2 2 1 2 1180 302 1181
347 2 2 1 2 1182 1181 80
348 2 2 1 2 1180 1181 1182
349 2 2 1 2 301 1179 1175
350 2 2 1 2 1179 302 1180
351 2 2 1 2 1175 1180 303
352 2 2 1 2 1179 1180 1175
353 2 2 1 2 81 1183 1185
354 2 2 1 2 1183 304 1184
355 2 2 1 2 1185 1184 306
356 2 2 1 2 1183 1184 1185
357 2 2 1 2 304 1186 1188
358 2 2 1 2 1186 80 1187
359 2 2 1 2 1188 1187 305
360 2 2 1 2 1186 1187 1188
361 2 2 1 2 306 1189 1191
362 2 2 1 2 1189 305 1190
363 2 2 1 2 1191 1190 23
364 2 2 1 2 1189 1190 1191
365 2 2 1 2 304 1188 1184
366 2 2 1 2 1188 305 1189
367 2 2 1 2 1184 1189 306
368 2 2 1 2 1188 1189 1184
369 2 2 1 2 79 1176 1169
370 2 2 1 2 1176 303 1192
371 2 2 1 2 1169 1192 299
372 2 2 1 2 1176 1192 1169
373 2 2 1 2 303 1182 1193
374 2 2 1 2 1182 80 1186
375 2 2 1 2 1193 1186 304
376 2 2 1 2 1182 1186 1193
377 2 2 1 2 299 1194 1172
378 2 2 1 2 1194 304 1183
379 2 2 1 2 1172 1183 81
380 2 2 1 2 1194 1183 1172
381 2 2 1 2 303 1193 1192
382 2 2 1 2 1193 304 1194
383 2 2 1 2 1192 1194 299
384 2 2 1 2 1193 1194 1192
385 2 2 1 2 24 1195 1197
386 2 2 1 2 1195 307 1196
387 2 2 1 2 1197 1196 309
388 2 2 1 2 1195 1196 1197
389 2 2 1 2 307 1198 1200
390 2 2 1 2 1198 82 1199
391 2 2 1 2 1200 1199 308
392 2 2 1 2 1198 1199 1200
393 2 2 1 2 309 1201 1203
394 2 2 1 2 1201 308 1202
395 2 2 1 2 1203 1202 84
396 2 2 1 2 1201 1202 1203
397 2 2 1 2 307 1200 1196
398 2 2 1 2 1200 308 1201
399 2 2 1 2 1196 1201 309
400 2 2 1 2 1200 1201 1196
401 2 2 1 2 82 1204 1206
402 2 2 1 2 1204 310 1205
403 2 2 1 2 1206 1205 312
404 2 2 1 2 1204 1205 1206
405 2 2 1 2 310 1207 1209
406 2 2 1 2 1207 23 1208
407 2 2 1 2 1209 1208 311
408 2 2 1 2 1207 1208 1209
409 2 2 1 2 312 1210 1212
410 2 2 1 2 1210 311 1211
411 2 2 1 2 1212 1211 83
412 2 2 1 2 1210 1211 1212
413 2 2 1 2 310 1209 1205
414 2 2 1 2 1209 311 1210
415 2 2 1 2 1205 1210 312
416 2 2 1 2 1209 1210 1205
417 2 2 1 2 84 1213 1215
418 2 2 1 2 1213 313 1214
419 2 2 1 2 1215 1214 315
420 2 2 1 2 1213 1214 1215
421 2 2 1 2 313 1216 1218
422 2 2 1 2 1216 83 1217
423 2 2 1 2 1218 1217 314
424 2 2 1 2 1216 1217 1218
425 2 2 1 2 315 1219 1221
426 2 2 1 2 1219 314 1220
427 2 2 1 2 1221 1220 8
428 2 2 1 2 1219 1220 1221
429 2 2 1 2 313 1218 1214
430 2 2 1 2 1218 314 1219
431 2 2 1 2 1214 1219 315
432 2 2 1 2 1218 1219 1214
433 2 2 1 2 82 1206 1199
434 2 2 1 2 1206 312 1222
435 2 2 1 2 1199 1222 308
436 2 2 1 2 1206 1222 1199
437 2 2 1 2 312 1212 1223
438 2 2 1 2 1212 83 1216
439 2 2 1 2 1223 1216 313
440 2 2 1 2 1212 1216 1223
441 2 2 1 2 308 1224 1202
442 2 2 1 2 1224 313 1213
443 2 2 1 2 1202 1213 84
444 2 2 1 2 1224 1213 1202
445 2 2 1 2 312 1223 1222
446 2 2 1 2 1223 313 1224
447 2 2 1 2 1222 1224 308
448 2 2 1 2 1223 1224 1222
449 2 2 1 2 22 1167 1148
450 2 2 1 2 1167 300 1225
451 2 2 1 2 1148 1225 293
452 2 2 1 2 1167 1225 1148
453 2 2 1 2 300 1173 1227
454 2 2 1 2 1173 81 1226
455 2 2 1 2 1227 1226 316
456 2 2 1 2 1173 1226 1227
457 2 2 1 2 293 1228 1151
458 2 2 1 2 1228 316 1229
459 2 2 1 2 1151 1229 77
460 2 2 1 2 1228 1229 1151
461 2 2 1 2 300 1227 1225
462 2 2 1 2 1227 316 1228
463 2 2 1 2 1225 1228 293
464 2 2 1 2 1227 1228 1225
465 2 2 1 2 81 1185 1231
466 2 2 1 2 1185 306 1230
467 2 2 1 2 1231 1230 317
468 2 2 1 2 1185 1230 1231
469 2 2 1 2 306 1191 1232
470 2 2 1 2 1191 23 1207
471 2 2 1 2 1232 1207 310
472 2 2 1 2 1191 1207 1232
473 2 2 1 2 317 1233 1234
474 2 2 1 2 1233 310 1204
475 2 2 1 2 1234 1204 82
476 2 2 1 2 1233 1204 1234
477 2 2 1 2 306 1232 1230
478 2 2 1 2 1232 310 1233
479 2 2 1 2 1230 1233 317
480 2 2 1 2 1232 1233 1230
481 2 2 1 2 77 1235 1157
482 2 2 1 2 1235 318 1236
483 2 2 1 2 1157 1236 296
484 2 2 1 2 1235 1236 1157
485 2 2 1 2 318 1237 1238
486 2 2 1 2 1237 82 1198
487 2 2 1 2 1238 1198 307
488 2 2 1 2 1237 1198 1238
489 2 2 1 2 296 1239 1160
490 2 2 1 2 1239 307 1195
491 2 2 1 2 1160 1195 24
492 2 2 1 2 1239 1195 1160
493 2 2 1 2 318 1238 1236
494 2 2 1 2 1238 307 1239
495 2 2 1 2 1236 1239 296
496 2 2 1 2 1238 1239 1236
497 2 2 1 2 81 1231 1226
498 2 2 1 2 1231 317 1240
499 2 2 1 2 1226 1240 316
500 2 2 1 2 1231 1240 1226
501 2 2 1 2 317 1234 1241
502 2 2 1 2 1234 82 1237
503 2 2 1 2 1241 1237 318
504 2 2 1 2 1234 1237 1241
505 2 2 1 2 316 1242 1229
506 2 2 1 2 1242 318 1235
507 2 2 1 2 1229 1235 77
508 2 2 1 2 1242 1235 1229
509 2 2 1 2 317 1241 1240
510 2 2 1 2 1241 318 1242
511 2 2 1 2 1240 1242 316
512 2 2 1 2 1241 1242 1240
513 2 2 1 2 9 1243 1245
514 2 2 1 2 1243 319 1244
515 2 2 1 2 1245 1244 321
516 2 2 1 2 1243 1244 1245
517 2 2 1 2 319 1246 1248
518 2 2 1 2 1246 85 1247
519 2 2 1 2 1248 1247 320
520 2 2 1 2 1246 1247 1248
521 2 2 1 2 321 1249 1251
522 2 2 1 2 1249 320 1250
523 2 2 1 2 1251 1250 87
524 2 2 1 2 1249 1250 1251
525 2 2 1 2 319 1248 1244
526 2 2 1 2 1248 320 1249
527 2 2 1 2 1244 1249 321
528 2 2 1 2 1248 1249 1244
529 2 2 1 2 85 1252 1254
530 2 2 1 2 1252 322 1253
531 2 2 1 2 1254 1253 324
532 2 2 1 2 1252 1253 1254
533 2 2 1 2 322 1255 1257
534 2 2 1 2 1255 25 1256
535 2 2 1 2 1257 1256 323
536 2 2 1 2 1255 1256 1257
537 2 2 1 2 324 1258 1260
538 2 2 1 2 1258 323 1259
539 2 2 1 2 1260 1259 86
540 2 2 1 2 1258 1259 1260
541 2 2 1 2 322 1257 1253
542 2 2 1 2 1257 323 1258
543 2 2 1 2 1253 1258 324
544 2 2 1 2 1257 1258 1253
545 2 2 1 2 87 1261 1263
546 2 2 1 2 1261 325 1262
547 2 2 1 2 1263 1262 327
548 2 2 1 2 1261 1262 1263
549 2 2 1 2 325 1264 1266
550 2 2 1 2 1264 86 1265
551 2 2 1 2 1266 1265 326
552 2 2 1 2 1264 1265 1266
553 2 2 1 2 327 1267 1269
554 2 2 1 2 1267 326 1268
555 2 2 1 2 1269 1268 27
556 2 2 1 2 1267 1268 1269
557 2 2 1 2 325 1266 1262
558 2 2 1 2 1266 326 1267
559 2 2 1 2 1262 1267 327
560 2 2 1 2 1266 1267 1262
561 2 2 1 2 85 1254 1247
562 2 2 1 2 1254 324 1270
563 2 2 1 2 1247 1270 320
564 2 2 1 2 1254 1270 1247
565 2 2 1 2 324 1260 1271
566 2 2 1 2 1260 86 1264
567 2 2 1 2 1271 1264 325
568 2 2 1 2 1260 1264 1271
569 2 2 1 2 320 1272 1250
570 2 2 1 2 1272 325 1261
571 2 2 1 2 1250 1261 87
572 2 2 1 2 1272 1261 1250
573 2 2 1 2 324 1271 1270
574 2 2 1 2 1271 325 1272
575 2 2 1 2 1270 1272 320
576 2 2 1 2 1271 1272 1270
577 2 2 1 2 25 1273 1275
578 2 2 1 2 1273 328 1274
579 2 2 1 2 1275 1274 330
580 2 2 1 2 1273 1274 1275
581 2 2 1 2 328 1276 1278
582 2 2 1 2 1276 88 1277
583 2 2 1 2 1278 1277 329
584 2 2 1 2 1276 1277 1278
585 2 2 1 2 330 1279 1281
586 2 2 1 2 1279 329 1280
587 2 2 1 2 1281 1280 90
588 2 2 1 2 1279 1280 1281
589 2 2 1 2 328 1278 1274
590 2 2 1 2 1278 329 1279
591 2 2 1 2 1274 1279 330
592 2 2 1 2 1278 1279 1274
593 2 2 1 2 88 1282 1284
594 2 2 1 2 1282 331 1283
595 2 2 1 2 1284 1283 333
596 2 2 1 2 1282 1283 1284
597 2 2 1 2 331 1285 1287
598 2 2 1 2 1285 8 1286
599 2 2 1 2 1287 1286 332
600 2 2 1 2 1285 1286 1287
601 2 2 1 2 333 1288 1290
602 2 2 1 2 1288 332 1289
603 2 2 1 2 1290 1289 89
604 2 2 1 2 1288 1289 1290
605 2 2 1 2 331 1287 1283
606 2 2 1 2 1287 332 1288
607 2 2 1 2 1283 1288 333
608 2 2 1 2 1287 1288 1283
609 2 2 1 2 90 1291 1293
610 2 2 1 2 1291 334 1292
611 2 2 1 2 1293 1292 336
612 2 2 1 2 1291 1292 1293
613 2 2 1 2 334 1294 1296
614 2 2 1 2 1294 89 1295
615 2 2 1 2 1296 1295 335
616 2 2 1 2 1294 1295 1296
617 2 2 1 2 336 1297 1299
618 2 2 1 2 1297 335 1298
619 2 2 1 2 1299 1298 26
620 2 2 1 2 1297 1298 1299
621 2 2 1 2 334 1296 1292
622 2 2 1 2 1296 335 1297
623 2 2 1 2 1292 1297 336
624 2 2 1 2 1296 1297 1292
625 2 2 1 2 88 1284 1277
626 2 2 1 2 1284 333 1300
627 2 2 1 2 1277 1300 329
628 2 2 1 2 1284 1300 1277
629 2 2 1 2 333 1290 1301
630 2 2 1 2 1290 89 1294
631 2 2 1 2 1301 1294 334
632 2 2 1 2 1290 1294 1301
633 2 2 1 2 329 1302 1280
634 2 2 1 2 1302 334 1291
635 2 2 1 2 1280 1291 90
636 2 2 1 2 1302 1291 1280
637 2 2 1 2 333 1301 1300
638 2 2 1 2 1301 334 1302
639 2 2 1 2 1300 1302 329
640 2 2 1 2 1301 1302 1300
641 2 2 1 2 27 1303 1305
642 2 2 1 2 1303 337 1304
643 2 2 1 2 1305 1304 339
644 2 2 1 2 1303 1304 1305
645 2 2 1 2 337 1306 1308
646 2 2 1 2 1306 91 1307
647 2 2 1 2 1308 1307 338
648 2 2 1 2 1306 1307 1308
649 2 2 1 2 339 1309 1311
650 2 2 1 2 1309 338 1310
651 2 2 1 2 1311 1310 93
652 2 2 1 2 1309 1310 1311
653 2 2 1 2 337 1308 1304
654 2 2 1 2 1308 338 1309
655 2 2 1 2 1304 1309 339
656 2 2 1 2 1308 1309 1304
657 2 2 1 2 91 1312 1314
658 2 2 1 2 1312 340 1313
659 2 2 1 2 1314 1313 342
660 2 2 1 2 1312 1313 1314
661 2 2 1 2 340 1315 1317
662 2 2 1 2 1315 26 1316
663 2 2 1 2 1317 1316 341
664 2 2 1 2 1315 1316 1317
665 2 2 1 2 342 1318 1320
666 2 2 1 2 1318 341 1319
667 2 2 1 2 1320 1319 92
668 2 2 1 2 1318 1319 1320
669 2 2 1 2 340 1317 1313
670 2 2 1 2 1317 341 1318
671 2 2 1 2 1313 1318 342
672 2 2 1 2 1317 1318 1313
673 2 2 1 2 93 1321 1323
674 2 2 1 2 1321 343 1322
675 2 2 1 2 1323 1322 345
676 2 2 1 2 1321 1322 1323
677 2 2 1 2 343 1324 1326
678 2 2 1 2 1324 92 1325
679 2 2 1 2 1326 1325 344
680 2 2 1 2 1324 1325 1326
681 2 2 1 2 345 1327 1329
682 2 2 1 2 1327 344 1328
683 2 2 1 2 1329 1328 3
684 2 2 1 2 1327 1328 1329
685 2 2 1 2 343 1326 1322
686 2 2 1 2 1326 344 1327
687 2 2 1 2 1322 1327 345
688 2 2 1 2 1326 1327 1322
689 2 2 1 2 91 1314 1307
690 2 2 1 2 1314 342 1330
691 2 2 1 2 1307 1330 338
692 2 2 1 2 1314 1330 1307
693 2 2 1 2 342 1320 1331
694 2 2 1 2 1320 92 1324
695 2 2 1 2 1331 1324 343
696 2 2 1 2 1320 1324 1331
697 2 2 1 2 338 1332 1310
698 2 2 1 2 1332 343 1321
699 2 2 1 2 1310 1321 93
700 2 2 1 2 1332 1321 1310
701 2 2 1 2 342 1331 1330
702 2 2 1 2 1331 343 1332
703 2 2 1 2 1330 1332 338
704 2 2 1 2 1331 1332 1330
705 2 2 1 2 25 1275 1256
706 2 2 1 2 1275 330 1333
707 2 2 1 2 1256 1333 323
708 2 2 1 2 1275 1333 1256
709 2 2 1 2 330 1281 1335
710 2 2 1 2 1281 90 1334
711 2 2 1 2 1335 1334 346
712 2 2 1 2 1281 1334 1335
713 2 2 1 2 323 1336 1259
714 2 2 1 2 1336 346 1337
715 2 2 1 2 1259 1337 86
716 2 2 1 2 1336 1337 1259
717 2 2 1 2 330 1335 1333
718 2 2 1 2 1335 346 1336
719 2 2 1 2 1333 1336 323
720 2 2 1 2 1335 1336 1333
721 2 2 1 2 90 1293 1339
722 2 2 1 2 1293 336 1338
723 2 2 1 2 1339 1338 347
724 2 2 1 2 1293 1338 1339
725 2 2 1 2 336 1299 1340
726 2 2 1 2 1299 26 1315
727 2 2 1 2 1340 1315 340
728 2 2 1 2 1299 1315 1340
729 2 2 1 2 347 1341 1342
730 2 2 1 2 1341 340 1312
731 2 2 1 2 1342 1312 91
732 2 2 1 2 1341 1312 1342
733 2 2 1 2 336 1340 1338
734 2 2 1 2 1340 340 1341
735 2 2 1 2 1338 1341 347
736 2 2 1 2 1340 1341 1338
737 2 2 1 2 86 1343 1265
738 2 2 1 2 1343 348 1344
739 2 2 1 2 1265 1344 326
740 2 2 1 2 1343 1344 1265
741 2 2 1 2 348 1345 1346
742 2 2 1 2 1345 91 1306
743 2 2 1 2 1346 1306 337
744 2 2 1 2 1345 1306 1346
745 2 2 1 2 326 1347 1268
746 2 2 1 2 1347 337 1303
747 2 2 1 2 1268 1303 27
748 2 2 1 2 1347 1303 1268
749 2 2 1 2 348 1346 1344
750 2 2 1 2 1346 337 1347
751 2 2 1 2 1344 1347 326
752 2 2 1 2 1346 1347 1344
753 2 2 1 2 90 1339 1334
754 2 2 1 2 1339 347 1348
755 2 2 1 2 1334 1348 346
756 2 2 1 2 1339 1348 1334
757 2 2 1 2 347 1342 1349
758 2 2 1 2 1342 91 1345
759 2 2 1 2 1349 1345 348
760 2 2 1 2 1342 1345 1349
761 2 2 1 2 346 1350 1337
762 2 2 1 2 1350 348 1343
763 2 2 1 2 1337 1343 86
764 2 2 1 2 1350 1343 1337
765 2 2 1 2 347 1349 1348
766 2 2 1 2 1349 348 1350
767 2 2 1 2 1348 1350 346
768 2 2 1 2 1349 1350 1348
769 2 2 1 2 7 1137 1070
770 2 2 1 2 1137 291 1351
771 2 2 1 2 1070 1351 272
772 2 2 1 2 1137 1351 1070
773 2 2 1 2 291 1143 1353
774 2 2 1 2 1143 78 1352
775 2 2 1 2 1353 1352 349
776 2 2 1 2 1143 1352 1353
777 2 2 1 2 272 1354 1073
778 2 2 1 2 1354 349 1355
779 2 2 1 2 1073 1355 71
780 2 2 1 2 1354 1355 1073
781 2 2 1 2 291 1353 1351
782 2 2 1 2 1353 349 1354
783 2 2 1 2 1351 1354 272
784 2 2 1 2 1353 1354 1351
785 2 2 1 2 78 1155 1357
786 2 2 1 2 1155 297 1356
787 2 2 1 2 1357 1356 351
788 2 2 1 2 1155 1356 1357
789 2 2 1 2 297 1161 1359
790 2 2 1 2 1161 24 1358
791 2 2 1 2 1359 1358 350
792 2 2 1 2 1161 1358 1359
793 2 2 1 2 351 1360 1362
794 2 2 1 2 1360 350 1361
795 2 2 1 2 1362 1361 94
796 2 2 1 2 1360 1361 1362
797 2 2 1 2 297 1359 1356
798 2 2 1 2 1359 350 1360
799 2 2 1 2 1356 1360 351
800 2 2 1 2 1359 1360 1356
801 2 2 1 2 71 1363 1079
802 2 2 1 2 1363 352 1364
803 2 2 1 2 1079 1364 275
804 2 2 1 2 1363 1364 1079
805 2 2 1 2 352 1365 1367
806 2 2 1 2 1365 94 1366
807 2 2 1 2 1367 1366 353
808 2 2 1 2 1365 1366 1367
809 2 2 1 2 275 1368 1082
810 2 2 1 2 1368 353 1369
811 2 2 1 2 1082 1369 20
812 2 2 1 2 1368 1369 1082
813 2 2 1 2 352 1367 1364
814 2 2 1 2 1367 353 1368
815 2 2 1 2 1364 1368 275
816 2 2 1 2 1367 1368 1364
817 2 2 1 2 78 1357 1352
818 2 2 1 2 1357 351 1370
819 2 2 1 2 1352 1370 349
820 2 2 1 2 1357 1370 1352
821 2 2 1 2 351 1362 1371
822 2 2 1 2 1362 94 1365
823 2 2 1 2 1371 1365 352
824 2 2 1 2 1362 1365 1371
825 2 2 1 2 349 1372 1355
826 2 2 1 2 1372 352 1363
827 2 2 1 2 1355 1363 71
828 2 2 1 2 1372 1363 1355
829 2 2 1 2 351 1371 1370
830 2 2 1 2 1371 352 1372
831 2 2 1 2 1370 1372 349
832 2 2 1 2 1371 1372 1370
833 2 2 1 2 24 1197 1374
834 2 2 1 2 1197 309 1373
835 2 2 1 2 1374 1373 355
836 2 2 1 2 1197 1373 1374
837 2 2 1 2 309 1203 1376
838 2 2 1 2 1203 84 1375
839 2 2 1 2 1376 1375 354
840 2 2 1 2 1203 1375 1376
841 2 2 1 2 355 1377 1379
842 2 2 1 2 1377 354 1378
843 2 2 1 2 1379 1378 95
844 2 2 1 2 1377 1378 1379
845 2 2 1 2 309 1376 1373
846 2 2 1 2 1376 354 1377
847 2 2 1 2 1373 1377 355
848 2 2 1 2 1376 1377 1373
849 2 2 1 2 84 1215 1381
850 2 2 1 2 1215 315 1380
851 2 2 1 2 1381 1380 356
852 2 2 1 2 1215 1380 1381
853 2 2 1 2 315 1221 1382
854 2 2 1 2 1221 8 1285
855 2 2 1 2 1382 1285 331
856 2 2 1 2 1221 1285 1382
857 2 2 1 2 356 1383 1384
858 2 2 1 2 1383 331 1282
859 2 2 1 2 1384 1282 88
860 2 2 1 2 1383 1282 1384
861 2 2 1 2 315 1382 1380
862 2 2 1 2 1382 331 1383
863 2 2 1 2 1380 1383 356
864 2 2 1 2 1382 1383 1380
865 2 2 1 2 95 1385 1387
866 2 2 1 2 1385 357 1386
867 2 2 1 2 1387 1386 358
868 2 2 1 2 1385 1386 1387
869 2 2 1 2 357 1388 1389
870 2 2 1 2 1388 88 1276
871 2 2 1 2 1389 1276 328
872 2 2 1 2 1388 1276 1389
873 2 2 1 2 358 1390 1391
874 2 2 1 2 1390 328 1273
875 2 2 1 2 1391 1273 25
876 2 2 1 2 1390 1273 1391
877 2 2 1 2 357 1389 1386
878 2 2 1 2 1389 328 1390
879 2 2 1 2 1386 1390 358
880 2 2 1 2 1389 1390 1386
881 2 2 1 2 84 1381 1375
882 2 2 1 2 1381 356 1392
883 2 2 1 2 1375 1392 354
884 2 2 1 2 1381 1392 1375
885 2 2 1 2 356 1384 1393
886 2 2 1 2 1384 88 1388
887 2 2 1 2 1393 1388 357
888 2 2 1 2 1384 1388 1393
889 2 2 1 2 354 1394 1378
890 2 2 1 2 1394 357 1385
891 2 2 1 2 1378 1385 95
892 2 2 1 2 1394 1385 1378
893 2 2 1 2 356 1393 1392
894 2 2 1 2 1393 357 1394
895 2 2 1 2 1392 1394 354
896 2 2 1 2 1393 1394 1392
897 2 2 1 2 20 1395 1100
898 2 2 1 2 1395 359 1396
899 2 2 1 2 1100 1396 281
900 2 2 1 2 1395 1396 1100
901 2 2 1 2 359 1397 1399
902 2 2 1 2 1397 96 1398
903 2 2 1 2 1399 1398 360
904 2 2 1 2 1397 1398 1399
905 2 2 1 2 281 1400 1103
906 2 2 1 2 1400 360 1401
907 2 2 1 2 1103 1401 74
908 2 2 1 2 1400 1401 1103
909 2 2 1 2 359 1399 1396
910 2 2 1 2 1399 360 1400
911 2 2 1 2 1396 1400 281
912 2 2 1 2 1399 1400 1396
913 2 2 1 2 96 1402 1404
914 2 2 1 2 1402 361 1403
915 2 2 1 2 1404 1403 362
916 2 2 1 2 1402 1403 1404
917 2 2 1 2 361 1405 1406
918 2 2 1 2 1405 25 1255
919 2 2 1 2 1406 1255 322
920 2 2 1 2 1405 1255 1406
921 2 2 1 2 362 1407 1408
922 2 2 1 2 1407 322 1252
923 2 2 1 2 1408 1252 85
924 2 2 1 2 1407 1252 1408
925 2 2 1 2 361 1406 1403
926 2 2 1 2 1406 322 1407
927 2 2 1 2 1403 1407 362
928 2 2 1 2 1406 1407 1403
929 2 2 1 2 74 1409 1109
930 2 2 1 2 1409 363 1410
931 2 2 1 2 1109 1410 284
932 2 2 1 2 1409 1410 1109
933 2 2 1 2 363 1411 1412
934 2 2 1 2 1411 85 1246
935 2 2 1 2 1412 1246 319
936 2 2 1 2 1411 1246 1412
937 2 2 1 2 284 1413 1112
938 2 2 1 2 1413 319 1243
939 2 2 1 2 1112 1243 9
940 2 2 1 2 1413 1243 1112
941 2 2 1 2 363 1412 1410
942 2 2 1 2 1412 319 1413
943 2 2 1 2 1410 1413 284
944 2 2 1 2 1412 1413 1410
945 2 2 1 2 96 1404 1398
946 2 2 1 2 1404 362 1414
947 2 2 1 2 1398 1414 360
948 2 2 1 2 1404 1414 1398
949 2 2 1 2 362 1408 1415
950 2 2 1 2 1408 85 1411
951 2 2 1 2 1415 1411 363
952 2 2 1 2 1408 1411 1415
953 2 2 1 2 360 1416 1401
954 2 2 1 2 1416 363 1409
955 2 2 1 2 1401 1409 74
956 2 2 1 2 1416 1409 1401
957 2 2 1 2 362 1415 1414
958 2 2 1 2 1415 363 1416
959 2 2 1 2 1414 1416 360
960 2 2 1 2 1415 1416 1414
961 2 2 1 2 24 1374 1358
962 2 2 1 2 1374 355 1417
963 2 2 1 2 1358 1417 350
964 2 2 1 2 1374 1417 1358
965 2 2 1 2 355 1379 1419
966 2 2 1 2 1379 95 1418
967 2 2 1 2 1419 1418 364
968 2 2 1 2 1379 1418 1419
969 2 2 1 2 350 1420 1361
970 2 2 1 2 1420 364 1421
971 2 2 1 2 1361 1421 94
972 2 2 1 2 1420 1421 1361
973 2 2 1 2 355 1419 1417
974 2 2 1 2 1419 364 1420
975 2 2 1 2 1417 1420 350
976 2 2 1 2 1419 1420 1417
977 2 2 1 2 95 1387 1423
978 2 2 1 2 1387 358 1422
979 2 2 1 2 1423 1422 365
980 2 2 1 2 1387 1422 1423
981 2 2 1 2 358 1391 1424
982 2 2 1 2 1391 25 1405
983 2 2 1 2 1424 1405 361
984 2 2 1 2 1391 1405 1424
985 2 2 1 2 365 1425 1426
986 2 2 1 2 1425 361 1402
987 2 2 1 2 1426 1402 96
988 2 2 1 2 1425 1402 1426
989 2 2 1 2 358 1424 1422
990 2 2 1 2 1424 361 1425
991 2 2 1 2 1422 1425 365
992 2 2 1 2 1424 1425 1422
993 2 2 1 2 94 1427 1366
994 2 2 1 2 1427 366 1428
995 2 2 1 2 1366 1428 353
996 2 2 1 2 1427 1428 1366
997 2 2 1 2 366 1429 1430
998 2 2 1 2 1429 96 1397
999 2 2 1 2 1430 1397 359
1000 2 2 1 2 1429 1397 1430
1001 2 2 1 2 353 1431 1369
1002 2 2 1 2 1431 359 1395
1003 2 2 1 2 1369 1395 20
1004 2 2 1 2 1431 1395 1369
1005 2 2 1 2 366 1430 1428
1006 2 2 1 2 1430 359 1431
1007 2 2 1 2 1428 1431 353
1008 2 2 1 2 1430 1431 1428
1009 2 2 1 2 95 1423 1418
1010 2 2 1 2 1423 365 1432
1011 2 2 1 2 1418 1432 364
1012 2 2 1 2 1423 1432 1418
1013 2 2 1 2 365 1426 1433
1014 2 2 1 2 1426 96 1429
1015 2 2 1 2 1433 1429 366
1016 2 2 1 2 1426 1429 1433
1017 2 2 1 2 364 1434 1421
1018 2 2 1 2 1434 366 1427
1019 2 2 1 2 1421 1427 94
1020 2 2 1 2 1434 1427 1421
1021 2 2 1 2 365 1433 1432
1022 2 2 1 2 1433 366 1434
1023 2 2 1 2 1432 1434 364
1024 2 2 1 2 1433 1434 1432
1025 2 2 1 2 2 1435 1178
1026 2 2 1 2 1435 367 1436
1027 2 2 1 2 1178 1436 302
1028 2 2 1 2 1435 1436 1178
1029 2 2 1 2 367 1437 1439
1030 2 2 1 2 1437 97 1438
1031 2 2 1 2 1439 1438 368
1032 2 2 1 2 1437 1438 1439
1033 2 2 1 2 302 1440 1181
1034 2 2 1 2 1440 368 1441
1035 2 2 1 2 1181 1441 80
1036 2 2 1 2 1440 1441 1181
1037 2 2 1 2 367 1439 1436
1038 2 2 1 2 1439 368 1440
1039 2 2 1 2 1436 1440 302
1040 2 2 1 2 1439 1440 1436
1041 2 2 1 2 97 1442 1444
1042 2 2 1 2 1442 369 1443
1043 2 2 1 2 1444 1443 371
1044 2 2 1 2 1442 1443 1444
1045 2 2 1 2 369 1445 1447
1046 2 2 1 2 1445 28 1446
1047 2 2 1 2 1447 1446 370
1048 2 2 1 2 1445 1446 1447
1049 2 2 1 2 371 1448 1450
1050 2 2 1 2 1448 370 1449
1051 2 2 1 2 1450 1449 98
1052 2 2 1 2 1448 1449 1450
1053 2 2 1 2 369 1447 1443
1054 2 2 1 2 1447 370 1448
1055 2 2 1 2 1443 1448 371
1056 2 2 1 2 1447 1448 1443
1057 2 2 1 2 80 1451 1187
1058 2 2 1 2 1451 372 1452
1059 2 2 1 2 1187 1452 305
1060 2 2 1 2 1451 1452 1187
1061 2 2 1 2 372 1453 1455
1062 2 2 1 2 1453 98 1454
1063 2 2 1 2 1455 1454 373
1064 2 2 1 2 1453 1454 1455
1065 2 2 1 2 305 1456 1190
1066 2 2 1 2 1456 373 1457
1067 2 2 1 2 1190 1457 23
1068 2 2 1 2 1456 1457 1190
1069 2 2 1 2 372 1455 1452
1070 2 2 1 2 1455 373 1456
1071 2 2 1 2 1452 1456 305
1072 2 2 1 2 1455 1456 1452
1073 2 2 1 2 97 1444 1438
1074 2 2 1 2 1444 371 1458
1075 2 2 1 2 1438 1458 368
1076 2 2 1 2 1444 1458 1438
1077 2 2 1 2 371 1450 1459
1078 2 2 1 2 1450 98 1453
1079 2 2 1 2 1459 1453 372
1080 2 2 1 2 1450 1453 1459
1081 2 2 1 2 368 1460 1441
1082 2 2 1 2 1460 372 1451
1083 2 2 1 2 1441 1451 80
1084 2 2 1 2 1460 1451 1441
1085 2 2 1 2 371 1459 1458
1086 2 2 1 2 1459 372 1460
1087 2 2 1 2 1458 1460 368
1088 2 2 1 2 1459 1460 1458
1089 2 2 1 2 28 1461 1463
1090 2 2 1 2 1461 374 1462
1091 2 2 1 2 1463 1462 376
1092 2 2 1 2 1461 1462 1463
1093 2 2 1 2 374 1464 1466
1094 2 2 1 2 1464 99 1465
1095 2 2 1 2 1466 1465 375
1096 2 2 1 2 1464 1465 1466
1097 2 2 1 2 376 1467 1469
1098 2 2 1 2 1467 375 1468
1099 2 2 1 2 1469 1468 101
1100 2 2 1 2 1467 1468 1469
1101 2 2 1 2 374 1466 1462
1102 2 2 1 2 1466 375 1467
1103 2 2 1 2 1462 1467 376
1104 2 2 1 2 1466 1467 1462
1105 2 2 1 2 99 1470 1472
1106 2 2 1 2 1470 377 1471
1107 2 2 1 2 1472 1471 379
1108 2 2 1 2 1470 1471 1472
1109 2 2 1 2 377 1473 1475
1110 2 2 1 2 1473 10 1474
1111 2 2 1 2 1475 1474 378
1112 2 2 1 2 1473 1474 1475
1113 2 2 1 2 379 1476 1478
1114 2 2 1 2 1476 378 1477
1115 2 2 1 2 1478 1477 100
1116 2 2 1 2 1476 1477 1478
1117 2 2 1 2 377 1475 1471
1118 2 2 1 2 1475 378 1476
1119 2 2 1 2 1471 1476 379
1120 2 2 1 2 1475 1476 1471
1121 2 2 1 2 101 1479 1481
1122 2 2 1 2 1479 380 1480
1123 2 2 1 2 1481 1480 382
1124 2 2 1 2 1479 1480 1481
1125 2 2 1 2 380 1482 1484
1126 2 2 1 2 1482 100 1483
1127 2 2 1 2 1484 1483 381
1128 2 2 1 2 1482 1483 1484
1129 2 2 1 2 382 1485 1487
1130 2 2 1 2 1485 381 1486
1131 2 2 1 2 1487 1486 29
1132 2 2 1 2 1485 1486 1487
1133 2 2 1 2 380 1484 1480
1134 2 2 1 2 1484 381 1485
1135 2 2 1 2 1480 1485 382
1136 2 2 1 2 1484 1485 1480
1137 2 2 1 2 99 1472 1465
1138 2 2 1 2 1472 379 1488
1139 2 2 1 2 1465 1488 375
1140 2 2 1 2 1472 1488 1465
1141 2 2 1 2 379 1478 1489
1142 2 2 1 2 1478 100 1482
1143 2 2 1 2 1489 1482 380
1144 2 2 1 2 1478 1482 1489
1145 2 2 1 2 375 1490 1468
1146 2 2 1 2 1490 380 1479
1147 2 2 1 2 1468 1479 101
1148 2 2 1 2 1490 1479 1468
1149 2 2 1 2 379 1489 1488
1150 2 2 1 2 1489 380 1490
1151 2 2 1 2 1488 1490 375
1152 2 2 1 2 1489 1490 1488
1153 2 2 1 2 23 1491 1208
1154 2 2 1 2 1491 383 1492
1155 2 2 1 2 1208 1492 311
1156 2 2 1 2 1491 1492 1208
1157 2 2 1 2 383 1493 1495
1158 2 2 1 2 1493 102 1494
1159 2 2 1 2 1495 1494 384
1160 2 2 1 2 1493 1494 1495
1161 2 2 1 2 311 1496 1211
1162 2 2 1 2 1496 384 1497
1163 2 2 1 2 1211 1497 83
1164 2 2 1 2 1496 1497 1211
1165 2 2 1 2 383 1495 1492
1166 2 2 1 2 1495 384 1496
1167 2 2 1 2 1492 1496 311
1168 2 2 1 2 1495 1496 1492
1169 2 2 1 2 102 1498 1500
1170 2 2 1 2 1498 385 1499
1171 2 2 1 2 1500 1499 387
1172 2 2 1 2 1498 1499 1500
1173 2 2 1 2 385 1501 1503
1174 2 2 1 2 1501 29 1502
1175 2 2 1 2 1503 1502 386
1176 2 2 1 2 1501 1502 1503
1177 2 2 1 2 387 1504 1506
1178 2 2 1 2 1504 386 1505
1179 2 2 1 2 1506 1505 103
1180 2 2 1 2 1504 1505 1506
1181 2 2 1 2 385 1503 1499
1182 2 2 1 2 1503 386 1504
1183 2 2 1 2 1499 1504 387
1184 2 2 1 2 1503 1504 1499
1185 2 2 1 2 83 1507 1217
1186 2 2 1 2 1507 388 1508
1187 2 2 1 2 1217 1508 314
1188 2 2 1 2 1507 1508 1217
1189 2 2 1 2 388 1509 1511
1190 2 2 1 2 1509 103 1510
1191 2 2 1 2 1511 1510 389
1192 2 2 1 2 1509 1510 1511
1193 2 2 1 2 314 1512 1220
1194 2 2 1 2 1512 389 1513
1195 2 2 1 2 1220 1513 8
1196 2 2 1 2 1512 1513 1220
1197 2 2 1 2 388 1511 1508
1198 2 2 1 2 1511 389 1512
1199 2 2 1 2 1508 1512 314
1200 2 2 1 2 1511 1512 1508
1201 2 2 1 2 102 1500 1494
1202 2 2 1 2 1500 387 1514
1203 2 2 1 2 1494 1514 384
1204 2 2 1 2 1500 1514 1494
1205 2 2 1 2 387 1506 1515
1206 2 2 1 2 1506 103 1509
1207 2 2 1 2 1515 1509 388
1208 2 2 1 2 1506 1509 1515
1209 2 2 1 2 384 1516 1497
1210 2 2 1 2 1516 388 1507
1211 2 2 1 2 1497 1507 83
1212 2 2 1 2 1516 1507 1497
1213 2 2 1 2 387 1515 1514
1214 2 2 1 2 1515 388 1516
1215 2 2 1 2 1514 1516 384
1216 2 2 1 2 1515 1516 1514
1217 2 2 1 2 28 1463 1446
1218 2 2 1 2 1463 376 1517
1219 2 2 1 2 1446 1517 370
1220 2 2 1 2 1463 1517 1446
1221 2 2 1 2 376 1469 1519
1222 2 2 1 2 1469 101 1518
1223 2 2 1 2 1519 1518 390
1224 2 2 1 2 1469 1518 1519
1225 2 2 1 2 370 1520 1449
1226 2 2 1 2 1520 390 1521
1227 2 2 1 2 1449 1521 98
1228 2 2 1 2 1520 1521 1449
1229 2 2 1 2 376 1519 1517
1230 2 2 1 2 1519 390 1520
1231 2 2 1 2 1517 1520 370
1232 2 2 1 2 1519 1520 1517
1233 2 2 1 2 101 1481 1523
1234 2 2 1 2 1481 382 1522
1235 2 2 1 2 1523 1522 391
1236 2 2 1 2 1481 1522 1523
1237 2 2 1 2 382 1487 1524
1238 2 2 1 2 1487 29 1501
1239 2 2 1 2 1524 1501 385
1240 2 2 1 2 1487 1501 1524
1241 2 2 1 2 391 1525 1526
1242 2 2 1 2 1525 385 1498
1243 2 2 1 2 1526 1498 102
1244 2 2 1 2 1525 1498 1526
1245 2 2 1 2 382 1524 1522
1246 2 2 1 2 1524 385 1525
1247 2 2 1 2 1522 1525 391
1248 2 2 1 2 1524 1525 1522
1249 2 2 1 2 98 1527 1454
1250 2 2 1 2 1527 392 1528
1251 2 2 1 2 1454 1528 373
1252 2 2 1 2 1527 1528 1454
1253 2 2 1 2 392 1529 1530
1254 2 2 1 2 1529 102 1493
1255 2 2 1 2 1530 1493 383
1256 2 2 1 2 1529 1493 1530
1257 2 2 1 2 373 1531 1457
1258 2 2 1 2 1531 383 1491
1259 2 2 1 2 1457 1491 23
1260 2 2 1 2 1531 1491 1457
1261 2 2 1 2 392 1530 1528
1262 2 2 1 2 1530 383 1531
1263 2 2 1 2 1528 1531 373
1264 2 2 1 2 1530 1531 1528
1265 2 2 1 2 101 1523 1518
1266 2 2 1 2 1523 391 1532
1267 2 2 1 2 1518 1532 390
1268 2 2 1 2 1523 1532 1518
1269 2 2 1 2 391 1526 1533
1270 2 2 1 2 1526 102 1529
1271 2 2 1 2 1533 1529 392
1272 2 2 1 2 1526 1529 1533
1273 2 2 1 2 390 1534 1521
1274 2 2 1 2 1534 392 1527
1275 2 2 1 2 1521 1527 98
1276 2 2 1 2 1534 1527 1521
1277 2 2 1 2 391 1533 1532
1278 2 2 1 2 1533 392 1534
1279 2 2 1 2 1532 1534 390
1280 2 2 1 2 1533 1534 1532
1281 2 2 1 2 10 1535 1537
1282 2 2 1 2 1535 393 1536
1283 2 2 1 2 1537 1536 395
1284 2 2 1 2 1535 1536 1537
1285 2 2 1 2 393 1538 1540
1286 2 2 1 2 1538 104 1539
1287 2 2 1 2 1540 1539 394
1288 2 2 1 2 1538 1539 1540
1289 2 2 1 2 395 1541 1543
1290 2 2 1 2 1541 394 1542
1291 2 2 1 2 1543 1542 106
1292 2 2 1 2 1541 1542 1543
1293 2 2 1 2 393 1540 1536
1294 2 2 1 2 1540 394 1541
1295 2 2 1 2 1536 1541 395
1296 2 2 1 2 1540 1541 1536
1297 2 2 1 2 104 1544 1546
1298 2 2 1 2 1544 396 1545
1299 2 2 1 2 1546 1545 398
1300 2 2 1 2 1544 1545 1546
1301 2 2 1 2 396 1547 1549
1302 2 2 1 2 1547 30 1548
1303 2 2 1 2 1549 1548 397
1304 2 2 1 2 1547 1548 1549
1305 2 2 1 2 398 1550 1552
1306 2 2 1 2 1550 397 1551
1307 2 2 1 2 1552 1551 105
1308 2 2 1 2 1550 1551 1552
1309 2 2 1 2 396 1549 1545
1310 2 2 1 2 1549 397 1550
1311 2 2 1 2 1545 1550 398
1312 2 2 1 2 1549 1550 1545
1313 2 2 1 2 106 1553 1555
1314 2 2 1 2 1553 399 1554
1315 2 2 1 2 1555 1554 401
1316 2 2 1 2 1553 1554 1555
1317 2 2 1 2 399 1556 1558
1318 2 2 1 2 1556 105 1557
1319 2 2 1 2 1558 1557 400
1320 2 2 1 2 1556 1557 1558
1321 2 2 1 2 401 1559 1561
1322 2 2 1 2 1559 400 1560
1323 2 2 1 2 1561 1560 32
1324 2 2 1 2 1559 1560 1561
1325 2 2 1 2 399 1558 1554
1326 2 2 1 2 1558 400 1559
1327 2 2 1 2 1554 1559 401
1328 2 2 1 2 1558 1559 1554
1329 2 2 1 2 104 1546 1539
1330 2 2 1 2 1546 398 1562
1331 2 2 1 2 1539 1562 394
1332 2 2 1 2 1546 1562 1539
1333 2 2 1 2 398 1552 1563
1334 2 2 1 2 1552 105 1556
1335 2 2 1 2 1563 1556 399
1336 2 2 1 2 1552 1556 1563
1337 2 2 1 2 394 1564 1542
1338 2 2 1 2 1564 399 1553
1339 2 2 1 2 1542 1553 106
1340 2 2 1 2 1564 1553 1542
1341 2 2 1 2 398 1563 1562
1342 2 2 1 2 1563 399 1564
1343 2 2 1 2 1562 1564 394
1344 2 2 1 2 1563 1564 1562
1345 2 2 1 2 30 1565 1567
1346 2 2 1 2 1565 402 1566
1347 2 2 1 2 1567 1566 404
1348 2 2 1 2 1565 1566 1567
1349 2 2 1 2 402 1568 1570
1350 2 2 1 2 1568 107 1569
1351 2 2 1 2 1570 1569 403
1352 2 2 1 2 1568 1569 1570
1353 2 2 1 2 404 1571 1573
1354 2 2 1 2 1571 403 1572
1355 2 2 1 2 1573 1572 109
1356 2 2 1 2 1571 1572 1573
1357 2 2 1 2 402 1570 1566
1358 2 2 1 2 1570 403 1571
1359 2 2 1 2 1566 1571 404
1360 2 2 1 2 1570 1571 1566
1361 2 2 1 2 107 1574 1576
1362 2 2 1 2 1574 405 1575
1363 2 2 1 2 1576 1575 407
1364 2 2 1 2 1574 1575 1576
1365 2 2 1 2 405 1577 1579
1366 2 2 1 2 1577 4 1578
1367 2 2 1 2 1579 1578 406
1368 2 2 1 2 1577 1578 1579
1369 2 2 1 2 407 1580 1582
1370 2 2 1 2 1580 406 1581
1371 2 2 1 2 1582 1581 108
1372 2 2 1 2 1580 1581 1582
1373 2 2 1 2 405 1579 1575
1374 2 2 1 2 1579 406 1580
1375 2 2 1 2 1575 1580 407
1376 2 2 1 2 1579 1580 1575
1377 2 2 1 2 109 1583 1585
1378 2 2 1 2 1583 408 1584
1379 2 2 1 2 1585 1584 410
1380 2 2 1 2 1583 1584 1585
1381 2 2 1 2 408 1586 1588
1382 2 2 1 2 1586 108 1587
1383 2 2 1 2 1588 1587 409
1384 2 2 1 2 1586 1587 1588
1385 2 2 1 2 410 1589 1591
1386 2 2 1 2 1589 409 1590
1387 2 2 1 2 1591 1590 31
1388 2 2 1 2 1589 1590 1591
1389 2 2 1 2 408 1588 1584
1390 2 2 1 2 1588 409 1589
1391 2 2 1 2 1584 1589 410
1392 2 2 1 2 1588 1589 1584
1393 2 2 1 2 107 1576 1569
1394 2 2 1 2 1576 407 1592
1395 2 2 1 2 1569 1592 403
1396 2 2 1 2 1576 1592 1569
1397 2 2 1 2 407 1582 1593
1398 2 2 1 2 1582 108 1586
1399 2 2 1 2 1593 1586 408
1400 2 2 1 2 1582 1586 1593
1401 2 2 1 2 403 1594 1572
1402 2 2 1 2 1594 408 1583
1403 2 2 1 2 1572 1583 109
1404 2 2 1 2 1594 1583 1572
1405 2 2 1 2 407 1593 1592
1406 2 2 1 2 1593 408 1594
1407 2 2 1 2 1592 1594 403
1408 2 2 1 2 1593 1594 1592
1409 2 2 1 2 32 1595 1597
1410 2 2 1 2 1595 411 1596
1411 2 2 1 2 1597 1596 413
1412 2 2 1 2 1595 1596 1597
1413 2 2 1 2 411 1598 1600
1414 2 2 1 2 1598 110 1599
1415 2 2 1 2 1600 1599 412
1416 2 2 1 2 1598 1599 1600
1417 2 2 1 2 413 1601 1603
1418 2 2 1 2 1601 412 1602
1419 2 2 1 2 1603 1602 112
1420 2 2 1 2 1601 1602 1603
1421 2 2 1 2 411 1600 1596
1422 2 2 1 2 1600 412 1601
1423 2 2 1 2 1596 1601 413
1424 2 2 1 2 1600 1601 1596
1425 2 2 1 2 110 1604 1606
1426 2 2 1 2 1604 414 1605
1427 2 2 1 2 1606 1605 416
1428 2 2 1 2 1604 1605 1606
1429 2 2 1 2 414 1607 1609
1430 2 2 1 2 1607 31 1608
1431 2 2 1 2 1609 1608 415
1432 2 2 1 2 1607 1608 1609
1433 2 2 1 2 416 1610 1612
1434 2 2 1 2 1610 415 1611
1435 2 2 1 2 1612 1611 111
1436 2 2 1 2 1610 1611 1612
1437 2 2 1 2 414 1609 1605
1438 2 2 1 2 1609 415 1610
1439 2 2 1 2 1605 1610 416
1440 2 2 1 2 1609 1610 1605
1441 2 2 1 2 112 1613 1615
1442 2 2 1 2 1613 417 1614
1443 2 2 1 2 1615 1614 419
1444 2 2 1 2 1613 1614 1615
1445 2 2 1 2 417 1616 1618
1446 2 2 1 2 1616 111 1617
1447 2 2 1 2 1618 1617 418
1448 2 2 1 2 1616 1617 1618
1449 2 2 1 2 419 1619 1621
1450 2 2 1 2 1619 418 1620
1451 2 2 1 2 1621 1620 11
1452 2 2 1 2 1619 1620 1621
1453 2 2 1 2 417 1618 1614
1454 2 2 1 2 1618 418 1619
1455 2 2 1 2 1614 1619 419
1456 2 2 1 2 1618 1619 1614
1457 2 2 1 2 110 1606 1599
1458 2 2 1 2 1606 416 1622
1459 2 2 1 2 1599 1622 412
1460 2 2 1 2 1606 1622 1599
1461 2 2 1 2 416 1612 1623
1462 2 2 1 2 1612 111 1616
1463 2 2 1 2 1623 1616 417
1464 2 2 1 2 1612 1616 1623
1465 2 2 1 2 412 1624 1602
1466 2 2 1 2 1624 417 1613
1467 2 2 1 2 1602 1613 112
1468 2 2 1 2 1624 1613 1602
1469 2 2 1 2 416 1623 1622
1470 2 2 1 2 1623 417 1624
1471 2 2 1 2 1622 1624 412
1472 2 2 1 2 1623 1624 1622
1473 2 2 1 2 30 1567 1548
1474 2 2 1 2 1567 404 1625
1475 2 2 1 2 1548 1625 397
1476 2 2 1 2 1567 1625 1548
1477 2 2 1 2 404 1573 1627
1478 2 2 1 2 1573 109 1626
1479 2 2 1 2 1627 1626 420
1480 2 2 1 2 1573 1626 1627
1481 2 2 1 2 397 1628 1551
1482 2 2 1 2 1628 420 1629
1483 2 2 1 2 1551 1629 105
1484 2 2 1 2 1628 1629 1551
1485 2 2 1 2 404 1627 1625
1486 2 2 1 2 1627 420 1628
1487 2 2 1 2 1625 1628 397
1488 2 2 1 2 1627 1628 1625
1489 2 2 1 2 109 1585 1631
1490 2 2 1 2 1585 410 1630
1491 2 2 1 2 1631 1630 421
1492 2 2 1 2 1585 1630 1631
1493 2 2 1 2 410 1591 1632
1494 2 2 1 2 1591 31 1607
1495 2 2 1 2 1632 1607 414
1496 2 2 1 2 1591 1607 1632
1497 2 2 1 2 421 1633 1634
1498 2 2 1 2 1633 414 1604
1499 2 2 1 2 1634 1604 110
1500 2 2 1 2 1633 1604 1634
1501 2 2 1 2 410 1632 1630
1502 2 2 1 2 1632 414 1633
1503 2 2 1 2 1630 1633 421
1504 2 2 1 2 1632 1633 1630
1505 2 2 1 2 105 1635 1557
1506 2 2 1 2 1635 422 1636
1507 2 2 1 2 1557 1636 400
1508 2 2 1 2 1635 1636 1557
1509 2 2 1 2 422 1637 1638
1510 2 2 1 2 1637 110 1598
1511 2 2 1 2 1638 1598 411
1512 2 2 1 2 1637 1598 1638
1513 2 2 1 2 400 1639 1560
1514 2 2 1 2 1639 411 1595
1515 2 2 1 2 1560 1595 32
1516 2 2 1 2 1639 1595 1560
1517 2 2 1 2 422 1638 1636
1518 2 2 1 2 1638 411 1639
1519 2 2 1 2 1636 1639 400
1520 2 2 1 2 1638 1639 1636
1521 2 2 1 2 109 1631 1626
1522 2 2 1 2 1631 421 1640
1523 2 2 1 2 1626 1640 420
1524 2 2 1 2 1631 1640 1626
1525 2 2 1 2 421 1634 1641
1526 2 2 1 2 1634 110 1637
1527 2 2 1 2 1641 1637 422
1528 2 2 1 2 1634 1637 1641
1529 2 2 1 2 420 1642 1629
1530 2 2 1 2 1642 422 1635
1531 2 2 1 2 1629 1635 105
1532 2 2 1 2 1642 1635 1629
1533 2 2 1 2 421 1641 1640
1534 2 2 1 2 1641 422 1642
1535 2 2 1 2 1640 1642 420
1536 2 2 1 2 1641 1642 1640
1537 2 2 1 2 8 1643 1286
1538 2 2 1 2 1643 423 1644
1539 2 2 1 2 1286 1644 332
1540 2 2 1 2 1643 1644 1286
1541 2 2 1 2 423 1645 1647
1542 2 2 1 2 1645 113 1646
1543 2 2 1 2 1647 1646 424
1544 2 2 1 2 1645 1646 1647
1545 2 2 1 2 332 1648 1289
1546 2 2 1 2 1648 424 1649
1547 2 2 1 2 1289 1649 89
1548 2 2 1 2 1648 1649 1289
1549 2 2 1 2 423 1647 1644
1550 2 2 1 2 1647 424 1648
1551 2 2 1 2 1644 1648 332
1552 2 2 1 2 1647 1648 1644
1553 2 2 1 2 113 1650 1652
1554 2 2 1 2 1650 425 1651
1555 2 2 1 2 1652 1651 427
1556 2 2 1 2 1650 1651 1652
1557 2 2 1 2 425 1653 1655
1558 2 2 1 2 1653 33 1654
1559 2 2 1 2 1655 1654 426
1560 2 2 1 2 1653 1654 1655
1561 2 2 1 2 427 1656 1658
1562 2 2 1 2 1656 426 1657
1563 2 2 1 2 1658 1657 114
1564 2 2 1 2 1656 1657 1658
1565 2 2 1 2 425 1655 1651
1566 2 2 1 2 1655 426 1656
1567 2 2 1 2 1651 1656 427
1568 2 2 1 2 1655 1656 1651
1569 2 2 1 2 89 1659 1295
1570 2 2 1 2 1659 428 1660
1571 2 2 1 2 1295 1660 335
1572 2 2 1 2 1659 1660 1295
1573 2 2 1 2 428 1661 1663
1574 2 2 1 2 1661 114 1662
1575 2 2 1 2 1663 1662 429
1576 2 2 1 2 1661 1662 1663
1577 2 2 1 2 335 1664 1298
1578 2 2 1 2 1664 429 1665
1579 2 2 1 2 1298 1665 26
1580 2 2 1 2 1664 1665 1298
1581 2 2 1 2 428 1663 1660
1582 2 2 1 2 1663 429 1664
1583 2 2 1 2 1660 1664 335
1584 2 2 1 2 1663 1664 1660
1585 2 2 1 2 113 1652 1646
1586 2 2 1 2 1652 427 1666
1587 2 2 1 2 1646 1666 424
1588 2 2 1 2 1652 1666 1646
1589 2 2 1 2 427 1658 1667
1590 2 2 1 2 1658 114 1661
1591 2 2 1 2 1667 1661 428
1592 2 2 1 2 1658 1661 1667
1593 2 2 1 2 424 1668 1649
1594 2 2 1 2 1668 428 1659
1595 2 2 1 2 1649 1659 89
1596 2 2 1 2 1668 1659 1649
1597 2 2 1 2 427 1667 1666
1598 2 2 1 2 1667 428 1668
1599 2 2 1 2 1666 1668 424
1600 2 2 1 2 1667 1668 1666
1601 2 2 1 2 33 1669 1671
1602 2 2 1 2 1669 430 1670
1603 2 2 1 2 1671 1670 432
1604 2 2 1 2 1669 1670 1671
1605 2 2 1 2 430 1672 1674
1606 2 2 1 2 1672 115 1673
1607 2 2 1 2 1674 1673 431
1608 2 2 1 2 1672 1673 1674
1609 2 2 1 2 432 1675 1677
1610 2 2 1 2 1675 431 1676
1611 2 2 1 2 1677 1676 117
1612 2 2 1 2 1675 1676 1677
1613 2 2 1 2 430 1674 1670
1614 2 2 1 2 1674 431 1675
1615 2 2 1 2 1670 1675 432
1616 2 2 1 2 1674 1675 1670
1617 2 2 1 2 115 1678 1680
1618 2 2 1 2 1678 433 1679
1619 2 2 1 2 1680 1679 435
1620 2 2 1 2 1678 1679 1680
1621 2 2 1 2 433 1681 1683
1622 2 2 1 2 1681 11 1682
1623 2 2 1 2 1683 1682 434
1624 2 2 1 2 1681 1682 1683
1625 2 2 1 2 435 1684 1686
1626 2 2 1 2 1684 434 1685
1627 2 2 1 2 1686 1685 116
1628 2 2 1 2 1684 1685 1686
1629 2 2 1 2 433 1683 1679
1630 2 2 1 2 1683 434 1684
1631 2 2 1 2 1679 1684 435
1632 2 2 1 2 1683 1684 1679
1633 2 2 1 2 117 1687 1689
1634 2 2 1 2 1687 436 1688
1635 2 2 1 2 1689 1688 438
1636 2 2 1 2 1687 1688 1689
1637 2 2 1 2 436 1690 1692
1638 2 2 1 2 1690 116 1691
1639 2 2 1 2 1692 1691 437
1640 2 2 1 2 1690 1691 1692
1641 2 2 1 2 438 1693 1695
1642 2 2 1 2 1693 437 1694
1643 2 2 1 2 1695 1694 34
1644 2 2 1 2 1693 1694 1695
1645 2 2 1 2 436 1692 1688
1646 2 2 1 2 1692 437 1693
1647 2 2 1 2 1688 1693 438
1648 2 2 1 2 1692 1693 1688
1649 2 2 1 2 115 1680 1673
1650 2 2 1 2 1680 435 1696
1651 2 2 1 2 1673 1696 431
1652 2 2 1 2 1680 1696 1673
1653 2 2 1 2 435 1686 1697
1654 2 2 1 2 1686 116 1690
1655 2 2 1 2 1697 1690 436
1656 2 2 1 2 1686 1690 1697
1657 2 2 1 2 431 1698 1676
1658 2 2 1 2 1698 436 1687
1659 2 2 1 2 1676 1687 117
1660 2 2 1 2 1698 1687 1676
1661 2 2 1 2 435 1697 1696
1662 2 2 1 2 1697 436 1698
1663 2 2 1 2 1696 1698 431
1664 2 2 1 2 1697 1698 1696
1665 2 2 1 2 26 1699 1316
1666 2 2 1 2 1699 439 1700
1667 2 2 1 2 1316 1700 341
1668 2 2 1 2 1699 1700 1316
1669 2 2 1 2 439 1701 1703
1670 2 2 1 2 1701 118 1702
1671 2 2 1 2 1703 1702 440
1672 2 2 1 2 1701 1702 1703
1673 2 2 1 2 341 1704 1319
1674 2 2 1 2 1704 440 1705
1675 2 2 1 2 1319 1705 92
1676 2 2 1 2 1704 1705 1319
1677 2 2 1 2 439 1703 1700
1678 2 2 1 2 1703 440 1704
1679 2 2 1 2 1700 1704 341
1680 2 2 1 2 1703 1704 1700
1681 2 2 1 2 118 1706 1708
1682 2 2 1 2 1706 441 1707
1683 2 2 1 2 1708 1707 443
1684 2 2 1 2 1706 1707 1708
1685 2 2 1 2 441 1709 1711
1686 2 2 1 2 1709 34 1710
1687 2 2 1 2 1711 1710 442
1688 2 2 1 2 1709 1710 1711
1689 2 2 1 2 443 1712 1714
1690 2 2 1 2 1712 442 1713
1691 2 2 1 2 1714 1713 119
1692 2 2 1 2 1712 1713 1714
1693 2 2 1 2 441 1711 1707
1694 2 2 1 2 1711 442 1712
1695 2 2 1 2 1707 1712 443
1696 2 2 1 2 1711 1712 1707
1697 2 2 1 2 92 1715 1325
1698 2 2 1 2 1715 444 1716
1699 2 2 1 2 1325 1716 344
1700 2 2 1 2 1715 1716 1325
1701 2 2 1 2 444 1717 1719
1702 2 2 1 2 1717 119 1718
1703 2 2 1 2 1719 1718 445
1704 2 2 1 2 1717 1718 1719
1705 2 2 1 2 344 1720 1328
1706 2 2 1 2 1720 445 1721
1707 2 2 1 2 1328 1721 3
1708 2 2 1 2 1720 1721 1328
1709 2 2 1 2 444 1719 1716
1710 2 2 1 2 1719 445 1720
1711 2 2 1 2 1716 1720 344
1712 2 2 1 2 1719 1720 1716
1713 2 2 1 2 118 1708 1702
1714 2 2 1 2 1708 443 1722
1715 2 2 1 2 1702 1722 440
1716 2 2 1 2 1708 1722 1702
1717 2 2 1 2 443 1714 1723
1718 2 2 1 2 1714 119 1717
1719 2 2 1 2 1723 1717 444
1720 2 2 1 2 1714 1717 1723
1721 2 2 1 2 440 1724 1705
1722 2 2 1 2 1724 444 1715
1723 2 2 1 2 1705 1715 92
1724 2 2 1 2 1724 1715 1705
1725 2 2 1 2 443 1723 1722
1726 2 2 1 2 1723 444 1724
1727 2 2 1 2 1722 1724 440
1728 2 2 1 2 1723 1724 1722
1729 2 2 1 2 33 1671 1654
1730 2 2 1 2 1671 432 1725
1731 2 2 1 2 1654 1725 426
1732 2 2 1 2 1671 1725 1654
1733 2 2 1 2 432 1677 1727
1734 2 2 1 2 1677 117 1726
1735 2 2 1 2 1727 1726 446
1736 2 2 1 2 1677 1726 1727
1737 2 2 1 2 426 1728 1657
1738 2 2 1 2 1728 446 1729
1739 2 2 1 2 1657 1729 114
1740 2 2 1 2 1728 1729 1657
1741 2 2 1 2 432 1727 1725
1742 2 2 1 2 1727 446 1728
1743 2 2 1 2 1725 1728 426
1744 2 2 1 2 1727 1728 1725
1745 2 2 1 2 117 1689 1731
1746 2 2 1 2 1689 438 1730
1747 2 2 1 2 1731 1730 447
1748 2 2 1 2 1689 1730 1731
1749 2 2 1 2 438 1695 1732
1750 2 2 1 2 1695 34 1709
1751 2 2 1 2 1732 1709 441
1752 2 2 1 2 1695 1709 1732
1753 2 2 1 2 447 1733 1734
1754 2 2 1 2 1733 441 1706
1755 2 2 1 2 1734 1706 118
1756 2 2 1 2 1733 1706 1734
1757 2 2 1 2 438 1732 1730
1758 2 2 1 2 1732 441 1733
1759 2 2 1 2 1730 1733 447
1760 2 2 1 2 1732 1733 1730
1761 2 2 1 2 114 1735 1662
1762 2 2 1 2 1735 448 1736
1763 2 2 1 2 1662 1736 429
1764 2 2 1 2 1735 1736 1662
1765 2 2 1 2 448 1737 1738
1766 2 2 1 2 1737 118 1701
1767 2 2 1 2 1738 1701 439
1768 2 2 1 2 1737 1701 1738
1769 2 2 1 2 429 1739 1665
1770 2 2 1 2 1739 439 1699
1771 2 2 1 2 1665 1699 26
1772 2 2 1 2 1739 1699 1665
1773 2 2 1 2 448 1738 1736
1774 2 2 1 2 1738 439 1739
1775 2 2 1 2 1736 1739 429
1776 2 2 1 2 1738 1739 1736
1777 2 2 1 2 117 1731 1726
1778 2 2 1 2 1731 447 1740
1779 2 2 1 2 1726 1740 446
1780 2 2 1 2 1731 1740 1726
1781 2 2 1 2 447 1734 1741
1782 2 2 1 2 1734 118 1737
1783 2 2 1 2 1741 1737 448
1784 2 2 1 2 1734 1737 1741
1785 2 2 1 2 446 1742 1729
1786 2 2 1 2 1742 448 1735
1787 2 2 1 2 1729 1735 114
1788 2 2 1 2 1742 1735 1729
1789 2 2 1 2 447 1741 1740
1790 2 2 1 2 1741 448 1742
1791 2 2 1 2 1740 1742 446
1792 2 2 1 2 1741 1742 1740
1793 2 2 1 2 10 1537 1474
1794 2 2 1 2 1537 395 1743
1795 2 2 1 2 1474 1743 378
1796 2 2 1 2 1537 1743 1474
1797 2 2 1 2 395 1543 1745
1798 2 2 1 2 1543 106 1744
1799 2 2 1 2 1745 1744 449
1800 2 2 1 2 1543 1744 1745
1801 2 2 1 2 378 1746 1477
1802 2 2 1 2 1746 449 1747
1803 2 2 1 2 1477 1747 100
1804 2 2 1 2 1746 1747 1477
1805 2 2 1 2 395 1745 1743
1806 2 2 1 2 1745 449 1746
1807 2 2 1 2 1743 1746 378
1808 2 2 1 2 1745 1746 1743
1809 2 2 1 2 106 1555 1749
1810 2 2 1 2 1555 401 1748
1811 2 2 1 2 1749 1748 451
1812 2 2 1 2 1555 1748 1749
1813 2 2 1 2 401 1561 1751
1814 2 2 1 2 1561 32 1750
1815 2 2 1 2 1751 1750 450
1816 2 2 1 2 1561 1750 1751
1817 2 2 1 2 451 1752 1754
1818 2 2 1 2 1752 450 1753
1819 2 2 1 2 1754 1753 120
1820 2 2 1 2 1752 1753 1754
1821 2 2 1 2 401 1751 1748
1822 2 2 1 2 1751 450 1752
1823 2 2 1 2 1748 1752 451
1824 2 2 1 2 1751 1752 1748
1825 2 2 1 2 100 1755 1483
1826 2 2 1 2 1755 452 1756
1827 2 2 1 2 1483 1756 381
1828 2 2 1 2 1755 1756 1483
1829 2 2 1 2 452 1757 1759
1830 2 2 1 2 1757 120 1758
1831 2 2 1 2 1759 1758 453
1832 2 2 1 2 1757 1758 1759
1833 2 2 1 2 381 1760 1486
1834 2 2 1 2 1760 453 1761
1835 2 2 1 2 1486 1761 29
1836 2 2 1 2 1760 1761 1486
1837 2 2 1 2 452 1759 1756
1838 2 2 1 2 1759 453 1760
1839 2 2 1 2 1756 1760 381
1840 2 2 1 2 1759 1760 1756
1841 2 2 1 2 106 1749 1744
1842 2 2 1 2 1749 451 1762
1843 2 2 1 2 1744 1762 449
1844 2 2 1 2 1749 1762 1744
1845 2 2 1 2 451 1754 1763
1846 2 2 1 2 1754 120 1757
1847 2 2 1 2 1763 1757 452
1848 2 2 1 2 1754 1757 1763
1849 2 2 1 2 449 1764 1747
1850 2 2 1 2 1764 452 1755
1851 2 2 1 2 1747 1755 100
1852 2 2 1 2 1764 1755 1747
1853 2 2 1 2 451 1763 1762
1854 2 2 1 2 1763 452 1764
1855 2 2 1 2 1762 1764 449
1856 2 2 1 2 1763 1764 1762
1857 2 2 1 2 32 1597 1766
1858 2 2 1 2 1597 413 1765
1859 2 2 1 2 1766 1765 455
1860 2 2 1 2 1597 1765 1766
1861 2 2 1 2 413 1603 1768
1862 2 2 1 2 1603 112 1767
1863 2 2 1 2 1768 1767 454
1864 2 2 1 2 1603 1767 1768
1865 2 2 1 2 455 1769 1771
1866 2 2 1 2 1769 454 1770
1867 2 2 1 2 1771 1770 121
1868 2 2 1 2 1769 1770 1771
1869 2 2 1 2 413 1768 1765
1870 2 2 1 2 1768 454 1769
1871 2 2 1 2 1765 1769 455
1872 2 2 1 2 1768 1769 1765
1873 2 2 1 2 112 1615 1773
1874 2 2 1 2 1615 419 1772
1875 2 2 1 2 1773 1772 456
1876 2 2 1 2 1615 1772 1773
1877 2 2 1 2 419 1621 1774
1878 2 2 1 2 1621 11 1681
1879 2 2 1 2 1774 1681 433
1880 2 2 1 2 1621 1681 1774
1881 2 2 1 2 456 1775 1776
1882 2 2 1 2 1775 433 1678
1883 2 2 1 2 1776 1678 115
1884 2 2 1 2 1775 1678 1776
1885 2 2 1 2 419 1774 1772
1886 2 2 1 2 1774 433 1775
1887 2 2 1 2 1772 1775 456
1888 2 2 1 2 1774 1775 1772
1889 2 2 1 2 121 1777 1779
1890 2 2 1 2 1777 457 1778
1891 2 2 1 2 1779 1778 458
1892 2 2 1 2 1777 1778 1779
1893 2 2 1 2 457 1780 1781
1894 2 2 1 2 1780 115 1672
1895 2 2 1 2 1781 1672 430
1896 2 2 1 2 1780 1672 1781
1897 2 2 1 2 458 1782 1783
1898 2 2 1 2 1782 430 1669
1899 2 2 1 2 1783 1669 33
1900 2 2 1 2 1782 1669 1783
1901 2 2 1 2 457 1781 1778
1902 2 2 1 2 1781 430 1782
1903 2 2 1 2 1778 1782 458
1904 2 2 1 2 1781 1782 1778
1905 2 2 1 2 112 1773 1767
1906 2 2 1 2 1773 456 1784
1907 2 2 1 2 1767 1784 454
1908 2 2 1 2 1773 1784 1767
1909 2 2 1 2 456 1776 1785
1910 2 2 1 2 1776 115 1780
1911 2 2 1 2 1785 1780 457
1912 2 2 1 2 1776 1780 1785
1913 2 2 1 2 454 1786 1770
1914 2 2 1 2 1786 457 1777
1915 2 2 1 2 1770 1777 121
1916 2 2 1 2 1786 1777 1770
1917 2 2 1 2 456 1785 1784
1918 2 2 1 2 1785 457 1786
1919 2 2 1 2 1784 1786 454
1920 2 2 1 2 1785 1786 1784
1921 2 2 1 2 29 1787 1502
1922 2 2 1 2 1787 459 1788
1923 2 2 1 2 1502 1788 386
1924 2 2 1 2 1787 1788 1502
1925 2 2 1 2 459 1789 1791
1926 2 2 1 2 1789 122 1790
1927 2 2 1 2 1791 1790 460
1928 2 2 1 2 1789 1790 1791
1929 2 2 1 2 386 1792 1505
1930 2 2 1 2 1792 460 1793
1931 2 2 1 2 1505 1793 103
1932 2 2 1 2 1792 1793 1505
1933 2 2 1 2 459 1791 1788
1934 2 2 1 2 1791 460 1792
1935 2 2 1 2 1788 1792 386
1936 2 2 1 2 1791 1792 1788
1937 2 2 1 2 122 1794 1796
1938 2 2 1 2 1794 461 1795
1939 2 2 1 2 1796 1795 462
1940 2 2 1 2 1794 1795 1796
1941 2 2 1 2 461 1797 1798
1942 2 2 1 2 1797 33 1653
1943 2 2 1 2 1798 1653 425
1944 2 2 1 2 1797 1653 1798
1945 2 2 1 2 462 1799 1800
1946 2 2 1 2 1799 425 1650
1947 2 2 1 2 1800 1650 113
1948 2 2 1 2 1799 1650 1800
1949 2 2 1 2 461 1798 1795
1950 2 2 1 2 1798 425 1799
1951 2 2 1 2 1795 1799 462
1952 2 2 1 2 1798 1799 1795
1953 2 2 1 2 103 1801 1510
1954 2 2 1 2 1801 463 1802
1955 2 2 1 2 1510 1802 389
1956 2 2 1 2 1801 1802 1510
1957 2 2 1 2 463 1803 1804
1958 2 2 1 2 1803 113 1645
1959 2 2 1 2 1804 1645 423
1960 2 2 1 2 1803 1645 1804
1961 2 2 1 2 389 1805 1513
1962 2 2 1 2 1805 423 1643
1963 2 2 1 2 1513 1643 8
1964 2 2 1 2 1805 1643 1513
1965 2 2 1 2 463 1804 1802
1966 2 2 1 2 1804 423 1805
1967 2 2 1 2 1802 1805 389
1968 2 2 1 2 1804 1805 1802
1969 2 2 1 2 122 1796 1790
1970 2 2 1 2 1796 462 1806
1971 2 2 1 2 1790 1806 460
1972 2 2 1 2 1796 1806 1790
1973 2 2 1 2 462 1800 1807
1974 2 2 1 2 1800 113 1803
1975 2 2 1 2 1807 1803 463
1976 2 2 1 2 1800 1803 1807
1977 2 2 1 2 460 1808 1793
1978 2 2 1 2 1808 463 1801
1979 2 2 1 2 1793 1801 103
1980 2 2 1 2 1808 1801 1793
1981 2 2 1 2 462 1807 1806
1982 2 2 1 2 1807 463 1808
1983 2 2 1 2 1806 1808 460
1984 2 2 1 2 1807 1808 1806
1985 2 2 1 2 32 1766 1750
1986 2 2 1 2 1766 455 1809
1987 2 2 1 2 1750 1809 450
1988 2 2 1 2 1766 1809 1750
1989 2 2 1 2 455 1771 1811
1990 2 2 1 2 1771 121 1810
1991 2 2 1 2 1811 1810 464
1992 2 2 1 2 1771 1810 1811
1993 2 2 1 2 450 1812 1753
1994 2 2 1 2 1812 464 1813
1995 2 2 1 2 1753 1813 120
1996 2 2 1 2 1812 1813 1753
1997 2 2 1 2 455 1811 1809
1998 2 2 1 2 1811 464 1812
1999 2 2 1 2 1809 1812 450
2000 2 2 1 2 1811 1812 1809
2001 2 2 1 2 121 1779 1815
2002 2 2 1 2 1779 458 1814
2003 2 2 1 2 1815 1814 465
2004 2 2 1 2 1779 1814 1815
2005 2 2 1 2 458 1783 1816
2006 2 2 1 2 1783 33 1797
2007 2 2 1 2 1816 1797 461
2008 2 2 1 2 1783 1797 1816
2009 2 2 1 2 465 1817 1818
2010 2 2 1 2 1817 461 1794
2011 2 2 1 2 1818 1794 122
2012 2 2 1 2 1817 1794 1818
2013 2 2 1 2 458 1816 1814
2014 2 2 1 2 1816 461 1817
2015 2 2 1 2 1814 1817 465
2016 2 2 1 2 1816 1817 1814
2017 2 2 1 2 120 1819 1758
2018 2 2 1 2 1819 466 1820
2019 2 2 1 2 1758 1820 453
2020 2 2 1 2 1819 1820 1758
2021 2 2 1 2 466 1821 1822
2022 2 2 1 2 1821 122 1789
2023 2 2 1 2 1822 1789 459
2024 2 2 1 2 1821 1789 1822
2025 2 2 1 2 453 1823 1761
2026 2 2 1 2 1823 459 1787
2027 2 2 1 2 1761 1787 29
2028 2 2 1 2 1823 1787 1761
2029 2 2 1 2 466 1822 1820
2030 2 2 1 2 1822 459 1823
2031 2 2 1 2 1820 1823 453
2032 2 2 1 2 1822 1823 1820
2033 2 2 1 2 121 1815 1810
2034 2 2 1 2 1815 465 1824
2035 2 2 1 2 1810 1824 464
2036 2 2 1 2 1815 1824 1810
2037 2 2 1 2 465 1818 1825
2038 2 2 1 2 1818 122 1821
2039 2 2 1 2 1825 1821 466
2040 2 2 1 2 1818 1821 1825
2041 2 2 1 2 464 1826 1813
2042 2 2 1 2 1826 466 1819
2043 2 2 1 2 1813 1819 120
2044 2 2 1 2 1826 1819 1813
2045 2 2 1 2 465 1825 1824
2046 2 2 1 2 1825 466 1826
2047 2 2 1 2 1824 1826 464
2048 2 2 1 2 1825 1826 1824
2049 2 2 1 2 4 1827 1578
2050 2 2 1 2 1827 467 1828
2051 2 2 1 2 1578 1828 406
2052 2 2 1 2 1827 1828 1578
2053 2 2 1 2 467 1829 1831
2054 2 2 1 2 1829 123 1830
2055 2 2 1 2 1831 1830 468
2056 2 2 1 2 1829 1830 1831
2057 2 2 1 2 406 1832 1581
2058 2 2 1 2 1832 468 1833
2059 2 2 1 2 1581 1833 108
2060 2 2 1 2 1832 1833 1581
2061 2 2 1 2 467 1831 1828
2062 2 2 1 2 1831 468 1832
2063 2 2 1 2 1828 1832 406
2064 2 2 1 2 1831 1832 1828
2065 2 2 1 2 123 1834 1836
2066 2 2 1 2 1834 469 1835
2067 2 2 1 2 1836 1835 471
2068 2 2 1 2 1834 1835 1836
2069 2 2 1 2 469 1837 1839
2070 2 2 1 2 1837 35 1838
2071 2 2 1 2 1839 1838 470
2072 2 2 1 2 1837 1838 1839
2073 2 2 1 2 471 1840 1842
2074 2 2 1 2 1840 470 1841
2075 2 2 1 2 1842 1841 124
2076 2 2 1 2 1840 1841 1842
2077 2 2 1 2 469 1839 1835
2078 2 2 1 2 1839 470 1840
2079 2 2 1 2 1835 1840 471
2080 2 2 1 2 1839 1840 1835
2081 2 2 1 2 108 1843 1587
2082 2 2 1 2 1843 472 1844
2083 2 2 1 2 1587 1844 409
2084 2 2 1 2 1843 1844 1587
2085 2 2 1 2 472 1845 1847
2086 2 2 1 2 1845 124 1846
2087 2 2 1 2 1847 1846 473
2088 2 2 1 2 1845 1846 1847
2089 2 2 1 2 409 1848 1590
2090 2 2 1 2 1848 473 1849
2091 2 2 1 2 1590 1849 31
2092 2 2 1 2 1848 1849 1590
2093 2 2 1 2 472 1847 1844
2094 2 2 1 2 1847 473 1848
2095 2 2 1 2 1844 1848 409
2096 2 2 1 2 1847 1848 1844
2097 2 2 1 2 123 1836 1830
2098 2 2 1 2 1836 471 1850
2099 2 2 1 2 1830 1850 468
2100 2 2 1 2 1836 1850 1830
2101 2 2 1 2 471 1842 1851
2102 2 2 1 2 1842 124 1845
2103 2 2 1 2 1851 1845 472
2104 2 2 1 2 1842 1845 1851
2105 2 2 1 2 468 1852 1833
2106 2 2 1 2 1852 472 1843
2107 2 2 1 2 1833 1843 108
2108 2 2 1 2 1852 1843 1833
2109 2 2 1 2 471 1851 1850
2110 2 2 1 2 1851 472 1852
2111 2 2 1 2 1850 1852 468
2112 2 2 1 2 1851 1852 1850
2113 2 2 1 2 35 1853 1855
2114 2 2 1 2 1853 474 1854
2115 2 2 1 2 1855 1854 476
2116 2 2 1 2 1853 1854 1855
2117 2 2 1 2 474 1856 1858
2118 2 2 1 2 1856 125 1857
2119 2 2 1 2 1858 1857 475
2120 2 2 1 2 1856 1857 1858
2121 2 2 1 2 476 1859 1861
2122 2 2 1 2 1859 475 1860
2123 2 2 1 2 1861 1860 127
2124 2 2 1 2 1859 1860 1861
2125 2 2 1 2 474 1858 1854
2126 2 2 1 2 1858 475 1859
2127 2 2 1 2 1854 1859 476
2128 2 2 1 2 1858 1859 1854
2129 2 2 1 2 125 1862 1864
2130 2 2 1 2 1862 477 1863
2131 2 2 1 2 1864 1863 479
2132 2 2 1 2 1862 1863 1864
2133 2 2 1 2 477 1865 1867
2134 2 2 1 2 1865 12 1866
2135 2 2 1 2 1867 1866 478
2136 2 2 1 2 1865 1866 1867
2137 2 2 1 2 479 1868 1870
2138 2 2 1 2 1868 478 1869
2139 2 2 1 2 1870 1869 126
2140 2 2 1 2 1868 1869 1870
2141 2 2 1 2 477 1867 1863
2142 2 2 1 2 1867 478 1868
2143 2 2 1 2 1863 1868 479
2144 2 2 1 2 1867 1868 1863
2145 2 2 1 2 127 1871 1873
2146 2 2 1 2 1871 480 1872
2147 2 2 1 2 1873 1872 482
2148 2 2 1 2 1871 1872 1873
2149 2 2 1 2 480 1874 1876
2150 2 2 1 2 1874 126 1875
2151 2 2 1 2 1876 1875 481
2152 2 2 1 2 1874 1875 1876
2153 2 2 1 2 482 1877 1879
2154 2 2 1 2 1877 481 1878
2155 2 2 1 2 1879 1878 36
2156 2 2 1 2 1877 1878 1879
2157 2 2 1 2 480 1876 1872
2158 2 2 1 2 1876 481 1877
2159 2 2 1 2 1872 1877 482
2160 2 2 1 2 1876 1877 1872
2161 2 2 1 2 125 1864 1857
2162 2 2 1 2 1864 479 1880
2163 2 2 1 2 1857 1880 475
2164 2 2 1 2 1864 1880 1857
2165 2 2 1 2 479 1870 1881
2166 2 2 1 2 1870 126 1874
2167 2 2 1 2 1881 1874 480
2168 2 2 1 2 1870 1874 1881
2169 2 2 1 2 475 1882 1860
2170 2 2 1 2 1882 480 1871
2171 2 2 1 2 1860 1871 127
2172 2 2 1 2 1882 1871 1860
2173 2 2 1 2 479 1881 1880
2174 2 2 1 2 1881 480 1882
2175 2 2 1 2 1880 1882 475
2176 2 2 1 2 1881 1882 1880
2177 2 2 1 2 31 1883 1608
2178 2 2 1 2 1883 483 1884
2179 2 2 1 2 1608 1884 415
2180 2 2 1 2 1883 1884 1608
2181 2 2 1 2 483 1885 1887
2182 2 2 1 2 1885 128 1886
2183 2 2 1 2 1887 1886 484
2184 2 2 1 2 1885 1886 1887
2185 2 2 1 2 415 1888 1611
2186 2 2 1 2 1888 484 1889
2187 2 2 1 2 1611 1889 111
2188 2 2 1 2 1888 1889 1611
2189 2 2 1 2 483 1887 1884
2190 2 2 1 2 1887 484 1888
2191 2 2 1 2 1884 1888 415
2192 2 2 1 2 1887 1888 1884
2193 2 2 1 2 128 1890 1892
2194 2 2 1 2 1890 485 1891
2195 2 2 1 2 1892 1891 487
2196 2 2 1 2 1890 1891 1892
2197 2 2 1 2 485 1893 1895
2198 2 2 1 2 1893 36 1894
2199 2 2 1 2 1895 1894 486
2200 2 2 1 2 1893 1894 1895
2201 2 2 1 2 487 1896 1898
2202 2 2 1 2 1896 486 1897
2203 2 2 1 2 1898 1897 129
2204 2 2 1 2 1896 1897 1898
2205 2 2 1 2 485 1895 1891
2206 2 2 1 2 1895 486 1896
2207 2 2 1 2 1891 1896 487
2208 2 2 1 2 1895 1896 1891
2209 2 2 1 2 111 1899 1617
2210 2 2 1 2 1899 488 1900
2211 2 2 1 2 1617 1900 418
2212 2 2 1 2 1899 1900 1617
2213 2 2 1 2 488 1901 1903
2214 2 2 1 2 1901 129 1902
2215 2 2 1 2 1903 1902 489
2216 2 2 1 2 1901 1902 1903
2217 2 2 1 2 418 1904 1620
2218 2 2 1 2 1904 489 1905
2219 2 2 1 2 1620 1905 11
2220 2 2 1 2 1904 1905 1620
2221 2 2 1 2 488 1903 1900
2222 2 2 1 2 1903 489 1904
2223 2 2 1 2 1900 1904 418
2224 2 2 1 2 1903 1904 1900
2225 2 2 1 2 128 1892 1886
2226 2 2 1 2 1892 487 1906
2227 2 2 1 2 1886 1906 484
2228 2 2 1 2 1892 1906 1886
2229 2 2 1 2 487 1898 1907
2230 2 2 1 2 1898 129 1901
2231 2 2 1 2 1907 1901 488
2232 2 2 1 2 1898 1901 1907
2233 2 2 1 2 484 1908 1889
2234 2 2 1 2 1908 488 1899
2235 2 2 1 2 1889 1899 111
2236 2 2 1 2 1908 1899 1889
2237 2 2 1 2 487 1907 1906
2238 2 2 1 2 1907 488 1908
2239 2 2 1 2 1906 1908 484
2240 2 2 1 2 1907 1908 1906
2241 2 2 1 2 35 1855 1838
2242 2 2 1 2 1855 476 1909
2243 2 2 1 2 1838 1909 470
2244 2 2 1 2 1855 1909 1838
2245 2 2 1 2 476 1861 1911
2246 2 2 1 2 1861 127 1910
2247 2 2 1 2 1911 1910 490
2248 2 2 1 2 1861 1910 1911
2249 2 2 1 2 470 1912 1841
2250 2 2 1 2 1912 490 1913
2251 2 2 1 2 1841 1913 124
2252 2 2 1 2 1912 1913 1841
2253 2 2 1 2 476 1911 1909
2254 2 2 1 2 1911 490 1912
2255 2 2 1 2 1909 1912 470
2256 2 2 1 2 1911 1912 1909
2257 2 2 1 2 127 1873 1915
2258 2 2 1 2 1873 482 1914
2259 2 2 1 2 1915 1914 491
2260 2 2 1 2 1873 1914 1915
2261 2 2 1 2 482 1879 1916
2262 2 2 1 2 1879 36 1893
2263 2 2 1 2 1916 1893 485
2264 2 2 1 2 1879 1893 1916
2265 2 2 1 2 491 1917 1918
2266 2 2 1 2 1917 485 1890
2267 2 2 1 2 1918 1890 128
2268 2 2 1 2 1917 1890 1918
2269 2 2 1 2 482 1916 1914
2270 2 2 1 2 1916 485 1917
2271 2 2 1 2 1914 1917 491
2272 2 2 1 2 1916 1917 1914
2273 2 2 1 2 124 1919 1846
2274 2 2 1 2 1919 492 1920
2275 2 2 1 2 1846 1920 473
2276 2 2 1 2 1919 1920 1846
2277 2 2 1 2 492 1921 1922
2278 2 2 1 2 1921 128 1885
2279 2 2 1 2 1922 1885 483
2280 2 2 1 2 1921 1885 1922
2281 2 2 1 2 473 1923 1849
2282 2 2 1 2 1923 483 1883
2283 2 2 1 2 1849 1883 31
2284 2 2 1 2 1923 1883 1849
2285 2 2 1 2 492 1922 1920
2286 2 2 1 2 1922 483 1923
2287 2 2 1 2 1920 1923 473
2288 2 2 1 2 1922 1923 1920
2289 2 2 1 2 127 1915 1910
2290 2 2 1 2 1915 491 1924
2291 2 2 1 2 1910 1924 490
2292 2 2 1 2 1915 1924 1910
2293 2 2 1 2 491 1918 1925
2294 2 2 1 2 1918 128 1921
2295 2 2 1 2 1925 1921 492
2296 2 2 1 2 1918 1921 1925
2297 2 2 1 2 490 1926 1913
2298 2 2 1 2 1926 492 1919
2299 2 2 1 2 1913 1919 124
2300 2 2 1 2 1926 1919 1913
2301 2 2 1 2 491 1925 1924
2302 2 2 1 2 1925 492 1926
2303 2 2 1 2 1924 1926 490
2304 2 2 1 2 1925 1926 1924
2305 2 2 1 2 12 1927 1929
2306 2 2 1 2 1927 493 1928
2307 2 2 1 2 1929 1928 495
2308 2 2 1 2 1927 1928 1929
2309 2 2 1 2 493 1930 1932
2310 2 2 1 2 1930 130 1931
2311 2 2 1 2 1932 1931 494
2312 2 2 1 2 1930 1931 1932
2313 2 2 1 2 495 1933 1935
2314 2 2 1 2 1933 494 1934
2315 2 2 1 2 1935 1934 132
2316 2 2 1 2 1933 1934 1935
2317 2 2 1 2 493 1932 1928
2318 2 2 1 2 1932 494 1933
2319 2 2 1 2 1928 1933 495
2320 2 2 1 2 1932 1933 1928
2321 2 2 1 2 130 1936 1938
2322 2 2 1 2 1936 496 1937
2323 2 2 1 2 1938 1937 498
2324 2 2 1 2 1936 1937 1938
2325 2 2 1 2 496 1939 1941
2326 2 2 1 2 1939 37 1940
2327 2 2 1 2 1941 1940 497
2328 2 2 1 2 1939 1940 1941
2329 2 2 1 2 498 1942 1944
2330 2 2 1 2 1942 497 1943
2331 2 2 1 2 1944 1943 131
2332 2 2 1 2 1942 1943 1944
2333 2 2 1 2 496 1941 1937
2334 2 2 1 2 1941 497 1942
2335 2 2 1 2 1937 1942 498
2336 2 2 1 2 1941 1942 1937
2337 2 2 1 2 132 1945 1947
2338 2 2 1 2 1945 499 1946
2339 2 2 1 2 1947 1946 501
2340 2 2 1 2 1945 1946 1947
2341 2 2 1 2 499 1948 1950
2342 2 2 1 2 1948 131 1949
2343 2 2 1 2 1950 1949 500
2344 2 2 1 2 1948 1949 1950
2345 2 2 1 2 501 1951 1953
2346 2 2 1 2 1951 500 1952
2347 2 2 1 2 1953 1952 39
2348 2 2 1 2 1951 1952 1953
2349 2 2 1 2 499 1950 1946
2350 2 2 1 2 1950 500 1951
2351 2 2 1 2 1946 1951 501
2352 2 2 1 2 1950 1951 1946
2353 2 2 1 2 130 1938 1931
2354 2 2 1 2 1938 498 1954
2355 2 2 1 2 1931 1954 494
2356 2 2 1 2 1938 1954 1931
2357 2 2 1 2 498 1944 1955
2358 2 2 1 2 1944 131 1948
2359 2 2 1 2 1955 1948 499
2360 2 2 1 2 1944 1948 1955
2361 2 2 1 2 494 1956 1934
2362 2 2 1 2 1956 499 1945
2363 2 2 1 2 1934 1945 132
2364 2 2 1 2 1956 1945 1934
2365 2 2 1 2 498 1955 1954
2366 2 2 1 2 1955 499 1956
2367 2 2 1 2 1954 1956 494
2368 2 2 1 2 1955 1956 1954
2369 2 2 1 2 37 1957 1959
2370 2 2 1 2 1957 502 1958
2371 2 2 1 2 1959 1958 504
2372 2 2 1 2 1957 1958 1959
2373 2 2 1 2 502 1960 1962
2374 2 2 1 2 1960 133 1961
2375 2 2 1 2 1962 1961 503
2376 2 2 1 2 1960 1961 1962
2377 2 2 1 2 504 1963 1965
2378 2 2 1 2 1963 503 1964
2379 2 2 1 2 1965 1964 135
2380 2 2 1 2 1963 1964 1965
2381 2 2 1 2 502 1962 1958
2382 2 2 1 2 1962 503 1963
2383 2 2 1 2 1958 1963 504
2384 2 2 1 2 1962 1963 1958
2385 2 2 1 2 133 1966 1968
2386 2 2 1 2 1966 505 1967
2387 2 2 1 2 1968 1967 507
2388 2 2 1 2 1966 1967 1968
2389 2 2 1 2 505 1969 1971
2390 2 2 1 2 1969 5 1970
2391 2 2 1 2 1971 1970 506
2392 2 2 1 2 1969 1970 1971
2393 2 2 1 2 507 1972 1974
2394 2 2 1 2 1972 506 1973
2395 2 2 1 2 1974 1973 134
2396 2 2 1 2 1972 1973 1974
2397 2 2 1 2 505 1971 1967
2398 2 2 1 2 1971 506 1972
2399 2 2 1 2 1967 1972 507
2400 2 2 1 2 1971 1972 1967
2401 2 2 1 2 135 1975 1977
2402 2 2 1 2 1975 508 1976
2403 2 2 1 2 1977 1976 510
2404 2 2 1 2 1975 1976 1977
2405 2 2 1 2 508 1978 1980
2406 2 2 1 2 1978 134 1979
2407 2 2 1 2 1980 1979 509
2408 2 2 1 2 1978 1979 1980
2409 2 2 1 2 510 1981 1983
2410 2 2 1 2 1981 509 1982
2411 2 2 1 2 1983 1982 38
2412 2 2 1 2 1981 1982 1983
2413 2 2 1 2 508 1980 1976
2414 2 2 1 2 1980 509 1981
2415 2 2 1 2 1976 1981 510
2416 2 2 1 2 1980 1981 1976
2417 2 2 1 2 133 1968 1961
2418 2 2 1 2 1968 507 1984
2419 2 2 1 2 1961 1984 503
2420 2 2 1 2 1968 1984 1961
2421 2 2 1 2 507 1974 1985
2422 2 2 1 2 1974 134 1978
2423 2 2 1 2 1985 1978 508
2424 2 2 1 2 1974 1978 1985
2425 2 2 1 2 503 1986 1964
2426 2 2 1 2 1986 508 1975
2427 2 2 1 2 1964 1975 135
2428 2 2 1 2 1986 1975 1964
2429 2 2 1 2 507 1985 1984
2430 2 2 1 2 1985 508 1986
2431 2 2 1 2 1984 1986 503
2432 2 2 1 2 1985 1986 1984
2433 2 2 1 2 39 1987 1989
2434 2 2 1 2 1987 511 1988
2435 2 2 1 2 1989 1988 513
2436 2 2 1 2 1987 1988 1989
2437 2 2 1 2 511 1990 1992
2438 2 2 1 2 1990 136 1991
2439 2 2 1 2 1992 1991 512
2440 2 2 1 2 1990 1991 1992
2441 2 2 1 2 513 1993 1995
2442 2 2 1 2 1993 512 1994
2443 2 2 1 2 1995 1994 138
2444 2 2 1 2 1993 1994 1995
2445 2 2 1 2 511 1992 1988
2446 2 2 1 2 1992 512 1993
2447 2 2 1 2 1988 1993 513
2448 2 2 1 2 1992 1993 1988
2449 2 2 1 2 136 1996 1998
2450 2 2 1 2 1996 514 1997
2451 2 2 1 2 1998 1997 516
2452 2 2 1 2 1996 1997 1998
2453 2 2 1 2 514 1999 2001
2454 2 2 1 2 1999 38 2000
2455 2 2 1 2 2001 2000 515
2456 2 2 1 2 1999 2000 2001
2457 2 2 1 2 516 2002 2004
2458 2 2 1 2 2002 515 2003
2459 2 2 1 2 2004 2003 137
2460 2 2 1 2 2002 2003 2004
2461 2 2 1 2 514 2001 1997
2462 2 2 1 2 2001 515 2002
2463 2 2 1 2 1997 2002 516
2464 2 2 1 2 2001 2002 1997
2465 2 2 1 2 138 2005 2007
2466 2 2 1 2 2005 517 2006
2467 2 2 1 2 2007 2006 519
2468 2 2 1 2 2005 2006 2007
2469 2 2 1 2 517 2008 2010
2470 2 2 1 2 2008 137 2009
2471 2 2 1 2 2010 2009 518
2472 2 2 1 2 2008 2009 2010
2473 2 2 1 2 519 2011 2013
2474 2 2 1 2 2011 518 2012
2475 2 2 1 2 2013 2012 13
2476 2 2 1 2 2011 2012 2013
2477 2 2 1 2 517 2010 2006
2478 2 2 1 2 2010 518 2011
2479 2 2 1 2 2006 2011 519
2480 2 2 1 2 2010 2011 2006
2481 2 2 1 2 136 1998 1991
2482 2 2 1 2 1998 516 2014
2483 2 2 1 2 1991 2014 512
2484 2 2 1 2 1998 2014 1991
2485 2 2 1 2 516 2004 2015
2486 2 2 1 2 2004 137 2008
2487 2 2 1 2 2015 2008 517
2488 2 2 1 2 2004 2008 2015
2489 2 2 1 2 512 2016 1994
2490 2 2 1 2 2016 517 2005
2491 2 2 1 2 1994 2005 138
2492 2 2 1 2 2016 2005 1994
2493 2 2 1 2 516 2015 2014
2494 2 2 1 2 2015 517 2016
2495 2 2 1 2 2014 2016 512
2496 2 2 1 2 2015 2016 2014
2497 2 2 1 2 37 1959 1940
2498 2 2 1 2 1959 504 2017
2499 2 2 1 2 1940 2017 497
2500 2 2 1 2 1959 2017 1940
2501 2 2 1 2 504 1965 2019
2502 2 2 1 2 1965 135 2018
2503 2 2 1 2 2019 2018 520
2504 2 2 1 2 1965 2018 2019
2505 2 2 1 2 497 2020 1943
2506 2 2 1 2 2020 520 2021
2507 2 2 1 2 1943 2021 131
2508 2 2 1 2 2020 2021 1943
2509 2 2 1 2 504 2019 2017
2510 2 2 1 2 2019 520 2020
2511 2 2 1 2 2017 2020 497
2512 2 2 1 2 2019 2020 2017
2513 2 2 1 2 135 1977 2023
2514 2 2 1 2 1977 510 2022
2515 2 2 1 2 2023 2022 521
2516 2 2 1 2 1977 2022 2023
2517 2 2 1 2 510 1983 2024
2518 2 2 1 2 1983 38 1999
2519 2 2 1 2 2024 1999 514
2520 2 2 1 2 1983 1999 2024
2521 2 2 1 2 521 2025 2026
2522 2 2 1 2 2025 514 1996
2523 2 2 1 2 2026 1996 136
2524 2 2 1 2 2025 1996 2026
2525 2 2 1 2 510 2024 2022
2526 2 2 1 2 2024 514 2025
2527 2 2 1 2 2022 2025 521
2528 2 2 1 2 2024 2025 2022
2529 2 2 1 2 131 2027 1949
2530 2 2 1 2 2027 522 2028
2531 2 2 1 2 1949 2028 500
2532 2 2 1 2 2027 2028 1949
2533 2 2 1 2 522 2029 2030
2534 2 2 1 2 2029 136 1990
2535 2 2 1 2 2030 1990 511
2536 2 2 1 2 2029 1990 2030
2537 2 2 1 2 500 2031 1952
2538 2 2 1 2 2031 511 1987
2539 2 2 1 2 1952 1987 39
2540 2 2 1 2 2031 1987 1952
2541 2 2 1 2 522 2030 2028
2542 2 2 1 2 2030 511 2031
2543 2 2 1 2 2028 2031 500
2544 2 2 1 2 2030 2031 2028
2545 2 2 1 2 135 2023 2018
2546 2 2 1 2 2023 521 2032
2547 2 2 1 2 2018 2032 520
2548 2 2 1 2 2023 2032 2018
2549 2 2 1 2 521 2026 2033
2550 2 2 1 2 2026 136 2029
2551 2 2 1 2 2033 2029 522
2552 2 2 1 2 2026 2029 2033
2553 2 2 1 2 520 2034 2021
2554 2 2 1 2 2034 522 2027
2555 2 2 1 2 2021 2027 131
2556 2 2 1 2 2034 2027 2021
2557 2 2 1 2 521 2033 2032
2558 2 2 1 2 2033 522 2034
2559 2 2 1 2 2032 2034 520
2560 2 2 1 2 2033 2034 2032
2561 2 2 1 2 11 2035 1682
2562 2 2 1 2 2035 523 2036
2563 2 2 1 2 1682 2036 434
2564 2 2 1 2 2035 2036 1682
2565 2 2 1 2 523 2037 2039
2566 2 2 1 2 2037 139 2038
2567 2 2 1 2 2039 2038 524
2568 2 2 1 2 2037 2038 2039
2569 2 2 1 2 434 2040 1685
2570 2 2 1 2 2040 524 2041
2571 2 2 1 2 1685 2041 116
2572 2 2 1 2 2040 2041 1685
2573 2 2 1 2 523 2039 2036
2574 2 2 1 2 2039 524 2040
2575 2 2 1 2 2036 2040 434
2576 2 2 1 2 2039 2040 2036
2577 2 2 1 2 139 2042 2044
2578 2 2 1 2 2042 525 2043
2579 2 2 1 2 2044 2043 527
2580 2 2 1 2 2042 2043 2044
2581 2 2 1 2 525 2045 2047
2582 2 2 1 2 2045 40 2046
2583 2 2 1 2 2047 2046 526
2584 2 2 1 2 2045 2046 2047
2585 2 2 1 2 527 2048 2050
2586 2 2 1 2 2048 526 2049
2587 2 2 1 2 2050 2049 140
2588 2 2 1 2 2048 2049 2050
2589 2 2 1 2 525 2047 2043
2590 2 2 1 2 2047 526 2048
2591 2 2 1 2 2043 2048 527
2592 2 2 1 2 2047 2048 2043
2593 2 2 1 2 116 2051 1691
2594 2 2 1 2 2051 528 2052
2595 2 2 1 2 1691 2052 437
2596 2 2 1 2 2051 2052 1691
2597 2 2 1 2 528 2053 2055
2598 2 2 1 2 2053 140 2054
2599 2 2 1 2 2055 2054 529
2600 2 2 1 2 2053 2054 2055
2601 2 2 1 2 437 2056 1694
2602 2 2 1 2 2056 529 2057
2603 2 2 1 2 1694 2057 34
2604 2 2 1 2 2056 2057 1694
2605 2 2 1 2 528 2055 2052
2606 2 2 1 2 2055 529 2056
2607 2 2 1 2 2052 2056 437
2608 2 2 1 2 2055 2056 2052
2609 2 2 1 2 139 2044 2038
2610 2 2 1 2 2044 527 2058
2611 2 2 1 2 2038 2058 524
2612 2 2 1 2 2044 2058 2038
2613 2 2 1 2 527 2050 2059
2614 2 2 1 2 2050 140 2053
2615 2 2 1 2 2059 2053 528
2616 2 2 1 2 2050 2053 2059
2617 2 2 1 2 524 2060 2041
2618 2 2 1 2 2060 528 2051
2619 2 2 1 2 2041 2051 116
2620 2 2 1 2 2060 2051 2041
2621 2 2 1 2 527 2059 2058
2622 2 2 1 2 2059 528 2060
2623 2 2 1 2 2058 2060 524
2624 2 2 1 2 2059 2060 2058
2625 2 2 1 2 40 2061 2063
2626 2 2 1 2 2061 530 2062
2627 2 2 1 2 2063 2062 532
2628 2 2 1 2 2061 2062 2063
2629 2 2 1 2 530 2064 2066
2630 2 2 1 2 2064 141 2065
2631 2 2 1 2 2066 2065 531
2632 2 2 1 2 2064 2065 2066
2633 2 2 1 2 532 2067 2069
2634 2 2 1 2 2067 531 2068
2635 2 2 1 2 2069 2068 143
2636 2 2 1 2 2067 2068 2069
2637 2 2 1 2 530 2066 2062
2638 2 2 1 2 2066 531 2067
2639 2 2 1 2 2062 2067 532
2640 2 2 1 2 2066 2067 2062
2641 2 2 1 2 141 2070 2072
2642 2 2 1 2 2070 533 2071
2643 2 2 1 2 2072 2071 535
2644 2 2 1 2 2070 2071 2072
2645 2 2 1 2 533 2073 2075
2646 2 2 1 2 2073 13 2074
2647 2 2 1 2 2075 2074 534
2648 2 2 1 2 2073 2074 2075
2649 2 2 1 2 535 2076 2078
2650 2 2 1 2 2076 534 2077
2651 2 2 1 2 2078 2077 142
2652 2 2 1 2 2076 2077 2078
2653 2 2 1 2 533 2075 2071
2654 2 2 1 2 2075 534 2076
2655 2 2 1 2 2071 2076 535
2656 2 2 1 2 2075 2076 2071
2657 2 2 1 2 143 2079 2081
2658 2 2 1 2 2079 536 2080
2659 2 2 1 2 2081 2080 538
2660 2 2 1 2 2079 2080 2081
2661 2 2 1 2 536 2082 2084
2662 2 2 1 2 2082 142 2083
2663 2 2 1 2 2084 2083 537
2664 2 2 1 2 2082 2083 2084
2665 2 2 1 2 538 2085 2087
2666 2 2 1 2 2085 537 2086
2667 2 2 1 2 2087 2086 41
2668 2 2 1 2 2085 2086 2087
2669 2 2 1 2 536 2084 2080
2670 2 2 1 2 2084 537 2085
2671 2 2 1 2 2080 2085 538
2672 2 2 1 2 2084 2085 2080
2673 2 2 1 2 141 2072 2065
2674 2 2 1 2 2072 535 2088
2675 2 2 1 2 2065 2088 531
2676 2 2 1 2 2072 2088 2065
2677 2 2 1 2 535 2078 2089
2678 2 2 1 2 2078 142 2082
2679 2 2 1 2 2089 2082 536
2680 2 2 1 2 2078 2082 2089
2681 2 2 1 2 531 2090 2068
2682 2 2 1 2 2090 536 2079
2683 2 2 1 2 2068 2079 143
2684 2 2 1 2 2090 2079 2068
2685 2 2 1 2 535 2089 2088
2686 2 2 1 2 2089 536 2090
2687 2 2 1 2 2088 2090 531
2688 2 2 1 2 2089 2090 2088
2689 2 2 1 2 34 2091 1710
2690 2 2 1 2 2091 539 2092
2691 2 2 1 2 1710 2092 442
2692 2 2 1 2 2091 2092 1710
2693 2 2 1 2 539 2093 2095
2694 2 2 1 2 2093 144 2094
2695 2 2 1 2 2095 2094 540
2696 2 2 1 2 2093 2094 2095
2697 2 2 1 2 442 2096 1713
2698 2 2 1 2 2096 540 2097
2699 2 2 1 2 1713 2097 119
2700 2 2 1 2 2096 2097 1713
2701 2 2 1 2 539 2095 2092
2702 2 2 1 2 2095 540 2096
2703 2 2 1 2 2092 2096 442
2704 2 2 1 2 2095 2096 2092
2705 2 2 1 2 144 2098 2100
2706 2 2 1 2 2098 541 2099
2707 2 2 1 2 2100 2099 543
2708 2 2 1 2 2098 2099 2100
2709 2 2 1 2 541 2101 2103
2710 2 2 1 2 2101 41 2102
2711 2 2 1 2 2103 2102 542
2712 2 2 1 2 2101 2102 2103
2713 2 2 1 2 543 2104 2106
2714 2 2 1 2 2104 542 2105
2715 2 2 1 2 2106 2105 145
2716 2 2 1 2 2104 2105 2106
2717 2 2 1 2 541 2103 2099
2718 2 2 1 2 2103 542 2104
2719 2 2 1 2 2099 2104 543
2720 2 2 1 2 2103 2104 2099
2721 2 2 1 2 119 2107 1718
2722 2 2 1 2 2107 544 2108
2723 2 2 1 2 1718 2108 445
2724 2 2 1 2 2107 2108 1718
2725 2 2 1 2 544 2109 2111
2726 2 2 1 2 2109 145 2110
2727 2 2 1 2 2111 2110 545
2728 2 2 1 2 2109 2110 2111
2729 2 2 1 2 445 2112 1721
2730 2 2 1 2 2112 545 2113
2731 2 2 1 2 1721 2113 3
2732 2 2 1 2 2112 2113 1721
2733 2 2 1 2 544 2111 2108
2734 2 2 1 2 2111 545 2112
2735 2 2 1 2 2108 2112 445
2736 2 2 1 2 2111 2112 2108
2737 2 2 1 2 144 2100 2094
2738 2 2 1 2 2100 543 2114
2739 2 2 1 2 2094 2114 540
2740 2 2 1 2 2100 2114 2094
2741 2 2 1 2 543 2106 2115
2742 2 2 1 2 2106 145 2109
2743 2 2 1 2 2115 2109 544
2744 2 2 1 2 2106 2109 2115
2745 2 2 1 2 540 2116 2097
2746 2 2 1 2 2116 544 2107
2747 2 2 1 2 2097 2107 119
2748 2 2 1 2 2116 2107 2097
2749 2 2 1 2 543 2115 2114
2750 2 2 1 2 2115 544 2116
2751 2 2 1 2 2114 2116 540
2752 2 2 1 2 2115 2116 2114
2753 2 2 1 2 40 2063 2046
2754 2 2 1 2 2063 532 2117
2755 2 2 1 2 2046 2117 526
2756 2 2 1 2 2063 2117 2046
2757 2 2 1 2 532 2069 2119
2758 2 2 1 2 2069 143 2118
2759 2 2 1 2 2119 2118 546
2760 2 2 1 2 2069 2118 2119
2761 2 2 1 2 526 2120 2049
2762 2 2 1 2 2120 546 2121
2763 2 2 1 2 2049 2121 140
2764 2 2 1 2 2120 2121 2049
2765 2 2 1 2 532 2119 2117
2766 2 2 1 2 2119 546 2120
2767 2 2 1 2 2117 2120 526
2768 2 2 1 2 2119 2120 2117
2769 2 2 1 2 143 2081 2123
2770 2 2 1 2 2081 538 2122
2771 2 2 1 2 2123 2122 547
2772 2 2 1 2 2081 2122 2123
2773 2 2 1 2 538 2087 2124
2774 2 2 1 2 2087 41 2101
2775 2 2 1 2 2124 2101 541
2776 2 2 1 2 2087 2101 2124
2777 2 2 1 2 547 2125 2126
2778 2 2 1 2 2125 541 2098
2779 2 2 1 2 2126 2098 144
2780 2 2 1 2 2125 2098 2126
2781 2 2 1 2 538 2124 2122
2782 2 2 1 2 2124 541 2125
2783 2 2 1 2 2122 2125 547
2784 2 2 1 2 2124 2125 2122
2785 2 2 1 2 140 2127 2054
2786 2 2 1 2 2127 548 2128
2787 2 2 1 2 2054 2128 529
2788 2 2 1 2 2127 2128 2054
2789 2 2 1 2 548 2129 2130
2790 2 2 1 2 2129 144 2093
2791 2 2 1 2 2130 2093 539
2792 2 2 1 2 2129 2093 2130
2793 2 2 1 2 529 2131 2057
2794 2 2 1 2 2131 539 2091
2795 2 2 1 2 2057 2091 34
2796 2 2 1 2 2131 2091 2057
2797 2 2 1 2 548 2130 2128
2798 2 2 1 2 2130 539 2131
2799 2 2 1 2 2128 2131 529
2800 2 2 1 2 2130 2131 2128
2801 2 2 1 2 143 2123 2118
2802 2 2 1 2 2123 547 2132
2803 2 2 1 2 2118 2132 546
2804 2 2 1 2 2123 2132 2118
2805 2 2 1 2 547 2126 2133
2806 2 2 1 2 2126 144 2129
2807 2 2 1 2 2133 2129 548
2808 2 2 1 2 2126 2129 2133
2809 2 2 1 2 546 2134 2121
2810 2 2 1 2 2134 548 2127
2811 2 2 1 2 2121 2127 140
2812 2 2 1 2 2134 2127 2121
2813 2 2 1 2 547 2133 2132
2814 2 2 1 2 2133 548 2134
2815 2 2 1 2 2132 2134 546
2816 2 2 1 2 2133 2134 2132
2817 2 2 1 2 12 1929 1866
2818 2 2 1 2 1929 495 2135
2819 2 2 1 2 1866 2135 478
2820 2 2 1 2 1929 2135 1866
2821 2 2 1 2 495 1935 2137
2822 2 2 1 2 1935 132 2136
2823 2 2 1 2 2137 2136 549
2824 2 2 1 2 1935 2136 2137
2825 2 2 1 2 478 2138 1869
2826 2 2 1 2 2138 549 2139
2827 2 2 1 2 1869 2139 126
2828 2 2 1 2 2138 2139 1869
2829 2 2 1 2 495 2137 2135
2830 2 2 1 2 2137 549 2138
2831 2 2 1 2 2135 2138 478
2832 2 2 1 2 2137 2138 2135
2833 2 2 1 2 132 1947 2141
2834 2 2 1 2 1947 501 2140
2835 2 2 1 2 2141 2140 551
2836 2 2 1 2 1947 2140 2141
2837 2 2 1 2 501 1953 2143
2838 2 2 1 2 1953 39 2142
2839 2 2 1 2 2143 2142 550
2840 2 2 1 2 1953 2142 2143
2841 2 2 1 2 551 2144 2146
2842 2 2 1 2 2144 550 2145
2843 2 2 1 2 2146 2145 146
2844 2 2 1 2 2144 2145 2146
2845 2 2 1 2 501 2143 2140
2846 2 2 1 2 2143 550 2144
2847 2 2 1 2 2140 2144 551
2848 2 2 1 2 2143 2144 2140
2849 2 2 1 2 126 2147 1875
2850 2 2 1 2 2147 552 2148
2851 2 2 1 2 1875 2148 481
2852 2 2 1 2 2147 2148 1875
2853 2 2 1 2 552 2149 2151
2854 2 2 1 2 2149 146 2150
2855 2 2 1 2 2151 2150 553
2856 2 2 1 2 2149 2150 2151
2857 2 2 1 2 481 2152 1878
2858 2 2 1 2 2152 553 2153
2859 2 2 1 2 1878 2153 36
2860 2 2 1 2 2152 2153 1878
2861 2 2 1 2 552 2151 2148
2862 2 2 1 2 2151 553 2152
2863 2 2 1 2 2148 2152 481
2864 2 2 1 2 2151 2152 2148
2865 2 2 1 2 132 2141 2136
2866 2 2 1 2 2141 551 2154
2867 2 2 1 2 2136 2154 549
2868 2 2 1 2 2141 2154 2136
2869 2 2 1 2 551 2146 2155
2870 2 2 1 2 2146 146 2149
2871 2 2 1 2 2155 2149 552
2872 2 2 1 2 2146 2149 2155
2873 2 2 1 2 549 2156 2139
2874 2 2 1 2 2156 552 2147
2875 2 2 1 2 2139 2147 126
2876 2 2 1 2 2156 2147 2139
2877 2 2 1 2 551 2155 2154
2878 2 2 1 2 2155 552 2156
2879 2 2 1 2 2154 2156 549
2880 2 2 1 2 2155 2156 2154
2881 2 2 1 2 39 1989 2158
2882 2 2 1 2 1989 513 2157
2883 2 2 1 2 2158 2157 555
2884 2 2 1 2 1989 2157 2158
2885 2 2 1 2 513 1995 2160
2886 2 2 1 2 1995 138 2159
2887 2 2 1 2 2160 2159 554
2888 2 2 1 2 1995 2159 2160
2889 2 2 1 2 555 2161 2163
2890 2 2 1 2 2161 554 2162
2891 2 2 1 2 2163 2162 147
2892 2 2 1 2 2161 2162 2163
2893 2 2 1 2 513 2160 2157
2894 2 2 1 2 2160 554 2161
2895 2 2 1 2 2157 2161 555
2896 2 2 1 2 2160 2161 2157
2897 2 2 1 2 138 2007 2165
2898 2 2 1 2 2007 519 2164
2899 2 2 1 2 2165 2164 556
2900 2 2 1 2 2007 2164 2165
2901 2 2 1 2 519 2013 2166
2902 2 2 1 2 2013 13 2073
2903 2 2 1 2 2166 2073 533
2904 2 2 1 2 2013 2073 2166
2905 2 2 1 2 556 2167 2168
2906 2 2 1 2 2167 533 2070
2907 2 2 1 2 2168 2070 141
2908 2 2 1 2 2167 2070 2168
2909 2 2 1 2 519 2166 2164
2910 2 2 1 2 2166 533 2167
2911 2 2 1 2 2164 2167 556
2912 2 2 1 2 2166 2167 2164
2913 2 2 1 2 147 2169 2171
2914 2 2 1 2 2169 557 2170
2915 2 2 1 2 2171 2170 558
2916 2 2 1 2 2169 2170 2171
2917 2 2 1 2 557 2172 2173
2918 2 2 1 2 2172 141 2064
2919 2 2 1 2 2173 2064 530
2920 2 2 1 2 2172 2064 2173
2921 2 2 1 2 558 2174 2175
2922 2 2 1 2 2174 530 2061
2923 2 2 1 2 2175 2061 40
2924 2 2 1 2 2174 2061 2175
2925 2 2 1 2 557 2173 2170
2926 2 2 1 2 2173 530 2174
2927 2 2 1 2 2170 2174 558
2928 2 2 1 2 2173 2174 2170
2929 2 2 1 2 138 2165 2159
2930 2 2 1 2 2165 556 2176
2931 2 2 1 2 2159 2176 554
2932 2 2 1 2 2165 2176 2159
2933 2 2 1 2 556 2168 2177
2934 2 2 1 2 2168 141 2172
2935 2 2 1 2 2177 2172 557
2936 2 2 1 2 2168 2172 2177
2937 2 2 1 2 554 2178 2162
2938 2 2 1 2 2178 557 2169
2939 2 2 1 2 2162 2169 147
2940 2 2 1 2 2178 2169 2162
2941 2 2 1 2 556 2177 2176
2942 2 2 1 2 2177 557 2178
2943 2 2 1 2 2176 2178 554
2944 2 2 1 2 2177 2178 2176
2945 2 2 1 2 36 2179 1894
2946 2 2 1 2 2179 559 2180
2947 2 2 1 2 1894 2180 486
2948 2 2 1 2 2179 2180 1894
2949 2 2 1 2 559 2181 2183
2950 2 2 1 2 2181 148 2182
2951 2 2 1 2 2183 2182 560
2952 2 2 1 2 2181 2182 2183
2953 2 2 1 2 486 2184 1897
2954 2 2 1 2 2184 560 2185
2955 2 2 1 2 1897 2185 129
2956 2 2 1 2 2184 2185 1897
2957 2 2 1 2 559 2183 2180
2958 2 2 1 2 2183 560 2184
2959 2 2 1 2 2180 2184 486
2960 2 2 1 2 2183 2184 2180
2961 2 2 1 2 148 2186 2188
2962 2 2 1 2 2186 561 2187
2963 2 2 1 2 2188 2187 562
2964 2 2 1 2 2186 2187 2188
2965 2 2 1 2 561 2189 2190
2966 2 2 1 2 2189 40 2045
2967 2 2 1 2 2190 2045 525
2968 2 2 1 2 2189 2045 2190
2969 2 2 1 2 562 2191 2192
2970 2 2 1 2 2191 525 2042
2971 2 2 1 2 2192 2042 139
2972 2 2 1 2 2191 2042 2192
2973 2 2 1 2 561 2190 2187
2974 2 2 1 2 2190 525 2191
2975 2 2 1 2 2187 2191 562
2976 2 2 1 2 2190 2191 2187
2977 2 2 1 2 129 2193 1902
2978 2 2 1 2 2193 563 2194
2979 2 2 1 2 1902 2194 489
2980 2 2 1 2 2193 2194 1902
2981 2 2 1 2 563 2195 2196
2982 2 2 1 2 2195 139 2037
2983 2 2 1 2 2196 2037 523
2984 2 2 1 2 2195 2037 2196
2985 2 2 1 2 489 2197 1905
2986 2 2 1 2 2197 523 2035
2987 2 2 1 2 1905 2035 11
2988 2 2 1 2 2197 2035 1905
2989 2 2 1 2 563 2196 2194
2990 2 2 1 2 2196 523 2197
2991 2 2 1 2 2194 2197 489
2992 2 2 1 2 2196 2197 2194
2993 2 2 1 2 148 2188 2182
2994 2 2 1 2 2188 562 2198
2995 2 2 1 2 2182 2198 560
2996 2 2 1 2 2188 2198 2182
2997 2 2 1 2 562 2192 2199
2998 2 2 1 2 2192 139 2195
2999 2 2 1 2 2199 2195 563
3000 2 2 1 2 2192 2195 2199
3001 2 2 1 2 560 2200 2185
3002 2 2 1 2 2200 563 2193
3003 2 2 1 2 2185 2193 129
3004 2 2 1 2 2200 2193 2185
3005 2 2 1 2 562 2199 2198
3006 2 2 1 2 2199 563 2200
3007 2 2 1 2 2198 2200 560
3008 2 2 1 2 2199 2200 2198
3009 2 2 1 2 39 2158 2142
3010 2 2 1 2 2158 555 2201
3011 2 2 1 2 2142 2201 550
3012 2 2 1 2 2158 2201 2142
3013 2 2 1 2 555 2163 2203
3014 2 2 1 2 2163 147 2202
3015 2 2 1 2 2203 2202 564
3016 2 2 1 2 2163 2202 2203
3017 2 2 1 2 550 2204 2145
3018 2 2 1 2 2204 564 2205
3019 2 2 1 2 2145 2205 146
3020 2 2 1 2 2204 2205 2145
3021 2 2 1 2 555 2203 2201
3022 2 2 1 2 2203 564 2204
3023 2 2 1 2 2201 2204 550
3024 2 2 1 2 2203 2204 2201
3025 2 2 1 2 147 2171 2207
3026 2 2 1 2 2171 558 2206
3027 2 2 1 2 2207 2206 565
3028 2 2 1 2 2171 2206 2207
3029 2 2 1 2 558 2175 2208
3030 2 2 1 2 2175 40 2189
3031 2 2 1 2 2208 2189 561
3032 2 2 1 2 2175 2189 2208
3033 2 2 1 2 565 2209 2210
3034 2 2 1 2 2209 561 2186
3035 2 2 1 2 2210 2186 148
3036 2 2 1 2 2209 2186 2210
3037 2 2 1 2 558 2208 2206
3038 2 2 1 2 2208 561 2209
3039 2 2 1 2 2206 2209 565
3040 2 2 1 2 2208 2209 2206
3041 2 2 1 2 146 2211 2150
3042 2 2 1 2 2211 566 2212
3043 2 2 1 2 2150 2212 553
3044 2 2 1 2 2211 2212 2150
3045 2 2 1 2 566 2213 2214
3046 2 2 1 2 2213 148 2181
3047 2 2 1 2 2214 2181 559
3048 2 2 1 2 2213 2181 2214
3049 2 2 1 2 553 2215 2153
3050 2 2 1 2 2215 559 2179
3051 2 2 1 2 2153 2179 36
3052 2 2 1 2 2215 2179 2153
3053 2 2 1 2 566 2214 2212
3054 2 2 1 2 2214 559 2215
3055 2 2 1 2 2212 2215 553
3056 2 2 1 2 2214 2215 2212
3057 2 2 1 2 147 2207 2202
3058 2 2 1 2 2207 565 2216
3059 2 2 1 2 2202 2216 564
3060 2 2 1 2 2207 2216 2202
3061 2 2 1 2 565 2210 2217
3062 2 2 1 2 2210 148 2213
3063 2 2 1 2 2217 2213 566
3064 2 2 1 2 2210 2213 2217
3065 2 2 1 2 564 2218 2205
3066 2 2 1 2 2218 566 2211
3067 2 2 1 2 2205 2211 146
3068 2 2 1 2 2218 2211 2205
3069 2 2 1 2 565 2217 2216
3070 2 2 1 2 2217 566 2218
3071 2 2 1 2 2216 2218 564
3072 2 2 1 2 2217 2218 2216
3073 2 2 1 2 5 2219 1970
3074 2 2 1 2 2219 567 2220
3075 2 2 1 2 1970 2220 506
3076 2 2 1 2 2219 2220 1970
3077 2 2 1 2 567 2221 2223
3078 2 2 1 2 2221 149 2222
3079 2 2 1 2 2223 2222 568
3080 2 2 1 2 2221 2222 2223
3081 2 2 1 2 506 2224 1973
3082 2 2 1 2 2224 568 2225
3083 2 2 1 2 1973 2225 134
3084 2 2 1 2 2224 2225 1973
3085 2 2 1 2 567 2223 2220
3086 2 2 1 2 2223 568 2224
3087 2 2 1 2 2220 2224 506
3088 2 2 1 2 2223 2224 2220
3089 2 2 1 2 149 2226 2228
3090 2 2 1 2 2226 569 2227
3091 2 2 1 2 2228 2227 571
3092 2 2 1 2 2226 2227 2228
3093 2 2 1 2 569 2229 2231
3094 2 2 1 2 2229 42 2230
3095 2 2 1 2 2231 2230 570
3096 2 2 1 2 2229 2230 2231
3097 2 2 1 2 571 2232 2234
3098 2 2 1 2 2232 570 2233
3099 2 2 1 2 2234 2233 150
3100 2 2 1 2 2232 2233 2234
3101 2 2 1 2 569 2231 2227
3102 2 2 1 2 2231 570 2232
3103 2 2 1 2 2227 2232 571
3104 2 2 1 2 2231 2232 2227
3105 2 2 1 2 134 2235 1979
3106 2 2 1 2 2235 572 2236
3107 2 2 1 2 1979 2236 509
3108 2 2 1 2 2235 2236 1979
3109 2 2 1 2 572 2237 2239
3110 2 2 1 2 2237 150 2238
3111 2 2 1 2 2239 2238 573
3112 2 2 1 2 2237 2238 2239
3113 2 2 1 2 509 2240 1982
3114 2 2 1 2 2240 573 2241
3115 2 2 1 2 1982 2241 38
3116 2 2 1 2 2240 2241 1982
3117 2 2 1 2 572 2239 2236
3118 2 2 1 2 2239 573 2240
3119 2 2 1 2 2236 2240 509
3120 2 2 1 2 2239 2240 2236
3121 2 2 1 2 149 2228 2222
3122 2 2 1 2 2228 571 2242
3123 2 2 1 2 2222 2242 568
3124 2 2 1 2 2228 2242 2222
3125 2 2 1 2 571 2234 2243
3126 2 2 1 2 2234 150 2237
3127 2 2 1 2 2243 2237 572
3128 2 2 1 2 2234 2237 2243
3129 2 2 1 2 568 2244 2225
3130 2 2 1 2 2244 572 2235
3131 2 2 1 2 2225 2235 134
3132 2 2 1 2 2244 2235 2225
3133 2 2 1 2 571 2243 2242
3134 2 2 1 2 2243 572 2244
3135 2 2 1 2 2242 2244 568
3136 2 2 1 2 2243 2244 2242
3137 2 2 1 2 42 2245 2247
3138 2 2 1 2 2245 574 2246
3139 2 2 1 2 2247 2246 576
3140 2 2 1 2 2245 2246 2247
3141 2 2 1 2 574 2248 2250
3142 2 2 1 2 2248 151 2249
3143 2 2 1 2 2250 2249 575
3144 2 2 1 2 2248 2249 2250
3145 2 2 1 2 576 2251 2253
3146 2 2 1 2 2251 575 2252
3147 2 2 1 2 2253 2252 153
3148 2 2 1 2 2251 2252 2253
3149 2 2 1 2 574 2250 2246
3150 2 2 1 2 2250 575 2251
3151 2 2 1 2 2246 2251 576
3152 2 2 1 2 2250 2251 2246
3153 2 2 1 2 151 2254 2256
3154 2 2 1 2 2254 577 2255
3155 2 2 1 2 2256 2255 579
3156 2 2 1 2 2254 2255 2256
3157 2 2 1 2 577 2257 2259
3158 2 2 1 2 2257 14 2258
3159 2 2 1 2 2259 2258 578
3160 2 2 1 2 2257 2258 2259
3161 2 2 1 2 579 2260 2262
3162 2 2 1 2 2260 578 2261
3163 2 2 1 2 2262 2261 152
3164 2 2 1 2 2260 2261 2262
3165 2 2 1 2 577 2259 2255
3166 2 2 1 2 2259 578 2260
3167 2 2 1 2 2255 2260 579
3168 2 2 1 2 2259 2260 2255
3169 2 2 1 2 153 2263 2265
3170 2 2 1 2 2263 580 2264
3171 2 2 1 2 2265 2264 582
3172 2 2 1 2 2263 2264 2265
3173 2 2 1 2 580 2266 2268
3174 2 2 1 2 2266 152 2267
3175 2 2 1 2 2268 2267 581
3176 2 2 1 2 2266 2267 2268
3177 2 2 1 2 582 2269 2271
3178 2 2 1 2 2269 581 2270
3179 2 2 1 2 2271 2270 43
3180 2 2 1 2 2269 2270 2271
3181 2 2 1 2 580 2268 2264
3182 2 2 1 2 2268 581 2269
3183 2 2 1 2 2264 2269 582
3184 2 2 1 2 2268 2269 2264
3185 2 2 1 2 151 2256 2249
3186 2 2 1 2 2256 579 2272
3187 2 2 1 2 2249 2272 575
3188 2 2 1 2 2256 2272 2249
3189 2 2 1 2 579 2262 2273
3190 2 2 1 2 2262 152 2266
3191 2 2 1 2 2273 2266 580
3192 2 2 1 2 2262 2266 2273
3193 2 2 1 2 575 2274 2252
3194 2 2 1 2 2274 580 2263
3195 2 2 1 2 2252 2263 153
3196 2 2 1 2 2274 2263 2252
3197 2 2 1 2 579 2273 2272
3198 2 2 1 2 2273 580 2274
3199 2 2 1 2 2272 2274 575
3200 2 2 1 2 2273 2274 2272
3201 2 2 1 2 38 2275 2000
3202 2 2 1 2 2275 583 2276
3203 2 2 1 2 2000 2276 515
3204 2 2 1 2 2275 2276 2000
3205 2 2 1 2 583 2277 2279
3206 2 2 1 2 2277 154 2278
3207 2 2 1 2 2279 2278 584
3208 2 2 1 2 2277 2278 2279
3209 2 2 1 2 515 2280 2003
3210 2 2 1 2 2280 584 2281
3211 2 2 1 2 2003 2281 137
3212 2 2 1 2 2280 2281 2003
3213 2 2 1 2 583 2279 2276
3214 2 2 1 2 2279 584 2280
3215 2 2 1 2 2276 2280 515
3216 2 2 1 2 2279 2280 2276
3217 2 2 1 2 154 2282 2284
3218 2 2 1 2 2282 585 2283
3219 2 2 1 2 2284 2283 587
3220 2 2 1 2 2282 2283 2284
3221 2 2 1 2 585 2285 2287
3222 2 2 1 2 2285 43 2286
3223 2 2 1 2 2287 2286 586
3224 2 2 1 2 2285 2286 2287
3225 2 2 1 2 587 2288 2290
3226 2 2 1 2 2288 586 2289
3227 2 2 1 2 2290 2289 155
3228 2 2 1 2 2288 2289 2290
3229 2 2 1 2 585 2287 2283
3230 2 2 1 2 2287 586 2288
3231 2 2 1 2 2283 2288 587
3232 2 2 1 2 2287 2288 2283
3233 2 2 1 2 137 2291 2009
3234 2 2 1 2 2291 588 2292
3235 2 2 1 2 2009 2292 518
3236 2 2 1 2 2291 2292 2009
3237 2 2 1 2 588 2293 2295
3238 2 2 1 2 2293 155 2294
3239 2 2 1 2 2295 2294 589
3240 2 2 1 2 2293 2294 2295
3241 2 2 1 2 518 2296 2012
3242 2 2 1 2 2296 589 2297
3243 2 2 1 2 2012 2297 13
3244 2 2 1 2 2296 2297 2012
3245 2 2 1 2 588 2295 2292
3246 2 2 1 2 2295 589 2296
3247 2 2 1 2 2292 2296 518
3248 2 2 1 2 2295 2296 2292
3249 2 2 1 2 154 2284 2278
3250 2 2 1 2 2284 587 2298
3251 2 2 1 2 2278 2298 584
3252 2 2 1 2 2284 2298 2278
3253 2 2 1 2 587 2290 2299
3254 2 2 1 2 2290 155 2293
3255 2 2 1 2 2299 2293 588
3256 2 2 1 2 2290 2293 2299
3257 2 2 1 2 584 2300 2281
3258 2 2 1 2 2300 588 2291
3259 2 2 1 2 2281 2291 137
3260 2 2 1 2 2300 2291 2281
3261 2 2 1 2 587 2299 2298
3262 2 2 1 2 2299 588 2300
3263 2 2 1 2 2298 2300 584
3264 2 2 1 2 2299 2300 2298
3265 2 2 1 2 42 2247 2230
3266 2 2 1 2 2247 576 2301
3267 2 2 1 2 2230 2301 570
3268 2 2 1 2 2247 2301 2230
3269 2 2 1 2 576 2253 2303
3270 2 2 1 2 2253 153 2302
3271 2 2 1 2 2303 2302 590
3272 2 2 1 2 2253 2302 2303
3273 2 2 1 2 570 2304 2233
3274 2 2 1 2 2304 590 2305
3275 2 2 1 2 2233 2305 150
3276 2 2 1 2 2304 2305 2233
3277 2 2 1 2 576 2303 2301
3278 2 2 1 2 2303 590 2304
3279 2 2 1 2 2301 2304 570
3280 2 2 1 2 2303 2304 2301
3281 2 2 1 2 153 2265 2307
3282 2 2 1 2 2265 582 2306
3283 2 2 1 2 2307 2306 591
3284 2 2 1 2 2265 2306 2307
3285 2 2 1 2 582 2271 2308
3286 2 2 1 2 2271 43 2285
3287 2 2 1 2 2308 2285 585
3288 2 2 1 2 2271 2285 2308
3289 2 2 1 2 591 2309 2310
3290 2 2 1 2 2309 585 2282
3291 2 2 1 2 2310 2282 154
3292 2 2 1 2 2309 2282 2310
3293 2 2 1 2 582 2308 2306
3294 2 2 1 2 2308 585 2309
3295 2 2 1 2 2306 2309 591
3296 2 2 1 2 2308 2309 2306
3297 2 2 1 2 150 2311 2238
3298 2 2 1 2 2311 592 2312
3299 2 2 1 2 2238 2312 573
3300 2 2 1 2 2311 2312 2238
3301 2 2 1 2 592 2313 2314
3302 2 2 1 2 2313 154 2277
3303 2 2 1 2 2314 2277 583
3304 2 2 1 2 2313 2277 2314
3305 2 2 1 2 573 2315 2241
3306 2 2 1 2 2315 583 2275
3307 2 2 1 2 2241 2275 38
3308 2 2 1 2 2315 2275 2241
3309 2 2 1 2 592 2314 2312
3310 2 2 1 2 2314 583 2315
3311 2 2 1 2 2312 2315 573
3312 2 2 1 2 2314 2315 2312
3313 2 2 1 2 153 2307 2302
3314 2 2 1 2 2307 591 2316
3315 2 2 1 2 2302 2316 590
3316 2 2 1 2 2307 2316 2302
3317 2 2 1 2 591 2310 2317
3318 2 2 1 2 2310 154 2313
3319 2 2 1 2 2317 2313 592
3320 2 2 1 2 2310 2313 2317
3321 2 2 1 2 590 2318 2305
3322 2 2 1 2 2318 592 2311
3323 2 2 1 2 2305 2311 150
3324 2 2 1 2 2318 2311 2305
3325 2 2 1 2 591 2317 2316
3326 2 2 1 2 2317 592 2318
3327 2 2 1 2 2316 2318 590
3328 2 2 1 2 2317 2318 2316
3329 2 2 1 2 14 2319 2321
3330 2 2 1 2 2319 593 2320
3331 2 2 1 2 2321 2320 595
3332 2 2 1 2 2319 2320 2321
3333 2 2 1 2 593 2322 2324
3334 2 2 1 2 2322 156 2323
3335 2 2 1 2 2324 2323 594
3336 2 2 1 2 2322 2323 2324
3337 2 2 1 2 595 2325 2327
3338 2 2 1 2 2325 594 2326
3339 2 2 1 2 2327 2326 158
3340 2 2 1 2 2325 2326 2327
3341 2 2 1 2 593 2324 2320
3342 2 2 1 2 2324 594 2325
3343 2 2 1 2 2320 2325 595
3344 2 2 1 2 2324 2325 2320
3345 2 2 1 2 156 2328 2330
3346 2 2 1 2 2328 596 2329
3347 2 2 1 2 2330 2329 598
3348 2 2 1 2 2328 2329 2330
3349 2 2 1 2 596 2331 2333
3350 2 2 1 2 2331 44 2332
3351 2 2 1 2 2333 2332 597
3352 2 2 1 2 2331 2332 2333
3353 2 2 1 2 598 2334 2336
3354 2 2 1 2 2334 597 2335
3355 2 2 1 2 2336 2335 157
3356 2 2 1 2 2334 2335 2336
3357 2 2 1 2 596 2333 2329
3358 2 2 1 2 2333 597 2334
3359 2 2 1 2 2329 2334 598
3360 2 2 1 2 2333 2334 2329
3361 2 2 1 2 158 2337 2339
3362 2 2 1 2 2337 599 2338
3363 2 2 1 2 2339 2338 601
3364 2 2 1 2 2337 2338 2339
3365 2 2 1 2 599 2340 2342
3366 2 2 1 2 2340 157 2341
3367 2 2 1 2 2342 2341 600
3368 2 2 1 2 2340 2341 2342
3369 2 2 1 2 601 2343 2345
3370 2 2 1 2 2343 600 2344
3371 2 2 1 2 2345 2344 45
3372 2 2 1 2 2343 2344 2345
3373 2 2 1 2 599 2342 2338
3374 2 2 1 2 2342 600 2343
3375 2 2 1 2 2338 2343 601
3376 2 2 1 2 2342 2343 2338
3377 2 2 1 2 156 2330 2323
3378 2 2 1 2 2330 598 2346
3379 2 2 1 2 2323 2346 594
3380 2 2 1 2 2330 2346 2323
3381 2 2 1 2 598 2336 2347
3382 2 2 1 2 2336 157 2340
3383 2 2 1 2 2347 2340 599
3384 2 2 1 2 2336 2340 2347
3385 2 2 1 2 594 2348 2326
3386 2 2 1 2 2348 599 2337
3387 2 2 1 2 2326 2337 158
3388 2 2 1 2 2348 2337 2326
3389 2 2 1 2 598 2347 2346
3390 2 2 1 2 2347 599 2348
3391 2 2 1 2 2346 2348 594
3392 2 2 1 2 2347 2348 2346
3393 2 2 1 2 44 2349 2351
3394 2 2 1 2 2349 602 2350
3395 2 2 1 2 2351 2350 604
3396 2 2 1 2 2349 2350 2351
3397 2 2 1 2 602 2352 2354
3398 2 2 1 2 2352 159 2353
3399 2 2 1 2 2354 2353 603
3400 2 2 1 2 2352 2353 2354
3401 2 2 1 2 604 2355 2357
3402 2 2 1 2 2355 603 2356
3403 2 2 1 2 2357 2356 160
3404 2 2 1 2 2355 2356 2357
3405 2 2 1 2 602 2354 2350
3406 2 2 1 2 2354 603 2355
3407 2 2 1 2 2350 2355 604
3408 2 2 1 2 2354 2355 2350
3409 2 2 1 2 159 2358 2360
3410 2 2 1 2 2358 605 2359
3411 2 2 1 2 2360 2359 606
3412 2 2 1 2 2358 2359 2360
3413 2 2 1 2 605 2361 2362
3414 2 2 1 2 2361 1 1029
3415 2 2 1 2 2362 1029 261
3416 2 2 1 2 2361 1029 2362
3417 2 2 1 2 606 2363 2364
3418 2 2 1 2 2363 261 1035
3419 2 2 1 2 2364 1035 69
3420 2 2 1 2 2363 1035 2364
3421 2 2 1 2 605 2362 2359
3422 2 2 1 2 2362 261 2363
3423 2 2 1 2 2359 2363 606
3424 2 2 1 2 2362 2363 2359
3425 2 2 1 2 160 2365 2367
3426 2 2 1 2 2365 607 2366
3427 2 2 1 2 2367 2366 608
3428 2 2 1 2 2365 2366 2367
3429 2 2 1 2 607 2368 2369
3430 2 2 1 2 2368 69 1047
3431 2 2 1 2 2369 1047 267
3432 2 2 1 2 2368 1047 2369
3433 2 2 1 2 608 2370 2371
3434 2 2 1 2 2370 267 1053
3435 2 2 1 2 2371 1053 21
3436 2 2 1 2 2370 1053 2371
3437 2 2 1 2 607 2369 2366
3438 2 2 1 2 2369 267 2370
3439 2 2 1 2 2366 2370 608
3440 2 2 1 2 2369 2370 2366
3441 2 2 1 2 159 2360 2353
3442 2 2 1 2 2360 606 2372
3443 2 2 1 2 2353 2372 603
3444 2 2 1 2 2360 2372 2353
3445 2 2 1 2 606 2364 2373
3446 2 2 1 2 2364 69 2368
3447 2 2 1 2 2373 2368 607
3448 2 2 1 2 2364 2368 2373
3449 2 2 1 2 603 2374 2356
3450 2 2 1 2 2374 607 2365
3451 2 2 1 2 2356 2365 160
3452 2 2 1 2 2374 2365 2356
3453 2 2 1 2 606 2373 2372
3454 2 2 1 2 2373 607 2374
3455 2 2 1 2 2372 2374 603
3456 2 2 1 2 2373 2374 2372
3457 2 2 1 2 45 2375 2377
3458 2 2 1 2 2375 609 2376
3459 2 2 1 2 2377 2376 611
3460 2 2 1 2 2375 2376 2377
3461 2 2 1 2 609 2378 2380
3462 2 2 1 2 2378 161 2379
3463 2 2 1 2 2380 2379 610
3464 2 2 1 2 2378 2379 2380
3465 2 2 1 2 611 2381 2383
3466 2 2 1 2 2381 610 2382
3467 2 2 1 2 2383 2382 162
3468 2 2 1 2 2381 2382 2383
3469 2 2 1 2 609 2380 2376
3470 2 2 1 2 2380 610 2381
3471 2 2 1 2 2376 2381 611
3472 2 2 1 2 2380 2381 2376
3473 2 2 1 2 161 2384 2386
3474 2 2 1 2 2384 612 2385
3475 2 2 1 2 2386 2385 613
3476 2 2 1 2 2384 2385 2386
3477 2 2 1 2 612 2387 2388
3478 2 2 1 2 2387 21 1089
3479 2 2 1 2 2388 1089 279
3480 2 2 1 2 2387 1089 2388
3481 2 2 1 2 613 2389 2390
3482 2 2 1 2 2389 279 1095
3483 2 2 1 2 2390 1095 75
3484 2 2 1 2 2389 1095 2390
3485 2 2 1 2 612 2388 2385
3486 2 2 1 2 2388 279 2389
3487 2 2 1 2 2385 2389 613
3488 2 2 1 2 2388 2389 2385
3489 2 2 1 2 162 2391 2393
3490 2 2 1 2 2391 614 2392
3491 2 2 1 2 2393 2392 615
3492 2 2 1 2 2391 2392 2393
3493 2 2 1 2 614 2394 2395
3494 2 2 1 2 2394 75 1107
3495 2 2 1 2 2395 1107 285
3496 2 2 1 2 2394 1107 2395
3497 2 2 1 2 615 2396 2397
3498 2 2 1 2 2396 285 1113
3499 2 2 1 2 2397 1113 9
3500 2 2 1 2 2396 1113 2397
3501 2 2 1 2 614 2395 2392
3502 2 2 1 2 2395 285 2396
3503 2 2 1 2 2392 2396 615
3504 2 2 1 2 2395 2396 2392
3505 2 2 1 2 161 2386 2379
3506 2 2 1 2 2386 613 2398
3507 2 2 1 2 2379 2398 610
3508 2 2 1 2 2386 2398 2379
3509 2 2 1 2 613 2390 2399
3510 2 2 1 2 2390 75 2394
3511 2 2 1 2 2399 2394 614
3512 2 2 1 2 2390 2394 2399
3513 2 2 1 2 610 2400 2382
3514 2 2 1 2 2400 614 2391
3515 2 2 1 2 2382 2391 162
3516 2 2 1 2 2400 2391 2382
3517 2 2 1 2 613 2399 2398
3518 2 2 1 2 2399 614 2400
3519 2 2 1 2 2398 2400 610
3520 2 2 1 2 2399 2400 2398
3521 2 2 1 2 44 2351 2332
3522 2 2 1 2 2351 604 2401
3523 2 2 1 2 2332 2401 597
3524 2 2 1 2 2351 2401 2332
3525 2 2 1 2 604 2357 2403
3526 2 2 1 2 2357 160 2402
3527 2 2 1 2 2403 2402 616
3528 2 2 1 2 2357 2402 2403
3529 2 2 1 2 597 2404 2335
3530 2 2 1 2 2404 616 2405
3531 2 2 1 2 2335 2405 157
3532 2 2 1 2 2404 2405 2335
3533 2 2 1 2 604 2403 2401
3534 2 2 1 2 2403 616 2404
3535 2 2 1 2 2401 2404 597
3536 2 2 1 2 2403 2404 2401
3537 2 2 1 2 160 2367 2407
3538 2 2 1 2 2367 608 2406
3539 2 2 1 2 2407 2406 617
3540 2 2 1 2 2367 2406 2407
3541 2 2 1 2 608 2371 2408
3542 2 2 1 2 2371 21 2387
3543 2 2 1 2 2408 2387 612
3544 2 2 1 2 2371 2387 2408
3545 2 2 1 2 617 2409 2410
3546 2 2 1 2 2409 612 2384
3547 2 2 1 2 2410 2384 161
3548 2 2 1 2 2409 2384 2410
3549 2 2 1 2 608 2408 2406
3550 2 2 1 2 2408 612 2409
3551 2 2 1 2 2406 2409 617
3552 2 2 1 2 2408 2409 2406
3553 2 2 1 2 157 2411 2341
3554 2 2 1 2 2411 618 2412
3555 2 2 1 2 2341 2412 600
3556 2 2 1 2 2411 2412 2341
3557 2 2 1 2 618 2413 2414
3558 2 2 1 2 2413 161 2378
3559 2 2 1 2 2414 2378 609
3560 2 2 1 2 2413 2378 2414
3561 2 2 1 2 600 2415 2344
3562 2 2 1 2 2415 609 2375
3563 2 2 1 2 2344 2375 45
3564 2 2 1 2 2415 2375 2344
3565 2 2 1 2 618 2414 2412
3566 2 2 1 2 2414 609 2415
3567 2 2 1 2 2412 2415 600
3568 2 2 1 2 2414 2415 2412
3569 2 2 1 2 160 2407 2402
3570 2 2 1 2 2407 617 2416
3571 2 2 1 2 2402 2416 616
3572 2 2 1 2 2407 2416 2402
3573 2 2 1 2 617 2410 2417
3574 2 2 1 2 2410 161 2413
3575 2 2 1 2 2417 2413 618
3576 2 2 1 2 2410 2413 2417
3577 2 2 1 2 616 2418 2405
3578 2 2 1 2 2418 618 2411
3579 2 2 1 2 2405 2411 157
3580 2 2 1 2 2418 2411 2405
3581 2 2 1 2 617 2417 2416
3582 2 2 1 2 2417 618 2418
3583 2 2 1 2 2416 2418 616
3584 2 2 1 2 2417 2418 2416
3585 2 2 1 2 13 2419 2074
3586 2 2 1 2 2419 619 2420
3587 2 2 1 2 2074 2420 534
3588 2 2 1 2 2419 2420 2074
3589 2 2 1 2 619 2421 2423
3590 2 2 1 2 2421 163 2422
3591 2 2 1 2 2423 2422 620
3592 2 2 1 2 2421 2422 2423
3593 2 2 1 2 534 2424 2077
3594 2 2 1 2 2424 620 2425
3595 2 2 1 2 2077 2425 142
3596 2 2 1 2 2424 2425 2077
3597 2 2 1 2 619 2423 2420
3598 2 2 1 2 2423 620 2424
3599 2 2 1 2 2420 2424 534
3600 2 2 1 2 2423 2424 2420
3601 2 2 1 2 163 2426 2428
3602 2 2 1 2 2426 621 2427
3603 2 2 1 2 2428 2427 623
3604 2 2 1 2 2426 2427 2428
3605 2 2 1 2 621 2429 2431
3606 2 2 1 2 2429 46 2430
3607 2 2 1 2 2431 2430 622
3608 2 2 1 2 2429 2430 2431
3609 2 2 1 2 623 2432 2434
3610 2 2 1 2 2432 622 2433
3611 2 2 1 2 2434 2433 164
3612 2 2 1 2 2432 2433 2434
3613 2 2 1 2 621 2431 2427
3614 2 2 1 2 2431 622 2432
3615 2 2 1 2 2427 2432 623
3616 2 2 1 2 2431 2432 2427
3617 2 2 1 2 142 2435 2083
3618 2 2 1 2 2435 624 2436
3619 2 2 1 2 2083 2436 537
3620 2 2 1 2 2435 2436 2083
3621 2 2 1 2 624 2437 2439
3622 2 2 1 2 2437 164 2438
3623 2 2 1 2 2439 2438 625
3624 2 2 1 2 2437 2438 2439
3625 2 2 1 2 537 2440 2086
3626 2 2 1 2 2440 625 2441
3627 2 2 1 2 2086 2441 41
3628 2 2 1 2 2440 2441 2086
3629 2 2 1 2 624 2439 2436
3630 2 2 1 2 2439 625 2440
3631 2 2 1 2 2436 2440 537
3632 2 2 1 2 2439 2440 2436
3633 2 2 1 2 163 2428 2422
3634 2 2 1 2 2428 623 2442
3635 2 2 1 2 2422 2442 620
3636 2 2 1 2 2428 2442 2422
3637 2 2 1 2 623 2434 2443
3638 2 2 1 2 2434 164 2437
3639 2 2 1 2 2443 2437 624
3640 2 2 1 2 2434 2437 2443
3641 2 2 1 2 620 2444 2425
3642 2 2 1 2 2444 624 2435
3643 2 2 1 2 2425 2435 142
3644 2 2 1 2 2444 2435 2425
3645 2 2 1 2 623 2443 2442
3646 2 2 1 2 2443 624 2444
3647 2 2 1 2 2442 2444 620
3648 2 2 1 2 2443 2444 2442
3649 2 2 1 2 46 2445 2447
3650 2 2 1 2 2445 626 2446
3651 2 2 1 2 2447 2446 628
3652 2 2 1 2 2445 2446 2447
3653 2 2 1 2 626 2448 2450
3654 2 2 1 2 2448 165 2449
3655 2 2 1 2 2450 2449 627
3656 2 2 1 2 2448 2449 2450
3657 2 2 1 2 628 2451 2453
3658 2 2 1 2 2451 627 2452
3659 2 2 1 2 2453 2452 166
3660 2 2 1 2 2451 2452 2453
3661 2 2 1 2 626 2450 2446
3662 2 2 1 2 2450 627 2451
3663 2 2 1 2 2446 2451 628
3664 2 2 1 2 2450 2451 2446
3665 2 2 1 2 165 2454 2456
3666 2 2 1 2 2454 629 2455
3667 2 2 1 2 2456 2455 630
3668 2 2 1 2 2454 2455 2456
3669 2 2 1 2 629 2457 2458
3670 2 2 1 2 2457 9 1245
3671 2 2 1 2 2458 1245 321
3672 2 2 1 2 2457 1245 2458
3673 2 2 1 2 630 2459 2460
3674 2 2 1 2 2459 321 1251
3675 2 2 1 2 2460 1251 87
3676 2 2 1 2 2459 1251 2460
3677 2 2 1 2 629 2458 2455
3678 2 2 1 2 2458 321 2459
3679 2 2 1 2 2455 2459 630
3680 2 2 1 2 2458 2459 2455
3681 2 2 1 2 166 2461 2463
3682 2 2 1 2 2461 631 2462
3683 2 2 1 2 2463 2462 632
3684 2 2 1 2 2461 2462 2463
3685 2 2 1 2 631 2464 2465
3686 2 2 1 2 2464 87 1263
3687 2 2 1 2 2465 1263 327
3688 2 2 1 2 2464 1263 2465
3689 2 2 1 2 632 2466 2467
3690 2 2 1 2 2466 327 1269
3691 2 2 1 2 2467 1269 27
3692 2 2 1 2 2466 1269 2467
3693 2 2 1 2 631 2465 2462
3694 2 2 1 2 2465 327 2466
3695 2 2 1 2 2462 2466 632
3696 2 2 1 2 2465 2466 2462
3697 2 2 1 2 165 2456 2449
3698 2 2 1 2 2456 630 2468
3699 2 2 1 2 2449 2468 627
3700 2 2 1 2 2456 2468 2449
3701 2 2 1 2 630 2460 2469
3702 2 2 1 2 2460 87 2464
3703 2 2 1 2 2469 2464 631
3704 2 2 1 2 2460 2464 2469
3705 2 2 1 2 627 2470 2452
3706 2 2 1 2 2470 631 2461
3707 2 2 1 2 2452 2461 166
3708 2 2 1 2 2470 2461 2452
3709 2 2 1 2 630 2469 2468
3710 2 2 1 2 2469 631 2470
3711 2 2 1 2 2468 2470 627
3712 2 2 1 2 2469 2470 2468
3713 2 2 1 2 41 2471 2102
3714 2 2 1 2 2471 633 2472
3715 2 2 1 2 2102 2472 542
3716 2 2 1 2 2471 2472 2102
3717 2 2 1 2 633 2473 2475
3718 2 2 1 2 2473 167 2474
3719 2 2 1 2 2475 2474 634
3720 2 2 1 2 2473 2474 2475
3721 2 2 1 2 542 2476 2105
3722 2 2 1 2 2476 634 2477
3723 2 2 1 2 2105 2477 145
3724 2 2 1 2 2476 2477 2105
3725 2 2 1 2 633 2475 2472
3726 2 2 1 2 2475 634 2476
3727 2 2 1 2 2472 2476 542
3728 2 2 1 2 2475 2476 2472
3729 2 2 1 2 167 2478 2480
3730 2 2 1 2 2478 635 2479
3731 2 2 1 2 2480 2479 636
3732 2 2 1 2 2478 2479 2480
3733 2 2 1 2 635 2481 2482
3734 2 2 1 2 2481 27 1305
3735 2 2 1 2 2482 1305 339
3736 2 2 1 2 2481 1305 2482
3737 2 2 1 2 636 2483 2484
3738 2 2 1 2 2483 339 1311
3739 2 2 1 2 2484 1311 93
3740 2 2 1 2 2483 1311 2484
3741 2 2 1 2 635 2482 2479
3742 2 2 1 2 2482 339 2483
3743 2 2 1 2 2479 2483 636
3744 2 2 1 2 2482 2483 2479
3745 2 2 1 2 145 2485 2110
3746 2 2 1 2 2485 637 2486
3747 2 2 1 2 2110 2486 545
3748 2 2 1 2 2485 2486 2110
3749 2 2 1 2 637 2487 2488
3750 2 2 1 2 2487 93 1323
3751 2 2 1 2 2488 1323 345
3752 2 2 1 2 2487 1323 2488
3753 2 2 1 2 545 2489 2113
3754 2 2 1 2 2489 345 1329
3755 2 2 1 2 2113 1329 3
3756 2 2 1 2 2489 1329 2113
3757 2 2 1 2 637 2488 2486
3758 2 2 1 2 2488 345 2489
3759 2 2 1 2 2486 2489 545
3760 2 2 1 2 2488 2489 2486
3761 2 2 1 2 167 2480 2474
3762 2 2 1 2 2480 636 2490
3763 2 2 1 2 2474 2490 634
3764 2 2 1 2 2480 2490 2474
3765 2 2 1 2 636 2484 2491
3766 2 2 1 2 2484 93 2487
3767 2 2 1 2 2491 2487 637
3768 2 2 1 2 2484 2487 2491
3769 2 2 1 2 634 2492 2477
3770 2 2 1 2 2492 637 2485
3771 2 2 1 2 2477 2485 145
3772 2 2 1 2 2492 2485 2477
3773 2 2 1 2 636 2491 2490
3774 2 2 1 2 2491 637 2492
3775 2 2 1 2 2490 2492 634
3776 2 2 1 2 2491 2492 2490
3777 2 2 1 2 46 2447 2430
3778 2 2 1 2 2447 628 2493
3779 2 2 1 2 2430 2493 622
3780 2 2 1 2 2447 2493 2430
3781 2 2 1 2 628 2453 2495
3782 2 2 1 2 2453 166 2494
3783 2 2 1 2 2495 2494 638
3784 2 2 1 2 2453 2494 2495
3785 2 2 1 2 622 2496 2433
3786 2 2 1 2 2496 638 2497
3787 2 2 1 2 2433 2497 164
3788 2 2 1 2 2496 2497 2433
3789 2 2 1 2 628 2495 2493
3790 2 2 1 2 2495 638 2496
3791 2 2 1 2 2493 2496 622
3792 2 2 1 2 2495 2496 2493
3793 2 2 1 2 166 2463 2499
3794 2 2 1 2 2463 632 2498
3795 2 2 1 2 2499 2498 639
3796 2 2 1 2 2463 2498 2499
3797 2 2 1 2 632 2467 2500
3798 2 2 1 2 2467 27 2481
3799 2 2 1 2 2500 2481 635
3800 2 2 1 2 2467 2481 2500
3801 2 2 1 2 639 2501 2502
3802 2 2 1 2 2501 635 2478
3803 2 2 1 2 2502 2478 167
3804 2 2 1 2 2501 2478 2502
3805 2 2 1 2 632 2500 2498
3806 2 2 1 2 2500 635 2501
3807 2 2 1 2 2498 2501 639
3808 2 2 1 2 2500 2501 2498
3809 2 2 1 2 164 2503 2438
3810 2 2 1 2 2503 640 2504
3811 2 2 1 2 2438 2504 625
3812 2 2 1 2 2503 2504 2438
3813 2 2 1 2 640 2505 2506
3814 2 2 1 2 2505 167 2473
3815 2 2 1 2 2506 2473 633
3816 2 2 1 2 2505 2473 2506
3817 2 2 1 2 625 2507 2441
3818 2 2 1 2 2507 633 2471
3819 2 2 1 2 2441 2471 41
3820 2 2 1 2 2507 2471 2441
3821 2 2 1 2 640 2506 2504
3822 2 2 1 2 2506 633 2507
3823 2 2 1 2 2504 2507 625
3824 2 2 1 2 2506 2507 2504
3825 2 2 1 2 166 2499 2494
3826 2 2 1 2 2499 639 2508
3827 2 2 1 2 2494 2508 638
3828 2 2 1 2 2499 2508 2494
3829 2 2 1 2 639 2502 2509
3830 2 2 1 2 2502 167 2505
3831 2 2 1 2 2509 2505 640
3832 2 2 1 2 2502 2505 2509
3833 2 2 1 2 638 2510 2497
3834 2 2 1 2 2510 640 2503
3835 2 2 1 2 2497 2503 164
3836 2 2 1 2 2510 2503 2497
3837 2 2 1 2 639 2509 2508
3838 2 2 1 2 2509 640 2510
3839 2 2 1 2 2508 2510 638
3840 2 2 1 2 2509 2510 2508
3841 2 2 1 2 14 2321 2258
3842 2 2 1 2 2321 595 2511
3843 2 2 1 2 2258 2511 578
3844 2 2 1 2 2321 2511 2258
3845 2 2 1 2 595 2327 2513
3846 2 2 1 2 2327 158 2512
3847 2 2 1 2 2513 2512 641
3848 2 2 1 2 2327 2512 2513
3849 2 2 1 2 578 2514 2261
3850 2 2 1 2 2514 641 2515
3851 2 2 1 2 2261 2515 152
3852 2 2 1 2 2514 2515 2261
3853 2 2 1 2 595 2513 2511
3854 2 2 1 2 2513 641 2514
3855 2 2 1 2 2511 2514 578
3856 2 2 1 2 2513 2514 2511
3857 2 2 1 2 158 2339 2517
3858 2 2 1 2 2339 601 2516
3859 2 2 1 2 2517 2516 643
3860 2 2 1 2 2339 2516 2517
3861 2 2 1 2 601 2345 2519
3862 2 2 1 2 2345 45 2518
3863 2 2 1 2 2519 2518 642
3864 2 2 1 2 2345 2518 2519
3865 2 2 1 2 643 2520 2522
3866 2 2 1 2 2520 642 2521
3867 2 2 1 2 2522 2521 168
3868 2 2 1 2 2520 2521 2522
3869 2 2 1 2 601 2519 2516
3870 2 2 1 2 2519 642 2520
3871 2 2 1 2 2516 2520 643
3872 2 2 1 2 2519 2520 2516
3873 2 2 1 2 152 2523 2267
3874 2 2 1 2 2523 644 2524
3875 2 2 1 2 2267 2524 581
3876 2 2 1 2 2523 2524 2267
3877 2 2 1 2 644 2525 2527
3878 2 2 1 2 2525 168 2526
3879 2 2 1 2 2527 2526 645
3880 2 2 1 2 2525 2526 2527
3881 2 2 1 2 581 2528 2270
3882 2 2 1 2 2528 645 2529
3883 2 2 1 2 2270 2529 43
3884 2 2 1 2 2528 2529 2270
3885 2 2 1 2 644 2527 2524
3886 2 2 1 2 2527 645 2528
3887 2 2 1 2 2524 2528 581
3888 2 2 1 2 2527 2528 2524
3889 2 2 1 2 158 2517 2512
3890 2 2 1 2 2517 643 2530
3891 2 2 1 2 2512 2530 641
3892 2 2 1 2 2517 2530 2512
3893 2 2 1 2 643 2522 2531
3894 2 2 1 2 2522 168 2525
3895 2 2 1 2 2531 2525 644
3896 2 2 1 2 2522 2525 2531
3897 2 2 1 2 641 2532 2515
3898 2 2 1 2 2532 644 2523
3899 2 2 1 2 2515 2523 152
3900 2 2 1 2 2532 2523 2515
3901 2 2 1 2 643 2531 2530
3902 2 2 1 2 2531 644 2532
3903 2 2 1 2 2530 2532 641
3904 2 2 1 2 2531 2532 2530
3905 2 2 1 2 45 2377 2534
3906 2 2 1 2 2377 611 2533
3907 2 2 1 2 2534 2533 647
3908 2 2 1 2 2377 2533 2534
3909 2 2 1 2 611 2383 2536
3910 2 2 1 2 2383 162 2535
3911 2 2 1 2 2536 2535 646
3912 2 2 1 2 2383 2535 2536
3913 2 2 1 2 647 2537 2539
3914 2 2 1 2 2537 646 2538
3915 2 2 1 2 2539 2538 169
3916 2 2 1 2 2537 2538 2539
3917 2 2 1 2 611 2536 2533
3918 2 2 1 2 2536 646 2537
3919 2 2 1 2 2533 2537 647
3920 2 2 1 2 2536 2537 2533
3921 2 2 1 2 162 2393 2541
3922 2 2 1 2 2393 615 2540
3923 2 2 1 2 2541 2540 648
3924 2 2 1 2 2393 2540 2541
3925 2 2 1 2 615 2397 2542
3926 2 2 1 2 2397 9 2457
3927 2 2 1 2 2542 2457 629
3928 2 2 1 2 2397 2457 2542
3929 2 2 1 2 648 2543 2544
3930 2 2 1 2 2543 629 2454
3931 2 2 1 2 2544 2454 165
3932 2 2 1 2 2543 2454 2544
3933 2 2 1 2 615 2542 2540
3934 2 2 1 2 2542 629 2543
3935 2 2 1 2 2540 2543 648
3936 2 2 1 2 2542 2543 2540
3937 2 2 1 2 169 2545 2547
3938 2 2 1 2 2545 649 2546
3939 2 2 1 2 2547 2546 650
3940 2 2 1 2 2545 2546 2547
3941 2 2 1 2 649 2548 2549
3942 2 2 1 2 2548 165 2448
3943 2 2 1 2 2549 2448 626
3944 2 2 1 2 2548 2448 2549
3945 2 2 1 2 650 2550 2551
3946 2 2 1 2 2550 626 2445
3947 2 2 1 2 2551 2445 46
3948 2 2 1 2 2550 2445 2551
3949 2 2 1 2 649 2549 2546
3950 2 2 1 2 2549 626 2550
3951 2 2 1 2 2546 2550 650
3952 2 2 1 2 2549 2550 2546
3953 2 2 1 2 162 2541 2535
3954 2 2 1 2 2541 648 2552
3955 2 2 1 2 2535 2552 646
3956 2 2 1 2 2541 2552 2535
3957 2 2 1 2 648 2544 2553
3958 2 2 1 2 2544 165 2548
3959 2 2 1 2 2553 2548 649
3960 2 2 1 2 2544 2548 2553
3961 2 2 1 2 646 2554 2538
3962 2 2 1 2 2554 649 2545
3963 2 2 1 2 2538 2545 169
3964 2 2 1 2 2554 2545 2538
3965 2 2 1 2 648 2553 2552
3966 2 2 1 2 2553 649 2554
3967 2 2 1 2 2552 2554 646
3968 2 2 1 2 2553 2554 2552
3969 2 2 1 2 43 2555 2286
3970 2 2 1 2 2555 651 2556
3971 2 2 1 2 2286 2556 586
3972 2 2 1 2 2555 2556 2286
3973 2 2 1 2 651 2557 2559
3974 2 2 1 2 2557 170 2558
3975 2 2 1 2 2559 2558 652
3976 2 2 1 2 2557 2558 2559
3977 2 2 1 2 586 2560 2289
3978 2 2 1 2 2560 652 2561
3979 2 2 1 2 2289 2561 155
3980 2 2 1 2 2560 2561 2289
3981 2 2 1 2 651 2559 2556
3982 2 2 1 2 2559 652 2560
3983 2 2 1 2 2556 2560 586
3984 2 2 1 2 2559 2560 2556
3985 2 2 1 2 170 2562 2564
3986 2 2 1 2 2562 653 2563
3987 2 2 1 2 2564 2563 654
3988 2 2 1 2 2562 2563 2564
3989 2 2 1 2 653 2565 2566
3990 2 2 1 2 2565 46 2429
3991 2 2 1 2 2566 2429 621
3992 2 2 1 2 2565 2429 2566
3993 2 2 1 2 654 2567 2568
3994 2 2 1 2 2567 621 2426
3995 2 2 1 2 2568 2426 163
3996 2 2 1 2 2567 2426 2568
3997 2 2 1 2 653 2566 2563
3998 2 2 1 2 2566 621 2567
3999 2 2 1 2 2563 2567 654
4000 2 2 1 2 2566 2567 2563
4001 2 2 1 2 155 2569 2294
4002 2 2 1 2 2569 655 2570
4003 2 2 1 2 2294 2570 589
4004 2 2 1 2 2569 2570 2294
4005 2 2 1 2 655 2571 2572
4006 2 2 1 2 2571 163 2421
4007 2 2 1 2 2572 2421 619
4008 2 2 1 2 2571 2421 2572
4009 2 2 1 2 589 2573 2297
4010 2 2 1 2 2573 619 2419
4011 2 2 1 2 2297 2419 13
4012 2 2 1 2 2573 2419 2297
4013 2 2 1 2 655 2572 2570
4014 2 2 1 2 2572 619 2573
4015 2 2 1 2 2570 2573 589
4016 2 2 1 2 2572 2573 2570
4017 2 2 1 2 170 2564 2558
4018 2 2 1 2 2564 654 2574
4019 2 2 1 2 2558 2574 652
4020 2 2 1 2 2564 2574 2558
4021 2 2 1 2 654 2568 2575
4022 2 2 1 2 2568 163 2571
4023 2 2 1 2 2575 2571 655
4024 2 2 1 2 2568 2571 2575
4025 2 2 1 2 652 2576 2561
4026 2 2 1 2 2576 655 2569
4027 2 2 1 2 2561 2569 155
4028 2 2 1 2 2576 2569 2561
4029 2 2 1 2 654 2575 2574
4030 2 2 1 2 2575 655 2576
4031 2 2 1 2 2574 2576 652
4032 2 2 1 2 2575 2576 2574
4033 2 2 1 2 45 2534 2518
4034 2 2 1 2 2534 647 2577
4035 2 2 1 2 2518 2577 642
4036 2 2 1 2 2534 2577 2518
4037 2 2 1 2 647 2539 2579
4038 2 2 1 2 2539 169 2578
4039 2 2 1 2 2579 2578 656
4040 2 2 1 2 2539 2578 2579
4041 2 2 1 2 642 2580 2521
4042 2 2 1 2 2580 656 2581
4043 2 2 1 2 2521 2581 168
4044 2 2 1 2 2580 2581 2521
4045 2 2 1 2 647 2579 2577
4046 2 2 1 2 2579 656 2580
4047 2 2 1 2 2577 2580 642
4048 2 2 1 2 2579 2580 2577
4049 2 2 1 2 169 2547 2583
4050 2 2 1 2 2547 650 2582
4051 2 2 1 2 2583 2582 657
4052 2 2 1 2 2547 2582 2583
4053 2 2 1 2 650 2551 2584
4054 2 2 1 2 2551 46 2565
4055 2 2 1 2 2584 2565 653
4056 2 2 1 2 2551 2565 2584
4057 2 2 1 2 657 2585 2586
4058 2 2 1 2 2585 653 2562
4059 2 2 1 2 2586 2562 170
4060 2 2 1 2 2585 2562 2586
4061 2 2 1 2 650 2584 2582
4062 2 2 1 2 2584 653 2585
4063 2 2 1 2 2582 2585 657
4064 2 2 1 2 2584 2585 2582
4065 2 2 1 2 168 2587 2526
4066 2 2 1 2 2587 658 2588
4067 2 2 1 2 2526 2588 645
4068 2 2 1 2 2587 2588 2526
4069 2 2 1 2 658 2589 2590
4070 2 2 1 2 2589 170 2557
4071 2 2 1 2 2590 2557 651
4072 2 2 1 2 2589 2557 2590
4073 2 2 1 2 645 2591 2529
4074 2 2 1 2 2591 651 2555
4075 2 2 1 2 2529 2555 43
4076 2 2 1 2 2591 2555 2529
4077 2 2 1 2 658 2590 2588
4078 2 2 1 2 2590 651 2591
4079 2 2 1 2 2588 2591 645
4080 2 2 1 2 2590 2591 2588
4081 2 2 1 2 169 2583 2578
4082 2 2 1 2 2583 657 2592
4083 2 2 1 2 2578 2592 656
4084 2 2 1 2 2583 2592 2578
4085 2 2 1 2 657 2586 2593
4086 2 2 1 2 2586 170 2589
4087 2 2 1 2 2593 2589 658
4088 2 2 1 2 2586 2589 2593
4089 2 2 1 2 656 2594 2581
4090 2 2 1 2 2594 658 2587
4091 2 2 1 2 2581 2587 168
4092 2 2 1 2 2594 2587 2581
4093 2 2 1 2 657 2593 2592
4094 2 2 1 2 2593 658 2594
4095 2 2 1 2 2592 2594 656
4096 2 2 1 2 2593 2594 2592
4097 2 2 1 2 5 2595 2219
4098 2 2 1 2 2595 659 2596
4099 2 2 1 2 2219 2596 567
4100 2 2 1 2 2595 2596 2219
4101 2 2 1 2 659 2597 2599
4102 2 2 1 2 2597 171 2598
4103 2 2 1 2 2599 2598 660
4104 2 2 1 2 2597 2598 2599
4105 2 2 1 2 567 2600 2221
4106 2 2 1 2 2600 660 2601
4107 2 2 1 2 2221 2601 149
4108 2 2 1 2 2600 2601 2221
4109 2 2 1 2 659 2599 2596
4110 2 2 1 2 2599 660 2600
4111 2 2 1 2 2596 2600 567
4112 2 2 1 2 2599 2600 2596
4113 2 2 1 2 171 2602 2604
4114 2 2 1 2 2602 661 2603
4115 2 2 1 2 2604 2603 663
4116 2 2 1 2 2602 2603 2604
4117 2 2 1 2 661 2605 2607
4118 2 2 1 2 2605 47 2606
4119 2 2 1 2 2607 2606 662
4120 2 2 1 2 2605 2606 2607
4121 2 2 1 2 663 2608 2610
4122 2 2 1 2 2608 662 2609
4123 2 2 1 2 2610 2609 172
4124 2 2 1 2 2608 2609 2610
4125 2 2 1 2 661 2607 2603
4126 2 2 1 2 2607 662 2608
4127 2 2 1 2 2603 2608 663
4128 2 2 1 2 2607 2608 2603
4129 2 2 1 2 149 2611 2226
4130 2 2 1 2 2611 664 2612
4131 2 2 1 2 2226 2612 569
4132 2 2 1 2 2611 2612 2226
4133 2 2 1 2 664 2613 2615
4134 2 2 1 2 2613 172 2614
4135 2 2 1 2 2615 2614 665
4136 2 2 1 2 2613 2614 2615
4137 2 2 1 2 569 2616 2229
4138 2 2 1 2 2616 665 2617
4139 2 2 1 2 2229 2617 42
4140 2 2 1 2 2616 2617 2229
4141 2 2 1 2 664 2615 2612
4142 2 2 1 2 2615 665 2616
4143 2 2 1 2 2612 2616 569
4144 2 2 1 2 2615 2616 2612
4145 2 2 1 2 171 2604 2598
4146 2 2 1 2 2604 663 2618
4147 2 2 1 2 2598 2618 660
4148 2 2 1 2 2604 2618 2598
4149 2 2 1 2 663 2610 2619
4150 2 2 1 2 2610 172 2613
4151 2 2 1 2 2619 2613 664
4152 2 2 1 2 2610 2613 2619
4153 2 2 1 2 660 2620 2601
4154 2 2 1 2 2620 664 2611
4155 2 2 1 2 2601 2611 149
4156 2 2 1 2 2620 2611 2601
4157 2 2 1 2 663 2619 2618
4158 2 2 1 2 2619 664 2620
4159 2 2 1 2 2618 2620 660
4160 2 2 1 2 2619 2620 2618
4161 2 2 1 2 47 2621 2623
4162 2 2 1 2 2621 666 2622
4163 2 2 1 2 2623 2622 668
4164 2 2 1 2 2621 2622 2623
4165 2 2 1 2 666 2624 2626
4166 2 2 1 2 2624 173 2625
4167 2 2 1 2 2626 2625 667
4168 2 2 1 2 2624 2625 2626
4169 2 2 1 2 668 2627 2629
4170 2 2 1 2 2627 667 2628
4171 2 2 1 2 2629 2628 175
4172 2 2 1 2 2627 2628 2629
4173 2 2 1 2 666 2626 2622
4174 2 2 1 2 2626 667 2627
4175 2 2 1 2 2622 2627 668
4176 2 2 1 2 2626 2627 2622
4177 2 2 1 2 173 2630 2632
4178 2 2 1 2 2630 669 2631
4179 2 2 1 2 2632 2631 671
4180 2 2 1 2 2630 2631 2632
4181 2 2 1 2 669 2633 2635
4182 2 2 1 2 2633 15 2634
4183 2 2 1 2 2635 2634 670
4184 2 2 1 2 2633 2634 2635
4185 2 2 1 2 671 2636 2638
4186 2 2 1 2 2636 670 2637
4187 2 2 1 2 2638 2637 174
4188 2 2 1 2 2636 2637 2638
4189 2 2 1 2 669 2635 2631
4190 2 2 1 2 2635 670 2636
4191 2 2 1 2 2631 2636 671
4192 2 2 1 2 2635 2636 2631
4193 2 2 1 2 175 2639 2641
4194 2 2 1 2 2639 672 2640
4195 2 2 1 2 2641 2640 674
4196 2 2 1 2 2639 2640 2641
4197 2 2 1 2 672 2642 2644
4198 2 2 1 2 2642 174 2643
4199 2 2 1 2 2644 2643 673
4200 2 2 1 2 2642 2643 2644
4201 2 2 1 2 674 2645 2647
4202 2 2 1 2 2645 673 2646
4203 2 2 1 2 2647 2646 48
4204 2 2 1 2 2645 2646 2647
4205 2 2 1 2 672 2644 2640
4206 2 2 1 2 2644 673 2645
4207 2 2 1 2 2640 2645 674
4208 2 2 1 2 2644 2645 2640
4209 2 2 1 2 173 2632 2625
4210 2 2 1 2 2632 671 2648
4211 2 2 1 2 2625 2648 667
4212 2 2 1 2 2632 2648 2625
4213 2 2 1 2 671 2638 2649
4214 2 2 1 2 2638 174 2642
4215 2 2 1 2 2649 2642 672
4216 2 2 1 2 2638 2642 2649
4217 2 2 1 2 667 2650 2628
4218 2 2 1 2 2650 672 2639
4219 2 2 1 2 2628 2639 175
4220 2 2 1 2 2650 2639 2628
4221 2 2 1 2 671 2649 2648
4222 2 2 1 2 2649 672 2650
4223 2 2 1 2 2648 2650 667
4224 2 2 1 2 2649 2650 2648
4225 2 2 1 2 42 2651 2245
4226 2 2 1 2 2651 675 2652
4227 2 2 1 2 2245 2652 574
4228 2 2 1 2 2651 2652 2245
4229 2 2 1 2 675 2653 2655
4230 2 2 1 2 2653 176 2654
4231 2 2 1 2 2655 2654 676
4232 2 2 1 2 2653 2654 2655
4233 2 2 1 2 574 2656 2248
4234 2 2 1 2 2656 676 2657
4235 2 2 1 2 2248 2657 151
4236 2 2 1 2 2656 2657 2248
4237 2 2 1 2 675 2655 2652
4238 2 2 1 2 2655 676 2656
4239 2 2 1 2 2652 2656 574
4240 2 2 1 2 2655 2656 2652
4241 2 2 1 2 176 2658 2660
4242 2 2 1 2 2658 677 2659
4243 2 2 1 2 2660 2659 679
4244 2 2 1 2 2658 2659 2660
4245 2 2 1 2 677 2661 2663
4246 2 2 1 2 2661 48 2662
4247 2 2 1 2 2663 2662 678
4248 2 2 1 2 2661 2662 2663
4249 2 2 1 2 679 2664 2666
4250 2 2 1 2 2664 678 2665
4251 2 2 1 2 2666 2665 177
4252 2 2 1 2 2664 2665 2666
4253 2 2 1 2 677 2663 2659
4254 2 2 1 2 2663 678 2664
4255 2 2 1 2 2659 2664 679
4256 2 2 1 2 2663 2664 2659
4257 2 2 1 2 151 2667 2254
4258 2 2 1 2 2667 680 2668
4259 2 2 1 2 2254 2668 577
4260 2 2 1 2 2667 2668 2254
4261 2 2 1 2 680 2669 2671
4262 2 2 1 2 2669 177 2670
4263 2 2 1 2 2671 2670 681
4264 2 2 1 2 2669 2670 2671
4265 2 2 1 2 577 2672 2257
4266 2 2 1 2 2672 681 2673
4267 2 2 1 2 2257 2673 14
4268 2 2 1 2 2672 2673 2257
4269 2 2 1 2 680 2671 2668
4270 2 2 1 2 2671 681 2672
4271 2 2 1 2 2668 2672 577
4272 2 2 1 2 2671 2672 2668
4273 2 2 1 2 176 2660 2654
4274 2 2 1 2 2660 679 2674
4275 2 2 1 2 2654 2674 676
4276 2 2 1 2 2660 2674 2654
4277 2 2 1 2 679 2666 2675
4278 2 2 1 2 2666 177 2669
4279 2 2 1 2 2675 2669 680
4280 2 2 1 2 2666 2669 2675
4281 2 2 1 2 676 2676 2657
4282 2 2 1 2 2676 680 2667
4283 2 2 1 2 2657 2667 151
4284 2 2 1 2 2676 2667 2657
4285 2 2 1 2 679 2675 2674
4286 2 2 1 2 2675 680 2676
4287 2 2 1 2 2674 2676 676
4288 2 2 1 2 2675 2676 2674
4289 2 2 1 2 47 2623 2606
4290 2 2 1 2 2623 668 2677
4291 2 2 1 2 2606 2677 662
4292 2 2 1 2 2623 2677 2606
4293 2 2 1 2 668 2629 2679
4294 2 2 1 2 2629 175 2678
4295 2 2 1 2 2679 2678 682
4296 2 2 1 2 2629 2678 2679
4297 2 2 1 2 662 2680 2609
4298 2 2 1 2 2680 682 2681
4299 2 2 1 2 2609 2681 172
4300 2 2 1 2 2680 2681 2609
4301 2 2 1 2 668 2679 2677
4302 2 2 1 2 2679 682 2680
4303 2 2 1 2 2677 2680 662
4304 2 2 1 2 2679 2680 2677
4305 2 2 1 2 175 2641 2683
4306 2 2 1 2 2641 674 2682
4307 2 2 1 2 2683 2682 683
4308 2 2 1 2 2641 2682 2683
4309 2 2 1 2 674 2647 2684
4310 2 2 1 2 2647 48 2661
4311 2 2 1 2 2684 2661 677
4312 2 2 1 2 2647 2661 2684
4313 2 2 1 2 683 2685 2686
4314 2 2 1 2 2685 677 2658
4315 2 2 1 2 2686 2658 176
4316 2 2 1 2 2685 2658 2686
4317 2 2 1 2 674 2684 2682
4318 2 2 1 2 2684 677 2685
4319 2 2 1 2 2682 2685 683
4320 2 2 1 2 2684 2685 2682
4321 2 2 1 2 172 2687 2614
4322 2 2 1 2 2687 684 2688
4323 2 2 1 2 2614 2688 665
4324 2 2 1 2 2687 2688 2614
4325 2 2 1 2 684 2689 2690
4326 2 2 1 2 2689 176 2653
4327 2 2 1 2 2690 2653 675
4328 2 2 1 2 2689 2653 2690
4329 2 2 1 2 665 2691 2617
4330 2 2 1 2 2691 675 2651
4331 2 2 1 2 2617 2651 42
4332 2 2 1 2 2691 2651 2617
4333 2 2 1 2 684 2690 2688
4334 2 2 1 2 2690 675 2691
4335 2 2 1 2 2688 2691 665
4336 2 2 1 2 2690 2691 2688
4337 2 2 1 2 175 2683 2678
4338 2 2 1 2 2683 683 2692
4339 2 2 1 2 2678 2692 682
4340 2 2 1 2 2683 2692 2678
4341 2 2 1 2 683 2686 2693
4342 2 2 1 2 2686 176 2689
4343 2 2 1 2 2693 2689 684
4344 2 2 1 2 2686 2689 2693
4345 2 2 1 2 682 2694 2681
4346 2 2 1 2 2694 684 2687
4347 2 2 1 2 2681 2687 172
4348 2 2 1 2 2694 2687 2681
4349 2 2 1 2 683 2693 2692
4350 2 2 1 2 2693 684 2694
4351 2 2 1 2 2692 2694 682
4352 2 2 1 2 2693 2694 2692
4353 2 2 1 2 15 2695 2697
4354 2 2 1 2 2695 685 2696
4355 2 2 1 2 2697 2696 687
4356 2 2 1 2 2695 2696 2697
4357 2 2 1 2 685 2698 2700
4358 2 2 1 2 2698 178 2699
4359 2 2 1 2 2700 2699 686
4360 2 2 1 2 2698 2699 2700
4361 2 2 1 2 687 2701 2703
4362 2 2 1 2 2701 686 2702
4363 2 2 1 2 2703 2702 180
4364 2 2 1 2 2701 2702 2703
4365 2 2 1 2 685 2700 2696
4366 2 2 1 2 2700 686 2701
4367 2 2 1 2 2696 2701 687
4368 2 2 1 2 2700 2701 2696
4369 2 2 1 2 178 2704 2706
4370 2 2 1 2 2704 688 2705
4371 2 2 1 2 2706 2705 690
4372 2 2 1 2 2704 2705 2706
4373 2 2 1 2 688 2707 2709
4374 2 2 1 2 2707 49 2708
4375 2 2 1 2 2709 2708 689
4376 2 2 1 2 2707 2708 2709
4377 2 2 1 2 690 2710 2712
4378 2 2 1 2 2710 689 2711
4379 2 2 1 2 2712 2711 179
4380 2 2 1 2 2710 2711 2712
4381 2 2 1 2 688 2709 2705
4382 2 2 1 2 2709 689 2710
4383 2 2 1 2 2705 2710 690
4384 2 2 1 2 2709 2710 2705
4385 2 2 1 2 180 2713 2715
4386 2 2 1 2 2713 691 2714
4387 2 2 1 2 2715 2714 693
4388 2 2 1 2 2713 2714 2715
4389 2 2 1 2 691 2716 2718
4390 2 2 1 2 2716 179 2717
4391 2 2 1 2 2718 2717 692
4392 2 2 1 2 2716 2717 2718
4393 2 2 1 2 693 2719 2721
4394 2 2 1 2 2719 692 2720
4395 2 2 1 2 2721 2720 51
4396 2 2 1 2 2719 2720 2721
4397 2 2 1 2 691 2718 2714
4398 2 2 1 2 2718 692 2719
4399 2 2 1 2 2714 2719 693
4400 2 2 1 2 2718 2719 2714
4401 2 2 1 2 178 2706 2699
4402 2 2 1 2 2706 690 2722
4403 2 2 1 2 2699 2722 686
4404 2 2 1 2 2706 2722 2699
4405 2 2 1 2 690 2712 2723
4406 2 2 1 2 2712 179 2716
4407 2 2 1 2 2723 2716 691
4408 2 2 1 2 2712 2716 2723
4409 2 2 1 2 686 2724 2702
4410 2 2 1 2 2724 691 2713
4411 2 2 1 2 2702 2713 180
4412 2 2 1 2 2724 2713 2702
4413 2 2 1 2 690 2723 2722
4414 2 2 1 2 2723 691 2724
4415 2 2 1 2 2722 2724 686
4416 2 2 1 2 2723 2724 2722
4417 2 2 1 2 49 2725 2727
4418 2 2 1 2 2725 694 2726
4419 2 2 1 2 2727 2726 696
4420 2 2 1 2 2725 2726 2727
4421 2 2 1 2 694 2728 2730
4422 2 2 1 2 2728 181 2729
4423 2 2 1 2 2730 2729 695
4424 2 2 1 2 2728 2729 2730
4425 2 2 1 2 696 2731 2733
4426 2 2 1 2 2731 695 2732
4427 2 2 1 2 2733 2732 183
4428 2 2 1 2 2731 2732 2733
4429 2 2 1 2 694 2730 2726
4430 2 2 1 2 2730 695 2731
4431 2 2 1 2 2726 2731 696
4432 2 2 1 2 2730 2731 2726
4433 2 2 1 2 181 2734 2736
4434 2 2 1 2 2734 697 2735
4435 2 2 1 2 2736 2735 699
4436 2 2 1 2 2734 2735 2736
4437 2 2 1 2 697 2737 2739
4438 2 2 1 2 2737 6 2738
4439 2 2 1 2 2739 2738 698
4440 2 2 1 2 2737 2738 2739
4441 2 2 1 2 699 2740 2742
4442 2 2 1 2 2740 698 2741
4443 2 2 1 2 2742 2741 182
4444 2 2 1 2 2740 2741 2742
4445 2 2 1 2 697 2739 2735
4446 2 2 1 2 2739 698 2740
4447 2 2 1 2 2735 2740 699
4448 2 2 1 2 2739 2740 2735
4449 2 2 1 2 183 2743 2745
4450 2 2 1 2 2743 700 2744
4451 2 2 1 2 2745 2744 702
4452 2 2 1 2 2743 2744 2745
4453 2 2 1 2 700 2746 2748
4454 2 2 1 2 2746 182 2747
4455 2 2 1 2 2748 2747 701
4456 2 2 1 2 2746 2747 2748
4457 2 2 1 2 702 2749 2751
4458 2 2 1 2 2749 701 2750
4459 2 2 1 2 2751 2750 50
4460 2 2 1 2 2749 2750 2751
4461 2 2 1 2 700 2748 2744
4462 2 2 1 2 2748 701 2749
4463 2 2 1 2 2744 2749 702
4464 2 2 1 2 2748 2749 2744
4465 2 2 1 2 181 2736 2729
4466 2 2 1 2 2736 699 2752
4467 2 2 1 2 2729 2752 695
4468 2 2 1 2 2736 2752 2729
4469 2 2 1 2 699 2742 2753
4470 2 2 1 2 2742 182 2746
4471 2 2 1 2 2753 2746 700
4472 2 2 1 2 2742 2746 2753
4473 2 2 1 2 695 2754 2732
4474 2 2 1 2 2754 700 2743
4475 2 2 1 2 2732 2743 183
4476 2 2 1 2 2754 2743 2732
4477 2 2 1 2 699 2753 2752
4478 2 2 1 2 2753 700 2754
4479 2 2 1 2 2752 2754 695
4480 2 2 1 2 2753 2754 2752
4481 2 2 1 2 51 2755 2757
4482 2 2 1 2 2755 703 2756
4483 2 2 1 2 2757 2756 705
4484 2 2 1 2 2755 2756 2757
4485 2 2 1 2 703 2758 2760
4486 2 2 1 2 2758 184 2759
4487 2 2 1 2 2760 2759 704
4488 2 2 1 2 2758 2759 2760
4489 2 2 1 2 705 2761 2763
4490 2 2 1 2 2761 704 2762
4491 2 2 1 2 2763 2762 186
4492 2 2 1 2 2761 2762 2763
4493 2 2 1 2 703 2760 2756
4494 2 2 1 2 2760 704 2761
4495 2 2 1 2 2756 2761 705
4496 2 2 1 2 2760 2761 2756
4497 2 2 1 2 184 2764 2766
4498 2 2 1 2 2764 706 2765
4499 2 2 1 2 2766 2765 708
4500 2 2 1 2 2764 2765 2766
4501 2 2 1 2 706 2767 2769
4502 2 2 1 2 2767 50 2768
4503 2 2 1 2 2769 2768 707
4504 2 2 1 2 2767 2768 2769
4505 2 2 1 2 708 2770 2772
4506 2 2 1 2 2770 707 2771
4507 2 2 1 2 2772 2771 185
4508 2 2 1 2 2770 2771 2772
4509 2 2 1 2 706 2769 2765
4510 2 2 1 2 2769 707 2770
4511 2 2 1 2 2765 2770 708
4512 2 2 1 2 2769 2770 2765
4513 2 2 1 2 186 2773 2775
4514 2 2 1 2 2773 709 2774
4515 2 2 1 2 2775 2774 711
4516 2 2 1 2 2773 2774 2775
4517 2 2 1 2 709 2776 2778
4518 2 2 1 2 2776 185 2777
4519 2 2 1 2 2778 2777 710
4520 2 2 1 2 2776 2777 2778
4521 2 2 1 2 711 2779 2781
4522 2 2 1 2 2779 710 2780
4523 2 2 1 2 2781 2780 16
4524 2 2 1 2 2779 2780 2781
4525 2 2 1 2 709 2778 2774
4526 2 2 1 2 2778 710 2779
4527 2 2 1 2 2774 2779 711
4528 2 2 1 2 2778 2779 2774
4529 2 2 1 2 184 2766 2759
4530 2 2 1 2 2766 708 2782
4531 2 2 1 2 2759 2782 704
4532 2 2 1 2 2766 2782 2759
4533 2 2 1 2 708 2772 2783
4534 2 2 1 2 2772 185 2776
4535 2 2 1 2 2783 2776 709
4536 2 2 1 2 2772 2776 2783
4537 2 2 1 2 704 2784 2762
4538 2 2 1 2 2784 709 2773
4539 2 2 1 2 2762 2773 186
4540 2 2 1 2 2784 2773 2762
4541 2 2 1 2 708 2783 2782
4542 2 2 1 2 2783 709 2784
4543 2 2 1 2 2782 2784 704
4544 2 2 1 2 2783 2784 2782
4545 2 2 1 2 49 2727 2708
4546 2 2 1 2 2727 696 2785
4547 2 2 1 2 2708 2785 689
4548 2 2 1 2 2727 2785 2708
4549 2 2 1 2 696 2733 2787
4550 2 2 1 2 2733 183 2786
4551 2 2 1 2 2787 2786 712
4552 2 2 1 2 2733 2786 2787
4553 2 2 1 2 689 2788 2711
4554 2 2 1 2 2788 712 2789
4555 2 2 1 2 2711 2789 179
4556 2 2 1 2 2788 2789 2711
4557 2 2 1 2 696 2787 2785
4558 2 2 1 2 2787 712 2788
4559 2 2 1 2 2785 2788 689
4560 2 2 1 2 2787 2788 2785
4561 2 2 1 2 183 2745 2791
4562 2 2 1 2 2745 702 2790
4563 2 2 1 2 2791 2790 713
4564 2 2 1 2 2745 2790 2791
4565 2 2 1 2 702 2751 2792
4566 2 2 1 2 2751 50 2767
4567 2 2 1 2 2792 2767 706
4568 2 2 1 2 2751 2767 2792
4569 2 2 1 2 713 2793 2794
4570 2 2 1 2 2793 706 2764
4571 2 2 1 2 2794 2764 184
4572 2 2 1 2 2793 2764 2794
4573 2 2 1 2 702 2792 2790
4574 2 2 1 2 2792 706 2793
4575 2 2 1 2 2790 2793 713
4576 2 2 1 2 2792 2793 2790
4577 2 2 1 2 179 2795 2717
4578 2 2 1 2 2795 714 2796
4579 2 2 1 2 2717 2796 692
4580 2 2 1 2 2795 2796 2717
4581 2 2 1 2 714 2797 2798
4582 2 2 1 2 2797 184 2758
4583 2 2 1 2 2798 2758 703
4584 2 2 1 2 2797 2758 2798
4585 2 2 1 2 692 2799 2720
4586 2 2 1 2 2799 703 2755
4587 2 2 1 2 2720 2755 51
4588 2 2 1 2 2799 2755 2720
4589 2 2 1 2 714 2798 2796
4590 2 2 1 2 2798 703 2799
4591 2 2 1 2 2796 2799 692
4592 2 2 1 2 2798 2799 2796
4593 2 2 1 2 183 2791 2786
4594 2 2 1 2 2791 713 2800
4595 2 2 1 2 2786 2800 712
4596 2 2 1 2 2791 2800 2786
4597 2 2 1 2 713 2794 2801
4598 2 2 1 2 2794 184 2797
4599 2 2 1 2 2801 2797 714
4600 2 2 1 2 2794 2797 2801
4601 2 2 1 2 712 2802 2789
4602 2 2 1 2 2802 714 2795
4603 2 2 1 2 2789 2795 179
4604 2 2 1 2 2802 2795 2789
4605 2 2 1 2 713 2801 2800
4606 2 2 1 2 2801 714 2802
4607 2 2 1 2 2800 2802 712
4608 2 2 1 2 2801 2802 2800
4609 2 2 1 2 14 2803 2319
4610 2 2 1 2 2803 715 2804
4611 2 2 1 2 2319 2804 593
4612 2 2 1 2 2803 2804 2319
4613 2 2 1 2 715 2805 2807
4614 2 2 1 2 2805 187 2806
4615 2 2 1 2 2807 2806 716
4616 2 2 1 2 2805 2806 2807
4617 2 2 1 2 593 2808 2322
4618 2 2 1 2 2808 716 2809
4619 2 2 1 2 2322 2809 156
4620 2 2 1 2 2808 2809 2322
4621 2 2 1 2 715 2807 2804
4622 2 2 1 2 2807 716 2808
4623 2 2 1 2 2804 2808 593
4624 2 2 1 2 2807 2808 2804
4625 2 2 1 2 187 2810 2812
4626 2 2 1 2 2810 717 2811
4627 2 2 1 2 2812 2811 719
4628 2 2 1 2 2810 2811 2812
4629 2 2 1 2 717 2813 2815
4630 2 2 1 2 2813 52 2814
4631 2 2 1 2 2815 2814 718
4632 2 2 1 2 2813 2814 2815
4633 2 2 1 2 719 2816 2818
4634 2 2 1 2 2816 718 2817
4635 2 2 1 2 2818 2817 188
4636 2 2 1 2 2816 2817 2818
4637 2 2 1 2 717 2815 2811
4638 2 2 1 2 2815 718 2816
4639 2 2 1 2 2811 2816 719
4640 2 2 1 2 2815 2816 2811
4641 2 2 1 2 156 2819 2328
4642 2 2 1 2 2819 720 2820
4643 2 2 1 2 2328 2820 596
4644 2 2 1 2 2819 2820 2328
4645 2 2 1 2 720 2821 2823
4646 2 2 1 2 2821 188 2822
4647 2 2 1 2 2823 2822 721
4648 2 2 1 2 2821 2822 2823
4649 2 2 1 2 596 2824 2331
4650 2 2 1 2 2824 721 2825
4651 2 2 1 2 2331 2825 44
4652 2 2 1 2 2824 2825 2331
4653 2 2 1 2 720 2823 2820
4654 2 2 1 2 2823 721 2824
4655 2 2 1 2 2820 2824 596
4656 2 2 1 2 2823 2824 2820
4657 2 2 1 2 187 2812 2806
4658 2 2 1 2 2812 719 2826
4659 2 2 1 2 2806 2826 716
4660 2 2 1 2 2812 2826 2806
4661 2 2 1 2 719 2818 2827
4662 2 2 1 2 2818 188 2821
4663 2 2 1 2 2827 2821 720
4664 2 2 1 2 2818 2821 2827
4665 2 2 1 2 716 2828 2809
4666 2 2 1 2 2828 720 2819
4667 2 2 1 2 2809 2819 156
4668 2 2 1 2 2828 2819 2809
4669 2 2 1 2 719 2827 2826
4670 2 2 1 2 2827 720 2828
4671 2 2 1 2 2826 2828 716
4672 2 2 1 2 2827 2828 2826
4673 2 2 1 2 52 2829 2831
4674 2 2 1 2 2829 722 2830
4675 2 2 1 2 2831 2830 724
4676 2 2 1 2 2829 2830 2831
4677 2 2 1 2 722 2832 2834
4678 2 2 1 2 2832 189 2833
4679 2 2 1 2 2834 2833 723
4680 2 2 1 2 2832 2833 2834
4681 2 2 1 2 724 2835 2837
4682 2 2 1 2 2835 723 2836
4683 2 2 1 2 2837 2836 191
4684 2 2 1 2 2835 2836 2837
4685 2 2 1 2 722 2834 2830
4686 2 2 1 2 2834 723 2835
4687 2 2 1 2 2830 2835 724
4688 2 2 1 2 2834 2835 2830
4689 2 2 1 2 189 2838 2840
4690 2 2 1 2 2838 725 2839
4691 2 2 1 2 2840 2839 727
4692 2 2 1 2 2838 2839 2840
4693 2 2 1 2 725 2841 2843
4694 2 2 1 2 2841 16 2842
4695 2 2 1 2 2843 2842 726
4696 2 2 1 2 2841 2842 2843
4697 2 2 1 2 727 2844 2846
4698 2 2 1 2 2844 726 2845
4699 2 2 1 2 2846 2845 190
4700 2 2 1 2 2844 2845 2846
4701 2 2 1 2 725 2843 2839
4702 2 2 1 2 2843 726 2844
4703 2 2 1 2 2839 2844 727
4704 2 2 1 2 2843 2844 2839
4705 2 2 1 2 191 2847 2849
4706 2 2 1 2 2847 728 2848
4707 2 2 1 2 2849 2848 730
4708 2 2 1 2 2847 2848 2849
4709 2 2 1 2 728 2850 2852
4710 2 2 1 2 2850 190 2851
4711 2 2 1 2 2852 2851 729
4712 2 2 1 2 2850 2851 2852
4713 2 2 1 2 730 2853 2855
4714 2 2 1 2 2853 729 2854
4715 2 2 1 2 2855 2854 53
4716 2 2 1 2 2853 2854 2855
4717 2 2 1 2 728 2852 2848
4718 2 2 1 2 2852 729 2853
4719 2 2 1 2 2848 2853 730
4720 2 2 1 2 2852 2853 2848
4721 2 2 1 2 189 2840 2833
4722 2 2 1 2 2840 727 2856
4723 2 2 1 2 2833 2856 723
4724 2 2 1 2 2840 2856 2833
4725 2 2 1 2 727 2846 2857
4726 2 2 1 2 2846 190 2850
4727 2 2 1 2 2857 2850 728
4728 2 2 1 2 2846 2850 2857
4729 2 2 1 2 723 2858 2836
4730 2 2 1 2 2858 728 2847
4731 2 2 1 2 2836 2847 191
4732 2 2 1 2 2858 2847 2836
4733 2 2 1 2 727 2857 2856
4734 2 2 1 2 2857 728 2858
4735 2 2 1 2 2856 2858 723
4736 2 2 1 2 2857 2858 2856
4737 2 2 1 2 44 2859 2349
4738 2 2 1 2 2859 731 2860
4739 2 2 1 2 2349 2860 602
4740 2 2 1 2 2859 2860 2349
4741 2 2 1 2 731 2861 2863
4742 2 2 1 2 2861 192 2862
4743 2 2 1 2 2863 2862 732
4744 2 2 1 2 2861 2862 2863
4745 2 2 1 2 602 2864 2352
4746 2 2 1 2 2864 732 2865
4747 2 2 1 2 2352 2865 159
4748 2 2 1 2 2864 2865 2352
4749 2 2 1 2 731 2863 2860
4750 2 2 1 2 2863 732 2864
4751 2 2 1 2 2860 2864 602
4752 2 2 1 2 2863 2864 2860
4753 2 2 1 2 192 2866 2868
4754 2 2 1 2 2866 733 2867
4755 2 2 1 2 2868 2867 735
4756 2 2 1 2 2866 2867 2868
4757 2 2 1 2 733 2869 2871
4758 2 2 1 2 2869 53 2870
4759 2 2 1 2 2871 2870 734
4760 2 2 1 2 2869 2870 2871
4761 2 2 1 2 735 2872 2874
4762 2 2 1 2 2872 734 2873
4763 2 2 1 2 2874 2873 193
4764 2 2 1 2 2872 2873 2874
4765 2 2 1 2 733 2871 2867
4766 2 2 1 2 2871 734 2872
4767 2 2 1 2 2867 2872 735
4768 2 2 1 2 2871 2872 2867
4769 2 2 1 2 159 2875 2358
4770 2 2 1 2 2875 736 2876
4771 2 2 1 2 2358 2876 605
4772 2 2 1 2 2875 2876 2358
4773 2 2 1 2 736 2877 2879
4774 2 2 1 2 2877 193 2878
4775 2 2 1 2 2879 2878 737
4776 2 2 1 2 2877 2878 2879
4777 2 2 1 2 605 2880 2361
4778 2 2 1 2 2880 737 2881
4779 2 2 1 2 2361 2881 1
4780 2 2 1 2 2880 2881 2361
4781 2 2 1 2 736 2879 2876
4782 2 2 1 2 2879 737 2880
4783 2 2 1 2 2876 2880 605
4784 2 2 1 2 2879 2880 2876
4785 2 2 1 2 192 2868 2862
4786 2 2 1 2 2868 735 2882
4787 2 2 1 2 2862 2882 732
4788 2 2 1 2 2868 2882 2862
4789 2 2 1 2 735 2874 2883
4790 2 2 1 2 2874 193 2877
4791 2 2 1 2 2883 2877 736
4792 2 2 1 2 2874 2877 2883
4793 2 2 1 2 732 2884 2865
4794 2 2 1 2 2884 736 2875
4795 2 2 1 2 2865 2875 159
4796 2 2 1 2 2884 2875 2865
4797 2 2 1 2 735 2883 2882
4798 2 2 1 2 2883 736 2884
4799 2 2 1 2 2882 2884 732
4800 2 2 1 2 2883 2884 2882
4801 2 2 1 2 52 2831 2814
4802 2 2 1 2 2831 724 2885
4803 2 2 1 2 2814 2885 718
4804 2 2 1 2 2831 2885 2814
4805 2 2 1 2 724 2837 2887
4806 2 2 1 2 2837 191 2886
4807 2 2 1 2 2887 2886 738
4808 2 2 1 2 2837 2886 2887
4809 2 2 1 2 718 2888 2817
4810 2 2 1 2 2888 738 2889
4811 2 2 1 2 2817 2889 188
4812 2 2 1 2 2888 2889 2817
4813 2 2 1 2 724 2887 2885
4814 2 2 1 2 2887 738 2888
4815 2 2 1 2 2885 2888 718
4816 2 2 1 2 2887 2888 2885
4817 2 2 1 2 191 2849 2891
4818 2 2 1 2 2849 730 2890
4819 2 2 1 2 2891 2890 739
4820 2 2 1 2 2849 2890 2891
4821 2 2 1 2 730 2855 2892
4822 2 2 1 2 2855 53 2869
4823 2 2 1 2 2892 2869 733
4824 2 2 1 2 2855 2869 2892
4825 2 2 1 2 739 2893 2894
4826 2 2 1 2 2893 733 2866
4827 2 2 1 2 2894 2866 192
4828 2 2 1 2 2893 2866 2894
4829 2 2 1 2 730 2892 2890
4830 2 2 1 2 2892 733 2893
4831 2 2 1 2 2890 2893 739
4832 2 2 1 2 2892 2893 2890
4833 2 2 1 2 188 2895 2822
4834 2 2 1 2 2895 740 2896
4835 2 2 1 2 2822 2896 721
4836 2 2 1 2 2895 2896 2822
4837 2 2 1 2 740 2897 2898
4838 2 2 1 2 2897 192 2861
4839 2 2 1 2 2898 2861 731
4840 2 2 1 2 2897 2861 2898
4841 2 2 1 2 721 2899 2825
4842 2 2 1 2 2899 731 2859
4843 2 2 1 2 2825 2859 44
4844 2 2 1 2 2899 2859 2825
4845 2 2 1 2 740 2898 2896
4846 2 2 1 2 2898 731 2899
4847 2 2 1 2 2896 2899 721
4848 2 2 1 2 2898 2899 2896
4849 2 2 1 2 191 2891 2886
4850 2 2 1 2 2891 739 2900
4851 2 2 1 2 2886 2900 738
4852 2 2 1 2 2891 2900 2886
4853 2 2 1 2 739 2894 2901
4854 2 2 1 2 2894 192 2897
4855 2 2 1 2 2901 2897 740
4856 2 2 1 2 2894 2897 2901
4857 2 2 1 2 738 2902 2889
4858 2 2 1 2 2902 740 2895
4859 2 2 1 2 2889 2895 188
4860 2 2 1 2 2902 2895 2889
4861 2 2 1 2 739 2901 2900
4862 2 2 1 2 2901 740 2902
4863 2 2 1 2 2900 2902 738
4864 2 2 1 2 2901 2902 2900
4865 2 2 1 2 15 2697 2634
4866 2 2 1 2 2697 687 2903
4867 2 2 1 2 2634 2903 670
4868 2 2 1 2 2697 2903 2634
4869 2 2 1 2 687 2703 2905
4870 2 2 1 2 2703 180 2904
4871 2 2 1 2 2905 2904 741
4872 2 2 1 2 2703 2904 2905
4873 2 2 1 2 670 2906 2637
4874 2 2 1 2 2906 741 2907
4875 2 2 1 2 2637 2907 174
4876 2 2 1 2 2906 2907 2637
4877 2 2 1 2 687 2905 2903
4878 2 2 1 2 2905 741 2906
4879 2 2 1 2 2903 2906 670
4880 2 2 1 2 2905 2906 2903
4881 2 2 1 2 180 2715 2909
4882 2 2 1 2 2715 693 2908
4883 2 2 1 2 2909 2908 743
4884 2 2 1 2 2715 2908 2909
4885 2 2 1 2 693 2721 2911
4886 2 2 1 2 2721 51 2910
4887 2 2 1 2 2911 2910 742
4888 2 2 1 2 2721 2910 2911
4889 2 2 1 2 743 2912 2914
4890 2 2 1 2 2912 742 2913
4891 2 2 1 2 2914 2913 194
4892 2 2 1 2 2912 2913 2914
4893 2 2 1 2 693 2911 2908
4894 2 2 1 2 2911 742 2912
4895 2 2 1 2 2908 2912 743
4896 2 2 1 2 2911 2912 2908
4897 2 2 1 2 174 2915 2643
4898 2 2 1 2 2915 744 2916
4899 2 2 1 2 2643 2916 673
4900 2 2 1 2 2915 2916 2643
4901 2 2 1 2 744 2917 2919
4902 2 2 1 2 2917 194 2918
4903 2 2 1 2 2919 2918 745
4904 2 2 1 2 2917 2918 2919
4905 2 2 1 2 673 2920 2646
4906 2 2 1 2 2920 745 2921
4907 2 2 1 2 2646 2921 48
4908 2 2 1 2 2920 2921 2646
4909 2 2 1 2 744 2919 2916
4910 2 2 1 2 2919 745 2920
4911 2 2 1 2 2916 2920 673
4912 2 2 1 2 2919 2920 2916
4913 2 2 1 2 180 2909 2904
4914 2 2 1 2 2909 743 2922
4915 2 2 1 2 2904 2922 741
4916 2 2 1 2 2909 2922 2904
4917 2 2 1 2 743 2914 2923
4918 2 2 1 2 2914 194 2917
4919 2 2 1 2 2923 2917 744
4920 2 2 1 2 2914 2917 2923
4921 2 2 1 2 741 2924 2907
4922 2 2 1 2 2924 744 2915
4923 2 2 1 2 2907 2915 174
4924 2 2 1 2 2924 2915 2907
4925 2 2 1 2 743 2923 2922
4926 2 2 1 2 2923 744 2924
4927 2 2 1 2 2922 2924 741
4928 2 2 1 2 2923 2924 2922
4929 2 2 1 2 51 2757 2926
4930 2 2 1 2 2757 705 2925
4931 2 2 1 2 2926 2925 747
4932 2 2 1 2 2757 2925 2926
4933 2 2 1 2 705 2763 2928
4934 2 2 1 2 2763 186 2927
4935 2 2 1 2 2928 2927 746
4936 2 2 1 2 2763 2927 2928
4937 2 2 1 2 747 2929 2931
4938 2 2 1 2 2929 746 2930
4939 2 2 1 2 2931 2930 195
4940 2 2 1 2 2929 2930 2931
4941 2 2 1 2 705 2928 2925
4942 2 2 1 2 2928 746 2929
4943 2 2 1 2 2925 2929 747
4944 2 2 1 2 2928 2929 2925
4945 2 2 1 2 186 2775 2933
4946 2 2 1 2 2775 711 2932
4947 2 2 1 2 2933 2932 748
4948 2 2 1 2 2775 2932 2933
4949 2 2 1 2 711 2781 2934
4950 2 2 1 2 2781 16 2841
4951 2 2 1 2 2934 2841 725
4952 2 2 1 2 2781 2841 2934
4953 2 2 1 2 748 2935 2936
4954 2 2 1 2 2935 725 2838
4955 2 2 1 2 2936 2838 189
4956 2 2 1 2 2935 2838 2936
4957 2 2 1 2 711 2934 2932
4958 2 2 1 2 2934 725 2935
4959 2 2 1 2 2932 2935 748
4960 2 2 1 2 2934 2935 2932
4961 2 2 1 2 195 2937 2939
4962 2 2 1 2 2937 749 2938
4963 2 2 1 2 2939 2938 750
4964 2 2 1 2 2937 2938 2939
4965 2 2 1 2 749 2940 2941
4966 2 2 1 2 2940 189 2832
4967 2 2 1 2 2941 2832 722
4968 2 2 1 2 2940 2832 2941
4969 2 2 1 2 750 2942 2943
4970 2 2 1 2 2942 722 2829
4971 2 2 1 2 2943 2829 52
4972 2 2 1 2 2942 2829 2943
4973 2 2 1 2 749 2941 2938
4974 2 2 1 2 2941 722 2942
4975 2 2 1 2 2938 2942 750
4976 2 2 1 2 2941 2942 2938
4977 2 2 1 2 186 2933 2927
4978 2 2 1 2 2933 748 2944
4979 2 2 1 2 2927 2944 746
4980 2 2 1 2 2933 2944 2927
4981 2 2 1 2 748 2936 2945
4982 2 2 1 2 2936 189 2940
4983 2 2 1 2 2945 2940 749
4984 2 2 1 2 2936 2940 2945
4985 2 2 1 2 746 2946 2930
4986 2 2 1 2 2946 749 2937
4987 2 2 1 2 2930 2937 195
4988 2 2 1 2 2946 2937 2930
4989 2 2 1 2 748 2945 2944
4990 2 2 1 2 2945 749 2946
4991 2 2 1 2 2944 2946 746
4992 2 2 1 2 2945 2946 2944
4993 2 2 1 2 48 2947 2662
4994 2 2 1 2 2947 751 2948
4995 2 2 1 2 2662 2948 678
4996 2 2 1 2 2947 2948 2662
4997 2 2 1 2 751 2949 2951
4998 2 2 1 2 2949 196 2950
4999 2 2 1 2 2951 2950 752
5000 2 2 1 2 2949 2950 2951
5001 2 2 1 2 678 2952 2665
5002 2 2 1 2 2952 752 2953
5003 2 2 1 2 2665 2953 177
5004 2 2 1 2 2952 2953 2665
5005 2 2 1 2 751 2951 2948
5006 2 2 1 2 2951 752 2952
5007 2 2 1 2 2948 2952 678
5008 2 2 1 2 2951 2952 2948
5009 2 2 1 2 196 2954 2956
5010 2 2 1 2 2954 753 2955
5011 2 2 1 2 2956 2955 754
5012 2 2 1 2 2954 2955 2956
5013 2 2 1 2 753 2957 2958
5014 2 2 1 2 2957 52 2813
5015 2 2 1 2 2958 2813 717
5016 2 2 1 2 2957 2813 2958
5017 2 2 1 2 754 2959 2960
5018 2 2 1 2 2959 717 2810
5019 2 2 1 2 2960 2810 187
5020 2 2 1 2 2959 2810 2960
5021 2 2 1 2 753 2958 2955
5022 2 2 1 2 2958 717 2959
5023 2 2 1 2 2955 2959 754
5024 2 2 1 2 2958 2959 2955
5025 2 2 1 2 177 2961 2670
5026 2 2 1 2 2961 755 2962
5027 2 2 1 2 2670 2962 681
5028 2 2 1 2 2961 2962 2670
5029 2 2 1 2 755 2963 2964
5030 2 2 1 2 2963 187 2805
5031 2 2 1 2 2964 2805 715
5032 2 2 1 2 2963 2805 2964
5033 2 2 1 2 681 2965 2673
5034 2 2 1 2 2965 715 2803
5035 2 2 1 2 2673 2803 14
5036 2 2 1 2 2965 2803 2673
5037 2 2 1 2 755 2964 2962
5038 2 2 1 2 2964 715 2965
5039 2 2 1 2 2962 2965 681
5040 2 2 1 2 2964 2965 2962
5041 2 2 1 2 196 2956 2950
5042 2 2 1 2 2956 754 2966
5043 2 2 1 2 2950 2966 752
5044 2 2 1 2 2956 2966 2950
5045 2 2 1 2 754 2960 2967
5046 2 2 1 2 2960 187 2963
5047 2 2 1 2 2967 2963 755
5048 2 2 1 2 2960 2963 2967
5049 2 2 1 2 752 2968 2953
5050 2 2 1 2 2968 755 2961
5051 2 2 1 2 2953 2961 177
5052 2 2 1 2 2968 2961 2953
5053 2 2 1 2 754 2967 2966
5054 2 2 1 2 2967 755 2968
5055 2 2 1 2 2966 2968 752
5056 2 2 1 2 2967 2968 2966
5057 2 2 1 2 51 2926 2910
5058 2 2 1 2 2926 747 2969
5059 2 2 1 2 2910 2969 742
5060 2 2 1 2 2926 2969 2910
5061 2 2 1 2 747 2931 2971
5062 2 2 1 2 2931 195 2970
5063 2 2 1 2 2971 2970 756
5064 2 2 1 2 2931 2970 2971
5065 2 2 1 2 742 2972 2913
5066 2 2 1 2 2972 756 2973
5067 2 2 1 2 2913 2973 194
5068 2 2 1 2 2972 2973 2913
5069 2 2 1 2 747 2971 2969
5070 2 2 1 2 2971 756 2972
5071 2 2 1 2 2969 2972 742
5072 2 2 1 2 2971 2972 2969
5073 2 2 1 2 195 2939 2975
5074 2 2 1 2 2939 750 2974
5075 2 2 1 2 2975 2974 757
5076 2 2 1 2 2939 2974 2975
5077 2 2 1 2 750 2943 2976
5078 2 2 1 2 2943 52 2957
5079 2 2 1 2 2976 2957 753
5080 2 2 1 2 2943 2957 2976
5081 2 2 1 2 757 2977 2978
5082 2 2 1 2 2977 753 2954
5083 2 2 1 2 2978 2954 196
5084 2 2 1 2 2977 2954 2978
5085 2 2 1 2 750 2976 2974
5086 2 2 1 2 2976 753 2977
5087 2 2 1 2 2974 2977 757
5088 2 2 1 2 2976 2977 2974
5089 2 2 1 2 194 2979 2918
5090 2 2 1 2 2979 758 2980
5091 2 2 1 2 2918 2980 745
5092 2 2 1 2 2979 2980 2918
5093 2 2 1 2 758 2981 2982
5094 2 2 1 2 2981 196 2949
5095 2 2 1 2 2982 2949 751
5096 2 2 1 2 2981 2949 2982
5097 2 2 1 2 745 2983 2921
5098 2 2 1 2 2983 751 2947
5099 2 2 1 2 2921 2947 48
5100 2 2 1 2 2983 2947 2921
5101 2 2 1 2 758 2982 2980
5102 2 2 1 2 2982 751 2983
5103 2 2 1 2 2980 2983 745
5104 2 2 1 2 2982 2983 2980
5105 2 2 1 2 195 2975 2970
5106 2 2 1 2 2975 757 2984
5107 2 2 1 2 2970 2984 756
5108 2 2 1 2 2975 2984 2970
5109 2 2 1 2 757 2978 2985
5110 2 2 1 2 2978 196 2981
5111 2 2 1 2 2985 2981 758
5112 2 2 1 2 2978 2981 2985
5113 2 2 1 2 756 2986 2973
5114 2 2 1 2 2986 758 2979
5115 2 2 1 2 2973 2979 194
5116 2 2 1 2 2986 2979 2973
5117 2 2 1 2 757 2985 2984
5118 2 2 1 2 2985 758 2986
5119 2 2 1 2 2984 2986 756
5120 2 2 1 2 2985 2986 2984
5121 2 2 1 2 1 2881 1027
5122 2 2 1 2 2881 737 2987
5123 2 2 1 2 1027 2987 259
5124 2 2 1 2 2881 2987 1027
5125 2 2 1 2 737 2878 2989
5126 2 2 1 2 2878 193 2988
5127 2 2 1 2 2989 2988 759
5128 2 2 1 2 2878 2988 2989
5129 2 2 1 2 259 2990 1030
5130 2 2 1 2 2990 759 2991
5131 2 2 1 2 1030 2991 67
5132 2 2 1 2 2990 2991 1030
5133 2 2 1 2 737 2989 2987
5134 2 2 1 2 2989 759 2990
5135 2 2 1 2 2987 2990 259
5136 2 2 1 2 2989 2990 2987
5137 2 2 1 2 193 2873 2993
5138 2 2 1 2 2873 734 2992
5139 2 2 1 2 2993 2992 761
5140 2 2 1 2 2873 2992 2993
5141 2 2 1 2 734 2870 2995
5142 2 2 1 2 2870 53 2994
5143 2 2 1 2 2995 2994 760
5144 2 2 1 2 2870 2994 2995
5145 2 2 1 2 761 2996 2998
5146 2 2 1 2 2996 760 2997
5147 2 2 1 2 2998 2997 197
5148 2 2 1 2 2996 2997 2998
5149 2 2 1 2 734 2995 2992
5150 2 2 1 2 2995 760 2996
5151 2 2 1 2 2992 2996 761
5152 2 2 1 2 2995 2996 2992
5153 2 2 1 2 67 2999 1036
5154 2 2 1 2 2999 762 3000
5155 2 2 1 2 1036 3000 262
5156 2 2 1 2 2999 3000 1036
5157 2 2 1 2 762 3001 3003
5158 2 2 1 2 3001 197 3002
5159 2 2 1 2 3003 3002 763
5160 2 2 1 2 3001 3002 3003
5161 2 2 1 2 262 3004 1039
5162 2 2 1 2 3004 763 3005
5163 2 2 1 2 1039 3005 19
5164 2 2 1 2 3004 3005 1039
5165 2 2 1 2 762 3003 3000
5166 2 2 1 2 3003 763 3004
5167 2 2 1 2 3000 3004 262
5168 2 2 1 2 3003 3004 3000
5169 2 2 1 2 193 2993 2988
5170 2 2 1 2 2993 761 3006
5171 2 2 1 2 2988 3006 759
5172 2 2 1 2 2993 3006 2988
5173 2 2 1 2 761 2998 3007
5174 2 2 1 2 2998 197 3001
5175 2 2 1 2 3007 3001 762
5176 2 2 1 2 2998 3001 3007
5177 2 2 1 2 759 3008 2991
5178 2 2 1 2 3008 762 2999
5179 2 2 1 2 2991 2999 67
5180 2 2 1 2 3008 2999 2991
5181 2 2 1 2 761 3007 3006
5182 2 2 1 2 3007 762 3008
5183 2 2 1 2 3006 3008 759
5184 2 2 1 2 3007 3008 3006
5185 2 2 1 2 53 2854 3010
5186 2 2 1 2 2854 729 3009
5187 2 2 1 2 3010 3009 765
5188 2 2 1 2 2854 3009 3010
5189 2 2 1 2 729 2851 3012
5190 2 2 1 2 2851 190 3011
5191 2 2 1 2 3012 3011 764
5192 2 2 1 2 2851 3011 3012
5193 2 2 1 2 765 3013 3015
5194 2 2 1 2 3013 764 3014
5195 2 2 1 2 3015 3014 199
5196 2 2 1 2 3013 3014 3015
5197 2 2 1 2 729 3012 3009
5198 2 2 1 2 3012 764 3013
5199 2 2 1 2 3009 3013 765
5200 2 2 1 2 3012 3013 3009
5201 2 2 1 2 190 2845 3017
5202 2 2 1 2 2845 726 3016
5203 2 2 1 2 3017 3016 767
5204 2 2 1 2 2845 3016 3017
5205 2 2 1 2 726 2842 3019
5206 2 2 1 2 2842 16 3018
5207 2 2 1 2 3019 3018 766
5208 2 2 1 2 2842 3018 3019
5209 2 2 1 2 767 3020 3022
5210 2 2 1 2 3020 766 3021
5211 2 2 1 2 3022 3021 198
5212 2 2 1 2 3020 3021 3022
5213 2 2 1 2 726 3019 3016
5214 2 2 1 2 3019 766 3020
5215 2 2 1 2 3016 3020 767
5216 2 2 1 2 3019 3020 3016
5217 2 2 1 2 199 3023 3025
5218 2 2 1 2 3023 768 3024
5219 2 2 1 2 3025 3024 770
5220 2 2 1 2 3023 3024 3025
5221 2 2 1 2 768 3026 3028
5222 2 2 1 2 3026 198 3027
5223 2 2 1 2 3028 3027 769
5224 2 2 1 2 3026 3027 3028
5225 2 2 1 2 770 3029 3031
5226 2 2 1 2 3029 769 3030
5227 2 2 1 2 3031 3030 54
5228 2 2 1 2 3029 3030 3031
5229 2 2 1 2 768 3028 3024
5230 2 2 1 2 3028 769 3029
5231 2 2 1 2 3024 3029 770
5232 2 2 1 2 3028 3029 3024
5233 2 2 1 2 190 3017 3011
5234 2 2 1 2 3017 767 3032
5235 2 2 1 2 3011 3032 764
5236 2 2 1 2 3017 3032 3011
5237 2 2 1 2 767 3022 3033
5238 2 2 1 2 3022 198 3026
5239 2 2 1 2 3033 3026 768
5240 2 2 1 2 3022 3026 3033
5241 2 2 1 2 764 3034 3014
5242 2 2 1 2 3034 768 3023
5243 2 2 1 2 3014 3023 199
5244 2 2 1 2 3034 3023 3014
5245 2 2 1 2 767 3033 3032
5246 2 2 1 2 3033 768 3034
5247 2 2 1 2 3032 3034 764
5248 2 2 1 2 3033 3034 3032
5249 2 2 1 2 19 3035 1057
5250 2 2 1 2 3035 771 3036
5251 2 2 1 2 1057 3036 268
5252 2 2 1 2 3035 3036 1057
5253 2 2 1 2 771 3037 3039
5254 2 2 1 2 3037 200 3038
5255 2 2 1 2 3039 3038 772
5256 2 2 1 2 3037 3038 3039
5257 2 2 1 2 268 3040 1060
5258 2 2 1 2 3040 772 3041
5259 2 2 1 2 1060 3041 70
5260 2 2 1 2 3040 3041 1060
5261 2 2 1 2 771 3039 3036
5262 2 2 1 2 3039 772 3040
5263 2 2 1 2 3036 3040 268
5264 2 2 1 2 3039 3040 3036
5265 2 2 1 2 200 3042 3044
5266 2 2 1 2 3042 773 3043
5267 2 2 1 2 3044 3043 775
5268 2 2 1 2 3042 3043 3044
5269 2 2 1 2 773 3045 3047
5270 2 2 1 2 3045 54 3046
5271 2 2 1 2 3047 3046 774
5272 2 2 1 2 3045 3046 3047
5273 2 2 1 2 775 3048 3050
5274 2 2 1 2 3048 774 3049
5275 2 2 1 2 3050 3049 201
5276 2 2 1 2 3048 3049 3050
5277 2 2 1 2 773 3047 3043
5278 2 2 1 2 3047 774 3048
5279 2 2 1 2 3043 3048 775
5280 2 2 1 2 3047 3048 3043
5281 2 2 1 2 70 3051 1066
5282 2 2 1 2 3051 776 3052
5283 2 2 1 2 1066 3052 271
5284 2 2 1 2 3051 3052 1066
5285 2 2 1 2 776 3053 3055
5286 2 2 1 2 3053 201 3054
5287 2 2 1 2 3055 3054 777
5288 2 2 1 2 3053 3054 3055
5289 2 2 1 2 271 3056 1069
5290 2 2 1 2 3056 777 3057
5291 2 2 1 2 1069 3057 7
5292 2 2 1 2 3056 3057 1069
5293 2 2 1 2 776 3055 3052
5294 2 2 1 2 3055 777 3056
5295 2 2 1 2 3052 3056 271
5296 2 2 1 2 3055 3056 3052
5297 2 2 1 2 200 3044 3038
5298 2 2 1 2 3044 775 3058
5299 2 2 1 2 3038 3058 772
5300 2 2 1 2 3044 3058 3038
5301 2 2 1 2 775 3050 3059
5302 2 2 1 2 3050 201 3053
5303 2 2 1 2 3059 3053 776
5304 2 2 1 2 3050 3053 3059
5305 2 2 1 2 772 3060 3041
5306 2 2 1 2 3060 776 3051
5307 2 2 1 2 3041 3051 70
5308 2 2 1 2 3060 3051 3041
5309 2 2 1 2 775 3059 3058
5310 2 2 1 2 3059 776 3060
5311 2 2 1 2 3058 3060 772
5312 2 2 1 2 3059 3060 3058
5313 2 2 1 2 53 3010 2994
5314 2 2 1 2 3010 765 3061
5315 2 2 1 2 2994 3061 760
5316 2 2 1 2 3010 3061 2994
5317 2 2 1 2 765 3015 3063
5318 2 2 1 2 3015 199 3062
5319 2 2 1 2 3063 3062 778
5320 2 2 1 2 3015 3062 3063
5321 2 2 1 2 760 3064 2997
5322 2 2 1 2 3064 778 3065
5323 2 2 1 2 2997 3065 197
5324 2 2 1 2 3064 3065 2997
5325 2 2 1 2 765 3063 3061
5326 2 2 1 2 3063 778 3064
5327 2 2 1 2 3061 3064 760
5328 2 2 1 2 3063 3064 3061
5329 2 2 1 2 199 3025 3067
5330 2 2 1 2 3025 770 3066
5331 2 2 1 2 3067 3066 779
5332 2 2 1 2 3025 3066 3067
5333 2 2 1 2 770 3031 3068
5334 2 2 1 2 3031 54 3045
5335 2 2 1 2 3068 3045 773
5336 2 2 1 2 3031 3045 3068
5337 2 2 1 2 779 3069 3070
5338 2 2 1 2 3069 773 3042
5339 2 2 1 2 3070 3042 200
5340 2 2 1 2 3069 3042 3070
5341 2 2 1 2 770 3068 3066
5342 2 2 1 2 3068 773 3069
5343 2 2 1 2 3066 3069 779
5344 2 2 1 2 3068 3069 3066
5345 2 2 1 2 197 3071 3002
5346 2 2 1 2 3071 780 3072
5347 2 2 1 2 3002 3072 763
5348 2 2 1 2 3071 3072 3002
5349 2 2 1 2 780 3073 3074
5350 2 2 1 2 3073 200 3037
5351 2 2 1 2 3074 3037 771
5352 2 2 1 2 3073 3037 3074
5353 2 2 1 2 763 3075 3005
5354 2 2 1 2 3075 771 3035
5355 2 2 1 2 3005 3035 19
5356 2 2 1 2 3075 3035 3005
5357 2 2 1 2 780 3074 3072
5358 2 2 1 2 3074 771 3075
5359 2 2 1 2 3072 3075 763
5360 2 2 1 2 3074 3075 3072
5361 2 2 1 2 199 3067 3062
5362 2 2 1 2 3067 779 3076
5363 2 2 1 2 3062 3076 778
5364 2 2 1 2 3067 3076 3062
5365 2 2 1 2 779 3070 3077
5366 2 2 1 2 3070 200 3073
5367 2 2 1 2 3077 3073 780
5368 2 2 1 2 3070 3073 3077
5369 2 2 1 2 778 3078 3065
5370 2 2 1 2 3078 780 3071
5371 2 2 1 2 3065 3071 197
5372 2 2 1 2 3078 3071 3065
5373 2 2 1 2 779 3077 3076
5374 2 2 1 2 3077 780 3078
5375 2 2 1 2 3076 3078 778
5376 2 2 1 2 3077 3078 3076
5377 2 2 1 2 16 2780 3080
5378 2 2 1 2 2780 710 3079
5379 2 2 1 2 3080 3079 782
5380 2 2 1 2 2780 3079 3080
5381 2 2 1 2 710 2777 3082
5382 2 2 1 2 2777 185 3081
5383 2 2 1 2 3082 3081 781
5384 2 2 1 2 2777 3081 3082
5385 2 2 1 2 782 3083 3085
5386 2 2 1 2 3083 781 3084
5387 2 2 1 2 3085 3084 203
5388 2 2 1 2 3083 3084 3085
5389 2 2 1 2 710 3082 3079
5390 2 2 1 2 3082 781 3083
5391 2 2 1 2 3079 3083 782
5392 2 2 1 2 3082 3083 3079
5393 2 2 1 2 185 2771 3087
5394 2 2 1 2 2771 707 3086
5395 2 2 1 2 3087 3086 784
5396 2 2 1 2 2771 3086 3087
5397 2 2 1 2 707 2768 3089
5398 2 2 1 2 2768 50 3088
5399 2 2 1 2 3089 3088 783
5400 2 2 1 2 2768 3088 3089
5401 2 2 1 2 784 3090 3092
5402 2 2 1 2 3090 783 3091
5403 2 2 1 2 3092 3091 202
5404 2 2 1 2 3090 3091 3092
5405 2 2 1 2 707 3089 3086
5406 2 2 1 2 3089 783 3090
5407 2 2 1 2 3086 3090 784
5408 2 2 1 2 3089 3090 3086
5409 2 2 1 2 203 3093 3095
5410 2 2 1 2 3093 785 3094
5411 2 2 1 2 3095 3094 787
5412 2 2 1 2 3093 3094 3095
5413 2 2 1 2 785 3096 3098
5414 2 2 1 2 3096 202 3097
5415 2 2 1 2 3098 3097 786
5416 2 2 1 2 3096 3097 3098
5417 2 2 1 2 787 3099 3101
5418 2 2 1 2 3099 786 3100
5419 2 2 1 2 3101 3100 56
5420 2 2 1 2 3099 3100 3101
5421 2 2 1 2 785 3098 3094
5422 2 2 1 2 3098 786 3099
5423 2 2 1 2 3094 3099 787
5424 2 2 1 2 3098 3099 3094
5425 2 2 1 2 185 3087 3081
5426 2 2 1 2 3087 784 3102
5427 2 2 1 2 3081 3102 781
5428 2 2 1 2 3087 3102 3081
5429 2 2 1 2 784 3092 3103
5430 2 2 1 2 3092 202 3096
5431 2 2 1 2 3103 3096 785
5432 2 2 1 2 3092 3096 3103
5433 2 2 1 2 781 3104 3084
5434 2 2 1 2 3104 785 3093
5435 2 2 1 2 3084 3093 203
5436 2 2 1 2 3104 3093 3084
5437 2 2 1 2 784 3103 3102
5438 2 2 1 2 3103 785 3104
5439 2 2 1 2 3102 3104 781
5440 2 2 1 2 3103 3104 3102
5441 2 2 1 2 50 2750 3106
5442 2 2 1 2 2750 701 3105
5443 2 2 1 2 3106 3105 789
5444 2 2 1 2 2750 3105 3106
5445 2 2 1 2 701 2747 3108
5446 2 2 1 2 2747 182 3107
5447 2 2 1 2 3108 3107 788
5448 2 2 1 2 2747 3107 3108
5449 2 2 1 2 789 3109 3111
5450 2 2 1 2 3109 788 3110
5451 2 2 1 2 3111 3110 205
5452 2 2 1 2 3109 3110 3111
5453 2 2 1 2 701 3108 3105
5454 2 2 1 2 3108 788 3109
5455 2 2 1 2 3105 3109 789
5456 2 2 1 2 3108 3109 3105
5457 2 2 1 2 182 2741 3113
5458 2 2 1 2 2741 698 3112
5459 2 2 1 2 3113 3112 791
5460 2 2 1 2 2741 3112 3113
5461 2 2 1 2 698 2738 3115
5462 2 2 1 2 2738 6 3114
5463 2 2 1 2 3115 3114 790
5464 2 2 1 2 2738 3114 3115
5465 2 2 1 2 791 3116 3118
5466 2 2 1 2 3116 790 3117
5467 2 2 1 2 3118 3117 204
5468 2 2 1 2 3116 3117 3118
5469 2 2 1 2 698 3115 3112
5470 2 2 1 2 3115 790 3116
5471 2 2 1 2 3112 3116 791
5472 2 2 1 2 3115 3116 3112
5473 2 2 1 2 205 3119 3121
5474 2 2 1 2 3119 792 3120
5475 2 2 1 2 3121 3120 794
5476 2 2 1 2 3119 3120 3121
5477 2 2 1 2 792 3122 3124
5478 2 2 1 2 3122 204 3123
5479 2 2 1 2 3124 3123 793
5480 2 2 1 2 3122 3123 3124
5481 2 2 1 2 794 3125 3127
5482 2 2 1 2 3125 793 3126
5483 2 2 1 2 3127 3126 55
5484 2 2 1 2 3125 3126 3127
5485 2 2 1 2 792 3124 3120
5486 2 2 1 2 3124 793 3125
5487 2 2 1 2 3120 3125 794
5488 2 2 1 2 3124 3125 3120
5489 2 2 1 2 182 3113 3107
5490 2 2 1 2 3113 791 3128
5491 2 2 1 2 3107 3128 788
5492 2 2 1 2 3113 3128 3107
5493 2 2 1 2 791 3118 3129
5494 2 2 1 2 3118 204 3122
5495 2 2 1 2 3129 3122 792
5496 2 2 1 2 3118 3122 3129
5497 2 2 1 2 788 3130 3110
5498 2 2 1 2 3130 792 3119
5499 2 2 1 2 3110 3119 205
5500 2 2 1 2 3130 3119 3110
5501 2 2 1 2 791 3129 3128
5502 2 2 1 2 3129 792 3130
5503 2 2 1 2 3128 3130 788
5504 2 2 1 2 3129 3130 3128
5505 2 2 1 2 56 3131 3133
5506 2 2 1 2 3131 795 3132
5507 2 2 1 2 3133 3132 797
5508 2 2 1 2 3131 3132 3133
5509 2 2 1 2 795 3134 3136
5510 2 2 1 2 3134 206 3135
5511 2 2 1 2 3136 3135 796
5512 2 2 1 2 3134 3135 3136
5513 2 2 1 2 797 3137 3139
5514 2 2 1 2 3137 796 3138
5515 2 2 1 2 3139 3138 208
5516 2 2 1 2 3137 3138 3139
5517 2 2 1 2 795 3136 3132
5518 2 2 1 2 3136 796 3137
5519 2 2 1 2 3132 3137 797
5520 2 2 1 2 3136 3137 3132
5521 2 2 1 2 206 3140 3142
5522 2 2 1 2 3140 798 3141
5523 2 2 1 2 3142 3141 800
5524 2 2 1 2 3140 3141 3142
5525 2 2 1 2 798 3143 3145
5526 2 2 1 2 3143 55 3144
5527 2 2 1 2 3145 3144 799
5528 2 2 1 2 3143 3144 3145
5529 2 2 1 2 800 3146 3148
5530 2 2 1 2 3146 799 3147
5531 2 2 1 2 3148 3147 207
5532 2 2 1 2 3146 3147 3148
5533 2 2 1 2 798 3145 3141
5534 2 2 1 2 3145 799 3146
5535 2 2 1 2 3141 3146 800
5536 2 2 1 2 3145 3146 3141
5537 2 2 1 2 208 3149 3151
5538 2 2 1 2 3149 801 3150
5539 2 2 1 2 3151 3150 803
5540 2 2 1 2 3149 3150 3151
5541 2 2 1 2 801 3152 3154
5542 2 2 1 2 3152 207 3153
5543 2 2 1 2 3154 3153 802
5544 2 2 1 2 3152 3153 3154
5545 2 2 1 2 803 3155 3157
5546 2 2 1 2 3155 802 3156
5547 2 2 1 2 3157 3156 17
5548 2 2 1 2 3155 3156 3157
5549 2 2 1 2 801 3154 3150
5550 2 2 1 2 3154 802 3155
5551 2 2 1 2 3150 3155 803
5552 2 2 1 2 3154 3155 3150
5553 2 2 1 2 206 3142 3135
5554 2 2 1 2 3142 800 3158
5555 2 2 1 2 3135 3158 796
5556 2 2 1 2 3142 3158 3135
5557 2 2 1 2 800 3148 3159
5558 2 2 1 2 3148 207 3152
5559 2 2 1 2 3159 3152 801
5560 2 2 1 2 3148 3152 3159
5561 2 2 1 2 796 3160 3138
5562 2 2 1 2 3160 801 3149
5563 2 2 1 2 3138 3149 208
5564 2 2 1 2 3160 3149 3138
5565 2 2 1 2 800 3159 3158
5566 2 2 1 2 3159 801 3160
5567 2 2 1 2 3158 3160 796
5568 2 2 1 2 3159 3160 3158
5569 2 2 1 2 50 3106 3088
5570 2 2 1 2 3106 789 3161
5571 2 2 1 2 3088 3161 783
5572 2 2 1 2 3106 3161 3088
5573 2 2 1 2 789 3111 3163
5574 2 2 1 2 3111 205 3162
5575 2 2 1 2 3163 3162 804
5576 2 2 1 2 3111 3162 3163
5577 2 2 1 2 783 3164 3091
5578 2 2 1 2 3164 804 3165
5579 2 2 1 2 3091 3165 202
5580 2 2 1 2 3164 3165 3091
5581 2 2 1 2 789 3163 3161
5582 2 2 1 2 3163 804 3164
5583 2 2 1 2 3161 3164 783
5584 2 2 1 2 3163 3164 3161
5585 2 2 1 2 205 3121 3167
5586 2 2 1 2 3121 794 3166
5587 2 2 1 2 3167 3166 805
5588 2 2 1 2 3121 3166 3167
5589 2 2 1 2 794 3127 3168
5590 2 2 1 2 3127 55 3143
5591 2 2 1 2 3168 3143 798
5592 2 2 1 2 3127 3143 3168
5593 2 2 1 2 805 3169 3170
5594 2 2 1 2 3169 798 3140
5595 2 2 1 2 3170 3140 206
5596 2 2 1 2 3169 3140 3170
5597 2 2 1 2 794 3168 3166
5598 2 2 1 2 3168 798 3169
5599 2 2 1 2 3166 3169 805
5600 2 2 1 2 3168 3169 3166
5601 2 2 1 2 202 3171 3097
5602 2 2 1 2 3171 806 3172
5603 2 2 1 2 3097 3172 786
5604 2 2 1 2 3171 3172 3097
5605 2 2 1 2 806 3173 3174
5606 2 2 1 2 3173 206 3134
5607 2 2 1 2 3174 3134 795
5608 2 2 1 2 3173 3134 3174
5609 2 2 1 2 786 3175 3100
5610 2 2 1 2 3175 795 3131
5611 2 2 1 2 3100 3131 56
5612 2 2 1 2 3175 3131 3100
5613 2 2 1 2 806 3174 3172
5614 2 2 1 2 3174 795 3175
5615 2 2 1 2 3172 3175 786
5616 2 2 1 2 3174 3175 3172
5617 2 2 1 2 205 3167 3162
5618 2 2 1 2 3167 805 3176
5619 2 2 1 2 3162 3176 804
5620 2 2 1 2 3167 3176 3162
5621 2 2 1 2 805 3170 3177
5622 2 2 1 2 3170 206 3173
5623 2 2 1 2 3177 3173 806
5624 2 2 1 2 3170 3173 3177
5625 2 2 1 2 804 3178 3165
5626 2 2 1 2 3178 806 3171
5627 2 2 1 2 3165 3171 202
5628 2 2 1 2 3178 3171 3165
5629 2 2 1 2 805 3177 3176
5630 2 2 1 2 3177 806 3178
5631 2 2 1 2 3176 3178 804
5632 2 2 1 2 3177 3178 3176
5633 2 2 1 2 7 3179 1135
5634 2 2 1 2 3179 807 3180
5635 2 2 1 2 1135 3180 289
5636 2 2 1 2 3179 3180 1135
5637 2 2 1 2 807 3181 3183
5638 2 2 1 2 3181 209 3182
5639 2 2 1 2 3183 3182 808
5640 2 2 1 2 3181 3182 3183
5641 2 2 1 2 289 3184 1138
5642 2 2 1 2 3184 808 3185
5643 2 2 1 2 1138 3185 76
5644 2 2 1 2 3184 3185 1138
5645 2 2 1 2 807 3183 3180
5646 2 2 1 2 3183 808 3184
5647 2 2 1 2 3180 3184 289
5648 2 2 1 2 3183 3184 3180
5649 2 2 1 2 209 3186 3188
5650 2 2 1 2 3186 809 3187
5651 2 2 1 2 3188 3187 811
5652 2 2 1 2 3186 3187 3188
5653 2 2 1 2 809 3189 3191
5654 2 2 1 2 3189 57 3190
5655 2 2 1 2 3191 3190 810
5656 2 2 1 2 3189 3190 3191
5657 2 2 1 2 811 3192 3194
5658 2 2 1 2 3192 810 3193
5659 2 2 1 2 3194 3193 210
5660 2 2 1 2 3192 3193 3194
5661 2 2 1 2 809 3191 3187
5662 2 2 1 2 3191 810 3192
5663 2 2 1 2 3187 3192 811
5664 2 2 1 2 3191 3192 3187
5665 2 2 1 2 76 3195 1144
5666 2 2 1 2 3195 812 3196
5667 2 2 1 2 1144 3196 292
5668 2 2 1 2 3195 3196 1144
5669 2 2 1 2 812 3197 3199
5670 2 2 1 2 3197 210 3198
5671 2 2 1 2 3199 3198 813
5672 2 2 1 2 3197 3198 3199
5673 2 2 1 2 292 3200 1147
5674 2 2 1 2 3200 813 3201
5675 2 2 1 2 1147 3201 22
5676 2 2 1 2 3200 3201 1147
5677 2 2 1 2 812 3199 3196
5678 2 2 1 2 3199 813 3200
5679 2 2 1 2 3196 3200 292
5680 2 2 1 2 3199 3200 3196
5681 2 2 1 2 209 3188 3182
5682 2 2 1 2 3188 811 3202
5683 2 2 1 2 3182 3202 808
5684 2 2 1 2 3188 3202 3182
5685 2 2 1 2 811 3194 3203
5686 2 2 1 2 3194 210 3197
5687 2 2 1 2 3203 3197 812
5688 2 2 1 2 3194 3197 3203
5689 2 2 1 2 808 3204 3185
5690 2 2 1 2 3204 812 3195
5691 2 2 1 2 3185 3195 76
5692 2 2 1 2 3204 3195 3185
5693 2 2 1 2 811 3203 3202
5694 2 2 1 2 3203 812 3204
5695 2 2 1 2 3202 3204 808
5696 2 2 1 2 3203 3204 3202
5697 2 2 1 2 57 3205 3207
5698 2 2 1 2 3205 814 3206
5699 2 2 1 2 3207 3206 816
5700 2 2 1 2 3205 3206 3207
5701 2 2 1 2 814 3208 3210
5702 2 2 1 2 3208 211 3209
5703 2 2 1 2 3210 3209 815
5704 2 2 1 2 3208 3209 3210
5705 2 2 1 2 816 3211 3213
5706 2 2 1 2 3211 815 3212
5707 2 2 1 2 3213 3212 213
5708 2 2 1 2 3211 3212 3213
5709 2 2 1 2 814 3210 3206
5710 2 2 1 2 3210 815 3211
5711 2 2 1 2 3206 3211 816
5712 2 2 1 2 3210 3211 3206
5713 2 2 1 2 211 3214 3216
5714 2 2 1 2 3214 817 3215
5715 2 2 1 2 3216 3215 819
5716 2 2 1 2 3214 3215 3216
5717 2 2 1 2 817 3217 3219
5718 2 2 1 2 3217 17 3218
5719 2 2 1 2 3219 3218 818
5720 2 2 1 2 3217 3218 3219
5721 2 2 1 2 819 3220 3222
5722 2 2 1 2 3220 818 3221
5723 2 2 1 2 3222 3221 212
5724 2 2 1 2 3220 3221 3222
5725 2 2 1 2 817 3219 3215
5726 2 2 1 2 3219 818 3220
5727 2 2 1 2 3215 3220 819
5728 2 2 1 2 3219 3220 3215
5729 2 2 1 2 213 3223 3225
5730 2 2 1 2 3223 820 3224
5731 2 2 1 2 3225 3224 822
5732 2 2 1 2 3223 3224 3225
5733 2 2 1 2 820 3226 3228
5734 2 2 1 2 3226 212 3227
5735 2 2 1 2 3228 3227 821
5736 2 2 1 2 3226 3227 3228
5737 2 2 1 2 822 3229 3231
5738 2 2 1 2 3229 821 3230
5739 2 2 1 2 3231 3230 58
5740 2 2 1 2 3229 3230 3231
5741 2 2 1 2 820 3228 3224
5742 2 2 1 2 3228 821 3229
5743 2 2 1 2 3224 3229 822
5744 2 2 1 2 3228 3229 3224
5745 2 2 1 2 211 3216 3209
5746 2 2 1 2 3216 819 3232
5747 2 2 1 2 3209 3232 815
5748 2 2 1 2 3216 3232 3209
5749 2 2 1 2 819 3222 3233
5750 2 2 1 2 3222 212 3226
5751 2 2 1 2 3233 3226 820
5752 2 2 1 2 3222 3226 3233
5753 2 2 1 2 815 3234 3212
5754 2 2 1 2 3234 820 3223
5755 2 2 1 2 3212 3223 213
5756 2 2 1 2 3234 3223 3212
5757 2 2 1 2 819 3233 3232
5758 2 2 1 2 3233 820 3234
5759 2 2 1 2 3232 3234 815
5760 2 2 1 2 3233 3234 3232
5761 2 2 1 2 22 3235 1165
5762 2 2 1 2 3235 823 3236
5763 2 2 1 2 1165 3236 298
5764 2 2 1 2 3235 3236 1165
5765 2 2 1 2 823 3237 3239
5766 2 2 1 2 3237 214 3238
5767 2 2 1 2 3239 3238 824
5768 2 2 1 2 3237 3238 3239
5769 2 2 1 2 298 3240 1168
5770 2 2 1 2 3240 824 3241
5771 2 2 1 2 1168 3241 79
5772 2 2 1 2 3240 3241 1168
5773 2 2 1 2 823 3239 3236
5774 2 2 1 2 3239 824 3240
5775 2 2 1 2 3236 3240 298
5776 2 2 1 2 3239 3240 3236
5777 2 2 1 2 214 3242 3244
5778 2 2 1 2 3242 825 3243
5779 2 2 1 2 3244 3243 827
5780 2 2 1 2 3242 3243 3244
5781 2 2 1 2 825 3245 3247
5782 2 2 1 2 3245 58 3246
5783 2 2 1 2 3247 3246 826
5784 2 2 1 2 3245 3246 3247
5785 2 2 1 2 827 3248 3250
5786 2 2 1 2 3248 826 3249
5787 2 2 1 2 3250 3249 215
5788 2 2 1 2 3248 3249 3250
5789 2 2 1 2 825 3247 3243
5790 2 2 1 2 3247 826 3248
5791 2 2 1 2 3243 3248 827
5792 2 2 1 2 3247 3248 3243
5793 2 2 1 2 79 3251 1174
5794 2 2 1 2 3251 828 3252
5795 2 2 1 2 1174 3252 301
5796 2 2 1 2 3251 3252 1174
5797 2 2 1 2 828 3253 3255
5798 2 2 1 2 3253 215 3254
5799 2 2 1 2 3255 3254 829
5800 2 2 1 2 3253 3254 3255
5801 2 2 1 2 301 3256 1177
5802 2 2 1 2 3256 829 3257
5803 2 2 1 2 1177 3257 2
5804 2 2 1 2 3256 3257 1177
5805 2 2 1 2 828 3255 3252
5806 2 2 1 2 3255 829 3256
5807 2 2 1 2 3252 3256 301
5808 2 2 1 2 3255 3256 3252
5809 2 2 1 2 214 3244 3238
5810 2 2 1 2 3244 827 3258
5811 2 2 1 2 3238 3258 824
5812 2 2 1 2 3244 3258 3238
5813 2 2 1 2 827 3250 3259
5814 2 2 1 2 3250 215 3253
5815 2 2 1 2 3259 3253 828
5816 2 2 1 2 3250 3253 3259
5817 2 2 1 2 824 3260 3241
5818 2 2 1 2 3260 828 3251
5819 2 2 1 2 3241 3251 79
5820 2 2 1 2 3260 3251 3241
5821 2 2 1 2 827 3259 3258
5822 2 2 1 2 3259 828 3260
5823 2 2 1 2 3258 3260 824
5824 2 2 1 2 3259 3260 3258
5825 2 2 1 2 57 3207 3190
5826 2 2 1 2 3207 816 3261
5827 2 2 1 2 3190 3261 810
5828 2 2 1 2 3207 3261 3190
5829 2 2 1 2 816 3213 3263
5830 2 2 1 2 3213 213 3262
5831 2 2 1 2 3263 3262 830
5832 2 2 1 2 3213 3262 3263
5833 2 2 1 2 810 3264 3193
5834 2 2 1 2 3264 830 3265
5835 2 2 1 2 3193 3265 210
5836 2 2 1 2 3264 3265 3193
5837 2 2 1 2 816 3263 3261
5838 2 2 1 2 3263 830 3264
5839 2 2 1 2 3261 3264 810
5840 2 2 1 2 3263 3264 3261
5841 2 2 1 2 213 3225 3267
5842 2 2 1 2 3225 822 3266
5843 2 2 1 2 3267 3266 831
5844 2 2 1 2 3225 3266 3267
5845 2 2 1 2 822 3231 3268
5846 2 2 1 2 3231 58 3245
5847 2 2 1 2 3268 3245 825
5848 2 2 1 2 3231 3245 3268
5849 2 2 1 2 831 3269 3270
5850 2 2 1 2 3269 825 3242
5851 2 2 1 2 3270 3242 214
5852 2 2 1 2 3269 3242 3270
5853 2 2 1 2 822 3268 3266
5854 2 2 1 2 3268 825 3269
5855 2 2 1 2 3266 3269 831
5856 2 2 1 2 3268 3269 3266
5857 2 2 1 2 210 3271 3198
5858 2 2 1 2 3271 832 3272
5859 2 2 1 2 3198 3272 813
5860 2 2 1 2 3271 3272 3198
5861 2 2 1 2 832 3273 3274
5862 2 2 1 2 3273 214 3237
5863 2 2 1 2 3274 3237 823
5864 2 2 1 2 3273 3237 3274
5865 2 2 1 2 813 3275 3201
5866 2 2 1 2 3275 823 3235
5867 2 2 1 2 3201 3235 22
5868 2 2 1 2 3275 3235 3201
5869 2 2 1 2 832 3274 3272
5870 2 2 1 2 3274 823 3275
5871 2 2 1 2 3272 3275 813
5872 2 2 1 2 3274 3275 3272
5873 2 2 1 2 213 3267 3262
5874 2 2 1 2 3267 831 3276
5875 2 2 1 2 3262 3276 830
5876 2 2 1 2 3267 3276 3262
5877 2 2 1 2 831 3270 3277
5878 2 2 1 2 3270 214 3273
5879 2 2 1 2 3277 3273 832
5880 2 2 1 2 3270 3273 3277
5881 2 2 1 2 830 3278 3265
5882 2 2 1 2 3278 832 3271
5883 2 2 1 2 3265 3271 210
5884 2 2 1 2 3278 3271 3265
5885 2 2 1 2 831 3277 3276
5886 2 2 1 2 3277 832 3278
5887 2 2 1 2 3276 3278 830
5888 2 2 1 2 3277 3278 3276
5889 2 2 1 2 16 3080 3018
5890 2 2 1 2 3080 782 3279
5891 2 2 1 2 3018 3279 766
5892 2 2 1 2 3080 3279 3018
5893 2 2 1 2 782 3085 3281
5894 2 2 1 2 3085 203 3280
5895 2 2 1 2 3281 3280 833
5896 2 2 1 2 3085 3280 3281
5897 2 2 1 2 766 3282 3021
5898 2 2 1 2 3282 833 3283
5899 2 2 1 2 3021 3283 198
5900 2 2 1 2 3282 3283 3021
5901 2 2 1 2 782 3281 3279
5902 2 2 1 2 3281 833 3282
5903 2 2 1 2 3279 3282 766
5904 2 2 1 2 3281 3282 3279
5905 2 2 1 2 203 3095 3285
5906 2 2 1 2 3095 787 3284
5907 2 2 1 2 3285 3284 835
5908 2 2 1 2 3095 3284 3285
5909 2 2 1 2 787 3101 3287
5910 2 2 1 2 3101 56 3286
5911 2 2 1 2 3287 3286 834
5912 2 2 1 2 3101 3286 3287
5913 2 2 1 2 835 3288 3290
5914 2 2 1 2 3288 834 3289
5915 2 2 1 2 3290 3289 216
5916 2 2 1 2 3288 3289 3290
5917 2 2 1 2 787 3287 3284
5918 2 2 1 2 3287 834 3288
5919 2 2 1 2 3284 3288 835
5920 2 2 1 2 3287 3288 3284
5921 2 2 1 2 198 3291 3027
5922 2 2 1 2 3291 836 3292
5923 2 2 1 2 3027 3292 769
5924 2 2 1 2 3291 3292 3027
5925 2 2 1 2 836 3293 3295
5926 2 2 1 2 3293 216 3294
5927 2 2 1 2 3295 3294 837
5928 2 2 1 2 3293 3294 3295
5929 2 2 1 2 769 3296 3030
5930 2 2 1 2 3296 837 3297
5931 2 2 1 2 3030 3297 54
5932 2 2 1 2 3296 3297 3030
5933 2 2 1 2 836 3295 3292
5934 2 2 1 2 3295 837 3296
5935 2 2 1 2 3292 3296 769
5936 2 2 1 2 3295 3296 3292
5937 2 2 1 2 203 3285 3280
5938 2 2 1 2 3285 835 3298
5939 2 2 1 2 3280 3298 833
5940 2 2 1 2 3285 3298 3280
5941 2 2 1 2 835 3290 3299
5942 2 2 1 2 3290 216 3293
5943 2 2 1 2 3299 3293 836
5944 2 2 1 2 3290 3293 3299
5945 2 2 1 2 833 3300 3283
5946 2 2 1 2 3300 836 3291
5947 2 2 1 2 3283 3291 198
5948 2 2 1 2 3300 3291 3283
5949 2 2 1 2 835 3299 3298
5950 2 2 1 2 3299 836 3300
5951 2 2 1 2 3298 3300 833
5952 2 2 1 2 3299 3300 3298
5953 2 2 1 2 56 3133 3302
5954 2 2 1 2 3133 797 3301
5955 2 2 1 2 3302 3301 839
5956 2 2 1 2 3133 3301 3302
5957 2 2 1 2 797 3139 3304
5958 2 2 1 2 3139 208 3303
5959 2 2 1 2 3304 3303 838
5960 2 2 1 2 3139 3303 3304
5961 2 2 1 2 839 3305 3307
5962 2 2 1 2 3305 838 3306
5963 2 2 1 2 3307 3306 217
5964 2 2 1 2 3305 3306 3307
5965 2 2 1 2 797 3304 3301
5966 2 2 1 2 3304 838 3305
5967 2 2 1 2 3301 3305 839
5968 2 2 1 2 3304 3305 3301
5969 2 2 1 2 208 3151 3309
5970 2 2 1 2 3151 803 3308
5971 2 2 1 2 3309 3308 840
5972 2 2 1 2 3151 3308 3309
5973 2 2 1 2 803 3157 3310
5974 2 2 1 2 3157 17 3217
5975 2 2 1 2 3310 3217 817
5976 2 2 1 2 3157 3217 3310
5977 2 2 1 2 840 3311 3312
5978 2 2 1 2 3311 817 3214
5979 2 2 1 2 3312 3214 211
5980 2 2 1 2 3311 3214 3312
5981 2 2 1 2 803 3310 3308
5982 2 2 1 2 3310 817 3311
5983 2 2 1 2 3308 3311 840
5984 2 2 1 2 3310 3311 3308
5985 2 2 1 2 217 3313 3315
5986 2 2 1 2 3313 841 3314
5987 2 2 1 2 3315 3314 842
5988 2 2 1 2 3313 3314 3315
5989 2 2 1 2 841 3316 3317
5990 2 2 1 2 3316 211 3208
5991 2 2 1 2 3317 3208 814
5992 2 2 1 2 3316 3208 3317
5993 2 2 1 2 842 3318 3319
5994 2 2 1 2 3318 814 3205
5995 2 2 1 2 3319 3205 57
5996 2 2 1 2 3318 3205 3319
5997 2 2 1 2 841 3317 3314
5998 2 2 1 2 3317 814 3318
5999 2 2 1 2 3314 3318 842
6000 2 2 1 2 3317 3318 3314
6001 2 2 1 2 208 3309 3303
6002 2 2 1 2 3309 840 3320
6003 2 2 1 2 3303 3320 838
6004 2 2 1 2 3309 3320 3303
6005 2 2 1 2 840 3312 3321
6006 2 2 1 2 3312 211 3316
6007 2 2 1 2 3321 3316 841
6008 2 2 1 2 3312 3316 3321
6009 2 2 1 2 838 3322 3306
6010 2 2 1 2 3322 841 3313
6011 2 2 1 2 3306 3313 217
6012 2 2 1 2 3322 3313 3306
6013 2 2 1 2 840 3321 3320
6014 2 2 1 2 3321 841 3322
6015 2 2 1 2 3320 3322 838
6016 2 2 1 2 3321 3322 3320
6017 2 2 1 2 54 3323 3046
6018 2 2 1 2 3323 843 3324
6019 2 2 1 2 3046 3324 774
6020 2 2 1 2 3323 3324 3046
6021 2 2 1 2 843 3325 3327
6022 2 2 1 2 3325 218 3326
6023 2 2 1 2 3327 3326 844
6024 2 2 1 2 3325 3326 3327
6025 2 2 1 2 774 3328 3049
6026 2 2 1 2 3328 844 3329
6027 2 2 1 2 3049 3329 201
6028 2 2 1 2 3328 3329 3049
6029 2 2 1 2 843 3327 3324
6030 2 2 1 2 3327 844 3328
6031 2 2 1 2 3324 3328 774
6032 2 2 1 2 3327 3328 3324
6033 2 2 1 2 218 3330 3332
6034 2 2 1 2 3330 845 3331
6035 2 2 1 2 3332 3331 846
6036 2 2 1 2 3330 3331 3332
6037 2 2 1 2 845 3333 3334
6038 2 2 1 2 3333 57 3189
6039 2 2 1 2 3334 3189 809
6040 2 2 1 2 3333 3189 3334
6041 2 2 1 2 846 3335 3336
6042 2 2 1 2 3335 809 3186
6043 2 2 1 2 3336 3186 209
6044 2 2 1 2 3335 3186 3336
6045 2 2 1 2 845 3334 3331
6046 2 2 1 2 3334 809 3335
6047 2 2 1 2 3331 3335 846
6048 2 2 1 2 3334 3335 3331
6049 2 2 1 2 201 3337 3054
6050 2 2 1 2 3337 847 3338
6051 2 2 1 2 3054 3338 777
6052 2 2 1 2 3337 3338 3054
6053 2 2 1 2 847 3339 3340
6054 2 2 1 2 3339 209 3181
6055 2 2 1 2 3340 3181 807
6056 2 2 1 2 3339 3181 3340
6057 2 2 1 2 777 3341 3057
6058 2 2 1 2 3341 807 3179
6059 2 2 1 2 3057 3179 7
6060 2 2 1 2 3341 3179 3057
6061 2 2 1 2 847 3340 3338
6062 2 2 1 2 3340 807 3341
6063 2 2 1 2 3338 3341 777
6064 2 2 1 2 3340 3341 3338
6065 2 2 1 2 218 3332 3326
6066 2 2 1 2 3332 846 3342
6067 2 2 1 2 3326 3342 844
6068 2 2 1 2 3332 3342 3326
6069 2 2 1 2 846 3336 3343
6070 2 2 1 2 3336 209 3339
6071 2 2 1 2 3343 3339 847
6072 2 2 1 2 3336 3339 3343
6073 2 2 1 2 844 3344 3329
6074 2 2 1 2 3344 847 3337
6075 2 2 1 2 3329 3337 201
6076 2 2 1 2 3344 3337 3329
6077 2 2 1 2 846 3343 3342
6078 2 2 1 2 3343 847 3344
6079 2 2 1 2 3342 3344 844
6080 2 2 1 2 3343 3344 3342
6081 2 2 1 2 56 3302 3286
6082 2 2 1 2 3302 839 3345
6083 2 2 1 2 3286 3345 834
6084 2 2 1 2 3302 3345 3286
6085 2 2 1 2 839 3307 3347
6086 2 2 1 2 3307 217 3346
6087 2 2 1 2 3347 3346 848
6088 2 2 1 2 3307 3346 3347
6089 2 2 1 2 834 3348 3289
6090 2 2 1 2 3348 848 3349
6091 2 2 1 2 3289 3349 216
6092 2 2 1 2 3348 3349 3289
6093 2 2 1 2 839 3347 3345
6094 2 2 1 2 3347 848 3348
6095 2 2 1 2 3345 3348 834
6096 2 2 1 2 3347 3348 3345
6097 2 2 1 2 217 3315 3351
6098 2 2 1 2 3315 842 3350
6099 2 2 1 2 3351 3350 849
6100 2 2 1 2 3315 3350 3351
6101 2 2 1 2 842 3319 3352
6102 2 2 1 2 3319 57 3333
6103 2 2 1 2 3352 3333 845
6104 2 2 1 2 3319 3333 3352
6105 2 2 1 2 849 3353 3354
6106 2 2 1 2 3353 845 3330
6107 2 2 1 2 3354 3330 218
6108 2 2 1 2 3353 3330 3354
6109 2 2 1 2 842 3352 3350
6110 2 2 1 2 3352 845 3353
6111 2 2 1 2 3350 3353 849
6112 2 2 1 2 3352 3353 3350
6113 2 2 1 2 216 3355 3294
6114 2 2 1 2 3355 850 3356
6115 2 2 1 2 3294 3356 837
6116 2 2 1 2 3355 3356 3294
6117 2 2 1 2 850 3357 3358
6118 2 2 1 2 3357 218 3325
6119 2 2 1 2 3358 3325 843
6120 2 2 1 2 3357 3325 3358
6121 2 2 1 2 837 3359 3297
6122 2 2 1 2 3359 843 3323
6123 2 2 1 2 3297 3323 54
6124 2 2 1 2 3359 3323 3297
6125 2 2 1 2 850 3358 3356
6126 2 2 1 2 3358 843 3359
6127 2 2 1 2 3356 3359 837
6128 2 2 1 2 3358 3359 3356
6129 2 2 1 2 217 3351 3346
6130 2 2 1 2 3351 849 3360
6131 2 2 1 2 3346 3360 848
6132 2 2 1 2 3351 3360 3346
6133 2 2 1 2 849 3354 3361
6134 2 2 1 2 3354 218 3357
6135 2 2 1 2 3361 3357 850
6136 2 2 1 2 3354 3357 3361
6137 2 2 1 2 848 3362 3349
6138 2 2 1 2 3362 850 3355
6139 2 2 1 2 3349 3355 216
6140 2 2 1 2 3362 3355 3349
6141 2 2 1 2 849 3361 3360
6142 2 2 1 2 3361 850 3362
6143 2 2 1 2 3360 3362 848
6144 2 2 1 2 3361 3362 3360
6145 2 2 1 2 2 3257 1435
6146 2 2 1 2 3257 829 3363
6147 2 2 1 2 1435 3363 367
6148 2 2 1 2 3257 3363 1435
6149 2 2 1 2 829 3254 3365
6150 2 2 1 2 3254 215 3364
6151 2 2 1 2 3365 3364 851
6152 2 2 1 2 3254 3364 3365
6153 2 2 1 2 367 3366 1437
6154 2 2 1 2 3366 851 3367
6155 2 2 1 2 1437 3367 97
6156 2 2 1 2 3366 3367 1437
6157 2 2 1 2 829 3365 3363
6158 2 2 1 2 3365 851 3366
6159 2 2 1 2 3363 3366 367
6160 2 2 1 2 3365 3366 3363
6161 2 2 1 2 215 3249 3369
6162 2 2 1 2 3249 826 3368
6163 2 2 1 2 3369 3368 853
6164 2 2 1 2 3249 3368 3369
6165 2 2 1 2 826 3246 3371
6166 2 2 1 2 3246 58 3370
6167 2 2 1 2 3371 3370 852
6168 2 2 1 2 3246 3370 3371
6169 2 2 1 2 853 3372 3374
6170 2 2 1 2 3372 852 3373
6171 2 2 1 2 3374 3373 219
6172 2 2 1 2 3372 3373 3374
6173 2 2 1 2 826 3371 3368
6174 2 2 1 2 3371 852 3372
6175 2 2 1 2 3368 3372 853
6176 2 2 1 2 3371 3372 3368
6177 2 2 1 2 97 3375 1442
6178 2 2 1 2 3375 854 3376
6179 2 2 1 2 1442 3376 369
6180 2 2 1 2 3375 3376 1442
6181 2 2 1 2 854 3377 3379
6182 2 2 1 2 3377 219 3378
6183 2 2 1 2 3379 3378 855
6184 2 2 1 2 3377 3378 3379
6185 2 2 1 2 369 3380 1445
6186 2 2 1 2 3380 855 3381
6187 2 2 1 2 1445 3381 28
6188 2 2 1 2 3380 3381 1445
6189 2 2 1 2 854 3379 3376
6190 2 2 1 2 3379 855 3380
6191 2 2 1 2 3376 3380 369
6192 2 2 1 2 3379 3380 3376
6193 2 2 1 2 215 3369 3364
6194 2 2 1 2 3369 853 3382
6195 2 2 1 2 3364 3382 851
6196 2 2 1 2 3369 3382 3364
6197 2 2 1 2 853 3374 3383
6198 2 2 1 2 3374 219 3377
6199 2 2 1 2 3383 3377 854
6200 2 2 1 2 3374 3377 3383
6201 2 2 1 2 851 3384 3367
6202 2 2 1 2 3384 854 3375
6203 2 2 1 2 3367 3375 97
6204 2 2 1 2 3384 3375 3367
6205 2 2 1 2 853 3383 3382
6206 2 2 1 2 3383 854 3384
6207 2 2 1 2 3382 3384 851
6208 2 2 1 2 3383 3384 3382
6209 2 2 1 2 58 3230 3386
6210 2 2 1 2 3230 821 3385
6211 2 2 1 2 3386 3385 857
6212 2 2 1 2 3230 3385 3386
6213 2 2 1 2 821 3227 3388
6214 2 2 1 2 3227 212 3387
6215 2 2 1 2 3388 3387 856
6216 2 2 1 2 3227 3387 3388
6217 2 2 1 2 857 3389 3391
6218 2 2 1 2 3389 856 3390
6219 2 2 1 2 3391 3390 221
6220 2 2 1 2 3389 3390 3391
6221 2 2 1 2 821 3388 3385
6222 2 2 1 2 3388 856 3389
6223 2 2 1 2 3385 3389 857
6224 2 2 1 2 3388 3389 3385
6225 2 2 1 2 212 3221 3393
6226 2 2 1 2 3221 818 3392
6227 2 2 1 2 3393 3392 859
6228 2 2 1 2 3221 3392 3393
6229 2 2 1 2 818 3218 3395
6230 2 2 1 2 3218 17 3394
6231 2 2 1 2 3395 3394 858
6232 2 2 1 2 3218 3394 3395
6233 2 2 1 2 859 3396 3398
6234 2 2 1 2 3396 858 3397
6235 2 2 1 2 3398 3397 220
6236 2 2 1 2 3396 3397 3398
6237 2 2 1 2 818 3395 3392
6238 2 2 1 2 3395 858 3396
6239 2 2 1 2 3392 3396 859
6240 2 2 1 2 3395 3396 3392
6241 2 2 1 2 221 3399 3401
6242 2 2 1 2 3399 860 3400
6243 2 2 1 2 3401 3400 862
6244 2 2 1 2 3399 3400 3401
6245 2 2 1 2 860 3402 3404
6246 2 2 1 2 3402 220 3403
6247 2 2 1 2 3404 3403 861
6248 2 2 1 2 3402 3403 3404
6249 2 2 1 2 862 3405 3407
6250 2 2 1 2 3405 861 3406
6251 2 2 1 2 3407 3406 59
6252 2 2 1 2 3405 3406 3407
6253 2 2 1 2 860 3404 3400
6254 2 2 1 2 3404 861 3405
6255 2 2 1 2 3400 3405 862
6256 2 2 1 2 3404 3405 3400
6257 2 2 1 2 212 3393 3387
6258 2 2 1 2 3393 859 3408
6259 2 2 1 2 3387 3408 856
6260 2 2 1 2 3393 3408 3387
6261 2 2 1 2 859 3398 3409
6262 2 2 1 2 3398 220 3402
6263 2 2 1 2 3409 3402 860
6264 2 2 1 2 3398 3402 3409
6265 2 2 1 2 856 3410 3390
6266 2 2 1 2 3410 860 3399
6267 2 2 1 2 3390 3399 221
6268 2 2 1 2 3410 3399 3390
6269 2 2 1 2 859 3409 3408
6270 2 2 1 2 3409 860 3410
6271 2 2 1 2 3408 3410 856
6272 2 2 1 2 3409 3410 3408
6273 2 2 1 2 28 3411 1461
6274 2 2 1 2 3411 863 3412
6275 2 2 1 2 1461 3412 374
6276 2 2 1 2 3411 3412 1461
6277 2 2 1 2 863 3413 3415
6278 2 2 1 2 3413 222 3414
6279 2 2 1 2 3415 3414 864
6280 2 2 1 2 3413 3414 3415
6281 2 2 1 2 374 3416 1464
6282 2 2 1 2 3416 864 3417
6283 2 2 1 2 1464 3417 99
6284 2 2 1 2 3416 3417 1464
6285 2 2 1 2 863 3415 3412
6286 2 2 1 2 3415 864 3416
6287 2 2 1 2 3412 3416 374
6288 2 2 1 2 3415 3416 3412
6289 2 2 1 2 222 3418 3420
6290 2 2 1 2 3418 865 3419
6291 2 2 1 2 3420 3419 867
6292 2 2 1 2 3418 3419 3420
6293 2 2 1 2 865 3421 3423
6294 2 2 1 2 3421 59 3422
6295 2 2 1 2 3423 3422 866
6296 2 2 1 2 3421 3422 3423
6297 2 2 1 2 867 3424 3426
6298 2 2 1 2 3424 866 3425
6299 2 2 1 2 3426 3425 223
6300 2 2 1 2 3424 3425 3426
6301 2 2 1 2 865 3423 3419
6302 2 2 1 2 3423 866 3424
6303 2 2 1 2 3419 3424 867
6304 2 2 1 2 3423 3424 3419
6305 2 2 1 2 99 3427 1470
6306 2 2 1 2 3427 868 3428
6307 2 2 1 2 1470 3428 377
6308 2 2 1 2 3427 3428 1470
6309 2 2 1 2 868 3429 3431
6310 2 2 1 2 3429 223 3430
6311 2 2 1 2 3431 3430 869
6312 2 2 1 2 3429 3430 3431
6313 2 2 1 2 377 3432 1473
6314 2 2 1 2 3432 869 3433
6315 2 2 1 2 1473 3433 10
6316 2 2 1 2 3432 3433 1473
6317 2 2 1 2 868 3431 3428
6318 2 2 1 2 3431 869 3432
6319 2 2 1 2 3428 3432 377
6320 2 2 1 2 3431 3432 3428
6321 2 2 1 2 222 3420 3414
6322 2 2 1 2 3420 867 3434
6323 2 2 1 2 3414 3434 864
6324 2 2 1 2 3420 3434 3414
6325 2 2 1 2 867 3426 3435
6326 2 2 1 2 3426 223 3429
6327 2 2 1 2 3435 3429 868
6328 2 2 1 2 3426 3429 3435
6329 2 2 1 2 864 3436 3417
6330 2 2 1 2 3436 868 3427
6331 2 2 1 2 3417 3427 99
6332 2 2 1 2 3436 3427 3417
6333 2 2 1 2 867 3435 3434
6334 2 2 1 2 3435 868 3436
6335 2 2 1 2 3434 3436 864
6336 2 2 1 2 3435 3436 3434
6337 2 2 1 2 58 3386 3370
6338 2 2 1 2 3386 857 3437
6339 2 2 1 2 3370 3437 852
6340 2 2 1 2 3386 3437 3370
6341 2 2 1 2 857 3391 3439
6342 2 2 1 2 3391 221 3438
6343 2 2 1 2 3439 3438 870
6344 2 2 1 2 3391 3438 3439
6345 2 2 1 2 852 3440 3373
6346 2 2 1 2 3440 870 3441
6347 2 2 1 2 3373 3441 219
6348 2 2 1 2 3440 3441 3373
6349 2 2 1 2 857 3439 3437
6350 2 2 1 2 3439 870 3440
6351 2 2 1 2 3437 3440 852
6352 2 2 1 2 3439 3440 3437
6353 2 2 1 2 221 3401 3443
6354 2 2 1 2 3401 862 3442
6355 2 2 1 2 3443 3442 871
6356 2 2 1 2 3401 3442 3443
6357 2 2 1 2 862 3407 3444
6358 2 2 1 2 3407 59 3421
6359 2 2 1 2 3444 3421 865
6360 2 2 1 2 3407 3421 3444
6361 2 2 1 2 871 3445 3446
6362 2 2 1 2 3445 865 3418
6363 2 2 1 2 3446 3418 222
6364 2 2 1 2 3445 3418 3446
6365 2 2 1 2 862 3444 3442
6366 2 2 1 2 3444 865 3445
6367 2 2 1 2 3442 3445 871
6368 2 2 1 2 3444 3445 3442
6369 2 2 1 2 219 3447 3378
6370 2 2 1 2 3447 872 3448
6371 2 2 1 2 3378 3448 855
6372 2 2 1 2 3447 3448 3378
6373 2 2 1 2 872 3449 3450
6374 2 2 1 2 3449 222 3413
6375 2 2 1 2 3450 3413 863
6376 2 2 1 2 3449 3413 3450
6377 2 2 1 2 855 3451 3381
6378 2 2 1 2 3451 863 3411
6379 2 2 1 2 3381 3411 28
6380 2 2 1 2 3451 3411 3381
6381 2 2 1 2 872 3450 3448
6382 2 2 1 2 3450 863 3451
6383 2 2 1 2 3448 3451 855
6384 2 2 1 2 3450 3451 3448
6385 2 2 1 2 221 3443 3438
6386 2 2 1 2 3443 871 3452
6387 2 2 1 2 3438 3452 870
6388 2 2 1 2 3443 3452 3438
6389 2 2 1 2 871 3446 3453
6390 2 2 1 2 3446 222 3449
6391 2 2 1 2 3453 3449 872
6392 2 2 1 2 3446 3449 3453
6393 2 2 1 2 870 3454 3441
6394 2 2 1 2 3454 872 3447
6395 2 2 1 2 3441 3447 219
6396 2 2 1 2 3454 3447 3441
6397 2 2 1 2 871 3453 3452
6398 2 2 1 2 3453 872 3454
6399 2 2 1 2 3452 3454 870
6400 2 2 1 2 3453 3454 3452
6401 2 2 1 2 17 3156 3456
6402 2 2 1 2 3156 802 3455
6403 2 2 1 2 3456 3455 874
6404 2 2 1 2 3156 3455 3456
6405 2 2 1 2 802 3153 3458
6406 2 2 1 2 3153 207 3457
6407 2 2 1 2 3458 3457 873
6408 2 2 1 2 3153 3457 3458
6409 2 2 1 2 874 3459 3461
6410 2 2 1 2 3459 873 3460
6411 2 2 1 2 3461 3460 225
6412 2 2 1 2 3459 3460 3461
6413 2 2 1 2 802 3458 3455
6414 2 2 1 2 3458 873 3459
6415 2 2 1 2 3455 3459 874
6416 2 2 1 2 3458 3459 3455
6417 2 2 1 2 207 3147 3463
6418 2 2 1 2 3147 799 3462
6419 2 2 1 2 3463 3462 876
6420 2 2 1 2 3147 3462 3463
6421 2 2 1 2 799 3144 3465
6422 2 2 1 2 3144 55 3464
6423 2 2 1 2 3465 3464 875
6424 2 2 1 2 3144 3464 3465
6425 2 2 1 2 876 3466 3468
6426 2 2 1 2 3466 875 3467
6427 2 2 1 2 3468 3467 224
6428 2 2 1 2 3466 3467 3468
6429 2 2 1 2 799 3465 3462
6430 2 2 1 2 3465 875 3466
6431 2 2 1 2 3462 3466 876
6432 2 2 1 2 3465 3466 3462
6433 2 2 1 2 225 3469 3471
6434 2 2 1 2 3469 877 3470
6435 2 2 1 2 3471 3470 879
6436 2 2 1 2 3469 3470 3471
6437 2 2 1 2 877 3472 3474
6438 2 2 1 2 3472 224 3473
6439 2 2 1 2 3474 3473 878
6440 2 2 1 2 3472 3473 3474
6441 2 2 1 2 879 3475 3477
6442 2 2 1 2 3475 878 3476
6443 2 2 1 2 3477 3476 61
6444 2 2 1 2 3475 3476 3477
6445 2 2 1 2 877 3474 3470
6446 2 2 1 2 3474 878 3475
6447 2 2 1 2 3470 3475 879
6448 2 2 1 2 3474 3475 3470
6449 2 2 1 2 207 3463 3457
6450 2 2 1 2 3463 876 3478
6451 2 2 1 2 3457 3478 873
6452 2 2 1 2 3463 3478 3457
6453 2 2 1 2 876 3468 3479
6454 2 2 1 2 3468 224 3472
6455 2 2 1 2 3479 3472 877
6456 2 2 1 2 3468 3472 3479
6457 2 2 1 2 873 3480 3460
6458 2 2 1 2 3480 877 3469
6459 2 2 1 2 3460 3469 225
6460 2 2 1 2 3480 3469 3460
6461 2 2 1 2 876 3479 3478
6462 2 2 1 2 3479 877 3480
6463 2 2 1 2 3478 3480 873
6464 2 2 1 2 3479 3480 3478
6465 2 2 1 2 55 3126 3482
6466 2 2 1 2 3126 793 3481
6467 2 2 1 2 3482 3481 881
6468 2 2 1 2 3126 3481 3482
6469 2 2 1 2 793 3123 3484
6470 2 2 1 2 3123 204 3483
6471 2 2 1 2 3484 3483 880
6472 2 2 1 2 3123 3483 3484
6473 2 2 1 2 881 3485 3487
6474 2 2 1 2 3485 880 3486
6475 2 2 1 2 3487 3486 227
6476 2 2 1 2 3485 3486 3487
6477 2 2 1 2 793 3484 3481
6478 2 2 1 2 3484 880 3485
6479 2 2 1 2 3481 3485 881
6480 2 2 1 2 3484 3485 3481
6481 2 2 1 2 204 3117 3489
6482 2 2 1 2 3117 790 3488
6483 2 2 1 2 3489 3488 883
6484 2 2 1 2 3117 3488 3489
6485 2 2 1 2 790 3114 3491
6486 2 2 1 2 3114 6 3490
6487 2 2 1 2 3491 3490 882
6488 2 2 1 2 3114 3490 3491
6489 2 2 1 2 883 3492 3494
6490 2 2 1 2 3492 882 3493
6491 2 2 1 2 3494 3493 226
6492 2 2 1 2 3492 3493 3494
6493 2 2 1 2 790 3491 3488
6494 2 2 1 2 3491 882 3492
6495 2 2 1 2 3488 3492 883
6496 2 2 1 2 3491 3492 3488
6497 2 2 1 2 227 3495 3497
6498 2 2 1 2 3495 884 3496
6499 2 2 1 2 3497 3496 886
6500 2 2 1 2 3495 3496 3497
6501 2 2 1 2 884 3498 3500
6502 2 2 1 2 3498 226 3499
6503 2 2 1 2 3500 3499 885
6504 2 2 1 2 3498 3499 3500
6505 2 2 1 2 886 3501 3503
6506 2 2 1 2 3501 885 3502
6507 2 2 1 2 3503 3502 60
6508 2 2 1 2 3501 3502 3503
6509 2 2 1 2 884 3500 3496
6510 2 2 1 2 3500 885 3501
6511 2 2 1 2 3496 3501 886
6512 2 2 1 2 3500 3501 3496
6513 2 2 1 2 204 3489 3483
6514 2 2 1 2 3489 883 3504
6515 2 2 1 2 3483 3504 880
6516 2 2 1 2 3489 3504 3483
6517 2 2 1 2 883 3494 3505
6518 2 2 1 2 3494 226 3498
6519 2 2 1 2 3505 3498 884
6520 2 2 1 2 3494 3498 3505
6521 2 2 1 2 880 3506 3486
6522 2 2 1 2 3506 884 3495
6523 2 2 1 2 3486 3495 227
6524 2 2 1 2 3506 3495 3486
6525 2 2 1 2 883 3505 3504
6526 2 2 1 2 3505 884 3506
6527 2 2 1 2 3504 3506 880
6528 2 2 1 2 3505 3506 3504
6529 2 2 1 2 61 3507 3509
6530 2 2 1 2 3507 887 3508
6531 2 2 1 2 3509 3508 889
6532 2 2 1 2 3507 3508 3509
6533 2 2 1 2 887 3510 3512
6534 2 2 1 2 3510 228 3511
6535 2 2 1 2 3512 3511 888
6536 2 2 1 2 3510 3511 3512
6537 2 2 1 2 889 3513 3515
6538 2 2 1 2 3513 888 3514
6539 2 2 1 2 3515 3514 230
6540 2 2 1 2 3513 3514 3515
6541 2 2 1 2 887 3512 3508
6542 2 2 1 2 3512 888 3513
6543 2 2 1 2 3508 3513 889
6544 2 2 1 2 3512 3513 3508
6545 2 2 1 2 228 3516 3518
6546 2 2 1 2 3516 890 3517
6547 2 2 1 2 3518 3517 892
6548 2 2 1 2 3516 3517 3518
6549 2 2 1 2 890 3519 3521
6550 2 2 1 2 3519 60 3520
6551 2 2 1 2 3521 3520 891
6552 2 2 1 2 3519 3520 3521
6553 2 2 1 2 892 3522 3524
6554 2 2 1 2 3522 891 3523
6555 2 2 1 2 3524 3523 229
6556 2 2 1 2 3522 3523 3524
6557 2 2 1 2 890 3521 3517
6558 2 2 1 2 3521 891 3522
6559 2 2 1 2 3517 3522 892
6560 2 2 1 2 3521 3522 3517
6561 2 2 1 2 230 3525 3527
6562 2 2 1 2 3525 893 3526
6563 2 2 1 2 3527 3526 895
6564 2 2 1 2 3525 3526 3527
6565 2 2 1 2 893 3528 3530
6566 2 2 1 2 3528 229 3529
6567 2 2 1 2 3530 3529 894
6568 2 2 1 2 3528 3529 3530
6569 2 2 1 2 895 3531 3533
6570 2 2 1 2 3531 894 3532
6571 2 2 1 2 3533 3532 18
6572 2 2 1 2 3531 3532 3533
6573 2 2 1 2 893 3530 3526
6574 2 2 1 2 3530 894 3531
6575 2 2 1 2 3526 3531 895
6576 2 2 1 2 3530 3531 3526
6577 2 2 1 2 228 3518 3511
6578 2 2 1 2 3518 892 3534
6579 2 2 1 2 3511 3534 888
6580 2 2 1 2 3518 3534 3511
6581 2 2 1 2 892 3524 3535
6582 2 2 1 2 3524 229 3528
6583 2 2 1 2 3535 3528 893
6584 2 2 1 2 3524 3528 3535
6585 2 2 1 2 888 3536 3514
6586 2 2 1 2 3536 893 3525
6587 2 2 1 2 3514 3525 230
6588 2 2 1 2 3536 3525 3514
6589 2 2 1 2 892 3535 3534
6590 2 2 1 2 3535 893 3536
6591 2 2 1 2 3534 3536 888
6592 2 2 1 2 3535 3536 3534
6593 2 2 1 2 55 3482 3464
6594 2 2 1 2 3482 881 3537
6595 2 2 1 2 3464 3537 875
6596 2 2 1 2 3482 3537 3464
6597 2 2 1 2 881 3487 3539
6598 2 2 1 2 3487 227 3538
6599 2 2 1 2 3539 3538 896
6600 2 2 1 2 3487 3538 3539
6601 2 2 1 2 875 3540 3467
6602 2 2 1 2 3540 896 3541
6603 2 2 1 2 3467 3541 224
6604 2 2 1 2 3540 3541 3467
6605 2 2 1 2 881 3539 3537
6606 2 2 1 2 3539 896 3540
6607 2 2 1 2 3537 3540 875
6608 2 2 1 2 3539 3540 3537
6609 2 2 1 2 227 3497 3543
6610 2 2 1 2 3497 886 3542
6611 2 2 1 2 3543 3542 897
6612 2 2 1 2 3497 3542 3543
6613 2 2 1 2 886 3503 3544
6614 2 2 1 2 3503 60 3519
6615 2 2 1 2 3544 3519 890
6616 2 2 1 2 3503 3519 3544
6617 2 2 1 2 897 3545 3546
6618 2 2 1 2 3545 890 3516
6619 2 2 1 2 3546 3516 228
6620 2 2 1 2 3545 3516 3546
6621 2 2 1 2 886 3544 3542
6622 2 2 1 2 3544 890 3545
6623 2 2 1 2 3542 3545 897
6624 2 2 1 2 3544 3545 3542
6625 2 2 1 2 224 3547 3473
6626 2 2 1 2 3547 898 3548
6627 2 2 1 2 3473 3548 878
6628 2 2 1 2 3547 3548 3473
6629 2 2 1 2 898 3549 3550
6630 2 2 1 2 3549 228 3510
6631 2 2 1 2 3550 3510 887
6632 2 2 1 2 3549 3510 3550
6633 2 2 1 2 878 3551 3476
6634 2 2 1 2 3551 887 3507
6635 2 2 1 2 3476 3507 61
6636 2 2 1 2 3551 3507 3476
6637 2 2 1 2 898 3550 3548
6638 2 2 1 2 3550 887 3551
6639 2 2 1 2 3548 3551 878
6640 2 2 1 2 3550 3551 3548
6641 2 2 1 2 227 3543 3538
6642 2 2 1 2 3543 897 3552
6643 2 2 1 2 3538 3552 896
6644 2 2 1 2 3543 3552 3538
6645 2 2 1 2 897 3546 3553
6646 2 2 1 2 3546 228 3549
6647 2 2 1 2 3553 3549 898
6648 2 2 1 2 3546 3549 3553
6649 2 2 1 2 896 3554 3541
6650 2 2 1 2 3554 898 3547
6651 2 2 1 2 3541 3547 224
6652 2 2 1 2 3554 3547 3541
6653 2 2 1 2 897 3553 3552
6654 2 2 1 2 3553 898 3554
6655 2 2 1 2 3552 3554 896
6656 2 2 1 2 3553 3554 3552
6657 2 2 1 2 10 3555 1535
6658 2 2 1 2 3555 899 3556
6659 2 2 1 2 1535 3556 393
6660 2 2 1 2 3555 3556 1535
6661 2 2 1 2 899 3557 3559
6662 2 2 1 2 3557 231 3558
6663 2 2 1 2 3559 3558 900
6664 2 2 1 2 3557 3558 3559
6665 2 2 1 2 393 3560 1538
6666 2 2 1 2 3560 900 3561
6667 2 2 1 2 1538 3561 104
6668 2 2 1 2 3560 3561 1538
6669 2 2 1 2 899 3559 3556
6670 2 2 1 2 3559 900 3560
6671 2 2 1 2 3556 3560 393
6672 2 2 1 2 3559 3560 3556
6673 2 2 1 2 231 3562 3564
6674 2 2 1 2 3562 901 3563
6675 2 2 1 2 3564 3563 903
6676 2 2 1 2 3562 3563 3564
6677 2 2 1 2 901 3565 3567
6678 2 2 1 2 3565 62 3566
6679 2 2 1 2 3567 3566 902
6680 2 2 1 2 3565 3566 3567
6681 2 2 1 2 903 3568 3570
6682 2 2 1 2 3568 902 3569
6683 2 2 1 2 3570 3569 232
6684 2 2 1 2 3568 3569 3570
6685 2 2 1 2 901 3567 3563
6686 2 2 1 2 3567 902 3568
6687 2 2 1 2 3563 3568 903
6688 2 2 1 2 3567 3568 3563
6689 2 2 1 2 104 3571 1544
6690 2 2 1 2 3571 904 3572
6691 2 2 1 2 1544 3572 396
6692 2 2 1 2 3571 3572 1544
6693 2 2 1 2 904 3573 3575
6694 2 2 1 2 3573 232 3574
6695 2 2 1 2 3575 3574 905
6696 2 2 1 2 3573 3574 3575
6697 2 2 1 2 396 3576 1547
6698 2 2 1 2 3576 905 3577
6699 2 2 1 2 1547 3577 30
6700 2 2 1 2 3576 3577 1547
6701 2 2 1 2 904 3575 3572
6702 2 2 1 2 3575 905 3576
6703 2 2 1 2 3572 3576 396
6704 2 2 1 2 3575 3576 3572
6705 2 2 1 2 231 3564 3558
6706 2 2 1 2 3564 903 3578
6707 2 2 1 2 3558 3578 900
6708 2 2 1 2 3564 3578 3558
6709 2 2 1 2 903 3570 3579
6710 2 2 1 2 3570 232 3573
6711 2 2 1 2 3579 3573 904
6712 2 2 1 2 3570 3573 3579
6713 2 2 1 2 900 3580 3561
6714 2 2 1 2 3580 904 3571
6715 2 2 1 2 3561 3571 104
6716 2 2 1 2 3580 3571 3561
6717 2 2 1 2 903 3579 3578
6718 2 2 1 2 3579 904 3580
6719 2 2 1 2 3578 3580 900
6720 2 2 1 2 3579 3580 3578
6721 2 2 1 2 62 3581 3583
6722 2 2 1 2 3581 906 3582
6723 2 2 1 2 3583 3582 908
6724 2 2 1 2 3581 3582 3583
6725 2 2 1 2 906 3584 3586
6726 2 2 1 2 3584 233 3585
6727 2 2 1 2 3586 3585 907
6728 2 2 1 2 3584 3585 3586
6729 2 2 1 2 908 3587 3589
6730 2 2 1 2 3587 907 3588
6731 2 2 1 2 3589 3588 235
6732 2 2 1 2 3587 3588 3589
6733 2 2 1 2 906 3586 3582
6734 2 2 1 2 3586 907 3587
6735 2 2 1 2 3582 3587 908
6736 2 2 1 2 3586 3587 3582
6737 2 2 1 2 233 3590 3592
6738 2 2 1 2 3590 909 3591
6739 2 2 1 2 3592 3591 911
6740 2 2 1 2 3590 3591 3592
6741 2 2 1 2 909 3593 3595
6742 2 2 1 2 3593 18 3594
6743 2 2 1 2 3595 3594 910
6744 2 2 1 2 3593 3594 3595
6745 2 2 1 2 911 3596 3598
6746 2 2 1 2 3596 910 3597
6747 2 2 1 2 3598 3597 234
6748 2 2 1 2 3596 3597 3598
6749 2 2 1 2 909 3595 3591
6750 2 2 1 2 3595 910 3596
6751 2 2 1 2 3591 3596 911
6752 2 2 1 2 3595 3596 3591
6753 2 2 1 2 235 3599 3601
6754 2 2 1 2 3599 912 3600
6755 2 2 1 2 3601 3600 914
6756 2 2 1 2 3599 3600 3601
6757 2 2 1 2 912 3602 3604
6758 2 2 1 2 3602 234 3603
6759 2 2 1 2 3604 3603 913
6760 2 2 1 2 3602 3603 3604
6761 2 2 1 2 914 3605 3607
6762 2 2 1 2 3605 913 3606
6763 2 2 1 2 3607 3606 63
6764 2 2 1 2 3605 3606 3607
6765 2 2 1 2 912 3604 3600
6766 2 2 1 2 3604 913 3605
6767 2 2 1 2 3600 3605 914
6768 2 2 1 2 3604 3605 3600
6769 2 2 1 2 233 3592 3585
6770 2 2 1 2 3592 911 3608
6771 2 2 1 2 3585 3608 907
6772 2 2 1 2 3592 3608 3585
6773 2 2 1 2 911 3598 3609
6774 2 2 1 2 3598 234 3602
6775 2 2 1 2 3609 3602 912
6776 2 2 1 2 3598 3602 3609
6777 2 2 1 2 907 3610 3588
6778 2 2 1 2 3610 912 3599
6779 2 2 1 2 3588 3599 235
6780 2 2 1 2 3610 3599 3588
6781 2 2 1 2 911 3609 3608
6782 2 2 1 2 3609 912 3610
6783 2 2 1 2 3608 3610 907
6784 2 2 1 2 3609 3610 3608
6785 2 2 1 2 30 3611 1565
6786 2 2 1 2 3611 915 3612
6787 2 2 1 2 1565 3612 402
6788 2 2 1 2 3611 3612 1565
6789 2 2 1 2 915 3613 3615
6790 2 2 1 2 3613 236 3614
6791 2 2 1 2 3615 3614 916
6792 2 2 1 2 3613 3614 3615
6793 2 2 1 2 402 3616 1568
6794 2 2 1 2 3616 916 3617
6795 2 2 1 2 1568 3617 107
6796 2 2 1 2 3616 3617 1568
6797 2 2 1 2 915 3615 3612
6798 2 2 1 2 3615 916 3616
6799 2 2 1 2 3612 3616 402
6800 2 2 1 2 3615 3616 3612
6801 2 2 1 2 236 3618 3620
6802 2 2 1 2 3618 917 3619
6803 2 2 1 2 3620 3619 919
6804 2 2 1 2 3618 3619 3620
6805 2 2 1 2 917 3621 3623
6806 2 2 1 2 3621 63 3622
6807 2 2 1 2 3623 3622 918
6808 2 2 1 2 3621 3622 3623
6809 2 2 1 2 919 3624 3626
6810 2 2 1 2 3624 918 3625
6811 2 2 1 2 3626 3625 237
6812 2 2 1 2 3624 3625 3626
6813 2 2 1 2 917 3623 3619
6814 2 2 1 2 3623 918 3624
6815 2 2 1 2 3619 3624 919
6816 2 2 1 2 3623 3624 3619
6817 2 2 1 2 107 3627 1574
6818 2 2 1 2 3627 920 3628
6819 2 2 1 2 1574 3628 405
6820 2 2 1 2 3627 3628 1574
6821 2 2 1 2 920 3629 3631
6822 2 2 1 2 3629 237 3630
6823 2 2 1 2 3631 3630 921
6824 2 2 1 2 3629 3630 3631
6825 2 2 1 2 405 3632 1577
6826 2 2 1 2 3632 921 3633
6827 2 2 1 2 1577 3633 4
6828 2 2 1 2 3632 3633 1577
6829 2 2 1 2 920 3631 3628
6830 2 2 1 2 3631 921 3632
6831 2 2 1 2 3628 3632 405
6832 2 2 1 2 3631 3632 3628
6833 2 2 1 2 236 3620 3614
6834 2 2 1 2 3620 919 3634
6835 2 2 1 2 3614 3634 916
6836 2 2 1 2 3620 3634 3614
6837 2 2 1 2 919 3626 3635
6838 2 2 1 2 3626 237 3629
6839 2 2 1 2 3635 3629 920
6840 2 2 1 2 3626 3629 3635
6841 2 2 1 2 916 3636 3617
6842 2 2 1 2 3636 920 3627
6843 2 2 1 2 3617 3627 107
6844 2 2 1 2 3636 3627 3617
6845 2 2 1 2 919 3635 3634
6846 2 2 1 2 3635 920 3636
6847 2 2 1 2 3634 3636 916
6848 2 2 1 2 3635 3636 3634
6849 2 2 1 2 62 3583 3566
6850 2 2 1 2 3583 908 3637
6851 2 2 1 2 3566 3637 902
6852 2 2 1 2 3583 3637 3566
6853 2 2 1 2 908 3589 3639
6854 2 2 1 2 3589 235 3638
6855 2 2 1 2 3639 3638 922
6856 2 2 1 2 3589 3638 3639
6857 2 2 1 2 902 3640 3569
6858 2 2 1 2 3640 922 3641
6859 2 2 1 2 3569 3641 232
6860 2 2 1 2 3640 3641 3569
6861 2 2 1 2 908 3639 3637
6862 2 2 1 2 3639 922 3640
6863 2 2 1 2 3637 3640 902
6864 2 2 1 2 3639 3640 3637
6865 2 2 1 2 235 3601 3643
6866 2 2 1 2 3601 914 3642
6867 2 2 1 2 3643 3642 923
6868 2 2 1 2 3601 3642 3643
6869 2 2 1 2 914 3607 3644
6870 2 2 1 2 3607 63 3621
6871 2 2 1 2 3644 3621 917
6872 2 2 1 2 3607 3621 3644
6873 2 2 1 2 923 3645 3646
6874 2 2 1 2 3645 917 3618
6875 2 2 1 2 3646 3618 236
6876 2 2 1 2 3645 3618 3646
6877 2 2 1 2 914 3644 3642
6878 2 2 1 2 3644 917 3645
6879 2 2 1 2 3642 3645 923
6880 2 2 1 2 3644 3645 3642
6881 2 2 1 2 232 3647 3574
6882 2 2 1 2 3647 924 3648
6883 2 2 1 2 3574 3648 905
6884 2 2 1 2 3647 3648 3574
6885 2 2 1 2 924 3649 3650
6886 2 2 1 2 3649 236 3613
6887 2 2 1 2 3650 3613 915
6888 2 2 1 2 3649 3613 3650
6889 2 2 1 2 905 3651 3577
6890 2 2 1 2 3651 915 3611
6891 2 2 1 2 3577 3611 30
6892 2 2 1 2 3651 3611 3577
6893 2 2 1 2 924 3650 3648
6894 2 2 1 2 3650 915 3651
6895 2 2 1 2 3648 3651 905
6896 2 2 1 2 3650 3651 3648
6897 2 2 1 2 235 3643 3638
6898 2 2 1 2 3643 923 3652
6899 2 2 1 2 3638 3652 922
6900 2 2 1 2 3643 3652 3638
6901 2 2 1 2 923 3646 3653
6902 2 2 1 2 3646 236 3649
6903 2 2 1 2 3653 3649 924
6904 2 2 1 2 3646 3649 3653
6905 2 2 1 2 922 3654 3641
6906 2 2 1 2 3654 924 3647
6907 2 2 1 2 3641 3647 232
6908 2 2 1 2 3654 3647 3641
6909 2 2 1 2 923 3653 3652
6910 2 2 1 2 3653 924 3654
6911 2 2 1 2 3652 3654 922
6912 2 2 1 2 3653 3654 3652
6913 2 2 1 2 17 3456 3394
6914 2 2 1 2 3456 874 3655
6915 2 2 1 2 3394 3655 858
6916 2 2 1 2 3456 3655 3394
6917 2 2 1 2 874 3461 3657
6918 2 2 1 2 3461 225 3656
6919 2 2 1 2 3657 3656 925
6920 2 2 1 2 3461 3656 3657
6921 2 2 1 2 858 3658 3397
6922 2 2 1 2 3658 925 3659
6923 2 2 1 2 3397 3659 220
6924 2 2 1 2 3658 3659 3397
6925 2 2 1 2 874 3657 3655
6926 2 2 1 2 3657 925 3658
6927 2 2 1 2 3655 3658 858
6928 2 2 1 2 3657 3658 3655
6929 2 2 1 2 225 3471 3661
6930 2 2 1 2 3471 879 3660
6931 2 2 1 2 3661 3660 927
6932 2 2 1 2 3471 3660 3661
6933 2 2 1 2 879 3477 3663
6934 2 2 1 2 3477 61 3662
6935 2 2 1 2 3663 3662 926
6936 2 2 1 2 3477 3662 3663
6937 2 2 1 2 927 3664 3666
6938 2 2 1 2 3664 926 3665
6939 2 2 1 2 3666 3665 238
6940 2 2 1 2 3664 3665 3666
6941 2 2 1 2 879 3663 3660
6942 2 2 1 2 3663 926 3664
6943 2 2 1 2 3660 3664 927
6944 2 2 1 2 3663 3664 3660
6945 2 2 1 2 220 3667 3403
6946 2 2 1 2 3667 928 3668
6947 2 2 1 2 3403 3668 861
6948 2 2 1 2 3667 3668 3403
6949 2 2 1 2 928 3669 3671
6950 2 2 1 2 3669 238 3670
6951 2 2 1 2 3671 3670 929
6952 2 2 1 2 3669 3670 3671
6953 2 2 1 2 861 3672 3406
6954 2 2 1 2 3672 929 3673
6955 2 2 1 2 3406 3673 59
6956 2 2 1 2 3672 3673 3406
6957 2 2 1 2 928 3671 3668
6958 2 2 1 2 3671 929 3672
6959 2 2 1 2 3668 3672 861
6960 2 2 1 2 3671 3672 3668
6961 2 2 1 2 225 3661 3656
6962 2 2 1 2 3661 927 3674
6963 2 2 1 2 3656 3674 925
6964 2 2 1 2 3661 3674 3656
6965 2 2 1 2 927 3666 3675
6966 2 2 1 2 3666 238 3669
6967 2 2 1 2 3675 3669 928
6968 2 2 1 2 3666 3669 3675
6969 2 2 1 2 925 3676 3659
6970 2 2 1 2 3676 928 3667
6971 2 2 1 2 3659 3667 220
6972 2 2 1 2 3676 3667 3659
6973 2 2 1 2 927 3675 3674
6974 2 2 1 2 3675 928 3676
6975 2 2 1 2 3674 3676 925
6976 2 2 1 2 3675 3676 3674
6977 2 2 1 2 61 3509 3678
6978 2 2 1 2 3509 889 3677
6979 2 2 1 2 3678 3677 931
6980 2 2 1 2 3509 3677 3678
6981 2 2 1 2 889 3515 3680
6982 2 2 1 2 3515 230 3679
6983 2 2 1 2 3680 3679 930
6984 2 2 1 2 3515 3679 3680
6985 2 2 1 2 931 3681 3683
6986 2 2 1 2 3681 930 3682
6987 2 2 1 2 3683 3682 239
6988 2 2 1 2 3681 3682 3683
6989 2 2 1 2 889 3680 3677
6990 2 2 1 2 3680 930 3681
6991 2 2 1 2 3677 3681 931
6992 2 2 1 2 3680 3681 3677
6993 2 2 1 2 230 3527 3685
6994 2 2 1 2 3527 895 3684
6995 2 2 1 2 3685 3684 932
6996 2 2 1 2 3527 3684 3685
6997 2 2 1 2 895 3533 3686
6998 2 2 1 2 3533 18 3593
6999 2 2 1 2 3686 3593 909
7000 2 2 1 2 3533 3593 3686
7001 2 2 1 2 932 3687 3688
7002 2 2 1 2 3687 909 3590
7003 2 2 1 2 3688 3590 233
7004 2 2 1 2 3687 3590 3688
7005 2 2 1 2 895 3686 3684
7006 2 2 1 2 3686 909 3687
7007 2 2 1 2 3684 3687 932
7008 2 2 1 2 3686 3687 3684
7009 2 2 1 2 239 3689 3691
7010 2 2 1 2 3689 933 3690
7011 2 2 1 2 3691 3690 934
7012 2 2 1 2 3689 3690 3691
7013 2 2 1 2 933 3692 3693
7014 2 2 1 2 3692 233 3584
7015 2 2 1 2 3693 3584 906
7016 2 2 1 2 3692 3584 3693
7017 2 2 1 2 934 3694 3695
7018 2 2 1 2 3694 906 3581
7019 2 2 1 2 3695 3581 62
7020 2 2 1 2 3694 3581 3695
7021 2 2 1 2 933 3693 3690
7022 2 2 1 2 3693 906 3694
7023 2 2 1 2 3690 3694 934
7024 2 2 1 2 3693 3694 3690
7025 2 2 1 2 230 3685 3679
7026 2 2 1 2 3685 932 3696
7027 2 2 1 2 3679 3696 930
7028 2 2 1 2 3685 3696 3679
7029 2 2 1 2 932 3688 3697
7030 2 2 1 2 3688 233 3692
7031 2 2 1 2 3697 3692 933
7032 2 2 1 2 3688 3692 3697
7033 2 2 1 2 930 3698 3682
7034 2 2 1 2 3698 933 3689
7035 2 2 1 2 3682 3689 239
7036 2 2 1 2 3698 3689 3682
7037 2 2 1 2 932 3697 3696
7038 2 2 1 2 3697 933 3698
7039 2 2 1 2 3696 3698 930
7040 2 2 1 2 3697 3698 3696
7041 2 2 1 2 59 3699 3422
7042 2 2 1 2 3699 935 3700
7043 2 2 1 2 3422 3700 866
7044 2 2 1 2 3699 3700 3422
7045 2 2 1 2 935 3701 3703
7046 2 2 1 2 3701 240 3702
7047 2 2 1 2 3703 3702 936
7048 2 2 1 2 3701 3702 3703
7049 2 2 1 2 866 3704 3425
7050 2 2 1 2 3704 936 3705
7051 2 2 1 2 3425 3705 223
7052 2 2 1 2 3704 3705 3425
7053 2 2 1 2 935 3703 3700
7054 2 2 1 2 3703 936 3704
7055 2 2 1 2 3700 3704 866
7056 2 2 1 2 3703 3704 3700
7057 2 2 1 2 240 3706 3708
7058 2 2 1 2 3706 937 3707
7059 2 2 1 2 3708 3707 938
7060 2 2 1 2 3706 3707 3708
7061 2 2 1 2 937 3709 3710
7062 2 2 1 2 3709 62 3565
7063 2 2 1 2 3710 3565 901
7064 2 2 1 2 3709 3565 3710
7065 2 2 1 2 938 3711 3712
7066 2 2 1 2 3711 901 3562
7067 2 2 1 2 3712 3562 231
7068 2 2 1 2 3711 3562 3712
7069 2 2 1 2 937 3710 3707
7070 2 2 1 2 3710 901 3711
7071 2 2 1 2 3707 3711 938
7072 2 2 1 2 3710 3711 3707
7073 2 2 1 2 223 3713 3430
7074 2 2 1 2 3713 939 3714
7075 2 2 1 2 3430 3714 869
7076 2 2 1 2 3713 3714 3430
7077 2 2 1 2 939 3715 3716
7078 2 2 1 2 3715 231 3557
7079 2 2 1 2 3716 3557 899
7080 2 2 1 2 3715 3557 3716
7081 2 2 1 2 869 3717 3433
7082 2 2 1 2 3717 899 3555
7083 2 2 1 2 3433 3555 10
7084 2 2 1 2 3717 3555 3433
7085 2 2 1 2 939 3716 3714
7086 2 2 1 2 3716 899 3717
7087 2 2 1 2 3714 3717 869
7088 2 2 1 2 3716 3717 3714
7089 2 2 1 2 240 3708 3702
7090 2 2 1 2 3708 938 3718
7091 2 2 1 2 3702 3718 936
7092 2 2 1 2 3708 3718 3702
7093 2 2 1 2 938 3712 3719
7094 2 2 1 2 3712 231 3715
7095 2 2 1 2 3719 3715 939
7096 2 2 1 2 3712 3715 3719
7097 2 2 1 2 936 3720 3705
7098 2 2 1 2 3720 939 3713
7099 2 2 1 2 3705 3713 223
7100 2 2 1 2 3720 3713 3705
7101 2 2 1 2 938 3719 3718
7102 2 2 1 2 3719 939 3720
7103 2 2 1 2 3718 3720 936
7104 2 2 1 2 3719 3720 3718
7105 2 2 1 2 61 3678 3662
7106 2 2 1 2 3678 931 3721
7107 2 2 1 2 3662 3721 926
7108 2 2 1 2 3678 3721 3662
7109 2 2 1 2 931 3683 3723
7110 2 2 1 2 3683 239 3722
7111 2 2 1 2 3723 3722 940
7112 2 2 1 2 3683 3722 3723
7113 2 2 1 2 926 3724 3665
7114 2 2 1 2 3724 940 3725
7115 2 2 1 2 3665 3725 238
7116 2 2 1 2 3724 3725 3665
7117 2 2 1 2 931 3723 3721
7118 2 2 1 2 3723 940 3724
7119 2 2 1 2 3721 3724 926
7120 2 2 1 2 3723 3724 3721
7121 2 2 1 2 239 3691 3727
7122 2 2 1 2 3691 934 3726
7123 2 2 1 2 3727 3726 941
7124 2 2 1 2 3691 3726 3727
7125 2 2 1 2 934 3695 3728
7126 2 2 1 2 3695 62 3709
7127 2 2 1 2 3728 3709 937
7128 2 2 1 2 3695 3709 3728
7129 2 2 1 2 941 3729 3730
7130 2 2 1 2 3729 937 3706
7131 2 2 1 2 3730 3706 240
7132 2 2 1 2 3729 3706 3730
7133 2 2 1 2 934 3728 3726
7134 2 2 1 2 3728 937 3729
7135 2 2 1 2 3726 3729 941
7136 2 2 1 2 3728 3729 3726
7137 2 2 1 2 238 3731 3670
7138 2 2 1 2 3731 942 3732
7139 2 2 1 2 3670 3732 929
7140 2 2 1 2 3731 3732 3670
7141 2 2 1 2 942 3733 3734
7142 2 2 1 2 3733 240 3701
7143 2 2 1 2 3734 3701 935
7144 2 2 1 2 3733 3701 3734
7145 2 2 1 2 929 3735 3673
7146 2 2 1 2 3735 935 3699
7147 2 2 1 2 3673 3699 59
7148 2 2 1 2 3735 3699 3673
7149 2 2 1 2 942 3734 3732
7150 2 2 1 2 3734 935 3735
7151 2 2 1 2 3732 3735 929
7152 2 2 1 2 3734 3735 3732
7153 2 2 1 2 239 3727 3722
7154 2 2 1 2 3727 941 3736
7155 2 2 1 2 3722 3736 940
7156 2 2 1 2 3727 3736 3722
7157 2 2 1 2 941 3730 3737
7158 2 2 1 2 3730 240 3733
7159 2 2 1 2 3737 3733 942
7160 2 2 1 2 3730 3733 3737
7161 2 2 1 2 940 3738 3725
7162 2 2 1 2 3738 942 3731
7163 2 2 1 2 3725 3731 238
7164 2 2 1 2 3738 3731 3725
7165 2 2 1 2 941 3737 3736
7166 2 2 1 2 3737 942 3738
7167 2 2 1 2 3736 3738 940
7168 2 2 1 2 3737 3738 3736
7169 2 2 1 2 4 3633 1827
7170 2 2 1 2 3633 921 3739
7171 2 2 1 2 1827 3739 467
7172 2 2 1 2 3633 3739 1827
7173 2 2 1 2 921 3630 3741
7174 2 2 1 2 3630 237 3740
7175 2 2 1 2 3741 3740 943
7176 2 2 1 2 3630 3740 3741
7177 2 2 1 2 467 3742 1829
7178 2 2 1 2 3742 943 3743
7179 2 2 1 2 1829 3743 123
7180 2 2 1 2 3742 3743 1829
7181 2 2 1 2 921 3741 3739
7182 2 2 1 2 3741 943 3742
7183 2 2 1 2 3739 3742 467
7184 2 2 1 2 3741 3742 3739
7185 2 2 1 2 237 3625 3745
7186 2 2 1 2 3625 918 3744
7187 2 2 1 2 3745 3744 945
7188 2 2 1 2 3625 3744 3745
7189 2 2 1 2 918 3622 3747
7190 2 2 1 2 3622 63 3746
7191 2 2 1 2 3747 3746 944
7192 2 2 1 2 3622 3746 3747
7193 2 2 1 2 945 3748 3750
7194 2 2 1 2 3748 944 3749
7195 2 2 1 2 3750 3749 241
7196 2 2 1 2 3748 3749 3750
7197 2 2 1 2 918 3747 3744
7198 2 2 1 2 3747 944 3748
7199 2 2 1 2 3744 3748 945
7200 2 2 1 2 3747 3748 3744
7201 2 2 1 2 123 3751 1834
7202 2 2 1 2 3751 946 3752
7203 2 2 1 2 1834 3752 469
7204 2 2 1 2 3751 3752 1834
7205 2 2 1 2 946 3753 3755
7206 2 2 1 2 3753 241 3754
7207 2 2 1 2 3755 3754 947
7208 2 2 1 2 3753 3754 3755
7209 2 2 1 2 469 3756 1837
7210 2 2 1 2 3756 947 3757
7211 2 2 1 2 1837 3757 35
7212 2 2 1 2 3756 3757 1837
7213 2 2 1 2 946 3755 3752
7214 2 2 1 2 3755 947 3756
7215 2 2 1 2 3752 3756 469
7216 2 2 1 2 3755 3756 3752
7217 2 2 1 2 237 3745 3740
7218 2 2 1 2 3745 945 3758
7219 2 2 1 2 3740 3758 943
7220 2 2 1 2 3745 3758 3740
7221 2 2 1 2 945 3750 3759
7222 2 2 1 2 3750 241 3753
7223 2 2 1 2 3759 3753 946
7224 2 2 1 2 3750 3753 3759
7225 2 2 1 2 943 3760 3743
7226 2 2 1 2 3760 946 3751
7227 2 2 1 2 3743 3751 123
7228 2 2 1 2 3760 3751 3743
7229 2 2 1 2 945 3759 3758
7230 2 2 1 2 3759 946 3760
7231 2 2 1 2 3758 3760 943
7232 2 2 1 2 3759 3760 3758
7233 2 2 1 2 63 3606 3762
7234 2 2 1 2 3606 913 3761
7235 2 2 1 2 3762 3761 949
7236 2 2 1 2 3606 3761 3762
7237 2 2 1 2 913 3603 3764
7238 2 2 1 2 3603 234 3763
7239 2 2 1 2 3764 3763 948
7240 2 2 1 2 3603 3763 3764
7241 2 2 1 2 949 3765 3767
7242 2 2 1 2 3765 948 3766
7243 2 2 1 2 3767 3766 243
7244 2 2 1 2 3765 3766 3767
7245 2 2 1 2 913 3764 3761
7246 2 2 1 2 3764 948 3765
7247 2 2 1 2 3761 3765 949
7248 2 2 1 2 3764 3765 3761
7249 2 2 1 2 234 3597 3769
7250 2 2 1 2 3597 910 3768
7251 2 2 1 2 3769 3768 951
7252 2 2 1 2 3597 3768 3769
7253 2 2 1 2 910 3594 3771
7254 2 2 1 2 3594 18 3770
7255 2 2 1 2 3771 3770 950
7256 2 2 1 2 3594 3770 3771
7257 2 2 1 2 951 3772 3774
7258 2 2 1 2 3772 950 3773
7259 2 2 1 2 3774 3773 242
7260 2 2 1 2 3772 3773 3774
7261 2 2 1 2 910 3771 3768
7262 2 2 1 2 3771 950 3772
7263 2 2 1 2 3768 3772 951
7264 2 2 1 2 3771 3772 3768
7265 2 2 1 2 243 3775 3777
7266 2 2 1 2 3775 952 3776
7267 2 2 1 2 3777 3776 954
7268 2 2 1 2 3775 3776 3777
7269 2 2 1 2 952 3778 3780
7270 2 2 1 2 3778 242 3779
7271 2 2 1 2 3780 3779 953
7272 2 2 1 2 3778 3779 3780
7273 2 2 1 2 954 3781 3783
7274 2 2 1 2 3781 953 3782
7275 2 2 1 2 3783 3782 64
7276 2 2 1 2 3781 3782 3783
7277 2 2 1 2 952 3780 3776
7278 2 2 1 2 3780 953 3781
7279 2 2 1 2 3776 3781 954
7280 2 2 1 2 3780 3781 3776
7281 2 2 1 2 234 3769 3763
7282 2 2 1 2 3769 951 3784
7283 2 2 1 2 3763 3784 948
7284 2 2 1 2 3769 3784 3763
7285 2 2 1 2 951 3774 3785
7286 2 2 1 2 3774 242 3778
7287 2 2 1 2 3785 3778 952
7288 2 2 1 2 3774 3778 3785
7289 2 2 1 2 948 3786 3766
7290 2 2 1 2 3786 952 3775
7291 2 2 1 2 3766 3775 243
7292 2 2 1 2 3786 3775 3766
7293 2 2 1 2 951 3785 3784
7294 2 2 1 2 3785 952 3786
7295 2 2 1 2 3784 3786 948
7296 2 2 1 2 3785 3786 3784
7297 2 2 1 2 35 3787 1853
7298 2 2 1 2 3787 955 3788
7299 2 2 1 2 1853 3788 474
7300 2 2 1 2 3787 3788 1853
7301 2 2 1 2 955 3789 3791
7302 2 2 1 2 3789 244 3790
7303 2 2 1 2 3791 3790 956
7304 2 2 1 2 3789 3790 3791
7305 2 2 1 2 474 3792 1856
7306 2 2 1 2 3792 956 3793
7307 2 2 1 2 1856 3793 125
7308 2 2 1 2 3792 3793 1856
7309 2 2 1 2 955 3791 3788
7310 2 2 1 2 3791 956 3792
7311 2 2 1 2 3788 3792 474
7312 2 2 1 2 3791 3792 3788
7313 2 2 1 2 244 3794 3796
7314 2 2 1 2 3794 957 3795
7315 2 2 1 2 3796 3795 959
7316 2 2 1 2 3794 3795 3796
7317 2 2 1 2 957 3797 3799
7318 2 2 1 2 3797 64 3798
7319 2 2 1 2 3799 3798 958
7320 2 2 1 2 3797 3798 3799
7321 2 2 1 2 959 3800 3802
7322 2 2 1 2 3800 958 3801
7323 2 2 1 2 3802 3801 245
7324 2 2 1 2 3800 3801 3802
7325 2 2 1 2 957 3799 3795
7326 2 2 1 2 3799 958 3800
7327 2 2 1 2 3795 3800 959
7328 2 2 1 2 3799 3800 3795
7329 2 2 1 2 125 3803 1862
7330 2 2 1 2 3803 960 3804
7331 2 2 1 2 1862 3804 477
7332 2 2 1 2 3803 3804 1862
7333 2 2 1 2 960 3805 3807
7334 2 2 1 2 3805 245 3806
7335 2 2 1 2 3807 3806 961
7336 2 2 1 2 3805 3806 3807
7337 2 2 1 2 477 3808 1865
7338 2 2 1 2 3808 961 3809
7339 2 2 1 2 1865 3809 12
7340 2 2 1 2 3808 3809 1865
7341 2 2 1 2 960 3807 3804
7342 2 2 1 2 3807 961 3808
7343 2 2 1 2 3804 3808 477
7344 2 2 1 2 3807 3808 3804
7345 2 2 1 2 244 3796 3790
7346 2 2 1 2 3796 959 3810
7347 2 2 1 2 3790 3810 956
7348 2 2 1 2 3796 3810 3790
7349 2 2 1 2 959 3802 3811
7350 2 2 1 2 3802 245 3805
7351 2 2 1 2 3811 3805 960
7352 2 2 1 2 3802 3805 3811
7353 2 2 1 2 956 3812 3793
7354 2 2 1 2 3812 960 3803
7355 2 2 1 2 3793 3803 125
7356 2 2 1 2 3812 3803 3793
7357 2 2 1 2 959 3811 3810
7358 2 2 1 2 3811 960 3812
7359 2 2 1 2 3810 3812 956
7360 2 2 1 2 3811 3812 3810
7361 2 2 1 2 63 3762 3746
7362 2 2 1 2 3762 949 3813
7363 2 2 1 2 3746 3813 944
7364 2 2 1 2 3762 3813 3746
7365 2 2 1 2 949 3767 3815
7366 2 2 1 2 3767 243 3814
7367 2 2 1 2 3815 3814 962
7368 2 2 1 2 3767 3814 3815
7369 2 2 1 2 944 3816 3749
7370 2 2 1 2 3816 962 3817
7371 2 2 1 2 3749 3817 241
7372 2 2 1 2 3816 3817 3749
7373 2 2 1 2 949 3815 3813
7374 2 2 1 2 3815 962 3816
7375 2 2 1 2 3813 3816 944
7376 2 2 1 2 3815 3816 3813
7377 2 2 1 2 243 3777 3819
7378 2 2 1 2 3777 954 3818
7379 2 2 1 2 3819 3818 963
7380 2 2 1 2 3777 3818 3819
7381 2 2 1 2 954 3783 3820
7382 2 2 1 2 3783 64 3797
7383 2 2 1 2 3820 3797 957
7384 2 2 1 2 3783 3797 3820
7385 2 2 1 2 963 3821 3822
7386 2 2 1 2 3821 957 3794
7387 2 2 1 2 3822 3794 244
7388 2 2 1 2 3821 3794 3822
7389 2 2 1 2 954 3820 3818
7390 2 2 1 2 3820 957 3821
7391 2 2 1 2 3818 3821 963
7392 2 2 1 2 3820 3821 3818
7393 2 2 1 2 241 3823 3754
7394 2 2 1 2 3823 964 3824
7395 2 2 1 2 3754 3824 947
7396 2 2 1 2 3823 3824 3754
7397 2 2 1 2 964 3825 3826
7398 2 2 1 2 3825 244 3789
7399 2 2 1 2 3826 3789 955
7400 2 2 1 2 3825 3789 3826
7401 2 2 1 2 947 3827 3757
7402 2 2 1 2 3827 955 3787
7403 2 2 1 2 3757 3787 35
7404 2 2 1 2 3827 3787 3757
7405 2 2 1 2 964 3826 3824
7406 2 2 1 2 3826 955 3827
7407 2 2 1 2 3824 3827 947
7408 2 2 1 2 3826 3827 3824
7409 2 2 1 2 243 3819 3814
7410 2 2 1 2 3819 963 3828
7411 2 2 1 2 3814 3828 962
7412 2 2 1 2 3819 3828 3814
7413 2 2 1 2 963 3822 3829
7414 2 2 1 2 3822 244 3825
7415 2 2 1 2 3829 3825 964
7416 2 2 1 2 3822 3825 3829
7417 2 2 1 2 962 3830 3817
7418 2 2 1 2 3830 964 3823
7419 2 2 1 2 3817 3823 241
7420 2 2 1 2 3830 3823 3817
7421 2 2 1 2 963 3829 3828
7422 2 2 1 2 3829 964 3830
7423 2 2 1 2 3828 3830 962
7424 2 2 1 2 3829 3830 3828
7425 2 2 1 2 18 3532 3832
7426 2 2 1 2 3532 894 3831
7427 2 2 1 2 3832 3831 966
7428 2 2 1 2 3532 3831 3832
7429 2 2 1 2 894 3529 3834
7430 2 2 1 2 3529 229 3833
7431 2 2 1 2 3834 3833 965
7432 2 2 1 2 3529 3833 3834
7433 2 2 1 2 966 3835 3837
7434 2 2 1 2 3835 965 3836
7435 2 2 1 2 3837 3836 247
7436 2 2 1 2 3835 3836 3837
7437 2 2 1 2 894 3834 3831
7438 2 2 1 2 3834 965 3835
7439 2 2 1 2 3831 3835 966
7440 2 2 1 2 3834 3835 3831
7441 2 2 1 2 229 3523 3839
7442 2 2 1 2 3523 891 3838
7443 2 2 1 2 3839 3838 968
7444 2 2 1 2 3523 3838 3839
7445 2 2 1 2 891 3520 3841
7446 2 2 1 2 3520 60 3840
7447 2 2 1 2 3841 3840 967
7448 2 2 1 2 3520 3840 3841
7449 2 2 1 2 968 3842 3844
7450 2 2 1 2 3842 967 3843
7451 2 2 1 2 3844 3843 246
7452 2 2 1 2 3842 3843 3844
7453 2 2 1 2 891 3841 3838
7454 2 2 1 2 3841 967 3842
7455 2 2 1 2 3838 3842 968
7456 2 2 1 2 3841 3842 3838
7457 2 2 1 2 247 3845 3847
7458 2 2 1 2 3845 969 3846
7459 2 2 1 2 3847 3846 971
7460 2 2 1 2 3845 3846 3847
7461 2 2 1 2 969 3848 3850
7462 2 2 1 2 3848 246 3849
7463 2 2 1 2 3850 3849 970
7464 2 2 1 2 3848 3849 3850
7465 2 2 1 2 971 3851 3853
7466 2 2 1 2 3851 970 3852
7467 2 2 1 2 3853 3852 65
7468 2 2 1 2 3851 3852 3853
7469 2 2 1 2 969 3850 3846
7470 2 2 1 2 3850 970 3851
7471 2 2 1 2 3846 3851 971
7472 2 2 1 2 3850 3851 3846
7473 2 2 1 2 229 3839 3833
7474 2 2 1 2 3839 968 3854
7475 2 2 1 2 3833 3854 965
7476 2 2 1 2 3839 3854 3833
7477 2 2 1 2 968 3844 3855
7478 2 2 1 2 3844 246 3848
7479 2 2 1 2 3855 3848 969
7480 2 2 1 2 3844 3848 3855
7481 2 2 1 2 965 3856 3836
7482 2 2 1 2 3856 969 3845
7483 2 2 1 2 3836 3845 247
7484 2 2 1 2 3856 3845 3836
7485 2 2 1 2 968 3855 3854
7486 2 2 1 2 3855 969 3856
7487 2 2 1 2 3854 3856 965
7488 2 2 1 2 3855 3856 3854
7489 2 2 1 2 60 3502 3858
7490 2 2 1 2 3502 885 3857
7491 2 2 1 2 3858 3857 973
7492 2 2 1 2 3502 3857 3858
7493 2 2 1 2 885 3499 3860
7494 2 2 1 2 3499 226 3859
7495 2 2 1 2 3860 3859 972
7496 2 2 1 2 3499 3859 3860
7497 2 2 1 2 973 3861 3863
7498 2 2 1 2 3861 972 3862
7499 2 2 1 2 3863 3862 248
7500 2 2 1 2 3861 3862 3863
7501 2 2 1 2 885 3860 3857
7502 2 2 1 2 3860 972 3861
7503 2 2 1 2 3857 3861 973
7504 2 2 1 2 3860 3861 3857
7505 2 2 1 2 226 3493 3865
7506 2 2 1 2 3493 882 3864
7507 2 2 1 2 3865 3864 974
7508 2 2 1 2 3493 3864 3865
7509 2 2 1 2 882 3490 3866
7510 2 2 1 2 3490 6 2737
7511 2 2 1 2 3866 2737 697
7512 2 2 1 2 3490 2737 3866
7513 2 2 1 2 974 3867 3868
7514 2 2 1 2 3867 697 2734
7515 2 2 1 2 3868 2734 181
7516 2 2 1 2 3867 2734 3868
7517 2 2 1 2 882 3866 3864
7518 2 2 1 2 3866 697 3867
7519 2 2 1 2 3864 3867 974
7520 2 2 1 2 3866 3867 3864
7521 2 2 1 2 248 3869 3871
7522 2 2 1 2 3869 975 3870
7523 2 2 1 2 3871 3870 976
7524 2 2 1 2 3869 3870 3871
7525 2 2 1 2 975 3872 3873
7526 2 2 1 2 3872 181 2728
7527 2 2 1 2 3873 2728 694
7528 2 2 1 2 3872 2728 3873
7529 2 2 1 2 976 3874 3875
7530 2 2 1 2 3874 694 2725
7531 2 2 1 2 3875 2725 49
7532 2 2 1 2 3874 2725 3875
7533 2 2 1 2 975 3873 3870
7534 2 2 1 2 3873 694 3874
7535 2 2 1 2 3870 3874 976
7536 2 2 1 2 3873 3874 3870
7537 2 2 1 2 226 3865 3859
7538 2 2 1 2 3865 974 3876
7539 2 2 1 2 3859 3876 972
7540 2 2 1 2 3865 3876 3859
7541 2 2 1 2 974 3868 3877
7542 2 2 1 2 3868 181 3872
7543 2 2 1 2 3877 3872 975
7544 2 2 1 2 3868 3872 3877
7545 2 2 1 2 972 3878 3862
7546 2 2 1 2 3878 975 3869
7547 2 2 1 2 3862 3869 248
7548 2 2 1 2 3878 3869 3862
7549 2 2 1 2 974 3877 3876
7550 2 2 1 2 3877 975 3878
7551 2 2 1 2 3876 3878 972
7552 2 2 1 2 3877 3878 3876
7553 2 2 1 2 65 3879 3881
7554 2 2 1 2 3879 977 3880
7555 2 2 1 2 3881 3880 979
7556 2 2 1 2 3879 3880 3881
7557 2 2 1 2 977 3882 3884
7558 2 2 1 2 3882 249 3883
7559 2 2 1 2 3884 3883 978
7560 2 2 1 2 3882 3883 3884
7561 2 2 1 2 979 3885 3887
7562 2 2 1 2 3885 978 3886
7563 2 2 1 2 3887 3886 250
7564 2 2 1 2 3885 3886 3887
7565 2 2 1 2 977 3884 3880
7566 2 2 1 2 3884 978 3885
7567 2 2 1 2 3880 3885 979
7568 2 2 1 2 3884 3885 3880
7569 2 2 1 2 249 3888 3890
7570 2 2 1 2 3888 980 3889
7571 2 2 1 2 3890 3889 981
7572 2 2 1 2 3888 3889 3890
7573 2 2 1 2 980 3891 3892
7574 2 2 1 2 3891 49 2707
7575 2 2 1 2 3892 2707 688
7576 2 2 1 2 3891 2707 3892
7577 2 2 1 2 981 3893 3894
7578 2 2 1 2 3893 688 2704
7579 2 2 1 2 3894 2704 178
7580 2 2 1 2 3893 2704 3894
7581 2 2 1 2 980 3892 3889
7582 2 2 1 2 3892 688 3893
7583 2 2 1 2 3889 3893 981
7584 2 2 1 2 3892 3893 3889
7585 2 2 1 2 250 3895 3897
7586 2 2 1 2 3895 982 3896
7587 2 2 1 2 3897 3896 983
7588 2 2 1 2 3895 3896 3897
7589 2 2 1 2 982 3898 3899
7590 2 2 1 2 3898 178 2698
7591 2 2 1 2 3899 2698 685
7592 2 2 1 2 3898 2698 3899
7593 2 2 1 2 983 3900 3901
7594 2 2 1 2 3900 685 2695
7595 2 2 1 2 3901 2695 15
7596 2 2 1 2 3900 2695 3901
7597 2 2 1 2 982 3899 3896
7598 2 2 1 2 3899 685 3900
7599 2 2 1 2 3896 3900 983
7600 2 2 1 2 3899 3900 3896
7601 2 2 1 2 249 3890 3883
7602 2 2 1 2 3890 981 3902
7603 2 2 1 2 3883 3902 978
7604 2 2 1 2 3890 3902 3883
7605 2 2 1 2 981 3894 3903
7606 2 2 1 2 3894 178 3898
7607 2 2 1 2 3903 3898 982
7608 2 2 1 2 3894 3898 3903
7609 2 2 1 2 978 3904 3886
7610 2 2 1 2 3904 982 3895
7611 2 2 1 2 3886 3895 250
7612 2 2 1 2 3904 3895 3886
7613 2 2 1 2 981 3903 3902
7614 2 2 1 2 3903 982 3904
7615 2 2 1 2 3902 3904 978
7616 2 2 1 2 3903 3904 3902
7617 2 2 1 2 60 3858 3840
7618 2 2 1 2 3858 973 3905
7619 2 2 1 2 3840 3905 967
7620 2 2 1 2 3858 3905 3840
7621 2 2 1 2 973 3863 3907
7622 2 2 1 2 3863 248 3906
7623 2 2 1 2 3907 3906 984
7624 2 2 1 2 3863 3906 3907
7625 2 2 1 2 967 3908 3843
7626 2 2 1 2 3908 984 3909
7627 2 2 1 2 3843 3909 246
7628 2 2 1 2 3908 3909 3843
7629 2 2 1 2 973 3907 3905
7630 2 2 1 2 3907 984 3908
7631 2 2 1 2 3905 3908 967
7632 2 2 1 2 3907 3908 3905
7633 2 2 1 2 248 3871 3911
7634 2 2 1 2 3871 976 3910
7635 2 2 1 2 3911 3910 985
7636 2 2 1 2 3871 3910 3911
7637 2 2 1 2 976 3875 3912
7638 2 2 1 2 3875 49 3891
7639 2 2 1 2 3912 3891 980
7640 2 2 1 2 3875 3891 3912
7641 2 2 1 2 985 3913 3914
7642 2 2 1 2 3913 980 3888
7643 2 2 1 2 3914 3888 249
7644 2 2 1 2 3913 3888 3914
7645 2 2 1 2 976 3912 3910
7646 2 2 1 2 3912 980 3913
7647 2 2 1 2 3910 3913 985
7648 2 2 1 2 3912 3913 3910
7649 2 2 1 2 246 3915 3849
7650 2 2 1 2 3915 986 3916
7651 2 2 1 2 3849 3916 970
7652 2 2 1 2 3915 3916 3849
7653 2 2 1 2 986 3917 3918
7654 2 2 1 2 3917 249 3882
7655 2 2 1 2 3918 3882 977
7656 2 2 1 2 3917 3882 3918
7657 2 2 1 2 970 3919 3852
7658 2 2 1 2 3919 977 3879
7659 2 2 1 2 3852 3879 65
7660 2 2 1 2 3919 3879 3852
7661 2 2 1 2 986 3918 3916
7662 2 2 1 2 3918 977 3919
7663 2 2 1 2 3916 3919 970
7664 2 2 1 2 3918 3919 3916
7665 2 2 1 2 248 3911 3906
7666 2 2 1 2 3911 985 3920
7667 2 2 1 2 3906 3920 984
7668 2 2 1 2 3911 3920 3906
7669 2 2 1 2 985 3914 3921
7670 2 2 1 2 3914 249 3917
7671 2 2 1 2 3921 3917 986
7672 2 2 1 2 3914 3917 3921
7673 2 2 1 2 984 3922 3909
7674 2 2 1 2 3922 986 3915
7675 2 2 1 2 3909 3915 246
7676 2 2 1 2 3922 3915 3909
7677 2 2 1 2 985 3921 3920
7678 2 2 1 2 3921 986 3922
7679 2 2 1 2 3920 3922 984
7680 2 2 1 2 3921 3922 3920
7681 2 2 1 2 12 3923 1927
7682 2 2 1 2 3923 987 3924
7683 2 2 1 2 1927 3924 493
7684 2 2 1 2 3923 3924 1927
7685 2 2 1 2 987 3925 3927
7686 2 2 1 2 3925 251 3926
7687 2 2 1 2 3927 3926 988
7688 2 2 1 2 3925 3926 3927
7689 2 2 1 2 493 3928 1930
7690 2 2 1 2 3928 988 3929
7691 2 2 1 2 1930 3929 130
7692 2 2 1 2 3928 3929 1930
7693 2 2 1 2 987 3927 3924
7694 2 2 1 2 3927 988 3928
7695 2 2 1 2 3924 3928 493
7696 2 2 1 2 3927 3928 3924
7697 2 2 1 2 251 3930 3932
7698 2 2 1 2 3930 989 3931
7699 2 2 1 2 3932 3931 991
7700 2 2 1 2 3930 3931 3932
7701 2 2 1 2 989 3933 3935
7702 2 2 1 2 3933 66 3934
7703 2 2 1 2 3935 3934 990
7704 2 2 1 2 3933 3934 3935
7705 2 2 1 2 991 3936 3938
7706 2 2 1 2 3936 990 3937
7707 2 2 1 2 3938 3937 252
7708 2 2 1 2 3936 3937 3938
7709 2 2 1 2 989 3935 3931
7710 2 2 1 2 3935 990 3936
7711 2 2 1 2 3931 3936 991
7712 2 2 1 2 3935 3936 3931
7713 2 2 1 2 130 3939 1936
7714 2 2 1 2 3939 992 3940
7715 2 2 1 2 1936 3940 496
7716 2 2 1 2 3939 3940 1936
7717 2 2 1 2 992 3941 3943
7718 2 2 1 2 3941 252 3942
7719 2 2 1 2 3943 3942 993
7720 2 2 1 2 3941 3942 3943
7721 2 2 1 2 496 3944 1939
7722 2 2 1 2 3944 993 3945
7723 2 2 1 2 1939 3945 37
7724 2 2 1 2 3944 3945 1939
7725 2 2 1 2 992 3943 3940
7726 2 2 1 2 3943 993 3944
7727 2 2 1 2 3940 3944 496
7728 2 2 1 2 3943 3944 3940
7729 2 2 1 2 251 3932 3926
7730 2 2 1 2 3932 991 3946
7731 2 2 1 2 3926 3946 988
7732 2 2 1 2 3932 3946 3926
7733 2 2 1 2 991 3938 3947
7734 2 2 1 2 3938 252 3941
7735 2 2 1 2 3947 3941 992
7736 2 2 1 2 3938 3941 3947
7737 2 2 1 2 988 3948 3929
7738 2 2 1 2 3948 992 3939
7739 2 2 1 2 3929 3939 130
7740 2 2 1 2 3948 3939 3929
7741 2 2 1 2 991 3947 3946
7742 2 2 1 2 3947 992 3948
7743 2 2 1 2 3946 3948 988
7744 2 2 1 2 3947 3948 3946
7745 2 2 1 2 66 3949 3951
7746 2 2 1 2 3949 994 3950
7747 2 2 1 2 3951 3950 996
7748 2 2 1 2 3949 3950 3951
7749 2 2 1 2 994 3952 3954
7750 2 2 1 2 3952 253 3953
7751 2 2 1 2 3954 3953 995
7752 2 2 1 2 3952 3953 3954
7753 2 2 1 2 996 3955 3957
7754 2 2 1 2 3955 995 3956
7755 2 2 1 2 3957 3956 254
7756 2 2 1 2 3955 3956 3957
7757 2 2 1 2 994 3954 3950
7758 2 2 1 2 3954 995 3955
7759 2 2 1 2 3950 3955 996
7760 2 2 1 2 3954 3955 3950
7761 2 2 1 2 253 3958 3960
7762 2 2 1 2 3958 997 3959
7763 2 2 1 2 3960 3959 998
7764 2 2 1 2 3958 3959 3960
7765 2 2 1 2 997 3961 3962
7766 2 2 1 2 3961 15 2633
7767 2 2 1 2 3962 2633 669
7768 2 2 1 2 3961 2633 3962
7769 2 2 1 2 998 3963 3964
7770 2 2 1 2 3963 669 2630
7771 2 2 1 2 3964 2630 173
7772 2 2 1 2 3963 2630 3964
7773 2 2 1 2 997 3962 3959
7774 2 2 1 2 3962 669 3963
7775 2 2 1 2 3959 3963 998
7776 2 2 1 2 3962 3963 3959
7777 2 2 1 2 254 3965 3967
7778 2 2 1 2 3965 999 3966
7779 2 2 1 2 3967 3966 1000
7780 2 2 1 2 3965 3966 3967
7781 2 2 1 2 999 3968 3969
7782 2 2 1 2 3968 173 2624
7783 2 2 1 2 3969 2624 666
7784 2 2 1 2 3968 2624 3969
7785 2 2 1 2 1000 3970 3971
7786 2 2 1 2 3970 666 2621
7787 2 2 1 2 3971 2621 47
7788 2 2 1 2 3970 2621 3971
7789 2 2 1 2 999 3969 3966
7790 2 2 1 2 3969 666 3970
7791 2 2 1 2 3966 3970 1000
7792 2 2 1 2 3969 3970 3966
7793 2 2 1 2 253 3960 3953
7794 2 2 1 2 3960 998 3972
7795 2 2 1 2 3953 3972 995
7796 2 2 1 2 3960 3972 3953
7797 2 2 1 2 998 3964 3973
7798 2 2 1 2 3964 173 3968
7799 2 2 1 2 3973 3968 999
7800 2 2 1 2 3964 3968 3973
7801 2 2 1 2 995 3974 3956
7802 2 2 1 2 3974 999 3965
7803 2 2 1 2 3956 3965 254
7804 2 2 1 2 3974 3965 3956
7805 2 2 1 2 998 3973 3972
7806 2 2 1 2 3973 999 3974
7807 2 2 1 2 3972 3974 995
7808 2 2 1 2 3973 3974 3972
7809 2 2 1 2 37 3975 1957
7810 2 2 1 2 3975 1001 3976
7811 2 2 1 2 1957 3976 502
7812 2 2 1 2 3975 3976 1957
7813 2 2 1 2 1001 3977 3979
7814 2 2 1 2 3977 255 3978
7815 2 2 1 2 3979 3978 1002
7816 2 2 1 2 3977 3978 3979
7817 2 2 1 2 502 3980 1960
7818 2 2 1 2 3980 1002 3981
7819 2 2 1 2 1960 3981 133
7820 2 2 1 2 3980 3981 1960
7821 2 2 1 2 1001 3979 3976
7822 2 2 1 2 3979 1002 3980
7823 2 2 1 2 3976 3980 502
7824 2 2 1 2 3979 3980 3976
7825 2 2 1 2 255 3982 3984
7826 2 2 1 2 3982 1003 3983
7827 2 2 1 2 3984 3983 1004
7828 2 2 1 2 3982 3983 3984
7829 2 2 1 2 1003 3985 3986
7830 2 2 1 2 3985 47 2605
7831 2 2 1 2 3986 2605 661
7832 2 2 1 2 3985 2605 3986
7833 2 2 1 2 1004 3987 3988
7834 2 2 1 2 3987 661 2602
7835 2 2 1 2 3988 2602 171
7836 2 2 1 2 3987 2602 3988
7837 2 2 1 2 1003 3986 3983
7838 2 2 1 2 3986 661 3987
7839 2 2 1 2 3983 3987 1004
7840 2 2 1 2 3986 3987 3983
7841 2 2 1 2 133 3989 1966
7842 2 2 1 2 3989 1005 3990
7843 2 2 1 2 1966 3990 505
7844 2 2 1 2 3989 3990 1966
7845 2 2 1 2 1005 3991 3992
7846 2 2 1 2 3991 171 2597
7847 2 2 1 2 3992 2597 659
7848 2 2 1 2 3991 2597 3992
7849 2 2 1 2 505 3993 1969
7850 2 2 1 2 3993 659 2595
7851 2 2 1 2 1969 2595 5
7852 2 2 1 2 3993 2595 1969
7853 2 2 1 2 1005 3992 3990
7854 2 2 1 2 3992 659 3993
7855 2 2 1 2 3990 3993 505
7856 2 2 1 2 3992 3993 3990
7857 2 2 1 2 255 3984 3978
7858 2 2 1 2 3984 1004 3994
7859 2 2 1 2 3978 3994 1002
7860 2 2 1 2 3984 3994 3978
7861 2 2 1 2 1004 3988 3995
7862 2 2 1 2 3988 171 3991
7863 2 2 1 2 3995 3991 1005
7864 2 2 1 2 3988 3991 3995
7865 2 2 1 2 1002 3996 3981
7866 2 2 1 2 3996 1005 3989
7867 2 2 1 2 3981 3989 133
7868 2 2 1 2 3996 3989 3981
7869 2 2 1 2 1004 3995 3994
7870 2 2 1 2 3995 1005 3996
7871 2 2 1 2 3994 3996 1002
7872 2 2 1 2 3995 3996 3994
7873 2 2 1 2 66 3951 3934
7874 2 2 1 2 3951 996 3997
7875 2 2 1 2 3934 3997 990
7876 2 2 1 2 3951 3997 3934
7877 2 2 1 2 996 3957 3999
7878 2 2 1 2 3957 254 3998
7879 2 2 1 2 3999 3998 1006
7880 2 2 1 2 3957 3998 3999
7881 2 2 1 2 990 4000 3937
7882 2 2 1 2 4000 1006 4001
7883 2 2 1 2 3937 4001 252
7884 2 2 1 2 4000 4001 3937
7885 2 2 1 2 996 3999 3997
7886 2 2 1 2 3999 1006 4000
7887 2 2 1 2 3997 4000 990
7888 2 2 1 2 3999 4000 3997
7889 2 2 1 2 254 3967 4003
7890 2 2 1 2 3967 1000 4002
7891 2 2 1 2 4003 4002 1007
7892 2 2 1 2 3967 4002 4003
7893 2 2 1 2 1000 3971 4004
7894 2 2 1 2 3971 47 3985
7895 2 2 1 2 4004 3985 1003
7896 2 2 1 2 3971 3985 4004
7897 2 2 1 2 1007 4005 4006
7898 2 2 1 2 4005 1003 3982
7899 2 2 1 2 4006 3982 255
7900 2 2 1 2 4005 3982 4006
7901 2 2 1 2 1000 4004 4002
7902 2 2 1 2 4004 1003 4005
7903 2 2 1 2 4002 4005 1007
7904 2 2 1 2 4004 4005 4002
7905 2 2 1 2 252 4007 3942
7906 2 2 1 2 4007 1008 4008
7907 2 2 1 2 3942 4008 993
7908 2 2 1 2 4007 4008 3942
7909 2 2 1 2 1008 4009 4010
7910 2 2 1 2 4009 255 3977
7911 2 2 1 2 4010 3977 1001
7912 2 2 1 2 4009 3977 4010
7913 2 2 1 2 993 4011 3945
7914 2 2 1 2 4011 1001 3975
7915 2 2 1 2 3945 3975 37
7916 2 2 1 2 4011 3975 3945
7917 2 2 1 2 1008 4010 4008
7918 2 2 1 2 4010 1001 4011
7919 2 2 1 2 4008 4011 993
7920 2 2 1 2 4010 4011 4008
7921 2 2 1 2 254 4003 3998
7922 2 2 1 2 4003 1007 4012
7923 2 2 1 2 3998 4012 1006
7924 2 2 1 2 4003 4012 3998
7925 2 2 1 2 1007 4006 4013
7926 2 2 1 2 4006 255 4009
7927 2 2 1 2 4013 4009 1008
7928 2 2 1 2 4006 4009 4013
7929 2 2 1 2 1006 4014 4001
7930 2 2 1 2 4014 1008 4007
7931 2 2 1 2 4001 4007 252
7932 2 2 1 2 4014 4007 4001
7933 2 2 1 2 1007 4013 4012
7934 2 2 1 2 4013 1008 4014
7935 2 2 1 2 4012 4014 1006
7936 2 2 1 2 4013 4014 4012
7937 2 2 1 2 18 3832 3770
7938 2 2 1 2 3832 966 4015
7939 2 2 1 2 3770 4015 950
7940 2 2 1 2 3832 4015 3770
7941 2 2 1 2 966 3837 4017
7942 2 2 1 2 3837 247 4016
7943 2 2 1 2 4017 4016 1009
7944 2 2 1 2 3837 4016 4017
7945 2 2 1 2 950 4018 3773
7946 2 2 1 2 4018 1009 4019
7947 2 2 1 2 3773 4019 242
7948 2 2 1 2 4018 4019 3773
7949 2 2 1 2 966 4017 4015
7950 2 2 1 2 4017 1009 4018
7951 2 2 1 2 4015 4018 950
7952 2 2 1 2 4017 4018 4015
7953 2 2 1 2 247 3847 4021
7954 2 2 1 2 3847 971 4020
7955 2 2 1 2 4021 4020 1011
7956 2 2 1 2 3847 4020 4021
7957 2 2 1 2 971 3853 4023
7958 2 2 1 2 3853 65 4022
7959 2 2 1 2 4023 4022 1010
7960 2 2 1 2 3853 4022 4023
7961 2 2 1 2 1011 4024 4026
7962 2 2 1 2 4024 1010 4025
7963 2 2 1 2 4026 4025 256
7964 2 2 1 2 4024 4025 4026
7965 2 2 1 2 971 4023 4020
7966 2 2 1 2 4023 1010 4024
7967 2 2 1 2 4020 4024 1011
7968 2 2 1 2 4023 4024 4020
7969 2 2 1 2 242 4027 3779
7970 2 2 1 2 4027 1012 4028
7971 2 2 1 2 3779 4028 953
7972 2 2 1 2 4027 4028 3779
7973 2 2 1 2 1012 4029 4031
7974 2 2 1 2 4029 256 4030
7975 2 2 1 2 4031 4030 1013
7976 2 2 1 2 4029 4030 4031
7977 2 2 1 2 953 4032 3782
7978 2 2 1 2 4032 1013 4033
7979 2 2 1 2 3782 4033 64
7980 2 2 1 2 4032 4033 3782
7981 2 2 1 2 1012 4031 4028
7982 2 2 1 2 4031 1013 4032
7983 2 2 1 2 4028 4032 953
7984 2 2 1 2 4031 4032 4028
7985 2 2 1 2 247 4021 4016
7986 2 2 1 2 4021 1011 4034
7987 2 2 1 2 4016 4034 1009
7988 2 2 1 2 4021 4034 4016
7989 2 2 1 2 1011 4026 4035
7990 2 2 1 2 4026 256 4029
7991 2 2 1 2 4035 4029 1012
7992 2 2 1 2 4026 4029 4035
7993 2 2 1 2 1009 4036 4019
7994 2 2 1 2 4036 1012 4027
7995 2 2 1 2 4019 4027 242
7996 2 2 1 2 4036 4027 4019
7997 2 2 1 2 1011 4035 4034
7998 2 2 1 2 4035 1012 4036
7999 2 2 1 2 4034 4036 1009
8000 2 2 1 2 4035 4036 4034
8001 2 2 1 2 65 3881 4038
8002 2 2 1 2 3881 979 4037
8003 2 2 1 2 4038 4037 1015
8004 2 2 1 2 3881 4037 4038
8005 2 2 1 2 979 3887 4040
8006 2 2 1 2 3887 250 4039
8007 2 2 1 2 4040 4039 1014
8008 2 2 1 2 3887 4039 4040
8009 2 2 1 2 1015 4041 4043
8010 2 2 1 2 4041 1014 4042
8011 2 2 1 2 4043 4042 257
8012 2 2 1 2 4041 4042 4043
8013 2 2 1 2 979 4040 4037
8014 2 2 1 2 4040 1014 4041
8015 2 2 1 2 4037 4041 1015
8016 2 2 1 2 4040 4041 4037
8017 2 2 1 2 250 3897 4045
8018 2 2 1 2 3897 983 4044
8019 2 2 1 2 4045 4044 1016
8020 2 2 1 2 3897 4044 4045
8021 2 2 1 2 983 3901 4046
8022 2 2 1 2 3901 15 3961
8023 2 2 1 2 4046 3961 997
8024 2 2 1 2 3901 3961 4046
8025 2 2 1 2 1016 4047 4048
8026 2 2 1 2 4047 997 3958
8027 2 2 1 2 4048 3958 253
8028 2 2 1 2 4047 3958 4048
8029 2 2 1 2 983 4046 4044
8030 2 2 1 2 4046 997 4047
8031 2 2 1 2 4044 4047 1016
8032 2 2 1 2 4046 4047 4044
8033 2 2 1 2 257 4049 4051
8034 2 2 1 2 4049 1017 4050
8035 2 2 1 2 4051 4050 1018
8036 2 2 1 2 4049 4050 4051
8037 2 2 1 2 1017 4052 4053
8038 2 2 1 2 4052 253 3952
8039 2 2 1 2 4053 3952 994
8040 2 2 1 2 4052 3952 4053
8041 2 2 1 2 1018 4054 4055
8042 2 2 1 2 4054 994 3949
8043 2 2 1 2 4055 3949 66
8044 2 2 1 2 4054 3949 4055
8045 2 2 1 2 1017 4053 4050
8046 2 2 1 2 4053 994 4054
8047 2 2 1 2 4050 4054 1018
8048 2 2 1 2 4053 4054 4050
8049 2 2 1 2 250 4045 4039
8050 2 2 1 2 4045 1016 4056
8051 2 2 1 2 4039 4056 1014
8052 2 2 1 2 4045 4056 4039
8053 2 2 1 2 1016 4048 4057
8054 2 2 1 2 4048 253 4052
8055 2 2 1 2 4057 4052 1017
8056 2 2 1 2 4048 4052 4057
8057 2 2 1 2 1014 4058 4042
8058 2 2 1 2 4058 1017 4049
8059 2 2 1 2 4042 4049 257
8060 2 2 1 2 4058 4049 4042
8061 2 2 1 2 1016 4057 4056
8062 2 2 1 2 4057 1017 4058
8063 2 2 1 2 4056 4058 1014
8064 2 2 1 2 4057 4058 4056
8065 2 2 1 2 64 4059 3798
8066 2 2 1 2 4059 1019 4060
8067 2 2 1 2 3798 4060 958
8068 2 2 1 2 4059 4060 3798
8069 2 2 1 2 1019 4061 4063
8070 2 2 1 2 4061 258 4062
8071 2 2 1 2 4063 4062 1020
8072 2 2 1 2 4061 4062 4063
8073 2 2 1 2 958 4064 3801
8074 2 2 1 2 4064 1020 4065
8075 2 2 1 2 3801 4065 245
8076 2 2 1 2 4064 4065 3801
8077 2 2 1 2 1019 4063 4060
8078 2 2 1 2 4063 1020 4064
8079 2 2 1 2 4060 4064 958
8080 2 2 1 2 4063 4064 4060
8081 2 2 1 2 258 4066 4068
8082 2 2 1 2 4066 1021 4067
8083 2 2 1 2 4068 4067 1022
8084 2 2 1 2 4066 4067 4068
8085 2 2 1 2 1021 4069 4070
8086 2 2 1 2 4069 66 3933
8087 2 2 1 2 4070 3933 989
8088 2 2 1 2 4069 3933 4070
8089 2 2 1 2 1022 4071 4072
8090 2 2 1 2 4071 989 3930
8091 2 2 1 2 4072 3930 251
8092 2 2 1 2 4071 3930 4072
8093 2 2 1 2 1021 4070 4067
8094 2 2 1 2 4070 989 4071
8095 2 2 1 2 4067 4071 1022
8096 2 2 1 2 4070 4071 4067
8097 2 2 1 2 245 4073 3806
8098 2 2 1 2 4073 1023 4074
8099 2 2 1 2 3806 4074 961
8100 2 2 1 2 4073 4074 3806
8101 2 2 1 2 1023 4075 4076
8102 2 2 1 2 4075 251 3925
8103 2 2 1 2 4076 3925 987
8104 2 2 1 2 4075 3925 4076
8105 2 2 1 2 961 4077 3809
8106 2 2 1 2 4077 987 3923
8107 2 2 1 2 3809 3923 12
8108 2 2 1 2 4077 3923 3809
8109 2 2 1 2 1023 4076 4074
8110 2 2 1 2 4076 987 4077
8111 2 2 1 2 4074 4077 961
8112 2 2 1 2 4076 4077 4074
8113 2 2 1 2 258 4068 4062
8114 2 2 1 2 4068 1022 4078
8115 2 2 1 2 4062 4078 1020
8116 2 2 1 2 4068 4078 4062
8117 2 2 1 2 1022 4072 4079
8118 2 2 1 2 4072 251 4075
8119 2 2 1 2 4079 4075 1023
8120 2 2 1 2 4072 4075 4079
8121 2 2 1 2 1020 4080 4065
8122 2 2 1 2 4080 1023 4073
8123 2 2 1 2 4065 4073 245
8124 2 2 1 2 4080 4073 4065
8125 2 2 1 2 1022 4079 4078
8126 2 2 1 2 4079 1023 4080
8127 2 2 1 2 4078 4080 1020
8128 2 2 1 2 4079 4080 4078
8129 2 2 1 2 65 4038 4022
8130 2 2 1 2 4038 1015 4081
8131 2 2 1 2 4022 4081 1010
8132 2 2 1 2 4038 4081 4022
8133 2 2 1 2 1015 4043 4083
8134 2 2 1 2 4043 257 4082
8135 2 2 1 2 4083 4082 1024
8136 2 2 1 2 4043 4082 4083
8137 2 2 1 2 1010 4084 4025
8138 2 2 1 2 4084 1024 4085
8139 2 2 1 2 4025 4085 256
8140 2 2 1 2 4084 4085 4025
8141 2 2 1 2 1015 4083 4081
8142 2 2 1 2 4083 1024 4084
8143 2 2 1 2 4081 4084 1010
8144 2 2 1 2 4083 4084 4081
8145 2 2 1 2 257 4051 4087
8146 2 2 1 2 4051 1018 4086
8147 2 2 1 2 4087 4086 1025
8148 2 2 1 2 4051 4086 4087
8149 2 2 1 2 1018 4055 4088
8150 2 2 1 2 4055 66 4069
8151 2 2 1 2 4088 4069 1021
8152 2 2 1 2 4055 4069 4088
8153 2 2 1 2 1025 4089 4090
8154 2 2 1 2 4089 1021 4066
8155 2 2 1 2 4090 4066 258
8156 2 2 1 2 4089 4066 4090
8157 2 2 1 2 1018 4088 4086
8158 2 2 1 2 4088 1021 4089
8159 2 2 1 2 4086 4089 1025
8160 2 2 1 2 4088 4089 4086
8161 2 2 1 2 256 4091 4030
8162 2 2 1 2 4091 1026 4092
8163 2 2 1 2 4030 4092 1013
8164 2 2 1 2 4091 4092 4030
8165 2 2 1 2 1026 4093 4094
8166 2 2 1 2 4093 258 4061
8167 2 2 1 2 4094 4061 1019
8168 2 2 1 2 4093 4061 4094
8169 2 2 1 2 1013 4095 4033
8170 2 2 1 2 4095 1019 4059
8171 2 2 1 2 4033 4059 64
8172 2 2 1 2 4095 4059 4033
8173 2 2 1 2 1026 4094 4092
8174 2 2 1 2 4094 1019 4095
8175 2 2 1 2 4092 4095 1013
8176 2 2 1 2 4094 4095 4092
8177 2 2 1 2 257 4087 4082
8178 2 2 1 2 4087 1025 4096
8179 2 2 1 2 4082 4096 1024
8180 2 2 1 2 4087 4096 4082
8181 2 2 1 2 1025 4090 4097
8182 2 2 1 2 4090 258 4093
8183 2 2 1 2 4097 4093 1026
8184 2 2 1 2 4090 4093 4097
8185 2 2 1 2 1024 4098 4085
8186 2 2 1 2 4098 1026 4091
8187 2 2 1 2 4085 4091 256
8188 2 2 1 2 4098 4091 4085
8189 2 2 1 2 1025 4097 4096
8190 2 2 1 2 4097 1026 4098
8191 2 2 1 2 4096 4098 1024
8192 2 2 1 2 4097 4098 4096
$EndElements
