$MeshFormat
2.2 0 8
$EndMeshFormat
$Nodes
4098
1 1.4239771055853216 0.0 0.0
2 0.0 1.4574494233511504 0.0
3 0.0 0.0 1.4793277062261714
4 -1.8189436811800839 0.0 0.0
5 0.0 -1.5571593013885983 0.0
6 0.0 0.0 -1.4696986776573642
7 1.4810970832372903 1.4810970832372903 0.0
8 0.0 1.3853319837872378 1.3853319837872378
9 1.4116871423788842 0.0 1.4116871423788842
10 -1.4251495848254736 1.4251495848254736 0.0
11 -1.3436592093825785 0.0 1.3436592093825785
12 -1.2290369328829247 -1.2290369328829247 0.0
13 0.0 -1.3680724487497593 1.3680724487497593
14 1.4037372432991058 -1.4037372432991058 0.0
15 0.0 -1.3768922294298278 -1.3768922294298278
16 1.4555484459668324 0.0 -1.4555484459668324
17 0.0 1.4425520996586694 -1.4425520996586694
18 -1.4297125406113027 0.0 -1.4297125406113027
19 1.584049645102637 0.6561348464738 0.0
20 1.6395761601171914 0.8197880800585957 0.8197880800585957
21 1.5175018615586655 0.0 0.628569851984018
22 0.6194936593130708 1.4955899941177533 0.0
23 0.0 1.4314673895518613 0.5929332068471914
24 0.7615614698014233 1.5231229396028465 0.7615614698014233
25 0.7997558451323166 0.7997558451323166 1.5995116902646331
26 0.0 0.6252586838598785 1.50950799456607
27 0.6522336306875255 0.0 1.5746312770416686
28 -0.6266833643987065 1.5129474776449578 0.0
29 -0.7995800631874215 1.599160126374843 0.7995800631874215
30 -1.6746695328644128 0.6936708330054553 0.0
31 -1.685897616776137 0.0 0.6983216576411546
32 -1.572254631165767 0.7861273155828835 0.7861273155828835
33 -0.8194331016405483 0.8194331016405483 1.6388662032810966
34 -0.6792330569027621 0.0 1.6398136579867846
35 -1.678331157272736 -0.6951875274956991 0.0
36 -1.2650154219178422 -0.6325077109589211 0.6325077109589211
37 -0.6682649709756304 -1.6133343561882298 0.0
38 0.0 -1.5124376448933536 0.6264721847584501
39 -0.6275611124117693 -1.2551222248235385 0.6275611124117693
40 -0.6634107477237198 -0.6634107477237198 1.3268214954474395
41 0.0 -0.6518750586200148 1.5737656074931963
42 0.6665462888587108 -1.6091850905121543 0.0
43 0.8423949357559706 -1.6847898715119412 0.8423949357559706
44 1.530817451039348 -0.6340853497379092 0.0
45 1.5509604089043565 -0.7754802044521782 0.7754802044521782
46 0.8359393883425174 -0.8359393883425174 1.6718787766850347
47 0.0 -1.5189297369431716 -0.6291612973336592
48 0.7945095396592219 -1.5890190793184438 -0.7945095396592219
49 0.0 -0.6086197443835165 -1.469338041218732
50 0.5999538549222027 0.0 -1.448416733351202
51 0.7610447208029814 -0.7610447208029814 -1.5220894416059627
52 1.6395386788896198 -0.8197693394448099 -0.8197693394448099
53 1.5804453977356132 0.0 -0.6546419183322314
54 1.5843267357468471 0.7921633678734236 -0.7921633678734236
55 0.0 0.6566972500391354 -1.5854074074175963
56 0.8018649283724272 0.8018649283724272 -1.6037298567448544
57 0.7886783300364811 1.5773566600729623 -0.7886783300364811
58 0.0 1.604135199875782 -0.6644545556686244
59 -0.8178561716275194 1.635712343255039 -0.8178561716275194
60 -0.6254954539657702 0.0 -1.5100796081668786
61 -0.8278398086556695 0.8278398086556695 -1.655679617311339
62 -1.5731074955619226 0.7865537477809613 -0.7865537477809613
63 -1.5782910386104496 0.0 -0.6537495535643664
64 -1.615674214997033 -0.8078371074985164 -0.8078371074985164
65 -0.7893488182458971 -0.7893488182458971 -1.5786976364917942
66 -0.8205847155182941 -1.6411694310365883 -0.8205847155182941
67 1.457553620404217 0.2899254412173942 0.0
68 1.4672106771378064 0.3038692806645459 0.3038692806645459
69 1.43895507784818 0.0 0.28622596108776155
70 1.665348643381547 1.1127503881954344 0.0
71 1.5943957786992655 1.1671787173812063 0.4272170613180592
72 1.5842395619978575 0.7199738702852865 0.37162259805601994
73 1.5430214021236859 0.3619538585377294 0.7012418560101088
74 1.5542354774488543 0.41645614103022094 1.1377793364186333
75 1.5774260281461405 0.0 1.0540023749051377
76 1.0553497145574373 1.57944246443404 0.0
77 0.6472433087406733 1.424202319368983 0.3340819019907967
78 1.0875219126916786 1.4855825599090753 0.3980606472173967
79 0.2863164359381768 1.4394099256367168 0.0
80 0.0 1.4014941185079155 0.2787745129810764
81 0.288066033791615 1.3909058512774868 0.288066033791615
82 0.34420822241055316 1.4673711619269014 0.6668618307102709
83 0.0 1.508354718572665 1.0078504013550305
84 0.4202948856584419 1.5685618674386572 1.1482669817802151
85 1.103485807442945 0.4039038382397012 1.507389645682646
86 0.6971162106683505 0.35982436036586596 1.533943280209906
87 1.0472741572760793 0.0 1.5673565388700241
88 0.4267502756173671 1.1659034351306687 1.592653710748036
89 0.0 1.0231357574744246 1.5312308706253444
90 0.3651281184578708 0.7073916009716658 1.5565533783055923
91 0.3111813441038114 0.3111813441038114 1.502516442585821
92 0.0 0.2938698976542526 1.4773837420242053
93 0.3003412185482033 0.0 1.5099172691205829
94 1.4514593747998974 1.4514593747998974 0.9676395831999317
95 0.9952884928797021 1.4929327393195528 1.4929327393195528
96 1.4622676217361554 0.9748450811574371 1.4622676217361554
97 -0.2949334349771726 1.482730505209071 0.0
98 -0.2892534886938748 1.3966393907369707 0.2892534886938748
99 -1.0280744364541698 1.538622126046386 0.0
100 -1.1581345185086036 1.5820411732824118 0.42390665477380807
101 -0.6762239986590971 1.487971794064734 0.3490406105293066
102 -0.338367158702057 1.442470512021444 0.6555454757125188
103 -0.40357943338394436 1.5061789502787395 1.102599516894795
104 -1.641996912165235 1.0971472602382613 0.0
105 -1.666435321493217 0.7573285737685673 0.3909036477315706
106 -1.6392817670081887 1.2000375413712807 0.439244225636908
107 -1.7176924550007633 0.3416702726543785 0.0
108 -1.7999800977396592 0.0 0.3580383024776638
109 -1.73182135161095 0.35867194572227995 0.35867194572227995
110 -1.5924002077455608 0.3735368794862551 0.723682559200738
111 -1.5558317893092741 0.0 1.0395735658122163
112 -1.4632721966326838 0.3920826033946426 1.0711895932380413
113 -0.4100801648090276 1.120359845434482 1.5304400102435098
114 -0.3642184073318497 0.7056291456105839 1.552675249356031
115 -1.128426147537253 0.41303263629324155 1.5414587838304945
116 -1.0408747278607964 0.0 1.5577791159293406
117 -0.7477748361383703 0.385972378770556 1.645413157018403
118 -0.3217867859117881 0.3217867859117881 1.5537240454813732
119 -0.3116039354037802 0.0 1.566538770357256
120 -1.5041280570006264 1.5041280570006264 1.0027520380004178
121 -1.3923065941062216 0.9282043960708145 1.3923065941062216
122 -0.9889774372459831 1.4834661558689743 1.4834661558689743
123 -1.8266400616240122 -0.3633412990081566 0.0
124 -1.7016314619474666 -0.35241941484969885 0.35241941484969885
125 -1.4572109637267392 -0.9736772369040014 0.0
126 -1.244908893520968 -0.911336560851702 0.3335723326692659
127 -1.4644674796074204 -0.6655422225854749 0.34352709185847047
128 -1.5271681137284505 -0.35823507738714433 0.6940371669741447
129 -1.395856089354372 -0.37401851189256907 1.0218375774618031
130 -0.978647371613053 -1.4646492959735298 0.0
131 -0.6520247199557864 -1.4347233967605288 0.3365498810820801
132 -0.9054087668240534 -1.2368113762907982 0.33140260946674477
133 -0.3219869014651381 -1.6187374656829228 0.0
134 0.0 -1.5113794886925551 0.3006320721048932
135 -0.31881637407730923 -1.5393816284081083 0.31881637407730923
136 -0.3366026236007993 -1.4349482398814568 0.6521269022114657
137 0.0 -1.523005846825674 1.0176399722751073
138 -0.355056164047842 -1.3250876437670567 0.9700314797192146
139 -1.0081484360756074 -0.3690079383892245 1.3771563744648319
140 -0.6868004958924283 -0.35449978834450346 1.5112444516373829
141 -0.35803369245191086 -0.9781662386001101 1.336199931052021
142 0.0 -1.0366093897478217 1.5513955863297462
143 -0.34568223679180754 -0.6697175554279802 1.4736549345229506
144 -0.3211855917884463 -0.3211855917884463 1.5508212234689915
145 0.0 -0.30253695797332586 1.520955996646919
146 -0.9488324674065589 -0.9488324674065589 0.6325549782710393
147 -0.6811103472933673 -1.0216655209400507 1.0216655209400507
148 -1.0315134614967565 -0.6876756409978377 1.0315134614967565
149 0.309301462438552 -1.554963457089612 0.0
150 0.3162482622046913 -1.5269816873829771 0.3162482622046913
151 1.0667003519333984 -1.5964298937408294 0.0
152 1.181461768831676 -1.6139067898241675 0.4324450209924913
153 0.7424837489111382 -1.6337705821176762 0.3832413246822377
154 0.375459720159951 -1.6005973418343453 0.7274078306159443
155 0.4469690649470332 -1.6681112597938812 1.221142194846848
156 1.5552267737377556 -1.0391693073317192 0.0
157 1.5478143552203194 -0.70342006256034 0.3630781643086857
158 1.5554509114191766 -1.1386690958381545 0.4167818155810221
159 1.460024786670717 -0.29041698674965244 0.0
160 1.4745037282948037 -0.3053797210147004 0.3053797210147004
161 1.5474821159562875 -0.3630002293666243 0.703269073029133
162 1.5628583669055576 -0.41876663729656743 1.14409172960899
163 0.4521351878603214 -1.2352563051240972 1.6873914929844187
164 0.388993463287973 -0.7536278222695737 1.6582921413365463
165 1.1538369146755791 -0.4223336225955197 1.5761705372710988
166 0.7348190099149403 -0.3792850835785714 1.6169049940021616
167 0.3217887199432076 -0.3217887199432076 1.5537333838111393
168 1.4000214730310618 -1.4000214730310618 0.9333476486873747
169 1.3796173135210472 -0.9197448756806983 1.3796173135210472
170 1.0060158630620537 -1.5090237945930802 1.5090237945930802
171 0.0 -1.542179442729355 -0.30675856387753764
172 0.3162024949738879 -1.5267607036443416 -0.3162024949738879
173 0.0 -1.5258153743651732 -1.0195172385596465
174 0.4232207211785072 -1.5794812342541302 -1.1562605130756232
175 0.35979322546078846 -1.5338105510684577 -0.6970558905526555
176 0.7007334447185078 -1.541902687521444 -0.36169143634039197
177 1.1033135728450125 -1.5071543688464601 -0.4038407960014474
178 0.0 -1.0094752807613179 -1.510786522455751
179 0.3486908135707894 -0.6755463093276219 -1.4864805979339057
180 0.4207326008548953 -1.1494628419361708 -1.5701954427910663
181 0.0 -0.28598405424772744 -1.4377389300378611
182 0.2858788383921144 0.0 -1.4372099742117401
183 0.2908727571382252 -0.2908727571382252 -1.4044579104159178
184 0.6339139908168175 -0.3272018248635321 -1.3948723205163136
185 1.011426968601832 0.0 -1.5137074297247888
186 1.0666043895679769 -0.39040430236987345 -1.4570086919378502
187 1.5210661610543277 -1.1134977115655125 -0.4075684494888151
188 1.5402603130324155 -0.6999870508361127 -0.3613061767564033
189 1.6201332623384048 -0.4341133992743758 -1.1860198630640288
190 1.6706361633871445 0.0 -1.1162833961107455
191 1.6068499696685716 -0.3769264287665094 -0.7302494012781391
192 1.4823087670947468 -0.3069961974775927 -0.3069961974775927
193 1.4508326585737514 0.0 -0.28858855878862794
194 0.9979073495815582 -1.4968610243723373 -1.4968610243723373
195 1.4566703985933867 -0.9711135990622579 -1.4566703985933867
196 1.4505660238867761 -1.4505660238867761 -0.9670440159245176
197 1.4653009546947051 0.30347376419639543 -0.30347376419639543
198 1.6265384582787747 0.4358296663539611 -1.1907087919248136
199 1.5743471489089595 0.3693020877359118 -0.7154781619915908
200 1.5832419651840657 0.7195205022112661 -0.3713885870335416
201 1.6336176957746622 1.1958911534506498 -0.4377265423240122
202 0.7036278918541529 0.3631854377324953 -1.5482716654130768
203 1.1595389566115903 0.424420714797544 -1.5839596714091344
204 0.0 0.30410835214666715 -1.5288559286322545
205 0.30976918200572284 0.30976918200572284 -1.495697920806872
206 0.36657726094573667 0.7101991394018942 -1.5627311211884483
207 0.0 1.0625960238781256 -1.5902873327214386
208 0.417599746743616 1.1409037253314547 -1.5585034720750708
209 1.1780416831407907 1.6092348658872986 -0.4311931827465077
210 0.708368539481552 1.5587030460933797 -0.3656323762402276
211 0.41981673929861624 1.5667774009303337 -1.1469606616317174
212 0.0 1.6344107292998418 -1.0920783349042562
213 0.3643424063903499 1.553203861488754 -0.7058693788001884
214 0.3066061689929651 1.4804255429801472 -0.3066061689929651
215 0.0 1.5179221035245294 -0.3019334791099744
216 1.4083399166808859 0.9388932777872574 -1.4083399166808859
217 0.9340317952503082 1.401047692875462 -1.401047692875462
218 1.3967072787620836 1.3967072787620836 -0.9311381858413891
219 -0.3272410230477653 1.5800594320135233 -0.3272410230477653
220 -0.44112067575295055 1.646284774179128 -1.2051640984261773
221 -0.3927993951317224 1.6745169560509259 -0.7610013552407123
222 -0.7225408448659479 1.5898879651596491 -0.37294757081153285
223 -1.1161583050464097 1.5247005993383766 -0.40854229429196676
224 -0.3864873317901636 0.7487724953778283 -1.647608418960223
225 -0.432027846559839 1.180322027086051 -1.61234987364589
226 -0.2956048174292108 0.0 -1.4861057727245226
227 -0.3273848656494979 0.3273848656494979 -1.5807539655334233
228 -0.733641975732792 0.37867754416801286 -1.6143150331797722
229 -1.034226005058683 0.0 -1.5478285990693323
230 -1.1637857858831369 0.4259751621964654 -1.5897609480796022
231 -1.5505423714020645 1.1350757951546433 -0.4154665762474211
232 -1.571423469205984 0.7141494658513611 -0.36861626630260963
233 -1.5747016973755348 0.4219400481316927 -1.152761649243842
234 -1.5901180739275975 0.0 -1.062482928767801
235 -1.5303818970117655 0.35898894979507007 -0.6954977036532242
236 -1.558704667084759 0.32281830642037357 -0.32281830642037357
237 -1.674416822638483 0.0 -0.33306221417134557
238 -0.9473465925641127 1.421019888846169 -1.421019888846169
239 -1.4192414135219351 0.9461609423479569 -1.4192414135219351
240 -1.3708990201890252 1.3708990201890252 -0.9139326801260168
241 -1.7442768604405035 -0.3612515660640094 -0.3612515660640094
242 -1.622179120816026 -0.4346615854012828 -1.1875175354147431
243 -1.6419296302722164 -0.3851552313574571 -0.7461917117840388
244 -1.6259298805981675 -0.7389204619221215 -0.3814020940891151
245 -1.4468506024388674 -1.0591681519468894 -0.38768245049197786
246 -0.6720367576786161 -0.3468793190768316 -1.4787581363325886
247 -1.145295817712578 -0.4192073641308752 -1.5645031818434532
248 -0.294456498405179 -0.294456498405179 -1.4217617439573498
249 -0.3418201059358375 -0.6622351436627467 -1.4571905415402664
250 -0.3990741400839779 -1.0902908266962872 -1.489364966780265
251 -1.099973885316643 -1.5025922708420052 -0.40261838552536205
252 -0.7427169107944203 -1.6342836344590048 -0.38336167380657266
253 -0.4102156880749779 -1.530945789957644 -1.120730101882666
254 -0.36831878072877533 -1.570155278257271 -0.713573123505476
255 -0.33191145903761415 -1.6026102918313003 -0.33191145903761415
256 -1.5108493581903268 -1.007232905460218 -1.5108493581903268
257 -0.9806107713000465 -1.4709161569500695 -1.4709161569500695
258 -1.4087770330610785 -1.4087770330610785 -0.9391846887073858
259 1.4289331156916798 0.14073762786799868 0.0
260 1.4320387287401455 0.1424251068565291 0.1424251068565291
261 1.4269298619253339 0.0 0.14054032459327076
262 1.5125742479845827 0.45883438183599307 0.0
263 1.5130408650559946 0.46706329419727294 0.1596587525336399
264 1.4606326382070882 0.2964573293826494 0.14960860363029013
265 1.442532999133042 0.14775470713554648 0.2927837358161876
266 1.4702438556349324 0.1551427362817693 0.45385220871793047
267 1.4691216274601027 0.0 0.44565317350584366
268 1.6463480926574487 0.8799913891767521 0.0
269 1.6329309916512513 0.9106317374257211 0.19806837869669455
270 1.5847416338120042 0.6877218456926981 0.18243191450959773
271 1.613061078176147 1.323805015170375 0.0
272 1.5507398206582046 1.3316504731928211 0.21908934746538325
273 1.6295299834032333 1.1394833274604599 0.2125490361746187
274 1.618877185728534 0.9468051325752809 0.40512683427183266
275 1.6287279322268327 1.0000624160933458 0.6286655161334866
276 1.6049299248778028 0.7643402808975813 0.580258034421161
277 1.5210320710008336 0.17509781204883657 0.6600741476768518
278 1.5607125925260357 0.18930855890030648 0.8703579189938735
279 1.5645662256216581 0.0 0.836278070527275
280 1.5894760079383563 0.5746707129260659 0.7569804260955943
281 1.6110970877677213 0.621860264186587 0.9892368235811343
282 1.5740324720181709 0.39390436658900463 0.9205775685054758
283 1.5584609075928253 0.20327908488855811 1.0897867721292995
284 1.489112420356109 0.21038259554071592 1.2787298248153929
285 1.5285616995976357 0.0 1.2544581673327893
286 1.5206294388342487 0.495947878123113 0.3350339449740754
287 1.5478899413683964 0.5332751541843702 0.5332751541843702
288 1.4960314300477833 0.3296143682436956 0.48792532512489295
289 1.2847336531675344 1.5654524858261616 0.0
290 1.0654114048982108 1.523602660172876 0.19873232173150782
291 1.2897796928862524 1.5019802642651916 0.21220057137893922
292 0.8261619535584526 1.5456403019347218 0.0
293 0.6302814020850577 1.4523795996265532 0.1671946930031795
294 0.8341930714702611 1.4958623375847886 0.1814424672406147
295 0.856286775067861 1.4641060519263733 0.3663950885738326
296 0.6898234707501248 1.4484626268680099 0.5236877098312788
297 0.912754816272037 1.4865364807370933 0.5737816644650565
298 0.44166970953187323 1.4559899065967004 0.0
299 0.28637893291259436 1.4109768079545235 0.14452249283701915
300 0.4382133755750539 1.4195822131531959 0.14979683001661367
301 0.1421697507880349 1.4434737037148075 0.0
302 0.0 1.4258578527508448 0.14043474090526356
303 0.14098521759407343 1.4175611044332828 0.14098521759407343
304 0.14321765000956735 1.398237593930333 0.2837933181116809
305 0.0 1.4008538506346873 0.4249443698086077
306 0.14827019601224647 1.405114734246238 0.43374738360281245
307 0.538605393159691 1.4897232987818467 0.7094736704702442
308 0.3847554768790205 1.5374737265258838 0.89919607756981
309 0.6046131856445862 1.5664138693474794 0.9618006837028931
310 0.16712343990341583 1.4517606412933186 0.6300127960496908
311 0.0 1.4787814345726424 0.7904251444163644
312 0.1830313404040613 1.5089614513730019 0.8414980150402497
313 0.20084589347170456 1.5398065846164328 1.076742341997202
314 0.0 1.4834099273030614 1.2174030654423071
315 0.21240454242878715 1.5034239950212507 1.2910194525924634
316 0.45488486386627275 1.394725828635273 0.30729412741288253
317 0.30967349661232957 1.4055251488379306 0.45840702370541553
318 0.4880546806398163 1.416632530265889 0.4880546806398163
319 1.2613708819944391 0.20752662129530222 1.4688975032897416
320 1.0680682684173621 0.1992279093075908 1.527402135480616
321 1.2427168798790504 0.0 1.514254899440313
322 0.953225028800935 0.5992223036072606 1.5524473324081953
323 0.7385744681311477 0.5606976105565998 1.5508279431019805
324 0.8956588540969187 0.38324194035668807 1.5314256706122962
325 0.8646370623332703 0.18806423503484895 1.5504540393085717
326 0.6726958788373401 0.17844597758182767 1.5501167699762766
327 0.8466140531718603 0.0 1.5839034890562163
328 0.6257816782852137 0.9954748925658856 1.6212565708510993
329 0.3983123351415148 0.9308792491069309 1.5916466094225556
330 0.5717881254750374 0.753183360701698 1.5815030879841365
331 0.21317390760814212 1.29569574341627 1.5088696510244122
332 0.0 1.2225989107831545 1.4897410831692939
333 0.20353362387787066 1.0911513651650073 1.5604123580557163
334 0.18887174514141017 0.8683496404649503 1.5571113779900512
335 0.0 0.8174933225466875 1.5294224340013527
336 0.17606729733797305 0.6637288602539201 1.5294537537156858
337 0.4727592982604888 0.16160584817240675 1.531492940015091
338 0.3049759378175349 0.15390755996060043 1.5026034592288209
339 0.4691806869562637 0.0 1.5466814450609916
340 0.15811764484371954 0.4625549611247388 1.4984362231225044
341 0.0 0.4518882722712418 1.489675993478717
342 0.15181872278512906 0.3008367969156806 1.4822100882570988
343 0.1468625883488684 0.1468625883488684 1.4766561806441751
344 0.0 0.14515308533980562 1.473764007742176
345 0.14589410261458943 0.0 1.481287682393218
346 0.5301819492884781 0.5301819492884781 1.5389115730582017
347 0.3348560776868869 0.495684582701882 1.5198221468056
348 0.49691222927916723 0.33568540531175417 1.5235862430105658
349 1.408282176565785 1.408282176565785 0.4357240218092622
350 1.119866087604409 1.5561720703720598 0.8920127193254896
351 1.2627834746091935 1.4820669435471268 0.661743399745139
352 1.5372910745363475 1.3098367607758343 0.6864009932147797
353 1.6338207159464069 1.1757442816567771 0.936521665867728
354 0.7010882773637358 1.5701853026254153 1.3378640289243864
355 0.9187778498120982 1.6028655172487134 1.1534680321875812
356 0.4511630016726536 1.4581817439012987 1.4581817439012987
357 0.7072012394974467 1.34952919636895 1.5838761367297185
358 0.9367761344318013 1.1760637509973966 1.634264652298007
359 1.6335883661479838 0.9363884807402784 1.1755770760728512
360 1.5312354692974555 0.6836971633940374 1.304677129992809
361 1.1467583918761157 0.9134333853567727 1.5935417641942022
362 1.278220441768572 0.6698329189186162 1.5001845537277778
363 1.388970067743216 0.42974883454508195 1.388970067743216
364 1.279300436759441 1.535160524111329 1.279300436759441
365 1.2886571250518937 1.2886571250518937 1.5463885500622723
366 1.5483834133908152 1.2903195111590127 1.2903195111590127
367 -0.14492698598942194 1.471468382513203 0.0
368 -0.14214787962360487 1.4292512979074 0.14214787962360487
369 -0.4535506734782988 1.49515619582439 0.0
370 -0.446854098478564 1.4475736374827517 0.15275053470054586
371 -0.29072189090750167 1.4323743770648365 0.1467141872795082
372 -0.14301782304345761 1.3962866781299619 0.28339735045157277
373 -0.14682643624258343 1.3914326310344909 0.4295238306603814
374 -0.8191328638230085 1.5324897999850464 0.0
375 -0.8516949844859035 1.5272465020080697 0.18524924817370472
376 -0.6441682841162457 1.4843796302442998 0.17087846499818835
377 -1.2384245988675995 1.5090247398950456 0.0
378 -1.3055351151955112 1.5203278421454995 0.21479272694998838
379 -1.083965003861046 1.5501354273326733 0.20219314426579618
380 -0.9088670232341289 1.5540094135027827 0.3888935613344181
381 -0.9879351300545183 1.608977115482111 0.6210419854275929
382 -0.7303830154726412 1.5336278715783151 0.5544789716369065
383 -0.16398819166312764 1.42452550301131 0.6181937088449555
384 -0.17826671574074643 1.4696805559190795 0.8195923556720778
385 -0.5448329815211692 1.5069481234775142 0.7176769117097648
386 -0.6019963315254968 1.5596342014812705 0.9576378699557737
387 -0.3736232757311963 1.4929897157406062 0.8731794716775719
388 -0.1943929663359816 1.4903345266027792 1.0421479584290136
389 -0.20482254116451654 1.4497577103898491 1.2449351692253325
390 -0.46444882862690845 1.4240499713698564 0.313754993533482
391 -0.4987192034313857 1.447587483687284 0.4987192034313857
392 -0.30795816350839117 1.3977397108117702 0.45586783080889154
393 -1.5634782642965686 1.2831134514298002 0.0
394 -1.6489289774993428 1.1530484846328706 0.21507935935975825
395 -1.5617399701807901 1.341096515734455 0.2206434544463351
396 -1.6702155804207548 0.8927488271734084 0.0
397 -1.6926681973150985 0.7345581588607178 0.19485617925169949
398 -1.6829140948870784 0.9385056649672295 0.2041311408530663
399 -1.6646351190817081 0.9735667958668209 0.4165778367602336
400 -1.618692225206657 0.7708945112948705 0.5852337565471862
401 -1.6353207133071967 1.0041104786614072 0.6312102346457894
402 -1.6849063016371875 0.5111107387907533 0.0
403 -1.7507756266574916 0.35534620619200924 0.17932715586561948
404 -1.712328403019272 0.5285817211765389 0.18068792659070662
405 -1.769128178042086 0.17424391697406819 0.0
406 -1.8317345478491174 0.0 0.1804101061954603
407 -1.799013031392411 0.17892297051055975 0.17892297051055975
408 -1.7784295790821112 0.18215967452834378 0.3609589911375386
409 -1.7449711657214124 0.0 0.5293312161120287
410 -1.7261009049149822 0.18214122538964878 0.532833179450609
411 -1.5563289601945323 0.5626864882739147 0.7411943014862168
412 -1.5277989451505527 0.3823343459955828 0.8935377529337846
413 -1.5040400732702786 0.5805377990019157 0.9235022742683627
414 -1.6538494074573762 0.19038744693496515 0.7177121763744163
415 -1.6262339493169558 0.0 0.8692401555711482
416 -1.5886398115285263 0.19269602537476985 0.8859320076061485
417 -1.5151079239501934 0.19762430407299383 1.0594712808161086
418 -1.4629700175957272 0.0 1.200628465059045
419 -1.4266969971741745 0.2015645113240472 1.2251324858501271
420 -1.6843437294487287 0.5493427111936388 0.37110443212395633
421 -1.6675858136946398 0.3674122304071858 0.5438771766276514
422 -1.6209436730000952 0.5584434422896587 0.5584434422896587
423 -0.20574990119365144 1.250571771077062 1.4563216722707135
424 -0.1975847621927917 1.0592592953183726 1.5148047718844437
425 -0.6185899969289964 0.9840345796358775 1.6026245765648737
426 -0.5800265323057414 0.7640353365772417 1.604289615479795
427 -0.38899469576035106 0.9091033803091311 1.5544135442613114
428 -0.18518702244213503 0.8514088977999582 1.5267334957108156
429 -0.17470082916092655 0.6585776233153344 1.517583577287039
430 -0.9913255547681656 0.6231732955020611 1.6144988502702267
431 -0.9486888213614294 0.40593284265563806 1.6220979760432357
432 -0.7794981926267688 0.5917653437776417 1.6367578773497844
433 -1.2442208698986 0.20470502130736246 1.4489258912059624
434 -1.2013290094260862 0.0 1.4638236333767976
435 -1.0913287300039942 0.20356670792979967 1.560666000488357
436 -0.9105439911631705 0.1980492933087756 1.632773646386825
437 -0.8654731302191394 0.0 1.6191863405794729
438 -0.717558068320469 0.190346566704827 1.6534942908492218
439 -0.15885425686857407 0.4647098347750349 1.5054168870548603
440 -0.15386361487369238 0.3048888583128264 1.5021744222171167
441 -0.5006308331563026 0.1711333245293562 1.621782140200856
442 -0.490796706080017 0.0 1.6179399103479684
443 -0.31724315801280495 0.16009827107461297 1.5630435307716537
444 -0.1496435628777734 0.1496435628777734 1.5046179867956955
445 -0.14888133496680322 0.0 1.5116175614526222
446 -0.5530693001988456 0.5530693001988456 1.605344632953729
447 -0.5265991782524864 0.355740205558941 1.6146096157263436
448 -0.3414161069034148 0.5053953377437759 1.5495963643017912
449 -1.4780311651836169 1.4780311651836169 0.45730443399043597
450 -1.6050448236821866 1.1550363236482817 0.9200270491101561
451 -1.5929861558443552 1.3572913164549725 0.7112688661636448
452 -1.360468073937943 1.5967145600782113 0.7129335999356774
453 -1.1961721548671729 1.6622074008357783 0.9527931852343171
454 -1.4189654132404488 0.6335685447724465 1.2090183123533562
455 -1.5177408715991956 0.8699835885005642 1.0922098939024971
456 -1.3330596770334748 0.41245009945749944 1.3330596770334748
457 -1.2524036449583213 0.6563040002755907 1.46988464728294
458 -1.1445715399005238 0.9116914808566703 1.5905029026694872
459 -0.9380345990447233 1.636460122653701 1.177643674480469
460 -0.6841423052190643 1.5322324267046872 1.3055265797050661
461 -0.9302873144119487 1.1679174439645816 1.6229444992712643
462 -0.685904296199321 1.3088889299652053 1.5361786520658656
463 -0.42981701046979426 1.389190415795739 1.389190415795739
464 -1.5105794067764038 1.2588161723136697 1.2588161723136697
465 -1.272322123236569 1.272322123236569 1.5267865478838827
466 -1.3050377649952336 1.5660453179942804 1.3050377649952336
467 -1.8431719452335553 -0.18153659151460713 0.0
468 -1.8294455180704101 -0.1819496694957451 0.1819496694957451
469 -1.768310436956596 -0.5364111066390339 0.0
470 -1.7049783408986035 -0.526312817337972 0.1799123350146078
471 -1.783747425275322 -0.3620383278846909 0.18270436695988052
472 -1.7728539175536209 -0.18158857477761076 0.3598273268962775
473 -1.7049828846049317 -0.17991281447454902 0.5263142199428154
474 -1.5707897527284653 -0.839604615070755 0.0
475 -1.4810400932255483 -0.8259271948334569 0.17964458482923845
476 -1.5902474223853005 -0.6901111632942764 0.18306572858305992
477 -1.3433599932555187 -1.1024670549125362 0.0
478 -1.2510740950176586 -1.0743216808106613 0.1767524142069973
479 -1.3654496349861154 -0.9548195549640488 0.1781035064203949
480 -1.3534640595952803 -0.7915774770797676 0.3387067373599311
481 -1.2371609595726607 -0.759634653428592 0.47752630614406866
482 -1.3473199163480176 -0.641654733554026 0.48711983886530646
483 -1.635121772393779 -0.18823156344834854 0.7095850448113894
484 -1.5785802739532138 -0.19147584135709386 0.8803221354028885
485 -1.393579757763933 -0.5038449582842602 0.6636857640894
486 -1.3325325422668728 -0.5143383630091769 0.8181941792576959
487 -1.4680748148766867 -0.36738827841195626 0.8586079178725514
488 -1.5047722765459661 -0.19627616570402612 1.0522438606301785
489 -1.4033277690065253 -0.19826289432691177 1.2050648746796135
490 -1.5872728405079704 -0.5176833863323494 0.3497172078381403
491 -1.4718438738451312 -0.5070759540346921 0.5070759540346921
492 -1.6030468404531808 -0.3531926274865434 0.5228280202599542
493 -1.1096063954736837 -1.35205930489965 0.0
494 -0.9501557424295878 -1.3587801013661602 0.17723356051139416
495 -1.0726452185233306 -1.2491218133347917 0.17647659481146108
496 -0.8314520782502299 -1.555537429114995 0.0
497 -0.6674580783144397 -1.5380471220361533 0.17705654669025894
498 -0.8147013034930606 -1.4609099954865183 0.17720287979543065
499 -0.783845169377319 -1.3402431167614794 0.33539817339747324
500 -0.6353354764028437 -1.3340510030663302 0.4823224994797112
501 -0.7564282889283094 -1.2319389900850848 0.4755107011567754
502 -0.4952621751091102 -1.6326605889325851 0.0
503 -0.32235889360662917 -1.5882485422056356 0.1626799514139982
504 -0.4897395196140552 -1.586499978942862 0.1674102883687079
505 -0.15630620665488595 -1.5870035488078593 0.0
506 0.0 -1.536113395340212 0.15129396402279593
507 -0.15556714518176573 -1.5641777052991326 0.15556714518176573
508 -0.1567919967662698 -1.530764289815929 0.3106916012983257
509 0.0 -1.5017567497415794 0.4555529296190497
510 -0.1587017947945798 -1.5039720470779483 0.4642638245351334
511 -0.48984727006247114 -1.3548636911632022 0.6452474206065185
512 -0.34731816788006353 -1.387875130959106 0.811702894419578
513 -0.4988652315282956 -1.2924452131623152 0.7935799816340194
514 -0.17104798887106812 -1.4858522428625458 0.644807345933139
515 0.0 -1.5285054637748332 0.8170031917492776
516 -0.17811201189829182 -1.4684051342665474 0.8188810950974829
517 -0.18622708750665057 -1.4277299407024193 0.998370376805728
518 0.0 -1.472415980168324 1.2083805662013367
519 -0.19098602381592414 -1.3518212352488996 1.1608352114329754
520 -0.49203727889800214 -1.5086391217717174 0.3323921684015861
521 -0.3269622830481733 -1.4839943249033485 0.4839994661334323
522 -0.4906385806961047 -1.4241325851160864 0.4906385806961047
523 -1.1944311981352242 -0.19651339225998998 1.3909445903952142
524 -1.0365027097646322 -0.19333995210254434 1.4822614800380014
525 -0.8260099469133482 -0.5192515599538379 1.345261506867186
526 -0.6753516084082676 -0.5127012230442178 1.418075212359535
527 -0.8493901306301361 -0.36344409514126186 1.4523139524180548
528 -0.8656908577325054 -0.18829344244946705 1.5523436892027593
529 -0.690654239856248 -0.18320979045567057 1.5914988528051628
530 -0.5115975112410994 -0.8138341137363745 1.3254316249774738
531 -0.3536931557223392 -0.8266016142736216 1.4133494306206091
532 -0.5075763685046633 -0.668600934525346 1.4039004281717005
533 -0.1916176691595663 -1.1646744251167171 1.3562920942762835
534 0.0 -1.2173055672896482 1.4832911254603083
535 -0.18825463374297605 -1.0092401279630563 1.4432743413936295
536 -0.18209389826365485 -0.8371880662706803 1.5012329167425766
537 0.0 -0.8435285437716733 1.5781309069851273
538 -0.1762447345081299 -0.6643977531857451 1.5309951072211252
539 -0.4925143818388086 -0.1683588344153808 1.5954890816899914
540 -0.31755453193328265 -0.16025540740700375 1.564577656819012
541 -0.16258122104662026 -0.47561263927982844 1.5407362730233531
542 0.0 -0.47035243638893365 1.5505441852720785
543 -0.15714794580737423 -0.3113969330744507 1.5342394294426611
544 -0.1514023851272296 -0.1514023851272296 1.522302379904337
545 0.0 -0.14727687945690665 1.4953272512813045
546 -0.5094431124963194 -0.5094431124963194 1.4787148123158762
547 -0.3351817461201153 -0.49616666689321304 1.5213002686923371
548 -0.5047632363575054 -0.3409890954564312 1.5476582735896613
549 -1.0761579959194802 -1.0761579959194802 0.33296444269975994
550 -0.7920771866117636 -1.100674811950839 0.6309173328542008
551 -0.9159331334111988 -1.074985733360495 0.4799814994651593
552 -1.0776943539334187 -0.9182409922521011 0.48119089948204125
553 -1.102152910012124 -0.7931408684015231 0.631764592804549
554 -0.5238613839834864 -1.1732608749883895 0.9996676943586051
555 -0.6580401149831918 -1.1479922045232656 0.8261281404263097
556 -0.36427926817271133 -1.1773691028782112 1.1773691028782112
557 -0.5281760351988773 -1.0079012033827928 1.1829241401478594
558 -0.6804108473003664 -0.8542131934015895 1.1870193484995095
559 -1.159997909622144 -0.664921900009773 0.8347677904071751
560 -1.2092154345833839 -0.5399151072018089 1.0303024938803762
561 -0.8588537512279758 -0.6841072147961953 1.19346789316061
562 -1.0304151346334796 -0.5399741349578789 1.2093476355030406
563 -1.226681725378928 -0.3795366466722187 1.226681725378928
564 -0.8281650060022687 -0.9937980072027224 0.8281650060022687
565 -0.85554611511228 -0.85554611511228 1.026655338134736
566 -0.9949228417720675 -0.8291023681433896 0.8291023681433896
567 0.1521449397082361 -1.544753496470198 0.0
568 0.1516516072358879 -1.5248082282026745 0.1516516072358879
569 0.47970689716102344 -1.5813817097205025 0.0
570 0.48768493552693465 -1.579844200757916 0.1667079588634769
571 0.3128132549510931 -1.5412175870194647 0.1578626993899446
572 0.1541084238218672 -1.5045644982632302 0.30537396014001966
573 0.1591326743948356 -1.5080553712475309 0.46552431318548454
574 0.8659116336107903 -1.6200067227233752 0.0
575 0.9171283269725132 -1.644580577290539 0.19948142955546277
576 0.705664429138773 -1.6260873598249694 0.18719154206806024
577 1.252199778174926 -1.5258098444466295 0.0
578 1.315678512076272 -1.532140077995964 0.2164615659196919
579 1.130780978606337 -1.6170850989173569 0.21092577779354052
580 0.9662710699079045 -1.6521606574402805 0.41345608101582687
581 1.0167070231623452 -1.6558357767152998 0.6391287535529547
582 0.7872438122989569 -1.653021807315661 0.5976455232718844
583 0.17809644890852444 -1.5470804994734773 0.6713782447765849
584 0.19280604425169104 -1.589546837854351 0.8864378262618048
585 0.599194974080434 -1.6573074178927691 0.7892848140533318
586 0.6567458785374554 -1.7014777004592052 1.0447318219217498
587 0.4144542688112209 -1.65614939210887 0.9686038932313749
588 0.2089695277137629 -1.6020872978573995 1.120293448809126
589 0.2192752595426693 -1.5520557279112228 1.3327804683685536
590 0.5150861731326486 -1.5793095060032634 0.34796267954470844
591 0.5528432083034623 -1.6046883762953368 0.5528432083034623
592 0.34034058318915583 -1.5447148499161574 0.5038032492048098
593 1.5064337663481968 -1.2362982418301025 0.0
594 1.5649065848252306 -1.0942940483471806 0.20411983191205207
595 1.509325500882143 -1.2960871905634093 0.21323831031873355
596 1.5576534084385625 -0.8325830927621185 0.0
597 1.5432748933390206 -0.6697267462490475 0.17765835603700167
598 1.5703858173359952 -0.875752357313827 0.19048188463462906
599 1.5688423174364068 -0.9175420911757598 0.3926055213686087
600 1.5499939777971552 -0.7381772961017224 0.5603960926765652
601 1.5566241433456265 -0.9557896508934297 0.6008344924521967
602 1.493739025610757 -0.4531207795938862 0.0
603 1.4642485610052238 -0.29719123521766133 0.14997897270634203
604 1.4997170113130933 -0.4629503299249353 0.1582527958825923
605 1.4358598836797585 -0.14141985496787401 0.0
606 1.4387631625639454 -0.14309389338211906 0.14309389338211906
607 1.451480416981367 -0.14867116665820085 0.2945997486388513
608 1.4819836454999733 -0.15638153970615012 0.4574761854750598
609 1.5518576059614504 -0.5610698823534498 0.7390648401947735
610 1.5766207791518156 -0.3945520949555668 0.922091347623756
611 1.5598202374209715 -0.6020681387179305 0.957752098703041
612 1.535777115397717 -0.17679522860019067 0.6664729756820537
613 1.5784725167555875 -0.1914627708148996 0.880262042769093
614 1.5814623682743885 -0.20627929866079212 1.105871030302408
615 1.5193524101565574 -0.2146549173992776 1.3046974927572796
616 1.5100632182414557 -0.49250174289190646 0.33270593363991124
617 1.5039390525564555 -0.33135662174529645 0.4905043680554186
618 1.5281245400321652 -0.5264656277681856 0.5264656277681856
619 0.22072214368882126 -1.3415747980800101 1.5622969417688315
620 0.21279395285295322 -1.1407963349273573 1.6314076633869419
621 0.661357233107182 -1.052067427699568 1.7134246608067498
622 0.6080014475506959 -0.8008850711918508 1.6816651552555357
623 0.4243813337850836 -0.9918040253222422 1.6958177074311966
624 0.19932914563629545 -0.9164281921463193 1.643325106160949
625 0.1861864043433987 -0.7018753159617405 1.6173559730812186
626 0.9945271226490795 -0.6251858852083653 1.6197130078574447
627 0.9447981060280055 -0.4042680511036578 1.6154455086317927
628 0.7816493468218632 -0.5933984181244711 1.6412747814395166
629 1.3006288474239418 -0.2139855248904372 1.5146143723143792
630 1.106681519676884 -0.20643048010524434 1.582621417033691
631 0.8959291083745012 -0.19487046039550907 1.6065664606890881
632 0.6935878177243738 -0.18398798040295392 1.5982587994504027
633 0.16556623592057335 -0.4843449565385558 1.5690244151729005
634 0.1565119838135799 -0.31013674088166054 1.5280305161699275
635 0.48292906256136314 -0.16508223328339974 1.5644376589993907
636 0.3098024422966561 -0.1563432784400199 1.5263834412766173
637 0.14893887907618567 -0.14893887907618567 1.4975326173853287
638 0.5622072540944945 -0.5622072540944945 1.6318685518139593
639 0.5189692769227393 -0.35058588177809896 1.5912155191101385
640 0.3528966080461778 -0.5223898252187208 1.6017032874125419
641 1.4329259642379821 -1.4329259642379821 0.4433488362504479
642 1.5180800687632585 -1.0924539899175059 0.8701780195602548
643 1.4973165078089792 -1.2757767458164775 0.6685523354299995
644 1.310734815094557 -1.538345076783012 0.6868716055802221
645 1.1643038592155859 -1.6179230420429815 0.9274089670861891
646 1.4870481862894351 -0.6639675263418511 1.267027703282798
647 1.5135556029664994 -0.867584552477982 1.0891980544674467
648 1.419895323405815 -0.4393171419461221 1.419895323405815
649 1.2822225717241387 -0.671930177186775 1.5048816570952104
650 1.1393656573948296 -0.9075448123738994 1.5832687797268685
651 0.960175189548518 -1.6750857698189159 1.2054397988266383
652 0.7393322311189788 -1.655837988656013 1.4108437259254276
653 0.9517224435837757 -1.1948279058031759 1.6603394249481513
654 0.7394327966032869 -1.4110356317785862 1.6560632191305624
655 0.47555855992115686 -1.5370294276394674 1.5370294276394674
656 1.4245334338030924 -1.1871111948359103 1.1871111948359103
657 1.2320494878964148 -1.2320494878964148 1.4784593854756978
658 1.2437394536541169 -1.4924873443849402 1.2437394536541169
659 0.0 -1.5588521916314482 -0.15353353998017244
660 0.15372282871878623 -1.545633695318503 -0.15372282871878623
661 0.0 -1.5234914111966669 -0.4621460670907788
662 0.15960515729523586 -1.5125329581320655 -0.46690650749936236
663 0.15652074377343436 -1.5281160398828846 -0.31015409920358145
664 0.3144415341416091 -1.5492400492562182 -0.15868441824075072
665 0.48263964613894594 -1.5635001011146759 -0.16498330051445823
666 0.0 -1.5273042821899676 -0.816361146815868
667 0.18689203771535898 -1.5407901174654146 -0.8592478119709622
668 0.174834316442927 -1.5187431488123346 -0.6590808363644362
669 0.0 -1.4826353656975357 -1.216767399160462
670 0.21184656042412703 -1.4994745336537878 -1.2876279732296607
671 0.2018106069854917 -1.5472026642430603 -1.0819142072030883
672 0.39297998802068573 -1.5703386772639487 -0.9184172416673387
673 0.620069406222165 -1.6064573861864346 -0.9863879799642694
674 0.5643837770321669 -1.5610234742860003 -0.7434300416040437
675 0.6842970485956885 -1.576849753423178 -0.1815234188799656
676 0.8782352348693351 -1.5748380756334337 -0.19102192679625207
677 0.7351571557123853 -1.543652412647027 -0.5581033171029229
678 0.9511677732654698 -1.5490968319790026 -0.5979290587135329
679 0.9001109655945002 -1.5390380308369924 -0.38514694675640465
680 1.0779631019491511 -1.5415523450819877 -0.2010736031230302
681 1.2584764145288785 -1.4655268245352162 -0.20705041000633762
682 0.33335472319381193 -1.5130079004447645 -0.4934621405096177
683 0.5257086414501169 -1.5259273037681125 -0.5257086414501169
684 0.5000431529823385 -1.5331859912175827 -0.33780047781424394
685 0.0 -1.2113226023192158 -1.4760008615503672
686 0.20109214276508383 -1.0780624936631642 -1.5416944812363158
687 0.21162479128269757 -1.2862800346578378 -1.4979048259405354
688 0.0 -0.8013502858808148 -1.4992209366328135
689 0.17066765940659795 -0.6433736007357604 -1.4825484133844005
690 0.18499924046608449 -0.850545558440928 -1.5251853686933474
691 0.38725743105520627 -0.9050432909733324 -1.5474714758550423
692 0.5412002199685444 -0.7128916854468711 -1.4969003044385774
693 0.606643378226182 -0.9650302537145783 -1.57167363194076
694 0.0 -0.43833146090403863 -1.4449851756791352
695 0.14621076156486967 -0.2897243263337885 -1.4274594188881609
696 0.1521673028968812 -0.4451479210020562 -1.4420465145487367
697 0.0 -0.14259199305165332 -1.447760801362175
698 0.1431032226438156 0.0 -1.4529514025185863
699 0.14261128546718504 -0.14261128546718504 -1.433910694904025
700 0.28672454607551295 -0.1446969081662275 -1.4126796292914228
701 0.43470989536838617 0.0 -1.433046474083372
702 0.4319026566475418 -0.14763960309667626 -1.3991387834428424
703 0.6842117180426147 -0.5194274808768482 -1.4366793019845945
704 0.8348752878224 -0.3572333637939813 -1.4274960178004352
705 0.9033228611682639 -0.5678524896175259 -1.4711753507857896
706 0.6105555531781749 -0.16196201877020522 -1.4069246323010125
707 0.7916872541348264 0.0 -1.4811426757771258
708 0.8017855166661094 -0.17439361140375545 -1.4377496028442514
709 1.0284343008939543 -0.19183494322036318 -1.470723168018616
710 1.243817023398848 0.0 -1.515595428197839
711 1.2620615127758694 -0.20764024709297887 -1.4697017598688482
712 0.31447418097307595 -0.46551343563163156 -1.4273141707415677
713 0.45198733676551267 -0.305336724270216 -1.3858416994684934
714 0.48909257722211275 -0.48909257722211275 -1.4196451395489422
715 1.46190877239877 -1.2553695227244945 -0.20653924967427542
716 1.528762413984363 -1.069019471949368 -0.1994053383134055
717 1.5881533013727935 -0.9751490081747454 -0.6130042931980482
718 1.5838370308931429 -0.7542948899660081 -0.5726319561643644
719 1.5509896179091551 -0.9071008868078576 -0.388137852229503
720 1.5453488730659866 -0.8617900795586759 -0.18744499759871983
721 1.5274222940679003 -0.6628472785824241 -0.1758334402442441
722 1.6511178979818406 -0.6373077203341222 -1.0138101776477182
723 1.648103415516808 -0.412440749160624 -0.9638981799128462
724 1.6222493534453324 -0.5865198265543332 -0.7725885767833341
725 1.5544955131552203 -0.21961995370086546 -1.3348755594543549
726 1.6066526637438097 0.0 -1.3185457653629156
727 1.6486871117225574 -0.21504781140527873 -1.1528793548697258
728 1.6537912357141702 -0.2005986477294242 -0.9222648072806396
729 1.6508847558824973 0.0 -0.882416286190599
730 1.5971195079539975 -0.18385682771254735 -0.6930934054908761
731 1.4925550825204914 -0.4607395013003197 -0.15749705646856182
732 1.4630106978677366 -0.296939992303953 -0.14985218177298854
733 1.5162013965728167 -0.15999225741838763 -0.4680389243311006
734 1.5034382752875652 0.0 -0.45606301481682554
735 1.4642281285020553 -0.14997687986096273 -0.2971870881342925
736 1.4406422599511877 -0.1432807812370357 -0.1432807812370357
737 1.4283090094254287 0.0 -0.14067615876599163
738 1.5597587529114996 -0.5373641673218535 -0.5373641673218535
739 1.5354270168219926 -0.3382942336431518 -0.5007740555052955
740 1.5106587799954572 -0.4926959832378087 -0.33283715127835956
741 0.44983362404950744 -1.4538851278808453 -1.4538851278808453
742 0.9209148528443566 -1.1561509056187398 -1.6065936529143299
743 0.7020661528813869 -1.3397300770699214 -1.5723753916843657
744 0.7061719320477765 -1.58157085866198 -1.347565002335075
745 0.9360098752730767 -1.6329278651921286 -1.1751017606271013
746 1.2612998218980291 -0.6609659130192924 -1.480325653228451
747 1.119706341924257 -0.8918854762737265 -1.5559500868969223
748 1.409266759423545 -0.4360286528056111 -1.409266759423545
749 1.5530040529205074 -0.6934168434645461 -1.3232248803387194
750 1.6401731938624833 -0.940162966986196 -1.1803157070961048
751 1.1434098851395982 -1.588888660828988 -0.9107661819895287
752 1.2677833436537715 -1.4879350442801735 -0.6643635087395677
753 1.6173852901186145 -1.163916877496078 -0.9271007225382308
754 1.504715564658915 -1.2820810539710272 -0.6718560168568759
755 1.368227083367272 -1.368227083367272 -0.4233309328439801
756 1.282140157363625 -1.282140157363625 -1.53856818883635
757 1.5456935244744074 -1.2880779370620064 -1.2880779370620064
758 1.2890102569633852 -1.546812308356062 -1.2890102569633852
759 1.4304261348378697 0.14226472442116728 -0.14226472442116728
760 1.4971162941361398 0.15797836359873602 -0.46214750988220077
761 1.4487595073176474 0.14839247132800956 -0.2940474991605787
762 1.4563308400522328 0.2955842148436664 -0.14916798221857278
763 1.5099995852654904 0.4661244760923992 -0.15933783130231566
764 1.6466815508902086 0.19973626973958486 -0.9182999706299209
765 1.5795817193223776 0.18183791668751487 -0.6854826252161801
766 1.587547454880604 0.22428954962444508 -1.3632579052561586
767 1.6599736061870218 0.21651997426490405 -1.1607716749857833
768 1.627145193950215 0.40719591772430946 -0.9516407017521603
769 1.6033645940216588 0.6188756330056008 -0.9844889610160579
770 1.5762110121975885 0.5698747899166989 -0.750663034654734
771 1.590228099751466 0.6901027779542811 -0.1830635042046448
772 1.652465916535844 0.9215257205022189 -0.20043789150503455
773 1.5793132168753312 0.7521404449503694 -0.5709963835518953
774 1.60494489547574 0.985459288876871 -0.6194856065988689
775 1.633835258506584 0.9555534058875143 -0.4088701180272659
776 1.6667255326772237 1.165493102478486 -0.2174006671533019
777 1.6041655469497251 1.377528184430401 -0.22663736251932393
778 1.5065861723587046 0.3319398506158662 -0.49136771675532903
779 1.5362387301386224 0.5292611081602069 -0.5292611081602069
780 1.5142175629579961 0.4938566676319797 -0.3336212430924441
781 1.092520877317122 0.2037890804351949 -1.562370843152185
782 1.3214815120958856 0.21741630255158784 -1.5388978146474734
783 0.6519463763843755 0.17294175886124424 -1.5023029617861692
784 0.858301081930414 0.1866861177188465 -1.5390924555452306
785 0.9249017222236734 0.395754621352615 -1.5814260460083465
786 0.754260664631888 0.5726059735940351 -1.583765165960349
787 0.9836255824604297 0.6183328905561718 -1.6019584730166014
788 0.29752610158922194 0.15014796461609253 -1.4658984333587186
789 0.4542248595579756 0.15527012151839867 -1.4714510495129156
790 0.0 0.14754020882273752 -1.4980008792006463
791 0.14695863139158857 0.14695863139158857 -1.4776218626073974
792 0.15419065144331964 0.3055368985036282 -1.5053672886425349
793 0.0 0.4730215623439403 -1.5593431143497463
794 0.16191265131154953 0.4736568155125286 -1.5344004266369262
795 0.5719788039990068 0.7534345304708805 -1.5820304838166737
796 0.39502599300869523 0.9231988751214738 -1.5785144644909999
797 0.6137784742204122 0.9763805523327272 -1.5901590265531393
798 0.18004269354344724 0.6787150912713259 -1.5639870528626492
799 0.0 0.855054696508631 -1.5996948220501612
800 0.19163433773360294 0.881050832389585 -1.5798869623149256
801 0.20449221025561742 1.0962903825655652 -1.5677614633367065
802 0.0 1.2656099917924493 -1.5421502370184696
803 0.21330038687686526 1.2964644990860126 -1.5097648859628778
804 0.49300041904233366 0.3330428106491937 -1.511592212856079
805 0.337060487465612 0.4989477516096091 -1.5298273730075087
806 0.5342361957102908 0.5342361957102908 -1.550679470375209
807 1.3567327728450376 1.5799487772480778 -0.22321600440304015
808 1.1299469872221206 1.6158924408645976 -0.21077021249423225
809 0.9786946418425359 1.5939278135424773 -0.6152331716999414
810 0.74727771517325 1.5691026591814095 -0.567304784282681
811 0.9378127521815902 1.6035017309872375 -0.4012790999534149
812 0.8872327506618813 1.590972284207203 -0.1929789455252121
813 0.6675802388849474 1.538328620934736 -0.17708895221422896
814 0.6080219682441841 1.5752452419810548 -0.9672232737368706
815 0.39570009184476646 1.5812081473930555 -0.9247742835710336
816 0.5640503573123771 1.5601012719999623 -0.7429908471299247
817 0.21547909541822763 1.5251860377978965 -1.3097069423796688
818 0.0 1.5702197191596858 -1.2886460204552894
819 0.20814993546695346 1.5958038059894635 -1.1158995841397612
820 0.19451231130775498 1.603613779656035 -0.8942824955825706
821 0.0 1.638722612007794 -0.8759154848525343
822 0.18076422201480483 1.5702547950590453 -0.6814350698089395
823 0.4581790693194247 1.4842606216467278 -0.15662181026297095
824 0.2966519142132659 1.4615913493817803 -0.14970680179208562
825 0.1606955277342298 1.5228660905539741 -0.47009626065132015
826 0.0 1.557753461029689 -0.4725393462812156
827 0.1525193225186374 1.4890500614421323 -0.30222507219479045
828 0.14577483967768007 1.46571921693983 -0.14577483967768007
829 0.0 1.486987432367343 -0.14645547898832598
830 0.5272856286620123 1.5305046830512201 -0.5272856286620123
831 0.3329207542553558 1.5110382315402984 -0.4928197400083332
832 0.49127512522941397 1.506302276799708 -0.3318773010908721
833 1.4688999880361504 0.4544792379489372 -1.4688999880361504
834 1.1327271888139552 0.9022570387047726 -1.5740439273003624
835 1.310537919398029 0.6867684252407297 -1.538113989974372
836 1.5405317355508967 0.687847949471733 -1.3125979404875878
837 1.5558776324919905 0.8918439447156161 -1.1196542016548579
838 0.6756276681927019 1.289278373930249 -1.5131627056044326
839 0.8987016982311764 1.1282636815791274 -1.5678414131144016
840 0.43926616490251386 1.4197305630108534 -1.4197305630108534
841 0.6736892279658508 1.5088212974644128 -1.2855793112936924
842 0.8876178104982183 1.5485048765970622 -1.1143485548975929
843 1.5520646925780002 1.1169103006524899 -0.88965833107683
844 1.5385126795380706 1.3108776197028837 -0.6869464402679681
845 1.1168304774581423 1.5519537698284087 -0.8895947490955171
846 1.307054392734412 1.5340255458199141 -0.6849429335203868
847 1.4836751405594995 1.4836751405594995 -0.4590506860489325
848 1.2053046023575371 1.2053046023575371 -1.4463655228290446
849 1.1960278343983697 1.4352334012780437 -1.1960278343983697
850 1.4339084673379843 1.1949237227816534 -1.1949237227816534
851 -0.15040603595621993 1.5122844088336096 -0.15040603595621993
852 -0.1687116429159514 1.5988325481171761 -0.49354648247771704
853 -0.1591420853145373 1.5537082646474758 -0.31534842555793713
854 -0.3111772085001349 1.533156855821256 -0.15703706075415225
855 -0.4771834097754731 1.5458247481381002 -0.16311816595530185
856 -0.2031323020746594 1.6746793892381708 -0.9339134413211639
857 -0.18998461104023037 1.650350070098032 -0.716193587668142
858 -0.22135421216611206 1.5667707957852735 -1.3454165836191614
859 -0.21548714665008833 1.6520553224990808 -1.155234647538355
860 -0.4219305187161842 1.686024308757391 -0.986076327006732
861 -0.6432003416823658 1.6663843262137379 -1.023183984531372
862 -0.6034697255086353 1.6691309103419145 -0.7949156963739155
863 -0.674746333248156 1.5548417041824607 -0.17898990144599258
864 -0.8661066875391156 1.5530893488921367 -0.18838388816119006
865 -0.7710615788849801 1.6190430267822706 -0.5853605878994977
866 -0.9703520868495195 1.5803409092407 -0.6099888223911807
867 -0.917718249384219 1.569143518280109 -0.3926808974041504
868 -1.0717087991318193 1.5326083142914368 -0.19990698137110793
869 -1.268399618683493 1.4770826405251178 -0.20868302184162474
870 -0.35943357749373445 1.6313728427869498 -0.5320664450821863
871 -0.564387693224365 1.6381975168340053 -0.564387693224365
872 -0.5199806356952958 1.5943164536853465 -0.35126909776570664
873 -0.20953507686238904 1.1233253789336624 -1.6064231410649752
874 -0.2180419967436644 1.325284553989944 -1.5433265507336085
875 -0.18653951959896414 0.7032064705239919 -1.6204233993510846
876 -0.19743508492215114 0.9077201297576618 -1.6277099410318827
877 -0.4122438030795324 0.9634379053897989 -1.6473164236650562
878 -0.6003542376013579 0.7908118447063434 -1.660513813332698
879 -0.6365319724136642 1.0125761409148242 -1.6491081133284882
880 -0.15954002338848486 0.31613696081459725 -1.5575933442798573
881 -0.16797295791080763 0.4913855445623097 -1.5918322391366138
882 -0.14582551125385831 0.0 -1.480591262620597
883 -0.15100257357793587 0.15100257357793587 -1.5182824031219921
884 -0.3114388543406168 0.15716910157406275 -1.5344459737359821
885 -0.45302119607851693 0.0 -1.4934107427556915
886 -0.47753410518396705 0.16323804604893166 -1.546960817897448
887 -0.7846963083002176 0.5957115552475215 -1.647672664396592
888 -0.9453184277972905 0.4044906906985867 -1.6163351711532052
889 -1.00426687652238 0.6313085504512915 -1.6355754269736713
890 -0.6790906003181412 0.18014230479580928 -1.5648523515645714
891 -0.8200453967595829 0.0 -1.534197029030801
892 -0.8798025294023555 0.19136282364218576 -1.5776485243700982
893 -1.099025061348596 0.20500231279557807 -1.5716722191718593
894 -1.248610496895421 0.0 -1.5214362925532259
895 -1.3047741429278643 0.21466752824288451 -1.5194416711707488
896 -0.3575071417223792 0.529214758715845 -1.622629266233318
897 -0.5221015349462139 0.35270185567086537 -1.6008193584864567
898 -0.565655512629809 0.565655512629809 -1.6418775024657377
899 -1.5080885047812624 1.295024957930229 -0.21306354685103326
900 -1.595514505874868 1.115697284912026 -0.20811220037698963
901 -1.5650252420932533 0.9609480465623145 -0.6040771955309387
902 -1.5569378597740111 0.7414842870291387 -0.5629066342551637
903 -1.5835493521538426 0.9261435441322822 -0.3962859824123039
904 -1.626227639856287 0.9068934992987985 -0.1972552873727804
905 -1.6208032390335179 0.7033713075181723 -0.18658324589414976
906 -1.5821578375608032 0.6106901305455594 -0.9714677070152437
907 -1.5687509921233846 0.39258266705002315 -0.9174886792950653
908 -1.5509997467718846 0.5607597257045945 -0.7386562888158257
909 -1.5261809124545105 0.21561965183937823 -1.3105612606151322
910 -1.546265534483108 0.0 -1.268987329139629
911 -1.57711388684707 0.20571210103594728 -1.1028302626352477
912 -1.5663216592073694 0.18998891756166666 -0.8734859104175617
913 -1.5857704643603918 0.0 -0.8476119722624873
914 -1.5388871596754674 0.17715324994555964 -0.6678226249531058
915 -1.6175494876895158 0.49932424807271614 -0.170686687537933
916 -1.6399397041614656 0.3328503912120241 -0.16797453566328047
917 -1.546871181717022 0.16322858748037664 -0.4775064352309103
918 -1.60556667034466 0.0 -0.4870433247595357
919 -1.6051645477914207 0.16441261156994127 -0.32579225098110187
920 -1.6945525014623848 0.16853372485750215 -0.16853372485750215
921 -1.7584624229489487 0.0 -0.17319343178708127
922 -1.5251084528091217 0.5254265329747404 -0.5254265329747404
923 -1.5132825556586043 0.33341523683207935 -0.49355171832985484
924 -1.5485258211295772 0.50504618389923 -0.3411802385892206
925 -0.45425153331500395 1.4681640350901592 -1.4681640350901592
926 -0.9142133578842055 1.147737598521729 -1.5949024751308876
927 -0.6931850640953651 1.3227825832832898 -1.5524849505896163
928 -0.6972760918050056 1.5616473796156236 -1.3305893588218023
929 -0.9094431649414044 1.5865805747060975 -1.141748920118116
930 -1.3156130874474108 0.6894279935885932 -1.5440704654511064
931 -1.1468267816368607 0.9134878602061599 -1.5936367989816191
932 -1.4444984612299434 0.44692937928054527 -1.4444984612299434
933 -1.5343252813472736 0.6850767655363851 -1.3073097800314237
934 -1.5634438035879372 0.8961809463767265 -1.1250990355422426
935 -1.1106860954350788 1.543415502798248 -0.8847005327444423
936 -1.2526003905153134 1.4701155578801808 -0.6564071019366327
937 -1.5363825929016242 1.1056250116125659 -0.88066920150473
938 -1.4752235756670595 1.2569526368678583 -0.6586878336343236
939 -1.3843563031109034 1.3843563031109034 -0.4283213307999342
940 -1.213008512773863 1.213008512773863 -1.4556102153286359
941 -1.438027907121729 1.1983565892681076 -1.1983565892681076
942 -1.1979851730633408 1.437582207676009 -1.1979851730633408
943 -1.8037039885916444 -0.1793895152114478 -0.1793895152114478
944 -1.656908225232863 -0.17483989125013888 -0.5114739672488479
945 -1.727854178754762 -0.17697937468901836 -0.35069395411090565
946 -1.8073515739372914 -0.3668291443375315 -0.18512207530681554
947 -1.7633754674556945 -0.5443395309128235 -0.18607450326332142
948 -1.6173698336685893 -0.196180868845986 -0.9019537930407119
949 -1.6202086130589406 -0.18651479388112457 -0.7031132608662716
950 -1.539903736369839 -0.21755841970806916 -1.3223453166617696
951 -1.6056028253676013 -0.20942807833360372 -1.1227517558215183
952 -1.6408315987680384 -0.4106209643586607 -0.9596452362790872
953 -1.6511443040333913 -0.6373179126895786 -1.0138263913438126
954 -1.6394396441477057 -0.5927349292447806 -0.780775371371991
955 -1.6700674214273088 -0.724750221102277 -0.19225442845103807
956 -1.5667781207892173 -0.8737404639813506 -0.19004428463223866
957 -1.5989146960939558 -0.7614755566581982 -0.5780832448701627
958 -1.5369678057688916 -0.9437203764249433 -0.5932474293439481
959 -1.5379538126641727 -0.8994768573743668 -0.3848756192709804
960 -1.4571640084486863 -1.0189527716053415 -0.19006634348468518
961 -1.3509784995450012 -1.1601115378779903 -0.19086696166701086
962 -1.673615921790954 -0.36874081898539796 -0.5458438749164292
963 -1.650211471206665 -0.5685267106048773 -0.5685267106048773
964 -1.704872881074169 -0.5560382209136859 -0.37562753451852454
965 -1.0770711828498347 -0.20090723250545567 -1.5402768468977839
966 -1.298073973497868 -0.2135651851146567 -1.5116391586125246
967 -0.6408322468272397 -0.1699935146751464 -1.4766922822024295
968 -0.8453968606442646 -0.18387936490819184 -1.5159528020549546
969 -0.8984638099700493 -0.3844421481439681 -1.5362216723593876
970 -0.7241442188870737 -0.5497427148487078 -1.5205279060451047
971 -0.975339265121477 -0.6131238937146662 -1.588463158836143
972 -0.2933037982163206 -0.14801715910341157 -1.4450953244333486
973 -0.4475545882866603 -0.15298998689110044 -1.4498428582037386
974 -0.14415312524149565 -0.14415312524149565 -1.4494133988798692
975 -0.1466134043189456 -0.29052218416196257 -1.4313904304334208
976 -0.15123906534109807 -0.44243246892867016 -1.4332498696289182
977 -0.5426804832086837 -0.7148415504270245 -1.5009945498085118
978 -0.3725655605615237 -0.8707075293949808 -1.4887631111014448
979 -0.5944829682715328 -0.9456858350247678 -1.5401688032963003
980 -0.16758767045065942 -0.6317628269564843 -1.4557932990543352
981 -0.1796627644474051 -0.8260107767630195 -1.4811899710713508
982 -0.19359751019072322 -1.0378834883022086 -1.4842360767461733
983 -0.20309276733019188 -1.2344214031675877 -1.4375141704977796
984 -0.4670562831322734 -0.31551644026570486 -1.4320447068172266
985 -0.31412930917702486 -0.4650029248668514 -1.425748889928785
986 -0.5007914228145441 -0.5007914228145441 -1.4536023289586815
987 -1.1778697668855251 -1.3716583952238761 -0.19378862833835092
988 -1.0439240507062708 -1.4928744458357635 -0.19472426271618362
989 -0.9842221888818471 -1.6029301219131813 -0.6187079330313344
990 -0.7776885679464963 -1.6329581027274707 -0.5903915456326821
991 -0.9314807015687688 -1.5926749917530585 -0.39856968961018635
992 -0.8842298982166417 -1.5855876148401444 -0.19232580541285957
993 -0.7099225366000681 -1.6358994665908422 -0.1883210898659337
994 -0.6205498556984291 -1.6077021204082635 -0.9871522647098343
995 -0.39137090766412425 -1.5639088304631974 -0.9146567266595962
996 -0.5834692885400834 -1.6138119006991063 -0.7685702798457893
997 -0.20490562346709318 -1.4503457765669046 -1.2454401530998114
998 -0.197717602531162 -1.5158232065867396 -1.0599714573376011
999 -0.18616679896005534 -1.534811046764304 -0.8559134815132876
1000 -0.1768502414744303 -1.536254998845016 -0.6666803602041678
1001 -0.5077229472603844 -1.6447568817239682 -0.17355765995616382
1002 -0.32924799406852473 -1.6221908468316892 -0.16615656878257284
1003 -0.16312440407488427 -1.5458838650339768 -0.4772016586759281
1004 -0.16062487696252511 -1.568184797575114 -0.31828665532097705
1005 -0.15788966525262624 -1.5875298990461164 -0.15788966525262624
1006 -0.5572779791344015 -1.617560787671756 -0.5572779791344015
1007 -0.3481176221204654 -1.5800127489001676 -0.51531553329997
1008 -0.5324263590696842 -1.6324763777126536 -0.3596767147434372
1009 -1.466600567600613 -0.4537677947902614 -1.466600567600613
1010 -1.1839047128799947 -0.9430217363019193 -1.6451604960257633
1011 -1.3514324581996695 -0.7081986163081112 -1.5861099016632494
1012 -1.5996915793460076 -0.7142628400620804 -1.3630046197743737
1013 -1.6371887429898737 -0.9384522511924513 -1.1781680105874803
1014 -0.6738925288670659 -1.2859672638120343 -1.5092766182812127
1015 -0.9239239741429803 -1.1599286688981303 -1.611843253530811
1016 -0.4256395568521916 -1.375688673457385 -1.375688673457385
1017 -0.6818846416114268 -1.527176073133473 -1.3012183534408537
1018 -0.9301197096114029 -1.6226521021968516 -1.167707026637357
1019 -1.5551318984018658 -1.119117549999298 -0.891416482800388
1020 -1.4281258671968098 -1.2168234050493214 -0.6376586906128111
1021 -1.1474674338592936 -1.594527052831081 -0.9139981622301249
1022 -1.2462752385619427 -1.4626920376872956 -0.6530924976187203
1023 -1.2985054950161106 -1.2985054950161106 -0.4017589983348176
1024 -1.3010156837471767 -1.3010156837471767 -1.5612188204966122
1025 -1.2776014040471737 -1.5331216848566085 -1.2776014040471737
1026 -1.5327489153439302 -1.2772907627866086 -1.2772907627866086
1027 1.4239309384373355 0.06995324129470751 0.0
1028 1.4249029069110561 0.07017034347468636 0.07017034347468636
1029 1.424751723093983 0.0 0.06999356385922771
1030 1.439909772119891 0.21359043801352082 0.0
1031 1.4412533347969319 0.21466807527759496 0.07201503754068957
1032 1.430144826315795 0.14154514505086382 0.07094171355340176
1033 1.4270209405867194 0.07078675455730025 0.1412359659729774
1034 1.4310277972637448 0.07150409858808 0.21314502835174876
1035 1.4312373863044838 0.0 0.21230401109927885
1036 1.4820076682870926 0.37122359580943837 0.0
1037 1.4836168863574255 0.37488572619162686 0.07669625373773947
1038 1.4593654034661965 0.2932344069047255 0.07452282133738655
1039 1.547522172487325 0.5537122871770467 0.0
1040 1.5476060874353537 0.5582185448248287 0.08282088580205671
1041 1.5137372618424743 0.46321946697373234 0.0796044373995716
1042 1.4841420973803545 0.37869053775712086 0.15428383082658195
1043 1.4849954885055332 0.38262420854082335 0.232481062861028
1044 1.4626110646530353 0.2998636128737291 0.22575327612933827
1045 1.438535052622468 0.07345911480396097 0.2890489057541773
1046 1.4505080661462453 0.07498467812868287 0.3665196687394969
1047 1.4513617485495987 0.0 0.3635471925321268
1048 1.4518666146527452 0.22409487572037598 0.2976607924019775
1049 1.4620946963340373 0.22889586644420465 0.3767235862511255
1050 1.453760507826702 0.15112551597842017 0.37093843605048743
1051 1.4678922497579998 0.07719353922948947 0.4491904127934009
1052 1.4900341452091115 0.07973989556091346 0.5374524557837022
1053 1.491779819987489 0.0 0.5337673545330744
1054 1.443084898550804 0.21763457377438403 0.14565096751683976
1055 1.4460823338903837 0.220811191194568 0.220811191194568
1056 1.4357134996021748 0.14490697013324946 0.21652287808003023
1057 1.6184320728382784 0.7654613626252805 0.0
1058 1.6177020107405171 0.7819768956381175 0.09468820567729776
1059 1.5861780422532896 0.6725817978949671 0.09072145251529032
1060 1.6633414776410318 0.9969685145344418 0.0
1061 1.6538958558346883 1.0117191239017072 0.10249139609093469
1062 1.6418078772219686 0.8964277363017793 0.09880985480605828
1063 1.6130611663650456 0.7973296747830717 0.19055267245015348
1064 1.6080827445008978 0.8127633213397446 0.2872642441681836
1065 1.5828999265369994 0.7029462966556818 0.2756127921428582
1066 1.6492069876446909 1.2231352633023425 0.0
1067 1.6270562841142926 1.2339183251180175 0.10891054609906252
1068 1.6497951226478957 1.1277474057831578 0.10651131611266378
1069 1.5566010946597313 1.4108209954369528 0.0
1070 1.521218303414707 1.410285689813957 0.11093261360075005
1071 1.5839625749417838 1.3296838033255072 0.11052409905538046
1072 1.6001461301556785 1.2415858641546658 0.21705825167138915
1073 1.5740111521059181 1.2497270967606204 0.3242840553452976
1074 1.6095386424807305 1.1514530742470581 0.3188001976371295
1075 1.6068623013038772 0.8322028507114179 0.38918641084194805
1076 1.6117703574534998 0.8543762270963531 0.4938053624368405
1077 1.5914061055311164 0.7402475184423178 0.47248451229869126
1078 1.6158788920469158 1.0599664622784981 0.41819261059597296
1079 1.6130562611075556 1.0843983046370438 0.5286579564705117
1080 1.620522569658572 0.9709065475034367 0.51324111507467
1081 1.6232680598315776 0.8816225223427607 0.606143176895797
1082 1.6385524088545882 0.9122842141328427 0.7262681947217454
1083 1.622598655370557 0.7915463815675413 0.6961707207390095
1084 1.6398473655618873 1.0268935504483165 0.20616225272276473
1085 1.6256088885890638 1.042122747581549 0.31111995630906925
1086 1.623916144160485 0.9273590192488435 0.3001667946348923
1087 1.5179182506110283 0.08681733375862168 0.6436378255515668
1088 1.542347427741943 0.09027751062572284 0.7455514337829046
1089 1.5431320415835188 0.0 0.7298471002182638
1090 1.528880119416001 0.266206922812755 0.6789567678641582
1091 1.5497834758305935 0.27684979540464644 0.7832974823471988
1092 1.5438121356502008 0.1823722090291463 0.7631001562191025
1093 1.5618393551553118 0.09399706387961229 0.8527648923075668
1094 1.5716842693367434 0.09739677042554018 0.9614287540620092
1095 1.5773584874550186 0.0 0.9454322935279462
1096 1.5637453944215944 0.46427211600776735 0.7273810523115122
1097 1.5815722965875183 0.48455344616858514 0.8383686704435142
1098 1.5625666895058332 0.3784578934339908 0.8092619089876458
1099 1.6165647255624918 0.693581882612301 0.7886028716056674
1100 1.6302268692659034 0.7225780017352511 0.9076488675306522
1101 1.6055410271008015 0.5995237403392227 0.8719946908733353
1102 1.5902742740619484 0.5036610763564248 0.952783832772121
1103 1.584686468038259 0.519360130231514 1.065326337806745
1104 1.5725384269187996 0.40697601364333175 1.031536460672895
1105 1.5676316609137806 0.1012068159807763 1.0715830799533574
1106 1.5471218323672553 0.1035599599657512 1.1732980590694935
1107 1.5616966854816305 0.0 1.158233199898678
1108 1.5532124209822114 0.3076437021843677 1.111157675805907
1109 1.5222039628886674 0.3136105315948885 1.2085934312937787
1110 1.5327346277709242 0.20791394755164422 1.189279911051372
1111 1.5087018722552983 0.10527263573781795 1.2665049511403195
1112 1.453294874915681 0.10597939720096913 1.347315477714712
1113 1.4780472180384518 0.0 1.3396239117457769
1114 1.5641717112803493 0.28912355513056387 0.8932411623135992
1115 1.566654620395879 0.29983689217645587 1.0043291648923787
1116 1.5671334717515755 0.1970206335288093 0.9813591731947312
1117 1.5488548122710302 0.5731328378464868 0.1707160515858315
1118 1.553140751666671 0.6039961690142769 0.3530180277114818
1119 1.5496519105119928 0.5881266005542443 0.26071757868313244
1120 1.5155132972162373 0.4809110685469119 0.24598038693466512
1121 1.4910594897953915 0.3961868229097613 0.318511667490133
1122 1.5777770249591405 0.6450833639822356 0.5566952072135971
1123 1.562625695132803 0.6238360463398537 0.45286771176807167
1124 1.597353420038103 0.6691253880493864 0.6691253880493864
1125 1.5684341634183443 0.5533987171778417 0.6412634804013392
1126 1.541372508063864 0.44670828265739704 0.6153512862117532
1127 1.4785675281581663 0.31584320552833606 0.3928676055164687
1128 1.4799480284717899 0.24020784862486347 0.46962530059854274
1129 1.518636656987933 0.3451754883676474 0.5905779768904144
1130 1.503315968694611 0.25292189600453724 0.570541102959799
1131 1.494172070817013 0.1646888748375921 0.5528982267373841
1132 1.5310810450401653 0.513177931772242 0.43077122616334884
1133 1.5192165214586282 0.42743313025548096 0.5092012567995097
1134 1.5019274150051944 0.4103808428296205 0.4103808428296205
1135 1.3892274325872513 1.5327762694847709 0.0
1136 1.2881083730580754 1.5344365707774743 0.10706832486180493
1137 1.390505046350134 1.4998817209705801 0.10937667462044602
1138 1.171959830202113 1.5802049039039499 0.0
1139 1.0610699022043275 1.5522518078678456 0.10021388760618348
1140 1.1763942022695177 1.5512044358488393 0.10383323789659259
1141 1.1798795475829669 1.52061951301302 0.20627054412829995
1142 1.0727900651744324 1.4995809241264717 0.2970209489643315
1143 1.1866820482470388 1.4946069288137638 0.30792488056672485
1144 0.9389756060053656 1.5665861551216442 0.0
1145 0.8307557469666154 1.5215295937229274 0.0915710786412297
1146 0.9426136080150577 1.540926432167501 0.09549071711444923
1147 0.719246132683231 1.5207181789125517 0.0
1148 0.6253610145891443 1.474815275892203 0.08435205913619236
1149 0.7241983248782363 1.4981735302734573 0.08769190025910832
1150 0.7286028685815277 1.4740213868633372 0.17412775186227866
1151 0.6366490506829159 1.433611273507365 0.24961881627177387
1152 0.7349265794452264 1.4540798284706566 0.25975351350186193
1153 0.9705070725134624 1.4795014265693918 0.382897856394275
1154 0.8795315877781996 1.4680102759500309 0.46493843719091854
1155 0.9959882078432566 1.4815451184134734 0.4855569105702165
1156 0.7479605672089832 1.4442027412938425 0.3497898239047428
1157 0.6645114493049403 1.4285864542234423 0.42414376302459267
1158 0.7679382049899377 1.4487060804177123 0.4438466235570795
1159 0.7976857398198557 1.4687213069283112 0.5484340023596854
1160 0.7228973485232482 1.481874332318801 0.6357934037233752
1161 0.8358452824863682 1.5012605499807004 0.665415267494332
1162 0.9480397206764554 1.5139256037985587 0.19033131954133908
1163 0.8421433905898021 1.4746934243272412 0.2725842709558748
1164 0.9561227802224791 1.491457406259643 0.28544514386549813
1165 0.5271599448967164 1.4733133471427189 0.0
1166 0.44014113200953553 1.438320449581068 0.07563841696665244
1167 0.5242104682795788 1.4533220354787637 0.07777522931139749
1168 0.3618711770119926 1.4446707195281512 0.0
1169 0.28643498217326346 1.4255261097717422 0.07279481022229124
1170 0.3611193502033242 1.429136210105294 0.07387985025240569
1171 0.3604559699034101 1.4126782315559918 0.14685481240272555
1172 0.2866902703696891 1.3983569315148925 0.2158356832631668
1173 0.36033344827883834 1.3984832457213068 0.2189372788504725
1174 0.21352164696920867 1.4394460205687418 0.0
1175 0.1415951395667281 1.43064996125477 0.07096677055286585
1176 0.21249428898163103 1.4266588183829634 0.07128579402598974
1177 0.07123193279859033 1.4499593019469685 0.0
1178 0.0 1.4416398874161322 0.07082322617076402
1179 0.07072303683511154 1.4361260866320504 0.07072303683511154
1180 0.07054180041653259 1.4220828036351807 0.14074722574315943
1181 0.0 1.4117455166595911 0.20941266536653497
1182 0.0704373875206024 1.409679465918389 0.2099652922917163
1183 0.2152096423368858 1.3943009355116291 0.2858587125859877
1184 0.14527685716434527 1.397499001272979 0.3565828698217135
1185 0.21832114832826022 1.3945476518516127 0.3593194024442309
1186 0.07153927760893704 1.4009392674331067 0.2814946785908258
1187 0.0 1.3973201538408546 0.35001047774964295
1188 0.07230530672261141 1.3986781465720273 0.35342309561694396
1189 0.07385025405150776 1.4043172090165674 0.4297357840229926
1190 0.0 1.4125803702092496 0.5054293382774581
1191 0.07589921105654393 1.4182664182484646 0.5115659744402825
1192 0.21312387917940537 1.4131755181656063 0.1426322052837182
1193 0.14188488686682507 1.405771214986483 0.2120072211310098
1194 0.213985701885114 1.4013825183730537 0.213985701885114
1195 0.646021900621494 1.505714383069185 0.734527153494055
1196 0.5716763294528918 1.530964896635576 0.8314912165093189
1197 0.6856813653022769 1.546983416027469 0.8613020507251918
1198 0.43850475781179377 1.476956663597426 0.6870110032096157
1199 0.36425071188076513 1.5039084634997635 0.7788824901287212
1200 0.46456503699996154 1.5163305478311753 0.8037849601191228
1201 0.49144103184507065 1.5516903466421808 0.9296669762335894
1202 0.40403320860029585 1.5611675503610474 1.0240775181387436
1203 0.5162414594731785 1.575170690716658 1.0589292312434795
1204 0.25414252486891314 1.4595918455643215 0.6481867016779402
1205 0.1749447879823157 1.4809377382311935 0.7320215933650678
1206 0.26656140931460753 1.4921898961351399 0.7541883153710611
1207 0.08250172004729837 1.4424638622832562 0.6116431523127009
1208 0.0 1.4548747588694388 0.6881045142786222
1209 0.08594959244664481 1.4684070474112003 0.7098095797891222
1210 0.08992489730428949 1.4941769223559969 0.8158211778154717
1211 0.0 1.4982958913464703 0.8980439971034723
1212 0.09384036391360759 1.5142948082103662 0.9263225440022067
1213 0.3079693416225677 1.554856489157775 1.1123338310749142
1214 0.20775461551582564 1.5315600373623046 1.1883685225100196
1215 0.31818635099625375 1.5444140920919134 1.2262277410956595
1216 0.09838385939722244 1.5239057905276934 1.041693467469611
1217 0.0 1.5044741802727555 1.1157940976514613
1218 0.10159082842812278 1.5177042235377876 1.150988488730571
1219 0.10417757928991325 1.4930082050301927 1.2533306404248217
1220 0.0 1.443602229622026 1.3084047940076518
1221 0.10565219603062764 1.448807967115838 1.3431557710852102
1222 0.2815955645991181 1.5234449367816187 0.8699835933854716
1223 0.19245331761708284 1.5308043141748717 0.9586093866034927
1224 0.2959781048021179 1.546492368095138 0.9914038284768542
1225 0.5302212816446294 1.4328890780879753 0.15793421296407248
1226 0.3693454244754747 1.390041183429513 0.29693271009250405
1227 0.44535046853140353 1.403449829134022 0.2277915559354669
1228 0.5371490964550151 1.4153315336644618 0.23811915952723062
1229 0.5468768639331654 1.406261806104587 0.31963347089071203
1230 0.22808336365129692 1.4052476898459338 0.4459209756445065
1231 0.29735987394877694 1.3920408801018902 0.36987676039924855
1232 0.1569383077333878 1.42385353283735 0.5268777999638721
1233 0.2402124589822379 1.4277736770600489 0.5418711604548184
1234 0.3253923274921416 1.4315985146253059 0.556729979219416
1235 0.5631522198258743 1.410620842021019 0.40881487798913835
1236 0.5846971071756875 1.430081310060379 0.504582966187489
1237 0.41680582343780964 1.4381936990872635 0.5741599372799495
1238 0.5110756967312535 1.4484829074667522 0.5922207078935122
1239 0.6130967464246271 1.4636003986794324 0.6130967464246271
1240 0.3804345263812712 1.3923287472358266 0.3804345263812712
1241 0.3962840766534111 1.4085041000050549 0.47209337694749887
1242 0.4686146135406768 1.3981251098291319 0.3933639370965253
1243 1.3395161953851116 0.10536590818999658 1.4448821035751083
1244 1.2515319792677897 0.10402807351764644 1.490865581384921
1245 1.3321490750422909 0.0 1.4698000066397832
1246 1.181712507881995 0.30663536487409415 1.4883478727560893
1247 1.0823434701451504 0.2996659785021301 1.5129349850183524
1248 1.1667116377019322 0.20396848546327978 1.5036488139685988
1249 1.1561112384883763 0.10204298272577296 1.524459129446641
1250 1.057491451294166 0.0998759169629957 1.547016849376303
1251 1.1467556681557047 0.0 1.546221025414142
1252 1.0276307631131543 0.5009830584486828 1.5286138215618372
1253 0.9206401748746604 0.48666927949987626 1.5366238756501134
1254 0.9991682737948266 0.39420566943668534 1.5231943468828424
1255 0.8781126822513038 0.6990642856920666 1.5771769679433705
1256 0.7673392215490101 0.6748803498528817 1.5729761617162703
1257 0.8439068128318397 0.5802124419128939 1.5538248400278512
1258 0.8156990929661764 0.4714510697593871 1.5388064144911195
1259 0.715111895781422 0.4564409699451174 1.5373687972358467
1260 0.7947097994194958 0.3716524814023382 1.5344686888206467
1261 0.9549503459504413 0.0967404804769616 1.56109376840126
1262 0.8557876623073675 0.09433025243759312 1.5673755600223958
1263 0.9466605816886442 0.0 1.579407762446555
1264 0.7784321212188179 0.27513017512841925 1.5401571761798933
1265 0.6835520645452682 0.2680086572482746 1.539227844147678
1266 0.7674120760280358 0.18340270854392549 1.5525354913915543
1267 0.7578232379782225 0.09176348179208266 1.567734523489804
1268 0.6627257543180551 0.08939201631563408 1.5629341186827759
1269 0.7482392835332264 0.0 1.5820190459704773
1270 0.9798286625229614 0.29252240331762125 1.5284362487894139
1271 0.8776746571454427 0.28408500170841916 1.5369129058705495
1272 0.9659404094417725 0.19392511591832062 1.5425112320759329
1273 0.7160328693765097 0.8994273579372469 1.6154602273137568
1274 0.5990314196326798 0.871278620743953 1.6042225787397761
1275 0.6830065866750525 0.7765787559918291 1.5919163735753388
1276 0.5290033888545862 1.0851068654126308 1.614110254267217
1277 0.4138088062094147 1.0488551094970149 1.5989400538283085
1278 0.5091035059971939 0.9630793652564597 1.6074583612435882
1279 0.4873334062812243 0.843178524716449 1.590646028153218
1280 0.3816827235283309 0.8161576091529316 1.5758812805664384
1281 0.46599125499975264 0.7300744493214655 1.5695357393257943
1282 0.3207915563626947 1.2362676912116175 1.5570592475743124
1283 0.20931647567348854 1.1973024537409613 1.543074017908468
1284 0.3123750772562103 1.1282466124259842 1.5770998936583378
1285 0.1057843108404884 1.3448353459163747 1.4506196567568632
1286 0.0 1.3105744818430116 1.4459961112487627
1287 0.10455024203908417 1.257814039302627 1.4983489755300805
1288 0.10234941499699354 1.1595830087476373 1.529037038293883
1289 0.0 1.125408110451652 1.517437175916076
1290 0.09970402939527975 1.0556714967048058 1.5443544161137037
1291 0.2786587002676609 0.7884154584068662 1.5599095836066599
1292 0.18246025132815352 0.7634685516697249 1.544557428863358
1293 0.2686541932738464 0.6851984945059585 1.5429352879114817
1294 0.0958869642409236 0.9465250660587117 1.547320641880294
1295 0.0 0.9195136256541001 1.5341158025645112
1296 0.09277784485928094 0.8417038321673924 1.541581017608234
1297 0.08959119277320877 0.7398835187570456 1.5306220205269945
1298 0.0 0.7190637107259055 1.5203324800896705
1299 0.0867988428659302 0.6435007395867117 1.5175949549939973
1300 0.30272911510033396 1.0140169114959943 1.5817665513327896
1301 0.19662172180216106 0.9793721951040125 1.5639604643974332
1302 0.29102222290090574 0.8991070565858996 1.5744435911143788
1303 0.5600812336049458 0.083097246263695 1.5527702091253832
1304 0.4709878447834882 0.08093943601069 1.539123247952951
1305 0.5590811381416543 0.0 1.5625271057368082
1306 0.3901001262470896 0.2370234029833177 1.5140101295513295
1307 0.3077929201151468 0.23172288034383798 1.5012869559863882
1308 0.3872507334103198 0.1577713744705893 1.517690722085821
1309 0.38478305100039906 0.07872110473052013 1.522785724192966
1310 0.3025267214407446 0.07688437741563882 1.5056112805961555
1311 0.38286886823076804 0.0 1.5284982018160067
1312 0.23446067347345279 0.3858823102308129 1.4976404445818303
1313 0.154776695377499 0.37990027659254033 1.4888832359974316
1314 0.23021965288788035 0.30579621280864383 1.491547841022164
1315 0.0804343971331893 0.5421334448035606 1.503011727501051
1316 0.0 0.5363113636711877 1.4988898492200207
1317 0.07845732691815947 0.4565444131310358 1.4919241075022498
1318 0.07666837035212244 0.37474943422485796 1.4830775084903955
1319 0.0 0.3713338596267204 1.4824478661209353
1320 0.0754110042615423 0.29672925302452824 1.4767585108150736
1321 0.22185177765472594 0.07442496549900961 1.4894837714552014
1322 0.14625385032130564 0.07330169291110449 1.4777206755527887
1323 0.22151432072105934 0.0 1.4933282502588527
1324 0.07359034675310287 0.21936388060026468 1.4727803565587991
1325 0.0 0.21871945333547352 1.4744867847994794
1326 0.07298536605927623 0.14562270500661278 1.471343705108927
1327 0.07250832109831415 0.07250832109831415 1.472378677261276
1328 0.0 0.07247762479345038 1.4753159450190478
1329 0.07251590093468308 0.0 1.4760950737727194
1330 0.22729350439024437 0.22729350439024437 1.488534704824574
1331 0.1491917729762251 0.22292531574547492 1.4781665940194897
1332 0.22440315378528877 0.15018080949096205 1.487965798809305
1333 0.6561936889896609 0.6561936889896609 1.56648253382024
1334 0.44857660535960714 0.6179249451800274 1.5478191788805475
1335 0.5496397752407314 0.636907720052796 1.5577806277857795
1336 0.6320055021315394 0.5454092503599886 1.545790539001356
1337 0.6122228036026728 0.44443719112815155 1.533536078379482
1338 0.25647329090776594 0.5785523380372775 1.5244247329159126
1339 0.3491821404752773 0.597433158024561 1.5362643535292468
1340 0.1667296965966532 0.5597497322369795 1.5126878259152967
1341 0.24490529742667863 0.4788091837157173 1.5088895477972077
1342 0.3222677328846158 0.40085887661193087 1.5086428863311216
1343 0.5950911233967686 0.3478132899964993 1.5302419487378798
1344 0.5823732175000561 0.25816709363839735 1.5344923495714948
1345 0.4023163195914887 0.32343943412970366 1.514128011175873
1346 0.484210290623829 0.24766790044005302 1.5259102609275215
1347 0.5709968016602454 0.17007980176784906 1.543082311189647
1348 0.43048806885249996 0.5128406063560536 1.5300746250077353
1349 0.4150026642729547 0.4150026642729547 1.5188425328872552
1350 0.5118965997528528 0.42969565192108067 1.527258154292477
1351 1.4381999860135513 1.4381999860135513 0.21863402547019378
1352 1.2577888945516877 1.4673923678504641 0.42158700847466124
1353 1.347751981050975 1.455059734526622 0.3225033202288734
1354 1.4815816567260418 1.3723179643830457 0.3283817097995583
1355 1.5236566921733417 1.3060163787905736 0.43775194751538776
1356 1.0892847934937657 1.5001447955829414 0.6217899047129667
1357 1.169454100670613 1.4815519122251692 0.5232891599362283
1358 0.9364587834209468 1.5501336783006572 0.8288641539072013
1359 1.0124065075794024 1.5240037507054438 0.7241153931013168
1360 1.1935903371681318 1.5202206345794582 0.7760995449751346
1361 1.2973934277478003 1.5263492008195905 0.941247542855797
1362 1.360735909786169 1.476474843090469 0.8120931090276307
1363 1.566800268947964 1.2367443788729957 0.5533991686421773
1364 1.6058586544448772 1.1660457163452866 0.6656068818622025
1365 1.5011474105759808 1.3834744269517483 0.8256635549656489
1366 1.566460318667567 1.3314877887548613 0.965982702474143
1367 1.5931093838848116 1.2508184163562606 0.8133105417758327
1368 1.6372484369156455 1.0876357563361234 0.7779224919577189
1369 1.654760628837319 0.999665478549341 0.8848087024622199
1370 1.3348784777773381 1.4439658360160985 0.5478460396068372
1371 1.4191521507668878 1.4191521507668878 0.6842737679198543
1372 1.4724123588798046 1.3611759497751028 0.5586387567908281
1373 0.756345017711899 1.5918355759342762 1.0574676704872172
1374 0.8434543593124129 1.5774201385309965 0.9529429394062422
1375 0.5567482974200115 1.5762824224588325 1.2442290597775063
1376 0.6601117706654693 1.5926010212790025 1.1564190868040398
1377 0.814940905273208 1.5963029332775698 1.2533258087766506
1378 0.8493975134397286 1.5442983648500435 1.4232428343154357
1379 0.9730626835901792 1.5779413829213893 1.3412466678491477
1380 0.3297384798741445 1.4877030867415224 1.3779879511433573
1381 0.4424779867669887 1.5401063307735732 1.3201163381498204
1382 0.2159897725192331 1.420805783309241 1.420805783309241
1383 0.33046970893101824 1.381043781419164 1.4910022216360648
1384 0.44523266209410367 1.3283348078011425 1.5496943623534352
1385 0.8531734245279784 1.429569716975594 1.5511633876775643
1386 0.8265832306305468 1.2712309436767522 1.6191078728723756
1387 0.9816631605840229 1.3531013626231223 1.591888119128946
1388 0.5636616500388408 1.2596791191107768 1.5958557130531985
1389 0.6731773966944495 1.179308148918058 1.6241234547245171
1390 0.7770522014913362 1.0864189782645008 1.6354167869498992
1391 0.8716736548628882 0.9848253740074048 1.6301955905812602
1392 0.5778186612071532 1.5229651140573421 1.4079095934636703
1393 0.5799293971410833 1.4130526003794392 1.5285284116940898
1394 0.7171177682398968 1.4872690885762532 1.4872690885762532
1395 1.6525835438611087 0.8836446043447151 0.9983502691730368
1396 1.6305440806400582 0.7747369830127829 1.0831820048808574
1397 1.5708418101474413 0.9686846189735002 1.3352120467730588
1398 1.5059573856813335 0.8283091453432506 1.387907354394881
1399 1.5911046999463627 0.8122871151382384 1.2492444531277778
1400 1.5927244051000906 0.6601629116050529 1.156508678235794
1401 1.545260033203861 0.545791084325759 1.2197417232032937
1402 1.315973096582162 0.9547269294962674 1.5482076919066394
1403 1.2176121837299807 0.7917190951721861 1.550816146026599
1404 1.374536811946052 0.8203295474590722 1.4914495966076464
1405 0.9705918009740999 0.8590754512065256 1.6066345526454773
1406 1.0467822725079585 0.7487023750577197 1.575750548352711
1407 1.1177524591717234 0.6380399315517 1.5393499885354747
1408 1.1854649388223786 0.5304534411521459 1.501835639364587
1409 1.4920208608015968 0.42866286145985644 1.2788994343106324
1410 1.4407049562788237 0.31932168889360024 1.334455839070033
1411 1.2548104396174564 0.42058868680793454 1.4639175700863805
1412 1.3227203601561486 0.31651350833262465 1.4280351007912704
1413 1.390286038211776 0.2113501849849025 1.390286038211776
1414 1.4226004310717266 0.685936428090408 1.4226004310717266
1415 1.3353805102409786 0.5480520782100047 1.4445088949822413
1416 1.460203643288958 0.5540067244266933 1.3498895666232067
1417 1.0267977221478495 1.5884395537387954 1.0267977221478495
1418 1.1485937051582047 1.5304809226649838 1.4022078326167684
1419 1.103267916291623 1.587646152981784 1.2269729260706947
1420 1.2122839929389677 1.5686393536608922 1.0900599405454217
1421 1.38044088840711 1.5067227520980533 1.1307636984229787
1422 1.1175130615424864 1.2428153223668756 1.6081454802278978
1423 1.1533754527492726 1.408045409381886 1.5368525172786949
1424 1.0510914388264843 1.0510914388264843 1.626021542525201
1425 1.23064247893552 1.1065675000533144 1.5923943844750905
1426 1.3924520420480666 1.1406024221433742 1.5198326785148644
1427 1.5208838179953592 1.3934150831359333 1.1413912801896653
1428 1.609928755303177 1.244193482250295 1.1187522735500126
1429 1.5269478016000577 1.1459421721958272 1.3989708304709356
1430 1.611740165149095 1.1200110366330227 1.245593385392935
1431 1.651643271085807 1.0676538144369365 1.0676538144369365
1432 1.3089068905342922 1.4397975795877218 1.4397975795877218
1433 1.4386771954267312 1.3078883594788462 1.4386771954267312
1434 1.434545348986202 1.434545348986202 1.3041321354420012
1435 -0.07196227597924257 1.4648257789158652 0.0
1436 -0.07122795474517929 1.4463791217773967 0.07122795474517929
1437 -0.21913727718715534 1.4773035244094395 0.0
1438 -0.21648523641648987 1.4534535166260603 0.07262464345188886
1439 -0.1435252381416812 1.450151304732547 0.07193412623422778
1440 -0.07083840844537591 1.4280622537590446 0.14133902744011556
1441 -0.0705413123112496 1.4117593364038237 0.21027507946316995
1442 -0.37283484874977424 1.488440150597171 0.0
1443 -0.3694982651197541 1.4622959139586578 0.07559405631462571
1444 -0.29275575922927743 1.4569832755795964 0.07440117744307861
1445 -0.5379054561500356 1.5033450392404355 0.0
1446 -0.5342552183626892 1.481170118491245 0.07926553289814868
1447 -0.4498892583032436 1.4701759803952967 0.07731363608984747
1448 -0.366862463214805 1.4377861903561797 0.14946490753766345
1449 -0.36529059338740366 1.4177223266727186 0.22194922199957584
1450 -0.2893537627095277 1.4113483489447458 0.21784090195542993
1451 -0.07145842642039309 1.3993559748889883 0.2811765431539924
1452 -0.07205023165058656 1.3937439592329826 0.3521763071631506
1453 -0.21524126223362997 1.3945057946022 0.28590071266961425
1454 -0.21723068704032752 1.387582223902163 0.3575246890077689
1455 -0.1444537185176236 1.389580772181601 0.3545624713450509
1456 -0.07342022275504698 1.3961398458132617 0.42723342517924234
1457 -0.07529208234911156 1.4069215011495972 0.5074738846213657
1458 -0.21566833393782897 1.4300472135642122 0.14433507027864964
1459 -0.21521641495386032 1.409442401647873 0.21521641495386032
1460 -0.1423453909539077 1.4103338107942518 0.21269531550087384
1461 -0.7204132176260856 1.5231857727003872 0.0
1462 -0.7307647267159488 1.5117576674972681 0.0884870142979467
1463 -0.6343338613491555 1.4959763191315207 0.08556236499610867
1464 -0.9221820096716619 1.538567732339603 0.0
1465 -0.94080291224236 1.5379664186974649 0.09530728602843393
1466 -0.833641870417057 1.5268155303619682 0.09188920516447516
1467 -0.744578267659841 1.5063408861688437 0.17794568951605852
1468 -0.7628185781319685 1.509265195009906 0.26961170187074585
1469 -0.6576835853734374 1.4809770019773385 0.2578660847545327
1470 -1.1344920298000432 1.5296854232800836 0.0
1471 -1.1638597213503232 1.5346763516697381 0.10272689468554806
1472 -1.0539548869139186 1.5418431671886585 0.09954190233815537
1473 -1.3364536449998814 1.4745493677066344 0.0
1474 -1.3693206687169608 1.4770309870839706 0.10771031836700976
1475 -1.2706622858304064 1.5136542244943312 0.10561819584011022
1476 -1.1975088805693477 1.5433400591869162 0.20935256391173385
1477 -1.2348976860626566 1.5553337481524812 0.32043606208982456
1478 -1.1187151345521955 1.5637764831773289 0.30973611862394057
1479 -0.7886573676394332 1.5227823259942248 0.3688220126057765
1480 -0.8192771841868567 1.545556440045268 0.473519105568465
1481 -0.7005386223756142 1.5060387411427454 0.44713915426023965
1482 -1.0335754313638603 1.5756467608315072 0.40778045652575134
1483 -1.0756781917731437 1.6000849823877994 0.5244067906146553
1484 -0.9462027737173438 1.5792899473438464 0.500182193557322
1485 -0.8558697683915626 1.575851368580774 0.5884373496305015
1486 -0.8955602015851213 1.6085144331653662 0.7129542315802448
1487 -0.7642873902281624 1.5667201828969135 0.6721962423139135
1488 -0.966559082460272 1.5434991916546912 0.19404932258330254
1489 -0.9975932978145827 1.5561473309048561 0.29782593648451744
1490 -0.877235718475358 1.5361442719565512 0.2839429264054288
1491 -0.08161718301691742 1.4269985762208033 0.6050854585180825
1492 -0.08485377051933125 1.4496854619450001 0.7007597998005435
1493 -0.2487091049265719 1.4283866175315143 0.6343288455278375
1494 -0.2595125212862452 1.4527307729186352 0.7342447346366292
1495 -0.17100219451841053 1.4475630060397378 0.7155245968970718
1496 -0.08860752171266426 1.4722876317803202 0.8038696166905441
1497 -0.0923089923750268 1.4895831822788117 0.9112059788028573
1498 -0.43611014347051497 1.4688912058228136 0.6832593303449666
1499 -0.4589546753647274 1.4980184449944602 0.7940779784393307
1500 -0.3559109484412788 1.4694754743218728 0.7610494550708299
1501 -0.6661710006538719 1.5526768617335527 0.7574366881058249
1502 -0.7012944217215438 1.5822084353678434 0.8809140136462995
1503 -0.5740830963205473 1.5374102843469972 0.8349918083784215
1504 -0.48197591585414706 1.5218049114398657 0.9117616626907914
1505 -0.5026366076375478 1.5336591780905755 1.0310225704530276
1506 -0.39001674700695527 1.5070085244576772 0.9885508760309774
1507 -0.09662298295692832 1.4966308917769358 1.023049215291318
1508 -0.09965795692707613 1.4888283172568397 1.1290897319006266
1509 -0.29570145609087545 1.4929191504386057 1.0680242772707578
1510 -0.3045536257606126 1.4782435197162644 1.1736898939556517
1511 -0.20063328113173212 1.47906179982235 1.1476340743279025
1512 -0.10211057206068491 1.4633851443473704 1.2284630680351614
1513 -0.1035138039760121 1.4194842089551833 1.3159704049791712
1514 -0.27275688156745803 1.4756272556630634 0.8426766674556343
1515 -0.28533649533751343 1.490889715215586 0.9557588527398214
1516 -0.18680714033584303 1.4858937215816326 0.9304857948294455
1517 -0.5414254047882716 1.4631675037903176 0.16127152595376432
1518 -0.564829667236598 1.4524263876825179 0.330126357334699
1519 -0.5513011070174871 1.4526205972522224 0.24439277123577893
1520 -0.45407631073160976 1.4309479067386408 0.2322547221653957
1521 -0.373441829686384 1.4054581117839549 0.300225986847292
1522 -0.6084054192914344 1.4880682808076453 0.525042808221679
1523 -0.5848258419879869 1.4649103610313816 0.4245486332472219
1524 -0.6364634059574942 1.5193818922325304 0.6364634059574942
1525 -0.5203671075121837 1.4748164815116687 0.6029873436486562
1526 -0.417234535748602 1.4396729762696627 0.5747504986868067
1527 -0.2971596371139465 1.391103504604367 0.36962769198663403
1528 -0.22572076428727156 1.3906914449485466 0.44130190743805037
1529 -0.3218382135805712 1.4159618085117107 0.5506490682791303
1530 -0.2364129843486617 1.4051903777113728 0.5333003072295623
1531 -0.15469925729904513 1.4035393092600459 0.5193607954549491
1532 -0.4790857325455934 1.4293659930320033 0.4021535917051576
1533 -0.39848526380007404 1.4163277328573654 0.4747156520642212
1534 -0.38372673867654294 1.4043777109939586 0.38372673867654294
1535 -1.501526128611678 1.360903955875474 0.0
1536 -1.5638384708025939 1.3127902884447658 0.10911990017185423
1537 -1.4983324282387074 1.3890687335183807 0.10926369472032683
1538 -1.6101260225052767 1.1941508441578577 0.0
1539 -1.6481949590124034 1.1266535848814094 0.10640800902169702
1540 -1.6137649024207126 1.2238384774827684 0.10802085859851801
1541 -1.6133643522200691 1.251842150974425 0.21885129051792354
1542 -1.645394373984495 1.1771040224005946 0.32590211739731995
1543 -1.6101323699257928 1.2784064772193253 0.3317258927064674
1544 -1.6610045642338782 0.9955678225421819 0.0
1545 -1.6810565514766236 0.9178575276330762 0.10117198003291172
1546 -1.6698818449922535 1.0214980533839577 0.10348204271531149
1547 -1.6734343865843324 0.7914755196196871 0.0
1548 -1.689761448720124 0.7165039251074832 0.09664590540823507
1549 -1.6863491658217507 0.8151600708263826 0.09870629794419043
1550 -1.6885526331966594 0.8346448045207657 0.19947056164859117
1551 -1.684038274598126 0.7478605872103479 0.29322288993522283
1552 -1.6809547308571278 0.849594558952394 0.3002819300759779
1553 -1.6576962120437706 1.0873973278942284 0.4290150146162763
1554 -1.6502582059580326 0.9887221117651612 0.522658787754789
1555 -1.6472577340454502 1.107390695023029 0.5398670390224212
1556 -1.665734132442257 0.8626928968467996 0.4034453281380022
1557 -1.6434631024652897 0.7644619930909623 0.4879401051374335
1558 -1.6469252291208072 0.8730113176849558 0.5045759192130072
1559 -1.627077918092693 0.8836917165399788 0.6075658129021722
1560 -1.5946697374827985 0.7779219194604262 0.6841879085808539
1561 -1.6080134259000802 0.895281259625855 0.7127321662742251
1562 -1.6711709091329774 1.0465087570497662 0.21010026088223932
1563 -1.6765786358922097 0.9574326390346605 0.3099009988285272
1564 -1.666359552488885 1.068246616691242 0.3189190922888694
1565 -1.6775674426130345 0.6002432288579184 0.0
1566 -1.7049288727384853 0.5217261037075751 0.08965882464664895
1567 -1.695135924785844 0.6114322739466292 0.09071601616552612
1568 -1.6982320564631617 0.4253849855228867 0.0
1569 -1.7408171177458551 0.3497872937369682 0.08889521619377183
1570 -1.720293096762374 0.434689934289974 0.08893133872081199
1571 -1.7292952166318136 0.4412432857224516 0.17976869675954235
1572 -1.7472692204089808 0.35822405132644897 0.2696901181182129
1573 -1.7248749389476896 0.44443159151341866 0.27003500159617855
1574 -1.7420890235564785 0.25841449568896563 0.0
1575 -1.7905174776705652 0.17721216161434009 0.08881784255409139
1576 -1.765351149422013 0.2629409585990019 0.08820921778893107
1577 -1.795819066561424 0.08822293349610799 0.0
1578 -1.8317329016129502 0.0 0.08998726707532975
1579 -1.8137113529160496 0.08931748821676137 0.08931748821676137
1580 -1.8186980472835415 0.09021572748187563 0.18000126572469813
1581 -1.8202921412911155 0.0 0.27001483238671065
1582 -1.811613348485922 0.09052079891201771 0.2698315010119064
1583 -1.7564202682793177 0.2711025777164418 0.36010019348227945
1584 -1.7547811361849432 0.18241808276357485 0.44774621869487025
1585 -1.7325014284302995 0.27122895430144905 0.44639663418514103
1586 -1.79396458083176 0.09160920330534719 0.36046636340620275
1587 -1.773903506827594 0.0 0.4443396970979407
1588 -1.7697908559213733 0.09149014802718812 0.4471972086124835
1589 -1.741340681829318 0.09157364939889713 0.5328684989063794
1590 -1.715304340276123 0.0 0.6137457067464321
1591 -1.7112392060128625 0.09157779102307495 0.6172406965720195
1592 -1.7751589337534797 0.26771533560998423 0.17916729393884206
1593 -1.7943005327330221 0.18109926094507262 0.2706021191522806
1594 -1.771590982170766 0.27051510547831253 0.27051510547831253
1595 -1.558368897520978 0.6686131502535209 0.7602134131551012
1596 -1.529399914500043 0.5710919507745387 0.830641249993072
1597 -1.5355826897648157 0.6806281336591817 0.854954556105634
1598 -1.5683114328280243 0.4656277614474203 0.7295049593316778
1599 -1.5594003289269633 0.37769099230741515 0.8076220333754185
1600 -1.5377920529428466 0.4711402952314461 0.8151613945350584
1601 -1.508914556186727 0.47789336839217406 0.9040386413955344
1602 -1.4963872792965538 0.3872679480322478 0.9815836684550634
1603 -1.48038610208308 0.4851770582243839 0.9952090438586959
1604 -1.6233141882490159 0.28264967888857295 0.7208937708618924
1605 -1.6214227773122765 0.1915404386584082 0.8014627855889328
1606 -1.5904028791738414 0.28410595323599125 0.8038274962939272
1607 -1.6766549090007958 0.09589627687403997 0.7109464026769715
1608 -1.6565780966958854 0.0 0.7835030882502386
1609 -1.645753566264632 0.09633013443883752 0.7955366663257526
1610 -1.6136805985205378 0.0971170548365024 0.8810702312462446
1611 -1.593222080174057 0.0 0.9549405650890624
1612 -1.5795489840304335 0.09788414427436477 0.966239747590753
1613 -1.4868735975317149 0.2945040176382192 1.0636993295519297
1614 -1.4735229520827977 0.19988194187342054 1.143336369932327
1615 -1.4477083852919763 0.298262655580145 1.1494457297118315
1616 -1.5404890181383075 0.09945447802977574 1.0530292337478904
1617 -1.5126829364724201 0.0 1.1218821261711567
1618 -1.4975669545736097 0.10024289659488188 1.135716893374387
1619 -1.4485048537483938 0.10107227056407625 1.2159715598952274
1620 -1.4065163379472119 0.0 1.2747921010776335
1621 -1.393484656890247 0.10161782477530308 1.291866832114944
1622 -1.556896140334943 0.28777872903367796 0.8890863502805583
1623 -1.5533089408893013 0.1952826080971404 0.9727020738337924
1624 -1.5227565291427478 0.2914353803930282 0.9761875868095935
1625 -1.699763126929824 0.6289744247723829 0.18734929017340896
1626 -1.7052281657187027 0.4530932091817742 0.3642611647833956
1627 -1.7045575718524546 0.5408996442228714 0.2766638417801061
1628 -1.6910375900834744 0.6417855406874217 0.28450468325048467
1629 -1.671516010992115 0.6500307625061514 0.3799238960508839
1630 -1.698346180004997 0.27565568132856344 0.5389286109788799
1631 -1.7029556482487012 0.3637757224964014 0.4524893825185132
1632 -1.690434584439213 0.18632109054589666 0.6255225234138715
1633 -1.6608858052693112 0.2794318663963266 0.630342282635013
1634 -1.6297536680302267 0.3704316076480486 0.6337899323489536
1635 -1.644131645876202 0.6563750927815619 0.47648911612844685
1636 -1.6146123184503125 0.6601436891502824 0.5696919938434268
1637 -1.6028019494653776 0.46451127325799 0.6398753292837117
1638 -1.587619751986217 0.560168067367602 0.6491076204905657
1639 -1.5853592615551912 0.6641010798101912 0.6641010798101912
1640 -1.675455471035594 0.45779497827776705 0.45779497827776705
1641 -1.6397388300029925 0.461342205676326 0.5495971517337261
1642 -1.6548206132921488 0.5546521671954082 0.46558548091067475
1643 -0.10367121549829979 1.3179715767724647 1.4216427922707646
1644 -0.10254556415453134 1.2336963334198665 1.4696191802086631
1645 -0.30746177924889107 1.1848973466685844 1.4923591259174755
1646 -0.30074367392632473 1.0862359260422554 1.5183759867583835
1647 -0.20249957715654276 1.158309396481704 1.4928200713408493
1648 -0.10052487081880473 1.1389115625278488 1.5017794753020857
1649 -0.09810917083440598 1.038785050548099 1.5196510327449393
1650 -0.5140810488024958 1.0544977351505256 1.5685787839530214
1651 -0.4996566979740685 0.9452086851934913 1.5776307321564693
1652 -0.4005082776565062 1.0151430977602005 1.547547363481429
1653 -0.7213753034029831 0.9061381271308024 1.6275134305337857
1654 -0.6978026200437997 0.7934018517148897 1.6264022017403923
1655 -0.5994961525421229 0.8719545650017719 1.6054671462231798
1656 -0.48390534270805885 0.8372473294628493 1.5794569004705454
1657 -0.4685232883819035 0.7340414183521147 1.5780640471938332
1658 -0.3766136805486316 0.8053184022829938 1.5549523533458123
1659 -0.09459013676910935 0.9337237461072155 1.5263938356978202
1660 -0.09177342042469669 0.8325914422752321 1.5248916706598816
1661 -0.2742527192617026 0.7759495151895617 1.53524524694758
1662 -0.26671875617087226 0.680262191174869 1.53181968175875
1663 -0.1799432757419665 0.7529367690409802 1.5232507973553204
1664 -0.08889035141299585 0.7340956622096119 1.5186484862360348
1665 -0.08638921633782234 0.6404638906485423 1.5104330259640402
1666 -0.2932406558377409 0.9822345104107161 1.5321891346370775
1667 -0.28402638286720405 0.8774935554644094 1.5365957752475008
1668 -0.19174364462836482 0.9550745076165912 1.5251594622895723
1669 -0.909960484322407 0.7244182766498313 1.6343787609722384
1670 -0.8870373924501136 0.6098660701819476 1.6332380702052298
1671 -0.7984962089988831 0.7022831438193948 1.6368451744725967
1672 -1.0636073951025933 0.51852212381507 1.5821295189176632
1673 -1.0421887635997733 0.41117870734014417 1.5887774609484535
1674 -0.968532967641 0.511986392075378 1.6165608704117636
1675 -0.8670155186701874 0.5011105164879706 1.6356142272287066
1676 -0.849801192341142 0.39741641799679955 1.6408421317095248
1677 -0.7628013652521775 0.486880161111996 1.6398930354055337
1678 -1.188068021368651 0.30828451827134123 1.4963525396399922
1679 -1.1709992377141707 0.20471805823902683 1.5091746392581047
1680 -1.1101470852630282 0.30736390227588195 1.551799784577942
1681 -1.2968396417108508 0.102008984360483 1.3988486260713338
1682 -1.2750318646134466 0.0 1.4067808762433625
1683 -1.2264526284570565 0.10194346314161738 1.4609902433619364
1684 -1.15008542058466 0.10151112003662417 1.5165134294050826
1685 -1.1231364227874692 0.0 1.514374159680732
1686 -1.0689481686038182 0.1009579589457342 1.5637770176924468
1687 -0.8323078808919671 0.29417210157261775 1.6467523893281173
1688 -0.8153565197323488 0.1948608822027428 1.6495309033626984
1689 -0.7331660719223911 0.2874614307640631 1.6509490510251954
1690 -0.9804422373604398 0.09932291613314782 1.6027663359788997
1691 -0.9548639981518757 0.0 1.593094335956881
1692 -0.8901042643730467 0.09811284229981214 1.6302264350113385
1693 -0.7958022783298685 0.0963622969288246 1.6463030467870519
1694 -0.7732889347253855 0.0 1.634982083534854
1695 -0.6997886861782665 0.09439126402551441 1.6503411952379132
1696 -1.0235852850742195 0.3055856998707123 1.5966922721024408
1697 -1.0036683032059042 0.20149948189374506 1.6027589443829193
1698 -0.930109225936354 0.3010569792439148 1.6287320837771009
1699 -0.08033207073036269 0.5414437577140075 1.5010996377861654
1700 -0.07857484404455989 0.45722824712860854 1.4941587825900722
1701 -0.23853816473167844 0.39259316592938365 1.5236858181205146
1702 -0.23545969842551584 0.312756461685112 1.5254970652107889
1703 -0.15623860484067106 0.38348854166085533 1.502946157336811
1704 -0.07697506807520296 0.37624855045329225 1.4890102874567004
1705 -0.07587560500485252 0.298557376557255 1.485856693613897
1706 -0.4095348039889612 0.2488318417515349 1.5894376851607885
1707 -0.40676269361748707 0.16572082043648867 1.5941608702901582
1708 -0.319566641327104 0.24058676386194947 1.558714313549775
1709 -0.5919328275736658 0.087822953159593 1.6410756249477452
1710 -0.5845715739608806 0.0 1.6337681013407306
1711 -0.4964636345575644 0.08531745994289683 1.6223746115189634
1712 -0.40330174968789556 0.08250976541882538 1.5960738015098683
1713 -0.399401520972925 0.0 1.5945002513020574
1714 -0.31462643842047244 0.07995940894495786 1.5658290038106228
1715 -0.07417094365535463 0.2210945694088083 1.484399974490267
1716 -0.07365958155134306 0.14696792102748463 1.4849355081470015
1717 -0.22857833699891755 0.07668153496358986 1.5346450096783937
1718 -0.2280948566240321 0.0 1.5376906198508682
1719 -0.1492225266902469 0.07478957855015277 1.5077156086076926
1720 -0.07324034073466062 0.07324034073466062 1.4872433174510784
1721 -0.07327035107915386 0.0 1.4914522592631616
1722 -0.23340146124561967 0.23340146124561967 1.5285354333064018
1723 -0.23100289332133678 0.15459765573057213 1.5317271566380146
1724 -0.15168156310309633 0.22664560969399702 1.5028350091622409
1725 -0.6808830760229384 0.6808830760229384 1.6254216766484888
1726 -0.6508009182895362 0.4724425983582563 1.630169085774877
1727 -0.6649380780448676 0.5738294642358693 1.6263386736300502
1728 -0.5658881769191385 0.6557359288791382 1.6038315988167946
1729 -0.4571676714217288 0.6297593430555448 1.57746275961816
1730 -0.6229454817254277 0.2761528512636479 1.6413960106393566
1731 -0.6361987076887354 0.37183946611350477 1.6359476926511618
1732 -0.6082790659894628 0.18118487294886568 1.6438352443763786
1733 -0.5139030732023234 0.26285541144888414 1.6194822532815911
1734 -0.42131191095496656 0.33871080897177047 1.5856184170373528
1735 -0.35237247729778104 0.602891664580584 1.5503005832444698
1736 -0.25700681111806356 0.5797558526955302 1.5275958678173658
1737 -0.3313084788023239 0.4121043811490044 1.5509656373362952
1738 -0.247472627428242 0.4838285164753341 1.5247071615679548
1739 -0.1665273587069886 0.5590704376549522 1.510852075784008
1740 -0.5393365462908399 0.4527292601185422 1.6091260200366992
1741 -0.4319946259303649 0.4319946259303649 1.5810303603501883
1742 -0.4439811731812526 0.5289149468692024 1.5780328799276415
1743 -1.4507567130572565 1.4507567130572565 0.2205428891935938
1744 -1.580724925498216 1.3549329410409685 0.45414785245089684
1745 -1.5235446262641796 1.4111862486079583 0.3376824942839254
1746 -1.39530426224205 1.5063981191989009 0.3338820967279588
1747 -1.333091278297242 1.5552434720125483 0.44682694089242564
1748 -1.6314289635362114 1.1846128232939876 0.6762054321489456
1749 -1.6184313656078337 1.2774990748190318 0.5716354470842541
1750 -1.594033801723928 0.9629795001491024 0.8523377672910101
1751 -1.6218081285190928 1.0773786498870959 0.7705861812832865
1752 -1.6117900019496194 1.2654853697624355 0.8228473279831598
1753 -1.5807435036355844 1.3436284642273295 0.9747906559543048
1754 -1.5574002420995412 1.4353176725305488 0.8566038294019919
1755 -1.2612832047996771 1.5978878887652685 0.564379421392269
1756 -1.1828484937155161 1.6289991583551917 0.6751983104788071
1757 -1.4448539343425446 1.5677476214560166 0.8622951119261829
1758 -1.3720936690641006 1.6142320674933452 0.9954419121858155
1759 -1.2860446136180006 1.637975356980839 0.8362154152610726
1760 -1.0945546317788009 1.6476636130789388 0.7828711604752416
1761 -0.9976551169561938 1.6514328484093161 0.8830293217885032
1762 -1.546642179409245 1.4297979263915355 0.5868018283701247
1763 -1.5029876234440012 1.5029876234440012 0.7246967872156432
1764 -1.424775918961886 1.5412097694353368 0.5847407517050858
1765 -1.505639539299632 0.7153898186695218 1.000207031610133
1766 -1.5480425349869669 0.8277460092222211 0.9351954926796966
1767 -1.4341174339615812 0.5065351413441388 1.1320119802421704
1768 -1.4666236958331618 0.607895858297807 1.0649444602631766
1769 -1.4672618591614925 0.7490631526453506 1.152010134157253
1770 -1.4096210619541532 0.7753220829398416 1.2991227091800845
1771 -1.46918160366314 0.9059942336356096 1.2488010972436883
1772 -1.3777058137652647 0.3053583909271393 1.2761027576724606
1773 -1.4055575719228741 0.4038216532732157 1.2047866292281173
1774 -1.3431693310891475 0.20418754039770987 1.3431693310891475
1775 -1.2915740122627841 0.3090605045531157 1.3944088866699955
1776 -1.2411459051712623 0.41600859373800547 1.4479759175217648
1777 -1.321439447008638 0.7886408091351345 1.4338359751836294
1778 -1.2061611668877088 0.7842733839561629 1.5362315171564958
1779 -1.2830266308959086 0.9308245578565391 1.5094470426737079
1780 -1.1883173300077639 0.5317297848635869 1.5054492618339927
1781 -1.1319548012578866 0.6461469692935309 1.5589092164737541
1782 -1.0653562980055933 0.7619872933924025 1.6037105469423822
1783 -0.9860928645087907 0.8727955167756772 1.6322936858182413
1784 -1.3740038864618251 0.5213022142402828 1.2702019470769939
1785 -1.2928890969274704 0.5306132229968594 1.3985450487069553
1786 -1.3491146277683894 0.6505037174484809 1.3491146277683894
1787 -0.8749910227980006 1.6363996998255697 0.9885733685684325
1788 -0.7641366778945744 1.6082342320818306 1.0683614141487114
1789 -0.9780771795470881 1.5860730077574219 1.3481585308838417
1790 -0.8378393316948841 1.5232843156130491 1.4038760489342907
1791 -0.8125135818166853 1.59154830195573 1.2495927440665304
1792 -0.6502080251832191 1.5687070144298012 1.1390691760533536
1793 -0.5376846941162181 1.5223089789193578 1.201625446395001
1794 -0.9709793602679818 1.3383750640860272 1.5745630167179177
1795 -0.8120400644879952 1.248864505386756 1.5906207781366961
1796 -0.8368081641920793 1.4021482339405749 1.521409539358973
1797 -0.8765562202565094 0.9903417438816841 1.6393269168878444
1798 -0.7705546562728892 1.0773345738655367 1.6217417796546103
1799 -0.6570574168144793 1.151068306454255 1.585232016091395
1800 -0.5426184985623304 1.2126515831529574 1.5362777135527552
1801 -0.42250879348204723 1.4706007690996656 1.26053900525754
1802 -0.3147178173507397 1.4199333620509094 1.315216108489923
1803 -0.4249935822605092 1.2679522785985848 1.4792494229147528
1804 -0.31550569638800174 1.3185086808967588 1.423488088439413
1805 -0.2081271330739289 1.3690844287947868 1.3690844287947868
1806 -0.6955979841811977 1.4426380516101849 1.4426380516101849
1807 -0.5559513746306205 1.3546278900140094 1.4653291863329267
1808 -0.55472000175005 1.4620836387841731 1.3516275340060113
1809 -1.570344963363154 1.015101032691096 1.015101032691096
1810 -1.4613076488217485 1.0966806197189054 1.338832128317342
1811 -1.5298359426350956 1.0630951421569175 1.1822957397766198
1812 -1.5710937096587805 1.2141807810580914 1.0917654920138913
1813 -1.5271449394146486 1.3991514457165295 1.146090119974551
1814 -1.214649395247189 1.0921868599096005 1.5717000747209149
1815 -1.3527901899070152 1.1081141185948815 1.476542585101138
1816 -1.0506488158726608 1.0506488158726608 1.6253368119379774
1817 -1.108891062613489 1.2332265732531977 1.5957380828691063
1818 -1.1478856730865787 1.4013434642051021 1.5295374823750085
1819 -1.4214201658658328 1.5514507880683899 1.1643311475814835
1820 -1.2667038389390728 1.6390561145462499 1.138993106734932
1821 -1.1576669695371082 1.5425708879641538 1.413284510403148
1822 -1.1325151686066166 1.6297341054523544 1.2594995555706956
1823 -1.075646152393901 1.664007289298795 1.075646152393901
1824 -1.4107836733044201 1.282530612094927 1.4107836733044201
1825 -1.3077458762208207 1.4385204638429032 1.4385204638429032
1826 -1.4368531051188456 1.4368531051188456 1.3062300955625865
1827 -1.8355180173970542 -0.09017321788981547 0.0
1828 -1.8420785501314185 -0.09071445074828693 0.09071445074828693
1829 -1.840397001704552 -0.27299710671045835 0.0
1830 -1.8331537465751775 -0.2730398445327109 0.09159710696944724
1831 -1.8428510502933506 -0.1823917511157787 0.0914138267159164
1832 -1.835724271634646 -0.09106030595294112 0.18168639533611938
1833 -1.818463372674302 -0.0908630737482111 0.2708517807036316
1834 -1.802250247654529 -0.45144018603901037 0.0
1835 -1.7821489280222147 -0.45031989134577793 0.09212900421861532
1836 -1.812166066226111 -0.3641236392068492 0.09253866623553354
1837 -1.7263990777233396 -0.6177154672815287 0.0
1838 -1.69881077202256 -0.6127577842903709 0.0909126773868815
1839 -1.7436445456172345 -0.5335735053713189 0.09169480502167615
1840 -1.7476949984678596 -0.4459381348817098 0.18168144408545492
1841 -1.7035441839842622 -0.4389355052972421 0.26669559981084634
1842 -1.7452567267854544 -0.35781145113257645 0.26937949074797063
1843 -1.7925538460163182 -0.09153716381588423 0.36018290048052054
1844 -1.7629968282649813 -0.09113892765902742 0.44548046892371795
1845 -1.741854447437233 -0.26885435065589125 0.3571139179318377
1846 -1.702777770994956 -0.26657561526697154 0.43873803118656735
1847 -1.738715413463666 -0.1807479722998858 0.4436469230900114
1848 -1.7319607422709136 -0.09108037699937918 0.5299981390942669
1849 -1.7017985004302474 -0.0910725671128716 0.6138354521915322
1850 -1.8117680648426593 -0.27323643325908675 0.1828622639079995
1851 -1.7796662747364052 -0.27174817148629443 0.27174817148629443
1852 -1.8047110625204419 -0.1821499986649554 0.2721721523605318
1853 -1.625920229921488 -0.7690029971619798 0.0
1854 -1.5881818892661415 -0.7677072385590454 0.09296031802232417
1855 -1.6416010786396873 -0.6960826436163007 0.09389137306004773
1856 -1.5142460170383203 -0.9076041345324946 0.0
1857 -1.4758511423372556 -0.9028058323425815 0.09145802226114604
1858 -1.5323965267914716 -0.8366890966272719 0.09222508943846554
1859 -1.5361324875234126 -0.7593041369043615 0.1814650038316311
1860 -1.4750108930124566 -0.7455056380131673 0.2634925912674789
1861 -1.5291356910493037 -0.679070264068276 0.266251422664114
1862 -1.4002041304569373 -1.0384621582457474 0.0
1863 -1.3595759162789753 -1.031067980785294 0.091006166750821
1864 -1.4168891993898973 -0.9685403338625092 0.0914748330511613
1865 -1.2864691611717591 -1.1659876822584607 0.0
1866 -1.2440815613177598 -1.1533587381570805 0.09072282316067917
1867 -1.3017606151269958 -1.09278466115592 0.09083290315617278
1868 -1.3083661897848273 -1.0151878855068688 0.17747858920423845
1869 -1.2505202313001194 -0.9928830656709055 0.2576371656292139
1870 -1.3064477199814715 -0.9346238753219215 0.25876718976485
1871 -1.4084656386093826 -0.7294521245714022 0.34113420063424277
1872 -1.3464191654933204 -0.7137173862174043 0.4125085195503846
1873 -1.4023248771766623 -0.65229579475159 0.4163467661549588
1874 -1.2991040251109949 -0.8521719693264476 0.33621065685727747
1875 -1.2386603501793978 -0.8327057252382492 0.4059546249411484
1876 -1.2918344188402622 -0.7739790355444206 0.40914119311346997
1877 -1.291030003725376 -0.7011787864677408 0.4820824405348587
1878 -1.2451485466317767 -0.6932517734581833 0.5518967731735932
1879 -1.3016863661156162 -0.6349969104339701 0.5584843378709078
1880 -1.4234088607393633 -0.8913569698259057 0.17895151917082275
1881 -1.3624270690752711 -0.8734058054004112 0.26075045060370816
1882 -1.4188220236797995 -0.8102372804776595 0.26225692782032495
1883 -1.668814766434574 -0.09544785992298686 0.7076219731094991
1884 -1.640612099122248 -0.09602919131394254 0.7930513454889524
1885 -1.5866587987455778 -0.27626728283260193 0.7046155653531685
1886 -1.559095038704441 -0.2785131918188717 0.788003768011971
1887 -1.6073796590825025 -0.1898815098068464 0.7945213284857792
1888 -1.6109823157292074 -0.09695466255264508 0.8795969677980103
1889 -1.5781653339968742 -0.09779839992526294 0.9653933429064432
1890 -1.4613060444251966 -0.4338581279282824 0.6797310688395876
1891 -1.4312294975639053 -0.43849224395183817 0.7586741204060995
1892 -1.49768700208772 -0.3627438570400111 0.7756603609403693
1893 -1.3274821144176612 -0.5695519204970845 0.6475807562055221
1894 -1.2956838145120309 -0.5742959088831603 0.7213879056288703
1895 -1.3624649827242081 -0.5087569166631756 0.7399762518567825
1896 -1.401268154367521 -0.4438003169667282 0.8395442626696193
1897 -1.3684751191813962 -0.44849970669370115 0.9199754124876948
1898 -1.4350388460973604 -0.3713908538008575 0.9413409980268951
1899 -1.538680068106836 -0.09933769162036701 1.0517926931149484
1900 -1.4934980724890272 -0.09997053713554958 1.1326311561347293
1901 -1.4558708019169069 -0.2883633155087749 1.0415201389573483
1902 -1.4085183947749877 -0.2901885774284181 1.1183298173465697
1903 -1.4579984700689268 -0.1977760611288245 1.1312906092024178
1904 -1.4405437041738827 -0.10051676571939877 1.209288440096473
1905 -1.380648001939944 -0.10068173054061524 1.2799662713993287
1906 -1.5292842822071773 -0.28267491688307606 0.8733182296389345
1907 -1.495571010424718 -0.2862324330819232 0.9587598723945645
1908 -1.5447844951931222 -0.1942109114472909 0.9673639560977225
1909 -1.6495945124427371 -0.6104102054769341 0.18181966421304585
1910 -1.5257720914284483 -0.5933528542231344 0.34679732269937313
1911 -1.5894734509080877 -0.6032397411396361 0.267417261057655
1912 -1.6486367795055228 -0.5231545488476272 0.26758743303829047
1913 -1.6469169915344608 -0.4375994485382182 0.3518050626292963
1914 -1.4081609794027374 -0.575734851789442 0.496848702838102
1915 -1.4622293521759577 -0.5837555217124537 0.4237716446508053
1916 -1.3631744437630426 -0.5710286885917798 0.5710286885917798
1917 -1.4285960603280359 -0.5040589178622625 0.5840898541364195
1918 -1.4951887811943543 -0.4333236834066219 0.5969136823343473
1919 -1.650433489687107 -0.35255623701099653 0.4385338111444051
1920 -1.6594498272681464 -0.2693424804387183 0.5265858050189349
1921 -1.5620380391597306 -0.3550403189168419 0.6074562080060166
1922 -1.6204940837640207 -0.2726362552282524 0.6150127459188663
1923 -1.6684976646022052 -0.18390318519488588 0.6174050620351899
1924 -1.5262250094430334 -0.5115503168837806 0.4294049755554887
1925 -1.5386852467885268 -0.43291067614331336 0.5157266593779063
1926 -1.5903401189540076 -0.43453838839465314 0.43453838839465314
1927 -1.1703577292243397 -1.2912907649845764 0.0
1928 -1.0943713107790403 -1.3036506837405133 0.09096478640516277
1929 -1.1542997759393472 -1.2450966208258638 0.09079684488651661
1930 -1.0459460519911854 -1.41029499303778 0.0
1931 -0.9675560490753787 -1.4154492774421483 0.09138187121629533
1932 -1.032154990180038 -1.3610092570687236 0.09110211052958371
1933 -1.0122461753059149 -1.3045749367350024 0.17696430944995203
1934 -0.9284744018263855 -1.2978517854676412 0.25706459900402107
1935 -0.9881801377959236 -1.2445969693800099 0.25641683158408624
1936 -0.9072076195387029 -1.5135844717376767 0.0
1937 -0.825994827523907 -1.5128099672239694 0.09104630041335145
1938 -0.8978404045831315 -1.46773396811391 0.09095500357618526
1939 -0.7515981340155383 -1.5891207386408923 0.0
1940 -0.6703235564483647 -1.5808523361340967 0.09041684875585586
1941 -0.7498121444572241 -1.5511617037946974 0.09079343258059366
1942 -0.7429006835225724 -1.5029470004140282 0.17754476609538752
1943 -0.6607996663185699 -1.4879938172342082 0.2590878449002467
1944 -0.7320103275391815 -1.4483099145909324 0.2587227892090713
1945 -0.8454796360374264 -1.2889018154325618 0.3335703050832241
1946 -0.7687049876619864 -1.2830316008461706 0.4063532232279048
1947 -0.82772851423584 -1.2312566855517804 0.4035281713159402
1948 -0.719616322944714 -1.3894741405347033 0.33653440825240727
1949 -0.642992693560055 -1.3823247938697483 0.41040879119410073
1950 -0.7072251623389603 -1.3341716641357624 0.40875619725530904
1951 -0.6971865878423621 -1.2836794558969695 0.47933767858032544
1952 -0.6301039623266944 -1.291656264021105 0.5541809549110427
1953 -0.6905482023784904 -1.2402926663737244 0.5497444639952338
1954 -0.8840437169406969 -1.4117303196946158 0.17748328841906896
1955 -0.800251006796729 -1.4013348685286007 0.25902457907627574
1956 -0.8656915002495924 -1.3503935125181745 0.2584473876612214
1957 -0.5824196770970589 -1.6277539525006395 0.0
1958 -0.493792599011053 -1.6136460361400504 0.08485844149243443
1959 -0.5786256877868965 -1.604182886913003 0.08584862049929437
1960 -0.4080640557828634 -1.6290830287980298 0.0
1961 -0.3228643957789041 -1.6068275690575418 0.08205300986610378
1962 -0.40785518230158163 -1.61409409154647 0.08344133255706966
1963 -0.40608974849036594 -1.591523502590657 0.16544665316322316
1964 -0.32084695145394915 -1.564959138454555 0.24155064941920976
1965 -0.40287318120705984 -1.5635833885521786 0.24478426423253324
1966 -0.23791123420743074 -1.6038672621229326 0.0
1967 -0.1561739967415114 -1.5779519203196388 0.0782736203162949
1968 -0.23738941145177198 -1.5938014092589972 0.0796373999969703
1969 -0.07716266291523888 -1.5706820868289446 0.0
1970 0.0 -1.548361391430201 0.07606611746563477
1971 -0.07691707483594465 -1.5619043330516156 0.07691707483594465
1972 -0.07684477155141296 -1.5491471372614258 0.15332311260648526
1973 0.0 -1.522887521674794 0.225899024437457
1974 -0.07668466939374445 -1.5347077397423812 0.22858768035429664
1975 -0.23737447336538567 -1.5379025153614634 0.3152998193769866
1976 -0.15758408144195046 -1.5158890461301515 0.3867910216093266
1977 -0.23766266768952923 -1.518093495280143 0.39115224700588214
1978 -0.07766235756009056 -1.5208463091018047 0.30558793869135226
1979 0.0 -1.5038851983260504 0.3767036318053909
1980 -0.07806501647827754 -1.5100943140845102 0.3815761392035229
1981 -0.0790640522348248 -1.5034614382031688 0.4600749572434761
1982 0.0 -1.5050510117766314 0.538515862883892
1983 -0.08032935097382585 -1.5010488159224291 0.5414254263653198
1984 -0.23801808329030816 -1.5782432709167251 0.1592925403188745
1985 -0.15620634941516529 -1.547665818784986 0.23340663543406592
1986 -0.23801730642980487 -1.558764391090256 0.23801730642980487
1987 -0.5605637120755691 -1.3065328638035885 0.6373611597173605
1988 -0.4942927285395901 -1.3237294900429997 0.7189383939657453
1989 -0.5644821610307288 -1.2735427648276865 0.7090606037969576
1990 -0.4151256811595327 -1.3982120606366248 0.6503827052975596
1991 -0.34210542570961616 -1.4124756063683346 0.7315289089962735
1992 -0.4199486039718724 -1.3707034451704965 0.7265901327302008
1993 -0.42493472808158994 -1.3417013899748853 0.803855921979252
1994 -0.3517835129574261 -1.3592768947971732 0.891643506531571
1995 -0.429264693720234 -1.3097846980318057 0.8805200043115714
1996 -0.25493423617527383 -1.4641388034864606 0.6502059495020334
1997 -0.17465607491783766 -1.4784937324529297 0.7308135310962686
1998 -0.258877239411262 -1.4491745147285051 0.7324473170422697
1999 -0.08586414456078757 -1.5012526468999032 0.6365711650579502
2000 0.0 -1.521374971625881 0.7195567725016979
2001 -0.08792641356731898 -1.5021800762579773 0.7261350390384494
2002 -0.09030704518123589 -1.5005266270070738 0.8192881190121365
2003 0.0 -1.5301805945447864 0.9171549527378371
2004 -0.09253837666411159 -1.4932847390882664 0.913470290548438
2005 -0.2727158275577064 -1.376870736353387 0.9850040256078527
2006 -0.189178829547464 -1.3946199680353204 1.0821139429384639
2007 -0.2758566546136729 -1.3389540545933227 1.0630973999796498
2008 -0.09534042276436001 -1.4767648190681604 1.0094694006507805
2009 0.0 -1.5043031416930517 1.1156672467953905
2010 -0.09708537797385605 -1.4503955767910113 1.0999433137906311
2011 -0.09853862713743386 -1.4121942536136853 1.1854900209675003
2012 0.0 -1.426823494309024 1.2931974347569912
2013 -0.09936745962565006 -1.3626254123101158 1.2632579526844656
2014 -0.26443845874870986 -1.4306242061893566 0.8169770745467164
2015 -0.18255104808551112 -1.452040086533899 0.9092862123440127
2016 -0.2692778170050603 -1.4069827535859847 0.9019689442271078
2017 -0.5802952945822017 -1.56821089318323 0.17284949474740294
2018 -0.4064526065694857 -1.5296950356058205 0.32676477355645084
2019 -0.49180366617548577 -1.5498395534141012 0.25155182322432257
2020 -0.5784646378613469 -1.5241936521502155 0.2564344132622095
2021 -0.5741723594359786 -1.476450573148491 0.33558688662766345
2022 -0.24318264010427626 -1.4982760590098227 0.47544125270308446
2023 -0.32279969588639373 -1.5111331828036856 0.4015205689550739
2024 -0.16467307168138803 -1.494028693587348 0.5528451719269077
2025 -0.24908512373917566 -1.480510979858614 0.5618861137529899
2026 -0.3315697539203012 -1.4587767660823074 0.5672992465204769
2027 -0.5696560500373364 -1.426912065115356 0.4135362702890446
2028 -0.5650742565508601 -1.3820867645353911 0.48764880309378605
2029 -0.41353385975261925 -1.4269037475293163 0.5696527294660657
2030 -0.48965010672537246 -1.3877588286181572 0.5673933131230828
2031 -0.5620486162577205 -1.3417369829953152 0.5620486162577205
2032 -0.40821590760368204 -1.4940041027347497 0.40821590760368204
2033 -0.41054405909974895 -1.4591880535751438 0.48908129966484676
2034 -0.4911864418552026 -1.4654688055428624 0.4123111551232589
2035 -1.276388061602574 -0.10040026972197914 1.3767883313245532
2036 -1.2021754590030511 -0.09992553055132178 1.4320704898502432
2037 -1.103026747695054 -0.286217677302552 1.3892444249976061
2038 -1.0246066009002954 -0.2836805026387346 1.4322285070698533
2039 -1.1167775033384442 -0.19523883073976825 1.4392940929853584
2040 -1.1236275593054648 -0.09917584381787219 1.4816258452090854
2041 -1.042214445610358 -0.09843306373779759 1.5246679356598418
2042 -0.9148127803115796 -0.44598285788956415 1.360795638201144
2043 -0.8379391874964284 -0.4429518413088131 1.3985891524070926
2044 -0.92921412946443 -0.36660639410050994 1.4165518923737568
2045 -0.7425099788501286 -0.5911111620132007 1.3336211408633294
2046 -0.6692108391560612 -0.5885757336152756 1.3718218326305016
2047 -0.7510282987099706 -0.5163555460323423 1.3828143206754082
2048 -0.7599705063667649 -0.4392415184738365 1.4336751139059243
2049 -0.6814797769085619 -0.43497429172287466 1.4650654689803957
2050 -0.7686571099851899 -0.35946872994672885 1.4841647461415548
2051 -0.95559414199086 -0.09680569971955717 1.5621462063537472
2052 -0.8684859904896679 -0.09572994135077774 1.5906325548620024
2053 -0.7750388984121744 -0.2739308695504585 1.533443557466618
2054 -0.6902341940265176 -0.2706286018621793 1.554274715175098
2055 -0.7789750202561188 -0.18616611995797167 1.5759282445939733
2056 -0.7785000828024833 -0.09426720453171616 1.610509410618254
2057 -0.6871476115461613 -0.09268616784900761 1.6205292153795738
2058 -0.9428556224918968 -0.2814843076366917 1.4707619463599348
2059 -0.8593998957355509 -0.2781698421625856 1.504911621073382
2060 -0.9521162495765332 -0.19114973580363093 1.5204354169866063
2061 -0.5870184761965177 -0.7373690506212727 1.3243875268177905
2062 -0.5098944175878246 -0.7416307230652057 1.3655112414125725
2063 -0.5860722065985275 -0.6663643279595548 1.3659867415385534
2064 -0.4356948996373662 -0.8937098264066715 1.3294047260440378
2065 -0.3563851377034104 -0.903306954854541 1.3770573818449001
2066 -0.4336693766051935 -0.8203793983583297 1.3692804257434343
2067 -0.43081720661835926 -0.7453948611298497 1.4061783365044052
2068 -0.3500963492928107 -0.7486160148162457 1.4454683150054557
2069 -0.4275404383667415 -0.6698330639346921 1.4400270194426157
2070 -0.2772223322403484 -1.068360453488953 1.3455827857293015
2071 -0.1904092686379433 -1.0891521263278483 1.4036907236221823
2072 -0.2750874293928313 -0.9935698553789271 1.388844332438031
2073 -0.0995663569779347 -1.2657865336000695 1.3653528905780044
2074 0.0 -1.2975707862029509 1.4316487440537689
2075 -0.09904034634419426 -1.1915260611501246 1.4193845809127095
2076 -0.0979793913134552 -1.110072171666598 1.4637515838479747
2077 0.0 -1.1295498199959044 1.5230216247714985
2078 -0.09672081529772729 -1.02408506925092 1.4981462548817974
2079 -0.26510554238803125 -0.7500691976503743 1.4840400670824634
2080 -0.179439080403609 -0.7508270641494632 1.5189826970442135
2081 -0.2618961296680549 -0.6679621545403145 1.5041223638016497
2082 -0.09446895733394646 -0.9325275525080072 1.5244383723782409
2083 0.0 -0.9406384560057314 1.569360452741259
2084 -0.09276169646065961 -0.8415573298529277 1.5413126985411427
2085 -0.09078093820825055 -0.7497089604288867 1.550948243510834
2086 0.0 -0.7468573907883383 1.5790972792442262
2087 -0.08888970435785493 -0.6590017632409689 1.5541516733437721
2088 -0.2729354690290326 -0.9142205606844352 1.4260940690800907
2089 -0.185549467666539 -0.9242213311091144 1.475889993031621
2090 -0.26947715110556286 -0.8325440089507414 1.4578837632423087
2091 -0.5845543996516294 -0.08672824224037506 1.6206196582413186
2092 -0.4925952401961185 -0.08465267493549118 1.6097332328509248
2093 -0.40463927662636867 -0.2458573373184226 1.5704377476632907
2094 -0.3196569122488405 -0.24065472461292534 1.559154617885746
2095 -0.403872156543279 -0.16454317513381914 1.5828324442320922
2096 -0.4020017785779885 -0.08224380993657743 1.5909291428694134
2097 -0.3148664371610643 -0.08002040241245412 1.5670234266022467
2098 -0.2411439455689245 -0.39688183709344366 1.540330497647198
2099 -0.15994099284178162 -0.39257607400701555 1.5385614895712072
2100 -0.23820793187366585 -0.31640688583359944 1.543302329074206
2101 -0.08306738281696913 -0.5598799518918449 1.5522121753456528
2102 0.0 -0.559505773546583 1.5637138821901546
2103 -0.08127942756246524 -0.4729662609438636 1.5455884388072065
2104 -0.07942573160003016 -0.388227216038416 1.5364160681959596
2105 0.0 -0.38470179710611546 1.5358156640661276
2106 -0.07792883344109705 -0.3066364751734534 1.526064652618866
2107 -0.22947192149651227 -0.07698130716333053 1.5406444189311006
2108 -0.15011099087774415 -0.07523487232458236 1.5166924792778909
2109 -0.0757138006166072 -0.22569363851452934 1.5152775219644805
2110 0.0 -0.22356666047413806 1.5071640010239742
2111 -0.07469101985400727 -0.14902587927022884 1.505728721030262
2112 -0.073751784311173 -0.073751784311173 1.497628865003035
2113 0.0 -0.07300157170661489 1.48598112944718
2114 -0.23578900239195963 -0.23578900239195963 1.5441713304476672
2115 -0.15427515690505203 -0.23052100915927864 1.5285318933806344
2116 -0.23272614953285808 -0.15575093726178546 1.5431536729862778
2117 -0.5897482786902138 -0.5897482786902138 1.4078623330577738
2118 -0.4267059707433359 -0.5877976257103065 1.4723542810038164
2119 -0.5087351712454402 -0.5895085702025273 1.4418494260032935
2120 -0.59299408456531 -0.5117431067290914 1.4503744706546
2121 -0.5957480217927704 -0.4324774834711429 1.492268957749144
2122 -0.2559675811296881 -0.5774115581399256 1.5214188975298935
2123 -0.3408683414491957 -0.5832086641813969 1.499686901232314
2124 -0.1696069193056259 -0.5694092270588873 1.538791992438427
2125 -0.2488850499232889 -0.4865899139176152 1.5334092581017709
2126 -0.3286205649362589 -0.40876096813295104 1.538382614838782
2127 -0.5963683159126159 -0.3485597715241687 1.5335261744430253
2128 -0.5956304892964644 -0.26404406604441755 1.5694238703497088
2129 -0.4126905247476537 -0.3317797049113179 1.5531716041292594
2130 -0.49972093605868373 -0.2556014141709806 1.5747895463969839
2131 -0.5917625692780543 -0.17626519130019827 1.599200469113029
2132 -0.42288654056862396 -0.5037849027108233 1.503056674035388
2133 -0.41814984589079485 -0.41814984589079485 1.5303607078567358
2134 -0.5077505202452731 -0.426215354654433 1.5148882074333783
2135 -1.1624331654514122 -1.1624331654514122 0.17671217130738265
2136 -0.9911543842482016 -1.1563247100585443 0.3322161720474411
2137 -1.076017574861449 -1.1616898871875319 0.2574800448423994
2138 -1.1636720887381735 -1.077853593000999 0.25791938528064795
2139 -1.1607890640108653 -0.9949810463909269 0.3334987967010558
2140 -0.8369386656499747 -1.1526179296692136 0.4777446782268641
2141 -0.9087867307704769 -1.1513189940552353 0.40664977328598834
2142 -0.7114104128515653 -1.1776078772270704 0.6296727633595451
2143 -0.7716901695532769 -1.1616467337745517 0.5519450203994931
2144 -0.8511366110826682 -1.0840532121630602 0.5534283547738608
2145 -0.8710623747928017 -1.0247819444692432 0.6319481064206818
2146 -0.9292347312238628 -1.0082718432804252 0.554571328991109
2147 -1.1567052438145475 -0.913038334657109 0.40855221496791627
2148 -1.1568564049598633 -0.8400163063519243 0.4795014694078628
2149 -1.0091008739453242 -0.9299987752584233 0.5550273137938895
2150 -1.0255408174463383 -0.8717074151364202 0.6324160775275863
2151 -1.0860843674558998 -0.8527313581053542 0.5544652955064687
2152 -1.1642560582251456 -0.7734235623044065 0.5531848152486829
2153 -1.1809946909157112 -0.7134564373144457 0.6314837094100523
2154 -0.9917902709675642 -1.07284018104395 0.40703957784597994
2155 -0.997056412566552 -0.997056412566552 0.4807515162393861
2156 -1.0748496070678806 -0.9936478907845477 0.4078019615960904
2157 -0.5800121125680374 -1.220717917930793 0.8109315764215456
2158 -0.6421413296713889 -1.2009264686621126 0.7254975203520543
2159 -0.4413969672872995 -1.249696288405027 0.9864402570093591
2160 -0.5129046938777112 -1.237445801738931 0.8985338605818552
2161 -0.5939039115569505 -1.1633365682945436 0.9133853699958615
2162 -0.6035277903906158 -1.0972800898220694 1.0112657376464318
2163 -0.6720304161884256 -1.08978036273377 0.9263108858315066
2164 -0.28027844128138396 -1.2645509326074655 1.171292823325933
2165 -0.36168395848191626 -1.258891449645339 1.0790704105470326
2166 -0.19269966381477618 -1.2676007460742178 1.2676007460742178
2167 -0.2806404850223554 -1.1728058160255896 1.2661843894948273
2168 -0.36288768246325886 -1.0826616755182095 1.263081178806139
2169 -0.6073292947699099 -1.0176355041948866 1.1041916440755546
2170 -0.6048970577157081 -0.9302921097499616 1.184869898313474
2171 -0.6837616427122233 -0.9424809319654038 1.1088039961712657
2172 -0.44497259312728527 -0.9944311167885773 1.2598197071689055
2173 -0.5215070015522459 -0.9136038430112916 1.2581999294437114
2174 -0.597549381209406 -0.8354509348923655 1.2576275920534576
2175 -0.6729192798168161 -0.7602707478025493 1.258487091647899
2176 -0.4466499630158342 -1.1772418537798803 1.088304705383582
2177 -0.4477477376302505 -1.0909795366323143 1.180135274420468
2178 -0.5286591820026452 -1.0964146958934577 1.0964146958934577
2179 -1.2116883656917516 -0.6478957693050642 0.7319989422234411
2180 -1.2440660383622508 -0.5911057423550875 0.8264418985277832
2181 -1.1015289380828295 -0.6792753622816398 0.9362971487620895
2182 -1.1179600931843823 -0.614902239676897 1.0303246625724378
2183 -1.1866231763676809 -0.6057921371989974 0.9316686834500346
2184 -1.2768379526977434 -0.5292322123034249 0.9271372801642772
2185 -1.3033978650331168 -0.4603645462759817 1.0288292738787541
2186 -0.9496708806458142 -0.6889778873639659 1.1172627814460832
2187 -0.9419437304161811 -0.6124732060939956 1.1997100269669152
2188 -1.0338111338330176 -0.6169829808884556 1.1217431102050859
2189 -0.7626534597413118 -0.6750282295646227 1.2624312289525566
2190 -0.8434374689659331 -0.6032616837449021 1.2696499445295941
2191 -0.930130751902246 -0.530940957819593 1.280960511899213
2192 -1.0218874683973058 -0.45725833496187823 1.2946034667070625
2193 -1.3197064652820039 -0.3791563272050539 1.131198561793884
2194 -1.3202237258609202 -0.29261790765834067 1.2228598591097908
2195 -1.121021533213102 -0.3757451800299453 1.3078334918986936
2196 -1.2162529459036262 -0.291036940629236 1.3130907714961968
2197 -1.30537271261817 -0.19844172832300927 1.30537271261817
2198 -1.1262031231423806 -0.5430222926409316 1.1262031231423806
2199 -1.127450508609048 -0.4627157499929447 1.219586683981278
2200 -1.223352604357035 -0.4641445542706314 1.1309319248124197
2201 -0.7267531673910732 -1.1242754556118004 0.7267531673910732
2202 -0.7593993743801394 -1.0118863179843407 0.9270778222604286
2203 -0.7442903738234141 -1.071063275975634 0.8277446704749241
2204 -0.8094330910523947 -1.047368940096275 0.7278249917076081
2205 -0.889455417187158 -0.97082223897263 0.7285816477672251
2206 -0.7716021498851688 -0.8581188065264076 1.110366001592177
2207 -0.769145838783658 -0.9389763453548522 1.024873310483106
2208 -0.7685315873790086 -0.7685315873790086 1.1889059990675566
2209 -0.8597860298259973 -0.77310128155845 1.1125233113432829
2210 -0.9420222543632137 -0.7716408411878023 1.0281978573306094
2211 -0.9710659411616005 -0.889678694140918 0.7287645411284162
2212 -1.0485341486033244 -0.810333593528146 0.7286347043499394
2213 -1.0159783586048035 -0.7624703646997906 0.9308268996415484
2214 -1.0754428534317937 -0.747333776967887 0.8311293182166424
2215 -1.1281603376914011 -0.7292644295041061 0.7292644295041061
2216 -0.8454774119806596 -0.9300251531787259 0.9300251531787259
2217 -0.9308454341411837 -0.8462231219465305 0.9308454341411837
2218 -0.9122125661636142 -0.9122125661636142 0.8292841510578309
2219 0.07605667585022159 -1.5481692029333305 0.0
2220 0.07580715965394465 -1.5393660171343357 0.07580715965394465
2221 0.22950277158148075 -1.54718201152738 0.0
2222 0.22935873070226068 -1.539884470767069 0.07694333486918876
2223 0.15205452729321367 -1.5363295961026413 0.07620896298390732
2224 0.07576199486838302 -1.5273189716628464 0.1511627224075398
2225 0.07569580703605489 -1.5149174123420797 0.22564000183757368
2226 0.39249591133984973 -1.5669315122834626 0.0
2227 0.3953803045785806 -1.564724542502536 0.08088915113125167
2228 0.31141527998922647 -1.549847749874308 0.07914332263167766
2229 0.5711409833890055 -1.5962321152683638 0.0
2230 0.5776294464088215 -1.6014209055428794 0.08570081173484224
2231 0.4843443047213054 -1.5827703149172734 0.08323474861045202
2232 0.39770726455917704 -1.5586713554084877 0.16203151176463992
2233 0.39987472367864524 -1.5519461324591781 0.24296241245841813
2234 0.31415985859148066 -1.5323422566752798 0.23651625025681763
2235 0.07684519574474671 -1.5048439938251532 0.3023725483455854
2236 0.07755746075393072 -1.5002761260152044 0.3790952436312943
2237 0.2333605394038229 -1.5118970268670027 0.30996819026316946
2238 0.2366850332167385 -1.5118487596288375 0.38954322727846724
2239 0.1561870879231616 -1.5024505874148468 0.38336209309465935
2240 0.0790064669326388 -1.5023664110853228 0.4597398674688919
2241 0.08086740960634062 -1.5111030770790554 0.5450519790635205
2242 0.23064864602444843 -1.5293782241332834 0.1543605773076121
2243 0.2319163604903706 -1.518809576774426 0.2319163604903706
2244 0.15270696632716158 -1.512994529094045 0.22817778759450097
2245 0.7651984755735386 -1.6178762448672703 0.0
2246 0.7885703861559353 -1.6313421872316252 0.09548659983672238
2247 0.6869194433328333 -1.619991116651577 0.09265539129246725
2248 0.9670723863249076 -1.6134628010862224 0.0
2249 0.9962662767188815 -1.6286344969132915 0.10092595777516994
2250 0.8927225284886 -1.635021787135646 0.09840144369691867
2251 0.8105291200632075 -1.639764690982689 0.19370718889741068
2252 0.8312432385968351 -1.6446459545777827 0.29379581285954387
2253 0.7237165740222892 -1.6296705983140212 0.28375645000950783
2254 1.1625414117879929 -1.5675056367605997 0.0
2255 1.1967017147493162 -1.577982112395482 0.10562565983333369
2256 1.100401582260643 -1.6097905914551107 0.1039286104122281
2257 1.3333095790198717 -1.471080425465206 0.0
2258 1.365242566417149 -1.4726321025838451 0.10738953616669612
2259 1.2861229732274146 -1.5320714979532457 0.10690329726125833
2260 1.2275788189435808 -1.5820939600750428 0.21460949252200062
2261 1.2539636178676044 -1.5793469822129946 0.3253833643453902
2262 1.1576031135455238 -1.6181353678923402 0.3205029450505307
2263 0.8538883277025932 -1.6487337938529885 0.3993277999880876
2264 0.8767532476031739 -1.6539843343844793 0.5067386491683556
2265 0.7633692624706475 -1.6411139177162088 0.48724263803170154
2266 1.0765629013420284 -1.6411795374166323 0.42474046699102846
2267 1.1012390558992233 -1.6381070926599954 0.5368680367607719
2268 0.9909038169392744 -1.653899650630625 0.5238120818583312
2269 0.9024832235966183 -1.661677366754785 0.6204855642666262
2270 0.930246126413365 -1.6708137745331124 0.7405676481197473
2271 0.8140117279023324 -1.668650588149376 0.7159291539954042
2272 1.0256241134149853 -1.6378202002593634 0.20590739670739006
2273 1.0523190257675272 -1.6415140787292068 0.31416399851148585
2274 0.942077361986454 -1.6496897160897825 0.3049308155482434
2275 0.08735574621381066 -1.5273318787046979 0.6476294549521103
2276 0.09035125173761337 -1.5436072588278344 0.7461604203546174
2277 0.2737017854308868 -1.5719246290536253 0.6980723026707867
2278 0.28565222180097666 -1.5990587695193919 0.8082023894457008
2279 0.1854343550961281 -1.56973372910189 0.7759130960552706
2280 0.09375409006004327 -1.5578021431615274 0.8505605729966604
2281 0.09700776191855073 -1.5654068686754874 0.9575887503066454
2282 0.4840489861619343 -1.6303571691833056 0.7583657273074265
2283 0.5085706342727958 -1.6599638953841045 0.8799229266724823
2284 0.3949968895634361 -1.6308524483130933 0.8446274801982477
2285 0.7194853392780094 -1.676939160601372 0.8180551119585331
2286 0.7519276859769788 -1.6964434489852307 0.9445157630082519
2287 0.6285946022078528 -1.683393592867182 0.9142776489997543
2288 0.5331379875662027 -1.6833455391968886 1.0085457841301821
2289 0.5551578892625977 -1.6939136131742656 1.1387557239116677
2290 0.4322964726010772 -1.6703756295141603 1.095714632703388
2291 0.10088596582856256 -1.562661888353059 1.068185901700284
2292 0.10348588552697918 -1.5460152060081642 1.1724588216338416
2293 0.32452975080303526 -1.6384656547380123 1.172147263447196
2294 0.33391422946439503 -1.6207541270080947 1.2868398975436994
2295 0.21514449083248224 -1.586037949624231 1.230639040494827
2296 0.10562901625581766 -1.5138092959554186 1.2707924631549392
2297 0.10688918353261578 -1.4657707697402491 1.3588815862076333
2298 0.3000854803137522 -1.62347622994875 0.9271078003583759
2299 0.31357966044386676 -1.6384608989591538 1.0503617357249084
2300 0.2014356026122436 -1.6022508384124972 1.0033501207000637
2301 0.5936391186512208 -1.6042717236899156 0.1768241491515693
2302 0.6255953140845852 -1.6086816874057244 0.3656420938631236
2303 0.6093374285282545 -1.6055402176596212 0.27012037683243734
2304 0.5007339231031107 -1.577981810905213 0.2561195451965376
2305 0.41202024057913733 -1.5506489720967611 0.33124083457070835
2306 0.6674734821213332 -1.6325398912155424 0.5760174718276402
2307 0.6457337456141768 -1.617476497280435 0.46876413362687785
2308 0.6926927856179451 -1.6536141206181212 0.6926927856179451
2309 0.5747229735952301 -1.6288710441633651 0.665973452547499
2310 0.46358160451951463 -1.599594115873021 0.6385946884803477
2311 0.3269439543707435 -1.5305338408390654 0.4066754840486699
2312 0.24710877989476684 -1.5224654553001808 0.4831171658335524
2313 0.3566640952099748 -1.5691820174681588 0.6102344079374661
2314 0.25969464958274585 -1.5435718293654164 0.5858190775346723
2315 0.16796283488647232 -1.5238757145563464 0.5638896595662258
2316 0.532095006034147 -1.5875206774499129 0.4466505747687767
2317 0.4427023287727257 -1.5734875103334602 0.5273914590205097
2318 0.42539266978578805 -1.5568682701857635 0.42539266978578805
2319 1.4617947055470832 -1.3248934930597764 0.0
2320 1.5100487223592958 -1.2676355869249805 0.10536661484860119
2321 1.4633570224236068 -1.3566438578738063 0.10671316454980057
2322 1.5373873826206497 -1.140204192152339 0.0
2323 1.5620107573431805 -1.0677408092781189 0.10084392859625907
2324 1.5428707765644758 -1.170074165890528 0.10327540631293743
2325 1.544099815920921 -1.198098391241754 0.20945562416683855
2326 1.5626898492675936 -1.117937763992134 0.3095208898024387
2327 1.5398094114360426 -1.2225717351138263 0.31723767632221606
2328 1.56131469404583 -0.9358160138297206 0.0
2329 1.565560693480064 -0.8547967444729463 0.09422102729497557
2330 1.5689926906500369 -0.959782264882403 0.09722997415701097
2331 1.546647082446963 -0.7315095907324916 0.0
2332 1.5380190286383686 -0.6521610915813442 0.08796699775014763
2333 1.5543351989124539 -0.7513461722596436 0.0909791853066402
2334 1.5595432610636106 -0.7708759885132435 0.184230544007806
2335 1.5463170576090506 -0.6867002966383581 0.2692430232896328
2336 1.5616474553851698 -0.7892938201973864 0.2789691497296814
2337 1.5677816586275406 -1.0284161681296975 0.4057449527268779
2338 1.5636323014194426 -0.9368217806777362 0.49522320822496796
2339 1.5594113252610413 -1.0483347903710374 0.5110765348900037
2340 1.5612697744901434 -0.8085902295460958 0.3781437770970067
2341 1.548802411518886 -0.7204302771615299 0.45983558157162635
2342 1.5591732013951234 -0.8264952330444754 0.47769093423033776
2343 1.5562415362911488 -0.8452193587434533 0.5811148584557164
2344 1.5511885099293938 -0.7567106308758487 0.6655324281117432
2345 1.5524247769182657 -0.8643315953508313 0.6880931815674344
2346 1.573162796298365 -0.9851348139163518 0.19777864257103311
2347 1.5714580009251131 -0.8974020954031734 0.29047036248592817
2348 1.5726888548107045 -1.0081975080049628 0.30099176452039866
2349 1.5125237247750734 -0.5411896423484759 0.0
2350 1.4969778105358174 -0.45809089922506463 0.07872309112765115
2351 1.5166095863026146 -0.5470381663697061 0.08116209310188574
2352 1.4759249468776285 -0.3696999534138911 0.0
2353 1.4617731273704673 -0.293718197660202 0.07464577229807232
2354 1.4783036581123254 -0.3735431602991769 0.07642158397265394
2355 1.4809304063778637 -0.3778710495187711 0.15394995983662071
2356 1.4680796368986733 -0.300984776162089 0.2265973474823029
2357 1.4842220762947906 -0.3824249310094761 0.2323599825653807
2358 1.446569024153264 -0.21457824474015796 0.0
2359 1.4365973982195555 -0.14218377283824793 0.07126179058284396
2360 1.4475224329991498 -0.21560182870754696 0.07232828527547633
2361 1.4281818646723496 -0.07016207590923614 0.0
2362 1.428843581639869 -0.0703644047667938 0.0703644047667938
2363 1.431059039357949 -0.07098706269467044 0.1416356270882617
2364 1.435493941924521 -0.07172725822812569 0.21381024011923808
2365 1.4617850236328922 -0.22562577711677012 0.2996942584563668
2366 1.4641255307545795 -0.15220301081314044 0.37358315323312846
2367 1.4735729153546702 -0.23069282042711128 0.3796810662584539
2368 1.4437440976746778 -0.07372511585677628 0.29009557386950796
2369 1.4565321247222531 -0.07529609459295004 0.3680418498326444
2370 1.474794840261749 -0.07755653276046841 0.45130267783072503
2371 1.4977969449349982 -0.08015532553034925 0.5402524827427149
2372 1.449972105533896 -0.21867324749189462 0.146346095268217
2373 1.4433562943400098 -0.14567835957070818 0.2176755035263115
2374 1.4543315457657917 -0.22207081400990575 0.22207081400990575
2375 1.5522216945899217 -0.6659757126586615 0.7572146455789456
2376 1.5594465050904418 -0.582311623190961 0.846960027919902
2377 1.5538908716302948 -0.6887430100099319 0.8651478616203627
2378 1.5503556004076173 -0.46029671948736595 0.7211527478222615
2379 1.56544836570585 -0.3791558432312964 0.8107543449894956
2380 1.5634879096374725 -0.47901285087781154 0.8287823976719129
2381 1.5695511875261912 -0.49709779841106305 0.9403679733581504
2382 1.5769012351377172 -0.4081051169242636 1.0343983276210718
2383 1.564665889410192 -0.5127986491226008 1.0518672402875908
2384 1.5427219236861156 -0.26861704252987917 0.6851037420901264
2385 1.5598995873481467 -0.18427263721989143 0.7710521191687262
2386 1.564289045286335 -0.2794410373417806 0.7906289426523908
2387 1.5269808792270536 -0.08733567079882208 0.6474806218114127
2388 1.5523605119599275 -0.09086360186601414 0.7503916333131989
2389 1.5729632758608711 -0.09466654110958529 0.8588385573174813
2390 1.584114165560965 -0.09816704711061174 0.969032354780757
2391 1.5751275376338087 -0.31198441407246624 1.1268356022470343
2392 1.5592008752760804 -0.21150406804345992 1.2098156097356065
2393 1.5489856550307064 -0.31912820262613245 1.229857452404574
2394 1.5817541060844478 -0.1021185656890931 1.081236733722786
2395 1.563036539709691 -0.10462524546607115 1.1853673705127736
2396 1.526548975365257 -0.106517952403238 1.2814869995277094
2397 1.472968108636032 -0.10741403891523069 1.3655540697208013
2398 1.5799171843557716 -0.2920339690703814 0.902232825165982
2399 1.5871874328936642 -0.19954182537379006 0.9939172220657587
2400 1.5847920001913647 -0.30330814583970944 1.0159564241913892
2401 1.5218728015217569 -0.5631485086059297 0.16774207216408804
2402 1.4913416163054878 -0.3962617862539194 0.31857193375434906
2403 1.5044805682689386 -0.47741010192604505 0.24418968345460543
2404 1.525938263124586 -0.5791267556664399 0.25672793127480087
2405 1.529526450232301 -0.5948128753655832 0.34765066219151836
2406 1.4926781679604881 -0.24227405592434023 0.47366489892836694
2407 1.4867721761192043 -0.317595835870133 0.39504764825186806
2408 1.5074623371006455 -0.1661537389207138 0.5578161105638902
2409 1.5167504183085345 -0.2551821437095367 0.5756397687492947
2410 1.52509037744676 -0.3466423738803297 0.5930877445523841
2411 1.5341000413708192 -0.6124479505741411 0.44460063438279934
2412 1.5397571378759023 -0.629538710796203 0.5432804543155512
2413 1.5330532021406031 -0.4442972477891617 0.6120300283240684
2414 1.540053542630326 -0.5433850363341588 0.6296598976135158
2415 1.546420950226567 -0.6477899664705195 0.6477899664705195
2416 1.5015897382641772 -0.4102885773418225 0.4102885773418225
2417 1.515864274177503 -0.42648997203641026 0.5080776720408258
2418 1.5177570440741721 -0.5087120785237745 0.4270225047928404
2419 0.10721060327070862 -1.3629677935216293 1.470178396792338
2420 0.10640942793409944 -1.2801813726996114 1.5249936702413058
2421 0.337196481622418 -1.2994890530993577 1.6366855347217757
2422 0.3296043995603523 -1.1904760472925175 1.6640862262823737
2423 0.21770198660962758 -1.245268065561085 1.6048917224671273
2424 0.10480679933725659 -1.1874243122569468 1.5657488423984396
2425 0.10282871099774259 -1.088755789526316 1.592753822446435
2426 0.56114864391889 -1.1510441310249393 1.7121927749438293
2427 0.5415981030774544 -1.0245499219540088 1.710057756369722
2428 0.43979471088110267 -1.1147199448529093 1.699348511045865
2429 0.7523047608893806 -0.9449894165327071 1.6972941774220878
2430 0.7215639916118219 -0.8204185404744864 1.681783975790162
2431 0.6354186955363321 -0.9242031494463107 1.701668702048745
2432 0.5194484922133197 -0.8987436684729597 1.6954689958038456
2433 0.4967679664164916 -0.7782927160773798 1.6731968016079901
2434 0.4070822685513288 -0.8704698183823951 1.6807502334145907
2435 0.09961144635540475 -0.9832903939356703 1.6074223262090497
2436 0.09697308086297333 -0.8797640633196714 1.6112883512662641
2437 0.2963547327334906 -0.8384832493465668 1.6589705876547935
2438 0.2853813244833573 -0.7278607920211794 1.6390025805681503
2439 0.1929968726456366 -0.807556943295819 1.6337517416661453
2440 0.09403013408432014 -0.7765422506609165 1.6064591771525705
2441 0.09123476656910337 -0.6763873552314763 1.5951528487446325
2442 0.32066992242401404 -1.0741111710985876 1.6755076799952842
2443 0.30916546178421234 -0.955160212756242 1.6725993467028648
2444 0.20664965944709152 -1.0293213218518882 1.6437242762101194
2445 0.9156172444128959 -0.7289216154945121 1.6445388599074082
2446 0.8881488404340795 -0.6106302255827933 1.635284499336534
2447 0.8081895478267471 -0.7108085048535742 1.6567156443710196
2448 1.0742119400223133 -0.5236919742497177 1.597903914272031
2449 1.050457659471352 -0.41444106636219136 1.6013830808193839
2450 0.9691163172635822 -0.512294762650839 1.617534528722985
2451 0.862436019959004 -0.49846369539307606 1.6269750586275775
2452 0.8390393726787423 -0.3923835657721801 1.6200626278972536
2453 0.7571943506429449 -0.4833013209307151 1.6278389088321528
2454 1.2305286958153014 -0.31930237948115836 1.54983107529646
2455 1.2065188340974389 -0.21092771454521783 1.5549520166737822
2456 1.1316529692033221 -0.3133181875210797 1.581861410202802
2457 1.361289992787678 -0.10707862801075754 1.4683686207984357
2458 1.273869047253088 -0.10588474373385837 1.517474222953808
2459 1.1781619680280204 -0.1039892679434884 1.5535354283688985
2460 1.0784137979701474 -0.10185195048716653 1.5776243997225723
2461 0.8154467046093223 -0.28821266303319604 1.6133919190408825
2462 0.7936755989916745 -0.18967939013117346 1.605668681243178
2463 0.7139040068047642 -0.27990911620637343 1.6075745832960096
2464 0.9737464775149833 -0.0986446075411308 1.5918205218705757
2465 0.8720408611440525 -0.09612178136084167 1.5971433023617976
2466 0.7711567212945166 -0.09337800981418977 1.595317950687282
2467 0.6731391126689183 -0.09079662613128667 1.5874923812077952
2468 1.0271972017285793 -0.30666401752024475 1.6023265064877819
2469 1.0016272010727592 -0.20108970406076257 1.5994995062898285
2470 0.9207270116056266 -0.298020151927011 1.612302708526097
2471 0.08438330227975777 -0.5687493408208667 1.576801685002114
2472 0.08196194830185177 -0.4769378598072562 1.5585670755382692
2473 0.2440597059031021 -0.40168068168073956 1.5589552014769696
2474 0.2375601765887948 -0.3155464852967399 1.5391056500134022
2475 0.16087743826409082 -0.39487458460695696 1.5475696796433762
2476 0.07959355592115973 -0.3890475291493329 1.5396624718289282
2477 0.07771051786104242 -0.30577744114217925 1.521789422577226
2478 0.4009916493385457 -0.243641052384367 1.556281011248666
2479 0.39431036869747343 -0.1606475687974704 1.545358437217738
2480 0.31539143714623363 -0.2374434480948 1.538349389064262
2481 0.5672100988978965 -0.08415493046963801 1.572534287954651
2482 0.4760143745239976 -0.08180324701302023 1.555549253137228
2483 0.38820512702693727 -0.07942121250444763 1.536328650542677
2484 0.3048433101262446 -0.07747311707461689 1.517140450782444
2485 0.07522952794092727 -0.22425008051958972 1.5055856626999435
2486 0.07404118378569458 -0.14772930584478763 1.4926283933880318
2487 0.22338902160408702 -0.07494066714947291 1.4998046259443845
2488 0.14725491976547067 -0.07380342387283757 1.4878352880026964
2489 0.07301957579841321 -0.07301957579841321 1.4827603894244195
2490 0.23249132271078285 -0.23249132271078285 1.5225749779078315
2491 0.2276533823848433 -0.1523560104802441 1.509517318531155
2492 0.15251135020665876 -0.22788549409494624 1.511056397997332
2493 0.6957077735654688 -0.6957077735654688 1.6608115777694483
2494 0.647474564769822 -0.4700278643654982 1.6218370159762536
2495 0.6704920113292667 -0.5786224076184462 1.6399227603133368
2496 0.5845028232804712 -0.6773060781071355 1.6565889442655783
2497 0.4770230507418767 -0.6571106004134609 1.6459739939279296
2498 0.6051974259960217 -0.26828510627176455 1.5946317451852374
2499 0.6248064544526674 -0.36518102856885964 1.6066531810930502
2500 0.586019188827454 -0.17455444089726227 1.5836793510367368
2501 0.5003327595731071 -0.25591435474285873 1.5767176090520187
2502 0.41789935512576787 -0.3359673082173074 1.5727751737507323
2503 0.37051442085639763 -0.6339316216017967 1.6301180136402706
2504 0.2712780001497558 -0.6119487947037754 1.6124208936554507
2505 0.3366072350434917 -0.418695340334594 1.5757708849423366
2506 0.25721668849684826 -0.5028789248387231 1.584741436261092
2507 0.175693393348822 -0.5898429127518937 1.594012720214147
2508 0.539469279670174 -0.4528406790183594 1.6095220338723695
2509 0.4353523031668292 -0.4353523031668292 1.5933189151896703
2510 0.4552931569741039 -0.5423909176269505 1.6182388243248391
2511 1.428356765080512 -1.428356765080512 0.21713766680164168
2512 1.5111720809052143 -1.295315079158732 0.4341650746163492
2513 1.4774903563341686 -1.368528389235455 0.3274749030691376
2514 1.38064568208779 -1.4905724257125055 0.3303744478162477
2515 1.321249326101274 -1.5414281248202784 0.44285774286370755
2516 1.540067890495834 -1.1182737419778508 0.6383374922890631
2517 1.5313231002686936 -1.208740688924769 0.5408685123473138
2518 1.541895940285418 -0.9314822435083708 0.8244593945979295
2519 1.5422767433874456 -1.0245453863030578 0.7327976258536577
2520 1.5114660269602582 -1.1867167197324193 0.7716301628110276
2521 1.4728031129522363 -1.2518793720891024 0.9082274950137798
2522 1.4537323739854295 -1.3397761931115155 0.7995842589588965
2523 1.2498944770405918 -1.5834597967353126 0.5592833703558266
2524 1.1739664169168949 -1.6167669107712672 0.6701282078580276
2525 1.361573790876803 -1.477383991105837 0.8125931601066054
2526 1.2966604791997918 -1.525486906155098 0.9407157951182967
2527 1.2407325300776648 -1.5802634584770032 0.8067524694559272
2528 1.0932133036493596 -1.6456444744376013 0.7819117866086607
2529 1.0094940947742126 -1.6710300784820848 0.8935080577520991
2530 1.471569864360068 -1.3603971032304059 0.5583191112185328
2531 1.4211441833935405 -1.4211441833935405 0.6852342679413088
2532 1.3765981433674568 -1.4890948667144244 0.564968162667301
2533 1.5412710538836407 -0.7323197823771909 1.0238772996282153
2534 1.5414643342088756 -0.8242286126915286 0.9312215038657105
2535 1.5301844743920026 -0.5404663458261284 1.207841921429929
2536 1.5388474466619373 -0.6378316346829036 1.117387553582243
2537 1.5036125844856505 -0.7676208414057056 1.1805506456521324
2538 1.436396960220508 -0.7900494063154417 1.3237996797754974
2539 1.4607294531375998 -0.9007820804076718 1.2416167880854152
2540 1.4761753179675652 -0.3271834344583346 1.367310332325699
2541 1.5101777467560178 -0.4338793989044072 1.2944627764769585
2542 1.4260494701431081 -0.21678691364838246 1.4260494701431081
2543 1.3665648798027092 -0.3270050552631137 1.4753705126580914
2544 1.297829497297401 -0.4350078599404426 1.5141055127412322
2545 1.335683804227958 -0.797141903474708 1.4492919023323625
2546 1.2117860996658276 -0.7879308429969014 1.5433957330613486
2547 1.2709813758574575 -0.9220858310636225 1.4952761173334095
2548 1.2211056815188652 -0.5464014072112268 1.5469879976014989
2549 1.1449511412922926 -0.6535655921182302 1.576807558560866
2550 1.0684184559105663 -0.7641774765436342 1.6083200986367792
2551 0.9917611892791841 -0.877812578175561 1.641676545247499
2552 1.459611613802425 -0.5537821062249064 1.3493422632174954
2553 1.3537033517043537 -0.5555719358578469 1.4643290939983393
2554 1.4001211508837197 -0.6750975749441394 1.4001211508837197
2555 0.9061943308513701 -1.6947558230333464 1.0238271695207644
2556 0.8103671604304242 -1.705532852512759 1.13299757823766
2557 0.9954958901207605 -1.6143195993849189 1.372168070977362
2558 0.8796998377322353 -1.5993913326485587 1.4740171363707393
2559 0.8556671313627823 -1.6760772994278588 1.315960080687476
2560 0.7052285982821038 -1.7014509296311662 1.2354571571891906
2561 0.5923966144014441 -1.677211003127094 1.3238964285436063
2562 0.9902558051616799 -1.364945261379236 1.605822154105803
2563 0.8527521194758646 -1.3114769830700608 1.670367385990558
2564 0.878393809659781 -1.4718287674785253 1.5970168295627516
2565 0.8975258329735253 -1.014033416300158 1.6785440826204179
2566 0.8080360102220476 -1.129738330245434 1.7006266156134053
2567 0.70676967546877 -1.2381568985846552 1.705168968318584
2568 0.5952176987011399 -1.3302010280943 1.685198141326693
2569 0.46761142654048027 -1.6275867724382445 1.3951010051189436
2570 0.3449661177680771 -1.556406636012546 1.4416247506768003
2571 0.4698772628704843 -1.4018610421112174 1.6354733317263874
2572 0.3459802876158169 -1.4458629998224009 1.5609823337398434
2573 0.22280271400133442 -1.4656221028331433 1.4656221028331433
2574 0.7506561144526422 -1.5568260676574048 1.5568260676574048
2575 0.6112384910376873 -1.4893401566996054 1.6110502493544678
2576 0.6104658137333815 -1.6090136924588792 1.4874574556682627
2577 1.518551912388679 -0.9816210134870265 0.9816210134870265
2578 1.4099776993601612 -1.0581585735015586 1.2918042587653764
2579 1.4761563310621704 -1.0257927539036047 1.140810784228892
2580 1.4804879851895554 -1.1441583956153598 1.028802854746441
2581 1.4212717735375142 -1.3021517508765903 1.0666345383526
2582 1.1931949282713012 -1.072895460260354 1.543938987874749
2583 1.3126063752084454 -1.0751982586642694 1.4326827803236288
2584 1.0517282972150175 -1.0517282972150175 1.627006752204436
2585 1.101246019042666 -1.2247243215865673 1.5847365628979713
2586 1.1312017207557405 -1.3809756278394274 1.5073064091571007
2587 1.3305945357582964 -1.4523164864797309 1.0899329417079213
2588 1.21355369439545 -1.5702822885537386 1.0912016290459916
2589 1.135904533600959 -1.5135728246094466 1.3867168407481187
2590 1.1136653921079487 -1.6026085317809398 1.2385362291793245
2591 1.0686597996056668 -1.6531995139543085 1.0686597996056668
2592 1.3417642280922697 -1.219785661902063 1.3417642280922697
2593 1.2515772616764562 -1.3767349878441022 1.3767349878441022
2594 1.348272669275183 -1.348272669275183 1.2257024266138024
2595 0.0 -1.5608254965349357 -0.07667843968462591
2596 0.07642543337454046 -1.551920893997116 -0.07642543337454046
2597 0.0 -1.5520151239828617 -0.23021969609044848
2598 0.077113180747126 -1.5432836349741312 -0.2298650206238624
2599 0.07688742963863272 -1.5500071001757973 -0.15340822536794357
2600 0.15321486377422217 -1.5480534119530787 -0.07679051778207216
2601 0.23075975916567357 -1.5492907923285217 -0.0774133400958988
2602 0.0 -1.531839566738225 -0.3837058365730243
2603 0.07876767864564216 -1.5236866527725428 -0.38501070091993495
2604 0.07830303627447603 -1.5333925913510826 -0.3081088985726049
2605 0.0 -1.5189744900564934 -0.543497763073025
2606 0.08101237267820274 -1.5138118833215213 -0.5460290402751287
2607 0.07974892761256189 -1.5164848501242316 -0.46406025778427884
2608 0.15787279804245608 -1.518666371911649 -0.3874996781426724
2609 0.2374242368025713 -1.5165704947092769 -0.39075983040088536
2610 0.2355448430685997 -1.5260487006032208 -0.3128695576309593
2611 0.3124858406398153 -1.5551757030032505 -0.07941539575207582
2612 0.3952818162190954 -1.5643347730793942 -0.0808690018225916
2613 0.315474788693154 -1.5387559435428577 -0.23750619957240476
2614 0.3975344782154013 -1.5428634506075356 -0.24154048791599178
2615 0.3969291691530032 -1.5556218888046467 -0.1617145047944524
2616 0.4820839897177394 -1.57538391756495 -0.08284631263780132
2617 0.5722354813847877 -1.5864666673076955 -0.08490052846690463
2618 0.15525063794032135 -1.5381967927961302 -0.23197859233194992
2619 0.23467160332014253 -1.5368535353263302 -0.23467160332014253
2620 0.23308327845606397 -1.5455217128936152 -0.15598994420030207
2621 0.0 -1.522494451333482 -0.7200862469707182
2622 0.08918563439884385 -1.5236932526515239 -0.7365342391258871
2623 0.08675065392217166 -1.516752417288196 -0.6431434811265221
2624 0.0 -1.529805606366701 -0.9169301934734894
2625 0.09523907086423898 -1.5368656357862143 -0.9401295426836618
2626 0.09218727831984501 -1.5317682636235965 -0.8363460646944899
2627 0.18066622325422552 -1.5293706724657063 -0.7559617988000642
2628 0.27490411830708894 -1.5388917277955652 -0.7777925334641779
2629 0.2654463368226792 -1.5245119204711859 -0.6770169046928768
2630 0.0 -1.5112144203367317 -1.120793000376914
2631 0.10172729048312909 -1.519742882346267 -1.1525345559975773
2632 0.09905811499128374 -1.534349597168142 -1.0488325210912288
2633 0.0 -1.4380121538133173 -1.3033382446238264
2634 0.1051705667523777 -1.4422033875449363 -1.3370328207925586
2635 0.1039376245559919 -1.489569323180352 -1.2504438136969545
2636 0.2078092233136438 -1.5319626042109833 -1.1886808822997146
2637 0.3184897253585098 -1.5458866116980514 -1.2273968863395417
2638 0.30953686943568354 -1.5627705262476923 -1.1179954797588163
2639 0.3759836468057973 -1.5523510871101298 -0.8039711921486606
2640 0.4804469656402677 -1.5681688301765018 -0.8312636861575704
2641 0.45908568209250106 -1.5462766258506775 -0.7192554000723254
2642 0.40929785797518736 -1.5815099370588699 -1.0374214932154142
2643 0.5242131366068855 -1.5994940997463893 -1.0752809631395037
2644 0.503043414534871 -1.5883240504870137 -0.9516153918793795
2645 0.5920737658719599 -1.585589791055877 -0.8611588594533496
2646 0.7101071356772252 -1.6020910266551578 -0.8919838909779325
2647 0.6762832764953699 -1.5762460304652297 -0.7689343496898309
2648 0.19469937509107674 -1.5486698127469232 -0.9697969920138882
2649 0.2993318248593404 -1.5640156321105276 -1.0026373989688095
2650 0.2872461635800812 -1.5540149367728706 -0.8874410004765134
2651 0.6766466007321587 -1.5957642383511046 -0.09126973499740988
2652 0.7736111419338373 -1.6003954935476656 -0.0936752112885696
2653 0.6914521157428247 -1.5570172407484486 -0.27110612739498285
2654 0.7872534389002427 -1.5576104843875977 -0.2782479944120759
2655 0.7802848781297151 -1.5785781909539036 -0.1864791610076624
2656 0.8729722388113276 -1.5988491210562406 -0.09622444361497128
2657 0.972188092589571 -1.589272970569978 -0.09848673660355613
2658 0.7147203495450805 -1.5365270395053745 -0.45619105416977035
2659 0.8161052137631923 -1.5395725564335287 -0.4716857961258325
2660 0.799039473256614 -1.5428286573786243 -0.3736772884783339
2661 0.7622884554030709 -1.5626225468835395 -0.6704381647959058
2662 0.8743073832253638 -1.5703422756525556 -0.6960348924271916
2663 0.8414868382061782 -1.5493691150254993 -0.5785486333435441
2664 0.9212321320672123 -1.5376119007007927 -0.4869822002133713
2665 1.0269848731539568 -1.5276530520381166 -0.5006681788841595
2666 1.0023246701056912 -1.5280061540061518 -0.39545097451028033
2667 1.072538752188495 -1.5690297252181589 -0.10129707547240967
2668 1.1664729541005283 -1.5381221848999624 -0.10295754901664535
2669 1.0869400443266735 -1.5193602262493318 -0.30093862155663015
2670 1.1807560103473003 -1.4871431795150818 -0.30638716916778147
2671 1.1712735951591133 -1.5095282289827294 -0.20476602233804855
2672 1.2547583602260415 -1.494708951273006 -0.10429625219871962
2673 1.3340423289412648 -1.4389776645774144 -0.10493533563614937
2674 0.8867455616973448 -1.5527971406040448 -0.2870210645355095
2675 0.9877073546499714 -1.5407262328453677 -0.2948745430785241
2676 0.9787833553729904 -1.5630201456260928 -0.1965035045581369
2677 0.16664924010635 -1.5119578686498434 -0.559479621393961
2678 0.34524415765107713 -1.518938774880251 -0.5906954665959383
2679 0.25467519741626193 -1.5137372333293393 -0.5744961995214998
2680 0.2452724031669371 -1.511151328249622 -0.47952690440888907
2681 0.32393764804598235 -1.516460316907934 -0.4029360324898427
2682 0.5429993010452911 -1.538960297585991 -0.6292129179835045
2683 0.44276943116722445 -1.5277814518063404 -0.6099254245817514
2684 0.6499047250851421 -1.5514693566477757 -0.6499047250851421
2685 0.627612115276024 -1.5350449745837615 -0.5416178374318945
2686 0.6110497734707255 -1.5305977950980008 -0.4435856413102038
2687 0.4062955159435842 -1.5291038209188 -0.32663848162973946
2688 0.49122600314466824 -1.5480191419871832 -0.2512563553402756
2689 0.5980938314803372 -1.5379632366022724 -0.3495682847130795
2690 0.589507252640112 -1.5532897839572697 -0.2613296242333457
2691 0.5814503211104002 -1.5713322784509502 -0.17319353639944265
2692 0.42711355446369037 -1.5180806599907624 -0.5088205460325993
2693 0.510887201402294 -1.5242465854276626 -0.42884834392469856
2694 0.41510424234405413 -1.5192142921747884 -0.41510424234405413
2695 0.0 -1.3004653994224296 -1.434842457586974
2696 0.10372932585926682 -1.2479378316925198 -1.4865841159464406
2697 0.10508254160697632 -1.3359137576165108 -1.440996299223487
2698 0.0 -1.1130097108304253 -1.5007198692498187
2699 0.098532374384331 -1.0432659519486727 -1.5262061968160983
2700 0.10137981962331072 -1.1485978329093978 -1.5145518823351216
2701 0.20738765461651615 -1.1862694847550765 -1.5288548139560205
2702 0.3082832827536666 -1.113467734012289 -1.5564414956468329
2703 0.31776157672790045 -1.224590744442825 -1.5423523211707257
2704 0.0 -0.9045210575375475 -1.5091022138291983
2705 0.0910558484539306 -0.8260814497380503 -1.5129686158553801
2706 0.09446037071248632 -0.9324427917429843 -1.524299810721456
2707 0.0 -0.7022771022124072 -1.4848401784021648
2708 0.08451392748715432 -0.626561058277752 -1.4776453895743924
2709 0.08757020506480773 -0.723193312378817 -1.496094426977441
2710 0.17778500276181952 -0.7439059059666046 -1.5049806451400543
2711 0.2585383130190194 -0.6593980934895312 -1.48483774465985
2712 0.2700730391151214 -0.7641238501893459 -1.511847724778705
2713 0.40542860809516984 -1.0276143493226777 -1.566559316099152
2714 0.4937687825946273 -0.934070420106888 -1.5590400552204722
2715 0.5176919603766824 -1.061904540139113 -1.5795965005157955
2716 0.36785116634307385 -0.786581393235096 -1.5187739222667564
2717 0.4423388892200302 -0.6930179858438623 -1.489870653312752
2718 0.46775925555063347 -0.8093115594666407 -1.526756410259633
2719 0.5741097837725198 -0.8350306247169034 -1.537481754075663
2720 0.647046082000892 -0.7356916481227156 -1.5081014919773315
2721 0.6872174680676907 -0.8632315890339839 -1.5504490571016747
2722 0.1935111598053434 -0.9638784953087493 -1.5392185592788579
2723 0.28401173211018793 -0.8774482922577503 -1.536516513979206
2724 0.2972707694642997 -0.9957337186755922 -1.5532465705247636
2725 0.0 -0.5207611684302954 -1.455429964946054
2726 0.07603871909285487 -0.44247049634631486 -1.4459324906207633
2727 0.07806943859079885 -0.5261934593358918 -1.4588196834134857
2728 0.0 -0.3604521745017387 -1.4390057439574861
2729 0.07326908019576167 -0.2883011524535553 -1.4348136431576848
2730 0.07432915957859905 -0.36331554160545765 -1.4378276763901765
2731 0.1488474929873483 -0.36534701569949984 -1.4318469359265449
2732 0.21866365871492327 -0.29044661424483215 -1.4166788281324039
2733 0.22262817621280248 -0.3664080363106005 -1.4220592130028804
2734 0.0 -0.2137333192661698 -1.4408729992842504
2735 0.07154279577538437 -0.14274444326395225 -1.4422623039872606
2736 0.07178367286117136 -0.21397840528455597 -1.4366229808139679
2737 0.0 -0.07160842226714631 -1.4576229211353084
2738 0.07181233570266517 0.0 -1.4617736744703123
2739 0.07145366821824042 -0.07145366821824042 -1.4509625364789338
2740 0.14275154915529578 -0.07154635721232419 -1.4423341005419053
2741 0.21424426488257123 0.0 -1.4443175148389757
2742 0.21342735144064068 -0.07159880995966547 -1.4329232774967953
2743 0.28817614498250516 -0.21695432869848968 -1.4056044152244513
2744 0.3582427162952001 -0.14595310187336344 -1.4040041757647428
2745 0.35952020748879315 -0.21844315673532283 -1.3953269924646419
2746 0.2860874895835532 -0.07270649818397214 -1.4237967129088807
2747 0.3589565075426661 0.0 -1.4330347067508775
2748 0.3581409549862665 -0.07327051322157417 -1.4173491583997986
2749 0.432938355499152 -0.07440061714884719 -1.4147827704249594
2750 0.5145617313672772 0.0 -1.4381036990600802
2751 0.511258781616684 -0.07585363395775649 -1.417414756317443
2752 0.14417260206229854 -0.21542557069622287 -1.428437506237801
2753 0.2146642455391708 -0.14366308859761118 -1.4233893338910322
2754 0.21643681162397427 -0.21643681162397427 -1.4174347233026006
2755 0.7202565945291883 -0.6334708416421763 -1.4764610249249368
2756 0.789550409272839 -0.5428407070684509 -1.453742308662645
2757 0.8315742139349016 -0.6620150757576428 -1.4935892896925445
2758 0.6552052176610282 -0.4182037899614407 -1.4085796409770124
2759 0.7299354686969958 -0.34136024043365043 -1.4093989056046938
2760 0.755058122806337 -0.43640229932476216 -1.4244079620868153
2761 0.8644066037508861 -0.4569430604086464 -1.4427654384885755
2762 0.9479172043757255 -0.3739853895703417 -1.4450640246355355
2763 0.9806895706046046 -0.4780986304670615 -1.4587882010716662
2764 0.6195991528847509 -0.24293385333753656 -1.3952181813172824
2765 0.7020809874335866 -0.1677893256240724 -1.4203655179151102
2766 0.7120171278246143 -0.2516563637765833 -1.408752618359406
2767 0.6046715846712528 -0.08156135748512339 -1.4260225200590715
2768 0.6921006745591952 0.0 -1.4633239298950023
2769 0.696089686305526 -0.08428827469762712 -1.4400242404518626
2770 0.7958154314371476 -0.08771973919184176 -1.4575363871923461
2771 0.8985537160443771 0.0 -1.4991463060225472
2772 0.9026340041960152 -0.0914406153482853 -1.4755702483096471
2773 1.0433990190601727 -0.2888835167757771 -1.4584971617727451
2774 1.145788891570313 -0.2003107000240217 -1.4766837427469361
2775 1.1613704284960336 -0.3013569228730089 -1.4627273513690424
2776 1.0188474134994063 -0.09622613926958658 -1.4904840258501506
2777 1.1277705169896926 0.0 -1.520622512392824
2778 1.1355028862929817 -0.10022400747748206 -1.4972847628275616
2779 1.2522242749924937 -0.10408561754507718 -1.4916902665589307
2780 1.3548235563633022 0.0 -1.4948174415654636
2781 1.3627386415870597 -0.10719257825407753 -1.4699312198411374
2782 0.8145638133524126 -0.263657336376171 -1.4263982982808097
2783 0.9117859743711656 -0.1830529078650021 -1.4560319590828783
2784 0.9261052851560403 -0.2764835874891008 -1.4446330691972158
2785 0.1608780533015068 -0.5401044270846024 -1.459597646092199
2786 0.30137515260875875 -0.37487124147408973 -1.410837740503634
2787 0.2329710842088651 -0.4554768550598972 -1.4353614952203404
2788 0.2451401649476999 -0.5529870774276449 -1.4570629524606171
2789 0.3303550426638036 -0.5652209363839116 -1.4534325133646628
2790 0.44044687713604197 -0.22528342628803527 -1.387996955515954
2791 0.3700783733916612 -0.29752195932539144 -1.39279965588195
2792 0.517784653515281 -0.15422978022338152 -1.3992798865453229
2793 0.5266036271415098 -0.23344433403404022 -1.387545328018401
2794 0.539068915638761 -0.31506995435076074 -1.3861841246472082
2795 0.42079009285884866 -0.579648363190178 -1.4519414704824471
2796 0.5132480028999725 -0.5947379175852042 -1.4546396243196544
2797 0.5583385607593401 -0.40532044899696473 -1.3985632711430491
2798 0.5825196064231343 -0.5027038226529741 -1.4247554702526357
2799 0.6128974013458264 -0.6128974013458264 -1.4631245169552036
2800 0.38276108547089915 -0.38276108547089915 -1.4008435766690135
2801 0.46787706606589796 -0.3927448258479825 -1.3959246158317549
2802 0.3997727375162238 -0.4762494200104915 -1.4209037734168546
2803 1.4344778074102515 -1.3298706172580625 -0.10460719015218897
2804 1.4836256557412169 -1.2454543029274454 -0.10352289348899091
2805 1.4900431257960574 -1.183058498129319 -0.3069846276667381
2806 1.5209842485738028 -1.0881018589291955 -0.30126029052706904
2807 1.5021848142949135 -1.1655756906370238 -0.20376989534477186
2808 1.519342115414901 -1.152230624495304 -0.10170046427817252
2809 1.5414742846259122 -1.053702730541612 -0.09951808715849472
2810 1.5546418202029848 -1.0451284278134394 -0.5095133923895453
2811 1.5661001632175668 -0.9383003550728076 -0.49600481297693777
2812 1.5425220650152123 -1.0118466577464436 -0.39920772060674553
2813 1.6177207899050177 -0.9006859539735546 -0.717034835931463
2814 1.6128985312471045 -0.7868144054098751 -0.6920089137635567
2815 1.5904567593865557 -0.8638021868260946 -0.5938911364706982
2816 1.5661806025644907 -0.8302097553678004 -0.47983782336884184
2817 1.5584032572162023 -0.7248961405119874 -0.46268604876613134
2818 1.5491843876932212 -0.8023311410503438 -0.37521666361172906
2819 1.5516163551005198 -0.9491528344277829 -0.09615316821234904
2820 1.5509934181462979 -0.8468430065035388 -0.09334431670013738
2821 1.5404582420401827 -0.7785842870755734 -0.2751839568489784
2822 1.530382817091911 -0.6796240973324114 -0.2664685708773362
2823 1.5392743335634809 -0.7608571388199623 -0.18183615352628965
2824 1.5424410837931026 -0.7455967059453036 -0.09028299255216927
2825 1.5285952561399707 -0.648165160682615 -0.08742800508573412
2826 1.5386766459908847 -0.9863934340020258 -0.29448227936915683
2827 1.5443191217901462 -0.8819040757371845 -0.28545397639406
2828 1.542751263656605 -0.966090720310499 -0.19395529278260398
2829 1.6509867059972603 -0.7317795439405079 -0.9192071620567522
2830 1.6436225818093448 -0.6137437420280151 -0.8926773847226576
2831 1.632009350501208 -0.7002083491384146 -0.7961371666357079
2832 1.6404291857928495 -0.537629072218708 -1.1028001135741412
2833 1.6449845880490372 -0.4257252215201254 -1.0790588966034749
2834 1.6481202009032396 -0.521981653033618 -0.9874411650229439
2835 1.6372535748640684 -0.5016127708255667 -0.8678845132146785
2836 1.6335510856216533 -0.39565050684441305 -0.8460251193484086
2837 1.6134395332399893 -0.4790261821522331 -0.7504964361306334
2838 1.5913342762481029 -0.3278530344726447 -1.263481241775458
2839 1.613071871302178 -0.21881161576854394 -1.25161520909309
2840 1.6334406019381937 -0.3235344420956593 -1.1685523746126623
2841 1.5094001071153968 -0.11007078896940929 -1.3993293181459876
2842 1.5408990061393408 0.0 -1.396589451958809
2843 1.5824817636620003 -0.11042077254050046 -1.3284407115974202
2844 1.634086381920094 -0.10938112096401037 -1.2392497734487506
2845 1.6501229032532647 0.0 -1.2238145526137805
2846 1.6622787013054967 -0.10731726005949942 -1.1362807825962764
2847 1.6317247280734384 -0.2914875943439299 -0.8247125429560996
2848 1.6303617163780373 -0.19259640526610244 -0.8058812673717841
2849 1.6019689286828895 -0.2789330657980002 -0.7114146048630734
2850 1.6682511561648818 -0.10338098945133624 -1.020500530434756
2851 1.669711108516352 0.0 -1.000786324357177
2852 1.654708901238344 -0.09958628445266494 -0.9034717004070938
2853 1.6267424200279617 -0.0952173637844974 -0.7863469162865172
2854 1.619200494961994 0.0 -0.7658247992228137
2855 1.5903674376367363 -0.09096106498263178 -0.6743582132809024
2856 1.652760858839409 -0.3163164828889186 -1.0595289552112954
2857 1.6616850474102411 -0.2089076946331812 -1.04056858820961
2858 1.6507367605359695 -0.30512435261995885 -0.9426752907121566
2859 1.5099977849065584 -0.5446533022987115 -0.0808082593629166
2860 1.4923813110824498 -0.4566843222183373 -0.07848137034676253
2861 1.4823461882414908 -0.3819415893513628 -0.23206630595032357
2862 1.4696548423313542 -0.3013077238024271 -0.22684047964204
2863 1.4769952678339215 -0.37686696794599944 -0.15354088293592205
2864 1.475500457342425 -0.3728348373042391 -0.0762766712263088
2865 1.4604307043395226 -0.2934484608140637 -0.07457722116519176
2866 1.4938172616550898 -0.23386214126429758 -0.3848972282202789
2867 1.4865155691645529 -0.15453056482858304 -0.37929614776434045
2868 1.4726291819481125 -0.22729956745357913 -0.3019175210649729
2869 1.5466264450191844 -0.08276845976591281 -0.5578651896859194
2870 1.5402809990657809 0.0 -0.5511213538977876
2871 1.5101345654356881 -0.07941497874791988 -0.46211700411489487
2872 1.4795696231804358 -0.07648702861606542 -0.3738630489700702
2873 1.4731359426100874 0.0 -0.36900134421295416
2874 1.456893422333855 -0.07439658906695083 -0.2927377047631644
2875 1.447257497197166 -0.215562367734718 -0.07231504724072899
2876 1.436903585564138 -0.1422140769943755 -0.07127697887321384
2877 1.4415435761313127 -0.07202954001578304 -0.2147113053934346
2878 1.4363487344169927 0.0 -0.2130622079692001
2879 1.4331248468287558 -0.0710895361778826 -0.14184008541494442
2880 1.429232709225825 -0.0703835676278067 -0.0703835676278067
2881 1.42478579357548 0.0 -0.06999523763465379
2882 1.4586095637063377 -0.22272405083831118 -0.22272405083831118
2883 1.4491849770098983 -0.1462666501633618 -0.21855453903544975
2884 1.4507472401213057 -0.21879014711832556 -0.14642432982165554
2885 1.6034080825299357 -0.6716616635777282 -0.6716616635777282
2886 1.5807831585786325 -0.4581299629571041 -0.6310849225377099
2887 1.5916674099030108 -0.561596223391599 -0.6507625291018013
2888 1.5727083990180935 -0.6430110266233474 -0.5549068177745934
2889 1.5460947562371523 -0.6172365160780197 -0.4480768469471685
2890 1.5635183007445024 -0.2630504972321122 -0.5933891972019714
2891 1.5711701540245642 -0.3571159847410493 -0.6110075682980177
2892 1.555736594396863 -0.1714745672730918 -0.5756793485251971
2893 1.5256395099136681 -0.24762395530326475 -0.48412437441337963
2894 1.5048846353246716 -0.3214649166300644 -0.39986027827555776
2895 1.5262183011332955 -0.5935263793540767 -0.3468987430437829
2896 1.5151411662488152 -0.5750290225959829 -0.25491139884247666
2897 1.495705576347569 -0.39742132648434614 -0.31950413813611683
2898 1.4983939910819875 -0.4754786755610329 -0.2432017814584276
2899 1.5106009672836023 -0.5589775183404339 -0.16649968132149756
2900 1.5467085751330418 -0.43516804782201973 -0.5184158671498305
2901 1.5172118482802006 -0.41455710231253856 -0.41455710231253856
2902 1.531353115581462 -0.5132691226325372 -0.4308477734898649
2903 0.2148730192139927 -1.4134596504988368 -1.4134596504988368
2904 0.44189872862850965 -1.3183881434023261 -1.5380901420525432
2905 0.32858822049756603 -1.373180979381312 -1.4825133848124592
2906 0.3287993702711216 -1.483466043325361 -1.3740633812288525
2907 0.4429929939778556 -1.5418988851820887 -1.3216528426848775
2908 0.6615282707557196 -1.1589005873826066 -1.5960185023642133
2909 0.5572043355754653 -1.2452482203712836 -1.5775735713168415
2910 0.8445375588610372 -0.9541667487925273 -1.5794459277905846
2911 0.7581207479004101 -1.0599503698134312 -1.595572852469638
2912 0.8168722042775827 -1.2562960203232607 -1.6000859539184171
2913 0.9757912443997021 -1.345007651756468 -1.582366081442638
2914 0.8512567922612211 -1.4263582251869809 -1.547678738819121
2915 0.5608575290162047 -1.5879166017906916 -1.2534124293343283
2916 0.6699437147369168 -1.6163217983734028 -1.1736432120050642
2917 0.8542347305433385 -1.553092959071633 -1.4313480317898917
2918 0.9831226134150697 -1.5942548022392606 -1.3551130380059477
2919 0.8258076325152865 -1.6175886344362838 -1.270038124505688
2920 0.7736104704478901 -1.6281731748556079 -1.0816069953417244
2921 0.8682618423228659 -1.623814851955508 -0.98097067501309
2922 0.5775061177167576 -1.4071480518104755 -1.5221413385989588
2923 0.7174510793633726 -1.4879603604325353 -1.4879603604325353
2924 0.5786651072006511 -1.5251961041682152 -1.409972038854591
2925 1.008243728928113 -0.7211380000512866 -1.5177374039065774
2926 0.9352462078486898 -0.827790897461172 -1.5481264845348262
2927 1.1591274964581695 -0.5186683714501947 -1.4684693977348913
2928 1.0818378547038323 -0.6175390133131663 -1.4898889960569865
2929 1.1923800264000082 -0.7753125734262127 -1.5186791179077324
2930 1.3646317559670729 -0.8144181669720783 -1.4807020548788008
2931 1.2997482367605544 -0.9429559361232096 -1.5291195716090737
2932 1.334594119199112 -0.3193547779199023 -1.44085424624518
2933 1.245383998599991 -0.4174291223640677 -1.4529202654791142
2934 1.4253470303480211 -0.21668012930577096 -1.4253470303480211
2935 1.4843981521843903 -0.3290059653645866 -1.37492674891851
2936 1.5388834971926113 -0.4421266623614956 -1.3190681750737971
2937 1.5107537396211679 -0.8309472437851069 -1.3923277284178586
2938 1.606589533460553 -0.8201923967605361 -1.2614022591953868
2939 1.573369755723435 -0.9702435168722245 -1.3373607948932382
2940 1.5886368865931517 -0.561111936051209 -1.25398098181564
2941 1.6270529161798746 -0.6743916191912046 -1.1814352887953836
2942 1.6516100783235672 -0.7847462846215254 -1.097176296649211
2943 1.6583330999393462 -0.8867189204510232 -1.0018236614137237
2944 1.3342560414696942 -0.5475905861916185 -1.4432925337055913
2945 1.4838754061302983 -0.5629878797973221 -1.3717729976295356
2946 1.4263387775722878 -0.6877389497187949 -1.4263387775722878
2947 0.9673091154881179 -1.6012006761981867 -0.8561699305621016
2948 1.0433165592444087 -1.5705335135223564 -0.7462235522692214
2949 1.3094686018349153 -1.5405553251327224 -0.9500079756558795
2950 1.3622370539757764 -1.478103668798578 -0.8129889984087145
2951 1.2113078821834649 -1.5427866496414633 -0.7876198951290245
2952 1.113398953738307 -1.5333544136798538 -0.6355548461591748
2953 1.1792297741889486 -1.49393646651086 -0.527663426510938
2954 1.554811267162274 -1.3215861208702464 -0.9587991293441737
2955 1.567914058249154 -1.2310364869859591 -0.8004478820299048
2956 1.486631640765999 -1.3700965293661125 -0.8176795675038353
2957 1.64208754046839 -0.9920094775977563 -0.878032339355382
2958 1.6094817331549838 -1.0691901379652295 -0.7647294157599257
2959 1.5642845467511757 -1.1358579348410196 -0.6483749716242657
2960 1.5136583426772507 -1.1947971186507862 -0.5346292600577198
2961 1.2456035586346734 -1.4531764139636283 -0.417502714728099
2962 1.3099692376127878 -1.4142687363238327 -0.3134622945969399
2963 1.4617149963354248 -1.2529224832234613 -0.4199558795922541
2964 1.4157643803720543 -1.3113545808953395 -0.3137937931326952
2965 1.37404660893209 -1.37404660893209 -0.20888147977750107
2966 1.4034601179705837 -1.4034601179705837 -0.6767075274698457
2967 1.434559092295747 -1.3261823857888262 -0.5442770858516643
2968 1.3197998442925416 -1.427654964301313 -0.5416576338644032
2969 1.0281198857091867 -1.0281198857091867 -1.5904849194929647
2970 1.3834346450185442 -1.13321598111509 -1.5099903756801805
2971 1.2145225304931901 -1.0920727858254695 -1.5715359176035446
2972 1.1060167806765193 -1.2300300096021766 -1.5916018775173244
2973 1.1517680528187038 -1.406083089056893 -1.534710685125358
2974 1.609622335274204 -1.1185393398391603 -1.24395667313584
2975 1.5232947331237814 -1.1432006212269612 -1.3956239339793408
2976 1.6465712962078223 -1.0643751928241418 -1.0643751928241418
2977 1.602827381943851 -1.2387053620961612 -1.1138174728236432
2978 1.5189762326677252 -1.3916673768769519 -1.1399596775692569
2979 1.1558930064884987 -1.540207113383798 -1.4111188491511646
2980 1.1183594694300525 -1.609363494643711 -1.243756634578643
2981 1.387985237624384 -1.514957253633687 -1.136943518431761
2982 1.2289195515989846 -1.5901649962794782 -1.105018280496703
2983 1.0496635496848161 -1.623812620999513 -1.0496635496848161
2984 1.4358560945053187 -1.3053237222775622 -1.4358560945053187
2985 1.4370811754664603 -1.4370811754664603 -1.3064374322422363
2986 1.310976702556861 -1.4420743728125476 -1.4420743728125476
2987 1.4242620587547772 0.07013878445756097 -0.07013878445756097
2988 1.4342451173424635 0.0716648582690156 -0.21362423342428918
2989 1.4270812777467146 0.07078974755594084 -0.14124193769829244
2990 1.4286828321229679 0.1414004476913521 -0.07086919196584235
2991 1.4390630277428977 0.2143418390856609 -0.07190559457121735
2992 1.4698715251452004 0.07598568100097451 -0.3714124981856672
2993 1.448217859624381 0.07395356951320246 -0.29099449947706196
2994 1.536566787990669 0.08223011237071277 -0.5542366907070865
2995 1.499882976507558 0.07887586803852094 -0.45897991046025216
2996 1.468792578367111 0.15268817324171274 -0.3747739871655715
2997 1.4713585274852417 0.23034615052174381 -0.37911050667594953
2998 1.453965840487348 0.22441889016341543 -0.29809117437994453
2999 1.4567473102943833 0.29270834605893975 -0.07438912782291496
3000 1.481171571386891 0.374267835085826 -0.0765698420615356
3001 1.4583543469324378 0.2989909032480948 -0.22509625390777407
3002 1.47972283231881 0.3812656549856317 -0.23165561071394858
3003 1.4797937742631013 0.37758102888831313 -0.15383180136836108
3004 1.5122040232503176 0.4627502798952971 -0.07952380742592652
3005 1.547821417474711 0.5582962139566595 -0.08283240929291408
3006 1.436398160263393 0.14497607312769373 -0.2166261331493155
3007 1.4440414187955934 0.22049955133655574 -0.22049955133655574
3008 1.4398512587781673 0.21714690197186953 -0.14532459533876593
3009 1.6198808648898744 0.09481573954228982 -0.7830301264509929
3010 1.5812000747717685 0.09043673766710347 -0.670471006905938
3011 1.6691192775833201 0.10343478665739267 -1.0210315765933182
3012 1.6512309323694443 0.09937696787931688 -0.9015727280587876
3013 1.6169702630023766 0.19101445829351857 -0.7992619255963267
3014 1.611327920817218 0.28784395508473193 -0.8144035107455478
3015 1.576738662477354 0.2745399996294848 -0.7002101554247445
3016 1.645907482160571 0.11017239198226095 -1.2482145968246807
3017 1.6684537189646926 0.10771592123195112 -1.140501828015932
3018 1.5325090195863753 0.11175597251743931 -1.420753047068936
3019 1.6001164770035836 0.11165126929276749 -1.3432444658511804
3020 1.6351462234303111 0.22180597996404713 -1.2687431470021082
3021 1.6182153078357897 0.33339117181268657 -1.284824136023103
3022 1.6455605671836981 0.32593503516850825 -1.1772229158928604
3023 1.6047459902531644 0.3886738345612153 -0.83110680154282
3024 1.5985463978023833 0.4897538782051247 -0.8473663967556053
3025 1.573943017505543 0.46729976492320074 -0.7321245085265327
3026 1.6359636785491145 0.42339059253753875 -1.0731414596122317
3027 1.6186706905098933 0.5304980118028346 -1.0881726787070585
3028 1.615281187097505 0.5115810992991774 -0.9677662687181914
3029 1.593695194888761 0.5951003979796585 -0.8655610322974918
3030 1.5896433173994484 0.7045898417043794 -0.8850534756950689
3031 1.5804422784800216 0.6780836631745948 -0.7709813900477621
3032 1.662944959892674 0.20906609132367007 -1.0413575616406199
3033 1.6513658869968564 0.31604950380080354 -1.0586346860549416
3034 1.6382751151087207 0.30282092569904007 -0.9355589015296261
3035 1.589445959503485 0.6739674819739032 -0.09090836104115564
3036 1.6245439006167959 0.7852841795323257 -0.09508867886180593
3037 1.587447897041586 0.7049659941551267 -0.2764046797589596
3038 1.6202898442074005 0.8189330802873551 -0.2894448926967905
3039 1.6249738214258331 0.8032180524735624 -0.19195992736716647
3040 1.6528785793206517 0.902472343931745 -0.09947612915042488
3041 1.6695533722741194 1.0212971204597692 -0.1034616873662485
3042 1.5799821956902824 0.7349336511137996 -0.4690927818969223
3043 1.6039408848754761 0.8502259365723761 -0.49140661156876475
3044 1.612555812800383 0.8351515517258766 -0.39056539478015756
3045 1.5813586235130206 0.7714284073016819 -0.6784768180560913
3046 1.59013667904887 0.8853281608636321 -0.7048085181852378
3047 1.5963379399733924 0.8669963488943473 -0.5960872232249543
3048 1.6196909154611439 0.9704082770561996 -0.5129777190963377
3049 1.6223827738609813 1.0906681756030112 -0.5317145982579697
3050 1.642245621817602 1.0772622196613328 -0.4250163717144279
3051 1.6704355991616258 1.1418565782027779 -0.10784387206975829
3052 1.6522795603374798 1.2530470197152341 -0.11059892087422908
3053 1.6539581817142834 1.1832305126118066 -0.32759834482841477
3054 1.6297556763125678 1.2939869117586722 -0.3357687645538953
3055 1.6458862696627292 1.2770765668887285 -0.22326285669183182
3056 1.6133858222225066 1.3543836390219766 -0.11257716391210859
3057 1.5540817933776143 1.4407526579723056 -0.11332913540530887
3058 1.6456893787446503 0.9397929158773451 -0.3041913879351462
3059 1.658391549380375 1.0631386000271685 -0.3173941222936931
3060 1.6680591692942066 1.0445601454666313 -0.20970905173160698
3061 1.5363197620830502 0.16933442804205695 -0.5684944115525135
3062 1.5387969666245995 0.3497577857147176 -0.5984180582054023
3063 1.5365433403328241 0.25851215780510983 -0.5831516130971874
3064 1.4999138950230073 0.24344847448329407 -0.47596097989297587
3065 1.4816326197802754 0.31649795300839934 -0.39368202567877714
3066 1.5550017589728649 0.5486592926217346 -0.6357715632869522
3067 1.545090836301007 0.44778589888091275 -0.6168357281953185
3068 1.5680555589148326 0.6568526233329482 -0.6568526233329482
3069 1.5572836634135214 0.636704533262797 -0.5494644287375086
3070 1.5506302597658022 0.6190471931955701 -0.44939129039394743
3071 1.4860285249347132 0.3948500539894305 -0.3174369813238025
3072 1.5109916305344269 0.4794762282459019 -0.2452464829022661
3073 1.5478949327553526 0.6019561385003785 -0.35182568977055917
3074 1.5483230851286205 0.5876222824230874 -0.2604940135495077
3075 1.5490349600692324 0.57319949911002 -0.17073590762434934
3076 1.5186235213271666 0.4272662890588165 -0.509002498816064
3077 1.5221673984607835 0.5101903128405245 -0.42826336253390507
3078 1.4984490502886028 0.4094304278962472 -0.4094304278962472
3079 1.2851762597855976 0.10682460588368513 -1.5309437421234144
3080 1.3927340095582335 0.10955200414132275 -1.5022860136995562
3081 1.0531401514187584 0.0994649537684418 -1.5406512809211574
3082 1.169894971878402 0.10325958993569344 -1.5426344896583084
3083 1.209112683102723 0.21138118002548878 -1.5582949489411686
3084 1.1281716074229742 0.31235431079136844 -1.5769950492201021
3085 1.2431302718302362 0.3225722855146097 -1.565702557344846
3086 0.8252746580458744 0.09096691884283722 -1.5114909764407898
3087 0.9350191766008673 0.09472136931843698 -1.5285115253553112
3088 0.6257912795666947 0.0844100955919097 -1.475829987949349
3089 0.7216117298355744 0.08737869401891168 -1.4928225537614581
3090 0.7516962263098872 0.17964680021851043 -1.5207410810258901
3091 0.6779346511624101 0.2658061689580084 -1.5265785090941222
3092 0.7810239283729946 0.27604622719871563 -1.5452851639375538
3093 1.0420197332260615 0.41111201914219814 -1.5885197805191984
3094 0.9552432661657378 0.5049611832932228 -1.5943792698858787
3095 1.0725731494011557 0.5228930429924853 -1.5954661923936408
3096 0.8113999525306803 0.37945776683267723 -1.5666949396853553
3097 0.7290783417633157 0.46535546037419306 -1.5673942777061174
3098 0.8394576104315633 0.485182822769217 -1.5836265686261357
3099 0.8671464406162626 0.596190415998326 -1.5966142930520124
3100 0.7788137517350568 0.6849722814639418 -1.5964979131694412
3101 0.8933767809254711 0.71121601342823 -1.6045927943537013
3102 0.9735284393149293 0.19544851172862118 -1.5546285647749927
3103 0.892519892691518 0.28889009518028164 -1.5629086822276543
3104 1.0096282507617618 0.30141890482130645 -1.574920672653789
3105 0.4444394004733667 0.07637707599817152 -1.4523665974634337
3106 0.526713938759725 0.0781466602584114 -1.4602626614946994
3107 0.2916144246783517 0.0741111177883381 -1.4513030957706055
3108 0.36626511602574147 0.07493260028693052 -1.4495006692831207
3109 0.37411399169521037 0.15241928184004583 -1.4662059622149233
3110 0.3035686747763253 0.22854264378471065 -1.4806828289529057
3111 0.3820034951416254 0.2321039196809664 -1.4825864496185814
3112 0.14497707664487292 0.07266178037723789 -1.4648204007530399
3113 0.21698358312584606 0.07279182460789521 -1.4567993511467074
3114 0.0 0.07287145941761403 -1.48333263296081
3115 0.07259101199186235 0.07259101199186235 -1.474057826724673
3116 0.07378170539770544 0.14721158637868198 -1.4873974558262533
3117 0.0 0.22447558345009955 -1.5132914620066065
3118 0.07502007973432785 0.2236257408689211 -1.5013939280770447
3119 0.23124337096690104 0.30715599729107773 -1.4981803090648564
3120 0.15798514636291322 0.387775437732398 -1.5197471129787277
3121 0.23682670949590537 0.38977640228858695 -1.512753730695306
3122 0.07741901240506413 0.3046304176135571 -1.5160809299337388
3123 0.0 0.3868385083328332 -1.5443458934444785
3124 0.07913509549846064 0.38680660785112475 -1.530793986189867
3125 0.08127307271489696 0.4729292819864155 -1.545467596679912
3126 0.0 0.5629312775135371 -1.5732875244292148
3127 0.08345659476129388 0.5625032675336105 -1.5594850603010149
3128 0.22170011732181974 0.14837181439744487 -1.4700425845285257
3129 0.150507040303261 0.22489061435624957 -1.4911980379539995
3130 0.2265827287476294 0.2265827287476294 -1.4838798678365366
3131 0.684058538287066 0.7777748253858271 -1.5943682079032118
3132 0.5938429540514519 0.8637321065090875 -1.5903277255457253
3133 0.7087768878679072 0.8903129323897067 -1.599089820257614
3134 0.466282949737103 0.7305314511910416 -1.5705182155210713
3135 0.3811385356730281 0.8149939645037626 -1.573634452503707
3136 0.4842929343849818 0.8379179360211685 -1.5807219915837267
3137 0.5016165551433197 0.9489161788098607 -1.5838188427399653
3138 0.4074688476360494 1.0327856159437327 -1.5744427170136934
3139 0.516713259284399 1.0598970004960815 -1.5766102597804805
3140 0.27169452892536766 0.6929528250296279 -1.5603965495678216
3141 0.1859625734090604 0.7781233202953685 -1.5742051880271215
3142 0.280653307724979 0.7940588470801525 -1.571075239964115
3143 0.08995818957208246 0.6669231940215026 -1.572833117900608
3144 0.0 0.7542178920083333 -1.5946597515364258
3145 0.09262859681485645 0.7649677387641398 -1.5825145935297047
3146 0.095565709131167 0.8669960346837169 -1.5879037000086096
3147 0.0 0.9583220234428445 -1.5988637026052208
3148 0.09835030901978438 0.970841380565011 -1.5870714490371713
3149 0.3093107058861126 1.1171786147870684 -1.5616286857618549
3150 0.2096435200804808 1.199173166830861 -1.5454849782760562
3151 0.31648537905562946 1.2196725291141013 -1.536157908169731
3152 0.10184214709322278 1.0783099991204907 -1.5774725511481291
3153 0.0 1.1658732357025043 -1.5719980812565404
3154 0.10426020993049599 1.181231645802921 -1.5575831342925301
3155 0.10641506716458496 1.2802492166676138 -1.525074488181618
3156 0.0 1.3588653207683 -1.4992768413883502
3157 0.10785046702779236 1.3711023778494946 -1.4789528448772868
3158 0.2914433141434873 0.9004080091519878 -1.5767217140753962
3159 0.19846433580171285 0.988550249801785 -1.5786169093722353
3160 0.3013370523320178 1.0093540788891318 -1.5744929915248789
3161 0.5492041591784392 0.16358854244288246 -1.4841890896690049
3162 0.3986609917607079 0.32050075849669235 -1.5003710890996425
3163 0.4733788511789256 0.24212774584605073 -1.491776734834345
3164 0.5719666946941494 0.25355386338166364 -1.5070722534004282
3165 0.5943424772477731 0.3473757283023523 -1.5283168490398455
3166 0.24817450902319838 0.4852007503840219 -1.5290315343502054
3167 0.3230878858049855 0.4018790394913063 -1.512482296060244
3168 0.17082892831749355 0.5735117908561383 -1.5498789085256242
3169 0.2600038290049099 0.5865165243406649 -1.5454095285518983
3170 0.351641121345064 0.601640351166109 -1.5470829041318688
3171 0.6183306823126191 0.44887114628569535 -1.5488354960244144
3172 0.6406984637459467 0.5529111180834998 -1.5670522175375916
3173 0.4507390766043226 0.6209038007631735 -1.5552808129166449
3174 0.5532232545495708 0.6410601590487722 -1.5679368699262546
3175 0.6630846480920287 0.6630846480920287 -1.5829328094877022
3176 0.41495490642090016 0.41495490642090016 -1.5186677468841174
3177 0.4325207660266854 0.5152621593020532 -1.5372993975196343
3178 0.5132861790884096 0.43086209100033307 -1.5314040040056613
3179 1.4267440121379709 1.5389712320189046 -0.1122272198809338
3180 1.325059631243348 1.5784541108242902 -0.11013973515474525
3181 1.272516667242139 1.602714249112132 -0.3301975818699928
3182 1.1572120237689454 1.6175886898538159 -0.32039466491228136
3183 1.246862522649496 1.606946646265295 -0.21798073500550366
3184 1.2127638133878729 1.5991617464068564 -0.107043364634869
3185 1.095693090690927 1.6029024830126428 -0.1034839118641099
3186 1.078492140400013 1.6042707667362226 -0.5257786263362093
3187 0.9588473021505383 1.6003947012064819 -0.5068663506364286
3188 1.0583481601395688 1.6134118514750575 -0.41755413568162786
3189 0.8817979313416708 1.5837960387117822 -0.7019981073701113
3190 0.7677794312471848 1.5738785518742862 -0.6752675174402665
3191 0.8609940077301558 1.5852862614498526 -0.5919604251340805
3192 0.840442396461255 1.5854843554895244 -0.48575200131947616
3193 0.7276028613477686 1.564222246076975 -0.46441369207753874
3194 0.8202299056542677 1.5837442910357429 -0.38358716600636894
3195 0.9740903502883926 1.5923826638143617 -0.09867944329721344
3196 0.8585507167766833 1.5724360957568557 -0.09463481353033738
3197 0.7974270074924087 1.5777392717891883 -0.2818437552140082
3198 0.6886813285755484 1.55077796070046 -0.2700197508236291
3199 0.7740826762875701 1.5660306447456884 -0.18499690570791136
3200 0.7477149887704112 1.5468232470061185 -0.0905394916903731
3201 0.6444805611431992 1.51990570952689 -0.08693100647054833
3202 1.0359551933744453 1.615988111225562 -0.30927866726715836
3203 0.9143721588613897 1.6011746041448103 -0.295963218485894
3204 1.0078059678582263 1.6093663853165263 -0.20233017195442535
3205 0.6981877894751709 1.5751994822184219 -0.877011692743251
3206 0.586733656028429 1.571288830366376 -0.8533917818233551
3207 0.6732230269504538 1.5691133593419624 -0.7654548447612112
3208 0.5157833477046744 1.573772886999854 -1.0579895392951795
3209 0.4092147173220791 1.581188685025657 -1.037210761840173
3210 0.4994053425341175 1.5768370951085342 -0.9447331920281331
3211 0.48064501544204064 1.568815260580218 -0.8316063495939919
3212 0.38037732502325605 1.5704915866111815 -0.8133662569192102
3213 0.46137453240319304 1.5539858528502268 -0.7228413710797825
3214 0.31957021206233915 1.551131082073626 -1.2315608700112868
3215 0.21282869314504807 1.5689659669687117 -1.21739254260396
3216 0.31288886456681086 1.5796938711293593 -1.1301023263894163
3217 0.10856417574496285 1.4887399284825997 -1.3801757527376368
3218 0.0 1.5137764995457061 -1.372007044890965
3219 0.10794954431739899 1.5470656593644998 -1.2987100721200295
3220 0.1063816099972187 1.5892755408896113 -1.2052663652216886
3221 0.0 1.6104956992894361 -1.1944250151467735
3222 0.10423607791448493 1.614553074955544 -1.1036570643135168
3223 0.28182267829899355 1.5776212848693736 -0.7973673740928519
3224 0.1878344133967213 1.5900506356659359 -0.7859556616077059
3225 0.2714093392984411 1.5587586479450362 -0.6922254531593529
3226 0.10066565971682608 1.624434086962833 -0.9936968071479204
3227 0.0 1.6430599997315432 -0.9848122644945149
3228 0.09752577582453438 1.6204718375022562 -0.8847782503583026
3229 0.0940289189755722 1.606438417609703 -0.776532215757839
3230 0.0 1.6245560405648203 -0.7683577836486302
3231 0.09071960972795769 1.5861458228749339 -0.6725681360191598
3232 0.3046894574724148 1.5920093850697765 -1.0205832449553753
3233 0.2020029149021559 1.6067633306450815 -1.006175901481497
3234 0.293917721796259 1.5901083731142744 -0.9080526397210931
3235 0.5380434579065609 1.4916726405466507 -0.07982758042874853
3236 0.45043640102074545 1.4719639672526694 -0.07740766276901222
3237 0.3809376387885976 1.4784497749380188 -0.2314563092781797
3238 0.30151532673028714 1.470667443815184 -0.22699677416757214
3239 0.3749274329114278 1.46939395407731 -0.152750689188467
3240 0.36850735184301525 1.4583743571546144 -0.0753913296414154
3241 0.2916553798611721 1.451506921022668 -0.07412152617050712
3242 0.23402441936928056 1.4948538288955233 -0.3851643103245952
3243 0.15637060546952614 1.5042159449037578 -0.3838125379529982
3244 0.22863969812412105 1.481311624924898 -0.30369759013631326
3245 0.08356003092624609 1.5614178872321778 -0.5632004344972659
3246 0.0 1.5809195072458009 -0.5656620446302858
3247 0.08092966538606305 1.538937452298181 -0.47093098936588157
3248 0.07851763010622831 1.51884969897879 -0.3837884817930157
3249 0.0 1.5365052536293595 -0.384874530299589
3250 0.07669782356126775 1.501958034032665 -0.3017926643041444
3251 0.21607504993312704 1.4506995783132914 -0.0724870375458413
3252 0.14401121322797333 1.4550615032075942 -0.07217769449899192
3253 0.07433274601733411 1.487638161982 -0.22157688258682864
3254 0.0 1.5017348060456803 -0.2227613154754946
3255 0.07317309701675084 1.4751282550461022 -0.14599727173576682
3256 0.07204020489983141 1.462872950212486 -0.07204020489983141
3257 0.0 1.4725143826731655 -0.07233999286096442
3258 0.22451550317428934 1.470341702648435 -0.22451550317428934
3259 0.14902986596031442 1.4765624469711491 -0.22268339106073345
3260 0.22028495321337485 1.4606589561902037 -0.14742472213165542
3261 0.6531930187990829 1.5593192563883391 -0.6531930187990829
3262 0.44494034344461947 1.5352722117311153 -0.6129159078882193
3263 0.5451911522273749 1.5451724086162453 -0.6317527759085694
3264 0.6332942623743915 1.5489426529999255 -0.5465214270033517
3265 0.6146736183300825 1.5396750408352904 -0.4462163362482219
3266 0.25834066322294985 1.5355240116468607 -0.5827647556933688
3267 0.3481218516992349 1.531599499110106 -0.5956190570197765
3268 0.17040831984143745 1.5460628557516183 -0.572099711984439
3269 0.2456299423617739 1.5133541681215468 -0.48022592175079626
3270 0.3191061066743984 1.4938422581435327 -0.3969262274461257
3271 0.595253722521975 1.5306600628592915 -0.34790832441133945
3272 0.5773298784505067 1.5212036801147337 -0.25593137237661895
3273 0.3956340644512185 1.4889791688520504 -0.31806728113458316
3274 0.47471924748397637 1.4960007765682601 -0.2428133428791122
3275 0.5582516193981675 1.508639271851569 -0.16628346163717503
3276 0.4267799006530277 1.5168947613186041 -0.5084230641162494
3277 0.41021121105772024 1.501306590195449 -0.41021121105772024
3278 0.5085775511580235 1.5173556778286885 -0.42690957998701917
3279 1.4737982464527204 0.22404564489394654 -1.4737982464527204
3280 1.3266523930489962 0.444668748542757 -1.5477315826075233
3281 1.4041412977089291 0.3359967092969765 -1.5159387577297474
3282 1.5341770692251062 0.3400390972986865 -1.4210345701056748
3283 1.571668351902947 0.45154586687927145 -1.347170015500129
3284 1.1530938946246592 0.6582136711595192 -1.5880216222347798
3285 1.2406083121578126 0.5551281415035338 -1.571695388596994
3286 0.9682850660808859 0.8570337491055882 -1.6028161812358785
3287 1.0618635110800452 0.7594891063907607 -1.5984527573735685
3288 1.224764944530967 0.7963699826920467 -1.5599262855989995
3289 1.2832835297658378 0.9310109357315242 -1.509749277428734
3290 1.3669530713070337 0.8158035380627542 -1.4832208123229773
3291 1.5890732790140072 0.5612660713342373 -1.254325445551173
3292 1.591363400119532 0.6595987932881631 -1.1555204256127427
3293 1.4806931259778346 0.8144132558833591 -1.3646235269909839
3294 1.4998715641163012 0.9249196865079722 -1.274887495407615
3295 1.5523195736744382 0.79248662160016 -1.2187925891739502
3296 1.5863161943418824 0.7537225378330913 -1.0538011061238637
3297 1.5809066344117388 0.8453186059246536 -0.9550491833622223
3298 1.3936017092184427 0.5719465778307302 -1.507487977838783
3299 1.4451133450572338 0.696791498472674 -1.4451133450572338
3300 1.5138063214725626 0.5743437810403237 -1.3994427206340614
3301 0.7545696469336306 1.054985473662776 -1.588099055828847
3302 0.8551878550005189 0.9661995569660224 -1.5993640080355342
3303 0.5445615190320284 1.2169938730950083 -1.5417788511890185
3304 0.6501814291769241 1.139022583747809 -1.5686428482860209
3305 0.7891939785689851 1.213728719556709 -1.5458699578864832
3306 0.8070380375452657 1.3522656774739825 -1.4672841655797677
3307 0.9264431036986852 1.2769873377561562 -1.5023419733398988
3308 0.32564136630833623 1.3608659788145447 -1.4692178662694986
3309 0.43309875161909084 1.2921337448268007 -1.5074605950283093
3310 0.21688089623621717 1.4266676985099815 -1.4266676985099815
3311 0.3268579667912924 1.4747068837918575 -1.3659501922418302
3312 0.43469561592810446 1.513018703917901 -1.2968979290962601
3313 0.8048898124787114 1.4633784554674611 -1.3486661308728998
3314 0.7831685099035289 1.534067294352475 -1.2044619428621957
3315 0.9202540832515362 1.4923057119068006 -1.2684565378478074
3316 0.5445034078014545 1.541614324935906 -1.2168640052855964
3317 0.6463039112137072 1.5592878582030216 -1.1322297405031432
3318 0.7455254687333682 1.5690642975146847 -1.04234054862336
3319 0.8415696074831265 1.5738952939927895 -0.9508135284565904
3320 0.5575893431748177 1.3586189546541667 -1.4696464040315107
3321 0.5576999407034935 1.4699379075587982 -1.358888435950099
3322 0.6833986550237178 1.4173372070894599 -1.4173372070894599
3323 1.579969770784329 0.9544832101271156 -0.8448176603038148
3324 1.584591755537948 1.0526555491879195 -0.7529031876957888
3325 1.4921410642793913 1.2683165877305076 -0.9201525506699665
3326 1.47301714285842 1.3575492541563468 -0.8101912990884562
3327 1.547581052336777 1.2150721731024618 -0.7900675225757404
3328 1.5909185717040346 1.1551974269061231 -0.6594144178739363
3329 1.5925851440261276 1.2570975150990147 -0.5625064739666646
3330 1.2687120112966959 1.492606269691511 -0.9204394269960691
3331 1.2132335675200394 1.5452393057104736 -0.7888720194692957
3332 1.3568773839658694 1.4722881259882632 -0.8097903240367039
3333 0.9529171904053657 1.57737751583991 -0.8434315687484252
3334 1.0498256016438798 1.580331756575942 -0.7508790910873937
3335 1.1490444638666601 1.582444813935454 -0.6559021588900035
3336 1.2474364337316917 1.580345763647101 -0.558183483308132
3337 1.5819836967674568 1.356011908437774 -0.45450950188112416
3338 1.552698562319953 1.4381901400237187 -0.3441442504253569
3339 1.3447906653360397 1.5688924963628386 -0.4507483537813763
3340 1.42968490066409 1.5435161374385915 -0.34210903328497283
3341 1.500789126297217 1.500789126297217 -0.22814877712087803
3342 1.4422268791738457 1.4422268791738457 -0.6953997288270226
3343 1.399988847417211 1.5143970781819782 -0.5745679163457111
3344 1.5186118284563959 1.40388518574475 -0.5761670083658813
3345 1.0201410625041132 1.0201410625041132 -1.5781418083836833
3346 1.0766557858803418 1.3143857303184818 -1.4346249097192942
3347 1.0582966336131459 1.1769591937012867 -1.5229306991153018
3348 1.178348892693511 1.0595462213414866 -1.524728905263072
3349 1.3160421813913221 1.0780126384316617 -1.4364328918937903
3350 1.0467632679894998 1.5063337299721566 -1.1641326380136587
3351 1.0723065839686663 1.4288296746202818 -1.3090762070651365
3352 1.0045241026553184 1.553982622793472 -1.0045241026553184
3353 1.1631922674101494 1.505116933953829 -1.0459177067760197
3354 1.3037179253611955 1.422981220678299 -1.0679174424359694
3355 1.4298568118966446 1.0730774288661704 -1.3100172576282372
3356 1.5067289521520535 1.0470379110200443 -1.1644380756665043
3357 1.4220895772200228 1.3029010125708553 -1.067248282795849
3358 1.5034777657325462 1.1619254769323013 -1.0447786357654236
3359 1.554648768758845 1.0049547121539633 -1.0049547121539633
3360 1.2127001671800923 1.333970183898102 -1.333970183898102
3361 1.328895305449377 1.328895305449377 -1.2080866413176152
3362 1.3336902986697692 1.2124457260634263 -1.3336902986697692
3363 -0.0730132059352794 1.4826310408129324 -0.0730132059352794
3364 -0.07580943772752932 1.5171915292295464 -0.2259787211198833
3365 -0.07440284963271862 1.4999193723349555 -0.14845091295311363
3366 -0.14769400038134858 1.4922716737996637 -0.07402348886529823
3367 -0.22352544901660948 1.5007205817193707 -0.07498643466856804
3368 -0.0804702155846542 1.5566206284136845 -0.3933325780083791
3369 -0.07844910080500811 1.5362529436392363 -0.3086836372259696
3370 -0.08577592329750415 1.6028244538204257 -0.5781357035781648
3371 -0.08304712176137496 1.579202451591459 -0.4832525011503163
3372 -0.1637943922417378 1.5756294845571719 -0.40203426468807657
3373 -0.24914940511016778 1.591466152120983 -0.4100574591560665
3374 -0.2421225619548484 1.5686644472632725 -0.32160661156663845
3375 -0.3031016091995209 1.5084723749502942 -0.07703047983993672
3376 -0.3827918188537503 1.51490538778369 -0.07831372713436155
3377 -0.3191847062209911 1.5568513915805953 -0.24029922280070676
3378 -0.4031027334966666 1.5644742995474397 -0.24492373936003098
3379 -0.3930396535428764 1.5403783237301225 -0.16012986163979553
3380 -0.4654536337884967 1.5210382105240472 -0.07998837979626754
3381 -0.5508122894626876 1.5270729718844414 -0.08172204622523604
3382 -0.15469287633233053 1.5326705860897454 -0.23114517383914956
3383 -0.2361073002485242 1.5462558484687108 -0.2361073002485242
3384 -0.22979749042428654 1.523734406739711 -0.15379094521965406
3385 -0.09644120002342878 1.6476510678408018 -0.7964538948277574
3386 -0.09317209464421139 1.6290251817836041 -0.6907501279135928
3387 -0.10282832280435174 1.6593328165581624 -1.0150450147795613
3388 -0.09984164975947293 1.65895200809352 -0.9057884383919962
3389 -0.1968943882175552 1.6667448817440391 -0.8238653203102254
3390 -0.30004260731786847 1.6796150207975047 -0.8489174375782513
3391 -0.2900742488799558 1.6659549931353042 -0.7398300253772426
3392 -0.10818292545506797 1.6161860811480362 -1.2256746381793586
3393 -0.10623681806203414 1.6455433157823594 -1.12484100601468
3394 -0.11002281870220369 1.5087422911122919 -1.398719472410088
3395 -0.10956579374538704 1.5702287398834496 -1.3181547064115335
3396 -0.21942013084098658 1.6175578239476673 -1.2550959508122008
3397 -0.33241730045238604 1.6134883274105651 -1.281071026958179
3398 -0.32732373793360175 1.6525717634749941 -1.1822386783670809
3399 -0.4081840443220135 1.685299215344801 -0.8728257612202374
3400 -0.5156217363233138 1.6829785447518661 -0.892122660464485
3401 -0.49746181107430887 1.6755337853524277 -0.7793797713622924
3402 -0.4331720583662449 1.6737588565733257 -1.0979339247769702
3403 -0.5452919543577435 1.6638103907122341 -1.1185184363544907
3404 -0.5320746282279055 1.6799880571932946 -1.0065342100111614
3405 -0.624729691517653 1.673043255988637 -0.9086562175604473
3406 -0.7339857114288537 1.6559640973777967 -0.9219783859489428
3407 -0.7103886808196997 1.6557371402590775 -0.8077122077361504
3408 -0.21006305181661392 1.670874942303769 -1.0463234188076567
3409 -0.3207594957872072 1.6759757028669606 -1.0744112046948517
3410 -0.3113098244751817 1.684200447341049 -0.9617851763350082
3411 -0.6507408111396981 1.5346695213257535 -0.08777542268069367
3412 -0.7443696663625458 1.5399026655721069 -0.09013441248921032
3413 -0.6986225603556472 1.5731637035790704 -0.273917531722807
3414 -0.793118227905483 1.5692141896137632 -0.28032085392303313
3415 -0.7688239363239698 1.555391796741438 -0.18374012700585554
3416 -0.8426284859398799 1.543274521485787 -0.09287976596379996
3417 -0.9437662346886857 1.5428106749714583 -0.09560748303708613
3418 -0.7466997416823132 1.605277286727354 -0.4766028314755074
3419 -0.8444396298510193 1.5930250876460608 -0.4880622894808
3420 -0.8192385885989873 1.5818302024173154 -0.383123568547623
3421 -0.795132049444403 1.6299489509578846 -0.6993243413584634
3422 -0.8960123587159184 1.6093265519594557 -0.7133141932435372
3423 -0.8704233483114614 1.6026478272027707 -0.5984433929702435
3424 -0.9438976728382996 1.5754425451304859 -0.4989636699532095
3425 -1.0430578207145837 1.5515617658255292 -0.5085039451109452
3426 -1.0171761936328232 1.5506467414551586 -0.4013104027244411
3427 -1.0498803496705575 1.5358824780869391 -0.09915707828791598
3428 -1.1528945039467984 1.5202175130903062 -0.10175906092280804
3429 -1.0936871496313991 1.5287915499877691 -0.3028066772792063
3430 -1.1911090582320794 1.5001826765950195 -0.3090736183629399
3431 -1.17188741919604 1.5103193205903596 -0.2048733331379987
3432 -1.2534571262364615 1.49315887904111 -0.10418809286489991
3433 -1.3472043797616615 1.4531750380337836 -0.10597065827212189
3434 -0.8918226401664059 1.5616877099735607 -0.2886644090639342
3435 -0.9928661364358737 1.5487734245460727 -0.296414668718774
3436 -0.9682996641060189 1.5462787282727537 -0.19439876701498526
3437 -0.17919623286080447 1.625792917707875 -0.6016027462963919
3438 -0.3762048419179905 1.6551536326487295 -0.6436676471061068
3439 -0.2765629278911465 1.64383342215748 -0.6238705324033132
3440 -0.2626098027270616 1.6179690298556386 -0.5134228887684015
3441 -0.3430358601006173 1.6058654258214728 -0.4266917084335415
3442 -0.5843730839633423 1.65622123908122 -0.6771557396920571
3443 -0.48093312187646964 1.6594657432090998 -0.662496816418989
3444 -0.6895981800370471 1.6462265981946682 -0.6895981800370471
3445 -0.6670504681099244 1.631505262474977 -0.5756524184316236
3446 -0.6443405962360813 1.6139868447857724 -0.4677527903825897
3447 -0.42237612891140947 1.5896236292034485 -0.3395663796679134
3448 -0.49846885336138214 1.570843810685996 -0.25496098851538684
3449 -0.6200163709699975 1.5943357621382885 -0.3623813654081063
3450 -0.5972713151093808 1.573747274279079 -0.26477144707527256
3451 -0.5740501144893388 1.55133369369022 -0.1709892759351255
3452 -0.4609189469429411 1.6382344504519135 -0.5490929234375663
3453 -0.5419913469025125 1.6170466936339751 -0.45495774977857095
3454 -0.44110977701226056 1.6143903369207742 -0.44110977701226056
3455 -0.10769554216055188 1.2956542448673676 -1.5434254585952658
3456 -0.10915850812833604 1.3877314969688226 -1.4968900050971585
3457 -0.10321929156994708 1.0928912771264034 -1.5988036765515368
3458 -0.1055649155273263 1.1960135030470178 -1.5770746299858027
3459 -0.21445274011114115 1.2266821860075063 -1.5809383865748512
3460 -0.319174272539718 1.1528041703247163 -1.6114272486213819
3461 -0.32590055244412747 1.2559567592831629 -1.5818573117272905
3462 -0.09713639087173932 0.8812456525979966 -1.614001882819847
3463 -0.09981087764888459 0.9852590319015244 -1.6106405338088114
3464 -0.09169531521070783 0.6798017255353049 -1.6032051023456144
3465 -0.09429450578708189 0.7787255485905948 -1.6109758393079197
3466 -0.19217449665138392 0.8041158748730266 -1.626790187344062
3467 -0.2847820584426034 0.7263323729634706 -1.6355608746715904
3468 -0.2930368710198295 0.829095947025146 -1.6403974575883349
3469 -0.4231488153591642 1.07252864223113 -1.6350294615658032
3470 -0.5228117939178334 0.9890115560071457 -1.6507413121107304
3471 -0.5357579306149011 1.09896197445589 -1.634719905070791
3472 -0.39986813735420634 0.8550437387958456 -1.6509647241203724
3473 -0.49166931425979354 0.7703045926402028 -1.6560236965411743
3474 -0.5077520383802782 0.878506601692303 -1.657292015541038
3475 -0.6195436218488637 0.9011131881299117 -1.6591548191138386
3476 -0.7125120686348628 0.8101265005118832 -1.6606862225905727
3477 -0.7339651856833821 0.9219526030305757 -1.6559177887139578
3478 -0.2038728083324593 1.015489834940433 -1.6216367605531643
3479 -0.3030133599452763 0.9361534230991305 -1.6393161932184177
3480 -0.31200377243188254 1.0450831648340768 -1.6302268480480717
3481 -0.08286800080871976 0.48221019352371636 -1.575796334178055
3482 -0.08507703498804246 0.5734251476438174 -1.5897649001621206
3483 -0.07881951744760228 0.31014116261952646 -1.5435067381597458
3484 -0.08065031460214818 0.39421288894495377 -1.5601044745019714
3485 -0.16378456330364752 0.40201013950379094 -1.5755349345274368
3486 -0.24235472531065883 0.32191498956160636 -1.5701685879731542
3487 -0.24881092456164677 0.40950037785924837 -1.5893040745680214
3488 -0.07483602646066773 0.14931520102671048 -1.5086519722164762
3489 -0.07624026652502586 0.2272629694087283 -1.5258138039977514
3490 -0.0725130574156839 0.0 -1.4760371926137905
3491 -0.07346533258020155 0.07346533258020155 -1.4918120785382774
3492 -0.14836383091533253 0.07435920455412766 -1.499039512232704
3493 -0.22008374634706676 0.0 -1.4836841012041755
3494 -0.2241346407745446 0.07519080118771834 -1.5048106153749081
3495 -0.31948877638178436 0.24052814298983669 -1.558334520451567
3496 -0.3931522611217256 0.16017573954513706 -1.5408196488533854
3497 -0.4035239957774714 0.24517969677359408 -1.566109252518289
3498 -0.3034079797723005 0.07710834109673562 -1.5099971162631372
3499 -0.372965010394922 0.0 -1.4889597850126646
3500 -0.38271155646420046 0.078297306598277 -1.5145877479586554
3501 -0.4651220194042866 0.07993139174120778 -1.5199545405021
3502 -0.5368363415810471 0.0 -1.5003570641877708
3503 -0.5506689877305829 0.08170078506059021 -1.526675681907243
3504 -0.15525026206451437 0.2319780306908401 -1.538193068682861
3505 -0.23029708651763986 0.15412529767617128 -1.5270471137475623
3506 -0.23655581246041862 0.23655581246041862 -1.549193134312992
3507 -0.8076053921526956 0.7102947357478107 -1.6555181779517225
3508 -0.8933607432683509 0.6142135724932631 -1.6448808006870674
3509 -0.9180080970916569 0.7308249699885936 -1.6488330670802505
3510 -0.7598518241164696 0.4849975306805662 -1.6335520242505648
3511 -0.8376959489636474 0.39175530277900383 -1.6174686726847494
3512 -0.8661318114577403 0.500599758643252 -1.6339471243242512
3513 -0.9759729271251073 0.5159193072581547 -1.6289787723121505
3514 -1.0549243012063774 0.41620330755966467 -1.608192307672136
3515 -1.0863043855621415 0.529587195148238 -1.6158915807103795
3516 -0.7065541059600889 0.2770273502686174 -1.5910240195297005
3517 -0.7771322404051372 0.18572571665122486 -1.5722001548090458
3518 -0.8067115225914061 0.2851252876630675 -1.5961090334771848
3519 -0.6518403249631555 0.08792373102242534 -1.537262551183803
3520 -0.719823258627888 0.0 -1.5219384092004613
3521 -0.7476801583313689 0.09053527413382602 -1.5467511921006758
3522 -0.8493677990290912 0.09362261507574818 -1.555617577003658
3523 -0.9254629058665541 0.0 -1.5440415769447633
3524 -0.9548948430493652 0.09673485779999129 -1.5610030356910563
3525 -1.1320311440567574 0.3134228919338891 -1.5823900353407536
3526 -1.2049891180197327 0.21066028439240547 -1.5529805305827697
3527 -1.2365480494403414 0.3208643048080118 -1.5574123542483533
3528 -1.066002447812564 0.10067974717883676 -1.559467687633985
3529 -1.1432900491081457 0.0 -1.5415481790649022
3530 -1.1732146318676298 0.1035525963486223 -1.547011824475894
3531 -1.2761304038749006 0.10607270902503789 -1.5201680244790954
3532 -1.3455874481875887 0.0 -1.4846269665560818
3533 -1.3689796667734124 0.10768349526505674 -1.4766631620384691
3534 -0.9129252142735275 0.2954948726673515 -1.5986408317576732
3535 -0.9886857653096954 0.19849154230464347 -1.5788333142260225
3536 -1.0226293544080767 0.3053003120814379 -1.5952011143752314
3537 -0.1772391562341825 0.5950323923637686 -1.608036956724894
3538 -0.34249597201935883 0.4260201583288745 -1.6033380294050983
3539 -0.2610848802502499 0.5104415449835839 -1.608573808067302
3540 -0.2732970794661147 0.6165034329471091 -1.6244218877421348
3541 -0.3722464386928915 0.6368950173940413 -1.6377382122514044
3542 -0.4998098507485874 0.2556468929949402 -1.5750697466329113
3543 -0.4229307140232322 0.3400122345487863 -1.591710824804274
3544 -0.5756388033971526 0.17146249030992775 -1.5556270237833179
3545 -0.6009532653644861 0.2664036622385352 -1.5834488270431555
3546 -0.6254895884633347 0.3655803003415631 -1.608409820166686
3547 -0.47761427089589664 0.6579250202403025 -1.648014006452879
3548 -0.5837242495638777 0.6764038879217339 -1.6543823225696117
3549 -0.65079636461695 0.47243929266392143 -1.630157679435291
3550 -0.6731764740661327 0.580939050122341 -1.6464885529954476
3551 -0.6941633763663361 0.6941633763663361 -1.6571247528604078
3552 -0.4411847935203988 0.4411847935203988 -1.6146648851900691
3553 -0.5441889204232877 0.4568024344025945 -1.6236032171211041
3554 -0.4596758748824375 0.5476120512011946 -1.6338162257566216
3555 -1.4717397171756599 1.364415256905991 -0.10732446026966874
3556 -1.5361214052588648 1.2895227354657677 -0.10718588749621244
3557 -1.5340154561431791 1.2179714735990186 -0.3160439825441604
3558 -1.5715593651552526 1.1242829557547793 -0.3112776686353925
3559 -1.5594738829073254 1.2100274418985397 -0.21154110126062317
3560 -1.5857724447224928 1.2026097057087626 -0.10614712264707389
3561 -1.6199817169950512 1.1073679111289407 -0.10458655283127606
3562 -1.5598926178525734 1.048658345651083 -0.5112342722014903
3563 -1.5711332867537466 0.9413158592608796 -0.4975988703411383
3564 -1.5743655098521985 1.0327349704391504 -0.4074488662719873
3565 -1.5688091793991137 0.8734538130232737 -0.6953553663758398
3566 -1.5630805303309048 0.7625118717971249 -0.6706346611171516
3567 -1.5661322637577484 0.8505911690517353 -0.5848081467774475
3568 -1.569525377590082 0.8319827723820641 -0.48086257719691905
3569 -1.559085376219809 0.7252134302961268 -0.46288856820075497
3570 -1.5811369444568317 0.818879546476632 -0.38295565958790106
3571 -1.6409535986332004 1.0038021023607155 -0.10168936856032032
3572 -1.6499571552787593 0.9008772452743539 -0.09930030743010596
3573 -1.601039767742131 0.8092036331320643 -0.2860061028180448
3574 -1.5930887252489259 0.7074710162553524 -0.27738685455482587
3575 -1.6257750504820057 0.8036140967873836 -0.1920545774282317
3576 -1.651538495850682 0.7983330288505872 -0.09666874105416949
3577 -1.6497376972910918 0.6995327869517697 -0.09435674696067858
3578 -1.5939671736160037 1.021838316820016 -0.3050641522044873
3579 -1.602698738379136 0.9152425360873508 -0.29624494146115726
3580 -1.6172692112102722 1.0127548192641762 -0.20332371831937754
3581 -1.5781068390963704 0.6994764396396387 -0.8786303994567317
3582 -1.5692937941916292 0.5859886912287714 -0.8523082461658323
3583 -1.5642716127931962 0.6711456912067479 -0.763092913208724
3584 -1.582210009597501 0.5185485035758656 -1.0636615060216352
3585 -1.5789701789788244 0.4086405636278177 -1.0357554906452966
3586 -1.5755445165563726 0.4989959656640547 -0.9439587671586783
3587 -1.5585518091317043 0.4775005554766685 -0.8261658419652117
3588 -1.5502065675715555 0.3754642383527389 -0.8028605336485766
3589 -1.5382790160788469 0.4567112116543991 -0.7155352869179952
3590 -1.5565931478951462 0.3206955286478002 -1.2358976192473459
3591 -1.5611050908327424 0.211762373014328 -1.2112931292401687
3592 -1.5752199998277672 0.3120027279948101 -1.1269017490761162
3593 -1.4834245788261455 0.10817656166730633 -1.375248017158839
3594 -1.497315137001076 0.0 -1.3570873355504416
3595 -1.5349861643603226 0.10710667383327171 -1.2885697385581738
3596 -1.5674286269207678 0.10491923936249833 -1.188698218344024
3597 -1.5764826205628395 0.0 -1.1691991967287994
3598 -1.5818776308433986 0.10212654048818647 -1.0813211713141841
3599 -1.5471056929385063 0.2763714423589636 -0.781944067092516
3600 -1.5513932859725326 0.18326777857374207 -0.7668474884635504
3601 -1.5302092491393866 0.2664383494165731 -0.679547017949565
3602 -1.5821444668416984 0.09804498551229285 -0.9678274531204883
3603 -1.5913465513061147 0.0 -0.9538164163471633
3604 -1.5736171788247 0.0947058953225901 -0.8591955885887758
3605 -1.562731889002503 0.0914706648949552 -0.755405027108471
3606 -1.5795316735365221 0.0 -0.7470628439874426
3607 -1.5556898968290558 0.0889776830495028 -0.6596540110276212
3608 -1.5765528323271267 0.30173127851083453 -1.010674572995363
3609 -1.577216348872936 0.19828825678748635 -0.987673200770304
3610 -1.5649424656999753 0.28926602239060173 -0.893681311926765
3611 -1.6501135857395106 0.5951928026812359 -0.08830662398816845
3612 -1.653924539206811 0.5061182430917007 -0.08697660800438495
3613 -1.5844573493385123 0.40825156975221355 -0.24805215334552308
3614 -1.5968903540257051 0.32739346945590775 -0.24647921635008369
3615 -1.6245043115897784 0.41450506149684113 -0.1688751695870385
3616 -1.6644218395526675 0.42057218123330387 -0.0860430485166455
3617 -1.6820443019290756 0.3379779060762628 -0.08589396918448541
3618 -1.5457351757521243 0.24199006619351948 -0.39827440744017
3619 -1.5702793971728974 0.1632382244877473 -0.40066914778170043
3620 -1.5774888717287312 0.24348460739616729 -0.3234157895946821
3621 -1.5594125163260455 0.08345271253550314 -0.5624771010611004
3622 -1.5862730674281336 0.0 -0.567577579092926
3623 -1.5744074109406914 0.08279496009307605 -0.48178516845635694
3624 -1.6017319283880143 0.0828022648765473 -0.4047314658249274
3625 -1.635823924498649 0.0 -0.40975256225587814
3626 -1.63880489063074 0.08368593895760311 -0.32928968920003576
3627 -1.707264018854865 0.25428914686251425 -0.08530678087001597
3628 -1.7358414719524426 0.1718007354302449 -0.08610566301498035
3629 -1.6832307261455002 0.0841059104644428 -0.2507094981193394
3630 -1.7170154866452125 0.0 -0.25469518783015377
3631 -1.7268141715322898 0.08565786769468628 -0.17090728007951658
3632 -1.7659834778937122 0.08696709552165868 -0.08696709552165868
3633 -1.7937567245894372 0.0 -0.08812161713187693
3634 -1.6186081386185316 0.24715521570895052 -0.24715521570895052
3635 -1.6486013466672342 0.1663938008309732 -0.2486289280458212
3636 -1.664017661302196 0.25095389386600336 -0.1679497738332415
3637 -1.5496949820980053 0.6491614462063002 -0.6491614462063002
3638 -1.5209385586896718 0.44078627847923807 -0.607193584576352
3639 -1.5337855871334152 0.541173481260812 -0.6270972073516629
3640 -1.5411650206703356 0.6301143319104409 -0.5437772048649514
3641 -1.5433395776227836 0.6161365855322073 -0.4472783630629678
3642 -1.51995635152946 0.2557215184820966 -0.5768564901265515
3643 -1.5152645057704035 0.3444090219861043 -0.5892665912902754
3644 -1.5352493921340489 0.16921645098572996 -0.5680983355862211
3645 -1.5243256460879 0.24741070429924153 -0.4837074518713367
3646 -1.527896370798913 0.3263805529865643 -0.40597468647293333
3647 -1.5582008052517375 0.6059639578171316 -0.35416814249328615
3648 -1.58380652752461 0.6010890204761646 -0.2664638427234467
3649 -1.547624972860948 0.4112167390032996 -0.33059486501303503
3650 -1.5794174792836742 0.5011894973400592 -0.2563525660904436
3651 -1.616411311968695 0.5981312095982755 -0.17816218455838198
3652 -1.5141766570275497 0.426015159216191 -0.5075120273406697
3653 -1.5229233866442684 0.41611770098347484 -0.41611770098347484
3654 -1.5293850236827593 0.5126094702036956 -0.43029404881072225
3655 -0.22197138175197803 1.4601535028436146 -1.4601535028436146
3656 -0.4469616112303525 1.3334930621569552 -1.5557122109017392
3657 -0.3352842025658675 1.4011637086481938 -1.5127240936007698
3658 -0.33773795286738933 1.5237948424531946 -1.41141801185206
3659 -0.4524030165195998 1.5746517807445384 -1.3497272890329988
3660 -0.6693182216295661 1.1725474397432307 -1.6148127191449475
3661 -0.5617323580404019 1.2553675097526917 -1.590393443875147
3662 -0.8756718755724586 0.9893426026556496 -1.6376730240617268
3663 -0.7747304204303238 1.0831728295460261 -1.6305302687526473
3664 -0.8057844896683496 1.2392438404778487 -1.5783673836030279
3665 -0.9392461863190252 1.2946348050697427 -1.5231037538873324
3666 -0.8230714730184708 1.3791311577533962 -1.4964347196989212
3667 -0.5691455757142065 1.6113819673555594 -1.2719346746617664
3668 -0.6758618325220239 1.630599987079399 -1.1840108871000754
3669 -0.8239265473652237 1.4979893391728687 -1.3805639126385558
3670 -0.9370380207730705 1.519522940591269 -1.2915911217279423
3671 -0.8077182398645222 1.582155205628407 -1.242217821797117
3672 -0.7763695442790747 1.6339800378325011 -1.085464535629081
3673 -0.868083873346827 1.6234820161076187 -0.9807696039328624
3674 -0.5749032915360754 1.4008060206579251 -1.5152810314865983
3675 -0.7024781270149708 1.4569071496786588 -1.4569071496786588
3676 -0.5777216738437742 1.5227094830422032 -1.4076732746174414
3677 -1.0792716313571555 0.7719401206456509 -1.6246576863190363
3678 -0.9880679831957652 0.8745437037843622 -1.6355631281573215
3679 -1.243901056644915 0.5566015276719625 -1.5758668835607874
3680 -1.165271294503709 0.6651648232876606 -1.6047921336395126
3681 -1.2362908551944434 0.8038643915715382 -1.574606303254394
3682 -1.375212420082109 0.8207327533330033 -1.4921826693585758
3683 -1.2944671912541816 0.9391245839672085 -1.5229065606474437
3684 -1.3796646813535516 0.33013970433348017 -1.489513317888514
3685 -1.3169250840194282 0.4414083388412182 -1.5363832720193635
3686 -1.435056854263435 0.21815620906510821 -1.435056854263435
3687 -1.4904339481195956 0.3303437552732332 -1.3805174169411798
3688 -1.5326548539444427 0.4403371511636843 -1.3137292360978865
3689 -1.4870734187591648 0.8179225549584802 -1.3705036769597658
3690 -1.5556831947063852 0.7942038096799582 -1.221433512123097
3691 -1.5106484193165255 0.9315654058960894 -1.2840477983717422
3692 -1.562221627860054 0.5517819770819143 -1.233130256038978
3693 -1.5781349032258765 0.6541157586856229 -1.14591495249477
3694 -1.5834429370458925 0.7523573378882723 -1.0518923809103833
3695 -1.5805275204084135 0.8451158917897378 -0.9548201549608001
3696 -1.3865358262756997 0.5690466764157694 -1.4998446651773953
3697 -1.4967524321102519 0.5678734716230233 -1.3836772022926078
3698 -1.4444392973528124 0.6964664923327665 -1.4444392973528124
3699 -0.965314448199943 1.5978988747786849 -0.8544044409928758
3700 -1.0419826640663832 1.5685255639100812 -0.7452694947597519
3701 -1.2484846331996848 1.4688092920494675 -0.9057646417497176
3702 -1.3153825338357783 1.4272638844037837 -0.7850260170110469
3703 -1.1847492962996904 1.5089602110146587 -0.7703508994127188
3704 -1.1149953010878197 1.535552876545229 -0.6364660795411801
3705 -1.185561240274968 1.501957641246621 -0.5304965326306378
3706 -1.4692194467435433 1.2488332637779092 -0.9060175701738177
3707 -1.509274966476542 1.184996424295015 -0.7705115876478272
3708 -1.4287617927406164 1.3167630230957443 -0.7858498990053725
3709 -1.569773899341919 0.9483237327216943 -0.8393658773545377
3710 -1.5557917420832261 1.0335234958537738 -0.7392191445597821
3711 -1.5375419501250804 1.116439606737549 -0.6372905238717036
3712 -1.5145021491251143 1.1954631722007725 -0.5349272953567922
3713 -1.2581932870423518 1.4678641500843406 -0.42172255317626195
3714 -1.3294449137210307 1.4352950620174432 -0.31812262550123027
3715 -1.4843411743770618 1.2723167203003578 -0.4264564604340109
3716 -1.4473383045399268 1.3405999911263136 -0.32079192189344075
3717 -1.4015664178567957 1.4015664178567957 -0.213065019385269
3718 -1.3772728699966046 1.3772728699966046 -0.6640808004251642
3719 -1.4329019425230876 1.3246504287917826 -0.5436483570290408
3720 -1.3196034190478283 1.427442487025352 -0.5415770191910929
3721 -1.0349558341393017 1.0349558341393017 -1.6010600217156297
3722 -1.3259516285722397 1.0861297865382724 -1.4472488490663071
3723 -1.189212049618859 1.0693141406253768 -1.5387853273204009
3724 -1.0689620544845468 1.1888204854701476 -1.5382786614428272
3725 -1.0852049514080826 1.3248225861113527 -1.446016522511661
3726 -1.5155792873516056 1.0531880792144834 -1.1712778375719555
3727 -1.4402853551081434 1.0809038309528036 -1.3195717608941016
3728 -1.5566755831008878 1.0062648837275228 -1.0062648837275228
3729 -1.5007357414598905 1.159806371526567 -1.0428731813289724
3730 -1.4136428742236646 1.2951622469803263 -1.0609092100591146
3731 -1.0810354094903376 1.4404606811965794 -1.3197323925039612
3732 -1.05714266621402 1.5212700944019455 -1.175675836562565
3733 -1.2947273535161665 1.4131681969791037 -1.0605529747823395
3734 -1.1616413174499 1.503110076519947 -1.044523125612443
3735 -1.016579940276884 1.5726328096009468 -1.016579940276884
3736 -1.3400943372591008 1.218267579326455 -1.3400943372591008
3737 -1.3289486758904157 1.3289486758904157 -1.2081351599003776
3738 -1.2174914549296396 1.3392406004226038 -1.3392406004226038
3739 -1.8159325381282638 -0.08942687204109495 -0.08942687204109495
3740 -1.746400959576558 -0.08726233454489962 -0.26011841471857994
3741 -1.78495863296256 -0.0885420984743963 -0.17666198832696975
3742 -1.8296931325956682 -0.18108947785308852 -0.09076113391789196
3743 -1.832943911244204 -0.27300859052237303 -0.09158662213734134
3744 -1.66547768770784 -0.08609763107010811 -0.4208389767962553
3745 -1.7043406766058016 -0.0870325385534444 -0.34245797953074275
3746 -1.6117732840023171 -0.08625482425852624 -0.5813635294458558
3747 -1.6335753482619924 -0.08590648445155183 -0.49989117739118916
3748 -1.689477580577381 -0.1756294587204221 -0.43108350248047933
3749 -1.704648258446626 -0.26686844639959006 -0.4392199813246792
3750 -1.7418121719005135 -0.2688478254482368 -0.3571052506275329
3751 -1.8242022673392668 -0.3665421070466509 -0.09315329754240577
3752 -1.804160675390866 -0.45588189995657474 -0.09326691156984669
3753 -1.7790782588640692 -0.3647455206518878 -0.2745998270731796
3754 -1.7660691307428973 -0.4550456944882248 -0.276484091553946
3755 -1.790990706660642 -0.4569853756055192 -0.18618224473663433
3756 -1.7733291637509716 -0.5426573096323648 -0.09325586015688572
3757 -1.733645528392709 -0.6253226140413939 -0.0927768761663368
3758 -1.7680336322210646 -0.1784481352371692 -0.2666407543683827
3759 -1.779529707215555 -0.2717273181529464 -0.2717273181529464
3760 -1.8116220927906626 -0.27321441891651327 -0.18284753090744968
3761 -1.5993603822832345 -0.09361462359834322 -0.7731107821099478
3762 -1.6009440327673017 -0.09156599333704775 -0.6788429717248015
3763 -1.6036903095610868 -0.09938017447989042 -0.9810074493354147
3764 -1.6021844513546548 -0.09642517569031872 -0.8747933304449511
3765 -1.6169608197049432 -0.19101334274650758 -0.7992572578122225
3766 -1.630735194032413 -0.2913108262333672 -0.8242124088824565
3767 -1.6341611201984338 -0.28453833473512613 -0.7257107592994374
3768 -1.5784357569007363 -0.10565602551354061 -1.1970457472659461
3769 -1.5975854198875554 -0.10314064051875753 -1.0920585156680125
3770 -1.487020069823441 -0.10843875757476593 -1.3785813122486752
3771 -1.5420806245609768 -0.10760170372499145 -1.2945253015060507
3772 -1.581618734413725 -0.21454502862757804 -1.2272100817062395
3773 -1.5860649292688196 -0.3267674225917014 -1.259297506677118
3774 -1.6139532307665228 -0.3196745920634901 -1.154611240891244
3775 -1.6402773493184257 -0.39727962616870066 -0.8495086884249553
3776 -1.6450722833362934 -0.504008223845943 -0.8720290978413745
3777 -1.6435250887901203 -0.48795850872301416 -0.7644908262234817
3778 -1.63706773896144 -0.423676325526786 -1.073865689017761
3779 -1.6447271942890032 -0.5390376879274431 -1.1056895063615597
3780 -1.6478340877896802 -0.5218910371938944 -0.9872697455682059
3781 -1.6453759782114874 -0.6143984763210453 -0.8936296820030488
3782 -1.6408465009066808 -0.7272850227976709 -0.9135614781090097
3783 -1.6301489833159686 -0.6994101645966607 -0.795229630499776
3784 -1.6158413768263182 -0.2031442104216958 -1.0118606909746886
3785 -1.6271322195496443 -0.31141150162801207 -1.0430993034168792
3786 -1.6305216272510943 -0.301387760811904 -0.9311311686560648
3787 -1.6814348345362056 -0.712973218598495 -0.09616966471319531
3788 -1.6295289452007684 -0.7876938876630635 -0.09538046617723468
3789 -1.6492231043068264 -0.7323996003131866 -0.2871609108220475
3790 -1.6019598327729796 -0.80966865591331 -0.2861704611426249
3791 -1.6196375058225283 -0.8005803330409441 -0.1913295425928937
3792 -1.5745978868451647 -0.859731055547459 -0.09476491782970173
3793 -1.5187791607911025 -0.9290657066071818 -0.09411825780574247
3794 -1.6073774566761303 -0.747676642290829 -0.4772263667067367
3795 -1.5705346575561376 -0.8325177771397175 -0.48117179485757
3796 -1.5826893937469477 -0.8196835685286591 -0.3833316670197414
3797 -1.602448198971007 -0.7817164579464376 -0.6875252323993862
3798 -1.5794848264998458 -0.8793976108981669 -0.7000872156016789
3799 -1.5691364040336901 -0.8522227650851237 -0.5859299203007243
3800 -1.5318717335522265 -0.9177930155916664 -0.48516421270538745
3801 -1.4921004672428604 -1.0030841800367998 -0.4890162872060604
3802 -1.4926651500455659 -0.9791420670493324 -0.38630465371847994
3803 -1.461316704142233 -0.9989095612544845 -0.094343087380328
3804 -1.4057166082576145 -1.0660599143292901 -0.09409469417906406
3805 -1.4503215362347084 -1.0375502317672154 -0.2872641763209769
3806 -1.4006654745933005 -1.112094787101312 -0.2885706874919882
3807 -1.4040893952380178 -1.08946146372731 -0.1904633480512503
3808 -1.3501007788672088 -1.1333646179000536 -0.09420593300555097
3809 -1.2945415235230266 -1.2001389816283168 -0.09440254189470976
3810 -1.5517382165139222 -0.8861408489421903 -0.28682533161479384
3811 -1.500809906930909 -0.9621183513372246 -0.2872350883107148
3812 -1.5118734404317138 -0.9467546295331362 -0.1900733207595324
3813 -1.6325193171344576 -0.17993762213912662 -0.6040917597024926
3814 -1.6520203277333967 -0.3754926636300649 -0.6424491457158216
3815 -1.646374396178147 -0.27699042815083136 -0.6248348873031034
3816 -1.6703099513296615 -0.27110516871319057 -0.5300319997019962
3817 -1.7058429074740586 -0.3643924824289451 -0.453256551144071
3818 -1.6393696580444814 -0.5784272536915605 -0.6702658722319322
3819 -1.6492478411078877 -0.4779718510116303 -0.6584175953562853
3820 -1.6233867324715132 -0.6800306454994258 -0.6800306454994258
3821 -1.6272313155384002 -0.6653030399095423 -0.5741444196853881
3822 -1.6429267665628284 -0.655894077302607 -0.47613992761880963
3823 -1.7308218304151453 -0.45989365730077764 -0.36972833820969925
3824 -1.7371407239623873 -0.5512391104133673 -0.2819523578084869
3825 -1.6688819267366761 -0.649006401515405 -0.379325187126607
3826 -1.6969925457590607 -0.6440455758696303 -0.2855065609072491
3827 -1.7209780879330208 -0.6368247350198207 -0.1896876206278321
3828 -1.6665927949347332 -0.46889759631907935 -0.5585978915888744
3829 -1.6734255992715628 -0.560888067154131 -0.4708200128442171
3830 -1.6953355671655432 -0.46322693891969613 -0.46322693891969613
3831 -1.270624541423673 -0.1056150585028439 -1.5136092621299482
3832 -1.3672093435043207 -0.10754424221258872 -1.4747535857169094
3833 -1.0528541313793487 -0.09943794029833679 -1.5402328587961516
3834 -1.1638252247522574 -0.10272384987840204 -1.5346308641317699
3835 -1.1906613872841845 -0.20815546191200945 -1.5345150635117433
3836 -1.1078964703317897 -0.3067407796311723 -1.5486538016610603
3837 -1.223859235345676 -0.3175717618977985 -1.5414309972434748
3838 -0.8305461161064825 -0.09154797182066426 -1.5211456546907698
3839 -0.9384837253460148 -0.09507234265612173 -1.5341751553851943
3840 -0.631802316294864 -0.08522089657523849 -1.490006069578738
3841 -0.727613829444224 -0.08810547769424736 -1.5052392999079718
3842 -0.7394922653720798 -0.17673019314276203 -1.496051500182221
3843 -0.6539089776355133 -0.2563861279173707 -1.472477310977483
3844 -0.7563611133096428 -0.26732936616153813 -1.4964888584290594
3845 -1.0213788280691842 -0.40296848411556785 -1.557053499138895
3846 -0.9345716271065126 -0.49403373089478253 -1.559876610764413
3847 -1.0624836341653159 -0.5179742760748789 -1.5804579102401948
3848 -0.7810646962709099 -0.3652712382770273 -1.5081219852157237
3849 -0.695605501037049 -0.44399044606238314 -1.4954333703418567
3850 -0.8105863708699454 -0.46849606058696613 -1.5291613264616828
3851 -0.8458629675383509 -0.5815573597187067 -1.5574265668153326
3852 -0.756193281228259 -0.6650774153854854 -1.5501279898359623
3853 -0.8840553070892249 -0.7037952010648028 -1.5878505081540277
3854 -0.9596818369769291 -0.19266862599527312 -1.532516911277861
3855 -0.8685338575798631 -0.28112631532154125 -1.5209062766396146
3856 -0.9874230360360817 -0.29478966133600726 -1.5402827237990457
3857 -0.44970902018065634 -0.0772826621015558 -1.4695869870959706
3858 -0.5329154072805273 -0.07906674992746311 -1.4774556238618741
3859 -0.2941869897752505 -0.07476491149255804 -1.4641062062248247
3860 -0.3703067705817132 -0.07575946495978458 -1.4654955886122123
3861 -0.3688130038862189 -0.15025958513576546 -1.445430636769453
3862 -0.29329043114451564 -0.22080463532646658 -1.430549794414251
3863 -0.3686198323939586 -0.22397205538409676 -1.4306433724260565
3864 -0.1448744918138012 -0.0726103653767573 -1.4637839034195355
3865 -0.21808628044573453 -0.07316174821570273 -1.4642027164934446
3866 -0.07199014780293905 -0.07199014780293905 -1.4618564737447717
3867 -0.07192320036227001 -0.14350343849724623 -1.4499310453326717
3868 -0.07201075211831269 -0.21465530095427568 -1.4411675696636679
3869 -0.22004623071085133 -0.2922830572894926 -1.4256362401070821
3870 -0.1486255585717262 -0.36480227641769386 -1.4297120251759003
3871 -0.22280588545933247 -0.36670051544402804 -1.423194348166644
3872 -0.07333903000096553 -0.2885763928332665 -1.436183456107084
3873 -0.07422975666155436 -0.3628296673557284 -1.4359048204605378
3874 -0.07574878040780064 -0.44078333860067637 -1.4404190920521234
3875 -0.07756516711064598 -0.5227946344003511 -1.4493967751114687
3876 -0.2182415131208234 -0.14605715896657043 -1.4471093740281744
3877 -0.14515739613127 -0.21689706958915925 -1.4381946775998846
3878 -0.218939181447365 -0.218939181447365 -1.43382262816779
3879 -0.6598930272253796 -0.7502986298639828 -1.538044486455388
3880 -0.5691259774577339 -0.8277817830874203 -1.524134984012837
3881 -0.6923933265139156 -0.869733118344222 -1.5621264448581376
3882 -0.4373875296549522 -0.6852606275907149 -1.4731936540938575
3883 -0.35716822492774636 -0.7637379073061152 -1.4746664833914078
3884 -0.4576163729195156 -0.7917624632974715 -1.4936502538515872
3885 -0.4780317124225055 -0.9043003490430933 -1.509351367690998
3886 -0.3869264696864133 -0.9807181448063715 -1.4950678211398478
3887 -0.4965976005333055 -1.0186351865398966 -1.515232787073202
3888 -0.2528917247856445 -0.6449965548072008 -1.4524082480813272
3889 -0.17358490299264684 -0.7263314256932464 -1.4694260777577286
3890 -0.262096988815685 -0.7415570279545974 -1.4671984197705759
3891 -0.083672449898266 -0.6203225943430234 -1.462932956764546
3892 -0.08644178043229998 -0.7138742848951064 -1.4768158401257887
3893 -0.0896260363660389 -0.8131098365745515 -1.4892110994269294
3894 -0.09274566030990972 -0.915516441118384 -1.496629659499573
3895 -0.29343850728343535 -1.0598508840906304 -1.481494115013514
3896 -0.19918350828042272 -1.1393412890292076 -1.4683741231283556
3897 -0.3015330761666761 -1.1620492887133362 -1.4635823648800124
3898 -0.09653346116980599 -1.0221013539102655 -1.4952442540641047
3899 -0.09919180568918877 -1.1238084017144525 -1.481864305706825
3900 -0.10143122890398579 -1.2202900849474618 -1.453649221187164
3901 -0.10278351056972553 -1.3066861890320183 -1.4094696996017437
3902 -0.2735232218831762 -0.8450442597952854 -1.4797731919653432
3903 -0.18700832060541453 -0.9314878731370501 -1.4874939414604067
3904 -0.2843857294289461 -0.9525741814873004 -1.4859219415945355
3905 -0.5402404131750527 -0.16091855876010083 -1.4599651397981734
3906 -0.3779986962657447 -0.303889448347759 -1.4226079985646032
3907 -0.4558210545579704 -0.23314713822645003 -1.436446184158362
3908 -0.5505377370158127 -0.2440543679425282 -1.4506091973590574
3909 -0.5643619955514397 -0.3298530169653709 -1.4512237973518447
3910 -0.23161079328034265 -0.45281737894425 -1.426980587230282
3911 -0.3032570336033386 -0.3772120551033422 -1.4196474539365675
3912 -0.1589787260760862 -0.5337279511024532 -1.4423656278616752
3913 -0.241832203917477 -0.5455249803749739 -1.4374011093418055
3914 -0.3270988248904962 -0.5596497108198696 -1.4391064333261714
3915 -0.584056743806347 -0.42399031390083625 -1.4629838731540592
3916 -0.6065476362321476 -0.5234395752398777 -1.4835244224600879
3917 -0.420734985693326 -0.5795724517587129 -1.451751322519601
3918 -0.5207164630379523 -0.6033921673921848 -1.4758066195889463
3919 -0.632665131450272 -0.632665131450272 -1.510314553161685
3920 -0.3889516227416113 -0.3889516227416113 -1.4234999403929756
3921 -0.4033970825977131 -0.4805671037367539 -1.4337857063731858
3922 -0.48192778672704467 -0.4045392655402316 -1.4378453430133433
3923 -1.2066765176829526 -1.301593300037087 -0.09491678235413437
3924 -1.146332819585997 -1.3655489223156425 -0.09528385754980935
3925 -1.1426753789706412 -1.4391812375667452 -0.29650585859610407
3926 -1.0718490202610125 -1.4982655008701227 -0.2967604039963311
3927 -1.1135881995471737 -1.4351837432569752 -0.19468126583429676
3928 -1.081932944711904 -1.4266469350922522 -0.09549571106326678
3929 -1.0134970609305316 -1.4826569313010425 -0.09572081946937665
3930 -1.0478050462109043 -1.5586233240896692 -0.5108182778787648
3931 -0.956365350886081 -1.596252121211334 -0.505554340291245
3932 -1.019089464184658 -1.5535634502469056 -0.402065252651606
3933 -0.9082604783854203 -1.6313253826719636 -0.7230649042865431
3934 -0.7983768247225201 -1.6366004474789424 -0.7021781444919316
3935 -0.8823344985040793 -1.6245789702640367 -0.6066326828706999
3936 -0.8590555165340842 -1.6205977800461344 -0.4965098597571821
3937 -0.7592692335878957 -1.6322995538253373 -0.4846256753282615
3938 -0.8387121292498111 -1.6194307685749145 -0.39223052772926964
3939 -0.9379739039453316 -1.5333417308883297 -0.09502069560717444
3940 -0.859772868456941 -1.5746744672111854 -0.0947695267093109
3941 -0.8183791716915471 -1.6191939152554378 -0.28924911844131507
3942 -0.7267956566379266 -1.636604100445381 -0.2849637037655512
3943 -0.7988221405824352 -1.6160805430409935 -0.19090935470544085
3944 -0.7767359133024576 -1.606859813598959 -0.09405358435265483
3945 -0.6906869213246613 -1.6288761190171082 -0.09316356899933911
3946 -0.9933233384524567 -1.549486614680117 -0.29655116384063346
3947 -0.9081031209806955 -1.5901967718150412 -0.293934061528304
3948 -0.9668918558346358 -1.544030597798046 -0.194116131171666
3949 -0.7235350255409689 -1.6323860353612751 -0.9088510098203062
3950 -0.6023971812396687 -1.6132361806772137 -0.8761740503234038
3951 -0.70011669714158 -1.6317957327744126 -0.7960329582794862
3952 -0.5152003642597934 -1.571994071256371 -1.0567937069965774
3953 -0.40187971223707847 -1.5528465297852327 -1.0186191865857397
3954 -0.502057941794358 -1.5852124899146458 -0.9497511571015188
3955 -0.48725434654559835 -1.5903879788324873 -0.8430417364922265
3956 -0.37984690875536153 -1.5683016183051603 -0.81223206025173
3957 -0.47264534017877846 -1.5919478004727456 -0.7404994895356172
3958 -0.3068647734579314 -1.4894613769922571 -1.1825966035343256
3959 -0.202162381215837 -1.490334274208191 -1.156380616026656
3960 -0.30105657975895406 -1.519955766296813 -1.087366089654453
3961 -0.10308882540657846 -1.4136564802341403 -1.3105676548275618
3962 -0.10212986845033942 -1.463661688189894 -1.228695217376396
3963 -0.10028029160622545 -1.4981256129439915 -1.1361405657497223
3964 -0.0980184465246348 -1.5182457686919837 -1.03782445679412
3965 -0.27677991336673047 -1.5493922816544836 -0.7830997634928979
3966 -0.18142450140895305 -1.5357896275449845 -0.7591346625900599
3967 -0.2700830720443745 -1.55114162725921 -0.6888428284002721
3968 -0.09464885200589744 -1.527341319003755 -0.934303339421275
3969 -0.09200895640321054 -1.5288052967415335 -0.8347282836302894
3970 -0.08938238938922166 -1.527054716112371 -0.7381591284716764
3971 -0.0872620692612523 -1.5256940265639571 -0.6469349619581584
3972 -0.2943604648762846 -1.5380401624791187 -0.9859854060005011
3973 -0.19230458963047595 -1.5296213081017347 -0.9578685729569559
3974 -0.28585449975719435 -1.5464859715787727 -0.883141484270911
3975 -0.5919616433182441 -1.6411555137693132 -0.0878272284483901
3976 -0.5027163307156233 -1.6428075592602762 -0.08639198809937641
3977 -0.41981921661374716 -1.629352322052111 -0.2550806130643321
3978 -0.3309547827403607 -1.61426097183631 -0.24916036240039402
3979 -0.41745432395844445 -1.636062890796467 -0.1700767404353205
3980 -0.4135047594580452 -1.6364523929821033 -0.08459715517935212
3981 -0.3263392286849571 -1.6241210748894386 -0.08293610661647659
3982 -0.2461887582753383 -1.572554731385574 -0.4051847390385458
3983 -0.1617789083911514 -1.5562414228709942 -0.3970872481463544
3984 -0.24463962621133895 -1.5849720114107648 -0.3249499782487421
3985 -0.08172775662102674 -1.527179677375475 -0.5508507779284627
3986 -0.08062082934470732 -1.5330647065207876 -0.46913386760819614
3987 -0.0797387337067842 -1.5424707995343852 -0.3897571476370471
3988 -0.07933691826382834 -1.553638894154042 -0.31217704530291535
3989 -0.2394548491301492 -1.6076684872487121 -0.08033029563016562
3990 -0.15740337934438733 -1.5903733648590037 -0.07888978068286501
3991 -0.07816144680883479 -1.5642628222214976 -0.23298977436322835
3992 -0.07796168078300025 -1.5716633957363007 -0.1555516051431741
3993 -0.07751609122522006 -1.5740681639821827 -0.07751609122522006
3994 -0.2438326992230572 -1.5968491309870918 -0.2438326992230572
3995 -0.1594256287307568 -1.5795618881606321 -0.2382169466434882
3996 -0.24207350726809265 -1.605133856351136 -0.16200661472263922
3997 -0.6828323515953985 -1.6300750376745032 -0.6828323515953985
3998 -0.462144685988759 -1.594636010537569 -0.6366152990210301
3999 -0.5696820727076591 -1.6145842001193604 -0.660132192806228
4000 -0.6663776980151933 -1.6298597678648021 -0.5750718300794743
4001 -0.6518600408199735 -1.6328220457794576 -0.47321145806050546
4002 -0.2615381070257371 -1.5545289629921861 -0.5899775480324769
4003 -0.3576177260620574 -1.5733776188883408 -0.6118660225749555
4004 -0.16962282687134694 -1.5389363169438832 -0.5694626323959968
4005 -0.2534776352268791 -1.5617047014211585 -0.4955687806202237
4006 -0.33971845165844433 -1.5903355289790513 -0.42256528656223197
4007 -0.6371549702664165 -1.6384066658282834 -0.3723983735146862
4008 -0.6238694766800205 -1.6438306404373264 -0.2765624598871141
4009 -0.430319258725783 -1.6195178064035216 -0.3459522041728414
4010 -0.520579017999364 -1.6405204114216538 -0.2662700791322301
4011 -0.6090085278895816 -1.6458065684739693 -0.18140215391262707
4012 -0.45007489337054807 -1.5996916605261184 -0.5361743981361623
4013 -0.43949730366849066 -1.6084889456563223 -0.43949730366849066
4014 -0.5442523055748664 -1.6237923285347302 -0.4568556410932481
4015 -1.4390583026433852 -0.21876450608605635 -1.4390583026433852
4016 -1.3208439991276908 -0.4427218849411362 -1.5409552523771388
4017 -1.3833276540324988 -0.33101621638278683 -1.4934679357475438
4018 -1.507758724664669 -0.334183664952149 -1.3965645257682857
4019 -1.568052465306933 -0.450507009892963 -1.3440706249730492
4020 -1.1697772657507228 -0.6677369398260121 -1.6109976818631075
4021 -1.2486700446028698 -0.5587354803434125 -1.5819085941541617
4022 -0.9839693800164461 -0.8709160104821353 -1.62877865142996
4023 -1.0810478634866456 -0.7732105560064035 -1.627331498080617
4024 -1.2756868218442416 -0.8294805438129392 -1.6247831181591808
4025 -1.3670222972763666 -0.9917626764720975 -1.6082657321399252
4026 -1.442626579916051 -0.860965817117316 -1.565330816877176
4027 -1.6163297206873386 -0.5708931389708121 -1.275840154027836
4028 -1.644127954849168 -0.6814689937875845 -1.1938338119416454
4029 -1.5665925166935835 -0.861659779314749 -1.4437893767328005
4030 -1.6009820051815102 -0.9872710502447838 -1.3608311455528406
4031 -1.6318889520858388 -0.8331081978203285 -1.2812659164305527
4032 -1.6501159323404795 -0.7840363558530472 -1.096183724868563
4033 -1.6340948692748078 -0.8737586184891987 -0.9871809861927885
4034 -1.4156308110762628 -0.5809875178187637 -1.5313173158724411
4035 -1.5014495349271584 -0.7239551658015858 -1.5014495349271584
4036 -1.5417829688754445 -0.5849582257168214 -1.425305814875618
4037 -0.7520795947793626 -1.051504060300748 -1.5828583872023956
4038 -0.8617638716178134 -0.9736292045049569 -1.6116624103484836
4039 -0.5298951129649746 -1.1842171790023832 -1.5002548839110368
4040 -0.6400508898810315 -1.121275363470888 -1.5442016734036512
4041 -0.7997651080890926 -1.2299864253237667 -1.5665766434287283
4042 -0.8271439822356313 -1.3859550175708508 -1.5038389906384828
4043 -0.9657756535479269 -1.3312023973951346 -1.5661245632486456
4044 -0.3116316352019715 -1.3023188517983186 -1.4060092282624554
4045 -0.41728519942602166 -1.2449546099577733 -1.4524193216250532
4046 -0.20660157691280862 -1.3590491433680671 -1.3590491433680671
4047 -0.31344866172838476 -1.4142072280017273 -1.3099122654067665
4048 -0.42291445661141774 -1.472012736185915 -1.2617492858610564
4049 -0.8301581497488824 -1.5093190796291462 -1.3910055295476151
4050 -0.8096057881090535 -1.5858525274586788 -1.245120747536731
4051 -0.9672043731766914 -1.568441408673754 -1.3331717108563197
4052 -0.5411118770709498 -1.5320121217491212 -1.209284563890666
4053 -0.6565804272741398 -1.5840812200249685 -1.1502326906795233
4054 -0.771247031131081 -1.6231989809388687 -1.0783026030205523
4055 -0.8780074431577092 -1.6420409798416669 -0.9919813496314609
4056 -0.5476006933198424 -1.3342806684396142 -1.4433191732115849
4057 -0.5513273000784076 -1.4531414452635958 -1.343360896820417
4058 -0.687795846625013 -1.4264567791246152 -1.4264567791246152
4059 -1.59220194313583 -0.9618728471624451 -0.8513582634327583
4060 -1.5429037227472981 -1.0249618931415345 -0.7330955289299564
4061 -1.4961870085073528 -1.2717556313304732 -0.9226475466126087
4062 -1.4250824028486269 -1.313372055768692 -0.7838261549567057
4063 -1.49379592437559 -1.1728431653140081 -0.7626092626445075
4064 -1.487604479739533 -1.0801790222415142 -0.6165921119290283
4065 -1.4321331333427723 -1.1304456844704995 -0.5058342796360141
4066 -1.2911214363773806 -1.518970368145522 -0.936697268174301
4067 -1.2065918816523986 -1.5367800985688191 -0.7845534444781698
4068 -1.3276311593564154 -1.4405543306348225 -0.7923360499930769
4069 -0.9869263743433508 -1.633673406622425 -0.8735332603219251
4070 -1.0633213499190892 -1.60064728283542 -0.7605318135801256
4071 -1.1237898107662077 -1.5476645281560277 -0.6414861967479786
4072 -1.170005040816269 -1.482249884403684 -0.523535686076784
4073 -1.376452646546578 -1.179839074152111 -0.3954597054465105
4074 -1.323432713963363 -1.2258321907396283 -0.29332915633979045
4075 -1.2074617895531337 -1.408678532730136 -0.40471831633289046
4076 -1.2387236600950058 -1.337350599628993 -0.2964139536379521
4077 -1.2677481789380425 -1.2677481789380425 -0.1927220764422397
4078 -1.348662201269456 -1.348662201269456 -0.6502855705887769
4079 -1.2750775268260854 -1.3792779025656599 -0.5233031956785142
4080 -1.3614516316618612 -1.258597978089557 -0.5165398418151367
4081 -1.061703728771302 -1.061703728771302 -1.642438584305184
4082 -1.1500027674850744 -1.403928021594393 -1.5323584734476803
4083 -1.1207096466240005 -1.2463703277223133 -1.612745492548027
4084 -1.2577576116978957 -1.1309488497857154 -1.627480110739352
4085 -1.4229940860325985 -1.1656203964031755 -1.5531686894614642
4086 -1.1099286877932364 -1.597231266528793 -1.2343805431857588
4087 -1.1452399456720643 -1.5260120971005626 -1.3981135494955397
4088 -1.052933824394418 -1.6288716833525703 -1.052933824394418
4089 -1.2205429575105378 -1.5793260713961055 -1.0974862255432354
4090 -1.36551221705755 -1.4904284152887957 -1.1185351417571092
4091 -1.543207983007709 -1.1581450959520005 -1.4138682090608476
4092 -1.6008173484143158 -1.1124206845659816 -1.2371519575692127
4093 -1.483913545758232 -1.3595433735725062 -1.1136458693578803
4094 -1.5624550187260602 -1.2075045831715325 -1.0857623971007522
4095 -1.610144845643969 -1.040828438163658 -1.040828438163658
4096 -1.309235381536548 -1.4401589196902032 -1.4401589196902032
4097 -1.4236078745172887 -1.4236078745172887 -1.2941889768338983
4098 -1.4453289398202585 -1.3139353998365981 -1.4453289398202585
$EndNodes
$Elements
8192
1 2 2 1 2 1 1027 1029
2 2 2 1 2 1027 259 1028
3 2 2 1 2 1029 1028 261
4 2 2 1 2 1027 1028 1029
5 2 2 1 2 259 1030 1032
6 2 2 1 2 1030 67 1031
7 2 2 1 2 1032 1031 260
8 2 2 1 2 1030 1031 1032
9 2 2 1 2 261 1033 1035
10 2 2 1 2 1033 260 1034
11 2 2 1 2 1035 1034 69
12 2 2 1 2 1033 1034 1035
13 2 2 1 2 259 1032 1028
14 2 2 1 2 1032 260 1033
15 2 2 1 2 1028 1033 261
16 2 2 1 2 1032 1033 1028
17 2 2 1 2 67 1036 1038
18 2 2 1 2 1036 262 1037
19 2 2 1 2 1038 1037 264
20 2 2 1 2 1036 1037 1038
21 2 2 1 2 262 1039 1041
22 2 2 1 2 1039 19 1040
23 2 2 1 2 1041 1040 263
24 2 2 1 2 1039 1040 1041
25 2 2 1 2 264 1042 1044
26 2 2 1 2 1042 263 1043
27 2 2 1 2 1044 1043 68
28 2 2 1 2 1042 1043 1044
29 2 2 1 2 262 1041 1037
30 2 2 1 2 1041 263 1042
31 2 2 1 2 1037 1042 264
32 2 2 1 2 1041 1042 1037
33 2 2 1 2 69 1045 1047
34 2 2 1 2 1045 265 1046
35 2 2 1 2 1047 1046 267
36 2 2 1 2 1045 1046 1047
37 2 2 1 2 265 1048 1050
38 2 2 1 2 1048 68 1049
39 2 2 1 2 1050 1049 266
40 2 2 1 2 1048 1049 1050
41 2 2 1 2 267 1051 1053
42 2 2 1 2 1051 266 1052
43 2 2 1 2 1053 1052 21
44 2 2 1 2 1051 1052 1053
45 2 2 1 2 265 1050 1046
46 2 2 1 2 1050 266 1051
47 2 2 1 2 1046 1051 267
48 2 2 1 2 1050 1051 1046
49 2 2 1 2 67 1038 1031
50 2 2 1 2 1038 264 1054
51 2 2 1 2 1031 1054 260
52 2 2 1 2 1038 1054 1031
53 2 2 1 2 264 1044 1055
54 2 2 1 2 1044 68 1048
55 2 2 1 2 1055 1048 265
56 2 2 1 2 1044 1048 1055
57 2 2 1 2 260 1056 1034
58 2 2 1 2 1056 265 1045
59 2 2 1 2 1034 1045 69
60 2 2 1 2 1056 1045 1034
61 2 2 1 2 264 1055 1054
62 2 2 1 2 1055 265 1056
63 2 2 1 2 1054 1056 260
64 2 2 1 2 1055 1056 1054
65 2 2 1 2 19 1057 1059
66 2 2 1 2 1057 268 1058
67 2 2 1 2 1059 1058 270
68 2 2 1 2 1057 1058 1059
69 2 2 1 2 268 1060 1062
70 2 2 1 2 1060 70 1061
71 2 2 1 2 1062 1061 269
72 2 2 1 2 1060 1061 1062
73 2 2 1 2 270 1063 1065
74 2 2 1 2 1063 269 1064
75 2 2 1 2 1065 1064 72
76 2 2 1 2 1063 1064 1065
77 2 2 1 2 268 1062 1058
78 2 2 1 2 1062 269 1063
79 2 2 1 2 1058 1063 270
80 2 2 1 2 1062 1063 1058
81 2 2 1 2 70 1066 1068
82 2 2 1 2 1066 271 1067
83 2 2 1 2 1068 1067 273
84 2 2 1 2 1066 1067 1068
85 2 2 1 2 271 1069 1071
86 2 2 1 2 1069 7 1070
87 2 2 1 2 1071 1070 272
88 2 2 1 2 1069 1070 1071
89 2 2 1 2 273 1072 1074
90 2 2 1 2 1072 272 1073
91 2 2 1 2 1074 1073 71
92 2 2 1 2 1072 1073 1074
93 2 2 1 2 271 1071 1067
94 2 2 1 2 1071 272 1072
95 2 2 1 2 1067 1072 273
96 2 2 1 2 1071 1072 1067
97 2 2 1 2 72 1075 1077
98 2 2 1 2 1075 274 1076
99 2 2 1 2 1077 1076 276
100 2 2 1 2 1075 1076 1077
101 2 2 1 2 274 1078 1080
102 2 2 1 2 1078 71 1079
103 2 2 1 2 1080 1079 275
104 2 2 1 2 1078 1079 1080
105 2 2 1 2 276 1081 1083
106 2 2 1 2 1081 275 1082
107 2 2 1 2 1083 1082 20
108 2 2 1 2 1081 1082 1083
109 2 2 1 2 274 1080 1076
110 2 2 1 2 1080 275 1081
111 2 2 1 2 1076 1081 276
112 2 2 1 2 1080 1081 1076
113 2 2 1 2 70 1068 1061
114 2 2 1 2 1068 273 1084
115 2 2 1 2 1061 1084 269
116 2 2 1 2 1068 1084 1061
117 2 2 1 2 273 1074 1085
118 2 2 1 2 1074 71 1078
119 2 2 1 2 1085 1078 274
120 2 2 1 2 1074 1078 1085
121 2 2 1 2 269 1086 1064
122 2 2 1 2 1086 274 1075
123 2 2 1 2 1064 1075 72
124 2 2 1 2 1086 1075 1064
125 2 2 1 2 273 1085 1084
126 2 2 1 2 1085 274 1086
127 2 2 1 2 1084 1086 269
128 2 2 1 2 1085 1086 1084
129 2 2 1 2 21 1087 1089
130 2 2 1 2 1087 277 1088
131 2 2 1 2 1089 1088 279
132 2 2 1 2 1087 1088 1089
133 2 2 1 2 277 1090 1092
134 2 2 1 2 1090 73 1091
135 2 2 1 2 1092 1091 278
136 2 2 1 2 1090 1091 1092
137 2 2 1 2 279 1093 1095
138 2 2 1 2 1093 278 1094
139 2 2 1 2 1095 1094 75
140 2 2 1 2 1093 1094 1095
141 2 2 1 2 277 1092 1088
142 2 2 1 2 1092 278 1093
143 2 2 1 2 1088 1093 279
144 2 2 1 2 1092 1093 1088
145 2 2 1 2 73 1096 1098
146 2 2 1 2 1096 280 1097
147 2 2 1 2 1098 1097 282
148 2 2 1 2 1096 1097 1098
149 2 2 1 2 280 1099 1101
150 2 2 1 2 1099 20 1100
151 2 2 1 2 1101 1100 281
152 2 2 1 2 1099 1100 1101
153 2 2 1 2 282 1102 1104
154 2 2 1 2 1102 281 1103
155 2 2 1 2 1104 1103 74
156 2 2 1 2 1102 1103 1104
157 2 2 1 2 280 1101 1097
158 2 2 1 2 1101 281 1102
159 2 2 1 2 1097 1102 282
160 2 2 1 2 1101 1102 1097
161 2 2 1 2 75 1105 1107
162 2 2 1 2 1105 283 1106
163 2 2 1 2 1107 1106 285
164 2 2 1 2 1105 1106 1107
165 2 2 1 2 283 1108 1110
166 2 2 1 2 1108 74 1109
167 2 2 1 2 1110 1109 284
168 2 2 1 2 1108 1109 1110
169 2 2 1 2 285 1111 1113
170 2 2 1 2 1111 284 1112
171 2 2 1 2 1113 1112 9
172 2 2 1 2 1111 1112 1113
173 2 2 1 2 283 1110 1106
174 2 2 1 2 1110 284 1111
175 2 2 1 2 1106 1111 285
176 2 2 1 2 1110 1111 1106
177 2 2 1 2 73 1098 1091
178 2 2 1 2 1098 282 1114
179 2 2 1 2 1091 1114 278
180 2 2 1 2 1098 1114 1091
181 2 2 1 2 282 1104 1115
182 2 2 1 2 1104 74 1108
183 2 2 1 2 1115 1108 283
184 2 2 1 2 1104 1108 1115
185 2 2 1 2 278 1116 1094
186 2 2 1 2 1116 283 1105
187 2 2 1 2 1094 1105 75
188 2 2 1 2 1116 1105 1094
189 2 2 1 2 282 1115 1114
190 2 2 1 2 1115 283 1116
191 2 2 1 2 1114 1116 278
192 2 2 1 2 1115 1116 1114
193 2 2 1 2 19 1059 1040
194 2 2 1 2 1059 270 1117
195 2 2 1 2 1040 1117 263
196 2 2 1 2 1059 1117 1040
197 2 2 1 2 270 1065 1119
198 2 2 1 2 1065 72 1118
199 2 2 1 2 1119 1118 286
200 2 2 1 2 1065 1118 1119
201 2 2 1 2 263 1120 1043
202 2 2 1 2 1120 286 1121
203 2 2 1 2 1043 1121 68
204 2 2 1 2 1120 1121 1043
205 2 2 1 2 270 1119 1117
206 2 2 1 2 1119 286 1120
207 2 2 1 2 1117 1120 263
208 2 2 1 2 1119 1120 1117
209 2 2 1 2 72 1077 1123
210 2 2 1 2 1077 276 1122
211 2 2 1 2 1123 1122 287
212 2 2 1 2 1077 1122 1123
213 2 2 1 2 276 1083 1124
214 2 2 1 2 1083 20 1099
215 2 2 1 2 1124 1099 280
216 2 2 1 2 1083 1099 1124
217 2 2 1 2 287 1125 1126
218 2 2 1 2 1125 280 1096
219 2 2 1 2 1126 1096 73
220 2 2 1 2 1125 1096 1126
221 2 2 1 2 276 1124 1122
222 2 2 1 2 1124 280 1125
223 2 2 1 2 1122 1125 287
224 2 2 1 2 1124 1125 1122
225 2 2 1 2 68 1127 1049
226 2 2 1 2 1127 288 1128
227 2 2 1 2 1049 1128 266
228 2 2 1 2 1127 1128 1049
229 2 2 1 2 288 1129 1130
230 2 2 1 2 1129 73 1090
231 2 2 1 2 1130 1090 277
232 2 2 1 2 1129 1090 1130
233 2 2 1 2 266 1131 1052
234 2 2 1 2 1131 277 1087
235 2 2 1 2 1052 1087 21
236 2 2 1 2 1131 1087 1052
237 2 2 1 2 288 1130 1128
238 2 2 1 2 1130 277 1131
239 2 2 1 2 1128 1131 266
240 2 2 1 2 1130 1131 1128
241 2 2 1 2 72 1123 1118
242 2 2 1 2 1123 287 1132
243 2 2 1 2 1118 1132 286
244 2 2 1 2 1123 1132 1118
245 2 2 1 2 287 1126 1133
246 2 2 1 2 1126 73 1129
247 2 2 1 2 1133 1129 288
248 2 2 1 2 1126 1129 1133
249 2 2 1 2 286 1134 1121
250 2 2 1 2 1134 288 1127
251 2 2 1 2 1121 1127 68
252 2 2 1 2 1134 1127 1121
253 2 2 1 2 287 1133 1132
254 2 2 1 2 1133 288 1134
255 2 2 1 2 1132 1134 286
256 2 2 1 2 1133 1134 1132
257 2 2 1 2 7 1135 1137
258 2 2 1 2 1135 289 1136
259 2 2 1 2 1137 1136 291
260 2 2 1 2 1135 1136 1137
261 2 2 1 2 289 1138 1140
262 2 2 1 2 1138 76 1139
263 2 2 1 2 1140 1139 290
264 2 2 1 2 1138 1139 1140
265 2 2 1 2 291 1141 1143
266 2 2 1 2 1141 290 1142
267 2 2 1 2 1143 1142 78
268 2 2 1 2 1141 1142 1143
269 2 2 1 2 289 1140 1136
270 2 2 1 2 1140 290 1141
271 2 2 1 2 1136 1141 291
272 2 2 1 2 1140 1141 1136
273 2 2 1 2 76 1144 1146
274 2 2 1 2 1144 292 1145
275 2 2 1 2 1146 1145 294
276 2 2 1 2 1144 1145 1146
277 2 2 1 2 292 1147 1149
278 2 2 1 2 1147 22 1148
279 2 2 1 2 1149 1148 293
280 2 2 1 2 1147 1148 1149
281 2 2 1 2 294 1150 1152
282 2 2 1 2 1150 293 1151
283 2 2 1 2 1152 1151 77
284 2 2 1 2 1150 1151 1152
285 2 2 1 2 292 1149 1145
286 2 2 1 2 1149 293 1150
287 2 2 1 2 1145 1150 294
288 2 2 1 2 1149 1150 1145
289 2 2 1 2 78 1153 1155
290 2 2 1 2 1153 295 1154
291 2 2 1 2 1155 1154 297
292 2 2 1 2 1153 1154 1155
293 2 2 1 2 295 1156 1158
294 2 2 1 2 1156 77 1157
295 2 2 1 2 1158 1157 296
296 2 2 1 2 1156 1157 1158
297 2 2 1 2 297 1159 1161
298 2 2 1 2 1159 296 1160
299 2 2 1 2 1161 1160 24
300 2 2 1 2 1159 1160 1161
301 2 2 1 2 295 1158 1154
302 2 2 1 2 1158 296 1159
303 2 2 1 2 1154 1159 297
304 2 2 1 2 1158 1159 1154
305 2 2 1 2 76 1146 1139
306 2 2 1 2 1146 294 1162
307 2 2 1 2 1139 1162 290
308 2 2 1 2 1146 1162 1139
309 2 2 1 2 294 1152 1163
310 2 2 1 2 1152 77 1156
311 2 2 1 2 1163 1156 295
312 2 2 1 2 1152 1156 1163
313 2 2 1 2 290 1164 1142
314 2 2 1 2 1164 295 1153
315 2 2 1 2 1142 1153 78
316 2 2 1 2 1164 1153 1142
317 2 2 1 2 294 1163 1162
318 2 2 1 2 1163 295 1164
319 2 2 1 2 1162 1164 290
320 2 2 1 2 1163 1164 1162
321 2 2 1 2 22 1165 1167
322 2 2 1 2 1165 298 1166
323 2 2 1 2 1167 1166 300
324 2 2 1 2 1165 1166 1167
325 2 2 1 2 298 1168 1170
326 2 2 1 2 1168 79 1169
327 2 2 1 2 1170 1169 299
328 2 2 1 2 1168 1169 1170
329 2 2 1 2 300 1171 1173
330 2 2 1 2 1171 299 1172
331 2 2 1 2 1173 1172 81
332 2 2 1 2 1171 1172 1173
333 2 2 1 2 298 1170 1166
334 2 2 1 2 1170 299 1171
335 2 2 1 2 1166 1171 300
336 2 2 1 2 1170 1171 1166
337 2 2 1 2 79 1174 1176
338 2 2 1 2 1174 301 1175
339 2 2 1 2 1176 1175 303
340 2 2 1 2 1174 1175 1176
341 2 2 1 2 301 1177 1179
342 2 2 1 2 1177 2 1178
343 2 2 1 2 1179 1178 302
344 2 2 1 2 1177 1178 1179
345 2 2 1 2 303 1180 1182
346 2 2 1 2 1180 302 1181
347 2 2 1 2 1182 1181 80
348 2 2 1 2 1180 1181 1182
349 2 2 1 2 301 1179 1175
350 2 2 1 2 1179 302 1180
351 2 2 1 2 1175 1180 303
352 2 2 1 2 1179 1180 1175
353 2 2 1 2 81 1183 1185
354 2 2 1 2 1183 304 1184
355 2 2 1 2 1185 1184 306
356 2 2 1 2 1183 1184 1185
357 2 2 1 2 304 1186 1188
358 2 2 1 2 1186 80 1187
359 2 2 1 2 1188 1187 305
360 2 2 1 2 1186 1187 1188
361 2 2 1 2 306 1189 1191
362 2 2 1 2 1189 305 1190
363 2 2 1 2 1191 1190 23
364 2 2 1 2 1189 1190 1191
365 2 2 1 2 304 1188 1184
366 2 2 1 2 1188 305 1189
367 2 2 1 2 1184 1189 306
368 2 2 1 2 1188 1189 1184
369 2 2 1 2 79 1176 1169
370 2 2 1 2 1176 303 1192
371 2 2 1 2 1169 1192 299
372 2 2 1 2 1176 1192 1169
373 2 2 1 2 303 1182 1193
374 2 2 1 2 1182 80 1186
375 2 2 1 2 1193 1186 304
376 2 2 1 2 1182 1186 1193
377 2 2 1 2 299 1194 1172
378 2 2 1 2 1194 304 1183
379 2 2 1 2 1172 1183 81
380 2 2 1 2 1194 1183 1172
381 2 2 1 2 303 1193 1192
382 2 2 1 2 1193 304 1194
383 2 2 1 2 1192 1194 299
384 2 2 1 2 1193 1194 1192
385 2 2 1 2 24 1195 1197
386 2 2 1 2 1195 307 1196
387 2 2 1 2 1197 1196 309
388 2 2 1 2 1195 1196 1197
389 2 2 1 2 307 1198 1200
390 2 2 1 2 1198 82 1199
391 2 2 1 2 1200 1199 308
392 2 2 1 2 1198 1199 1200
393 2 2 1 2 309 1201 1203
394 2 2 1 2 1201 308 1202
395 2 2 1 2 1203 1202 84
396 2 2 1 2 1201 1202 1203
397 2 2 1 2 307 1200 1196
398 2 2 1 2 1200 308 1201
399 2 2 1 2 1196 1201 309
400 2 2 1 2 1200 1201 1196
401 2 2 1 2 82 1204 1206
402 2 2 1 2 1204 310 1205
403 2 2 1 2 1206 1205 312
404 2 2 1 2 1204 1205 1206
405 2 2 1 2 310 1207 1209
406 2 2 1 2 1207 23 1208
407 2 2 1 2 1209 1208 311
408 2 2 1 2 1207 1208 1209
409 2 2 1 2 312 1210 1212
410 2 2 1 2 1210 311 1211
411 2 2 1 2 1212 1211 83
412 2 2 1 2 1210 1211 1212
413 2 2 1 2 310 1209 1205
414 2 2 1 2 1209 311 1210
415 2 2 1 2 1205 1210 312
416 2 2 1 2 1209 1210 1205
417 2 2 1 2 84 1213 1215
418 2 2 1 2 1213 313 1214
419 2 2 1 2 1215 1214 315
420 2 2 1 2 1213 1214 1215
421 2 2 1 2 313 1216 1218
422 2 2 1 2 1216 83 1217
423 2 2 1 2 1218 1217 314
424 2 2 1 2 1216 1217 1218
425 2 2 1 2 315 1219 1221
426 2 2 1 2 1219 314 1220
427 2 2 1 2 1221 1220 8
428 2 2 1 2 1219 1220 1221
429 2 2 1 2 313 1218 1214
430 2 2 1 2 1218 314 1219
431 2 2 1 2 1214 1219 315
432 2 2 1 2 1218 1219 1214
433 2 2 1 2 82 1206 1199
434 2 2 1 2 1206 312 1222
435 2 2 1 2 1199 1222 308
436 2 2 1 2 1206 1222 1199
437 2 2 1 2 312 1212 1223
438 2 2 1 2 1212 83 1216
439 2 2 1 2 1223 1216 313
440 2 2 1 2 1212 1216 1223
441 2 2 1 2 308 1224 1202
442 2 2 1 2 1224 313 1213
443 2 2 1 2 1202 1213 84
444 2 2 1 2 1224 1213 1202
445 2 2 1 2 312 1223 1222
446 2 2 1 2 1223 313 1224
447 2 2 1 2 1222 1224 308
448 2 2 1 2 1223 1224 1222
449 2 2 1 2 22 1167 1148
450 2 2 1 2 1167 300 1225
451 2 2 1 2 1148 1225 293
452 2 2 1 2 1167 1225 1148
453 2 2 1 2 300 1173 1227
454 2 2 1 2 1173 81 1226
455 2 2 1 2 1227 1226 316
456 2 2 1 2 1173 1226 1227
457 2 2 1 2 293 1228 1151
458 2 2 1 2 1228 316 1229
459 2 2 1 2 1151 1229 77
460 2 2 1 2 1228 1229 1151
461 2 2 1 2 300 1227 1225
462 2 2 1 2 1227 316 1228
463 2 2 1 2 1225 1228 293
464 2 2 1 2 1227 1228 1225
465 2 2 1 2 81 1185 1231
466 2 2 1 2 1185 306 1230
467 2 2 1 2 1231 1230 317
468 2 2 1 2 1185 1230 1231
469 2 2 1 2 306 1191 1232
470 2 2 1 2 1191 23 1207
471 2 2 1 2 1232 1207 310
472 2 2 1 2 1191 1207 1232
473 2 2 1 2 317 1233 1234
474 2 2 1 2 1233 310 1204
475 2 2 1 2 1234 1204 82
476 2 2 1 2 1233 1204 1234
477 2 2 1 2 306 1232 1230
478 2 2 1 2 1232 310 1233
479 2 2 1 2 1230 1233 317
480 2 2 1 2 1232 1233 1230
481 2 2 1 2 77 1235 1157
482 2 2 1 2 1235 318 1236
483 2 2 1 2 1157 1236 296
484 2 2 1 2 1235 1236 1157
485 2 2 1 2 318 1237 1238
486 2 2 1 2 1237 82 1198
487 2 2 1 2 1238 1198 307
488 2 2 1 2 1237 1198 1238
489 2 2 1 2 296 1239 1160
490 2 2 1 2 1239 307 1195
491 2 2 1 2 1160 1195 24
492 2 2 1 2 1239 1195 1160
493 2 2 1 2 318 1238 1236
494 2 2 1 2 1238 307 1239
495 2 2 1 2 1236 1239 296
496 2 2 1 2 1238 1239 1236
497 2 2 1 2 81 1231 1226
498 2 2 1 2 1231 317 1240
499 2 2 1 2 1226 1240 316
500 2 2 1 2 1231 1240 1226
501 2 2 1 2 317 1234 1241
502 2 2 1 2 1234 82 1237
503 2 2 1 2 1241 1237 318
504 2 2 1 2 1234 1237 1241
505 2 2 1 2 316 1242 1229
506 2 2 1 2 1242 318 1235
507 2 2 1 2 1229 1235 77
508 2 2 1 2 1242 1235 1229
509 2 2 1 2 317 1241 1240
510 2 2 1 2 1241 318 1242
511 2 2 1 2 1240 1242 316
512 2 2 1 2 1241 1242 1240
513 2 2 1 2 9 1243 1245
514 2 2 1 2 1243 319 1244
515 2 2 1 2 1245 1244 321
516 2 2 1 2 1243 1244 1245
517 2 2 1 2 319 1246 1248
518 2 2 1 2 1246 85 1247
519 2 2 1 2 1248 1247 320
520 2 2 1 2 1246 1247 1248
521 2 2 1 2 321 1249 1251
522 2 2 1 2 1249 320 1250
523 2 2 1 2 1251 1250 87
524 2 2 1 2 1249 1250 1251
525 2 2 1 2 319 1248 1244
526 2 2 1 2 1248 320 1249
527 2 2 1 2 1244 1249 321
528 2 2 1 2 1248 1249 1244
529 2 2 1 2 85 1252 1254
530 2 2 1 2 1252 322 1253
531 2 2 1 2 1254 1253 324
532 2 2 1 2 1252 1253 1254
533 2 2 1 2 322 1255 1257
534 2 2 1 2 1255 25 1256
535 2 2 1 2 1257 1256 323
536 2 2 1 2 1255 1256 1257
537 2 2 1 2 324 1258 1260
538 2 2 1 2 1258 323 1259
539 2 2 1 2 1260 1259 86
540 2 2 1 2 1258 1259 1260
541 2 2 1 2 322 1257 1253
542 2 2 1 2 1257 323 1258
543 2 2 1 2 1253 1258 324
544 2 2 1 2 1257 1258 1253
545 2 2 1 2 87 1261 1263
546 2 2 1 2 1261 325 1262
547 2 2 1 2 1263 1262 327
548 2 2 1 2 1261 1262 1263
549 2 2 1 2 325 1264 1266
550 2 2 1 2 1264 86 1265
551 2 2 1 2 1266 1265 326
552 2 2 1 2 1264 1265 1266
553 2 2 1 2 327 1267 1269
554 2 2 1 2 1267 326 1268
555 2 2 1 2 1269 1268 27
556 2 2 1 2 1267 1268 1269
557 2 2 1 2 325 1266 1262
558 2 2 1 2 1266 326 1267
559 2 2 1 2 1262 1267 327
560 2 2 1 2 1266 1267 1262
561 2 2 1 2 85 1254 1247
562 2 2 1 2 1254 324 1270
563 2 2 1 2 1247 1270 320
564 2 2 1 2 1254 1270 1247
565 2 2 1 2 324 1260 1271
566 2 2 1 2 1260 86 1264
567 2 2 1 2 1271 1264 325
568 2 2 1 2 1260 1264 1271
569 2 2 1 2 320 1272 1250
570 2 2 1 2 1272 325 1261
571 2 2 1 2 1250 1261 87
572 2 2 1 2 1272 1261 1250
573 2 2 1 2 324 1271 1270
574 2 2 1 2 1271 325 1272
575 2 2 1 2 1270 1272 320
576 2 2 1 2 1271 1272 1270
577 2 2 1 2 25 1273 1275
578 2 2 1 2 1273 328 1274
579 2 2 1 2 1275 1274 330
580 2 2 1 2 1273 1274 1275
581 2 2 1 2 328 1276 1278
582 2 2 1 2 1276 88 1277
583 2 2 1 2 1278 1277 329
584 2 2 1 2 1276 1277 1278
585 2 2 1 2 330 1279 1281
586 2 2 1 2 1279 329 1280
587 2 2 1 2 1281 1280 90
588 2 2 1 2 1279 1280 1281
589 2 2 1 2 328 1278 1274
590 2 2 1 2 1278 329 1279
591 2 2 1 2 1274 1279 330
592 2 2 1 2 1278 1279 1274
593 2 2 1 2 88 1282 1284
594 2 2 1 2 1282 331 1283
595 2 2 1 2 1284 1283 333
596 2 2 1 2 1282 1283 1284
597 2 2 1 2 331 1285 1287
598 2 2 1 2 1285 8 1286
599 2 2 1 2 1287 1286 332
600 2 2 1 2 1285 1286 1287
601 2 2 1 2 333 1288 1290
602 2 2 1 2 1288 332 1289
603 2 2 1 2 1290 1289 89
604 2 2 1 2 1288 1289 1290
605 2 2 1 2 331 1287 1283
606 2 2 1 2 1287 332 1288
607 2 2 1 2 1283 1288 333
608 2 2 1 2 1287 1288 1283
609 2 2 1 2 90 1291 1293
610 2 2 1 2 1291 334 1292
611 2 2 1 2 1293 1292 336
612 2 2 1 2 1291 1292 1293
613 2 2 1 2 334 1294 1296
614 2 2 1 2 1294 89 1295
615 2 2 1 2 1296 1295 335
616 2 2 1 2 1294 1295 1296
617 2 2 1 2 336 1297 1299
618 2 2 1 2 1297 335 1298
619 2 2 1 2 1299 1298 26
620 2 2 1 2 1297 1298 1299
621 2 2 1 2 334 1296 1292
622 2 2 1 2 1296 335 1297
623 2 2 1 2 1292 1297 336
624 2 2 1 2 1296 1297 1292
625 2 2 1 2 88 1284 1277
626 2 2 1 2 1284 333 1300
627 2 2 1 2 1277 1300 329
628 2 2 1 2 1284 1300 1277
629 2 2 1 2 333 1290 1301
630 2 2 1 2 1290 89 1294
631 2 2 1 2 1301 1294 334
632 2 2 1 2 1290 1294 1301
633 2 2 1 2 329 1302 1280
634 2 2 1 2 1302 334 1291
635 2 2 1 2 1280 1291 90
636 2 2 1 2 1302 1291 1280
637 2 2 1 2 333 1301 1300
638 2 2 1 2 1301 334 1302
639 2 2 1 2 1300 1302 329
640 2 2 1 2 1301 1302 1300
641 2 2 1 2 27 1303 1305
642 2 2 1 2 1303 337 1304
643 2 2 1 2 1305 1304 339
644 2 2 1 2 1303 1304 1305
645 2 2 1 2 337 1306 1308
646 2 2 1 2 1306 91 1307
647 2 2 1 2 1308 1307 338
648 2 2 1 2 1306 1307 1308
649 2 2 1 2 339 1309 1311
650 2 2 1 2 1309 338 1310
651 2 2 1 2 1311 1310 93
652 2 2 1 2 1309 1310 1311
653 2 2 1 2 337 1308 1304
654 2 2 1 2 1308 338 1309
655 2 2 1 2 1304 1309 339
656 2 2 1 2 1308 1309 1304
657 2 2 1 2 91 1312 1314
658 2 2 1 2 1312 340 1313
659 2 2 1 2 1314 1313 342
660 2 2 1 2 1312 1313 1314
661 2 2 1 2 340 1315 1317
662 2 2 1 2 1315 26 1316
663 2 2 1 2 1317 1316 341
664 2 2 1 2 1315 1316 1317
665 2 2 1 2 342 1318 1320
666 2 2 1 2 1318 341 1319
667 2 2 1 2 1320 1319 92
668 2 2 1 2 1318 1319 1320
669 2 2 1 2 340 1317 1313
670 2 2 1 2 1317 341 1318
671 2 2 1 2 1313 1318 342
672 2 2 1 2 1317 1318 1313
673 2 2 1 2 93 1321 1323
674 2 2 1 2 1321 343 1322
675 2 2 1 2 1323 1322 345
676 2 2 1 2 1321 1322 1323
677 2 2 1 2 343 1324 1326
678 2 2 1 2 1324 92 1325
679 2 2 1 2 1326 1325 344
680 2 2 1 2 1324 1325 1326
681 2 2 1 2 345 1327 1329
682 2 2 1 2 1327 344 1328
683 2 2 1 2 1329 1328 3
684 2 2 1 2 1327 1328 1329
685 2 2 1 2 343 1326 1322
686 2 2 1 2 1326 344 1327
687 2 2 1 2 1322 1327 345
688 2 2 1 2 1326 1327 1322
689 2 2 1 2 91 1314 1307
690 2 2 1 2 1314 342 1330
691 2 2 1 2 1307 1330 338
692 2 2 1 2 1314 1330 1307
693 2 2 1 2 342 1320 1331
694 2 2 1 2 1320 92 1324
695 2 2 1 2 1331 1324 343
696 2 2 1 2 1320 1324 1331
697 2 2 1 2 338 1332 1310
698 2 2 1 2 1332 343 1321
699 2 2 1 2 1310 1321 93
700 2 2 1 2 1332 1321 1310
701 2 2 1 2 342 1331 1330
702 2 2 1 2 1331 343 1332
703 2 2 1 2 1330 1332 338
704 2 2 1 2 1331 1332 1330
705 2 2 1 2 25 1275 1256
706 2 2 1 2 1275 330 1333
707 2 2 1 2 1256 1333 323
708 2 2 1 2 1275 1333 1256
709 2 2 1 2 330 1281 1335
710 2 2 1 2 1281 90 1334
711 2 2 1 2 1335 1334 346
712 2 2 1 2 1281 1334 1335
713 2 2 1 2 323 1336 1259
714 2 2 1 2 1336 346 1337
715 2 2 1 2 1259 1337 86
716 2 2 1 2 1336 1337 1259
717 2 2 1 2 330 1335 1333
718 2 2 1 2 1335 346 1336
719 2 2 1 2 1333 1336 323
720 2 2 1 2 1335 1336 1333
721 2 2 1 2 90 1293 1339
722 2 2 1 2 1293 336 1338
723 2 2 1 2 1339 1338 347
724 2 2 1 2 1293 1338 1339
725 2 2 1 2 336 1299 1340
726 2 2 1 2 1299 26 1315
727 2 2 1 2 1340 1315 340
728 2 2 1 2 1299 1315 1340
729 2 2 1 2 347 1341 1342
730 2 2 1 2 1341 340 1312
731 2 2 1 2 1342 1312 91
732 2 2 1 2 1341 1312 1342
733 2 2 1 2 336 1340 1338
734 2 2 1 2 1340 340 1341
735 2 2 1 2 1338 1341 347
736 2 2 1 2 1340 1341 1338
737 2 2 1 2 86 1343 1265
738 2 2 1 2 1343 348 1344
739 2 2 1 2 1265 1344 326
740 2 2 1 2 1343 1344 1265
741 2 2 1 2 348 1345 1346
742 2 2 1 2 1345 91 1306
743 2 2 1 2 1346 1306 337
744 2 2 1 2 1345 1306 1346
745 2 2 1 2 326 1347 1268
746 2 2 1 2 1347 337 1303
747 2 2 1 2 1268 1303 27
748 2 2 1 2 1347 1303 1268
749 2 2 1 2 348 1346 1344
750 2 2 1 2 1346 337 1347
751 2 2 1 2 1344 1347 326
752 2 2 1 2 1346 1347 1344
753 2 2 1 2 90 1339 1334
754 2 2 1 2 1339 347 1348
755 2 2 1 2 1334 1348 346
756 2 2 1 2 1339 1348 1334
757 2 2 1 2 347 1342 1349
758 2 2 1 2 1342 91 1345
759 2 2 1 2 1349 1345 348
760 2 2 1 2 1342 1345 1349
761 2 2 1 2 346 1350 1337
762 2 2 1 2 1350 348 1343
763 2 2 1 2 1337 1343 86
764 2 2 1 2 1350 1343 1337
765 2 2 1 2 347 1349 1348
766 2 2 1 2 1349 348 1350
767 2 2 1 2 1348 1350 346
768 2 2 1 2 1349 1350 1348
769 2 2 1 2 7 1137 1070
770 2 2 1 2 1137 291 1351
771 2 2 1 2 1070 1351 272
772 2 2 1 2 1137 1351 1070
773 2 2 1 2 291 1143 1353
774 2 2 1 2 1143 78 1352
775 2 2 1 2 1353 1352 349
776 2 2 1 2 1143 1352 1353
777 2 2 1 2 272 1354 1073
778 2 2 1 2 1354 349 1355
779 2 2 1 2 1073 1355 71
780 2 2 1 2 1354 1355 1073
781 2 2 1 2 291 1353 1351
782 2 2 1 2 1353 349 1354
783 2 2 1 2 1351 1354 272
784 2 2 1 2 1353 1354 1351
785 2 2 1 2 78 1155 1357
786 2 2 1 2 1155 297 1356
787 2 2 1 2 1357 1356 351
788 2 2 1 2 1155 1356 1357
789 2 2 1 2 297 1161 1359
790 2 2 1 2 1161 24 1358
791 2 2 1 2 1359 1358 350
792 2 2 1 2 1161 1358 1359
793 2 2 1 2 351 1360 1362
794 2 2 1 2 1360 350 1361
795 2 2 1 2 1362 1361 94
796 2 2 1 2 1360 1361 1362
797 2 2 1 2 297 1359 1356
798 2 2 1 2 1359 350 1360
799 2 2 1 2 1356 1360 351
800 2 2 1 2 1359 1360 1356
801 2 2 1 2 71 1363 1079
802 2 2 1 2 1363 352 1364
803 2 2 1 2 1079 1364 275
804 2 2 1 2 1363 1364 1079
805 2 2 1 2 352 1365 1367
806 2 2 1 2 1365 94 1366
807 2 2 1 2 1367 1366 353
808 2 2 1 2 1365 1366 1367
809 2 2 1 2 275 1368 1082
810 2 2 1 2 1368 353 1369
811 2 2 1 2 1082 1369 20
812 2 2 1 2 1368 1369 1082
813 2 2 1 2 352 1367 1364
814 2 2 1 2 1367 353 1368
815 2 2 1 2 1364 1368 275
816 2 2 1 2 1367 1368 1364
817 2 2 1 2 78 1357 1352
818 2 2 1 2 1357 351 1370
819 2 2 1 2 1352 1370 349
820 2 2 1 2 1357 1370 1352
821 2 2 1 2 351 1362 1371
822 2 2 1 2 1362 94 1365
823 2 2 1 2 1371 1365 352
824 2 2 1 2 1362 1365 1371
825 2 2 1 2 349 1372 1355
826 2 2 1 2 1372 352 1363
827 2 2 1 2 1355 1363 71
828 2 2 1 2 1372 1363 1355
829 2 2 1 2 351 1371 1370
830 2 2 1 2 1371 352 1372
831 2 2 1 2 1370 1372 349
832 2 2 1 2 1371 1372 1370
833 2 2 1 2 24 1197 1374
834 2 2 1 2 1197 309 1373
835 2 2 1 2 1374 1373 355
836 2 2 1 2 1197 1373 1374
837 2 2 1 2 309 1203 1376
838 2 2 1 2 1203 84 1375
839 2 2 1 2 1376 1375 354
840 2 2 1 2 1203 1375 1376
841 2 2 1 2 355 1377 1379
842 2 2 1 2 1377 354 1378
843 2 2 1 2 1379 1378 95
844 2 2 1 2 1377 1378 1379
845 2 2 1 2 309 1376 1373
846 2 2 1 2 1376 354 1377
847 2 2 1 2 1373 1377 355
848 2 2 1 2 1376 1377 1373
849 2 2 1 2 84 1215 1381
850 2 2 1 2 1215 315 1380
851 2 2 1 2 1381 1380 356
852 2 2 1 2 1215 1380 1381
853 2 2 1 2 315 1221 1382
854 2 2 1 2 1221 8 1285
855 2 2 1 2 1382 1285 331
856 2 2 1 2 1221 1285 1382
857 2 2 1 2 356 1383 1384
858 2 2 1 2 1383 331 1282
859 2 2 1 2 1384 1282 88
860 2 2 1 2 1383 1282 1384
861 2 2 1 2 315 1382 1380
862 2 2 1 2 1382 331 1383
863 2 2 1 2 1380 1383 356
864 2 2 1 2 1382 1383 1380
865 2 2 1 2 95 1385 1387
866 2 2 1 2 1385 357 1386
867 2 2 1 2 1387 1386 358
868 2 2 1 2 1385 1386 1387
869 2 2 1 2 357 1388 1389
870 2 2 1 2 1388 88 1276
871 2 2 1 2 1389 1276 328
872 2 2 1 2 1388 1276 1389
873 2 2 1 2 358 1390 1391
874 2 2 1 2 1390 328 1273
875 2 2 1 2 1391 1273 25
876 2 2 1 2 1390 1273 1391
877 2 2 1 2 357 1389 1386
878 2 2 1 2 1389 328 1390
879 2 2 1 2 1386 1390 358
880 2 2 1 2 1389 1390 1386
881 2 2 1 2 84 1381 1375
882 2 2 1 2 1381 356 1392
883 2 2 1 2 1375 1392 354
884 2 2 1 2 1381 1392 1375
885 2 2 1 2 356 1384 1393
886 2 2 1 2 1384 88 1388
887 2 2 1 2 1393 1388 357
888 2 2 1 2 1384 1388 1393
889 2 2 1 2 354 1394 1378
890 2 2 1 2 1394 357 1385
891 2 2 1 2 1378 1385 95
892 2 2 1 2 1394 1385 1378
893 2 2 1 2 356 1393 1392
894 2 2 1 2 1393 357 1394
895 2 2 1 2 1392 1394 354
896 2 2 1 2 1393 1394 1392
897 2 2 1 2 20 1395 1100
898 2 2 1 2 1395 359 1396
899 2 2 1 2 1100 1396 281
900 2 2 1 2 1395 1396 1100
901 2 2 1 2 359 1397 1399
902 2 2 1 2 1397 96 1398
903 2 2 1 2 1399 1398 360
904 2 2 1 2 1397 1398 1399
905 2 2 1 2 281 1400 1103
906 2 2 1 2 1400 360 1401
907 2 2 1 2 1103 1401 74
908 2 2 1 2 1400 1401 1103
909 2 2 1 2 359 1399 1396
910 2 2 1 2 1399 360 1400
911 2 2 1 2 1396 1400 281
912 2 2 1 2 1399 1400 1396
913 2 2 1 2 96 1402 1404
914 2 2 1 2 1402 361 1403
915 2 2 1 2 1404 1403 362
916 2 2 1 2 1402 1403 1404
917 2 2 1 2 361 1405 1406
918 2 2 1 2 1405 25 1255
919 2 2 1 2 1406 1255 322
920 2 2 1 2 1405 1255 1406
921 2 2 1 2 362 1407 1408
922 2 2 1 2 1407 322 1252
923 2 2 1 2 1408 1252 85
924 2 2 1 2 1407 1252 1408
925 2 2 1 2 361 1406 1403
926 2 2 1 2 1406 322 1407
927 2 2 1 2 1403 1407 362
928 2 2 1 2 1406 1407 1403
929 2 2 1 2 74 1409 1109
930 2 2 1 2 1409 363 1410
931 2 2 1 2 1109 1410 284
932 2 2 1 2 1409 1410 1109
933 2 2 1 2 363 1411 1412
934 2 2 1 2 1411 85 1246
935 2 2 1 2 1412 1246 319
936 2 2 1 2 1411 1246 1412
937 2 2 1 2 284 1413 1112
938 2 2 1 2 1413 319 1243
939 2 2 1 2 1112 1243 9
940 2 2 1 2 1413 1243 1112
941 2 2 1 2 363 1412 1410
942 2 2 1 2 1412 319 1413
943 2 2 1 2 1410 1413 284
944 2 2 1 2 1412 1413 1410
945 2 2 1 2 96 1404 1398
946 2 2 1 2 1404 362 1414
947 2 2 1 2 1398 1414 360
948 2 2 1 2 1404 1414 1398
949 2 2 1 2 362 1408 1415
950 2 2 1 2 1408 85 1411
951 2 2 1 2 1415 1411 363
952 2 2 1 2 1408 1411 1415
953 2 2 1 2 360 1416 1401
954 2 2 1 2 1416 363 1409
955 2 2 1 2 1401 1409 74
956 2 2 1 2 1416 1409 1401
957 2 2 1 2 362 1415 1414
958 2 2 1 2 1415 363 1416
959 2 2 1 2 1414 1416 360
960 2 2 1 2 1415 1416 1414
961 2 2 1 2 24 1374 1358
962 2 2 1 2 1374 355 1417
963 2 2 1 2 1358 1417 350
964 2 2 1 2 1374 1417 1358
965 2 2 1 2 355 1379 1419
966 2 2 1 2 1379 95 1418
967 2 2 1 2 1419 1418 364
968 2 2 1 2 1379 1418 1419
969 2 2 1 2 350 1420 1361
970 2 2 1 2 1420 364 1421
971 2 2 1 2 1361 1421 94
972 2 2 1 2 1420 1421 1361
973 2 2 1 2 355 1419 1417
974 2 2 1 2 1419 364 1420
975 2 2 1 2 1417 1420 350
976 2 2 1 2 1419 1420 1417
977 2 2 1 2 95 1387 1423
978 2 2 1 2 1387 358 1422
979 2 2 1 2 1423 1422 365
980 2 2 1 2 1387 1422 1423
981 2 2 1 2 358 1391 1424
982 2 2 1 2 1391 25 1405
983 2 2 1 2 1424 1405 361
984 2 2 1 2 1391 1405 1424
985 2 2 1 2 365 1425 1426
986 2 2 1 2 1425 361 1402
987 2 2 1 2 1426 1402 96
988 2 2 1 2 1425 1402 1426
989 2 2 1 2 358 1424 1422
990 2 2 1 2 1424 361 1425
991 2 2 1 2 1422 1425 365
992 2 2 1 2 1424 1425 1422
993 2 2 1 2 94 1427 1366
994 2 2 1 2 1427 366 1428
995 2 2 1 2 1366 1428 353
996 2 2 1 2 1427 1428 1366
997 2 2 1 2 366 1429 1430
998 2 2 1 2 1429 96 1397
999 2 2 1 2 1430 1397 359
1000 2 2 1 2 1429 1397 1430
1001 2 2 1 2 353 1431 1369
1002 2 2 1 2 1431 359 1395
1003 2 2 1 2 1369 1395 20
1004 2 2 1 2 1431 1395 1369
1005 2 2 1 2 366 1430 1428
1006 2 2 1 2 1430 359 1431
1007 2 2 1 2 1428 1431 353
1008 2 2 1 2 1430 1431 1428
1009 2 2 1 2 95 1423 1418
1010 2 2 1 2 1423 365 1432
1011 2 2 1 2 1418 1432 364
1012 2 2 1 2 1423 1432 1418
1013 2 2 1 2 365 1426 1433
1014 2 2 1 2 1426 96 1429
1015 2 2 1 2 1433 1429 366
1016 2 2 1 2 1426 1429 1433
1017 2 2 1 2 364 1434 1421
1018 2 2 1 2 1434 366 1427
1019 2 2 1 2 1421 1427 94
1020 2 2 1 2 1434 1427 1421
1021 2 2 1 2 365 1433 1432
1022 2 2 1 2 1433 366 1434
1023 2 2 1 2 1432 1434 364
1024 2 2 1 2 1433 1434 1432
1025 2 2 1 2 2 1435 1178
1026 2 2 1 2 1435 367 1436
1027 2 2 1 2 1178 1436 302
1028 2 2 1 2 1435 1436 1178
1029 2 2 1 2 367 1437 1439
1030 2 2 1 2 1437 97 1438
1031 2 2 1 2 1439 1438 368
1032 2 2 1 2 1437 1438 1439
1033 2 2 1 2 302 1440 1181
1034 2 2 1 2 1440 368 1441
1035 2 2 1 2 1181 1441 80
1036 2 2 1 2 1440 1441 1181
1037 2 2 1 2 367 1439 1436
1038 2 2 1 2 1439 368 1440
1039 2 2 1 2 1436 1440 302
1040 2 2 1 2 1439 1440 1436
1041 2 2 1 2 97 1442 1444
1042 2 2 1 2 1442 369 1443
1043 2 2 1 2 1444 1443 371
1044 2 2 1 2 1442 1443 1444
1045 2 2 1 2 369 1445 1447
1046 2 2 1 2 1445 28 1446
1047 2 2 1 2 1447 1446 370
1048 2 2 1 2 1445 1446 1447
1049 2 2 1 2 371 1448 1450
1050 2 2 1 2 1448 370 1449
1051 2 2 1 2 1450 1449 98
1052 2 2 1 2 1448 1449 1450
1053 2 2 1 2 369 1447 1443
1054 2 2 1 2 1447 370 1448
1055 2 2 1 2 1443 1448 371
1056 2 2 1 2 1447 1448 1443
1057 2 2 1 2 80 1451 1187
1058 2 2 1 2 1451 372 1452
1059 2 2 1 2 1187 1452 305
1060 2 2 1 2 1451 1452 1187
1061 2 2 1 2 372 1453 1455
1062 2 2 1 2 1453 98 1454
1063 2 2 1 2 1455 1454 373
1064 2 2 1 2 1453 1454 1455
1065 2 2 1 2 305 1456 1190
1066 2 2 1 2 1456 373 1457
1067 2 2 1 2 1190 1457 23
1068 2 2 1 2 1456 1457 1190
1069 2 2 1 2 372 1455 1452
1070 2 2 1 2 1455 373 1456
1071 2 2 1 2 1452 1456 305
1072 2 2 1 2 1455 1456 1452
1073 2 2 1 2 97 1444 1438
1074 2 2 1 2 1444 371 1458
1075 2 2 1 2 1438 1458 368
1076 2 2 1 2 1444 1458 1438
1077 2 2 1 2 371 1450 1459
1078 2 2 1 2 1450 98 1453
1079 2 2 1 2 1459 1453 372
1080 2 2 1 2 1450 1453 1459
1081 2 2 1 2 368 1460 1441
1082 2 2 1 2 1460 372 1451
1083 2 2 1 2 1441 1451 80
1084 2 2 1 2 1460 1451 1441
1085 2 2 1 2 371 1459 1458
1086 2 2 1 2 1459 372 1460
1087 2 2 1 2 1458 1460 368
1088 2 2 1 2 1459 1460 1458
1089 2 2 1 2 28 1461 1463
1090 2 2 1 2 1461 374 1462
1091 2 2 1 2 1463 1462 376
1092 2 2 1 2 1461 1462 1463
1093 2 2 1 2 374 1464 1466
1094 2 2 1 2 1464 99 1465
1095 2 2 1 2 1466 1465 375
1096 2 2 1 2 1464 1465 1466
1097 2 2 1 2 376 1467 1469
1098 2 2 1 2 1467 375 1468
1099 2 2 1 2 1469 1468 101
1100 2 2 1 2 1467 1468 1469
1101 2 2 1 2 374 1466 1462
1102 2 2 1 2 1466 375 1467
1103 2 2 1 2 1462 1467 376
1104 2 2 1 2 1466 1467 1462
1105 2 2 1 2 99 1470 1472
1106 2 2 1 2 1470 377 1471
1107 2 2 1 2 1472 1471 379
1108 2 2 1 2 1470 1471 1472
1109 2 2 1 2 377 1473 1475
1110 2 2 1 2 1473 10 1474
1111 2 2 1 2 1475 1474 378
1112 2 2 1 2 1473 1474 1475
1113 2 2 1 2 379 1476 1478
1114 2 2 1 2 1476 378 1477
1115 2 2 1 2 1478 1477 100
1116 2 2 1 2 1476 1477 1478
1117 2 2 1 2 377 1475 1471
1118 2 2 1 2 1475 378 1476
1119 2 2 1 2 1471 1476 379
1120 2 2 1 2 1475 1476 1471
1121 2 2 1 2 101 1479 1481
1122 2 2 1 2 1479 380 1480
1123 2 2 1 2 1481 1480 382
1124 2 2 1 2 1479 1480 1481
1125 2 2 1 2 380 1482 1484
1126 2 2 1 2 1482 100 1483
1127 2 2 1 2 1484 1483 381
1128 2 2 1 2 1482 1483 1484
1129 2 2 1 2 382 1485 1487
1130 2 2 1 2 1485 381 1486
1131 2 2 1 2 1487 1486 29
1132 2 2 1 2 1485 1486 1487
1133 2 2 1 2 380 1484 1480
1134 2 2 1 2 1484 381 1485
1135 2 2 1 2 1480 1485 382
1136 2 2 1 2 1484 1485 1480
1137 2 2 1 2 99 1472 1465
1138 2 2 1 2 1472 379 1488
1139 2 2 1 2 1465 1488 375
1140 2 2 1 2 1472 1488 1465
1141 2 2 1 2 379 1478 1489
1142 2 2 1 2 1478 100 1482
1143 2 2 1 2 1489 1482 380
1144 2 2 1 2 1478 1482 1489
1145 2 2 1 2 375 1490 1468
1146 2 2 1 2 1490 380 1479
1147 2 2 1 2 1468 1479 101
1148 2 2 1 2 1490 1479 1468
1149 2 2 1 2 379 1489 1488
1150 2 2 1 2 1489 380 1490
1151 2 2 1 2 1488 1490 375
1152 2 2 1 2 1489 1490 1488
1153 2 2 1 2 23 1491 1208
1154 2 2 1 2 1491 383 1492
1155 2 2 1 2 1208 1492 311
1156 2 2 1 2 1491 1492 1208
1157 2 2 1 2 383 1493 1495
1158 2 2 1 2 1493 102 1494
1159 2 2 1 2 1495 1494 384
1160 2 2 1 2 1493 1494 1495
1161 2 2 1 2 311 1496 1211
1162 2 2 1 2 1496 384 1497
1163 2 2 1 2 1211 1497 83
1164 2 2 1 2 1496 1497 1211
1165 2 2 1 2 383 1495 1492
1166 2 2 1 2 1495 384 1496
1167 2 2 1 2 1492 1496 311
1168 2 2 1 2 1495 1496 1492
1169 2 2 1 2 102 1498 1500
1170 2 2 1 2 1498 385 1499
1171 2 2 1 2 1500 1499 387
1172 2 2 1 2 1498 1499 1500
1173 2 2 1 2 385 1501 1503
1174 2 2 1 2 1501 29 1502
1175 2 2 1 2 1503 1502 386
1176 2 2 1 2 1501 1502 1503
1177 2 2 1 2 387 1504 1506
1178 2 2 1 2 1504 386 1505
1179 2 2 1 2 1506 1505 103
1180 2 2 1 2 1504 1505 1506
1181 2 2 1 2 385 1503 1499
1182 2 2 1 2 1503 386 1504
1183 2 2 1 2 1499 1504 387
1184 2 2 1 2 1503 1504 1499
1185 2 2 1 2 83 1507 1217
1186 2 2 1 2 1507 388 1508
1187 2 2 1 2 1217 1508 314
1188 2 2 1 2 1507 1508 1217
1189 2 2 1 2 388 1509 1511
1190 2 2 1 2 1509 103 1510
1191 2 2 1 2 1511 1510 389
1192 2 2 1 2 1509 1510 1511
1193 2 2 1 2 314 1512 1220
1194 2 2 1 2 1512 389 1513
1195 2 2 1 2 1220 1513 8
1196 2 2 1 2 1512 1513 1220
1197 2 2 1 2 388 1511 1508
1198 2 2 1 2 1511 389 1512
1199 2 2 1 2 1508 1512 314
1200 2 2 1 2 1511 1512 1508
1201 2 2 1 2 102 1500 1494
1202 2 2 1 2 1500 387 1514
1203 2 2 1 2 1494 1514 384
1204 2 2 1 2 1500 1514 1494
1205 2 2 1 2 387 1506 1515
1206 2 2 1 2 1506 103 1509
1207 2 2 1 2 1515 1509 388
1208 2 2 1 2 1506 1509 1515
1209 2 2 1 2 384 1516 1497
1210 2 2 1 2 1516 388 1507
1211 2 2 1 2 1497 1507 83
1212 2 2 1 2 1516 1507 1497
1213 2 2 1 2 387 1515 1514
1214 2 2 1 2 1515 388 1516
1215 2 2 1 2 1514 1516 384
1216 2 2 1 2 1515 1516 1514
1217 2 2 1 2 28 1463 1446
1218 2 2 1 2 1463 376 1517
1219 2 2 1 2 1446 1517 370
1220 2 2 1 2 1463 1517 1446
1221 2 2 1 2 376 1469 1519
1222 2 2 1 2 1469 101 1518
1223 2 2 1 2 1519 1518 390
1224 2 2 1 2 1469 1518 1519
1225 2 2 1 2 370 1520 1449
1226 2 2 1 2 1520 390 1521
1227 2 2 1 2 1449 1521 98
1228 2 2 1 2 1520 1521 1449
1229 2 2 1 2 376 1519 1517
1230 2 2 1 2 1519 390 1520
1231 2 2 1 2 1517 1520 370
1232 2 2 1 2 1519 1520 1517
1233 2 2 1 2 101 1481 1523
1234 2 2 1 2 1481 382 1522
1235 2 2 1 2 1523 1522 391
1236 2 2 1 2 1481 1522 1523
1237 2 2 1 2 382 1487 1524
1238 2 2 1 2 1487 29 1501
1239 2 2 1 2 1524 1501 385
1240 2 2 1 2 1487 1501 1524
1241 2 2 1 2 391 1525 1526
1242 2 2 1 2 1525 385 1498
1243 2 2 1 2 1526 1498 102
1244 2 2 1 2 1525 1498 1526
1245 2 2 1 2 382 1524 1522
1246 2 2 1 2 1524 385 1525
1247 2 2 1 2 1522 1525 391
1248 2 2 1 2 1524 1525 1522
1249 2 2 1 2 98 1527 1454
1250 2 2 1 2 1527 392 1528
1251 2 2 1 2 1454 1528 373
1252 2 2 1 2 1527 1528 1454
1253 2 2 1 2 392 1529 1530
1254 2 2 1 2 1529 102 1493
1255 2 2 1 2 1530 1493 383
1256 2 2 1 2 1529 1493 1530
1257 2 2 1 2 373 1531 1457
1258 2 2 1 2 1531 383 1491
1259 2 2 1 2 1457 1491 23
1260 2 2 1 2 1531 1491 1457
1261 2 2 1 2 392 1530 1528
1262 2 2 1 2 1530 383 1531
1263 2 2 1 2 1528 1531 373
1264 2 2 1 2 1530 1531 1528
1265 2 2 1 2 101 1523 1518
1266 2 2 1 2 1523 391 1532
1267 2 2 1 2 1518 1532 390
1268 2 2 1 2 1523 1532 1518
1269 2 2 1 2 391 1526 1533
1270 2 2 1 2 1526 102 1529
1271 2 2 1 2 1533 1529 392
1272 2 2 1 2 1526 1529 1533
1273 2 2 1 2 390 1534 1521
1274 2 2 1 2 1534 392 1527
1275 2 2 1 2 1521 1527 98
1276 2 2 1 2 1534 1527 1521
1277 2 2 1 2 391 1533 1532
1278 2 2 1 2 1533 392 1534
1279 2 2 1 2 1532 1534 390
1280 2 2 1 2 1533 1534 1532
1281 2 2 1 2 10 1535 1537
1282 2 2 1 2 1535 393 1536
1283 2 2 1 2 1537 1536 395
1284 2 2 1 2 1535 1536 1537
1285 2 2 1 2 393 1538 1540
1286 2 2 1 2 1538 104 1539
1287 2 2 1 2 1540 1539 394
1288 2 2 1 2 1538 1539 1540
1289 2 2 1 2 395 1541 1543
1290 2 2 1 2 1541 394 1542
1291 2 2 1 2 1543 1542 106
1292 2 2 1 2 1541 1542 1543
1293 2 2 1 2 393 1540 1536
1294 2 2 1 2 1540 394 1541
1295 2 2 1 2 1536 1541 395
1296 2 2 1 2 1540 1541 1536
1297 2 2 1 2 104 1544 1546
1298 2 2 1 2 1544 396 1545
1299 2 2 1 2 1546 1545 398
1300 2 2 1 2 1544 1545 1546
1301 2 2 1 2 396 1547 1549
1302 2 2 1 2 1547 30 1548
1303 2 2 1 2 1549 1548 397
1304 2 2 1 2 1547 1548 1549
1305 2 2 1 2 398 1550 1552
1306 2 2 1 2 1550 397 1551
1307 2 2 1 2 1552 1551 105
1308 2 2 1 2 1550 1551 1552
1309 2 2 1 2 396 1549 1545
1310 2 2 1 2 1549 397 1550
1311 2 2 1 2 1545 1550 398
1312 2 2 1 2 1549 1550 1545
1313 2 2 1 2 106 1553 1555
1314 2 2 1 2 1553 399 1554
1315 2 2 1 2 1555 1554 401
1316 2 2 1 2 1553 1554 1555
1317 2 2 1 2 399 1556 1558
1318 2 2 1 2 1556 105 1557
1319 2 2 1 2 1558 1557 400
1320 2 2 1 2 1556 1557 1558
1321 2 2 1 2 401 1559 1561
1322 2 2 1 2 1559 400 1560
1323 2 2 1 2 1561 1560 32
1324 2 2 1 2 1559 1560 1561
1325 2 2 1 2 399 1558 1554
1326 2 2 1 2 1558 400 1559
1327 2 2 1 2 1554 1559 401
1328 2 2 1 2 1558 1559 1554
1329 2 2 1 2 104 1546 1539
1330 2 2 1 2 1546 398 1562
1331 2 2 1 2 1539 1562 394
1332 2 2 1 2 1546 1562 1539
1333 2 2 1 2 398 1552 1563
1334 2 2 1 2 1552 105 1556
1335 2 2 1 2 1563 1556 399
1336 2 2 1 2 1552 1556 1563
1337 2 2 1 2 394 1564 1542
1338 2 2 1 2 1564 399 1553
1339 2 2 1 2 1542 1553 106
1340 2 2 1 2 1564 1553 1542
1341 2 2 1 2 398 1563 1562
1342 2 2 1 2 1563 399 1564
1343 2 2 1 2 1562 1564 394
1344 2 2 1 2 1563 1564 1562
1345 2 2 1 2 30 1565 1567
1346 2 2 1 2 1565 402 1566
1347 2 2 1 2 1567 1566 404
1348 2 2 1 2 1565 1566 1567
1349 2 2 1 2 402 1568 1570
1350 2 2 1 2 1568 107 1569
1351 2 2 1 2 1570 1569 403
1352 2 2 1 2 1568 1569 1570
1353 2 2 1 2 404 1571 1573
1354 2 2 1 2 1571 403 1572
1355 2 2 1 2 1573 1572 109
1356 2 2 1 2 1571 1572 1573
1357 2 2 1 2 402 1570 1566
1358 2 2 1 2 1570 403 1571
1359 2 2 1 2 1566 1571 404
1360 2 2 1 2 1570 1571 1566
1361 2 2 1 2 107 1574 1576
1362 2 2 1 2 1574 405 1575
1363 2 2 1 2 1576 1575 407
1364 2 2 1 2 1574 1575 1576
1365 2 2 1 2 405 1577 1579
1366 2 2 1 2 1577 4 1578
1367 2 2 1 2 1579 1578 406
1368 2 2 1 2 1577 1578 1579
1369 2 2 1 2 407 1580 1582
1370 2 2 1 2 1580 406 1581
1371 2 2 1 2 1582 1581 108
1372 2 2 1 2 1580 1581 1582
1373 2 2 1 2 405 1579 1575
1374 2 2 1 2 1579 406 1580
1375 2 2 1 2 1575 1580 407
1376 2 2 1 2 1579 1580 1575
1377 2 2 1 2 109 1583 1585
1378 2 2 1 2 1583 408 1584
1379 2 2 1 2 1585 1584 410
1380 2 2 1 2 1583 1584 1585
1381 2 2 1 2 408 1586 1588
1382 2 2 1 2 1586 108 1587
1383 2 2 1 2 1588 1587 409
1384 2 2 1 2 1586 1587 1588
1385 2 2 1 2 410 1589 1591
1386 2 2 1 2 1589 409 1590
1387 2 2 1 2 1591 1590 31
1388 2 2 1 2 1589 1590 1591
1389 2 2 1 2 408 1588 1584
1390 2 2 1 2 1588 409 1589
1391 2 2 1 2 1584 1589 410
1392 2 2 1 2 1588 1589 1584
1393 2 2 1 2 107 1576 1569
1394 2 2 1 2 1576 407 1592
1395 2 2 1 2 1569 1592 403
1396 2 2 1 2 1576 1592 1569
1397 2 2 1 2 407 1582 1593
1398 2 2 1 2 1582 108 1586
1399 2 2 1 2 1593 1586 408
1400 2 2 1 2 1582 1586 1593
1401 2 2 1 2 403 1594 1572
1402 2 2 1 2 1594 408 1583
1403 2 2 1 2 1572 1583 109
1404 2 2 1 2 1594 1583 1572
1405 2 2 1 2 407 1593 1592
1406 2 2 1 2 1593 408 1594
1407 2 2 1 2 1592 1594 403
1408 2 2 1 2 1593 1594 1592
1409 2 2 1 2 32 1595 1597
1410 2 2 1 2 1595 411 1596
1411 2 2 1 2 1597 1596 413
1412 2 2 1 2 1595 1596 1597
1413 2 2 1 2 411 1598 1600
1414 2 2 1 2 1598 110 1599
1415 2 2 1 2 1600 1599 412
1416 2 2 1 2 1598 1599 1600
1417 2 2 1 2 413 1601 1603
1418 2 2 1 2 1601 412 1602
1419 2 2 1 2 1603 1602 112
1420 2 2 1 2 1601 1602 1603
1421 2 2 1 2 411 1600 1596
1422 2 2 1 2 1600 412 1601
1423 2 2 1 2 1596 1601 413
1424 2 2 1 2 1600 1601 1596
1425 2 2 1 2 110 1604 1606
1426 2 2 1 2 1604 414 1605
1427 2 2 1 2 1606 1605 416
1428 2 2 1 2 1604 1605 1606
1429 2 2 1 2 414 1607 1609
1430 2 2 1 2 1607 31 1608
1431 2 2 1 2 1609 1608 415
1432 2 2 1 2 1607 1608 1609
1433 2 2 1 2 416 1610 1612
1434 2 2 1 2 1610 415 1611
1435 2 2 1 2 1612 1611 111
1436 2 2 1 2 1610 1611 1612
1437 2 2 1 2 414 1609 1605
1438 2 2 1 2 1609 415 1610
1439 2 2 1 2 1605 1610 416
1440 2 2 1 2 1609 1610 1605
1441 2 2 1 2 112 1613 1615
1442 2 2 1 2 1613 417 1614
1443 2 2 1 2 1615 1614 419
1444 2 2 1 2 1613 1614 1615
1445 2 2 1 2 417 1616 1618
1446 2 2 1 2 1616 111 1617
1447 2 2 1 2 1618 1617 418
1448 2 2 1 2 1616 1617 1618
1449 2 2 1 2 419 1619 1621
1450 2 2 1 2 1619 418 1620
1451 2 2 1 2 1621 1620 11
1452 2 2 1 2 1619 1620 1621
1453 2 2 1 2 417 1618 1614
1454 2 2 1 2 1618 418 1619
1455 2 2 1 2 1614 1619 419
1456 2 2 1 2 1618 1619 1614
1457 2 2 1 2 110 1606 1599
1458 2 2 1 2 1606 416 1622
1459 2 2 1 2 1599 1622 412
1460 2 2 1 2 1606 1622 1599
1461 2 2 1 2 416 1612 1623
1462 2 2 1 2 1612 111 1616
1463 2 2 1 2 1623 1616 417
1464 2 2 1 2 1612 1616 1623
1465 2 2 1 2 412 1624 1602
1466 2 2 1 2 1624 417 1613
1467 2 2 1 2 1602 1613 112
1468 2 2 1 2 1624 1613 1602
1469 2 2 1 2 416 1623 1622
1470 2 2 1 2 1623 417 1624
1471 2 2 1 2 1622 1624 412
1472 2 2 1 2 1623 1624 1622
1473 2 2 1 2 30 1567 1548
1474 2 2 1 2 1567 404 1625
1475 2 2 1 2 1548 1625 397
1476 2 2 1 2 1567 1625 1548
1477 2 2 1 2 404 1573 1627
1478 2 2 1 2 1573 109 1626
1479 2 2 1 2 1627 1626 420
1480 2 2 1 2 1573 1626 1627
1481 2 2 1 2 397 1628 1551
1482 2 2 1 2 1628 420 1629
1483 2 2 1 2 1551 1629 105
1484 2 2 1 2 1628 1629 1551
1485 2 2 1 2 404 1627 1625
1486 2 2 1 2 1627 420 1628
1487 2 2 1 2 1625 1628 397
1488 2 2 1 2 1627 1628 1625
1489 2 2 1 2 109 1585 1631
1490 2 2 1 2 1585 410 1630
1491 2 2 1 2 1631 1630 421
1492 2 2 1 2 1585 1630 1631
1493 2 2 1 2 410 1591 1632
1494 2 2 1 2 1591 31 1607
1495 2 2 1 2 1632 1607 414
1496 2 2 1 2 1591 1607 1632
1497 2 2 1 2 421 1633 1634
1498 2 2 1 2 1633 414 1604
1499 2 2 1 2 1634 1604 110
1500 2 2 1 2 1633 1604 1634
1501 2 2 1 2 410 1632 1630
1502 2 2 1 2 1632 414 1633
1503 2 2 1 2 1630 1633 421
1504 2 2 1 2 1632 1633 1630
1505 2 2 1 2 105 1635 1557
1506 2 2 1 2 1635 422 1636
1507 2 2 1 2 1557 1636 400
1508 2 2 1 2 1635 1636 1557
1509 2 2 1 2 422 1637 1638
1510 2 2 1 2 1637 110 1598
1511 2 2 1 2 1638 1598 411
1512 2 2 1 2 1637 1598 1638
1513 2 2 1 2 400 1639 1560
1514 2 2 1 2 1639 411 1595
1515 2 2 1 2 1560 1595 32
1516 2 2 1 2 1639 1595 1560
1517 2 2 1 2 422 1638 1636
1518 2 2 1 2 1638 411 1639
1519 2 2 1 2 1636 1639 400
1520 2 2 1 2 1638 1639 1636
1521 2 2 1 2 109 1631 1626
1522 2 2 1 2 1631 421 1640
1523 2 2 1 2 1626 1640 420
1524 2 2 1 2 1631 1640 1626
1525 2 2 1 2 421 1634 1641
1526 2 2 1 2 1634 110 1637
1527 2 2 1 2 1641 1637 422
1528 2 2 1 2 1634 1637 1641
1529 2 2 1 2 420 1642 1629
1530 2 2 1 2 1642 422 1635
1531 2 2 1 2 1629 1635 105
1532 2 2 1 2 1642 1635 1629
1533 2 2 1 2 421 1641 1640
1534 2 2 1 2 1641 422 1642
1535 2 2 1 2 1640 1642 420
1536 2 2 1 2 1641 1642 1640
1537 2 2 1 2 8 1643 1286
1538 2 2 1 2 1643 423 1644
1539 2 2 1 2 1286 1644 332
1540 2 2 1 2 1643 1644 1286
1541 2 2 1 2 423 1645 1647
1542 2 2 1 2 1645 113 1646
1543 2 2 1 2 1647 1646 424
1544 2 2 1 2 1645 1646 1647
1545 2 2 1 2 332 1648 1289
1546 2 2 1 2 1648 424 1649
1547 2 2 1 2 1289 1649 89
1548 2 2 1 2 1648 1649 1289
1549 2 2 1 2 423 1647 1644
1550 2 2 1 2 1647 424 1648
1551 2 2 1 2 1644 1648 332
1552 2 2 1 2 1647 1648 1644
1553 2 2 1 2 113 1650 1652
1554 2 2 1 2 1650 425 1651
1555 2 2 1 2 1652 1651 427
1556 2 2 1 2 1650 1651 1652
1557 2 2 1 2 425 1653 1655
1558 2 2 1 2 1653 33 1654
1559 2 2 1 2 1655 1654 426
1560 2 2 1 2 1653 1654 1655
1561 2 2 1 2 427 1656 1658
1562 2 2 1 2 1656 426 1657
1563 2 2 1 2 1658 1657 114
1564 2 2 1 2 1656 1657 1658
1565 2 2 1 2 425 1655 1651
1566 2 2 1 2 1655 426 1656
1567 2 2 1 2 1651 1656 427
1568 2 2 1 2 1655 1656 1651
1569 2 2 1 2 89 1659 1295
1570 2 2 1 2 1659 428 1660
1571 2 2 1 2 1295 1660 335
1572 2 2 1 2 1659 1660 1295
1573 2 2 1 2 428 1661 1663
1574 2 2 1 2 1661 114 1662
1575 2 2 1 2 1663 1662 429
1576 2 2 1 2 1661 1662 1663
1577 2 2 1 2 335 1664 1298
1578 2 2 1 2 1664 429 1665
1579 2 2 1 2 1298 1665 26
1580 2 2 1 2 1664 1665 1298
1581 2 2 1 2 428 1663 1660
1582 2 2 1 2 1663 429 1664
1583 2 2 1 2 1660 1664 335
1584 2 2 1 2 1663 1664 1660
1585 2 2 1 2 113 1652 1646
1586 2 2 1 2 1652 427 1666
1587 2 2 1 2 1646 1666 424
1588 2 2 1 2 1652 1666 1646
1589 2 2 1 2 427 1658 1667
1590 2 2 1 2 1658 114 1661
1591 2 2 1 2 1667 1661 428
1592 2 2 1 2 1658 1661 1667
1593 2 2 1 2 424 1668 1649
1594 2 2 1 2 1668 428 1659
1595 2 2 1 2 1649 1659 89
1596 2 2 1 2 1668 1659 1649
1597 2 2 1 2 427 1667 1666
1598 2 2 1 2 1667 428 1668
1599 2 2 1 2 1666 1668 424
1600 2 2 1 2 1667 1668 1666
1601 2 2 1 2 33 1669 1671
1602 2 2 1 2 1669 430 1670
1603 2 2 1 2 1671 1670 432
1604 2 2 1 2 1669 1670 1671
1605 2 2 1 2 430 1672 1674
1606 2 2 1 2 1672 115 1673
1607 2 2 1 2 1674 1673 431
1608 2 2 1 2 1672 1673 1674
1609 2 2 1 2 432 1675 1677
1610 2 2 1 2 1675 431 1676
1611 2 2 1 2 1677 1676 117
1612 2 2 1 2 1675 1676 1677
1613 2 2 1 2 430 1674 1670
1614 2 2 1 2 1674 431 1675
1615 2 2 1 2 1670 1675 432
1616 2 2 1 2 1674 1675 1670
1617 2 2 1 2 115 1678 1680
1618 2 2 1 2 1678 433 1679
1619 2 2 1 2 1680 1679 435
1620 2 2 1 2 1678 1679 1680
1621 2 2 1 2 433 1681 1683
1622 2 2 1 2 1681 11 1682
1623 2 2 1 2 1683 1682 434
1624 2 2 1 2 1681 1682 1683
1625 2 2 1 2 435 1684 1686
1626 2 2 1 2 1684 434 1685
1627 2 2 1 2 1686 1685 116
1628 2 2 1 2 1684 1685 1686
1629 2 2 1 2 433 1683 1679
1630 2 2 1 2 1683 434 1684
1631 2 2 1 2 1679 1684 435
1632 2 2 1 2 1683 1684 1679
1633 2 2 1 2 117 1687 1689
1634 2 2 1 2 1687 436 1688
1635 2 2 1 2 1689 1688 438
1636 2 2 1 2 1687 1688 1689
1637 2 2 1 2 436 1690 1692
1638 2 2 1 2 1690 116 1691
1639 2 2 1 2 1692 1691 437
1640 2 2 1 2 1690 1691 1692
1641 2 2 1 2 438 1693 1695
1642 2 2 1 2 1693 437 1694
1643 2 2 1 2 1695 1694 34
1644 2 2 1 2 1693 1694 1695
1645 2 2 1 2 436 1692 1688
1646 2 2 1 2 1692 437 1693
1647 2 2 1 2 1688 1693 438
1648 2 2 1 2 1692 1693 1688
1649 2 2 1 2 115 1680 1673
1650 2 2 1 2 1680 435 1696
1651 2 2 1 2 1673 1696 431
1652 2 2 1 2 1680 1696 1673
1653 2 2 1 2 435 1686 1697
1654 2 2 1 2 1686 116 1690
1655 2 2 1 2 1697 1690 436
1656 2 2 1 2 1686 1690 1697
1657 2 2 1 2 431 1698 1676
1658 2 2 1 2 1698 436 1687
1659 2 2 1 2 1676 1687 117
1660 2 2 1 2 1698 1687 1676
1661 2 2 1 2 435 1697 1696
1662 2 2 1 2 1697 436 1698
1663 2 2 1 2 1696 1698 431
1664 2 2 1 2 1697 1698 1696
1665 2 2 1 2 26 1699 1316
1666 2 2 1 2 1699 439 1700
1667 2 2 1 2 1316 1700 341
1668 2 2 1 2 1699 1700 1316
1669 2 2 1 2 439 1701 1703
1670 2 2 1 2 1701 118 1702
1671 2 2 1 2 1703 1702 440
1672 2 2 1 2 1701 1702 1703
1673 2 2 1 2 341 1704 1319
1674 2 2 1 2 1704 440 1705
1675 2 2 1 2 1319 1705 92
1676 2 2 1 2 1704 1705 1319
1677 2 2 1 2 439 1703 1700
1678 2 2 1 2 1703 440 1704
1679 2 2 1 2 1700 1704 341
1680 2 2 1 2 1703 1704 1700
1681 2 2 1 2 118 1706 1708
1682 2 2 1 2 1706 441 1707
1683 2 2 1 2 1708 1707 443
1684 2 2 1 2 1706 1707 1708
1685 2 2 1 2 441 1709 1711
1686 2 2 1 2 1709 34 1710
1687 2 2 1 2 1711 1710 442
1688 2 2 1 2 1709 1710 1711
1689 2 2 1 2 443 1712 1714
1690 2 2 1 2 1712 442 1713
1691 2 2 1 2 1714 1713 119
1692 2 2 1 2 1712 1713 1714
1693 2 2 1 2 441 1711 1707
1694 2 2 1 2 1711 442 1712
1695 2 2 1 2 1707 1712 443
1696 2 2 1 2 1711 1712 1707
1697 2 2 1 2 92 1715 1325
1698 2 2 1 2 1715 444 1716
1699 2 2 1 2 1325 1716 344
1700 2 2 1 2 1715 1716 1325
1701 2 2 1 2 444 1717 1719
1702 2 2 1 2 1717 119 1718
1703 2 2 1 2 1719 1718 445
1704 2 2 1 2 1717 1718 1719
1705 2 2 1 2 344 1720 1328
1706 2 2 1 2 1720 445 1721
1707 2 2 1 2 1328 1721 3
1708 2 2 1 2 1720 1721 1328
1709 2 2 1 2 444 1719 1716
1710 2 2 1 2 1719 445 1720
1711 2 2 1 2 1716 1720 344
1712 2 2 1 2 1719 1720 1716
1713 2 2 1 2 118 1708 1702
1714 2 2 1 2 1708 443 1722
1715 2 2 1 2 1702 1722 440
1716 2 2 1 2 1708 1722 1702
1717 2 2 1 2 443 1714 1723
1718 2 2 1 2 1714 119 1717
1719 2 2 1 2 1723 1717 444
1720 2 2 1 2 1714 1717 1723
1721 2 2 1 2 440 1724 1705
1722 2 2 1 2 1724 444 1715
1723 2 2 1 2 1705 1715 92
1724 2 2 1 2 1724 1715 1705
1725 2 2 1 2 443 1723 1722
1726 2 2 1 2 1723 444 1724
1727 2 2 1 2 1722 1724 440
1728 2 2 1 2 1723 1724 1722
1729 2 2 1 2 33 1671 1654
1730 2 2 1 2 1671 432 1725
1731 2 2 1 2 1654 1725 426
1732 2 2 1 2 1671 1725 1654
1733 2 2 1 2 432 1677 1727
1734 2 2 1 2 1677 117 1726
1735 2 2 1 2 1727 1726 446
1736 2 2 1 2 1677 1726 1727
1737 2 2 1 2 426 1728 1657
1738 2 2 1 2 1728 446 1729
1739 2 2 1 2 1657 1729 114
1740 2 2 1 2 1728 1729 1657
1741 2 2 1 2 432 1727 1725
1742 2 2 1 2 1727 446 1728
1743 2 2 1 2 1725 1728 426
1744 2 2 1 2 1727 1728 1725
1745 2 2 1 2 117 1689 1731
1746 2 2 1 2 1689 438 1730
1747 2 2 1 2 1731 1730 447
1748 2 2 1 2 1689 1730 1731
1749 2 2 1 2 438 1695 1732
1750 2 2 1 2 1695 34 1709
1751 2 2 1 2 1732 1709 441
1752 2 2 1 2 1695 1709 1732
1753 2 2 1 2 447 1733 1734
1754 2 2 1 2 1733 441 1706
1755 2 2 1 2 1734 1706 118
1756 2 2 1 2 1733 1706 1734
1757 2 2 1 2 438 1732 1730
1758 2 2 1 2 1732 441 1733
1759 2 2 1 2 1730 1733 447
1760 2 2 1 2 1732 1733 1730
1761 2 2 1 2 114 1735 1662
1762 2 2 1 2 1735 448 1736
1763 2 2 1 2 1662 1736 429
1764 2 2 1 2 1735 1736 1662
1765 2 2 1 2 448 1737 1738
1766 2 2 1 2 1737 118 1701
1767 2 2 1 2 1738 1701 439
1768 2 2 1 2 1737 1701 1738
1769 2 2 1 2 429 1739 1665
1770 2 2 1 2 1739 439 1699
1771 2 2 1 2 1665 1699 26
1772 2 2 1 2 1739 1699 1665
1773 2 2 1 2 448 1738 1736
1774 2 2 1 2 1738 439 1739
1775 2 2 1 2 1736 1739 429
1776 2 2 1 2 1738 1739 1736
1777 2 2 1 2 117 1731 1726
1778 2 2 1 2 1731 447 1740
1779 2 2 1 2 1726 1740 446
1780 2 2 1 2 1731 1740 1726
1781 2 2 1 2 447 1734 1741
1782 2 2 1 2 1734 118 1737
1783 2 2 1 2 1741 1737 448
1784 2 2 1 2 1734 1737 1741
1785 2 2 1 2 446 1742 1729
1786 2 2 1 2 1742 448 1735
1787 2 2 1 2 1729 1735 114
1788 2 2 1 2 1742 1735 1729
1789 2 2 1 2 447 1741 1740
1790 2 2 1 2 1741 448 1742
1791 2 2 1 2 1740 1742 446
1792 2 2 1 2 1741 1742 1740
1793 2 2 1 2 10 1537 1474
1794 2 2 1 2 1537 395 1743
1795 2 2 1 2 1474 1743 378
1796 2 2 1 2 1537 1743 1474
1797 2 2 1 2 395 1543 1745
1798 2 2 1 2 1543 106 1744
1799 2 2 1 2 1745 1744 449
1800 2 2 1 2 1543 1744 1745
1801 2 2 1 2 378 1746 1477
1802 2 2 1 2 1746 449 1747
1803 2 2 1 2 1477 1747 100
1804 2 2 1 2 1746 1747 1477
1805 2 2 1 2 395 1745 1743
1806 2 2 1 2 1745 449 1746
1807 2 2 1 2 1743 1746 378
1808 2 2 1 2 1745 1746 1743
1809 2 2 1 2 106 1555 1749
1810 2 2 1 2 1555 401 1748
1811 2 2 1 2 1749 1748 451
1812 2 2 1 2 1555 1748 1749
1813 2 2 1 2 401 1561 1751
1814 2 2 1 2 1561 32 1750
1815 2 2 1 2 1751 1750 450
1816 2 2 1 2 1561 1750 1751
1817 2 2 1 2 451 1752 1754
1818 2 2 1 2 1752 450 1753
1819 2 2 1 2 1754 1753 120
1820 2 2 1 2 1752 1753 1754
1821 2 2 1 2 401 1751 1748
1822 2 2 1 2 1751 450 1752
1823 2 2 1 2 1748 1752 451
1824 2 2 1 2 1751 1752 1748
1825 2 2 1 2 100 1755 1483
1826 2 2 1 2 1755 452 1756
1827 2 2 1 2 1483 1756 381
1828 2 2 1 2 1755 1756 1483
1829 2 2 1 2 452 1757 1759
1830 2 2 1 2 1757 120 1758
1831 2 2 1 2 1759 1758 453
1832 2 2 1 2 1757 1758 1759
1833 2 2 1 2 381 1760 1486
1834 2 2 1 2 1760 453 1761
1835 2 2 1 2 1486 1761 29
1836 2 2 1 2 1760 1761 1486
1837 2 2 1 2 452 1759 1756
1838 2 2 1 2 1759 453 1760
1839 2 2 1 2 1756 1760 381
1840 2 2 1 2 1759 1760 1756
1841 2 2 1 2 106 1749 1744
1842 2 2 1 2 1749 451 1762
1843 2 2 1 2 1744 1762 449
1844 2 2 1 2 1749 1762 1744
1845 2 2 1 2 451 1754 1763
1846 2 2 1 2 1754 120 1757
1847 2 2 1 2 1763 1757 452
1848 2 2 1 2 1754 1757 1763
1849 2 2 1 2 449 1764 1747
1850 2 2 1 2 1764 452 1755
1851 2 2 1 2 1747 1755 100
1852 2 2 1 2 1764 1755 1747
1853 2 2 1 2 451 1763 1762
1854 2 2 1 2 1763 452 1764
1855 2 2 1 2 1762 1764 449
1856 2 2 1 2 1763 1764 1762
1857 2 2 1 2 32 1597 1766
1858 2 2 1 2 1597 413 1765
1859 2 2 1 2 1766 1765 455
1860 2 2 1 2 1597 1765 1766
1861 2 2 1 2 413 1603 1768
1862 2 2 1 2 1603 112 1767
1863 2 2 1 2 1768 1767 454
1864 2 2 1 2 1603 1767 1768
1865 2 2 1 2 455 1769 1771
1866 2 2 1 2 1769 454 1770
1867 2 2 1 2 1771 1770 121
1868 2 2 1 2 1769 1770 1771
1869 2 2 1 2 413 1768 1765
1870 2 2 1 2 1768 454 1769
1871 2 2 1 2 1765 1769 455
1872 2 2 1 2 1768 1769 1765
1873 2 2 1 2 112 1615 1773
1874 2 2 1 2 1615 419 1772
1875 2 2 1 2 1773 1772 456
1876 2 2 1 2 1615 1772 1773
1877 2 2 1 2 419 1621 1774
1878 2 2 1 2 1621 11 1681
1879 2 2 1 2 1774 1681 433
1880 2 2 1 2 1621 1681 1774
1881 2 2 1 2 456 1775 1776
1882 2 2 1 2 1775 433 1678
1883 2 2 1 2 1776 1678 115
1884 2 2 1 2 1775 1678 1776
1885 2 2 1 2 419 1774 1772
1886 2 2 1 2 1774 433 1775
1887 2 2 1 2 1772 1775 456
1888 2 2 1 2 1774 1775 1772
1889 2 2 1 2 121 1777 1779
1890 2 2 1 2 1777 457 1778
1891 2 2 1 2 1779 1778 458
1892 2 2 1 2 1777 1778 1779
1893 2 2 1 2 457 1780 1781
1894 2 2 1 2 1780 115 1672
1895 2 2 1 2 1781 1672 430
1896 2 2 1 2 1780 1672 1781
1897 2 2 1 2 458 1782 1783
1898 2 2 1 2 1782 430 1669
1899 2 2 1 2 1783 1669 33
1900 2 2 1 2 1782 1669 1783
1901 2 2 1 2 457 1781 1778
1902 2 2 1 2 1781 430 1782
1903 2 2 1 2 1778 1782 458
1904 2 2 1 2 1781 1782 1778
1905 2 2 1 2 112 1773 1767
1906 2 2 1 2 1773 456 1784
1907 2 2 1 2 1767 1784 454
1908 2 2 1 2 1773 1784 1767
1909 2 2 1 2 456 1776 1785
1910 2 2 1 2 1776 115 1780
1911 2 2 1 2 1785 1780 457
1912 2 2 1 2 1776 1780 1785
1913 2 2 1 2 454 1786 1770
1914 2 2 1 2 1786 457 1777
1915 2 2 1 2 1770 1777 121
1916 2 2 1 2 1786 1777 1770
1917 2 2 1 2 456 1785 1784
1918 2 2 1 2 1785 457 1786
1919 2 2 1 2 1784 1786 454
1920 2 2 1 2 1785 1786 1784
1921 2 2 1 2 29 1787 1502
1922 2 2 1 2 1787 459 1788
1923 2 2 1 2 1502 1788 386
1924 2 2 1 2 1787 1788 1502
1925 2 2 1 2 459 1789 1791
1926 2 2 1 2 1789 122 1790
1927 2 2 1 2 1791 1790 460
1928 2 2 1 2 1789 1790 1791
1929 2 2 1 2 386 1792 1505
1930 2 2 1 2 1792 460 1793
1931 2 2 1 2 1505 1793 103
1932 2 2 1 2 1792 1793 1505
1933 2 2 1 2 459 1791 1788
1934 2 2 1 2 1791 460 1792
1935 2 2 1 2 1788 1792 386
1936 2 2 1 2 1791 1792 1788
1937 2 2 1 2 122 1794 1796
1938 2 2 1 2 1794 461 1795
1939 2 2 1 2 1796 1795 462
1940 2 2 1 2 1794 1795 1796
1941 2 2 1 2 461 1797 1798
1942 2 2 1 2 1797 33 1653
1943 2 2 1 2 1798 1653 425
1944 2 2 1 2 1797 1653 1798
1945 2 2 1 2 462 1799 1800
1946 2 2 1 2 1799 425 1650
1947 2 2 1 2 1800 1650 113
1948 2 2 1 2 1799 1650 1800
1949 2 2 1 2 461 1798 1795
1950 2 2 1 2 1798 425 1799
1951 2 2 1 2 1795 1799 462
1952 2 2 1 2 1798 1799 1795
1953 2 2 1 2 103 1801 1510
1954 2 2 1 2 1801 463 1802
1955 2 2 1 2 1510 1802 389
1956 2 2 1 2 1801 1802 1510
1957 2 2 1 2 463 1803 1804
1958 2 2 1 2 1803 113 1645
1959 2 2 1 2 1804 1645 423
1960 2 2 1 2 1803 1645 1804
1961 2 2 1 2 389 1805 1513
1962 2 2 1 2 1805 423 1643
1963 2 2 1 2 1513 1643 8
1964 2 2 1 2 1805 1643 1513
1965 2 2 1 2 463 1804 1802
1966 2 2 1 2 1804 423 1805
1967 2 2 1 2 1802 1805 389
1968 2 2 1 2 1804 1805 1802
1969 2 2 1 2 122 1796 1790
1970 2 2 1 2 1796 462 1806
1971 2 2 1 2 1790 1806 460
1972 2 2 1 2 1796 1806 1790
1973 2 2 1 2 462 1800 1807
1974 2 2 1 2 1800 113 1803
1975 2 2 1 2 1807 1803 463
1976 2 2 1 2 1800 1803 1807
1977 2 2 1 2 460 1808 1793
1978 2 2 1 2 1808 463 1801
1979 2 2 1 2 1793 1801 103
1980 2 2 1 2 1808 1801 1793
1981 2 2 1 2 462 1807 1806
1982 2 2 1 2 1807 463 1808
1983 2 2 1 2 1806 1808 460
1984 2 2 1 2 1807 1808 1806
1985 2 2 1 2 32 1766 1750
1986 2 2 1 2 1766 455 1809
1987 2 2 1 2 1750 1809 450
1988 2 2 1 2 1766 1809 1750
1989 2 2 1 2 455 1771 1811
1990 2 2 1 2 1771 121 1810
1991 2 2 1 2 1811 1810 464
1992 2 2 1 2 1771 1810 1811
1993 2 2 1 2 450 1812 1753
1994 2 2 1 2 1812 464 1813
1995 2 2 1 2 1753 1813 120
1996 2 2 1 2 1812 1813 1753
1997 2 2 1 2 455 1811 1809
1998 2 2 1 2 1811 464 1812
1999 2 2 1 2 1809 1812 450
2000 2 2 1 2 1811 1812 1809
2001 2 2 1 2 121 1779 1815
2002 2 2 1 2 1779 458 1814
2003 2 2 1 2 1815 1814 465
2004 2 2 1 2 1779 1814 1815
2005 2 2 1 2 458 1783 1816
2006 2 2 1 2 1783 33 1797
2007 2 2 1 2 1816 1797 461
2008 2 2 1 2 1783 1797 1816
2009 2 2 1 2 465 1817 1818
2010 2 2 1 2 1817 461 1794
2011 2 2 1 2 1818 1794 122
2012 2 2 1 2 1817 1794 1818
2013 2 2 1 2 458 1816 1814
2014 2 2 1 2 1816 461 1817
2015 2 2 1 2 1814 1817 465
2016 2 2 1 2 1816 1817 1814
2017 2 2 1 2 120 1819 1758
2018 2 2 1 2 1819 466 1820
2019 2 2 1 2 1758 1820 453
2020 2 2 1 2 1819 1820 1758
2021 2 2 1 2 466 1821 1822
2022 2 2 1 2 1821 122 1789
2023 2 2 1 2 1822 1789 459
2024 2 2 1 2 1821 1789 1822
2025 2 2 1 2 453 1823 1761
2026 2 2 1 2 1823 459 1787
2027 2 2 1 2 1761 1787 29
2028 2 2 1 2 1823 1787 1761
2029 2 2 1 2 466 1822 1820
2030 2 2 1 2 1822 459 1823
2031 2 2 1 2 1820 1823 453
2032 2 2 1 2 1822 1823 1820
2033 2 2 1 2 121 1815 1810
2034 2 2 1 2 1815 465 1824
2035 2 2 1 2 1810 1824 464
2036 2 2 1 2 1815 1824 1810
2037 2 2 1 2 465 1818 1825
2038 2 2 1 2 1818 122 1821
2039 2 2 1 2 1825 1821 466
2040 2 2 1 2 1818 1821 1825
2041 2 2 1 2 464 1826 1813
2042 2 2 1 2 1826 466 1819
2043 2 2 1 2 1813 1819 120
2044 2 2 1 2 1826 1819 1813
2045 2 2 1 2 465 1825 1824
2046 2 2 1 2 1825 466 1826
2047 2 2 1 2 1824 1826 464
2048 2 2 1 2 1825 1826 1824
2049 2 2 1 2 4 1827 1578
2050 2 2 1 2 1827 467 1828
2051 2 2 1 2 1578 1828 406
2052 2 2 1 2 1827 1828 1578
2053 2 2 1 2 467 1829 1831
2054 2 2 1 2 1829 123 1830
2055 2 2 1 2 1831 1830 468
2056 2 2 1 2 1829 1830 1831
2057 2 2 1 2 406 1832 1581
2058 2 2 1 2 1832 468 1833
2059 2 2 1 2 1581 1833 108
2060 2 2 1 2 1832 1833 1581
2061 2 2 1 2 467 1831 1828
2062 2 2 1 2 1831 468 1832
2063 2 2 1 2 1828 1832 406
2064 2 2 1 2 1831 1832 1828
2065 2 2 1 2 123 1834 1836
2066 2 2 1 2 1834 469 1835
2067 2 2 1 2 1836 1835 471
2068 2 2 1 2 1834 1835 1836
2069 2 2 1 2 469 1837 1839
2070 2 2 1 2 1837 35 1838
2071 2 2 1 2 1839 1838 470
2072 2 2 1 2 1837 1838 1839
2073 2 2 1 2 471 1840 1842
2074 2 2 1 2 1840 470 1841
2075 2 2 1 2 1842 1841 124
2076 2 2 1 2 1840 1841 1842
2077 2 2 1 2 469 1839 1835
2078 2 2 1 2 1839 470 1840
2079 2 2 1 2 1835 1840 471
2080 2 2 1 2 1839 1840 1835
2081 2 2 1 2 108 1843 1587
2082 2 2 1 2 1843 472 1844
2083 2 2 1 2 1587 1844 409
2084 2 2 1 2 1843 1844 1587
2085 2 2 1 2 472 1845 1847
2086 2 2 1 2 1845 124 1846
2087 2 2 1 2 1847 1846 473
2088 2 2 1 2 1845 1846 1847
2089 2 2 1 2 409 1848 1590
2090 2 2 1 2 1848 473 1849
2091 2 2 1 2 1590 1849 31
2092 2 2 1 2 1848 1849 1590
2093 2 2 1 2 472 1847 1844
2094 2 2 1 2 1847 473 1848
2095 2 2 1 2 1844 1848 409
2096 2 2 1 2 1847 1848 1844
2097 2 2 1 2 123 1836 1830
2098 2 2 1 2 1836 471 1850
2099 2 2 1 2 1830 1850 468
2100 2 2 1 2 1836 1850 1830
2101 2 2 1 2 471 1842 1851
2102 2 2 1 2 1842 124 1845
2103 2 2 1 2 1851 1845 472
2104 2 2 1 2 1842 1845 1851
2105 2 2 1 2 468 1852 1833
2106 2 2 1 2 1852 472 1843
2107 2 2 1 2 1833 1843 108
2108 2 2 1 2 1852 1843 1833
2109 2 2 1 2 471 1851 1850
2110 2 2 1 2 1851 472 1852
2111 2 2 1 2 1850 1852 468
2112 2 2 1 2 1851 1852 1850
2113 2 2 1 2 35 1853 1855
2114 2 2 1 2 1853 474 1854
2115 2 2 1 2 1855 1854 476
2116 2 2 1 2 1853 1854 1855
2117 2 2 1 2 474 1856 1858
2118 2 2 1 2 1856 125 1857
2119 2 2 1 2 1858 1857 475
2120 2 2 1 2 1856 1857 1858
2121 2 2 1 2 476 1859 1861
2122 2 2 1 2 1859 475 1860
2123 2 2 1 2 1861 1860 127
2124 2 2 1 2 1859 1860 1861
2125 2 2 1 2 474 1858 1854
2126 2 2 1 2 1858 475 1859
2127 2 2 1 2 1854 1859 476
2128 2 2 1 2 1858 1859 1854
2129 2 2 1 2 125 1862 1864
2130 2 2 1 2 1862 477 1863
2131 2 2 1 2 1864 1863 479
2132 2 2 1 2 1862 1863 1864
2133 2 2 1 2 477 1865 1867
2134 2 2 1 2 1865 12 1866
2135 2 2 1 2 1867 1866 478
2136 2 2 1 2 1865 1866 1867
2137 2 2 1 2 479 1868 1870
2138 2 2 1 2 1868 478 1869
2139 2 2 1 2 1870 1869 126
2140 2 2 1 2 1868 1869 1870
2141 2 2 1 2 477 1867 1863
2142 2 2 1 2 1867 478 1868
2143 2 2 1 2 1863 1868 479
2144 2 2 1 2 1867 1868 1863
2145 2 2 1 2 127 1871 1873
2146 2 2 1 2 1871 480 1872
2147 2 2 1 2 1873 1872 482
2148 2 2 1 2 1871 1872 1873
2149 2 2 1 2 480 1874 1876
2150 2 2 1 2 1874 126 1875
2151 2 2 1 2 1876 1875 481
2152 2 2 1 2 1874 1875 1876
2153 2 2 1 2 482 1877 1879
2154 2 2 1 2 1877 481 1878
2155 2 2 1 2 1879 1878 36
2156 2 2 1 2 1877 1878 1879
2157 2 2 1 2 480 1876 1872
2158 2 2 1 2 1876 481 1877
2159 2 2 1 2 1872 1877 482
2160 2 2 1 2 1876 1877 1872
2161 2 2 1 2 125 1864 1857
2162 2 2 1 2 1864 479 1880
2163 2 2 1 2 1857 1880 475
2164 2 2 1 2 1864 1880 1857
2165 2 2 1 2 479 1870 1881
2166 2 2 1 2 1870 126 1874
2167 2 2 1 2 1881 1874 480
2168 2 2 1 2 1870 1874 1881
2169 2 2 1 2 475 1882 1860
2170 2 2 1 2 1882 480 1871
2171 2 2 1 2 1860 1871 127
2172 2 2 1 2 1882 1871 1860
2173 2 2 1 2 479 1881 1880
2174 2 2 1 2 1881 480 1882
2175 2 2 1 2 1880 1882 475
2176 2 2 1 2 1881 1882 1880
2177 2 2 1 2 31 1883 1608
2178 2 2 1 2 1883 483 1884
2179 2 2 1 2 1608 1884 415
2180 2 2 1 2 1883 1884 1608
2181 2 2 1 2 483 1885 1887
2182 2 2 1 2 1885 128 1886
2183 2 2 1 2 1887 1886 484
2184 2 2 1 2 1885 1886 1887
2185 2 2 1 2 415 1888 1611
2186 2 2 1 2 1888 484 1889
2187 2 2 1 2 1611 1889 111
2188 2 2 1 2 1888 1889 1611
2189 2 2 1 2 483 1887 1884
2190 2 2 1 2 1887 484 1888
2191 2 2 1 2 1884 1888 415
2192 2 2 1 2 1887 1888 1884
2193 2 2 1 2 128 1890 1892
2194 2 2 1 2 1890 485 1891
2195 2 2 1 2 1892 1891 487
2196 2 2 1 2 1890 1891 1892
2197 2 2 1 2 485 1893 1895
2198 2 2 1 2 1893 36 1894
2199 2 2 1 2 1895 1894 486
2200 2 2 1 2 1893 1894 1895
2201 2 2 1 2 487 1896 1898
2202 2 2 1 2 1896 486 1897
2203 2 2 1 2 1898 1897 129
2204 2 2 1 2 1896 1897 1898
2205 2 2 1 2 485 1895 1891
2206 2 2 1 2 1895 486 1896
2207 2 2 1 2 1891 1896 487
2208 2 2 1 2 1895 1896 1891
2209 2 2 1 2 111 1899 1617
2210 2 2 1 2 1899 488 1900
2211 2 2 1 2 1617 1900 418
2212 2 2 1 2 1899 1900 1617
2213 2 2 1 2 488 1901 1903
2214 2 2 1 2 1901 129 1902
2215 2 2 1 2 1903 1902 489
2216 2 2 1 2 1901 1902 1903
2217 2 2 1 2 418 1904 1620
2218 2 2 1 2 1904 489 1905
2219 2 2 1 2 1620 1905 11
2220 2 2 1 2 1904 1905 1620
2221 2 2 1 2 488 1903 1900
2222 2 2 1 2 1903 489 1904
2223 2 2 1 2 1900 1904 418
2224 2 2 1 2 1903 1904 1900
2225 2 2 1 2 128 1892 1886
2226 2 2 1 2 1892 487 1906
2227 2 2 1 2 1886 1906 484
2228 2 2 1 2 1892 1906 1886
2229 2 2 1 2 487 1898 1907
2230 2 2 1 2 1898 129 1901
2231 2 2 1 2 1907 1901 488
2232 2 2 1 2 1898 1901 1907
2233 2 2 1 2 484 1908 1889
2234 2 2 1 2 1908 488 1899
2235 2 2 1 2 1889 1899 111
2236 2 2 1 2 1908 1899 1889
2237 2 2 1 2 487 1907 1906
2238 2 2 1 2 1907 488 1908
2239 2 2 1 2 1906 1908 484
2240 2 2 1 2 1907 1908 1906
2241 2 2 1 2 35 1855 1838
2242 2 2 1 2 1855 476 1909
2243 2 2 1 2 1838 1909 470
2244 2 2 1 2 1855 1909 1838
2245 2 2 1 2 476 1861 1911
2246 2 2 1 2 1861 127 1910
2247 2 2 1 2 1911 1910 490
2248 2 2 1 2 1861 1910 1911
2249 2 2 1 2 470 1912 1841
2250 2 2 1 2 1912 490 1913
2251 2 2 1 2 1841 1913 124
2252 2 2 1 2 1912 1913 1841
2253 2 2 1 2 476 1911 1909
2254 2 2 1 2 1911 490 1912
2255 2 2 1 2 1909 1912 470
2256 2 2 1 2 1911 1912 1909
2257 2 2 1 2 127 1873 1915
2258 2 2 1 2 1873 482 1914
2259 2 2 1 2 1915 1914 491
2260 2 2 1 2 1873 1914 1915
2261 2 2 1 2 482 1879 1916
2262 2 2 1 2 1879 36 1893
2263 2 2 1 2 1916 1893 485
2264 2 2 1 2 1879 1893 1916
2265 2 2 1 2 491 1917 1918
2266 2 2 1 2 1917 485 1890
2267 2 2 1 2 1918 1890 128
2268 2 2 1 2 1917 1890 1918
2269 2 2 1 2 482 1916 1914
2270 2 2 1 2 1916 485 1917
2271 2 2 1 2 1914 1917 491
2272 2 2 1 2 1916 1917 1914
2273 2 2 1 2 124 1919 1846
2274 2 2 1 2 1919 492 1920
2275 2 2 1 2 1846 1920 473
2276 2 2 1 2 1919 1920 1846
2277 2 2 1 2 492 1921 1922
2278 2 2 1 2 1921 128 1885
2279 2 2 1 2 1922 1885 483
2280 2 2 1 2 1921 1885 1922
2281 2 2 1 2 473 1923 1849
2282 2 2 1 2 1923 483 1883
2283 2 2 1 2 1849 1883 31
2284 2 2 1 2 1923 1883 1849
2285 2 2 1 2 492 1922 1920
2286 2 2 1 2 1922 483 1923
2287 2 2 1 2 1920 1923 473
2288 2 2 1 2 1922 1923 1920
2289 2 2 1 2 127 1915 1910
2290 2 2 1 2 1915 491 1924
2291 2 2 1 2 1910 1924 490
2292 2 2 1 2 1915 1924 1910
2293 2 2 1 2 491 1918 1925
2294 2 2 1 2 1918 128 1921
2295 2 2 1 2 1925 1921 492
2296 2 2 1 2 1918 1921 1925
2297 2 2 1 2 490 1926 1913
2298 2 2 1 2 1926 492 1919
2299 2 2 1 2 1913 1919 124
2300 2 2 1 2 1926 1919 1913
2301 2 2 1 2 491 1925 1924
2302 2 2 1 2 1925 492 1926
2303 2 2 1 2 1924 1926 490
2304 2 2 1 2 1925 1926 1924
2305 2 2 1 2 12 1927 1929
2306 2 2 1 2 1927 493 1928
2307 2 2 1 2 1929 1928 495
2308 2 2 1 2 1927 1928 1929
2309 2 2 1 2 493 1930 1932
2310 2 2 1 2 1930 130 1931
2311 2 2 1 2 1932 1931 494
2312 2 2 1 2 1930 1931 1932
2313 2 2 1 2 495 1933 1935
2314 2 2 1 2 1933 494 1934
2315 2 2 1 2 1935 1934 132
2316 2 2 1 2 1933 1934 1935
2317 2 2 1 2 493 1932 1928
2318 2 2 1 2 1932 494 1933
2319 2 2 1 2 1928 1933 495
2320 2 2 1 2 1932 1933 1928
2321 2 2 1 2 130 1936 1938
2322 2 2 1 2 1936 496 1937
2323 2 2 1 2 1938 1937 498
2324 2 2 1 2 1936 1937 1938
2325 2 2 1 2 496 1939 1941
2326 2 2 1 2 1939 37 1940
2327 2 2 1 2 1941 1940 497
2328 2 2 1 2 1939 1940 1941
2329 2 2 1 2 498 1942 1944
2330 2 2 1 2 1942 497 1943
2331 2 2 1 2 1944 1943 131
2332 2 2 1 2 1942 1943 1944
2333 2 2 1 2 496 1941 1937
2334 2 2 1 2 1941 497 1942
2335 2 2 1 2 1937 1942 498
2336 2 2 1 2 1941 1942 1937
2337 2 2 1 2 132 1945 1947
2338 2 2 1 2 1945 499 1946
2339 2 2 1 2 1947 1946 501
2340 2 2 1 2 1945 1946 1947
2341 2 2 1 2 499 1948 1950
2342 2 2 1 2 1948 131 1949
2343 2 2 1 2 1950 1949 500
2344 2 2 1 2 1948 1949 1950
2345 2 2 1 2 501 1951 1953
2346 2 2 1 2 1951 500 1952
2347 2 2 1 2 1953 1952 39
2348 2 2 1 2 1951 1952 1953
2349 2 2 1 2 499 1950 1946
2350 2 2 1 2 1950 500 1951
2351 2 2 1 2 1946 1951 501
2352 2 2 1 2 1950 1951 1946
2353 2 2 1 2 130 1938 1931
2354 2 2 1 2 1938 498 1954
2355 2 2 1 2 1931 1954 494
2356 2 2 1 2 1938 1954 1931
2357 2 2 1 2 498 1944 1955
2358 2 2 1 2 1944 131 1948
2359 2 2 1 2 1955 1948 499
2360 2 2 1 2 1944 1948 1955
2361 2 2 1 2 494 1956 1934
2362 2 2 1 2 1956 499 1945
2363 2 2 1 2 1934 1945 132
2364 2 2 1 2 1956 1945 1934
2365 2 2 1 2 498 1955 1954
2366 2 2 1 2 1955 499 1956
2367 2 2 1 2 1954 1956 494
2368 2 2 1 2 1955 1956 1954
2369 2 2 1 2 37 1957 1959
2370 2 2 1 2 1957 502 1958
2371 2 2 1 2 1959 1958 504
2372 2 2 1 2 1957 1958 1959
2373 2 2 1 2 502 1960 1962
2374 2 2 1 2 1960 133 1961
2375 2 2 1 2 1962 1961 503
2376 2 2 1 2 1960 1961 1962
2377 2 2 1 2 504 1963 1965
2378 2 2 1 2 1963 503 1964
2379 2 2 1 2 1965 1964 135
2380 2 2 1 2 1963 1964 1965
2381 2 2 1 2 502 1962 1958
2382 2 2 1 2 1962 503 1963
2383 2 2 1 2 1958 1963 504
2384 2 2 1 2 1962 1963 1958
2385 2 2 1 2 133 1966 1968
2386 2 2 1 2 1966 505 1967
2387 2 2 1 2 1968 1967 507
2388 2 2 1 2 1966 1967 1968
2389 2 2 1 2 505 1969 1971
2390 2 2 1 2 1969 5 1970
2391 2 2 1 2 1971 1970 506
2392 2 2 1 2 1969 1970 1971
2393 2 2 1 2 507 1972 1974
2394 2 2 1 2 1972 506 1973
2395 2 2 1 2 1974 1973 134
2396 2 2 1 2 1972 1973 1974
2397 2 2 1 2 505 1971 1967
2398 2 2 1 2 1971 506 1972
2399 2 2 1 2 1967 1972 507
2400 2 2 1 2 1971 1972 1967
2401 2 2 1 2 135 1975 1977
2402 2 2 1 2 1975 508 1976
2403 2 2 1 2 1977 1976 510
2404 2 2 1 2 1975 1976 1977
2405 2 2 1 2 508 1978 1980
2406 2 2 1 2 1978 134 1979
2407 2 2 1 2 1980 1979 509
2408 2 2 1 2 1978 1979 1980
2409 2 2 1 2 510 1981 1983
2410 2 2 1 2 1981 509 1982
2411 2 2 1 2 1983 1982 38
2412 2 2 1 2 1981 1982 1983
2413 2 2 1 2 508 1980 1976
2414 2 2 1 2 1980 509 1981
2415 2 2 1 2 1976 1981 510
2416 2 2 1 2 1980 1981 1976
2417 2 2 1 2 133 1968 1961
2418 2 2 1 2 1968 507 1984
2419 2 2 1 2 1961 1984 503
2420 2 2 1 2 1968 1984 1961
2421 2 2 1 2 507 1974 1985
2422 2 2 1 2 1974 134 1978
2423 2 2 1 2 1985 1978 508
2424 2 2 1 2 1974 1978 1985
2425 2 2 1 2 503 1986 1964
2426 2 2 1 2 1986 508 1975
2427 2 2 1 2 1964 1975 135
2428 2 2 1 2 1986 1975 1964
2429 2 2 1 2 507 1985 1984
2430 2 2 1 2 1985 508 1986
2431 2 2 1 2 1984 1986 503
2432 2 2 1 2 1985 1986 1984
2433 2 2 1 2 39 1987 1989
2434 2 2 1 2 1987 511 1988
2435 2 2 1 2 1989 1988 513
2436 2 2 1 2 1987 1988 1989
2437 2 2 1 2 511 1990 1992
2438 2 2 1 2 1990 136 1991
2439 2 2 1 2 1992 1991 512
2440 2 2 1 2 1990 1991 1992
2441 2 2 1 2 513 1993 1995
2442 2 2 1 2 1993 512 1994
2443 2 2 1 2 1995 1994 138
2444 2 2 1 2 1993 1994 1995
2445 2 2 1 2 511 1992 1988
2446 2 2 1 2 1992 512 1993
2447 2 2 1 2 1988 1993 513
2448 2 2 1 2 1992 1993 1988
2449 2 2 1 2 136 1996 1998
2450 2 2 1 2 1996 514 1997
2451 2 2 1 2 1998 1997 516
2452 2 2 1 2 1996 1997 1998
2453 2 2 1 2 514 1999 2001
2454 2 2 1 2 1999 38 2000
2455 2 2 1 2 2001 2000 515
2456 2 2 1 2 1999 2000 2001
2457 2 2 1 2 516 2002 2004
2458 2 2 1 2 2002 515 2003
2459 2 2 1 2 2004 2003 137
2460 2 2 1 2 2002 2003 2004
2461 2 2 1 2 514 2001 1997
2462 2 2 1 2 2001 515 2002
2463 2 2 1 2 1997 2002 516
2464 2 2 1 2 2001 2002 1997
2465 2 2 1 2 138 2005 2007
2466 2 2 1 2 2005 517 2006
2467 2 2 1 2 2007 2006 519
2468 2 2 1 2 2005 2006 2007
2469 2 2 1 2 517 2008 2010
2470 2 2 1 2 2008 137 2009
2471 2 2 1 2 2010 2009 518
2472 2 2 1 2 2008 2009 2010
2473 2 2 1 2 519 2011 2013
2474 2 2 1 2 2011 518 2012
2475 2 2 1 2 2013 2012 13
2476 2 2 1 2 2011 2012 2013
2477 2 2 1 2 517 2010 2006
2478 2 2 1 2 2010 518 2011
2479 2 2 1 2 2006 2011 519
2480 2 2 1 2 2010 2011 2006
2481 2 2 1 2 136 1998 1991
2482 2 2 1 2 1998 516 2014
2483 2 2 1 2 1991 2014 512
2484 2 2 1 2 1998 2014 1991
2485 2 2 1 2 516 2004 2015
2486 2 2 1 2 2004 137 2008
2487 2 2 1 2 2015 2008 517
2488 2 2 1 2 2004 2008 2015
2489 2 2 1 2 512 2016 1994
2490 2 2 1 2 2016 517 2005
2491 2 2 1 2 1994 2005 138
2492 2 2 1 2 2016 2005 1994
2493 2 2 1 2 516 2015 2014
2494 2 2 1 2 2015 517 2016
2495 2 2 1 2 2014 2016 512
2496 2 2 1 2 2015 2016 2014
2497 2 2 1 2 37 1959 1940
2498 2 2 1 2 1959 504 2017
2499 2 2 1 2 1940 2017 497
2500 2 2 1 2 1959 2017 1940
2501 2 2 1 2 504 1965 2019
2502 2 2 1 2 1965 135 2018
2503 2 2 1 2 2019 2018 520
2504 2 2 1 2 1965 2018 2019
2505 2 2 1 2 497 2020 1943
2506 2 2 1 2 2020 520 2021
2507 2 2 1 2 1943 2021 131
2508 2 2 1 2 2020 2021 1943
2509 2 2 1 2 504 2019 2017
2510 2 2 1 2 2019 520 2020
2511 2 2 1 2 2017 2020 497
2512 2 2 1 2 2019 2020 2017
2513 2 2 1 2 135 1977 2023
2514 2 2 1 2 1977 510 2022
2515 2 2 1 2 2023 2022 521
2516 2 2 1 2 1977 2022 2023
2517 2 2 1 2 510 1983 2024
2518 2 2 1 2 1983 38 1999
2519 2 2 1 2 2024 1999 514
2520 2 2 1 2 1983 1999 2024
2521 2 2 1 2 521 2025 2026
2522 2 2 1 2 2025 514 1996
2523 2 2 1 2 2026 1996 136
2524 2 2 1 2 2025 1996 2026
2525 2 2 1 2 510 2024 2022
2526 2 2 1 2 2024 514 2025
2527 2 2 1 2 2022 2025 521
2528 2 2 1 2 2024 2025 2022
2529 2 2 1 2 131 2027 1949
2530 2 2 1 2 2027 522 2028
2531 2 2 1 2 1949 2028 500
2532 2 2 1 2 2027 2028 1949
2533 2 2 1 2 522 2029 2030
2534 2 2 1 2 2029 136 1990
2535 2 2 1 2 2030 1990 511
2536 2 2 1 2 2029 1990 2030
2537 2 2 1 2 500 2031 1952
2538 2 2 1 2 2031 511 1987
2539 2 2 1 2 1952 1987 39
2540 2 2 1 2 2031 1987 1952
2541 2 2 1 2 522 2030 2028
2542 2 2 1 2 2030 511 2031
2543 2 2 1 2 2028 2031 500
2544 2 2 1 2 2030 2031 2028
2545 2 2 1 2 135 2023 2018
2546 2 2 1 2 2023 521 2032
2547 2 2 1 2 2018 2032 520
2548 2 2 1 2 2023 2032 2018
2549 2 2 1 2 521 2026 2033
2550 2 2 1 2 2026 136 2029
2551 2 2 1 2 2033 2029 522
2552 2 2 1 2 2026 2029 2033
2553 2 2 1 2 520 2034 2021
2554 2 2 1 2 2034 522 2027
2555 2 2 1 2 2021 2027 131
2556 2 2 1 2 2034 2027 2021
2557 2 2 1 2 521 2033 2032
2558 2 2 1 2 2033 522 2034
2559 2 2 1 2 2032 2034 520
2560 2 2 1 2 2033 2034 2032
2561 2 2 1 2 11 2035 1682
2562 2 2 1 2 2035 523 2036
2563 2 2 1 2 1682 2036 434
2564 2 2 1 2 2035 2036 1682
2565 2 2 1 2 523 2037 2039
2566 2 2 1 2 2037 139 2038
2567 2 2 1 2 2039 2038 524
2568 2 2 1 2 2037 2038 2039
2569 2 2 1 2 434 2040 1685
2570 2 2 1 2 2040 524 2041
2571 2 2 1 2 1685 2041 116
2572 2 2 1 2 2040 2041 1685
2573 2 2 1 2 523 2039 2036
2574 2 2 1 2 2039 524 2040
2575 2 2 1 2 2036 2040 434
2576 2 2 1 2 2039 2040 2036
2577 2 2 1 2 139 2042 2044
2578 2 2 1 2 2042 525 2043
2579 2 2 1 2 2044 2043 527
2580 2 2 1 2 2042 2043 2044
2581 2 2 1 2 525 2045 2047
2582 2 2 1 2 2045 40 2046
2583 2 2 1 2 2047 2046 526
2584 2 2 1 2 2045 2046 2047
2585 2 2 1 2 527 2048 2050
2586 2 2 1 2 2048 526 2049
2587 2 2 1 2 2050 2049 140
2588 2 2 1 2 2048 2049 2050
2589 2 2 1 2 525 2047 2043
2590 2 2 1 2 2047 526 2048
2591 2 2 1 2 2043 2048 527
2592 2 2 1 2 2047 2048 2043
2593 2 2 1 2 116 2051 1691
2594 2 2 1 2 2051 528 2052
2595 2 2 1 2 1691 2052 437
2596 2 2 1 2 2051 2052 1691
2597 2 2 1 2 528 2053 2055
2598 2 2 1 2 2053 140 2054
2599 2 2 1 2 2055 2054 529
2600 2 2 1 2 2053 2054 2055
2601 2 2 1 2 437 2056 1694
2602 2 2 1 2 2056 529 2057
2603 2 2 1 2 1694 2057 34
2604 2 2 1 2 2056 2057 1694
2605 2 2 1 2 528 2055 2052
2606 2 2 1 2 2055 529 2056
2607 2 2 1 2 2052 2056 437
2608 2 2 1 2 2055 2056 2052
2609 2 2 1 2 139 2044 2038
2610 2 2 1 2 2044 527 2058
2611 2 2 1 2 2038 2058 524
2612 2 2 1 2 2044 2058 2038
2613 2 2 1 2 527 2050 2059
2614 2 2 1 2 2050 140 2053
2615 2 2 1 2 2059 2053 528
2616 2 2 1 2 2050 2053 2059
2617 2 2 1 2 524 2060 2041
2618 2 2 1 2 2060 528 2051
2619 2 2 1 2 2041 2051 116
2620 2 2 1 2 2060 2051 2041
2621 2 2 1 2 527 2059 2058
2622 2 2 1 2 2059 528 2060
2623 2 2 1 2 2058 2060 524
2624 2 2 1 2 2059 2060 2058
2625 2 2 1 2 40 2061 2063
2626 2 2 1 2 2061 530 2062
2627 2 2 1 2 2063 2062 532
2628 2 2 1 2 2061 2062 2063
2629 2 2 1 2 530 2064 2066
2630 2 2 1 2 2064 141 2065
2631 2 2 1 2 2066 2065 531
2632 2 2 1 2 2064 2065 2066
2633 2 2 1 2 532 2067 2069
2634 2 2 1 2 2067 531 2068
2635 2 2 1 2 2069 2068 143
2636 2 2 1 2 2067 2068 2069
2637 2 2 1 2 530 2066 2062
2638 2 2 1 2 2066 531 2067
2639 2 2 1 2 2062 2067 532
2640 2 2 1 2 2066 2067 2062
2641 2 2 1 2 141 2070 2072
2642 2 2 1 2 2070 533 2071
2643 2 2 1 2 2072 2071 535
2644 2 2 1 2 2070 2071 2072
2645 2 2 1 2 533 2073 2075
2646 2 2 1 2 2073 13 2074
2647 2 2 1 2 2075 2074 534
2648 2 2 1 2 2073 2074 2075
2649 2 2 1 2 535 2076 2078
2650 2 2 1 2 2076 534 2077
2651 2 2 1 2 2078 2077 142
2652 2 2 1 2 2076 2077 2078
2653 2 2 1 2 533 2075 2071
2654 2 2 1 2 2075 534 2076
2655 2 2 1 2 2071 2076 535
2656 2 2 1 2 2075 2076 2071
2657 2 2 1 2 143 2079 2081
2658 2 2 1 2 2079 536 2080
2659 2 2 1 2 2081 2080 538
2660 2 2 1 2 2079 2080 2081
2661 2 2 1 2 536 2082 2084
2662 2 2 1 2 2082 142 2083
2663 2 2 1 2 2084 2083 537
2664 2 2 1 2 2082 2083 2084
2665 2 2 1 2 538 2085 2087
2666 2 2 1 2 2085 537 2086
2667 2 2 1 2 2087 2086 41
2668 2 2 1 2 2085 2086 2087
2669 2 2 1 2 536 2084 2080
2670 2 2 1 2 2084 537 2085
2671 2 2 1 2 2080 2085 538
2672 2 2 1 2 2084 2085 2080
2673 2 2 1 2 141 2072 2065
2674 2 2 1 2 2072 535 2088
2675 2 2 1 2 2065 2088 531
2676 2 2 1 2 2072 2088 2065
2677 2 2 1 2 535 2078 2089
2678 2 2 1 2 2078 142 2082
2679 2 2 1 2 2089 2082 536
2680 2 2 1 2 2078 2082 2089
2681 2 2 1 2 531 2090 2068
2682 2 2 1 2 2090 536 2079
2683 2 2 1 2 2068 2079 143
2684 2 2 1 2 2090 2079 2068
2685 2 2 1 2 535 2089 2088
2686 2 2 1 2 2089 536 2090
2687 2 2 1 2 2088 2090 531
2688 2 2 1 2 2089 2090 2088
2689 2 2 1 2 34 2091 1710
2690 2 2 1 2 2091 539 2092
2691 2 2 1 2 1710 2092 442
2692 2 2 1 2 2091 2092 1710
2693 2 2 1 2 539 2093 2095
2694 2 2 1 2 2093 144 2094
2695 2 2 1 2 2095 2094 540
2696 2 2 1 2 2093 2094 2095
2697 2 2 1 2 442 2096 1713
2698 2 2 1 2 2096 540 2097
2699 2 2 1 2 1713 2097 119
2700 2 2 1 2 2096 2097 1713
2701 2 2 1 2 539 2095 2092
2702 2 2 1 2 2095 540 2096
2703 2 2 1 2 2092 2096 442
2704 2 2 1 2 2095 2096 2092
2705 2 2 1 2 144 2098 2100
2706 2 2 1 2 2098 541 2099
2707 2 2 1 2 2100 2099 543
2708 2 2 1 2 2098 2099 2100
2709 2 2 1 2 541 2101 2103
2710 2 2 1 2 2101 41 2102
2711 2 2 1 2 2103 2102 542
2712 2 2 1 2 2101 2102 2103
2713 2 2 1 2 543 2104 2106
2714 2 2 1 2 2104 542 2105
2715 2 2 1 2 2106 2105 145
2716 2 2 1 2 2104 2105 2106
2717 2 2 1 2 541 2103 2099
2718 2 2 1 2 2103 542 2104
2719 2 2 1 2 2099 2104 543
2720 2 2 1 2 2103 2104 2099
2721 2 2 1 2 119 2107 1718
2722 2 2 1 2 2107 544 2108
2723 2 2 1 2 1718 2108 445
2724 2 2 1 2 2107 2108 1718
2725 2 2 1 2 544 2109 2111
2726 2 2 1 2 2109 145 2110
2727 2 2 1 2 2111 2110 545
2728 2 2 1 2 2109 2110 2111
2729 2 2 1 2 445 2112 1721
2730 2 2 1 2 2112 545 2113
2731 2 2 1 2 1721 2113 3
2732 2 2 1 2 2112 2113 1721
2733 2 2 1 2 544 2111 2108
2734 2 2 1 2 2111 545 2112
2735 2 2 1 2 2108 2112 445
2736 2 2 1 2 2111 2112 2108
2737 2 2 1 2 144 2100 2094
2738 2 2 1 2 2100 543 2114
2739 2 2 1 2 2094 2114 540
2740 2 2 1 2 2100 2114 2094
2741 2 2 1 2 543 2106 2115
2742 2 2 1 2 2106 145 2109
2743 2 2 1 2 2115 2109 544
2744 2 2 1 2 2106 2109 2115
2745 2 2 1 2 540 2116 2097
2746 2 2 1 2 2116 544 2107
2747 2 2 1 2 2097 2107 119
2748 2 2 1 2 2116 2107 2097
2749 2 2 1 2 543 2115 2114
2750 2 2 1 2 2115 544 2116
2751 2 2 1 2 2114 2116 540
2752 2 2 1 2 2115 2116 2114
2753 2 2 1 2 40 2063 2046
2754 2 2 1 2 2063 532 2117
2755 2 2 1 2 2046 2117 526
2756 2 2 1 2 2063 2117 2046
2757 2 2 1 2 532 2069 2119
2758 2 2 1 2 2069 143 2118
2759 2 2 1 2 2119 2118 546
2760 2 2 1 2 2069 2118 2119
2761 2 2 1 2 526 2120 2049
2762 2 2 1 2 2120 546 2121
2763 2 2 1 2 2049 2121 140
2764 2 2 1 2 2120 2121 2049
2765 2 2 1 2 532 2119 2117
2766 2 2 1 2 2119 546 2120
2767 2 2 1 2 2117 2120 526
2768 2 2 1 2 2119 2120 2117
2769 2 2 1 2 143 2081 2123
2770 2 2 1 2 2081 538 2122
2771 2 2 1 2 2123 2122 547
2772 2 2 1 2 2081 2122 2123
2773 2 2 1 2 538 2087 2124
2774 2 2 1 2 2087 41 2101
2775 2 2 1 2 2124 2101 541
2776 2 2 1 2 2087 2101 2124
2777 2 2 1 2 547 2125 2126
2778 2 2 1 2 2125 541 2098
2779 2 2 1 2 2126 2098 144
2780 2 2 1 2 2125 2098 2126
2781 2 2 1 2 538 2124 2122
2782 2 2 1 2 2124 541 2125
2783 2 2 1 2 2122 2125 547
2784 2 2 1 2 2124 2125 2122
2785 2 2 1 2 140 2127 2054
2786 2 2 1 2 2127 548 2128
2787 2 2 1 2 2054 2128 529
2788 2 2 1 2 2127 2128 2054
2789 2 2 1 2 548 2129 2130
2790 2 2 1 2 2129 144 2093
2791 2 2 1 2 2130 2093 539
2792 2 2 1 2 2129 2093 2130
2793 2 2 1 2 529 2131 2057
2794 2 2 1 2 2131 539 2091
2795 2 2 1 2 2057 2091 34
2796 2 2 1 2 2131 2091 2057
2797 2 2 1 2 548 2130 2128
2798 2 2 1 2 2130 539 2131
2799 2 2 1 2 2128 2131 529
2800 2 2 1 2 2130 2131 2128
2801 2 2 1 2 143 2123 2118
2802 2 2 1 2 2123 547 2132
2803 2 2 1 2 2118 2132 546
2804 2 2 1 2 2123 2132 2118
2805 2 2 1 2 547 2126 2133
2806 2 2 1 2 2126 144 2129
2807 2 2 1 2 2133 2129 548
2808 2 2 1 2 2126 2129 2133
2809 2 2 1 2 546 2134 2121
2810 2 2 1 2 2134 548 2127
2811 2 2 1 2 2121 2127 140
2812 2 2 1 2 2134 2127 2121
2813 2 2 1 2 547 2133 2132
2814 2 2 1 2 2133 548 2134
2815 2 2 1 2 2132 2134 546
2816 2 2 1 2 2133 2134 2132
2817 2 2 1 2 12 1929 1866
2818 2 2 1 2 1929 495 2135
2819 2 2 1 2 1866 2135 478
2820 2 2 1 2 1929 2135 1866
2821 2 2 1 2 495 1935 2137
2822 2 2 1 2 1935 132 2136
2823 2 2 1 2 2137 2136 549
2824 2 2 1 2 1935 2136 2137
2825 2 2 1 2 478 2138 1869
2826 2 2 1 2 2138 549 2139
2827 2 2 1 2 1869 2139 126
2828 2 2 1 2 2138 2139 1869
2829 2 2 1 2 495 2137 2135
2830 2 2 1 2 2137 549 2138
2831 2 2 1 2 2135 2138 478
2832 2 2 1 2 2137 2138 2135
2833 2 2 1 2 132 1947 2141
2834 2 2 1 2 1947 501 2140
2835 2 2 1 2 2141 2140 551
2836 2 2 1 2 1947 2140 2141
2837 2 2 1 2 501 1953 2143
2838 2 2 1 2 1953 39 2142
2839 2 2 1 2 2143 2142 550
2840 2 2 1 2 1953 2142 2143
2841 2 2 1 2 551 2144 2146
2842 2 2 1 2 2144 550 2145
2843 2 2 1 2 2146 2145 146
2844 2 2 1 2 2144 2145 2146
2845 2 2 1 2 501 2143 2140
2846 2 2 1 2 2143 550 2144
2847 2 2 1 2 2140 2144 551
2848 2 2 1 2 2143 2144 2140
2849 2 2 1 2 126 2147 1875
2850 2 2 1 2 2147 552 2148
2851 2 2 1 2 1875 2148 481
2852 2 2 1 2 2147 2148 1875
2853 2 2 1 2 552 2149 2151
2854 2 2 1 2 2149 146 2150
2855 2 2 1 2 2151 2150 553
2856 2 2 1 2 2149 2150 2151
2857 2 2 1 2 481 2152 1878
2858 2 2 1 2 2152 553 2153
2859 2 2 1 2 1878 2153 36
2860 2 2 1 2 2152 2153 1878
2861 2 2 1 2 552 2151 2148
2862 2 2 1 2 2151 553 2152
2863 2 2 1 2 2148 2152 481
2864 2 2 1 2 2151 2152 2148
2865 2 2 1 2 132 2141 2136
2866 2 2 1 2 2141 551 2154
2867 2 2 1 2 2136 2154 549
2868 2 2 1 2 2141 2154 2136
2869 2 2 1 2 551 2146 2155
2870 2 2 1 2 2146 146 2149
2871 2 2 1 2 2155 2149 552
2872 2 2 1 2 2146 2149 2155
2873 2 2 1 2 549 2156 2139
2874 2 2 1 2 2156 552 2147
2875 2 2 1 2 2139 2147 126
2876 2 2 1 2 2156 2147 2139
2877 2 2 1 2 551 2155 2154
2878 2 2 1 2 2155 552 2156
2879 2 2 1 2 2154 2156 549
2880 2 2 1 2 2155 2156 2154
2881 2 2 1 2 39 1989 2158
2882 2 2 1 2 1989 513 2157
2883 2 2 1 2 2158 2157 555
2884 2 2 1 2 1989 2157 2158
2885 2 2 1 2 513 1995 2160
2886 2 2 1 2 1995 138 2159
2887 2 2 1 2 2160 2159 554
2888 2 2 1 2 1995 2159 2160
2889 2 2 1 2 555 2161 2163
2890 2 2 1 2 2161 554 2162
2891 2 2 1 2 2163 2162 147
2892 2 2 1 2 2161 2162 2163
2893 2 2 1 2 513 2160 2157
2894 2 2 1 2 2160 554 2161
2895 2 2 1 2 2157 2161 555
2896 2 2 1 2 2160 2161 2157
2897 2 2 1 2 138 2007 2165
2898 2 2 1 2 2007 519 2164
2899 2 2 1 2 2165 2164 556
2900 2 2 1 2 2007 2164 2165
2901 2 2 1 2 519 2013 2166
2902 2 2 1 2 2013 13 2073
2903 2 2 1 2 2166 2073 533
2904 2 2 1 2 2013 2073 2166
2905 2 2 1 2 556 2167 2168
2906 2 2 1 2 2167 533 2070
2907 2 2 1 2 2168 2070 141
2908 2 2 1 2 2167 2070 2168
2909 2 2 1 2 519 2166 2164
2910 2 2 1 2 2166 533 2167
2911 2 2 1 2 2164 2167 556
2912 2 2 1 2 2166 2167 2164
2913 2 2 1 2 147 2169 2171
2914 2 2 1 2 2169 557 2170
2915 2 2 1 2 2171 2170 558
2916 2 2 1 2 2169 2170 2171
2917 2 2 1 2 557 2172 2173
2918 2 2 1 2 2172 141 2064
2919 2 2 1 2 2173 2064 530
2920 2 2 1 2 2172 2064 2173
2921 2 2 1 2 558 2174 2175
2922 2 2 1 2 2174 530 2061
2923 2 2 1 2 2175 2061 40
2924 2 2 1 2 2174 2061 2175
2925 2 2 1 2 557 2173 2170
2926 2 2 1 2 2173 530 2174
2927 2 2 1 2 2170 2174 558
2928 2 2 1 2 2173 2174 2170
2929 2 2 1 2 138 2165 2159
2930 2 2 1 2 2165 556 2176
2931 2 2 1 2 2159 2176 554
2932 2 2 1 2 2165 2176 2159
2933 2 2 1 2 556 2168 2177
2934 2 2 1 2 2168 141 2172
2935 2 2 1 2 2177 2172 557
2936 2 2 1 2 2168 2172 2177
2937 2 2 1 2 554 2178 2162
2938 2 2 1 2 2178 557 2169
2939 2 2 1 2 2162 2169 147
2940 2 2 1 2 2178 2169 2162
2941 2 2 1 2 556 2177 2176
2942 2 2 1 2 2177 557 2178
2943 2 2 1 2 2176 2178 554
2944 2 2 1 2 2177 2178 2176
2945 2 2 1 2 36 2179 1894
2946 2 2 1 2 2179 559 2180
2947 2 2 1 2 1894 2180 486
2948 2 2 1 2 2179 2180 1894
2949 2 2 1 2 559 2181 2183
2950 2 2 1 2 2181 148 2182
2951 2 2 1 2 2183 2182 560
2952 2 2 1 2 2181 2182 2183
2953 2 2 1 2 486 2184 1897
2954 2 2 1 2 2184 560 2185
2955 2 2 1 2 1897 2185 129
2956 2 2 1 2 2184 2185 1897
2957 2 2 1 2 559 2183 2180
2958 2 2 1 2 2183 560 2184
2959 2 2 1 2 2180 2184 486
2960 2 2 1 2 2183 2184 2180
2961 2 2 1 2 148 2186 2188
2962 2 2 1 2 2186 561 2187
2963 2 2 1 2 2188 2187 562
2964 2 2 1 2 2186 2187 2188
2965 2 2 1 2 561 2189 2190
2966 2 2 1 2 2189 40 2045
2967 2 2 1 2 2190 2045 525
2968 2 2 1 2 2189 2045 2190
2969 2 2 1 2 562 2191 2192
2970 2 2 1 2 2191 525 2042
2971 2 2 1 2 2192 2042 139
2972 2 2 1 2 2191 2042 2192
2973 2 2 1 2 561 2190 2187
2974 2 2 1 2 2190 525 2191
2975 2 2 1 2 2187 2191 562
2976 2 2 1 2 2190 2191 2187
2977 2 2 1 2 129 2193 1902
2978 2 2 1 2 2193 563 2194
2979 2 2 1 2 1902 2194 489
2980 2 2 1 2 2193 2194 1902
2981 2 2 1 2 563 2195 2196
2982 2 2 1 2 2195 139 2037
2983 2 2 1 2 2196 2037 523
2984 2 2 1 2 2195 2037 2196
2985 2 2 1 2 489 2197 1905
2986 2 2 1 2 2197 523 2035
2987 2 2 1 2 1905 2035 11
2988 2 2 1 2 2197 2035 1905
2989 2 2 1 2 563 2196 2194
2990 2 2 1 2 2196 523 2197
2991 2 2 1 2 2194 2197 489
2992 2 2 1 2 2196 2197 2194
2993 2 2 1 2 148 2188 2182
2994 2 2 1 2 2188 562 2198
2995 2 2 1 2 2182 2198 560
2996 2 2 1 2 2188 2198 2182
2997 2 2 1 2 562 2192 2199
2998 2 2 1 2 2192 139 2195
2999 2 2 1 2 2199 2195 563
3000 2 2 1 2 2192 2195 2199
3001 2 2 1 2 560 2200 2185
3002 2 2 1 2 2200 563 2193
3003 2 2 1 2 2185 2193 129
3004 2 2 1 2 2200 2193 2185
3005 2 2 1 2 562 2199 2198
3006 2 2 1 2 2199 563 2200
3007 2 2 1 2 2198 2200 560
3008 2 2 1 2 2199 2200 2198
3009 2 2 1 2 39 2158 2142
3010 2 2 1 2 2158 555 2201
3011 2 2 1 2 2142 2201 550
3012 2 2 1 2 2158 2201 2142
3013 2 2 1 2 555 2163 2203
3014 2 2 1 2 2163 147 2202
3015 2 2 1 2 2203 2202 564
3016 2 2 1 2 2163 2202 2203
3017 2 2 1 2 550 2204 2145
3018 2 2 1 2 2204 564 2205
3019 2 2 1 2 2145 2205 146
3020 2 2 1 2 2204 2205 2145
3021 2 2 1 2 555 2203 2201
3022 2 2 1 2 2203 564 2204
3023 2 2 1 2 2201 2204 550
3024 2 2 1 2 2203 2204 2201
3025 2 2 1 2 147 2171 2207
3026 2 2 1 2 2171 558 2206
3027 2 2 1 2 2207 2206 565
3028 2 2 1 2 2171 2206 2207
3029 2 2 1 2 558 2175 2208
3030 2 2 1 2 2175 40 2189
3031 2 2 1 2 2208 2189 561
3032 2 2 1 2 2175 2189 2208
3033 2 2 1 2 565 2209 2210
3034 2 2 1 2 2209 561 2186
3035 2 2 1 2 2210 2186 148
3036 2 2 1 2 2209 2186 2210
3037 2 2 1 2 558 2208 2206
3038 2 2 1 2 2208 561 2209
3039 2 2 1 2 2206 2209 565
3040 2 2 1 2 2208 2209 2206
3041 2 2 1 2 146 2211 2150
3042 2 2 1 2 2211 566 2212
3043 2 2 1 2 2150 2212 553
3044 2 2 1 2 2211 2212 2150
3045 2 2 1 2 566 2213 2214
3046 2 2 1 2 2213 148 2181
3047 2 2 1 2 2214 2181 559
3048 2 2 1 2 2213 2181 2214
3049 2 2 1 2 553 2215 2153
3050 2 2 1 2 2215 559 2179
3051 2 2 1 2 2153 2179 36
3052 2 2 1 2 2215 2179 2153
3053 2 2 1 2 566 2214 2212
3054 2 2 1 2 2214 559 2215
3055 2 2 1 2 2212 2215 553
3056 2 2 1 2 2214 2215 2212
3057 2 2 1 2 147 2207 2202
3058 2 2 1 2 2207 565 2216
3059 2 2 1 2 2202 2216 564
3060 2 2 1 2 2207 2216 2202
3061 2 2 1 2 565 2210 2217
3062 2 2 1 2 2210 148 2213
3063 2 2 1 2 2217 2213 566
3064 2 2 1 2 2210 2213 2217
3065 2 2 1 2 564 2218 2205
3066 2 2 1 2 2218 566 2211
3067 2 2 1 2 2205 2211 146
3068 2 2 1 2 2218 2211 2205
3069 2 2 1 2 565 2217 2216
3070 2 2 1 2 2217 566 2218
3071 2 2 1 2 2216 2218 564
3072 2 2 1 2 2217 2218 2216
3073 2 2 1 2 5 2219 1970
3074 2 2 1 2 2219 567 2220
3075 2 2 1 2 1970 2220 506
3076 2 2 1 2 2219 2220 1970
3077 2 2 1 2 567 2221 2223
3078 2 2 1 2 2221 149 2222
3079 2 2 1 2 2223 2222 568
3080 2 2 1 2 2221 2222 2223
3081 2 2 1 2 506 2224 1973
3082 2 2 1 2 2224 568 2225
3083 2 2 1 2 1973 2225 134
3084 2 2 1 2 2224 2225 1973
3085 2 2 1 2 567 2223 2220
3086 2 2 1 2 2223 568 2224
3087 2 2 1 2 2220 2224 506
3088 2 2 1 2 2223 2224 2220
3089 2 2 1 2 149 2226 2228
3090 2 2 1 2 2226 569 2227
3091 2 2 1 2 2228 2227 571
3092 2 2 1 2 2226 2227 2228
3093 2 2 1 2 569 2229 2231
3094 2 2 1 2 2229 42 2230
3095 2 2 1 2 2231 2230 570
3096 2 2 1 2 2229 2230 2231
3097 2 2 1 2 571 2232 2234
3098 2 2 1 2 2232 570 2233
3099 2 2 1 2 2234 2233 150
3100 2 2 1 2 2232 2233 2234
3101 2 2 1 2 569 2231 2227
3102 2 2 1 2 2231 570 2232
3103 2 2 1 2 2227 2232 571
3104 2 2 1 2 2231 2232 2227
3105 2 2 1 2 134 2235 1979
3106 2 2 1 2 2235 572 2236
3107 2 2 1 2 1979 2236 509
3108 2 2 1 2 2235 2236 1979
3109 2 2 1 2 572 2237 2239
3110 2 2 1 2 2237 150 2238
3111 2 2 1 2 2239 2238 573
3112 2 2 1 2 2237 2238 2239
3113 2 2 1 2 509 2240 1982
3114 2 2 1 2 2240 573 2241
3115 2 2 1 2 1982 2241 38
3116 2 2 1 2 2240 2241 1982
3117 2 2 1 2 572 2239 2236
3118 2 2 1 2 2239 573 2240
3119 2 2 1 2 2236 2240 509
3120 2 2 1 2 2239 2240 2236
3121 2 2 1 2 149 2228 2222
3122 2 2 1 2 2228 571 2242
3123 2 2 1 2 2222 2242 568
3124 2 2 1 2 2228 2242 2222
3125 2 2 1 2 571 2234 2243
3126 2 2 1 2 2234 150 2237
3127 2 2 1 2 2243 2237 572
3128 2 2 1 2 2234 2237 2243
3129 2 2 1 2 568 2244 2225
3130 2 2 1 2 2244 572 2235
3131 2 2 1 2 2225 2235 134
3132 2 2 1 2 2244 2235 2225
3133 2 2 1 2 571 2243 2242
3134 2 2 1 2 2243 572 2244
3135 2 2 1 2 2242 2244 568
3136 2 2 1 2 2243 2244 2242
3137 2 2 1 2 42 2245 2247
3138 2 2 1 2 2245 574 2246
3139 2 2 1 2 2247 2246 576
3140 2 2 1 2 2245 2246 2247
3141 2 2 1 2 574 2248 2250
3142 2 2 1 2 2248 151 2249
3143 2 2 1 2 2250 2249 575
3144 2 2 1 2 2248 2249 2250
3145 2 2 1 2 576 2251 2253
3146 2 2 1 2 2251 575 2252
3147 2 2 1 2 2253 2252 153
3148 2 2 1 2 2251 2252 2253
3149 2 2 1 2 574 2250 2246
3150 2 2 1 2 2250 575 2251
3151 2 2 1 2 2246 2251 576
3152 2 2 1 2 2250 2251 2246
3153 2 2 1 2 151 2254 2256
3154 2 2 1 2 2254 577 2255
3155 2 2 1 2 2256 2255 579
3156 2 2 1 2 2254 2255 2256
3157 2 2 1 2 577 2257 2259
3158 2 2 1 2 2257 14 2258
3159 2 2 1 2 2259 2258 578
3160 2 2 1 2 2257 2258 2259
3161 2 2 1 2 579 2260 2262
3162 2 2 1 2 2260 578 2261
3163 2 2 1 2 2262 2261 152
3164 2 2 1 2 2260 2261 2262
3165 2 2 1 2 577 2259 2255
3166 2 2 1 2 2259 578 2260
3167 2 2 1 2 2255 2260 579
3168 2 2 1 2 2259 2260 2255
3169 2 2 1 2 153 2263 2265
3170 2 2 1 2 2263 580 2264
3171 2 2 1 2 2265 2264 582
3172 2 2 1 2 2263 2264 2265
3173 2 2 1 2 580 2266 2268
3174 2 2 1 2 2266 152 2267
3175 2 2 1 2 2268 2267 581
3176 2 2 1 2 2266 2267 2268
3177 2 2 1 2 582 2269 2271
3178 2 2 1 2 2269 581 2270
3179 2 2 1 2 2271 2270 43
3180 2 2 1 2 2269 2270 2271
3181 2 2 1 2 580 2268 2264
3182 2 2 1 2 2268 581 2269
3183 2 2 1 2 2264 2269 582
3184 2 2 1 2 2268 2269 2264
3185 2 2 1 2 151 2256 2249
3186 2 2 1 2 2256 579 2272
3187 2 2 1 2 2249 2272 575
3188 2 2 1 2 2256 2272 2249
3189 2 2 1 2 579 2262 2273
3190 2 2 1 2 2262 152 2266
3191 2 2 1 2 2273 2266 580
3192 2 2 1 2 2262 2266 2273
3193 2 2 1 2 575 2274 2252
3194 2 2 1 2 2274 580 2263
3195 2 2 1 2 2252 2263 153
3196 2 2 1 2 2274 2263 2252
3197 2 2 1 2 579 2273 2272
3198 2 2 1 2 2273 580 2274
3199 2 2 1 2 2272 2274 575
3200 2 2 1 2 2273 2274 2272
3201 2 2 1 2 38 2275 2000
3202 2 2 1 2 2275 583 2276
3203 2 2 1 2 2000 2276 515
3204 2 2 1 2 2275 2276 2000
3205 2 2 1 2 583 2277 2279
3206 2 2 1 2 2277 154 2278
3207 2 2 1 2 2279 2278 584
3208 2 2 1 2 2277 2278 2279
3209 2 2 1 2 515 2280 2003
3210 2 2 1 2 2280 584 2281
3211 2 2 1 2 2003 2281 137
3212 2 2 1 2 2280 2281 2003
3213 2 2 1 2 583 2279 2276
3214 2 2 1 2 2279 584 2280
3215 2 2 1 2 2276 2280 515
3216 2 2 1 2 2279 2280 2276
3217 2 2 1 2 154 2282 2284
3218 2 2 1 2 2282 585 2283
3219 2 2 1 2 2284 2283 587
3220 2 2 1 2 2282 2283 2284
3221 2 2 1 2 585 2285 2287
3222 2 2 1 2 2285 43 2286
3223 2 2 1 2 2287 2286 586
3224 2 2 1 2 2285 2286 2287
3225 2 2 1 2 587 2288 2290
3226 2 2 1 2 2288 586 2289
3227 2 2 1 2 2290 2289 155
3228 2 2 1 2 2288 2289 2290
3229 2 2 1 2 585 2287 2283
3230 2 2 1 2 2287 586 2288
3231 2 2 1 2 2283 2288 587
3232 2 2 1 2 2287 2288 2283
3233 2 2 1 2 137 2291 2009
3234 2 2 1 2 2291 588 2292
3235 2 2 1 2 2009 2292 518
3236 2 2 1 2 2291 2292 2009
3237 2 2 1 2 588 2293 2295
3238 2 2 1 2 2293 155 2294
3239 2 2 1 2 2295 2294 589
3240 2 2 1 2 2293 2294 2295
3241 2 2 1 2 518 2296 2012
3242 2 2 1 2 2296 589 2297
3243 2 2 1 2 2012 2297 13
3244 2 2 1 2 2296 2297 2012
3245 2 2 1 2 588 2295 2292
3246 2 2 1 2 2295 589 2296
3247 2 2 1 2 2292 2296 518
3248 2 2 1 2 2295 2296 2292
3249 2 2 1 2 154 2284 2278
3250 2 2 1 2 2284 587 2298
3251 2 2 1 2 2278 2298 584
3252 2 2 1 2 2284 2298 2278
3253 2 2 1 2 587 2290 2299
3254 2 2 1 2 2290 155 2293
3255 2 2 1 2 2299 2293 588
3256 2 2 1 2 2290 2293 2299
3257 2 2 1 2 584 2300 2281
3258 2 2 1 2 2300 588 2291
3259 2 2 1 2 2281 2291 137
3260 2 2 1 2 2300 2291 2281
3261 2 2 1 2 587 2299 2298
3262 2 2 1 2 2299 588 2300
3263 2 2 1 2 2298 2300 584
3264 2 2 1 2 2299 2300 2298
3265 2 2 1 2 42 2247 2230
3266 2 2 1 2 2247 576 2301
3267 2 2 1 2 2230 2301 570
3268 2 2 1 2 2247 2301 2230
3269 2 2 1 2 576 2253 2303
3270 2 2 1 2 2253 153 2302
3271 2 2 1 2 2303 2302 590
3272 2 2 1 2 2253 2302 2303
3273 2 2 1 2 570 2304 2233
3274 2 2 1 2 2304 590 2305
3275 2 2 1 2 2233 2305 150
3276 2 2 1 2 2304 2305 2233
3277 2 2 1 2 576 2303 2301
3278 2 2 1 2 2303 590 2304
3279 2 2 1 2 2301 2304 570
3280 2 2 1 2 2303 2304 2301
3281 2 2 1 2 153 2265 2307
3282 2 2 1 2 2265 582 2306
3283 2 2 1 2 2307 2306 591
3284 2 2 1 2 2265 2306 2307
3285 2 2 1 2 582 2271 2308
3286 2 2 1 2 2271 43 2285
3287 2 2 1 2 2308 2285 585
3288 2 2 1 2 2271 2285 2308
3289 2 2 1 2 591 2309 2310
3290 2 2 1 2 2309 585 2282
3291 2 2 1 2 2310 2282 154
3292 2 2 1 2 2309 2282 2310
3293 2 2 1 2 582 2308 2306
3294 2 2 1 2 2308 585 2309
3295 2 2 1 2 2306 2309 591
3296 2 2 1 2 2308 2309 2306
3297 2 2 1 2 150 2311 2238
3298 2 2 1 2 2311 592 2312
3299 2 2 1 2 2238 2312 573
3300 2 2 1 2 2311 2312 2238
3301 2 2 1 2 592 2313 2314
3302 2 2 1 2 2313 154 2277
3303 2 2 1 2 2314 2277 583
3304 2 2 1 2 2313 2277 2314
3305 2 2 1 2 573 2315 2241
3306 2 2 1 2 2315 583 2275
3307 2 2 1 2 2241 2275 38
3308 2 2 1 2 2315 2275 2241
3309 2 2 1 2 592 2314 2312
3310 2 2 1 2 2314 583 2315
3311 2 2 1 2 2312 2315 573
3312 2 2 1 2 2314 2315 2312
3313 2 2 1 2 153 2307 2302
3314 2 2 1 2 2307 591 2316
3315 2 2 1 2 2302 2316 590
3316 2 2 1 2 2307 2316 2302
3317 2 2 1 2 591 2310 2317
3318 2 2 1 2 2310 154 2313
3319 2 2 1 2 2317 2313 592
3320 2 2 1 2 2310 2313 2317
3321 2 2 1 2 590 2318 2305
3322 2 2 1 2 2318 592 2311
3323 2 2 1 2 2305 2311 150
3324 2 2 1 2 2318 2311 2305
3325 2 2 1 2 591 2317 2316
3326 2 2 1 2 2317 592 2318
3327 2 2 1 2 2316 2318 590
3328 2 2 1 2 2317 2318 2316
3329 2 2 1 2 14 2319 2321
3330 2 2 1 2 2319 593 2320
3331 2 2 1 2 2321 2320 595
3332 2 2 1 2 2319 2320 2321
3333 2 2 1 2 593 2322 2324
3334 2 2 1 2 2322 156 2323
3335 2 2 1 2 2324 2323 594
3336 2 2 1 2 2322 2323 2324
3337 2 2 1 2 595 2325 2327
3338 2 2 1 2 2325 594 2326
3339 2 2 1 2 2327 2326 158
3340 2 2 1 2 2325 2326 2327
3341 2 2 1 2 593 2324 2320
3342 2 2 1 2 2324 594 2325
3343 2 2 1 2 2320 2325 595
3344 2 2 1 2 2324 2325 2320
3345 2 2 1 2 156 2328 2330
3346 2 2 1 2 2328 596 2329
3347 2 2 1 2 2330 2329 598
3348 2 2 1 2 2328 2329 2330
3349 2 2 1 2 596 2331 2333
3350 2 2 1 2 2331 44 2332
3351 2 2 1 2 2333 2332 597
3352 2 2 1 2 2331 2332 2333
3353 2 2 1 2 598 2334 2336
3354 2 2 1 2 2334 597 2335
3355 2 2 1 2 2336 2335 157
3356 2 2 1 2 2334 2335 2336
3357 2 2 1 2 596 2333 2329
3358 2 2 1 2 2333 597 2334
3359 2 2 1 2 2329 2334 598
3360 2 2 1 2 2333 2334 2329
3361 2 2 1 2 158 2337 2339
3362 2 2 1 2 2337 599 2338
3363 2 2 1 2 2339 2338 601
3364 2 2 1 2 2337 2338 2339
3365 2 2 1 2 599 2340 2342
3366 2 2 1 2 2340 157 2341
3367 2 2 1 2 2342 2341 600
3368 2 2 1 2 2340 2341 2342
3369 2 2 1 2 601 2343 2345
3370 2 2 1 2 2343 600 2344
3371 2 2 1 2 2345 2344 45
3372 2 2 1 2 2343 2344 2345
3373 2 2 1 2 599 2342 2338
3374 2 2 1 2 2342 600 2343
3375 2 2 1 2 2338 2343 601
3376 2 2 1 2 2342 2343 2338
3377 2 2 1 2 156 2330 2323
3378 2 2 1 2 2330 598 2346
3379 2 2 1 2 2323 2346 594
3380 2 2 1 2 2330 2346 2323
3381 2 2 1 2 598 2336 2347
3382 2 2 1 2 2336 157 2340
3383 2 2 1 2 2347 2340 599
3384 2 2 1 2 2336 2340 2347
3385 2 2 1 2 594 2348 2326
3386 2 2 1 2 2348 599 2337
3387 2 2 1 2 2326 2337 158
3388 2 2 1 2 2348 2337 2326
3389 2 2 1 2 598 2347 2346
3390 2 2 1 2 2347 599 2348
3391 2 2 1 2 2346 2348 594
3392 2 2 1 2 2347 2348 2346
3393 2 2 1 2 44 2349 2351
3394 2 2 1 2 2349 602 2350
3395 2 2 1 2 2351 2350 604
3396 2 2 1 2 2349 2350 2351
3397 2 2 1 2 602 2352 2354
3398 2 2 1 2 2352 159 2353
3399 2 2 1 2 2354 2353 603
3400 2 2 1 2 2352 2353 2354
3401 2 2 1 2 604 2355 2357
3402 2 2 1 2 2355 603 2356
3403 2 2 1 2 2357 2356 160
3404 2 2 1 2 2355 2356 2357
3405 2 2 1 2 602 2354 2350
3406 2 2 1 2 2354 603 2355
3407 2 2 1 2 2350 2355 604
3408 2 2 1 2 2354 2355 2350
3409 2 2 1 2 159 2358 2360
3410 2 2 1 2 2358 605 2359
3411 2 2 1 2 2360 2359 606
3412 2 2 1 2 2358 2359 2360
3413 2 2 1 2 605 2361 2362
3414 2 2 1 2 2361 1 1029
3415 2 2 1 2 2362 1029 261
3416 2 2 1 2 2361 1029 2362
3417 2 2 1 2 606 2363 2364
3418 2 2 1 2 2363 261 1035
3419 2 2 1 2 2364 1035 69
3420 2 2 1 2 2363 1035 2364
3421 2 2 1 2 605 2362 2359
3422 2 2 1 2 2362 261 2363
3423 2 2 1 2 2359 2363 606
3424 2 2 1 2 2362 2363 2359
3425 2 2 1 2 160 2365 2367
3426 2 2 1 2 2365 607 2366
3427 2 2 1 2 2367 2366 608
3428 2 2 1 2 2365 2366 2367
3429 2 2 1 2 607 2368 2369
3430 2 2 1 2 2368 69 1047
3431 2 2 1 2 2369 1047 267
3432 2 2 1 2 2368 1047 2369
3433 2 2 1 2 608 2370 2371
3434 2 2 1 2 2370 267 1053
3435 2 2 1 2 2371 1053 21
3436 2 2 1 2 2370 1053 2371
3437 2 2 1 2 607 2369 2366
3438 2 2 1 2 2369 267 2370
3439 2 2 1 2 2366 2370 608
3440 2 2 1 2 2369 2370 2366
3441 2 2 1 2 159 2360 2353
3442 2 2 1 2 2360 606 2372
3443 2 2 1 2 2353 2372 603
3444 2 2 1 2 2360 2372 2353
3445 2 2 1 2 606 2364 2373
3446 2 2 1 2 2364 69 2368
3447 2 2 1 2 2373 2368 607
3448 2 2 1 2 2364 2368 2373
3449 2 2 1 2 603 2374 2356
3450 2 2 1 2 2374 607 2365
3451 2 2 1 2 2356 2365 160
3452 2 2 1 2 2374 2365 2356
3453 2 2 1 2 606 2373 2372
3454 2 2 1 2 2373 607 2374
3455 2 2 1 2 2372 2374 603
3456 2 2 1 2 2373 2374 2372
3457 2 2 1 2 45 2375 2377
3458 2 2 1 2 2375 609 2376
3459 2 2 1 2 2377 2376 611
3460 2 2 1 2 2375 2376 2377
3461 2 2 1 2 609 2378 2380
3462 2 2 1 2 2378 161 2379
3463 2 2 1 2 2380 2379 610
3464 2 2 1 2 2378 2379 2380
3465 2 2 1 2 611 2381 2383
3466 2 2 1 2 2381 610 2382
3467 2 2 1 2 2383 2382 162
3468 2 2 1 2 2381 2382 2383
3469 2 2 1 2 609 2380 2376
3470 2 2 1 2 2380 610 2381
3471 2 2 1 2 2376 2381 611
3472 2 2 1 2 2380 2381 2376
3473 2 2 1 2 161 2384 2386
3474 2 2 1 2 2384 612 2385
3475 2 2 1 2 2386 2385 613
3476 2 2 1 2 2384 2385 2386
3477 2 2 1 2 612 2387 2388
3478 2 2 1 2 2387 21 1089
3479 2 2 1 2 2388 1089 279
3480 2 2 1 2 2387 1089 2388
3481 2 2 1 2 613 2389 2390
3482 2 2 1 2 2389 279 1095
3483 2 2 1 2 2390 1095 75
3484 2 2 1 2 2389 1095 2390
3485 2 2 1 2 612 2388 2385
3486 2 2 1 2 2388 279 2389
3487 2 2 1 2 2385 2389 613
3488 2 2 1 2 2388 2389 2385
3489 2 2 1 2 162 2391 2393
3490 2 2 1 2 2391 614 2392
3491 2 2 1 2 2393 2392 615
3492 2 2 1 2 2391 2392 2393
3493 2 2 1 2 614 2394 2395
3494 2 2 1 2 2394 75 1107
3495 2 2 1 2 2395 1107 285
3496 2 2 1 2 2394 1107 2395
3497 2 2 1 2 615 2396 2397
3498 2 2 1 2 2396 285 1113
3499 2 2 1 2 2397 1113 9
3500 2 2 1 2 2396 1113 2397
3501 2 2 1 2 614 2395 2392
3502 2 2 1 2 2395 285 2396
3503 2 2 1 2 2392 2396 615
3504 2 2 1 2 2395 2396 2392
3505 2 2 1 2 161 2386 2379
3506 2 2 1 2 2386 613 2398
3507 2 2 1 2 2379 2398 610
3508 2 2 1 2 2386 2398 2379
3509 2 2 1 2 613 2390 2399
3510 2 2 1 2 2390 75 2394
3511 2 2 1 2 2399 2394 614
3512 2 2 1 2 2390 2394 2399
3513 2 2 1 2 610 2400 2382
3514 2 2 1 2 2400 614 2391
3515 2 2 1 2 2382 2391 162
3516 2 2 1 2 2400 2391 2382
3517 2 2 1 2 613 2399 2398
3518 2 2 1 2 2399 614 2400
3519 2 2 1 2 2398 2400 610
3520 2 2 1 2 2399 2400 2398
3521 2 2 1 2 44 2351 2332
3522 2 2 1 2 2351 604 2401
3523 2 2 1 2 2332 2401 597
3524 2 2 1 2 2351 2401 2332
3525 2 2 1 2 604 2357 2403
3526 2 2 1 2 2357 160 2402
3527 2 2 1 2 2403 2402 616
3528 2 2 1 2 2357 2402 2403
3529 2 2 1 2 597 2404 2335
3530 2 2 1 2 2404 616 2405
3531 2 2 1 2 2335 2405 157
3532 2 2 1 2 2404 2405 2335
3533 2 2 1 2 604 2403 2401
3534 2 2 1 2 2403 616 2404
3535 2 2 1 2 2401 2404 597
3536 2 2 1 2 2403 2404 2401
3537 2 2 1 2 160 2367 2407
3538 2 2 1 2 2367 608 2406
3539 2 2 1 2 2407 2406 617
3540 2 2 1 2 2367 2406 2407
3541 2 2 1 2 608 2371 2408
3542 2 2 1 2 2371 21 2387
3543 2 2 1 2 2408 2387 612
3544 2 2 1 2 2371 2387 2408
3545 2 2 1 2 617 2409 2410
3546 2 2 1 2 2409 612 2384
3547 2 2 1 2 2410 2384 161
3548 2 2 1 2 2409 2384 2410
3549 2 2 1 2 608 2408 2406
3550 2 2 1 2 2408 612 2409
3551 2 2 1 2 2406 2409 617
3552 2 2 1 2 2408 2409 2406
3553 2 2 1 2 157 2411 2341
3554 2 2 1 2 2411 618 2412
3555 2 2 1 2 2341 2412 600
3556 2 2 1 2 2411 2412 2341
3557 2 2 1 2 618 2413 2414
3558 2 2 1 2 2413 161 2378
3559 2 2 1 2 2414 2378 609
3560 2 2 1 2 2413 2378 2414
3561 2 2 1 2 600 2415 2344
3562 2 2 1 2 2415 609 2375
3563 2 2 1 2 2344 2375 45
3564 2 2 1 2 2415 2375 2344
3565 2 2 1 2 618 2414 2412
3566 2 2 1 2 2414 609 2415
3567 2 2 1 2 2412 2415 600
3568 2 2 1 2 2414 2415 2412
3569 2 2 1 2 160 2407 2402
3570 2 2 1 2 2407 617 2416
3571 2 2 1 2 2402 2416 616
3572 2 2 1 2 2407 2416 2402
3573 2 2 1 2 617 2410 2417
3574 2 2 1 2 2410 161 2413
3575 2 2 1 2 2417 2413 618
3576 2 2 1 2 2410 2413 2417
3577 2 2 1 2 616 2418 2405
3578 2 2 1 2 2418 618 2411
3579 2 2 1 2 2405 2411 157
3580 2 2 1 2 2418 2411 2405
3581 2 2 1 2 617 2417 2416
3582 2 2 1 2 2417 618 2418
3583 2 2 1 2 2416 2418 616
3584 2 2 1 2 2417 2418 2416
3585 2 2 1 2 13 2419 2074
3586 2 2 1 2 2419 619 2420
3587 2 2 1 2 2074 2420 534
3588 2 2 1 2 2419 2420 2074
3589 2 2 1 2 619 2421 2423
3590 2 2 1 2 2421 163 2422
3591 2 2 1 2 2423 2422 620
3592 2 2 1 2 2421 2422 2423
3593 2 2 1 2 534 2424 2077
3594 2 2 1 2 2424 620 2425
3595 2 2 1 2 2077 2425 142
3596 2 2 1 2 2424 2425 2077
3597 2 2 1 2 619 2423 2420
3598 2 2 1 2 2423 620 2424
3599 2 2 1 2 2420 2424 534
3600 2 2 1 2 2423 2424 2420
3601 2 2 1 2 163 2426 2428
3602 2 2 1 2 2426 621 2427
3603 2 2 1 2 2428 2427 623
3604 2 2 1 2 2426 2427 2428
3605 2 2 1 2 621 2429 2431
3606 2 2 1 2 2429 46 2430
3607 2 2 1 2 2431 2430 622
3608 2 2 1 2 2429 2430 2431
3609 2 2 1 2 623 2432 2434
3610 2 2 1 2 2432 622 2433
3611 2 2 1 2 2434 2433 164
3612 2 2 1 2 2432 2433 2434
3613 2 2 1 2 621 2431 2427
3614 2 2 1 2 2431 622 2432
3615 2 2 1 2 2427 2432 623
3616 2 2 1 2 2431 2432 2427
3617 2 2 1 2 142 2435 2083
3618 2 2 1 2 2435 624 2436
3619 2 2 1 2 2083 2436 537
3620 2 2 1 2 2435 2436 2083
3621 2 2 1 2 624 2437 2439
3622 2 2 1 2 2437 164 2438
3623 2 2 1 2 2439 2438 625
3624 2 2 1 2 2437 2438 2439
3625 2 2 1 2 537 2440 2086
3626 2 2 1 2 2440 625 2441
3627 2 2 1 2 2086 2441 41
3628 2 2 1 2 2440 2441 2086
3629 2 2 1 2 624 2439 2436
3630 2 2 1 2 2439 625 2440
3631 2 2 1 2 2436 2440 537
3632 2 2 1 2 2439 2440 2436
3633 2 2 1 2 163 2428 2422
3634 2 2 1 2 2428 623 2442
3635 2 2 1 2 2422 2442 620
3636 2 2 1 2 2428 2442 2422
3637 2 2 1 2 623 2434 2443
3638 2 2 1 2 2434 164 2437
3639 2 2 1 2 2443 2437 624
3640 2 2 1 2 2434 2437 2443
3641 2 2 1 2 620 2444 2425
3642 2 2 1 2 2444 624 2435
3643 2 2 1 2 2425 2435 142
3644 2 2 1 2 2444 2435 2425
3645 2 2 1 2 623 2443 2442
3646 2 2 1 2 2443 624 2444
3647 2 2 1 2 2442 2444 620
3648 2 2 1 2 2443 2444 2442
3649 2 2 1 2 46 2445 2447
3650 2 2 1 2 2445 626 2446
3651 2 2 1 2 2447 2446 628
3652 2 2 1 2 2445 2446 2447
3653 2 2 1 2 626 2448 2450
3654 2 2 1 2 2448 165 2449
3655 2 2 1 2 2450 2449 627
3656 2 2 1 2 2448 2449 2450
3657 2 2 1 2 628 2451 2453
3658 2 2 1 2 2451 627 2452
3659 2 2 1 2 2453 2452 166
3660 2 2 1 2 2451 2452 2453
3661 2 2 1 2 626 2450 2446
3662 2 2 1 2 2450 627 2451
3663 2 2 1 2 2446 2451 628
3664 2 2 1 2 2450 2451 2446
3665 2 2 1 2 165 2454 2456
3666 2 2 1 2 2454 629 2455
3667 2 2 1 2 2456 2455 630
3668 2 2 1 2 2454 2455 2456
3669 2 2 1 2 629 2457 2458
3670 2 2 1 2 2457 9 1245
3671 2 2 1 2 2458 1245 321
3672 2 2 1 2 2457 1245 2458
3673 2 2 1 2 630 2459 2460
3674 2 2 1 2 2459 321 1251
3675 2 2 1 2 2460 1251 87
3676 2 2 1 2 2459 1251 2460
3677 2 2 1 2 629 2458 2455
3678 2 2 1 2 2458 321 2459
3679 2 2 1 2 2455 2459 630
3680 2 2 1 2 2458 2459 2455
3681 2 2 1 2 166 2461 2463
3682 2 2 1 2 2461 631 2462
3683 2 2 1 2 2463 2462 632
3684 2 2 1 2 2461 2462 2463
3685 2 2 1 2 631 2464 2465
3686 2 2 1 2 2464 87 1263
3687 2 2 1 2 2465 1263 327
3688 2 2 1 2 2464 1263 2465
3689 2 2 1 2 632 2466 2467
3690 2 2 1 2 2466 327 1269
3691 2 2 1 2 2467 1269 27
3692 2 2 1 2 2466 1269 2467
3693 2 2 1 2 631 2465 2462
3694 2 2 1 2 2465 327 2466
3695 2 2 1 2 2462 2466 632
3696 2 2 1 2 2465 2466 2462
3697 2 2 1 2 165 2456 2449
3698 2 2 1 2 2456 630 2468
3699 2 2 1 2 2449 2468 627
3700 2 2 1 2 2456 2468 2449
3701 2 2 1 2 630 2460 2469
3702 2 2 1 2 2460 87 2464
3703 2 2 1 2 2469 2464 631
3704 2 2 1 2 2460 2464 2469
3705 2 2 1 2 627 2470 2452
3706 2 2 1 2 2470 631 2461
3707 2 2 1 2 2452 2461 166
3708 2 2 1 2 2470 2461 2452
3709 2 2 1 2 630 2469 2468
3710 2 2 1 2 2469 631 2470
3711 2 2 1 2 2468 2470 627
3712 2 2 1 2 2469 2470 2468
3713 2 2 1 2 41 2471 2102
3714 2 2 1 2 2471 633 2472
3715 2 2 1 2 2102 2472 542
3716 2 2 1 2 2471 2472 2102
3717 2 2 1 2 633 2473 2475
3718 2 2 1 2 2473 167 2474
3719 2 2 1 2 2475 2474 634
3720 2 2 1 2 2473 2474 2475
3721 2 2 1 2 542 2476 2105
3722 2 2 1 2 2476 634 2477
3723 2 2 1 2 2105 2477 145
3724 2 2 1 2 2476 2477 2105
3725 2 2 1 2 633 2475 2472
3726 2 2 1 2 2475 634 2476
3727 2 2 1 2 2472 2476 542
3728 2 2 1 2 2475 2476 2472
3729 2 2 1 2 167 2478 2480
3730 2 2 1 2 2478 635 2479
3731 2 2 1 2 2480 2479 636
3732 2 2 1 2 2478 2479 2480
3733 2 2 1 2 635 2481 2482
3734 2 2 1 2 2481 27 1305
3735 2 2 1 2 2482 1305 339
3736 2 2 1 2 2481 1305 2482
3737 2 2 1 2 636 2483 2484
3738 2 2 1 2 2483 339 1311
3739 2 2 1 2 2484 1311 93
3740 2 2 1 2 2483 1311 2484
3741 2 2 1 2 635 2482 2479
3742 2 2 1 2 2482 339 2483
3743 2 2 1 2 2479 2483 636
3744 2 2 1 2 2482 2483 2479
3745 2 2 1 2 145 2485 2110
3746 2 2 1 2 2485 637 2486
3747 2 2 1 2 2110 2486 545
3748 2 2 1 2 2485 2486 2110
3749 2 2 1 2 637 2487 2488
3750 2 2 1 2 2487 93 1323
3751 2 2 1 2 2488 1323 345
3752 2 2 1 2 2487 1323 2488
3753 2 2 1 2 545 2489 2113
3754 2 2 1 2 2489 345 1329
3755 2 2 1 2 2113 1329 3
3756 2 2 1 2 2489 1329 2113
3757 2 2 1 2 637 2488 2486
3758 2 2 1 2 2488 345 2489
3759 2 2 1 2 2486 2489 545
3760 2 2 1 2 2488 2489 2486
3761 2 2 1 2 167 2480 2474
3762 2 2 1 2 2480 636 2490
3763 2 2 1 2 2474 2490 634
3764 2 2 1 2 2480 2490 2474
3765 2 2 1 2 636 2484 2491
3766 2 2 1 2 2484 93 2487
3767 2 2 1 2 2491 2487 637
3768 2 2 1 2 2484 2487 2491
3769 2 2 1 2 634 2492 2477
3770 2 2 1 2 2492 637 2485
3771 2 2 1 2 2477 2485 145
3772 2 2 1 2 2492 2485 2477
3773 2 2 1 2 636 2491 2490
3774 2 2 1 2 2491 637 2492
3775 2 2 1 2 2490 2492 634
3776 2 2 1 2 2491 2492 2490
3777 2 2 1 2 46 2447 2430
3778 2 2 1 2 2447 628 2493
3779 2 2 1 2 2430 2493 622
3780 2 2 1 2 2447 2493 2430
3781 2 2 1 2 628 2453 2495
3782 2 2 1 2 2453 166 2494
3783 2 2 1 2 2495 2494 638
3784 2 2 1 2 2453 2494 2495
3785 2 2 1 2 622 2496 2433
3786 2 2 1 2 2496 638 2497
3787 2 2 1 2 2433 2497 164
3788 2 2 1 2 2496 2497 2433
3789 2 2 1 2 628 2495 2493
3790 2 2 1 2 2495 638 2496
3791 2 2 1 2 2493 2496 622
3792 2 2 1 2 2495 2496 2493
3793 2 2 1 2 166 2463 2499
3794 2 2 1 2 2463 632 2498
3795 2 2 1 2 2499 2498 639
3796 2 2 1 2 2463 2498 2499
3797 2 2 1 2 632 2467 2500
3798 2 2 1 2 2467 27 2481
3799 2 2 1 2 2500 2481 635
3800 2 2 1 2 2467 2481 2500
3801 2 2 1 2 639 2501 2502
3802 2 2 1 2 2501 635 2478
3803 2 2 1 2 2502 2478 167
3804 2 2 1 2 2501 2478 2502
3805 2 2 1 2 632 2500 2498
3806 2 2 1 2 2500 635 2501
3807 2 2 1 2 2498 2501 639
3808 2 2 1 2 2500 2501 2498
3809 2 2 1 2 164 2503 2438
3810 2 2 1 2 2503 640 2504
3811 2 2 1 2 2438 2504 625
3812 2 2 1 2 2503 2504 2438
3813 2 2 1 2 640 2505 2506
3814 2 2 1 2 2505 167 2473
3815 2 2 1 2 2506 2473 633
3816 2 2 1 2 2505 2473 2506
3817 2 2 1 2 625 2507 2441
3818 2 2 1 2 2507 633 2471
3819 2 2 1 2 2441 2471 41
3820 2 2 1 2 2507 2471 2441
3821 2 2 1 2 640 2506 2504
3822 2 2 1 2 2506 633 2507
3823 2 2 1 2 2504 2507 625
3824 2 2 1 2 2506 2507 2504
3825 2 2 1 2 166 2499 2494
3826 2 2 1 2 2499 639 2508
3827 2 2 1 2 2494 2508 638
3828 2 2 1 2 2499 2508 2494
3829 2 2 1 2 639 2502 2509
3830 2 2 1 2 2502 167 2505
3831 2 2 1 2 2509 2505 640
3832 2 2 1 2 2502 2505 2509
3833 2 2 1 2 638 2510 2497
3834 2 2 1 2 2510 640 2503
3835 2 2 1 2 2497 2503 164
3836 2 2 1 2 2510 2503 2497
3837 2 2 1 2 639 2509 2508
3838 2 2 1 2 2509 640 2510
3839 2 2 1 2 2508 2510 638
3840 2 2 1 2 2509 2510 2508
3841 2 2 1 2 14 2321 2258
3842 2 2 1 2 2321 595 2511
3843 2 2 1 2 2258 2511 578
3844 2 2 1 2 2321 2511 2258
3845 2 2 1 2 595 2327 2513
3846 2 2 1 2 2327 158 2512
3847 2 2 1 2 2513 2512 641
3848 2 2 1 2 2327 2512 2513
3849 2 2 1 2 578 2514 2261
3850 2 2 1 2 2514 641 2515
3851 2 2 1 2 2261 2515 152
3852 2 2 1 2 2514 2515 2261
3853 2 2 1 2 595 2513 2511
3854 2 2 1 2 2513 641 2514
3855 2 2 1 2 2511 2514 578
3856 2 2 1 2 2513 2514 2511
3857 2 2 1 2 158 2339 2517
3858 2 2 1 2 2339 601 2516
3859 2 2 1 2 2517 2516 643
3860 2 2 1 2 2339 2516 2517
3861 2 2 1 2 601 2345 2519
3862 2 2 1 2 2345 45 2518
3863 2 2 1 2 2519 2518 642
3864 2 2 1 2 2345 2518 2519
3865 2 2 1 2 643 2520 2522
3866 2 2 1 2 2520 642 2521
3867 2 2 1 2 2522 2521 168
3868 2 2 1 2 2520 2521 2522
3869 2 2 1 2 601 2519 2516
3870 2 2 1 2 2519 642 2520
3871 2 2 1 2 2516 2520 643
3872 2 2 1 2 2519 2520 2516
3873 2 2 1 2 152 2523 2267
3874 2 2 1 2 2523 644 2524
3875 2 2 1 2 2267 2524 581
3876 2 2 1 2 2523 2524 2267
3877 2 2 1 2 644 2525 2527
3878 2 2 1 2 2525 168 2526
3879 2 2 1 2 2527 2526 645
3880 2 2 1 2 2525 2526 2527
3881 2 2 1 2 581 2528 2270
3882 2 2 1 2 2528 645 2529
3883 2 2 1 2 2270 2529 43
3884 2 2 1 2 2528 2529 2270
3885 2 2 1 2 644 2527 2524
3886 2 2 1 2 2527 645 2528
3887 2 2 1 2 2524 2528 581
3888 2 2 1 2 2527 2528 2524
3889 2 2 1 2 158 2517 2512
3890 2 2 1 2 2517 643 2530
3891 2 2 1 2 2512 2530 641
3892 2 2 1 2 2517 2530 2512
3893 2 2 1 2 643 2522 2531
3894 2 2 1 2 2522 168 2525
3895 2 2 1 2 2531 2525 644
3896 2 2 1 2 2522 2525 2531
3897 2 2 1 2 641 2532 2515
3898 2 2 1 2 2532 644 2523
3899 2 2 1 2 2515 2523 152
3900 2 2 1 2 2532 2523 2515
3901 2 2 1 2 643 2531 2530
3902 2 2 1 2 2531 644 2532
3903 2 2 1 2 2530 2532 641
3904 2 2 1 2 2531 2532 2530
3905 2 2 1 2 45 2377 2534
3906 2 2 1 2 2377 611 2533
3907 2 2 1 2 2534 2533 647
3908 2 2 1 2 2377 2533 2534
3909 2 2 1 2 611 2383 2536
3910 2 2 1 2 2383 162 2535
3911 2 2 1 2 2536 2535 646
3912 2 2 1 2 2383 2535 2536
3913 2 2 1 2 647 2537 2539
3914 2 2 1 2 2537 646 2538
3915 2 2 1 2 2539 2538 169
3916 2 2 1 2 2537 2538 2539
3917 2 2 1 2 611 2536 2533
3918 2 2 1 2 2536 646 2537
3919 2 2 1 2 2533 2537 647
3920 2 2 1 2 2536 2537 2533
3921 2 2 1 2 162 2393 2541
3922 2 2 1 2 2393 615 2540
3923 2 2 1 2 2541 2540 648
3924 2 2 1 2 2393 2540 2541
3925 2 2 1 2 615 2397 2542
3926 2 2 1 2 2397 9 2457
3927 2 2 1 2 2542 2457 629
3928 2 2 1 2 2397 2457 2542
3929 2 2 1 2 648 2543 2544
3930 2 2 1 2 2543 629 2454
3931 2 2 1 2 2544 2454 165
3932 2 2 1 2 2543 2454 2544
3933 2 2 1 2 615 2542 2540
3934 2 2 1 2 2542 629 2543
3935 2 2 1 2 2540 2543 648
3936 2 2 1 2 2542 2543 2540
3937 2 2 1 2 169 2545 2547
3938 2 2 1 2 2545 649 2546
3939 2 2 1 2 2547 2546 650
3940 2 2 1 2 2545 2546 2547
3941 2 2 1 2 649 2548 2549
3942 2 2 1 2 2548 165 2448
3943 2 2 1 2 2549 2448 626
3944 2 2 1 2 2548 2448 2549
3945 2 2 1 2 650 2550 2551
3946 2 2 1 2 2550 626 2445
3947 2 2 1 2 2551 2445 46
3948 2 2 1 2 2550 2445 2551
3949 2 2 1 2 649 2549 2546
3950 2 2 1 2 2549 626 2550
3951 2 2 1 2 2546 2550 650
3952 2 2 1 2 2549 2550 2546
3953 2 2 1 2 162 2541 2535
3954 2 2 1 2 2541 648 2552
3955 2 2 1 2 2535 2552 646
3956 2 2 1 2 2541 2552 2535
3957 2 2 1 2 648 2544 2553
3958 2 2 1 2 2544 165 2548
3959 2 2 1 2 2553 2548 649
3960 2 2 1 2 2544 2548 2553
3961 2 2 1 2 646 2554 2538
3962 2 2 1 2 2554 649 2545
3963 2 2 1 2 2538 2545 169
3964 2 2 1 2 2554 2545 2538
3965 2 2 1 2 648 2553 2552
3966 2 2 1 2 2553 649 2554
3967 2 2 1 2 2552 2554 646
3968 2 2 1 2 2553 2554 2552
3969 2 2 1 2 43 2555 2286
3970 2 2 1 2 2555 651 2556
3971 2 2 1 2 2286 2556 586
3972 2 2 1 2 2555 2556 2286
3973 2 2 1 2 651 2557 2559
3974 2 2 1 2 2557 170 2558
3975 2 2 1 2 2559 2558 652
3976 2 2 1 2 2557 2558 2559
3977 2 2 1 2 586 2560 2289
3978 2 2 1 2 2560 652 2561
3979 2 2 1 2 2289 2561 155
3980 2 2 1 2 2560 2561 2289
3981 2 2 1 2 651 2559 2556
3982 2 2 1 2 2559 652 2560
3983 2 2 1 2 2556 2560 586
3984 2 2 1 2 2559 2560 2556
3985 2 2 1 2 170 2562 2564
3986 2 2 1 2 2562 653 2563
3987 2 2 1 2 2564 2563 654
3988 2 2 1 2 2562 2563 2564
3989 2 2 1 2 653 2565 2566
3990 2 2 1 2 2565 46 2429
3991 2 2 1 2 2566 2429 621
3992 2 2 1 2 2565 2429 2566
3993 2 2 1 2 654 2567 2568
3994 2 2 1 2 2567 621 2426
3995 2 2 1 2 2568 2426 163
3996 2 2 1 2 2567 2426 2568
3997 2 2 1 2 653 2566 2563
3998 2 2 1 2 2566 621 2567
3999 2 2 1 2 2563 2567 654
4000 2 2 1 2 2566 2567 2563
4001 2 2 1 2 155 2569 2294
4002 2 2 1 2 2569 655 2570
4003 2 2 1 2 2294 2570 589
4004 2 2 1 2 2569 2570 2294
4005 2 2 1 2 655 2571 2572
4006 2 2 1 2 2571 163 2421
4007 2 2 1 2 2572 2421 619
4008 2 2 1 2 2571 2421 2572
4009 2 2 1 2 589 2573 2297
4010 2 2 1 2 2573 619 2419
4011 2 2 1 2 2297 2419 13
4012 2 2 1 2 2573 2419 2297
4013 2 2 1 2 655 2572 2570
4014 2 2 1 2 2572 619 2573
4015 2 2 1 2 2570 2573 589
4016 2 2 1 2 2572 2573 2570
4017 2 2 1 2 170 2564 2558
4018 2 2 1 2 2564 654 2574
4019 2 2 1 2 2558 2574 652
4020 2 2 1 2 2564 2574 2558
4021 2 2 1 2 654 2568 2575
4022 2 2 1 2 2568 163 2571
4023 2 2 1 2 2575 2571 655
4024 2 2 1 2 2568 2571 2575
4025 2 2 1 2 652 2576 2561
4026 2 2 1 2 2576 655 2569
4027 2 2 1 2 2561 2569 155
4028 2 2 1 2 2576 2569 2561
4029 2 2 1 2 654 2575 2574
4030 2 2 1 2 2575 655 2576
4031 2 2 1 2 2574 2576 652
4032 2 2 1 2 2575 2576 2574
4033 2 2 1 2 45 2534 2518
4034 2 2 1 2 2534 647 2577
4035 2 2 1 2 2518 2577 642
4036 2 2 1 2 2534 2577 2518
4037 2 2 1 2 647 2539 2579
4038 2 2 1 2 2539 169 2578
4039 2 2 1 2 2579 2578 656
4040 2 2 1 2 2539 2578 2579
4041 2 2 1 2 642 2580 2521
4042 2 2 1 2 2580 656 2581
4043 2 2 1 2 2521 2581 168
4044 2 2 1 2 2580 2581 2521
4045 2 2 1 2 647 2579 2577
4046 2 2 1 2 2579 656 2580
4047 2 2 1 2 2577 2580 642
4048 2 2 1 2 2579 2580 2577
4049 2 2 1 2 169 2547 2583
4050 2 2 1 2 2547 650 2582
4051 2 2 1 2 2583 2582 657
4052 2 2 1 2 2547 2582 2583
4053 2 2 1 2 650 2551 2584
4054 2 2 1 2 2551 46 2565
4055 2 2 1 2 2584 2565 653
4056 2 2 1 2 2551 2565 2584
4057 2 2 1 2 657 2585 2586
4058 2 2 1 2 2585 653 2562
4059 2 2 1 2 2586 2562 170
4060 2 2 1 2 2585 2562 2586
4061 2 2 1 2 650 2584 2582
4062 2 2 1 2 2584 653 2585
4063 2 2 1 2 2582 2585 657
4064 2 2 1 2 2584 2585 2582
4065 2 2 1 2 168 2587 2526
4066 2 2 1 2 2587 658 2588
4067 2 2 1 2 2526 2588 645
4068 2 2 1 2 2587 2588 2526
4069 2 2 1 2 658 2589 2590
4070 2 2 1 2 2589 170 2557
4071 2 2 1 2 2590 2557 651
4072 2 2 1 2 2589 2557 2590
4073 2 2 1 2 645 2591 2529
4074 2 2 1 2 2591 651 2555
4075 2 2 1 2 2529 2555 43
4076 2 2 1 2 2591 2555 2529
4077 2 2 1 2 658 2590 2588
4078 2 2 1 2 2590 651 2591
4079 2 2 1 2 2588 2591 645
4080 2 2 1 2 2590 2591 2588
4081 2 2 1 2 169 2583 2578
4082 2 2 1 2 2583 657 2592
4083 2 2 1 2 2578 2592 656
4084 2 2 1 2 2583 2592 2578
4085 2 2 1 2 657 2586 2593
4086 2 2 1 2 2586 170 2589
4087 2 2 1 2 2593 2589 658
4088 2 2 1 2 2586 2589 2593
4089 2 2 1 2 656 2594 2581
4090 2 2 1 2 2594 658 2587
4091 2 2 1 2 2581 2587 168
4092 2 2 1 2 2594 2587 2581
4093 2 2 1 2 657 2593 2592
4094 2 2 1 2 2593 658 2594
4095 2 2 1 2 2592 2594 656
4096 2 2 1 2 2593 2594 2592
4097 2 2 1 2 5 2595 2219
4098 2 2 1 2 2595 659 2596
4099 2 2 1 2 2219 2596 567
4100 2 2 1 2 2595 2596 2219
4101 2 2 1 2 659 2597 2599
4102 2 2 1 2 2597 171 2598
4103 2 2 1 2 2599 2598 660
4104 2 2 1 2 2597 2598 2599
4105 2 2 1 2 567 2600 2221
4106 2 2 1 2 2600 660 2601
4107 2 2 1 2 2221 2601 149
4108 2 2 1 2 2600 2601 2221
4109 2 2 1 2 659 2599 2596
4110 2 2 1 2 2599 660 2600
4111 2 2 1 2 2596 2600 567
4112 2 2 1 2 2599 2600 2596
4113 2 2 1 2 171 2602 2604
4114 2 2 1 2 2602 661 2603
4115 2 2 1 2 2604 2603 663
4116 2 2 1 2 2602 2603 2604
4117 2 2 1 2 661 2605 2607
4118 2 2 1 2 2605 47 2606
4119 2 2 1 2 2607 2606 662
4120 2 2 1 2 2605 2606 2607
4121 2 2 1 2 663 2608 2610
4122 2 2 1 2 2608 662 2609
4123 2 2 1 2 2610 2609 172
4124 2 2 1 2 2608 2609 2610
4125 2 2 1 2 661 2607 2603
4126 2 2 1 2 2607 662 2608
4127 2 2 1 2 2603 2608 663
4128 2 2 1 2 2607 2608 2603
4129 2 2 1 2 149 2611 2226
4130 2 2 1 2 2611 664 2612
4131 2 2 1 2 2226 2612 569
4132 2 2 1 2 2611 2612 2226
4133 2 2 1 2 664 2613 2615
4134 2 2 1 2 2613 172 2614
4135 2 2 1 2 2615 2614 665
4136 2 2 1 2 2613 2614 2615
4137 2 2 1 2 569 2616 2229
4138 2 2 1 2 2616 665 2617
4139 2 2 1 2 2229 2617 42
4140 2 2 1 2 2616 2617 2229
4141 2 2 1 2 664 2615 2612
4142 2 2 1 2 2615 665 2616
4143 2 2 1 2 2612 2616 569
4144 2 2 1 2 2615 2616 2612
4145 2 2 1 2 171 2604 2598
4146 2 2 1 2 2604 663 2618
4147 2 2 1 2 2598 2618 660
4148 2 2 1 2 2604 2618 2598
4149 2 2 1 2 663 2610 2619
4150 2 2 1 2 2610 172 2613
4151 2 2 1 2 2619 2613 664
4152 2 2 1 2 2610 2613 2619
4153 2 2 1 2 660 2620 2601
4154 2 2 1 2 2620 664 2611
4155 2 2 1 2 2601 2611 149
4156 2 2 1 2 2620 2611 2601
4157 2 2 1 2 663 2619 2618
4158 2 2 1 2 2619 664 2620
4159 2 2 1 2 2618 2620 660
4160 2 2 1 2 2619 2620 2618
4161 2 2 1 2 47 2621 2623
4162 2 2 1 2 2621 666 2622
4163 2 2 1 2 2623 2622 668
4164 2 2 1 2 2621 2622 2623
4165 2 2 1 2 666 2624 2626
4166 2 2 1 2 2624 173 2625
4167 2 2 1 2 2626 2625 667
4168 2 2 1 2 2624 2625 2626
4169 2 2 1 2 668 2627 2629
4170 2 2 1 2 2627 667 2628
4171 2 2 1 2 2629 2628 175
4172 2 2 1 2 2627 2628 2629
4173 2 2 1 2 666 2626 2622
4174 2 2 1 2 2626 667 2627
4175 2 2 1 2 2622 2627 668
4176 2 2 1 2 2626 2627 2622
4177 2 2 1 2 173 2630 2632
4178 2 2 1 2 2630 669 2631
4179 2 2 1 2 2632 2631 671
4180 2 2 1 2 2630 2631 2632
4181 2 2 1 2 669 2633 2635
4182 2 2 1 2 2633 15 2634
4183 2 2 1 2 2635 2634 670
4184 2 2 1 2 2633 2634 2635
4185 2 2 1 2 671 2636 2638
4186 2 2 1 2 2636 670 2637
4187 2 2 1 2 2638 2637 174
4188 2 2 1 2 2636 2637 2638
4189 2 2 1 2 669 2635 2631
4190 2 2 1 2 2635 670 2636
4191 2 2 1 2 2631 2636 671
4192 2 2 1 2 2635 2636 2631
4193 2 2 1 2 175 2639 2641
4194 2 2 1 2 2639 672 2640
4195 2 2 1 2 2641 2640 674
4196 2 2 1 2 2639 2640 2641
4197 2 2 1 2 672 2642 2644
4198 2 2 1 2 2642 174 2643
4199 2 2 1 2 2644 2643 673
4200 2 2 1 2 2642 2643 2644
4201 2 2 1 2 674 2645 2647
4202 2 2 1 2 2645 673 2646
4203 2 2 1 2 2647 2646 48
4204 2 2 1 2 2645 2646 2647
4205 2 2 1 2 672 2644 2640
4206 2 2 1 2 2644 673 2645
4207 2 2 1 2 2640 2645 674
4208 2 2 1 2 2644 2645 2640
4209 2 2 1 2 173 2632 2625
4210 2 2 1 2 2632 671 2648
4211 2 2 1 2 2625 2648 667
4212 2 2 1 2 2632 2648 2625
4213 2 2 1 2 671 2638 2649
4214 2 2 1 2 2638 174 2642
4215 2 2 1 2 2649 2642 672
4216 2 2 1 2 2638 2642 2649
4217 2 2 1 2 667 2650 2628
4218 2 2 1 2 2650 672 2639
4219 2 2 1 2 2628 2639 175
4220 2 2 1 2 2650 2639 2628
4221 2 2 1 2 671 2649 2648
4222 2 2 1 2 2649 672 2650
4223 2 2 1 2 2648 2650 667
4224 2 2 1 2 2649 2650 2648
4225 2 2 1 2 42 2651 2245
4226 2 2 1 2 2651 675 2652
4227 2 2 1 2 2245 2652 574
4228 2 2 1 2 2651 2652 2245
4229 2 2 1 2 675 2653 2655
4230 2 2 1 2 2653 176 2654
4231 2 2 1 2 2655 2654 676
4232 2 2 1 2 2653 2654 2655
4233 2 2 1 2 574 2656 2248
4234 2 2 1 2 2656 676 2657
4235 2 2 1 2 2248 2657 151
4236 2 2 1 2 2656 2657 2248
4237 2 2 1 2 675 2655 2652
4238 2 2 1 2 2655 676 2656
4239 2 2 1 2 2652 2656 574
4240 2 2 1 2 2655 2656 2652
4241 2 2 1 2 176 2658 2660
4242 2 2 1 2 2658 677 2659
4243 2 2 1 2 2660 2659 679
4244 2 2 1 2 2658 2659 2660
4245 2 2 1 2 677 2661 2663
4246 2 2 1 2 2661 48 2662
4247 2 2 1 2 2663 2662 678
4248 2 2 1 2 2661 2662 2663
4249 2 2 1 2 679 2664 2666
4250 2 2 1 2 2664 678 2665
4251 2 2 1 2 2666 2665 177
4252 2 2 1 2 2664 2665 2666
4253 2 2 1 2 677 2663 2659
4254 2 2 1 2 2663 678 2664
4255 2 2 1 2 2659 2664 679
4256 2 2 1 2 2663 2664 2659
4257 2 2 1 2 151 2667 2254
4258 2 2 1 2 2667 680 2668
4259 2 2 1 2 2254 2668 577
4260 2 2 1 2 2667 2668 2254
4261 2 2 1 2 680 2669 2671
4262 2 2 1 2 2669 177 2670
4263 2 2 1 2 2671 2670 681
4264 2 2 1 2 2669 2670 2671
4265 2 2 1 2 577 2672 2257
4266 2 2 1 2 2672 681 2673
4267 2 2 1 2 2257 2673 14
4268 2 2 1 2 2672 2673 2257
4269 2 2 1 2 680 2671 2668
4270 2 2 1 2 2671 681 2672
4271 2 2 1 2 2668 2672 577
4272 2 2 1 2 2671 2672 2668
4273 2 2 1 2 176 2660 2654
4274 2 2 1 2 2660 679 2674
4275 2 2 1 2 2654 2674 676
4276 2 2 1 2 2660 2674 2654
4277 2 2 1 2 679 2666 2675
4278 2 2 1 2 2666 177 2669
4279 2 2 1 2 2675 2669 680
4280 2 2 1 2 2666 2669 2675
4281 2 2 1 2 676 2676 2657
4282 2 2 1 2 2676 680 2667
4283 2 2 1 2 2657 2667 151
4284 2 2 1 2 2676 2667 2657
4285 2 2 1 2 679 2675 2674
4286 2 2 1 2 2675 680 2676
4287 2 2 1 2 2674 2676 676
4288 2 2 1 2 2675 2676 2674
4289 2 2 1 2 47 2623 2606
4290 2 2 1 2 2623 668 2677
4291 2 2 1 2 2606 2677 662
4292 2 2 1 2 2623 2677 2606
4293 2 2 1 2 668 2629 2679
4294 2 2 1 2 2629 175 2678
4295 2 2 1 2 2679 2678 682
4296 2 2 1 2 2629 2678 2679
4297 2 2 1 2 662 2680 2609
4298 2 2 1 2 2680 682 2681
4299 2 2 1 2 2609 2681 172
4300 2 2 1 2 2680 2681 2609
4301 2 2 1 2 668 2679 2677
4302 2 2 1 2 2679 682 2680
4303 2 2 1 2 2677 2680 662
4304 2 2 1 2 2679 2680 2677
4305 2 2 1 2 175 2641 2683
4306 2 2 1 2 2641 674 2682
4307 2 2 1 2 2683 2682 683
4308 2 2 1 2 2641 2682 2683
4309 2 2 1 2 674 2647 2684
4310 2 2 1 2 2647 48 2661
4311 2 2 1 2 2684 2661 677
4312 2 2 1 2 2647 2661 2684
4313 2 2 1 2 683 2685 2686
4314 2 2 1 2 2685 677 2658
4315 2 2 1 2 2686 2658 176
4316 2 2 1 2 2685 2658 2686
4317 2 2 1 2 674 2684 2682
4318 2 2 1 2 2684 677 2685
4319 2 2 1 2 2682 2685 683
4320 2 2 1 2 2684 2685 2682
4321 2 2 1 2 172 2687 2614
4322 2 2 1 2 2687 684 2688
4323 2 2 1 2 2614 2688 665
4324 2 2 1 2 2687 2688 2614
4325 2 2 1 2 684 2689 2690
4326 2 2 1 2 2689 176 2653
4327 2 2 1 2 2690 2653 675
4328 2 2 1 2 2689 2653 2690
4329 2 2 1 2 665 2691 2617
4330 2 2 1 2 2691 675 2651
4331 2 2 1 2 2617 2651 42
4332 2 2 1 2 2691 2651 2617
4333 2 2 1 2 684 2690 2688
4334 2 2 1 2 2690 675 2691
4335 2 2 1 2 2688 2691 665
4336 2 2 1 2 2690 2691 2688
4337 2 2 1 2 175 2683 2678
4338 2 2 1 2 2683 683 2692
4339 2 2 1 2 2678 2692 682
4340 2 2 1 2 2683 2692 2678
4341 2 2 1 2 683 2686 2693
4342 2 2 1 2 2686 176 2689
4343 2 2 1 2 2693 2689 684
4344 2 2 1 2 2686 2689 2693
4345 2 2 1 2 682 2694 2681
4346 2 2 1 2 2694 684 2687
4347 2 2 1 2 2681 2687 172
4348 2 2 1 2 2694 2687 2681
4349 2 2 1 2 683 2693 2692
4350 2 2 1 2 2693 684 2694
4351 2 2 1 2 2692 2694 682
4352 2 2 1 2 2693 2694 2692
4353 2 2 1 2 15 2695 2697
4354 2 2 1 2 2695 685 2696
4355 2 2 1 2 2697 2696 687
4356 2 2 1 2 2695 2696 2697
4357 2 2 1 2 685 2698 2700
4358 2 2 1 2 2698 178 2699
4359 2 2 1 2 2700 2699 686
4360 2 2 1 2 2698 2699 2700
4361 2 2 1 2 687 2701 2703
4362 2 2 1 2 2701 686 2702
4363 2 2 1 2 2703 2702 180
4364 2 2 1 2 2701 2702 2703
4365 2 2 1 2 685 2700 2696
4366 2 2 1 2 2700 686 2701
4367 2 2 1 2 2696 2701 687
4368 2 2 1 2 2700 2701 2696
4369 2 2 1 2 178 2704 2706
4370 2 2 1 2 2704 688 2705
4371 2 2 1 2 2706 2705 690
4372 2 2 1 2 2704 2705 2706
4373 2 2 1 2 688 2707 2709
4374 2 2 1 2 2707 49 2708
4375 2 2 1 2 2709 2708 689
4376 2 2 1 2 2707 2708 2709
4377 2 2 1 2 690 2710 2712
4378 2 2 1 2 2710 689 2711
4379 2 2 1 2 2712 2711 179
4380 2 2 1 2 2710 2711 2712
4381 2 2 1 2 688 2709 2705
4382 2 2 1 2 2709 689 2710
4383 2 2 1 2 2705 2710 690
4384 2 2 1 2 2709 2710 2705
4385 2 2 1 2 180 2713 2715
4386 2 2 1 2 2713 691 2714
4387 2 2 1 2 2715 2714 693
4388 2 2 1 2 2713 2714 2715
4389 2 2 1 2 691 2716 2718
4390 2 2 1 2 2716 179 2717
4391 2 2 1 2 2718 2717 692
4392 2 2 1 2 2716 2717 2718
4393 2 2 1 2 693 2719 2721
4394 2 2 1 2 2719 692 2720
4395 2 2 1 2 2721 2720 51
4396 2 2 1 2 2719 2720 2721
4397 2 2 1 2 691 2718 2714
4398 2 2 1 2 2718 692 2719
4399 2 2 1 2 2714 2719 693
4400 2 2 1 2 2718 2719 2714
4401 2 2 1 2 178 2706 2699
4402 2 2 1 2 2706 690 2722
4403 2 2 1 2 2699 2722 686
4404 2 2 1 2 2706 2722 2699
4405 2 2 1 2 690 2712 2723
4406 2 2 1 2 2712 179 2716
4407 2 2 1 2 2723 2716 691
4408 2 2 1 2 2712 2716 2723
4409 2 2 1 2 686 2724 2702
4410 2 2 1 2 2724 691 2713
4411 2 2 1 2 2702 2713 180
4412 2 2 1 2 2724 2713 2702
4413 2 2 1 2 690 2723 2722
4414 2 2 1 2 2723 691 2724
4415 2 2 1 2 2722 2724 686
4416 2 2 1 2 2723 2724 2722
4417 2 2 1 2 49 2725 2727
4418 2 2 1 2 2725 694 2726
4419 2 2 1 2 2727 2726 696
4420 2 2 1 2 2725 2726 2727
4421 2 2 1 2 694 2728 2730
4422 2 2 1 2 2728 181 2729
4423 2 2 1 2 2730 2729 695
4424 2 2 1 2 2728 2729 2730
4425 2 2 1 2 696 2731 2733
4426 2 2 1 2 2731 695 2732
4427 2 2 1 2 2733 2732 183
4428 2 2 1 2 2731 2732 2733
4429 2 2 1 2 694 2730 2726
4430 2 2 1 2 2730 695 2731
4431 2 2 1 2 2726 2731 696
4432 2 2 1 2 2730 2731 2726
4433 2 2 1 2 181 2734 2736
4434 2 2 1 2 2734 697 2735
4435 2 2 1 2 2736 2735 699
4436 2 2 1 2 2734 2735 2736
4437 2 2 1 2 697 2737 2739
4438 2 2 1 2 2737 6 2738
4439 2 2 1 2 2739 2738 698
4440 2 2 1 2 2737 2738 2739
4441 2 2 1 2 699 2740 2742
4442 2 2 1 2 2740 698 2741
4443 2 2 1 2 2742 2741 182
4444 2 2 1 2 2740 2741 2742
4445 2 2 1 2 697 2739 2735
4446 2 2 1 2 2739 698 2740
4447 2 2 1 2 2735 2740 699
4448 2 2 1 2 2739 2740 2735
4449 2 2 1 2 183 2743 2745
4450 2 2 1 2 2743 700 2744
4451 2 2 1 2 2745 2744 702
4452 2 2 1 2 2743 2744 2745
4453 2 2 1 2 700 2746 2748
4454 2 2 1 2 2746 182 2747
4455 2 2 1 2 2748 2747 701
4456 2 2 1 2 2746 2747 2748
4457 2 2 1 2 702 2749 2751
4458 2 2 1 2 2749 701 2750
4459 2 2 1 2 2751 2750 50
4460 2 2 1 2 2749 2750 2751
4461 2 2 1 2 700 2748 2744
4462 2 2 1 2 2748 701 2749
4463 2 2 1 2 2744 2749 702
4464 2 2 1 2 2748 2749 2744
4465 2 2 1 2 181 2736 2729
4466 2 2 1 2 2736 699 2752
4467 2 2 1 2 2729 2752 695
4468 2 2 1 2 2736 2752 2729
4469 2 2 1 2 699 2742 2753
4470 2 2 1 2 2742 182 2746
4471 2 2 1 2 2753 2746 700
4472 2 2 1 2 2742 2746 2753
4473 2 2 1 2 695 2754 2732
4474 2 2 1 2 2754 700 2743
4475 2 2 1 2 2732 2743 183
4476 2 2 1 2 2754 2743 2732
4477 2 2 1 2 699 2753 2752
4478 2 2 1 2 2753 700 2754
4479 2 2 1 2 2752 2754 695
4480 2 2 1 2 2753 2754 2752
4481 2 2 1 2 51 2755 2757
4482 2 2 1 2 2755 703 2756
4483 2 2 1 2 2757 2756 705
4484 2 2 1 2 2755 2756 2757
4485 2 2 1 2 703 2758 2760
4486 2 2 1 2 2758 184 2759
4487 2 2 1 2 2760 2759 704
4488 2 2 1 2 2758 2759 2760
4489 2 2 1 2 705 2761 2763
4490 2 2 1 2 2761 704 2762
4491 2 2 1 2 2763 2762 186
4492 2 2 1 2 2761 2762 2763
4493 2 2 1 2 703 2760 2756
4494 2 2 1 2 2760 704 2761
4495 2 2 1 2 2756 2761 705
4496 2 2 1 2 2760 2761 2756
4497 2 2 1 2 184 2764 2766
4498 2 2 1 2 2764 706 2765
4499 2 2 1 2 2766 2765 708
4500 2 2 1 2 2764 2765 2766
4501 2 2 1 2 706 2767 2769
4502 2 2 1 2 2767 50 2768
4503 2 2 1 2 2769 2768 707
4504 2 2 1 2 2767 2768 2769
4505 2 2 1 2 708 2770 2772
4506 2 2 1 2 2770 707 2771
4507 2 2 1 2 2772 2771 185
4508 2 2 1 2 2770 2771 2772
4509 2 2 1 2 706 2769 2765
4510 2 2 1 2 2769 707 2770
4511 2 2 1 2 2765 2770 708
4512 2 2 1 2 2769 2770 2765
4513 2 2 1 2 186 2773 2775
4514 2 2 1 2 2773 709 2774
4515 2 2 1 2 2775 2774 711
4516 2 2 1 2 2773 2774 2775
4517 2 2 1 2 709 2776 2778
4518 2 2 1 2 2776 185 2777
4519 2 2 1 2 2778 2777 710
4520 2 2 1 2 2776 2777 2778
4521 2 2 1 2 711 2779 2781
4522 2 2 1 2 2779 710 2780
4523 2 2 1 2 2781 2780 16
4524 2 2 1 2 2779 2780 2781
4525 2 2 1 2 709 2778 2774
4526 2 2 1 2 2778 710 2779
4527 2 2 1 2 2774 2779 711
4528 2 2 1 2 2778 2779 2774
4529 2 2 1 2 184 2766 2759
4530 2 2 1 2 2766 708 2782
4531 2 2 1 2 2759 2782 704
4532 2 2 1 2 2766 2782 2759
4533 2 2 1 2 708 2772 2783
4534 2 2 1 2 2772 185 2776
4535 2 2 1 2 2783 2776 709
4536 2 2 1 2 2772 2776 2783
4537 2 2 1 2 704 2784 2762
4538 2 2 1 2 2784 709 2773
4539 2 2 1 2 2762 2773 186
4540 2 2 1 2 2784 2773 2762
4541 2 2 1 2 708 2783 2782
4542 2 2 1 2 2783 709 2784
4543 2 2 1 2 2782 2784 704
4544 2 2 1 2 2783 2784 2782
4545 2 2 1 2 49 2727 2708
4546 2 2 1 2 2727 696 2785
4547 2 2 1 2 2708 2785 689
4548 2 2 1 2 2727 2785 2708
4549 2 2 1 2 696 2733 2787
4550 2 2 1 2 2733 183 2786
4551 2 2 1 2 2787 2786 712
4552 2 2 1 2 2733 2786 2787
4553 2 2 1 2 689 2788 2711
4554 2 2 1 2 2788 712 2789
4555 2 2 1 2 2711 2789 179
4556 2 2 1 2 2788 2789 2711
4557 2 2 1 2 696 2787 2785
4558 2 2 1 2 2787 712 2788
4559 2 2 1 2 2785 2788 689
4560 2 2 1 2 2787 2788 2785
4561 2 2 1 2 183 2745 2791
4562 2 2 1 2 2745 702 2790
4563 2 2 1 2 2791 2790 713
4564 2 2 1 2 2745 2790 2791
4565 2 2 1 2 702 2751 2792
4566 2 2 1 2 2751 50 2767
4567 2 2 1 2 2792 2767 706
4568 2 2 1 2 2751 2767 2792
4569 2 2 1 2 713 2793 2794
4570 2 2 1 2 2793 706 2764
4571 2 2 1 2 2794 2764 184
4572 2 2 1 2 2793 2764 2794
4573 2 2 1 2 702 2792 2790
4574 2 2 1 2 2792 706 2793
4575 2 2 1 2 2790 2793 713
4576 2 2 1 2 2792 2793 2790
4577 2 2 1 2 179 2795 2717
4578 2 2 1 2 2795 714 2796
4579 2 2 1 2 2717 2796 692
4580 2 2 1 2 2795 2796 2717
4581 2 2 1 2 714 2797 2798
4582 2 2 1 2 2797 184 2758
4583 2 2 1 2 2798 2758 703
4584 2 2 1 2 2797 2758 2798
4585 2 2 1 2 692 2799 2720
4586 2 2 1 2 2799 703 2755
4587 2 2 1 2 2720 2755 51
4588 2 2 1 2 2799 2755 2720
4589 2 2 1 2 714 2798 2796
4590 2 2 1 2 2798 703 2799
4591 2 2 1 2 2796 2799 692
4592 2 2 1 2 2798 2799 2796
4593 2 2 1 2 183 2791 2786
4594 2 2 1 2 2791 713 2800
4595 2 2 1 2 2786 2800 712
4596 2 2 1 2 2791 2800 2786
4597 2 2 1 2 713 2794 2801
4598 2 2 1 2 2794 184 2797
4599 2 2 1 2 2801 2797 714
4600 2 2 1 2 2794 2797 2801
4601 2 2 1 2 712 2802 2789
4602 2 2 1 2 2802 714 2795
4603 2 2 1 2 2789 2795 179
4604 2 2 1 2 2802 2795 2789
4605 2 2 1 2 713 2801 2800
4606 2 2 1 2 2801 714 2802
4607 2 2 1 2 2800 2802 712
4608 2 2 1 2 2801 2802 2800
4609 2 2 1 2 14 2803 2319
4610 2 2 1 2 2803 715 2804
4611 2 2 1 2 2319 2804 593
4612 2 2 1 2 2803 2804 2319
4613 2 2 1 2 715 2805 2807
4614 2 2 1 2 2805 187 2806
4615 2 2 1 2 2807 2806 716
4616 2 2 1 2 2805 2806 2807
4617 2 2 1 2 593 2808 2322
4618 2 2 1 2 2808 716 2809
4619 2 2 1 2 2322 2809 156
4620 2 2 1 2 2808 2809 2322
4621 2 2 1 2 715 2807 2804
4622 2 2 1 2 2807 716 2808
4623 2 2 1 2 2804 2808 593
4624 2 2 1 2 2807 2808 2804
4625 2 2 1 2 187 2810 2812
4626 2 2 1 2 2810 717 2811
4627 2 2 1 2 2812 2811 719
4628 2 2 1 2 2810 2811 2812
4629 2 2 1 2 717 2813 2815
4630 2 2 1 2 2813 52 2814
4631 2 2 1 2 2815 2814 718
4632 2 2 1 2 2813 2814 2815
4633 2 2 1 2 719 2816 2818
4634 2 2 1 2 2816 718 2817
4635 2 2 1 2 2818 2817 188
4636 2 2 1 2 2816 2817 2818
4637 2 2 1 2 717 2815 2811
4638 2 2 1 2 2815 718 2816
4639 2 2 1 2 2811 2816 719
4640 2 2 1 2 2815 2816 2811
4641 2 2 1 2 156 2819 2328
4642 2 2 1 2 2819 720 2820
4643 2 2 1 2 2328 2820 596
4644 2 2 1 2 2819 2820 2328
4645 2 2 1 2 720 2821 2823
4646 2 2 1 2 2821 188 2822
4647 2 2 1 2 2823 2822 721
4648 2 2 1 2 2821 2822 2823
4649 2 2 1 2 596 2824 2331
4650 2 2 1 2 2824 721 2825
4651 2 2 1 2 2331 2825 44
4652 2 2 1 2 2824 2825 2331
4653 2 2 1 2 720 2823 2820
4654 2 2 1 2 2823 721 2824
4655 2 2 1 2 2820 2824 596
4656 2 2 1 2 2823 2824 2820
4657 2 2 1 2 187 2812 2806
4658 2 2 1 2 2812 719 2826
4659 2 2 1 2 2806 2826 716
4660 2 2 1 2 2812 2826 2806
4661 2 2 1 2 719 2818 2827
4662 2 2 1 2 2818 188 2821
4663 2 2 1 2 2827 2821 720
4664 2 2 1 2 2818 2821 2827
4665 2 2 1 2 716 2828 2809
4666 2 2 1 2 2828 720 2819
4667 2 2 1 2 2809 2819 156
4668 2 2 1 2 2828 2819 2809
4669 2 2 1 2 719 2827 2826
4670 2 2 1 2 2827 720 2828
4671 2 2 1 2 2826 2828 716
4672 2 2 1 2 2827 2828 2826
4673 2 2 1 2 52 2829 2831
4674 2 2 1 2 2829 722 2830
4675 2 2 1 2 2831 2830 724
4676 2 2 1 2 2829 2830 2831
4677 2 2 1 2 722 2832 2834
4678 2 2 1 2 2832 189 2833
4679 2 2 1 2 2834 2833 723
4680 2 2 1 2 2832 2833 2834
4681 2 2 1 2 724 2835 2837
4682 2 2 1 2 2835 723 2836
4683 2 2 1 2 2837 2836 191
4684 2 2 1 2 2835 2836 2837
4685 2 2 1 2 722 2834 2830
4686 2 2 1 2 2834 723 2835
4687 2 2 1 2 2830 2835 724
4688 2 2 1 2 2834 2835 2830
4689 2 2 1 2 189 2838 2840
4690 2 2 1 2 2838 725 2839
4691 2 2 1 2 2840 2839 727
4692 2 2 1 2 2838 2839 2840
4693 2 2 1 2 725 2841 2843
4694 2 2 1 2 2841 16 2842
4695 2 2 1 2 2843 2842 726
4696 2 2 1 2 2841 2842 2843
4697 2 2 1 2 727 2844 2846
4698 2 2 1 2 2844 726 2845
4699 2 2 1 2 2846 2845 190
4700 2 2 1 2 2844 2845 2846
4701 2 2 1 2 725 2843 2839
4702 2 2 1 2 2843 726 2844
4703 2 2 1 2 2839 2844 727
4704 2 2 1 2 2843 2844 2839
4705 2 2 1 2 191 2847 2849
4706 2 2 1 2 2847 728 2848
4707 2 2 1 2 2849 2848 730
4708 2 2 1 2 2847 2848 2849
4709 2 2 1 2 728 2850 2852
4710 2 2 1 2 2850 190 2851
4711 2 2 1 2 2852 2851 729
4712 2 2 1 2 2850 2851 2852
4713 2 2 1 2 730 2853 2855
4714 2 2 1 2 2853 729 2854
4715 2 2 1 2 2855 2854 53
4716 2 2 1 2 2853 2854 2855
4717 2 2 1 2 728 2852 2848
4718 2 2 1 2 2852 729 2853
4719 2 2 1 2 2848 2853 730
4720 2 2 1 2 2852 2853 2848
4721 2 2 1 2 189 2840 2833
4722 2 2 1 2 2840 727 2856
4723 2 2 1 2 2833 2856 723
4724 2 2 1 2 2840 2856 2833
4725 2 2 1 2 727 2846 2857
4726 2 2 1 2 2846 190 2850
4727 2 2 1 2 2857 2850 728
4728 2 2 1 2 2846 2850 2857
4729 2 2 1 2 723 2858 2836
4730 2 2 1 2 2858 728 2847
4731 2 2 1 2 2836 2847 191
4732 2 2 1 2 2858 2847 2836
4733 2 2 1 2 727 2857 2856
4734 2 2 1 2 2857 728 2858
4735 2 2 1 2 2856 2858 723
4736 2 2 1 2 2857 2858 2856
4737 2 2 1 2 44 2859 2349
4738 2 2 1 2 2859 731 2860
4739 2 2 1 2 2349 2860 602
4740 2 2 1 2 2859 2860 2349
4741 2 2 1 2 731 2861 2863
4742 2 2 1 2 2861 192 2862
4743 2 2 1 2 2863 2862 732
4744 2 2 1 2 2861 2862 2863
4745 2 2 1 2 602 2864 2352
4746 2 2 1 2 2864 732 2865
4747 2 2 1 2 2352 2865 159
4748 2 2 1 2 2864 2865 2352
4749 2 2 1 2 731 2863 2860
4750 2 2 1 2 2863 732 2864
4751 2 2 1 2 2860 2864 602
4752 2 2 1 2 2863 2864 2860
4753 2 2 1 2 192 2866 2868
4754 2 2 1 2 2866 733 2867
4755 2 2 1 2 2868 2867 735
4756 2 2 1 2 2866 2867 2868
4757 2 2 1 2 733 2869 2871
4758 2 2 1 2 2869 53 2870
4759 2 2 1 2 2871 2870 734
4760 2 2 1 2 2869 2870 2871
4761 2 2 1 2 735 2872 2874
4762 2 2 1 2 2872 734 2873
4763 2 2 1 2 2874 2873 193
4764 2 2 1 2 2872 2873 2874
4765 2 2 1 2 733 2871 2867
4766 2 2 1 2 2871 734 2872
4767 2 2 1 2 2867 2872 735
4768 2 2 1 2 2871 2872 2867
4769 2 2 1 2 159 2875 2358
4770 2 2 1 2 2875 736 2876
4771 2 2 1 2 2358 2876 605
4772 2 2 1 2 2875 2876 2358
4773 2 2 1 2 736 2877 2879
4774 2 2 1 2 2877 193 2878
4775 2 2 1 2 2879 2878 737
4776 2 2 1 2 2877 2878 2879
4777 2 2 1 2 605 2880 2361
4778 2 2 1 2 2880 737 2881
4779 2 2 1 2 2361 2881 1
4780 2 2 1 2 2880 2881 2361
4781 2 2 1 2 736 2879 2876
4782 2 2 1 2 2879 737 2880
4783 2 2 1 2 2876 2880 605
4784 2 2 1 2 2879 2880 2876
4785 2 2 1 2 192 2868 2862
4786 2 2 1 2 2868 735 2882
4787 2 2 1 2 2862 2882 732
4788 2 2 1 2 2868 2882 2862
4789 2 2 1 2 735 2874 2883
4790 2 2 1 2 2874 193 2877
4791 2 2 1 2 2883 2877 736
4792 2 2 1 2 2874 2877 2883
4793 2 2 1 2 732 2884 2865
4794 2 2 1 2 2884 736 2875
4795 2 2 1 2 2865 2875 159
4796 2 2 1 2 2884 2875 2865
4797 2 2 1 2 735 2883 2882
4798 2 2 1 2 2883 736 2884
4799 2 2 1 2 2882 2884 732
4800 2 2 1 2 2883 2884 2882
4801 2 2 1 2 52 2831 2814
4802 2 2 1 2 2831 724 2885
4803 2 2 1 2 2814 2885 718
4804 2 2 1 2 2831 2885 2814
4805 2 2 1 2 724 2837 2887
4806 2 2 1 2 2837 191 2886
4807 2 2 1 2 2887 2886 738
4808 2 2 1 2 2837 2886 2887
4809 2 2 1 2 718 2888 2817
4810 2 2 1 2 2888 738 2889
4811 2 2 1 2 2817 2889 188
4812 2 2 1 2 2888 2889 2817
4813 2 2 1 2 724 2887 2885
4814 2 2 1 2 2887 738 2888
4815 2 2 1 2 2885 2888 718
4816 2 2 1 2 2887 2888 2885
4817 2 2 1 2 191 2849 2891
4818 2 2 1 2 2849 730 2890
4819 2 2 1 2 2891 2890 739
4820 2 2 1 2 2849 2890 2891
4821 2 2 1 2 730 2855 2892
4822 2 2 1 2 2855 53 2869
4823 2 2 1 2 2892 2869 733
4824 2 2 1 2 2855 2869 2892
4825 2 2 1 2 739 2893 2894
4826 2 2 1 2 2893 733 2866
4827 2 2 1 2 2894 2866 192
4828 2 2 1 2 2893 2866 2894
4829 2 2 1 2 730 2892 2890
4830 2 2 1 2 2892 733 2893
4831 2 2 1 2 2890 2893 739
4832 2 2 1 2 2892 2893 2890
4833 2 2 1 2 188 2895 2822
4834 2 2 1 2 2895 740 2896
4835 2 2 1 2 2822 2896 721
4836 2 2 1 2 2895 2896 2822
4837 2 2 1 2 740 2897 2898
4838 2 2 1 2 2897 192 2861
4839 2 2 1 2 2898 2861 731
4840 2 2 1 2 2897 2861 2898
4841 2 2 1 2 721 2899 2825
4842 2 2 1 2 2899 731 2859
4843 2 2 1 2 2825 2859 44
4844 2 2 1 2 2899 2859 2825
4845 2 2 1 2 740 2898 2896
4846 2 2 1 2 2898 731 2899
4847 2 2 1 2 2896 2899 721
4848 2 2 1 2 2898 2899 2896
4849 2 2 1 2 191 2891 2886
4850 2 2 1 2 2891 739 2900
4851 2 2 1 2 2886 2900 738
4852 2 2 1 2 2891 2900 2886
4853 2 2 1 2 739 2894 2901
4854 2 2 1 2 2894 192 2897
4855 2 2 1 2 2901 2897 740
4856 2 2 1 2 2894 2897 2901
4857 2 2 1 2 738 2902 2889
4858 2 2 1 2 2902 740 2895
4859 2 2 1 2 2889 2895 188
4860 2 2 1 2 2902 2895 2889
4861 2 2 1 2 739 2901 2900
4862 2 2 1 2 2901 740 2902
4863 2 2 1 2 2900 2902 738
4864 2 2 1 2 2901 2902 2900
4865 2 2 1 2 15 2697 2634
4866 2 2 1 2 2697 687 2903
4867 2 2 1 2 2634 2903 670
4868 2 2 1 2 2697 2903 2634
4869 2 2 1 2 687 2703 2905
4870 2 2 1 2 2703 180 2904
4871 2 2 1 2 2905 2904 741
4872 2 2 1 2 2703 2904 2905
4873 2 2 1 2 670 2906 2637
4874 2 2 1 2 2906 741 2907
4875 2 2 1 2 2637 2907 174
4876 2 2 1 2 2906 2907 2637
4877 2 2 1 2 687 2905 2903
4878 2 2 1 2 2905 741 2906
4879 2 2 1 2 2903 2906 670
4880 2 2 1 2 2905 2906 2903
4881 2 2 1 2 180 2715 2909
4882 2 2 1 2 2715 693 2908
4883 2 2 1 2 2909 2908 743
4884 2 2 1 2 2715 2908 2909
4885 2 2 1 2 693 2721 2911
4886 2 2 1 2 2721 51 2910
4887 2 2 1 2 2911 2910 742
4888 2 2 1 2 2721 2910 2911
4889 2 2 1 2 743 2912 2914
4890 2 2 1 2 2912 742 2913
4891 2 2 1 2 2914 2913 194
4892 2 2 1 2 2912 2913 2914
4893 2 2 1 2 693 2911 2908
4894 2 2 1 2 2911 742 2912
4895 2 2 1 2 2908 2912 743
4896 2 2 1 2 2911 2912 2908
4897 2 2 1 2 174 2915 2643
4898 2 2 1 2 2915 744 2916
4899 2 2 1 2 2643 2916 673
4900 2 2 1 2 2915 2916 2643
4901 2 2 1 2 744 2917 2919
4902 2 2 1 2 2917 194 2918
4903 2 2 1 2 2919 2918 745
4904 2 2 1 2 2917 2918 2919
4905 2 2 1 2 673 2920 2646
4906 2 2 1 2 2920 745 2921
4907 2 2 1 2 2646 2921 48
4908 2 2 1 2 2920 2921 2646
4909 2 2 1 2 744 2919 2916
4910 2 2 1 2 2919 745 2920
4911 2 2 1 2 2916 2920 673
4912 2 2 1 2 2919 2920 2916
4913 2 2 1 2 180 2909 2904
4914 2 2 1 2 2909 743 2922
4915 2 2 1 2 2904 2922 741
4916 2 2 1 2 2909 2922 2904
4917 2 2 1 2 743 2914 2923
4918 2 2 1 2 2914 194 2917
4919 2 2 1 2 2923 2917 744
4920 2 2 1 2 2914 2917 2923
4921 2 2 1 2 741 2924 2907
4922 2 2 1 2 2924 744 2915
4923 2 2 1 2 2907 2915 174
4924 2 2 1 2 2924 2915 2907
4925 2 2 1 2 743 2923 2922
4926 2 2 1 2 2923 744 2924
4927 2 2 1 2 2922 2924 741
4928 2 2 1 2 2923 2924 2922
4929 2 2 1 2 51 2757 2926
4930 2 2 1 2 2757 705 2925
4931 2 2 1 2 2926 2925 747
4932 2 2 1 2 2757 2925 2926
4933 2 2 1 2 705 2763 2928
4934 2 2 1 2 2763 186 2927
4935 2 2 1 2 2928 2927 746
4936 2 2 1 2 2763 2927 2928
4937 2 2 1 2 747 2929 2931
4938 2 2 1 2 2929 746 2930
4939 2 2 1 2 2931 2930 195
4940 2 2 1 2 2929 2930 2931
4941 2 2 1 2 705 2928 2925
4942 2 2 1 2 2928 746 2929
4943 2 2 1 2 2925 2929 747
4944 2 2 1 2 2928 2929 2925
4945 2 2 1 2 186 2775 2933
4946 2 2 1 2 2775 711 2932
4947 2 2 1 2 2933 2932 748
4948 2 2 1 2 2775 2932 2933
4949 2 2 1 2 711 2781 2934
4950 2 2 1 2 2781 16 2841
4951 2 2 1 2 2934 2841 725
4952 2 2 1 2 2781 2841 2934
4953 2 2 1 2 748 2935 2936
4954 2 2 1 2 2935 725 2838
4955 2 2 1 2 2936 2838 189
4956 2 2 1 2 2935 2838 2936
4957 2 2 1 2 711 2934 2932
4958 2 2 1 2 2934 725 2935
4959 2 2 1 2 2932 2935 748
4960 2 2 1 2 2934 2935 2932
4961 2 2 1 2 195 2937 2939
4962 2 2 1 2 2937 749 2938
4963 2 2 1 2 2939 2938 750
4964 2 2 1 2 2937 2938 2939
4965 2 2 1 2 749 2940 2941
4966 2 2 1 2 2940 189 2832
4967 2 2 1 2 2941 2832 722
4968 2 2 1 2 2940 2832 2941
4969 2 2 1 2 750 2942 2943
4970 2 2 1 2 2942 722 2829
4971 2 2 1 2 2943 2829 52
4972 2 2 1 2 2942 2829 2943
4973 2 2 1 2 749 2941 2938
4974 2 2 1 2 2941 722 2942
4975 2 2 1 2 2938 2942 750
4976 2 2 1 2 2941 2942 2938
4977 2 2 1 2 186 2933 2927
4978 2 2 1 2 2933 748 2944
4979 2 2 1 2 2927 2944 746
4980 2 2 1 2 2933 2944 2927
4981 2 2 1 2 748 2936 2945
4982 2 2 1 2 2936 189 2940
4983 2 2 1 2 2945 2940 749
4984 2 2 1 2 2936 2940 2945
4985 2 2 1 2 746 2946 2930
4986 2 2 1 2 2946 749 2937
4987 2 2 1 2 2930 2937 195
4988 2 2 1 2 2946 2937 2930
4989 2 2 1 2 748 2945 2944
4990 2 2 1 2 2945 749 2946
4991 2 2 1 2 2944 2946 746
4992 2 2 1 2 2945 2946 2944
4993 2 2 1 2 48 2947 2662
4994 2 2 1 2 2947 751 2948
4995 2 2 1 2 2662 2948 678
4996 2 2 1 2 2947 2948 2662
4997 2 2 1 2 751 2949 2951
4998 2 2 1 2 2949 196 2950
4999 2 2 1 2 2951 2950 752
5000 2 2 1 2 2949 2950 2951
5001 2 2 1 2 678 2952 2665
5002 2 2 1 2 2952 752 2953
5003 2 2 1 2 2665 2953 177
5004 2 2 1 2 2952 2953 2665
5005 2 2 1 2 751 2951 2948
5006 2 2 1 2 2951 752 2952
5007 2 2 1 2 2948 2952 678
5008 2 2 1 2 2951 2952 2948
5009 2 2 1 2 196 2954 2956
5010 2 2 1 2 2954 753 2955
5011 2 2 1 2 2956 2955 754
5012 2 2 1 2 2954 2955 2956
5013 2 2 1 2 753 2957 2958
5014 2 2 1 2 2957 52 2813
5015 2 2 1 2 2958 2813 717
5016 2 2 1 2 2957 2813 2958
5017 2 2 1 2 754 2959 2960
5018 2 2 1 2 2959 717 2810
5019 2 2 1 2 2960 2810 187
5020 2 2 1 2 2959 2810 2960
5021 2 2 1 2 753 2958 2955
5022 2 2 1 2 2958 717 2959
5023 2 2 1 2 2955 2959 754
5024 2 2 1 2 2958 2959 2955
5025 2 2 1 2 177 2961 2670
5026 2 2 1 2 2961 755 2962
5027 2 2 1 2 2670 2962 681
5028 2 2 1 2 2961 2962 2670
5029 2 2 1 2 755 2963 2964
5030 2 2 1 2 2963 187 2805
5031 2 2 1 2 2964 2805 715
5032 2 2 1 2 2963 2805 2964
5033 2 2 1 2 681 2965 2673
5034 2 2 1 2 2965 715 2803
5035 2 2 1 2 2673 2803 14
5036 2 2 1 2 2965 2803 2673
5037 2 2 1 2 755 2964 2962
5038 2 2 1 2 2964 715 2965
5039 2 2 1 2 2962 2965 681
5040 2 2 1 2 2964 2965 2962
5041 2 2 1 2 196 2956 2950
5042 2 2 1 2 2956 754 2966
5043 2 2 1 2 2950 2966 752
5044 2 2 1 2 2956 2966 2950
5045 2 2 1 2 754 2960 2967
5046 2 2 1 2 2960 187 2963
5047 2 2 1 2 2967 2963 755
5048 2 2 1 2 2960 2963 2967
5049 2 2 1 2 752 2968 2953
5050 2 2 1 2 2968 755 2961
5051 2 2 1 2 2953 2961 177
5052 2 2 1 2 2968 2961 2953
5053 2 2 1 2 754 2967 2966
5054 2 2 1 2 2967 755 2968
5055 2 2 1 2 2966 2968 752
5056 2 2 1 2 2967 2968 2966
5057 2 2 1 2 51 2926 2910
5058 2 2 1 2 2926 747 2969
5059 2 2 1 2 2910 2969 742
5060 2 2 1 2 2926 2969 2910
5061 2 2 1 2 747 2931 2971
5062 2 2 1 2 2931 195 2970
5063 2 2 1 2 2971 2970 756
5064 2 2 1 2 2931 2970 2971
5065 2 2 1 2 742 2972 2913
5066 2 2 1 2 2972 756 2973
5067 2 2 1 2 2913 2973 194
5068 2 2 1 2 2972 2973 2913
5069 2 2 1 2 747 2971 2969
5070 2 2 1 2 2971 756 2972
5071 2 2 1 2 2969 2972 742
5072 2 2 1 2 2971 2972 2969
5073 2 2 1 2 195 2939 2975
5074 2 2 1 2 2939 750 2974
5075 2 2 1 2 2975 2974 757
5076 2 2 1 2 2939 2974 2975
5077 2 2 1 2 750 2943 2976
5078 2 2 1 2 2943 52 2957
5079 2 2 1 2 2976 2957 753
5080 2 2 1 2 2943 2957 2976
5081 2 2 1 2 757 2977 2978
5082 2 2 1 2 2977 753 2954
5083 2 2 1 2 2978 2954 196
5084 2 2 1 2 2977 2954 2978
5085 2 2 1 2 750 2976 2974
5086 2 2 1 2 2976 753 2977
5087 2 2 1 2 2974 2977 757
5088 2 2 1 2 2976 2977 2974
5089 2 2 1 2 194 2979 2918
5090 2 2 1 2 2979 758 2980
5091 2 2 1 2 2918 2980 745
5092 2 2 1 2 2979 2980 2918
5093 2 2 1 2 758 2981 2982
5094 2 2 1 2 2981 196 2949
5095 2 2 1 2 2982 2949 751
5096 2 2 1 2 2981 2949 2982
5097 2 2 1 2 745 2983 2921
5098 2 2 1 2 2983 751 2947
5099 2 2 1 2 2921 2947 48
5100 2 2 1 2 2983 2947 2921
5101 2 2 1 2 758 2982 2980
5102 2 2 1 2 2982 751 2983
5103 2 2 1 2 2980 2983 745
5104 2 2 1 2 2982 2983 2980
5105 2 2 1 2 195 2975 2970
5106 2 2 1 2 2975 757 2984
5107 2 2 1 2 2970 2984 756
5108 2 2 1 2 2975 2984 2970
5109 2 2 1 2 757 2978 2985
5110 2 2 1 2 2978 196 2981
5111 2 2 1 2 2985 2981 758
5112 2 2 1 2 2978 2981 2985
5113 2 2 1 2 756 2986 2973
5114 2 2 1 2 2986 758 2979
5115 2 2 1 2 2973 2979 194
5116 2 2 1 2 2986 2979 2973
5117 2 2 1 2 757 2985 2984
5118 2 2 1 2 2985 758 2986
5119 2 2 1 2 2984 2986 756
5120 2 2 1 2 2985 2986 2984
5121 2 2 1 2 1 2881 1027
5122 2 2 1 2 2881 737 2987
5123 2 2 1 2 1027 2987 259
5124 2 2 1 2 2881 2987 1027
5125 2 2 1 2 737 2878 2989
5126 2 2 1 2 2878 193 2988
5127 2 2 1 2 2989 2988 759
5128 2 2 1 2 2878 2988 2989
5129 2 2 1 2 259 2990 1030
5130 2 2 1 2 2990 759 2991
5131 2 2 1 2 1030 2991 67
5132 2 2 1 2 2990 2991 1030
5133 2 2 1 2 737 2989 2987
5134 2 2 1 2 2989 759 2990
5135 2 2 1 2 2987 2990 259
5136 2 2 1 2 2989 2990 2987
5137 2 2 1 2 193 2873 2993
5138 2 2 1 2 2873 734 2992
5139 2 2 1 2 2993 2992 761
5140 2 2 1 2 2873 2992 2993
5141 2 2 1 2 734 2870 2995
5142 2 2 1 2 2870 53 2994
5143 2 2 1 2 2995 2994 760
5144 2 2 1 2 2870 2994 2995
5145 2 2 1 2 761 2996 2998
5146 2 2 1 2 2996 760 2997
5147 2 2 1 2 2998 2997 197
5148 2 2 1 2 2996 2997 2998
5149 2 2 1 2 734 2995 2992
5150 2 2 1 2 2995 760 2996
5151 2 2 1 2 2992 2996 761
5152 2 2 1 2 2995 2996 2992
5153 2 2 1 2 67 2999 1036
5154 2 2 1 2 2999 762 3000
5155 2 2 1 2 1036 3000 262
5156 2 2 1 2 2999 3000 1036
5157 2 2 1 2 762 3001 3003
5158 2 2 1 2 3001 197 3002
5159 2 2 1 2 3003 3002 763
5160 2 2 1 2 3001 3002 3003
5161 2 2 1 2 262 3004 1039
5162 2 2 1 2 3004 763 3005
5163 2 2 1 2 1039 3005 19
5164 2 2 1 2 3004 3005 1039
5165 2 2 1 2 762 3003 3000
5166 2 2 1 2 3003 763 3004
5167 2 2 1 2 3000 3004 262
5168 2 2 1 2 3003 3004 3000
5169 2 2 1 2 193 2993 2988
5170 2 2 1 2 2993 761 3006
5171 2 2 1 2 2988 3006 759
5172 2 2 1 2 2993 3006 2988
5173 2 2 1 2 761 2998 3007
5174 2 2 1 2 2998 197 3001
5175 2 2 1 2 3007 3001 762
5176 2 2 1 2 2998 3001 3007
5177 2 2 1 2 759 3008 2991
5178 2 2 1 2 3008 762 2999
5179 2 2 1 2 2991 2999 67
5180 2 2 1 2 3008 2999 2991
5181 2 2 1 2 761 3007 3006
5182 2 2 1 2 3007 762 3008
5183 2 2 1 2 3006 3008 759
5184 2 2 1 2 3007 3008 3006
5185 2 2 1 2 53 2854 3010
5186 2 2 1 2 2854 729 3009
5187 2 2 1 2 3010 3009 765
5188 2 2 1 2 2854 3009 3010
5189 2 2 1 2 729 2851 3012
5190 2 2 1 2 2851 190 3011
5191 2 2 1 2 3012 3011 764
5192 2 2 1 2 2851 3011 3012
5193 2 2 1 2 765 3013 3015
5194 2 2 1 2 3013 764 3014
5195 2 2 1 2 3015 3014 199
5196 2 2 1 2 3013 3014 3015
5197 2 2 1 2 729 3012 3009
5198 2 2 1 2 3012 764 3013
5199 2 2 1 2 3009 3013 765
5200 2 2 1 2 3012 3013 3009
5201 2 2 1 2 190 2845 3017
5202 2 2 1 2 2845 726 3016
5203 2 2 1 2 3017 3016 767
5204 2 2 1 2 2845 3016 3017
5205 2 2 1 2 726 2842 3019
5206 2 2 1 2 2842 16 3018
5207 2 2 1 2 3019 3018 766
5208 2 2 1 2 2842 3018 3019
5209 2 2 1 2 767 3020 3022
5210 2 2 1 2 3020 766 3021
5211 2 2 1 2 3022 3021 198
5212 2 2 1 2 3020 3021 3022
5213 2 2 1 2 726 3019 3016
5214 2 2 1 2 3019 766 3020
5215 2 2 1 2 3016 3020 767
5216 2 2 1 2 3019 3020 3016
5217 2 2 1 2 199 3023 3025
5218 2 2 1 2 3023 768 3024
5219 2 2 1 2 3025 3024 770
5220 2 2 1 2 3023 3024 3025
5221 2 2 1 2 768 3026 3028
5222 2 2 1 2 3026 198 3027
5223 2 2 1 2 3028 3027 769
5224 2 2 1 2 3026 3027 3028
5225 2 2 1 2 770 3029 3031
5226 2 2 1 2 3029 769 3030
5227 2 2 1 2 3031 3030 54
5228 2 2 1 2 3029 3030 3031
5229 2 2 1 2 768 3028 3024
5230 2 2 1 2 3028 769 3029
5231 2 2 1 2 3024 3029 770
5232 2 2 1 2 3028 3029 3024
5233 2 2 1 2 190 3017 3011
5234 2 2 1 2 3017 767 3032
5235 2 2 1 2 3011 3032 764
5236 2 2 1 2 3017 3032 3011
5237 2 2 1 2 767 3022 3033
5238 2 2 1 2 3022 198 3026
5239 2 2 1 2 3033 3026 768
5240 2 2 1 2 3022 3026 3033
5241 2 2 1 2 764 3034 3014
5242 2 2 1 2 3034 768 3023
5243 2 2 1 2 3014 3023 199
5244 2 2 1 2 3034 3023 3014
5245 2 2 1 2 767 3033 3032
5246 2 2 1 2 3033 768 3034
5247 2 2 1 2 3032 3034 764
5248 2 2 1 2 3033 3034 3032
5249 2 2 1 2 19 3035 1057
5250 2 2 1 2 3035 771 3036
5251 2 2 1 2 1057 3036 268
5252 2 2 1 2 3035 3036 1057
5253 2 2 1 2 771 3037 3039
5254 2 2 1 2 3037 200 3038
5255 2 2 1 2 3039 3038 772
5256 2 2 1 2 3037 3038 3039
5257 2 2 1 2 268 3040 1060
5258 2 2 1 2 3040 772 3041
5259 2 2 1 2 1060 3041 70
5260 2 2 1 2 3040 3041 1060
5261 2 2 1 2 771 3039 3036
5262 2 2 1 2 3039 772 3040
5263 2 2 1 2 3036 3040 268
5264 2 2 1 2 3039 3040 3036
5265 2 2 1 2 200 3042 3044
5266 2 2 1 2 3042 773 3043
5267 2 2 1 2 3044 3043 775
5268 2 2 1 2 3042 3043 3044
5269 2 2 1 2 773 3045 3047
5270 2 2 1 2 3045 54 3046
5271 2 2 1 2 3047 3046 774
5272 2 2 1 2 3045 3046 3047
5273 2 2 1 2 775 3048 3050
5274 2 2 1 2 3048 774 3049
5275 2 2 1 2 3050 3049 201
5276 2 2 1 2 3048 3049 3050
5277 2 2 1 2 773 3047 3043
5278 2 2 1 2 3047 774 3048
5279 2 2 1 2 3043 3048 775
5280 2 2 1 2 3047 3048 3043
5281 2 2 1 2 70 3051 1066
5282 2 2 1 2 3051 776 3052
5283 2 2 1 2 1066 3052 271
5284 2 2 1 2 3051 3052 1066
5285 2 2 1 2 776 3053 3055
5286 2 2 1 2 3053 201 3054
5287 2 2 1 2 3055 3054 777
5288 2 2 1 2 3053 3054 3055
5289 2 2 1 2 271 3056 1069
5290 2 2 1 2 3056 777 3057
5291 2 2 1 2 1069 3057 7
5292 2 2 1 2 3056 3057 1069
5293 2 2 1 2 776 3055 3052
5294 2 2 1 2 3055 777 3056
5295 2 2 1 2 3052 3056 271
5296 2 2 1 2 3055 3056 3052
5297 2 2 1 2 200 3044 3038
5298 2 2 1 2 3044 775 3058
5299 2 2 1 2 3038 3058 772
5300 2 2 1 2 3044 3058 3038
5301 2 2 1 2 775 3050 3059
5302 2 2 1 2 3050 201 3053
5303 2 2 1 2 3059 3053 776
5304 2 2 1 2 3050 3053 3059
5305 2 2 1 2 772 3060 3041
5306 2 2 1 2 3060 776 3051
5307 2 2 1 2 3041 3051 70
5308 2 2 1 2 3060 3051 3041
5309 2 2 1 2 775 3059 3058
5310 2 2 1 2 3059 776 3060
5311 2 2 1 2 3058 3060 772
5312 2 2 1 2 3059 3060 3058
5313 2 2 1 2 53 3010 2994
5314 2 2 1 2 3010 765 3061
5315 2 2 1 2 2994 3061 760
5316 2 2 1 2 3010 3061 2994
5317 2 2 1 2 765 3015 3063
5318 2 2 1 2 3015 199 3062
5319 2 2 1 2 3063 3062 778
5320 2 2 1 2 3015 3062 3063
5321 2 2 1 2 760 3064 2997
5322 2 2 1 2 3064 778 3065
5323 2 2 1 2 2997 3065 197
5324 2 2 1 2 3064 3065 2997
5325 2 2 1 2 765 3063 3061
5326 2 2 1 2 3063 778 3064
5327 2 2 1 2 3061 3064 760
5328 2 2 1 2 3063 3064 3061
5329 2 2 1 2 199 3025 3067
5330 2 2 1 2 3025 770 3066
5331 2 2 1 2 3067 3066 779
5332 2 2 1 2 3025 3066 3067
5333 2 2 1 2 770 3031 3068
5334 2 2 1 2 3031 54 3045
5335 2 2 1 2 3068 3045 773
5336 2 2 1 2 3031 3045 3068
5337 2 2 1 2 779 3069 3070
5338 2 2 1 2 3069 773 3042
5339 2 2 1 2 3070 3042 200
5340 2 2 1 2 3069 3042 3070
5341 2 2 1 2 770 3068 3066
5342 2 2 1 2 3068 773 3069
5343 2 2 1 2 3066 3069 779
5344 2 2 1 2 3068 3069 3066
5345 2 2 1 2 197 3071 3002
5346 2 2 1 2 3071 780 3072
5347 2 2 1 2 3002 3072 763
5348 2 2 1 2 3071 3072 3002
5349 2 2 1 2 780 3073 3074
5350 2 2 1 2 3073 200 3037
5351 2 2 1 2 3074 3037 771
5352 2 2 1 2 3073 3037 3074
5353 2 2 1 2 763 3075 3005
5354 2 2 1 2 3075 771 3035
5355 2 2 1 2 3005 3035 19
5356 2 2 1 2 3075 3035 3005
5357 2 2 1 2 780 3074 3072
5358 2 2 1 2 3074 771 3075
5359 2 2 1 2 3072 3075 763
5360 2 2 1 2 3074 3075 3072
5361 2 2 1 2 199 3067 3062
5362 2 2 1 2 3067 779 3076
5363 2 2 1 2 3062 3076 778
5364 2 2 1 2 3067 3076 3062
5365 2 2 1 2 779 3070 3077
5366 2 2 1 2 3070 200 3073
5367 2 2 1 2 3077 3073 780
5368 2 2 1 2 3070 3073 3077
5369 2 2 1 2 778 3078 3065
5370 2 2 1 2 3078 780 3071
5371 2 2 1 2 3065 3071 197
5372 2 2 1 2 3078 3071 3065
5373 2 2 1 2 779 3077 3076
5374 2 2 1 2 3077 780 3078
5375 2 2 1 2 3076 3078 778
5376 2 2 1 2 3077 3078 3076
5377 2 2 1 2 16 2780 3080
5378 2 2 1 2 2780 710 3079
5379 2 2 1 2 3080 3079 782
5380 2 2 1 2 2780 3079 3080
5381 2 2 1 2 710 2777 3082
5382 2 2 1 2 2777 185 3081
5383 2 2 1 2 3082 3081 781
5384 2 2 1 2 2777 3081 3082
5385 2 2 1 2 782 3083 3085
5386 2 2 1 2 3083 781 3084
5387 2 2 1 2 3085 3084 203
5388 2 2 1 2 3083 3084 3085
5389 2 2 1 2 710 3082 3079
5390 2 2 1 2 3082 781 3083
5391 2 2 1 2 3079 3083 782
5392 2 2 1 2 3082 3083 3079
5393 2 2 1 2 185 2771 3087
5394 2 2 1 2 2771 707 3086
5395 2 2 1 2 3087 3086 784
5396 2 2 1 2 2771 3086 3087
5397 2 2 1 2 707 2768 3089
5398 2 2 1 2 2768 50 3088
5399 2 2 1 2 3089 3088 783
5400 2 2 1 2 2768 3088 3089
5401 2 2 1 2 784 3090 3092
5402 2 2 1 2 3090 783 3091
5403 2 2 1 2 3092 3091 202
5404 2 2 1 2 3090 3091 3092
5405 2 2 1 2 707 3089 3086
5406 2 2 1 2 3089 783 3090
5407 2 2 1 2 3086 3090 784
5408 2 2 1 2 3089 3090 3086
5409 2 2 1 2 203 3093 3095
5410 2 2 1 2 3093 785 3094
5411 2 2 1 2 3095 3094 787
5412 2 2 1 2 3093 3094 3095
5413 2 2 1 2 785 3096 3098
5414 2 2 1 2 3096 202 3097
5415 2 2 1 2 3098 3097 786
5416 2 2 1 2 3096 3097 3098
5417 2 2 1 2 787 3099 3101
5418 2 2 1 2 3099 786 3100
5419 2 2 1 2 3101 3100 56
5420 2 2 1 2 3099 3100 3101
5421 2 2 1 2 785 3098 3094
5422 2 2 1 2 3098 786 3099
5423 2 2 1 2 3094 3099 787
5424 2 2 1 2 3098 3099 3094
5425 2 2 1 2 185 3087 3081
5426 2 2 1 2 3087 784 3102
5427 2 2 1 2 3081 3102 781
5428 2 2 1 2 3087 3102 3081
5429 2 2 1 2 784 3092 3103
5430 2 2 1 2 3092 202 3096
5431 2 2 1 2 3103 3096 785
5432 2 2 1 2 3092 3096 3103
5433 2 2 1 2 781 3104 3084
5434 2 2 1 2 3104 785 3093
5435 2 2 1 2 3084 3093 203
5436 2 2 1 2 3104 3093 3084
5437 2 2 1 2 784 3103 3102
5438 2 2 1 2 3103 785 3104
5439 2 2 1 2 3102 3104 781
5440 2 2 1 2 3103 3104 3102
5441 2 2 1 2 50 2750 3106
5442 2 2 1 2 2750 701 3105
5443 2 2 1 2 3106 3105 789
5444 2 2 1 2 2750 3105 3106
5445 2 2 1 2 701 2747 3108
5446 2 2 1 2 2747 182 3107
5447 2 2 1 2 3108 3107 788
5448 2 2 1 2 2747 3107 3108
5449 2 2 1 2 789 3109 3111
5450 2 2 1 2 3109 788 3110
5451 2 2 1 2 3111 3110 205
5452 2 2 1 2 3109 3110 3111
5453 2 2 1 2 701 3108 3105
5454 2 2 1 2 3108 788 3109
5455 2 2 1 2 3105 3109 789
5456 2 2 1 2 3108 3109 3105
5457 2 2 1 2 182 2741 3113
5458 2 2 1 2 2741 698 3112
5459 2 2 1 2 3113 3112 791
5460 2 2 1 2 2741 3112 3113
5461 2 2 1 2 698 2738 3115
5462 2 2 1 2 2738 6 3114
5463 2 2 1 2 3115 3114 790
5464 2 2 1 2 2738 3114 3115
5465 2 2 1 2 791 3116 3118
5466 2 2 1 2 3116 790 3117
5467 2 2 1 2 3118 3117 204
5468 2 2 1 2 3116 3117 3118
5469 2 2 1 2 698 3115 3112
5470 2 2 1 2 3115 790 3116
5471 2 2 1 2 3112 3116 791
5472 2 2 1 2 3115 3116 3112
5473 2 2 1 2 205 3119 3121
5474 2 2 1 2 3119 792 3120
5475 2 2 1 2 3121 3120 794
5476 2 2 1 2 3119 3120 3121
5477 2 2 1 2 792 3122 3124
5478 2 2 1 2 3122 204 3123
5479 2 2 1 2 3124 3123 793
5480 2 2 1 2 3122 3123 3124
5481 2 2 1 2 794 3125 3127
5482 2 2 1 2 3125 793 3126
5483 2 2 1 2 3127 3126 55
5484 2 2 1 2 3125 3126 3127
5485 2 2 1 2 792 3124 3120
5486 2 2 1 2 3124 793 3125
5487 2 2 1 2 3120 3125 794
5488 2 2 1 2 3124 3125 3120
5489 2 2 1 2 182 3113 3107
5490 2 2 1 2 3113 791 3128
5491 2 2 1 2 3107 3128 788
5492 2 2 1 2 3113 3128 3107
5493 2 2 1 2 791 3118 3129
5494 2 2 1 2 3118 204 3122
5495 2 2 1 2 3129 3122 792
5496 2 2 1 2 3118 3122 3129
5497 2 2 1 2 788 3130 3110
5498 2 2 1 2 3130 792 3119
5499 2 2 1 2 3110 3119 205
5500 2 2 1 2 3130 3119 3110
5501 2 2 1 2 791 3129 3128
5502 2 2 1 2 3129 792 3130
5503 2 2 1 2 3128 3130 788
5504 2 2 1 2 3129 3130 3128
5505 2 2 1 2 56 3131 3133
5506 2 2 1 2 3131 795 3132
5507 2 2 1 2 3133 3132 797
5508 2 2 1 2 3131 3132 3133
5509 2 2 1 2 795 3134 3136
5510 2 2 1 2 3134 206 3135
5511 2 2 1 2 3136 3135 796
5512 2 2 1 2 3134 3135 3136
5513 2 2 1 2 797 3137 3139
5514 2 2 1 2 3137 796 3138
5515 2 2 1 2 3139 3138 208
5516 2 2 1 2 3137 3138 3139
5517 2 2 1 2 795 3136 3132
5518 2 2 1 2 3136 796 3137
5519 2 2 1 2 3132 3137 797
5520 2 2 1 2 3136 3137 3132
5521 2 2 1 2 206 3140 3142
5522 2 2 1 2 3140 798 3141
5523 2 2 1 2 3142 3141 800
5524 2 2 1 2 3140 3141 3142
5525 2 2 1 2 798 3143 3145
5526 2 2 1 2 3143 55 3144
5527 2 2 1 2 3145 3144 799
5528 2 2 1 2 3143 3144 3145
5529 2 2 1 2 800 3146 3148
5530 2 2 1 2 3146 799 3147
5531 2 2 1 2 3148 3147 207
5532 2 2 1 2 3146 3147 3148
5533 2 2 1 2 798 3145 3141
5534 2 2 1 2 3145 799 3146
5535 2 2 1 2 3141 3146 800
5536 2 2 1 2 3145 3146 3141
5537 2 2 1 2 208 3149 3151
5538 2 2 1 2 3149 801 3150
5539 2 2 1 2 3151 3150 803
5540 2 2 1 2 3149 3150 3151
5541 2 2 1 2 801 3152 3154
5542 2 2 1 2 3152 207 3153
5543 2 2 1 2 3154 3153 802
5544 2 2 1 2 3152 3153 3154
5545 2 2 1 2 803 3155 3157
5546 2 2 1 2 3155 802 3156
5547 2 2 1 2 3157 3156 17
5548 2 2 1 2 3155 3156 3157
5549 2 2 1 2 801 3154 3150
5550 2 2 1 2 3154 802 3155
5551 2 2 1 2 3150 3155 803
5552 2 2 1 2 3154 3155 3150
5553 2 2 1 2 206 3142 3135
5554 2 2 1 2 3142 800 3158
5555 2 2 1 2 3135 3158 796
5556 2 2 1 2 3142 3158 3135
5557 2 2 1 2 800 3148 3159
5558 2 2 1 2 3148 207 3152
5559 2 2 1 2 3159 3152 801
5560 2 2 1 2 3148 3152 3159
5561 2 2 1 2 796 3160 3138
5562 2 2 1 2 3160 801 3149
5563 2 2 1 2 3138 3149 208
5564 2 2 1 2 3160 3149 3138
5565 2 2 1 2 800 3159 3158
5566 2 2 1 2 3159 801 3160
5567 2 2 1 2 3158 3160 796
5568 2 2 1 2 3159 3160 3158
5569 2 2 1 2 50 3106 3088
5570 2 2 1 2 3106 789 3161
5571 2 2 1 2 3088 3161 783
5572 2 2 1 2 3106 3161 3088
5573 2 2 1 2 789 3111 3163
5574 2 2 1 2 3111 205 3162
5575 2 2 1 2 3163 3162 804
5576 2 2 1 2 3111 3162 3163
5577 2 2 1 2 783 3164 3091
5578 2 2 1 2 3164 804 3165
5579 2 2 1 2 3091 3165 202
5580 2 2 1 2 3164 3165 3091
5581 2 2 1 2 789 3163 3161
5582 2 2 1 2 3163 804 3164
5583 2 2 1 2 3161 3164 783
5584 2 2 1 2 3163 3164 3161
5585 2 2 1 2 205 3121 3167
5586 2 2 1 2 3121 794 3166
5587 2 2 1 2 3167 3166 805
5588 2 2 1 2 3121 3166 3167
5589 2 2 1 2 794 3127 3168
5590 2 2 1 2 3127 55 3143
5591 2 2 1 2 3168 3143 798
5592 2 2 1 2 3127 3143 3168
5593 2 2 1 2 805 3169 3170
5594 2 2 1 2 3169 798 3140
5595 2 2 1 2 3170 3140 206
5596 2 2 1 2 3169 3140 3170
5597 2 2 1 2 794 3168 3166
5598 2 2 1 2 3168 798 3169
5599 2 2 1 2 3166 3169 805
5600 2 2 1 2 3168 3169 3166
5601 2 2 1 2 202 3171 3097
5602 2 2 1 2 3171 806 3172
5603 2 2 1 2 3097 3172 786
5604 2 2 1 2 3171 3172 3097
5605 2 2 1 2 806 3173 3174
5606 2 2 1 2 3173 206 3134
5607 2 2 1 2 3174 3134 795
5608 2 2 1 2 3173 3134 3174
5609 2 2 1 2 786 3175 3100
5610 2 2 1 2 3175 795 3131
5611 2 2 1 2 3100 3131 56
5612 2 2 1 2 3175 3131 3100
5613 2 2 1 2 806 3174 3172
5614 2 2 1 2 3174 795 3175
5615 2 2 1 2 3172 3175 786
5616 2 2 1 2 3174 3175 3172
5617 2 2 1 2 205 3167 3162
5618 2 2 1 2 3167 805 3176
5619 2 2 1 2 3162 3176 804
5620 2 2 1 2 3167 3176 3162
5621 2 2 1 2 805 3170 3177
5622 2 2 1 2 3170 206 3173
5623 2 2 1 2 3177 3173 806
5624 2 2 1 2 3170 3173 3177
5625 2 2 1 2 804 3178 3165
5626 2 2 1 2 3178 806 3171
5627 2 2 1 2 3165 3171 202
5628 2 2 1 2 3178 3171 3165
5629 2 2 1 2 805 3177 3176
5630 2 2 1 2 3177 806 3178
5631 2 2 1 2 3176 3178 804
5632 2 2 1 2 3177 3178 3176
5633 2 2 1 2 7 3179 1135
5634 2 2 1 2 3179 807 3180
5635 2 2 1 2 1135 3180 289
5636 2 2 1 2 3179 3180 1135
5637 2 2 1 2 807 3181 3183
5638 2 2 1 2 3181 209 3182
5639 2 2 1 2 3183 3182 808
5640 2 2 1 2 3181 3182 3183
5641 2 2 1 2 289 3184 1138
5642 2 2 1 2 3184 808 3185
5643 2 2 1 2 1138 3185 76
5644 2 2 1 2 3184 3185 1138
5645 2 2 1 2 807 3183 3180
5646 2 2 1 2 3183 808 3184
5647 2 2 1 2 3180 3184 289
5648 2 2 1 2 3183 3184 3180
5649 2 2 1 2 209 3186 3188
5650 2 2 1 2 3186 809 3187
5651 2 2 1 2 3188 3187 811
5652 2 2 1 2 3186 3187 3188
5653 2 2 1 2 809 3189 3191
5654 2 2 1 2 3189 57 3190
5655 2 2 1 2 3191 3190 810
5656 2 2 1 2 3189 3190 3191
5657 2 2 1 2 811 3192 3194
5658 2 2 1 2 3192 810 3193
5659 2 2 1 2 3194 3193 210
5660 2 2 1 2 3192 3193 3194
5661 2 2 1 2 809 3191 3187
5662 2 2 1 2 3191 810 3192
5663 2 2 1 2 3187 3192 811
5664 2 2 1 2 3191 3192 3187
5665 2 2 1 2 76 3195 1144
5666 2 2 1 2 3195 812 3196
5667 2 2 1 2 1144 3196 292
5668 2 2 1 2 3195 3196 1144
5669 2 2 1 2 812 3197 3199
5670 2 2 1 2 3197 210 3198
5671 2 2 1 2 3199 3198 813
5672 2 2 1 2 3197 3198 3199
5673 2 2 1 2 292 3200 1147
5674 2 2 1 2 3200 813 3201
5675 2 2 1 2 1147 3201 22
5676 2 2 1 2 3200 3201 1147
5677 2 2 1 2 812 3199 3196
5678 2 2 1 2 3199 813 3200
5679 2 2 1 2 3196 3200 292
5680 2 2 1 2 3199 3200 3196
5681 2 2 1 2 209 3188 3182
5682 2 2 1 2 3188 811 3202
5683 2 2 1 2 3182 3202 808
5684 2 2 1 2 3188 3202 3182
5685 2 2 1 2 811 3194 3203
5686 2 2 1 2 3194 210 3197
5687 2 2 1 2 3203 3197 812
5688 2 2 1 2 3194 3197 3203
5689 2 2 1 2 808 3204 3185
5690 2 2 1 2 3204 812 3195
5691 2 2 1 2 3185 3195 76
5692 2 2 1 2 3204 3195 3185
5693 2 2 1 2 811 3203 3202
5694 2 2 1 2 3203 812 3204
5695 2 2 1 2 3202 3204 808
5696 2 2 1 2 3203 3204 3202
5697 2 2 1 2 57 3205 3207
5698 2 2 1 2 3205 814 3206
5699 2 2 1 2 3207 3206 816
5700 2 2 1 2 3205 3206 3207
5701 2 2 1 2 814 3208 3210
5702 2 2 1 2 3208 211 3209
5703 2 2 1 2 3210 3209 815
5704 2 2 1 2 3208 3209 3210
5705 2 2 1 2 816 3211 3213
5706 2 2 1 2 3211 815 3212
5707 2 2 1 2 3213 3212 213
5708 2 2 1 2 3211 3212 3213
5709 2 2 1 2 814 3210 3206
5710 2 2 1 2 3210 815 3211
5711 2 2 1 2 3206 3211 816
5712 2 2 1 2 3210 3211 3206
5713 2 2 1 2 211 3214 3216
5714 2 2 1 2 3214 817 3215
5715 2 2 1 2 3216 3215 819
5716 2 2 1 2 3214 3215 3216
5717 2 2 1 2 817 3217 3219
5718 2 2 1 2 3217 17 3218
5719 2 2 1 2 3219 3218 818
5720 2 2 1 2 3217 3218 3219
5721 2 2 1 2 819 3220 3222
5722 2 2 1 2 3220 818 3221
5723 2 2 1 2 3222 3221 212
5724 2 2 1 2 3220 3221 3222
5725 2 2 1 2 817 3219 3215
5726 2 2 1 2 3219 818 3220
5727 2 2 1 2 3215 3220 819
5728 2 2 1 2 3219 3220 3215
5729 2 2 1 2 213 3223 3225
5730 2 2 1 2 3223 820 3224
5731 2 2 1 2 3225 3224 822
5732 2 2 1 2 3223 3224 3225
5733 2 2 1 2 820 3226 3228
5734 2 2 1 2 3226 212 3227
5735 2 2 1 2 3228 3227 821
5736 2 2 1 2 3226 3227 3228
5737 2 2 1 2 822 3229 3231
5738 2 2 1 2 3229 821 3230
5739 2 2 1 2 3231 3230 58
5740 2 2 1 2 3229 3230 3231
5741 2 2 1 2 820 3228 3224
5742 2 2 1 2 3228 821 3229
5743 2 2 1 2 3224 3229 822
5744 2 2 1 2 3228 3229 3224
5745 2 2 1 2 211 3216 3209
5746 2 2 1 2 3216 819 3232
5747 2 2 1 2 3209 3232 815
5748 2 2 1 2 3216 3232 3209
5749 2 2 1 2 819 3222 3233
5750 2 2 1 2 3222 212 3226
5751 2 2 1 2 3233 3226 820
5752 2 2 1 2 3222 3226 3233
5753 2 2 1 2 815 3234 3212
5754 2 2 1 2 3234 820 3223
5755 2 2 1 2 3212 3223 213
5756 2 2 1 2 3234 3223 3212
5757 2 2 1 2 819 3233 3232
5758 2 2 1 2 3233 820 3234
5759 2 2 1 2 3232 3234 815
5760 2 2 1 2 3233 3234 3232
5761 2 2 1 2 22 3235 1165
5762 2 2 1 2 3235 823 3236
5763 2 2 1 2 1165 3236 298
5764 2 2 1 2 3235 3236 1165
5765 2 2 1 2 823 3237 3239
5766 2 2 1 2 3237 214 3238
5767 2 2 1 2 3239 3238 824
5768 2 2 1 2 3237 3238 3239
5769 2 2 1 2 298 3240 1168
5770 2 2 1 2 3240 824 3241
5771 2 2 1 2 1168 3241 79
5772 2 2 1 2 3240 3241 1168
5773 2 2 1 2 823 3239 3236
5774 2 2 1 2 3239 824 3240
5775 2 2 1 2 3236 3240 298
5776 2 2 1 2 3239 3240 3236
5777 2 2 1 2 214 3242 3244
5778 2 2 1 2 3242 825 3243
5779 2 2 1 2 3244 3243 827
5780 2 2 1 2 3242 3243 3244
5781 2 2 1 2 825 3245 3247
5782 2 2 1 2 3245 58 3246
5783 2 2 1 2 3247 3246 826
5784 2 2 1 2 3245 3246 3247
5785 2 2 1 2 827 3248 3250
5786 2 2 1 2 3248 826 3249
5787 2 2 1 2 3250 3249 215
5788 2 2 1 2 3248 3249 3250
5789 2 2 1 2 825 3247 3243
5790 2 2 1 2 3247 826 3248
5791 2 2 1 2 3243 3248 827
5792 2 2 1 2 3247 3248 3243
5793 2 2 1 2 79 3251 1174
5794 2 2 1 2 3251 828 3252
5795 2 2 1 2 1174 3252 301
5796 2 2 1 2 3251 3252 1174
5797 2 2 1 2 828 3253 3255
5798 2 2 1 2 3253 215 3254
5799 2 2 1 2 3255 3254 829
5800 2 2 1 2 3253 3254 3255
5801 2 2 1 2 301 3256 1177
5802 2 2 1 2 3256 829 3257
5803 2 2 1 2 1177 3257 2
5804 2 2 1 2 3256 3257 1177
5805 2 2 1 2 828 3255 3252
5806 2 2 1 2 3255 829 3256
5807 2 2 1 2 3252 3256 301
5808 2 2 1 2 3255 3256 3252
5809 2 2 1 2 214 3244 3238
5810 2 2 1 2 3244 827 3258
5811 2 2 1 2 3238 3258 824
5812 2 2 1 2 3244 3258 3238
5813 2 2 1 2 827 3250 3259
5814 2 2 1 2 3250 215 3253
5815 2 2 1 2 3259 3253 828
5816 2 2 1 2 3250 3253 3259
5817 2 2 1 2 824 3260 3241
5818 2 2 1 2 3260 828 3251
5819 2 2 1 2 3241 3251 79
5820 2 2 1 2 3260 3251 3241
5821 2 2 1 2 827 3259 3258
5822 2 2 1 2 3259 828 3260
5823 2 2 1 2 3258 3260 824
5824 2 2 1 2 3259 3260 3258
5825 2 2 1 2 57 3207 3190
5826 2 2 1 2 3207 816 3261
5827 2 2 1 2 3190 3261 810
5828 2 2 1 2 3207 3261 3190
5829 2 2 1 2 816 3213 3263
5830 2 2 1 2 3213 213 3262
5831 2 2 1 2 3263 3262 830
5832 2 2 1 2 3213 3262 3263
5833 2 2 1 2 810 3264 3193
5834 2 2 1 2 3264 830 3265
5835 2 2 1 2 3193 3265 210
5836 2 2 1 2 3264 3265 3193
5837 2 2 1 2 816 3263 3261
5838 2 2 1 2 3263 830 3264
5839 2 2 1 2 3261 3264 810
5840 2 2 1 2 3263 3264 3261
5841 2 2 1 2 213 3225 3267
5842 2 2 1 2 3225 822 3266
5843 2 2 1 2 3267 3266 831
5844 2 2 1 2 3225 3266 3267
5845 2 2 1 2 822 3231 3268
5846 2 2 1 2 3231 58 3245
5847 2 2 1 2 3268 3245 825
5848 2 2 1 2 3231 3245 3268
5849 2 2 1 2 831 3269 3270
5850 2 2 1 2 3269 825 3242
5851 2 2 1 2 3270 3242 214
5852 2 2 1 2 3269 3242 3270
5853 2 2 1 2 822 3268 3266
5854 2 2 1 2 3268 825 3269
5855 2 2 1 2 3266 3269 831
5856 2 2 1 2 3268 3269 3266
5857 2 2 1 2 210 3271 3198
5858 2 2 1 2 3271 832 3272
5859 2 2 1 2 3198 3272 813
5860 2 2 1 2 3271 3272 3198
5861 2 2 1 2 832 3273 3274
5862 2 2 1 2 3273 214 3237
5863 2 2 1 2 3274 3237 823
5864 2 2 1 2 3273 3237 3274
5865 2 2 1 2 813 3275 3201
5866 2 2 1 2 3275 823 3235
5867 2 2 1 2 3201 3235 22
5868 2 2 1 2 3275 3235 3201
5869 2 2 1 2 832 3274 3272
5870 2 2 1 2 3274 823 3275
5871 2 2 1 2 3272 3275 813
5872 2 2 1 2 3274 3275 3272
5873 2 2 1 2 213 3267 3262
5874 2 2 1 2 3267 831 3276
5875 2 2 1 2 3262 3276 830
5876 2 2 1 2 3267 3276 3262
5877 2 2 1 2 831 3270 3277
5878 2 2 1 2 3270 214 3273
5879 2 2 1 2 3277 3273 832
5880 2 2 1 2 3270 3273 3277
5881 2 2 1 2 830 3278 3265
5882 2 2 1 2 3278 832 3271
5883 2 2 1 2 3265 3271 210
5884 2 2 1 2 3278 3271 3265
5885 2 2 1 2 831 3277 3276
5886 2 2 1 2 3277 832 3278
5887 2 2 1 2 3276 3278 830
5888 2 2 1 2 3277 3278 3276
5889 2 2 1 2 16 3080 3018
5890 2 2 1 2 3080 782 3279
5891 2 2 1 2 3018 3279 766
5892 2 2 1 2 3080 3279 3018
5893 2 2 1 2 782 3085 3281
5894 2 2 1 2 3085 203 3280
5895 2 2 1 2 3281 3280 833
5896 2 2 1 2 3085 3280 3281
5897 2 2 1 2 766 3282 3021
5898 2 2 1 2 3282 833 3283
5899 2 2 1 2 3021 3283 198
5900 2 2 1 2 3282 3283 3021
5901 2 2 1 2 782 3281 3279
5902 2 2 1 2 3281 833 3282
5903 2 2 1 2 3279 3282 766
5904 2 2 1 2 3281 3282 3279
5905 2 2 1 2 203 3095 3285
5906 2 2 1 2 3095 787 3284
5907 2 2 1 2 3285 3284 835
5908 2 2 1 2 3095 3284 3285
5909 2 2 1 2 787 3101 3287
5910 2 2 1 2 3101 56 3286
5911 2 2 1 2 3287 3286 834
5912 2 2 1 2 3101 3286 3287
5913 2 2 1 2 835 3288 3290
5914 2 2 1 2 3288 834 3289
5915 2 2 1 2 3290 3289 216
5916 2 2 1 2 3288 3289 3290
5917 2 2 1 2 787 3287 3284
5918 2 2 1 2 3287 834 3288
5919 2 2 1 2 3284 3288 835
5920 2 2 1 2 3287 3288 3284
5921 2 2 1 2 198 3291 3027
5922 2 2 1 2 3291 836 3292
5923 2 2 1 2 3027 3292 769
5924 2 2 1 2 3291 3292 3027
5925 2 2 1 2 836 3293 3295
5926 2 2 1 2 3293 216 3294
5927 2 2 1 2 3295 3294 837
5928 2 2 1 2 3293 3294 3295
5929 2 2 1 2 769 3296 3030
5930 2 2 1 2 3296 837 3297
5931 2 2 1 2 3030 3297 54
5932 2 2 1 2 3296 3297 3030
5933 2 2 1 2 836 3295 3292
5934 2 2 1 2 3295 837 3296
5935 2 2 1 2 3292 3296 769
5936 2 2 1 2 3295 3296 3292
5937 2 2 1 2 203 3285 3280
5938 2 2 1 2 3285 835 3298
5939 2 2 1 2 3280 3298 833
5940 2 2 1 2 3285 3298 3280
5941 2 2 1 2 835 3290 3299
5942 2 2 1 2 3290 216 3293
5943 2 2 1 2 3299 3293 836
5944 2 2 1 2 3290 3293 3299
5945 2 2 1 2 833 3300 3283
5946 2 2 1 2 3300 836 3291
5947 2 2 1 2 3283 3291 198
5948 2 2 1 2 3300 3291 3283
5949 2 2 1 2 835 3299 3298
5950 2 2 1 2 3299 836 3300
5951 2 2 1 2 3298 3300 833
5952 2 2 1 2 3299 3300 3298
5953 2 2 1 2 56 3133 3302
5954 2 2 1 2 3133 797 3301
5955 2 2 1 2 3302 3301 839
5956 2 2 1 2 3133 3301 3302
5957 2 2 1 2 797 3139 3304
5958 2 2 1 2 3139 208 3303
5959 2 2 1 2 3304 3303 838
5960 2 2 1 2 3139 3303 3304
5961 2 2 1 2 839 3305 3307
5962 2 2 1 2 3305 838 3306
5963 2 2 1 2 3307 3306 217
5964 2 2 1 2 3305 3306 3307
5965 2 2 1 2 797 3304 3301
5966 2 2 1 2 3304 838 3305
5967 2 2 1 2 3301 3305 839
5968 2 2 1 2 3304 3305 3301
5969 2 2 1 2 208 3151 3309
5970 2 2 1 2 3151 803 3308
5971 2 2 1 2 3309 3308 840
5972 2 2 1 2 3151 3308 3309
5973 2 2 1 2 803 3157 3310
5974 2 2 1 2 3157 17 3217
5975 2 2 1 2 3310 3217 817
5976 2 2 1 2 3157 3217 3310
5977 2 2 1 2 840 3311 3312
5978 2 2 1 2 3311 817 3214
5979 2 2 1 2 3312 3214 211
5980 2 2 1 2 3311 3214 3312
5981 2 2 1 2 803 3310 3308
5982 2 2 1 2 3310 817 3311
5983 2 2 1 2 3308 3311 840
5984 2 2 1 2 3310 3311 3308
5985 2 2 1 2 217 3313 3315
5986 2 2 1 2 3313 841 3314
5987 2 2 1 2 3315 3314 842
5988 2 2 1 2 3313 3314 3315
5989 2 2 1 2 841 3316 3317
5990 2 2 1 2 3316 211 3208
5991 2 2 1 2 3317 3208 814
5992 2 2 1 2 3316 3208 3317
5993 2 2 1 2 842 3318 3319
5994 2 2 1 2 3318 814 3205
5995 2 2 1 2 3319 3205 57
5996 2 2 1 2 3318 3205 3319
5997 2 2 1 2 841 3317 3314
5998 2 2 1 2 3317 814 3318
5999 2 2 1 2 3314 3318 842
6000 2 2 1 2 3317 3318 3314
6001 2 2 1 2 208 3309 3303
6002 2 2 1 2 3309 840 3320
6003 2 2 1 2 3303 3320 838
6004 2 2 1 2 3309 3320 3303
6005 2 2 1 2 840 3312 3321
6006 2 2 1 2 3312 211 3316
6007 2 2 1 2 3321 3316 841
6008 2 2 1 2 3312 3316 3321
6009 2 2 1 2 838 3322 3306
6010 2 2 1 2 3322 841 3313
6011 2 2 1 2 3306 3313 217
6012 2 2 1 2 3322 3313 3306
6013 2 2 1 2 840 3321 3320
6014 2 2 1 2 3321 841 3322
6015 2 2 1 2 3320 3322 838
6016 2 2 1 2 3321 3322 3320
6017 2 2 1 2 54 3323 3046
6018 2 2 1 2 3323 843 3324
6019 2 2 1 2 3046 3324 774
6020 2 2 1 2 3323 3324 3046
6021 2 2 1 2 843 3325 3327
6022 2 2 1 2 3325 218 3326
6023 2 2 1 2 3327 3326 844
6024 2 2 1 2 3325 3326 3327
6025 2 2 1 2 774 3328 3049
6026 2 2 1 2 3328 844 3329
6027 2 2 1 2 3049 3329 201
6028 2 2 1 2 3328 3329 3049
6029 2 2 1 2 843 3327 3324
6030 2 2 1 2 3327 844 3328
6031 2 2 1 2 3324 3328 774
6032 2 2 1 2 3327 3328 3324
6033 2 2 1 2 218 3330 3332
6034 2 2 1 2 3330 845 3331
6035 2 2 1 2 3332 3331 846
6036 2 2 1 2 3330 3331 3332
6037 2 2 1 2 845 3333 3334
6038 2 2 1 2 3333 57 3189
6039 2 2 1 2 3334 3189 809
6040 2 2 1 2 3333 3189 3334
6041 2 2 1 2 846 3335 3336
6042 2 2 1 2 3335 809 3186
6043 2 2 1 2 3336 3186 209
6044 2 2 1 2 3335 3186 3336
6045 2 2 1 2 845 3334 3331
6046 2 2 1 2 3334 809 3335
6047 2 2 1 2 3331 3335 846
6048 2 2 1 2 3334 3335 3331
6049 2 2 1 2 201 3337 3054
6050 2 2 1 2 3337 847 3338
6051 2 2 1 2 3054 3338 777
6052 2 2 1 2 3337 3338 3054
6053 2 2 1 2 847 3339 3340
6054 2 2 1 2 3339 209 3181
6055 2 2 1 2 3340 3181 807
6056 2 2 1 2 3339 3181 3340
6057 2 2 1 2 777 3341 3057
6058 2 2 1 2 3341 807 3179
6059 2 2 1 2 3057 3179 7
6060 2 2 1 2 3341 3179 3057
6061 2 2 1 2 847 3340 3338
6062 2 2 1 2 3340 807 3341
6063 2 2 1 2 3338 3341 777
6064 2 2 1 2 3340 3341 3338
6065 2 2 1 2 218 3332 3326
6066 2 2 1 2 3332 846 3342
6067 2 2 1 2 3326 3342 844
6068 2 2 1 2 3332 3342 3326
6069 2 2 1 2 846 3336 3343
6070 2 2 1 2 3336 209 3339
6071 2 2 1 2 3343 3339 847
6072 2 2 1 2 3336 3339 3343
6073 2 2 1 2 844 3344 3329
6074 2 2 1 2 3344 847 3337
6075 2 2 1 2 3329 3337 201
6076 2 2 1 2 3344 3337 3329
6077 2 2 1 2 846 3343 3342
6078 2 2 1 2 3343 847 3344
6079 2 2 1 2 3342 3344 844
6080 2 2 1 2 3343 3344 3342
6081 2 2 1 2 56 3302 3286
6082 2 2 1 2 3302 839 3345
6083 2 2 1 2 3286 3345 834
6084 2 2 1 2 3302 3345 3286
6085 2 2 1 2 839 3307 3347
6086 2 2 1 2 3307 217 3346
6087 2 2 1 2 3347 3346 848
6088 2 2 1 2 3307 3346 3347
6089 2 2 1 2 834 3348 3289
6090 2 2 1 2 3348 848 3349
6091 2 2 1 2 3289 3349 216
6092 2 2 1 2 3348 3349 3289
6093 2 2 1 2 839 3347 3345
6094 2 2 1 2 3347 848 3348
6095 2 2 1 2 3345 3348 834
6096 2 2 1 2 3347 3348 3345
6097 2 2 1 2 217 3315 3351
6098 2 2 1 2 3315 842 3350
6099 2 2 1 2 3351 3350 849
6100 2 2 1 2 3315 3350 3351
6101 2 2 1 2 842 3319 3352
6102 2 2 1 2 3319 57 3333
6103 2 2 1 2 3352 3333 845
6104 2 2 1 2 3319 3333 3352
6105 2 2 1 2 849 3353 3354
6106 2 2 1 2 3353 845 3330
6107 2 2 1 2 3354 3330 218
6108 2 2 1 2 3353 3330 3354
6109 2 2 1 2 842 3352 3350
6110 2 2 1 2 3352 845 3353
6111 2 2 1 2 3350 3353 849
6112 2 2 1 2 3352 3353 3350
6113 2 2 1 2 216 3355 3294
6114 2 2 1 2 3355 850 3356
6115 2 2 1 2 3294 3356 837
6116 2 2 1 2 3355 3356 3294
6117 2 2 1 2 850 3357 3358
6118 2 2 1 2 3357 218 3325
6119 2 2 1 2 3358 3325 843
6120 2 2 1 2 3357 3325 3358
6121 2 2 1 2 837 3359 3297
6122 2 2 1 2 3359 843 3323
6123 2 2 1 2 3297 3323 54
6124 2 2 1 2 3359 3323 3297
6125 2 2 1 2 850 3358 3356
6126 2 2 1 2 3358 843 3359
6127 2 2 1 2 3356 3359 837
6128 2 2 1 2 3358 3359 3356
6129 2 2 1 2 217 3351 3346
6130 2 2 1 2 3351 849 3360
6131 2 2 1 2 3346 3360 848
6132 2 2 1 2 3351 3360 3346
6133 2 2 1 2 849 3354 3361
6134 2 2 1 2 3354 218 3357
6135 2 2 1 2 3361 3357 850
6136 2 2 1 2 3354 3357 3361
6137 2 2 1 2 848 3362 3349
6138 2 2 1 2 3362 850 3355
6139 2 2 1 2 3349 3355 216
6140 2 2 1 2 3362 3355 3349
6141 2 2 1 2 849 3361 3360
6142 2 2 1 2 3361 850 3362
6143 2 2 1 2 3360 3362 848
6144 2 2 1 2 3361 3362 3360
6145 2 2 1 2 2 3257 1435
6146 2 2 1 2 3257 829 3363
6147 2 2 1 2 1435 3363 367
6148 2 2 1 2 3257 3363 1435
6149 2 2 1 2 829 3254 3365
6150 2 2 1 2 3254 215 3364
6151 2 2 1 2 3365 3364 851
6152 2 2 1 2 3254 3364 3365
6153 2 2 1 2 367 3366 1437
6154 2 2 1 2 3366 851 3367
6155 2 2 1 2 1437 3367 97
6156 2 2 1 2 3366 3367 1437
6157 2 2 1 2 829 3365 3363
6158 2 2 1 2 3365 851 3366
6159 2 2 1 2 3363 3366 367
6160 2 2 1 2 3365 3366 3363
6161 2 2 1 2 215 3249 3369
6162 2 2 1 2 3249 826 3368
6163 2 2 1 2 3369 3368 853
6164 2 2 1 2 3249 3368 3369
6165 2 2 1 2 826 3246 3371
6166 2 2 1 2 3246 58 3370
6167 2 2 1 2 3371 3370 852
6168 2 2 1 2 3246 3370 3371
6169 2 2 1 2 853 3372 3374
6170 2 2 1 2 3372 852 3373
6171 2 2 1 2 3374 3373 219
6172 2 2 1 2 3372 3373 3374
6173 2 2 1 2 826 3371 3368
6174 2 2 1 2 3371 852 3372
6175 2 2 1 2 3368 3372 853
6176 2 2 1 2 3371 3372 3368
6177 2 2 1 2 97 3375 1442
6178 2 2 1 2 3375 854 3376
6179 2 2 1 2 1442 3376 369
6180 2 2 1 2 3375 3376 1442
6181 2 2 1 2 854 3377 3379
6182 2 2 1 2 3377 219 3378
6183 2 2 1 2 3379 3378 855
6184 2 2 1 2 3377 3378 3379
6185 2 2 1 2 369 3380 1445
6186 2 2 1 2 3380 855 3381
6187 2 2 1 2 1445 3381 28
6188 2 2 1 2 3380 3381 1445
6189 2 2 1 2 854 3379 3376
6190 2 2 1 2 3379 855 3380
6191 2 2 1 2 3376 3380 369
6192 2 2 1 2 3379 3380 3376
6193 2 2 1 2 215 3369 3364
6194 2 2 1 2 3369 853 3382
6195 2 2 1 2 3364 3382 851
6196 2 2 1 2 3369 3382 3364
6197 2 2 1 2 853 3374 3383
6198 2 2 1 2 3374 219 3377
6199 2 2 1 2 3383 3377 854
6200 2 2 1 2 3374 3377 3383
6201 2 2 1 2 851 3384 3367
6202 2 2 1 2 3384 854 3375
6203 2 2 1 2 3367 3375 97
6204 2 2 1 2 3384 3375 3367
6205 2 2 1 2 853 3383 3382
6206 2 2 1 2 3383 854 3384
6207 2 2 1 2 3382 3384 851
6208 2 2 1 2 3383 3384 3382
6209 2 2 1 2 58 3230 3386
6210 2 2 1 2 3230 821 3385
6211 2 2 1 2 3386 3385 857
6212 2 2 1 2 3230 3385 3386
6213 2 2 1 2 821 3227 3388
6214 2 2 1 2 3227 212 3387
6215 2 2 1 2 3388 3387 856
6216 2 2 1 2 3227 3387 3388
6217 2 2 1 2 857 3389 3391
6218 2 2 1 2 3389 856 3390
6219 2 2 1 2 3391 3390 221
6220 2 2 1 2 3389 3390 3391
6221 2 2 1 2 821 3388 3385
6222 2 2 1 2 3388 856 3389
6223 2 2 1 2 3385 3389 857
6224 2 2 1 2 3388 3389 3385
6225 2 2 1 2 212 3221 3393
6226 2 2 1 2 3221 818 3392
6227 2 2 1 2 3393 3392 859
6228 2 2 1 2 3221 3392 3393
6229 2 2 1 2 818 3218 3395
6230 2 2 1 2 3218 17 3394
6231 2 2 1 2 3395 3394 858
6232 2 2 1 2 3218 3394 3395
6233 2 2 1 2 859 3396 3398
6234 2 2 1 2 3396 858 3397
6235 2 2 1 2 3398 3397 220
6236 2 2 1 2 3396 3397 3398
6237 2 2 1 2 818 3395 3392
6238 2 2 1 2 3395 858 3396
6239 2 2 1 2 3392 3396 859
6240 2 2 1 2 3395 3396 3392
6241 2 2 1 2 221 3399 3401
6242 2 2 1 2 3399 860 3400
6243 2 2 1 2 3401 3400 862
6244 2 2 1 2 3399 3400 3401
6245 2 2 1 2 860 3402 3404
6246 2 2 1 2 3402 220 3403
6247 2 2 1 2 3404 3403 861
6248 2 2 1 2 3402 3403 3404
6249 2 2 1 2 862 3405 3407
6250 2 2 1 2 3405 861 3406
6251 2 2 1 2 3407 3406 59
6252 2 2 1 2 3405 3406 3407
6253 2 2 1 2 860 3404 3400
6254 2 2 1 2 3404 861 3405
6255 2 2 1 2 3400 3405 862
6256 2 2 1 2 3404 3405 3400
6257 2 2 1 2 212 3393 3387
6258 2 2 1 2 3393 859 3408
6259 2 2 1 2 3387 3408 856
6260 2 2 1 2 3393 3408 3387
6261 2 2 1 2 859 3398 3409
6262 2 2 1 2 3398 220 3402
6263 2 2 1 2 3409 3402 860
6264 2 2 1 2 3398 3402 3409
6265 2 2 1 2 856 3410 3390
6266 2 2 1 2 3410 860 3399
6267 2 2 1 2 3390 3399 221
6268 2 2 1 2 3410 3399 3390
6269 2 2 1 2 859 3409 3408
6270 2 2 1 2 3409 860 3410
6271 2 2 1 2 3408 3410 856
6272 2 2 1 2 3409 3410 3408
6273 2 2 1 2 28 3411 1461
6274 2 2 1 2 3411 863 3412
6275 2 2 1 2 1461 3412 374
6276 2 2 1 2 3411 3412 1461
6277 2 2 1 2 863 3413 3415
6278 2 2 1 2 3413 222 3414
6279 2 2 1 2 3415 3414 864
6280 2 2 1 2 3413 3414 3415
6281 2 2 1 2 374 3416 1464
6282 2 2 1 2 3416 864 3417
6283 2 2 1 2 1464 3417 99
6284 2 2 1 2 3416 3417 1464
6285 2 2 1 2 863 3415 3412
6286 2 2 1 2 3415 864 3416
6287 2 2 1 2 3412 3416 374
6288 2 2 1 2 3415 3416 3412
6289 2 2 1 2 222 3418 3420
6290 2 2 1 2 3418 865 3419
6291 2 2 1 2 3420 3419 867
6292 2 2 1 2 3418 3419 3420
6293 2 2 1 2 865 3421 3423
6294 2 2 1 2 3421 59 3422
6295 2 2 1 2 3423 3422 866
6296 2 2 1 2 3421 3422 3423
6297 2 2 1 2 867 3424 3426
6298 2 2 1 2 3424 866 3425
6299 2 2 1 2 3426 3425 223
6300 2 2 1 2 3424 3425 3426
6301 2 2 1 2 865 3423 3419
6302 2 2 1 2 3423 866 3424
6303 2 2 1 2 3419 3424 867
6304 2 2 1 2 3423 3424 3419
6305 2 2 1 2 99 3427 1470
6306 2 2 1 2 3427 868 3428
6307 2 2 1 2 1470 3428 377
6308 2 2 1 2 3427 3428 1470
6309 2 2 1 2 868 3429 3431
6310 2 2 1 2 3429 223 3430
6311 2 2 1 2 3431 3430 869
6312 2 2 1 2 3429 3430 3431
6313 2 2 1 2 377 3432 1473
6314 2 2 1 2 3432 869 3433
6315 2 2 1 2 1473 3433 10
6316 2 2 1 2 3432 3433 1473
6317 2 2 1 2 868 3431 3428
6318 2 2 1 2 3431 869 3432
6319 2 2 1 2 3428 3432 377
6320 2 2 1 2 3431 3432 3428
6321 2 2 1 2 222 3420 3414
6322 2 2 1 2 3420 867 3434
6323 2 2 1 2 3414 3434 864
6324 2 2 1 2 3420 3434 3414
6325 2 2 1 2 867 3426 3435
6326 2 2 1 2 3426 223 3429
6327 2 2 1 2 3435 3429 868
6328 2 2 1 2 3426 3429 3435
6329 2 2 1 2 864 3436 3417
6330 2 2 1 2 3436 868 3427
6331 2 2 1 2 3417 3427 99
6332 2 2 1 2 3436 3427 3417
6333 2 2 1 2 867 3435 3434
6334 2 2 1 2 3435 868 3436
6335 2 2 1 2 3434 3436 864
6336 2 2 1 2 3435 3436 3434
6337 2 2 1 2 58 3386 3370
6338 2 2 1 2 3386 857 3437
6339 2 2 1 2 3370 3437 852
6340 2 2 1 2 3386 3437 3370
6341 2 2 1 2 857 3391 3439
6342 2 2 1 2 3391 221 3438
6343 2 2 1 2 3439 3438 870
6344 2 2 1 2 3391 3438 3439
6345 2 2 1 2 852 3440 3373
6346 2 2 1 2 3440 870 3441
6347 2 2 1 2 3373 3441 219
6348 2 2 1 2 3440 3441 3373
6349 2 2 1 2 857 3439 3437
6350 2 2 1 2 3439 870 3440
6351 2 2 1 2 3437 3440 852
6352 2 2 1 2 3439 3440 3437
6353 2 2 1 2 221 3401 3443
6354 2 2 1 2 3401 862 3442
6355 2 2 1 2 3443 3442 871
6356 2 2 1 2 3401 3442 3443
6357 2 2 1 2 862 3407 3444
6358 2 2 1 2 3407 59 3421
6359 2 2 1 2 3444 3421 865
6360 2 2 1 2 3407 3421 3444
6361 2 2 1 2 871 3445 3446
6362 2 2 1 2 3445 865 3418
6363 2 2 1 2 3446 3418 222
6364 2 2 1 2 3445 3418 3446
6365 2 2 1 2 862 3444 3442
6366 2 2 1 2 3444 865 3445
6367 2 2 1 2 3442 3445 871
6368 2 2 1 2 3444 3445 3442
6369 2 2 1 2 219 3447 3378
6370 2 2 1 2 3447 872 3448
6371 2 2 1 2 3378 3448 855
6372 2 2 1 2 3447 3448 3378
6373 2 2 1 2 872 3449 3450
6374 2 2 1 2 3449 222 3413
6375 2 2 1 2 3450 3413 863
6376 2 2 1 2 3449 3413 3450
6377 2 2 1 2 855 3451 3381
6378 2 2 1 2 3451 863 3411
6379 2 2 1 2 3381 3411 28
6380 2 2 1 2 3451 3411 3381
6381 2 2 1 2 872 3450 3448
6382 2 2 1 2 3450 863 3451
6383 2 2 1 2 3448 3451 855
6384 2 2 1 2 3450 3451 3448
6385 2 2 1 2 221 3443 3438
6386 2 2 1 2 3443 871 3452
6387 2 2 1 2 3438 3452 870
6388 2 2 1 2 3443 3452 3438
6389 2 2 1 2 871 3446 3453
6390 2 2 1 2 3446 222 3449
6391 2 2 1 2 3453 3449 872
6392 2 2 1 2 3446 3449 3453
6393 2 2 1 2 870 3454 3441
6394 2 2 1 2 3454 872 3447
6395 2 2 1 2 3441 3447 219
6396 2 2 1 2 3454 3447 3441
6397 2 2 1 2 871 3453 3452
6398 2 2 1 2 3453 872 3454
6399 2 2 1 2 3452 3454 870
6400 2 2 1 2 3453 3454 3452
6401 2 2 1 2 17 3156 3456
6402 2 2 1 2 3156 802 3455
6403 2 2 1 2 3456 3455 874
6404 2 2 1 2 3156 3455 3456
6405 2 2 1 2 802 3153 3458
6406 2 2 1 2 3153 207 3457
6407 2 2 1 2 3458 3457 873
6408 2 2 1 2 3153 3457 3458
6409 2 2 1 2 874 3459 3461
6410 2 2 1 2 3459 873 3460
6411 2 2 1 2 3461 3460 225
6412 2 2 1 2 3459 3460 3461
6413 2 2 1 2 802 3458 3455
6414 2 2 1 2 3458 873 3459
6415 2 2 1 2 3455 3459 874
6416 2 2 1 2 3458 3459 3455
6417 2 2 1 2 207 3147 3463
6418 2 2 1 2 3147 799 3462
6419 2 2 1 2 3463 3462 876
6420 2 2 1 2 3147 3462 3463
6421 2 2 1 2 799 3144 3465
6422 2 2 1 2 3144 55 3464
6423 2 2 1 2 3465 3464 875
6424 2 2 1 2 3144 3464 3465
6425 2 2 1 2 876 3466 3468
6426 2 2 1 2 3466 875 3467
6427 2 2 1 2 3468 3467 224
6428 2 2 1 2 3466 3467 3468
6429 2 2 1 2 799 3465 3462
6430 2 2 1 2 3465 875 3466
6431 2 2 1 2 3462 3466 876
6432 2 2 1 2 3465 3466 3462
6433 2 2 1 2 225 3469 3471
6434 2 2 1 2 3469 877 3470
6435 2 2 1 2 3471 3470 879
6436 2 2 1 2 3469 3470 3471
6437 2 2 1 2 877 3472 3474
6438 2 2 1 2 3472 224 3473
6439 2 2 1 2 3474 3473 878
6440 2 2 1 2 3472 3473 3474
6441 2 2 1 2 879 3475 3477
6442 2 2 1 2 3475 878 3476
6443 2 2 1 2 3477 3476 61
6444 2 2 1 2 3475 3476 3477
6445 2 2 1 2 877 3474 3470
6446 2 2 1 2 3474 878 3475
6447 2 2 1 2 3470 3475 879
6448 2 2 1 2 3474 3475 3470
6449 2 2 1 2 207 3463 3457
6450 2 2 1 2 3463 876 3478
6451 2 2 1 2 3457 3478 873
6452 2 2 1 2 3463 3478 3457
6453 2 2 1 2 876 3468 3479
6454 2 2 1 2 3468 224 3472
6455 2 2 1 2 3479 3472 877
6456 2 2 1 2 3468 3472 3479
6457 2 2 1 2 873 3480 3460
6458 2 2 1 2 3480 877 3469
6459 2 2 1 2 3460 3469 225
6460 2 2 1 2 3480 3469 3460
6461 2 2 1 2 876 3479 3478
6462 2 2 1 2 3479 877 3480
6463 2 2 1 2 3478 3480 873
6464 2 2 1 2 3479 3480 3478
6465 2 2 1 2 55 3126 3482
6466 2 2 1 2 3126 793 3481
6467 2 2 1 2 3482 3481 881
6468 2 2 1 2 3126 3481 3482
6469 2 2 1 2 793 3123 3484
6470 2 2 1 2 3123 204 3483
6471 2 2 1 2 3484 3483 880
6472 2 2 1 2 3123 3483 3484
6473 2 2 1 2 881 3485 3487
6474 2 2 1 2 3485 880 3486
6475 2 2 1 2 3487 3486 227
6476 2 2 1 2 3485 3486 3487
6477 2 2 1 2 793 3484 3481
6478 2 2 1 2 3484 880 3485
6479 2 2 1 2 3481 3485 881
6480 2 2 1 2 3484 3485 3481
6481 2 2 1 2 204 3117 3489
6482 2 2 1 2 3117 790 3488
6483 2 2 1 2 3489 3488 883
6484 2 2 1 2 3117 3488 3489
6485 2 2 1 2 790 3114 3491
6486 2 2 1 2 3114 6 3490
6487 2 2 1 2 3491 3490 882
6488 2 2 1 2 3114 3490 3491
6489 2 2 1 2 883 3492 3494
6490 2 2 1 2 3492 882 3493
6491 2 2 1 2 3494 3493 226
6492 2 2 1 2 3492 3493 3494
6493 2 2 1 2 790 3491 3488
6494 2 2 1 2 3491 882 3492
6495 2 2 1 2 3488 3492 883
6496 2 2 1 2 3491 3492 3488
6497 2 2 1 2 227 3495 3497
6498 2 2 1 2 3495 884 3496
6499 2 2 1 2 3497 3496 886
6500 2 2 1 2 3495 3496 3497
6501 2 2 1 2 884 3498 3500
6502 2 2 1 2 3498 226 3499
6503 2 2 1 2 3500 3499 885
6504 2 2 1 2 3498 3499 3500
6505 2 2 1 2 886 3501 3503
6506 2 2 1 2 3501 885 3502
6507 2 2 1 2 3503 3502 60
6508 2 2 1 2 3501 3502 3503
6509 2 2 1 2 884 3500 3496
6510 2 2 1 2 3500 885 3501
6511 2 2 1 2 3496 3501 886
6512 2 2 1 2 3500 3501 3496
6513 2 2 1 2 204 3489 3483
6514 2 2 1 2 3489 883 3504
6515 2 2 1 2 3483 3504 880
6516 2 2 1 2 3489 3504 3483
6517 2 2 1 2 883 3494 3505
6518 2 2 1 2 3494 226 3498
6519 2 2 1 2 3505 3498 884
6520 2 2 1 2 3494 3498 3505
6521 2 2 1 2 880 3506 3486
6522 2 2 1 2 3506 884 3495
6523 2 2 1 2 3486 3495 227
6524 2 2 1 2 3506 3495 3486
6525 2 2 1 2 883 3505 3504
6526 2 2 1 2 3505 884 3506
6527 2 2 1 2 3504 3506 880
6528 2 2 1 2 3505 3506 3504
6529 2 2 1 2 61 3507 3509
6530 2 2 1 2 3507 887 3508
6531 2 2 1 2 3509 3508 889
6532 2 2 1 2 3507 3508 3509
6533 2 2 1 2 887 3510 3512
6534 2 2 1 2 3510 228 3511
6535 2 2 1 2 3512 3511 888
6536 2 2 1 2 3510 3511 3512
6537 2 2 1 2 889 3513 3515
6538 2 2 1 2 3513 888 3514
6539 2 2 1 2 3515 3514 230
6540 2 2 1 2 3513 3514 3515
6541 2 2 1 2 887 3512 3508
6542 2 2 1 2 3512 888 3513
6543 2 2 1 2 3508 3513 889
6544 2 2 1 2 3512 3513 3508
6545 2 2 1 2 228 3516 3518
6546 2 2 1 2 3516 890 3517
6547 2 2 1 2 3518 3517 892
6548 2 2 1 2 3516 3517 3518
6549 2 2 1 2 890 3519 3521
6550 2 2 1 2 3519 60 3520
6551 2 2 1 2 3521 3520 891
6552 2 2 1 2 3519 3520 3521
6553 2 2 1 2 892 3522 3524
6554 2 2 1 2 3522 891 3523
6555 2 2 1 2 3524 3523 229
6556 2 2 1 2 3522 3523 3524
6557 2 2 1 2 890 3521 3517
6558 2 2 1 2 3521 891 3522
6559 2 2 1 2 3517 3522 892
6560 2 2 1 2 3521 3522 3517
6561 2 2 1 2 230 3525 3527
6562 2 2 1 2 3525 893 3526
6563 2 2 1 2 3527 3526 895
6564 2 2 1 2 3525 3526 3527
6565 2 2 1 2 893 3528 3530
6566 2 2 1 2 3528 229 3529
6567 2 2 1 2 3530 3529 894
6568 2 2 1 2 3528 3529 3530
6569 2 2 1 2 895 3531 3533
6570 2 2 1 2 3531 894 3532
6571 2 2 1 2 3533 3532 18
6572 2 2 1 2 3531 3532 3533
6573 2 2 1 2 893 3530 3526
6574 2 2 1 2 3530 894 3531
6575 2 2 1 2 3526 3531 895
6576 2 2 1 2 3530 3531 3526
6577 2 2 1 2 228 3518 3511
6578 2 2 1 2 3518 892 3534
6579 2 2 1 2 3511 3534 888
6580 2 2 1 2 3518 3534 3511
6581 2 2 1 2 892 3524 3535
6582 2 2 1 2 3524 229 3528
6583 2 2 1 2 3535 3528 893
6584 2 2 1 2 3524 3528 3535
6585 2 2 1 2 888 3536 3514
6586 2 2 1 2 3536 893 3525
6587 2 2 1 2 3514 3525 230
6588 2 2 1 2 3536 3525 3514
6589 2 2 1 2 892 3535 3534
6590 2 2 1 2 3535 893 3536
6591 2 2 1 2 3534 3536 888
6592 2 2 1 2 3535 3536 3534
6593 2 2 1 2 55 3482 3464
6594 2 2 1 2 3482 881 3537
6595 2 2 1 2 3464 3537 875
6596 2 2 1 2 3482 3537 3464
6597 2 2 1 2 881 3487 3539
6598 2 2 1 2 3487 227 3538
6599 2 2 1 2 3539 3538 896
6600 2 2 1 2 3487 3538 3539
6601 2 2 1 2 875 3540 3467
6602 2 2 1 2 3540 896 3541
6603 2 2 1 2 3467 3541 224
6604 2 2 1 2 3540 3541 3467
6605 2 2 1 2 881 3539 3537
6606 2 2 1 2 3539 896 3540
6607 2 2 1 2 3537 3540 875
6608 2 2 1 2 3539 3540 3537
6609 2 2 1 2 227 3497 3543
6610 2 2 1 2 3497 886 3542
6611 2 2 1 2 3543 3542 897
6612 2 2 1 2 3497 3542 3543
6613 2 2 1 2 886 3503 3544
6614 2 2 1 2 3503 60 3519
6615 2 2 1 2 3544 3519 890
6616 2 2 1 2 3503 3519 3544
6617 2 2 1 2 897 3545 3546
6618 2 2 1 2 3545 890 3516
6619 2 2 1 2 3546 3516 228
6620 2 2 1 2 3545 3516 3546
6621 2 2 1 2 886 3544 3542
6622 2 2 1 2 3544 890 3545
6623 2 2 1 2 3542 3545 897
6624 2 2 1 2 3544 3545 3542
6625 2 2 1 2 224 3547 3473
6626 2 2 1 2 3547 898 3548
6627 2 2 1 2 3473 3548 878
6628 2 2 1 2 3547 3548 3473
6629 2 2 1 2 898 3549 3550
6630 2 2 1 2 3549 228 3510
6631 2 2 1 2 3550 3510 887
6632 2 2 1 2 3549 3510 3550
6633 2 2 1 2 878 3551 3476
6634 2 2 1 2 3551 887 3507
6635 2 2 1 2 3476 3507 61
6636 2 2 1 2 3551 3507 3476
6637 2 2 1 2 898 3550 3548
6638 2 2 1 2 3550 887 3551
6639 2 2 1 2 3548 3551 878
6640 2 2 1 2 3550 3551 3548
6641 2 2 1 2 227 3543 3538
6642 2 2 1 2 3543 897 3552
6643 2 2 1 2 3538 3552 896
6644 2 2 1 2 3543 3552 3538
6645 2 2 1 2 897 3546 3553
6646 2 2 1 2 3546 228 3549
6647 2 2 1 2 3553 3549 898
6648 2 2 1 2 3546 3549 3553
6649 2 2 1 2 896 3554 3541
6650 2 2 1 2 3554 898 3547
6651 2 2 1 2 3541 3547 224
6652 2 2 1 2 3554 3547 3541
6653 2 2 1 2 897 3553 3552
6654 2 2 1 2 3553 898 3554
6655 2 2 1 2 3552 3554 896
6656 2 2 1 2 3553 3554 3552
6657 2 2 1 2 10 3555 1535
6658 2 2 1 2 3555 899 3556
6659 2 2 1 2 1535 3556 393
6660 2 2 1 2 3555 3556 1535
6661 2 2 1 2 899 3557 3559
6662 2 2 1 2 3557 231 3558
6663 2 2 1 2 3559 3558 900
6664 2 2 1 2 3557 3558 3559
6665 2 2 1 2 393 3560 1538
6666 2 2 1 2 3560 900 3561
6667 2 2 1 2 1538 3561 104
6668 2 2 1 2 3560 3561 1538
6669 2 2 1 2 899 3559 3556
6670 2 2 1 2 3559 900 3560
6671 2 2 1 2 3556 3560 393
6672 2 2 1 2 3559 3560 3556
6673 2 2 1 2 231 3562 3564
6674 2 2 1 2 3562 901 3563
6675 2 2 1 2 3564 3563 903
6676 2 2 1 2 3562 3563 3564
6677 2 2 1 2 901 3565 3567
6678 2 2 1 2 3565 62 3566
6679 2 2 1 2 3567 3566 902
6680 2 2 1 2 3565 3566 3567
6681 2 2 1 2 903 3568 3570
6682 2 2 1 2 3568 902 3569
6683 2 2 1 2 3570 3569 232
6684 2 2 1 2 3568 3569 3570
6685 2 2 1 2 901 3567 3563
6686 2 2 1 2 3567 902 3568
6687 2 2 1 2 3563 3568 903
6688 2 2 1 2 3567 3568 3563
6689 2 2 1 2 104 3571 1544
6690 2 2 1 2 3571 904 3572
6691 2 2 1 2 1544 3572 396
6692 2 2 1 2 3571 3572 1544
6693 2 2 1 2 904 3573 3575
6694 2 2 1 2 3573 232 3574
6695 2 2 1 2 3575 3574 905
6696 2 2 1 2 3573 3574 3575
6697 2 2 1 2 396 3576 1547
6698 2 2 1 2 3576 905 3577
6699 2 2 1 2 1547 3577 30
6700 2 2 1 2 3576 3577 1547
6701 2 2 1 2 904 3575 3572
6702 2 2 1 2 3575 905 3576
6703 2 2 1 2 3572 3576 396
6704 2 2 1 2 3575 3576 3572
6705 2 2 1 2 231 3564 3558
6706 2 2 1 2 3564 903 3578
6707 2 2 1 2 3558 3578 900
6708 2 2 1 2 3564 3578 3558
6709 2 2 1 2 903 3570 3579
6710 2 2 1 2 3570 232 3573
6711 2 2 1 2 3579 3573 904
6712 2 2 1 2 3570 3573 3579
6713 2 2 1 2 900 3580 3561
6714 2 2 1 2 3580 904 3571
6715 2 2 1 2 3561 3571 104
6716 2 2 1 2 3580 3571 3561
6717 2 2 1 2 903 3579 3578
6718 2 2 1 2 3579 904 3580
6719 2 2 1 2 3578 3580 900
6720 2 2 1 2 3579 3580 3578
6721 2 2 1 2 62 3581 3583
6722 2 2 1 2 3581 906 3582
6723 2 2 1 2 3583 3582 908
6724 2 2 1 2 3581 3582 3583
6725 2 2 1 2 906 3584 3586
6726 2 2 1 2 3584 233 3585
6727 2 2 1 2 3586 3585 907
6728 2 2 1 2 3584 3585 3586
6729 2 2 1 2 908 3587 3589
6730 2 2 1 2 3587 907 3588
6731 2 2 1 2 3589 3588 235
6732 2 2 1 2 3587 3588 3589
6733 2 2 1 2 906 3586 3582
6734 2 2 1 2 3586 907 3587
6735 2 2 1 2 3582 3587 908
6736 2 2 1 2 3586 3587 3582
6737 2 2 1 2 233 3590 3592
6738 2 2 1 2 3590 909 3591
6739 2 2 1 2 3592 3591 911
6740 2 2 1 2 3590 3591 3592
6741 2 2 1 2 909 3593 3595
6742 2 2 1 2 3593 18 3594
6743 2 2 1 2 3595 3594 910
6744 2 2 1 2 3593 3594 3595
6745 2 2 1 2 911 3596 3598
6746 2 2 1 2 3596 910 3597
6747 2 2 1 2 3598 3597 234
6748 2 2 1 2 3596 3597 3598
6749 2 2 1 2 909 3595 3591
6750 2 2 1 2 3595 910 3596
6751 2 2 1 2 3591 3596 911
6752 2 2 1 2 3595 3596 3591
6753 2 2 1 2 235 3599 3601
6754 2 2 1 2 3599 912 3600
6755 2 2 1 2 3601 3600 914
6756 2 2 1 2 3599 3600 3601
6757 2 2 1 2 912 3602 3604
6758 2 2 1 2 3602 234 3603
6759 2 2 1 2 3604 3603 913
6760 2 2 1 2 3602 3603 3604
6761 2 2 1 2 914 3605 3607
6762 2 2 1 2 3605 913 3606
6763 2 2 1 2 3607 3606 63
6764 2 2 1 2 3605 3606 3607
6765 2 2 1 2 912 3604 3600
6766 2 2 1 2 3604 913 3605
6767 2 2 1 2 3600 3605 914
6768 2 2 1 2 3604 3605 3600
6769 2 2 1 2 233 3592 3585
6770 2 2 1 2 3592 911 3608
6771 2 2 1 2 3585 3608 907
6772 2 2 1 2 3592 3608 3585
6773 2 2 1 2 911 3598 3609
6774 2 2 1 2 3598 234 3602
6775 2 2 1 2 3609 3602 912
6776 2 2 1 2 3598 3602 3609
6777 2 2 1 2 907 3610 3588
6778 2 2 1 2 3610 912 3599
6779 2 2 1 2 3588 3599 235
6780 2 2 1 2 3610 3599 3588
6781 2 2 1 2 911 3609 3608
6782 2 2 1 2 3609 912 3610
6783 2 2 1 2 3608 3610 907
6784 2 2 1 2 3609 3610 3608
6785 2 2 1 2 30 3611 1565
6786 2 2 1 2 3611 915 3612
6787 2 2 1 2 1565 3612 402
6788 2 2 1 2 3611 3612 1565
6789 2 2 1 2 915 3613 3615
6790 2 2 1 2 3613 236 3614
6791 2 2 1 2 3615 3614 916
6792 2 2 1 2 3613 3614 3615
6793 2 2 1 2 402 3616 1568
6794 2 2 1 2 3616 916 3617
6795 2 2 1 2 1568 3617 107
6796 2 2 1 2 3616 3617 1568
6797 2 2 1 2 915 3615 3612
6798 2 2 1 2 3615 916 3616
6799 2 2 1 2 3612 3616 402
6800 2 2 1 2 3615 3616 3612
6801 2 2 1 2 236 3618 3620
6802 2 2 1 2 3618 917 3619
6803 2 2 1 2 3620 3619 919
6804 2 2 1 2 3618 3619 3620
6805 2 2 1 2 917 3621 3623
6806 2 2 1 2 3621 63 3622
6807 2 2 1 2 3623 3622 918
6808 2 2 1 2 3621 3622 3623
6809 2 2 1 2 919 3624 3626
6810 2 2 1 2 3624 918 3625
6811 2 2 1 2 3626 3625 237
6812 2 2 1 2 3624 3625 3626
6813 2 2 1 2 917 3623 3619
6814 2 2 1 2 3623 918 3624
6815 2 2 1 2 3619 3624 919
6816 2 2 1 2 3623 3624 3619
6817 2 2 1 2 107 3627 1574
6818 2 2 1 2 3627 920 3628
6819 2 2 1 2 1574 3628 405
6820 2 2 1 2 3627 3628 1574
6821 2 2 1 2 920 3629 3631
6822 2 2 1 2 3629 237 3630
6823 2 2 1 2 3631 3630 921
6824 2 2 1 2 3629 3630 3631
6825 2 2 1 2 405 3632 1577
6826 2 2 1 2 3632 921 3633
6827 2 2 1 2 1577 3633 4
6828 2 2 1 2 3632 3633 1577
6829 2 2 1 2 920 3631 3628
6830 2 2 1 2 3631 921 3632
6831 2 2 1 2 3628 3632 405
6832 2 2 1 2 3631 3632 3628
6833 2 2 1 2 236 3620 3614
6834 2 2 1 2 3620 919 3634
6835 2 2 1 2 3614 3634 916
6836 2 2 1 2 3620 3634 3614
6837 2 2 1 2 919 3626 3635
6838 2 2 1 2 3626 237 3629
6839 2 2 1 2 3635 3629 920
6840 2 2 1 2 3626 3629 3635
6841 2 2 1 2 916 3636 3617
6842 2 2 1 2 3636 920 3627
6843 2 2 1 2 3617 3627 107
6844 2 2 1 2 3636 3627 3617
6845 2 2 1 2 919 3635 3634
6846 2 2 1 2 3635 920 3636
6847 2 2 1 2 3634 3636 916
6848 2 2 1 2 3635 3636 3634
6849 2 2 1 2 62 3583 3566
6850 2 2 1 2 3583 908 3637
6851 2 2 1 2 3566 3637 902
6852 2 2 1 2 3583 3637 3566
6853 2 2 1 2 908 3589 3639
6854 2 2 1 2 3589 235 3638
6855 2 2 1 2 3639 3638 922
6856 2 2 1 2 3589 3638 3639
6857 2 2 1 2 902 3640 3569
6858 2 2 1 2 3640 922 3641
6859 2 2 1 2 3569 3641 232
6860 2 2 1 2 3640 3641 3569
6861 2 2 1 2 908 3639 3637
6862 2 2 1 2 3639 922 3640
6863 2 2 1 2 3637 3640 902
6864 2 2 1 2 3639 3640 3637
6865 2 2 1 2 235 3601 3643
6866 2 2 1 2 3601 914 3642
6867 2 2 1 2 3643 3642 923
6868 2 2 1 2 3601 3642 3643
6869 2 2 1 2 914 3607 3644
6870 2 2 1 2 3607 63 3621
6871 2 2 1 2 3644 3621 917
6872 2 2 1 2 3607 3621 3644
6873 2 2 1 2 923 3645 3646
6874 2 2 1 2 3645 917 3618
6875 2 2 1 2 3646 3618 236
6876 2 2 1 2 3645 3618 3646
6877 2 2 1 2 914 3644 3642
6878 2 2 1 2 3644 917 3645
6879 2 2 1 2 3642 3645 923
6880 2 2 1 2 3644 3645 3642
6881 2 2 1 2 232 3647 3574
6882 2 2 1 2 3647 924 3648
6883 2 2 1 2 3574 3648 905
6884 2 2 1 2 3647 3648 3574
6885 2 2 1 2 924 3649 3650
6886 2 2 1 2 3649 236 3613
6887 2 2 1 2 3650 3613 915
6888 2 2 1 2 3649 3613 3650
6889 2 2 1 2 905 3651 3577
6890 2 2 1 2 3651 915 3611
6891 2 2 1 2 3577 3611 30
6892 2 2 1 2 3651 3611 3577
6893 2 2 1 2 924 3650 3648
6894 2 2 1 2 3650 915 3651
6895 2 2 1 2 3648 3651 905
6896 2 2 1 2 3650 3651 3648
6897 2 2 1 2 235 3643 3638
6898 2 2 1 2 3643 923 3652
6899 2 2 1 2 3638 3652 922
6900 2 2 1 2 3643 3652 3638
6901 2 2 1 2 923 3646 3653
6902 2 2 1 2 3646 236 3649
6903 2 2 1 2 3653 3649 924
6904 2 2 1 2 3646 3649 3653
6905 2 2 1 2 922 3654 3641
6906 2 2 1 2 3654 924 3647
6907 2 2 1 2 3641 3647 232
6908 2 2 1 2 3654 3647 3641
6909 2 2 1 2 923 3653 3652
6910 2 2 1 2 3653 924 3654
6911 2 2 1 2 3652 3654 922
6912 2 2 1 2 3653 3654 3652
6913 2 2 1 2 17 3456 3394
6914 2 2 1 2 3456 874 3655
6915 2 2 1 2 3394 3655 858
6916 2 2 1 2 3456 3655 3394
6917 2 2 1 2 874 3461 3657
6918 2 2 1 2 3461 225 3656
6919 2 2 1 2 3657 3656 925
6920 2 2 1 2 3461 3656 3657
6921 2 2 1 2 858 3658 3397
6922 2 2 1 2 3658 925 3659
6923 2 2 1 2 3397 3659 220
6924 2 2 1 2 3658 3659 3397
6925 2 2 1 2 874 3657 3655
6926 2 2 1 2 3657 925 3658
6927 2 2 1 2 3655 3658 858
6928 2 2 1 2 3657 3658 3655
6929 2 2 1 2 225 3471 3661
6930 2 2 1 2 3471 879 3660
6931 2 2 1 2 3661 3660 927
6932 2 2 1 2 3471 3660 3661
6933 2 2 1 2 879 3477 3663
6934 2 2 1 2 3477 61 3662
6935 2 2 1 2 3663 3662 926
6936 2 2 1 2 3477 3662 3663
6937 2 2 1 2 927 3664 3666
6938 2 2 1 2 3664 926 3665
6939 2 2 1 2 3666 3665 238
6940 2 2 1 2 3664 3665 3666
6941 2 2 1 2 879 3663 3660
6942 2 2 1 2 3663 926 3664
6943 2 2 1 2 3660 3664 927
6944 2 2 1 2 3663 3664 3660
6945 2 2 1 2 220 3667 3403
6946 2 2 1 2 3667 928 3668
6947 2 2 1 2 3403 3668 861
6948 2 2 1 2 3667 3668 3403
6949 2 2 1 2 928 3669 3671
6950 2 2 1 2 3669 238 3670
6951 2 2 1 2 3671 3670 929
6952 2 2 1 2 3669 3670 3671
6953 2 2 1 2 861 3672 3406
6954 2 2 1 2 3672 929 3673
6955 2 2 1 2 3406 3673 59
6956 2 2 1 2 3672 3673 3406
6957 2 2 1 2 928 3671 3668
6958 2 2 1 2 3671 929 3672
6959 2 2 1 2 3668 3672 861
6960 2 2 1 2 3671 3672 3668
6961 2 2 1 2 225 3661 3656
6962 2 2 1 2 3661 927 3674
6963 2 2 1 2 3656 3674 925
6964 2 2 1 2 3661 3674 3656
6965 2 2 1 2 927 3666 3675
6966 2 2 1 2 3666 238 3669
6967 2 2 1 2 3675 3669 928
6968 2 2 1 2 3666 3669 3675
6969 2 2 1 2 925 3676 3659
6970 2 2 1 2 3676 928 3667
6971 2 2 1 2 3659 3667 220
6972 2 2 1 2 3676 3667 3659
6973 2 2 1 2 927 3675 3674
6974 2 2 1 2 3675 928 3676
6975 2 2 1 2 3674 3676 925
6976 2 2 1 2 3675 3676 3674
6977 2 2 1 2 61 3509 3678
6978 2 2 1 2 3509 889 3677
6979 2 2 1 2 3678 3677 931
6980 2 2 1 2 3509 3677 3678
6981 2 2 1 2 889 3515 3680
6982 2 2 1 2 3515 230 3679
6983 2 2 1 2 3680 3679 930
6984 2 2 1 2 3515 3679 3680
6985 2 2 1 2 931 3681 3683
6986 2 2 1 2 3681 930 3682
6987 2 2 1 2 3683 3682 239
6988 2 2 1 2 3681 3682 3683
6989 2 2 1 2 889 3680 3677
6990 2 2 1 2 3680 930 3681
6991 2 2 1 2 3677 3681 931
6992 2 2 1 2 3680 3681 3677
6993 2 2 1 2 230 3527 3685
6994 2 2 1 2 3527 895 3684
6995 2 2 1 2 3685 3684 932
6996 2 2 1 2 3527 3684 3685
6997 2 2 1 2 895 3533 3686
6998 2 2 1 2 3533 18 3593
6999 2 2 1 2 3686 3593 909
7000 2 2 1 2 3533 3593 3686
7001 2 2 1 2 932 3687 3688
7002 2 2 1 2 3687 909 3590
7003 2 2 1 2 3688 3590 233
7004 2 2 1 2 3687 3590 3688
7005 2 2 1 2 895 3686 3684
7006 2 2 1 2 3686 909 3687
7007 2 2 1 2 3684 3687 932
7008 2 2 1 2 3686 3687 3684
7009 2 2 1 2 239 3689 3691
7010 2 2 1 2 3689 933 3690
7011 2 2 1 2 3691 3690 934
7012 2 2 1 2 3689 3690 3691
7013 2 2 1 2 933 3692 3693
7014 2 2 1 2 3692 233 3584
7015 2 2 1 2 3693 3584 906
7016 2 2 1 2 3692 3584 3693
7017 2 2 1 2 934 3694 3695
7018 2 2 1 2 3694 906 3581
7019 2 2 1 2 3695 3581 62
7020 2 2 1 2 3694 3581 3695
7021 2 2 1 2 933 3693 3690
7022 2 2 1 2 3693 906 3694
7023 2 2 1 2 3690 3694 934
7024 2 2 1 2 3693 3694 3690
7025 2 2 1 2 230 3685 3679
7026 2 2 1 2 3685 932 3696
7027 2 2 1 2 3679 3696 930
7028 2 2 1 2 3685 3696 3679
7029 2 2 1 2 932 3688 3697
7030 2 2 1 2 3688 233 3692
7031 2 2 1 2 3697 3692 933
7032 2 2 1 2 3688 3692 3697
7033 2 2 1 2 930 3698 3682
7034 2 2 1 2 3698 933 3689
7035 2 2 1 2 3682 3689 239
7036 2 2 1 2 3698 3689 3682
7037 2 2 1 2 932 3697 3696
7038 2 2 1 2 3697 933 3698
7039 2 2 1 2 3696 3698 930
7040 2 2 1 2 3697 3698 3696
7041 2 2 1 2 59 3699 3422
7042 2 2 1 2 3699 935 3700
7043 2 2 1 2 3422 3700 866
7044 2 2 1 2 3699 3700 3422
7045 2 2 1 2 935 3701 3703
7046 2 2 1 2 3701 240 3702
7047 2 2 1 2 3703 3702 936
7048 2 2 1 2 3701 3702 3703
7049 2 2 1 2 866 3704 3425
7050 2 2 1 2 3704 936 3705
7051 2 2 1 2 3425 3705 223
7052 2 2 1 2 3704 3705 3425
7053 2 2 1 2 935 3703 3700
7054 2 2 1 2 3703 936 3704
7055 2 2 1 2 3700 3704 866
7056 2 2 1 2 3703 3704 3700
7057 2 2 1 2 240 3706 3708
7058 2 2 1 2 3706 937 3707
7059 2 2 1 2 3708 3707 938
7060 2 2 1 2 3706 3707 3708
7061 2 2 1 2 937 3709 3710
7062 2 2 1 2 3709 62 3565
7063 2 2 1 2 3710 3565 901
7064 2 2 1 2 3709 3565 3710
7065 2 2 1 2 938 3711 3712
7066 2 2 1 2 3711 901 3562
7067 2 2 1 2 3712 3562 231
7068 2 2 1 2 3711 3562 3712
7069 2 2 1 2 937 3710 3707
7070 2 2 1 2 3710 901 3711
7071 2 2 1 2 3707 3711 938
7072 2 2 1 2 3710 3711 3707
7073 2 2 1 2 223 3713 3430
7074 2 2 1 2 3713 939 3714
7075 2 2 1 2 3430 3714 869
7076 2 2 1 2 3713 3714 3430
7077 2 2 1 2 939 3715 3716
7078 2 2 1 2 3715 231 3557
7079 2 2 1 2 3716 3557 899
7080 2 2 1 2 3715 3557 3716
7081 2 2 1 2 869 3717 3433
7082 2 2 1 2 3717 899 3555
7083 2 2 1 2 3433 3555 10
7084 2 2 1 2 3717 3555 3433
7085 2 2 1 2 939 3716 3714
7086 2 2 1 2 3716 899 3717
7087 2 2 1 2 3714 3717 869
7088 2 2 1 2 3716 3717 3714
7089 2 2 1 2 240 3708 3702
7090 2 2 1 2 3708 938 3718
7091 2 2 1 2 3702 3718 936
7092 2 2 1 2 3708 3718 3702
7093 2 2 1 2 938 3712 3719
7094 2 2 1 2 3712 231 3715
7095 2 2 1 2 3719 3715 939
7096 2 2 1 2 3712 3715 3719
7097 2 2 1 2 936 3720 3705
7098 2 2 1 2 3720 939 3713
7099 2 2 1 2 3705 3713 223
7100 2 2 1 2 3720 3713 3705
7101 2 2 1 2 938 3719 3718
7102 2 2 1 2 3719 939 3720
7103 2 2 1 2 3718 3720 936
7104 2 2 1 2 3719 3720 3718
7105 2 2 1 2 61 3678 3662
7106 2 2 1 2 3678 931 3721
7107 2 2 1 2 3662 3721 926
7108 2 2 1 2 3678 3721 3662
7109 2 2 1 2 931 3683 3723
7110 2 2 1 2 3683 239 3722
7111 2 2 1 2 3723 3722 940
7112 2 2 1 2 3683 3722 3723
7113 2 2 1 2 926 3724 3665
7114 2 2 1 2 3724 940 3725
7115 2 2 1 2 3665 3725 238
7116 2 2 1 2 3724 3725 3665
7117 2 2 1 2 931 3723 3721
7118 2 2 1 2 3723 940 3724
7119 2 2 1 2 3721 3724 926
7120 2 2 1 2 3723 3724 3721
7121 2 2 1 2 239 3691 3727
7122 2 2 1 2 3691 934 3726
7123 2 2 1 2 3727 3726 941
7124 2 2 1 2 3691 3726 3727
7125 2 2 1 2 934 3695 3728
7126 2 2 1 2 3695 62 3709
7127 2 2 1 2 3728 3709 937
7128 2 2 1 2 3695 3709 3728
7129 2 2 1 2 941 3729 3730
7130 2 2 1 2 3729 937 3706
7131 2 2 1 2 3730 3706 240
7132 2 2 1 2 3729 3706 3730
7133 2 2 1 2 934 3728 3726
7134 2 2 1 2 3728 937 3729
7135 2 2 1 2 3726 3729 941
7136 2 2 1 2 3728 3729 3726
7137 2 2 1 2 238 3731 3670
7138 2 2 1 2 3731 942 3732
7139 2 2 1 2 3670 3732 929
7140 2 2 1 2 3731 3732 3670
7141 2 2 1 2 942 3733 3734
7142 2 2 1 2 3733 240 3701
7143 2 2 1 2 3734 3701 935
7144 2 2 1 2 3733 3701 3734
7145 2 2 1 2 929 3735 3673
7146 2 2 1 2 3735 935 3699
7147 2 2 1 2 3673 3699 59
7148 2 2 1 2 3735 3699 3673
7149 2 2 1 2 942 3734 3732
7150 2 2 1 2 3734 935 3735
7151 2 2 1 2 3732 3735 929
7152 2 2 1 2 3734 3735 3732
7153 2 2 1 2 239 3727 3722
7154 2 2 1 2 3727 941 3736
7155 2 2 1 2 3722 3736 940
7156 2 2 1 2 3727 3736 3722
7157 2 2 1 2 941 3730 3737
7158 2 2 1 2 3730 240 3733
7159 2 2 1 2 3737 3733 942
7160 2 2 1 2 3730 3733 3737
7161 2 2 1 2 940 3738 3725
7162 2 2 1 2 3738 942 3731
7163 2 2 1 2 3725 3731 238
7164 2 2 1 2 3738 3731 3725
7165 2 2 1 2 941 3737 3736
7166 2 2 1 2 3737 942 3738
7167 2 2 1 2 3736 3738 940
7168 2 2 1 2 3737 3738 3736
7169 2 2 1 2 4 3633 1827
7170 2 2 1 2 3633 921 3739
7171 2 2 1 2 1827 3739 467
7172 2 2 1 2 3633 3739 1827
7173 2 2 1 2 921 3630 3741
7174 2 2 1 2 3630 237 3740
7175 2 2 1 2 3741 3740 943
7176 2 2 1 2 3630 3740 3741
7177 2 2 1 2 467 3742 1829
7178 2 2 1 2 3742 943 3743
7179 2 2 1 2 1829 3743 123
7180 2 2 1 2 3742 3743 1829
7181 2 2 1 2 921 3741 3739
7182 2 2 1 2 3741 943 3742
7183 2 2 1 2 3739 3742 467
7184 2 2 1 2 3741 3742 3739
7185 2 2 1 2 237 3625 3745
7186 2 2 1 2 3625 918 3744
7187 2 2 1 2 3745 3744 945
7188 2 2 1 2 3625 3744 3745
7189 2 2 1 2 918 3622 3747
7190 2 2 1 2 3622 63 3746
7191 2 2 1 2 3747 3746 944
7192 2 2 1 2 3622 3746 3747
7193 2 2 1 2 945 3748 3750
7194 2 2 1 2 3748 944 3749
7195 2 2 1 2 3750 3749 241
7196 2 2 1 2 3748 3749 3750
7197 2 2 1 2 918 3747 3744
7198 2 2 1 2 3747 944 3748
7199 2 2 1 2 3744 3748 945
7200 2 2 1 2 3747 3748 3744
7201 2 2 1 2 123 3751 1834
7202 2 2 1 2 3751 946 3752
7203 2 2 1 2 1834 3752 469
7204 2 2 1 2 3751 3752 1834
7205 2 2 1 2 946 3753 3755
7206 2 2 1 2 3753 241 3754
7207 2 2 1 2 3755 3754 947
7208 2 2 1 2 3753 3754 3755
7209 2 2 1 2 469 3756 1837
7210 2 2 1 2 3756 947 3757
7211 2 2 1 2 1837 3757 35
7212 2 2 1 2 3756 3757 1837
7213 2 2 1 2 946 3755 3752
7214 2 2 1 2 3755 947 3756
7215 2 2 1 2 3752 3756 469
7216 2 2 1 2 3755 3756 3752
7217 2 2 1 2 237 3745 3740
7218 2 2 1 2 3745 945 3758
7219 2 2 1 2 3740 3758 943
7220 2 2 1 2 3745 3758 3740
7221 2 2 1 2 945 3750 3759
7222 2 2 1 2 3750 241 3753
7223 2 2 1 2 3759 3753 946
7224 2 2 1 2 3750 3753 3759
7225 2 2 1 2 943 3760 3743
7226 2 2 1 2 3760 946 3751
7227 2 2 1 2 3743 3751 123
7228 2 2 1 2 3760 3751 3743
7229 2 2 1 2 945 3759 3758
7230 2 2 1 2 3759 946 3760
7231 2 2 1 2 3758 3760 943
7232 2 2 1 2 3759 3760 3758
7233 2 2 1 2 63 3606 3762
7234 2 2 1 2 3606 913 3761
7235 2 2 1 2 3762 3761 949
7236 2 2 1 2 3606 3761 3762
7237 2 2 1 2 913 3603 3764
7238 2 2 1 2 3603 234 3763
7239 2 2 1 2 3764 3763 948
7240 2 2 1 2 3603 3763 3764
7241 2 2 1 2 949 3765 3767
7242 2 2 1 2 3765 948 3766
7243 2 2 1 2 3767 3766 243
7244 2 2 1 2 3765 3766 3767
7245 2 2 1 2 913 3764 3761
7246 2 2 1 2 3764 948 3765
7247 2 2 1 2 3761 3765 949
7248 2 2 1 2 3764 3765 3761
7249 2 2 1 2 234 3597 3769
7250 2 2 1 2 3597 910 3768
7251 2 2 1 2 3769 3768 951
7252 2 2 1 2 3597 3768 3769
7253 2 2 1 2 910 3594 3771
7254 2 2 1 2 3594 18 3770
7255 2 2 1 2 3771 3770 950
7256 2 2 1 2 3594 3770 3771
7257 2 2 1 2 951 3772 3774
7258 2 2 1 2 3772 950 3773
7259 2 2 1 2 3774 3773 242
7260 2 2 1 2 3772 3773 3774
7261 2 2 1 2 910 3771 3768
7262 2 2 1 2 3771 950 3772
7263 2 2 1 2 3768 3772 951
7264 2 2 1 2 3771 3772 3768
7265 2 2 1 2 243 3775 3777
7266 2 2 1 2 3775 952 3776
7267 2 2 1 2 3777 3776 954
7268 2 2 1 2 3775 3776 3777
7269 2 2 1 2 952 3778 3780
7270 2 2 1 2 3778 242 3779
7271 2 2 1 2 3780 3779 953
7272 2 2 1 2 3778 3779 3780
7273 2 2 1 2 954 3781 3783
7274 2 2 1 2 3781 953 3782
7275 2 2 1 2 3783 3782 64
7276 2 2 1 2 3781 3782 3783
7277 2 2 1 2 952 3780 3776
7278 2 2 1 2 3780 953 3781
7279 2 2 1 2 3776 3781 954
7280 2 2 1 2 3780 3781 3776
7281 2 2 1 2 234 3769 3763
7282 2 2 1 2 3769 951 3784
7283 2 2 1 2 3763 3784 948
7284 2 2 1 2 3769 3784 3763
7285 2 2 1 2 951 3774 3785
7286 2 2 1 2 3774 242 3778
7287 2 2 1 2 3785 3778 952
7288 2 2 1 2 3774 3778 3785
7289 2 2 1 2 948 3786 3766
7290 2 2 1 2 3786 952 3775
7291 2 2 1 2 3766 3775 243
7292 2 2 1 2 3786 3775 3766
7293 2 2 1 2 951 3785 3784
7294 2 2 1 2 3785 952 3786
7295 2 2 1 2 3784 3786 948
7296 2 2 1 2 3785 3786 3784
7297 2 2 1 2 35 3787 1853
7298 2 2 1 2 3787 955 3788
7299 2 2 1 2 1853 3788 474
7300 2 2 1 2 3787 3788 1853
7301 2 2 1 2 955 3789 3791
7302 2 2 1 2 3789 244 3790
7303 2 2 1 2 3791 3790 956
7304 2 2 1 2 3789 3790 3791
7305 2 2 1 2 474 3792 1856
7306 2 2 1 2 3792 956 3793
7307 2 2 1 2 1856 3793 125
7308 2 2 1 2 3792 3793 1856
7309 2 2 1 2 955 3791 3788
7310 2 2 1 2 3791 956 3792
7311 2 2 1 2 3788 3792 474
7312 2 2 1 2 3791 3792 3788
7313 2 2 1 2 244 3794 3796
7314 2 2 1 2 3794 957 3795
7315 2 2 1 2 3796 3795 959
7316 2 2 1 2 3794 3795 3796
7317 2 2 1 2 957 3797 3799
7318 2 2 1 2 3797 64 3798
7319 2 2 1 2 3799 3798 958
7320 2 2 1 2 3797 3798 3799
7321 2 2 1 2 959 3800 3802
7322 2 2 1 2 3800 958 3801
7323 2 2 1 2 3802 3801 245
7324 2 2 1 2 3800 3801 3802
7325 2 2 1 2 957 3799 3795
7326 2 2 1 2 3799 958 3800
7327 2 2 1 2 3795 3800 959
7328 2 2 1 2 3799 3800 3795
7329 2 2 1 2 125 3803 1862
7330 2 2 1 2 3803 960 3804
7331 2 2 1 2 1862 3804 477
7332 2 2 1 2 3803 3804 1862
7333 2 2 1 2 960 3805 3807
7334 2 2 1 2 3805 245 3806
7335 2 2 1 2 3807 3806 961
7336 2 2 1 2 3805 3806 3807
7337 2 2 1 2 477 3808 1865
7338 2 2 1 2 3808 961 3809
7339 2 2 1 2 1865 3809 12
7340 2 2 1 2 3808 3809 1865
7341 2 2 1 2 960 3807 3804
7342 2 2 1 2 3807 961 3808
7343 2 2 1 2 3804 3808 477
7344 2 2 1 2 3807 3808 3804
7345 2 2 1 2 244 3796 3790
7346 2 2 1 2 3796 959 3810
7347 2 2 1 2 3790 3810 956
7348 2 2 1 2 3796 3810 3790
7349 2 2 1 2 959 3802 3811
7350 2 2 1 2 3802 245 3805
7351 2 2 1 2 3811 3805 960
7352 2 2 1 2 3802 3805 3811
7353 2 2 1 2 956 3812 3793
7354 2 2 1 2 3812 960 3803
7355 2 2 1 2 3793 3803 125
7356 2 2 1 2 3812 3803 3793
7357 2 2 1 2 959 3811 3810
7358 2 2 1 2 3811 960 3812
7359 2 2 1 2 3810 3812 956
7360 2 2 1 2 3811 3812 3810
7361 2 2 1 2 63 3762 3746
7362 2 2 1 2 3762 949 3813
7363 2 2 1 2 3746 3813 944
7364 2 2 1 2 3762 3813 3746
7365 2 2 1 2 949 3767 3815
7366 2 2 1 2 3767 243 3814
7367 2 2 1 2 3815 3814 962
7368 2 2 1 2 3767 3814 3815
7369 2 2 1 2 944 3816 3749
7370 2 2 1 2 3816 962 3817
7371 2 2 1 2 3749 3817 241
7372 2 2 1 2 3816 3817 3749
7373 2 2 1 2 949 3815 3813
7374 2 2 1 2 3815 962 3816
7375 2 2 1 2 3813 3816 944
7376 2 2 1 2 3815 3816 3813
7377 2 2 1 2 243 3777 3819
7378 2 2 1 2 3777 954 3818
7379 2 2 1 2 3819 3818 963
7380 2 2 1 2 3777 3818 3819
7381 2 2 1 2 954 3783 3820
7382 2 2 1 2 3783 64 3797
7383 2 2 1 2 3820 3797 957
7384 2 2 1 2 3783 3797 3820
7385 2 2 1 2 963 3821 3822
7386 2 2 1 2 3821 957 3794
7387 2 2 1 2 3822 3794 244
7388 2 2 1 2 3821 3794 3822
7389 2 2 1 2 954 3820 3818
7390 2 2 1 2 3820 957 3821
7391 2 2 1 2 3818 3821 963
7392 2 2 1 2 3820 3821 3818
7393 2 2 1 2 241 3823 3754
7394 2 2 1 2 3823 964 3824
7395 2 2 1 2 3754 3824 947
7396 2 2 1 2 3823 3824 3754
7397 2 2 1 2 964 3825 3826
7398 2 2 1 2 3825 244 3789
7399 2 2 1 2 3826 3789 955
7400 2 2 1 2 3825 3789 3826
7401 2 2 1 2 947 3827 3757
7402 2 2 1 2 3827 955 3787
7403 2 2 1 2 3757 3787 35
7404 2 2 1 2 3827 3787 3757
7405 2 2 1 2 964 3826 3824
7406 2 2 1 2 3826 955 3827
7407 2 2 1 2 3824 3827 947
7408 2 2 1 2 3826 3827 3824
7409 2 2 1 2 243 3819 3814
7410 2 2 1 2 3819 963 3828
7411 2 2 1 2 3814 3828 962
7412 2 2 1 2 3819 3828 3814
7413 2 2 1 2 963 3822 3829
7414 2 2 1 2 3822 244 3825
7415 2 2 1 2 3829 3825 964
7416 2 2 1 2 3822 3825 3829
7417 2 2 1 2 962 3830 3817
7418 2 2 1 2 3830 964 3823
7419 2 2 1 2 3817 3823 241
7420 2 2 1 2 3830 3823 3817
7421 2 2 1 2 963 3829 3828
7422 2 2 1 2 3829 964 3830
7423 2 2 1 2 3828 3830 962
7424 2 2 1 2 3829 3830 3828
7425 2 2 1 2 18 3532 3832
7426 2 2 1 2 3532 894 3831
7427 2 2 1 2 3832 3831 966
7428 2 2 1 2 3532 3831 3832
7429 2 2 1 2 894 3529 3834
7430 2 2 1 2 3529 229 3833
7431 2 2 1 2 3834 3833 965
7432 2 2 1 2 3529 3833 3834
7433 2 2 1 2 966 3835 3837
7434 2 2 1 2 3835 965 3836
7435 2 2 1 2 3837 3836 247
7436 2 2 1 2 3835 3836 3837
7437 2 2 1 2 894 3834 3831
7438 2 2 1 2 3834 965 3835
7439 2 2 1 2 3831 3835 966
7440 2 2 1 2 3834 3835 3831
7441 2 2 1 2 229 3523 3839
7442 2 2 1 2 3523 891 3838
7443 2 2 1 2 3839 3838 968
7444 2 2 1 2 3523 3838 3839
7445 2 2 1 2 891 3520 3841
7446 2 2 1 2 3520 60 3840
7447 2 2 1 2 3841 3840 967
7448 2 2 1 2 3520 3840 3841
7449 2 2 1 2 968 3842 3844
7450 2 2 1 2 3842 967 3843
7451 2 2 1 2 3844 3843 246
7452 2 2 1 2 3842 3843 3844
7453 2 2 1 2 891 3841 3838
7454 2 2 1 2 3841 967 3842
7455 2 2 1 2 3838 3842 968
7456 2 2 1 2 3841 3842 3838
7457 2 2 1 2 247 3845 3847
7458 2 2 1 2 3845 969 3846
7459 2 2 1 2 3847 3846 971
7460 2 2 1 2 3845 3846 3847
7461 2 2 1 2 969 3848 3850
7462 2 2 1 2 3848 246 3849
7463 2 2 1 2 3850 3849 970
7464 2 2 1 2 3848 3849 3850
7465 2 2 1 2 971 3851 3853
7466 2 2 1 2 3851 970 3852
7467 2 2 1 2 3853 3852 65
7468 2 2 1 2 3851 3852 3853
7469 2 2 1 2 969 3850 3846
7470 2 2 1 2 3850 970 3851
7471 2 2 1 2 3846 3851 971
7472 2 2 1 2 3850 3851 3846
7473 2 2 1 2 229 3839 3833
7474 2 2 1 2 3839 968 3854
7475 2 2 1 2 3833 3854 965
7476 2 2 1 2 3839 3854 3833
7477 2 2 1 2 968 3844 3855
7478 2 2 1 2 3844 246 3848
7479 2 2 1 2 3855 3848 969
7480 2 2 1 2 3844 3848 3855
7481 2 2 1 2 965 3856 3836
7482 2 2 1 2 3856 969 3845
7483 2 2 1 2 3836 3845 247
7484 2 2 1 2 3856 3845 3836
7485 2 2 1 2 968 3855 3854
7486 2 2 1 2 3855 969 3856
7487 2 2 1 2 3854 3856 965
7488 2 2 1 2 3855 3856 3854
7489 2 2 1 2 60 3502 3858
7490 2 2 1 2 3502 885 3857
7491 2 2 1 2 3858 3857 973
7492 2 2 1 2 3502 3857 3858
7493 2 2 1 2 885 3499 3860
7494 2 2 1 2 3499 226 3859
7495 2 2 1 2 3860 3859 972
7496 2 2 1 2 3499 3859 3860
7497 2 2 1 2 973 3861 3863
7498 2 2 1 2 3861 972 3862
7499 2 2 1 2 3863 3862 248
7500 2 2 1 2 3861 3862 3863
7501 2 2 1 2 885 3860 3857
7502 2 2 1 2 3860 972 3861
7503 2 2 1 2 3857 3861 973
7504 2 2 1 2 3860 3861 3857
7505 2 2 1 2 226 3493 3865
7506 2 2 1 2 3493 882 3864
7507 2 2 1 2 3865 3864 974
7508 2 2 1 2 3493 3864 3865
7509 2 2 1 2 882 3490 3866
7510 2 2 1 2 3490 6 2737
7511 2 2 1 2 3866 2737 697
7512 2 2 1 2 3490 2737 3866
7513 2 2 1 2 974 3867 3868
7514 2 2 1 2 3867 697 2734
7515 2 2 1 2 3868 2734 181
7516 2 2 1 2 3867 2734 3868
7517 2 2 1 2 882 3866 3864
7518 2 2 1 2 3866 697 3867
7519 2 2 1 2 3864 3867 974
7520 2 2 1 2 3866 3867 3864
7521 2 2 1 2 248 3869 3871
7522 2 2 1 2 3869 975 3870
7523 2 2 1 2 3871 3870 976
7524 2 2 1 2 3869 3870 3871
7525 2 2 1 2 975 3872 3873
7526 2 2 1 2 3872 181 2728
7527 2 2 1 2 3873 2728 694
7528 2 2 1 2 3872 2728 3873
7529 2 2 1 2 976 3874 3875
7530 2 2 1 2 3874 694 2725
7531 2 2 1 2 3875 2725 49
7532 2 2 1 2 3874 2725 3875
7533 2 2 1 2 975 3873 3870
7534 2 2 1 2 3873 694 3874
7535 2 2 1 2 3870 3874 976
7536 2 2 1 2 3873 3874 3870
7537 2 2 1 2 226 3865 3859
7538 2 2 1 2 3865 974 3876
7539 2 2 1 2 3859 3876 972
7540 2 2 1 2 3865 3876 3859
7541 2 2 1 2 974 3868 3877
7542 2 2 1 2 3868 181 3872
7543 2 2 1 2 3877 3872 975
7544 2 2 1 2 3868 3872 3877
7545 2 2 1 2 972 3878 3862
7546 2 2 1 2 3878 975 3869
7547 2 2 1 2 3862 3869 248
7548 2 2 1 2 3878 3869 3862
7549 2 2 1 2 974 3877 3876
7550 2 2 1 2 3877 975 3878
7551 2 2 1 2 3876 3878 972
7552 2 2 1 2 3877 3878 3876
7553 2 2 1 2 65 3879 3881
7554 2 2 1 2 3879 977 3880
7555 2 2 1 2 3881 3880 979
7556 2 2 1 2 3879 3880 3881
7557 2 2 1 2 977 3882 3884
7558 2 2 1 2 3882 249 3883
7559 2 2 1 2 3884 3883 978
7560 2 2 1 2 3882 3883 3884
7561 2 2 1 2 979 3885 3887
7562 2 2 1 2 3885 978 3886
7563 2 2 1 2 3887 3886 250
7564 2 2 1 2 3885 3886 3887
7565 2 2 1 2 977 3884 3880
7566 2 2 1 2 3884 978 3885
7567 2 2 1 2 3880 3885 979
7568 2 2 1 2 3884 3885 3880
7569 2 2 1 2 249 3888 3890
7570 2 2 1 2 3888 980 3889
7571 2 2 1 2 3890 3889 981
7572 2 2 1 2 3888 3889 3890
7573 2 2 1 2 980 3891 3892
7574 2 2 1 2 3891 49 2707
7575 2 2 1 2 3892 2707 688
7576 2 2 1 2 3891 2707 3892
7577 2 2 1 2 981 3893 3894
7578 2 2 1 2 3893 688 2704
7579 2 2 1 2 3894 2704 178
7580 2 2 1 2 3893 2704 3894
7581 2 2 1 2 980 3892 3889
7582 2 2 1 2 3892 688 3893
7583 2 2 1 2 3889 3893 981
7584 2 2 1 2 3892 3893 3889
7585 2 2 1 2 250 3895 3897
7586 2 2 1 2 3895 982 3896
7587 2 2 1 2 3897 3896 983
7588 2 2 1 2 3895 3896 3897
7589 2 2 1 2 982 3898 3899
7590 2 2 1 2 3898 178 2698
7591 2 2 1 2 3899 2698 685
7592 2 2 1 2 3898 2698 3899
7593 2 2 1 2 983 3900 3901
7594 2 2 1 2 3900 685 2695
7595 2 2 1 2 3901 2695 15
7596 2 2 1 2 3900 2695 3901
7597 2 2 1 2 982 3899 3896
7598 2 2 1 2 3899 685 3900
7599 2 2 1 2 3896 3900 983
7600 2 2 1 2 3899 3900 3896
7601 2 2 1 2 249 3890 3883
7602 2 2 1 2 3890 981 3902
7603 2 2 1 2 3883 3902 978
7604 2 2 1 2 3890 3902 3883
7605 2 2 1 2 981 3894 3903
7606 2 2 1 2 3894 178 3898
7607 2 2 1 2 3903 3898 982
7608 2 2 1 2 3894 3898 3903
7609 2 2 1 2 978 3904 3886
7610 2 2 1 2 3904 982 3895
7611 2 2 1 2 3886 3895 250
7612 2 2 1 2 3904 3895 3886
7613 2 2 1 2 981 3903 3902
7614 2 2 1 2 3903 982 3904
7615 2 2 1 2 3902 3904 978
7616 2 2 1 2 3903 3904 3902
7617 2 2 1 2 60 3858 3840
7618 2 2 1 2 3858 973 3905
7619 2 2 1 2 3840 3905 967
7620 2 2 1 2 3858 3905 3840
7621 2 2 1 2 973 3863 3907
7622 2 2 1 2 3863 248 3906
7623 2 2 1 2 3907 3906 984
7624 2 2 1 2 3863 3906 3907
7625 2 2 1 2 967 3908 3843
7626 2 2 1 2 3908 984 3909
7627 2 2 1 2 3843 3909 246
7628 2 2 1 2 3908 3909 3843
7629 2 2 1 2 973 3907 3905
7630 2 2 1 2 3907 984 3908
7631 2 2 1 2 3905 3908 967
7632 2 2 1 2 3907 3908 3905
7633 2 2 1 2 248 3871 3911
7634 2 2 1 2 3871 976 3910
7635 2 2 1 2 3911 3910 985
7636 2 2 1 2 3871 3910 3911
7637 2 2 1 2 976 3875 3912
7638 2 2 1 2 3875 49 3891
7639 2 2 1 2 3912 3891 980
7640 2 2 1 2 3875 3891 3912
7641 2 2 1 2 985 3913 3914
7642 2 2 1 2 3913 980 3888
7643 2 2 1 2 3914 3888 249
7644 2 2 1 2 3913 3888 3914
7645 2 2 1 2 976 3912 3910
7646 2 2 1 2 3912 980 3913
7647 2 2 1 2 3910 3913 985
7648 2 2 1 2 3912 3913 3910
7649 2 2 1 2 246 3915 3849
7650 2 2 1 2 3915 986 3916
7651 2 2 1 2 3849 3916 970
7652 2 2 1 2 3915 3916 3849
7653 2 2 1 2 986 3917 3918
7654 2 2 1 2 3917 249 3882
7655 2 2 1 2 3918 3882 977
7656 2 2 1 2 3917 3882 3918
7657 2 2 1 2 970 3919 3852
7658 2 2 1 2 3919 977 3879
7659 2 2 1 2 3852 3879 65
7660 2 2 1 2 3919 3879 3852
7661 2 2 1 2 986 3918 3916
7662 2 2 1 2 3918 977 3919
7663 2 2 1 2 3916 3919 970
7664 2 2 1 2 3918 3919 3916
7665 2 2 1 2 248 3911 3906
7666 2 2 1 2 3911 985 3920
7667 2 2 1 2 3906 3920 984
7668 2 2 1 2 3911 3920 3906
7669 2 2 1 2 985 3914 3921
7670 2 2 1 2 3914 249 3917
7671 2 2 1 2 3921 3917 986
7672 2 2 1 2 3914 3917 3921
7673 2 2 1 2 984 3922 3909
7674 2 2 1 2 3922 986 3915
7675 2 2 1 2 3909 3915 246
7676 2 2 1 2 3922 3915 3909
7677 2 2 1 2 985 3921 3920
7678 2 2 1 2 3921 986 3922
7679 2 2 1 2 3920 3922 984
7680 2 2 1 2 3921 3922 3920
7681 2 2 1 2 12 3923 1927
7682 2 2 1 2 3923 987 3924
7683 2 2 1 2 1927 3924 493
7684 2 2 1 2 3923 3924 1927
7685 2 2 1 2 987 3925 3927
7686 2 2 1 2 3925 251 3926
7687 2 2 1 2 3927 3926 988
7688 2 2 1 2 3925 3926 3927
7689 2 2 1 2 493 3928 1930
7690 2 2 1 2 3928 988 3929
7691 2 2 1 2 1930 3929 130
7692 2 2 1 2 3928 3929 1930
7693 2 2 1 2 987 3927 3924
7694 2 2 1 2 3927 988 3928
7695 2 2 1 2 3924 3928 493
7696 2 2 1 2 3927 3928 3924
7697 2 2 1 2 251 3930 3932
7698 2 2 1 2 3930 989 3931
7699 2 2 1 2 3932 3931 991
7700 2 2 1 2 3930 3931 3932
7701 2 2 1 2 989 3933 3935
7702 2 2 1 2 3933 66 3934
7703 2 2 1 2 3935 3934 990
7704 2 2 1 2 3933 3934 3935
7705 2 2 1 2 991 3936 3938
7706 2 2 1 2 3936 990 3937
7707 2 2 1 2 3938 3937 252
7708 2 2 1 2 3936 3937 3938
7709 2 2 1 2 989 3935 3931
7710 2 2 1 2 3935 990 3936
7711 2 2 1 2 3931 3936 991
7712 2 2 1 2 3935 3936 3931
7713 2 2 1 2 130 3939 1936
7714 2 2 1 2 3939 992 3940
7715 2 2 1 2 1936 3940 496
7716 2 2 1 2 3939 3940 1936
7717 2 2 1 2 992 3941 3943
7718 2 2 1 2 3941 252 3942
7719 2 2 1 2 3943 3942 993
7720 2 2 1 2 3941 3942 3943
7721 2 2 1 2 496 3944 1939
7722 2 2 1 2 3944 993 3945
7723 2 2 1 2 1939 3945 37
7724 2 2 1 2 3944 3945 1939
7725 2 2 1 2 992 3943 3940
7726 2 2 1 2 3943 993 3944
7727 2 2 1 2 3940 3944 496
7728 2 2 1 2 3943 3944 3940
7729 2 2 1 2 251 3932 3926
7730 2 2 1 2 3932 991 3946
7731 2 2 1 2 3926 3946 988
7732 2 2 1 2 3932 3946 3926
7733 2 2 1 2 991 3938 3947
7734 2 2 1 2 3938 252 3941
7735 2 2 1 2 3947 3941 992
7736 2 2 1 2 3938 3941 3947
7737 2 2 1 2 988 3948 3929
7738 2 2 1 2 3948 992 3939
7739 2 2 1 2 3929 3939 130
7740 2 2 1 2 3948 3939 3929
7741 2 2 1 2 991 3947 3946
7742 2 2 1 2 3947 992 3948
7743 2 2 1 2 3946 3948 988
7744 2 2 1 2 3947 3948 3946
7745 2 2 1 2 66 3949 3951
7746 2 2 1 2 3949 994 3950
7747 2 2 1 2 3951 3950 996
7748 2 2 1 2 3949 3950 3951
7749 2 2 1 2 994 3952 3954
7750 2 2 1 2 3952 253 3953
7751 2 2 1 2 3954 3953 995
7752 2 2 1 2 3952 3953 3954
7753 2 2 1 2 996 3955 3957
7754 2 2 1 2 3955 995 3956
7755 2 2 1 2 3957 3956 254
7756 2 2 1 2 3955 3956 3957
7757 2 2 1 2 994 3954 3950
7758 2 2 1 2 3954 995 3955
7759 2 2 1 2 3950 3955 996
7760 2 2 1 2 3954 3955 3950
7761 2 2 1 2 253 3958 3960
7762 2 2 1 2 3958 997 3959
7763 2 2 1 2 3960 3959 998
7764 2 2 1 2 3958 3959 3960
7765 2 2 1 2 997 3961 3962
7766 2 2 1 2 3961 15 2633
7767 2 2 1 2 3962 2633 669
7768 2 2 1 2 3961 2633 3962
7769 2 2 1 2 998 3963 3964
7770 2 2 1 2 3963 669 2630
7771 2 2 1 2 3964 2630 173
7772 2 2 1 2 3963 2630 3964
7773 2 2 1 2 997 3962 3959
7774 2 2 1 2 3962 669 3963
7775 2 2 1 2 3959 3963 998
7776 2 2 1 2 3962 3963 3959
7777 2 2 1 2 254 3965 3967
7778 2 2 1 2 3965 999 3966
7779 2 2 1 2 3967 3966 1000
7780 2 2 1 2 3965 3966 3967
7781 2 2 1 2 999 3968 3969
7782 2 2 1 2 3968 173 2624
7783 2 2 1 2 3969 2624 666
7784 2 2 1 2 3968 2624 3969
7785 2 2 1 2 1000 3970 3971
7786 2 2 1 2 3970 666 2621
7787 2 2 1 2 3971 2621 47
7788 2 2 1 2 3970 2621 3971
7789 2 2 1 2 999 3969 3966
7790 2 2 1 2 3969 666 3970
7791 2 2 1 2 3966 3970 1000
7792 2 2 1 2 3969 3970 3966
7793 2 2 1 2 253 3960 3953
7794 2 2 1 2 3960 998 3972
7795 2 2 1 2 3953 3972 995
7796 2 2 1 2 3960 3972 3953
7797 2 2 1 2 998 3964 3973
7798 2 2 1 2 3964 173 3968
7799 2 2 1 2 3973 3968 999
7800 2 2 1 2 3964 3968 3973
7801 2 2 1 2 995 3974 3956
7802 2 2 1 2 3974 999 3965
7803 2 2 1 2 3956 3965 254
7804 2 2 1 2 3974 3965 3956
7805 2 2 1 2 998 3973 3972
7806 2 2 1 2 3973 999 3974
7807 2 2 1 2 3972 3974 995
7808 2 2 1 2 3973 3974 3972
7809 2 2 1 2 37 3975 1957
7810 2 2 1 2 3975 1001 3976
7811 2 2 1 2 1957 3976 502
7812 2 2 1 2 3975 3976 1957
7813 2 2 1 2 1001 3977 3979
7814 2 2 1 2 3977 255 3978
7815 2 2 1 2 3979 3978 1002
7816 2 2 1 2 3977 3978 3979
7817 2 2 1 2 502 3980 1960
7818 2 2 1 2 3980 1002 3981
7819 2 2 1 2 1960 3981 133
7820 2 2 1 2 3980 3981 1960
7821 2 2 1 2 1001 3979 3976
7822 2 2 1 2 3979 1002 3980
7823 2 2 1 2 3976 3980 502
7824 2 2 1 2 3979 3980 3976
7825 2 2 1 2 255 3982 3984
7826 2 2 1 2 3982 1003 3983
7827 2 2 1 2 3984 3983 1004
7828 2 2 1 2 3982 3983 3984
7829 2 2 1 2 1003 3985 3986
7830 2 2 1 2 3985 47 2605
7831 2 2 1 2 3986 2605 661
7832 2 2 1 2 3985 2605 3986
7833 2 2 1 2 1004 3987 3988
7834 2 2 1 2 3987 661 2602
7835 2 2 1 2 3988 2602 171
7836 2 2 1 2 3987 2602 3988
7837 2 2 1 2 1003 3986 3983
7838 2 2 1 2 3986 661 3987
7839 2 2 1 2 3983 3987 1004
7840 2 2 1 2 3986 3987 3983
7841 2 2 1 2 133 3989 1966
7842 2 2 1 2 3989 1005 3990
7843 2 2 1 2 1966 3990 505
7844 2 2 1 2 3989 3990 1966
7845 2 2 1 2 1005 3991 3992
7846 2 2 1 2 3991 171 2597
7847 2 2 1 2 3992 2597 659
7848 2 2 1 2 3991 2597 3992
7849 2 2 1 2 505 3993 1969
7850 2 2 1 2 3993 659 2595
7851 2 2 1 2 1969 2595 5
7852 2 2 1 2 3993 2595 1969
7853 2 2 1 2 1005 3992 3990
7854 2 2 1 2 3992 659 3993
7855 2 2 1 2 3990 3993 505
7856 2 2 1 2 3992 3993 3990
7857 2 2 1 2 255 3984 3978
7858 2 2 1 2 3984 1004 3994
7859 2 2 1 2 3978 3994 1002
7860 2 2 1 2 3984 3994 3978
7861 2 2 1 2 1004 3988 3995
7862 2 2 1 2 3988 171 3991
7863 2 2 1 2 3995 3991 1005
7864 2 2 1 2 3988 3991 3995
7865 2 2 1 2 1002 3996 3981
7866 2 2 1 2 3996 1005 3989
7867 2 2 1 2 3981 3989 133
7868 2 2 1 2 3996 3989 3981
7869 2 2 1 2 1004 3995 3994
7870 2 2 1 2 3995 1005 3996
7871 2 2 1 2 3994 3996 1002
7872 2 2 1 2 3995 3996 3994
7873 2 2 1 2 66 3951 3934
7874 2 2 1 2 3951 996 3997
7875 2 2 1 2 3934 3997 990
7876 2 2 1 2 3951 3997 3934
7877 2 2 1 2 996 3957 3999
7878 2 2 1 2 3957 254 3998
7879 2 2 1 2 3999 3998 1006
7880 2 2 1 2 3957 3998 3999
7881 2 2 1 2 990 4000 3937
7882 2 2 1 2 4000 1006 4001
7883 2 2 1 2 3937 4001 252
7884 2 2 1 2 4000 4001 3937
7885 2 2 1 2 996 3999 3997
7886 2 2 1 2 3999 1006 4000
7887 2 2 1 2 3997 4000 990
7888 2 2 1 2 3999 4000 3997
7889 2 2 1 2 254 3967 4003
7890 2 2 1 2 3967 1000 4002
7891 2 2 1 2 4003 4002 1007
7892 2 2 1 2 3967 4002 4003
7893 2 2 1 2 1000 3971 4004
7894 2 2 1 2 3971 47 3985
7895 2 2 1 2 4004 3985 1003
7896 2 2 1 2 3971 3985 4004
7897 2 2 1 2 1007 4005 4006
7898 2 2 1 2 4005 1003 3982
7899 2 2 1 2 4006 3982 255
7900 2 2 1 2 4005 3982 4006
7901 2 2 1 2 1000 4004 4002
7902 2 2 1 2 4004 1003 4005
7903 2 2 1 2 4002 4005 1007
7904 2 2 1 2 4004 4005 4002
7905 2 2 1 2 252 4007 3942
7906 2 2 1 2 4007 1008 4008
7907 2 2 1 2 3942 4008 993
7908 2 2 1 2 4007 4008 3942
7909 2 2 1 2 1008 4009 4010
7910 2 2 1 2 4009 255 3977
7911 2 2 1 2 4010 3977 1001
7912 2 2 1 2 4009 3977 4010
7913 2 2 1 2 993 4011 3945
7914 2 2 1 2 4011 1001 3975
7915 2 2 1 2 3945 3975 37
7916 2 2 1 2 4011 3975 3945
7917 2 2 1 2 1008 4010 4008
7918 2 2 1 2 4010 1001 4011
7919 2 2 1 2 4008 4011 993
7920 2 2 1 2 4010 4011 4008
7921 2 2 1 2 254 4003 3998
7922 2 2 1 2 4003 1007 4012
7923 2 2 1 2 3998 4012 1006
7924 2 2 1 2 4003 4012 3998
7925 2 2 1 2 1007 4006 4013
7926 2 2 1 2 4006 255 4009
7927 2 2 1 2 4013 4009 1008
7928 2 2 1 2 4006 4009 4013
7929 2 2 1 2 1006 4014 4001
7930 2 2 1 2 4014 1008 4007
7931 2 2 1 2 4001 4007 252
7932 2 2 1 2 4014 4007 4001
7933 2 2 1 2 1007 4013 4012
7934 2 2 1 2 4013 1008 4014
7935 2 2 1 2 4012 4014 1006
7936 2 2 1 2 4013 4014 4012
7937 2 2 1 2 18 3832 3770
7938 2 2 1 2 3832 966 4015
7939 2 2 1 2 3770 4015 950
7940 2 2 1 2 3832 4015 3770
7941 2 2 1 2 966 3837 4017
7942 2 2 1 2 3837 247 4016
7943 2 2 1 2 4017 4016 1009
7944 2 2 1 2 3837 4016 4017
7945 2 2 1 2 950 4018 3773
7946 2 2 1 2 4018 1009 4019
7947 2 2 1 2 3773 4019 242
7948 2 2 1 2 4018 4019 3773
7949 2 2 1 2 966 4017 4015
7950 2 2 1 2 4017 1009 4018
7951 2 2 1 2 4015 4018 950
7952 2 2 1 2 4017 4018 4015
7953 2 2 1 2 247 3847 4021
7954 2 2 1 2 3847 971 4020
7955 2 2 1 2 4021 4020 1011
7956 2 2 1 2 3847 4020 4021
7957 2 2 1 2 971 3853 4023
7958 2 2 1 2 3853 65 4022
7959 2 2 1 2 4023 4022 1010
7960 2 2 1 2 3853 4022 4023
7961 2 2 1 2 1011 4024 4026
7962 2 2 1 2 4024 1010 4025
7963 2 2 1 2 4026 4025 256
7964 2 2 1 2 4024 4025 4026
7965 2 2 1 2 971 4023 4020
7966 2 2 1 2 4023 1010 4024
7967 2 2 1 2 4020 4024 1011
7968 2 2 1 2 4023 4024 4020
7969 2 2 1 2 242 4027 3779
7970 2 2 1 2 4027 1012 4028
7971 2 2 1 2 3779 4028 953
7972 2 2 1 2 4027 4028 3779
7973 2 2 1 2 1012 4029 4031
7974 2 2 1 2 4029 256 4030
7975 2 2 1 2 4031 4030 1013
7976 2 2 1 2 4029 4030 4031
7977 2 2 1 2 953 4032 3782
7978 2 2 1 2 4032 1013 4033
7979 2 2 1 2 3782 4033 64
7980 2 2 1 2 4032 4033 3782
7981 2 2 1 2 1012 4031 4028
7982 2 2 1 2 4031 1013 4032
7983 2 2 1 2 4028 4032 953
7984 2 2 1 2 4031 4032 4028
7985 2 2 1 2 247 4021 4016
7986 2 2 1 2 4021 1011 4034
7987 2 2 1 2 4016 4034 1009
7988 2 2 1 2 4021 4034 4016
7989 2 2 1 2 1011 4026 4035
7990 2 2 1 2 4026 256 4029
7991 2 2 1 2 4035 4029 1012
7992 2 2 1 2 4026 4029 4035
7993 2 2 1 2 1009 4036 4019
7994 2 2 1 2 4036 1012 4027
7995 2 2 1 2 4019 4027 242
7996 2 2 1 2 4036 4027 4019
7997 2 2 1 2 1011 4035 4034
7998 2 2 1 2 4035 1012 4036
7999 2 2 1 2 4034 4036 1009
8000 2 2 1 2 4035 4036 4034
8001 2 2 1 2 65 3881 4038
8002 2 2 1 2 3881 979 4037
8003 2 2 1 2 4038 4037 1015
8004 2 2 1 2 3881 4037 4038
8005 2 2 1 2 979 3887 4040
8006 2 2 1 2 3887 250 4039
8007 2 2 1 2 4040 4039 1014
8008 2 2 1 2 3887 4039 4040
8009 2 2 1 2 1015 4041 4043
8010 2 2 1 2 4041 1014 4042
8011 2 2 1 2 4043 4042 257
8012 2 2 1 2 4041 4042 4043
8013 2 2 1 2 979 4040 4037
8014 2 2 1 2 4040 1014 4041
8015 2 2 1 2 4037 4041 1015
8016 2 2 1 2 4040 4041 4037
8017 2 2 1 2 250 3897 4045
8018 2 2 1 2 3897 983 4044
8019 2 2 1 2 4045 4044 1016
8020 2 2 1 2 3897 4044 4045
8021 2 2 1 2 983 3901 4046
8022 2 2 1 2 3901 15 3961
8023 2 2 1 2 4046 3961 997
8024 2 2 1 2 3901 3961 4046
8025 2 2 1 2 1016 4047 4048
8026 2 2 1 2 4047 997 3958
8027 2 2 1 2 4048 3958 253
8028 2 2 1 2 4047 3958 4048
8029 2 2 1 2 983 4046 4044
8030 2 2 1 2 4046 997 4047
8031 2 2 1 2 4044 4047 1016
8032 2 2 1 2 4046 4047 4044
8033 2 2 1 2 257 4049 4051
8034 2 2 1 2 4049 1017 4050
8035 2 2 1 2 4051 4050 1018
8036 2 2 1 2 4049 4050 4051
8037 2 2 1 2 1017 4052 4053
8038 2 2 1 2 4052 253 3952
8039 2 2 1 2 4053 3952 994
8040 2 2 1 2 4052 3952 4053
8041 2 2 1 2 1018 4054 4055
8042 2 2 1 2 4054 994 3949
8043 2 2 1 2 4055 3949 66
8044 2 2 1 2 4054 3949 4055
8045 2 2 1 2 1017 4053 4050
8046 2 2 1 2 4053 994 4054
8047 2 2 1 2 4050 4054 1018
8048 2 2 1 2 4053 4054 4050
8049 2 2 1 2 250 4045 4039
8050 2 2 1 2 4045 1016 4056
8051 2 2 1 2 4039 4056 1014
8052 2 2 1 2 4045 4056 4039
8053 2 2 1 2 1016 4048 4057
8054 2 2 1 2 4048 253 4052
8055 2 2 1 2 4057 4052 1017
8056 2 2 1 2 4048 4052 4057
8057 2 2 1 2 1014 4058 4042
8058 2 2 1 2 4058 1017 4049
8059 2 2 1 2 4042 4049 257
8060 2 2 1 2 4058 4049 4042
8061 2 2 1 2 1016 4057 4056
8062 2 2 1 2 4057 1017 4058
8063 2 2 1 2 4056 4058 1014
8064 2 2 1 2 4057 4058 4056
8065 2 2 1 2 64 4059 3798
8066 2 2 1 2 4059 1019 4060
8067 2 2 1 2 3798 4060 958
8068 2 2 1 2 4059 4060 3798
8069 2 2 1 2 1019 4061 4063
8070 2 2 1 2 4061 258 4062
8071 2 2 1 2 4063 4062 1020
8072 2 2 1 2 4061 4062 4063
8073 2 2 1 2 958 4064 3801
8074 2 2 1 2 4064 1020 4065
8075 2 2 1 2 3801 4065 245
8076 2 2 1 2 4064 4065 3801
8077 2 2 1 2 1019 4063 4060
8078 2 2 1 2 4063 1020 4064
8079 2 2 1 2 4060 4064 958
8080 2 2 1 2 4063 4064 4060
8081 2 2 1 2 258 4066 4068
8082 2 2 1 2 4066 1021 4067
8083 2 2 1 2 4068 4067 1022
8084 2 2 1 2 4066 4067 4068
8085 2 2 1 2 1021 4069 4070
8086 2 2 1 2 4069 66 3933
8087 2 2 1 2 4070 3933 989
8088 2 2 1 2 4069 3933 4070
8089 2 2 1 2 1022 4071 4072
8090 2 2 1 2 4071 989 3930
8091 2 2 1 2 4072 3930 251
8092 2 2 1 2 4071 3930 4072
8093 2 2 1 2 1021 4070 4067
8094 2 2 1 2 4070 989 4071
8095 2 2 1 2 4067 4071 1022
8096 2 2 1 2 4070 4071 4067
8097 2 2 1 2 245 4073 3806
8098 2 2 1 2 4073 1023 4074
8099 2 2 1 2 3806 4074 961
8100 2 2 1 2 4073 4074 3806
8101 2 2 1 2 1023 4075 4076
8102 2 2 1 2 4075 251 3925
8103 2 2 1 2 4076 3925 987
8104 2 2 1 2 4075 3925 4076
8105 2 2 1 2 961 4077 3809
8106 2 2 1 2 4077 987 3923
8107 2 2 1 2 3809 3923 12
8108 2 2 1 2 4077 3923 3809
8109 2 2 1 2 1023 4076 4074
8110 2 2 1 2 4076 987 4077
8111 2 2 1 2 4074 4077 961
8112 2 2 1 2 4076 4077 4074
8113 2 2 1 2 258 4068 4062
8114 2 2 1 2 4068 1022 4078
8115 2 2 1 2 4062 4078 1020
8116 2 2 1 2 4068 4078 4062
8117 2 2 1 2 1022 4072 4079
8118 2 2 1 2 4072 251 4075
8119 2 2 1 2 4079 4075 1023
8120 2 2 1 2 4072 4075 4079
8121 2 2 1 2 1020 4080 4065
8122 2 2 1 2 4080 1023 4073
8123 2 2 1 2 4065 4073 245
8124 2 2 1 2 4080 4073 4065
8125 2 2 1 2 1022 4079 4078
8126 2 2 1 2 4079 1023 4080
8127 2 2 1 2 4078 4080 1020
8128 2 2 1 2 4079 4080 4078
8129 2 2 1 2 65 4038 4022
8130 2 2 1 2 4038 1015 4081
8131 2 2 1 2 4022 4081 1010
8132 2 2 1 2 4038 4081 4022
8133 2 2 1 2 1015 4043 4083
8134 2 2 1 2 4043 257 4082
8135 2 2 1 2 4083 4082 1024
8136 2 2 1 2 4043 4082 4083
8137 2 2 1 2 1010 4084 4025
8138 2 2 1 2 4084 1024 4085
8139 2 2 1 2 4025 4085 256
8140 2 2 1 2 4084 4085 4025
8141 2 2 1 2 1015 4083 4081
8142 2 2 1 2 4083 1024 4084
8143 2 2 1 2 4081 4084 1010
8144 2 2 1 2 4083 4084 4081
8145 2 2 1 2 257 4051 4087
8146 2 2 1 2 4051 1018 4086
8147 2 2 1 2 4087 4086 1025
8148 2 2 1 2 4051 4086 4087
8149 2 2 1 2 1018 4055 4088
8150 2 2 1 2 4055 66 4069
8151 2 2 1 2 4088 4069 1021
8152 2 2 1 2 4055 4069 4088
8153 2 2 1 2 1025 4089 4090
8154 2 2 1 2 4089 1021 4066
8155 2 2 1 2 4090 4066 258
8156 2 2 1 2 4089 4066 4090
8157 2 2 1 2 1018 4088 4086
8158 2 2 1 2 4088 1021 4089
8159 2 2 1 2 4086 4089 1025
8160 2 2 1 2 4088 4089 4086
8161 2 2 1 2 256 4091 4030
8162 2 2 1 2 4091 1026 4092
8163 2 2 1 2 4030 4092 1013
8164 2 2 1 2 4091 4092 4030
8165 2 2 1 2 1026 4093 4094
8166 2 2 1 2 4093 258 4061
8167 2 2 1 2 4094 4061 1019
8168 2 2 1 2 4093 4061 4094
8169 2 2 1 2 1013 4095 4033
8170 2 2 1 2 4095 1019 4059
8171 2 2 1 2 4033 4059 64
8172 2 2 1 2 4095 4059 4033
8173 2 2 1 2 1026 4094 4092
8174 2 2 1 2 4094 1019 4095
8175 2 2 1 2 4092 4095 1013
8176 2 2 1 2 4094 4095 4092
8177 2 2 1 2 257 4087 4082
8178 2 2 1 2 4087 1025 4096
8179 2 2 1 2 4082 4096 1024
8180 2 2 1 2 4087 4096 4082
8181 2 2 1 2 1025 4090 4097
8182 2 2 1 2 4090 258 4093
8183 2 2 1 2 4097 4093 1026
8184 2 2 1 2 4090 4093 4097
8185 2 2 1 2 1024 4098 4085
8186 2 2 1 2 4098 1026 4091
8187 2 2 1 2 4085 4091 256
8188 2 2 1 2 4098 4091 4085
8189 2 2 1 2 1025 4097 4096
8190 2 2 1 2 4097 1026 4098
8191 2 2 1 2 4096 4098 1024
8192 2 2 1 2 4097 4098 4096
$EndElements
