$MeshFormat
2.2 0 8
$EndMeshFormat
$Nodes
4098
1 0.49999999999999994 0.0 0.0
2 0.0 0.49999999999999994 0.0
3 0.0 0.0 0.49999999999999994
4 -0.49999999999999994 0.0 0.0
5 0.0 -0.49999999999999994 0.0
6 0.0 0.0 -0.49999999999999994
7 0.3535533905932737 0.3535533905932737 0.0
8 0.0 0.3535533905932737 0.3535533905932737
9 0.3535533905932737 0.0 0.3535533905932737
10 -0.3535533905932737 0.3535533905932737 0.0
11 -0.3535533905932737 0.0 0.3535533905932737
12 -0.3535533905932737 -0.3535533905932737 0.0
13 0.0 -0.3535533905932737 0.3535533905932737
14 0.3535533905932737 -0.3535533905932737 0.0
15 0.0 -0.3535533905932737 -0.3535533905932737
16 0.3535533905932737 0.0 -0.3535533905932737
17 0.0 0.3535533905932737 -0.3535533905932737
18 -0.3535533905932737 0.0 -0.3535533905932737
19 0.4619397662556433 0.19134171618254484 0.0
20 0.40824829046386296 0.20412414523193148 0.20412414523193148
21 0.4619397662556433 0.0 0.19134171618254484
22 0.19134171618254484 0.4619397662556433 0.0
23 0.0 0.4619397662556433 0.19134171618254484
24 0.20412414523193148 0.40824829046386296 0.20412414523193148
25 0.20412414523193148 0.20412414523193148 0.40824829046386296
26 0.0 0.19134171618254484 0.4619397662556433
27 0.19134171618254484 0.0 0.4619397662556433
28 -0.19134171618254484 0.4619397662556433 0.0
29 -0.20412414523193148 0.40824829046386296 0.20412414523193148
30 -0.4619397662556433 0.19134171618254484 0.0
31 -0.4619397662556433 0.0 0.19134171618254484
32 -0.40824829046386296 0.20412414523193148 0.20412414523193148
33 -0.20412414523193148 0.20412414523193148 0.40824829046386296
34 -0.19134171618254484 0.0 0.4619397662556433
35 -0.4619397662556433 -0.19134171618254484 0.0
36 -0.40824829046386296 -0.20412414523193148 0.20412414523193148
37 -0.19134171618254484 -0.4619397662556433 0.0
38 0.0 -0.4619397662556433 0.19134171618254484
39 -0.20412414523193148 -0.40824829046386296 0.20412414523193148
40 -0.20412414523193148 -0.20412414523193148 0.40824829046386296
41 0.0 -0.19134171618254484 0.4619397662556433
42 0.19134171618254484 -0.4619397662556433 0.0
43 0.20412414523193148 -0.40824829046386296 0.20412414523193148
44 0.4619397662556433 -0.19134171618254484 0.0
45 0.40824829046386296 -0.20412414523193148 0.20412414523193148
46 0.20412414523193148 -0.20412414523193148 0.40824829046386296
47 0.0 -0.4619397662556433 -0.19134171618254484
48 0.20412414523193148 -0.40824829046386296 -0.20412414523193148
49 0.0 -0.19134171618254484 -0.4619397662556433
50 0.19134171618254484 0.0 -0.4619397662556433
51 0.20412414523193148 -0.20412414523193148 -0.40824829046386296
52 0.40824829046386296 -0.20412414523193148 -0.20412414523193148
53 0.4619397662556433 0.0 -0.19134171618254484
54 0.40824829046386296 0.20412414523193148 -0.20412414523193148
55 0.0 0.19134171618254484 -0.4619397662556433
56 0.20412414523193148 0.20412414523193148 -0.40824829046386296
57 0.20412414523193148 0.40824829046386296 -0.20412414523193148
58 0.0 0.4619397662556433 -0.19134171618254484
59 -0.20412414523193148 0.40824829046386296 -0.20412414523193148
60 -0.19134171618254484 0.0 -0.4619397662556433
61 -0.20412414523193148 0.20412414523193148 -0.40824829046386296
62 -0.40824829046386296 0.20412414523193148 -0.20412414523193148
63 -0.4619397662556433 0.0 -0.19134171618254484
64 -0.40824829046386296 -0.20412414523193148 -0.20412414523193148
65 -0.20412414523193148 -0.20412414523193148 -0.40824829046386296
66 -0.20412414523193148 -0.40824829046386296 -0.20412414523193148
67 0.49039264020161516 0.09754516100806411 0.0
68 0.47984149113033364 0.09937842670775668 0.09937842670775668
69 0.49039264020161516 0.0 0.09754516100806411
70 0.41573480615127256 0.27778511650980103 0.0
71 0.3943375672974064 0.2886751345948128 0.10566243270259354
72 0.44516001724831694 0.20230752229817694 0.10442329943576167
73 0.44516001724831694 0.10442329943576167 0.20230752229817694
74 0.3943375672974064 0.10566243270259354 0.2886751345948128
75 0.41573480615127256 0.0 0.27778511650980103
76 0.27778511650980103 0.4157348061512726 0.0
77 0.20230752229817694 0.44516001724831694 0.10442329943576167
78 0.2886751345948128 0.3943375672974064 0.10566243270259354
79 0.09754516100806411 0.49039264020161516 0.0
80 0.0 0.49039264020161516 0.09754516100806411
81 0.09937842670775668 0.47984149113033364 0.09937842670775668
82 0.10442329943576167 0.44516001724831694 0.20230752229817694
83 0.0 0.41573480615127256 0.27778511650980103
84 0.10566243270259354 0.3943375672974064 0.2886751345948128
85 0.2886751345948128 0.10566243270259354 0.3943375672974064
86 0.20230752229817694 0.10442329943576167 0.44516001724831694
87 0.27778511650980103 0.0 0.4157348061512726
88 0.10566243270259354 0.2886751345948128 0.3943375672974064
89 0.0 0.27778511650980103 0.4157348061512726
90 0.10442329943576167 0.20230752229817694 0.44516001724831694
91 0.09937842670775666 0.09937842670775666 0.4798414911303336
92 0.0 0.09754516100806411 0.49039264020161516
93 0.09754516100806411 0.0 0.49039264020161516
94 0.3198010745334156 0.3198010745334156 0.21320071635561044
95 0.21320071635561044 0.3198010745334156 0.3198010745334156
96 0.3198010745334156 0.21320071635561044 0.3198010745334156
97 -0.09754516100806411 0.49039264020161516 0.0
98 -0.09937842670775668 0.47984149113033364 0.09937842670775668
99 -0.27778511650980103 0.4157348061512726 0.0
100 -0.2886751345948128 0.3943375672974064 0.10566243270259354
101 -0.20230752229817694 0.44516001724831694 0.10442329943576167
102 -0.10442329943576167 0.44516001724831694 0.20230752229817694
103 -0.10566243270259354 0.3943375672974064 0.2886751345948128
104 -0.41573480615127256 0.27778511650980103 0.0
105 -0.44516001724831694 0.20230752229817694 0.10442329943576167
106 -0.3943375672974064 0.2886751345948128 0.10566243270259354
107 -0.49039264020161516 0.09754516100806411 0.0
108 -0.49039264020161516 0.0 0.09754516100806411
109 -0.47984149113033364 0.09937842670775668 0.09937842670775668
110 -0.44516001724831694 0.10442329943576167 0.20230752229817694
111 -0.41573480615127256 0.0 0.27778511650980103
112 -0.3943375672974064 0.10566243270259354 0.2886751345948128
113 -0.10566243270259354 0.2886751345948128 0.3943375672974064
114 -0.10442329943576167 0.20230752229817694 0.44516001724831694
115 -0.2886751345948128 0.10566243270259354 0.3943375672974064
116 -0.27778511650980103 0.0 0.4157348061512726
117 -0.20230752229817694 0.10442329943576167 0.44516001724831694
118 -0.09937842670775666 0.09937842670775666 0.4798414911303336
119 -0.09754516100806411 0.0 0.49039264020161516
120 -0.3198010745334156 0.3198010745334156 0.21320071635561044
121 -0.3198010745334156 0.21320071635561044 0.3198010745334156
122 -0.21320071635561044 0.3198010745334156 0.3198010745334156
123 -0.49039264020161516 -0.09754516100806411 0.0
124 -0.47984149113033364 -0.09937842670775668 0.09937842670775668
125 -0.41573480615127256 -0.27778511650980103 0.0
126 -0.3943375672974064 -0.2886751345948128 0.10566243270259354
127 -0.44516001724831694 -0.20230752229817694 0.10442329943576167
128 -0.44516001724831694 -0.10442329943576167 0.20230752229817694
129 -0.3943375672974064 -0.10566243270259354 0.2886751345948128
130 -0.27778511650980103 -0.4157348061512726 0.0
131 -0.20230752229817694 -0.44516001724831694 0.10442329943576167
132 -0.2886751345948128 -0.3943375672974064 0.10566243270259354
133 -0.09754516100806411 -0.49039264020161516 0.0
134 0.0 -0.49039264020161516 0.09754516100806411
135 -0.09937842670775668 -0.47984149113033364 0.09937842670775668
136 -0.10442329943576167 -0.44516001724831694 0.20230752229817694
137 0.0 -0.41573480615127256 0.27778511650980103
138 -0.10566243270259354 -0.3943375672974064 0.2886751345948128
139 -0.2886751345948128 -0.10566243270259354 0.3943375672974064
140 -0.20230752229817694 -0.10442329943576167 0.44516001724831694
141 -0.10566243270259354 -0.2886751345948128 0.3943375672974064
142 0.0 -0.27778511650980103 0.4157348061512726
143 -0.10442329943576167 -0.20230752229817694 0.44516001724831694
144 -0.09937842670775666 -0.09937842670775666 0.4798414911303336
145 0.0 -0.09754516100806411 0.49039264020161516
146 -0.3198010745334156 -0.3198010745334156 0.21320071635561044
147 -0.21320071635561044 -0.3198010745334156 0.3198010745334156
148 -0.3198010745334156 -0.21320071635561044 0.3198010745334156
149 0.09754516100806411 -0.49039264020161516 0.0
150 0.09937842670775668 -0.47984149113033364 0.09937842670775668
151 0.27778511650980103 -0.4157348061512726 0.0
152 0.2886751345948128 -0.3943375672974064 0.10566243270259354
153 0.20230752229817694 -0.44516001724831694 0.10442329943576167
154 0.10442329943576167 -0.44516001724831694 0.20230752229817694
155 0.10566243270259354 -0.3943375672974064 0.2886751345948128
156 0.41573480615127256 -0.27778511650980103 0.0
157 0.44516001724831694 -0.20230752229817694 0.10442329943576167
158 0.3943375672974064 -0.2886751345948128 0.10566243270259354
159 0.49039264020161516 -0.09754516100806411 0.0
160 0.47984149113033364 -0.09937842670775668 0.09937842670775668
161 0.44516001724831694 -0.10442329943576167 0.20230752229817694
162 0.3943375672974064 -0.10566243270259354 0.2886751345948128
163 0.10566243270259354 -0.2886751345948128 0.3943375672974064
164 0.10442329943576167 -0.20230752229817694 0.44516001724831694
165 0.2886751345948128 -0.10566243270259354 0.3943375672974064
166 0.20230752229817694 -0.10442329943576167 0.44516001724831694
167 0.09937842670775666 -0.09937842670775666 0.4798414911303336
168 0.3198010745334156 -0.3198010745334156 0.21320071635561044
169 0.3198010745334156 -0.21320071635561044 0.3198010745334156
170 0.21320071635561044 -0.3198010745334156 0.3198010745334156
171 0.0 -0.49039264020161516 -0.09754516100806411
172 0.09937842670775668 -0.47984149113033364 -0.09937842670775668
173 0.0 -0.41573480615127256 -0.27778511650980103
174 0.10566243270259354 -0.3943375672974064 -0.2886751345948128
175 0.10442329943576167 -0.44516001724831694 -0.20230752229817694
176 0.20230752229817694 -0.44516001724831694 -0.10442329943576167
177 0.2886751345948128 -0.3943375672974064 -0.10566243270259354
178 0.0 -0.27778511650980103 -0.4157348061512726
179 0.10442329943576167 -0.20230752229817694 -0.44516001724831694
180 0.10566243270259354 -0.2886751345948128 -0.3943375672974064
181 0.0 -0.09754516100806411 -0.49039264020161516
182 0.09754516100806411 0.0 -0.49039264020161516
183 0.09937842670775666 -0.09937842670775666 -0.4798414911303336
184 0.20230752229817694 -0.10442329943576167 -0.44516001724831694
185 0.27778511650980103 0.0 -0.4157348061512726
186 0.2886751345948128 -0.10566243270259354 -0.3943375672974064
187 0.3943375672974064 -0.2886751345948128 -0.10566243270259354
188 0.44516001724831694 -0.20230752229817694 -0.10442329943576167
189 0.3943375672974064 -0.10566243270259354 -0.2886751345948128
190 0.41573480615127256 0.0 -0.27778511650980103
191 0.44516001724831694 -0.10442329943576167 -0.20230752229817694
192 0.47984149113033364 -0.09937842670775668 -0.09937842670775668
193 0.49039264020161516 0.0 -0.09754516100806411
194 0.21320071635561044 -0.3198010745334156 -0.3198010745334156
195 0.3198010745334156 -0.21320071635561044 -0.3198010745334156
196 0.3198010745334156 -0.3198010745334156 -0.21320071635561044
197 0.47984149113033364 0.09937842670775668 -0.09937842670775668
198 0.3943375672974064 0.10566243270259354 -0.2886751345948128
199 0.44516001724831694 0.10442329943576167 -0.20230752229817694
200 0.44516001724831694 0.20230752229817694 -0.10442329943576167
201 0.3943375672974064 0.2886751345948128 -0.10566243270259354
202 0.20230752229817694 0.10442329943576167 -0.44516001724831694
203 0.2886751345948128 0.10566243270259354 -0.3943375672974064
204 0.0 0.09754516100806411 -0.49039264020161516
205 0.09937842670775666 0.09937842670775666 -0.4798414911303336
206 0.10442329943576167 0.20230752229817694 -0.44516001724831694
207 0.0 0.27778511650980103 -0.4157348061512726
208 0.10566243270259354 0.2886751345948128 -0.3943375672974064
209 0.2886751345948128 0.3943375672974064 -0.10566243270259354
210 0.20230752229817694 0.44516001724831694 -0.10442329943576167
211 0.10566243270259354 0.3943375672974064 -0.2886751345948128
212 0.0 0.41573480615127256 -0.27778511650980103
213 0.10442329943576167 0.44516001724831694 -0.20230752229817694
214 0.09937842670775668 0.47984149113033364 -0.09937842670775668
215 0.0 0.49039264020161516 -0.09754516100806411
216 0.3198010745334156 0.21320071635561044 -0.3198010745334156
217 0.21320071635561044 0.3198010745334156 -0.3198010745334156
218 0.3198010745334156 0.3198010745334156 -0.21320071635561044
219 -0.09937842670775668 0.47984149113033364 -0.09937842670775668
220 -0.10566243270259354 0.3943375672974064 -0.2886751345948128
221 -0.10442329943576167 0.44516001724831694 -0.20230752229817694
222 -0.20230752229817694 0.44516001724831694 -0.10442329943576167
223 -0.2886751345948128 0.3943375672974064 -0.10566243270259354
224 -0.10442329943576167 0.20230752229817694 -0.44516001724831694
225 -0.10566243270259354 0.2886751345948128 -0.3943375672974064
226 -0.09754516100806411 0.0 -0.49039264020161516
227 -0.09937842670775666 0.09937842670775666 -0.4798414911303336
228 -0.20230752229817694 0.10442329943576167 -0.44516001724831694
229 -0.27778511650980103 0.0 -0.4157348061512726
230 -0.2886751345948128 0.10566243270259354 -0.3943375672974064
231 -0.3943375672974064 0.2886751345948128 -0.10566243270259354
232 -0.44516001724831694 0.20230752229817694 -0.10442329943576167
233 -0.3943375672974064 0.10566243270259354 -0.2886751345948128
234 -0.41573480615127256 0.0 -0.27778511650980103
235 -0.44516001724831694 0.10442329943576167 -0.20230752229817694
236 -0.47984149113033364 0.09937842670775668 -0.09937842670775668
237 -0.49039264020161516 0.0 -0.09754516100806411
238 -0.21320071635561044 0.3198010745334156 -0.3198010745334156
239 -0.3198010745334156 0.21320071635561044 -0.3198010745334156
240 -0.3198010745334156 0.3198010745334156 -0.21320071635561044
241 -0.47984149113033364 -0.09937842670775668 -0.09937842670775668
242 -0.3943375672974064 -0.10566243270259354 -0.2886751345948128
243 -0.44516001724831694 -0.10442329943576167 -0.20230752229817694
244 -0.44516001724831694 -0.20230752229817694 -0.10442329943576167
245 -0.3943375672974064 -0.2886751345948128 -0.10566243270259354
246 -0.20230752229817694 -0.10442329943576167 -0.44516001724831694
247 -0.2886751345948128 -0.10566243270259354 -0.3943375672974064
248 -0.09937842670775666 -0.09937842670775666 -0.4798414911303336
249 -0.10442329943576167 -0.20230752229817694 -0.44516001724831694
250 -0.10566243270259354 -0.2886751345948128 -0.3943375672974064
251 -0.2886751345948128 -0.3943375672974064 -0.10566243270259354
252 -0.20230752229817694 -0.44516001724831694 -0.10442329943576167
253 -0.10566243270259354 -0.3943375672974064 -0.2886751345948128
254 -0.10442329943576167 -0.44516001724831694 -0.20230752229817694
255 -0.09937842670775668 -0.47984149113033364 -0.09937842670775668
256 -0.3198010745334156 -0.21320071635561044 -0.3198010745334156
257 -0.21320071635561044 -0.3198010745334156 -0.3198010745334156
258 -0.3198010745334156 -0.3198010745334156 -0.21320071635561044
259 0.49759236333609835 0.04900857016478029 0.0
260 0.4951264263846904 0.04924338481220436 0.04924338481220436
261 0.49759236333609835 0.0 0.04900857016478029
262 0.47847016786610436 0.14514233862723114 0.0
263 0.4753449920124791 0.1467350968351463 0.050159245662553066
264 0.48755872038197456 0.09895736435075414 0.049939305364047636
265 0.48755872038197456 0.049939305364047636 0.09895736435075414
266 0.4753449920124791 0.050159245662553066 0.1467350968351463
267 0.47847016786610436 0.0 0.14514233862723114
268 0.44096063217417747 0.2356983684129988 0.0
269 0.4342566858783278 0.24217062593088068 0.05267370032774173
270 0.4561357648327129 0.19794679674227386 0.05250932964672965
271 0.38650522668136844 0.31719664208182263 0.0
272 0.3771722397422857 0.32388514490769205 0.05328709483459363
273 0.40743509335375366 0.284907611782197 0.053144119640679645
274 0.42187274612689946 0.24673352916936878 0.10557438921905667
275 0.4047556697450397 0.24852581269314844 0.1562298570518912
276 0.4291369684261278 0.20437445018999006 0.1551532998023948
277 0.4561357648327129 0.05250932964672965 0.19794679674227386
278 0.4342566858783278 0.05267370032774173 0.24217062593088068
279 0.44096063217417747 0.0 0.2356983684129988
280 0.4291369684261278 0.1551532998023948 0.20437445018999006
281 0.4047556697450397 0.1562298570518912 0.24852581269314844
282 0.42187274612689946 0.10557438921905667 0.24673352916936878
283 0.40743509335375366 0.053144119640679645 0.284907611782197
284 0.3771722397422857 0.05328709483459363 0.32388514490769205
285 0.38650522668136844 0.0 0.31719664208182263
286 0.46525923103561767 0.15174264190636735 0.10250862677561162
287 0.4494875335745891 0.15485631592065033 0.15485631592065033
288 0.46525923103561767 0.10250862677561162 0.15174264190636735
289 0.31719664208182263 0.38650522668136844 0.0
290 0.284907611782197 0.4074350933537537 0.053144119640679645
291 0.32388514490769205 0.3771722397422857 0.05328709483459363
292 0.23569836841299877 0.44096063217417747 0.0
293 0.19794679674227386 0.4561357648327129 0.05250932964672965
294 0.24217062593088068 0.4342566858783278 0.05267370032774173
295 0.24673352916936878 0.42187274612689946 0.10557438921905667
296 0.20437445018999006 0.4291369684261278 0.1551532998023948
297 0.24852581269314847 0.4047556697450397 0.15622985705189124
298 0.14514233862723114 0.47847016786610436 0.0
299 0.09895736435075414 0.48755872038197456 0.049939305364047636
300 0.1467350968351463 0.4753449920124791 0.050159245662553066
301 0.04900857016478029 0.49759236333609835 0.0
302 0.0 0.49759236333609835 0.04900857016478029
303 0.04924338481220436 0.4951264263846904 0.04924338481220436
304 0.049939305364047636 0.48755872038197456 0.09895736435075414
305 0.0 0.47847016786610436 0.14514233862723114
306 0.050159245662553066 0.4753449920124791 0.1467350968351463
307 0.1551532998023948 0.4291369684261278 0.20437445018999006
308 0.10557438921905667 0.42187274612689946 0.24673352916936878
309 0.1562298570518912 0.4047556697450397 0.24852581269314844
310 0.05250932964672965 0.4561357648327129 0.19794679674227386
311 0.0 0.44096063217417747 0.2356983684129988
312 0.05267370032774173 0.4342566858783278 0.24217062593088068
313 0.053144119640679645 0.40743509335375366 0.284907611782197
314 0.0 0.38650522668136844 0.31719664208182263
315 0.05328709483459363 0.3771722397422857 0.32388514490769205
316 0.15174264190636735 0.4652592310356177 0.10250862677561164
317 0.10250862677561162 0.46525923103561767 0.15174264190636735
318 0.15485631592065033 0.4494875335745891 0.15485631592065033
319 0.32388514490769205 0.05328709483459363 0.3771722397422857
320 0.284907611782197 0.053144119640679645 0.4074350933537537
321 0.31719664208182263 0.0 0.38650522668136844
322 0.24852581269314847 0.15622985705189124 0.4047556697450397
323 0.20437445018999006 0.1551532998023948 0.4291369684261278
324 0.24673352916936878 0.10557438921905667 0.42187274612689946
325 0.24217062593088068 0.05267370032774173 0.4342566858783278
326 0.19794679674227386 0.05250932964672965 0.4561357648327129
327 0.23569836841299877 0.0 0.44096063217417747
328 0.15622985705189124 0.24852581269314847 0.4047556697450397
329 0.10557438921905667 0.24673352916936875 0.4218727461268994
330 0.1551532998023948 0.20437445018999006 0.4291369684261278
331 0.05328709483459363 0.32388514490769205 0.3771722397422857
332 0.0 0.31719664208182263 0.38650522668136844
333 0.053144119640679645 0.284907611782197 0.4074350933537537
334 0.05267370032774173 0.24217062593088068 0.4342566858783278
335 0.0 0.23569836841299877 0.44096063217417747
336 0.05250932964672965 0.19794679674227386 0.4561357648327129
337 0.1467350968351463 0.050159245662553066 0.4753449920124791
338 0.09895736435075414 0.04993930536404763 0.48755872038197456
339 0.14514233862723114 0.0 0.47847016786610436
340 0.050159245662553066 0.1467350968351463 0.4753449920124791
341 0.0 0.14514233862723114 0.47847016786610436
342 0.04993930536404763 0.09895736435075414 0.48755872038197456
343 0.04924338481220436 0.04924338481220436 0.4951264263846904
344 0.0 0.04900857016478029 0.49759236333609835
345 0.04900857016478029 0.0 0.49759236333609835
346 0.15485631592065033 0.15485631592065033 0.4494875335745891
347 0.10250862677561162 0.15174264190636735 0.46525923103561767
348 0.15174264190636735 0.10250862677561162 0.46525923103561767
349 0.3453841790845724 0.3453841790845724 0.10686223690411836
350 0.2647960529302489 0.36796205053079295 0.2109193678203473
351 0.3070276885418345 0.36034331862187247 0.1608934156304535
352 0.36034331862187247 0.3070276885418345 0.1608934156304535
353 0.36796205053079295 0.2647960529302489 0.2109193678203473
354 0.1608934156304535 0.3603433186218725 0.30702768854183454
355 0.2109193678203473 0.36796205053079295 0.2647960529302489
356 0.10686223690411836 0.3453841790845724 0.3453841790845724
357 0.1608934156304535 0.3070276885418345 0.36034331862187247
358 0.2109193678203473 0.2647960529302489 0.36796205053079295
359 0.36796205053079295 0.2109193678203473 0.2647960529302489
360 0.36034331862187247 0.1608934156304535 0.3070276885418345
361 0.2647960529302489 0.2109193678203473 0.36796205053079295
362 0.3070276885418345 0.1608934156304535 0.36034331862187247
363 0.3453841790845724 0.10686223690411836 0.3453841790845724
364 0.269581933008596 0.3234983196103152 0.269581933008596
365 0.26958193300859595 0.26958193300859595 0.32349831961031517
366 0.3234983196103152 0.269581933008596 0.269581933008596
367 -0.04900857016478029 0.49759236333609835 0.0
368 -0.04924338481220436 0.4951264263846904 0.04924338481220436
369 -0.14514233862723114 0.47847016786610436 0.0
370 -0.1467350968351463 0.4753449920124791 0.050159245662553066
371 -0.09895736435075414 0.48755872038197456 0.049939305364047636
372 -0.049939305364047636 0.48755872038197456 0.09895736435075414
373 -0.050159245662553066 0.4753449920124791 0.1467350968351463
374 -0.23569836841299877 0.44096063217417747 0.0
375 -0.24217062593088068 0.4342566858783278 0.05267370032774173
376 -0.19794679674227386 0.4561357648327129 0.05250932964672965
377 -0.31719664208182263 0.38650522668136844 0.0
378 -0.32388514490769205 0.3771722397422857 0.05328709483459363
379 -0.284907611782197 0.4074350933537537 0.053144119640679645
380 -0.24673352916936878 0.42187274612689946 0.10557438921905667
381 -0.24852581269314847 0.4047556697450397 0.15622985705189124
382 -0.20437445018999006 0.4291369684261278 0.1551532998023948
383 -0.05250932964672965 0.4561357648327129 0.19794679674227386
384 -0.05267370032774173 0.4342566858783278 0.24217062593088068
385 -0.1551532998023948 0.4291369684261278 0.20437445018999006
386 -0.1562298570518912 0.4047556697450397 0.24852581269314844
387 -0.10557438921905667 0.42187274612689946 0.24673352916936878
388 -0.053144119640679645 0.40743509335375366 0.284907611782197
389 -0.05328709483459363 0.3771722397422857 0.32388514490769205
390 -0.15174264190636735 0.4652592310356177 0.10250862677561164
391 -0.15485631592065033 0.4494875335745891 0.15485631592065033
392 -0.10250862677561162 0.46525923103561767 0.15174264190636735
393 -0.38650522668136844 0.31719664208182263 0.0
394 -0.40743509335375366 0.284907611782197 0.053144119640679645
395 -0.3771722397422857 0.32388514490769205 0.05328709483459363
396 -0.44096063217417747 0.2356983684129988 0.0
397 -0.4561357648327129 0.19794679674227386 0.05250932964672965
398 -0.4342566858783278 0.24217062593088068 0.05267370032774173
399 -0.42187274612689946 0.24673352916936878 0.10557438921905667
400 -0.4291369684261278 0.20437445018999006 0.1551532998023948
401 -0.4047556697450397 0.24852581269314844 0.1562298570518912
402 -0.47847016786610436 0.14514233862723114 0.0
403 -0.48755872038197456 0.09895736435075414 0.049939305364047636
404 -0.4753449920124791 0.1467350968351463 0.050159245662553066
405 -0.49759236333609835 0.04900857016478029 0.0
406 -0.49759236333609835 0.0 0.04900857016478029
407 -0.4951264263846904 0.04924338481220436 0.04924338481220436
408 -0.48755872038197456 0.049939305364047636 0.09895736435075414
409 -0.47847016786610436 0.0 0.14514233862723114
410 -0.4753449920124791 0.050159245662553066 0.1467350968351463
411 -0.4291369684261278 0.1551532998023948 0.20437445018999006
412 -0.42187274612689946 0.10557438921905667 0.24673352916936878
413 -0.4047556697450397 0.1562298570518912 0.24852581269314844
414 -0.4561357648327129 0.05250932964672965 0.19794679674227386
415 -0.44096063217417747 0.0 0.2356983684129988
416 -0.4342566858783278 0.05267370032774173 0.24217062593088068
417 -0.40743509335375366 0.053144119640679645 0.284907611782197
418 -0.38650522668136844 0.0 0.31719664208182263
419 -0.3771722397422857 0.05328709483459363 0.32388514490769205
420 -0.46525923103561767 0.15174264190636735 0.10250862677561162
421 -0.46525923103561767 0.10250862677561162 0.15174264190636735
422 -0.4494875335745891 0.15485631592065033 0.15485631592065033
423 -0.05328709483459363 0.32388514490769205 0.3771722397422857
424 -0.053144119640679645 0.284907611782197 0.4074350933537537
425 -0.15622985705189124 0.24852581269314847 0.4047556697450397
426 -0.1551532998023948 0.20437445018999006 0.4291369684261278
427 -0.10557438921905667 0.24673352916936875 0.4218727461268994
428 -0.05267370032774173 0.24217062593088068 0.4342566858783278
429 -0.05250932964672965 0.19794679674227386 0.4561357648327129
430 -0.24852581269314847 0.15622985705189124 0.4047556697450397
431 -0.24673352916936878 0.10557438921905667 0.42187274612689946
432 -0.20437445018999006 0.1551532998023948 0.4291369684261278
433 -0.32388514490769205 0.05328709483459363 0.3771722397422857
434 -0.31719664208182263 0.0 0.38650522668136844
435 -0.284907611782197 0.053144119640679645 0.4074350933537537
436 -0.24217062593088068 0.05267370032774173 0.4342566858783278
437 -0.23569836841299877 0.0 0.44096063217417747
438 -0.19794679674227386 0.05250932964672965 0.4561357648327129
439 -0.050159245662553066 0.1467350968351463 0.4753449920124791
440 -0.04993930536404763 0.09895736435075414 0.48755872038197456
441 -0.1467350968351463 0.050159245662553066 0.4753449920124791
442 -0.14514233862723114 0.0 0.47847016786610436
443 -0.09895736435075414 0.04993930536404763 0.48755872038197456
444 -0.04924338481220436 0.04924338481220436 0.4951264263846904
445 -0.04900857016478029 0.0 0.49759236333609835
446 -0.15485631592065033 0.15485631592065033 0.4494875335745891
447 -0.15174264190636735 0.10250862677561162 0.46525923103561767
448 -0.10250862677561162 0.15174264190636735 0.46525923103561767
449 -0.3453841790845724 0.3453841790845724 0.10686223690411836
450 -0.36796205053079295 0.2647960529302489 0.2109193678203473
451 -0.36034331862187247 0.3070276885418345 0.1608934156304535
452 -0.3070276885418345 0.36034331862187247 0.1608934156304535
453 -0.2647960529302489 0.36796205053079295 0.2109193678203473
454 -0.36034331862187247 0.1608934156304535 0.3070276885418345
455 -0.36796205053079295 0.2109193678203473 0.2647960529302489
456 -0.3453841790845724 0.10686223690411836 0.3453841790845724
457 -0.3070276885418345 0.1608934156304535 0.36034331862187247
458 -0.2647960529302489 0.2109193678203473 0.36796205053079295
459 -0.2109193678203473 0.36796205053079295 0.2647960529302489
460 -0.1608934156304535 0.3603433186218725 0.30702768854183454
461 -0.2109193678203473 0.2647960529302489 0.36796205053079295
462 -0.1608934156304535 0.3070276885418345 0.36034331862187247
463 -0.10686223690411836 0.3453841790845724 0.3453841790845724
464 -0.3234983196103152 0.269581933008596 0.269581933008596
465 -0.26958193300859595 0.26958193300859595 0.32349831961031517
466 -0.269581933008596 0.3234983196103152 0.269581933008596
467 -0.49759236333609835 -0.04900857016478029 0.0
468 -0.4951264263846904 -0.04924338481220436 0.04924338481220436
469 -0.47847016786610436 -0.14514233862723114 0.0
470 -0.4753449920124791 -0.1467350968351463 0.050159245662553066
471 -0.48755872038197456 -0.09895736435075414 0.049939305364047636
472 -0.48755872038197456 -0.049939305364047636 0.09895736435075414
473 -0.4753449920124791 -0.050159245662553066 0.1467350968351463
474 -0.44096063217417747 -0.2356983684129988 0.0
475 -0.4342566858783278 -0.24217062593088068 0.05267370032774173
476 -0.4561357648327129 -0.19794679674227386 0.05250932964672965
477 -0.38650522668136844 -0.31719664208182263 0.0
478 -0.3771722397422857 -0.32388514490769205 0.05328709483459363
479 -0.40743509335375366 -0.284907611782197 0.053144119640679645
480 -0.42187274612689946 -0.24673352916936878 0.10557438921905667
481 -0.4047556697450397 -0.24852581269314844 0.1562298570518912
482 -0.4291369684261278 -0.20437445018999006 0.1551532998023948
483 -0.4561357648327129 -0.05250932964672965 0.19794679674227386
484 -0.4342566858783278 -0.05267370032774173 0.24217062593088068
485 -0.4291369684261278 -0.1551532998023948 0.20437445018999006
486 -0.4047556697450397 -0.1562298570518912 0.24852581269314844
487 -0.42187274612689946 -0.10557438921905667 0.24673352916936878
488 -0.40743509335375366 -0.053144119640679645 0.284907611782197
489 -0.3771722397422857 -0.05328709483459363 0.32388514490769205
490 -0.46525923103561767 -0.15174264190636735 0.10250862677561162
491 -0.4494875335745891 -0.15485631592065033 0.15485631592065033
492 -0.46525923103561767 -0.10250862677561162 0.15174264190636735
493 -0.31719664208182263 -0.38650522668136844 0.0
494 -0.284907611782197 -0.4074350933537537 0.053144119640679645
495 -0.32388514490769205 -0.3771722397422857 0.05328709483459363
496 -0.23569836841299877 -0.44096063217417747 0.0
497 -0.19794679674227386 -0.4561357648327129 0.05250932964672965
498 -0.24217062593088068 -0.4342566858783278 0.05267370032774173
499 -0.24673352916936878 -0.42187274612689946 0.10557438921905667
500 -0.20437445018999006 -0.4291369684261278 0.1551532998023948
501 -0.24852581269314847 -0.4047556697450397 0.15622985705189124
502 -0.14514233862723114 -0.47847016786610436 0.0
503 -0.09895736435075414 -0.48755872038197456 0.049939305364047636
504 -0.1467350968351463 -0.4753449920124791 0.050159245662553066
505 -0.04900857016478029 -0.49759236333609835 0.0
506 0.0 -0.49759236333609835 0.04900857016478029
507 -0.04924338481220436 -0.4951264263846904 0.04924338481220436
508 -0.049939305364047636 -0.48755872038197456 0.09895736435075414
509 0.0 -0.47847016786610436 0.14514233862723114
510 -0.050159245662553066 -0.4753449920124791 0.1467350968351463
511 -0.1551532998023948 -0.4291369684261278 0.20437445018999006
512 -0.10557438921905667 -0.42187274612689946 0.24673352916936878
513 -0.1562298570518912 -0.4047556697450397 0.24852581269314844
514 -0.05250932964672965 -0.4561357648327129 0.19794679674227386
515 0.0 -0.44096063217417747 0.2356983684129988
516 -0.05267370032774173 -0.4342566858783278 0.24217062593088068
517 -0.053144119640679645 -0.40743509335375366 0.284907611782197
518 0.0 -0.38650522668136844 0.31719664208182263
519 -0.05328709483459363 -0.3771722397422857 0.32388514490769205
520 -0.15174264190636735 -0.4652592310356177 0.10250862677561164
521 -0.10250862677561162 -0.46525923103561767 0.15174264190636735
522 -0.15485631592065033 -0.4494875335745891 0.15485631592065033
523 -0.32388514490769205 -0.05328709483459363 0.3771722397422857
524 -0.284907611782197 -0.053144119640679645 0.4074350933537537
525 -0.24852581269314847 -0.15622985705189124 0.4047556697450397
526 -0.20437445018999006 -0.1551532998023948 0.4291369684261278
527 -0.24673352916936878 -0.10557438921905667 0.42187274612689946
528 -0.24217062593088068 -0.05267370032774173 0.4342566858783278
529 -0.19794679674227386 -0.05250932964672965 0.4561357648327129
530 -0.15622985705189124 -0.24852581269314847 0.4047556697450397
531 -0.10557438921905667 -0.24673352916936875 0.4218727461268994
532 -0.1551532998023948 -0.20437445018999006 0.4291369684261278
533 -0.05328709483459363 -0.32388514490769205 0.3771722397422857
534 0.0 -0.31719664208182263 0.38650522668136844
535 -0.053144119640679645 -0.284907611782197 0.4074350933537537
536 -0.05267370032774173 -0.24217062593088068 0.4342566858783278
537 0.0 -0.23569836841299877 0.44096063217417747
538 -0.05250932964672965 -0.19794679674227386 0.4561357648327129
539 -0.1467350968351463 -0.050159245662553066 0.4753449920124791
540 -0.09895736435075414 -0.04993930536404763 0.48755872038197456
541 -0.050159245662553066 -0.1467350968351463 0.4753449920124791
542 0.0 -0.14514233862723114 0.47847016786610436
543 -0.04993930536404763 -0.09895736435075414 0.48755872038197456
544 -0.04924338481220436 -0.04924338481220436 0.4951264263846904
545 0.0 -0.04900857016478029 0.49759236333609835
546 -0.15485631592065033 -0.15485631592065033 0.4494875335745891
547 -0.10250862677561162 -0.15174264190636735 0.46525923103561767
548 -0.15174264190636735 -0.10250862677561162 0.46525923103561767
549 -0.3453841790845724 -0.3453841790845724 0.10686223690411836
550 -0.2647960529302489 -0.36796205053079295 0.2109193678203473
551 -0.3070276885418345 -0.36034331862187247 0.1608934156304535
552 -0.36034331862187247 -0.3070276885418345 0.1608934156304535
553 -0.36796205053079295 -0.2647960529302489 0.2109193678203473
554 -0.1608934156304535 -0.3603433186218725 0.30702768854183454
555 -0.2109193678203473 -0.36796205053079295 0.2647960529302489
556 -0.10686223690411836 -0.3453841790845724 0.3453841790845724
557 -0.1608934156304535 -0.3070276885418345 0.36034331862187247
558 -0.2109193678203473 -0.2647960529302489 0.36796205053079295
559 -0.36796205053079295 -0.2109193678203473 0.2647960529302489
560 -0.36034331862187247 -0.1608934156304535 0.3070276885418345
561 -0.2647960529302489 -0.2109193678203473 0.36796205053079295
562 -0.3070276885418345 -0.1608934156304535 0.36034331862187247
563 -0.3453841790845724 -0.10686223690411836 0.3453841790845724
564 -0.269581933008596 -0.3234983196103152 0.269581933008596
565 -0.26958193300859595 -0.26958193300859595 0.32349831961031517
566 -0.3234983196103152 -0.269581933008596 0.269581933008596
567 0.04900857016478029 -0.49759236333609835 0.0
568 0.04924338481220436 -0.4951264263846904 0.04924338481220436
569 0.14514233862723114 -0.47847016786610436 0.0
570 0.1467350968351463 -0.4753449920124791 0.050159245662553066
571 0.09895736435075414 -0.48755872038197456 0.049939305364047636
572 0.049939305364047636 -0.48755872038197456 0.09895736435075414
573 0.050159245662553066 -0.4753449920124791 0.1467350968351463
574 0.23569836841299877 -0.44096063217417747 0.0
575 0.24217062593088068 -0.4342566858783278 0.05267370032774173
576 0.19794679674227386 -0.4561357648327129 0.05250932964672965
577 0.31719664208182263 -0.38650522668136844 0.0
578 0.32388514490769205 -0.3771722397422857 0.05328709483459363
579 0.284907611782197 -0.4074350933537537 0.053144119640679645
580 0.24673352916936878 -0.42187274612689946 0.10557438921905667
581 0.24852581269314847 -0.4047556697450397 0.15622985705189124
582 0.20437445018999006 -0.4291369684261278 0.1551532998023948
583 0.05250932964672965 -0.4561357648327129 0.19794679674227386
584 0.05267370032774173 -0.4342566858783278 0.24217062593088068
585 0.1551532998023948 -0.4291369684261278 0.20437445018999006
586 0.1562298570518912 -0.4047556697450397 0.24852581269314844
587 0.10557438921905667 -0.42187274612689946 0.24673352916936878
588 0.053144119640679645 -0.40743509335375366 0.284907611782197
589 0.05328709483459363 -0.3771722397422857 0.32388514490769205
590 0.15174264190636735 -0.4652592310356177 0.10250862677561164
591 0.15485631592065033 -0.4494875335745891 0.15485631592065033
592 0.10250862677561162 -0.46525923103561767 0.15174264190636735
593 0.38650522668136844 -0.31719664208182263 0.0
594 0.40743509335375366 -0.284907611782197 0.053144119640679645
595 0.3771722397422857 -0.32388514490769205 0.05328709483459363
596 0.44096063217417747 -0.2356983684129988 0.0
597 0.4561357648327129 -0.19794679674227386 0.05250932964672965
598 0.4342566858783278 -0.24217062593088068 0.05267370032774173
599 0.42187274612689946 -0.24673352916936878 0.10557438921905667
600 0.4291369684261278 -0.20437445018999006 0.1551532998023948
601 0.4047556697450397 -0.24852581269314844 0.1562298570518912
602 0.47847016786610436 -0.14514233862723114 0.0
603 0.48755872038197456 -0.09895736435075414 0.049939305364047636
604 0.4753449920124791 -0.1467350968351463 0.050159245662553066
605 0.49759236333609835 -0.04900857016478029 0.0
606 0.4951264263846904 -0.04924338481220436 0.04924338481220436
607 0.48755872038197456 -0.049939305364047636 0.09895736435075414
608 0.4753449920124791 -0.050159245662553066 0.1467350968351463
609 0.4291369684261278 -0.1551532998023948 0.20437445018999006
610 0.42187274612689946 -0.10557438921905667 0.24673352916936878
611 0.4047556697450397 -0.1562298570518912 0.24852581269314844
612 0.4561357648327129 -0.05250932964672965 0.19794679674227386
613 0.4342566858783278 -0.05267370032774173 0.24217062593088068
614 0.40743509335375366 -0.053144119640679645 0.284907611782197
615 0.3771722397422857 -0.05328709483459363 0.32388514490769205
616 0.46525923103561767 -0.15174264190636735 0.10250862677561162
617 0.46525923103561767 -0.10250862677561162 0.15174264190636735
618 0.4494875335745891 -0.15485631592065033 0.15485631592065033
619 0.05328709483459363 -0.32388514490769205 0.3771722397422857
620 0.053144119640679645 -0.284907611782197 0.4074350933537537
621 0.15622985705189124 -0.24852581269314847 0.4047556697450397
622 0.1551532998023948 -0.20437445018999006 0.4291369684261278
623 0.10557438921905667 -0.24673352916936875 0.4218727461268994
624 0.05267370032774173 -0.24217062593088068 0.4342566858783278
625 0.05250932964672965 -0.19794679674227386 0.4561357648327129
626 0.24852581269314847 -0.15622985705189124 0.4047556697450397
627 0.24673352916936878 -0.10557438921905667 0.42187274612689946
628 0.20437445018999006 -0.1551532998023948 0.4291369684261278
629 0.32388514490769205 -0.05328709483459363 0.3771722397422857
630 0.284907611782197 -0.053144119640679645 0.4074350933537537
631 0.24217062593088068 -0.05267370032774173 0.4342566858783278
632 0.19794679674227386 -0.05250932964672965 0.4561357648327129
633 0.050159245662553066 -0.1467350968351463 0.4753449920124791
634 0.04993930536404763 -0.09895736435075414 0.48755872038197456
635 0.1467350968351463 -0.050159245662553066 0.4753449920124791
636 0.09895736435075414 -0.04993930536404763 0.48755872038197456
637 0.04924338481220436 -0.04924338481220436 0.4951264263846904
638 0.15485631592065033 -0.15485631592065033 0.4494875335745891
639 0.15174264190636735 -0.10250862677561162 0.46525923103561767
640 0.10250862677561162 -0.15174264190636735 0.46525923103561767
641 0.3453841790845724 -0.3453841790845724 0.10686223690411836
642 0.36796205053079295 -0.2647960529302489 0.2109193678203473
643 0.36034331862187247 -0.3070276885418345 0.1608934156304535
644 0.3070276885418345 -0.36034331862187247 0.1608934156304535
645 0.2647960529302489 -0.36796205053079295 0.2109193678203473
646 0.36034331862187247 -0.1608934156304535 0.3070276885418345
647 0.36796205053079295 -0.2109193678203473 0.2647960529302489
648 0.3453841790845724 -0.10686223690411836 0.3453841790845724
649 0.3070276885418345 -0.1608934156304535 0.36034331862187247
650 0.2647960529302489 -0.2109193678203473 0.36796205053079295
651 0.2109193678203473 -0.36796205053079295 0.2647960529302489
652 0.1608934156304535 -0.3603433186218725 0.30702768854183454
653 0.2109193678203473 -0.2647960529302489 0.36796205053079295
654 0.1608934156304535 -0.3070276885418345 0.36034331862187247
655 0.10686223690411836 -0.3453841790845724 0.3453841790845724
656 0.3234983196103152 -0.269581933008596 0.269581933008596
657 0.26958193300859595 -0.26958193300859595 0.32349831961031517
658 0.269581933008596 -0.3234983196103152 0.269581933008596
659 0.0 -0.49759236333609835 -0.04900857016478029
660 0.04924338481220436 -0.4951264263846904 -0.04924338481220436
661 0.0 -0.47847016786610436 -0.14514233862723114
662 0.050159245662553066 -0.4753449920124791 -0.1467350968351463
663 0.049939305364047636 -0.48755872038197456 -0.09895736435075414
664 0.09895736435075414 -0.48755872038197456 -0.049939305364047636
665 0.1467350968351463 -0.4753449920124791 -0.050159245662553066
666 0.0 -0.44096063217417747 -0.2356983684129988
667 0.05267370032774173 -0.4342566858783278 -0.24217062593088068
668 0.05250932964672965 -0.4561357648327129 -0.19794679674227386
669 0.0 -0.38650522668136844 -0.31719664208182263
670 0.05328709483459363 -0.3771722397422857 -0.32388514490769205
671 0.053144119640679645 -0.40743509335375366 -0.284907611782197
672 0.10557438921905667 -0.42187274612689946 -0.24673352916936878
673 0.1562298570518912 -0.4047556697450397 -0.24852581269314844
674 0.1551532998023948 -0.4291369684261278 -0.20437445018999006
675 0.19794679674227386 -0.4561357648327129 -0.05250932964672965
676 0.24217062593088068 -0.4342566858783278 -0.05267370032774173
677 0.20437445018999006 -0.4291369684261278 -0.1551532998023948
678 0.24852581269314847 -0.4047556697450397 -0.15622985705189124
679 0.24673352916936878 -0.42187274612689946 -0.10557438921905667
680 0.284907611782197 -0.4074350933537537 -0.053144119640679645
681 0.32388514490769205 -0.3771722397422857 -0.05328709483459363
682 0.10250862677561162 -0.46525923103561767 -0.15174264190636735
683 0.15485631592065033 -0.4494875335745891 -0.15485631592065033
684 0.15174264190636735 -0.4652592310356177 -0.10250862677561164
685 0.0 -0.31719664208182263 -0.38650522668136844
686 0.053144119640679645 -0.284907611782197 -0.4074350933537537
687 0.05328709483459363 -0.32388514490769205 -0.3771722397422857
688 0.0 -0.23569836841299877 -0.44096063217417747
689 0.05250932964672965 -0.19794679674227386 -0.4561357648327129
690 0.05267370032774173 -0.24217062593088068 -0.4342566858783278
691 0.10557438921905667 -0.24673352916936875 -0.4218727461268994
692 0.1551532998023948 -0.20437445018999006 -0.4291369684261278
693 0.15622985705189124 -0.24852581269314847 -0.4047556697450397
694 0.0 -0.14514233862723114 -0.47847016786610436
695 0.04993930536404763 -0.09895736435075414 -0.48755872038197456
696 0.050159245662553066 -0.1467350968351463 -0.4753449920124791
697 0.0 -0.04900857016478029 -0.49759236333609835
698 0.04900857016478029 0.0 -0.49759236333609835
699 0.04924338481220436 -0.04924338481220436 -0.4951264263846904
700 0.09895736435075414 -0.04993930536404763 -0.48755872038197456
701 0.14514233862723114 0.0 -0.47847016786610436
702 0.1467350968351463 -0.050159245662553066 -0.4753449920124791
703 0.20437445018999006 -0.1551532998023948 -0.4291369684261278
704 0.24673352916936878 -0.10557438921905667 -0.42187274612689946
705 0.24852581269314847 -0.15622985705189124 -0.4047556697450397
706 0.19794679674227386 -0.05250932964672965 -0.4561357648327129
707 0.23569836841299877 0.0 -0.44096063217417747
708 0.24217062593088068 -0.05267370032774173 -0.4342566858783278
709 0.284907611782197 -0.053144119640679645 -0.4074350933537537
710 0.31719664208182263 0.0 -0.38650522668136844
711 0.32388514490769205 -0.05328709483459363 -0.3771722397422857
712 0.10250862677561162 -0.15174264190636735 -0.46525923103561767
713 0.15174264190636735 -0.10250862677561162 -0.46525923103561767
714 0.15485631592065033 -0.15485631592065033 -0.4494875335745891
715 0.3771722397422857 -0.32388514490769205 -0.05328709483459363
716 0.40743509335375366 -0.284907611782197 -0.053144119640679645
717 0.4047556697450397 -0.24852581269314844 -0.1562298570518912
718 0.4291369684261278 -0.20437445018999006 -0.1551532998023948
719 0.42187274612689946 -0.24673352916936878 -0.10557438921905667
720 0.4342566858783278 -0.24217062593088068 -0.05267370032774173
721 0.4561357648327129 -0.19794679674227386 -0.05250932964672965
722 0.4047556697450397 -0.1562298570518912 -0.24852581269314844
723 0.42187274612689946 -0.10557438921905667 -0.24673352916936878
724 0.4291369684261278 -0.1551532998023948 -0.20437445018999006
725 0.3771722397422857 -0.05328709483459363 -0.32388514490769205
726 0.38650522668136844 0.0 -0.31719664208182263
727 0.40743509335375366 -0.053144119640679645 -0.284907611782197
728 0.4342566858783278 -0.05267370032774173 -0.24217062593088068
729 0.44096063217417747 0.0 -0.2356983684129988
730 0.4561357648327129 -0.05250932964672965 -0.19794679674227386
731 0.4753449920124791 -0.1467350968351463 -0.050159245662553066
732 0.48755872038197456 -0.09895736435075414 -0.049939305364047636
733 0.4753449920124791 -0.050159245662553066 -0.1467350968351463
734 0.47847016786610436 0.0 -0.14514233862723114
735 0.48755872038197456 -0.049939305364047636 -0.09895736435075414
736 0.4951264263846904 -0.04924338481220436 -0.04924338481220436
737 0.49759236333609835 0.0 -0.04900857016478029
738 0.4494875335745891 -0.15485631592065033 -0.15485631592065033
739 0.46525923103561767 -0.10250862677561162 -0.15174264190636735
740 0.46525923103561767 -0.15174264190636735 -0.10250862677561162
741 0.10686223690411836 -0.3453841790845724 -0.3453841790845724
742 0.2109193678203473 -0.2647960529302489 -0.36796205053079295
743 0.1608934156304535 -0.3070276885418345 -0.36034331862187247
744 0.1608934156304535 -0.3603433186218725 -0.30702768854183454
745 0.2109193678203473 -0.36796205053079295 -0.2647960529302489
746 0.3070276885418345 -0.1608934156304535 -0.36034331862187247
747 0.2647960529302489 -0.2109193678203473 -0.36796205053079295
748 0.3453841790845724 -0.10686223690411836 -0.3453841790845724
749 0.36034331862187247 -0.1608934156304535 -0.3070276885418345
750 0.36796205053079295 -0.2109193678203473 -0.2647960529302489
751 0.2647960529302489 -0.36796205053079295 -0.2109193678203473
752 0.3070276885418345 -0.36034331862187247 -0.1608934156304535
753 0.36796205053079295 -0.2647960529302489 -0.2109193678203473
754 0.36034331862187247 -0.3070276885418345 -0.1608934156304535
755 0.3453841790845724 -0.3453841790845724 -0.10686223690411836
756 0.26958193300859595 -0.26958193300859595 -0.32349831961031517
757 0.3234983196103152 -0.269581933008596 -0.269581933008596
758 0.269581933008596 -0.3234983196103152 -0.269581933008596
759 0.4951264263846904 0.04924338481220436 -0.04924338481220436
760 0.4753449920124791 0.050159245662553066 -0.1467350968351463
761 0.48755872038197456 0.049939305364047636 -0.09895736435075414
762 0.48755872038197456 0.09895736435075414 -0.049939305364047636
763 0.4753449920124791 0.1467350968351463 -0.050159245662553066
764 0.4342566858783278 0.05267370032774173 -0.24217062593088068
765 0.4561357648327129 0.05250932964672965 -0.19794679674227386
766 0.3771722397422857 0.05328709483459363 -0.32388514490769205
767 0.40743509335375366 0.053144119640679645 -0.284907611782197
768 0.42187274612689946 0.10557438921905667 -0.24673352916936878
769 0.4047556697450397 0.1562298570518912 -0.24852581269314844
770 0.4291369684261278 0.1551532998023948 -0.20437445018999006
771 0.4561357648327129 0.19794679674227386 -0.05250932964672965
772 0.4342566858783278 0.24217062593088068 -0.05267370032774173
773 0.4291369684261278 0.20437445018999006 -0.1551532998023948
774 0.4047556697450397 0.24852581269314844 -0.1562298570518912
775 0.42187274612689946 0.24673352916936878 -0.10557438921905667
776 0.40743509335375366 0.284907611782197 -0.053144119640679645
777 0.3771722397422857 0.32388514490769205 -0.05328709483459363
778 0.46525923103561767 0.10250862677561162 -0.15174264190636735
779 0.4494875335745891 0.15485631592065033 -0.15485631592065033
780 0.46525923103561767 0.15174264190636735 -0.10250862677561162
781 0.284907611782197 0.053144119640679645 -0.4074350933537537
782 0.32388514490769205 0.05328709483459363 -0.3771722397422857
783 0.19794679674227386 0.05250932964672965 -0.4561357648327129
784 0.24217062593088068 0.05267370032774173 -0.4342566858783278
785 0.24673352916936878 0.10557438921905667 -0.42187274612689946
786 0.20437445018999006 0.1551532998023948 -0.4291369684261278
787 0.24852581269314847 0.15622985705189124 -0.4047556697450397
788 0.09895736435075414 0.04993930536404763 -0.48755872038197456
789 0.1467350968351463 0.050159245662553066 -0.4753449920124791
790 0.0 0.04900857016478029 -0.49759236333609835
791 0.04924338481220436 0.04924338481220436 -0.4951264263846904
792 0.04993930536404763 0.09895736435075414 -0.48755872038197456
793 0.0 0.14514233862723114 -0.47847016786610436
794 0.050159245662553066 0.1467350968351463 -0.4753449920124791
795 0.1551532998023948 0.20437445018999006 -0.4291369684261278
796 0.10557438921905667 0.24673352916936875 -0.4218727461268994
797 0.15622985705189124 0.24852581269314847 -0.4047556697450397
798 0.05250932964672965 0.19794679674227386 -0.4561357648327129
799 0.0 0.23569836841299877 -0.44096063217417747
800 0.05267370032774173 0.24217062593088068 -0.4342566858783278
801 0.053144119640679645 0.284907611782197 -0.4074350933537537
802 0.0 0.31719664208182263 -0.38650522668136844
803 0.05328709483459363 0.32388514490769205 -0.3771722397422857
804 0.15174264190636735 0.10250862677561162 -0.46525923103561767
805 0.10250862677561162 0.15174264190636735 -0.46525923103561767
806 0.15485631592065033 0.15485631592065033 -0.4494875335745891
807 0.32388514490769205 0.3771722397422857 -0.05328709483459363
808 0.284907611782197 0.4074350933537537 -0.053144119640679645
809 0.24852581269314847 0.4047556697450397 -0.15622985705189124
810 0.20437445018999006 0.4291369684261278 -0.1551532998023948
811 0.24673352916936878 0.42187274612689946 -0.10557438921905667
812 0.24217062593088068 0.4342566858783278 -0.05267370032774173
813 0.19794679674227386 0.4561357648327129 -0.05250932964672965
814 0.1562298570518912 0.4047556697450397 -0.24852581269314844
815 0.10557438921905667 0.42187274612689946 -0.24673352916936878
816 0.1551532998023948 0.4291369684261278 -0.20437445018999006
817 0.05328709483459363 0.3771722397422857 -0.32388514490769205
818 0.0 0.38650522668136844 -0.31719664208182263
819 0.053144119640679645 0.40743509335375366 -0.284907611782197
820 0.05267370032774173 0.4342566858783278 -0.24217062593088068
821 0.0 0.44096063217417747 -0.2356983684129988
822 0.05250932964672965 0.4561357648327129 -0.19794679674227386
823 0.1467350968351463 0.4753449920124791 -0.050159245662553066
824 0.09895736435075414 0.48755872038197456 -0.049939305364047636
825 0.050159245662553066 0.4753449920124791 -0.1467350968351463
826 0.0 0.47847016786610436 -0.14514233862723114
827 0.049939305364047636 0.48755872038197456 -0.09895736435075414
828 0.04924338481220436 0.4951264263846904 -0.04924338481220436
829 0.0 0.49759236333609835 -0.04900857016478029
830 0.15485631592065033 0.4494875335745891 -0.15485631592065033
831 0.10250862677561162 0.46525923103561767 -0.15174264190636735
832 0.15174264190636735 0.4652592310356177 -0.10250862677561164
833 0.3453841790845724 0.10686223690411836 -0.3453841790845724
834 0.2647960529302489 0.2109193678203473 -0.36796205053079295
835 0.3070276885418345 0.1608934156304535 -0.36034331862187247
836 0.36034331862187247 0.1608934156304535 -0.3070276885418345
837 0.36796205053079295 0.2109193678203473 -0.2647960529302489
838 0.1608934156304535 0.3070276885418345 -0.36034331862187247
839 0.2109193678203473 0.2647960529302489 -0.36796205053079295
840 0.10686223690411836 0.3453841790845724 -0.3453841790845724
841 0.1608934156304535 0.3603433186218725 -0.30702768854183454
842 0.2109193678203473 0.36796205053079295 -0.2647960529302489
843 0.36796205053079295 0.2647960529302489 -0.2109193678203473
844 0.36034331862187247 0.3070276885418345 -0.1608934156304535
845 0.2647960529302489 0.36796205053079295 -0.2109193678203473
846 0.3070276885418345 0.36034331862187247 -0.1608934156304535
847 0.3453841790845724 0.3453841790845724 -0.10686223690411836
848 0.26958193300859595 0.26958193300859595 -0.32349831961031517
849 0.269581933008596 0.3234983196103152 -0.269581933008596
850 0.3234983196103152 0.269581933008596 -0.269581933008596
851 -0.04924338481220436 0.4951264263846904 -0.04924338481220436
852 -0.050159245662553066 0.4753449920124791 -0.1467350968351463
853 -0.049939305364047636 0.48755872038197456 -0.09895736435075414
854 -0.09895736435075414 0.48755872038197456 -0.049939305364047636
855 -0.1467350968351463 0.4753449920124791 -0.050159245662553066
856 -0.05267370032774173 0.4342566858783278 -0.24217062593088068
857 -0.05250932964672965 0.4561357648327129 -0.19794679674227386
858 -0.05328709483459363 0.3771722397422857 -0.32388514490769205
859 -0.053144119640679645 0.40743509335375366 -0.284907611782197
860 -0.10557438921905667 0.42187274612689946 -0.24673352916936878
861 -0.1562298570518912 0.4047556697450397 -0.24852581269314844
862 -0.1551532998023948 0.4291369684261278 -0.20437445018999006
863 -0.19794679674227386 0.4561357648327129 -0.05250932964672965
864 -0.24217062593088068 0.4342566858783278 -0.05267370032774173
865 -0.20437445018999006 0.4291369684261278 -0.1551532998023948
866 -0.24852581269314847 0.4047556697450397 -0.15622985705189124
867 -0.24673352916936878 0.42187274612689946 -0.10557438921905667
868 -0.284907611782197 0.4074350933537537 -0.053144119640679645
869 -0.32388514490769205 0.3771722397422857 -0.05328709483459363
870 -0.10250862677561162 0.46525923103561767 -0.15174264190636735
871 -0.15485631592065033 0.4494875335745891 -0.15485631592065033
872 -0.15174264190636735 0.4652592310356177 -0.10250862677561164
873 -0.053144119640679645 0.284907611782197 -0.4074350933537537
874 -0.05328709483459363 0.32388514490769205 -0.3771722397422857
875 -0.05250932964672965 0.19794679674227386 -0.4561357648327129
876 -0.05267370032774173 0.24217062593088068 -0.4342566858783278
877 -0.10557438921905667 0.24673352916936875 -0.4218727461268994
878 -0.1551532998023948 0.20437445018999006 -0.4291369684261278
879 -0.15622985705189124 0.24852581269314847 -0.4047556697450397
880 -0.04993930536404763 0.09895736435075414 -0.48755872038197456
881 -0.050159245662553066 0.1467350968351463 -0.4753449920124791
882 -0.04900857016478029 0.0 -0.49759236333609835
883 -0.04924338481220436 0.04924338481220436 -0.4951264263846904
884 -0.09895736435075414 0.04993930536404763 -0.48755872038197456
885 -0.14514233862723114 0.0 -0.47847016786610436
886 -0.1467350968351463 0.050159245662553066 -0.4753449920124791
887 -0.20437445018999006 0.1551532998023948 -0.4291369684261278
888 -0.24673352916936878 0.10557438921905667 -0.42187274612689946
889 -0.24852581269314847 0.15622985705189124 -0.4047556697450397
890 -0.19794679674227386 0.05250932964672965 -0.4561357648327129
891 -0.23569836841299877 0.0 -0.44096063217417747
892 -0.24217062593088068 0.05267370032774173 -0.4342566858783278
893 -0.284907611782197 0.053144119640679645 -0.4074350933537537
894 -0.31719664208182263 0.0 -0.38650522668136844
895 -0.32388514490769205 0.05328709483459363 -0.3771722397422857
896 -0.10250862677561162 0.15174264190636735 -0.46525923103561767
897 -0.15174264190636735 0.10250862677561162 -0.46525923103561767
898 -0.15485631592065033 0.15485631592065033 -0.4494875335745891
899 -0.3771722397422857 0.32388514490769205 -0.05328709483459363
900 -0.40743509335375366 0.284907611782197 -0.053144119640679645
901 -0.4047556697450397 0.24852581269314844 -0.1562298570518912
902 -0.4291369684261278 0.20437445018999006 -0.1551532998023948
903 -0.42187274612689946 0.24673352916936878 -0.10557438921905667
904 -0.4342566858783278 0.24217062593088068 -0.05267370032774173
905 -0.4561357648327129 0.19794679674227386 -0.05250932964672965
906 -0.4047556697450397 0.1562298570518912 -0.24852581269314844
907 -0.42187274612689946 0.10557438921905667 -0.24673352916936878
908 -0.4291369684261278 0.1551532998023948 -0.20437445018999006
909 -0.3771722397422857 0.05328709483459363 -0.32388514490769205
910 -0.38650522668136844 0.0 -0.31719664208182263
911 -0.40743509335375366 0.053144119640679645 -0.284907611782197
912 -0.4342566858783278 0.05267370032774173 -0.24217062593088068
913 -0.44096063217417747 0.0 -0.2356983684129988
914 -0.4561357648327129 0.05250932964672965 -0.19794679674227386
915 -0.4753449920124791 0.1467350968351463 -0.050159245662553066
916 -0.48755872038197456 0.09895736435075414 -0.049939305364047636
917 -0.4753449920124791 0.050159245662553066 -0.1467350968351463
918 -0.47847016786610436 0.0 -0.14514233862723114
919 -0.48755872038197456 0.049939305364047636 -0.09895736435075414
920 -0.4951264263846904 0.04924338481220436 -0.04924338481220436
921 -0.49759236333609835 0.0 -0.04900857016478029
922 -0.4494875335745891 0.15485631592065033 -0.15485631592065033
923 -0.46525923103561767 0.10250862677561162 -0.15174264190636735
924 -0.46525923103561767 0.15174264190636735 -0.10250862677561162
925 -0.10686223690411836 0.3453841790845724 -0.3453841790845724
926 -0.2109193678203473 0.2647960529302489 -0.36796205053079295
927 -0.1608934156304535 0.3070276885418345 -0.36034331862187247
928 -0.1608934156304535 0.3603433186218725 -0.30702768854183454
929 -0.2109193678203473 0.36796205053079295 -0.2647960529302489
930 -0.3070276885418345 0.1608934156304535 -0.36034331862187247
931 -0.2647960529302489 0.2109193678203473 -0.36796205053079295
932 -0.3453841790845724 0.10686223690411836 -0.3453841790845724
933 -0.36034331862187247 0.1608934156304535 -0.3070276885418345
934 -0.36796205053079295 0.2109193678203473 -0.2647960529302489
935 -0.2647960529302489 0.36796205053079295 -0.2109193678203473
936 -0.3070276885418345 0.36034331862187247 -0.1608934156304535
937 -0.36796205053079295 0.2647960529302489 -0.2109193678203473
938 -0.36034331862187247 0.3070276885418345 -0.1608934156304535
939 -0.3453841790845724 0.3453841790845724 -0.10686223690411836
940 -0.26958193300859595 0.26958193300859595 -0.32349831961031517
941 -0.3234983196103152 0.269581933008596 -0.269581933008596
942 -0.269581933008596 0.3234983196103152 -0.269581933008596
943 -0.4951264263846904 -0.04924338481220436 -0.04924338481220436
944 -0.4753449920124791 -0.050159245662553066 -0.1467350968351463
945 -0.48755872038197456 -0.049939305364047636 -0.09895736435075414
946 -0.48755872038197456 -0.09895736435075414 -0.049939305364047636
947 -0.4753449920124791 -0.1467350968351463 -0.050159245662553066
948 -0.4342566858783278 -0.05267370032774173 -0.24217062593088068
949 -0.4561357648327129 -0.05250932964672965 -0.19794679674227386
950 -0.3771722397422857 -0.05328709483459363 -0.32388514490769205
951 -0.40743509335375366 -0.053144119640679645 -0.284907611782197
952 -0.42187274612689946 -0.10557438921905667 -0.24673352916936878
953 -0.4047556697450397 -0.1562298570518912 -0.24852581269314844
954 -0.4291369684261278 -0.1551532998023948 -0.20437445018999006
955 -0.4561357648327129 -0.19794679674227386 -0.05250932964672965
956 -0.4342566858783278 -0.24217062593088068 -0.05267370032774173
957 -0.4291369684261278 -0.20437445018999006 -0.1551532998023948
958 -0.4047556697450397 -0.24852581269314844 -0.1562298570518912
959 -0.42187274612689946 -0.24673352916936878 -0.10557438921905667
960 -0.40743509335375366 -0.284907611782197 -0.053144119640679645
961 -0.3771722397422857 -0.32388514490769205 -0.05328709483459363
962 -0.46525923103561767 -0.10250862677561162 -0.15174264190636735
963 -0.4494875335745891 -0.15485631592065033 -0.15485631592065033
964 -0.46525923103561767 -0.15174264190636735 -0.10250862677561162
965 -0.284907611782197 -0.053144119640679645 -0.4074350933537537
966 -0.32388514490769205 -0.05328709483459363 -0.3771722397422857
967 -0.19794679674227386 -0.05250932964672965 -0.4561357648327129
968 -0.24217062593088068 -0.05267370032774173 -0.4342566858783278
969 -0.24673352916936878 -0.10557438921905667 -0.42187274612689946
970 -0.20437445018999006 -0.1551532998023948 -0.4291369684261278
971 -0.24852581269314847 -0.15622985705189124 -0.4047556697450397
972 -0.09895736435075414 -0.04993930536404763 -0.48755872038197456
973 -0.1467350968351463 -0.050159245662553066 -0.4753449920124791
974 -0.04924338481220436 -0.04924338481220436 -0.4951264263846904
975 -0.04993930536404763 -0.09895736435075414 -0.48755872038197456
976 -0.050159245662553066 -0.1467350968351463 -0.4753449920124791
977 -0.1551532998023948 -0.20437445018999006 -0.4291369684261278
978 -0.10557438921905667 -0.24673352916936875 -0.4218727461268994
979 -0.15622985705189124 -0.24852581269314847 -0.4047556697450397
980 -0.05250932964672965 -0.19794679674227386 -0.4561357648327129
981 -0.05267370032774173 -0.24217062593088068 -0.4342566858783278
982 -0.053144119640679645 -0.284907611782197 -0.4074350933537537
983 -0.05328709483459363 -0.32388514490769205 -0.3771722397422857
984 -0.15174264190636735 -0.10250862677561162 -0.46525923103561767
985 -0.10250862677561162 -0.15174264190636735 -0.46525923103561767
986 -0.15485631592065033 -0.15485631592065033 -0.4494875335745891
987 -0.32388514490769205 -0.3771722397422857 -0.05328709483459363
988 -0.284907611782197 -0.4074350933537537 -0.053144119640679645
989 -0.24852581269314847 -0.4047556697450397 -0.15622985705189124
990 -0.20437445018999006 -0.4291369684261278 -0.1551532998023948
991 -0.24673352916936878 -0.42187274612689946 -0.10557438921905667
992 -0.24217062593088068 -0.4342566858783278 -0.05267370032774173
993 -0.19794679674227386 -0.4561357648327129 -0.05250932964672965
994 -0.1562298570518912 -0.4047556697450397 -0.24852581269314844
995 -0.10557438921905667 -0.42187274612689946 -0.24673352916936878
996 -0.1551532998023948 -0.4291369684261278 -0.20437445018999006
997 -0.05328709483459363 -0.3771722397422857 -0.32388514490769205
998 -0.053144119640679645 -0.40743509335375366 -0.284907611782197
999 -0.05267370032774173 -0.4342566858783278 -0.24217062593088068
1000 -0.05250932964672965 -0.4561357648327129 -0.19794679674227386
1001 -0.1467350968351463 -0.4753449920124791 -0.050159245662553066
1002 -0.09895736435075414 -0.48755872038197456 -0.049939305364047636
1003 -0.050159245662553066 -0.4753449920124791 -0.1467350968351463
1004 -0.049939305364047636 -0.48755872038197456 -0.09895736435075414
1005 -0.04924338481220436 -0.4951264263846904 -0.04924338481220436
1006 -0.15485631592065033 -0.4494875335745891 -0.15485631592065033
1007 -0.10250862677561162 -0.46525923103561767 -0.15174264190636735
1008 -0.15174264190636735 -0.4652592310356177 -0.10250862677561164
1009 -0.3453841790845724 -0.10686223690411836 -0.3453841790845724
1010 -0.2647960529302489 -0.2109193678203473 -0.36796205053079295
1011 -0.3070276885418345 -0.1608934156304535 -0.36034331862187247
1012 -0.36034331862187247 -0.1608934156304535 -0.3070276885418345
1013 -0.36796205053079295 -0.2109193678203473 -0.2647960529302489
1014 -0.1608934156304535 -0.3070276885418345 -0.36034331862187247
1015 -0.2109193678203473 -0.2647960529302489 -0.36796205053079295
1016 -0.10686223690411836 -0.3453841790845724 -0.3453841790845724
1017 -0.1608934156304535 -0.3603433186218725 -0.30702768854183454
1018 -0.2109193678203473 -0.36796205053079295 -0.2647960529302489
1019 -0.36796205053079295 -0.2647960529302489 -0.2109193678203473
1020 -0.36034331862187247 -0.3070276885418345 -0.1608934156304535
1021 -0.2647960529302489 -0.36796205053079295 -0.2109193678203473
1022 -0.3070276885418345 -0.36034331862187247 -0.1608934156304535
1023 -0.3453841790845724 -0.3453841790845724 -0.10686223690411836
1024 -0.26958193300859595 -0.26958193300859595 -0.32349831961031517
1025 -0.269581933008596 -0.3234983196103152 -0.269581933008596
1026 -0.3234983196103152 -0.269581933008596 -0.269581933008596
1027 0.49939772810258615 0.024533837163709004 0.0
1028 0.4987918236545789 0.024563353347409337 0.024563353347409337
1029 0.49939772810258615 0.0 0.024533837163709004
1030 0.49458825498239045 0.07336523722768086 0.0
1031 0.49394156211684254 0.07357033068316958 0.024680754784697955
1032 0.4969638336399173 0.04918580036317442 0.024651675329487602
1033 0.4969638336399173 0.024651675329487602 0.04918580036317442
1034 0.49394156211684254 0.024680754784697955 0.07357033068316958
1035 0.49458825498239045 0.0 0.07336523722768086
1036 0.485015626597272 0.12149008995163194 0.0
1037 0.48415587694888973 0.12233827289843992 0.025028659574142874
1038 0.489589020050155 0.09837450276708466 0.025000973014219455
1039 0.47077203259151035 0.16844492669611 0.0
1040 0.4697441409127143 0.1694358098673724 0.025138584143972142
1041 0.47751159714820235 0.1461235533275682 0.0251113868971465
1042 0.482038356033029 0.12299588064236695 0.050110245040144476
1043 0.4787160465133723 0.1233460638976807 0.07494461509378748
1044 0.484306828171891 0.09929228538243726 0.07475251333309814
1045 0.489589020050155 0.025000973014219455 0.09837450276708466
1046 0.48415587694888973 0.025028659574142874 0.12233827289843992
1047 0.485015626597272 0.0 0.12149008995163194
1048 0.484306828171891 0.07475251333309814 0.09929228538243726
1049 0.4787160465133723 0.07494461509378748 0.1233460638976807
1050 0.482038356033029 0.050110245040144476 0.12299588064236695
1051 0.47751159714820235 0.0251113868971465 0.1461235533275682
1052 0.4697441409127143 0.025138584143972142 0.1694358098673724
1053 0.47077203259151035 0.0 0.16844492669611
1054 0.4919651147776668 0.07419426131756035 0.04965417836737043
1055 0.48873445111768044 0.07462786440298136 0.07462786440298136
1056 0.4919651147776668 0.04965417836737043 0.07419426131756035
1057 0.4519946465617216 0.213777546715141 0.0
1058 0.4495411391850348 0.21730255766982703 0.026312784162315684
1059 0.4596897330880809 0.19492070809089387 0.026291954106787047
1060 0.428864305000136 0.25705137209661083 0.0
1061 0.42593083252734515 0.2605498811833061 0.026394797175345888
1062 0.4382360819505112 0.2392770703313819 0.02637461071363317
1063 0.44573912483311556 0.22032706437422822 0.05265564829382362
1064 0.4406758091269704 0.22272805021067485 0.07872132430060486
1065 0.4512879425150126 0.20041139847060016 0.07857775959917007
1066 0.40160376574032247 0.29784965224621657 0.0
1067 0.39782739478245344 0.3017022320916508 0.02662944069111305
1068 0.41219212575137254 0.28176141032244095 0.026611259302665086
1069 0.37047556267747955 0.33577947742350917 0.0
1070 0.36614676349435804 0.339446047795165 0.026700715699193016
1071 0.3824072898147982 0.3210181778183925 0.02668321957072991
1072 0.39278219173428897 0.30476767575067343 0.05328051870937968
1073 0.3865826065551013 0.30693731610597236 0.0796452904491289
1074 0.4014777235681923 0.28721445192008804 0.07952041301920892
1075 0.4340630576911358 0.2248036522519456 0.10513125073929255
1076 0.42642375193635784 0.22604108248973523 0.13064537041697366
1077 0.4377693712280407 0.203629789765988 0.1299726368681707
1078 0.4086197884666022 0.26804191435985236 0.10575159866316342
1079 0.40040391403673936 0.26917680183910536 0.13122711219763392
1080 0.41390697113840985 0.24798481419500817 0.13108985914896232
1081 0.41747788757786325 0.22673883468569644 0.15589007097598395
1082 0.40737419953627096 0.2268105978628626 0.18056360167340835
1083 0.41928729512559765 0.2045393913001334 0.17989386190982404
1084 0.4213826661898747 0.263875255263669 0.052976393745196276
1085 0.4155722351859089 0.2664092713754977 0.07953500781268552
1086 0.4287023845220215 0.24481622668115618 0.07924191226070668
1087 0.4596897330880809 0.026291954106787047 0.19492070809089387
1088 0.4495411391850348 0.026312784162315684 0.21730255766982703
1089 0.4519946465617216 0.0 0.213777546715141
1090 0.4512879425150126 0.07857775959917007 0.20041139847060016
1091 0.4406758091269704 0.07872132430060486 0.22272805021067485
1092 0.44573912483311556 0.05265564829382362 0.22032706437422822
1093 0.4382360819505112 0.02637461071363317 0.2392770703313819
1094 0.42593083252734515 0.026394797175345888 0.2605498811833061
1095 0.428864305000136 0.0 0.25705137209661083
1096 0.4377693712280407 0.1299726368681707 0.203629789765988
1097 0.42642375193635784 0.13064537041697366 0.22604108248973523
1098 0.4340630576911358 0.10513125073929255 0.2248036522519456
1099 0.41928729512559765 0.17989386190982404 0.2045393913001334
1100 0.40737419953627096 0.18056360167340835 0.2268105978628626
1101 0.41747788757786325 0.15589007097598395 0.22673883468569644
1102 0.41390697113840985 0.13108985914896232 0.24798481419500817
1103 0.40040391403673936 0.13122711219763392 0.26917680183910536
1104 0.4086197884666022 0.10575159866316342 0.26804191435985236
1105 0.41219212575137254 0.026611259302665086 0.28176141032244095
1106 0.39782739478245344 0.02662944069111305 0.3017022320916508
1107 0.40160376574032247 0.0 0.29784965224621657
1108 0.4014777235681923 0.07952041301920892 0.28721445192008804
1109 0.3865826065551013 0.0796452904491289 0.30693731610597236
1110 0.39278219173428897 0.05328051870937968 0.30476767575067343
1111 0.3824072898147982 0.02668321957072991 0.3210181778183925
1112 0.36614676349435804 0.026700715699193016 0.339446047795165
1113 0.37047556267747955 0.0 0.33577947742350917
1114 0.4287023845220215 0.07924191226070668 0.24481622668115618
1115 0.4155722351859089 0.07953500781268552 0.2664092713754977
1116 0.4213826661898747 0.052976393745196276 0.263875255263669
1117 0.46643989941675396 0.17259979509995177 0.051411389434083764
1118 0.4558858514216449 0.17728805806621484 0.10361966483574576
1119 0.461788142079628 0.1752586424959272 0.07769247109681875
1120 0.47097780313222937 0.1494532835721336 0.07644360657534656
1121 0.4732523485371911 0.12574705817221396 0.10109348131836572
1122 0.43994320350002625 0.17987335167481458 0.15522743008696258
1123 0.4484043493533124 0.1790133090307282 0.12995297099682432
1124 0.43018044145034007 0.18020098195291617 0.18020098195291617
1125 0.43994320350002625 0.15522743008696258 0.17987335167481458
1126 0.4484043493533124 0.12995297099682432 0.1790133090307282
1127 0.4732523485371911 0.10109348131836572 0.12574705817221396
1128 0.47097780313222937 0.07644360657534656 0.1494532835721336
1129 0.4558858514216449 0.10361966483574576 0.17728805806621484
1130 0.461788142079628 0.07769247109681875 0.1752586424959272
1131 0.46643989941675396 0.051411389434083764 0.17259979509995177
1132 0.4580606962936099 0.1535298484110887 0.12887584784544134
1133 0.4580606962936099 0.12887584784544134 0.1535298484110887
1134 0.46639113117863 0.12743491036195267 0.12743491036195267
1135 0.33577947742350917 0.37047556267747955 0.0
1136 0.3210181778183925 0.3824072898147982 0.026683219570729912
1137 0.339446047795165 0.36614676349435804 0.026700715699193016
1138 0.29784965224621657 0.40160376574032247 0.0
1139 0.2817614103224409 0.41219212575137254 0.02661125930266508
1140 0.3017022320916508 0.39782739478245344 0.02662944069111305
1141 0.30476767575067343 0.39278219173428897 0.05328051870937968
1142 0.28721445192008804 0.4014777235681923 0.07952041301920892
1143 0.30693731610597236 0.3865826065551013 0.0796452904491289
1144 0.2570513720966108 0.428864305000136 0.0
1145 0.2392770703313819 0.4382360819505112 0.02637461071363317
1146 0.2605498811833061 0.4259308325273452 0.026394797175345888
1147 0.213777546715141 0.4519946465617216 0.0
1148 0.19492070809089387 0.4596897330880809 0.026291954106787047
1149 0.217302557669827 0.4495411391850348 0.026312784162315684
1150 0.22032706437422822 0.44573912483311556 0.05265564829382362
1151 0.20041139847060016 0.4512879425150126 0.07857775959917007
1152 0.22272805021067485 0.4406758091269704 0.07872132430060486
1153 0.26804191435985236 0.4086197884666022 0.10575159866316342
1154 0.24798481419500817 0.41390697113840985 0.13108985914896235
1155 0.26917680183910536 0.40040391403673936 0.13122711219763392
1156 0.2248036522519456 0.4340630576911358 0.10513125073929255
1157 0.203629789765988 0.4377693712280407 0.1299726368681707
1158 0.2260410824897352 0.4264237519363578 0.13064537041697363
1159 0.22673883468569644 0.41747788757786325 0.15589007097598395
1160 0.2045393913001334 0.41928729512559765 0.17989386190982404
1161 0.2268105978628626 0.40737419953627096 0.18056360167340835
1162 0.26387525526366895 0.4213826661898747 0.052976393745196276
1163 0.24481622668115618 0.4287023845220215 0.07924191226070668
1164 0.2664092713754977 0.4155722351859089 0.07953500781268552
1165 0.16844492669611 0.47077203259151035 0.0
1166 0.1461235533275682 0.47751159714820235 0.0251113868971465
1167 0.1694358098673724 0.4697441409127143 0.025138584143972142
1168 0.12149008995163194 0.485015626597272 0.0
1169 0.09837450276708466 0.48958902005015503 0.025000973014219458
1170 0.12233827289843992 0.48415587694888973 0.025028659574142874
1171 0.12299588064236695 0.482038356033029 0.050110245040144476
1172 0.09929228538243726 0.484306828171891 0.07475251333309814
1173 0.1233460638976807 0.4787160465133723 0.07494461509378748
1174 0.07336523722768086 0.49458825498239045 0.0
1175 0.04918580036317442 0.49696383363991736 0.024651675329487605
1176 0.07357033068316958 0.49394156211684254 0.024680754784697955
1177 0.024533837163709004 0.49939772810258615 0.0
1178 0.0 0.49939772810258615 0.024533837163709004
1179 0.024563353347409337 0.4987918236545789 0.024563353347409337
1180 0.024651675329487605 0.49696383363991736 0.04918580036317442
1181 0.0 0.49458825498239045 0.07336523722768086
1182 0.024680754784697955 0.49394156211684254 0.07357033068316958
1183 0.07475251333309814 0.484306828171891 0.09929228538243726
1184 0.050110245040144476 0.482038356033029 0.12299588064236695
1185 0.07494461509378748 0.4787160465133723 0.1233460638976807
1186 0.025000973014219455 0.489589020050155 0.09837450276708466
1187 0.0 0.485015626597272 0.12149008995163194
1188 0.025028659574142874 0.48415587694888973 0.12233827289843992
1189 0.0251113868971465 0.47751159714820235 0.1461235533275682
1190 0.0 0.47077203259151035 0.16844492669611
1191 0.025138584143972142 0.4697441409127143 0.1694358098673724
1192 0.07419426131756035 0.4919651147776668 0.04965417836737043
1193 0.04965417836737043 0.4919651147776668 0.07419426131756035
1194 0.07462786440298136 0.48873445111768044 0.07462786440298136
1195 0.17989386190982404 0.41928729512559765 0.2045393913001334
1196 0.15589007097598395 0.41747788757786325 0.22673883468569644
1197 0.18056360167340835 0.40737419953627096 0.2268105978628626
1198 0.1299726368681707 0.4377693712280407 0.203629789765988
1199 0.10513125073929255 0.4340630576911358 0.2248036522519456
1200 0.13064537041697366 0.42642375193635784 0.22604108248973523
1201 0.13108985914896232 0.41390697113840985 0.24798481419500817
1202 0.10575159866316342 0.4086197884666022 0.26804191435985236
1203 0.13122711219763392 0.40040391403673936 0.26917680183910536
1204 0.07857775959917006 0.45128794251501253 0.20041139847060013
1205 0.05265564829382362 0.44573912483311556 0.22032706437422822
1206 0.07872132430060486 0.4406758091269704 0.22272805021067485
1207 0.026291954106787047 0.4596897330880809 0.19492070809089387
1208 0.0 0.4519946465617216 0.213777546715141
1209 0.026312784162315684 0.4495411391850348 0.21730255766982703
1210 0.02637461071363317 0.4382360819505112 0.2392770703313819
1211 0.0 0.428864305000136 0.25705137209661083
1212 0.026394797175345888 0.42593083252734515 0.2605498811833061
1213 0.07952041301920892 0.4014777235681923 0.28721445192008804
1214 0.05328051870937968 0.39278219173428897 0.30476767575067343
1215 0.0796452904491289 0.3865826065551013 0.30693731610597236
1216 0.026611259302665086 0.41219212575137254 0.28176141032244095
1217 0.0 0.40160376574032247 0.29784965224621657
1218 0.02662944069111305 0.39782739478245344 0.3017022320916508
1219 0.026683219570729912 0.3824072898147982 0.3210181778183925
1220 0.0 0.37047556267747955 0.33577947742350917
1221 0.026700715699193016 0.36614676349435804 0.339446047795165
1222 0.07924191226070668 0.4287023845220215 0.24481622668115618
1223 0.052976393745196276 0.4213826661898747 0.263875255263669
1224 0.07953500781268552 0.4155722351859089 0.2664092713754977
1225 0.17259979509995177 0.466439899416754 0.05141138943408377
1226 0.12574705817221396 0.4732523485371911 0.10109348131836572
1227 0.1494532835721336 0.47097780313222937 0.07644360657534656
1228 0.1752586424959272 0.461788142079628 0.07769247109681876
1229 0.1772880580662148 0.4558858514216449 0.10361966483574576
1230 0.07644360657534656 0.47097780313222937 0.1494532835721336
1231 0.10109348131836572 0.4732523485371911 0.12574705817221396
1232 0.051411389434083764 0.46643989941675396 0.17259979509995177
1233 0.07769247109681875 0.461788142079628 0.1752586424959272
1234 0.10361966483574576 0.4558858514216449 0.17728805806621484
1235 0.1790133090307282 0.4484043493533124 0.12995297099682432
1236 0.17987335167481458 0.43994320350002625 0.15522743008696258
1237 0.12995297099682432 0.4484043493533124 0.1790133090307282
1238 0.15522743008696258 0.43994320350002625 0.17987335167481458
1239 0.18020098195291617 0.43018044145034007 0.18020098195291617
1240 0.12743491036195267 0.46639113117863 0.12743491036195267
1241 0.12887584784544134 0.4580606962936099 0.1535298484110887
1242 0.15352984841108866 0.4580606962936099 0.12887584784544132
1243 0.339446047795165 0.026700715699193016 0.36614676349435804
1244 0.3210181778183925 0.026683219570729912 0.3824072898147982
1245 0.33577947742350917 0.0 0.37047556267747955
1246 0.30693731610597236 0.0796452904491289 0.3865826065551013
1247 0.28721445192008804 0.07952041301920892 0.4014777235681923
1248 0.30476767575067343 0.05328051870937968 0.39278219173428897
1249 0.3017022320916508 0.02662944069111305 0.39782739478245344
1250 0.2817614103224409 0.02661125930266508 0.41219212575137254
1251 0.29784965224621657 0.0 0.40160376574032247
1252 0.26917680183910536 0.13122711219763392 0.4004039140367393
1253 0.24798481419500817 0.13108985914896235 0.41390697113840985
1254 0.26804191435985236 0.10575159866316342 0.4086197884666022
1255 0.2268105978628626 0.18056360167340835 0.40737419953627096
1256 0.2045393913001334 0.17989386190982404 0.41928729512559765
1257 0.22673883468569644 0.15589007097598395 0.41747788757786325
1258 0.2260410824897352 0.13064537041697363 0.4264237519363578
1259 0.203629789765988 0.1299726368681707 0.4377693712280407
1260 0.2248036522519456 0.10513125073929255 0.4340630576911358
1261 0.260549881183306 0.026394797175345885 0.4259308325273452
1262 0.2392770703313819 0.02637461071363317 0.4382360819505112
1263 0.2570513720966108 0.0 0.428864305000136
1264 0.22272805021067482 0.07872132430060486 0.44067580912697035
1265 0.20041139847060016 0.07857775959917007 0.4512879425150126
1266 0.22032706437422822 0.05265564829382362 0.44573912483311556
1267 0.217302557669827 0.026312784162315684 0.4495411391850348
1268 0.19492070809089387 0.026291954106787047 0.4596897330880809
1269 0.213777546715141 0.0 0.4519946465617216
1270 0.2664092713754977 0.07953500781268552 0.4155722351859089
1271 0.24481622668115618 0.07924191226070668 0.4287023845220215
1272 0.26387525526366895 0.052976393745196276 0.4213826661898747
1273 0.18056360167340835 0.2268105978628626 0.40737419953627096
1274 0.15589007097598395 0.22673883468569644 0.41747788757786325
1275 0.17989386190982404 0.2045393913001334 0.41928729512559765
1276 0.13122711219763392 0.26917680183910536 0.4004039140367393
1277 0.10575159866316343 0.2680419143598523 0.40861978846660224
1278 0.13108985914896235 0.24798481419500817 0.41390697113840985
1279 0.13064537041697363 0.2260410824897352 0.4264237519363578
1280 0.10513125073929257 0.2248036522519456 0.43406305769113573
1281 0.1299726368681707 0.203629789765988 0.4377693712280407
1282 0.0796452904491289 0.30693731610597236 0.3865826065551013
1283 0.05328051870937968 0.30476767575067343 0.39278219173428897
1284 0.07952041301920892 0.28721445192008804 0.4014777235681923
1285 0.026700715699193016 0.339446047795165 0.36614676349435804
1286 0.0 0.33577947742350917 0.37047556267747955
1287 0.026683219570729912 0.3210181778183925 0.3824072898147982
1288 0.02662944069111305 0.3017022320916508 0.39782739478245344
1289 0.0 0.29784965224621657 0.40160376574032247
1290 0.02661125930266508 0.2817614103224409 0.41219212575137254
1291 0.07872132430060486 0.22272805021067482 0.44067580912697035
1292 0.05265564829382362 0.22032706437422822 0.44573912483311556
1293 0.07857775959917007 0.20041139847060016 0.4512879425150126
1294 0.026394797175345885 0.260549881183306 0.4259308325273452
1295 0.0 0.2570513720966108 0.428864305000136
1296 0.02637461071363317 0.2392770703313819 0.4382360819505112
1297 0.026312784162315684 0.217302557669827 0.4495411391850348
1298 0.0 0.213777546715141 0.4519946465617216
1299 0.026291954106787047 0.19492070809089387 0.4596897330880809
1300 0.07953500781268552 0.2664092713754977 0.4155722351859089
1301 0.052976393745196276 0.26387525526366895 0.4213826661898747
1302 0.07924191226070668 0.24481622668115616 0.4287023845220215
1303 0.1694358098673724 0.025138584143972142 0.4697441409127143
1304 0.1461235533275682 0.0251113868971465 0.47751159714820235
1305 0.16844492669611 0.0 0.47077203259151035
1306 0.12334606389768071 0.07494461509378747 0.4787160465133723
1307 0.09929228538243727 0.07475251333309814 0.484306828171891
1308 0.12299588064236695 0.05011024504014447 0.482038356033029
1309 0.12233827289843992 0.02502865957414287 0.48415587694888973
1310 0.09837450276708466 0.025000973014219455 0.48958902005015503
1311 0.12149008995163194 0.0 0.485015626597272
1312 0.07494461509378747 0.12334606389768071 0.4787160465133723
1313 0.05011024504014447 0.12299588064236695 0.482038356033029
1314 0.07475251333309814 0.09929228538243727 0.484306828171891
1315 0.025138584143972142 0.1694358098673724 0.4697441409127143
1316 0.0 0.16844492669611 0.47077203259151035
1317 0.0251113868971465 0.1461235533275682 0.47751159714820235
1318 0.02502865957414287 0.12233827289843992 0.48415587694888973
1319 0.0 0.12149008995163194 0.485015626597272
1320 0.025000973014219455 0.09837450276708466 0.48958902005015503
1321 0.07357033068316958 0.024680754784697955 0.49394156211684254
1322 0.04918580036317442 0.024651675329487605 0.49696383363991736
1323 0.07336523722768086 0.0 0.49458825498239045
1324 0.024680754784697955 0.07357033068316958 0.49394156211684254
1325 0.0 0.07336523722768086 0.49458825498239045
1326 0.024651675329487605 0.04918580036317442 0.49696383363991736
1327 0.024563353347409337 0.024563353347409337 0.4987918236545789
1328 0.0 0.024533837163709004 0.49939772810258615
1329 0.024533837163709004 0.0 0.49939772810258615
1330 0.07462786440298134 0.07462786440298134 0.48873445111768044
1331 0.04965417836737043 0.07419426131756035 0.4919651147776668
1332 0.07419426131756035 0.04965417836737043 0.4919651147776668
1333 0.18020098195291617 0.18020098195291617 0.43018044145034007
1334 0.12995297099682432 0.1790133090307282 0.4484043493533124
1335 0.15522743008696258 0.17987335167481458 0.43994320350002625
1336 0.17987335167481458 0.15522743008696258 0.43994320350002625
1337 0.1790133090307282 0.12995297099682432 0.4484043493533124
1338 0.07769247109681875 0.1752586424959272 0.461788142079628
1339 0.10361966483574576 0.17728805806621484 0.4558858514216449
1340 0.05141138943408377 0.17259979509995177 0.466439899416754
1341 0.07644360657534656 0.1494532835721336 0.47097780313222937
1342 0.10109348131836574 0.125747058172214 0.4732523485371911
1343 0.17728805806621484 0.10361966483574576 0.4558858514216449
1344 0.1752586424959272 0.07769247109681875 0.461788142079628
1345 0.125747058172214 0.10109348131836574 0.4732523485371911
1346 0.1494532835721336 0.07644360657534656 0.47097780313222937
1347 0.17259979509995177 0.05141138943408377 0.466439899416754
1348 0.12887584784544134 0.1535298484110887 0.4580606962936099
1349 0.1274349103619527 0.1274349103619527 0.46639113117863007
1350 0.1535298484110887 0.12887584784544134 0.4580606962936099
1351 0.35152828317071005 0.35152828317071005 0.053439051845126595
1352 0.3179232899814 0.3709034252897398 0.10656186370245674
1353 0.33536369416794737 0.3620652869865264 0.0802491158418062
1354 0.3620652869865264 0.33536369416794737 0.0802491158418062
1355 0.3709034252897398 0.3179232899814 0.10656186370245674
1356 0.2785321339727024 0.38358979550388034 0.15899282729074202
1357 0.29853027805742804 0.37820048179699217 0.13358169280061402
1358 0.23508983563759975 0.38914758246674375 0.20807913936811448
1359 0.25725451644426617 0.38725239813438095 0.18399916822691795
1360 0.28653492376498485 0.36494623831210093 0.1863115149550383
1361 0.29308364866405984 0.34480519427961615 0.2126296143145587
1362 0.3141287193334708 0.3408472931834216 0.18747338589636683
1363 0.37820048179699217 0.29853027805742804 0.13358169280061402
1364 0.3835897955038804 0.27853213397270243 0.15899282729074202
1365 0.3408472931834216 0.3141287193334708 0.18747338589636683
1366 0.34480519427961615 0.29308364866405984 0.2126296143145587
1367 0.36494623831210093 0.28653492376498485 0.1863115149550383
1368 0.3872523981343809 0.2572545164442661 0.18399916822691792
1369 0.3891475824667437 0.23508983563759972 0.20807913936811445
1370 0.3269611650445563 0.3536806981969422 0.13418777990424394
1371 0.33463808703731196 0.33463808703731196 0.16135272358413025
1372 0.3536806981969422 0.3269611650445563 0.13418777990424394
1373 0.18399916822691792 0.3872523981343809 0.2572545164442661
1374 0.20807913936811445 0.3891475824667437 0.23508983563759972
1375 0.13358169280061402 0.37820048179699217 0.298530278057428
1376 0.158992827290742 0.3835897955038804 0.2785321339727024
1377 0.18631151495503828 0.36494623831210093 0.28653492376498485
1378 0.1874733858963668 0.3408472931834216 0.3141287193334708
1379 0.2126296143145587 0.34480519427961615 0.29308364866405984
1380 0.0802491158418062 0.3620652869865264 0.33536369416794737
1381 0.10656186370245674 0.3709034252897398 0.31792328998140007
1382 0.053439051845126595 0.35152828317071005 0.35152828317071005
1383 0.0802491158418062 0.33536369416794737 0.3620652869865264
1384 0.10656186370245674 0.3179232899814 0.3709034252897398
1385 0.18747338589636683 0.3141287193334708 0.3408472931834216
1386 0.18631151495503828 0.28653492376498485 0.36494623831210093
1387 0.2126296143145587 0.29308364866405984 0.34480519427961615
1388 0.13358169280061402 0.29853027805742804 0.37820048179699217
1389 0.15899282729074202 0.2785321339727024 0.38358979550388034
1390 0.18399916822691795 0.25725451644426617 0.38725239813438095
1391 0.20807913936811445 0.23508983563759972 0.3891475824667437
1392 0.1341877799042439 0.35368069819694226 0.32696116504455625
1393 0.13418777990424394 0.3269611650445563 0.3536806981969422
1394 0.16135272358413025 0.33463808703731196 0.33463808703731196
1395 0.3891475824667437 0.20807913936811445 0.23508983563759972
1396 0.3872523981343809 0.18399916822691792 0.2572545164442661
1397 0.34480519427961615 0.2126296143145587 0.29308364866405984
1398 0.3408472931834216 0.1874733858963668 0.3141287193334708
1399 0.36494623831210093 0.1863115149550383 0.28653492376498485
1400 0.3835897955038804 0.15899282729074202 0.27853213397270243
1401 0.37820048179699217 0.13358169280061402 0.29853027805742804
1402 0.29308364866405984 0.2126296143145587 0.34480519427961615
1403 0.28653492376498485 0.1863115149550383 0.36494623831210093
1404 0.3141287193334708 0.18747338589636683 0.3408472931834216
1405 0.23508983563759972 0.20807913936811445 0.3891475824667437
1406 0.25725451644426617 0.18399916822691795 0.38725239813438095
1407 0.2785321339727024 0.15899282729074202 0.38358979550388034
1408 0.29853027805742804 0.13358169280061402 0.37820048179699217
1409 0.3709034252897398 0.10656186370245674 0.3179232899814
1410 0.3620652869865264 0.0802491158418062 0.33536369416794737
1411 0.3179232899814 0.10656186370245674 0.3709034252897398
1412 0.33536369416794737 0.0802491158418062 0.3620652869865264
1413 0.35152828317071005 0.053439051845126595 0.35152828317071005
1414 0.33463808703731196 0.16135272358413025 0.33463808703731196
1415 0.3269611650445563 0.13418777990424394 0.3536806981969422
1416 0.3536806981969422 0.13418777990424394 0.3269611650445563
1417 0.2385511600614684 0.36903480603684974 0.2385511600614684
1418 0.24208400698631782 0.3225726840665765 0.295537133124643
1419 0.2409069588443993 0.3466746388505992 0.2679188906332464
1420 0.2679188906332464 0.3466746388505992 0.2409069588443993
1421 0.295537133124643 0.3225726840665765 0.24208400698631782
1422 0.2409069588443993 0.26791889063324636 0.3466746388505992
1423 0.2420840069863178 0.295537133124643 0.32257268406657646
1424 0.2385511600614684 0.2385511600614684 0.36903480603684974
1425 0.26791889063324636 0.2409069588443993 0.3466746388505992
1426 0.295537133124643 0.2420840069863178 0.32257268406657646
1427 0.3225726840665765 0.295537133124643 0.24208400698631782
1428 0.3466746388505992 0.2679188906332464 0.2409069588443993
1429 0.3225726840665765 0.24208400698631782 0.295537133124643
1430 0.3466746388505992 0.2409069588443993 0.2679188906332464
1431 0.3690348060368497 0.23855116006146837 0.23855116006146837
1432 0.2703690352179375 0.2974059387397313 0.2974059387397313
1433 0.2974059387397313 0.2703690352179375 0.2974059387397313
1434 0.2974059387397313 0.2974059387397313 0.2703690352179375
1435 -0.024533837163709004 0.49939772810258615 0.0
1436 -0.024563353347409337 0.4987918236545789 0.024563353347409337
1437 -0.07336523722768086 0.49458825498239045 0.0
1438 -0.07357033068316958 0.49394156211684254 0.024680754784697955
1439 -0.04918580036317442 0.49696383363991736 0.024651675329487605
1440 -0.024651675329487605 0.49696383363991736 0.04918580036317442
1441 -0.024680754784697955 0.49394156211684254 0.07357033068316958
1442 -0.12149008995163194 0.485015626597272 0.0
1443 -0.12233827289843992 0.48415587694888973 0.025028659574142874
1444 -0.09837450276708466 0.48958902005015503 0.025000973014219458
1445 -0.16844492669611 0.47077203259151035 0.0
1446 -0.1694358098673724 0.4697441409127143 0.025138584143972142
1447 -0.1461235533275682 0.47751159714820235 0.0251113868971465
1448 -0.12299588064236695 0.482038356033029 0.050110245040144476
1449 -0.1233460638976807 0.4787160465133723 0.07494461509378748
1450 -0.09929228538243726 0.484306828171891 0.07475251333309814
1451 -0.025000973014219455 0.489589020050155 0.09837450276708466
1452 -0.025028659574142874 0.48415587694888973 0.12233827289843992
1453 -0.07475251333309814 0.484306828171891 0.09929228538243726
1454 -0.07494461509378748 0.4787160465133723 0.1233460638976807
1455 -0.050110245040144476 0.482038356033029 0.12299588064236695
1456 -0.0251113868971465 0.47751159714820235 0.1461235533275682
1457 -0.025138584143972142 0.4697441409127143 0.1694358098673724
1458 -0.07419426131756035 0.4919651147776668 0.04965417836737043
1459 -0.07462786440298136 0.48873445111768044 0.07462786440298136
1460 -0.04965417836737043 0.4919651147776668 0.07419426131756035
1461 -0.213777546715141 0.4519946465617216 0.0
1462 -0.217302557669827 0.4495411391850348 0.026312784162315684
1463 -0.19492070809089387 0.4596897330880809 0.026291954106787047
1464 -0.2570513720966108 0.428864305000136 0.0
1465 -0.2605498811833061 0.4259308325273452 0.026394797175345888
1466 -0.2392770703313819 0.4382360819505112 0.02637461071363317
1467 -0.22032706437422822 0.44573912483311556 0.05265564829382362
1468 -0.22272805021067485 0.4406758091269704 0.07872132430060486
1469 -0.20041139847060016 0.4512879425150126 0.07857775959917007
1470 -0.29784965224621657 0.40160376574032247 0.0
1471 -0.3017022320916508 0.39782739478245344 0.02662944069111305
1472 -0.2817614103224409 0.41219212575137254 0.02661125930266508
1473 -0.33577947742350917 0.37047556267747955 0.0
1474 -0.339446047795165 0.36614676349435804 0.026700715699193016
1475 -0.3210181778183925 0.3824072898147982 0.026683219570729912
1476 -0.30476767575067343 0.39278219173428897 0.05328051870937968
1477 -0.30693731610597236 0.3865826065551013 0.0796452904491289
1478 -0.28721445192008804 0.4014777235681923 0.07952041301920892
1479 -0.2248036522519456 0.4340630576911358 0.10513125073929255
1480 -0.2260410824897352 0.4264237519363578 0.13064537041697363
1481 -0.203629789765988 0.4377693712280407 0.1299726368681707
1482 -0.26804191435985236 0.4086197884666022 0.10575159866316342
1483 -0.26917680183910536 0.40040391403673936 0.13122711219763392
1484 -0.24798481419500817 0.41390697113840985 0.13108985914896235
1485 -0.22673883468569644 0.41747788757786325 0.15589007097598395
1486 -0.2268105978628626 0.40737419953627096 0.18056360167340835
1487 -0.2045393913001334 0.41928729512559765 0.17989386190982404
1488 -0.26387525526366895 0.4213826661898747 0.052976393745196276
1489 -0.2664092713754977 0.4155722351859089 0.07953500781268552
1490 -0.24481622668115618 0.4287023845220215 0.07924191226070668
1491 -0.026291954106787047 0.4596897330880809 0.19492070809089387
1492 -0.026312784162315684 0.4495411391850348 0.21730255766982703
1493 -0.07857775959917006 0.45128794251501253 0.20041139847060013
1494 -0.07872132430060486 0.4406758091269704 0.22272805021067485
1495 -0.05265564829382362 0.44573912483311556 0.22032706437422822
1496 -0.02637461071363317 0.4382360819505112 0.2392770703313819
1497 -0.026394797175345888 0.42593083252734515 0.2605498811833061
1498 -0.1299726368681707 0.4377693712280407 0.203629789765988
1499 -0.13064537041697366 0.42642375193635784 0.22604108248973523
1500 -0.10513125073929255 0.4340630576911358 0.2248036522519456
1501 -0.17989386190982404 0.41928729512559765 0.2045393913001334
1502 -0.18056360167340835 0.40737419953627096 0.2268105978628626
1503 -0.15589007097598395 0.41747788757786325 0.22673883468569644
1504 -0.13108985914896232 0.41390697113840985 0.24798481419500817
1505 -0.13122711219763392 0.40040391403673936 0.26917680183910536
1506 -0.10575159866316342 0.4086197884666022 0.26804191435985236
1507 -0.026611259302665086 0.41219212575137254 0.28176141032244095
1508 -0.02662944069111305 0.39782739478245344 0.3017022320916508
1509 -0.07952041301920892 0.4014777235681923 0.28721445192008804
1510 -0.0796452904491289 0.3865826065551013 0.30693731610597236
1511 -0.05328051870937968 0.39278219173428897 0.30476767575067343
1512 -0.026683219570729912 0.3824072898147982 0.3210181778183925
1513 -0.026700715699193016 0.36614676349435804 0.339446047795165
1514 -0.07924191226070668 0.4287023845220215 0.24481622668115618
1515 -0.07953500781268552 0.4155722351859089 0.2664092713754977
1516 -0.052976393745196276 0.4213826661898747 0.263875255263669
1517 -0.17259979509995177 0.466439899416754 0.05141138943408377
1518 -0.1772880580662148 0.4558858514216449 0.10361966483574576
1519 -0.1752586424959272 0.461788142079628 0.07769247109681876
1520 -0.1494532835721336 0.47097780313222937 0.07644360657534656
1521 -0.12574705817221396 0.4732523485371911 0.10109348131836572
1522 -0.17987335167481458 0.43994320350002625 0.15522743008696258
1523 -0.1790133090307282 0.4484043493533124 0.12995297099682432
1524 -0.18020098195291617 0.43018044145034007 0.18020098195291617
1525 -0.15522743008696258 0.43994320350002625 0.17987335167481458
1526 -0.12995297099682432 0.4484043493533124 0.1790133090307282
1527 -0.10109348131836572 0.4732523485371911 0.12574705817221396
1528 -0.07644360657534656 0.47097780313222937 0.1494532835721336
1529 -0.10361966483574576 0.4558858514216449 0.17728805806621484
1530 -0.07769247109681875 0.461788142079628 0.1752586424959272
1531 -0.051411389434083764 0.46643989941675396 0.17259979509995177
1532 -0.15352984841108866 0.4580606962936099 0.12887584784544132
1533 -0.12887584784544134 0.4580606962936099 0.1535298484110887
1534 -0.12743491036195267 0.46639113117863 0.12743491036195267
1535 -0.37047556267747955 0.33577947742350917 0.0
1536 -0.3824072898147982 0.3210181778183925 0.02668321957072991
1537 -0.36614676349435804 0.339446047795165 0.026700715699193016
1538 -0.40160376574032247 0.29784965224621657 0.0
1539 -0.41219212575137254 0.28176141032244095 0.026611259302665086
1540 -0.39782739478245344 0.3017022320916508 0.02662944069111305
1541 -0.39278219173428897 0.30476767575067343 0.05328051870937968
1542 -0.4014777235681923 0.28721445192008804 0.07952041301920892
1543 -0.3865826065551013 0.30693731610597236 0.0796452904491289
1544 -0.428864305000136 0.25705137209661083 0.0
1545 -0.4382360819505112 0.2392770703313819 0.02637461071363317
1546 -0.42593083252734515 0.2605498811833061 0.026394797175345888
1547 -0.4519946465617216 0.213777546715141 0.0
1548 -0.4596897330880809 0.19492070809089387 0.026291954106787047
1549 -0.4495411391850348 0.21730255766982703 0.026312784162315684
1550 -0.44573912483311556 0.22032706437422822 0.05265564829382362
1551 -0.4512879425150126 0.20041139847060016 0.07857775959917007
1552 -0.4406758091269704 0.22272805021067485 0.07872132430060486
1553 -0.4086197884666022 0.26804191435985236 0.10575159866316342
1554 -0.41390697113840985 0.24798481419500817 0.13108985914896232
1555 -0.40040391403673936 0.26917680183910536 0.13122711219763392
1556 -0.4340630576911358 0.2248036522519456 0.10513125073929255
1557 -0.4377693712280407 0.203629789765988 0.1299726368681707
1558 -0.42642375193635784 0.22604108248973523 0.13064537041697366
1559 -0.41747788757786325 0.22673883468569644 0.15589007097598395
1560 -0.41928729512559765 0.2045393913001334 0.17989386190982404
1561 -0.40737419953627096 0.2268105978628626 0.18056360167340835
1562 -0.4213826661898747 0.263875255263669 0.052976393745196276
1563 -0.4287023845220215 0.24481622668115618 0.07924191226070668
1564 -0.4155722351859089 0.2664092713754977 0.07953500781268552
1565 -0.47077203259151035 0.16844492669611 0.0
1566 -0.47751159714820235 0.1461235533275682 0.0251113868971465
1567 -0.4697441409127143 0.1694358098673724 0.025138584143972142
1568 -0.485015626597272 0.12149008995163194 0.0
1569 -0.489589020050155 0.09837450276708466 0.025000973014219455
1570 -0.48415587694888973 0.12233827289843992 0.025028659574142874
1571 -0.482038356033029 0.12299588064236695 0.050110245040144476
1572 -0.484306828171891 0.09929228538243726 0.07475251333309814
1573 -0.4787160465133723 0.1233460638976807 0.07494461509378748
1574 -0.49458825498239045 0.07336523722768086 0.0
1575 -0.4969638336399173 0.04918580036317442 0.024651675329487602
1576 -0.49394156211684254 0.07357033068316958 0.024680754784697955
1577 -0.49939772810258615 0.024533837163709004 0.0
1578 -0.49939772810258615 0.0 0.024533837163709004
1579 -0.4987918236545789 0.024563353347409337 0.024563353347409337
1580 -0.4969638336399173 0.024651675329487602 0.04918580036317442
1581 -0.49458825498239045 0.0 0.07336523722768086
1582 -0.49394156211684254 0.024680754784697955 0.07357033068316958
1583 -0.484306828171891 0.07475251333309814 0.09929228538243726
1584 -0.482038356033029 0.050110245040144476 0.12299588064236695
1585 -0.4787160465133723 0.07494461509378748 0.1233460638976807
1586 -0.489589020050155 0.025000973014219455 0.09837450276708466
1587 -0.485015626597272 0.0 0.12149008995163194
1588 -0.48415587694888973 0.025028659574142874 0.12233827289843992
1589 -0.47751159714820235 0.0251113868971465 0.1461235533275682
1590 -0.47077203259151035 0.0 0.16844492669611
1591 -0.4697441409127143 0.025138584143972142 0.1694358098673724
1592 -0.4919651147776668 0.07419426131756035 0.04965417836737043
1593 -0.4919651147776668 0.04965417836737043 0.07419426131756035
1594 -0.48873445111768044 0.07462786440298136 0.07462786440298136
1595 -0.41928729512559765 0.17989386190982404 0.2045393913001334
1596 -0.41747788757786325 0.15589007097598395 0.22673883468569644
1597 -0.40737419953627096 0.18056360167340835 0.2268105978628626
1598 -0.4377693712280407 0.1299726368681707 0.203629789765988
1599 -0.4340630576911358 0.10513125073929255 0.2248036522519456
1600 -0.42642375193635784 0.13064537041697366 0.22604108248973523
1601 -0.41390697113840985 0.13108985914896232 0.24798481419500817
1602 -0.4086197884666022 0.10575159866316342 0.26804191435985236
1603 -0.40040391403673936 0.13122711219763392 0.26917680183910536
1604 -0.4512879425150126 0.07857775959917007 0.20041139847060016
1605 -0.44573912483311556 0.05265564829382362 0.22032706437422822
1606 -0.4406758091269704 0.07872132430060486 0.22272805021067485
1607 -0.4596897330880809 0.026291954106787047 0.19492070809089387
1608 -0.4519946465617216 0.0 0.213777546715141
1609 -0.4495411391850348 0.026312784162315684 0.21730255766982703
1610 -0.4382360819505112 0.02637461071363317 0.2392770703313819
1611 -0.428864305000136 0.0 0.25705137209661083
1612 -0.42593083252734515 0.026394797175345888 0.2605498811833061
1613 -0.4014777235681923 0.07952041301920892 0.28721445192008804
1614 -0.39278219173428897 0.05328051870937968 0.30476767575067343
1615 -0.3865826065551013 0.0796452904491289 0.30693731610597236
1616 -0.41219212575137254 0.026611259302665086 0.28176141032244095
1617 -0.40160376574032247 0.0 0.29784965224621657
1618 -0.39782739478245344 0.02662944069111305 0.3017022320916508
1619 -0.3824072898147982 0.02668321957072991 0.3210181778183925
1620 -0.37047556267747955 0.0 0.33577947742350917
1621 -0.36614676349435804 0.026700715699193016 0.339446047795165
1622 -0.4287023845220215 0.07924191226070668 0.24481622668115618
1623 -0.4213826661898747 0.052976393745196276 0.263875255263669
1624 -0.4155722351859089 0.07953500781268552 0.2664092713754977
1625 -0.46643989941675396 0.17259979509995177 0.051411389434083764
1626 -0.4732523485371911 0.12574705817221396 0.10109348131836572
1627 -0.47097780313222937 0.1494532835721336 0.07644360657534656
1628 -0.461788142079628 0.1752586424959272 0.07769247109681875
1629 -0.4558858514216449 0.17728805806621484 0.10361966483574576
1630 -0.47097780313222937 0.07644360657534656 0.1494532835721336
1631 -0.4732523485371911 0.10109348131836572 0.12574705817221396
1632 -0.46643989941675396 0.051411389434083764 0.17259979509995177
1633 -0.461788142079628 0.07769247109681875 0.1752586424959272
1634 -0.4558858514216449 0.10361966483574576 0.17728805806621484
1635 -0.4484043493533124 0.1790133090307282 0.12995297099682432
1636 -0.43994320350002625 0.17987335167481458 0.15522743008696258
1637 -0.4484043493533124 0.12995297099682432 0.1790133090307282
1638 -0.43994320350002625 0.15522743008696258 0.17987335167481458
1639 -0.43018044145034007 0.18020098195291617 0.18020098195291617
1640 -0.46639113117863 0.12743491036195267 0.12743491036195267
1641 -0.4580606962936099 0.12887584784544134 0.1535298484110887
1642 -0.4580606962936099 0.1535298484110887 0.12887584784544134
1643 -0.026700715699193016 0.339446047795165 0.36614676349435804
1644 -0.026683219570729912 0.3210181778183925 0.3824072898147982
1645 -0.0796452904491289 0.30693731610597236 0.3865826065551013
1646 -0.07952041301920892 0.28721445192008804 0.4014777235681923
1647 -0.05328051870937968 0.30476767575067343 0.39278219173428897
1648 -0.02662944069111305 0.3017022320916508 0.39782739478245344
1649 -0.02661125930266508 0.2817614103224409 0.41219212575137254
1650 -0.13122711219763392 0.26917680183910536 0.4004039140367393
1651 -0.13108985914896235 0.24798481419500817 0.41390697113840985
1652 -0.10575159866316343 0.2680419143598523 0.40861978846660224
1653 -0.18056360167340835 0.2268105978628626 0.40737419953627096
1654 -0.17989386190982404 0.2045393913001334 0.41928729512559765
1655 -0.15589007097598395 0.22673883468569644 0.41747788757786325
1656 -0.13064537041697363 0.2260410824897352 0.4264237519363578
1657 -0.1299726368681707 0.203629789765988 0.4377693712280407
1658 -0.10513125073929257 0.2248036522519456 0.43406305769113573
1659 -0.026394797175345885 0.260549881183306 0.4259308325273452
1660 -0.02637461071363317 0.2392770703313819 0.4382360819505112
1661 -0.07872132430060486 0.22272805021067482 0.44067580912697035
1662 -0.07857775959917007 0.20041139847060016 0.4512879425150126
1663 -0.05265564829382362 0.22032706437422822 0.44573912483311556
1664 -0.026312784162315684 0.217302557669827 0.4495411391850348
1665 -0.026291954106787047 0.19492070809089387 0.4596897330880809
1666 -0.07953500781268552 0.2664092713754977 0.4155722351859089
1667 -0.07924191226070668 0.24481622668115616 0.4287023845220215
1668 -0.052976393745196276 0.26387525526366895 0.4213826661898747
1669 -0.2268105978628626 0.18056360167340835 0.40737419953627096
1670 -0.22673883468569644 0.15589007097598395 0.41747788757786325
1671 -0.2045393913001334 0.17989386190982404 0.41928729512559765
1672 -0.26917680183910536 0.13122711219763392 0.4004039140367393
1673 -0.26804191435985236 0.10575159866316342 0.4086197884666022
1674 -0.24798481419500817 0.13108985914896235 0.41390697113840985
1675 -0.2260410824897352 0.13064537041697363 0.4264237519363578
1676 -0.2248036522519456 0.10513125073929255 0.4340630576911358
1677 -0.203629789765988 0.1299726368681707 0.4377693712280407
1678 -0.30693731610597236 0.0796452904491289 0.3865826065551013
1679 -0.30476767575067343 0.05328051870937968 0.39278219173428897
1680 -0.28721445192008804 0.07952041301920892 0.4014777235681923
1681 -0.339446047795165 0.026700715699193016 0.36614676349435804
1682 -0.33577947742350917 0.0 0.37047556267747955
1683 -0.3210181778183925 0.026683219570729912 0.3824072898147982
1684 -0.3017022320916508 0.02662944069111305 0.39782739478245344
1685 -0.29784965224621657 0.0 0.40160376574032247
1686 -0.2817614103224409 0.02661125930266508 0.41219212575137254
1687 -0.22272805021067482 0.07872132430060486 0.44067580912697035
1688 -0.22032706437422822 0.05265564829382362 0.44573912483311556
1689 -0.20041139847060016 0.07857775959917007 0.4512879425150126
1690 -0.260549881183306 0.026394797175345885 0.4259308325273452
1691 -0.2570513720966108 0.0 0.428864305000136
1692 -0.2392770703313819 0.02637461071363317 0.4382360819505112
1693 -0.217302557669827 0.026312784162315684 0.4495411391850348
1694 -0.213777546715141 0.0 0.4519946465617216
1695 -0.19492070809089387 0.026291954106787047 0.4596897330880809
1696 -0.2664092713754977 0.07953500781268552 0.4155722351859089
1697 -0.26387525526366895 0.052976393745196276 0.4213826661898747
1698 -0.24481622668115618 0.07924191226070668 0.4287023845220215
1699 -0.025138584143972142 0.1694358098673724 0.4697441409127143
1700 -0.0251113868971465 0.1461235533275682 0.47751159714820235
1701 -0.07494461509378747 0.12334606389768071 0.4787160465133723
1702 -0.07475251333309814 0.09929228538243727 0.484306828171891
1703 -0.05011024504014447 0.12299588064236695 0.482038356033029
1704 -0.02502865957414287 0.12233827289843992 0.48415587694888973
1705 -0.025000973014219455 0.09837450276708466 0.48958902005015503
1706 -0.12334606389768071 0.07494461509378747 0.4787160465133723
1707 -0.12299588064236695 0.05011024504014447 0.482038356033029
1708 -0.09929228538243727 0.07475251333309814 0.484306828171891
1709 -0.1694358098673724 0.025138584143972142 0.4697441409127143
1710 -0.16844492669611 0.0 0.47077203259151035
1711 -0.1461235533275682 0.0251113868971465 0.47751159714820235
1712 -0.12233827289843992 0.02502865957414287 0.48415587694888973
1713 -0.12149008995163194 0.0 0.485015626597272
1714 -0.09837450276708466 0.025000973014219455 0.48958902005015503
1715 -0.024680754784697955 0.07357033068316958 0.49394156211684254
1716 -0.024651675329487605 0.04918580036317442 0.49696383363991736
1717 -0.07357033068316958 0.024680754784697955 0.49394156211684254
1718 -0.07336523722768086 0.0 0.49458825498239045
1719 -0.04918580036317442 0.024651675329487605 0.49696383363991736
1720 -0.024563353347409337 0.024563353347409337 0.4987918236545789
1721 -0.024533837163709004 0.0 0.49939772810258615
1722 -0.07462786440298134 0.07462786440298134 0.48873445111768044
1723 -0.07419426131756035 0.04965417836737043 0.4919651147776668
1724 -0.04965417836737043 0.07419426131756035 0.4919651147776668
1725 -0.18020098195291617 0.18020098195291617 0.43018044145034007
1726 -0.1790133090307282 0.12995297099682432 0.4484043493533124
1727 -0.17987335167481458 0.15522743008696258 0.43994320350002625
1728 -0.15522743008696258 0.17987335167481458 0.43994320350002625
1729 -0.12995297099682432 0.1790133090307282 0.4484043493533124
1730 -0.1752586424959272 0.07769247109681875 0.461788142079628
1731 -0.17728805806621484 0.10361966483574576 0.4558858514216449
1732 -0.17259979509995177 0.05141138943408377 0.466439899416754
1733 -0.1494532835721336 0.07644360657534656 0.47097780313222937
1734 -0.125747058172214 0.10109348131836574 0.4732523485371911
1735 -0.10361966483574576 0.17728805806621484 0.4558858514216449
1736 -0.07769247109681875 0.1752586424959272 0.461788142079628
1737 -0.10109348131836574 0.125747058172214 0.4732523485371911
1738 -0.07644360657534656 0.1494532835721336 0.47097780313222937
1739 -0.05141138943408377 0.17259979509995177 0.466439899416754
1740 -0.1535298484110887 0.12887584784544134 0.4580606962936099
1741 -0.1274349103619527 0.1274349103619527 0.46639113117863007
1742 -0.12887584784544134 0.1535298484110887 0.4580606962936099
1743 -0.35152828317071005 0.35152828317071005 0.053439051845126595
1744 -0.3709034252897398 0.3179232899814 0.10656186370245674
1745 -0.3620652869865264 0.33536369416794737 0.0802491158418062
1746 -0.33536369416794737 0.3620652869865264 0.0802491158418062
1747 -0.3179232899814 0.3709034252897398 0.10656186370245674
1748 -0.3835897955038804 0.27853213397270243 0.15899282729074202
1749 -0.37820048179699217 0.29853027805742804 0.13358169280061402
1750 -0.3891475824667437 0.23508983563759972 0.20807913936811445
1751 -0.3872523981343809 0.2572545164442661 0.18399916822691792
1752 -0.36494623831210093 0.28653492376498485 0.1863115149550383
1753 -0.34480519427961615 0.29308364866405984 0.2126296143145587
1754 -0.3408472931834216 0.3141287193334708 0.18747338589636683
1755 -0.29853027805742804 0.37820048179699217 0.13358169280061402
1756 -0.2785321339727024 0.38358979550388034 0.15899282729074202
1757 -0.3141287193334708 0.3408472931834216 0.18747338589636683
1758 -0.29308364866405984 0.34480519427961615 0.2126296143145587
1759 -0.28653492376498485 0.36494623831210093 0.1863115149550383
1760 -0.25725451644426617 0.38725239813438095 0.18399916822691795
1761 -0.23508983563759975 0.38914758246674375 0.20807913936811448
1762 -0.3536806981969422 0.3269611650445563 0.13418777990424394
1763 -0.33463808703731196 0.33463808703731196 0.16135272358413025
1764 -0.3269611650445563 0.3536806981969422 0.13418777990424394
1765 -0.3872523981343809 0.18399916822691792 0.2572545164442661
1766 -0.3891475824667437 0.20807913936811445 0.23508983563759972
1767 -0.37820048179699217 0.13358169280061402 0.29853027805742804
1768 -0.3835897955038804 0.15899282729074202 0.27853213397270243
1769 -0.36494623831210093 0.1863115149550383 0.28653492376498485
1770 -0.3408472931834216 0.1874733858963668 0.3141287193334708
1771 -0.34480519427961615 0.2126296143145587 0.29308364866405984
1772 -0.3620652869865264 0.0802491158418062 0.33536369416794737
1773 -0.3709034252897398 0.10656186370245674 0.3179232899814
1774 -0.35152828317071005 0.053439051845126595 0.35152828317071005
1775 -0.33536369416794737 0.0802491158418062 0.3620652869865264
1776 -0.3179232899814 0.10656186370245674 0.3709034252897398
1777 -0.3141287193334708 0.18747338589636683 0.3408472931834216
1778 -0.28653492376498485 0.1863115149550383 0.36494623831210093
1779 -0.29308364866405984 0.2126296143145587 0.34480519427961615
1780 -0.29853027805742804 0.13358169280061402 0.37820048179699217
1781 -0.2785321339727024 0.15899282729074202 0.38358979550388034
1782 -0.25725451644426617 0.18399916822691795 0.38725239813438095
1783 -0.23508983563759972 0.20807913936811445 0.3891475824667437
1784 -0.3536806981969422 0.13418777990424394 0.3269611650445563
1785 -0.3269611650445563 0.13418777990424394 0.3536806981969422
1786 -0.33463808703731196 0.16135272358413025 0.33463808703731196
1787 -0.20807913936811445 0.3891475824667437 0.23508983563759972
1788 -0.18399916822691792 0.3872523981343809 0.2572545164442661
1789 -0.2126296143145587 0.34480519427961615 0.29308364866405984
1790 -0.1874733858963668 0.3408472931834216 0.3141287193334708
1791 -0.18631151495503828 0.36494623831210093 0.28653492376498485
1792 -0.158992827290742 0.3835897955038804 0.2785321339727024
1793 -0.13358169280061402 0.37820048179699217 0.298530278057428
1794 -0.2126296143145587 0.29308364866405984 0.34480519427961615
1795 -0.18631151495503828 0.28653492376498485 0.36494623831210093
1796 -0.18747338589636683 0.3141287193334708 0.3408472931834216
1797 -0.20807913936811445 0.23508983563759972 0.3891475824667437
1798 -0.18399916822691795 0.25725451644426617 0.38725239813438095
1799 -0.15899282729074202 0.2785321339727024 0.38358979550388034
1800 -0.13358169280061402 0.29853027805742804 0.37820048179699217
1801 -0.10656186370245674 0.3709034252897398 0.31792328998140007
1802 -0.0802491158418062 0.3620652869865264 0.33536369416794737
1803 -0.10656186370245674 0.3179232899814 0.3709034252897398
1804 -0.0802491158418062 0.33536369416794737 0.3620652869865264
1805 -0.053439051845126595 0.35152828317071005 0.35152828317071005
1806 -0.16135272358413025 0.33463808703731196 0.33463808703731196
1807 -0.13418777990424394 0.3269611650445563 0.3536806981969422
1808 -0.1341877799042439 0.35368069819694226 0.32696116504455625
1809 -0.3690348060368497 0.23855116006146837 0.23855116006146837
1810 -0.3225726840665765 0.24208400698631782 0.295537133124643
1811 -0.3466746388505992 0.2409069588443993 0.2679188906332464
1812 -0.3466746388505992 0.2679188906332464 0.2409069588443993
1813 -0.3225726840665765 0.295537133124643 0.24208400698631782
1814 -0.26791889063324636 0.2409069588443993 0.3466746388505992
1815 -0.295537133124643 0.2420840069863178 0.32257268406657646
1816 -0.2385511600614684 0.2385511600614684 0.36903480603684974
1817 -0.2409069588443993 0.26791889063324636 0.3466746388505992
1818 -0.2420840069863178 0.295537133124643 0.32257268406657646
1819 -0.295537133124643 0.3225726840665765 0.24208400698631782
1820 -0.2679188906332464 0.3466746388505992 0.2409069588443993
1821 -0.24208400698631782 0.3225726840665765 0.295537133124643
1822 -0.2409069588443993 0.3466746388505992 0.2679188906332464
1823 -0.2385511600614684 0.36903480603684974 0.2385511600614684
1824 -0.2974059387397313 0.2703690352179375 0.2974059387397313
1825 -0.2703690352179375 0.2974059387397313 0.2974059387397313
1826 -0.2974059387397313 0.2974059387397313 0.2703690352179375
1827 -0.49939772810258615 -0.024533837163709004 0.0
1828 -0.4987918236545789 -0.024563353347409337 0.024563353347409337
1829 -0.49458825498239045 -0.07336523722768086 0.0
1830 -0.49394156211684254 -0.07357033068316958 0.024680754784697955
1831 -0.4969638336399173 -0.04918580036317442 0.024651675329487602
1832 -0.4969638336399173 -0.024651675329487602 0.04918580036317442
1833 -0.49394156211684254 -0.024680754784697955 0.07357033068316958
1834 -0.485015626597272 -0.12149008995163194 0.0
1835 -0.48415587694888973 -0.12233827289843992 0.025028659574142874
1836 -0.489589020050155 -0.09837450276708466 0.025000973014219455
1837 -0.47077203259151035 -0.16844492669611 0.0
1838 -0.4697441409127143 -0.1694358098673724 0.025138584143972142
1839 -0.47751159714820235 -0.1461235533275682 0.0251113868971465
1840 -0.482038356033029 -0.12299588064236695 0.050110245040144476
1841 -0.4787160465133723 -0.1233460638976807 0.07494461509378748
1842 -0.484306828171891 -0.09929228538243726 0.07475251333309814
1843 -0.489589020050155 -0.025000973014219455 0.09837450276708466
1844 -0.48415587694888973 -0.025028659574142874 0.12233827289843992
1845 -0.484306828171891 -0.07475251333309814 0.09929228538243726
1846 -0.4787160465133723 -0.07494461509378748 0.1233460638976807
1847 -0.482038356033029 -0.050110245040144476 0.12299588064236695
1848 -0.47751159714820235 -0.0251113868971465 0.1461235533275682
1849 -0.4697441409127143 -0.025138584143972142 0.1694358098673724
1850 -0.4919651147776668 -0.07419426131756035 0.04965417836737043
1851 -0.48873445111768044 -0.07462786440298136 0.07462786440298136
1852 -0.4919651147776668 -0.04965417836737043 0.07419426131756035
1853 -0.4519946465617216 -0.213777546715141 0.0
1854 -0.4495411391850348 -0.21730255766982703 0.026312784162315684
1855 -0.4596897330880809 -0.19492070809089387 0.026291954106787047
1856 -0.428864305000136 -0.25705137209661083 0.0
1857 -0.42593083252734515 -0.2605498811833061 0.026394797175345888
1858 -0.4382360819505112 -0.2392770703313819 0.02637461071363317
1859 -0.44573912483311556 -0.22032706437422822 0.05265564829382362
1860 -0.4406758091269704 -0.22272805021067485 0.07872132430060486
1861 -0.4512879425150126 -0.20041139847060016 0.07857775959917007
1862 -0.40160376574032247 -0.29784965224621657 0.0
1863 -0.39782739478245344 -0.3017022320916508 0.02662944069111305
1864 -0.41219212575137254 -0.28176141032244095 0.026611259302665086
1865 -0.37047556267747955 -0.33577947742350917 0.0
1866 -0.36614676349435804 -0.339446047795165 0.026700715699193016
1867 -0.3824072898147982 -0.3210181778183925 0.02668321957072991
1868 -0.39278219173428897 -0.30476767575067343 0.05328051870937968
1869 -0.3865826065551013 -0.30693731610597236 0.0796452904491289
1870 -0.4014777235681923 -0.28721445192008804 0.07952041301920892
1871 -0.4340630576911358 -0.2248036522519456 0.10513125073929255
1872 -0.42642375193635784 -0.22604108248973523 0.13064537041697366
1873 -0.4377693712280407 -0.203629789765988 0.1299726368681707
1874 -0.4086197884666022 -0.26804191435985236 0.10575159866316342
1875 -0.40040391403673936 -0.26917680183910536 0.13122711219763392
1876 -0.41390697113840985 -0.24798481419500817 0.13108985914896232
1877 -0.41747788757786325 -0.22673883468569644 0.15589007097598395
1878 -0.40737419953627096 -0.2268105978628626 0.18056360167340835
1879 -0.41928729512559765 -0.2045393913001334 0.17989386190982404
1880 -0.4213826661898747 -0.263875255263669 0.052976393745196276
1881 -0.4155722351859089 -0.2664092713754977 0.07953500781268552
1882 -0.4287023845220215 -0.24481622668115618 0.07924191226070668
1883 -0.4596897330880809 -0.026291954106787047 0.19492070809089387
1884 -0.4495411391850348 -0.026312784162315684 0.21730255766982703
1885 -0.4512879425150126 -0.07857775959917007 0.20041139847060016
1886 -0.4406758091269704 -0.07872132430060486 0.22272805021067485
1887 -0.44573912483311556 -0.05265564829382362 0.22032706437422822
1888 -0.4382360819505112 -0.02637461071363317 0.2392770703313819
1889 -0.42593083252734515 -0.026394797175345888 0.2605498811833061
1890 -0.4377693712280407 -0.1299726368681707 0.203629789765988
1891 -0.42642375193635784 -0.13064537041697366 0.22604108248973523
1892 -0.4340630576911358 -0.10513125073929255 0.2248036522519456
1893 -0.41928729512559765 -0.17989386190982404 0.2045393913001334
1894 -0.40737419953627096 -0.18056360167340835 0.2268105978628626
1895 -0.41747788757786325 -0.15589007097598395 0.22673883468569644
1896 -0.41390697113840985 -0.13108985914896232 0.24798481419500817
1897 -0.40040391403673936 -0.13122711219763392 0.26917680183910536
1898 -0.4086197884666022 -0.10575159866316342 0.26804191435985236
1899 -0.41219212575137254 -0.026611259302665086 0.28176141032244095
1900 -0.39782739478245344 -0.02662944069111305 0.3017022320916508
1901 -0.4014777235681923 -0.07952041301920892 0.28721445192008804
1902 -0.3865826065551013 -0.0796452904491289 0.30693731610597236
1903 -0.39278219173428897 -0.05328051870937968 0.30476767575067343
1904 -0.3824072898147982 -0.02668321957072991 0.3210181778183925
1905 -0.36614676349435804 -0.026700715699193016 0.339446047795165
1906 -0.4287023845220215 -0.07924191226070668 0.24481622668115618
1907 -0.4155722351859089 -0.07953500781268552 0.2664092713754977
1908 -0.4213826661898747 -0.052976393745196276 0.263875255263669
1909 -0.46643989941675396 -0.17259979509995177 0.051411389434083764
1910 -0.4558858514216449 -0.17728805806621484 0.10361966483574576
1911 -0.461788142079628 -0.1752586424959272 0.07769247109681875
1912 -0.47097780313222937 -0.1494532835721336 0.07644360657534656
1913 -0.4732523485371911 -0.12574705817221396 0.10109348131836572
1914 -0.43994320350002625 -0.17987335167481458 0.15522743008696258
1915 -0.4484043493533124 -0.1790133090307282 0.12995297099682432
1916 -0.43018044145034007 -0.18020098195291617 0.18020098195291617
1917 -0.43994320350002625 -0.15522743008696258 0.17987335167481458
1918 -0.4484043493533124 -0.12995297099682432 0.1790133090307282
1919 -0.4732523485371911 -0.10109348131836572 0.12574705817221396
1920 -0.47097780313222937 -0.07644360657534656 0.1494532835721336
1921 -0.4558858514216449 -0.10361966483574576 0.17728805806621484
1922 -0.461788142079628 -0.07769247109681875 0.1752586424959272
1923 -0.46643989941675396 -0.051411389434083764 0.17259979509995177
1924 -0.4580606962936099 -0.1535298484110887 0.12887584784544134
1925 -0.4580606962936099 -0.12887584784544134 0.1535298484110887
1926 -0.46639113117863 -0.12743491036195267 0.12743491036195267
1927 -0.33577947742350917 -0.37047556267747955 0.0
1928 -0.3210181778183925 -0.3824072898147982 0.026683219570729912
1929 -0.339446047795165 -0.36614676349435804 0.026700715699193016
1930 -0.29784965224621657 -0.40160376574032247 0.0
1931 -0.2817614103224409 -0.41219212575137254 0.02661125930266508
1932 -0.3017022320916508 -0.39782739478245344 0.02662944069111305
1933 -0.30476767575067343 -0.39278219173428897 0.05328051870937968
1934 -0.28721445192008804 -0.4014777235681923 0.07952041301920892
1935 -0.30693731610597236 -0.3865826065551013 0.0796452904491289
1936 -0.2570513720966108 -0.428864305000136 0.0
1937 -0.2392770703313819 -0.4382360819505112 0.02637461071363317
1938 -0.2605498811833061 -0.4259308325273452 0.026394797175345888
1939 -0.213777546715141 -0.4519946465617216 0.0
1940 -0.19492070809089387 -0.4596897330880809 0.026291954106787047
1941 -0.217302557669827 -0.4495411391850348 0.026312784162315684
1942 -0.22032706437422822 -0.44573912483311556 0.05265564829382362
1943 -0.20041139847060016 -0.4512879425150126 0.07857775959917007
1944 -0.22272805021067485 -0.4406758091269704 0.07872132430060486
1945 -0.26804191435985236 -0.4086197884666022 0.10575159866316342
1946 -0.24798481419500817 -0.41390697113840985 0.13108985914896235
1947 -0.26917680183910536 -0.40040391403673936 0.13122711219763392
1948 -0.2248036522519456 -0.4340630576911358 0.10513125073929255
1949 -0.203629789765988 -0.4377693712280407 0.1299726368681707
1950 -0.2260410824897352 -0.4264237519363578 0.13064537041697363
1951 -0.22673883468569644 -0.41747788757786325 0.15589007097598395
1952 -0.2045393913001334 -0.41928729512559765 0.17989386190982404
1953 -0.2268105978628626 -0.40737419953627096 0.18056360167340835
1954 -0.26387525526366895 -0.4213826661898747 0.052976393745196276
1955 -0.24481622668115618 -0.4287023845220215 0.07924191226070668
1956 -0.2664092713754977 -0.4155722351859089 0.07953500781268552
1957 -0.16844492669611 -0.47077203259151035 0.0
1958 -0.1461235533275682 -0.47751159714820235 0.0251113868971465
1959 -0.1694358098673724 -0.4697441409127143 0.025138584143972142
1960 -0.12149008995163194 -0.485015626597272 0.0
1961 -0.09837450276708466 -0.48958902005015503 0.025000973014219458
1962 -0.12233827289843992 -0.48415587694888973 0.025028659574142874
1963 -0.12299588064236695 -0.482038356033029 0.050110245040144476
1964 -0.09929228538243726 -0.484306828171891 0.07475251333309814
1965 -0.1233460638976807 -0.4787160465133723 0.07494461509378748
1966 -0.07336523722768086 -0.49458825498239045 0.0
1967 -0.04918580036317442 -0.49696383363991736 0.024651675329487605
1968 -0.07357033068316958 -0.49394156211684254 0.024680754784697955
1969 -0.024533837163709004 -0.49939772810258615 0.0
1970 0.0 -0.49939772810258615 0.024533837163709004
1971 -0.024563353347409337 -0.4987918236545789 0.024563353347409337
1972 -0.024651675329487605 -0.49696383363991736 0.04918580036317442
1973 0.0 -0.49458825498239045 0.07336523722768086
1974 -0.024680754784697955 -0.49394156211684254 0.07357033068316958
1975 -0.07475251333309814 -0.484306828171891 0.09929228538243726
1976 -0.050110245040144476 -0.482038356033029 0.12299588064236695
1977 -0.07494461509378748 -0.4787160465133723 0.1233460638976807
1978 -0.025000973014219455 -0.489589020050155 0.09837450276708466
1979 0.0 -0.485015626597272 0.12149008995163194
1980 -0.025028659574142874 -0.48415587694888973 0.12233827289843992
1981 -0.0251113868971465 -0.47751159714820235 0.1461235533275682
1982 0.0 -0.47077203259151035 0.16844492669611
1983 -0.025138584143972142 -0.4697441409127143 0.1694358098673724
1984 -0.07419426131756035 -0.4919651147776668 0.04965417836737043
1985 -0.04965417836737043 -0.4919651147776668 0.07419426131756035
1986 -0.07462786440298136 -0.48873445111768044 0.07462786440298136
1987 -0.17989386190982404 -0.41928729512559765 0.2045393913001334
1988 -0.15589007097598395 -0.41747788757786325 0.22673883468569644
1989 -0.18056360167340835 -0.40737419953627096 0.2268105978628626
1990 -0.1299726368681707 -0.4377693712280407 0.203629789765988
1991 -0.10513125073929255 -0.4340630576911358 0.2248036522519456
1992 -0.13064537041697366 -0.42642375193635784 0.22604108248973523
1993 -0.13108985914896232 -0.41390697113840985 0.24798481419500817
1994 -0.10575159866316342 -0.4086197884666022 0.26804191435985236
1995 -0.13122711219763392 -0.40040391403673936 0.26917680183910536
1996 -0.07857775959917006 -0.45128794251501253 0.20041139847060013
1997 -0.05265564829382362 -0.44573912483311556 0.22032706437422822
1998 -0.07872132430060486 -0.4406758091269704 0.22272805021067485
1999 -0.026291954106787047 -0.4596897330880809 0.19492070809089387
2000 0.0 -0.4519946465617216 0.213777546715141
2001 -0.026312784162315684 -0.4495411391850348 0.21730255766982703
2002 -0.02637461071363317 -0.4382360819505112 0.2392770703313819
2003 0.0 -0.428864305000136 0.25705137209661083
2004 -0.026394797175345888 -0.42593083252734515 0.2605498811833061
2005 -0.07952041301920892 -0.4014777235681923 0.28721445192008804
2006 -0.05328051870937968 -0.39278219173428897 0.30476767575067343
2007 -0.0796452904491289 -0.3865826065551013 0.30693731610597236
2008 -0.026611259302665086 -0.41219212575137254 0.28176141032244095
2009 0.0 -0.40160376574032247 0.29784965224621657
2010 -0.02662944069111305 -0.39782739478245344 0.3017022320916508
2011 -0.026683219570729912 -0.3824072898147982 0.3210181778183925
2012 0.0 -0.37047556267747955 0.33577947742350917
2013 -0.026700715699193016 -0.36614676349435804 0.339446047795165
2014 -0.07924191226070668 -0.4287023845220215 0.24481622668115618
2015 -0.052976393745196276 -0.4213826661898747 0.263875255263669
2016 -0.07953500781268552 -0.4155722351859089 0.2664092713754977
2017 -0.17259979509995177 -0.466439899416754 0.05141138943408377
2018 -0.12574705817221396 -0.4732523485371911 0.10109348131836572
2019 -0.1494532835721336 -0.47097780313222937 0.07644360657534656
2020 -0.1752586424959272 -0.461788142079628 0.07769247109681876
2021 -0.1772880580662148 -0.4558858514216449 0.10361966483574576
2022 -0.07644360657534656 -0.47097780313222937 0.1494532835721336
2023 -0.10109348131836572 -0.4732523485371911 0.12574705817221396
2024 -0.051411389434083764 -0.46643989941675396 0.17259979509995177
2025 -0.07769247109681875 -0.461788142079628 0.1752586424959272
2026 -0.10361966483574576 -0.4558858514216449 0.17728805806621484
2027 -0.1790133090307282 -0.4484043493533124 0.12995297099682432
2028 -0.17987335167481458 -0.43994320350002625 0.15522743008696258
2029 -0.12995297099682432 -0.4484043493533124 0.1790133090307282
2030 -0.15522743008696258 -0.43994320350002625 0.17987335167481458
2031 -0.18020098195291617 -0.43018044145034007 0.18020098195291617
2032 -0.12743491036195267 -0.46639113117863 0.12743491036195267
2033 -0.12887584784544134 -0.4580606962936099 0.1535298484110887
2034 -0.15352984841108866 -0.4580606962936099 0.12887584784544132
2035 -0.339446047795165 -0.026700715699193016 0.36614676349435804
2036 -0.3210181778183925 -0.026683219570729912 0.3824072898147982
2037 -0.30693731610597236 -0.0796452904491289 0.3865826065551013
2038 -0.28721445192008804 -0.07952041301920892 0.4014777235681923
2039 -0.30476767575067343 -0.05328051870937968 0.39278219173428897
2040 -0.3017022320916508 -0.02662944069111305 0.39782739478245344
2041 -0.2817614103224409 -0.02661125930266508 0.41219212575137254
2042 -0.26917680183910536 -0.13122711219763392 0.4004039140367393
2043 -0.24798481419500817 -0.13108985914896235 0.41390697113840985
2044 -0.26804191435985236 -0.10575159866316342 0.4086197884666022
2045 -0.2268105978628626 -0.18056360167340835 0.40737419953627096
2046 -0.2045393913001334 -0.17989386190982404 0.41928729512559765
2047 -0.22673883468569644 -0.15589007097598395 0.41747788757786325
2048 -0.2260410824897352 -0.13064537041697363 0.4264237519363578
2049 -0.203629789765988 -0.1299726368681707 0.4377693712280407
2050 -0.2248036522519456 -0.10513125073929255 0.4340630576911358
2051 -0.260549881183306 -0.026394797175345885 0.4259308325273452
2052 -0.2392770703313819 -0.02637461071363317 0.4382360819505112
2053 -0.22272805021067482 -0.07872132430060486 0.44067580912697035
2054 -0.20041139847060016 -0.07857775959917007 0.4512879425150126
2055 -0.22032706437422822 -0.05265564829382362 0.44573912483311556
2056 -0.217302557669827 -0.026312784162315684 0.4495411391850348
2057 -0.19492070809089387 -0.026291954106787047 0.4596897330880809
2058 -0.2664092713754977 -0.07953500781268552 0.4155722351859089
2059 -0.24481622668115618 -0.07924191226070668 0.4287023845220215
2060 -0.26387525526366895 -0.052976393745196276 0.4213826661898747
2061 -0.18056360167340835 -0.2268105978628626 0.40737419953627096
2062 -0.15589007097598395 -0.22673883468569644 0.41747788757786325
2063 -0.17989386190982404 -0.2045393913001334 0.41928729512559765
2064 -0.13122711219763392 -0.26917680183910536 0.4004039140367393
2065 -0.10575159866316343 -0.2680419143598523 0.40861978846660224
2066 -0.13108985914896235 -0.24798481419500817 0.41390697113840985
2067 -0.13064537041697363 -0.2260410824897352 0.4264237519363578
2068 -0.10513125073929257 -0.2248036522519456 0.43406305769113573
2069 -0.1299726368681707 -0.203629789765988 0.4377693712280407
2070 -0.0796452904491289 -0.30693731610597236 0.3865826065551013
2071 -0.05328051870937968 -0.30476767575067343 0.39278219173428897
2072 -0.07952041301920892 -0.28721445192008804 0.4014777235681923
2073 -0.026700715699193016 -0.339446047795165 0.36614676349435804
2074 0.0 -0.33577947742350917 0.37047556267747955
2075 -0.026683219570729912 -0.3210181778183925 0.3824072898147982
2076 -0.02662944069111305 -0.3017022320916508 0.39782739478245344
2077 0.0 -0.29784965224621657 0.40160376574032247
2078 -0.02661125930266508 -0.2817614103224409 0.41219212575137254
2079 -0.07872132430060486 -0.22272805021067482 0.44067580912697035
2080 -0.05265564829382362 -0.22032706437422822 0.44573912483311556
2081 -0.07857775959917007 -0.20041139847060016 0.4512879425150126
2082 -0.026394797175345885 -0.260549881183306 0.4259308325273452
2083 0.0 -0.2570513720966108 0.428864305000136
2084 -0.02637461071363317 -0.2392770703313819 0.4382360819505112
2085 -0.026312784162315684 -0.217302557669827 0.4495411391850348
2086 0.0 -0.213777546715141 0.4519946465617216
2087 -0.026291954106787047 -0.19492070809089387 0.4596897330880809
2088 -0.07953500781268552 -0.2664092713754977 0.4155722351859089
2089 -0.052976393745196276 -0.26387525526366895 0.4213826661898747
2090 -0.07924191226070668 -0.24481622668115616 0.4287023845220215
2091 -0.1694358098673724 -0.025138584143972142 0.4697441409127143
2092 -0.1461235533275682 -0.0251113868971465 0.47751159714820235
2093 -0.12334606389768071 -0.07494461509378747 0.4787160465133723
2094 -0.09929228538243727 -0.07475251333309814 0.484306828171891
2095 -0.12299588064236695 -0.05011024504014447 0.482038356033029
2096 -0.12233827289843992 -0.02502865957414287 0.48415587694888973
2097 -0.09837450276708466 -0.025000973014219455 0.48958902005015503
2098 -0.07494461509378747 -0.12334606389768071 0.4787160465133723
2099 -0.05011024504014447 -0.12299588064236695 0.482038356033029
2100 -0.07475251333309814 -0.09929228538243727 0.484306828171891
2101 -0.025138584143972142 -0.1694358098673724 0.4697441409127143
2102 0.0 -0.16844492669611 0.47077203259151035
2103 -0.0251113868971465 -0.1461235533275682 0.47751159714820235
2104 -0.02502865957414287 -0.12233827289843992 0.48415587694888973
2105 0.0 -0.12149008995163194 0.485015626597272
2106 -0.025000973014219455 -0.09837450276708466 0.48958902005015503
2107 -0.07357033068316958 -0.024680754784697955 0.49394156211684254
2108 -0.04918580036317442 -0.024651675329487605 0.49696383363991736
2109 -0.024680754784697955 -0.07357033068316958 0.49394156211684254
2110 0.0 -0.07336523722768086 0.49458825498239045
2111 -0.024651675329487605 -0.04918580036317442 0.49696383363991736
2112 -0.024563353347409337 -0.024563353347409337 0.4987918236545789
2113 0.0 -0.024533837163709004 0.49939772810258615
2114 -0.07462786440298134 -0.07462786440298134 0.48873445111768044
2115 -0.04965417836737043 -0.07419426131756035 0.4919651147776668
2116 -0.07419426131756035 -0.04965417836737043 0.4919651147776668
2117 -0.18020098195291617 -0.18020098195291617 0.43018044145034007
2118 -0.12995297099682432 -0.1790133090307282 0.4484043493533124
2119 -0.15522743008696258 -0.17987335167481458 0.43994320350002625
2120 -0.17987335167481458 -0.15522743008696258 0.43994320350002625
2121 -0.1790133090307282 -0.12995297099682432 0.4484043493533124
2122 -0.07769247109681875 -0.1752586424959272 0.461788142079628
2123 -0.10361966483574576 -0.17728805806621484 0.4558858514216449
2124 -0.05141138943408377 -0.17259979509995177 0.466439899416754
2125 -0.07644360657534656 -0.1494532835721336 0.47097780313222937
2126 -0.10109348131836574 -0.125747058172214 0.4732523485371911
2127 -0.17728805806621484 -0.10361966483574576 0.4558858514216449
2128 -0.1752586424959272 -0.07769247109681875 0.461788142079628
2129 -0.125747058172214 -0.10109348131836574 0.4732523485371911
2130 -0.1494532835721336 -0.07644360657534656 0.47097780313222937
2131 -0.17259979509995177 -0.05141138943408377 0.466439899416754
2132 -0.12887584784544134 -0.1535298484110887 0.4580606962936099
2133 -0.1274349103619527 -0.1274349103619527 0.46639113117863007
2134 -0.1535298484110887 -0.12887584784544134 0.4580606962936099
2135 -0.35152828317071005 -0.35152828317071005 0.053439051845126595
2136 -0.3179232899814 -0.3709034252897398 0.10656186370245674
2137 -0.33536369416794737 -0.3620652869865264 0.0802491158418062
2138 -0.3620652869865264 -0.33536369416794737 0.0802491158418062
2139 -0.3709034252897398 -0.3179232899814 0.10656186370245674
2140 -0.2785321339727024 -0.38358979550388034 0.15899282729074202
2141 -0.29853027805742804 -0.37820048179699217 0.13358169280061402
2142 -0.23508983563759975 -0.38914758246674375 0.20807913936811448
2143 -0.25725451644426617 -0.38725239813438095 0.18399916822691795
2144 -0.28653492376498485 -0.36494623831210093 0.1863115149550383
2145 -0.29308364866405984 -0.34480519427961615 0.2126296143145587
2146 -0.3141287193334708 -0.3408472931834216 0.18747338589636683
2147 -0.37820048179699217 -0.29853027805742804 0.13358169280061402
2148 -0.3835897955038804 -0.27853213397270243 0.15899282729074202
2149 -0.3408472931834216 -0.3141287193334708 0.18747338589636683
2150 -0.34480519427961615 -0.29308364866405984 0.2126296143145587
2151 -0.36494623831210093 -0.28653492376498485 0.1863115149550383
2152 -0.3872523981343809 -0.2572545164442661 0.18399916822691792
2153 -0.3891475824667437 -0.23508983563759972 0.20807913936811445
2154 -0.3269611650445563 -0.3536806981969422 0.13418777990424394
2155 -0.33463808703731196 -0.33463808703731196 0.16135272358413025
2156 -0.3536806981969422 -0.3269611650445563 0.13418777990424394
2157 -0.18399916822691792 -0.3872523981343809 0.2572545164442661
2158 -0.20807913936811445 -0.3891475824667437 0.23508983563759972
2159 -0.13358169280061402 -0.37820048179699217 0.298530278057428
2160 -0.158992827290742 -0.3835897955038804 0.2785321339727024
2161 -0.18631151495503828 -0.36494623831210093 0.28653492376498485
2162 -0.1874733858963668 -0.3408472931834216 0.3141287193334708
2163 -0.2126296143145587 -0.34480519427961615 0.29308364866405984
2164 -0.0802491158418062 -0.3620652869865264 0.33536369416794737
2165 -0.10656186370245674 -0.3709034252897398 0.31792328998140007
2166 -0.053439051845126595 -0.35152828317071005 0.35152828317071005
2167 -0.0802491158418062 -0.33536369416794737 0.3620652869865264
2168 -0.10656186370245674 -0.3179232899814 0.3709034252897398
2169 -0.18747338589636683 -0.3141287193334708 0.3408472931834216
2170 -0.18631151495503828 -0.28653492376498485 0.36494623831210093
2171 -0.2126296143145587 -0.29308364866405984 0.34480519427961615
2172 -0.13358169280061402 -0.29853027805742804 0.37820048179699217
2173 -0.15899282729074202 -0.2785321339727024 0.38358979550388034
2174 -0.18399916822691795 -0.25725451644426617 0.38725239813438095
2175 -0.20807913936811445 -0.23508983563759972 0.3891475824667437
2176 -0.1341877799042439 -0.35368069819694226 0.32696116504455625
2177 -0.13418777990424394 -0.3269611650445563 0.3536806981969422
2178 -0.16135272358413025 -0.33463808703731196 0.33463808703731196
2179 -0.3891475824667437 -0.20807913936811445 0.23508983563759972
2180 -0.3872523981343809 -0.18399916822691792 0.2572545164442661
2181 -0.34480519427961615 -0.2126296143145587 0.29308364866405984
2182 -0.3408472931834216 -0.1874733858963668 0.3141287193334708
2183 -0.36494623831210093 -0.1863115149550383 0.28653492376498485
2184 -0.3835897955038804 -0.15899282729074202 0.27853213397270243
2185 -0.37820048179699217 -0.13358169280061402 0.29853027805742804
2186 -0.29308364866405984 -0.2126296143145587 0.34480519427961615
2187 -0.28653492376498485 -0.1863115149550383 0.36494623831210093
2188 -0.3141287193334708 -0.18747338589636683 0.3408472931834216
2189 -0.23508983563759972 -0.20807913936811445 0.3891475824667437
2190 -0.25725451644426617 -0.18399916822691795 0.38725239813438095
2191 -0.2785321339727024 -0.15899282729074202 0.38358979550388034
2192 -0.29853027805742804 -0.13358169280061402 0.37820048179699217
2193 -0.3709034252897398 -0.10656186370245674 0.3179232899814
2194 -0.3620652869865264 -0.0802491158418062 0.33536369416794737
2195 -0.3179232899814 -0.10656186370245674 0.3709034252897398
2196 -0.33536369416794737 -0.0802491158418062 0.3620652869865264
2197 -0.35152828317071005 -0.053439051845126595 0.35152828317071005
2198 -0.33463808703731196 -0.16135272358413025 0.33463808703731196
2199 -0.3269611650445563 -0.13418777990424394 0.3536806981969422
2200 -0.3536806981969422 -0.13418777990424394 0.3269611650445563
2201 -0.2385511600614684 -0.36903480603684974 0.2385511600614684
2202 -0.24208400698631782 -0.3225726840665765 0.295537133124643
2203 -0.2409069588443993 -0.3466746388505992 0.2679188906332464
2204 -0.2679188906332464 -0.3466746388505992 0.2409069588443993
2205 -0.295537133124643 -0.3225726840665765 0.24208400698631782
2206 -0.2409069588443993 -0.26791889063324636 0.3466746388505992
2207 -0.2420840069863178 -0.295537133124643 0.32257268406657646
2208 -0.2385511600614684 -0.2385511600614684 0.36903480603684974
2209 -0.26791889063324636 -0.2409069588443993 0.3466746388505992
2210 -0.295537133124643 -0.2420840069863178 0.32257268406657646
2211 -0.3225726840665765 -0.295537133124643 0.24208400698631782
2212 -0.3466746388505992 -0.2679188906332464 0.2409069588443993
2213 -0.3225726840665765 -0.24208400698631782 0.295537133124643
2214 -0.3466746388505992 -0.2409069588443993 0.2679188906332464
2215 -0.3690348060368497 -0.23855116006146837 0.23855116006146837
2216 -0.2703690352179375 -0.2974059387397313 0.2974059387397313
2217 -0.2974059387397313 -0.2703690352179375 0.2974059387397313
2218 -0.2974059387397313 -0.2974059387397313 0.2703690352179375
2219 0.024533837163709004 -0.49939772810258615 0.0
2220 0.024563353347409337 -0.4987918236545789 0.024563353347409337
2221 0.07336523722768086 -0.49458825498239045 0.0
2222 0.07357033068316958 -0.49394156211684254 0.024680754784697955
2223 0.04918580036317442 -0.49696383363991736 0.024651675329487605
2224 0.024651675329487605 -0.49696383363991736 0.04918580036317442
2225 0.024680754784697955 -0.49394156211684254 0.07357033068316958
2226 0.12149008995163194 -0.485015626597272 0.0
2227 0.12233827289843992 -0.48415587694888973 0.025028659574142874
2228 0.09837450276708466 -0.48958902005015503 0.025000973014219458
2229 0.16844492669611 -0.47077203259151035 0.0
2230 0.1694358098673724 -0.4697441409127143 0.025138584143972142
2231 0.1461235533275682 -0.47751159714820235 0.0251113868971465
2232 0.12299588064236695 -0.482038356033029 0.050110245040144476
2233 0.1233460638976807 -0.4787160465133723 0.07494461509378748
2234 0.09929228538243726 -0.484306828171891 0.07475251333309814
2235 0.025000973014219455 -0.489589020050155 0.09837450276708466
2236 0.025028659574142874 -0.48415587694888973 0.12233827289843992
2237 0.07475251333309814 -0.484306828171891 0.09929228538243726
2238 0.07494461509378748 -0.4787160465133723 0.1233460638976807
2239 0.050110245040144476 -0.482038356033029 0.12299588064236695
2240 0.0251113868971465 -0.47751159714820235 0.1461235533275682
2241 0.025138584143972142 -0.4697441409127143 0.1694358098673724
2242 0.07419426131756035 -0.4919651147776668 0.04965417836737043
2243 0.07462786440298136 -0.48873445111768044 0.07462786440298136
2244 0.04965417836737043 -0.4919651147776668 0.07419426131756035
2245 0.213777546715141 -0.4519946465617216 0.0
2246 0.217302557669827 -0.4495411391850348 0.026312784162315684
2247 0.19492070809089387 -0.4596897330880809 0.026291954106787047
2248 0.2570513720966108 -0.428864305000136 0.0
2249 0.2605498811833061 -0.4259308325273452 0.026394797175345888
2250 0.2392770703313819 -0.4382360819505112 0.02637461071363317
2251 0.22032706437422822 -0.44573912483311556 0.05265564829382362
2252 0.22272805021067485 -0.4406758091269704 0.07872132430060486
2253 0.20041139847060016 -0.4512879425150126 0.07857775959917007
2254 0.29784965224621657 -0.40160376574032247 0.0
2255 0.3017022320916508 -0.39782739478245344 0.02662944069111305
2256 0.2817614103224409 -0.41219212575137254 0.02661125930266508
2257 0.33577947742350917 -0.37047556267747955 0.0
2258 0.339446047795165 -0.36614676349435804 0.026700715699193016
2259 0.3210181778183925 -0.3824072898147982 0.026683219570729912
2260 0.30476767575067343 -0.39278219173428897 0.05328051870937968
2261 0.30693731610597236 -0.3865826065551013 0.0796452904491289
2262 0.28721445192008804 -0.4014777235681923 0.07952041301920892
2263 0.2248036522519456 -0.4340630576911358 0.10513125073929255
2264 0.2260410824897352 -0.4264237519363578 0.13064537041697363
2265 0.203629789765988 -0.4377693712280407 0.1299726368681707
2266 0.26804191435985236 -0.4086197884666022 0.10575159866316342
2267 0.26917680183910536 -0.40040391403673936 0.13122711219763392
2268 0.24798481419500817 -0.41390697113840985 0.13108985914896235
2269 0.22673883468569644 -0.41747788757786325 0.15589007097598395
2270 0.2268105978628626 -0.40737419953627096 0.18056360167340835
2271 0.2045393913001334 -0.41928729512559765 0.17989386190982404
2272 0.26387525526366895 -0.4213826661898747 0.052976393745196276
2273 0.2664092713754977 -0.4155722351859089 0.07953500781268552
2274 0.24481622668115618 -0.4287023845220215 0.07924191226070668
2275 0.026291954106787047 -0.4596897330880809 0.19492070809089387
2276 0.026312784162315684 -0.4495411391850348 0.21730255766982703
2277 0.07857775959917006 -0.45128794251501253 0.20041139847060013
2278 0.07872132430060486 -0.4406758091269704 0.22272805021067485
2279 0.05265564829382362 -0.44573912483311556 0.22032706437422822
2280 0.02637461071363317 -0.4382360819505112 0.2392770703313819
2281 0.026394797175345888 -0.42593083252734515 0.2605498811833061
2282 0.1299726368681707 -0.4377693712280407 0.203629789765988
2283 0.13064537041697366 -0.42642375193635784 0.22604108248973523
2284 0.10513125073929255 -0.4340630576911358 0.2248036522519456
2285 0.17989386190982404 -0.41928729512559765 0.2045393913001334
2286 0.18056360167340835 -0.40737419953627096 0.2268105978628626
2287 0.15589007097598395 -0.41747788757786325 0.22673883468569644
2288 0.13108985914896232 -0.41390697113840985 0.24798481419500817
2289 0.13122711219763392 -0.40040391403673936 0.26917680183910536
2290 0.10575159866316342 -0.4086197884666022 0.26804191435985236
2291 0.026611259302665086 -0.41219212575137254 0.28176141032244095
2292 0.02662944069111305 -0.39782739478245344 0.3017022320916508
2293 0.07952041301920892 -0.4014777235681923 0.28721445192008804
2294 0.0796452904491289 -0.3865826065551013 0.30693731610597236
2295 0.05328051870937968 -0.39278219173428897 0.30476767575067343
2296 0.026683219570729912 -0.3824072898147982 0.3210181778183925
2297 0.026700715699193016 -0.36614676349435804 0.339446047795165
2298 0.07924191226070668 -0.4287023845220215 0.24481622668115618
2299 0.07953500781268552 -0.4155722351859089 0.2664092713754977
2300 0.052976393745196276 -0.4213826661898747 0.263875255263669
2301 0.17259979509995177 -0.466439899416754 0.05141138943408377
2302 0.1772880580662148 -0.4558858514216449 0.10361966483574576
2303 0.1752586424959272 -0.461788142079628 0.07769247109681876
2304 0.1494532835721336 -0.47097780313222937 0.07644360657534656
2305 0.12574705817221396 -0.4732523485371911 0.10109348131836572
2306 0.17987335167481458 -0.43994320350002625 0.15522743008696258
2307 0.1790133090307282 -0.4484043493533124 0.12995297099682432
2308 0.18020098195291617 -0.43018044145034007 0.18020098195291617
2309 0.15522743008696258 -0.43994320350002625 0.17987335167481458
2310 0.12995297099682432 -0.4484043493533124 0.1790133090307282
2311 0.10109348131836572 -0.4732523485371911 0.12574705817221396
2312 0.07644360657534656 -0.47097780313222937 0.1494532835721336
2313 0.10361966483574576 -0.4558858514216449 0.17728805806621484
2314 0.07769247109681875 -0.461788142079628 0.1752586424959272
2315 0.051411389434083764 -0.46643989941675396 0.17259979509995177
2316 0.15352984841108866 -0.4580606962936099 0.12887584784544132
2317 0.12887584784544134 -0.4580606962936099 0.1535298484110887
2318 0.12743491036195267 -0.46639113117863 0.12743491036195267
2319 0.37047556267747955 -0.33577947742350917 0.0
2320 0.3824072898147982 -0.3210181778183925 0.02668321957072991
2321 0.36614676349435804 -0.339446047795165 0.026700715699193016
2322 0.40160376574032247 -0.29784965224621657 0.0
2323 0.41219212575137254 -0.28176141032244095 0.026611259302665086
2324 0.39782739478245344 -0.3017022320916508 0.02662944069111305
2325 0.39278219173428897 -0.30476767575067343 0.05328051870937968
2326 0.4014777235681923 -0.28721445192008804 0.07952041301920892
2327 0.3865826065551013 -0.30693731610597236 0.0796452904491289
2328 0.428864305000136 -0.25705137209661083 0.0
2329 0.4382360819505112 -0.2392770703313819 0.02637461071363317
2330 0.42593083252734515 -0.2605498811833061 0.026394797175345888
2331 0.4519946465617216 -0.213777546715141 0.0
2332 0.4596897330880809 -0.19492070809089387 0.026291954106787047
2333 0.4495411391850348 -0.21730255766982703 0.026312784162315684
2334 0.44573912483311556 -0.22032706437422822 0.05265564829382362
2335 0.4512879425150126 -0.20041139847060016 0.07857775959917007
2336 0.4406758091269704 -0.22272805021067485 0.07872132430060486
2337 0.4086197884666022 -0.26804191435985236 0.10575159866316342
2338 0.41390697113840985 -0.24798481419500817 0.13108985914896232
2339 0.40040391403673936 -0.26917680183910536 0.13122711219763392
2340 0.4340630576911358 -0.2248036522519456 0.10513125073929255
2341 0.4377693712280407 -0.203629789765988 0.1299726368681707
2342 0.42642375193635784 -0.22604108248973523 0.13064537041697366
2343 0.41747788757786325 -0.22673883468569644 0.15589007097598395
2344 0.41928729512559765 -0.2045393913001334 0.17989386190982404
2345 0.40737419953627096 -0.2268105978628626 0.18056360167340835
2346 0.4213826661898747 -0.263875255263669 0.052976393745196276
2347 0.4287023845220215 -0.24481622668115618 0.07924191226070668
2348 0.4155722351859089 -0.2664092713754977 0.07953500781268552
2349 0.47077203259151035 -0.16844492669611 0.0
2350 0.47751159714820235 -0.1461235533275682 0.0251113868971465
2351 0.4697441409127143 -0.1694358098673724 0.025138584143972142
2352 0.485015626597272 -0.12149008995163194 0.0
2353 0.489589020050155 -0.09837450276708466 0.025000973014219455
2354 0.48415587694888973 -0.12233827289843992 0.025028659574142874
2355 0.482038356033029 -0.12299588064236695 0.050110245040144476
2356 0.484306828171891 -0.09929228538243726 0.07475251333309814
2357 0.4787160465133723 -0.1233460638976807 0.07494461509378748
2358 0.49458825498239045 -0.07336523722768086 0.0
2359 0.4969638336399173 -0.04918580036317442 0.024651675329487602
2360 0.49394156211684254 -0.07357033068316958 0.024680754784697955
2361 0.49939772810258615 -0.024533837163709004 0.0
2362 0.4987918236545789 -0.024563353347409337 0.024563353347409337
2363 0.4969638336399173 -0.024651675329487602 0.04918580036317442
2364 0.49394156211684254 -0.024680754784697955 0.07357033068316958
2365 0.484306828171891 -0.07475251333309814 0.09929228538243726
2366 0.482038356033029 -0.050110245040144476 0.12299588064236695
2367 0.4787160465133723 -0.07494461509378748 0.1233460638976807
2368 0.489589020050155 -0.025000973014219455 0.09837450276708466
2369 0.48415587694888973 -0.025028659574142874 0.12233827289843992
2370 0.47751159714820235 -0.0251113868971465 0.1461235533275682
2371 0.4697441409127143 -0.025138584143972142 0.1694358098673724
2372 0.4919651147776668 -0.07419426131756035 0.04965417836737043
2373 0.4919651147776668 -0.04965417836737043 0.07419426131756035
2374 0.48873445111768044 -0.07462786440298136 0.07462786440298136
2375 0.41928729512559765 -0.17989386190982404 0.2045393913001334
2376 0.41747788757786325 -0.15589007097598395 0.22673883468569644
2377 0.40737419953627096 -0.18056360167340835 0.2268105978628626
2378 0.4377693712280407 -0.1299726368681707 0.203629789765988
2379 0.4340630576911358 -0.10513125073929255 0.2248036522519456
2380 0.42642375193635784 -0.13064537041697366 0.22604108248973523
2381 0.41390697113840985 -0.13108985914896232 0.24798481419500817
2382 0.4086197884666022 -0.10575159866316342 0.26804191435985236
2383 0.40040391403673936 -0.13122711219763392 0.26917680183910536
2384 0.4512879425150126 -0.07857775959917007 0.20041139847060016
2385 0.44573912483311556 -0.05265564829382362 0.22032706437422822
2386 0.4406758091269704 -0.07872132430060486 0.22272805021067485
2387 0.4596897330880809 -0.026291954106787047 0.19492070809089387
2388 0.4495411391850348 -0.026312784162315684 0.21730255766982703
2389 0.4382360819505112 -0.02637461071363317 0.2392770703313819
2390 0.42593083252734515 -0.026394797175345888 0.2605498811833061
2391 0.4014777235681923 -0.07952041301920892 0.28721445192008804
2392 0.39278219173428897 -0.05328051870937968 0.30476767575067343
2393 0.3865826065551013 -0.0796452904491289 0.30693731610597236
2394 0.41219212575137254 -0.026611259302665086 0.28176141032244095
2395 0.39782739478245344 -0.02662944069111305 0.3017022320916508
2396 0.3824072898147982 -0.02668321957072991 0.3210181778183925
2397 0.36614676349435804 -0.026700715699193016 0.339446047795165
2398 0.4287023845220215 -0.07924191226070668 0.24481622668115618
2399 0.4213826661898747 -0.052976393745196276 0.263875255263669
2400 0.4155722351859089 -0.07953500781268552 0.2664092713754977
2401 0.46643989941675396 -0.17259979509995177 0.051411389434083764
2402 0.4732523485371911 -0.12574705817221396 0.10109348131836572
2403 0.47097780313222937 -0.1494532835721336 0.07644360657534656
2404 0.461788142079628 -0.1752586424959272 0.07769247109681875
2405 0.4558858514216449 -0.17728805806621484 0.10361966483574576
2406 0.47097780313222937 -0.07644360657534656 0.1494532835721336
2407 0.4732523485371911 -0.10109348131836572 0.12574705817221396
2408 0.46643989941675396 -0.051411389434083764 0.17259979509995177
2409 0.461788142079628 -0.07769247109681875 0.1752586424959272
2410 0.4558858514216449 -0.10361966483574576 0.17728805806621484
2411 0.4484043493533124 -0.1790133090307282 0.12995297099682432
2412 0.43994320350002625 -0.17987335167481458 0.15522743008696258
2413 0.4484043493533124 -0.12995297099682432 0.1790133090307282
2414 0.43994320350002625 -0.15522743008696258 0.17987335167481458
2415 0.43018044145034007 -0.18020098195291617 0.18020098195291617
2416 0.46639113117863 -0.12743491036195267 0.12743491036195267
2417 0.4580606962936099 -0.12887584784544134 0.1535298484110887
2418 0.4580606962936099 -0.1535298484110887 0.12887584784544134
2419 0.026700715699193016 -0.339446047795165 0.36614676349435804
2420 0.026683219570729912 -0.3210181778183925 0.3824072898147982
2421 0.0796452904491289 -0.30693731610597236 0.3865826065551013
2422 0.07952041301920892 -0.28721445192008804 0.4014777235681923
2423 0.05328051870937968 -0.30476767575067343 0.39278219173428897
2424 0.02662944069111305 -0.3017022320916508 0.39782739478245344
2425 0.02661125930266508 -0.2817614103224409 0.41219212575137254
2426 0.13122711219763392 -0.26917680183910536 0.4004039140367393
2427 0.13108985914896235 -0.24798481419500817 0.41390697113840985
2428 0.10575159866316343 -0.2680419143598523 0.40861978846660224
2429 0.18056360167340835 -0.2268105978628626 0.40737419953627096
2430 0.17989386190982404 -0.2045393913001334 0.41928729512559765
2431 0.15589007097598395 -0.22673883468569644 0.41747788757786325
2432 0.13064537041697363 -0.2260410824897352 0.4264237519363578
2433 0.1299726368681707 -0.203629789765988 0.4377693712280407
2434 0.10513125073929257 -0.2248036522519456 0.43406305769113573
2435 0.026394797175345885 -0.260549881183306 0.4259308325273452
2436 0.02637461071363317 -0.2392770703313819 0.4382360819505112
2437 0.07872132430060486 -0.22272805021067482 0.44067580912697035
2438 0.07857775959917007 -0.20041139847060016 0.4512879425150126
2439 0.05265564829382362 -0.22032706437422822 0.44573912483311556
2440 0.026312784162315684 -0.217302557669827 0.4495411391850348
2441 0.026291954106787047 -0.19492070809089387 0.4596897330880809
2442 0.07953500781268552 -0.2664092713754977 0.4155722351859089
2443 0.07924191226070668 -0.24481622668115616 0.4287023845220215
2444 0.052976393745196276 -0.26387525526366895 0.4213826661898747
2445 0.2268105978628626 -0.18056360167340835 0.40737419953627096
2446 0.22673883468569644 -0.15589007097598395 0.41747788757786325
2447 0.2045393913001334 -0.17989386190982404 0.41928729512559765
2448 0.26917680183910536 -0.13122711219763392 0.4004039140367393
2449 0.26804191435985236 -0.10575159866316342 0.4086197884666022
2450 0.24798481419500817 -0.13108985914896235 0.41390697113840985
2451 0.2260410824897352 -0.13064537041697363 0.4264237519363578
2452 0.2248036522519456 -0.10513125073929255 0.4340630576911358
2453 0.203629789765988 -0.1299726368681707 0.4377693712280407
2454 0.30693731610597236 -0.0796452904491289 0.3865826065551013
2455 0.30476767575067343 -0.05328051870937968 0.39278219173428897
2456 0.28721445192008804 -0.07952041301920892 0.4014777235681923
2457 0.339446047795165 -0.026700715699193016 0.36614676349435804
2458 0.3210181778183925 -0.026683219570729912 0.3824072898147982
2459 0.3017022320916508 -0.02662944069111305 0.39782739478245344
2460 0.2817614103224409 -0.02661125930266508 0.41219212575137254
2461 0.22272805021067482 -0.07872132430060486 0.44067580912697035
2462 0.22032706437422822 -0.05265564829382362 0.44573912483311556
2463 0.20041139847060016 -0.07857775959917007 0.4512879425150126
2464 0.260549881183306 -0.026394797175345885 0.4259308325273452
2465 0.2392770703313819 -0.02637461071363317 0.4382360819505112
2466 0.217302557669827 -0.026312784162315684 0.4495411391850348
2467 0.19492070809089387 -0.026291954106787047 0.4596897330880809
2468 0.2664092713754977 -0.07953500781268552 0.4155722351859089
2469 0.26387525526366895 -0.052976393745196276 0.4213826661898747
2470 0.24481622668115618 -0.07924191226070668 0.4287023845220215
2471 0.025138584143972142 -0.1694358098673724 0.4697441409127143
2472 0.0251113868971465 -0.1461235533275682 0.47751159714820235
2473 0.07494461509378747 -0.12334606389768071 0.4787160465133723
2474 0.07475251333309814 -0.09929228538243727 0.484306828171891
2475 0.05011024504014447 -0.12299588064236695 0.482038356033029
2476 0.02502865957414287 -0.12233827289843992 0.48415587694888973
2477 0.025000973014219455 -0.09837450276708466 0.48958902005015503
2478 0.12334606389768071 -0.07494461509378747 0.4787160465133723
2479 0.12299588064236695 -0.05011024504014447 0.482038356033029
2480 0.09929228538243727 -0.07475251333309814 0.484306828171891
2481 0.1694358098673724 -0.025138584143972142 0.4697441409127143
2482 0.1461235533275682 -0.0251113868971465 0.47751159714820235
2483 0.12233827289843992 -0.02502865957414287 0.48415587694888973
2484 0.09837450276708466 -0.025000973014219455 0.48958902005015503
2485 0.024680754784697955 -0.07357033068316958 0.49394156211684254
2486 0.024651675329487605 -0.04918580036317442 0.49696383363991736
2487 0.07357033068316958 -0.024680754784697955 0.49394156211684254
2488 0.04918580036317442 -0.024651675329487605 0.49696383363991736
2489 0.024563353347409337 -0.024563353347409337 0.4987918236545789
2490 0.07462786440298134 -0.07462786440298134 0.48873445111768044
2491 0.07419426131756035 -0.04965417836737043 0.4919651147776668
2492 0.04965417836737043 -0.07419426131756035 0.4919651147776668
2493 0.18020098195291617 -0.18020098195291617 0.43018044145034007
2494 0.1790133090307282 -0.12995297099682432 0.4484043493533124
2495 0.17987335167481458 -0.15522743008696258 0.43994320350002625
2496 0.15522743008696258 -0.17987335167481458 0.43994320350002625
2497 0.12995297099682432 -0.1790133090307282 0.4484043493533124
2498 0.1752586424959272 -0.07769247109681875 0.461788142079628
2499 0.17728805806621484 -0.10361966483574576 0.4558858514216449
2500 0.17259979509995177 -0.05141138943408377 0.466439899416754
2501 0.1494532835721336 -0.07644360657534656 0.47097780313222937
2502 0.125747058172214 -0.10109348131836574 0.4732523485371911
2503 0.10361966483574576 -0.17728805806621484 0.4558858514216449
2504 0.07769247109681875 -0.1752586424959272 0.461788142079628
2505 0.10109348131836574 -0.125747058172214 0.4732523485371911
2506 0.07644360657534656 -0.1494532835721336 0.47097780313222937
2507 0.05141138943408377 -0.17259979509995177 0.466439899416754
2508 0.1535298484110887 -0.12887584784544134 0.4580606962936099
2509 0.1274349103619527 -0.1274349103619527 0.46639113117863007
2510 0.12887584784544134 -0.1535298484110887 0.4580606962936099
2511 0.35152828317071005 -0.35152828317071005 0.053439051845126595
2512 0.3709034252897398 -0.3179232899814 0.10656186370245674
2513 0.3620652869865264 -0.33536369416794737 0.0802491158418062
2514 0.33536369416794737 -0.3620652869865264 0.0802491158418062
2515 0.3179232899814 -0.3709034252897398 0.10656186370245674
2516 0.3835897955038804 -0.27853213397270243 0.15899282729074202
2517 0.37820048179699217 -0.29853027805742804 0.13358169280061402
2518 0.3891475824667437 -0.23508983563759972 0.20807913936811445
2519 0.3872523981343809 -0.2572545164442661 0.18399916822691792
2520 0.36494623831210093 -0.28653492376498485 0.1863115149550383
2521 0.34480519427961615 -0.29308364866405984 0.2126296143145587
2522 0.3408472931834216 -0.3141287193334708 0.18747338589636683
2523 0.29853027805742804 -0.37820048179699217 0.13358169280061402
2524 0.2785321339727024 -0.38358979550388034 0.15899282729074202
2525 0.3141287193334708 -0.3408472931834216 0.18747338589636683
2526 0.29308364866405984 -0.34480519427961615 0.2126296143145587
2527 0.28653492376498485 -0.36494623831210093 0.1863115149550383
2528 0.25725451644426617 -0.38725239813438095 0.18399916822691795
2529 0.23508983563759975 -0.38914758246674375 0.20807913936811448
2530 0.3536806981969422 -0.3269611650445563 0.13418777990424394
2531 0.33463808703731196 -0.33463808703731196 0.16135272358413025
2532 0.3269611650445563 -0.3536806981969422 0.13418777990424394
2533 0.3872523981343809 -0.18399916822691792 0.2572545164442661
2534 0.3891475824667437 -0.20807913936811445 0.23508983563759972
2535 0.37820048179699217 -0.13358169280061402 0.29853027805742804
2536 0.3835897955038804 -0.15899282729074202 0.27853213397270243
2537 0.36494623831210093 -0.1863115149550383 0.28653492376498485
2538 0.3408472931834216 -0.1874733858963668 0.3141287193334708
2539 0.34480519427961615 -0.2126296143145587 0.29308364866405984
2540 0.3620652869865264 -0.0802491158418062 0.33536369416794737
2541 0.3709034252897398 -0.10656186370245674 0.3179232899814
2542 0.35152828317071005 -0.053439051845126595 0.35152828317071005
2543 0.33536369416794737 -0.0802491158418062 0.3620652869865264
2544 0.3179232899814 -0.10656186370245674 0.3709034252897398
2545 0.3141287193334708 -0.18747338589636683 0.3408472931834216
2546 0.28653492376498485 -0.1863115149550383 0.36494623831210093
2547 0.29308364866405984 -0.2126296143145587 0.34480519427961615
2548 0.29853027805742804 -0.13358169280061402 0.37820048179699217
2549 0.2785321339727024 -0.15899282729074202 0.38358979550388034
2550 0.25725451644426617 -0.18399916822691795 0.38725239813438095
2551 0.23508983563759972 -0.20807913936811445 0.3891475824667437
2552 0.3536806981969422 -0.13418777990424394 0.3269611650445563
2553 0.3269611650445563 -0.13418777990424394 0.3536806981969422
2554 0.33463808703731196 -0.16135272358413025 0.33463808703731196
2555 0.20807913936811445 -0.3891475824667437 0.23508983563759972
2556 0.18399916822691792 -0.3872523981343809 0.2572545164442661
2557 0.2126296143145587 -0.34480519427961615 0.29308364866405984
2558 0.1874733858963668 -0.3408472931834216 0.3141287193334708
2559 0.18631151495503828 -0.36494623831210093 0.28653492376498485
2560 0.158992827290742 -0.3835897955038804 0.2785321339727024
2561 0.13358169280061402 -0.37820048179699217 0.298530278057428
2562 0.2126296143145587 -0.29308364866405984 0.34480519427961615
2563 0.18631151495503828 -0.28653492376498485 0.36494623831210093
2564 0.18747338589636683 -0.3141287193334708 0.3408472931834216
2565 0.20807913936811445 -0.23508983563759972 0.3891475824667437
2566 0.18399916822691795 -0.25725451644426617 0.38725239813438095
2567 0.15899282729074202 -0.2785321339727024 0.38358979550388034
2568 0.13358169280061402 -0.29853027805742804 0.37820048179699217
2569 0.10656186370245674 -0.3709034252897398 0.31792328998140007
2570 0.0802491158418062 -0.3620652869865264 0.33536369416794737
2571 0.10656186370245674 -0.3179232899814 0.3709034252897398
2572 0.0802491158418062 -0.33536369416794737 0.3620652869865264
2573 0.053439051845126595 -0.35152828317071005 0.35152828317071005
2574 0.16135272358413025 -0.33463808703731196 0.33463808703731196
2575 0.13418777990424394 -0.3269611650445563 0.3536806981969422
2576 0.1341877799042439 -0.35368069819694226 0.32696116504455625
2577 0.3690348060368497 -0.23855116006146837 0.23855116006146837
2578 0.3225726840665765 -0.24208400698631782 0.295537133124643
2579 0.3466746388505992 -0.2409069588443993 0.2679188906332464
2580 0.3466746388505992 -0.2679188906332464 0.2409069588443993
2581 0.3225726840665765 -0.295537133124643 0.24208400698631782
2582 0.26791889063324636 -0.2409069588443993 0.3466746388505992
2583 0.295537133124643 -0.2420840069863178 0.32257268406657646
2584 0.2385511600614684 -0.2385511600614684 0.36903480603684974
2585 0.2409069588443993 -0.26791889063324636 0.3466746388505992
2586 0.2420840069863178 -0.295537133124643 0.32257268406657646
2587 0.295537133124643 -0.3225726840665765 0.24208400698631782
2588 0.2679188906332464 -0.3466746388505992 0.2409069588443993
2589 0.24208400698631782 -0.3225726840665765 0.295537133124643
2590 0.2409069588443993 -0.3466746388505992 0.2679188906332464
2591 0.2385511600614684 -0.36903480603684974 0.2385511600614684
2592 0.2974059387397313 -0.2703690352179375 0.2974059387397313
2593 0.2703690352179375 -0.2974059387397313 0.2974059387397313
2594 0.2974059387397313 -0.2974059387397313 0.2703690352179375
2595 0.0 -0.49939772810258615 -0.024533837163709004
2596 0.024563353347409337 -0.4987918236545789 -0.024563353347409337
2597 0.0 -0.49458825498239045 -0.07336523722768086
2598 0.024680754784697955 -0.49394156211684254 -0.07357033068316958
2599 0.024651675329487605 -0.49696383363991736 -0.04918580036317442
2600 0.04918580036317442 -0.49696383363991736 -0.024651675329487605
2601 0.07357033068316958 -0.49394156211684254 -0.024680754784697955
2602 0.0 -0.485015626597272 -0.12149008995163194
2603 0.025028659574142874 -0.48415587694888973 -0.12233827289843992
2604 0.025000973014219455 -0.489589020050155 -0.09837450276708466
2605 0.0 -0.47077203259151035 -0.16844492669611
2606 0.025138584143972142 -0.4697441409127143 -0.1694358098673724
2607 0.0251113868971465 -0.47751159714820235 -0.1461235533275682
2608 0.050110245040144476 -0.482038356033029 -0.12299588064236695
2609 0.07494461509378748 -0.4787160465133723 -0.1233460638976807
2610 0.07475251333309814 -0.484306828171891 -0.09929228538243726
2611 0.09837450276708466 -0.48958902005015503 -0.025000973014219458
2612 0.12233827289843992 -0.48415587694888973 -0.025028659574142874
2613 0.09929228538243726 -0.484306828171891 -0.07475251333309814
2614 0.1233460638976807 -0.4787160465133723 -0.07494461509378748
2615 0.12299588064236695 -0.482038356033029 -0.050110245040144476
2616 0.1461235533275682 -0.47751159714820235 -0.0251113868971465
2617 0.1694358098673724 -0.4697441409127143 -0.025138584143972142
2618 0.04965417836737043 -0.4919651147776668 -0.07419426131756035
2619 0.07462786440298136 -0.48873445111768044 -0.07462786440298136
2620 0.07419426131756035 -0.4919651147776668 -0.04965417836737043
2621 0.0 -0.4519946465617216 -0.213777546715141
2622 0.026312784162315684 -0.4495411391850348 -0.21730255766982703
2623 0.026291954106787047 -0.4596897330880809 -0.19492070809089387
2624 0.0 -0.428864305000136 -0.25705137209661083
2625 0.026394797175345888 -0.42593083252734515 -0.2605498811833061
2626 0.02637461071363317 -0.4382360819505112 -0.2392770703313819
2627 0.05265564829382362 -0.44573912483311556 -0.22032706437422822
2628 0.07872132430060486 -0.4406758091269704 -0.22272805021067485
2629 0.07857775959917006 -0.45128794251501253 -0.20041139847060013
2630 0.0 -0.40160376574032247 -0.29784965224621657
2631 0.02662944069111305 -0.39782739478245344 -0.3017022320916508
2632 0.026611259302665086 -0.41219212575137254 -0.28176141032244095
2633 0.0 -0.37047556267747955 -0.33577947742350917
2634 0.026700715699193016 -0.36614676349435804 -0.339446047795165
2635 0.026683219570729912 -0.3824072898147982 -0.3210181778183925
2636 0.05328051870937968 -0.39278219173428897 -0.30476767575067343
2637 0.0796452904491289 -0.3865826065551013 -0.30693731610597236
2638 0.07952041301920892 -0.4014777235681923 -0.28721445192008804
2639 0.10513125073929255 -0.4340630576911358 -0.2248036522519456
2640 0.13064537041697366 -0.42642375193635784 -0.22604108248973523
2641 0.1299726368681707 -0.4377693712280407 -0.203629789765988
2642 0.10575159866316342 -0.4086197884666022 -0.26804191435985236
2643 0.13122711219763392 -0.40040391403673936 -0.26917680183910536
2644 0.13108985914896232 -0.41390697113840985 -0.24798481419500817
2645 0.15589007097598395 -0.41747788757786325 -0.22673883468569644
2646 0.18056360167340835 -0.40737419953627096 -0.2268105978628626
2647 0.17989386190982404 -0.41928729512559765 -0.2045393913001334
2648 0.052976393745196276 -0.4213826661898747 -0.263875255263669
2649 0.07953500781268552 -0.4155722351859089 -0.2664092713754977
2650 0.07924191226070668 -0.4287023845220215 -0.24481622668115618
2651 0.19492070809089387 -0.4596897330880809 -0.026291954106787047
2652 0.217302557669827 -0.4495411391850348 -0.026312784162315684
2653 0.20041139847060016 -0.4512879425150126 -0.07857775959917007
2654 0.22272805021067485 -0.4406758091269704 -0.07872132430060486
2655 0.22032706437422822 -0.44573912483311556 -0.05265564829382362
2656 0.2392770703313819 -0.4382360819505112 -0.02637461071363317
2657 0.2605498811833061 -0.4259308325273452 -0.026394797175345888
2658 0.203629789765988 -0.4377693712280407 -0.1299726368681707
2659 0.2260410824897352 -0.4264237519363578 -0.13064537041697363
2660 0.2248036522519456 -0.4340630576911358 -0.10513125073929255
2661 0.2045393913001334 -0.41928729512559765 -0.17989386190982404
2662 0.2268105978628626 -0.40737419953627096 -0.18056360167340835
2663 0.22673883468569644 -0.41747788757786325 -0.15589007097598395
2664 0.24798481419500817 -0.41390697113840985 -0.13108985914896235
2665 0.26917680183910536 -0.40040391403673936 -0.13122711219763392
2666 0.26804191435985236 -0.4086197884666022 -0.10575159866316342
2667 0.2817614103224409 -0.41219212575137254 -0.02661125930266508
2668 0.3017022320916508 -0.39782739478245344 -0.02662944069111305
2669 0.28721445192008804 -0.4014777235681923 -0.07952041301920892
2670 0.30693731610597236 -0.3865826065551013 -0.0796452904491289
2671 0.30476767575067343 -0.39278219173428897 -0.05328051870937968
2672 0.3210181778183925 -0.3824072898147982 -0.026683219570729912
2673 0.339446047795165 -0.36614676349435804 -0.026700715699193016
2674 0.24481622668115618 -0.4287023845220215 -0.07924191226070668
2675 0.2664092713754977 -0.4155722351859089 -0.07953500781268552
2676 0.26387525526366895 -0.4213826661898747 -0.052976393745196276
2677 0.051411389434083764 -0.46643989941675396 -0.17259979509995177
2678 0.10361966483574576 -0.4558858514216449 -0.17728805806621484
2679 0.07769247109681875 -0.461788142079628 -0.1752586424959272
2680 0.07644360657534656 -0.47097780313222937 -0.1494532835721336
2681 0.10109348131836572 -0.4732523485371911 -0.12574705817221396
2682 0.15522743008696258 -0.43994320350002625 -0.17987335167481458
2683 0.12995297099682432 -0.4484043493533124 -0.1790133090307282
2684 0.18020098195291617 -0.43018044145034007 -0.18020098195291617
2685 0.17987335167481458 -0.43994320350002625 -0.15522743008696258
2686 0.1790133090307282 -0.4484043493533124 -0.12995297099682432
2687 0.12574705817221396 -0.4732523485371911 -0.10109348131836572
2688 0.1494532835721336 -0.47097780313222937 -0.07644360657534656
2689 0.1772880580662148 -0.4558858514216449 -0.10361966483574576
2690 0.1752586424959272 -0.461788142079628 -0.07769247109681876
2691 0.17259979509995177 -0.466439899416754 -0.05141138943408377
2692 0.12887584784544134 -0.4580606962936099 -0.1535298484110887
2693 0.15352984841108866 -0.4580606962936099 -0.12887584784544132
2694 0.12743491036195267 -0.46639113117863 -0.12743491036195267
2695 0.0 -0.33577947742350917 -0.37047556267747955
2696 0.026683219570729912 -0.3210181778183925 -0.3824072898147982
2697 0.026700715699193016 -0.339446047795165 -0.36614676349435804
2698 0.0 -0.29784965224621657 -0.40160376574032247
2699 0.02661125930266508 -0.2817614103224409 -0.41219212575137254
2700 0.02662944069111305 -0.3017022320916508 -0.39782739478245344
2701 0.05328051870937968 -0.30476767575067343 -0.39278219173428897
2702 0.07952041301920892 -0.28721445192008804 -0.4014777235681923
2703 0.0796452904491289 -0.30693731610597236 -0.3865826065551013
2704 0.0 -0.2570513720966108 -0.428864305000136
2705 0.02637461071363317 -0.2392770703313819 -0.4382360819505112
2706 0.026394797175345885 -0.260549881183306 -0.4259308325273452
2707 0.0 -0.213777546715141 -0.4519946465617216
2708 0.026291954106787047 -0.19492070809089387 -0.4596897330880809
2709 0.026312784162315684 -0.217302557669827 -0.4495411391850348
2710 0.05265564829382362 -0.22032706437422822 -0.44573912483311556
2711 0.07857775959917007 -0.20041139847060016 -0.4512879425150126
2712 0.07872132430060486 -0.22272805021067482 -0.44067580912697035
2713 0.10575159866316343 -0.2680419143598523 -0.40861978846660224
2714 0.13108985914896235 -0.24798481419500817 -0.41390697113840985
2715 0.13122711219763392 -0.26917680183910536 -0.4004039140367393
2716 0.10513125073929257 -0.2248036522519456 -0.43406305769113573
2717 0.1299726368681707 -0.203629789765988 -0.4377693712280407
2718 0.13064537041697363 -0.2260410824897352 -0.4264237519363578
2719 0.15589007097598395 -0.22673883468569644 -0.41747788757786325
2720 0.17989386190982404 -0.2045393913001334 -0.41928729512559765
2721 0.18056360167340835 -0.2268105978628626 -0.40737419953627096
2722 0.052976393745196276 -0.26387525526366895 -0.4213826661898747
2723 0.07924191226070668 -0.24481622668115616 -0.4287023845220215
2724 0.07953500781268552 -0.2664092713754977 -0.4155722351859089
2725 0.0 -0.16844492669611 -0.47077203259151035
2726 0.0251113868971465 -0.1461235533275682 -0.47751159714820235
2727 0.025138584143972142 -0.1694358098673724 -0.4697441409127143
2728 0.0 -0.12149008995163194 -0.485015626597272
2729 0.025000973014219455 -0.09837450276708466 -0.48958902005015503
2730 0.02502865957414287 -0.12233827289843992 -0.48415587694888973
2731 0.05011024504014447 -0.12299588064236695 -0.482038356033029
2732 0.07475251333309814 -0.09929228538243727 -0.484306828171891
2733 0.07494461509378747 -0.12334606389768071 -0.4787160465133723
2734 0.0 -0.07336523722768086 -0.49458825498239045
2735 0.024651675329487605 -0.04918580036317442 -0.49696383363991736
2736 0.024680754784697955 -0.07357033068316958 -0.49394156211684254
2737 0.0 -0.024533837163709004 -0.49939772810258615
2738 0.024533837163709004 0.0 -0.49939772810258615
2739 0.024563353347409337 -0.024563353347409337 -0.4987918236545789
2740 0.04918580036317442 -0.024651675329487605 -0.49696383363991736
2741 0.07336523722768086 0.0 -0.49458825498239045
2742 0.07357033068316958 -0.024680754784697955 -0.49394156211684254
2743 0.09929228538243727 -0.07475251333309814 -0.484306828171891
2744 0.12299588064236695 -0.05011024504014447 -0.482038356033029
2745 0.12334606389768071 -0.07494461509378747 -0.4787160465133723
2746 0.09837450276708466 -0.025000973014219455 -0.48958902005015503
2747 0.12149008995163194 0.0 -0.485015626597272
2748 0.12233827289843992 -0.02502865957414287 -0.48415587694888973
2749 0.1461235533275682 -0.0251113868971465 -0.47751159714820235
2750 0.16844492669611 0.0 -0.47077203259151035
2751 0.1694358098673724 -0.025138584143972142 -0.4697441409127143
2752 0.04965417836737043 -0.07419426131756035 -0.4919651147776668
2753 0.07419426131756035 -0.04965417836737043 -0.4919651147776668
2754 0.07462786440298134 -0.07462786440298134 -0.48873445111768044
2755 0.2045393913001334 -0.17989386190982404 -0.41928729512559765
2756 0.22673883468569644 -0.15589007097598395 -0.41747788757786325
2757 0.2268105978628626 -0.18056360167340835 -0.40737419953627096
2758 0.203629789765988 -0.1299726368681707 -0.4377693712280407
2759 0.2248036522519456 -0.10513125073929255 -0.4340630576911358
2760 0.2260410824897352 -0.13064537041697363 -0.4264237519363578
2761 0.24798481419500817 -0.13108985914896235 -0.41390697113840985
2762 0.26804191435985236 -0.10575159866316342 -0.4086197884666022
2763 0.26917680183910536 -0.13122711219763392 -0.4004039140367393
2764 0.20041139847060016 -0.07857775959917007 -0.4512879425150126
2765 0.22032706437422822 -0.05265564829382362 -0.44573912483311556
2766 0.22272805021067482 -0.07872132430060486 -0.44067580912697035
2767 0.19492070809089387 -0.026291954106787047 -0.4596897330880809
2768 0.213777546715141 0.0 -0.4519946465617216
2769 0.217302557669827 -0.026312784162315684 -0.4495411391850348
2770 0.2392770703313819 -0.02637461071363317 -0.4382360819505112
2771 0.2570513720966108 0.0 -0.428864305000136
2772 0.260549881183306 -0.026394797175345885 -0.4259308325273452
2773 0.28721445192008804 -0.07952041301920892 -0.4014777235681923
2774 0.30476767575067343 -0.05328051870937968 -0.39278219173428897
2775 0.30693731610597236 -0.0796452904491289 -0.3865826065551013
2776 0.2817614103224409 -0.02661125930266508 -0.41219212575137254
2777 0.29784965224621657 0.0 -0.40160376574032247
2778 0.3017022320916508 -0.02662944069111305 -0.39782739478245344
2779 0.3210181778183925 -0.026683219570729912 -0.3824072898147982
2780 0.33577947742350917 0.0 -0.37047556267747955
2781 0.339446047795165 -0.026700715699193016 -0.36614676349435804
2782 0.24481622668115618 -0.07924191226070668 -0.4287023845220215
2783 0.26387525526366895 -0.052976393745196276 -0.4213826661898747
2784 0.2664092713754977 -0.07953500781268552 -0.4155722351859089
2785 0.05141138943408377 -0.17259979509995177 -0.466439899416754
2786 0.10109348131836574 -0.125747058172214 -0.4732523485371911
2787 0.07644360657534656 -0.1494532835721336 -0.47097780313222937
2788 0.07769247109681875 -0.1752586424959272 -0.461788142079628
2789 0.10361966483574576 -0.17728805806621484 -0.4558858514216449
2790 0.1494532835721336 -0.07644360657534656 -0.47097780313222937
2791 0.125747058172214 -0.10109348131836574 -0.4732523485371911
2792 0.17259979509995177 -0.05141138943408377 -0.466439899416754
2793 0.1752586424959272 -0.07769247109681875 -0.461788142079628
2794 0.17728805806621484 -0.10361966483574576 -0.4558858514216449
2795 0.12995297099682432 -0.1790133090307282 -0.4484043493533124
2796 0.15522743008696258 -0.17987335167481458 -0.43994320350002625
2797 0.1790133090307282 -0.12995297099682432 -0.4484043493533124
2798 0.17987335167481458 -0.15522743008696258 -0.43994320350002625
2799 0.18020098195291617 -0.18020098195291617 -0.43018044145034007
2800 0.1274349103619527 -0.1274349103619527 -0.46639113117863007
2801 0.1535298484110887 -0.12887584784544134 -0.4580606962936099
2802 0.12887584784544134 -0.1535298484110887 -0.4580606962936099
2803 0.36614676349435804 -0.339446047795165 -0.026700715699193016
2804 0.3824072898147982 -0.3210181778183925 -0.02668321957072991
2805 0.3865826065551013 -0.30693731610597236 -0.0796452904491289
2806 0.4014777235681923 -0.28721445192008804 -0.07952041301920892
2807 0.39278219173428897 -0.30476767575067343 -0.05328051870937968
2808 0.39782739478245344 -0.3017022320916508 -0.02662944069111305
2809 0.41219212575137254 -0.28176141032244095 -0.026611259302665086
2810 0.40040391403673936 -0.26917680183910536 -0.13122711219763392
2811 0.41390697113840985 -0.24798481419500817 -0.13108985914896232
2812 0.4086197884666022 -0.26804191435985236 -0.10575159866316342
2813 0.40737419953627096 -0.2268105978628626 -0.18056360167340835
2814 0.41928729512559765 -0.2045393913001334 -0.17989386190982404
2815 0.41747788757786325 -0.22673883468569644 -0.15589007097598395
2816 0.42642375193635784 -0.22604108248973523 -0.13064537041697366
2817 0.4377693712280407 -0.203629789765988 -0.1299726368681707
2818 0.4340630576911358 -0.2248036522519456 -0.10513125073929255
2819 0.42593083252734515 -0.2605498811833061 -0.026394797175345888
2820 0.4382360819505112 -0.2392770703313819 -0.02637461071363317
2821 0.4406758091269704 -0.22272805021067485 -0.07872132430060486
2822 0.4512879425150126 -0.20041139847060016 -0.07857775959917007
2823 0.44573912483311556 -0.22032706437422822 -0.05265564829382362
2824 0.4495411391850348 -0.21730255766982703 -0.026312784162315684
2825 0.4596897330880809 -0.19492070809089387 -0.026291954106787047
2826 0.4155722351859089 -0.2664092713754977 -0.07953500781268552
2827 0.4287023845220215 -0.24481622668115618 -0.07924191226070668
2828 0.4213826661898747 -0.263875255263669 -0.052976393745196276
2829 0.40737419953627096 -0.18056360167340835 -0.2268105978628626
2830 0.41747788757786325 -0.15589007097598395 -0.22673883468569644
2831 0.41928729512559765 -0.17989386190982404 -0.2045393913001334
2832 0.40040391403673936 -0.13122711219763392 -0.26917680183910536
2833 0.4086197884666022 -0.10575159866316342 -0.26804191435985236
2834 0.41390697113840985 -0.13108985914896232 -0.24798481419500817
2835 0.42642375193635784 -0.13064537041697366 -0.22604108248973523
2836 0.4340630576911358 -0.10513125073929255 -0.2248036522519456
2837 0.4377693712280407 -0.1299726368681707 -0.203629789765988
2838 0.3865826065551013 -0.0796452904491289 -0.30693731610597236
2839 0.39278219173428897 -0.05328051870937968 -0.30476767575067343
2840 0.4014777235681923 -0.07952041301920892 -0.28721445192008804
2841 0.36614676349435804 -0.026700715699193016 -0.339446047795165
2842 0.37047556267747955 0.0 -0.33577947742350917
2843 0.3824072898147982 -0.02668321957072991 -0.3210181778183925
2844 0.39782739478245344 -0.02662944069111305 -0.3017022320916508
2845 0.40160376574032247 0.0 -0.29784965224621657
2846 0.41219212575137254 -0.026611259302665086 -0.28176141032244095
2847 0.4406758091269704 -0.07872132430060486 -0.22272805021067485
2848 0.44573912483311556 -0.05265564829382362 -0.22032706437422822
2849 0.4512879425150126 -0.07857775959917007 -0.20041139847060016
2850 0.42593083252734515 -0.026394797175345888 -0.2605498811833061
2851 0.428864305000136 0.0 -0.25705137209661083
2852 0.4382360819505112 -0.02637461071363317 -0.2392770703313819
2853 0.4495411391850348 -0.026312784162315684 -0.21730255766982703
2854 0.4519946465617216 0.0 -0.213777546715141
2855 0.4596897330880809 -0.026291954106787047 -0.19492070809089387
2856 0.4155722351859089 -0.07953500781268552 -0.2664092713754977
2857 0.4213826661898747 -0.052976393745196276 -0.263875255263669
2858 0.4287023845220215 -0.07924191226070668 -0.24481622668115618
2859 0.4697441409127143 -0.1694358098673724 -0.025138584143972142
2860 0.47751159714820235 -0.1461235533275682 -0.0251113868971465
2861 0.4787160465133723 -0.1233460638976807 -0.07494461509378748
2862 0.484306828171891 -0.09929228538243726 -0.07475251333309814
2863 0.482038356033029 -0.12299588064236695 -0.050110245040144476
2864 0.48415587694888973 -0.12233827289843992 -0.025028659574142874
2865 0.489589020050155 -0.09837450276708466 -0.025000973014219455
2866 0.4787160465133723 -0.07494461509378748 -0.1233460638976807
2867 0.482038356033029 -0.050110245040144476 -0.12299588064236695
2868 0.484306828171891 -0.07475251333309814 -0.09929228538243726
2869 0.4697441409127143 -0.025138584143972142 -0.1694358098673724
2870 0.47077203259151035 0.0 -0.16844492669611
2871 0.47751159714820235 -0.0251113868971465 -0.1461235533275682
2872 0.48415587694888973 -0.025028659574142874 -0.12233827289843992
2873 0.485015626597272 0.0 -0.12149008995163194
2874 0.489589020050155 -0.025000973014219455 -0.09837450276708466
2875 0.49394156211684254 -0.07357033068316958 -0.024680754784697955
2876 0.4969638336399173 -0.04918580036317442 -0.024651675329487602
2877 0.49394156211684254 -0.024680754784697955 -0.07357033068316958
2878 0.49458825498239045 0.0 -0.07336523722768086
2879 0.4969638336399173 -0.024651675329487602 -0.04918580036317442
2880 0.4987918236545789 -0.024563353347409337 -0.024563353347409337
2881 0.49939772810258615 0.0 -0.024533837163709004
2882 0.48873445111768044 -0.07462786440298136 -0.07462786440298136
2883 0.4919651147776668 -0.04965417836737043 -0.07419426131756035
2884 0.4919651147776668 -0.07419426131756035 -0.04965417836737043
2885 0.43018044145034007 -0.18020098195291617 -0.18020098195291617
2886 0.4484043493533124 -0.12995297099682432 -0.1790133090307282
2887 0.43994320350002625 -0.15522743008696258 -0.17987335167481458
2888 0.43994320350002625 -0.17987335167481458 -0.15522743008696258
2889 0.4484043493533124 -0.1790133090307282 -0.12995297099682432
2890 0.461788142079628 -0.07769247109681875 -0.1752586424959272
2891 0.4558858514216449 -0.10361966483574576 -0.17728805806621484
2892 0.46643989941675396 -0.051411389434083764 -0.17259979509995177
2893 0.47097780313222937 -0.07644360657534656 -0.1494532835721336
2894 0.4732523485371911 -0.10109348131836572 -0.12574705817221396
2895 0.4558858514216449 -0.17728805806621484 -0.10361966483574576
2896 0.461788142079628 -0.1752586424959272 -0.07769247109681875
2897 0.4732523485371911 -0.12574705817221396 -0.10109348131836572
2898 0.47097780313222937 -0.1494532835721336 -0.07644360657534656
2899 0.46643989941675396 -0.17259979509995177 -0.051411389434083764
2900 0.4580606962936099 -0.12887584784544134 -0.1535298484110887
2901 0.46639113117863 -0.12743491036195267 -0.12743491036195267
2902 0.4580606962936099 -0.1535298484110887 -0.12887584784544134
2903 0.053439051845126595 -0.35152828317071005 -0.35152828317071005
2904 0.10656186370245674 -0.3179232899814 -0.3709034252897398
2905 0.0802491158418062 -0.33536369416794737 -0.3620652869865264
2906 0.0802491158418062 -0.3620652869865264 -0.33536369416794737
2907 0.10656186370245674 -0.3709034252897398 -0.31792328998140007
2908 0.15899282729074202 -0.2785321339727024 -0.38358979550388034
2909 0.13358169280061402 -0.29853027805742804 -0.37820048179699217
2910 0.20807913936811445 -0.23508983563759972 -0.3891475824667437
2911 0.18399916822691795 -0.25725451644426617 -0.38725239813438095
2912 0.18631151495503828 -0.28653492376498485 -0.36494623831210093
2913 0.2126296143145587 -0.29308364866405984 -0.34480519427961615
2914 0.18747338589636683 -0.3141287193334708 -0.3408472931834216
2915 0.13358169280061402 -0.37820048179699217 -0.298530278057428
2916 0.158992827290742 -0.3835897955038804 -0.2785321339727024
2917 0.1874733858963668 -0.3408472931834216 -0.3141287193334708
2918 0.2126296143145587 -0.34480519427961615 -0.29308364866405984
2919 0.18631151495503828 -0.36494623831210093 -0.28653492376498485
2920 0.18399916822691792 -0.3872523981343809 -0.2572545164442661
2921 0.20807913936811445 -0.3891475824667437 -0.23508983563759972
2922 0.13418777990424394 -0.3269611650445563 -0.3536806981969422
2923 0.16135272358413025 -0.33463808703731196 -0.33463808703731196
2924 0.1341877799042439 -0.35368069819694226 -0.32696116504455625
2925 0.25725451644426617 -0.18399916822691795 -0.38725239813438095
2926 0.23508983563759972 -0.20807913936811445 -0.3891475824667437
2927 0.29853027805742804 -0.13358169280061402 -0.37820048179699217
2928 0.2785321339727024 -0.15899282729074202 -0.38358979550388034
2929 0.28653492376498485 -0.1863115149550383 -0.36494623831210093
2930 0.3141287193334708 -0.18747338589636683 -0.3408472931834216
2931 0.29308364866405984 -0.2126296143145587 -0.34480519427961615
2932 0.33536369416794737 -0.0802491158418062 -0.3620652869865264
2933 0.3179232899814 -0.10656186370245674 -0.3709034252897398
2934 0.35152828317071005 -0.053439051845126595 -0.35152828317071005
2935 0.3620652869865264 -0.0802491158418062 -0.33536369416794737
2936 0.3709034252897398 -0.10656186370245674 -0.3179232899814
2937 0.3408472931834216 -0.1874733858963668 -0.3141287193334708
2938 0.36494623831210093 -0.1863115149550383 -0.28653492376498485
2939 0.34480519427961615 -0.2126296143145587 -0.29308364866405984
2940 0.37820048179699217 -0.13358169280061402 -0.29853027805742804
2941 0.3835897955038804 -0.15899282729074202 -0.27853213397270243
2942 0.3872523981343809 -0.18399916822691792 -0.2572545164442661
2943 0.3891475824667437 -0.20807913936811445 -0.23508983563759972
2944 0.3269611650445563 -0.13418777990424394 -0.3536806981969422
2945 0.3536806981969422 -0.13418777990424394 -0.3269611650445563
2946 0.33463808703731196 -0.16135272358413025 -0.33463808703731196
2947 0.23508983563759975 -0.38914758246674375 -0.20807913936811448
2948 0.25725451644426617 -0.38725239813438095 -0.18399916822691795
2949 0.29308364866405984 -0.34480519427961615 -0.2126296143145587
2950 0.3141287193334708 -0.3408472931834216 -0.18747338589636683
2951 0.28653492376498485 -0.36494623831210093 -0.1863115149550383
2952 0.2785321339727024 -0.38358979550388034 -0.15899282729074202
2953 0.29853027805742804 -0.37820048179699217 -0.13358169280061402
2954 0.34480519427961615 -0.29308364866405984 -0.2126296143145587
2955 0.36494623831210093 -0.28653492376498485 -0.1863115149550383
2956 0.3408472931834216 -0.3141287193334708 -0.18747338589636683
2957 0.3891475824667437 -0.23508983563759972 -0.20807913936811445
2958 0.3872523981343809 -0.2572545164442661 -0.18399916822691792
2959 0.3835897955038804 -0.27853213397270243 -0.15899282729074202
2960 0.37820048179699217 -0.29853027805742804 -0.13358169280061402
2961 0.3179232899814 -0.3709034252897398 -0.10656186370245674
2962 0.33536369416794737 -0.3620652869865264 -0.0802491158418062
2963 0.3709034252897398 -0.3179232899814 -0.10656186370245674
2964 0.3620652869865264 -0.33536369416794737 -0.0802491158418062
2965 0.35152828317071005 -0.35152828317071005 -0.053439051845126595
2966 0.33463808703731196 -0.33463808703731196 -0.16135272358413025
2967 0.3536806981969422 -0.3269611650445563 -0.13418777990424394
2968 0.3269611650445563 -0.3536806981969422 -0.13418777990424394
2969 0.2385511600614684 -0.2385511600614684 -0.36903480603684974
2970 0.295537133124643 -0.2420840069863178 -0.32257268406657646
2971 0.26791889063324636 -0.2409069588443993 -0.3466746388505992
2972 0.2409069588443993 -0.26791889063324636 -0.3466746388505992
2973 0.2420840069863178 -0.295537133124643 -0.32257268406657646
2974 0.3466746388505992 -0.2409069588443993 -0.2679188906332464
2975 0.3225726840665765 -0.24208400698631782 -0.295537133124643
2976 0.3690348060368497 -0.23855116006146837 -0.23855116006146837
2977 0.3466746388505992 -0.2679188906332464 -0.2409069588443993
2978 0.3225726840665765 -0.295537133124643 -0.24208400698631782
2979 0.24208400698631782 -0.3225726840665765 -0.295537133124643
2980 0.2409069588443993 -0.3466746388505992 -0.2679188906332464
2981 0.295537133124643 -0.3225726840665765 -0.24208400698631782
2982 0.2679188906332464 -0.3466746388505992 -0.2409069588443993
2983 0.2385511600614684 -0.36903480603684974 -0.2385511600614684
2984 0.2974059387397313 -0.2703690352179375 -0.2974059387397313
2985 0.2974059387397313 -0.2974059387397313 -0.2703690352179375
2986 0.2703690352179375 -0.2974059387397313 -0.2974059387397313
2987 0.4987918236545789 0.024563353347409337 -0.024563353347409337
2988 0.49394156211684254 0.024680754784697955 -0.07357033068316958
2989 0.4969638336399173 0.024651675329487602 -0.04918580036317442
2990 0.4969638336399173 0.04918580036317442 -0.024651675329487602
2991 0.49394156211684254 0.07357033068316958 -0.024680754784697955
2992 0.48415587694888973 0.025028659574142874 -0.12233827289843992
2993 0.489589020050155 0.025000973014219455 -0.09837450276708466
2994 0.4697441409127143 0.025138584143972142 -0.1694358098673724
2995 0.47751159714820235 0.0251113868971465 -0.1461235533275682
2996 0.482038356033029 0.050110245040144476 -0.12299588064236695
2997 0.4787160465133723 0.07494461509378748 -0.1233460638976807
2998 0.484306828171891 0.07475251333309814 -0.09929228538243726
2999 0.489589020050155 0.09837450276708466 -0.025000973014219455
3000 0.48415587694888973 0.12233827289843992 -0.025028659574142874
3001 0.484306828171891 0.09929228538243726 -0.07475251333309814
3002 0.4787160465133723 0.1233460638976807 -0.07494461509378748
3003 0.482038356033029 0.12299588064236695 -0.050110245040144476
3004 0.47751159714820235 0.1461235533275682 -0.0251113868971465
3005 0.4697441409127143 0.1694358098673724 -0.025138584143972142
3006 0.4919651147776668 0.04965417836737043 -0.07419426131756035
3007 0.48873445111768044 0.07462786440298136 -0.07462786440298136
3008 0.4919651147776668 0.07419426131756035 -0.04965417836737043
3009 0.4495411391850348 0.026312784162315684 -0.21730255766982703
3010 0.4596897330880809 0.026291954106787047 -0.19492070809089387
3011 0.42593083252734515 0.026394797175345888 -0.2605498811833061
3012 0.4382360819505112 0.02637461071363317 -0.2392770703313819
3013 0.44573912483311556 0.05265564829382362 -0.22032706437422822
3014 0.4406758091269704 0.07872132430060486 -0.22272805021067485
3015 0.4512879425150126 0.07857775959917007 -0.20041139847060016
3016 0.39782739478245344 0.02662944069111305 -0.3017022320916508
3017 0.41219212575137254 0.026611259302665086 -0.28176141032244095
3018 0.36614676349435804 0.026700715699193016 -0.339446047795165
3019 0.3824072898147982 0.02668321957072991 -0.3210181778183925
3020 0.39278219173428897 0.05328051870937968 -0.30476767575067343
3021 0.3865826065551013 0.0796452904491289 -0.30693731610597236
3022 0.4014777235681923 0.07952041301920892 -0.28721445192008804
3023 0.4340630576911358 0.10513125073929255 -0.2248036522519456
3024 0.42642375193635784 0.13064537041697366 -0.22604108248973523
3025 0.4377693712280407 0.1299726368681707 -0.203629789765988
3026 0.4086197884666022 0.10575159866316342 -0.26804191435985236
3027 0.40040391403673936 0.13122711219763392 -0.26917680183910536
3028 0.41390697113840985 0.13108985914896232 -0.24798481419500817
3029 0.41747788757786325 0.15589007097598395 -0.22673883468569644
3030 0.40737419953627096 0.18056360167340835 -0.2268105978628626
3031 0.41928729512559765 0.17989386190982404 -0.2045393913001334
3032 0.4213826661898747 0.052976393745196276 -0.263875255263669
3033 0.4155722351859089 0.07953500781268552 -0.2664092713754977
3034 0.4287023845220215 0.07924191226070668 -0.24481622668115618
3035 0.4596897330880809 0.19492070809089387 -0.026291954106787047
3036 0.4495411391850348 0.21730255766982703 -0.026312784162315684
3037 0.4512879425150126 0.20041139847060016 -0.07857775959917007
3038 0.4406758091269704 0.22272805021067485 -0.07872132430060486
3039 0.44573912483311556 0.22032706437422822 -0.05265564829382362
3040 0.4382360819505112 0.2392770703313819 -0.02637461071363317
3041 0.42593083252734515 0.2605498811833061 -0.026394797175345888
3042 0.4377693712280407 0.203629789765988 -0.1299726368681707
3043 0.42642375193635784 0.22604108248973523 -0.13064537041697366
3044 0.4340630576911358 0.2248036522519456 -0.10513125073929255
3045 0.41928729512559765 0.2045393913001334 -0.17989386190982404
3046 0.40737419953627096 0.2268105978628626 -0.18056360167340835
3047 0.41747788757786325 0.22673883468569644 -0.15589007097598395
3048 0.41390697113840985 0.24798481419500817 -0.13108985914896232
3049 0.40040391403673936 0.26917680183910536 -0.13122711219763392
3050 0.4086197884666022 0.26804191435985236 -0.10575159866316342
3051 0.41219212575137254 0.28176141032244095 -0.026611259302665086
3052 0.39782739478245344 0.3017022320916508 -0.02662944069111305
3053 0.4014777235681923 0.28721445192008804 -0.07952041301920892
3054 0.3865826065551013 0.30693731610597236 -0.0796452904491289
3055 0.39278219173428897 0.30476767575067343 -0.05328051870937968
3056 0.3824072898147982 0.3210181778183925 -0.02668321957072991
3057 0.36614676349435804 0.339446047795165 -0.026700715699193016
3058 0.4287023845220215 0.24481622668115618 -0.07924191226070668
3059 0.4155722351859089 0.2664092713754977 -0.07953500781268552
3060 0.4213826661898747 0.263875255263669 -0.052976393745196276
3061 0.46643989941675396 0.051411389434083764 -0.17259979509995177
3062 0.4558858514216449 0.10361966483574576 -0.17728805806621484
3063 0.461788142079628 0.07769247109681875 -0.1752586424959272
3064 0.47097780313222937 0.07644360657534656 -0.1494532835721336
3065 0.4732523485371911 0.10109348131836572 -0.12574705817221396
3066 0.43994320350002625 0.15522743008696258 -0.17987335167481458
3067 0.4484043493533124 0.12995297099682432 -0.1790133090307282
3068 0.43018044145034007 0.18020098195291617 -0.18020098195291617
3069 0.43994320350002625 0.17987335167481458 -0.15522743008696258
3070 0.4484043493533124 0.1790133090307282 -0.12995297099682432
3071 0.4732523485371911 0.12574705817221396 -0.10109348131836572
3072 0.47097780313222937 0.1494532835721336 -0.07644360657534656
3073 0.4558858514216449 0.17728805806621484 -0.10361966483574576
3074 0.461788142079628 0.1752586424959272 -0.07769247109681875
3075 0.46643989941675396 0.17259979509995177 -0.051411389434083764
3076 0.4580606962936099 0.12887584784544134 -0.1535298484110887
3077 0.4580606962936099 0.1535298484110887 -0.12887584784544134
3078 0.46639113117863 0.12743491036195267 -0.12743491036195267
3079 0.3210181778183925 0.026683219570729912 -0.3824072898147982
3080 0.339446047795165 0.026700715699193016 -0.36614676349435804
3081 0.2817614103224409 0.02661125930266508 -0.41219212575137254
3082 0.3017022320916508 0.02662944069111305 -0.39782739478245344
3083 0.30476767575067343 0.05328051870937968 -0.39278219173428897
3084 0.28721445192008804 0.07952041301920892 -0.4014777235681923
3085 0.30693731610597236 0.0796452904491289 -0.3865826065551013
3086 0.2392770703313819 0.02637461071363317 -0.4382360819505112
3087 0.260549881183306 0.026394797175345885 -0.4259308325273452
3088 0.19492070809089387 0.026291954106787047 -0.4596897330880809
3089 0.217302557669827 0.026312784162315684 -0.4495411391850348
3090 0.22032706437422822 0.05265564829382362 -0.44573912483311556
3091 0.20041139847060016 0.07857775959917007 -0.4512879425150126
3092 0.22272805021067482 0.07872132430060486 -0.44067580912697035
3093 0.26804191435985236 0.10575159866316342 -0.4086197884666022
3094 0.24798481419500817 0.13108985914896235 -0.41390697113840985
3095 0.26917680183910536 0.13122711219763392 -0.4004039140367393
3096 0.2248036522519456 0.10513125073929255 -0.4340630576911358
3097 0.203629789765988 0.1299726368681707 -0.4377693712280407
3098 0.2260410824897352 0.13064537041697363 -0.4264237519363578
3099 0.22673883468569644 0.15589007097598395 -0.41747788757786325
3100 0.2045393913001334 0.17989386190982404 -0.41928729512559765
3101 0.2268105978628626 0.18056360167340835 -0.40737419953627096
3102 0.26387525526366895 0.052976393745196276 -0.4213826661898747
3103 0.24481622668115618 0.07924191226070668 -0.4287023845220215
3104 0.2664092713754977 0.07953500781268552 -0.4155722351859089
3105 0.1461235533275682 0.0251113868971465 -0.47751159714820235
3106 0.1694358098673724 0.025138584143972142 -0.4697441409127143
3107 0.09837450276708466 0.025000973014219455 -0.48958902005015503
3108 0.12233827289843992 0.02502865957414287 -0.48415587694888973
3109 0.12299588064236695 0.05011024504014447 -0.482038356033029
3110 0.09929228538243727 0.07475251333309814 -0.484306828171891
3111 0.12334606389768071 0.07494461509378747 -0.4787160465133723
3112 0.04918580036317442 0.024651675329487605 -0.49696383363991736
3113 0.07357033068316958 0.024680754784697955 -0.49394156211684254
3114 0.0 0.024533837163709004 -0.49939772810258615
3115 0.024563353347409337 0.024563353347409337 -0.4987918236545789
3116 0.024651675329487605 0.04918580036317442 -0.49696383363991736
3117 0.0 0.07336523722768086 -0.49458825498239045
3118 0.024680754784697955 0.07357033068316958 -0.49394156211684254
3119 0.07475251333309814 0.09929228538243727 -0.484306828171891
3120 0.05011024504014447 0.12299588064236695 -0.482038356033029
3121 0.07494461509378747 0.12334606389768071 -0.4787160465133723
3122 0.025000973014219455 0.09837450276708466 -0.48958902005015503
3123 0.0 0.12149008995163194 -0.485015626597272
3124 0.02502865957414287 0.12233827289843992 -0.48415587694888973
3125 0.0251113868971465 0.1461235533275682 -0.47751159714820235
3126 0.0 0.16844492669611 -0.47077203259151035
3127 0.025138584143972142 0.1694358098673724 -0.4697441409127143
3128 0.07419426131756035 0.04965417836737043 -0.4919651147776668
3129 0.04965417836737043 0.07419426131756035 -0.4919651147776668
3130 0.07462786440298134 0.07462786440298134 -0.48873445111768044
3131 0.17989386190982404 0.2045393913001334 -0.41928729512559765
3132 0.15589007097598395 0.22673883468569644 -0.41747788757786325
3133 0.18056360167340835 0.2268105978628626 -0.40737419953627096
3134 0.1299726368681707 0.203629789765988 -0.4377693712280407
3135 0.10513125073929257 0.2248036522519456 -0.43406305769113573
3136 0.13064537041697363 0.2260410824897352 -0.4264237519363578
3137 0.13108985914896235 0.24798481419500817 -0.41390697113840985
3138 0.10575159866316343 0.2680419143598523 -0.40861978846660224
3139 0.13122711219763392 0.26917680183910536 -0.4004039140367393
3140 0.07857775959917007 0.20041139847060016 -0.4512879425150126
3141 0.05265564829382362 0.22032706437422822 -0.44573912483311556
3142 0.07872132430060486 0.22272805021067482 -0.44067580912697035
3143 0.026291954106787047 0.19492070809089387 -0.4596897330880809
3144 0.0 0.213777546715141 -0.4519946465617216
3145 0.026312784162315684 0.217302557669827 -0.4495411391850348
3146 0.02637461071363317 0.2392770703313819 -0.4382360819505112
3147 0.0 0.2570513720966108 -0.428864305000136
3148 0.026394797175345885 0.260549881183306 -0.4259308325273452
3149 0.07952041301920892 0.28721445192008804 -0.4014777235681923
3150 0.05328051870937968 0.30476767575067343 -0.39278219173428897
3151 0.0796452904491289 0.30693731610597236 -0.3865826065551013
3152 0.02661125930266508 0.2817614103224409 -0.41219212575137254
3153 0.0 0.29784965224621657 -0.40160376574032247
3154 0.02662944069111305 0.3017022320916508 -0.39782739478245344
3155 0.026683219570729912 0.3210181778183925 -0.3824072898147982
3156 0.0 0.33577947742350917 -0.37047556267747955
3157 0.026700715699193016 0.339446047795165 -0.36614676349435804
3158 0.07924191226070668 0.24481622668115616 -0.4287023845220215
3159 0.052976393745196276 0.26387525526366895 -0.4213826661898747
3160 0.07953500781268552 0.2664092713754977 -0.4155722351859089
3161 0.17259979509995177 0.05141138943408377 -0.466439899416754
3162 0.125747058172214 0.10109348131836574 -0.4732523485371911
3163 0.1494532835721336 0.07644360657534656 -0.47097780313222937
3164 0.1752586424959272 0.07769247109681875 -0.461788142079628
3165 0.17728805806621484 0.10361966483574576 -0.4558858514216449
3166 0.07644360657534656 0.1494532835721336 -0.47097780313222937
3167 0.10109348131836574 0.125747058172214 -0.4732523485371911
3168 0.05141138943408377 0.17259979509995177 -0.466439899416754
3169 0.07769247109681875 0.1752586424959272 -0.461788142079628
3170 0.10361966483574576 0.17728805806621484 -0.4558858514216449
3171 0.1790133090307282 0.12995297099682432 -0.4484043493533124
3172 0.17987335167481458 0.15522743008696258 -0.43994320350002625
3173 0.12995297099682432 0.1790133090307282 -0.4484043493533124
3174 0.15522743008696258 0.17987335167481458 -0.43994320350002625
3175 0.18020098195291617 0.18020098195291617 -0.43018044145034007
3176 0.1274349103619527 0.1274349103619527 -0.46639113117863007
3177 0.12887584784544134 0.1535298484110887 -0.4580606962936099
3178 0.1535298484110887 0.12887584784544134 -0.4580606962936099
3179 0.339446047795165 0.36614676349435804 -0.026700715699193016
3180 0.3210181778183925 0.3824072898147982 -0.026683219570729912
3181 0.30693731610597236 0.3865826065551013 -0.0796452904491289
3182 0.28721445192008804 0.4014777235681923 -0.07952041301920892
3183 0.30476767575067343 0.39278219173428897 -0.05328051870937968
3184 0.3017022320916508 0.39782739478245344 -0.02662944069111305
3185 0.2817614103224409 0.41219212575137254 -0.02661125930266508
3186 0.26917680183910536 0.40040391403673936 -0.13122711219763392
3187 0.24798481419500817 0.41390697113840985 -0.13108985914896235
3188 0.26804191435985236 0.4086197884666022 -0.10575159866316342
3189 0.2268105978628626 0.40737419953627096 -0.18056360167340835
3190 0.2045393913001334 0.41928729512559765 -0.17989386190982404
3191 0.22673883468569644 0.41747788757786325 -0.15589007097598395
3192 0.2260410824897352 0.4264237519363578 -0.13064537041697363
3193 0.203629789765988 0.4377693712280407 -0.1299726368681707
3194 0.2248036522519456 0.4340630576911358 -0.10513125073929255
3195 0.2605498811833061 0.4259308325273452 -0.026394797175345888
3196 0.2392770703313819 0.4382360819505112 -0.02637461071363317
3197 0.22272805021067485 0.4406758091269704 -0.07872132430060486
3198 0.20041139847060016 0.4512879425150126 -0.07857775959917007
3199 0.22032706437422822 0.44573912483311556 -0.05265564829382362
3200 0.217302557669827 0.4495411391850348 -0.026312784162315684
3201 0.19492070809089387 0.4596897330880809 -0.026291954106787047
3202 0.2664092713754977 0.4155722351859089 -0.07953500781268552
3203 0.24481622668115618 0.4287023845220215 -0.07924191226070668
3204 0.26387525526366895 0.4213826661898747 -0.052976393745196276
3205 0.18056360167340835 0.40737419953627096 -0.2268105978628626
3206 0.15589007097598395 0.41747788757786325 -0.22673883468569644
3207 0.17989386190982404 0.41928729512559765 -0.2045393913001334
3208 0.13122711219763392 0.40040391403673936 -0.26917680183910536
3209 0.10575159866316342 0.4086197884666022 -0.26804191435985236
3210 0.13108985914896232 0.41390697113840985 -0.24798481419500817
3211 0.13064537041697366 0.42642375193635784 -0.22604108248973523
3212 0.10513125073929255 0.4340630576911358 -0.2248036522519456
3213 0.1299726368681707 0.4377693712280407 -0.203629789765988
3214 0.0796452904491289 0.3865826065551013 -0.30693731610597236
3215 0.05328051870937968 0.39278219173428897 -0.30476767575067343
3216 0.07952041301920892 0.4014777235681923 -0.28721445192008804
3217 0.026700715699193016 0.36614676349435804 -0.339446047795165
3218 0.0 0.37047556267747955 -0.33577947742350917
3219 0.026683219570729912 0.3824072898147982 -0.3210181778183925
3220 0.02662944069111305 0.39782739478245344 -0.3017022320916508
3221 0.0 0.40160376574032247 -0.29784965224621657
3222 0.026611259302665086 0.41219212575137254 -0.28176141032244095
3223 0.07872132430060486 0.4406758091269704 -0.22272805021067485
3224 0.05265564829382362 0.44573912483311556 -0.22032706437422822
3225 0.07857775959917006 0.45128794251501253 -0.20041139847060013
3226 0.026394797175345888 0.42593083252734515 -0.2605498811833061
3227 0.0 0.428864305000136 -0.25705137209661083
3228 0.02637461071363317 0.4382360819505112 -0.2392770703313819
3229 0.026312784162315684 0.4495411391850348 -0.21730255766982703
3230 0.0 0.4519946465617216 -0.213777546715141
3231 0.026291954106787047 0.4596897330880809 -0.19492070809089387
3232 0.07953500781268552 0.4155722351859089 -0.2664092713754977
3233 0.052976393745196276 0.4213826661898747 -0.263875255263669
3234 0.07924191226070668 0.4287023845220215 -0.24481622668115618
3235 0.1694358098673724 0.4697441409127143 -0.025138584143972142
3236 0.1461235533275682 0.47751159714820235 -0.0251113868971465
3237 0.1233460638976807 0.4787160465133723 -0.07494461509378748
3238 0.09929228538243726 0.484306828171891 -0.07475251333309814
3239 0.12299588064236695 0.482038356033029 -0.050110245040144476
3240 0.12233827289843992 0.48415587694888973 -0.025028659574142874
3241 0.09837450276708466 0.48958902005015503 -0.025000973014219458
3242 0.07494461509378748 0.4787160465133723 -0.1233460638976807
3243 0.050110245040144476 0.482038356033029 -0.12299588064236695
3244 0.07475251333309814 0.484306828171891 -0.09929228538243726
3245 0.025138584143972142 0.4697441409127143 -0.1694358098673724
3246 0.0 0.47077203259151035 -0.16844492669611
3247 0.0251113868971465 0.47751159714820235 -0.1461235533275682
3248 0.025028659574142874 0.48415587694888973 -0.12233827289843992
3249 0.0 0.485015626597272 -0.12149008995163194
3250 0.025000973014219455 0.489589020050155 -0.09837450276708466
3251 0.07357033068316958 0.49394156211684254 -0.024680754784697955
3252 0.04918580036317442 0.49696383363991736 -0.024651675329487605
3253 0.024680754784697955 0.49394156211684254 -0.07357033068316958
3254 0.0 0.49458825498239045 -0.07336523722768086
3255 0.024651675329487605 0.49696383363991736 -0.04918580036317442
3256 0.024563353347409337 0.4987918236545789 -0.024563353347409337
3257 0.0 0.49939772810258615 -0.024533837163709004
3258 0.07462786440298136 0.48873445111768044 -0.07462786440298136
3259 0.04965417836737043 0.4919651147776668 -0.07419426131756035
3260 0.07419426131756035 0.4919651147776668 -0.04965417836737043
3261 0.18020098195291617 0.43018044145034007 -0.18020098195291617
3262 0.12995297099682432 0.4484043493533124 -0.1790133090307282
3263 0.15522743008696258 0.43994320350002625 -0.17987335167481458
3264 0.17987335167481458 0.43994320350002625 -0.15522743008696258
3265 0.1790133090307282 0.4484043493533124 -0.12995297099682432
3266 0.07769247109681875 0.461788142079628 -0.1752586424959272
3267 0.10361966483574576 0.4558858514216449 -0.17728805806621484
3268 0.051411389434083764 0.46643989941675396 -0.17259979509995177
3269 0.07644360657534656 0.47097780313222937 -0.1494532835721336
3270 0.10109348131836572 0.4732523485371911 -0.12574705817221396
3271 0.1772880580662148 0.4558858514216449 -0.10361966483574576
3272 0.1752586424959272 0.461788142079628 -0.07769247109681876
3273 0.12574705817221396 0.4732523485371911 -0.10109348131836572
3274 0.1494532835721336 0.47097780313222937 -0.07644360657534656
3275 0.17259979509995177 0.466439899416754 -0.05141138943408377
3276 0.12887584784544134 0.4580606962936099 -0.1535298484110887
3277 0.12743491036195267 0.46639113117863 -0.12743491036195267
3278 0.15352984841108866 0.4580606962936099 -0.12887584784544132
3279 0.35152828317071005 0.053439051845126595 -0.35152828317071005
3280 0.3179232899814 0.10656186370245674 -0.3709034252897398
3281 0.33536369416794737 0.0802491158418062 -0.3620652869865264
3282 0.3620652869865264 0.0802491158418062 -0.33536369416794737
3283 0.3709034252897398 0.10656186370245674 -0.3179232899814
3284 0.2785321339727024 0.15899282729074202 -0.38358979550388034
3285 0.29853027805742804 0.13358169280061402 -0.37820048179699217
3286 0.23508983563759972 0.20807913936811445 -0.3891475824667437
3287 0.25725451644426617 0.18399916822691795 -0.38725239813438095
3288 0.28653492376498485 0.1863115149550383 -0.36494623831210093
3289 0.29308364866405984 0.2126296143145587 -0.34480519427961615
3290 0.3141287193334708 0.18747338589636683 -0.3408472931834216
3291 0.37820048179699217 0.13358169280061402 -0.29853027805742804
3292 0.3835897955038804 0.15899282729074202 -0.27853213397270243
3293 0.3408472931834216 0.1874733858963668 -0.3141287193334708
3294 0.34480519427961615 0.2126296143145587 -0.29308364866405984
3295 0.36494623831210093 0.1863115149550383 -0.28653492376498485
3296 0.3872523981343809 0.18399916822691792 -0.2572545164442661
3297 0.3891475824667437 0.20807913936811445 -0.23508983563759972
3298 0.3269611650445563 0.13418777990424394 -0.3536806981969422
3299 0.33463808703731196 0.16135272358413025 -0.33463808703731196
3300 0.3536806981969422 0.13418777990424394 -0.3269611650445563
3301 0.18399916822691795 0.25725451644426617 -0.38725239813438095
3302 0.20807913936811445 0.23508983563759972 -0.3891475824667437
3303 0.13358169280061402 0.29853027805742804 -0.37820048179699217
3304 0.15899282729074202 0.2785321339727024 -0.38358979550388034
3305 0.18631151495503828 0.28653492376498485 -0.36494623831210093
3306 0.18747338589636683 0.3141287193334708 -0.3408472931834216
3307 0.2126296143145587 0.29308364866405984 -0.34480519427961615
3308 0.0802491158418062 0.33536369416794737 -0.3620652869865264
3309 0.10656186370245674 0.3179232899814 -0.3709034252897398
3310 0.053439051845126595 0.35152828317071005 -0.35152828317071005
3311 0.0802491158418062 0.3620652869865264 -0.33536369416794737
3312 0.10656186370245674 0.3709034252897398 -0.31792328998140007
3313 0.1874733858963668 0.3408472931834216 -0.3141287193334708
3314 0.18631151495503828 0.36494623831210093 -0.28653492376498485
3315 0.2126296143145587 0.34480519427961615 -0.29308364866405984
3316 0.13358169280061402 0.37820048179699217 -0.298530278057428
3317 0.158992827290742 0.3835897955038804 -0.2785321339727024
3318 0.18399916822691792 0.3872523981343809 -0.2572545164442661
3319 0.20807913936811445 0.3891475824667437 -0.23508983563759972
3320 0.13418777990424394 0.3269611650445563 -0.3536806981969422
3321 0.1341877799042439 0.35368069819694226 -0.32696116504455625
3322 0.16135272358413025 0.33463808703731196 -0.33463808703731196
3323 0.3891475824667437 0.23508983563759972 -0.20807913936811445
3324 0.3872523981343809 0.2572545164442661 -0.18399916822691792
3325 0.34480519427961615 0.29308364866405984 -0.2126296143145587
3326 0.3408472931834216 0.3141287193334708 -0.18747338589636683
3327 0.36494623831210093 0.28653492376498485 -0.1863115149550383
3328 0.3835897955038804 0.27853213397270243 -0.15899282729074202
3329 0.37820048179699217 0.29853027805742804 -0.13358169280061402
3330 0.29308364866405984 0.34480519427961615 -0.2126296143145587
3331 0.28653492376498485 0.36494623831210093 -0.1863115149550383
3332 0.3141287193334708 0.3408472931834216 -0.18747338589636683
3333 0.23508983563759975 0.38914758246674375 -0.20807913936811448
3334 0.25725451644426617 0.38725239813438095 -0.18399916822691795
3335 0.2785321339727024 0.38358979550388034 -0.15899282729074202
3336 0.29853027805742804 0.37820048179699217 -0.13358169280061402
3337 0.3709034252897398 0.3179232899814 -0.10656186370245674
3338 0.3620652869865264 0.33536369416794737 -0.0802491158418062
3339 0.3179232899814 0.3709034252897398 -0.10656186370245674
3340 0.33536369416794737 0.3620652869865264 -0.0802491158418062
3341 0.35152828317071005 0.35152828317071005 -0.053439051845126595
3342 0.33463808703731196 0.33463808703731196 -0.16135272358413025
3343 0.3269611650445563 0.3536806981969422 -0.13418777990424394
3344 0.3536806981969422 0.3269611650445563 -0.13418777990424394
3345 0.2385511600614684 0.2385511600614684 -0.36903480603684974
3346 0.2420840069863178 0.295537133124643 -0.32257268406657646
3347 0.2409069588443993 0.26791889063324636 -0.3466746388505992
3348 0.26791889063324636 0.2409069588443993 -0.3466746388505992
3349 0.295537133124643 0.2420840069863178 -0.32257268406657646
3350 0.2409069588443993 0.3466746388505992 -0.2679188906332464
3351 0.24208400698631782 0.3225726840665765 -0.295537133124643
3352 0.2385511600614684 0.36903480603684974 -0.2385511600614684
3353 0.2679188906332464 0.3466746388505992 -0.2409069588443993
3354 0.295537133124643 0.3225726840665765 -0.24208400698631782
3355 0.3225726840665765 0.24208400698631782 -0.295537133124643
3356 0.3466746388505992 0.2409069588443993 -0.2679188906332464
3357 0.3225726840665765 0.295537133124643 -0.24208400698631782
3358 0.3466746388505992 0.2679188906332464 -0.2409069588443993
3359 0.3690348060368497 0.23855116006146837 -0.23855116006146837
3360 0.2703690352179375 0.2974059387397313 -0.2974059387397313
3361 0.2974059387397313 0.2974059387397313 -0.2703690352179375
3362 0.2974059387397313 0.2703690352179375 -0.2974059387397313
3363 -0.024563353347409337 0.4987918236545789 -0.024563353347409337
3364 -0.024680754784697955 0.49394156211684254 -0.07357033068316958
3365 -0.024651675329487605 0.49696383363991736 -0.04918580036317442
3366 -0.04918580036317442 0.49696383363991736 -0.024651675329487605
3367 -0.07357033068316958 0.49394156211684254 -0.024680754784697955
3368 -0.025028659574142874 0.48415587694888973 -0.12233827289843992
3369 -0.025000973014219455 0.489589020050155 -0.09837450276708466
3370 -0.025138584143972142 0.4697441409127143 -0.1694358098673724
3371 -0.0251113868971465 0.47751159714820235 -0.1461235533275682
3372 -0.050110245040144476 0.482038356033029 -0.12299588064236695
3373 -0.07494461509378748 0.4787160465133723 -0.1233460638976807
3374 -0.07475251333309814 0.484306828171891 -0.09929228538243726
3375 -0.09837450276708466 0.48958902005015503 -0.025000973014219458
3376 -0.12233827289843992 0.48415587694888973 -0.025028659574142874
3377 -0.09929228538243726 0.484306828171891 -0.07475251333309814
3378 -0.1233460638976807 0.4787160465133723 -0.07494461509378748
3379 -0.12299588064236695 0.482038356033029 -0.050110245040144476
3380 -0.1461235533275682 0.47751159714820235 -0.0251113868971465
3381 -0.1694358098673724 0.4697441409127143 -0.025138584143972142
3382 -0.04965417836737043 0.4919651147776668 -0.07419426131756035
3383 -0.07462786440298136 0.48873445111768044 -0.07462786440298136
3384 -0.07419426131756035 0.4919651147776668 -0.04965417836737043
3385 -0.026312784162315684 0.4495411391850348 -0.21730255766982703
3386 -0.026291954106787047 0.4596897330880809 -0.19492070809089387
3387 -0.026394797175345888 0.42593083252734515 -0.2605498811833061
3388 -0.02637461071363317 0.4382360819505112 -0.2392770703313819
3389 -0.05265564829382362 0.44573912483311556 -0.22032706437422822
3390 -0.07872132430060486 0.4406758091269704 -0.22272805021067485
3391 -0.07857775959917006 0.45128794251501253 -0.20041139847060013
3392 -0.02662944069111305 0.39782739478245344 -0.3017022320916508
3393 -0.026611259302665086 0.41219212575137254 -0.28176141032244095
3394 -0.026700715699193016 0.36614676349435804 -0.339446047795165
3395 -0.026683219570729912 0.3824072898147982 -0.3210181778183925
3396 -0.05328051870937968 0.39278219173428897 -0.30476767575067343
3397 -0.0796452904491289 0.3865826065551013 -0.30693731610597236
3398 -0.07952041301920892 0.4014777235681923 -0.28721445192008804
3399 -0.10513125073929255 0.4340630576911358 -0.2248036522519456
3400 -0.13064537041697366 0.42642375193635784 -0.22604108248973523
3401 -0.1299726368681707 0.4377693712280407 -0.203629789765988
3402 -0.10575159866316342 0.4086197884666022 -0.26804191435985236
3403 -0.13122711219763392 0.40040391403673936 -0.26917680183910536
3404 -0.13108985914896232 0.41390697113840985 -0.24798481419500817
3405 -0.15589007097598395 0.41747788757786325 -0.22673883468569644
3406 -0.18056360167340835 0.40737419953627096 -0.2268105978628626
3407 -0.17989386190982404 0.41928729512559765 -0.2045393913001334
3408 -0.052976393745196276 0.4213826661898747 -0.263875255263669
3409 -0.07953500781268552 0.4155722351859089 -0.2664092713754977
3410 -0.07924191226070668 0.4287023845220215 -0.24481622668115618
3411 -0.19492070809089387 0.4596897330880809 -0.026291954106787047
3412 -0.217302557669827 0.4495411391850348 -0.026312784162315684
3413 -0.20041139847060016 0.4512879425150126 -0.07857775959917007
3414 -0.22272805021067485 0.4406758091269704 -0.07872132430060486
3415 -0.22032706437422822 0.44573912483311556 -0.05265564829382362
3416 -0.2392770703313819 0.4382360819505112 -0.02637461071363317
3417 -0.2605498811833061 0.4259308325273452 -0.026394797175345888
3418 -0.203629789765988 0.4377693712280407 -0.1299726368681707
3419 -0.2260410824897352 0.4264237519363578 -0.13064537041697363
3420 -0.2248036522519456 0.4340630576911358 -0.10513125073929255
3421 -0.2045393913001334 0.41928729512559765 -0.17989386190982404
3422 -0.2268105978628626 0.40737419953627096 -0.18056360167340835
3423 -0.22673883468569644 0.41747788757786325 -0.15589007097598395
3424 -0.24798481419500817 0.41390697113840985 -0.13108985914896235
3425 -0.26917680183910536 0.40040391403673936 -0.13122711219763392
3426 -0.26804191435985236 0.4086197884666022 -0.10575159866316342
3427 -0.2817614103224409 0.41219212575137254 -0.02661125930266508
3428 -0.3017022320916508 0.39782739478245344 -0.02662944069111305
3429 -0.28721445192008804 0.4014777235681923 -0.07952041301920892
3430 -0.30693731610597236 0.3865826065551013 -0.0796452904491289
3431 -0.30476767575067343 0.39278219173428897 -0.05328051870937968
3432 -0.3210181778183925 0.3824072898147982 -0.026683219570729912
3433 -0.339446047795165 0.36614676349435804 -0.026700715699193016
3434 -0.24481622668115618 0.4287023845220215 -0.07924191226070668
3435 -0.2664092713754977 0.4155722351859089 -0.07953500781268552
3436 -0.26387525526366895 0.4213826661898747 -0.052976393745196276
3437 -0.051411389434083764 0.46643989941675396 -0.17259979509995177
3438 -0.10361966483574576 0.4558858514216449 -0.17728805806621484
3439 -0.07769247109681875 0.461788142079628 -0.1752586424959272
3440 -0.07644360657534656 0.47097780313222937 -0.1494532835721336
3441 -0.10109348131836572 0.4732523485371911 -0.12574705817221396
3442 -0.15522743008696258 0.43994320350002625 -0.17987335167481458
3443 -0.12995297099682432 0.4484043493533124 -0.1790133090307282
3444 -0.18020098195291617 0.43018044145034007 -0.18020098195291617
3445 -0.17987335167481458 0.43994320350002625 -0.15522743008696258
3446 -0.1790133090307282 0.4484043493533124 -0.12995297099682432
3447 -0.12574705817221396 0.4732523485371911 -0.10109348131836572
3448 -0.1494532835721336 0.47097780313222937 -0.07644360657534656
3449 -0.1772880580662148 0.4558858514216449 -0.10361966483574576
3450 -0.1752586424959272 0.461788142079628 -0.07769247109681876
3451 -0.17259979509995177 0.466439899416754 -0.05141138943408377
3452 -0.12887584784544134 0.4580606962936099 -0.1535298484110887
3453 -0.15352984841108866 0.4580606962936099 -0.12887584784544132
3454 -0.12743491036195267 0.46639113117863 -0.12743491036195267
3455 -0.026683219570729912 0.3210181778183925 -0.3824072898147982
3456 -0.026700715699193016 0.339446047795165 -0.36614676349435804
3457 -0.02661125930266508 0.2817614103224409 -0.41219212575137254
3458 -0.02662944069111305 0.3017022320916508 -0.39782739478245344
3459 -0.05328051870937968 0.30476767575067343 -0.39278219173428897
3460 -0.07952041301920892 0.28721445192008804 -0.4014777235681923
3461 -0.0796452904491289 0.30693731610597236 -0.3865826065551013
3462 -0.02637461071363317 0.2392770703313819 -0.4382360819505112
3463 -0.026394797175345885 0.260549881183306 -0.4259308325273452
3464 -0.026291954106787047 0.19492070809089387 -0.4596897330880809
3465 -0.026312784162315684 0.217302557669827 -0.4495411391850348
3466 -0.05265564829382362 0.22032706437422822 -0.44573912483311556
3467 -0.07857775959917007 0.20041139847060016 -0.4512879425150126
3468 -0.07872132430060486 0.22272805021067482 -0.44067580912697035
3469 -0.10575159866316343 0.2680419143598523 -0.40861978846660224
3470 -0.13108985914896235 0.24798481419500817 -0.41390697113840985
3471 -0.13122711219763392 0.26917680183910536 -0.4004039140367393
3472 -0.10513125073929257 0.2248036522519456 -0.43406305769113573
3473 -0.1299726368681707 0.203629789765988 -0.4377693712280407
3474 -0.13064537041697363 0.2260410824897352 -0.4264237519363578
3475 -0.15589007097598395 0.22673883468569644 -0.41747788757786325
3476 -0.17989386190982404 0.2045393913001334 -0.41928729512559765
3477 -0.18056360167340835 0.2268105978628626 -0.40737419953627096
3478 -0.052976393745196276 0.26387525526366895 -0.4213826661898747
3479 -0.07924191226070668 0.24481622668115616 -0.4287023845220215
3480 -0.07953500781268552 0.2664092713754977 -0.4155722351859089
3481 -0.0251113868971465 0.1461235533275682 -0.47751159714820235
3482 -0.025138584143972142 0.1694358098673724 -0.4697441409127143
3483 -0.025000973014219455 0.09837450276708466 -0.48958902005015503
3484 -0.02502865957414287 0.12233827289843992 -0.48415587694888973
3485 -0.05011024504014447 0.12299588064236695 -0.482038356033029
3486 -0.07475251333309814 0.09929228538243727 -0.484306828171891
3487 -0.07494461509378747 0.12334606389768071 -0.4787160465133723
3488 -0.024651675329487605 0.04918580036317442 -0.49696383363991736
3489 -0.024680754784697955 0.07357033068316958 -0.49394156211684254
3490 -0.024533837163709004 0.0 -0.49939772810258615
3491 -0.024563353347409337 0.024563353347409337 -0.4987918236545789
3492 -0.04918580036317442 0.024651675329487605 -0.49696383363991736
3493 -0.07336523722768086 0.0 -0.49458825498239045
3494 -0.07357033068316958 0.024680754784697955 -0.49394156211684254
3495 -0.09929228538243727 0.07475251333309814 -0.484306828171891
3496 -0.12299588064236695 0.05011024504014447 -0.482038356033029
3497 -0.12334606389768071 0.07494461509378747 -0.4787160465133723
3498 -0.09837450276708466 0.025000973014219455 -0.48958902005015503
3499 -0.12149008995163194 0.0 -0.485015626597272
3500 -0.12233827289843992 0.02502865957414287 -0.48415587694888973
3501 -0.1461235533275682 0.0251113868971465 -0.47751159714820235
3502 -0.16844492669611 0.0 -0.47077203259151035
3503 -0.1694358098673724 0.025138584143972142 -0.4697441409127143
3504 -0.04965417836737043 0.07419426131756035 -0.4919651147776668
3505 -0.07419426131756035 0.04965417836737043 -0.4919651147776668
3506 -0.07462786440298134 0.07462786440298134 -0.48873445111768044
3507 -0.2045393913001334 0.17989386190982404 -0.41928729512559765
3508 -0.22673883468569644 0.15589007097598395 -0.41747788757786325
3509 -0.2268105978628626 0.18056360167340835 -0.40737419953627096
3510 -0.203629789765988 0.1299726368681707 -0.4377693712280407
3511 -0.2248036522519456 0.10513125073929255 -0.4340630576911358
3512 -0.2260410824897352 0.13064537041697363 -0.4264237519363578
3513 -0.24798481419500817 0.13108985914896235 -0.41390697113840985
3514 -0.26804191435985236 0.10575159866316342 -0.4086197884666022
3515 -0.26917680183910536 0.13122711219763392 -0.4004039140367393
3516 -0.20041139847060016 0.07857775959917007 -0.4512879425150126
3517 -0.22032706437422822 0.05265564829382362 -0.44573912483311556
3518 -0.22272805021067482 0.07872132430060486 -0.44067580912697035
3519 -0.19492070809089387 0.026291954106787047 -0.4596897330880809
3520 -0.213777546715141 0.0 -0.4519946465617216
3521 -0.217302557669827 0.026312784162315684 -0.4495411391850348
3522 -0.2392770703313819 0.02637461071363317 -0.4382360819505112
3523 -0.2570513720966108 0.0 -0.428864305000136
3524 -0.260549881183306 0.026394797175345885 -0.4259308325273452
3525 -0.28721445192008804 0.07952041301920892 -0.4014777235681923
3526 -0.30476767575067343 0.05328051870937968 -0.39278219173428897
3527 -0.30693731610597236 0.0796452904491289 -0.3865826065551013
3528 -0.2817614103224409 0.02661125930266508 -0.41219212575137254
3529 -0.29784965224621657 0.0 -0.40160376574032247
3530 -0.3017022320916508 0.02662944069111305 -0.39782739478245344
3531 -0.3210181778183925 0.026683219570729912 -0.3824072898147982
3532 -0.33577947742350917 0.0 -0.37047556267747955
3533 -0.339446047795165 0.026700715699193016 -0.36614676349435804
3534 -0.24481622668115618 0.07924191226070668 -0.4287023845220215
3535 -0.26387525526366895 0.052976393745196276 -0.4213826661898747
3536 -0.2664092713754977 0.07953500781268552 -0.4155722351859089
3537 -0.05141138943408377 0.17259979509995177 -0.466439899416754
3538 -0.10109348131836574 0.125747058172214 -0.4732523485371911
3539 -0.07644360657534656 0.1494532835721336 -0.47097780313222937
3540 -0.07769247109681875 0.1752586424959272 -0.461788142079628
3541 -0.10361966483574576 0.17728805806621484 -0.4558858514216449
3542 -0.1494532835721336 0.07644360657534656 -0.47097780313222937
3543 -0.125747058172214 0.10109348131836574 -0.4732523485371911
3544 -0.17259979509995177 0.05141138943408377 -0.466439899416754
3545 -0.1752586424959272 0.07769247109681875 -0.461788142079628
3546 -0.17728805806621484 0.10361966483574576 -0.4558858514216449
3547 -0.12995297099682432 0.1790133090307282 -0.4484043493533124
3548 -0.15522743008696258 0.17987335167481458 -0.43994320350002625
3549 -0.1790133090307282 0.12995297099682432 -0.4484043493533124
3550 -0.17987335167481458 0.15522743008696258 -0.43994320350002625
3551 -0.18020098195291617 0.18020098195291617 -0.43018044145034007
3552 -0.1274349103619527 0.1274349103619527 -0.46639113117863007
3553 -0.1535298484110887 0.12887584784544134 -0.4580606962936099
3554 -0.12887584784544134 0.1535298484110887 -0.4580606962936099
3555 -0.36614676349435804 0.339446047795165 -0.026700715699193016
3556 -0.3824072898147982 0.3210181778183925 -0.02668321957072991
3557 -0.3865826065551013 0.30693731610597236 -0.0796452904491289
3558 -0.4014777235681923 0.28721445192008804 -0.07952041301920892
3559 -0.39278219173428897 0.30476767575067343 -0.05328051870937968
3560 -0.39782739478245344 0.3017022320916508 -0.02662944069111305
3561 -0.41219212575137254 0.28176141032244095 -0.026611259302665086
3562 -0.40040391403673936 0.26917680183910536 -0.13122711219763392
3563 -0.41390697113840985 0.24798481419500817 -0.13108985914896232
3564 -0.4086197884666022 0.26804191435985236 -0.10575159866316342
3565 -0.40737419953627096 0.2268105978628626 -0.18056360167340835
3566 -0.41928729512559765 0.2045393913001334 -0.17989386190982404
3567 -0.41747788757786325 0.22673883468569644 -0.15589007097598395
3568 -0.42642375193635784 0.22604108248973523 -0.13064537041697366
3569 -0.4377693712280407 0.203629789765988 -0.1299726368681707
3570 -0.4340630576911358 0.2248036522519456 -0.10513125073929255
3571 -0.42593083252734515 0.2605498811833061 -0.026394797175345888
3572 -0.4382360819505112 0.2392770703313819 -0.02637461071363317
3573 -0.4406758091269704 0.22272805021067485 -0.07872132430060486
3574 -0.4512879425150126 0.20041139847060016 -0.07857775959917007
3575 -0.44573912483311556 0.22032706437422822 -0.05265564829382362
3576 -0.4495411391850348 0.21730255766982703 -0.026312784162315684
3577 -0.4596897330880809 0.19492070809089387 -0.026291954106787047
3578 -0.4155722351859089 0.2664092713754977 -0.07953500781268552
3579 -0.4287023845220215 0.24481622668115618 -0.07924191226070668
3580 -0.4213826661898747 0.263875255263669 -0.052976393745196276
3581 -0.40737419953627096 0.18056360167340835 -0.2268105978628626
3582 -0.41747788757786325 0.15589007097598395 -0.22673883468569644
3583 -0.41928729512559765 0.17989386190982404 -0.2045393913001334
3584 -0.40040391403673936 0.13122711219763392 -0.26917680183910536
3585 -0.4086197884666022 0.10575159866316342 -0.26804191435985236
3586 -0.41390697113840985 0.13108985914896232 -0.24798481419500817
3587 -0.42642375193635784 0.13064537041697366 -0.22604108248973523
3588 -0.4340630576911358 0.10513125073929255 -0.2248036522519456
3589 -0.4377693712280407 0.1299726368681707 -0.203629789765988
3590 -0.3865826065551013 0.0796452904491289 -0.30693731610597236
3591 -0.39278219173428897 0.05328051870937968 -0.30476767575067343
3592 -0.4014777235681923 0.07952041301920892 -0.28721445192008804
3593 -0.36614676349435804 0.026700715699193016 -0.339446047795165
3594 -0.37047556267747955 0.0 -0.33577947742350917
3595 -0.3824072898147982 0.02668321957072991 -0.3210181778183925
3596 -0.39782739478245344 0.02662944069111305 -0.3017022320916508
3597 -0.40160376574032247 0.0 -0.29784965224621657
3598 -0.41219212575137254 0.026611259302665086 -0.28176141032244095
3599 -0.4406758091269704 0.07872132430060486 -0.22272805021067485
3600 -0.44573912483311556 0.05265564829382362 -0.22032706437422822
3601 -0.4512879425150126 0.07857775959917007 -0.20041139847060016
3602 -0.42593083252734515 0.026394797175345888 -0.2605498811833061
3603 -0.428864305000136 0.0 -0.25705137209661083
3604 -0.4382360819505112 0.02637461071363317 -0.2392770703313819
3605 -0.4495411391850348 0.026312784162315684 -0.21730255766982703
3606 -0.4519946465617216 0.0 -0.213777546715141
3607 -0.4596897330880809 0.026291954106787047 -0.19492070809089387
3608 -0.4155722351859089 0.07953500781268552 -0.2664092713754977
3609 -0.4213826661898747 0.052976393745196276 -0.263875255263669
3610 -0.4287023845220215 0.07924191226070668 -0.24481622668115618
3611 -0.4697441409127143 0.1694358098673724 -0.025138584143972142
3612 -0.47751159714820235 0.1461235533275682 -0.0251113868971465
3613 -0.4787160465133723 0.1233460638976807 -0.07494461509378748
3614 -0.484306828171891 0.09929228538243726 -0.07475251333309814
3615 -0.482038356033029 0.12299588064236695 -0.050110245040144476
3616 -0.48415587694888973 0.12233827289843992 -0.025028659574142874
3617 -0.489589020050155 0.09837450276708466 -0.025000973014219455
3618 -0.4787160465133723 0.07494461509378748 -0.1233460638976807
3619 -0.482038356033029 0.050110245040144476 -0.12299588064236695
3620 -0.484306828171891 0.07475251333309814 -0.09929228538243726
3621 -0.4697441409127143 0.025138584143972142 -0.1694358098673724
3622 -0.47077203259151035 0.0 -0.16844492669611
3623 -0.47751159714820235 0.0251113868971465 -0.1461235533275682
3624 -0.48415587694888973 0.025028659574142874 -0.12233827289843992
3625 -0.485015626597272 0.0 -0.12149008995163194
3626 -0.489589020050155 0.025000973014219455 -0.09837450276708466
3627 -0.49394156211684254 0.07357033068316958 -0.024680754784697955
3628 -0.4969638336399173 0.04918580036317442 -0.024651675329487602
3629 -0.49394156211684254 0.024680754784697955 -0.07357033068316958
3630 -0.49458825498239045 0.0 -0.07336523722768086
3631 -0.4969638336399173 0.024651675329487602 -0.04918580036317442
3632 -0.4987918236545789 0.024563353347409337 -0.024563353347409337
3633 -0.49939772810258615 0.0 -0.024533837163709004
3634 -0.48873445111768044 0.07462786440298136 -0.07462786440298136
3635 -0.4919651147776668 0.04965417836737043 -0.07419426131756035
3636 -0.4919651147776668 0.07419426131756035 -0.04965417836737043
3637 -0.43018044145034007 0.18020098195291617 -0.18020098195291617
3638 -0.4484043493533124 0.12995297099682432 -0.1790133090307282
3639 -0.43994320350002625 0.15522743008696258 -0.17987335167481458
3640 -0.43994320350002625 0.17987335167481458 -0.15522743008696258
3641 -0.4484043493533124 0.1790133090307282 -0.12995297099682432
3642 -0.461788142079628 0.07769247109681875 -0.1752586424959272
3643 -0.4558858514216449 0.10361966483574576 -0.17728805806621484
3644 -0.46643989941675396 0.051411389434083764 -0.17259979509995177
3645 -0.47097780313222937 0.07644360657534656 -0.1494532835721336
3646 -0.4732523485371911 0.10109348131836572 -0.12574705817221396
3647 -0.4558858514216449 0.17728805806621484 -0.10361966483574576
3648 -0.461788142079628 0.1752586424959272 -0.07769247109681875
3649 -0.4732523485371911 0.12574705817221396 -0.10109348131836572
3650 -0.47097780313222937 0.1494532835721336 -0.07644360657534656
3651 -0.46643989941675396 0.17259979509995177 -0.051411389434083764
3652 -0.4580606962936099 0.12887584784544134 -0.1535298484110887
3653 -0.46639113117863 0.12743491036195267 -0.12743491036195267
3654 -0.4580606962936099 0.1535298484110887 -0.12887584784544134
3655 -0.053439051845126595 0.35152828317071005 -0.35152828317071005
3656 -0.10656186370245674 0.3179232899814 -0.3709034252897398
3657 -0.0802491158418062 0.33536369416794737 -0.3620652869865264
3658 -0.0802491158418062 0.3620652869865264 -0.33536369416794737
3659 -0.10656186370245674 0.3709034252897398 -0.31792328998140007
3660 -0.15899282729074202 0.2785321339727024 -0.38358979550388034
3661 -0.13358169280061402 0.29853027805742804 -0.37820048179699217
3662 -0.20807913936811445 0.23508983563759972 -0.3891475824667437
3663 -0.18399916822691795 0.25725451644426617 -0.38725239813438095
3664 -0.18631151495503828 0.28653492376498485 -0.36494623831210093
3665 -0.2126296143145587 0.29308364866405984 -0.34480519427961615
3666 -0.18747338589636683 0.3141287193334708 -0.3408472931834216
3667 -0.13358169280061402 0.37820048179699217 -0.298530278057428
3668 -0.158992827290742 0.3835897955038804 -0.2785321339727024
3669 -0.1874733858963668 0.3408472931834216 -0.3141287193334708
3670 -0.2126296143145587 0.34480519427961615 -0.29308364866405984
3671 -0.18631151495503828 0.36494623831210093 -0.28653492376498485
3672 -0.18399916822691792 0.3872523981343809 -0.2572545164442661
3673 -0.20807913936811445 0.3891475824667437 -0.23508983563759972
3674 -0.13418777990424394 0.3269611650445563 -0.3536806981969422
3675 -0.16135272358413025 0.33463808703731196 -0.33463808703731196
3676 -0.1341877799042439 0.35368069819694226 -0.32696116504455625
3677 -0.25725451644426617 0.18399916822691795 -0.38725239813438095
3678 -0.23508983563759972 0.20807913936811445 -0.3891475824667437
3679 -0.29853027805742804 0.13358169280061402 -0.37820048179699217
3680 -0.2785321339727024 0.15899282729074202 -0.38358979550388034
3681 -0.28653492376498485 0.1863115149550383 -0.36494623831210093
3682 -0.3141287193334708 0.18747338589636683 -0.3408472931834216
3683 -0.29308364866405984 0.2126296143145587 -0.34480519427961615
3684 -0.33536369416794737 0.0802491158418062 -0.3620652869865264
3685 -0.3179232899814 0.10656186370245674 -0.3709034252897398
3686 -0.35152828317071005 0.053439051845126595 -0.35152828317071005
3687 -0.3620652869865264 0.0802491158418062 -0.33536369416794737
3688 -0.3709034252897398 0.10656186370245674 -0.3179232899814
3689 -0.3408472931834216 0.1874733858963668 -0.3141287193334708
3690 -0.36494623831210093 0.1863115149550383 -0.28653492376498485
3691 -0.34480519427961615 0.2126296143145587 -0.29308364866405984
3692 -0.37820048179699217 0.13358169280061402 -0.29853027805742804
3693 -0.3835897955038804 0.15899282729074202 -0.27853213397270243
3694 -0.3872523981343809 0.18399916822691792 -0.2572545164442661
3695 -0.3891475824667437 0.20807913936811445 -0.23508983563759972
3696 -0.3269611650445563 0.13418777990424394 -0.3536806981969422
3697 -0.3536806981969422 0.13418777990424394 -0.3269611650445563
3698 -0.33463808703731196 0.16135272358413025 -0.33463808703731196
3699 -0.23508983563759975 0.38914758246674375 -0.20807913936811448
3700 -0.25725451644426617 0.38725239813438095 -0.18399916822691795
3701 -0.29308364866405984 0.34480519427961615 -0.2126296143145587
3702 -0.3141287193334708 0.3408472931834216 -0.18747338589636683
3703 -0.28653492376498485 0.36494623831210093 -0.1863115149550383
3704 -0.2785321339727024 0.38358979550388034 -0.15899282729074202
3705 -0.29853027805742804 0.37820048179699217 -0.13358169280061402
3706 -0.34480519427961615 0.29308364866405984 -0.2126296143145587
3707 -0.36494623831210093 0.28653492376498485 -0.1863115149550383
3708 -0.3408472931834216 0.3141287193334708 -0.18747338589636683
3709 -0.3891475824667437 0.23508983563759972 -0.20807913936811445
3710 -0.3872523981343809 0.2572545164442661 -0.18399916822691792
3711 -0.3835897955038804 0.27853213397270243 -0.15899282729074202
3712 -0.37820048179699217 0.29853027805742804 -0.13358169280061402
3713 -0.3179232899814 0.3709034252897398 -0.10656186370245674
3714 -0.33536369416794737 0.3620652869865264 -0.0802491158418062
3715 -0.3709034252897398 0.3179232899814 -0.10656186370245674
3716 -0.3620652869865264 0.33536369416794737 -0.0802491158418062
3717 -0.35152828317071005 0.35152828317071005 -0.053439051845126595
3718 -0.33463808703731196 0.33463808703731196 -0.16135272358413025
3719 -0.3536806981969422 0.3269611650445563 -0.13418777990424394
3720 -0.3269611650445563 0.3536806981969422 -0.13418777990424394
3721 -0.2385511600614684 0.2385511600614684 -0.36903480603684974
3722 -0.295537133124643 0.2420840069863178 -0.32257268406657646
3723 -0.26791889063324636 0.2409069588443993 -0.3466746388505992
3724 -0.2409069588443993 0.26791889063324636 -0.3466746388505992
3725 -0.2420840069863178 0.295537133124643 -0.32257268406657646
3726 -0.3466746388505992 0.2409069588443993 -0.2679188906332464
3727 -0.3225726840665765 0.24208400698631782 -0.295537133124643
3728 -0.3690348060368497 0.23855116006146837 -0.23855116006146837
3729 -0.3466746388505992 0.2679188906332464 -0.2409069588443993
3730 -0.3225726840665765 0.295537133124643 -0.24208400698631782
3731 -0.24208400698631782 0.3225726840665765 -0.295537133124643
3732 -0.2409069588443993 0.3466746388505992 -0.2679188906332464
3733 -0.295537133124643 0.3225726840665765 -0.24208400698631782
3734 -0.2679188906332464 0.3466746388505992 -0.2409069588443993
3735 -0.2385511600614684 0.36903480603684974 -0.2385511600614684
3736 -0.2974059387397313 0.2703690352179375 -0.2974059387397313
3737 -0.2974059387397313 0.2974059387397313 -0.2703690352179375
3738 -0.2703690352179375 0.2974059387397313 -0.2974059387397313
3739 -0.4987918236545789 -0.024563353347409337 -0.024563353347409337
3740 -0.49394156211684254 -0.024680754784697955 -0.07357033068316958
3741 -0.4969638336399173 -0.024651675329487602 -0.04918580036317442
3742 -0.4969638336399173 -0.04918580036317442 -0.024651675329487602
3743 -0.49394156211684254 -0.07357033068316958 -0.024680754784697955
3744 -0.48415587694888973 -0.025028659574142874 -0.12233827289843992
3745 -0.489589020050155 -0.025000973014219455 -0.09837450276708466
3746 -0.4697441409127143 -0.025138584143972142 -0.1694358098673724
3747 -0.47751159714820235 -0.0251113868971465 -0.1461235533275682
3748 -0.482038356033029 -0.050110245040144476 -0.12299588064236695
3749 -0.4787160465133723 -0.07494461509378748 -0.1233460638976807
3750 -0.484306828171891 -0.07475251333309814 -0.09929228538243726
3751 -0.489589020050155 -0.09837450276708466 -0.025000973014219455
3752 -0.48415587694888973 -0.12233827289843992 -0.025028659574142874
3753 -0.484306828171891 -0.09929228538243726 -0.07475251333309814
3754 -0.4787160465133723 -0.1233460638976807 -0.07494461509378748
3755 -0.482038356033029 -0.12299588064236695 -0.050110245040144476
3756 -0.47751159714820235 -0.1461235533275682 -0.0251113868971465
3757 -0.4697441409127143 -0.1694358098673724 -0.025138584143972142
3758 -0.4919651147776668 -0.04965417836737043 -0.07419426131756035
3759 -0.48873445111768044 -0.07462786440298136 -0.07462786440298136
3760 -0.4919651147776668 -0.07419426131756035 -0.04965417836737043
3761 -0.4495411391850348 -0.026312784162315684 -0.21730255766982703
3762 -0.4596897330880809 -0.026291954106787047 -0.19492070809089387
3763 -0.42593083252734515 -0.026394797175345888 -0.2605498811833061
3764 -0.4382360819505112 -0.02637461071363317 -0.2392770703313819
3765 -0.44573912483311556 -0.05265564829382362 -0.22032706437422822
3766 -0.4406758091269704 -0.07872132430060486 -0.22272805021067485
3767 -0.4512879425150126 -0.07857775959917007 -0.20041139847060016
3768 -0.39782739478245344 -0.02662944069111305 -0.3017022320916508
3769 -0.41219212575137254 -0.026611259302665086 -0.28176141032244095
3770 -0.36614676349435804 -0.026700715699193016 -0.339446047795165
3771 -0.3824072898147982 -0.02668321957072991 -0.3210181778183925
3772 -0.39278219173428897 -0.05328051870937968 -0.30476767575067343
3773 -0.3865826065551013 -0.0796452904491289 -0.30693731610597236
3774 -0.4014777235681923 -0.07952041301920892 -0.28721445192008804
3775 -0.4340630576911358 -0.10513125073929255 -0.2248036522519456
3776 -0.42642375193635784 -0.13064537041697366 -0.22604108248973523
3777 -0.4377693712280407 -0.1299726368681707 -0.203629789765988
3778 -0.4086197884666022 -0.10575159866316342 -0.26804191435985236
3779 -0.40040391403673936 -0.13122711219763392 -0.26917680183910536
3780 -0.41390697113840985 -0.13108985914896232 -0.24798481419500817
3781 -0.41747788757786325 -0.15589007097598395 -0.22673883468569644
3782 -0.40737419953627096 -0.18056360167340835 -0.2268105978628626
3783 -0.41928729512559765 -0.17989386190982404 -0.2045393913001334
3784 -0.4213826661898747 -0.052976393745196276 -0.263875255263669
3785 -0.4155722351859089 -0.07953500781268552 -0.2664092713754977
3786 -0.4287023845220215 -0.07924191226070668 -0.24481622668115618
3787 -0.4596897330880809 -0.19492070809089387 -0.026291954106787047
3788 -0.4495411391850348 -0.21730255766982703 -0.026312784162315684
3789 -0.4512879425150126 -0.20041139847060016 -0.07857775959917007
3790 -0.4406758091269704 -0.22272805021067485 -0.07872132430060486
3791 -0.44573912483311556 -0.22032706437422822 -0.05265564829382362
3792 -0.4382360819505112 -0.2392770703313819 -0.02637461071363317
3793 -0.42593083252734515 -0.2605498811833061 -0.026394797175345888
3794 -0.4377693712280407 -0.203629789765988 -0.1299726368681707
3795 -0.42642375193635784 -0.22604108248973523 -0.13064537041697366
3796 -0.4340630576911358 -0.2248036522519456 -0.10513125073929255
3797 -0.41928729512559765 -0.2045393913001334 -0.17989386190982404
3798 -0.40737419953627096 -0.2268105978628626 -0.18056360167340835
3799 -0.41747788757786325 -0.22673883468569644 -0.15589007097598395
3800 -0.41390697113840985 -0.24798481419500817 -0.13108985914896232
3801 -0.40040391403673936 -0.26917680183910536 -0.13122711219763392
3802 -0.4086197884666022 -0.26804191435985236 -0.10575159866316342
3803 -0.41219212575137254 -0.28176141032244095 -0.026611259302665086
3804 -0.39782739478245344 -0.3017022320916508 -0.02662944069111305
3805 -0.4014777235681923 -0.28721445192008804 -0.07952041301920892
3806 -0.3865826065551013 -0.30693731610597236 -0.0796452904491289
3807 -0.39278219173428897 -0.30476767575067343 -0.05328051870937968
3808 -0.3824072898147982 -0.3210181778183925 -0.02668321957072991
3809 -0.36614676349435804 -0.339446047795165 -0.026700715699193016
3810 -0.4287023845220215 -0.24481622668115618 -0.07924191226070668
3811 -0.4155722351859089 -0.2664092713754977 -0.07953500781268552
3812 -0.4213826661898747 -0.263875255263669 -0.052976393745196276
3813 -0.46643989941675396 -0.051411389434083764 -0.17259979509995177
3814 -0.4558858514216449 -0.10361966483574576 -0.17728805806621484
3815 -0.461788142079628 -0.07769247109681875 -0.1752586424959272
3816 -0.47097780313222937 -0.07644360657534656 -0.1494532835721336
3817 -0.4732523485371911 -0.10109348131836572 -0.12574705817221396
3818 -0.43994320350002625 -0.15522743008696258 -0.17987335167481458
3819 -0.4484043493533124 -0.12995297099682432 -0.1790133090307282
3820 -0.43018044145034007 -0.18020098195291617 -0.18020098195291617
3821 -0.43994320350002625 -0.17987335167481458 -0.15522743008696258
3822 -0.4484043493533124 -0.1790133090307282 -0.12995297099682432
3823 -0.4732523485371911 -0.12574705817221396 -0.10109348131836572
3824 -0.47097780313222937 -0.1494532835721336 -0.07644360657534656
3825 -0.4558858514216449 -0.17728805806621484 -0.10361966483574576
3826 -0.461788142079628 -0.1752586424959272 -0.07769247109681875
3827 -0.46643989941675396 -0.17259979509995177 -0.051411389434083764
3828 -0.4580606962936099 -0.12887584784544134 -0.1535298484110887
3829 -0.4580606962936099 -0.1535298484110887 -0.12887584784544134
3830 -0.46639113117863 -0.12743491036195267 -0.12743491036195267
3831 -0.3210181778183925 -0.026683219570729912 -0.3824072898147982
3832 -0.339446047795165 -0.026700715699193016 -0.36614676349435804
3833 -0.2817614103224409 -0.02661125930266508 -0.41219212575137254
3834 -0.3017022320916508 -0.02662944069111305 -0.39782739478245344
3835 -0.30476767575067343 -0.05328051870937968 -0.39278219173428897
3836 -0.28721445192008804 -0.07952041301920892 -0.4014777235681923
3837 -0.30693731610597236 -0.0796452904491289 -0.3865826065551013
3838 -0.2392770703313819 -0.02637461071363317 -0.4382360819505112
3839 -0.260549881183306 -0.026394797175345885 -0.4259308325273452
3840 -0.19492070809089387 -0.026291954106787047 -0.4596897330880809
3841 -0.217302557669827 -0.026312784162315684 -0.4495411391850348
3842 -0.22032706437422822 -0.05265564829382362 -0.44573912483311556
3843 -0.20041139847060016 -0.07857775959917007 -0.4512879425150126
3844 -0.22272805021067482 -0.07872132430060486 -0.44067580912697035
3845 -0.26804191435985236 -0.10575159866316342 -0.4086197884666022
3846 -0.24798481419500817 -0.13108985914896235 -0.41390697113840985
3847 -0.26917680183910536 -0.13122711219763392 -0.4004039140367393
3848 -0.2248036522519456 -0.10513125073929255 -0.4340630576911358
3849 -0.203629789765988 -0.1299726368681707 -0.4377693712280407
3850 -0.2260410824897352 -0.13064537041697363 -0.4264237519363578
3851 -0.22673883468569644 -0.15589007097598395 -0.41747788757786325
3852 -0.2045393913001334 -0.17989386190982404 -0.41928729512559765
3853 -0.2268105978628626 -0.18056360167340835 -0.40737419953627096
3854 -0.26387525526366895 -0.052976393745196276 -0.4213826661898747
3855 -0.24481622668115618 -0.07924191226070668 -0.4287023845220215
3856 -0.2664092713754977 -0.07953500781268552 -0.4155722351859089
3857 -0.1461235533275682 -0.0251113868971465 -0.47751159714820235
3858 -0.1694358098673724 -0.025138584143972142 -0.4697441409127143
3859 -0.09837450276708466 -0.025000973014219455 -0.48958902005015503
3860 -0.12233827289843992 -0.02502865957414287 -0.48415587694888973
3861 -0.12299588064236695 -0.05011024504014447 -0.482038356033029
3862 -0.09929228538243727 -0.07475251333309814 -0.484306828171891
3863 -0.12334606389768071 -0.07494461509378747 -0.4787160465133723
3864 -0.04918580036317442 -0.024651675329487605 -0.49696383363991736
3865 -0.07357033068316958 -0.024680754784697955 -0.49394156211684254
3866 -0.024563353347409337 -0.024563353347409337 -0.4987918236545789
3867 -0.024651675329487605 -0.04918580036317442 -0.49696383363991736
3868 -0.024680754784697955 -0.07357033068316958 -0.49394156211684254
3869 -0.07475251333309814 -0.09929228538243727 -0.484306828171891
3870 -0.05011024504014447 -0.12299588064236695 -0.482038356033029
3871 -0.07494461509378747 -0.12334606389768071 -0.4787160465133723
3872 -0.025000973014219455 -0.09837450276708466 -0.48958902005015503
3873 -0.02502865957414287 -0.12233827289843992 -0.48415587694888973
3874 -0.0251113868971465 -0.1461235533275682 -0.47751159714820235
3875 -0.025138584143972142 -0.1694358098673724 -0.4697441409127143
3876 -0.07419426131756035 -0.04965417836737043 -0.4919651147776668
3877 -0.04965417836737043 -0.07419426131756035 -0.4919651147776668
3878 -0.07462786440298134 -0.07462786440298134 -0.48873445111768044
3879 -0.17989386190982404 -0.2045393913001334 -0.41928729512559765
3880 -0.15589007097598395 -0.22673883468569644 -0.41747788757786325
3881 -0.18056360167340835 -0.2268105978628626 -0.40737419953627096
3882 -0.1299726368681707 -0.203629789765988 -0.4377693712280407
3883 -0.10513125073929257 -0.2248036522519456 -0.43406305769113573
3884 -0.13064537041697363 -0.2260410824897352 -0.4264237519363578
3885 -0.13108985914896235 -0.24798481419500817 -0.41390697113840985
3886 -0.10575159866316343 -0.2680419143598523 -0.40861978846660224
3887 -0.13122711219763392 -0.26917680183910536 -0.4004039140367393
3888 -0.07857775959917007 -0.20041139847060016 -0.4512879425150126
3889 -0.05265564829382362 -0.22032706437422822 -0.44573912483311556
3890 -0.07872132430060486 -0.22272805021067482 -0.44067580912697035
3891 -0.026291954106787047 -0.19492070809089387 -0.4596897330880809
3892 -0.026312784162315684 -0.217302557669827 -0.4495411391850348
3893 -0.02637461071363317 -0.2392770703313819 -0.4382360819505112
3894 -0.026394797175345885 -0.260549881183306 -0.4259308325273452
3895 -0.07952041301920892 -0.28721445192008804 -0.4014777235681923
3896 -0.05328051870937968 -0.30476767575067343 -0.39278219173428897
3897 -0.0796452904491289 -0.30693731610597236 -0.3865826065551013
3898 -0.02661125930266508 -0.2817614103224409 -0.41219212575137254
3899 -0.02662944069111305 -0.3017022320916508 -0.39782739478245344
3900 -0.026683219570729912 -0.3210181778183925 -0.3824072898147982
3901 -0.026700715699193016 -0.339446047795165 -0.36614676349435804
3902 -0.07924191226070668 -0.24481622668115616 -0.4287023845220215
3903 -0.052976393745196276 -0.26387525526366895 -0.4213826661898747
3904 -0.07953500781268552 -0.2664092713754977 -0.4155722351859089
3905 -0.17259979509995177 -0.05141138943408377 -0.466439899416754
3906 -0.125747058172214 -0.10109348131836574 -0.4732523485371911
3907 -0.1494532835721336 -0.07644360657534656 -0.47097780313222937
3908 -0.1752586424959272 -0.07769247109681875 -0.461788142079628
3909 -0.17728805806621484 -0.10361966483574576 -0.4558858514216449
3910 -0.07644360657534656 -0.1494532835721336 -0.47097780313222937
3911 -0.10109348131836574 -0.125747058172214 -0.4732523485371911
3912 -0.05141138943408377 -0.17259979509995177 -0.466439899416754
3913 -0.07769247109681875 -0.1752586424959272 -0.461788142079628
3914 -0.10361966483574576 -0.17728805806621484 -0.4558858514216449
3915 -0.1790133090307282 -0.12995297099682432 -0.4484043493533124
3916 -0.17987335167481458 -0.15522743008696258 -0.43994320350002625
3917 -0.12995297099682432 -0.1790133090307282 -0.4484043493533124
3918 -0.15522743008696258 -0.17987335167481458 -0.43994320350002625
3919 -0.18020098195291617 -0.18020098195291617 -0.43018044145034007
3920 -0.1274349103619527 -0.1274349103619527 -0.46639113117863007
3921 -0.12887584784544134 -0.1535298484110887 -0.4580606962936099
3922 -0.1535298484110887 -0.12887584784544134 -0.4580606962936099
3923 -0.339446047795165 -0.36614676349435804 -0.026700715699193016
3924 -0.3210181778183925 -0.3824072898147982 -0.026683219570729912
3925 -0.30693731610597236 -0.3865826065551013 -0.0796452904491289
3926 -0.28721445192008804 -0.4014777235681923 -0.07952041301920892
3927 -0.30476767575067343 -0.39278219173428897 -0.05328051870937968
3928 -0.3017022320916508 -0.39782739478245344 -0.02662944069111305
3929 -0.2817614103224409 -0.41219212575137254 -0.02661125930266508
3930 -0.26917680183910536 -0.40040391403673936 -0.13122711219763392
3931 -0.24798481419500817 -0.41390697113840985 -0.13108985914896235
3932 -0.26804191435985236 -0.4086197884666022 -0.10575159866316342
3933 -0.2268105978628626 -0.40737419953627096 -0.18056360167340835
3934 -0.2045393913001334 -0.41928729512559765 -0.17989386190982404
3935 -0.22673883468569644 -0.41747788757786325 -0.15589007097598395
3936 -0.2260410824897352 -0.4264237519363578 -0.13064537041697363
3937 -0.203629789765988 -0.4377693712280407 -0.1299726368681707
3938 -0.2248036522519456 -0.4340630576911358 -0.10513125073929255
3939 -0.2605498811833061 -0.4259308325273452 -0.026394797175345888
3940 -0.2392770703313819 -0.4382360819505112 -0.02637461071363317
3941 -0.22272805021067485 -0.4406758091269704 -0.07872132430060486
3942 -0.20041139847060016 -0.4512879425150126 -0.07857775959917007
3943 -0.22032706437422822 -0.44573912483311556 -0.05265564829382362
3944 -0.217302557669827 -0.4495411391850348 -0.026312784162315684
3945 -0.19492070809089387 -0.4596897330880809 -0.026291954106787047
3946 -0.2664092713754977 -0.4155722351859089 -0.07953500781268552
3947 -0.24481622668115618 -0.4287023845220215 -0.07924191226070668
3948 -0.26387525526366895 -0.4213826661898747 -0.052976393745196276
3949 -0.18056360167340835 -0.40737419953627096 -0.2268105978628626
3950 -0.15589007097598395 -0.41747788757786325 -0.22673883468569644
3951 -0.17989386190982404 -0.41928729512559765 -0.2045393913001334
3952 -0.13122711219763392 -0.40040391403673936 -0.26917680183910536
3953 -0.10575159866316342 -0.4086197884666022 -0.26804191435985236
3954 -0.13108985914896232 -0.41390697113840985 -0.24798481419500817
3955 -0.13064537041697366 -0.42642375193635784 -0.22604108248973523
3956 -0.10513125073929255 -0.4340630576911358 -0.2248036522519456
3957 -0.1299726368681707 -0.4377693712280407 -0.203629789765988
3958 -0.0796452904491289 -0.3865826065551013 -0.30693731610597236
3959 -0.05328051870937968 -0.39278219173428897 -0.30476767575067343
3960 -0.07952041301920892 -0.4014777235681923 -0.28721445192008804
3961 -0.026700715699193016 -0.36614676349435804 -0.339446047795165
3962 -0.026683219570729912 -0.3824072898147982 -0.3210181778183925
3963 -0.02662944069111305 -0.39782739478245344 -0.3017022320916508
3964 -0.026611259302665086 -0.41219212575137254 -0.28176141032244095
3965 -0.07872132430060486 -0.4406758091269704 -0.22272805021067485
3966 -0.05265564829382362 -0.44573912483311556 -0.22032706437422822
3967 -0.07857775959917006 -0.45128794251501253 -0.20041139847060013
3968 -0.026394797175345888 -0.42593083252734515 -0.2605498811833061
3969 -0.02637461071363317 -0.4382360819505112 -0.2392770703313819
3970 -0.026312784162315684 -0.4495411391850348 -0.21730255766982703
3971 -0.026291954106787047 -0.4596897330880809 -0.19492070809089387
3972 -0.07953500781268552 -0.4155722351859089 -0.2664092713754977
3973 -0.052976393745196276 -0.4213826661898747 -0.263875255263669
3974 -0.07924191226070668 -0.4287023845220215 -0.24481622668115618
3975 -0.1694358098673724 -0.4697441409127143 -0.025138584143972142
3976 -0.1461235533275682 -0.47751159714820235 -0.0251113868971465
3977 -0.1233460638976807 -0.4787160465133723 -0.07494461509378748
3978 -0.09929228538243726 -0.484306828171891 -0.07475251333309814
3979 -0.12299588064236695 -0.482038356033029 -0.050110245040144476
3980 -0.12233827289843992 -0.48415587694888973 -0.025028659574142874
3981 -0.09837450276708466 -0.48958902005015503 -0.025000973014219458
3982 -0.07494461509378748 -0.4787160465133723 -0.1233460638976807
3983 -0.050110245040144476 -0.482038356033029 -0.12299588064236695
3984 -0.07475251333309814 -0.484306828171891 -0.09929228538243726
3985 -0.025138584143972142 -0.4697441409127143 -0.1694358098673724
3986 -0.0251113868971465 -0.47751159714820235 -0.1461235533275682
3987 -0.025028659574142874 -0.48415587694888973 -0.12233827289843992
3988 -0.025000973014219455 -0.489589020050155 -0.09837450276708466
3989 -0.07357033068316958 -0.49394156211684254 -0.024680754784697955
3990 -0.04918580036317442 -0.49696383363991736 -0.024651675329487605
3991 -0.024680754784697955 -0.49394156211684254 -0.07357033068316958
3992 -0.024651675329487605 -0.49696383363991736 -0.04918580036317442
3993 -0.024563353347409337 -0.4987918236545789 -0.024563353347409337
3994 -0.07462786440298136 -0.48873445111768044 -0.07462786440298136
3995 -0.04965417836737043 -0.4919651147776668 -0.07419426131756035
3996 -0.07419426131756035 -0.4919651147776668 -0.04965417836737043
3997 -0.18020098195291617 -0.43018044145034007 -0.18020098195291617
3998 -0.12995297099682432 -0.4484043493533124 -0.1790133090307282
3999 -0.15522743008696258 -0.43994320350002625 -0.17987335167481458
4000 -0.17987335167481458 -0.43994320350002625 -0.15522743008696258
4001 -0.1790133090307282 -0.4484043493533124 -0.12995297099682432
4002 -0.07769247109681875 -0.461788142079628 -0.1752586424959272
4003 -0.10361966483574576 -0.4558858514216449 -0.17728805806621484
4004 -0.051411389434083764 -0.46643989941675396 -0.17259979509995177
4005 -0.07644360657534656 -0.47097780313222937 -0.1494532835721336
4006 -0.10109348131836572 -0.4732523485371911 -0.12574705817221396
4007 -0.1772880580662148 -0.4558858514216449 -0.10361966483574576
4008 -0.1752586424959272 -0.461788142079628 -0.07769247109681876
4009 -0.12574705817221396 -0.4732523485371911 -0.10109348131836572
4010 -0.1494532835721336 -0.47097780313222937 -0.07644360657534656
4011 -0.17259979509995177 -0.466439899416754 -0.05141138943408377
4012 -0.12887584784544134 -0.4580606962936099 -0.1535298484110887
4013 -0.12743491036195267 -0.46639113117863 -0.12743491036195267
4014 -0.15352984841108866 -0.4580606962936099 -0.12887584784544132
4015 -0.35152828317071005 -0.053439051845126595 -0.35152828317071005
4016 -0.3179232899814 -0.10656186370245674 -0.3709034252897398
4017 -0.33536369416794737 -0.0802491158418062 -0.3620652869865264
4018 -0.3620652869865264 -0.0802491158418062 -0.33536369416794737
4019 -0.3709034252897398 -0.10656186370245674 -0.3179232899814
4020 -0.2785321339727024 -0.15899282729074202 -0.38358979550388034
4021 -0.29853027805742804 -0.13358169280061402 -0.37820048179699217
4022 -0.23508983563759972 -0.20807913936811445 -0.3891475824667437
4023 -0.25725451644426617 -0.18399916822691795 -0.38725239813438095
4024 -0.28653492376498485 -0.1863115149550383 -0.36494623831210093
4025 -0.29308364866405984 -0.2126296143145587 -0.34480519427961615
4026 -0.3141287193334708 -0.18747338589636683 -0.3408472931834216
4027 -0.37820048179699217 -0.13358169280061402 -0.29853027805742804
4028 -0.3835897955038804 -0.15899282729074202 -0.27853213397270243
4029 -0.3408472931834216 -0.1874733858963668 -0.3141287193334708
4030 -0.34480519427961615 -0.2126296143145587 -0.29308364866405984
4031 -0.36494623831210093 -0.1863115149550383 -0.28653492376498485
4032 -0.3872523981343809 -0.18399916822691792 -0.2572545164442661
4033 -0.3891475824667437 -0.20807913936811445 -0.23508983563759972
4034 -0.3269611650445563 -0.13418777990424394 -0.3536806981969422
4035 -0.33463808703731196 -0.16135272358413025 -0.33463808703731196
4036 -0.3536806981969422 -0.13418777990424394 -0.3269611650445563
4037 -0.18399916822691795 -0.25725451644426617 -0.38725239813438095
4038 -0.20807913936811445 -0.23508983563759972 -0.3891475824667437
4039 -0.13358169280061402 -0.29853027805742804 -0.37820048179699217
4040 -0.15899282729074202 -0.2785321339727024 -0.38358979550388034
4041 -0.18631151495503828 -0.28653492376498485 -0.36494623831210093
4042 -0.18747338589636683 -0.3141287193334708 -0.3408472931834216
4043 -0.2126296143145587 -0.29308364866405984 -0.34480519427961615
4044 -0.0802491158418062 -0.33536369416794737 -0.3620652869865264
4045 -0.10656186370245674 -0.3179232899814 -0.3709034252897398
4046 -0.053439051845126595 -0.35152828317071005 -0.35152828317071005
4047 -0.0802491158418062 -0.3620652869865264 -0.33536369416794737
4048 -0.10656186370245674 -0.3709034252897398 -0.31792328998140007
4049 -0.1874733858963668 -0.3408472931834216 -0.3141287193334708
4050 -0.18631151495503828 -0.36494623831210093 -0.28653492376498485
4051 -0.2126296143145587 -0.34480519427961615 -0.29308364866405984
4052 -0.13358169280061402 -0.37820048179699217 -0.298530278057428
4053 -0.158992827290742 -0.3835897955038804 -0.2785321339727024
4054 -0.18399916822691792 -0.3872523981343809 -0.2572545164442661
4055 -0.20807913936811445 -0.3891475824667437 -0.23508983563759972
4056 -0.13418777990424394 -0.3269611650445563 -0.3536806981969422
4057 -0.1341877799042439 -0.35368069819694226 -0.32696116504455625
4058 -0.16135272358413025 -0.33463808703731196 -0.33463808703731196
4059 -0.3891475824667437 -0.23508983563759972 -0.20807913936811445
4060 -0.3872523981343809 -0.2572545164442661 -0.18399916822691792
4061 -0.34480519427961615 -0.29308364866405984 -0.2126296143145587
4062 -0.3408472931834216 -0.3141287193334708 -0.18747338589636683
4063 -0.36494623831210093 -0.28653492376498485 -0.1863115149550383
4064 -0.3835897955038804 -0.27853213397270243 -0.15899282729074202
4065 -0.37820048179699217 -0.29853027805742804 -0.13358169280061402
4066 -0.29308364866405984 -0.34480519427961615 -0.2126296143145587
4067 -0.28653492376498485 -0.36494623831210093 -0.1863115149550383
4068 -0.3141287193334708 -0.3408472931834216 -0.18747338589636683
4069 -0.23508983563759975 -0.38914758246674375 -0.20807913936811448
4070 -0.25725451644426617 -0.38725239813438095 -0.18399916822691795
4071 -0.2785321339727024 -0.38358979550388034 -0.15899282729074202
4072 -0.29853027805742804 -0.37820048179699217 -0.13358169280061402
4073 -0.3709034252897398 -0.3179232899814 -0.10656186370245674
4074 -0.3620652869865264 -0.33536369416794737 -0.0802491158418062
4075 -0.3179232899814 -0.3709034252897398 -0.10656186370245674
4076 -0.33536369416794737 -0.3620652869865264 -0.0802491158418062
4077 -0.35152828317071005 -0.35152828317071005 -0.053439051845126595
4078 -0.33463808703731196 -0.33463808703731196 -0.16135272358413025
4079 -0.3269611650445563 -0.3536806981969422 -0.13418777990424394
4080 -0.3536806981969422 -0.3269611650445563 -0.13418777990424394
4081 -0.2385511600614684 -0.2385511600614684 -0.36903480603684974
4082 -0.2420840069863178 -0.295537133124643 -0.32257268406657646
4083 -0.2409069588443993 -0.26791889063324636 -0.3466746388505992
4084 -0.26791889063324636 -0.2409069588443993 -0.3466746388505992
4085 -0.295537133124643 -0.2420840069863178 -0.32257268406657646
4086 -0.2409069588443993 -0.3466746388505992 -0.2679188906332464
4087 -0.24208400698631782 -0.3225726840665765 -0.295537133124643
4088 -0.2385511600614684 -0.36903480603684974 -0.2385511600614684
4089 -0.2679188906332464 -0.3466746388505992 -0.2409069588443993
4090 -0.295537133124643 -0.3225726840665765 -0.24208400698631782
4091 -0.3225726840665765 -0.24208400698631782 -0.295537133124643
4092 -0.3466746388505992 -0.2409069588443993 -0.2679188906332464
4093 -0.3225726840665765 -0.295537133124643 -0.24208400698631782
4094 -0.3466746388505992 -0.2679188906332464 -0.2409069588443993
4095 -0.3690348060368497 -0.23855116006146837 -0.23855116006146837
4096 -0.2703690352179375 -0.2974059387397313 -0.2974059387397313
4097 -0.2974059387397313 -0.2974059387397313 -0.2703690352179375
4098 -0.2974059387397313 -0.2703690352179375 -0.2974059387397313
$EndNodes
$Elements
8192
1 2 2 1 2 1 1027 1029
2 2 2 1 2 1027 259 1028
3 2 2 1 2 1029 1028 261
4 2 2 1 2 1027 1028 1029
5 2 2 1 2 259 1030 1032
6 2 2 1 2 1030 67 1031
7 2 2 1 2 1032 1031 260
8 2 2 1 2 1030 1031 1032
9 2 2 1 2 261 1033 1035
10 2 2 1 2 1033 260 1034
11 2 2 1 2 1035 1034 69
12 2 2 1 2 1033 1034 1035
13 2 2 1 2 259 1032 1028
14 2 2 1 2 1032 260 1033
15 2 2 1 2 1028 1033 261
16 2 2 1 2 1032 1033 1028
17 2 2 1 2 67 1036 1038
18 2 2 1 2 1036 262 1037
19 2 2 1 2 1038 1037 264
20 2 2 1 2 1036 1037 1038
21 2 2 1 2 262 1039 1041
22 2 2 1 2 1039 19 1040
23 2 2 1 2 1041 1040 263
24 2 2 1 2 1039 1040 1041
25 2 2 1 2 264 1042 1044
26 2 2 1 2 1042 263 1043
27 2 2 1 2 1044 1043 68
28 2 2 1 2 1042 1043 1044
29 2 2 1 2 262 1041 1037
30 2 2 1 2 1041 263 1042
31 2 2 1 2 1037 1042 264
32 2 2 1 2 1041 1042 1037
33 2 2 1 2 69 1045 1047
34 2 2 1 2 1045 265 1046
35 2 2 1 2 1047 1046 267
36 2 2 1 2 1045 1046 1047
37 2 2 1 2 265 1048 1050
38 2 2 1 2 1048 68 1049
39 2 2 1 2 1050 1049 266
40 2 2 1 2 1048 1049 1050
41 2 2 1 2 267 1051 1053
42 2 2 1 2 1051 266 1052
43 2 2 1 2 1053 1052 21
44 2 2 1 2 1051 1052 1053
45 2 2 1 2 265 1050 1046
46 2 2 1 2 1050 266 1051
47 2 2 1 2 1046 1051 267
48 2 2 1 2 1050 1051 1046
49 2 2 1 2 67 1038 1031
50 2 2 1 2 1038 264 1054
51 2 2 1 2 1031 1054 260
52 2 2 1 2 1038 1054 1031
53 2 2 1 2 264 1044 1055
54 2 2 1 2 1044 68 1048
55 2 2 1 2 1055 1048 265
56 2 2 1 2 1044 1048 1055
57 2 2 1 2 260 1056 1034
58 2 2 1 2 1056 265 1045
59 2 2 1 2 1034 1045 69
60 2 2 1 2 1056 1045 1034
61 2 2 1 2 264 1055 1054
62 2 2 1 2 1055 265 1056
63 2 2 1 2 1054 1056 260
64 2 2 1 2 1055 1056 1054
65 2 2 1 2 19 1057 1059
66 2 2 1 2 1057 268 1058
67 2 2 1 2 1059 1058 270
68 2 2 1 2 1057 1058 1059
69 2 2 1 2 268 1060 1062
70 2 2 1 2 1060 70 1061
71 2 2 1 2 1062 1061 269
72 2 2 1 2 1060 1061 1062
73 2 2 1 2 270 1063 1065
74 2 2 1 2 1063 269 1064
75 2 2 1 2 1065 1064 72
76 2 2 1 2 1063 1064 1065
77 2 2 1 2 268 1062 1058
78 2 2 1 2 1062 269 1063
79 2 2 1 2 1058 1063 270
80 2 2 1 2 1062 1063 1058
81 2 2 1 2 70 1066 1068
82 2 2 1 2 1066 271 1067
83 2 2 1 2 1068 1067 273
84 2 2 1 2 1066 1067 1068
85 2 2 1 2 271 1069 1071
86 2 2 1 2 1069 7 1070
87 2 2 1 2 1071 1070 272
88 2 2 1 2 1069 1070 1071
89 2 2 1 2 273 1072 1074
90 2 2 1 2 1072 272 1073
91 2 2 1 2 1074 1073 71
92 2 2 1 2 1072 1073 1074
93 2 2 1 2 271 1071 1067
94 2 2 1 2 1071 272 1072
95 2 2 1 2 1067 1072 273
96 2 2 1 2 1071 1072 1067
97 2 2 1 2 72 1075 1077
98 2 2 1 2 1075 274 1076
99 2 2 1 2 1077 1076 276
100 2 2 1 2 1075 1076 1077
101 2 2 1 2 274 1078 1080
102 2 2 1 2 1078 71 1079
103 2 2 1 2 1080 1079 275
104 2 2 1 2 1078 1079 1080
105 2 2 1 2 276 1081 1083
106 2 2 1 2 1081 275 1082
107 2 2 1 2 1083 1082 20
108 2 2 1 2 1081 1082 1083
109 2 2 1 2 274 1080 1076
110 2 2 1 2 1080 275 1081
111 2 2 1 2 1076 1081 276
112 2 2 1 2 1080 1081 1076
113 2 2 1 2 70 1068 1061
114 2 2 1 2 1068 273 1084
115 2 2 1 2 1061 1084 269
116 2 2 1 2 1068 1084 1061
117 2 2 1 2 273 1074 1085
118 2 2 1 2 1074 71 1078
119 2 2 1 2 1085 1078 274
120 2 2 1 2 1074 1078 1085
121 2 2 1 2 269 1086 1064
122 2 2 1 2 1086 274 1075
123 2 2 1 2 1064 1075 72
124 2 2 1 2 1086 1075 1064
125 2 2 1 2 273 1085 1084
126 2 2 1 2 1085 274 1086
127 2 2 1 2 1084 1086 269
128 2 2 1 2 1085 1086 1084
129 2 2 1 2 21 1087 1089
130 2 2 1 2 1087 277 1088
131 2 2 1 2 1089 1088 279
132 2 2 1 2 1087 1088 1089
133 2 2 1 2 277 1090 1092
134 2 2 1 2 1090 73 1091
135 2 2 1 2 1092 1091 278
136 2 2 1 2 1090 1091 1092
137 2 2 1 2 279 1093 1095
138 2 2 1 2 1093 278 1094
139 2 2 1 2 1095 1094 75
140 2 2 1 2 1093 1094 1095
141 2 2 1 2 277 1092 1088
142 2 2 1 2 1092 278 1093
143 2 2 1 2 1088 1093 279
144 2 2 1 2 1092 1093 1088
145 2 2 1 2 73 1096 1098
146 2 2 1 2 1096 280 1097
147 2 2 1 2 1098 1097 282
148 2 2 1 2 1096 1097 1098
149 2 2 1 2 280 1099 1101
150 2 2 1 2 1099 20 1100
151 2 2 1 2 1101 1100 281
152 2 2 1 2 1099 1100 1101
153 2 2 1 2 282 1102 1104
154 2 2 1 2 1102 281 1103
155 2 2 1 2 1104 1103 74
156 2 2 1 2 1102 1103 1104
157 2 2 1 2 280 1101 1097
158 2 2 1 2 1101 281 1102
159 2 2 1 2 1097 1102 282
160 2 2 1 2 1101 1102 1097
161 2 2 1 2 75 1105 1107
162 2 2 1 2 1105 283 1106
163 2 2 1 2 1107 1106 285
164 2 2 1 2 1105 1106 1107
165 2 2 1 2 283 1108 1110
166 2 2 1 2 1108 74 1109
167 2 2 1 2 1110 1109 284
168 2 2 1 2 1108 1109 1110
169 2 2 1 2 285 1111 1113
170 2 2 1 2 1111 284 1112
171 2 2 1 2 1113 1112 9
172 2 2 1 2 1111 1112 1113
173 2 2 1 2 283 1110 1106
174 2 2 1 2 1110 284 1111
175 2 2 1 2 1106 1111 285
176 2 2 1 2 1110 1111 1106
177 2 2 1 2 73 1098 1091
178 2 2 1 2 1098 282 1114
179 2 2 1 2 1091 1114 278
180 2 2 1 2 1098 1114 1091
181 2 2 1 2 282 1104 1115
182 2 2 1 2 1104 74 1108
183 2 2 1 2 1115 1108 283
184 2 2 1 2 1104 1108 1115
185 2 2 1 2 278 1116 1094
186 2 2 1 2 1116 283 1105
187 2 2 1 2 1094 1105 75
188 2 2 1 2 1116 1105 1094
189 2 2 1 2 282 1115 1114
190 2 2 1 2 1115 283 1116
191 2 2 1 2 1114 1116 278
192 2 2 1 2 1115 1116 1114
193 2 2 1 2 19 1059 1040
194 2 2 1 2 1059 270 1117
195 2 2 1 2 1040 1117 263
196 2 2 1 2 1059 1117 1040
197 2 2 1 2 270 1065 1119
198 2 2 1 2 1065 72 1118
199 2 2 1 2 1119 1118 286
200 2 2 1 2 1065 1118 1119
201 2 2 1 2 263 1120 1043
202 2 2 1 2 1120 286 1121
203 2 2 1 2 1043 1121 68
204 2 2 1 2 1120 1121 1043
205 2 2 1 2 270 1119 1117
206 2 2 1 2 1119 286 1120
207 2 2 1 2 1117 1120 263
208 2 2 1 2 1119 1120 1117
209 2 2 1 2 72 1077 1123
210 2 2 1 2 1077 276 1122
211 2 2 1 2 1123 1122 287
212 2 2 1 2 1077 1122 1123
213 2 2 1 2 276 1083 1124
214 2 2 1 2 1083 20 1099
215 2 2 1 2 1124 1099 280
216 2 2 1 2 1083 1099 1124
217 2 2 1 2 287 1125 1126
218 2 2 1 2 1125 280 1096
219 2 2 1 2 1126 1096 73
220 2 2 1 2 1125 1096 1126
221 2 2 1 2 276 1124 1122
222 2 2 1 2 1124 280 1125
223 2 2 1 2 1122 1125 287
224 2 2 1 2 1124 1125 1122
225 2 2 1 2 68 1127 1049
226 2 2 1 2 1127 288 1128
227 2 2 1 2 1049 1128 266
228 2 2 1 2 1127 1128 1049
229 2 2 1 2 288 1129 1130
230 2 2 1 2 1129 73 1090
231 2 2 1 2 1130 1090 277
232 2 2 1 2 1129 1090 1130
233 2 2 1 2 266 1131 1052
234 2 2 1 2 1131 277 1087
235 2 2 1 2 1052 1087 21
236 2 2 1 2 1131 1087 1052
237 2 2 1 2 288 1130 1128
238 2 2 1 2 1130 277 1131
239 2 2 1 2 1128 1131 266
240 2 2 1 2 1130 1131 1128
241 2 2 1 2 72 1123 1118
242 2 2 1 2 1123 287 1132
243 2 2 1 2 1118 1132 286
244 2 2 1 2 1123 1132 1118
245 2 2 1 2 287 1126 1133
246 2 2 1 2 1126 73 1129
247 2 2 1 2 1133 1129 288
248 2 2 1 2 1126 1129 1133
249 2 2 1 2 286 1134 1121
250 2 2 1 2 1134 288 1127
251 2 2 1 2 1121 1127 68
252 2 2 1 2 1134 1127 1121
253 2 2 1 2 287 1133 1132
254 2 2 1 2 1133 288 1134
255 2 2 1 2 1132 1134 286
256 2 2 1 2 1133 1134 1132
257 2 2 1 2 7 1135 1137
258 2 2 1 2 1135 289 1136
259 2 2 1 2 1137 1136 291
260 2 2 1 2 1135 1136 1137
261 2 2 1 2 289 1138 1140
262 2 2 1 2 1138 76 1139
263 2 2 1 2 1140 1139 290
264 2 2 1 2 1138 1139 1140
265 2 2 1 2 291 1141 1143
266 2 2 1 2 1141 290 1142
267 2 2 1 2 1143 1142 78
268 2 2 1 2 1141 1142 1143
269 2 2 1 2 289 1140 1136
270 2 2 1 2 1140 290 1141
271 2 2 1 2 1136 1141 291
272 2 2 1 2 1140 1141 1136
273 2 2 1 2 76 1144 1146
274 2 2 1 2 1144 292 1145
275 2 2 1 2 1146 1145 294
276 2 2 1 2 1144 1145 1146
277 2 2 1 2 292 1147 1149
278 2 2 1 2 1147 22 1148
279 2 2 1 2 1149 1148 293
280 2 2 1 2 1147 1148 1149
281 2 2 1 2 294 1150 1152
282 2 2 1 2 1150 293 1151
283 2 2 1 2 1152 1151 77
284 2 2 1 2 1150 1151 1152
285 2 2 1 2 292 1149 1145
286 2 2 1 2 1149 293 1150
287 2 2 1 2 1145 1150 294
288 2 2 1 2 1149 1150 1145
289 2 2 1 2 78 1153 1155
290 2 2 1 2 1153 295 1154
291 2 2 1 2 1155 1154 297
292 2 2 1 2 1153 1154 1155
293 2 2 1 2 295 1156 1158
294 2 2 1 2 1156 77 1157
295 2 2 1 2 1158 1157 296
296 2 2 1 2 1156 1157 1158
297 2 2 1 2 297 1159 1161
298 2 2 1 2 1159 296 1160
299 2 2 1 2 1161 1160 24
300 2 2 1 2 1159 1160 1161
301 2 2 1 2 295 1158 1154
302 2 2 1 2 1158 296 1159
303 2 2 1 2 1154 1159 297
304 2 2 1 2 1158 1159 1154
305 2 2 1 2 76 1146 1139
306 2 2 1 2 1146 294 1162
307 2 2 1 2 1139 1162 290
308 2 2 1 2 1146 1162 1139
309 2 2 1 2 294 1152 1163
310 2 2 1 2 1152 77 1156
311 2 2 1 2 1163 1156 295
312 2 2 1 2 1152 1156 1163
313 2 2 1 2 290 1164 1142
314 2 2 1 2 1164 295 1153
315 2 2 1 2 1142 1153 78
316 2 2 1 2 1164 1153 1142
317 2 2 1 2 294 1163 1162
318 2 2 1 2 1163 295 1164
319 2 2 1 2 1162 1164 290
320 2 2 1 2 1163 1164 1162
321 2 2 1 2 22 1165 1167
322 2 2 1 2 1165 298 1166
323 2 2 1 2 1167 1166 300
324 2 2 1 2 1165 1166 1167
325 2 2 1 2 298 1168 1170
326 2 2 1 2 1168 79 1169
327 2 2 1 2 1170 1169 299
328 2 2 1 2 1168 1169 1170
329 2 2 1 2 300 1171 1173
330 2 2 1 2 1171 299 1172
331 2 2 1 2 1173 1172 81
332 2 2 1 2 1171 1172 1173
333 2 2 1 2 298 1170 1166
334 2 2 1 2 1170 299 1171
335 2 2 1 2 1166 1171 300
336 2 2 1 2 1170 1171 1166
337 2 2 1 2 79 1174 1176
338 2 2 1 2 1174 301 1175
339 2 2 1 2 1176 1175 303
340 2 2 1 2 1174 1175 1176
341 2 2 1 2 301 1177 1179
342 2 2 1 2 1177 2 1178
343 2 2 1 2 1179 1178 302
344 2 2 1 2 1177 1178 1179
345 2 2 1 2 303 1180 1182
346 2 2 1 2 1180 302 1181
347 2 2 1 2 1182 1181 80
348 2 2 1 2 1180 1181 1182
349 2 2 1 2 301 1179 1175
350 2 2 1 2 1179 302 1180
351 2 2 1 2 1175 1180 303
352 2 2 1 2 1179 1180 1175
353 2 2 1 2 81 1183 1185
354 2 2 1 2 1183 304 1184
355 2 2 1 2 1185 1184 306
356 2 2 1 2 1183 1184 1185
357 2 2 1 2 304 1186 1188
358 2 2 1 2 1186 80 1187
359 2 2 1 2 1188 1187 305
360 2 2 1 2 1186 1187 1188
361 2 2 1 2 306 1189 1191
362 2 2 1 2 1189 305 1190
363 2 2 1 2 1191 1190 23
364 2 2 1 2 1189 1190 1191
365 2 2 1 2 304 1188 1184
366 2 2 1 2 1188 305 1189
367 2 2 1 2 1184 1189 306
368 2 2 1 2 1188 1189 1184
369 2 2 1 2 79 1176 1169
370 2 2 1 2 1176 303 1192
371 2 2 1 2 1169 1192 299
372 2 2 1 2 1176 1192 1169
373 2 2 1 2 303 1182 1193
374 2 2 1 2 1182 80 1186
375 2 2 1 2 1193 1186 304
376 2 2 1 2 1182 1186 1193
377 2 2 1 2 299 1194 1172
378 2 2 1 2 1194 304 1183
379 2 2 1 2 1172 1183 81
380 2 2 1 2 1194 1183 1172
381 2 2 1 2 303 1193 1192
382 2 2 1 2 1193 304 1194
383 2 2 1 2 1192 1194 299
384 2 2 1 2 1193 1194 1192
385 2 2 1 2 24 1195 1197
386 2 2 1 2 1195 307 1196
387 2 2 1 2 1197 1196 309
388 2 2 1 2 1195 1196 1197
389 2 2 1 2 307 1198 1200
390 2 2 1 2 1198 82 1199
391 2 2 1 2 1200 1199 308
392 2 2 1 2 1198 1199 1200
393 2 2 1 2 309 1201 1203
394 2 2 1 2 1201 308 1202
395 2 2 1 2 1203 1202 84
396 2 2 1 2 1201 1202 1203
397 2 2 1 2 307 1200 1196
398 2 2 1 2 1200 308 1201
399 2 2 1 2 1196 1201 309
400 2 2 1 2 1200 1201 1196
401 2 2 1 2 82 1204 1206
402 2 2 1 2 1204 310 1205
403 2 2 1 2 1206 1205 312
404 2 2 1 2 1204 1205 1206
405 2 2 1 2 310 1207 1209
406 2 2 1 2 1207 23 1208
407 2 2 1 2 1209 1208 311
408 2 2 1 2 1207 1208 1209
409 2 2 1 2 312 1210 1212
410 2 2 1 2 1210 311 1211
411 2 2 1 2 1212 1211 83
412 2 2 1 2 1210 1211 1212
413 2 2 1 2 310 1209 1205
414 2 2 1 2 1209 311 1210
415 2 2 1 2 1205 1210 312
416 2 2 1 2 1209 1210 1205
417 2 2 1 2 84 1213 1215
418 2 2 1 2 1213 313 1214
419 2 2 1 2 1215 1214 315
420 2 2 1 2 1213 1214 1215
421 2 2 1 2 313 1216 1218
422 2 2 1 2 1216 83 1217
423 2 2 1 2 1218 1217 314
424 2 2 1 2 1216 1217 1218
425 2 2 1 2 315 1219 1221
426 2 2 1 2 1219 314 1220
427 2 2 1 2 1221 1220 8
428 2 2 1 2 1219 1220 1221
429 2 2 1 2 313 1218 1214
430 2 2 1 2 1218 314 1219
431 2 2 1 2 1214 1219 315
432 2 2 1 2 1218 1219 1214
433 2 2 1 2 82 1206 1199
434 2 2 1 2 1206 312 1222
435 2 2 1 2 1199 1222 308
436 2 2 1 2 1206 1222 1199
437 2 2 1 2 312 1212 1223
438 2 2 1 2 1212 83 1216
439 2 2 1 2 1223 1216 313
440 2 2 1 2 1212 1216 1223
441 2 2 1 2 308 1224 1202
442 2 2 1 2 1224 313 1213
443 2 2 1 2 1202 1213 84
444 2 2 1 2 1224 1213 1202
445 2 2 1 2 312 1223 1222
446 2 2 1 2 1223 313 1224
447 2 2 1 2 1222 1224 308
448 2 2 1 2 1223 1224 1222
449 2 2 1 2 22 1167 1148
450 2 2 1 2 1167 300 1225
451 2 2 1 2 1148 1225 293
452 2 2 1 2 1167 1225 1148
453 2 2 1 2 300 1173 1227
454 2 2 1 2 1173 81 1226
455 2 2 1 2 1227 1226 316
456 2 2 1 2 1173 1226 1227
457 2 2 1 2 293 1228 1151
458 2 2 1 2 1228 316 1229
459 2 2 1 2 1151 1229 77
460 2 2 1 2 1228 1229 1151
461 2 2 1 2 300 1227 1225
462 2 2 1 2 1227 316 1228
463 2 2 1 2 1225 1228 293
464 2 2 1 2 1227 1228 1225
465 2 2 1 2 81 1185 1231
466 2 2 1 2 1185 306 1230
467 2 2 1 2 1231 1230 317
468 2 2 1 2 1185 1230 1231
469 2 2 1 2 306 1191 1232
470 2 2 1 2 1191 23 1207
471 2 2 1 2 1232 1207 310
472 2 2 1 2 1191 1207 1232
473 2 2 1 2 317 1233 1234
474 2 2 1 2 1233 310 1204
475 2 2 1 2 1234 1204 82
476 2 2 1 2 1233 1204 1234
477 2 2 1 2 306 1232 1230
478 2 2 1 2 1232 310 1233
479 2 2 1 2 1230 1233 317
480 2 2 1 2 1232 1233 1230
481 2 2 1 2 77 1235 1157
482 2 2 1 2 1235 318 1236
483 2 2 1 2 1157 1236 296
484 2 2 1 2 1235 1236 1157
485 2 2 1 2 318 1237 1238
486 2 2 1 2 1237 82 1198
487 2 2 1 2 1238 1198 307
488 2 2 1 2 1237 1198 1238
489 2 2 1 2 296 1239 1160
490 2 2 1 2 1239 307 1195
491 2 2 1 2 1160 1195 24
492 2 2 1 2 1239 1195 1160
493 2 2 1 2 318 1238 1236
494 2 2 1 2 1238 307 1239
495 2 2 1 2 1236 1239 296
496 2 2 1 2 1238 1239 1236
497 2 2 1 2 81 1231 1226
498 2 2 1 2 1231 317 1240
499 2 2 1 2 1226 1240 316
500 2 2 1 2 1231 1240 1226
501 2 2 1 2 317 1234 1241
502 2 2 1 2 1234 82 1237
503 2 2 1 2 1241 1237 318
504 2 2 1 2 1234 1237 1241
505 2 2 1 2 316 1242 1229
506 2 2 1 2 1242 318 1235
507 2 2 1 2 1229 1235 77
508 2 2 1 2 1242 1235 1229
509 2 2 1 2 317 1241 1240
510 2 2 1 2 1241 318 1242
511 2 2 1 2 1240 1242 316
512 2 2 1 2 1241 1242 1240
513 2 2 1 2 9 1243 1245
514 2 2 1 2 1243 319 1244
515 2 2 1 2 1245 1244 321
516 2 2 1 2 1243 1244 1245
517 2 2 1 2 319 1246 1248
518 2 2 1 2 1246 85 1247
519 2 2 1 2 1248 1247 320
520 2 2 1 2 1246 1247 1248
521 2 2 1 2 321 1249 1251
522 2 2 1 2 1249 320 1250
523 2 2 1 2 1251 1250 87
524 2 2 1 2 1249 1250 1251
525 2 2 1 2 319 1248 1244
526 2 2 1 2 1248 320 1249
527 2 2 1 2 1244 1249 321
528 2 2 1 2 1248 1249 1244
529 2 2 1 2 85 1252 1254
530 2 2 1 2 1252 322 1253
531 2 2 1 2 1254 1253 324
532 2 2 1 2 1252 1253 1254
533 2 2 1 2 322 1255 1257
534 2 2 1 2 1255 25 1256
535 2 2 1 2 1257 1256 323
536 2 2 1 2 1255 1256 1257
537 2 2 1 2 324 1258 1260
538 2 2 1 2 1258 323 1259
539 2 2 1 2 1260 1259 86
540 2 2 1 2 1258 1259 1260
541 2 2 1 2 322 1257 1253
542 2 2 1 2 1257 323 1258
543 2 2 1 2 1253 1258 324
544 2 2 1 2 1257 1258 1253
545 2 2 1 2 87 1261 1263
546 2 2 1 2 1261 325 1262
547 2 2 1 2 1263 1262 327
548 2 2 1 2 1261 1262 1263
549 2 2 1 2 325 1264 1266
550 2 2 1 2 1264 86 1265
551 2 2 1 2 1266 1265 326
552 2 2 1 2 1264 1265 1266
553 2 2 1 2 327 1267 1269
554 2 2 1 2 1267 326 1268
555 2 2 1 2 1269 1268 27
556 2 2 1 2 1267 1268 1269
557 2 2 1 2 325 1266 1262
558 2 2 1 2 1266 326 1267
559 2 2 1 2 1262 1267 327
560 2 2 1 2 1266 1267 1262
561 2 2 1 2 85 1254 1247
562 2 2 1 2 1254 324 1270
563 2 2 1 2 1247 1270 320
564 2 2 1 2 1254 1270 1247
565 2 2 1 2 324 1260 1271
566 2 2 1 2 1260 86 1264
567 2 2 1 2 1271 1264 325
568 2 2 1 2 1260 1264 1271
569 2 2 1 2 320 1272 1250
570 2 2 1 2 1272 325 1261
571 2 2 1 2 1250 1261 87
572 2 2 1 2 1272 1261 1250
573 2 2 1 2 324 1271 1270
574 2 2 1 2 1271 325 1272
575 2 2 1 2 1270 1272 320
576 2 2 1 2 1271 1272 1270
577 2 2 1 2 25 1273 1275
578 2 2 1 2 1273 328 1274
579 2 2 1 2 1275 1274 330
580 2 2 1 2 1273 1274 1275
581 2 2 1 2 328 1276 1278
582 2 2 1 2 1276 88 1277
583 2 2 1 2 1278 1277 329
584 2 2 1 2 1276 1277 1278
585 2 2 1 2 330 1279 1281
586 2 2 1 2 1279 329 1280
587 2 2 1 2 1281 1280 90
588 2 2 1 2 1279 1280 1281
589 2 2 1 2 328 1278 1274
590 2 2 1 2 1278 329 1279
591 2 2 1 2 1274 1279 330
592 2 2 1 2 1278 1279 1274
593 2 2 1 2 88 1282 1284
594 2 2 1 2 1282 331 1283
595 2 2 1 2 1284 1283 333
596 2 2 1 2 1282 1283 1284
597 2 2 1 2 331 1285 1287
598 2 2 1 2 1285 8 1286
599 2 2 1 2 1287 1286 332
600 2 2 1 2 1285 1286 1287
601 2 2 1 2 333 1288 1290
602 2 2 1 2 1288 332 1289
603 2 2 1 2 1290 1289 89
604 2 2 1 2 1288 1289 1290
605 2 2 1 2 331 1287 1283
606 2 2 1 2 1287 332 1288
607 2 2 1 2 1283 1288 333
608 2 2 1 2 1287 1288 1283
609 2 2 1 2 90 1291 1293
610 2 2 1 2 1291 334 1292
611 2 2 1 2 1293 1292 336
612 2 2 1 2 1291 1292 1293
613 2 2 1 2 334 1294 1296
614 2 2 1 2 1294 89 1295
615 2 2 1 2 1296 1295 335
616 2 2 1 2 1294 1295 1296
617 2 2 1 2 336 1297 1299
618 2 2 1 2 1297 335 1298
619 2 2 1 2 1299 1298 26
620 2 2 1 2 1297 1298 1299
621 2 2 1 2 334 1296 1292
622 2 2 1 2 1296 335 1297
623 2 2 1 2 1292 1297 336
624 2 2 1 2 1296 1297 1292
625 2 2 1 2 88 1284 1277
626 2 2 1 2 1284 333 1300
627 2 2 1 2 1277 1300 329
628 2 2 1 2 1284 1300 1277
629 2 2 1 2 333 1290 1301
630 2 2 1 2 1290 89 1294
631 2 2 1 2 1301 1294 334
632 2 2 1 2 1290 1294 1301
633 2 2 1 2 329 1302 1280
634 2 2 1 2 1302 334 1291
635 2 2 1 2 1280 1291 90
636 2 2 1 2 1302 1291 1280
637 2 2 1 2 333 1301 1300
638 2 2 1 2 1301 334 1302
639 2 2 1 2 1300 1302 329
640 2 2 1 2 1301 1302 1300
641 2 2 1 2 27 1303 1305
642 2 2 1 2 1303 337 1304
643 2 2 1 2 1305 1304 339
644 2 2 1 2 1303 1304 1305
645 2 2 1 2 337 1306 1308
646 2 2 1 2 1306 91 1307
647 2 2 1 2 1308 1307 338
648 2 2 1 2 1306 1307 1308
649 2 2 1 2 339 1309 1311
650 2 2 1 2 1309 338 1310
651 2 2 1 2 1311 1310 93
652 2 2 1 2 1309 1310 1311
653 2 2 1 2 337 1308 1304
654 2 2 1 2 1308 338 1309
655 2 2 1 2 1304 1309 339
656 2 2 1 2 1308 1309 1304
657 2 2 1 2 91 1312 1314
658 2 2 1 2 1312 340 1313
659 2 2 1 2 1314 1313 342
660 2 2 1 2 1312 1313 1314
661 2 2 1 2 340 1315 1317
662 2 2 1 2 1315 26 1316
663 2 2 1 2 1317 1316 341
664 2 2 1 2 1315 1316 1317
665 2 2 1 2 342 1318 1320
666 2 2 1 2 1318 341 1319
667 2 2 1 2 1320 1319 92
668 2 2 1 2 1318 1319 1320
669 2 2 1 2 340 1317 1313
670 2 2 1 2 1317 341 1318
671 2 2 1 2 1313 1318 342
672 2 2 1 2 1317 1318 1313
673 2 2 1 2 93 1321 1323
674 2 2 1 2 1321 343 1322
675 2 2 1 2 1323 1322 345
676 2 2 1 2 1321 1322 1323
677 2 2 1 2 343 1324 1326
678 2 2 1 2 1324 92 1325
679 2 2 1 2 1326 1325 344
680 2 2 1 2 1324 1325 1326
681 2 2 1 2 345 1327 1329
682 2 2 1 2 1327 344 1328
683 2 2 1 2 1329 1328 3
684 2 2 1 2 1327 1328 1329
685 2 2 1 2 343 1326 1322
686 2 2 1 2 1326 344 1327
687 2 2 1 2 1322 1327 345
688 2 2 1 2 1326 1327 1322
689 2 2 1 2 91 1314 1307
690 2 2 1 2 1314 342 1330
691 2 2 1 2 1307 1330 338
692 2 2 1 2 1314 1330 1307
693 2 2 1 2 342 1320 1331
694 2 2 1 2 1320 92 1324
695 2 2 1 2 1331 1324 343
696 2 2 1 2 1320 1324 1331
697 2 2 1 2 338 1332 1310
698 2 2 1 2 1332 343 1321
699 2 2 1 2 1310 1321 93
700 2 2 1 2 1332 1321 1310
701 2 2 1 2 342 1331 1330
702 2 2 1 2 1331 343 1332
703 2 2 1 2 1330 1332 338
704 2 2 1 2 1331 1332 1330
705 2 2 1 2 25 1275 1256
706 2 2 1 2 1275 330 1333
707 2 2 1 2 1256 1333 323
708 2 2 1 2 1275 1333 1256
709 2 2 1 2 330 1281 1335
710 2 2 1 2 1281 90 1334
711 2 2 1 2 1335 1334 346
712 2 2 1 2 1281 1334 1335
713 2 2 1 2 323 1336 1259
714 2 2 1 2 1336 346 1337
715 2 2 1 2 1259 1337 86
716 2 2 1 2 1336 1337 1259
717 2 2 1 2 330 1335 1333
718 2 2 1 2 1335 346 1336
719 2 2 1 2 1333 1336 323
720 2 2 1 2 1335 1336 1333
721 2 2 1 2 90 1293 1339
722 2 2 1 2 1293 336 1338
723 2 2 1 2 1339 1338 347
724 2 2 1 2 1293 1338 1339
725 2 2 1 2 336 1299 1340
726 2 2 1 2 1299 26 1315
727 2 2 1 2 1340 1315 340
728 2 2 1 2 1299 1315 1340
729 2 2 1 2 347 1341 1342
730 2 2 1 2 1341 340 1312
731 2 2 1 2 1342 1312 91
732 2 2 1 2 1341 1312 1342
733 2 2 1 2 336 1340 1338
734 2 2 1 2 1340 340 1341
735 2 2 1 2 1338 1341 347
736 2 2 1 2 1340 1341 1338
737 2 2 1 2 86 1343 1265
738 2 2 1 2 1343 348 1344
739 2 2 1 2 1265 1344 326
740 2 2 1 2 1343 1344 1265
741 2 2 1 2 348 1345 1346
742 2 2 1 2 1345 91 1306
743 2 2 1 2 1346 1306 337
744 2 2 1 2 1345 1306 1346
745 2 2 1 2 326 1347 1268
746 2 2 1 2 1347 337 1303
747 2 2 1 2 1268 1303 27
748 2 2 1 2 1347 1303 1268
749 2 2 1 2 348 1346 1344
750 2 2 1 2 1346 337 1347
751 2 2 1 2 1344 1347 326
752 2 2 1 2 1346 1347 1344
753 2 2 1 2 90 1339 1334
754 2 2 1 2 1339 347 1348
755 2 2 1 2 1334 1348 346
756 2 2 1 2 1339 1348 1334
757 2 2 1 2 347 1342 1349
758 2 2 1 2 1342 91 1345
759 2 2 1 2 1349 1345 348
760 2 2 1 2 1342 1345 1349
761 2 2 1 2 346 1350 1337
762 2 2 1 2 1350 348 1343
763 2 2 1 2 1337 1343 86
764 2 2 1 2 1350 1343 1337
765 2 2 1 2 347 1349 1348
766 2 2 1 2 1349 348 1350
767 2 2 1 2 1348 1350 346
768 2 2 1 2 1349 1350 1348
769 2 2 1 2 7 1137 1070
770 2 2 1 2 1137 291 1351
771 2 2 1 2 1070 1351 272
772 2 2 1 2 1137 1351 1070
773 2 2 1 2 291 1143 1353
774 2 2 1 2 1143 78 1352
775 2 2 1 2 1353 1352 349
776 2 2 1 2 1143 1352 1353
777 2 2 1 2 272 1354 1073
778 2 2 1 2 1354 349 1355
779 2 2 1 2 1073 1355 71
780 2 2 1 2 1354 1355 1073
781 2 2 1 2 291 1353 1351
782 2 2 1 2 1353 349 1354
783 2 2 1 2 1351 1354 272
784 2 2 1 2 1353 1354 1351
785 2 2 1 2 78 1155 1357
786 2 2 1 2 1155 297 1356
787 2 2 1 2 1357 1356 351
788 2 2 1 2 1155 1356 1357
789 2 2 1 2 297 1161 1359
790 2 2 1 2 1161 24 1358
791 2 2 1 2 1359 1358 350
792 2 2 1 2 1161 1358 1359
793 2 2 1 2 351 1360 1362
794 2 2 1 2 1360 350 1361
795 2 2 1 2 1362 1361 94
796 2 2 1 2 1360 1361 1362
797 2 2 1 2 297 1359 1356
798 2 2 1 2 1359 350 1360
799 2 2 1 2 1356 1360 351
800 2 2 1 2 1359 1360 1356
801 2 2 1 2 71 1363 1079
802 2 2 1 2 1363 352 1364
803 2 2 1 2 1079 1364 275
804 2 2 1 2 1363 1364 1079
805 2 2 1 2 352 1365 1367
806 2 2 1 2 1365 94 1366
807 2 2 1 2 1367 1366 353
808 2 2 1 2 1365 1366 1367
809 2 2 1 2 275 1368 1082
810 2 2 1 2 1368 353 1369
811 2 2 1 2 1082 1369 20
812 2 2 1 2 1368 1369 1082
813 2 2 1 2 352 1367 1364
814 2 2 1 2 1367 353 1368
815 2 2 1 2 1364 1368 275
816 2 2 1 2 1367 1368 1364
817 2 2 1 2 78 1357 1352
818 2 2 1 2 1357 351 1370
819 2 2 1 2 1352 1370 349
820 2 2 1 2 1357 1370 1352
821 2 2 1 2 351 1362 1371
822 2 2 1 2 1362 94 1365
823 2 2 1 2 1371 1365 352
824 2 2 1 2 1362 1365 1371
825 2 2 1 2 349 1372 1355
826 2 2 1 2 1372 352 1363
827 2 2 1 2 1355 1363 71
828 2 2 1 2 1372 1363 1355
829 2 2 1 2 351 1371 1370
830 2 2 1 2 1371 352 1372
831 2 2 1 2 1370 1372 349
832 2 2 1 2 1371 1372 1370
833 2 2 1 2 24 1197 1374
834 2 2 1 2 1197 309 1373
835 2 2 1 2 1374 1373 355
836 2 2 1 2 1197 1373 1374
837 2 2 1 2 309 1203 1376
838 2 2 1 2 1203 84 1375
839 2 2 1 2 1376 1375 354
840 2 2 1 2 1203 1375 1376
841 2 2 1 2 355 1377 1379
842 2 2 1 2 1377 354 1378
843 2 2 1 2 1379 1378 95
844 2 2 1 2 1377 1378 1379
845 2 2 1 2 309 1376 1373
846 2 2 1 2 1376 354 1377
847 2 2 1 2 1373 1377 355
848 2 2 1 2 1376 1377 1373
849 2 2 1 2 84 1215 1381
850 2 2 1 2 1215 315 1380
851 2 2 1 2 1381 1380 356
852 2 2 1 2 1215 1380 1381
853 2 2 1 2 315 1221 1382
854 2 2 1 2 1221 8 1285
855 2 2 1 2 1382 1285 331
856 2 2 1 2 1221 1285 1382
857 2 2 1 2 356 1383 1384
858 2 2 1 2 1383 331 1282
859 2 2 1 2 1384 1282 88
860 2 2 1 2 1383 1282 1384
861 2 2 1 2 315 1382 1380
862 2 2 1 2 1382 331 1383
863 2 2 1 2 1380 1383 356
864 2 2 1 2 1382 1383 1380
865 2 2 1 2 95 1385 1387
866 2 2 1 2 1385 357 1386
867 2 2 1 2 1387 1386 358
868 2 2 1 2 1385 1386 1387
869 2 2 1 2 357 1388 1389
870 2 2 1 2 1388 88 1276
871 2 2 1 2 1389 1276 328
872 2 2 1 2 1388 1276 1389
873 2 2 1 2 358 1390 1391
874 2 2 1 2 1390 328 1273
875 2 2 1 2 1391 1273 25
876 2 2 1 2 1390 1273 1391
877 2 2 1 2 357 1389 1386
878 2 2 1 2 1389 328 1390
879 2 2 1 2 1386 1390 358
880 2 2 1 2 1389 1390 1386
881 2 2 1 2 84 1381 1375
882 2 2 1 2 1381 356 1392
883 2 2 1 2 1375 1392 354
884 2 2 1 2 1381 1392 1375
885 2 2 1 2 356 1384 1393
886 2 2 1 2 1384 88 1388
887 2 2 1 2 1393 1388 357
888 2 2 1 2 1384 1388 1393
889 2 2 1 2 354 1394 1378
890 2 2 1 2 1394 357 1385
891 2 2 1 2 1378 1385 95
892 2 2 1 2 1394 1385 1378
893 2 2 1 2 356 1393 1392
894 2 2 1 2 1393 357 1394
895 2 2 1 2 1392 1394 354
896 2 2 1 2 1393 1394 1392
897 2 2 1 2 20 1395 1100
898 2 2 1 2 1395 359 1396
899 2 2 1 2 1100 1396 281
900 2 2 1 2 1395 1396 1100
901 2 2 1 2 359 1397 1399
902 2 2 1 2 1397 96 1398
903 2 2 1 2 1399 1398 360
904 2 2 1 2 1397 1398 1399
905 2 2 1 2 281 1400 1103
906 2 2 1 2 1400 360 1401
907 2 2 1 2 1103 1401 74
908 2 2 1 2 1400 1401 1103
909 2 2 1 2 359 1399 1396
910 2 2 1 2 1399 360 1400
911 2 2 1 2 1396 1400 281
912 2 2 1 2 1399 1400 1396
913 2 2 1 2 96 1402 1404
914 2 2 1 2 1402 361 1403
915 2 2 1 2 1404 1403 362
916 2 2 1 2 1402 1403 1404
917 2 2 1 2 361 1405 1406
918 2 2 1 2 1405 25 1255
919 2 2 1 2 1406 1255 322
920 2 2 1 2 1405 1255 1406
921 2 2 1 2 362 1407 1408
922 2 2 1 2 1407 322 1252
923 2 2 1 2 1408 1252 85
924 2 2 1 2 1407 1252 1408
925 2 2 1 2 361 1406 1403
926 2 2 1 2 1406 322 1407
927 2 2 1 2 1403 1407 362
928 2 2 1 2 1406 1407 1403
929 2 2 1 2 74 1409 1109
930 2 2 1 2 1409 363 1410
931 2 2 1 2 1109 1410 284
932 2 2 1 2 1409 1410 1109
933 2 2 1 2 363 1411 1412
934 2 2 1 2 1411 85 1246
935 2 2 1 2 1412 1246 319
936 2 2 1 2 1411 1246 1412
937 2 2 1 2 284 1413 1112
938 2 2 1 2 1413 319 1243
939 2 2 1 2 1112 1243 9
940 2 2 1 2 1413 1243 1112
941 2 2 1 2 363 1412 1410
942 2 2 1 2 1412 319 1413
943 2 2 1 2 1410 1413 284
944 2 2 1 2 1412 1413 1410
945 2 2 1 2 96 1404 1398
946 2 2 1 2 1404 362 1414
947 2 2 1 2 1398 1414 360
948 2 2 1 2 1404 1414 1398
949 2 2 1 2 362 1408 1415
950 2 2 1 2 1408 85 1411
951 2 2 1 2 1415 1411 363
952 2 2 1 2 1408 1411 1415
953 2 2 1 2 360 1416 1401
954 2 2 1 2 1416 363 1409
955 2 2 1 2 1401 1409 74
956 2 2 1 2 1416 1409 1401
957 2 2 1 2 362 1415 1414
958 2 2 1 2 1415 363 1416
959 2 2 1 2 1414 1416 360
960 2 2 1 2 1415 1416 1414
961 2 2 1 2 24 1374 1358
962 2 2 1 2 1374 355 1417
963 2 2 1 2 1358 1417 350
964 2 2 1 2 1374 1417 1358
965 2 2 1 2 355 1379 1419
966 2 2 1 2 1379 95 1418
967 2 2 1 2 1419 1418 364
968 2 2 1 2 1379 1418 1419
969 2 2 1 2 350 1420 1361
970 2 2 1 2 1420 364 1421
971 2 2 1 2 1361 1421 94
972 2 2 1 2 1420 1421 1361
973 2 2 1 2 355 1419 1417
974 2 2 1 2 1419 364 1420
975 2 2 1 2 1417 1420 350
976 2 2 1 2 1419 1420 1417
977 2 2 1 2 95 1387 1423
978 2 2 1 2 1387 358 1422
979 2 2 1 2 1423 1422 365
980 2 2 1 2 1387 1422 1423
981 2 2 1 2 358 1391 1424
982 2 2 1 2 1391 25 1405
983 2 2 1 2 1424 1405 361
984 2 2 1 2 1391 1405 1424
985 2 2 1 2 365 1425 1426
986 2 2 1 2 1425 361 1402
987 2 2 1 2 1426 1402 96
988 2 2 1 2 1425 1402 1426
989 2 2 1 2 358 1424 1422
990 2 2 1 2 1424 361 1425
991 2 2 1 2 1422 1425 365
992 2 2 1 2 1424 1425 1422
993 2 2 1 2 94 1427 1366
994 2 2 1 2 1427 366 1428
995 2 2 1 2 1366 1428 353
996 2 2 1 2 1427 1428 1366
997 2 2 1 2 366 1429 1430
998 2 2 1 2 1429 96 1397
999 2 2 1 2 1430 1397 359
1000 2 2 1 2 1429 1397 1430
1001 2 2 1 2 353 1431 1369
1002 2 2 1 2 1431 359 1395
1003 2 2 1 2 1369 1395 20
1004 2 2 1 2 1431 1395 1369
1005 2 2 1 2 366 1430 1428
1006 2 2 1 2 1430 359 1431
1007 2 2 1 2 1428 1431 353
1008 2 2 1 2 1430 1431 1428
1009 2 2 1 2 95 1423 1418
1010 2 2 1 2 1423 365 1432
1011 2 2 1 2 1418 1432 364
1012 2 2 1 2 1423 1432 1418
1013 2 2 1 2 365 1426 1433
1014 2 2 1 2 1426 96 1429
1015 2 2 1 2 1433 1429 366
1016 2 2 1 2 1426 1429 1433
1017 2 2 1 2 364 1434 1421
1018 2 2 1 2 1434 366 1427
1019 2 2 1 2 1421 1427 94
1020 2 2 1 2 1434 1427 1421
1021 2 2 1 2 365 1433 1432
1022 2 2 1 2 1433 366 1434
1023 2 2 1 2 1432 1434 364
1024 2 2 1 2 1433 1434 1432
1025 2 2 1 2 2 1435 1178
1026 2 2 1 2 1435 367 1436
1027 2 2 1 2 1178 1436 302
1028 2 2 1 2 1435 1436 1178
1029 2 2 1 2 367 1437 1439
1030 2 2 1 2 1437 97 1438
1031 2 2 1 2 1439 1438 368
1032 2 2 1 2 1437 1438 1439
1033 2 2 1 2 302 1440 1181
1034 2 2 1 2 1440 368 1441
1035 2 2 1 2 1181 1441 80
1036 2 2 1 2 1440 1441 1181
1037 2 2 1 2 367 1439 1436
1038 2 2 1 2 1439 368 1440
1039 2 2 1 2 1436 1440 302
1040 2 2 1 2 1439 1440 1436
1041 2 2 1 2 97 1442 1444
1042 2 2 1 2 1442 369 1443
1043 2 2 1 2 1444 1443 371
1044 2 2 1 2 1442 1443 1444
1045 2 2 1 2 369 1445 1447
1046 2 2 1 2 1445 28 1446
1047 2 2 1 2 1447 1446 370
1048 2 2 1 2 1445 1446 1447
1049 2 2 1 2 371 1448 1450
1050 2 2 1 2 1448 370 1449
1051 2 2 1 2 1450 1449 98
1052 2 2 1 2 1448 1449 1450
1053 2 2 1 2 369 1447 1443
1054 2 2 1 2 1447 370 1448
1055 2 2 1 2 1443 1448 371
1056 2 2 1 2 1447 1448 1443
1057 2 2 1 2 80 1451 1187
1058 2 2 1 2 1451 372 1452
1059 2 2 1 2 1187 1452 305
1060 2 2 1 2 1451 1452 1187
1061 2 2 1 2 372 1453 1455
1062 2 2 1 2 1453 98 1454
1063 2 2 1 2 1455 1454 373
1064 2 2 1 2 1453 1454 1455
1065 2 2 1 2 305 1456 1190
1066 2 2 1 2 1456 373 1457
1067 2 2 1 2 1190 1457 23
1068 2 2 1 2 1456 1457 1190
1069 2 2 1 2 372 1455 1452
1070 2 2 1 2 1455 373 1456
1071 2 2 1 2 1452 1456 305
1072 2 2 1 2 1455 1456 1452
1073 2 2 1 2 97 1444 1438
1074 2 2 1 2 1444 371 1458
1075 2 2 1 2 1438 1458 368
1076 2 2 1 2 1444 1458 1438
1077 2 2 1 2 371 1450 1459
1078 2 2 1 2 1450 98 1453
1079 2 2 1 2 1459 1453 372
1080 2 2 1 2 1450 1453 1459
1081 2 2 1 2 368 1460 1441
1082 2 2 1 2 1460 372 1451
1083 2 2 1 2 1441 1451 80
1084 2 2 1 2 1460 1451 1441
1085 2 2 1 2 371 1459 1458
1086 2 2 1 2 1459 372 1460
1087 2 2 1 2 1458 1460 368
1088 2 2 1 2 1459 1460 1458
1089 2 2 1 2 28 1461 1463
1090 2 2 1 2 1461 374 1462
1091 2 2 1 2 1463 1462 376
1092 2 2 1 2 1461 1462 1463
1093 2 2 1 2 374 1464 1466
1094 2 2 1 2 1464 99 1465
1095 2 2 1 2 1466 1465 375
1096 2 2 1 2 1464 1465 1466
1097 2 2 1 2 376 1467 1469
1098 2 2 1 2 1467 375 1468
1099 2 2 1 2 1469 1468 101
1100 2 2 1 2 1467 1468 1469
1101 2 2 1 2 374 1466 1462
1102 2 2 1 2 1466 375 1467
1103 2 2 1 2 1462 1467 376
1104 2 2 1 2 1466 1467 1462
1105 2 2 1 2 99 1470 1472
1106 2 2 1 2 1470 377 1471
1107 2 2 1 2 1472 1471 379
1108 2 2 1 2 1470 1471 1472
1109 2 2 1 2 377 1473 1475
1110 2 2 1 2 1473 10 1474
1111 2 2 1 2 1475 1474 378
1112 2 2 1 2 1473 1474 1475
1113 2 2 1 2 379 1476 1478
1114 2 2 1 2 1476 378 1477
1115 2 2 1 2 1478 1477 100
1116 2 2 1 2 1476 1477 1478
1117 2 2 1 2 377 1475 1471
1118 2 2 1 2 1475 378 1476
1119 2 2 1 2 1471 1476 379
1120 2 2 1 2 1475 1476 1471
1121 2 2 1 2 101 1479 1481
1122 2 2 1 2 1479 380 1480
1123 2 2 1 2 1481 1480 382
1124 2 2 1 2 1479 1480 1481
1125 2 2 1 2 380 1482 1484
1126 2 2 1 2 1482 100 1483
1127 2 2 1 2 1484 1483 381
1128 2 2 1 2 1482 1483 1484
1129 2 2 1 2 382 1485 1487
1130 2 2 1 2 1485 381 1486
1131 2 2 1 2 1487 1486 29
1132 2 2 1 2 1485 1486 1487
1133 2 2 1 2 380 1484 1480
1134 2 2 1 2 1484 381 1485
1135 2 2 1 2 1480 1485 382
1136 2 2 1 2 1484 1485 1480
1137 2 2 1 2 99 1472 1465
1138 2 2 1 2 1472 379 1488
1139 2 2 1 2 1465 1488 375
1140 2 2 1 2 1472 1488 1465
1141 2 2 1 2 379 1478 1489
1142 2 2 1 2 1478 100 1482
1143 2 2 1 2 1489 1482 380
1144 2 2 1 2 1478 1482 1489
1145 2 2 1 2 375 1490 1468
1146 2 2 1 2 1490 380 1479
1147 2 2 1 2 1468 1479 101
1148 2 2 1 2 1490 1479 1468
1149 2 2 1 2 379 1489 1488
1150 2 2 1 2 1489 380 1490
1151 2 2 1 2 1488 1490 375
1152 2 2 1 2 1489 1490 1488
1153 2 2 1 2 23 1491 1208
1154 2 2 1 2 1491 383 1492
1155 2 2 1 2 1208 1492 311
1156 2 2 1 2 1491 1492 1208
1157 2 2 1 2 383 1493 1495
1158 2 2 1 2 1493 102 1494
1159 2 2 1 2 1495 1494 384
1160 2 2 1 2 1493 1494 1495
1161 2 2 1 2 311 1496 1211
1162 2 2 1 2 1496 384 1497
1163 2 2 1 2 1211 1497 83
1164 2 2 1 2 1496 1497 1211
1165 2 2 1 2 383 1495 1492
1166 2 2 1 2 1495 384 1496
1167 2 2 1 2 1492 1496 311
1168 2 2 1 2 1495 1496 1492
1169 2 2 1 2 102 1498 1500
1170 2 2 1 2 1498 385 1499
1171 2 2 1 2 1500 1499 387
1172 2 2 1 2 1498 1499 1500
1173 2 2 1 2 385 1501 1503
1174 2 2 1 2 1501 29 1502
1175 2 2 1 2 1503 1502 386
1176 2 2 1 2 1501 1502 1503
1177 2 2 1 2 387 1504 1506
1178 2 2 1 2 1504 386 1505
1179 2 2 1 2 1506 1505 103
1180 2 2 1 2 1504 1505 1506
1181 2 2 1 2 385 1503 1499
1182 2 2 1 2 1503 386 1504
1183 2 2 1 2 1499 1504 387
1184 2 2 1 2 1503 1504 1499
1185 2 2 1 2 83 1507 1217
1186 2 2 1 2 1507 388 1508
1187 2 2 1 2 1217 1508 314
1188 2 2 1 2 1507 1508 1217
1189 2 2 1 2 388 1509 1511
1190 2 2 1 2 1509 103 1510
1191 2 2 1 2 1511 1510 389
1192 2 2 1 2 1509 1510 1511
1193 2 2 1 2 314 1512 1220
1194 2 2 1 2 1512 389 1513
1195 2 2 1 2 1220 1513 8
1196 2 2 1 2 1512 1513 1220
1197 2 2 1 2 388 1511 1508
1198 2 2 1 2 1511 389 1512
1199 2 2 1 2 1508 1512 314
1200 2 2 1 2 1511 1512 1508
1201 2 2 1 2 102 1500 1494
1202 2 2 1 2 1500 387 1514
1203 2 2 1 2 1494 1514 384
1204 2 2 1 2 1500 1514 1494
1205 2 2 1 2 387 1506 1515
1206 2 2 1 2 1506 103 1509
1207 2 2 1 2 1515 1509 388
1208 2 2 1 2 1506 1509 1515
1209 2 2 1 2 384 1516 1497
1210 2 2 1 2 1516 388 1507
1211 2 2 1 2 1497 1507 83
1212 2 2 1 2 1516 1507 1497
1213 2 2 1 2 387 1515 1514
1214 2 2 1 2 1515 388 1516
1215 2 2 1 2 1514 1516 384
1216 2 2 1 2 1515 1516 1514
1217 2 2 1 2 28 1463 1446
1218 2 2 1 2 1463 376 1517
1219 2 2 1 2 1446 1517 370
1220 2 2 1 2 1463 1517 1446
1221 2 2 1 2 376 1469 1519
1222 2 2 1 2 1469 101 1518
1223 2 2 1 2 1519 1518 390
1224 2 2 1 2 1469 1518 1519
1225 2 2 1 2 370 1520 1449
1226 2 2 1 2 1520 390 1521
1227 2 2 1 2 1449 1521 98
1228 2 2 1 2 1520 1521 1449
1229 2 2 1 2 376 1519 1517
1230 2 2 1 2 1519 390 1520
1231 2 2 1 2 1517 1520 370
1232 2 2 1 2 1519 1520 1517
1233 2 2 1 2 101 1481 1523
1234 2 2 1 2 1481 382 1522
1235 2 2 1 2 1523 1522 391
1236 2 2 1 2 1481 1522 1523
1237 2 2 1 2 382 1487 1524
1238 2 2 1 2 1487 29 1501
1239 2 2 1 2 1524 1501 385
1240 2 2 1 2 1487 1501 1524
1241 2 2 1 2 391 1525 1526
1242 2 2 1 2 1525 385 1498
1243 2 2 1 2 1526 1498 102
1244 2 2 1 2 1525 1498 1526
1245 2 2 1 2 382 1524 1522
1246 2 2 1 2 1524 385 1525
1247 2 2 1 2 1522 1525 391
1248 2 2 1 2 1524 1525 1522
1249 2 2 1 2 98 1527 1454
1250 2 2 1 2 1527 392 1528
1251 2 2 1 2 1454 1528 373
1252 2 2 1 2 1527 1528 1454
1253 2 2 1 2 392 1529 1530
1254 2 2 1 2 1529 102 1493
1255 2 2 1 2 1530 1493 383
1256 2 2 1 2 1529 1493 1530
1257 2 2 1 2 373 1531 1457
1258 2 2 1 2 1531 383 1491
1259 2 2 1 2 1457 1491 23
1260 2 2 1 2 1531 1491 1457
1261 2 2 1 2 392 1530 1528
1262 2 2 1 2 1530 383 1531
1263 2 2 1 2 1528 1531 373
1264 2 2 1 2 1530 1531 1528
1265 2 2 1 2 101 1523 1518
1266 2 2 1 2 1523 391 1532
1267 2 2 1 2 1518 1532 390
1268 2 2 1 2 1523 1532 1518
1269 2 2 1 2 391 1526 1533
1270 2 2 1 2 1526 102 1529
1271 2 2 1 2 1533 1529 392
1272 2 2 1 2 1526 1529 1533
1273 2 2 1 2 390 1534 1521
1274 2 2 1 2 1534 392 1527
1275 2 2 1 2 1521 1527 98
1276 2 2 1 2 1534 1527 1521
1277 2 2 1 2 391 1533 1532
1278 2 2 1 2 1533 392 1534
1279 2 2 1 2 1532 1534 390
1280 2 2 1 2 1533 1534 1532
1281 2 2 1 2 10 1535 1537
1282 2 2 1 2 1535 393 1536
1283 2 2 1 2 1537 1536 395
1284 2 2 1 2 1535 1536 1537
1285 2 2 1 2 393 1538 1540
1286 2 2 1 2 1538 104 1539
1287 2 2 1 2 1540 1539 394
1288 2 2 1 2 1538 1539 1540
1289 2 2 1 2 395 1541 1543
1290 2 2 1 2 1541 394 1542
1291 2 2 1 2 1543 1542 106
1292 2 2 1 2 1541 1542 1543
1293 2 2 1 2 393 1540 1536
1294 2 2 1 2 1540 394 1541
1295 2 2 1 2 1536 1541 395
1296 2 2 1 2 1540 1541 1536
1297 2 2 1 2 104 1544 1546
1298 2 2 1 2 1544 396 1545
1299 2 2 1 2 1546 1545 398
1300 2 2 1 2 1544 1545 1546
1301 2 2 1 2 396 1547 1549
1302 2 2 1 2 1547 30 1548
1303 2 2 1 2 1549 1548 397
1304 2 2 1 2 1547 1548 1549
1305 2 2 1 2 398 1550 1552
1306 2 2 1 2 1550 397 1551
1307 2 2 1 2 1552 1551 105
1308 2 2 1 2 1550 1551 1552
1309 2 2 1 2 396 1549 1545
1310 2 2 1 2 1549 397 1550
1311 2 2 1 2 1545 1550 398
1312 2 2 1 2 1549 1550 1545
1313 2 2 1 2 106 1553 1555
1314 2 2 1 2 1553 399 1554
1315 2 2 1 2 1555 1554 401
1316 2 2 1 2 1553 1554 1555
1317 2 2 1 2 399 1556 1558
1318 2 2 1 2 1556 105 1557
1319 2 2 1 2 1558 1557 400
1320 2 2 1 2 1556 1557 1558
1321 2 2 1 2 401 1559 1561
1322 2 2 1 2 1559 400 1560
1323 2 2 1 2 1561 1560 32
1324 2 2 1 2 1559 1560 1561
1325 2 2 1 2 399 1558 1554
1326 2 2 1 2 1558 400 1559
1327 2 2 1 2 1554 1559 401
1328 2 2 1 2 1558 1559 1554
1329 2 2 1 2 104 1546 1539
1330 2 2 1 2 1546 398 1562
1331 2 2 1 2 1539 1562 394
1332 2 2 1 2 1546 1562 1539
1333 2 2 1 2 398 1552 1563
1334 2 2 1 2 1552 105 1556
1335 2 2 1 2 1563 1556 399
1336 2 2 1 2 1552 1556 1563
1337 2 2 1 2 394 1564 1542
1338 2 2 1 2 1564 399 1553
1339 2 2 1 2 1542 1553 106
1340 2 2 1 2 1564 1553 1542
1341 2 2 1 2 398 1563 1562
1342 2 2 1 2 1563 399 1564
1343 2 2 1 2 1562 1564 394
1344 2 2 1 2 1563 1564 1562
1345 2 2 1 2 30 1565 1567
1346 2 2 1 2 1565 402 1566
1347 2 2 1 2 1567 1566 404
1348 2 2 1 2 1565 1566 1567
1349 2 2 1 2 402 1568 1570
1350 2 2 1 2 1568 107 1569
1351 2 2 1 2 1570 1569 403
1352 2 2 1 2 1568 1569 1570
1353 2 2 1 2 404 1571 1573
1354 2 2 1 2 1571 403 1572
1355 2 2 1 2 1573 1572 109
1356 2 2 1 2 1571 1572 1573
1357 2 2 1 2 402 1570 1566
1358 2 2 1 2 1570 403 1571
1359 2 2 1 2 1566 1571 404
1360 2 2 1 2 1570 1571 1566
1361 2 2 1 2 107 1574 1576
1362 2 2 1 2 1574 405 1575
1363 2 2 1 2 1576 1575 407
1364 2 2 1 2 1574 1575 1576
1365 2 2 1 2 405 1577 1579
1366 2 2 1 2 1577 4 1578
1367 2 2 1 2 1579 1578 406
1368 2 2 1 2 1577 1578 1579
1369 2 2 1 2 407 1580 1582
1370 2 2 1 2 1580 406 1581
1371 2 2 1 2 1582 1581 108
1372 2 2 1 2 1580 1581 1582
1373 2 2 1 2 405 1579 1575
1374 2 2 1 2 1579 406 1580
1375 2 2 1 2 1575 1580 407
1376 2 2 1 2 1579 1580 1575
1377 2 2 1 2 109 1583 1585
1378 2 2 1 2 1583 408 1584
1379 2 2 1 2 1585 1584 410
1380 2 2 1 2 1583 1584 1585
1381 2 2 1 2 408 1586 1588
1382 2 2 1 2 1586 108 1587
1383 2 2 1 2 1588 1587 409
1384 2 2 1 2 1586 1587 1588
1385 2 2 1 2 410 1589 1591
1386 2 2 1 2 1589 409 1590
1387 2 2 1 2 1591 1590 31
1388 2 2 1 2 1589 1590 1591
1389 2 2 1 2 408 1588 1584
1390 2 2 1 2 1588 409 1589
1391 2 2 1 2 1584 1589 410
1392 2 2 1 2 1588 1589 1584
1393 2 2 1 2 107 1576 1569
1394 2 2 1 2 1576 407 1592
1395 2 2 1 2 1569 1592 403
1396 2 2 1 2 1576 1592 1569
1397 2 2 1 2 407 1582 1593
1398 2 2 1 2 1582 108 1586
1399 2 2 1 2 1593 1586 408
1400 2 2 1 2 1582 1586 1593
1401 2 2 1 2 403 1594 1572
1402 2 2 1 2 1594 408 1583
1403 2 2 1 2 1572 1583 109
1404 2 2 1 2 1594 1583 1572
1405 2 2 1 2 407 1593 1592
1406 2 2 1 2 1593 408 1594
1407 2 2 1 2 1592 1594 403
1408 2 2 1 2 1593 1594 1592
1409 2 2 1 2 32 1595 1597
1410 2 2 1 2 1595 411 1596
1411 2 2 1 2 1597 1596 413
1412 2 2 1 2 1595 1596 1597
1413 2 2 1 2 411 1598 1600
1414 2 2 1 2 1598 110 1599
1415 2 2 1 2 1600 1599 412
1416 2 2 1 2 1598 1599 1600
1417 2 2 1 2 413 1601 1603
1418 2 2 1 2 1601 412 1602
1419 2 2 1 2 1603 1602 112
1420 2 2 1 2 1601 1602 1603
1421 2 2 1 2 411 1600 1596
1422 2 2 1 2 1600 412 1601
1423 2 2 1 2 1596 1601 413
1424 2 2 1 2 1600 1601 1596
1425 2 2 1 2 110 1604 1606
1426 2 2 1 2 1604 414 1605
1427 2 2 1 2 1606 1605 416
1428 2 2 1 2 1604 1605 1606
1429 2 2 1 2 414 1607 1609
1430 2 2 1 2 1607 31 1608
1431 2 2 1 2 1609 1608 415
1432 2 2 1 2 1607 1608 1609
1433 2 2 1 2 416 1610 1612
1434 2 2 1 2 1610 415 1611
1435 2 2 1 2 1612 1611 111
1436 2 2 1 2 1610 1611 1612
1437 2 2 1 2 414 1609 1605
1438 2 2 1 2 1609 415 1610
1439 2 2 1 2 1605 1610 416
1440 2 2 1 2 1609 1610 1605
1441 2 2 1 2 112 1613 1615
1442 2 2 1 2 1613 417 1614
1443 2 2 1 2 1615 1614 419
1444 2 2 1 2 1613 1614 1615
1445 2 2 1 2 417 1616 1618
1446 2 2 1 2 1616 111 1617
1447 2 2 1 2 1618 1617 418
1448 2 2 1 2 1616 1617 1618
1449 2 2 1 2 419 1619 1621
1450 2 2 1 2 1619 418 1620
1451 2 2 1 2 1621 1620 11
1452 2 2 1 2 1619 1620 1621
1453 2 2 1 2 417 1618 1614
1454 2 2 1 2 1618 418 1619
1455 2 2 1 2 1614 1619 419
1456 2 2 1 2 1618 1619 1614
1457 2 2 1 2 110 1606 1599
1458 2 2 1 2 1606 416 1622
1459 2 2 1 2 1599 1622 412
1460 2 2 1 2 1606 1622 1599
1461 2 2 1 2 416 1612 1623
1462 2 2 1 2 1612 111 1616
1463 2 2 1 2 1623 1616 417
1464 2 2 1 2 1612 1616 1623
1465 2 2 1 2 412 1624 1602
1466 2 2 1 2 1624 417 1613
1467 2 2 1 2 1602 1613 112
1468 2 2 1 2 1624 1613 1602
1469 2 2 1 2 416 1623 1622
1470 2 2 1 2 1623 417 1624
1471 2 2 1 2 1622 1624 412
1472 2 2 1 2 1623 1624 1622
1473 2 2 1 2 30 1567 1548
1474 2 2 1 2 1567 404 1625
1475 2 2 1 2 1548 1625 397
1476 2 2 1 2 1567 1625 1548
1477 2 2 1 2 404 1573 1627
1478 2 2 1 2 1573 109 1626
1479 2 2 1 2 1627 1626 420
1480 2 2 1 2 1573 1626 1627
1481 2 2 1 2 397 1628 1551
1482 2 2 1 2 1628 420 1629
1483 2 2 1 2 1551 1629 105
1484 2 2 1 2 1628 1629 1551
1485 2 2 1 2 404 1627 1625
1486 2 2 1 2 1627 420 1628
1487 2 2 1 2 1625 1628 397
1488 2 2 1 2 1627 1628 1625
1489 2 2 1 2 109 1585 1631
1490 2 2 1 2 1585 410 1630
1491 2 2 1 2 1631 1630 421
1492 2 2 1 2 1585 1630 1631
1493 2 2 1 2 410 1591 1632
1494 2 2 1 2 1591 31 1607
1495 2 2 1 2 1632 1607 414
1496 2 2 1 2 1591 1607 1632
1497 2 2 1 2 421 1633 1634
1498 2 2 1 2 1633 414 1604
1499 2 2 1 2 1634 1604 110
1500 2 2 1 2 1633 1604 1634
1501 2 2 1 2 410 1632 1630
1502 2 2 1 2 1632 414 1633
1503 2 2 1 2 1630 1633 421
1504 2 2 1 2 1632 1633 1630
1505 2 2 1 2 105 1635 1557
1506 2 2 1 2 1635 422 1636
1507 2 2 1 2 1557 1636 400
1508 2 2 1 2 1635 1636 1557
1509 2 2 1 2 422 1637 1638
1510 2 2 1 2 1637 110 1598
1511 2 2 1 2 1638 1598 411
1512 2 2 1 2 1637 1598 1638
1513 2 2 1 2 400 1639 1560
1514 2 2 1 2 1639 411 1595
1515 2 2 1 2 1560 1595 32
1516 2 2 1 2 1639 1595 1560
1517 2 2 1 2 422 1638 1636
1518 2 2 1 2 1638 411 1639
1519 2 2 1 2 1636 1639 400
1520 2 2 1 2 1638 1639 1636
1521 2 2 1 2 109 1631 1626
1522 2 2 1 2 1631 421 1640
1523 2 2 1 2 1626 1640 420
1524 2 2 1 2 1631 1640 1626
1525 2 2 1 2 421 1634 1641
1526 2 2 1 2 1634 110 1637
1527 2 2 1 2 1641 1637 422
1528 2 2 1 2 1634 1637 1641
1529 2 2 1 2 420 1642 1629
1530 2 2 1 2 1642 422 1635
1531 2 2 1 2 1629 1635 105
1532 2 2 1 2 1642 1635 1629
1533 2 2 1 2 421 1641 1640
1534 2 2 1 2 1641 422 1642
1535 2 2 1 2 1640 1642 420
1536 2 2 1 2 1641 1642 1640
1537 2 2 1 2 8 1643 1286
1538 2 2 1 2 1643 423 1644
1539 2 2 1 2 1286 1644 332
1540 2 2 1 2 1643 1644 1286
1541 2 2 1 2 423 1645 1647
1542 2 2 1 2 1645 113 1646
1543 2 2 1 2 1647 1646 424
1544 2 2 1 2 1645 1646 1647
1545 2 2 1 2 332 1648 1289
1546 2 2 1 2 1648 424 1649
1547 2 2 1 2 1289 1649 89
1548 2 2 1 2 1648 1649 1289
1549 2 2 1 2 423 1647 1644
1550 2 2 1 2 1647 424 1648
1551 2 2 1 2 1644 1648 332
1552 2 2 1 2 1647 1648 1644
1553 2 2 1 2 113 1650 1652
1554 2 2 1 2 1650 425 1651
1555 2 2 1 2 1652 1651 427
1556 2 2 1 2 1650 1651 1652
1557 2 2 1 2 425 1653 1655
1558 2 2 1 2 1653 33 1654
1559 2 2 1 2 1655 1654 426
1560 2 2 1 2 1653 1654 1655
1561 2 2 1 2 427 1656 1658
1562 2 2 1 2 1656 426 1657
1563 2 2 1 2 1658 1657 114
1564 2 2 1 2 1656 1657 1658
1565 2 2 1 2 425 1655 1651
1566 2 2 1 2 1655 426 1656
1567 2 2 1 2 1651 1656 427
1568 2 2 1 2 1655 1656 1651
1569 2 2 1 2 89 1659 1295
1570 2 2 1 2 1659 428 1660
1571 2 2 1 2 1295 1660 335
1572 2 2 1 2 1659 1660 1295
1573 2 2 1 2 428 1661 1663
1574 2 2 1 2 1661 114 1662
1575 2 2 1 2 1663 1662 429
1576 2 2 1 2 1661 1662 1663
1577 2 2 1 2 335 1664 1298
1578 2 2 1 2 1664 429 1665
1579 2 2 1 2 1298 1665 26
1580 2 2 1 2 1664 1665 1298
1581 2 2 1 2 428 1663 1660
1582 2 2 1 2 1663 429 1664
1583 2 2 1 2 1660 1664 335
1584 2 2 1 2 1663 1664 1660
1585 2 2 1 2 113 1652 1646
1586 2 2 1 2 1652 427 1666
1587 2 2 1 2 1646 1666 424
1588 2 2 1 2 1652 1666 1646
1589 2 2 1 2 427 1658 1667
1590 2 2 1 2 1658 114 1661
1591 2 2 1 2 1667 1661 428
1592 2 2 1 2 1658 1661 1667
1593 2 2 1 2 424 1668 1649
1594 2 2 1 2 1668 428 1659
1595 2 2 1 2 1649 1659 89
1596 2 2 1 2 1668 1659 1649
1597 2 2 1 2 427 1667 1666
1598 2 2 1 2 1667 428 1668
1599 2 2 1 2 1666 1668 424
1600 2 2 1 2 1667 1668 1666
1601 2 2 1 2 33 1669 1671
1602 2 2 1 2 1669 430 1670
1603 2 2 1 2 1671 1670 432
1604 2 2 1 2 1669 1670 1671
1605 2 2 1 2 430 1672 1674
1606 2 2 1 2 1672 115 1673
1607 2 2 1 2 1674 1673 431
1608 2 2 1 2 1672 1673 1674
1609 2 2 1 2 432 1675 1677
1610 2 2 1 2 1675 431 1676
1611 2 2 1 2 1677 1676 117
1612 2 2 1 2 1675 1676 1677
1613 2 2 1 2 430 1674 1670
1614 2 2 1 2 1674 431 1675
1615 2 2 1 2 1670 1675 432
1616 2 2 1 2 1674 1675 1670
1617 2 2 1 2 115 1678 1680
1618 2 2 1 2 1678 433 1679
1619 2 2 1 2 1680 1679 435
1620 2 2 1 2 1678 1679 1680
1621 2 2 1 2 433 1681 1683
1622 2 2 1 2 1681 11 1682
1623 2 2 1 2 1683 1682 434
1624 2 2 1 2 1681 1682 1683
1625 2 2 1 2 435 1684 1686
1626 2 2 1 2 1684 434 1685
1627 2 2 1 2 1686 1685 116
1628 2 2 1 2 1684 1685 1686
1629 2 2 1 2 433 1683 1679
1630 2 2 1 2 1683 434 1684
1631 2 2 1 2 1679 1684 435
1632 2 2 1 2 1683 1684 1679
1633 2 2 1 2 117 1687 1689
1634 2 2 1 2 1687 436 1688
1635 2 2 1 2 1689 1688 438
1636 2 2 1 2 1687 1688 1689
1637 2 2 1 2 436 1690 1692
1638 2 2 1 2 1690 116 1691
1639 2 2 1 2 1692 1691 437
1640 2 2 1 2 1690 1691 1692
1641 2 2 1 2 438 1693 1695
1642 2 2 1 2 1693 437 1694
1643 2 2 1 2 1695 1694 34
1644 2 2 1 2 1693 1694 1695
1645 2 2 1 2 436 1692 1688
1646 2 2 1 2 1692 437 1693
1647 2 2 1 2 1688 1693 438
1648 2 2 1 2 1692 1693 1688
1649 2 2 1 2 115 1680 1673
1650 2 2 1 2 1680 435 1696
1651 2 2 1 2 1673 1696 431
1652 2 2 1 2 1680 1696 1673
1653 2 2 1 2 435 1686 1697
1654 2 2 1 2 1686 116 1690
1655 2 2 1 2 1697 1690 436
1656 2 2 1 2 1686 1690 1697
1657 2 2 1 2 431 1698 1676
1658 2 2 1 2 1698 436 1687
1659 2 2 1 2 1676 1687 117
1660 2 2 1 2 1698 1687 1676
1661 2 2 1 2 435 1697 1696
1662 2 2 1 2 1697 436 1698
1663 2 2 1 2 1696 1698 431
1664 2 2 1 2 1697 1698 1696
1665 2 2 1 2 26 1699 1316
1666 2 2 1 2 1699 439 1700
1667 2 2 1 2 1316 1700 341
1668 2 2 1 2 1699 1700 1316
1669 2 2 1 2 439 1701 1703
1670 2 2 1 2 1701 118 1702
1671 2 2 1 2 1703 1702 440
1672 2 2 1 2 1701 1702 1703
1673 2 2 1 2 341 1704 1319
1674 2 2 1 2 1704 440 1705
1675 2 2 1 2 1319 1705 92
1676 2 2 1 2 1704 1705 1319
1677 2 2 1 2 439 1703 1700
1678 2 2 1 2 1703 440 1704
1679 2 2 1 2 1700 1704 341
1680 2 2 1 2 1703 1704 1700
1681 2 2 1 2 118 1706 1708
1682 2 2 1 2 1706 441 1707
1683 2 2 1 2 1708 1707 443
1684 2 2 1 2 1706 1707 1708
1685 2 2 1 2 441 1709 1711
1686 2 2 1 2 1709 34 1710
1687 2 2 1 2 1711 1710 442
1688 2 2 1 2 1709 1710 1711
1689 2 2 1 2 443 1712 1714
1690 2 2 1 2 1712 442 1713
1691 2 2 1 2 1714 1713 119
1692 2 2 1 2 1712 1713 1714
1693 2 2 1 2 441 1711 1707
1694 2 2 1 2 1711 442 1712
1695 2 2 1 2 1707 1712 443
1696 2 2 1 2 1711 1712 1707
1697 2 2 1 2 92 1715 1325
1698 2 2 1 2 1715 444 1716
1699 2 2 1 2 1325 1716 344
1700 2 2 1 2 1715 1716 1325
1701 2 2 1 2 444 1717 1719
1702 2 2 1 2 1717 119 1718
1703 2 2 1 2 1719 1718 445
1704 2 2 1 2 1717 1718 1719
1705 2 2 1 2 344 1720 1328
1706 2 2 1 2 1720 445 1721
1707 2 2 1 2 1328 1721 3
1708 2 2 1 2 1720 1721 1328
1709 2 2 1 2 444 1719 1716
1710 2 2 1 2 1719 445 1720
1711 2 2 1 2 1716 1720 344
1712 2 2 1 2 1719 1720 1716
1713 2 2 1 2 118 1708 1702
1714 2 2 1 2 1708 443 1722
1715 2 2 1 2 1702 1722 440
1716 2 2 1 2 1708 1722 1702
1717 2 2 1 2 443 1714 1723
1718 2 2 1 2 1714 119 1717
1719 2 2 1 2 1723 1717 444
1720 2 2 1 2 1714 1717 1723
1721 2 2 1 2 440 1724 1705
1722 2 2 1 2 1724 444 1715
1723 2 2 1 2 1705 1715 92
1724 2 2 1 2 1724 1715 1705
1725 2 2 1 2 443 1723 1722
1726 2 2 1 2 1723 444 1724
1727 2 2 1 2 1722 1724 440
1728 2 2 1 2 1723 1724 1722
1729 2 2 1 2 33 1671 1654
1730 2 2 1 2 1671 432 1725
1731 2 2 1 2 1654 1725 426
1732 2 2 1 2 1671 1725 1654
1733 2 2 1 2 432 1677 1727
1734 2 2 1 2 1677 117 1726
1735 2 2 1 2 1727 1726 446
1736 2 2 1 2 1677 1726 1727
1737 2 2 1 2 426 1728 1657
1738 2 2 1 2 1728 446 1729
1739 2 2 1 2 1657 1729 114
1740 2 2 1 2 1728 1729 1657
1741 2 2 1 2 432 1727 1725
1742 2 2 1 2 1727 446 1728
1743 2 2 1 2 1725 1728 426
1744 2 2 1 2 1727 1728 1725
1745 2 2 1 2 117 1689 1731
1746 2 2 1 2 1689 438 1730
1747 2 2 1 2 1731 1730 447
1748 2 2 1 2 1689 1730 1731
1749 2 2 1 2 438 1695 1732
1750 2 2 1 2 1695 34 1709
1751 2 2 1 2 1732 1709 441
1752 2 2 1 2 1695 1709 1732
1753 2 2 1 2 447 1733 1734
1754 2 2 1 2 1733 441 1706
1755 2 2 1 2 1734 1706 118
1756 2 2 1 2 1733 1706 1734
1757 2 2 1 2 438 1732 1730
1758 2 2 1 2 1732 441 1733
1759 2 2 1 2 1730 1733 447
1760 2 2 1 2 1732 1733 1730
1761 2 2 1 2 114 1735 1662
1762 2 2 1 2 1735 448 1736
1763 2 2 1 2 1662 1736 429
1764 2 2 1 2 1735 1736 1662
1765 2 2 1 2 448 1737 1738
1766 2 2 1 2 1737 118 1701
1767 2 2 1 2 1738 1701 439
1768 2 2 1 2 1737 1701 1738
1769 2 2 1 2 429 1739 1665
1770 2 2 1 2 1739 439 1699
1771 2 2 1 2 1665 1699 26
1772 2 2 1 2 1739 1699 1665
1773 2 2 1 2 448 1738 1736
1774 2 2 1 2 1738 439 1739
1775 2 2 1 2 1736 1739 429
1776 2 2 1 2 1738 1739 1736
1777 2 2 1 2 117 1731 1726
1778 2 2 1 2 1731 447 1740
1779 2 2 1 2 1726 1740 446
1780 2 2 1 2 1731 1740 1726
1781 2 2 1 2 447 1734 1741
1782 2 2 1 2 1734 118 1737
1783 2 2 1 2 1741 1737 448
1784 2 2 1 2 1734 1737 1741
1785 2 2 1 2 446 1742 1729
1786 2 2 1 2 1742 448 1735
1787 2 2 1 2 1729 1735 114
1788 2 2 1 2 1742 1735 1729
1789 2 2 1 2 447 1741 1740
1790 2 2 1 2 1741 448 1742
1791 2 2 1 2 1740 1742 446
1792 2 2 1 2 1741 1742 1740
1793 2 2 1 2 10 1537 1474
1794 2 2 1 2 1537 395 1743
1795 2 2 1 2 1474 1743 378
1796 2 2 1 2 1537 1743 1474
1797 2 2 1 2 395 1543 1745
1798 2 2 1 2 1543 106 1744
1799 2 2 1 2 1745 1744 449
1800 2 2 1 2 1543 1744 1745
1801 2 2 1 2 378 1746 1477
1802 2 2 1 2 1746 449 1747
1803 2 2 1 2 1477 1747 100
1804 2 2 1 2 1746 1747 1477
1805 2 2 1 2 395 1745 1743
1806 2 2 1 2 1745 449 1746
1807 2 2 1 2 1743 1746 378
1808 2 2 1 2 1745 1746 1743
1809 2 2 1 2 106 1555 1749
1810 2 2 1 2 1555 401 1748
1811 2 2 1 2 1749 1748 451
1812 2 2 1 2 1555 1748 1749
1813 2 2 1 2 401 1561 1751
1814 2 2 1 2 1561 32 1750
1815 2 2 1 2 1751 1750 450
1816 2 2 1 2 1561 1750 1751
1817 2 2 1 2 451 1752 1754
1818 2 2 1 2 1752 450 1753
1819 2 2 1 2 1754 1753 120
1820 2 2 1 2 1752 1753 1754
1821 2 2 1 2 401 1751 1748
1822 2 2 1 2 1751 450 1752
1823 2 2 1 2 1748 1752 451
1824 2 2 1 2 1751 1752 1748
1825 2 2 1 2 100 1755 1483
1826 2 2 1 2 1755 452 1756
1827 2 2 1 2 1483 1756 381
1828 2 2 1 2 1755 1756 1483
1829 2 2 1 2 452 1757 1759
1830 2 2 1 2 1757 120 1758
1831 2 2 1 2 1759 1758 453
1832 2 2 1 2 1757 1758 1759
1833 2 2 1 2 381 1760 1486
1834 2 2 1 2 1760 453 1761
1835 2 2 1 2 1486 1761 29
1836 2 2 1 2 1760 1761 1486
1837 2 2 1 2 452 1759 1756
1838 2 2 1 2 1759 453 1760
1839 2 2 1 2 1756 1760 381
1840 2 2 1 2 1759 1760 1756
1841 2 2 1 2 106 1749 1744
1842 2 2 1 2 1749 451 1762
1843 2 2 1 2 1744 1762 449
1844 2 2 1 2 1749 1762 1744
1845 2 2 1 2 451 1754 1763
1846 2 2 1 2 1754 120 1757
1847 2 2 1 2 1763 1757 452
1848 2 2 1 2 1754 1757 1763
1849 2 2 1 2 449 1764 1747
1850 2 2 1 2 1764 452 1755
1851 2 2 1 2 1747 1755 100
1852 2 2 1 2 1764 1755 1747
1853 2 2 1 2 451 1763 1762
1854 2 2 1 2 1763 452 1764
1855 2 2 1 2 1762 1764 449
1856 2 2 1 2 1763 1764 1762
1857 2 2 1 2 32 1597 1766
1858 2 2 1 2 1597 413 1765
1859 2 2 1 2 1766 1765 455
1860 2 2 1 2 1597 1765 1766
1861 2 2 1 2 413 1603 1768
1862 2 2 1 2 1603 112 1767
1863 2 2 1 2 1768 1767 454
1864 2 2 1 2 1603 1767 1768
1865 2 2 1 2 455 1769 1771
1866 2 2 1 2 1769 454 1770
1867 2 2 1 2 1771 1770 121
1868 2 2 1 2 1769 1770 1771
1869 2 2 1 2 413 1768 1765
1870 2 2 1 2 1768 454 1769
1871 2 2 1 2 1765 1769 455
1872 2 2 1 2 1768 1769 1765
1873 2 2 1 2 112 1615 1773
1874 2 2 1 2 1615 419 1772
1875 2 2 1 2 1773 1772 456
1876 2 2 1 2 1615 1772 1773
1877 2 2 1 2 419 1621 1774
1878 2 2 1 2 1621 11 1681
1879 2 2 1 2 1774 1681 433
1880 2 2 1 2 1621 1681 1774
1881 2 2 1 2 456 1775 1776
1882 2 2 1 2 1775 433 1678
1883 2 2 1 2 1776 1678 115
1884 2 2 1 2 1775 1678 1776
1885 2 2 1 2 419 1774 1772
1886 2 2 1 2 1774 433 1775
1887 2 2 1 2 1772 1775 456
1888 2 2 1 2 1774 1775 1772
1889 2 2 1 2 121 1777 1779
1890 2 2 1 2 1777 457 1778
1891 2 2 1 2 1779 1778 458
1892 2 2 1 2 1777 1778 1779
1893 2 2 1 2 457 1780 1781
1894 2 2 1 2 1780 115 1672
1895 2 2 1 2 1781 1672 430
1896 2 2 1 2 1780 1672 1781
1897 2 2 1 2 458 1782 1783
1898 2 2 1 2 1782 430 1669
1899 2 2 1 2 1783 1669 33
1900 2 2 1 2 1782 1669 1783
1901 2 2 1 2 457 1781 1778
1902 2 2 1 2 1781 430 1782
1903 2 2 1 2 1778 1782 458
1904 2 2 1 2 1781 1782 1778
1905 2 2 1 2 112 1773 1767
1906 2 2 1 2 1773 456 1784
1907 2 2 1 2 1767 1784 454
1908 2 2 1 2 1773 1784 1767
1909 2 2 1 2 456 1776 1785
1910 2 2 1 2 1776 115 1780
1911 2 2 1 2 1785 1780 457
1912 2 2 1 2 1776 1780 1785
1913 2 2 1 2 454 1786 1770
1914 2 2 1 2 1786 457 1777
1915 2 2 1 2 1770 1777 121
1916 2 2 1 2 1786 1777 1770
1917 2 2 1 2 456 1785 1784
1918 2 2 1 2 1785 457 1786
1919 2 2 1 2 1784 1786 454
1920 2 2 1 2 1785 1786 1784
1921 2 2 1 2 29 1787 1502
1922 2 2 1 2 1787 459 1788
1923 2 2 1 2 1502 1788 386
1924 2 2 1 2 1787 1788 1502
1925 2 2 1 2 459 1789 1791
1926 2 2 1 2 1789 122 1790
1927 2 2 1 2 1791 1790 460
1928 2 2 1 2 1789 1790 1791
1929 2 2 1 2 386 1792 1505
1930 2 2 1 2 1792 460 1793
1931 2 2 1 2 1505 1793 103
1932 2 2 1 2 1792 1793 1505
1933 2 2 1 2 459 1791 1788
1934 2 2 1 2 1791 460 1792
1935 2 2 1 2 1788 1792 386
1936 2 2 1 2 1791 1792 1788
1937 2 2 1 2 122 1794 1796
1938 2 2 1 2 1794 461 1795
1939 2 2 1 2 1796 1795 462
1940 2 2 1 2 1794 1795 1796
1941 2 2 1 2 461 1797 1798
1942 2 2 1 2 1797 33 1653
1943 2 2 1 2 1798 1653 425
1944 2 2 1 2 1797 1653 1798
1945 2 2 1 2 462 1799 1800
1946 2 2 1 2 1799 425 1650
1947 2 2 1 2 1800 1650 113
1948 2 2 1 2 1799 1650 1800
1949 2 2 1 2 461 1798 1795
1950 2 2 1 2 1798 425 1799
1951 2 2 1 2 1795 1799 462
1952 2 2 1 2 1798 1799 1795
1953 2 2 1 2 103 1801 1510
1954 2 2 1 2 1801 463 1802
1955 2 2 1 2 1510 1802 389
1956 2 2 1 2 1801 1802 1510
1957 2 2 1 2 463 1803 1804
1958 2 2 1 2 1803 113 1645
1959 2 2 1 2 1804 1645 423
1960 2 2 1 2 1803 1645 1804
1961 2 2 1 2 389 1805 1513
1962 2 2 1 2 1805 423 1643
1963 2 2 1 2 1513 1643 8
1964 2 2 1 2 1805 1643 1513
1965 2 2 1 2 463 1804 1802
1966 2 2 1 2 1804 423 1805
1967 2 2 1 2 1802 1805 389
1968 2 2 1 2 1804 1805 1802
1969 2 2 1 2 122 1796 1790
1970 2 2 1 2 1796 462 1806
1971 2 2 1 2 1790 1806 460
1972 2 2 1 2 1796 1806 1790
1973 2 2 1 2 462 1800 1807
1974 2 2 1 2 1800 113 1803
1975 2 2 1 2 1807 1803 463
1976 2 2 1 2 1800 1803 1807
1977 2 2 1 2 460 1808 1793
1978 2 2 1 2 1808 463 1801
1979 2 2 1 2 1793 1801 103
1980 2 2 1 2 1808 1801 1793
1981 2 2 1 2 462 1807 1806
1982 2 2 1 2 1807 463 1808
1983 2 2 1 2 1806 1808 460
1984 2 2 1 2 1807 1808 1806
1985 2 2 1 2 32 1766 1750
1986 2 2 1 2 1766 455 1809
1987 2 2 1 2 1750 1809 450
1988 2 2 1 2 1766 1809 1750
1989 2 2 1 2 455 1771 1811
1990 2 2 1 2 1771 121 1810
1991 2 2 1 2 1811 1810 464
1992 2 2 1 2 1771 1810 1811
1993 2 2 1 2 450 1812 1753
1994 2 2 1 2 1812 464 1813
1995 2 2 1 2 1753 1813 120
1996 2 2 1 2 1812 1813 1753
1997 2 2 1 2 455 1811 1809
1998 2 2 1 2 1811 464 1812
1999 2 2 1 2 1809 1812 450
2000 2 2 1 2 1811 1812 1809
2001 2 2 1 2 121 1779 1815
2002 2 2 1 2 1779 458 1814
2003 2 2 1 2 1815 1814 465
2004 2 2 1 2 1779 1814 1815
2005 2 2 1 2 458 1783 1816
2006 2 2 1 2 1783 33 1797
2007 2 2 1 2 1816 1797 461
2008 2 2 1 2 1783 1797 1816
2009 2 2 1 2 465 1817 1818
2010 2 2 1 2 1817 461 1794
2011 2 2 1 2 1818 1794 122
2012 2 2 1 2 1817 1794 1818
2013 2 2 1 2 458 1816 1814
2014 2 2 1 2 1816 461 1817
2015 2 2 1 2 1814 1817 465
2016 2 2 1 2 1816 1817 1814
2017 2 2 1 2 120 1819 1758
2018 2 2 1 2 1819 466 1820
2019 2 2 1 2 1758 1820 453
2020 2 2 1 2 1819 1820 1758
2021 2 2 1 2 466 1821 1822
2022 2 2 1 2 1821 122 1789
2023 2 2 1 2 1822 1789 459
2024 2 2 1 2 1821 1789 1822
2025 2 2 1 2 453 1823 1761
2026 2 2 1 2 1823 459 1787
2027 2 2 1 2 1761 1787 29
2028 2 2 1 2 1823 1787 1761
2029 2 2 1 2 466 1822 1820
2030 2 2 1 2 1822 459 1823
2031 2 2 1 2 1820 1823 453
2032 2 2 1 2 1822 1823 1820
2033 2 2 1 2 121 1815 1810
2034 2 2 1 2 1815 465 1824
2035 2 2 1 2 1810 1824 464
2036 2 2 1 2 1815 1824 1810
2037 2 2 1 2 465 1818 1825
2038 2 2 1 2 1818 122 1821
2039 2 2 1 2 1825 1821 466
2040 2 2 1 2 1818 1821 1825
2041 2 2 1 2 464 1826 1813
2042 2 2 1 2 1826 466 1819
2043 2 2 1 2 1813 1819 120
2044 2 2 1 2 1826 1819 1813
2045 2 2 1 2 465 1825 1824
2046 2 2 1 2 1825 466 1826
2047 2 2 1 2 1824 1826 464
2048 2 2 1 2 1825 1826 1824
2049 2 2 1 2 4 1827 1578
2050 2 2 1 2 1827 467 1828
2051 2 2 1 2 1578 1828 406
2052 2 2 1 2 1827 1828 1578
2053 2 2 1 2 467 1829 1831
2054 2 2 1 2 1829 123 1830
2055 2 2 1 2 1831 1830 468
2056 2 2 1 2 1829 1830 1831
2057 2 2 1 2 406 1832 1581
2058 2 2 1 2 1832 468 1833
2059 2 2 1 2 1581 1833 108
2060 2 2 1 2 1832 1833 1581
2061 2 2 1 2 467 1831 1828
2062 2 2 1 2 1831 468 1832
2063 2 2 1 2 1828 1832 406
2064 2 2 1 2 1831 1832 1828
2065 2 2 1 2 123 1834 1836
2066 2 2 1 2 1834 469 1835
2067 2 2 1 2 1836 1835 471
2068 2 2 1 2 1834 1835 1836
2069 2 2 1 2 469 1837 1839
2070 2 2 1 2 1837 35 1838
2071 2 2 1 2 1839 1838 470
2072 2 2 1 2 1837 1838 1839
2073 2 2 1 2 471 1840 1842
2074 2 2 1 2 1840 470 1841
2075 2 2 1 2 1842 1841 124
2076 2 2 1 2 1840 1841 1842
2077 2 2 1 2 469 1839 1835
2078 2 2 1 2 1839 470 1840
2079 2 2 1 2 1835 1840 471
2080 2 2 1 2 1839 1840 1835
2081 2 2 1 2 108 1843 1587
2082 2 2 1 2 1843 472 1844
2083 2 2 1 2 1587 1844 409
2084 2 2 1 2 1843 1844 1587
2085 2 2 1 2 472 1845 1847
2086 2 2 1 2 1845 124 1846
2087 2 2 1 2 1847 1846 473
2088 2 2 1 2 1845 1846 1847
2089 2 2 1 2 409 1848 1590
2090 2 2 1 2 1848 473 1849
2091 2 2 1 2 1590 1849 31
2092 2 2 1 2 1848 1849 1590
2093 2 2 1 2 472 1847 1844
2094 2 2 1 2 1847 473 1848
2095 2 2 1 2 1844 1848 409
2096 2 2 1 2 1847 1848 1844
2097 2 2 1 2 123 1836 1830
2098 2 2 1 2 1836 471 1850
2099 2 2 1 2 1830 1850 468
2100 2 2 1 2 1836 1850 1830
2101 2 2 1 2 471 1842 1851
2102 2 2 1 2 1842 124 1845
2103 2 2 1 2 1851 1845 472
2104 2 2 1 2 1842 1845 1851
2105 2 2 1 2 468 1852 1833
2106 2 2 1 2 1852 472 1843
2107 2 2 1 2 1833 1843 108
2108 2 2 1 2 1852 1843 1833
2109 2 2 1 2 471 1851 1850
2110 2 2 1 2 1851 472 1852
2111 2 2 1 2 1850 1852 468
2112 2 2 1 2 1851 1852 1850
2113 2 2 1 2 35 1853 1855
2114 2 2 1 2 1853 474 1854
2115 2 2 1 2 1855 1854 476
2116 2 2 1 2 1853 1854 1855
2117 2 2 1 2 474 1856 1858
2118 2 2 1 2 1856 125 1857
2119 2 2 1 2 1858 1857 475
2120 2 2 1 2 1856 1857 1858
2121 2 2 1 2 476 1859 1861
2122 2 2 1 2 1859 475 1860
2123 2 2 1 2 1861 1860 127
2124 2 2 1 2 1859 1860 1861
2125 2 2 1 2 474 1858 1854
2126 2 2 1 2 1858 475 1859
2127 2 2 1 2 1854 1859 476
2128 2 2 1 2 1858 1859 1854
2129 2 2 1 2 125 1862 1864
2130 2 2 1 2 1862 477 1863
2131 2 2 1 2 1864 1863 479
2132 2 2 1 2 1862 1863 1864
2133 2 2 1 2 477 1865 1867
2134 2 2 1 2 1865 12 1866
2135 2 2 1 2 1867 1866 478
2136 2 2 1 2 1865 1866 1867
2137 2 2 1 2 479 1868 1870
2138 2 2 1 2 1868 478 1869
2139 2 2 1 2 1870 1869 126
2140 2 2 1 2 1868 1869 1870
2141 2 2 1 2 477 1867 1863
2142 2 2 1 2 1867 478 1868
2143 2 2 1 2 1863 1868 479
2144 2 2 1 2 1867 1868 1863
2145 2 2 1 2 127 1871 1873
2146 2 2 1 2 1871 480 1872
2147 2 2 1 2 1873 1872 482
2148 2 2 1 2 1871 1872 1873
2149 2 2 1 2 480 1874 1876
2150 2 2 1 2 1874 126 1875
2151 2 2 1 2 1876 1875 481
2152 2 2 1 2 1874 1875 1876
2153 2 2 1 2 482 1877 1879
2154 2 2 1 2 1877 481 1878
2155 2 2 1 2 1879 1878 36
2156 2 2 1 2 1877 1878 1879
2157 2 2 1 2 480 1876 1872
2158 2 2 1 2 1876 481 1877
2159 2 2 1 2 1872 1877 482
2160 2 2 1 2 1876 1877 1872
2161 2 2 1 2 125 1864 1857
2162 2 2 1 2 1864 479 1880
2163 2 2 1 2 1857 1880 475
2164 2 2 1 2 1864 1880 1857
2165 2 2 1 2 479 1870 1881
2166 2 2 1 2 1870 126 1874
2167 2 2 1 2 1881 1874 480
2168 2 2 1 2 1870 1874 1881
2169 2 2 1 2 475 1882 1860
2170 2 2 1 2 1882 480 1871
2171 2 2 1 2 1860 1871 127
2172 2 2 1 2 1882 1871 1860
2173 2 2 1 2 479 1881 1880
2174 2 2 1 2 1881 480 1882
2175 2 2 1 2 1880 1882 475
2176 2 2 1 2 1881 1882 1880
2177 2 2 1 2 31 1883 1608
2178 2 2 1 2 1883 483 1884
2179 2 2 1 2 1608 1884 415
2180 2 2 1 2 1883 1884 1608
2181 2 2 1 2 483 1885 1887
2182 2 2 1 2 1885 128 1886
2183 2 2 1 2 1887 1886 484
2184 2 2 1 2 1885 1886 1887
2185 2 2 1 2 415 1888 1611
2186 2 2 1 2 1888 484 1889
2187 2 2 1 2 1611 1889 111
2188 2 2 1 2 1888 1889 1611
2189 2 2 1 2 483 1887 1884
2190 2 2 1 2 1887 484 1888
2191 2 2 1 2 1884 1888 415
2192 2 2 1 2 1887 1888 1884
2193 2 2 1 2 128 1890 1892
2194 2 2 1 2 1890 485 1891
2195 2 2 1 2 1892 1891 487
2196 2 2 1 2 1890 1891 1892
2197 2 2 1 2 485 1893 1895
2198 2 2 1 2 1893 36 1894
2199 2 2 1 2 1895 1894 486
2200 2 2 1 2 1893 1894 1895
2201 2 2 1 2 487 1896 1898
2202 2 2 1 2 1896 486 1897
2203 2 2 1 2 1898 1897 129
2204 2 2 1 2 1896 1897 1898
2205 2 2 1 2 485 1895 1891
2206 2 2 1 2 1895 486 1896
2207 2 2 1 2 1891 1896 487
2208 2 2 1 2 1895 1896 1891
2209 2 2 1 2 111 1899 1617
2210 2 2 1 2 1899 488 1900
2211 2 2 1 2 1617 1900 418
2212 2 2 1 2 1899 1900 1617
2213 2 2 1 2 488 1901 1903
2214 2 2 1 2 1901 129 1902
2215 2 2 1 2 1903 1902 489
2216 2 2 1 2 1901 1902 1903
2217 2 2 1 2 418 1904 1620
2218 2 2 1 2 1904 489 1905
2219 2 2 1 2 1620 1905 11
2220 2 2 1 2 1904 1905 1620
2221 2 2 1 2 488 1903 1900
2222 2 2 1 2 1903 489 1904
2223 2 2 1 2 1900 1904 418
2224 2 2 1 2 1903 1904 1900
2225 2 2 1 2 128 1892 1886
2226 2 2 1 2 1892 487 1906
2227 2 2 1 2 1886 1906 484
2228 2 2 1 2 1892 1906 1886
2229 2 2 1 2 487 1898 1907
2230 2 2 1 2 1898 129 1901
2231 2 2 1 2 1907 1901 488
2232 2 2 1 2 1898 1901 1907
2233 2 2 1 2 484 1908 1889
2234 2 2 1 2 1908 488 1899
2235 2 2 1 2 1889 1899 111
2236 2 2 1 2 1908 1899 1889
2237 2 2 1 2 487 1907 1906
2238 2 2 1 2 1907 488 1908
2239 2 2 1 2 1906 1908 484
2240 2 2 1 2 1907 1908 1906
2241 2 2 1 2 35 1855 1838
2242 2 2 1 2 1855 476 1909
2243 2 2 1 2 1838 1909 470
2244 2 2 1 2 1855 1909 1838
2245 2 2 1 2 476 1861 1911
2246 2 2 1 2 1861 127 1910
2247 2 2 1 2 1911 1910 490
2248 2 2 1 2 1861 1910 1911
2249 2 2 1 2 470 1912 1841
2250 2 2 1 2 1912 490 1913
2251 2 2 1 2 1841 1913 124
2252 2 2 1 2 1912 1913 1841
2253 2 2 1 2 476 1911 1909
2254 2 2 1 2 1911 490 1912
2255 2 2 1 2 1909 1912 470
2256 2 2 1 2 1911 1912 1909
2257 2 2 1 2 127 1873 1915
2258 2 2 1 2 1873 482 1914
2259 2 2 1 2 1915 1914 491
2260 2 2 1 2 1873 1914 1915
2261 2 2 1 2 482 1879 1916
2262 2 2 1 2 1879 36 1893
2263 2 2 1 2 1916 1893 485
2264 2 2 1 2 1879 1893 1916
2265 2 2 1 2 491 1917 1918
2266 2 2 1 2 1917 485 1890
2267 2 2 1 2 1918 1890 128
2268 2 2 1 2 1917 1890 1918
2269 2 2 1 2 482 1916 1914
2270 2 2 1 2 1916 485 1917
2271 2 2 1 2 1914 1917 491
2272 2 2 1 2 1916 1917 1914
2273 2 2 1 2 124 1919 1846
2274 2 2 1 2 1919 492 1920
2275 2 2 1 2 1846 1920 473
2276 2 2 1 2 1919 1920 1846
2277 2 2 1 2 492 1921 1922
2278 2 2 1 2 1921 128 1885
2279 2 2 1 2 1922 1885 483
2280 2 2 1 2 1921 1885 1922
2281 2 2 1 2 473 1923 1849
2282 2 2 1 2 1923 483 1883
2283 2 2 1 2 1849 1883 31
2284 2 2 1 2 1923 1883 1849
2285 2 2 1 2 492 1922 1920
2286 2 2 1 2 1922 483 1923
2287 2 2 1 2 1920 1923 473
2288 2 2 1 2 1922 1923 1920
2289 2 2 1 2 127 1915 1910
2290 2 2 1 2 1915 491 1924
2291 2 2 1 2 1910 1924 490
2292 2 2 1 2 1915 1924 1910
2293 2 2 1 2 491 1918 1925
2294 2 2 1 2 1918 128 1921
2295 2 2 1 2 1925 1921 492
2296 2 2 1 2 1918 1921 1925
2297 2 2 1 2 490 1926 1913
2298 2 2 1 2 1926 492 1919
2299 2 2 1 2 1913 1919 124
2300 2 2 1 2 1926 1919 1913
2301 2 2 1 2 491 1925 1924
2302 2 2 1 2 1925 492 1926
2303 2 2 1 2 1924 1926 490
2304 2 2 1 2 1925 1926 1924
2305 2 2 1 2 12 1927 1929
2306 2 2 1 2 1927 493 1928
2307 2 2 1 2 1929 1928 495
2308 2 2 1 2 1927 1928 1929
2309 2 2 1 2 493 1930 1932
2310 2 2 1 2 1930 130 1931
2311 2 2 1 2 1932 1931 494
2312 2 2 1 2 1930 1931 1932
2313 2 2 1 2 495 1933 1935
2314 2 2 1 2 1933 494 1934
2315 2 2 1 2 1935 1934 132
2316 2 2 1 2 1933 1934 1935
2317 2 2 1 2 493 1932 1928
2318 2 2 1 2 1932 494 1933
2319 2 2 1 2 1928 1933 495
2320 2 2 1 2 1932 1933 1928
2321 2 2 1 2 130 1936 1938
2322 2 2 1 2 1936 496 1937
2323 2 2 1 2 1938 1937 498
2324 2 2 1 2 1936 1937 1938
2325 2 2 1 2 496 1939 1941
2326 2 2 1 2 1939 37 1940
2327 2 2 1 2 1941 1940 497
2328 2 2 1 2 1939 1940 1941
2329 2 2 1 2 498 1942 1944
2330 2 2 1 2 1942 497 1943
2331 2 2 1 2 1944 1943 131
2332 2 2 1 2 1942 1943 1944
2333 2 2 1 2 496 1941 1937
2334 2 2 1 2 1941 497 1942
2335 2 2 1 2 1937 1942 498
2336 2 2 1 2 1941 1942 1937
2337 2 2 1 2 132 1945 1947
2338 2 2 1 2 1945 499 1946
2339 2 2 1 2 1947 1946 501
2340 2 2 1 2 1945 1946 1947
2341 2 2 1 2 499 1948 1950
2342 2 2 1 2 1948 131 1949
2343 2 2 1 2 1950 1949 500
2344 2 2 1 2 1948 1949 1950
2345 2 2 1 2 501 1951 1953
2346 2 2 1 2 1951 500 1952
2347 2 2 1 2 1953 1952 39
2348 2 2 1 2 1951 1952 1953
2349 2 2 1 2 499 1950 1946
2350 2 2 1 2 1950 500 1951
2351 2 2 1 2 1946 1951 501
2352 2 2 1 2 1950 1951 1946
2353 2 2 1 2 130 1938 1931
2354 2 2 1 2 1938 498 1954
2355 2 2 1 2 1931 1954 494
2356 2 2 1 2 1938 1954 1931
2357 2 2 1 2 498 1944 1955
2358 2 2 1 2 1944 131 1948
2359 2 2 1 2 1955 1948 499
2360 2 2 1 2 1944 1948 1955
2361 2 2 1 2 494 1956 1934
2362 2 2 1 2 1956 499 1945
2363 2 2 1 2 1934 1945 132
2364 2 2 1 2 1956 1945 1934
2365 2 2 1 2 498 1955 1954
2366 2 2 1 2 1955 499 1956
2367 2 2 1 2 1954 1956 494
2368 2 2 1 2 1955 1956 1954
2369 2 2 1 2 37 1957 1959
2370 2 2 1 2 1957 502 1958
2371 2 2 1 2 1959 1958 504
2372 2 2 1 2 1957 1958 1959
2373 2 2 1 2 502 1960 1962
2374 2 2 1 2 1960 133 1961
2375 2 2 1 2 1962 1961 503
2376 2 2 1 2 1960 1961 1962
2377 2 2 1 2 504 1963 1965
2378 2 2 1 2 1963 503 1964
2379 2 2 1 2 1965 1964 135
2380 2 2 1 2 1963 1964 1965
2381 2 2 1 2 502 1962 1958
2382 2 2 1 2 1962 503 1963
2383 2 2 1 2 1958 1963 504
2384 2 2 1 2 1962 1963 1958
2385 2 2 1 2 133 1966 1968
2386 2 2 1 2 1966 505 1967
2387 2 2 1 2 1968 1967 507
2388 2 2 1 2 1966 1967 1968
2389 2 2 1 2 505 1969 1971
2390 2 2 1 2 1969 5 1970
2391 2 2 1 2 1971 1970 506
2392 2 2 1 2 1969 1970 1971
2393 2 2 1 2 507 1972 1974
2394 2 2 1 2 1972 506 1973
2395 2 2 1 2 1974 1973 134
2396 2 2 1 2 1972 1973 1974
2397 2 2 1 2 505 1971 1967
2398 2 2 1 2 1971 506 1972
2399 2 2 1 2 1967 1972 507
2400 2 2 1 2 1971 1972 1967
2401 2 2 1 2 135 1975 1977
2402 2 2 1 2 1975 508 1976
2403 2 2 1 2 1977 1976 510
2404 2 2 1 2 1975 1976 1977
2405 2 2 1 2 508 1978 1980
2406 2 2 1 2 1978 134 1979
2407 2 2 1 2 1980 1979 509
2408 2 2 1 2 1978 1979 1980
2409 2 2 1 2 510 1981 1983
2410 2 2 1 2 1981 509 1982
2411 2 2 1 2 1983 1982 38
2412 2 2 1 2 1981 1982 1983
2413 2 2 1 2 508 1980 1976
2414 2 2 1 2 1980 509 1981
2415 2 2 1 2 1976 1981 510
2416 2 2 1 2 1980 1981 1976
2417 2 2 1 2 133 1968 1961
2418 2 2 1 2 1968 507 1984
2419 2 2 1 2 1961 1984 503
2420 2 2 1 2 1968 1984 1961
2421 2 2 1 2 507 1974 1985
2422 2 2 1 2 1974 134 1978
2423 2 2 1 2 1985 1978 508
2424 2 2 1 2 1974 1978 1985
2425 2 2 1 2 503 1986 1964
2426 2 2 1 2 1986 508 1975
2427 2 2 1 2 1964 1975 135
2428 2 2 1 2 1986 1975 1964
2429 2 2 1 2 507 1985 1984
2430 2 2 1 2 1985 508 1986
2431 2 2 1 2 1984 1986 503
2432 2 2 1 2 1985 1986 1984
2433 2 2 1 2 39 1987 1989
2434 2 2 1 2 1987 511 1988
2435 2 2 1 2 1989 1988 513
2436 2 2 1 2 1987 1988 1989
2437 2 2 1 2 511 1990 1992
2438 2 2 1 2 1990 136 1991
2439 2 2 1 2 1992 1991 512
2440 2 2 1 2 1990 1991 1992
2441 2 2 1 2 513 1993 1995
2442 2 2 1 2 1993 512 1994
2443 2 2 1 2 1995 1994 138
2444 2 2 1 2 1993 1994 1995
2445 2 2 1 2 511 1992 1988
2446 2 2 1 2 1992 512 1993
2447 2 2 1 2 1988 1993 513
2448 2 2 1 2 1992 1993 1988
2449 2 2 1 2 136 1996 1998
2450 2 2 1 2 1996 514 1997
2451 2 2 1 2 1998 1997 516
2452 2 2 1 2 1996 1997 1998
2453 2 2 1 2 514 1999 2001
2454 2 2 1 2 1999 38 2000
2455 2 2 1 2 2001 2000 515
2456 2 2 1 2 1999 2000 2001
2457 2 2 1 2 516 2002 2004
2458 2 2 1 2 2002 515 2003
2459 2 2 1 2 2004 2003 137
2460 2 2 1 2 2002 2003 2004
2461 2 2 1 2 514 2001 1997
2462 2 2 1 2 2001 515 2002
2463 2 2 1 2 1997 2002 516
2464 2 2 1 2 2001 2002 1997
2465 2 2 1 2 138 2005 2007
2466 2 2 1 2 2005 517 2006
2467 2 2 1 2 2007 2006 519
2468 2 2 1 2 2005 2006 2007
2469 2 2 1 2 517 2008 2010
2470 2 2 1 2 2008 137 2009
2471 2 2 1 2 2010 2009 518
2472 2 2 1 2 2008 2009 2010
2473 2 2 1 2 519 2011 2013
2474 2 2 1 2 2011 518 2012
2475 2 2 1 2 2013 2012 13
2476 2 2 1 2 2011 2012 2013
2477 2 2 1 2 517 2010 2006
2478 2 2 1 2 2010 518 2011
2479 2 2 1 2 2006 2011 519
2480 2 2 1 2 2010 2011 2006
2481 2 2 1 2 136 1998 1991
2482 2 2 1 2 1998 516 2014
2483 2 2 1 2 1991 2014 512
2484 2 2 1 2 1998 2014 1991
2485 2 2 1 2 516 2004 2015
2486 2 2 1 2 2004 137 2008
2487 2 2 1 2 2015 2008 517
2488 2 2 1 2 2004 2008 2015
2489 2 2 1 2 512 2016 1994
2490 2 2 1 2 2016 517 2005
2491 2 2 1 2 1994 2005 138
2492 2 2 1 2 2016 2005 1994
2493 2 2 1 2 516 2015 2014
2494 2 2 1 2 2015 517 2016
2495 2 2 1 2 2014 2016 512
2496 2 2 1 2 2015 2016 2014
2497 2 2 1 2 37 1959 1940
2498 2 2 1 2 1959 504 2017
2499 2 2 1 2 1940 2017 497
2500 2 2 1 2 1959 2017 1940
2501 2 2 1 2 504 1965 2019
2502 2 2 1 2 1965 135 2018
2503 2 2 1 2 2019 2018 520
2504 2 2 1 2 1965 2018 2019
2505 2 2 1 2 497 2020 1943
2506 2 2 1 2 2020 520 2021
2507 2 2 1 2 1943 2021 131
2508 2 2 1 2 2020 2021 1943
2509 2 2 1 2 504 2019 2017
2510 2 2 1 2 2019 520 2020
2511 2 2 1 2 2017 2020 497
2512 2 2 1 2 2019 2020 2017
2513 2 2 1 2 135 1977 2023
2514 2 2 1 2 1977 510 2022
2515 2 2 1 2 2023 2022 521
2516 2 2 1 2 1977 2022 2023
2517 2 2 1 2 510 1983 2024
2518 2 2 1 2 1983 38 1999
2519 2 2 1 2 2024 1999 514
2520 2 2 1 2 1983 1999 2024
2521 2 2 1 2 521 2025 2026
2522 2 2 1 2 2025 514 1996
2523 2 2 1 2 2026 1996 136
2524 2 2 1 2 2025 1996 2026
2525 2 2 1 2 510 2024 2022
2526 2 2 1 2 2024 514 2025
2527 2 2 1 2 2022 2025 521
2528 2 2 1 2 2024 2025 2022
2529 2 2 1 2 131 2027 1949
2530 2 2 1 2 2027 522 2028
2531 2 2 1 2 1949 2028 500
2532 2 2 1 2 2027 2028 1949
2533 2 2 1 2 522 2029 2030
2534 2 2 1 2 2029 136 1990
2535 2 2 1 2 2030 1990 511
2536 2 2 1 2 2029 1990 2030
2537 2 2 1 2 500 2031 1952
2538 2 2 1 2 2031 511 1987
2539 2 2 1 2 1952 1987 39
2540 2 2 1 2 2031 1987 1952
2541 2 2 1 2 522 2030 2028
2542 2 2 1 2 2030 511 2031
2543 2 2 1 2 2028 2031 500
2544 2 2 1 2 2030 2031 2028
2545 2 2 1 2 135 2023 2018
2546 2 2 1 2 2023 521 2032
2547 2 2 1 2 2018 2032 520
2548 2 2 1 2 2023 2032 2018
2549 2 2 1 2 521 2026 2033
2550 2 2 1 2 2026 136 2029
2551 2 2 1 2 2033 2029 522
2552 2 2 1 2 2026 2029 2033
2553 2 2 1 2 520 2034 2021
2554 2 2 1 2 2034 522 2027
2555 2 2 1 2 2021 2027 131
2556 2 2 1 2 2034 2027 2021
2557 2 2 1 2 521 2033 2032
2558 2 2 1 2 2033 522 2034
2559 2 2 1 2 2032 2034 520
2560 2 2 1 2 2033 2034 2032
2561 2 2 1 2 11 2035 1682
2562 2 2 1 2 2035 523 2036
2563 2 2 1 2 1682 2036 434
2564 2 2 1 2 2035 2036 1682
2565 2 2 1 2 523 2037 2039
2566 2 2 1 2 2037 139 2038
2567 2 2 1 2 2039 2038 524
2568 2 2 1 2 2037 2038 2039
2569 2 2 1 2 434 2040 1685
2570 2 2 1 2 2040 524 2041
2571 2 2 1 2 1685 2041 116
2572 2 2 1 2 2040 2041 1685
2573 2 2 1 2 523 2039 2036
2574 2 2 1 2 2039 524 2040
2575 2 2 1 2 2036 2040 434
2576 2 2 1 2 2039 2040 2036
2577 2 2 1 2 139 2042 2044
2578 2 2 1 2 2042 525 2043
2579 2 2 1 2 2044 2043 527
2580 2 2 1 2 2042 2043 2044
2581 2 2 1 2 525 2045 2047
2582 2 2 1 2 2045 40 2046
2583 2 2 1 2 2047 2046 526
2584 2 2 1 2 2045 2046 2047
2585 2 2 1 2 527 2048 2050
2586 2 2 1 2 2048 526 2049
2587 2 2 1 2 2050 2049 140
2588 2 2 1 2 2048 2049 2050
2589 2 2 1 2 525 2047 2043
2590 2 2 1 2 2047 526 2048
2591 2 2 1 2 2043 2048 527
2592 2 2 1 2 2047 2048 2043
2593 2 2 1 2 116 2051 1691
2594 2 2 1 2 2051 528 2052
2595 2 2 1 2 1691 2052 437
2596 2 2 1 2 2051 2052 1691
2597 2 2 1 2 528 2053 2055
2598 2 2 1 2 2053 140 2054
2599 2 2 1 2 2055 2054 529
2600 2 2 1 2 2053 2054 2055
2601 2 2 1 2 437 2056 1694
2602 2 2 1 2 2056 529 2057
2603 2 2 1 2 1694 2057 34
2604 2 2 1 2 2056 2057 1694
2605 2 2 1 2 528 2055 2052
2606 2 2 1 2 2055 529 2056
2607 2 2 1 2 2052 2056 437
2608 2 2 1 2 2055 2056 2052
2609 2 2 1 2 139 2044 2038
2610 2 2 1 2 2044 527 2058
2611 2 2 1 2 2038 2058 524
2612 2 2 1 2 2044 2058 2038
2613 2 2 1 2 527 2050 2059
2614 2 2 1 2 2050 140 2053
2615 2 2 1 2 2059 2053 528
2616 2 2 1 2 2050 2053 2059
2617 2 2 1 2 524 2060 2041
2618 2 2 1 2 2060 528 2051
2619 2 2 1 2 2041 2051 116
2620 2 2 1 2 2060 2051 2041
2621 2 2 1 2 527 2059 2058
2622 2 2 1 2 2059 528 2060
2623 2 2 1 2 2058 2060 524
2624 2 2 1 2 2059 2060 2058
2625 2 2 1 2 40 2061 2063
2626 2 2 1 2 2061 530 2062
2627 2 2 1 2 2063 2062 532
2628 2 2 1 2 2061 2062 2063
2629 2 2 1 2 530 2064 2066
2630 2 2 1 2 2064 141 2065
2631 2 2 1 2 2066 2065 531
2632 2 2 1 2 2064 2065 2066
2633 2 2 1 2 532 2067 2069
2634 2 2 1 2 2067 531 2068
2635 2 2 1 2 2069 2068 143
2636 2 2 1 2 2067 2068 2069
2637 2 2 1 2 530 2066 2062
2638 2 2 1 2 2066 531 2067
2639 2 2 1 2 2062 2067 532
2640 2 2 1 2 2066 2067 2062
2641 2 2 1 2 141 2070 2072
2642 2 2 1 2 2070 533 2071
2643 2 2 1 2 2072 2071 535
2644 2 2 1 2 2070 2071 2072
2645 2 2 1 2 533 2073 2075
2646 2 2 1 2 2073 13 2074
2647 2 2 1 2 2075 2074 534
2648 2 2 1 2 2073 2074 2075
2649 2 2 1 2 535 2076 2078
2650 2 2 1 2 2076 534 2077
2651 2 2 1 2 2078 2077 142
2652 2 2 1 2 2076 2077 2078
2653 2 2 1 2 533 2075 2071
2654 2 2 1 2 2075 534 2076
2655 2 2 1 2 2071 2076 535
2656 2 2 1 2 2075 2076 2071
2657 2 2 1 2 143 2079 2081
2658 2 2 1 2 2079 536 2080
2659 2 2 1 2 2081 2080 538
2660 2 2 1 2 2079 2080 2081
2661 2 2 1 2 536 2082 2084
2662 2 2 1 2 2082 142 2083
2663 2 2 1 2 2084 2083 537
2664 2 2 1 2 2082 2083 2084
2665 2 2 1 2 538 2085 2087
2666 2 2 1 2 2085 537 2086
2667 2 2 1 2 2087 2086 41
2668 2 2 1 2 2085 2086 2087
2669 2 2 1 2 536 2084 2080
2670 2 2 1 2 2084 537 2085
2671 2 2 1 2 2080 2085 538
2672 2 2 1 2 2084 2085 2080
2673 2 2 1 2 141 2072 2065
2674 2 2 1 2 2072 535 2088
2675 2 2 1 2 2065 2088 531
2676 2 2 1 2 2072 2088 2065
2677 2 2 1 2 535 2078 2089
2678 2 2 1 2 2078 142 2082
2679 2 2 1 2 2089 2082 536
2680 2 2 1 2 2078 2082 2089
2681 2 2 1 2 531 2090 2068
2682 2 2 1 2 2090 536 2079
2683 2 2 1 2 2068 2079 143
2684 2 2 1 2 2090 2079 2068
2685 2 2 1 2 535 2089 2088
2686 2 2 1 2 2089 536 2090
2687 2 2 1 2 2088 2090 531
2688 2 2 1 2 2089 2090 2088
2689 2 2 1 2 34 2091 1710
2690 2 2 1 2 2091 539 2092
2691 2 2 1 2 1710 2092 442
2692 2 2 1 2 2091 2092 1710
2693 2 2 1 2 539 2093 2095
2694 2 2 1 2 2093 144 2094
2695 2 2 1 2 2095 2094 540
2696 2 2 1 2 2093 2094 2095
2697 2 2 1 2 442 2096 1713
2698 2 2 1 2 2096 540 2097
2699 2 2 1 2 1713 2097 119
2700 2 2 1 2 2096 2097 1713
2701 2 2 1 2 539 2095 2092
2702 2 2 1 2 2095 540 2096
2703 2 2 1 2 2092 2096 442
2704 2 2 1 2 2095 2096 2092
2705 2 2 1 2 144 2098 2100
2706 2 2 1 2 2098 541 2099
2707 2 2 1 2 2100 2099 543
2708 2 2 1 2 2098 2099 2100
2709 2 2 1 2 541 2101 2103
2710 2 2 1 2 2101 41 2102
2711 2 2 1 2 2103 2102 542
2712 2 2 1 2 2101 2102 2103
2713 2 2 1 2 543 2104 2106
2714 2 2 1 2 2104 542 2105
2715 2 2 1 2 2106 2105 145
2716 2 2 1 2 2104 2105 2106
2717 2 2 1 2 541 2103 2099
2718 2 2 1 2 2103 542 2104
2719 2 2 1 2 2099 2104 543
2720 2 2 1 2 2103 2104 2099
2721 2 2 1 2 119 2107 1718
2722 2 2 1 2 2107 544 2108
2723 2 2 1 2 1718 2108 445
2724 2 2 1 2 2107 2108 1718
2725 2 2 1 2 544 2109 2111
2726 2 2 1 2 2109 145 2110
2727 2 2 1 2 2111 2110 545
2728 2 2 1 2 2109 2110 2111
2729 2 2 1 2 445 2112 1721
2730 2 2 1 2 2112 545 2113
2731 2 2 1 2 1721 2113 3
2732 2 2 1 2 2112 2113 1721
2733 2 2 1 2 544 2111 2108
2734 2 2 1 2 2111 545 2112
2735 2 2 1 2 2108 2112 445
2736 2 2 1 2 2111 2112 2108
2737 2 2 1 2 144 2100 2094
2738 2 2 1 2 2100 543 2114
2739 2 2 1 2 2094 2114 540
2740 2 2 1 2 2100 2114 2094
2741 2 2 1 2 543 2106 2115
2742 2 2 1 2 2106 145 2109
2743 2 2 1 2 2115 2109 544
2744 2 2 1 2 2106 2109 2115
2745 2 2 1 2 540 2116 2097
2746 2 2 1 2 2116 544 2107
2747 2 2 1 2 2097 2107 119
2748 2 2 1 2 2116 2107 2097
2749 2 2 1 2 543 2115 2114
2750 2 2 1 2 2115 544 2116
2751 2 2 1 2 2114 2116 540
2752 2 2 1 2 2115 2116 2114
2753 2 2 1 2 40 2063 2046
2754 2 2 1 2 2063 532 2117
2755 2 2 1 2 2046 2117 526
2756 2 2 1 2 2063 2117 2046
2757 2 2 1 2 532 2069 2119
2758 2 2 1 2 2069 143 2118
2759 2 2 1 2 2119 2118 546
2760 2 2 1 2 2069 2118 2119
2761 2 2 1 2 526 2120 2049
2762 2 2 1 2 2120 546 2121
2763 2 2 1 2 2049 2121 140
2764 2 2 1 2 2120 2121 2049
2765 2 2 1 2 532 2119 2117
2766 2 2 1 2 2119 546 2120
2767 2 2 1 2 2117 2120 526
2768 2 2 1 2 2119 2120 2117
2769 2 2 1 2 143 2081 2123
2770 2 2 1 2 2081 538 2122
2771 2 2 1 2 2123 2122 547
2772 2 2 1 2 2081 2122 2123
2773 2 2 1 2 538 2087 2124
2774 2 2 1 2 2087 41 2101
2775 2 2 1 2 2124 2101 541
2776 2 2 1 2 2087 2101 2124
2777 2 2 1 2 547 2125 2126
2778 2 2 1 2 2125 541 2098
2779 2 2 1 2 2126 2098 144
2780 2 2 1 2 2125 2098 2126
2781 2 2 1 2 538 2124 2122
2782 2 2 1 2 2124 541 2125
2783 2 2 1 2 2122 2125 547
2784 2 2 1 2 2124 2125 2122
2785 2 2 1 2 140 2127 2054
2786 2 2 1 2 2127 548 2128
2787 2 2 1 2 2054 2128 529
2788 2 2 1 2 2127 2128 2054
2789 2 2 1 2 548 2129 2130
2790 2 2 1 2 2129 144 2093
2791 2 2 1 2 2130 2093 539
2792 2 2 1 2 2129 2093 2130
2793 2 2 1 2 529 2131 2057
2794 2 2 1 2 2131 539 2091
2795 2 2 1 2 2057 2091 34
2796 2 2 1 2 2131 2091 2057
2797 2 2 1 2 548 2130 2128
2798 2 2 1 2 2130 539 2131
2799 2 2 1 2 2128 2131 529
2800 2 2 1 2 2130 2131 2128
2801 2 2 1 2 143 2123 2118
2802 2 2 1 2 2123 547 2132
2803 2 2 1 2 2118 2132 546
2804 2 2 1 2 2123 2132 2118
2805 2 2 1 2 547 2126 2133
2806 2 2 1 2 2126 144 2129
2807 2 2 1 2 2133 2129 548
2808 2 2 1 2 2126 2129 2133
2809 2 2 1 2 546 2134 2121
2810 2 2 1 2 2134 548 2127
2811 2 2 1 2 2121 2127 140
2812 2 2 1 2 2134 2127 2121
2813 2 2 1 2 547 2133 2132
2814 2 2 1 2 2133 548 2134
2815 2 2 1 2 2132 2134 546
2816 2 2 1 2 2133 2134 2132
2817 2 2 1 2 12 1929 1866
2818 2 2 1 2 1929 495 2135
2819 2 2 1 2 1866 2135 478
2820 2 2 1 2 1929 2135 1866
2821 2 2 1 2 495 1935 2137
2822 2 2 1 2 1935 132 2136
2823 2 2 1 2 2137 2136 549
2824 2 2 1 2 1935 2136 2137
2825 2 2 1 2 478 2138 1869
2826 2 2 1 2 2138 549 2139
2827 2 2 1 2 1869 2139 126
2828 2 2 1 2 2138 2139 1869
2829 2 2 1 2 495 2137 2135
2830 2 2 1 2 2137 549 2138
2831 2 2 1 2 2135 2138 478
2832 2 2 1 2 2137 2138 2135
2833 2 2 1 2 132 1947 2141
2834 2 2 1 2 1947 501 2140
2835 2 2 1 2 2141 2140 551
2836 2 2 1 2 1947 2140 2141
2837 2 2 1 2 501 1953 2143
2838 2 2 1 2 1953 39 2142
2839 2 2 1 2 2143 2142 550
2840 2 2 1 2 1953 2142 2143
2841 2 2 1 2 551 2144 2146
2842 2 2 1 2 2144 550 2145
2843 2 2 1 2 2146 2145 146
2844 2 2 1 2 2144 2145 2146
2845 2 2 1 2 501 2143 2140
2846 2 2 1 2 2143 550 2144
2847 2 2 1 2 2140 2144 551
2848 2 2 1 2 2143 2144 2140
2849 2 2 1 2 126 2147 1875
2850 2 2 1 2 2147 552 2148
2851 2 2 1 2 1875 2148 481
2852 2 2 1 2 2147 2148 1875
2853 2 2 1 2 552 2149 2151
2854 2 2 1 2 2149 146 2150
2855 2 2 1 2 2151 2150 553
2856 2 2 1 2 2149 2150 2151
2857 2 2 1 2 481 2152 1878
2858 2 2 1 2 2152 553 2153
2859 2 2 1 2 1878 2153 36
2860 2 2 1 2 2152 2153 1878
2861 2 2 1 2 552 2151 2148
2862 2 2 1 2 2151 553 2152
2863 2 2 1 2 2148 2152 481
2864 2 2 1 2 2151 2152 2148
2865 2 2 1 2 132 2141 2136
2866 2 2 1 2 2141 551 2154
2867 2 2 1 2 2136 2154 549
2868 2 2 1 2 2141 2154 2136
2869 2 2 1 2 551 2146 2155
2870 2 2 1 2 2146 146 2149
2871 2 2 1 2 2155 2149 552
2872 2 2 1 2 2146 2149 2155
2873 2 2 1 2 549 2156 2139
2874 2 2 1 2 2156 552 2147
2875 2 2 1 2 2139 2147 126
2876 2 2 1 2 2156 2147 2139
2877 2 2 1 2 551 2155 2154
2878 2 2 1 2 2155 552 2156
2879 2 2 1 2 2154 2156 549
2880 2 2 1 2 2155 2156 2154
2881 2 2 1 2 39 1989 2158
2882 2 2 1 2 1989 513 2157
2883 2 2 1 2 2158 2157 555
2884 2 2 1 2 1989 2157 2158
2885 2 2 1 2 513 1995 2160
2886 2 2 1 2 1995 138 2159
2887 2 2 1 2 2160 2159 554
2888 2 2 1 2 1995 2159 2160
2889 2 2 1 2 555 2161 2163
2890 2 2 1 2 2161 554 2162
2891 2 2 1 2 2163 2162 147
2892 2 2 1 2 2161 2162 2163
2893 2 2 1 2 513 2160 2157
2894 2 2 1 2 2160 554 2161
2895 2 2 1 2 2157 2161 555
2896 2 2 1 2 2160 2161 2157
2897 2 2 1 2 138 2007 2165
2898 2 2 1 2 2007 519 2164
2899 2 2 1 2 2165 2164 556
2900 2 2 1 2 2007 2164 2165
2901 2 2 1 2 519 2013 2166
2902 2 2 1 2 2013 13 2073
2903 2 2 1 2 2166 2073 533
2904 2 2 1 2 2013 2073 2166
2905 2 2 1 2 556 2167 2168
2906 2 2 1 2 2167 533 2070
2907 2 2 1 2 2168 2070 141
2908 2 2 1 2 2167 2070 2168
2909 2 2 1 2 519 2166 2164
2910 2 2 1 2 2166 533 2167
2911 2 2 1 2 2164 2167 556
2912 2 2 1 2 2166 2167 2164
2913 2 2 1 2 147 2169 2171
2914 2 2 1 2 2169 557 2170
2915 2 2 1 2 2171 2170 558
2916 2 2 1 2 2169 2170 2171
2917 2 2 1 2 557 2172 2173
2918 2 2 1 2 2172 141 2064
2919 2 2 1 2 2173 2064 530
2920 2 2 1 2 2172 2064 2173
2921 2 2 1 2 558 2174 2175
2922 2 2 1 2 2174 530 2061
2923 2 2 1 2 2175 2061 40
2924 2 2 1 2 2174 2061 2175
2925 2 2 1 2 557 2173 2170
2926 2 2 1 2 2173 530 2174
2927 2 2 1 2 2170 2174 558
2928 2 2 1 2 2173 2174 2170
2929 2 2 1 2 138 2165 2159
2930 2 2 1 2 2165 556 2176
2931 2 2 1 2 2159 2176 554
2932 2 2 1 2 2165 2176 2159
2933 2 2 1 2 556 2168 2177
2934 2 2 1 2 2168 141 2172
2935 2 2 1 2 2177 2172 557
2936 2 2 1 2 2168 2172 2177
2937 2 2 1 2 554 2178 2162
2938 2 2 1 2 2178 557 2169
2939 2 2 1 2 2162 2169 147
2940 2 2 1 2 2178 2169 2162
2941 2 2 1 2 556 2177 2176
2942 2 2 1 2 2177 557 2178
2943 2 2 1 2 2176 2178 554
2944 2 2 1 2 2177 2178 2176
2945 2 2 1 2 36 2179 1894
2946 2 2 1 2 2179 559 2180
2947 2 2 1 2 1894 2180 486
2948 2 2 1 2 2179 2180 1894
2949 2 2 1 2 559 2181 2183
2950 2 2 1 2 2181 148 2182
2951 2 2 1 2 2183 2182 560
2952 2 2 1 2 2181 2182 2183
2953 2 2 1 2 486 2184 1897
2954 2 2 1 2 2184 560 2185
2955 2 2 1 2 1897 2185 129
2956 2 2 1 2 2184 2185 1897
2957 2 2 1 2 559 2183 2180
2958 2 2 1 2 2183 560 2184
2959 2 2 1 2 2180 2184 486
2960 2 2 1 2 2183 2184 2180
2961 2 2 1 2 148 2186 2188
2962 2 2 1 2 2186 561 2187
2963 2 2 1 2 2188 2187 562
2964 2 2 1 2 2186 2187 2188
2965 2 2 1 2 561 2189 2190
2966 2 2 1 2 2189 40 2045
2967 2 2 1 2 2190 2045 525
2968 2 2 1 2 2189 2045 2190
2969 2 2 1 2 562 2191 2192
2970 2 2 1 2 2191 525 2042
2971 2 2 1 2 2192 2042 139
2972 2 2 1 2 2191 2042 2192
2973 2 2 1 2 561 2190 2187
2974 2 2 1 2 2190 525 2191
2975 2 2 1 2 2187 2191 562
2976 2 2 1 2 2190 2191 2187
2977 2 2 1 2 129 2193 1902
2978 2 2 1 2 2193 563 2194
2979 2 2 1 2 1902 2194 489
2980 2 2 1 2 2193 2194 1902
2981 2 2 1 2 563 2195 2196
2982 2 2 1 2 2195 139 2037
2983 2 2 1 2 2196 2037 523
2984 2 2 1 2 2195 2037 2196
2985 2 2 1 2 489 2197 1905
2986 2 2 1 2 2197 523 2035
2987 2 2 1 2 1905 2035 11
2988 2 2 1 2 2197 2035 1905
2989 2 2 1 2 563 2196 2194
2990 2 2 1 2 2196 523 2197
2991 2 2 1 2 2194 2197 489
2992 2 2 1 2 2196 2197 2194
2993 2 2 1 2 148 2188 2182
2994 2 2 1 2 2188 562 2198
2995 2 2 1 2 2182 2198 560
2996 2 2 1 2 2188 2198 2182
2997 2 2 1 2 562 2192 2199
2998 2 2 1 2 2192 139 2195
2999 2 2 1 2 2199 2195 563
3000 2 2 1 2 2192 2195 2199
3001 2 2 1 2 560 2200 2185
3002 2 2 1 2 2200 563 2193
3003 2 2 1 2 2185 2193 129
3004 2 2 1 2 2200 2193 2185
3005 2 2 1 2 562 2199 2198
3006 2 2 1 2 2199 563 2200
3007 2 2 1 2 2198 2200 560
3008 2 2 1 2 2199 2200 2198
3009 2 2 1 2 39 2158 2142
3010 2 2 1 2 2158 555 2201
3011 2 2 1 2 2142 2201 550
3012 2 2 1 2 2158 2201 2142
3013 2 2 1 2 555 2163 2203
3014 2 2 1 2 2163 147 2202
3015 2 2 1 2 2203 2202 564
3016 2 2 1 2 2163 2202 2203
3017 2 2 1 2 550 2204 2145
3018 2 2 1 2 2204 564 2205
3019 2 2 1 2 2145 2205 146
3020 2 2 1 2 2204 2205 2145
3021 2 2 1 2 555 2203 2201
3022 2 2 1 2 2203 564 2204
3023 2 2 1 2 2201 2204 550
3024 2 2 1 2 2203 2204 2201
3025 2 2 1 2 147 2171 2207
3026 2 2 1 2 2171 558 2206
3027 2 2 1 2 2207 2206 565
3028 2 2 1 2 2171 2206 2207
3029 2 2 1 2 558 2175 2208
3030 2 2 1 2 2175 40 2189
3031 2 2 1 2 2208 2189 561
3032 2 2 1 2 2175 2189 2208
3033 2 2 1 2 565 2209 2210
3034 2 2 1 2 2209 561 2186
3035 2 2 1 2 2210 2186 148
3036 2 2 1 2 2209 2186 2210
3037 2 2 1 2 558 2208 2206
3038 2 2 1 2 2208 561 2209
3039 2 2 1 2 2206 2209 565
3040 2 2 1 2 2208 2209 2206
3041 2 2 1 2 146 2211 2150
3042 2 2 1 2 2211 566 2212
3043 2 2 1 2 2150 2212 553
3044 2 2 1 2 2211 2212 2150
3045 2 2 1 2 566 2213 2214
3046 2 2 1 2 2213 148 2181
3047 2 2 1 2 2214 2181 559
3048 2 2 1 2 2213 2181 2214
3049 2 2 1 2 553 2215 2153
3050 2 2 1 2 2215 559 2179
3051 2 2 1 2 2153 2179 36
3052 2 2 1 2 2215 2179 2153
3053 2 2 1 2 566 2214 2212
3054 2 2 1 2 2214 559 2215
3055 2 2 1 2 2212 2215 553
3056 2 2 1 2 2214 2215 2212
3057 2 2 1 2 147 2207 2202
3058 2 2 1 2 2207 565 2216
3059 2 2 1 2 2202 2216 564
3060 2 2 1 2 2207 2216 2202
3061 2 2 1 2 565 2210 2217
3062 2 2 1 2 2210 148 2213
3063 2 2 1 2 2217 2213 566
3064 2 2 1 2 2210 2213 2217
3065 2 2 1 2 564 2218 2205
3066 2 2 1 2 2218 566 2211
3067 2 2 1 2 2205 2211 146
3068 2 2 1 2 2218 2211 2205
3069 2 2 1 2 565 2217 2216
3070 2 2 1 2 2217 566 2218
3071 2 2 1 2 2216 2218 564
3072 2 2 1 2 2217 2218 2216
3073 2 2 1 2 5 2219 1970
3074 2 2 1 2 2219 567 2220
3075 2 2 1 2 1970 2220 506
3076 2 2 1 2 2219 2220 1970
3077 2 2 1 2 567 2221 2223
3078 2 2 1 2 2221 149 2222
3079 2 2 1 2 2223 2222 568
3080 2 2 1 2 2221 2222 2223
3081 2 2 1 2 506 2224 1973
3082 2 2 1 2 2224 568 2225
3083 2 2 1 2 1973 2225 134
3084 2 2 1 2 2224 2225 1973
3085 2 2 1 2 567 2223 2220
3086 2 2 1 2 2223 568 2224
3087 2 2 1 2 2220 2224 506
3088 2 2 1 2 2223 2224 2220
3089 2 2 1 2 149 2226 2228
3090 2 2 1 2 2226 569 2227
3091 2 2 1 2 2228 2227 571
3092 2 2 1 2 2226 2227 2228
3093 2 2 1 2 569 2229 2231
3094 2 2 1 2 2229 42 2230
3095 2 2 1 2 2231 2230 570
3096 2 2 1 2 2229 2230 2231
3097 2 2 1 2 571 2232 2234
3098 2 2 1 2 2232 570 2233
3099 2 2 1 2 2234 2233 150
3100 2 2 1 2 2232 2233 2234
3101 2 2 1 2 569 2231 2227
3102 2 2 1 2 2231 570 2232
3103 2 2 1 2 2227 2232 571
3104 2 2 1 2 2231 2232 2227
3105 2 2 1 2 134 2235 1979
3106 2 2 1 2 2235 572 2236
3107 2 2 1 2 1979 2236 509
3108 2 2 1 2 2235 2236 1979
3109 2 2 1 2 572 2237 2239
3110 2 2 1 2 2237 150 2238
3111 2 2 1 2 2239 2238 573
3112 2 2 1 2 2237 2238 2239
3113 2 2 1 2 509 2240 1982
3114 2 2 1 2 2240 573 2241
3115 2 2 1 2 1982 2241 38
3116 2 2 1 2 2240 2241 1982
3117 2 2 1 2 572 2239 2236
3118 2 2 1 2 2239 573 2240
3119 2 2 1 2 2236 2240 509
3120 2 2 1 2 2239 2240 2236
3121 2 2 1 2 149 2228 2222
3122 2 2 1 2 2228 571 2242
3123 2 2 1 2 2222 2242 568
3124 2 2 1 2 2228 2242 2222
3125 2 2 1 2 571 2234 2243
3126 2 2 1 2 2234 150 2237
3127 2 2 1 2 2243 2237 572
3128 2 2 1 2 2234 2237 2243
3129 2 2 1 2 568 2244 2225
3130 2 2 1 2 2244 572 2235
3131 2 2 1 2 2225 2235 134
3132 2 2 1 2 2244 2235 2225
3133 2 2 1 2 571 2243 2242
3134 2 2 1 2 2243 572 2244
3135 2 2 1 2 2242 2244 568
3136 2 2 1 2 2243 2244 2242
3137 2 2 1 2 42 2245 2247
3138 2 2 1 2 2245 574 2246
3139 2 2 1 2 2247 2246 576
3140 2 2 1 2 2245 2246 2247
3141 2 2 1 2 574 2248 2250
3142 2 2 1 2 2248 151 2249
3143 2 2 1 2 2250 2249 575
3144 2 2 1 2 2248 2249 2250
3145 2 2 1 2 576 2251 2253
3146 2 2 1 2 2251 575 2252
3147 2 2 1 2 2253 2252 153
3148 2 2 1 2 2251 2252 2253
3149 2 2 1 2 574 2250 2246
3150 2 2 1 2 2250 575 2251
3151 2 2 1 2 2246 2251 576
3152 2 2 1 2 2250 2251 2246
3153 2 2 1 2 151 2254 2256
3154 2 2 1 2 2254 577 2255
3155 2 2 1 2 2256 2255 579
3156 2 2 1 2 2254 2255 2256
3157 2 2 1 2 577 2257 2259
3158 2 2 1 2 2257 14 2258
3159 2 2 1 2 2259 2258 578
3160 2 2 1 2 2257 2258 2259
3161 2 2 1 2 579 2260 2262
3162 2 2 1 2 2260 578 2261
3163 2 2 1 2 2262 2261 152
3164 2 2 1 2 2260 2261 2262
3165 2 2 1 2 577 2259 2255
3166 2 2 1 2 2259 578 2260
3167 2 2 1 2 2255 2260 579
3168 2 2 1 2 2259 2260 2255
3169 2 2 1 2 153 2263 2265
3170 2 2 1 2 2263 580 2264
3171 2 2 1 2 2265 2264 582
3172 2 2 1 2 2263 2264 2265
3173 2 2 1 2 580 2266 2268
3174 2 2 1 2 2266 152 2267
3175 2 2 1 2 2268 2267 581
3176 2 2 1 2 2266 2267 2268
3177 2 2 1 2 582 2269 2271
3178 2 2 1 2 2269 581 2270
3179 2 2 1 2 2271 2270 43
3180 2 2 1 2 2269 2270 2271
3181 2 2 1 2 580 2268 2264
3182 2 2 1 2 2268 581 2269
3183 2 2 1 2 2264 2269 582
3184 2 2 1 2 2268 2269 2264
3185 2 2 1 2 151 2256 2249
3186 2 2 1 2 2256 579 2272
3187 2 2 1 2 2249 2272 575
3188 2 2 1 2 2256 2272 2249
3189 2 2 1 2 579 2262 2273
3190 2 2 1 2 2262 152 2266
3191 2 2 1 2 2273 2266 580
3192 2 2 1 2 2262 2266 2273
3193 2 2 1 2 575 2274 2252
3194 2 2 1 2 2274 580 2263
3195 2 2 1 2 2252 2263 153
3196 2 2 1 2 2274 2263 2252
3197 2 2 1 2 579 2273 2272
3198 2 2 1 2 2273 580 2274
3199 2 2 1 2 2272 2274 575
3200 2 2 1 2 2273 2274 2272
3201 2 2 1 2 38 2275 2000
3202 2 2 1 2 2275 583 2276
3203 2 2 1 2 2000 2276 515
3204 2 2 1 2 2275 2276 2000
3205 2 2 1 2 583 2277 2279
3206 2 2 1 2 2277 154 2278
3207 2 2 1 2 2279 2278 584
3208 2 2 1 2 2277 2278 2279
3209 2 2 1 2 515 2280 2003
3210 2 2 1 2 2280 584 2281
3211 2 2 1 2 2003 2281 137
3212 2 2 1 2 2280 2281 2003
3213 2 2 1 2 583 2279 2276
3214 2 2 1 2 2279 584 2280
3215 2 2 1 2 2276 2280 515
3216 2 2 1 2 2279 2280 2276
3217 2 2 1 2 154 2282 2284
3218 2 2 1 2 2282 585 2283
3219 2 2 1 2 2284 2283 587
3220 2 2 1 2 2282 2283 2284
3221 2 2 1 2 585 2285 2287
3222 2 2 1 2 2285 43 2286
3223 2 2 1 2 2287 2286 586
3224 2 2 1 2 2285 2286 2287
3225 2 2 1 2 587 2288 2290
3226 2 2 1 2 2288 586 2289
3227 2 2 1 2 2290 2289 155
3228 2 2 1 2 2288 2289 2290
3229 2 2 1 2 585 2287 2283
3230 2 2 1 2 2287 586 2288
3231 2 2 1 2 2283 2288 587
3232 2 2 1 2 2287 2288 2283
3233 2 2 1 2 137 2291 2009
3234 2 2 1 2 2291 588 2292
3235 2 2 1 2 2009 2292 518
3236 2 2 1 2 2291 2292 2009
3237 2 2 1 2 588 2293 2295
3238 2 2 1 2 2293 155 2294
3239 2 2 1 2 2295 2294 589
3240 2 2 1 2 2293 2294 2295
3241 2 2 1 2 518 2296 2012
3242 2 2 1 2 2296 589 2297
3243 2 2 1 2 2012 2297 13
3244 2 2 1 2 2296 2297 2012
3245 2 2 1 2 588 2295 2292
3246 2 2 1 2 2295 589 2296
3247 2 2 1 2 2292 2296 518
3248 2 2 1 2 2295 2296 2292
3249 2 2 1 2 154 2284 2278
3250 2 2 1 2 2284 587 2298
3251 2 2 1 2 2278 2298 584
3252 2 2 1 2 2284 2298 2278
3253 2 2 1 2 587 2290 2299
3254 2 2 1 2 2290 155 2293
3255 2 2 1 2 2299 2293 588
3256 2 2 1 2 2290 2293 2299
3257 2 2 1 2 584 2300 2281
3258 2 2 1 2 2300 588 2291
3259 2 2 1 2 2281 2291 137
3260 2 2 1 2 2300 2291 2281
3261 2 2 1 2 587 2299 2298
3262 2 2 1 2 2299 588 2300
3263 2 2 1 2 2298 2300 584
3264 2 2 1 2 2299 2300 2298
3265 2 2 1 2 42 2247 2230
3266 2 2 1 2 2247 576 2301
3267 2 2 1 2 2230 2301 570
3268 2 2 1 2 2247 2301 2230
3269 2 2 1 2 576 2253 2303
3270 2 2 1 2 2253 153 2302
3271 2 2 1 2 2303 2302 590
3272 2 2 1 2 2253 2302 2303
3273 2 2 1 2 570 2304 2233
3274 2 2 1 2 2304 590 2305
3275 2 2 1 2 2233 2305 150
3276 2 2 1 2 2304 2305 2233
3277 2 2 1 2 576 2303 2301
3278 2 2 1 2 2303 590 2304
3279 2 2 1 2 2301 2304 570
3280 2 2 1 2 2303 2304 2301
3281 2 2 1 2 153 2265 2307
3282 2 2 1 2 2265 582 2306
3283 2 2 1 2 2307 2306 591
3284 2 2 1 2 2265 2306 2307
3285 2 2 1 2 582 2271 2308
3286 2 2 1 2 2271 43 2285
3287 2 2 1 2 2308 2285 585
3288 2 2 1 2 2271 2285 2308
3289 2 2 1 2 591 2309 2310
3290 2 2 1 2 2309 585 2282
3291 2 2 1 2 2310 2282 154
3292 2 2 1 2 2309 2282 2310
3293 2 2 1 2 582 2308 2306
3294 2 2 1 2 2308 585 2309
3295 2 2 1 2 2306 2309 591
3296 2 2 1 2 2308 2309 2306
3297 2 2 1 2 150 2311 2238
3298 2 2 1 2 2311 592 2312
3299 2 2 1 2 2238 2312 573
3300 2 2 1 2 2311 2312 2238
3301 2 2 1 2 592 2313 2314
3302 2 2 1 2 2313 154 2277
3303 2 2 1 2 2314 2277 583
3304 2 2 1 2 2313 2277 2314
3305 2 2 1 2 573 2315 2241
3306 2 2 1 2 2315 583 2275
3307 2 2 1 2 2241 2275 38
3308 2 2 1 2 2315 2275 2241
3309 2 2 1 2 592 2314 2312
3310 2 2 1 2 2314 583 2315
3311 2 2 1 2 2312 2315 573
3312 2 2 1 2 2314 2315 2312
3313 2 2 1 2 153 2307 2302
3314 2 2 1 2 2307 591 2316
3315 2 2 1 2 2302 2316 590
3316 2 2 1 2 2307 2316 2302
3317 2 2 1 2 591 2310 2317
3318 2 2 1 2 2310 154 2313
3319 2 2 1 2 2317 2313 592
3320 2 2 1 2 2310 2313 2317
3321 2 2 1 2 590 2318 2305
3322 2 2 1 2 2318 592 2311
3323 2 2 1 2 2305 2311 150
3324 2 2 1 2 2318 2311 2305
3325 2 2 1 2 591 2317 2316
3326 2 2 1 2 2317 592 2318
3327 2 2 1 2 2316 2318 590
3328 2 2 1 2 2317 2318 2316
3329 2 2 1 2 14 2319 2321
3330 2 2 1 2 2319 593 2320
3331 2 2 1 2 2321 2320 595
3332 2 2 1 2 2319 2320 2321
3333 2 2 1 2 593 2322 2324
3334 2 2 1 2 2322 156 2323
3335 2 2 1 2 2324 2323 594
3336 2 2 1 2 2322 2323 2324
3337 2 2 1 2 595 2325 2327
3338 2 2 1 2 2325 594 2326
3339 2 2 1 2 2327 2326 158
3340 2 2 1 2 2325 2326 2327
3341 2 2 1 2 593 2324 2320
3342 2 2 1 2 2324 594 2325
3343 2 2 1 2 2320 2325 595
3344 2 2 1 2 2324 2325 2320
3345 2 2 1 2 156 2328 2330
3346 2 2 1 2 2328 596 2329
3347 2 2 1 2 2330 2329 598
3348 2 2 1 2 2328 2329 2330
3349 2 2 1 2 596 2331 2333
3350 2 2 1 2 2331 44 2332
3351 2 2 1 2 2333 2332 597
3352 2 2 1 2 2331 2332 2333
3353 2 2 1 2 598 2334 2336
3354 2 2 1 2 2334 597 2335
3355 2 2 1 2 2336 2335 157
3356 2 2 1 2 2334 2335 2336
3357 2 2 1 2 596 2333 2329
3358 2 2 1 2 2333 597 2334
3359 2 2 1 2 2329 2334 598
3360 2 2 1 2 2333 2334 2329
3361 2 2 1 2 158 2337 2339
3362 2 2 1 2 2337 599 2338
3363 2 2 1 2 2339 2338 601
3364 2 2 1 2 2337 2338 2339
3365 2 2 1 2 599 2340 2342
3366 2 2 1 2 2340 157 2341
3367 2 2 1 2 2342 2341 600
3368 2 2 1 2 2340 2341 2342
3369 2 2 1 2 601 2343 2345
3370 2 2 1 2 2343 600 2344
3371 2 2 1 2 2345 2344 45
3372 2 2 1 2 2343 2344 2345
3373 2 2 1 2 599 2342 2338
3374 2 2 1 2 2342 600 2343
3375 2 2 1 2 2338 2343 601
3376 2 2 1 2 2342 2343 2338
3377 2 2 1 2 156 2330 2323
3378 2 2 1 2 2330 598 2346
3379 2 2 1 2 2323 2346 594
3380 2 2 1 2 2330 2346 2323
3381 2 2 1 2 598 2336 2347
3382 2 2 1 2 2336 157 2340
3383 2 2 1 2 2347 2340 599
3384 2 2 1 2 2336 2340 2347
3385 2 2 1 2 594 2348 2326
3386 2 2 1 2 2348 599 2337
3387 2 2 1 2 2326 2337 158
3388 2 2 1 2 2348 2337 2326
3389 2 2 1 2 598 2347 2346
3390 2 2 1 2 2347 599 2348
3391 2 2 1 2 2346 2348 594
3392 2 2 1 2 2347 2348 2346
3393 2 2 1 2 44 2349 2351
3394 2 2 1 2 2349 602 2350
3395 2 2 1 2 2351 2350 604
3396 2 2 1 2 2349 2350 2351
3397 2 2 1 2 602 2352 2354
3398 2 2 1 2 2352 159 2353
3399 2 2 1 2 2354 2353 603
3400 2 2 1 2 2352 2353 2354
3401 2 2 1 2 604 2355 2357
3402 2 2 1 2 2355 603 2356
3403 2 2 1 2 2357 2356 160
3404 2 2 1 2 2355 2356 2357
3405 2 2 1 2 602 2354 2350
3406 2 2 1 2 2354 603 2355
3407 2 2 1 2 2350 2355 604
3408 2 2 1 2 2354 2355 2350
3409 2 2 1 2 159 2358 2360
3410 2 2 1 2 2358 605 2359
3411 2 2 1 2 2360 2359 606
3412 2 2 1 2 2358 2359 2360
3413 2 2 1 2 605 2361 2362
3414 2 2 1 2 2361 1 1029
3415 2 2 1 2 2362 1029 261
3416 2 2 1 2 2361 1029 2362
3417 2 2 1 2 606 2363 2364
3418 2 2 1 2 2363 261 1035
3419 2 2 1 2 2364 1035 69
3420 2 2 1 2 2363 1035 2364
3421 2 2 1 2 605 2362 2359
3422 2 2 1 2 2362 261 2363
3423 2 2 1 2 2359 2363 606
3424 2 2 1 2 2362 2363 2359
3425 2 2 1 2 160 2365 2367
3426 2 2 1 2 2365 607 2366
3427 2 2 1 2 2367 2366 608
3428 2 2 1 2 2365 2366 2367
3429 2 2 1 2 607 2368 2369
3430 2 2 1 2 2368 69 1047
3431 2 2 1 2 2369 1047 267
3432 2 2 1 2 2368 1047 2369
3433 2 2 1 2 608 2370 2371
3434 2 2 1 2 2370 267 1053
3435 2 2 1 2 2371 1053 21
3436 2 2 1 2 2370 1053 2371
3437 2 2 1 2 607 2369 2366
3438 2 2 1 2 2369 267 2370
3439 2 2 1 2 2366 2370 608
3440 2 2 1 2 2369 2370 2366
3441 2 2 1 2 159 2360 2353
3442 2 2 1 2 2360 606 2372
3443 2 2 1 2 2353 2372 603
3444 2 2 1 2 2360 2372 2353
3445 2 2 1 2 606 2364 2373
3446 2 2 1 2 2364 69 2368
3447 2 2 1 2 2373 2368 607
3448 2 2 1 2 2364 2368 2373
3449 2 2 1 2 603 2374 2356
3450 2 2 1 2 2374 607 2365
3451 2 2 1 2 2356 2365 160
3452 2 2 1 2 2374 2365 2356
3453 2 2 1 2 606 2373 2372
3454 2 2 1 2 2373 607 2374
3455 2 2 1 2 2372 2374 603
3456 2 2 1 2 2373 2374 2372
3457 2 2 1 2 45 2375 2377
3458 2 2 1 2 2375 609 2376
3459 2 2 1 2 2377 2376 611
3460 2 2 1 2 2375 2376 2377
3461 2 2 1 2 609 2378 2380
3462 2 2 1 2 2378 161 2379
3463 2 2 1 2 2380 2379 610
3464 2 2 1 2 2378 2379 2380
3465 2 2 1 2 611 2381 2383
3466 2 2 1 2 2381 610 2382
3467 2 2 1 2 2383 2382 162
3468 2 2 1 2 2381 2382 2383
3469 2 2 1 2 609 2380 2376
3470 2 2 1 2 2380 610 2381
3471 2 2 1 2 2376 2381 611
3472 2 2 1 2 2380 2381 2376
3473 2 2 1 2 161 2384 2386
3474 2 2 1 2 2384 612 2385
3475 2 2 1 2 2386 2385 613
3476 2 2 1 2 2384 2385 2386
3477 2 2 1 2 612 2387 2388
3478 2 2 1 2 2387 21 1089
3479 2 2 1 2 2388 1089 279
3480 2 2 1 2 2387 1089 2388
3481 2 2 1 2 613 2389 2390
3482 2 2 1 2 2389 279 1095
3483 2 2 1 2 2390 1095 75
3484 2 2 1 2 2389 1095 2390
3485 2 2 1 2 612 2388 2385
3486 2 2 1 2 2388 279 2389
3487 2 2 1 2 2385 2389 613
3488 2 2 1 2 2388 2389 2385
3489 2 2 1 2 162 2391 2393
3490 2 2 1 2 2391 614 2392
3491 2 2 1 2 2393 2392 615
3492 2 2 1 2 2391 2392 2393
3493 2 2 1 2 614 2394 2395
3494 2 2 1 2 2394 75 1107
3495 2 2 1 2 2395 1107 285
3496 2 2 1 2 2394 1107 2395
3497 2 2 1 2 615 2396 2397
3498 2 2 1 2 2396 285 1113
3499 2 2 1 2 2397 1113 9
3500 2 2 1 2 2396 1113 2397
3501 2 2 1 2 614 2395 2392
3502 2 2 1 2 2395 285 2396
3503 2 2 1 2 2392 2396 615
3504 2 2 1 2 2395 2396 2392
3505 2 2 1 2 161 2386 2379
3506 2 2 1 2 2386 613 2398
3507 2 2 1 2 2379 2398 610
3508 2 2 1 2 2386 2398 2379
3509 2 2 1 2 613 2390 2399
3510 2 2 1 2 2390 75 2394
3511 2 2 1 2 2399 2394 614
3512 2 2 1 2 2390 2394 2399
3513 2 2 1 2 610 2400 2382
3514 2 2 1 2 2400 614 2391
3515 2 2 1 2 2382 2391 162
3516 2 2 1 2 2400 2391 2382
3517 2 2 1 2 613 2399 2398
3518 2 2 1 2 2399 614 2400
3519 2 2 1 2 2398 2400 610
3520 2 2 1 2 2399 2400 2398
3521 2 2 1 2 44 2351 2332
3522 2 2 1 2 2351 604 2401
3523 2 2 1 2 2332 2401 597
3524 2 2 1 2 2351 2401 2332
3525 2 2 1 2 604 2357 2403
3526 2 2 1 2 2357 160 2402
3527 2 2 1 2 2403 2402 616
3528 2 2 1 2 2357 2402 2403
3529 2 2 1 2 597 2404 2335
3530 2 2 1 2 2404 616 2405
3531 2 2 1 2 2335 2405 157
3532 2 2 1 2 2404 2405 2335
3533 2 2 1 2 604 2403 2401
3534 2 2 1 2 2403 616 2404
3535 2 2 1 2 2401 2404 597
3536 2 2 1 2 2403 2404 2401
3537 2 2 1 2 160 2367 2407
3538 2 2 1 2 2367 608 2406
3539 2 2 1 2 2407 2406 617
3540 2 2 1 2 2367 2406 2407
3541 2 2 1 2 608 2371 2408
3542 2 2 1 2 2371 21 2387
3543 2 2 1 2 2408 2387 612
3544 2 2 1 2 2371 2387 2408
3545 2 2 1 2 617 2409 2410
3546 2 2 1 2 2409 612 2384
3547 2 2 1 2 2410 2384 161
3548 2 2 1 2 2409 2384 2410
3549 2 2 1 2 608 2408 2406
3550 2 2 1 2 2408 612 2409
3551 2 2 1 2 2406 2409 617
3552 2 2 1 2 2408 2409 2406
3553 2 2 1 2 157 2411 2341
3554 2 2 1 2 2411 618 2412
3555 2 2 1 2 2341 2412 600
3556 2 2 1 2 2411 2412 2341
3557 2 2 1 2 618 2413 2414
3558 2 2 1 2 2413 161 2378
3559 2 2 1 2 2414 2378 609
3560 2 2 1 2 2413 2378 2414
3561 2 2 1 2 600 2415 2344
3562 2 2 1 2 2415 609 2375
3563 2 2 1 2 2344 2375 45
3564 2 2 1 2 2415 2375 2344
3565 2 2 1 2 618 2414 2412
3566 2 2 1 2 2414 609 2415
3567 2 2 1 2 2412 2415 600
3568 2 2 1 2 2414 2415 2412
3569 2 2 1 2 160 2407 2402
3570 2 2 1 2 2407 617 2416
3571 2 2 1 2 2402 2416 616
3572 2 2 1 2 2407 2416 2402
3573 2 2 1 2 617 2410 2417
3574 2 2 1 2 2410 161 2413
3575 2 2 1 2 2417 2413 618
3576 2 2 1 2 2410 2413 2417
3577 2 2 1 2 616 2418 2405
3578 2 2 1 2 2418 618 2411
3579 2 2 1 2 2405 2411 157
3580 2 2 1 2 2418 2411 2405
3581 2 2 1 2 617 2417 2416
3582 2 2 1 2 2417 618 2418
3583 2 2 1 2 2416 2418 616
3584 2 2 1 2 2417 2418 2416
3585 2 2 1 2 13 2419 2074
3586 2 2 1 2 2419 619 2420
3587 2 2 1 2 2074 2420 534
3588 2 2 1 2 2419 2420 2074
3589 2 2 1 2 619 2421 2423
3590 2 2 1 2 2421 163 2422
3591 2 2 1 2 2423 2422 620
3592 2 2 1 2 2421 2422 2423
3593 2 2 1 2 534 2424 2077
3594 2 2 1 2 2424 620 2425
3595 2 2 1 2 2077 2425 142
3596 2 2 1 2 2424 2425 2077
3597 2 2 1 2 619 2423 2420
3598 2 2 1 2 2423 620 2424
3599 2 2 1 2 2420 2424 534
3600 2 2 1 2 2423 2424 2420
3601 2 2 1 2 163 2426 2428
3602 2 2 1 2 2426 621 2427
3603 2 2 1 2 2428 2427 623
3604 2 2 1 2 2426 2427 2428
3605 2 2 1 2 621 2429 2431
3606 2 2 1 2 2429 46 2430
3607 2 2 1 2 2431 2430 622
3608 2 2 1 2 2429 2430 2431
3609 2 2 1 2 623 2432 2434
3610 2 2 1 2 2432 622 2433
3611 2 2 1 2 2434 2433 164
3612 2 2 1 2 2432 2433 2434
3613 2 2 1 2 621 2431 2427
3614 2 2 1 2 2431 622 2432
3615 2 2 1 2 2427 2432 623
3616 2 2 1 2 2431 2432 2427
3617 2 2 1 2 142 2435 2083
3618 2 2 1 2 2435 624 2436
3619 2 2 1 2 2083 2436 537
3620 2 2 1 2 2435 2436 2083
3621 2 2 1 2 624 2437 2439
3622 2 2 1 2 2437 164 2438
3623 2 2 1 2 2439 2438 625
3624 2 2 1 2 2437 2438 2439
3625 2 2 1 2 537 2440 2086
3626 2 2 1 2 2440 625 2441
3627 2 2 1 2 2086 2441 41
3628 2 2 1 2 2440 2441 2086
3629 2 2 1 2 624 2439 2436
3630 2 2 1 2 2439 625 2440
3631 2 2 1 2 2436 2440 537
3632 2 2 1 2 2439 2440 2436
3633 2 2 1 2 163 2428 2422
3634 2 2 1 2 2428 623 2442
3635 2 2 1 2 2422 2442 620
3636 2 2 1 2 2428 2442 2422
3637 2 2 1 2 623 2434 2443
3638 2 2 1 2 2434 164 2437
3639 2 2 1 2 2443 2437 624
3640 2 2 1 2 2434 2437 2443
3641 2 2 1 2 620 2444 2425
3642 2 2 1 2 2444 624 2435
3643 2 2 1 2 2425 2435 142
3644 2 2 1 2 2444 2435 2425
3645 2 2 1 2 623 2443 2442
3646 2 2 1 2 2443 624 2444
3647 2 2 1 2 2442 2444 620
3648 2 2 1 2 2443 2444 2442
3649 2 2 1 2 46 2445 2447
3650 2 2 1 2 2445 626 2446
3651 2 2 1 2 2447 2446 628
3652 2 2 1 2 2445 2446 2447
3653 2 2 1 2 626 2448 2450
3654 2 2 1 2 2448 165 2449
3655 2 2 1 2 2450 2449 627
3656 2 2 1 2 2448 2449 2450
3657 2 2 1 2 628 2451 2453
3658 2 2 1 2 2451 627 2452
3659 2 2 1 2 2453 2452 166
3660 2 2 1 2 2451 2452 2453
3661 2 2 1 2 626 2450 2446
3662 2 2 1 2 2450 627 2451
3663 2 2 1 2 2446 2451 628
3664 2 2 1 2 2450 2451 2446
3665 2 2 1 2 165 2454 2456
3666 2 2 1 2 2454 629 2455
3667 2 2 1 2 2456 2455 630
3668 2 2 1 2 2454 2455 2456
3669 2 2 1 2 629 2457 2458
3670 2 2 1 2 2457 9 1245
3671 2 2 1 2 2458 1245 321
3672 2 2 1 2 2457 1245 2458
3673 2 2 1 2 630 2459 2460
3674 2 2 1 2 2459 321 1251
3675 2 2 1 2 2460 1251 87
3676 2 2 1 2 2459 1251 2460
3677 2 2 1 2 629 2458 2455
3678 2 2 1 2 2458 321 2459
3679 2 2 1 2 2455 2459 630
3680 2 2 1 2 2458 2459 2455
3681 2 2 1 2 166 2461 2463
3682 2 2 1 2 2461 631 2462
3683 2 2 1 2 2463 2462 632
3684 2 2 1 2 2461 2462 2463
3685 2 2 1 2 631 2464 2465
3686 2 2 1 2 2464 87 1263
3687 2 2 1 2 2465 1263 327
3688 2 2 1 2 2464 1263 2465
3689 2 2 1 2 632 2466 2467
3690 2 2 1 2 2466 327 1269
3691 2 2 1 2 2467 1269 27
3692 2 2 1 2 2466 1269 2467
3693 2 2 1 2 631 2465 2462
3694 2 2 1 2 2465 327 2466
3695 2 2 1 2 2462 2466 632
3696 2 2 1 2 2465 2466 2462
3697 2 2 1 2 165 2456 2449
3698 2 2 1 2 2456 630 2468
3699 2 2 1 2 2449 2468 627
3700 2 2 1 2 2456 2468 2449
3701 2 2 1 2 630 2460 2469
3702 2 2 1 2 2460 87 2464
3703 2 2 1 2 2469 2464 631
3704 2 2 1 2 2460 2464 2469
3705 2 2 1 2 627 2470 2452
3706 2 2 1 2 2470 631 2461
3707 2 2 1 2 2452 2461 166
3708 2 2 1 2 2470 2461 2452
3709 2 2 1 2 630 2469 2468
3710 2 2 1 2 2469 631 2470
3711 2 2 1 2 2468 2470 627
3712 2 2 1 2 2469 2470 2468
3713 2 2 1 2 41 2471 2102
3714 2 2 1 2 2471 633 2472
3715 2 2 1 2 2102 2472 542
3716 2 2 1 2 2471 2472 2102
3717 2 2 1 2 633 2473 2475
3718 2 2 1 2 2473 167 2474
3719 2 2 1 2 2475 2474 634
3720 2 2 1 2 2473 2474 2475
3721 2 2 1 2 542 2476 2105
3722 2 2 1 2 2476 634 2477
3723 2 2 1 2 2105 2477 145
3724 2 2 1 2 2476 2477 2105
3725 2 2 1 2 633 2475 2472
3726 2 2 1 2 2475 634 2476
3727 2 2 1 2 2472 2476 542
3728 2 2 1 2 2475 2476 2472
3729 2 2 1 2 167 2478 2480
3730 2 2 1 2 2478 635 2479
3731 2 2 1 2 2480 2479 636
3732 2 2 1 2 2478 2479 2480
3733 2 2 1 2 635 2481 2482
3734 2 2 1 2 2481 27 1305
3735 2 2 1 2 2482 1305 339
3736 2 2 1 2 2481 1305 2482
3737 2 2 1 2 636 2483 2484
3738 2 2 1 2 2483 339 1311
3739 2 2 1 2 2484 1311 93
3740 2 2 1 2 2483 1311 2484
3741 2 2 1 2 635 2482 2479
3742 2 2 1 2 2482 339 2483
3743 2 2 1 2 2479 2483 636
3744 2 2 1 2 2482 2483 2479
3745 2 2 1 2 145 2485 2110
3746 2 2 1 2 2485 637 2486
3747 2 2 1 2 2110 2486 545
3748 2 2 1 2 2485 2486 2110
3749 2 2 1 2 637 2487 2488
3750 2 2 1 2 2487 93 1323
3751 2 2 1 2 2488 1323 345
3752 2 2 1 2 2487 1323 2488
3753 2 2 1 2 545 2489 2113
3754 2 2 1 2 2489 345 1329
3755 2 2 1 2 2113 1329 3
3756 2 2 1 2 2489 1329 2113
3757 2 2 1 2 637 2488 2486
3758 2 2 1 2 2488 345 2489
3759 2 2 1 2 2486 2489 545
3760 2 2 1 2 2488 2489 2486
3761 2 2 1 2 167 2480 2474
3762 2 2 1 2 2480 636 2490
3763 2 2 1 2 2474 2490 634
3764 2 2 1 2 2480 2490 2474
3765 2 2 1 2 636 2484 2491
3766 2 2 1 2 2484 93 2487
3767 2 2 1 2 2491 2487 637
3768 2 2 1 2 2484 2487 2491
3769 2 2 1 2 634 2492 2477
3770 2 2 1 2 2492 637 2485
3771 2 2 1 2 2477 2485 145
3772 2 2 1 2 2492 2485 2477
3773 2 2 1 2 636 2491 2490
3774 2 2 1 2 2491 637 2492
3775 2 2 1 2 2490 2492 634
3776 2 2 1 2 2491 2492 2490
3777 2 2 1 2 46 2447 2430
3778 2 2 1 2 2447 628 2493
3779 2 2 1 2 2430 2493 622
3780 2 2 1 2 2447 2493 2430
3781 2 2 1 2 628 2453 2495
3782 2 2 1 2 2453 166 2494
3783 2 2 1 2 2495 2494 638
3784 2 2 1 2 2453 2494 2495
3785 2 2 1 2 622 2496 2433
3786 2 2 1 2 2496 638 2497
3787 2 2 1 2 2433 2497 164
3788 2 2 1 2 2496 2497 2433
3789 2 2 1 2 628 2495 2493
3790 2 2 1 2 2495 638 2496
3791 2 2 1 2 2493 2496 622
3792 2 2 1 2 2495 2496 2493
3793 2 2 1 2 166 2463 2499
3794 2 2 1 2 2463 632 2498
3795 2 2 1 2 2499 2498 639
3796 2 2 1 2 2463 2498 2499
3797 2 2 1 2 632 2467 2500
3798 2 2 1 2 2467 27 2481
3799 2 2 1 2 2500 2481 635
3800 2 2 1 2 2467 2481 2500
3801 2 2 1 2 639 2501 2502
3802 2 2 1 2 2501 635 2478
3803 2 2 1 2 2502 2478 167
3804 2 2 1 2 2501 2478 2502
3805 2 2 1 2 632 2500 2498
3806 2 2 1 2 2500 635 2501
3807 2 2 1 2 2498 2501 639
3808 2 2 1 2 2500 2501 2498
3809 2 2 1 2 164 2503 2438
3810 2 2 1 2 2503 640 2504
3811 2 2 1 2 2438 2504 625
3812 2 2 1 2 2503 2504 2438
3813 2 2 1 2 640 2505 2506
3814 2 2 1 2 2505 167 2473
3815 2 2 1 2 2506 2473 633
3816 2 2 1 2 2505 2473 2506
3817 2 2 1 2 625 2507 2441
3818 2 2 1 2 2507 633 2471
3819 2 2 1 2 2441 2471 41
3820 2 2 1 2 2507 2471 2441
3821 2 2 1 2 640 2506 2504
3822 2 2 1 2 2506 633 2507
3823 2 2 1 2 2504 2507 625
3824 2 2 1 2 2506 2507 2504
3825 2 2 1 2 166 2499 2494
3826 2 2 1 2 2499 639 2508
3827 2 2 1 2 2494 2508 638
3828 2 2 1 2 2499 2508 2494
3829 2 2 1 2 639 2502 2509
3830 2 2 1 2 2502 167 2505
3831 2 2 1 2 2509 2505 640
3832 2 2 1 2 2502 2505 2509
3833 2 2 1 2 638 2510 2497
3834 2 2 1 2 2510 640 2503
3835 2 2 1 2 2497 2503 164
3836 2 2 1 2 2510 2503 2497
3837 2 2 1 2 639 2509 2508
3838 2 2 1 2 2509 640 2510
3839 2 2 1 2 2508 2510 638
3840 2 2 1 2 2509 2510 2508
3841 2 2 1 2 14 2321 2258
3842 2 2 1 2 2321 595 2511
3843 2 2 1 2 2258 2511 578
3844 2 2 1 2 2321 2511 2258
3845 2 2 1 2 595 2327 2513
3846 2 2 1 2 2327 158 2512
3847 2 2 1 2 2513 2512 641
3848 2 2 1 2 2327 2512 2513
3849 2 2 1 2 578 2514 2261
3850 2 2 1 2 2514 641 2515
3851 2 2 1 2 2261 2515 152
3852 2 2 1 2 2514 2515 2261
3853 2 2 1 2 595 2513 2511
3854 2 2 1 2 2513 641 2514
3855 2 2 1 2 2511 2514 578
3856 2 2 1 2 2513 2514 2511
3857 2 2 1 2 158 2339 2517
3858 2 2 1 2 2339 601 2516
3859 2 2 1 2 2517 2516 643
3860 2 2 1 2 2339 2516 2517
3861 2 2 1 2 601 2345 2519
3862 2 2 1 2 2345 45 2518
3863 2 2 1 2 2519 2518 642
3864 2 2 1 2 2345 2518 2519
3865 2 2 1 2 643 2520 2522
3866 2 2 1 2 2520 642 2521
3867 2 2 1 2 2522 2521 168
3868 2 2 1 2 2520 2521 2522
3869 2 2 1 2 601 2519 2516
3870 2 2 1 2 2519 642 2520
3871 2 2 1 2 2516 2520 643
3872 2 2 1 2 2519 2520 2516
3873 2 2 1 2 152 2523 2267
3874 2 2 1 2 2523 644 2524
3875 2 2 1 2 2267 2524 581
3876 2 2 1 2 2523 2524 2267
3877 2 2 1 2 644 2525 2527
3878 2 2 1 2 2525 168 2526
3879 2 2 1 2 2527 2526 645
3880 2 2 1 2 2525 2526 2527
3881 2 2 1 2 581 2528 2270
3882 2 2 1 2 2528 645 2529
3883 2 2 1 2 2270 2529 43
3884 2 2 1 2 2528 2529 2270
3885 2 2 1 2 644 2527 2524
3886 2 2 1 2 2527 645 2528
3887 2 2 1 2 2524 2528 581
3888 2 2 1 2 2527 2528 2524
3889 2 2 1 2 158 2517 2512
3890 2 2 1 2 2517 643 2530
3891 2 2 1 2 2512 2530 641
3892 2 2 1 2 2517 2530 2512
3893 2 2 1 2 643 2522 2531
3894 2 2 1 2 2522 168 2525
3895 2 2 1 2 2531 2525 644
3896 2 2 1 2 2522 2525 2531
3897 2 2 1 2 641 2532 2515
3898 2 2 1 2 2532 644 2523
3899 2 2 1 2 2515 2523 152
3900 2 2 1 2 2532 2523 2515
3901 2 2 1 2 643 2531 2530
3902 2 2 1 2 2531 644 2532
3903 2 2 1 2 2530 2532 641
3904 2 2 1 2 2531 2532 2530
3905 2 2 1 2 45 2377 2534
3906 2 2 1 2 2377 611 2533
3907 2 2 1 2 2534 2533 647
3908 2 2 1 2 2377 2533 2534
3909 2 2 1 2 611 2383 2536
3910 2 2 1 2 2383 162 2535
3911 2 2 1 2 2536 2535 646
3912 2 2 1 2 2383 2535 2536
3913 2 2 1 2 647 2537 2539
3914 2 2 1 2 2537 646 2538
3915 2 2 1 2 2539 2538 169
3916 2 2 1 2 2537 2538 2539
3917 2 2 1 2 611 2536 2533
3918 2 2 1 2 2536 646 2537
3919 2 2 1 2 2533 2537 647
3920 2 2 1 2 2536 2537 2533
3921 2 2 1 2 162 2393 2541
3922 2 2 1 2 2393 615 2540
3923 2 2 1 2 2541 2540 648
3924 2 2 1 2 2393 2540 2541
3925 2 2 1 2 615 2397 2542
3926 2 2 1 2 2397 9 2457
3927 2 2 1 2 2542 2457 629
3928 2 2 1 2 2397 2457 2542
3929 2 2 1 2 648 2543 2544
3930 2 2 1 2 2543 629 2454
3931 2 2 1 2 2544 2454 165
3932 2 2 1 2 2543 2454 2544
3933 2 2 1 2 615 2542 2540
3934 2 2 1 2 2542 629 2543
3935 2 2 1 2 2540 2543 648
3936 2 2 1 2 2542 2543 2540
3937 2 2 1 2 169 2545 2547
3938 2 2 1 2 2545 649 2546
3939 2 2 1 2 2547 2546 650
3940 2 2 1 2 2545 2546 2547
3941 2 2 1 2 649 2548 2549
3942 2 2 1 2 2548 165 2448
3943 2 2 1 2 2549 2448 626
3944 2 2 1 2 2548 2448 2549
3945 2 2 1 2 650 2550 2551
3946 2 2 1 2 2550 626 2445
3947 2 2 1 2 2551 2445 46
3948 2 2 1 2 2550 2445 2551
3949 2 2 1 2 649 2549 2546
3950 2 2 1 2 2549 626 2550
3951 2 2 1 2 2546 2550 650
3952 2 2 1 2 2549 2550 2546
3953 2 2 1 2 162 2541 2535
3954 2 2 1 2 2541 648 2552
3955 2 2 1 2 2535 2552 646
3956 2 2 1 2 2541 2552 2535
3957 2 2 1 2 648 2544 2553
3958 2 2 1 2 2544 165 2548
3959 2 2 1 2 2553 2548 649
3960 2 2 1 2 2544 2548 2553
3961 2 2 1 2 646 2554 2538
3962 2 2 1 2 2554 649 2545
3963 2 2 1 2 2538 2545 169
3964 2 2 1 2 2554 2545 2538
3965 2 2 1 2 648 2553 2552
3966 2 2 1 2 2553 649 2554
3967 2 2 1 2 2552 2554 646
3968 2 2 1 2 2553 2554 2552
3969 2 2 1 2 43 2555 2286
3970 2 2 1 2 2555 651 2556
3971 2 2 1 2 2286 2556 586
3972 2 2 1 2 2555 2556 2286
3973 2 2 1 2 651 2557 2559
3974 2 2 1 2 2557 170 2558
3975 2 2 1 2 2559 2558 652
3976 2 2 1 2 2557 2558 2559
3977 2 2 1 2 586 2560 2289
3978 2 2 1 2 2560 652 2561
3979 2 2 1 2 2289 2561 155
3980 2 2 1 2 2560 2561 2289
3981 2 2 1 2 651 2559 2556
3982 2 2 1 2 2559 652 2560
3983 2 2 1 2 2556 2560 586
3984 2 2 1 2 2559 2560 2556
3985 2 2 1 2 170 2562 2564
3986 2 2 1 2 2562 653 2563
3987 2 2 1 2 2564 2563 654
3988 2 2 1 2 2562 2563 2564
3989 2 2 1 2 653 2565 2566
3990 2 2 1 2 2565 46 2429
3991 2 2 1 2 2566 2429 621
3992 2 2 1 2 2565 2429 2566
3993 2 2 1 2 654 2567 2568
3994 2 2 1 2 2567 621 2426
3995 2 2 1 2 2568 2426 163
3996 2 2 1 2 2567 2426 2568
3997 2 2 1 2 653 2566 2563
3998 2 2 1 2 2566 621 2567
3999 2 2 1 2 2563 2567 654
4000 2 2 1 2 2566 2567 2563
4001 2 2 1 2 155 2569 2294
4002 2 2 1 2 2569 655 2570
4003 2 2 1 2 2294 2570 589
4004 2 2 1 2 2569 2570 2294
4005 2 2 1 2 655 2571 2572
4006 2 2 1 2 2571 163 2421
4007 2 2 1 2 2572 2421 619
4008 2 2 1 2 2571 2421 2572
4009 2 2 1 2 589 2573 2297
4010 2 2 1 2 2573 619 2419
4011 2 2 1 2 2297 2419 13
4012 2 2 1 2 2573 2419 2297
4013 2 2 1 2 655 2572 2570
4014 2 2 1 2 2572 619 2573
4015 2 2 1 2 2570 2573 589
4016 2 2 1 2 2572 2573 2570
4017 2 2 1 2 170 2564 2558
4018 2 2 1 2 2564 654 2574
4019 2 2 1 2 2558 2574 652
4020 2 2 1 2 2564 2574 2558
4021 2 2 1 2 654 2568 2575
4022 2 2 1 2 2568 163 2571
4023 2 2 1 2 2575 2571 655
4024 2 2 1 2 2568 2571 2575
4025 2 2 1 2 652 2576 2561
4026 2 2 1 2 2576 655 2569
4027 2 2 1 2 2561 2569 155
4028 2 2 1 2 2576 2569 2561
4029 2 2 1 2 654 2575 2574
4030 2 2 1 2 2575 655 2576
4031 2 2 1 2 2574 2576 652
4032 2 2 1 2 2575 2576 2574
4033 2 2 1 2 45 2534 2518
4034 2 2 1 2 2534 647 2577
4035 2 2 1 2 2518 2577 642
4036 2 2 1 2 2534 2577 2518
4037 2 2 1 2 647 2539 2579
4038 2 2 1 2 2539 169 2578
4039 2 2 1 2 2579 2578 656
4040 2 2 1 2 2539 2578 2579
4041 2 2 1 2 642 2580 2521
4042 2 2 1 2 2580 656 2581
4043 2 2 1 2 2521 2581 168
4044 2 2 1 2 2580 2581 2521
4045 2 2 1 2 647 2579 2577
4046 2 2 1 2 2579 656 2580
4047 2 2 1 2 2577 2580 642
4048 2 2 1 2 2579 2580 2577
4049 2 2 1 2 169 2547 2583
4050 2 2 1 2 2547 650 2582
4051 2 2 1 2 2583 2582 657
4052 2 2 1 2 2547 2582 2583
4053 2 2 1 2 650 2551 2584
4054 2 2 1 2 2551 46 2565
4055 2 2 1 2 2584 2565 653
4056 2 2 1 2 2551 2565 2584
4057 2 2 1 2 657 2585 2586
4058 2 2 1 2 2585 653 2562
4059 2 2 1 2 2586 2562 170
4060 2 2 1 2 2585 2562 2586
4061 2 2 1 2 650 2584 2582
4062 2 2 1 2 2584 653 2585
4063 2 2 1 2 2582 2585 657
4064 2 2 1 2 2584 2585 2582
4065 2 2 1 2 168 2587 2526
4066 2 2 1 2 2587 658 2588
4067 2 2 1 2 2526 2588 645
4068 2 2 1 2 2587 2588 2526
4069 2 2 1 2 658 2589 2590
4070 2 2 1 2 2589 170 2557
4071 2 2 1 2 2590 2557 651
4072 2 2 1 2 2589 2557 2590
4073 2 2 1 2 645 2591 2529
4074 2 2 1 2 2591 651 2555
4075 2 2 1 2 2529 2555 43
4076 2 2 1 2 2591 2555 2529
4077 2 2 1 2 658 2590 2588
4078 2 2 1 2 2590 651 2591
4079 2 2 1 2 2588 2591 645
4080 2 2 1 2 2590 2591 2588
4081 2 2 1 2 169 2583 2578
4082 2 2 1 2 2583 657 2592
4083 2 2 1 2 2578 2592 656
4084 2 2 1 2 2583 2592 2578
4085 2 2 1 2 657 2586 2593
4086 2 2 1 2 2586 170 2589
4087 2 2 1 2 2593 2589 658
4088 2 2 1 2 2586 2589 2593
4089 2 2 1 2 656 2594 2581
4090 2 2 1 2 2594 658 2587
4091 2 2 1 2 2581 2587 168
4092 2 2 1 2 2594 2587 2581
4093 2 2 1 2 657 2593 2592
4094 2 2 1 2 2593 658 2594
4095 2 2 1 2 2592 2594 656
4096 2 2 1 2 2593 2594 2592
4097 2 2 1 2 5 2595 2219
4098 2 2 1 2 2595 659 2596
4099 2 2 1 2 2219 2596 567
4100 2 2 1 2 2595 2596 2219
4101 2 2 1 2 659 2597 2599
4102 2 2 1 2 2597 171 2598
4103 2 2 1 2 2599 2598 660
4104 2 2 1 2 2597 2598 2599
4105 2 2 1 2 567 2600 2221
4106 2 2 1 2 2600 660 2601
4107 2 2 1 2 2221 2601 149
4108 2 2 1 2 2600 2601 2221
4109 2 2 1 2 659 2599 2596
4110 2 2 1 2 2599 660 2600
4111 2 2 1 2 2596 2600 567
4112 2 2 1 2 2599 2600 2596
4113 2 2 1 2 171 2602 2604
4114 2 2 1 2 2602 661 2603
4115 2 2 1 2 2604 2603 663
4116 2 2 1 2 2602 2603 2604
4117 2 2 1 2 661 2605 2607
4118 2 2 1 2 2605 47 2606
4119 2 2 1 2 2607 2606 662
4120 2 2 1 2 2605 2606 2607
4121 2 2 1 2 663 2608 2610
4122 2 2 1 2 2608 662 2609
4123 2 2 1 2 2610 2609 172
4124 2 2 1 2 2608 2609 2610
4125 2 2 1 2 661 2607 2603
4126 2 2 1 2 2607 662 2608
4127 2 2 1 2 2603 2608 663
4128 2 2 1 2 2607 2608 2603
4129 2 2 1 2 149 2611 2226
4130 2 2 1 2 2611 664 2612
4131 2 2 1 2 2226 2612 569
4132 2 2 1 2 2611 2612 2226
4133 2 2 1 2 664 2613 2615
4134 2 2 1 2 2613 172 2614
4135 2 2 1 2 2615 2614 665
4136 2 2 1 2 2613 2614 2615
4137 2 2 1 2 569 2616 2229
4138 2 2 1 2 2616 665 2617
4139 2 2 1 2 2229 2617 42
4140 2 2 1 2 2616 2617 2229
4141 2 2 1 2 664 2615 2612
4142 2 2 1 2 2615 665 2616
4143 2 2 1 2 2612 2616 569
4144 2 2 1 2 2615 2616 2612
4145 2 2 1 2 171 2604 2598
4146 2 2 1 2 2604 663 2618
4147 2 2 1 2 2598 2618 660
4148 2 2 1 2 2604 2618 2598
4149 2 2 1 2 663 2610 2619
4150 2 2 1 2 2610 172 2613
4151 2 2 1 2 2619 2613 664
4152 2 2 1 2 2610 2613 2619
4153 2 2 1 2 660 2620 2601
4154 2 2 1 2 2620 664 2611
4155 2 2 1 2 2601 2611 149
4156 2 2 1 2 2620 2611 2601
4157 2 2 1 2 663 2619 2618
4158 2 2 1 2 2619 664 2620
4159 2 2 1 2 2618 2620 660
4160 2 2 1 2 2619 2620 2618
4161 2 2 1 2 47 2621 2623
4162 2 2 1 2 2621 666 2622
4163 2 2 1 2 2623 2622 668
4164 2 2 1 2 2621 2622 2623
4165 2 2 1 2 666 2624 2626
4166 2 2 1 2 2624 173 2625
4167 2 2 1 2 2626 2625 667
4168 2 2 1 2 2624 2625 2626
4169 2 2 1 2 668 2627 2629
4170 2 2 1 2 2627 667 2628
4171 2 2 1 2 2629 2628 175
4172 2 2 1 2 2627 2628 2629
4173 2 2 1 2 666 2626 2622
4174 2 2 1 2 2626 667 2627
4175 2 2 1 2 2622 2627 668
4176 2 2 1 2 2626 2627 2622
4177 2 2 1 2 173 2630 2632
4178 2 2 1 2 2630 669 2631
4179 2 2 1 2 2632 2631 671
4180 2 2 1 2 2630 2631 2632
4181 2 2 1 2 669 2633 2635
4182 2 2 1 2 2633 15 2634
4183 2 2 1 2 2635 2634 670
4184 2 2 1 2 2633 2634 2635
4185 2 2 1 2 671 2636 2638
4186 2 2 1 2 2636 670 2637
4187 2 2 1 2 2638 2637 174
4188 2 2 1 2 2636 2637 2638
4189 2 2 1 2 669 2635 2631
4190 2 2 1 2 2635 670 2636
4191 2 2 1 2 2631 2636 671
4192 2 2 1 2 2635 2636 2631
4193 2 2 1 2 175 2639 2641
4194 2 2 1 2 2639 672 2640
4195 2 2 1 2 2641 2640 674
4196 2 2 1 2 2639 2640 2641
4197 2 2 1 2 672 2642 2644
4198 2 2 1 2 2642 174 2643
4199 2 2 1 2 2644 2643 673
4200 2 2 1 2 2642 2643 2644
4201 2 2 1 2 674 2645 2647
4202 2 2 1 2 2645 673 2646
4203 2 2 1 2 2647 2646 48
4204 2 2 1 2 2645 2646 2647
4205 2 2 1 2 672 2644 2640
4206 2 2 1 2 2644 673 2645
4207 2 2 1 2 2640 2645 674
4208 2 2 1 2 2644 2645 2640
4209 2 2 1 2 173 2632 2625
4210 2 2 1 2 2632 671 2648
4211 2 2 1 2 2625 2648 667
4212 2 2 1 2 2632 2648 2625
4213 2 2 1 2 671 2638 2649
4214 2 2 1 2 2638 174 2642
4215 2 2 1 2 2649 2642 672
4216 2 2 1 2 2638 2642 2649
4217 2 2 1 2 667 2650 2628
4218 2 2 1 2 2650 672 2639
4219 2 2 1 2 2628 2639 175
4220 2 2 1 2 2650 2639 2628
4221 2 2 1 2 671 2649 2648
4222 2 2 1 2 2649 672 2650
4223 2 2 1 2 2648 2650 667
4224 2 2 1 2 2649 2650 2648
4225 2 2 1 2 42 2651 2245
4226 2 2 1 2 2651 675 2652
4227 2 2 1 2 2245 2652 574
4228 2 2 1 2 2651 2652 2245
4229 2 2 1 2 675 2653 2655
4230 2 2 1 2 2653 176 2654
4231 2 2 1 2 2655 2654 676
4232 2 2 1 2 2653 2654 2655
4233 2 2 1 2 574 2656 2248
4234 2 2 1 2 2656 676 2657
4235 2 2 1 2 2248 2657 151
4236 2 2 1 2 2656 2657 2248
4237 2 2 1 2 675 2655 2652
4238 2 2 1 2 2655 676 2656
4239 2 2 1 2 2652 2656 574
4240 2 2 1 2 2655 2656 2652
4241 2 2 1 2 176 2658 2660
4242 2 2 1 2 2658 677 2659
4243 2 2 1 2 2660 2659 679
4244 2 2 1 2 2658 2659 2660
4245 2 2 1 2 677 2661 2663
4246 2 2 1 2 2661 48 2662
4247 2 2 1 2 2663 2662 678
4248 2 2 1 2 2661 2662 2663
4249 2 2 1 2 679 2664 2666
4250 2 2 1 2 2664 678 2665
4251 2 2 1 2 2666 2665 177
4252 2 2 1 2 2664 2665 2666
4253 2 2 1 2 677 2663 2659
4254 2 2 1 2 2663 678 2664
4255 2 2 1 2 2659 2664 679
4256 2 2 1 2 2663 2664 2659
4257 2 2 1 2 151 2667 2254
4258 2 2 1 2 2667 680 2668
4259 2 2 1 2 2254 2668 577
4260 2 2 1 2 2667 2668 2254
4261 2 2 1 2 680 2669 2671
4262 2 2 1 2 2669 177 2670
4263 2 2 1 2 2671 2670 681
4264 2 2 1 2 2669 2670 2671
4265 2 2 1 2 577 2672 2257
4266 2 2 1 2 2672 681 2673
4267 2 2 1 2 2257 2673 14
4268 2 2 1 2 2672 2673 2257
4269 2 2 1 2 680 2671 2668
4270 2 2 1 2 2671 681 2672
4271 2 2 1 2 2668 2672 577
4272 2 2 1 2 2671 2672 2668
4273 2 2 1 2 176 2660 2654
4274 2 2 1 2 2660 679 2674
4275 2 2 1 2 2654 2674 676
4276 2 2 1 2 2660 2674 2654
4277 2 2 1 2 679 2666 2675
4278 2 2 1 2 2666 177 2669
4279 2 2 1 2 2675 2669 680
4280 2 2 1 2 2666 2669 2675
4281 2 2 1 2 676 2676 2657
4282 2 2 1 2 2676 680 2667
4283 2 2 1 2 2657 2667 151
4284 2 2 1 2 2676 2667 2657
4285 2 2 1 2 679 2675 2674
4286 2 2 1 2 2675 680 2676
4287 2 2 1 2 2674 2676 676
4288 2 2 1 2 2675 2676 2674
4289 2 2 1 2 47 2623 2606
4290 2 2 1 2 2623 668 2677
4291 2 2 1 2 2606 2677 662
4292 2 2 1 2 2623 2677 2606
4293 2 2 1 2 668 2629 2679
4294 2 2 1 2 2629 175 2678
4295 2 2 1 2 2679 2678 682
4296 2 2 1 2 2629 2678 2679
4297 2 2 1 2 662 2680 2609
4298 2 2 1 2 2680 682 2681
4299 2 2 1 2 2609 2681 172
4300 2 2 1 2 2680 2681 2609
4301 2 2 1 2 668 2679 2677
4302 2 2 1 2 2679 682 2680
4303 2 2 1 2 2677 2680 662
4304 2 2 1 2 2679 2680 2677
4305 2 2 1 2 175 2641 2683
4306 2 2 1 2 2641 674 2682
4307 2 2 1 2 2683 2682 683
4308 2 2 1 2 2641 2682 2683
4309 2 2 1 2 674 2647 2684
4310 2 2 1 2 2647 48 2661
4311 2 2 1 2 2684 2661 677
4312 2 2 1 2 2647 2661 2684
4313 2 2 1 2 683 2685 2686
4314 2 2 1 2 2685 677 2658
4315 2 2 1 2 2686 2658 176
4316 2 2 1 2 2685 2658 2686
4317 2 2 1 2 674 2684 2682
4318 2 2 1 2 2684 677 2685
4319 2 2 1 2 2682 2685 683
4320 2 2 1 2 2684 2685 2682
4321 2 2 1 2 172 2687 2614
4322 2 2 1 2 2687 684 2688
4323 2 2 1 2 2614 2688 665
4324 2 2 1 2 2687 2688 2614
4325 2 2 1 2 684 2689 2690
4326 2 2 1 2 2689 176 2653
4327 2 2 1 2 2690 2653 675
4328 2 2 1 2 2689 2653 2690
4329 2 2 1 2 665 2691 2617
4330 2 2 1 2 2691 675 2651
4331 2 2 1 2 2617 2651 42
4332 2 2 1 2 2691 2651 2617
4333 2 2 1 2 684 2690 2688
4334 2 2 1 2 2690 675 2691
4335 2 2 1 2 2688 2691 665
4336 2 2 1 2 2690 2691 2688
4337 2 2 1 2 175 2683 2678
4338 2 2 1 2 2683 683 2692
4339 2 2 1 2 2678 2692 682
4340 2 2 1 2 2683 2692 2678
4341 2 2 1 2 683 2686 2693
4342 2 2 1 2 2686 176 2689
4343 2 2 1 2 2693 2689 684
4344 2 2 1 2 2686 2689 2693
4345 2 2 1 2 682 2694 2681
4346 2 2 1 2 2694 684 2687
4347 2 2 1 2 2681 2687 172
4348 2 2 1 2 2694 2687 2681
4349 2 2 1 2 683 2693 2692
4350 2 2 1 2 2693 684 2694
4351 2 2 1 2 2692 2694 682
4352 2 2 1 2 2693 2694 2692
4353 2 2 1 2 15 2695 2697
4354 2 2 1 2 2695 685 2696
4355 2 2 1 2 2697 2696 687
4356 2 2 1 2 2695 2696 2697
4357 2 2 1 2 685 2698 2700
4358 2 2 1 2 2698 178 2699
4359 2 2 1 2 2700 2699 686
4360 2 2 1 2 2698 2699 2700
4361 2 2 1 2 687 2701 2703
4362 2 2 1 2 2701 686 2702
4363 2 2 1 2 2703 2702 180
4364 2 2 1 2 2701 2702 2703
4365 2 2 1 2 685 2700 2696
4366 2 2 1 2 2700 686 2701
4367 2 2 1 2 2696 2701 687
4368 2 2 1 2 2700 2701 2696
4369 2 2 1 2 178 2704 2706
4370 2 2 1 2 2704 688 2705
4371 2 2 1 2 2706 2705 690
4372 2 2 1 2 2704 2705 2706
4373 2 2 1 2 688 2707 2709
4374 2 2 1 2 2707 49 2708
4375 2 2 1 2 2709 2708 689
4376 2 2 1 2 2707 2708 2709
4377 2 2 1 2 690 2710 2712
4378 2 2 1 2 2710 689 2711
4379 2 2 1 2 2712 2711 179
4380 2 2 1 2 2710 2711 2712
4381 2 2 1 2 688 2709 2705
4382 2 2 1 2 2709 689 2710
4383 2 2 1 2 2705 2710 690
4384 2 2 1 2 2709 2710 2705
4385 2 2 1 2 180 2713 2715
4386 2 2 1 2 2713 691 2714
4387 2 2 1 2 2715 2714 693
4388 2 2 1 2 2713 2714 2715
4389 2 2 1 2 691 2716 2718
4390 2 2 1 2 2716 179 2717
4391 2 2 1 2 2718 2717 692
4392 2 2 1 2 2716 2717 2718
4393 2 2 1 2 693 2719 2721
4394 2 2 1 2 2719 692 2720
4395 2 2 1 2 2721 2720 51
4396 2 2 1 2 2719 2720 2721
4397 2 2 1 2 691 2718 2714
4398 2 2 1 2 2718 692 2719
4399 2 2 1 2 2714 2719 693
4400 2 2 1 2 2718 2719 2714
4401 2 2 1 2 178 2706 2699
4402 2 2 1 2 2706 690 2722
4403 2 2 1 2 2699 2722 686
4404 2 2 1 2 2706 2722 2699
4405 2 2 1 2 690 2712 2723
4406 2 2 1 2 2712 179 2716
4407 2 2 1 2 2723 2716 691
4408 2 2 1 2 2712 2716 2723
4409 2 2 1 2 686 2724 2702
4410 2 2 1 2 2724 691 2713
4411 2 2 1 2 2702 2713 180
4412 2 2 1 2 2724 2713 2702
4413 2 2 1 2 690 2723 2722
4414 2 2 1 2 2723 691 2724
4415 2 2 1 2 2722 2724 686
4416 2 2 1 2 2723 2724 2722
4417 2 2 1 2 49 2725 2727
4418 2 2 1 2 2725 694 2726
4419 2 2 1 2 2727 2726 696
4420 2 2 1 2 2725 2726 2727
4421 2 2 1 2 694 2728 2730
4422 2 2 1 2 2728 181 2729
4423 2 2 1 2 2730 2729 695
4424 2 2 1 2 2728 2729 2730
4425 2 2 1 2 696 2731 2733
4426 2 2 1 2 2731 695 2732
4427 2 2 1 2 2733 2732 183
4428 2 2 1 2 2731 2732 2733
4429 2 2 1 2 694 2730 2726
4430 2 2 1 2 2730 695 2731
4431 2 2 1 2 2726 2731 696
4432 2 2 1 2 2730 2731 2726
4433 2 2 1 2 181 2734 2736
4434 2 2 1 2 2734 697 2735
4435 2 2 1 2 2736 2735 699
4436 2 2 1 2 2734 2735 2736
4437 2 2 1 2 697 2737 2739
4438 2 2 1 2 2737 6 2738
4439 2 2 1 2 2739 2738 698
4440 2 2 1 2 2737 2738 2739
4441 2 2 1 2 699 2740 2742
4442 2 2 1 2 2740 698 2741
4443 2 2 1 2 2742 2741 182
4444 2 2 1 2 2740 2741 2742
4445 2 2 1 2 697 2739 2735
4446 2 2 1 2 2739 698 2740
4447 2 2 1 2 2735 2740 699
4448 2 2 1 2 2739 2740 2735
4449 2 2 1 2 183 2743 2745
4450 2 2 1 2 2743 700 2744
4451 2 2 1 2 2745 2744 702
4452 2 2 1 2 2743 2744 2745
4453 2 2 1 2 700 2746 2748
4454 2 2 1 2 2746 182 2747
4455 2 2 1 2 2748 2747 701
4456 2 2 1 2 2746 2747 2748
4457 2 2 1 2 702 2749 2751
4458 2 2 1 2 2749 701 2750
4459 2 2 1 2 2751 2750 50
4460 2 2 1 2 2749 2750 2751
4461 2 2 1 2 700 2748 2744
4462 2 2 1 2 2748 701 2749
4463 2 2 1 2 2744 2749 702
4464 2 2 1 2 2748 2749 2744
4465 2 2 1 2 181 2736 2729
4466 2 2 1 2 2736 699 2752
4467 2 2 1 2 2729 2752 695
4468 2 2 1 2 2736 2752 2729
4469 2 2 1 2 699 2742 2753
4470 2 2 1 2 2742 182 2746
4471 2 2 1 2 2753 2746 700
4472 2 2 1 2 2742 2746 2753
4473 2 2 1 2 695 2754 2732
4474 2 2 1 2 2754 700 2743
4475 2 2 1 2 2732 2743 183
4476 2 2 1 2 2754 2743 2732
4477 2 2 1 2 699 2753 2752
4478 2 2 1 2 2753 700 2754
4479 2 2 1 2 2752 2754 695
4480 2 2 1 2 2753 2754 2752
4481 2 2 1 2 51 2755 2757
4482 2 2 1 2 2755 703 2756
4483 2 2 1 2 2757 2756 705
4484 2 2 1 2 2755 2756 2757
4485 2 2 1 2 703 2758 2760
4486 2 2 1 2 2758 184 2759
4487 2 2 1 2 2760 2759 704
4488 2 2 1 2 2758 2759 2760
4489 2 2 1 2 705 2761 2763
4490 2 2 1 2 2761 704 2762
4491 2 2 1 2 2763 2762 186
4492 2 2 1 2 2761 2762 2763
4493 2 2 1 2 703 2760 2756
4494 2 2 1 2 2760 704 2761
4495 2 2 1 2 2756 2761 705
4496 2 2 1 2 2760 2761 2756
4497 2 2 1 2 184 2764 2766
4498 2 2 1 2 2764 706 2765
4499 2 2 1 2 2766 2765 708
4500 2 2 1 2 2764 2765 2766
4501 2 2 1 2 706 2767 2769
4502 2 2 1 2 2767 50 2768
4503 2 2 1 2 2769 2768 707
4504 2 2 1 2 2767 2768 2769
4505 2 2 1 2 708 2770 2772
4506 2 2 1 2 2770 707 2771
4507 2 2 1 2 2772 2771 185
4508 2 2 1 2 2770 2771 2772
4509 2 2 1 2 706 2769 2765
4510 2 2 1 2 2769 707 2770
4511 2 2 1 2 2765 2770 708
4512 2 2 1 2 2769 2770 2765
4513 2 2 1 2 186 2773 2775
4514 2 2 1 2 2773 709 2774
4515 2 2 1 2 2775 2774 711
4516 2 2 1 2 2773 2774 2775
4517 2 2 1 2 709 2776 2778
4518 2 2 1 2 2776 185 2777
4519 2 2 1 2 2778 2777 710
4520 2 2 1 2 2776 2777 2778
4521 2 2 1 2 711 2779 2781
4522 2 2 1 2 2779 710 2780
4523 2 2 1 2 2781 2780 16
4524 2 2 1 2 2779 2780 2781
4525 2 2 1 2 709 2778 2774
4526 2 2 1 2 2778 710 2779
4527 2 2 1 2 2774 2779 711
4528 2 2 1 2 2778 2779 2774
4529 2 2 1 2 184 2766 2759
4530 2 2 1 2 2766 708 2782
4531 2 2 1 2 2759 2782 704
4532 2 2 1 2 2766 2782 2759
4533 2 2 1 2 708 2772 2783
4534 2 2 1 2 2772 185 2776
4535 2 2 1 2 2783 2776 709
4536 2 2 1 2 2772 2776 2783
4537 2 2 1 2 704 2784 2762
4538 2 2 1 2 2784 709 2773
4539 2 2 1 2 2762 2773 186
4540 2 2 1 2 2784 2773 2762
4541 2 2 1 2 708 2783 2782
4542 2 2 1 2 2783 709 2784
4543 2 2 1 2 2782 2784 704
4544 2 2 1 2 2783 2784 2782
4545 2 2 1 2 49 2727 2708
4546 2 2 1 2 2727 696 2785
4547 2 2 1 2 2708 2785 689
4548 2 2 1 2 2727 2785 2708
4549 2 2 1 2 696 2733 2787
4550 2 2 1 2 2733 183 2786
4551 2 2 1 2 2787 2786 712
4552 2 2 1 2 2733 2786 2787
4553 2 2 1 2 689 2788 2711
4554 2 2 1 2 2788 712 2789
4555 2 2 1 2 2711 2789 179
4556 2 2 1 2 2788 2789 2711
4557 2 2 1 2 696 2787 2785
4558 2 2 1 2 2787 712 2788
4559 2 2 1 2 2785 2788 689
4560 2 2 1 2 2787 2788 2785
4561 2 2 1 2 183 2745 2791
4562 2 2 1 2 2745 702 2790
4563 2 2 1 2 2791 2790 713
4564 2 2 1 2 2745 2790 2791
4565 2 2 1 2 702 2751 2792
4566 2 2 1 2 2751 50 2767
4567 2 2 1 2 2792 2767 706
4568 2 2 1 2 2751 2767 2792
4569 2 2 1 2 713 2793 2794
4570 2 2 1 2 2793 706 2764
4571 2 2 1 2 2794 2764 184
4572 2 2 1 2 2793 2764 2794
4573 2 2 1 2 702 2792 2790
4574 2 2 1 2 2792 706 2793
4575 2 2 1 2 2790 2793 713
4576 2 2 1 2 2792 2793 2790
4577 2 2 1 2 179 2795 2717
4578 2 2 1 2 2795 714 2796
4579 2 2 1 2 2717 2796 692
4580 2 2 1 2 2795 2796 2717
4581 2 2 1 2 714 2797 2798
4582 2 2 1 2 2797 184 2758
4583 2 2 1 2 2798 2758 703
4584 2 2 1 2 2797 2758 2798
4585 2 2 1 2 692 2799 2720
4586 2 2 1 2 2799 703 2755
4587 2 2 1 2 2720 2755 51
4588 2 2 1 2 2799 2755 2720
4589 2 2 1 2 714 2798 2796
4590 2 2 1 2 2798 703 2799
4591 2 2 1 2 2796 2799 692
4592 2 2 1 2 2798 2799 2796
4593 2 2 1 2 183 2791 2786
4594 2 2 1 2 2791 713 2800
4595 2 2 1 2 2786 2800 712
4596 2 2 1 2 2791 2800 2786
4597 2 2 1 2 713 2794 2801
4598 2 2 1 2 2794 184 2797
4599 2 2 1 2 2801 2797 714
4600 2 2 1 2 2794 2797 2801
4601 2 2 1 2 712 2802 2789
4602 2 2 1 2 2802 714 2795
4603 2 2 1 2 2789 2795 179
4604 2 2 1 2 2802 2795 2789
4605 2 2 1 2 713 2801 2800
4606 2 2 1 2 2801 714 2802
4607 2 2 1 2 2800 2802 712
4608 2 2 1 2 2801 2802 2800
4609 2 2 1 2 14 2803 2319
4610 2 2 1 2 2803 715 2804
4611 2 2 1 2 2319 2804 593
4612 2 2 1 2 2803 2804 2319
4613 2 2 1 2 715 2805 2807
4614 2 2 1 2 2805 187 2806
4615 2 2 1 2 2807 2806 716
4616 2 2 1 2 2805 2806 2807
4617 2 2 1 2 593 2808 2322
4618 2 2 1 2 2808 716 2809
4619 2 2 1 2 2322 2809 156
4620 2 2 1 2 2808 2809 2322
4621 2 2 1 2 715 2807 2804
4622 2 2 1 2 2807 716 2808
4623 2 2 1 2 2804 2808 593
4624 2 2 1 2 2807 2808 2804
4625 2 2 1 2 187 2810 2812
4626 2 2 1 2 2810 717 2811
4627 2 2 1 2 2812 2811 719
4628 2 2 1 2 2810 2811 2812
4629 2 2 1 2 717 2813 2815
4630 2 2 1 2 2813 52 2814
4631 2 2 1 2 2815 2814 718
4632 2 2 1 2 2813 2814 2815
4633 2 2 1 2 719 2816 2818
4634 2 2 1 2 2816 718 2817
4635 2 2 1 2 2818 2817 188
4636 2 2 1 2 2816 2817 2818
4637 2 2 1 2 717 2815 2811
4638 2 2 1 2 2815 718 2816
4639 2 2 1 2 2811 2816 719
4640 2 2 1 2 2815 2816 2811
4641 2 2 1 2 156 2819 2328
4642 2 2 1 2 2819 720 2820
4643 2 2 1 2 2328 2820 596
4644 2 2 1 2 2819 2820 2328
4645 2 2 1 2 720 2821 2823
4646 2 2 1 2 2821 188 2822
4647 2 2 1 2 2823 2822 721
4648 2 2 1 2 2821 2822 2823
4649 2 2 1 2 596 2824 2331
4650 2 2 1 2 2824 721 2825
4651 2 2 1 2 2331 2825 44
4652 2 2 1 2 2824 2825 2331
4653 2 2 1 2 720 2823 2820
4654 2 2 1 2 2823 721 2824
4655 2 2 1 2 2820 2824 596
4656 2 2 1 2 2823 2824 2820
4657 2 2 1 2 187 2812 2806
4658 2 2 1 2 2812 719 2826
4659 2 2 1 2 2806 2826 716
4660 2 2 1 2 2812 2826 2806
4661 2 2 1 2 719 2818 2827
4662 2 2 1 2 2818 188 2821
4663 2 2 1 2 2827 2821 720
4664 2 2 1 2 2818 2821 2827
4665 2 2 1 2 716 2828 2809
4666 2 2 1 2 2828 720 2819
4667 2 2 1 2 2809 2819 156
4668 2 2 1 2 2828 2819 2809
4669 2 2 1 2 719 2827 2826
4670 2 2 1 2 2827 720 2828
4671 2 2 1 2 2826 2828 716
4672 2 2 1 2 2827 2828 2826
4673 2 2 1 2 52 2829 2831
4674 2 2 1 2 2829 722 2830
4675 2 2 1 2 2831 2830 724
4676 2 2 1 2 2829 2830 2831
4677 2 2 1 2 722 2832 2834
4678 2 2 1 2 2832 189 2833
4679 2 2 1 2 2834 2833 723
4680 2 2 1 2 2832 2833 2834
4681 2 2 1 2 724 2835 2837
4682 2 2 1 2 2835 723 2836
4683 2 2 1 2 2837 2836 191
4684 2 2 1 2 2835 2836 2837
4685 2 2 1 2 722 2834 2830
4686 2 2 1 2 2834 723 2835
4687 2 2 1 2 2830 2835 724
4688 2 2 1 2 2834 2835 2830
4689 2 2 1 2 189 2838 2840
4690 2 2 1 2 2838 725 2839
4691 2 2 1 2 2840 2839 727
4692 2 2 1 2 2838 2839 2840
4693 2 2 1 2 725 2841 2843
4694 2 2 1 2 2841 16 2842
4695 2 2 1 2 2843 2842 726
4696 2 2 1 2 2841 2842 2843
4697 2 2 1 2 727 2844 2846
4698 2 2 1 2 2844 726 2845
4699 2 2 1 2 2846 2845 190
4700 2 2 1 2 2844 2845 2846
4701 2 2 1 2 725 2843 2839
4702 2 2 1 2 2843 726 2844
4703 2 2 1 2 2839 2844 727
4704 2 2 1 2 2843 2844 2839
4705 2 2 1 2 191 2847 2849
4706 2 2 1 2 2847 728 2848
4707 2 2 1 2 2849 2848 730
4708 2 2 1 2 2847 2848 2849
4709 2 2 1 2 728 2850 2852
4710 2 2 1 2 2850 190 2851
4711 2 2 1 2 2852 2851 729
4712 2 2 1 2 2850 2851 2852
4713 2 2 1 2 730 2853 2855
4714 2 2 1 2 2853 729 2854
4715 2 2 1 2 2855 2854 53
4716 2 2 1 2 2853 2854 2855
4717 2 2 1 2 728 2852 2848
4718 2 2 1 2 2852 729 2853
4719 2 2 1 2 2848 2853 730
4720 2 2 1 2 2852 2853 2848
4721 2 2 1 2 189 2840 2833
4722 2 2 1 2 2840 727 2856
4723 2 2 1 2 2833 2856 723
4724 2 2 1 2 2840 2856 2833
4725 2 2 1 2 727 2846 2857
4726 2 2 1 2 2846 190 2850
4727 2 2 1 2 2857 2850 728
4728 2 2 1 2 2846 2850 2857
4729 2 2 1 2 723 2858 2836
4730 2 2 1 2 2858 728 2847
4731 2 2 1 2 2836 2847 191
4732 2 2 1 2 2858 2847 2836
4733 2 2 1 2 727 2857 2856
4734 2 2 1 2 2857 728 2858
4735 2 2 1 2 2856 2858 723
4736 2 2 1 2 2857 2858 2856
4737 2 2 1 2 44 2859 2349
4738 2 2 1 2 2859 731 2860
4739 2 2 1 2 2349 2860 602
4740 2 2 1 2 2859 2860 2349
4741 2 2 1 2 731 2861 2863
4742 2 2 1 2 2861 192 2862
4743 2 2 1 2 2863 2862 732
4744 2 2 1 2 2861 2862 2863
4745 2 2 1 2 602 2864 2352
4746 2 2 1 2 2864 732 2865
4747 2 2 1 2 2352 2865 159
4748 2 2 1 2 2864 2865 2352
4749 2 2 1 2 731 2863 2860
4750 2 2 1 2 2863 732 2864
4751 2 2 1 2 2860 2864 602
4752 2 2 1 2 2863 2864 2860
4753 2 2 1 2 192 2866 2868
4754 2 2 1 2 2866 733 2867
4755 2 2 1 2 2868 2867 735
4756 2 2 1 2 2866 2867 2868
4757 2 2 1 2 733 2869 2871
4758 2 2 1 2 2869 53 2870
4759 2 2 1 2 2871 2870 734
4760 2 2 1 2 2869 2870 2871
4761 2 2 1 2 735 2872 2874
4762 2 2 1 2 2872 734 2873
4763 2 2 1 2 2874 2873 193
4764 2 2 1 2 2872 2873 2874
4765 2 2 1 2 733 2871 2867
4766 2 2 1 2 2871 734 2872
4767 2 2 1 2 2867 2872 735
4768 2 2 1 2 2871 2872 2867
4769 2 2 1 2 159 2875 2358
4770 2 2 1 2 2875 736 2876
4771 2 2 1 2 2358 2876 605
4772 2 2 1 2 2875 2876 2358
4773 2 2 1 2 736 2877 2879
4774 2 2 1 2 2877 193 2878
4775 2 2 1 2 2879 2878 737
4776 2 2 1 2 2877 2878 2879
4777 2 2 1 2 605 2880 2361
4778 2 2 1 2 2880 737 2881
4779 2 2 1 2 2361 2881 1
4780 2 2 1 2 2880 2881 2361
4781 2 2 1 2 736 2879 2876
4782 2 2 1 2 2879 737 2880
4783 2 2 1 2 2876 2880 605
4784 2 2 1 2 2879 2880 2876
4785 2 2 1 2 192 2868 2862
4786 2 2 1 2 2868 735 2882
4787 2 2 1 2 2862 2882 732
4788 2 2 1 2 2868 2882 2862
4789 2 2 1 2 735 2874 2883
4790 2 2 1 2 2874 193 2877
4791 2 2 1 2 2883 2877 736
4792 2 2 1 2 2874 2877 2883
4793 2 2 1 2 732 2884 2865
4794 2 2 1 2 2884 736 2875
4795 2 2 1 2 2865 2875 159
4796 2 2 1 2 2884 2875 2865
4797 2 2 1 2 735 2883 2882
4798 2 2 1 2 2883 736 2884
4799 2 2 1 2 2882 2884 732
4800 2 2 1 2 2883 2884 2882
4801 2 2 1 2 52 2831 2814
4802 2 2 1 2 2831 724 2885
4803 2 2 1 2 2814 2885 718
4804 2 2 1 2 2831 2885 2814
4805 2 2 1 2 724 2837 2887
4806 2 2 1 2 2837 191 2886
4807 2 2 1 2 2887 2886 738
4808 2 2 1 2 2837 2886 2887
4809 2 2 1 2 718 2888 2817
4810 2 2 1 2 2888 738 2889
4811 2 2 1 2 2817 2889 188
4812 2 2 1 2 2888 2889 2817
4813 2 2 1 2 724 2887 2885
4814 2 2 1 2 2887 738 2888
4815 2 2 1 2 2885 2888 718
4816 2 2 1 2 2887 2888 2885
4817 2 2 1 2 191 2849 2891
4818 2 2 1 2 2849 730 2890
4819 2 2 1 2 2891 2890 739
4820 2 2 1 2 2849 2890 2891
4821 2 2 1 2 730 2855 2892
4822 2 2 1 2 2855 53 2869
4823 2 2 1 2 2892 2869 733
4824 2 2 1 2 2855 2869 2892
4825 2 2 1 2 739 2893 2894
4826 2 2 1 2 2893 733 2866
4827 2 2 1 2 2894 2866 192
4828 2 2 1 2 2893 2866 2894
4829 2 2 1 2 730 2892 2890
4830 2 2 1 2 2892 733 2893
4831 2 2 1 2 2890 2893 739
4832 2 2 1 2 2892 2893 2890
4833 2 2 1 2 188 2895 2822
4834 2 2 1 2 2895 740 2896
4835 2 2 1 2 2822 2896 721
4836 2 2 1 2 2895 2896 2822
4837 2 2 1 2 740 2897 2898
4838 2 2 1 2 2897 192 2861
4839 2 2 1 2 2898 2861 731
4840 2 2 1 2 2897 2861 2898
4841 2 2 1 2 721 2899 2825
4842 2 2 1 2 2899 731 2859
4843 2 2 1 2 2825 2859 44
4844 2 2 1 2 2899 2859 2825
4845 2 2 1 2 740 2898 2896
4846 2 2 1 2 2898 731 2899
4847 2 2 1 2 2896 2899 721
4848 2 2 1 2 2898 2899 2896
4849 2 2 1 2 191 2891 2886
4850 2 2 1 2 2891 739 2900
4851 2 2 1 2 2886 2900 738
4852 2 2 1 2 2891 2900 2886
4853 2 2 1 2 739 2894 2901
4854 2 2 1 2 2894 192 2897
4855 2 2 1 2 2901 2897 740
4856 2 2 1 2 2894 2897 2901
4857 2 2 1 2 738 2902 2889
4858 2 2 1 2 2902 740 2895
4859 2 2 1 2 2889 2895 188
4860 2 2 1 2 2902 2895 2889
4861 2 2 1 2 739 2901 2900
4862 2 2 1 2 2901 740 2902
4863 2 2 1 2 2900 2902 738
4864 2 2 1 2 2901 2902 2900
4865 2 2 1 2 15 2697 2634
4866 2 2 1 2 2697 687 2903
4867 2 2 1 2 2634 2903 670
4868 2 2 1 2 2697 2903 2634
4869 2 2 1 2 687 2703 2905
4870 2 2 1 2 2703 180 2904
4871 2 2 1 2 2905 2904 741
4872 2 2 1 2 2703 2904 2905
4873 2 2 1 2 670 2906 2637
4874 2 2 1 2 2906 741 2907
4875 2 2 1 2 2637 2907 174
4876 2 2 1 2 2906 2907 2637
4877 2 2 1 2 687 2905 2903
4878 2 2 1 2 2905 741 2906
4879 2 2 1 2 2903 2906 670
4880 2 2 1 2 2905 2906 2903
4881 2 2 1 2 180 2715 2909
4882 2 2 1 2 2715 693 2908
4883 2 2 1 2 2909 2908 743
4884 2 2 1 2 2715 2908 2909
4885 2 2 1 2 693 2721 2911
4886 2 2 1 2 2721 51 2910
4887 2 2 1 2 2911 2910 742
4888 2 2 1 2 2721 2910 2911
4889 2 2 1 2 743 2912 2914
4890 2 2 1 2 2912 742 2913
4891 2 2 1 2 2914 2913 194
4892 2 2 1 2 2912 2913 2914
4893 2 2 1 2 693 2911 2908
4894 2 2 1 2 2911 742 2912
4895 2 2 1 2 2908 2912 743
4896 2 2 1 2 2911 2912 2908
4897 2 2 1 2 174 2915 2643
4898 2 2 1 2 2915 744 2916
4899 2 2 1 2 2643 2916 673
4900 2 2 1 2 2915 2916 2643
4901 2 2 1 2 744 2917 2919
4902 2 2 1 2 2917 194 2918
4903 2 2 1 2 2919 2918 745
4904 2 2 1 2 2917 2918 2919
4905 2 2 1 2 673 2920 2646
4906 2 2 1 2 2920 745 2921
4907 2 2 1 2 2646 2921 48
4908 2 2 1 2 2920 2921 2646
4909 2 2 1 2 744 2919 2916
4910 2 2 1 2 2919 745 2920
4911 2 2 1 2 2916 2920 673
4912 2 2 1 2 2919 2920 2916
4913 2 2 1 2 180 2909 2904
4914 2 2 1 2 2909 743 2922
4915 2 2 1 2 2904 2922 741
4916 2 2 1 2 2909 2922 2904
4917 2 2 1 2 743 2914 2923
4918 2 2 1 2 2914 194 2917
4919 2 2 1 2 2923 2917 744
4920 2 2 1 2 2914 2917 2923
4921 2 2 1 2 741 2924 2907
4922 2 2 1 2 2924 744 2915
4923 2 2 1 2 2907 2915 174
4924 2 2 1 2 2924 2915 2907
4925 2 2 1 2 743 2923 2922
4926 2 2 1 2 2923 744 2924
4927 2 2 1 2 2922 2924 741
4928 2 2 1 2 2923 2924 2922
4929 2 2 1 2 51 2757 2926
4930 2 2 1 2 2757 705 2925
4931 2 2 1 2 2926 2925 747
4932 2 2 1 2 2757 2925 2926
4933 2 2 1 2 705 2763 2928
4934 2 2 1 2 2763 186 2927
4935 2 2 1 2 2928 2927 746
4936 2 2 1 2 2763 2927 2928
4937 2 2 1 2 747 2929 2931
4938 2 2 1 2 2929 746 2930
4939 2 2 1 2 2931 2930 195
4940 2 2 1 2 2929 2930 2931
4941 2 2 1 2 705 2928 2925
4942 2 2 1 2 2928 746 2929
4943 2 2 1 2 2925 2929 747
4944 2 2 1 2 2928 2929 2925
4945 2 2 1 2 186 2775 2933
4946 2 2 1 2 2775 711 2932
4947 2 2 1 2 2933 2932 748
4948 2 2 1 2 2775 2932 2933
4949 2 2 1 2 711 2781 2934
4950 2 2 1 2 2781 16 2841
4951 2 2 1 2 2934 2841 725
4952 2 2 1 2 2781 2841 2934
4953 2 2 1 2 748 2935 2936
4954 2 2 1 2 2935 725 2838
4955 2 2 1 2 2936 2838 189
4956 2 2 1 2 2935 2838 2936
4957 2 2 1 2 711 2934 2932
4958 2 2 1 2 2934 725 2935
4959 2 2 1 2 2932 2935 748
4960 2 2 1 2 2934 2935 2932
4961 2 2 1 2 195 2937 2939
4962 2 2 1 2 2937 749 2938
4963 2 2 1 2 2939 2938 750
4964 2 2 1 2 2937 2938 2939
4965 2 2 1 2 749 2940 2941
4966 2 2 1 2 2940 189 2832
4967 2 2 1 2 2941 2832 722
4968 2 2 1 2 2940 2832 2941
4969 2 2 1 2 750 2942 2943
4970 2 2 1 2 2942 722 2829
4971 2 2 1 2 2943 2829 52
4972 2 2 1 2 2942 2829 2943
4973 2 2 1 2 749 2941 2938
4974 2 2 1 2 2941 722 2942
4975 2 2 1 2 2938 2942 750
4976 2 2 1 2 2941 2942 2938
4977 2 2 1 2 186 2933 2927
4978 2 2 1 2 2933 748 2944
4979 2 2 1 2 2927 2944 746
4980 2 2 1 2 2933 2944 2927
4981 2 2 1 2 748 2936 2945
4982 2 2 1 2 2936 189 2940
4983 2 2 1 2 2945 2940 749
4984 2 2 1 2 2936 2940 2945
4985 2 2 1 2 746 2946 2930
4986 2 2 1 2 2946 749 2937
4987 2 2 1 2 2930 2937 195
4988 2 2 1 2 2946 2937 2930
4989 2 2 1 2 748 2945 2944
4990 2 2 1 2 2945 749 2946
4991 2 2 1 2 2944 2946 746
4992 2 2 1 2 2945 2946 2944
4993 2 2 1 2 48 2947 2662
4994 2 2 1 2 2947 751 2948
4995 2 2 1 2 2662 2948 678
4996 2 2 1 2 2947 2948 2662
4997 2 2 1 2 751 2949 2951
4998 2 2 1 2 2949 196 2950
4999 2 2 1 2 2951 2950 752
5000 2 2 1 2 2949 2950 2951
5001 2 2 1 2 678 2952 2665
5002 2 2 1 2 2952 752 2953
5003 2 2 1 2 2665 2953 177
5004 2 2 1 2 2952 2953 2665
5005 2 2 1 2 751 2951 2948
5006 2 2 1 2 2951 752 2952
5007 2 2 1 2 2948 2952 678
5008 2 2 1 2 2951 2952 2948
5009 2 2 1 2 196 2954 2956
5010 2 2 1 2 2954 753 2955
5011 2 2 1 2 2956 2955 754
5012 2 2 1 2 2954 2955 2956
5013 2 2 1 2 753 2957 2958
5014 2 2 1 2 2957 52 2813
5015 2 2 1 2 2958 2813 717
5016 2 2 1 2 2957 2813 2958
5017 2 2 1 2 754 2959 2960
5018 2 2 1 2 2959 717 2810
5019 2 2 1 2 2960 2810 187
5020 2 2 1 2 2959 2810 2960
5021 2 2 1 2 753 2958 2955
5022 2 2 1 2 2958 717 2959
5023 2 2 1 2 2955 2959 754
5024 2 2 1 2 2958 2959 2955
5025 2 2 1 2 177 2961 2670
5026 2 2 1 2 2961 755 2962
5027 2 2 1 2 2670 2962 681
5028 2 2 1 2 2961 2962 2670
5029 2 2 1 2 755 2963 2964
5030 2 2 1 2 2963 187 2805
5031 2 2 1 2 2964 2805 715
5032 2 2 1 2 2963 2805 2964
5033 2 2 1 2 681 2965 2673
5034 2 2 1 2 2965 715 2803
5035 2 2 1 2 2673 2803 14
5036 2 2 1 2 2965 2803 2673
5037 2 2 1 2 755 2964 2962
5038 2 2 1 2 2964 715 2965
5039 2 2 1 2 2962 2965 681
5040 2 2 1 2 2964 2965 2962
5041 2 2 1 2 196 2956 2950
5042 2 2 1 2 2956 754 2966
5043 2 2 1 2 2950 2966 752
5044 2 2 1 2 2956 2966 2950
5045 2 2 1 2 754 2960 2967
5046 2 2 1 2 2960 187 2963
5047 2 2 1 2 2967 2963 755
5048 2 2 1 2 2960 2963 2967
5049 2 2 1 2 752 2968 2953
5050 2 2 1 2 2968 755 2961
5051 2 2 1 2 2953 2961 177
5052 2 2 1 2 2968 2961 2953
5053 2 2 1 2 754 2967 2966
5054 2 2 1 2 2967 755 2968
5055 2 2 1 2 2966 2968 752
5056 2 2 1 2 2967 2968 2966
5057 2 2 1 2 51 2926 2910
5058 2 2 1 2 2926 747 2969
5059 2 2 1 2 2910 2969 742
5060 2 2 1 2 2926 2969 2910
5061 2 2 1 2 747 2931 2971
5062 2 2 1 2 2931 195 2970
5063 2 2 1 2 2971 2970 756
5064 2 2 1 2 2931 2970 2971
5065 2 2 1 2 742 2972 2913
5066 2 2 1 2 2972 756 2973
5067 2 2 1 2 2913 2973 194
5068 2 2 1 2 2972 2973 2913
5069 2 2 1 2 747 2971 2969
5070 2 2 1 2 2971 756 2972
5071 2 2 1 2 2969 2972 742
5072 2 2 1 2 2971 2972 2969
5073 2 2 1 2 195 2939 2975
5074 2 2 1 2 2939 750 2974
5075 2 2 1 2 2975 2974 757
5076 2 2 1 2 2939 2974 2975
5077 2 2 1 2 750 2943 2976
5078 2 2 1 2 2943 52 2957
5079 2 2 1 2 2976 2957 753
5080 2 2 1 2 2943 2957 2976
5081 2 2 1 2 757 2977 2978
5082 2 2 1 2 2977 753 2954
5083 2 2 1 2 2978 2954 196
5084 2 2 1 2 2977 2954 2978
5085 2 2 1 2 750 2976 2974
5086 2 2 1 2 2976 753 2977
5087 2 2 1 2 2974 2977 757
5088 2 2 1 2 2976 2977 2974
5089 2 2 1 2 194 2979 2918
5090 2 2 1 2 2979 758 2980
5091 2 2 1 2 2918 2980 745
5092 2 2 1 2 2979 2980 2918
5093 2 2 1 2 758 2981 2982
5094 2 2 1 2 2981 196 2949
5095 2 2 1 2 2982 2949 751
5096 2 2 1 2 2981 2949 2982
5097 2 2 1 2 745 2983 2921
5098 2 2 1 2 2983 751 2947
5099 2 2 1 2 2921 2947 48
5100 2 2 1 2 2983 2947 2921
5101 2 2 1 2 758 2982 2980
5102 2 2 1 2 2982 751 2983
5103 2 2 1 2 2980 2983 745
5104 2 2 1 2 2982 2983 2980
5105 2 2 1 2 195 2975 2970
5106 2 2 1 2 2975 757 2984
5107 2 2 1 2 2970 2984 756
5108 2 2 1 2 2975 2984 2970
5109 2 2 1 2 757 2978 2985
5110 2 2 1 2 2978 196 2981
5111 2 2 1 2 2985 2981 758
5112 2 2 1 2 2978 2981 2985
5113 2 2 1 2 756 2986 2973
5114 2 2 1 2 2986 758 2979
5115 2 2 1 2 2973 2979 194
5116 2 2 1 2 2986 2979 2973
5117 2 2 1 2 757 2985 2984
5118 2 2 1 2 2985 758 2986
5119 2 2 1 2 2984 2986 756
5120 2 2 1 2 2985 2986 2984
5121 2 2 1 2 1 2881 1027
5122 2 2 1 2 2881 737 2987
5123 2 2 1 2 1027 2987 259
5124 2 2 1 2 2881 2987 1027
5125 2 2 1 2 737 2878 2989
5126 2 2 1 2 2878 193 2988
5127 2 2 1 2 2989 2988 759
5128 2 2 1 2 2878 2988 2989
5129 2 2 1 2 259 2990 1030
5130 2 2 1 2 2990 759 2991
5131 2 2 1 2 1030 2991 67
5132 2 2 1 2 2990 2991 1030
5133 2 2 1 2 737 2989 2987
5134 2 2 1 2 2989 759 2990
5135 2 2 1 2 2987 2990 259
5136 2 2 1 2 2989 2990 2987
5137 2 2 1 2 193 2873 2993
5138 2 2 1 2 2873 734 2992
5139 2 2 1 2 2993 2992 761
5140 2 2 1 2 2873 2992 2993
5141 2 2 1 2 734 2870 2995
5142 2 2 1 2 2870 53 2994
5143 2 2 1 2 2995 2994 760
5144 2 2 1 2 2870 2994 2995
5145 2 2 1 2 761 2996 2998
5146 2 2 1 2 2996 760 2997
5147 2 2 1 2 2998 2997 197
5148 2 2 1 2 2996 2997 2998
5149 2 2 1 2 734 2995 2992
5150 2 2 1 2 2995 760 2996
5151 2 2 1 2 2992 2996 761
5152 2 2 1 2 2995 2996 2992
5153 2 2 1 2 67 2999 1036
5154 2 2 1 2 2999 762 3000
5155 2 2 1 2 1036 3000 262
5156 2 2 1 2 2999 3000 1036
5157 2 2 1 2 762 3001 3003
5158 2 2 1 2 3001 197 3002
5159 2 2 1 2 3003 3002 763
5160 2 2 1 2 3001 3002 3003
5161 2 2 1 2 262 3004 1039
5162 2 2 1 2 3004 763 3005
5163 2 2 1 2 1039 3005 19
5164 2 2 1 2 3004 3005 1039
5165 2 2 1 2 762 3003 3000
5166 2 2 1 2 3003 763 3004
5167 2 2 1 2 3000 3004 262
5168 2 2 1 2 3003 3004 3000
5169 2 2 1 2 193 2993 2988
5170 2 2 1 2 2993 761 3006
5171 2 2 1 2 2988 3006 759
5172 2 2 1 2 2993 3006 2988
5173 2 2 1 2 761 2998 3007
5174 2 2 1 2 2998 197 3001
5175 2 2 1 2 3007 3001 762
5176 2 2 1 2 2998 3001 3007
5177 2 2 1 2 759 3008 2991
5178 2 2 1 2 3008 762 2999
5179 2 2 1 2 2991 2999 67
5180 2 2 1 2 3008 2999 2991
5181 2 2 1 2 761 3007 3006
5182 2 2 1 2 3007 762 3008
5183 2 2 1 2 3006 3008 759
5184 2 2 1 2 3007 3008 3006
5185 2 2 1 2 53 2854 3010
5186 2 2 1 2 2854 729 3009
5187 2 2 1 2 3010 3009 765
5188 2 2 1 2 2854 3009 3010
5189 2 2 1 2 729 2851 3012
5190 2 2 1 2 2851 190 3011
5191 2 2 1 2 3012 3011 764
5192 2 2 1 2 2851 3011 3012
5193 2 2 1 2 765 3013 3015
5194 2 2 1 2 3013 764 3014
5195 2 2 1 2 3015 3014 199
5196 2 2 1 2 3013 3014 3015
5197 2 2 1 2 729 3012 3009
5198 2 2 1 2 3012 764 3013
5199 2 2 1 2 3009 3013 765
5200 2 2 1 2 3012 3013 3009
5201 2 2 1 2 190 2845 3017
5202 2 2 1 2 2845 726 3016
5203 2 2 1 2 3017 3016 767
5204 2 2 1 2 2845 3016 3017
5205 2 2 1 2 726 2842 3019
5206 2 2 1 2 2842 16 3018
5207 2 2 1 2 3019 3018 766
5208 2 2 1 2 2842 3018 3019
5209 2 2 1 2 767 3020 3022
5210 2 2 1 2 3020 766 3021
5211 2 2 1 2 3022 3021 198
5212 2 2 1 2 3020 3021 3022
5213 2 2 1 2 726 3019 3016
5214 2 2 1 2 3019 766 3020
5215 2 2 1 2 3016 3020 767
5216 2 2 1 2 3019 3020 3016
5217 2 2 1 2 199 3023 3025
5218 2 2 1 2 3023 768 3024
5219 2 2 1 2 3025 3024 770
5220 2 2 1 2 3023 3024 3025
5221 2 2 1 2 768 3026 3028
5222 2 2 1 2 3026 198 3027
5223 2 2 1 2 3028 3027 769
5224 2 2 1 2 3026 3027 3028
5225 2 2 1 2 770 3029 3031
5226 2 2 1 2 3029 769 3030
5227 2 2 1 2 3031 3030 54
5228 2 2 1 2 3029 3030 3031
5229 2 2 1 2 768 3028 3024
5230 2 2 1 2 3028 769 3029
5231 2 2 1 2 3024 3029 770
5232 2 2 1 2 3028 3029 3024
5233 2 2 1 2 190 3017 3011
5234 2 2 1 2 3017 767 3032
5235 2 2 1 2 3011 3032 764
5236 2 2 1 2 3017 3032 3011
5237 2 2 1 2 767 3022 3033
5238 2 2 1 2 3022 198 3026
5239 2 2 1 2 3033 3026 768
5240 2 2 1 2 3022 3026 3033
5241 2 2 1 2 764 3034 3014
5242 2 2 1 2 3034 768 3023
5243 2 2 1 2 3014 3023 199
5244 2 2 1 2 3034 3023 3014
5245 2 2 1 2 767 3033 3032
5246 2 2 1 2 3033 768 3034
5247 2 2 1 2 3032 3034 764
5248 2 2 1 2 3033 3034 3032
5249 2 2 1 2 19 3035 1057
5250 2 2 1 2 3035 771 3036
5251 2 2 1 2 1057 3036 268
5252 2 2 1 2 3035 3036 1057
5253 2 2 1 2 771 3037 3039
5254 2 2 1 2 3037 200 3038
5255 2 2 1 2 3039 3038 772
5256 2 2 1 2 3037 3038 3039
5257 2 2 1 2 268 3040 1060
5258 2 2 1 2 3040 772 3041
5259 2 2 1 2 1060 3041 70
5260 2 2 1 2 3040 3041 1060
5261 2 2 1 2 771 3039 3036
5262 2 2 1 2 3039 772 3040
5263 2 2 1 2 3036 3040 268
5264 2 2 1 2 3039 3040 3036
5265 2 2 1 2 200 3042 3044
5266 2 2 1 2 3042 773 3043
5267 2 2 1 2 3044 3043 775
5268 2 2 1 2 3042 3043 3044
5269 2 2 1 2 773 3045 3047
5270 2 2 1 2 3045 54 3046
5271 2 2 1 2 3047 3046 774
5272 2 2 1 2 3045 3046 3047
5273 2 2 1 2 775 3048 3050
5274 2 2 1 2 3048 774 3049
5275 2 2 1 2 3050 3049 201
5276 2 2 1 2 3048 3049 3050
5277 2 2 1 2 773 3047 3043
5278 2 2 1 2 3047 774 3048
5279 2 2 1 2 3043 3048 775
5280 2 2 1 2 3047 3048 3043
5281 2 2 1 2 70 3051 1066
5282 2 2 1 2 3051 776 3052
5283 2 2 1 2 1066 3052 271
5284 2 2 1 2 3051 3052 1066
5285 2 2 1 2 776 3053 3055
5286 2 2 1 2 3053 201 3054
5287 2 2 1 2 3055 3054 777
5288 2 2 1 2 3053 3054 3055
5289 2 2 1 2 271 3056 1069
5290 2 2 1 2 3056 777 3057
5291 2 2 1 2 1069 3057 7
5292 2 2 1 2 3056 3057 1069
5293 2 2 1 2 776 3055 3052
5294 2 2 1 2 3055 777 3056
5295 2 2 1 2 3052 3056 271
5296 2 2 1 2 3055 3056 3052
5297 2 2 1 2 200 3044 3038
5298 2 2 1 2 3044 775 3058
5299 2 2 1 2 3038 3058 772
5300 2 2 1 2 3044 3058 3038
5301 2 2 1 2 775 3050 3059
5302 2 2 1 2 3050 201 3053
5303 2 2 1 2 3059 3053 776
5304 2 2 1 2 3050 3053 3059
5305 2 2 1 2 772 3060 3041
5306 2 2 1 2 3060 776 3051
5307 2 2 1 2 3041 3051 70
5308 2 2 1 2 3060 3051 3041
5309 2 2 1 2 775 3059 3058
5310 2 2 1 2 3059 776 3060
5311 2 2 1 2 3058 3060 772
5312 2 2 1 2 3059 3060 3058
5313 2 2 1 2 53 3010 2994
5314 2 2 1 2 3010 765 3061
5315 2 2 1 2 2994 3061 760
5316 2 2 1 2 3010 3061 2994
5317 2 2 1 2 765 3015 3063
5318 2 2 1 2 3015 199 3062
5319 2 2 1 2 3063 3062 778
5320 2 2 1 2 3015 3062 3063
5321 2 2 1 2 760 3064 2997
5322 2 2 1 2 3064 778 3065
5323 2 2 1 2 2997 3065 197
5324 2 2 1 2 3064 3065 2997
5325 2 2 1 2 765 3063 3061
5326 2 2 1 2 3063 778 3064
5327 2 2 1 2 3061 3064 760
5328 2 2 1 2 3063 3064 3061
5329 2 2 1 2 199 3025 3067
5330 2 2 1 2 3025 770 3066
5331 2 2 1 2 3067 3066 779
5332 2 2 1 2 3025 3066 3067
5333 2 2 1 2 770 3031 3068
5334 2 2 1 2 3031 54 3045
5335 2 2 1 2 3068 3045 773
5336 2 2 1 2 3031 3045 3068
5337 2 2 1 2 779 3069 3070
5338 2 2 1 2 3069 773 3042
5339 2 2 1 2 3070 3042 200
5340 2 2 1 2 3069 3042 3070
5341 2 2 1 2 770 3068 3066
5342 2 2 1 2 3068 773 3069
5343 2 2 1 2 3066 3069 779
5344 2 2 1 2 3068 3069 3066
5345 2 2 1 2 197 3071 3002
5346 2 2 1 2 3071 780 3072
5347 2 2 1 2 3002 3072 763
5348 2 2 1 2 3071 3072 3002
5349 2 2 1 2 780 3073 3074
5350 2 2 1 2 3073 200 3037
5351 2 2 1 2 3074 3037 771
5352 2 2 1 2 3073 3037 3074
5353 2 2 1 2 763 3075 3005
5354 2 2 1 2 3075 771 3035
5355 2 2 1 2 3005 3035 19
5356 2 2 1 2 3075 3035 3005
5357 2 2 1 2 780 3074 3072
5358 2 2 1 2 3074 771 3075
5359 2 2 1 2 3072 3075 763
5360 2 2 1 2 3074 3075 3072
5361 2 2 1 2 199 3067 3062
5362 2 2 1 2 3067 779 3076
5363 2 2 1 2 3062 3076 778
5364 2 2 1 2 3067 3076 3062
5365 2 2 1 2 779 3070 3077
5366 2 2 1 2 3070 200 3073
5367 2 2 1 2 3077 3073 780
5368 2 2 1 2 3070 3073 3077
5369 2 2 1 2 778 3078 3065
5370 2 2 1 2 3078 780 3071
5371 2 2 1 2 3065 3071 197
5372 2 2 1 2 3078 3071 3065
5373 2 2 1 2 779 3077 3076
5374 2 2 1 2 3077 780 3078
5375 2 2 1 2 3076 3078 778
5376 2 2 1 2 3077 3078 3076
5377 2 2 1 2 16 2780 3080
5378 2 2 1 2 2780 710 3079
5379 2 2 1 2 3080 3079 782
5380 2 2 1 2 2780 3079 3080
5381 2 2 1 2 710 2777 3082
5382 2 2 1 2 2777 185 3081
5383 2 2 1 2 3082 3081 781
5384 2 2 1 2 2777 3081 3082
5385 2 2 1 2 782 3083 3085
5386 2 2 1 2 3083 781 3084
5387 2 2 1 2 3085 3084 203
5388 2 2 1 2 3083 3084 3085
5389 2 2 1 2 710 3082 3079
5390 2 2 1 2 3082 781 3083
5391 2 2 1 2 3079 3083 782
5392 2 2 1 2 3082 3083 3079
5393 2 2 1 2 185 2771 3087
5394 2 2 1 2 2771 707 3086
5395 2 2 1 2 3087 3086 784
5396 2 2 1 2 2771 3086 3087
5397 2 2 1 2 707 2768 3089
5398 2 2 1 2 2768 50 3088
5399 2 2 1 2 3089 3088 783
5400 2 2 1 2 2768 3088 3089
5401 2 2 1 2 784 3090 3092
5402 2 2 1 2 3090 783 3091
5403 2 2 1 2 3092 3091 202
5404 2 2 1 2 3090 3091 3092
5405 2 2 1 2 707 3089 3086
5406 2 2 1 2 3089 783 3090
5407 2 2 1 2 3086 3090 784
5408 2 2 1 2 3089 3090 3086
5409 2 2 1 2 203 3093 3095
5410 2 2 1 2 3093 785 3094
5411 2 2 1 2 3095 3094 787
5412 2 2 1 2 3093 3094 3095
5413 2 2 1 2 785 3096 3098
5414 2 2 1 2 3096 202 3097
5415 2 2 1 2 3098 3097 786
5416 2 2 1 2 3096 3097 3098
5417 2 2 1 2 787 3099 3101
5418 2 2 1 2 3099 786 3100
5419 2 2 1 2 3101 3100 56
5420 2 2 1 2 3099 3100 3101
5421 2 2 1 2 785 3098 3094
5422 2 2 1 2 3098 786 3099
5423 2 2 1 2 3094 3099 787
5424 2 2 1 2 3098 3099 3094
5425 2 2 1 2 185 3087 3081
5426 2 2 1 2 3087 784 3102
5427 2 2 1 2 3081 3102 781
5428 2 2 1 2 3087 3102 3081
5429 2 2 1 2 784 3092 3103
5430 2 2 1 2 3092 202 3096
5431 2 2 1 2 3103 3096 785
5432 2 2 1 2 3092 3096 3103
5433 2 2 1 2 781 3104 3084
5434 2 2 1 2 3104 785 3093
5435 2 2 1 2 3084 3093 203
5436 2 2 1 2 3104 3093 3084
5437 2 2 1 2 784 3103 3102
5438 2 2 1 2 3103 785 3104
5439 2 2 1 2 3102 3104 781
5440 2 2 1 2 3103 3104 3102
5441 2 2 1 2 50 2750 3106
5442 2 2 1 2 2750 701 3105
5443 2 2 1 2 3106 3105 789
5444 2 2 1 2 2750 3105 3106
5445 2 2 1 2 701 2747 3108
5446 2 2 1 2 2747 182 3107
5447 2 2 1 2 3108 3107 788
5448 2 2 1 2 2747 3107 3108
5449 2 2 1 2 789 3109 3111
5450 2 2 1 2 3109 788 3110
5451 2 2 1 2 3111 3110 205
5452 2 2 1 2 3109 3110 3111
5453 2 2 1 2 701 3108 3105
5454 2 2 1 2 3108 788 3109
5455 2 2 1 2 3105 3109 789
5456 2 2 1 2 3108 3109 3105
5457 2 2 1 2 182 2741 3113
5458 2 2 1 2 2741 698 3112
5459 2 2 1 2 3113 3112 791
5460 2 2 1 2 2741 3112 3113
5461 2 2 1 2 698 2738 3115
5462 2 2 1 2 2738 6 3114
5463 2 2 1 2 3115 3114 790
5464 2 2 1 2 2738 3114 3115
5465 2 2 1 2 791 3116 3118
5466 2 2 1 2 3116 790 3117
5467 2 2 1 2 3118 3117 204
5468 2 2 1 2 3116 3117 3118
5469 2 2 1 2 698 3115 3112
5470 2 2 1 2 3115 790 3116
5471 2 2 1 2 3112 3116 791
5472 2 2 1 2 3115 3116 3112
5473 2 2 1 2 205 3119 3121
5474 2 2 1 2 3119 792 3120
5475 2 2 1 2 3121 3120 794
5476 2 2 1 2 3119 3120 3121
5477 2 2 1 2 792 3122 3124
5478 2 2 1 2 3122 204 3123
5479 2 2 1 2 3124 3123 793
5480 2 2 1 2 3122 3123 3124
5481 2 2 1 2 794 3125 3127
5482 2 2 1 2 3125 793 3126
5483 2 2 1 2 3127 3126 55
5484 2 2 1 2 3125 3126 3127
5485 2 2 1 2 792 3124 3120
5486 2 2 1 2 3124 793 3125
5487 2 2 1 2 3120 3125 794
5488 2 2 1 2 3124 3125 3120
5489 2 2 1 2 182 3113 3107
5490 2 2 1 2 3113 791 3128
5491 2 2 1 2 3107 3128 788
5492 2 2 1 2 3113 3128 3107
5493 2 2 1 2 791 3118 3129
5494 2 2 1 2 3118 204 3122
5495 2 2 1 2 3129 3122 792
5496 2 2 1 2 3118 3122 3129
5497 2 2 1 2 788 3130 3110
5498 2 2 1 2 3130 792 3119
5499 2 2 1 2 3110 3119 205
5500 2 2 1 2 3130 3119 3110
5501 2 2 1 2 791 3129 3128
5502 2 2 1 2 3129 792 3130
5503 2 2 1 2 3128 3130 788
5504 2 2 1 2 3129 3130 3128
5505 2 2 1 2 56 3131 3133
5506 2 2 1 2 3131 795 3132
5507 2 2 1 2 3133 3132 797
5508 2 2 1 2 3131 3132 3133
5509 2 2 1 2 795 3134 3136
5510 2 2 1 2 3134 206 3135
5511 2 2 1 2 3136 3135 796
5512 2 2 1 2 3134 3135 3136
5513 2 2 1 2 797 3137 3139
5514 2 2 1 2 3137 796 3138
5515 2 2 1 2 3139 3138 208
5516 2 2 1 2 3137 3138 3139
5517 2 2 1 2 795 3136 3132
5518 2 2 1 2 3136 796 3137
5519 2 2 1 2 3132 3137 797
5520 2 2 1 2 3136 3137 3132
5521 2 2 1 2 206 3140 3142
5522 2 2 1 2 3140 798 3141
5523 2 2 1 2 3142 3141 800
5524 2 2 1 2 3140 3141 3142
5525 2 2 1 2 798 3143 3145
5526 2 2 1 2 3143 55 3144
5527 2 2 1 2 3145 3144 799
5528 2 2 1 2 3143 3144 3145
5529 2 2 1 2 800 3146 3148
5530 2 2 1 2 3146 799 3147
5531 2 2 1 2 3148 3147 207
5532 2 2 1 2 3146 3147 3148
5533 2 2 1 2 798 3145 3141
5534 2 2 1 2 3145 799 3146
5535 2 2 1 2 3141 3146 800
5536 2 2 1 2 3145 3146 3141
5537 2 2 1 2 208 3149 3151
5538 2 2 1 2 3149 801 3150
5539 2 2 1 2 3151 3150 803
5540 2 2 1 2 3149 3150 3151
5541 2 2 1 2 801 3152 3154
5542 2 2 1 2 3152 207 3153
5543 2 2 1 2 3154 3153 802
5544 2 2 1 2 3152 3153 3154
5545 2 2 1 2 803 3155 3157
5546 2 2 1 2 3155 802 3156
5547 2 2 1 2 3157 3156 17
5548 2 2 1 2 3155 3156 3157
5549 2 2 1 2 801 3154 3150
5550 2 2 1 2 3154 802 3155
5551 2 2 1 2 3150 3155 803
5552 2 2 1 2 3154 3155 3150
5553 2 2 1 2 206 3142 3135
5554 2 2 1 2 3142 800 3158
5555 2 2 1 2 3135 3158 796
5556 2 2 1 2 3142 3158 3135
5557 2 2 1 2 800 3148 3159
5558 2 2 1 2 3148 207 3152
5559 2 2 1 2 3159 3152 801
5560 2 2 1 2 3148 3152 3159
5561 2 2 1 2 796 3160 3138
5562 2 2 1 2 3160 801 3149
5563 2 2 1 2 3138 3149 208
5564 2 2 1 2 3160 3149 3138
5565 2 2 1 2 800 3159 3158
5566 2 2 1 2 3159 801 3160
5567 2 2 1 2 3158 3160 796
5568 2 2 1 2 3159 3160 3158
5569 2 2 1 2 50 3106 3088
5570 2 2 1 2 3106 789 3161
5571 2 2 1 2 3088 3161 783
5572 2 2 1 2 3106 3161 3088
5573 2 2 1 2 789 3111 3163
5574 2 2 1 2 3111 205 3162
5575 2 2 1 2 3163 3162 804
5576 2 2 1 2 3111 3162 3163
5577 2 2 1 2 783 3164 3091
5578 2 2 1 2 3164 804 3165
5579 2 2 1 2 3091 3165 202
5580 2 2 1 2 3164 3165 3091
5581 2 2 1 2 789 3163 3161
5582 2 2 1 2 3163 804 3164
5583 2 2 1 2 3161 3164 783
5584 2 2 1 2 3163 3164 3161
5585 2 2 1 2 205 3121 3167
5586 2 2 1 2 3121 794 3166
5587 2 2 1 2 3167 3166 805
5588 2 2 1 2 3121 3166 3167
5589 2 2 1 2 794 3127 3168
5590 2 2 1 2 3127 55 3143
5591 2 2 1 2 3168 3143 798
5592 2 2 1 2 3127 3143 3168
5593 2 2 1 2 805 3169 3170
5594 2 2 1 2 3169 798 3140
5595 2 2 1 2 3170 3140 206
5596 2 2 1 2 3169 3140 3170
5597 2 2 1 2 794 3168 3166
5598 2 2 1 2 3168 798 3169
5599 2 2 1 2 3166 3169 805
5600 2 2 1 2 3168 3169 3166
5601 2 2 1 2 202 3171 3097
5602 2 2 1 2 3171 806 3172
5603 2 2 1 2 3097 3172 786
5604 2 2 1 2 3171 3172 3097
5605 2 2 1 2 806 3173 3174
5606 2 2 1 2 3173 206 3134
5607 2 2 1 2 3174 3134 795
5608 2 2 1 2 3173 3134 3174
5609 2 2 1 2 786 3175 3100
5610 2 2 1 2 3175 795 3131
5611 2 2 1 2 3100 3131 56
5612 2 2 1 2 3175 3131 3100
5613 2 2 1 2 806 3174 3172
5614 2 2 1 2 3174 795 3175
5615 2 2 1 2 3172 3175 786
5616 2 2 1 2 3174 3175 3172
5617 2 2 1 2 205 3167 3162
5618 2 2 1 2 3167 805 3176
5619 2 2 1 2 3162 3176 804
5620 2 2 1 2 3167 3176 3162
5621 2 2 1 2 805 3170 3177
5622 2 2 1 2 3170 206 3173
5623 2 2 1 2 3177 3173 806
5624 2 2 1 2 3170 3173 3177
5625 2 2 1 2 804 3178 3165
5626 2 2 1 2 3178 806 3171
5627 2 2 1 2 3165 3171 202
5628 2 2 1 2 3178 3171 3165
5629 2 2 1 2 805 3177 3176
5630 2 2 1 2 3177 806 3178
5631 2 2 1 2 3176 3178 804
5632 2 2 1 2 3177 3178 3176
5633 2 2 1 2 7 3179 1135
5634 2 2 1 2 3179 807 3180
5635 2 2 1 2 1135 3180 289
5636 2 2 1 2 3179 3180 1135
5637 2 2 1 2 807 3181 3183
5638 2 2 1 2 3181 209 3182
5639 2 2 1 2 3183 3182 808
5640 2 2 1 2 3181 3182 3183
5641 2 2 1 2 289 3184 1138
5642 2 2 1 2 3184 808 3185
5643 2 2 1 2 1138 3185 76
5644 2 2 1 2 3184 3185 1138
5645 2 2 1 2 807 3183 3180
5646 2 2 1 2 3183 808 3184
5647 2 2 1 2 3180 3184 289
5648 2 2 1 2 3183 3184 3180
5649 2 2 1 2 209 3186 3188
5650 2 2 1 2 3186 809 3187
5651 2 2 1 2 3188 3187 811
5652 2 2 1 2 3186 3187 3188
5653 2 2 1 2 809 3189 3191
5654 2 2 1 2 3189 57 3190
5655 2 2 1 2 3191 3190 810
5656 2 2 1 2 3189 3190 3191
5657 2 2 1 2 811 3192 3194
5658 2 2 1 2 3192 810 3193
5659 2 2 1 2 3194 3193 210
5660 2 2 1 2 3192 3193 3194
5661 2 2 1 2 809 3191 3187
5662 2 2 1 2 3191 810 3192
5663 2 2 1 2 3187 3192 811
5664 2 2 1 2 3191 3192 3187
5665 2 2 1 2 76 3195 1144
5666 2 2 1 2 3195 812 3196
5667 2 2 1 2 1144 3196 292
5668 2 2 1 2 3195 3196 1144
5669 2 2 1 2 812 3197 3199
5670 2 2 1 2 3197 210 3198
5671 2 2 1 2 3199 3198 813
5672 2 2 1 2 3197 3198 3199
5673 2 2 1 2 292 3200 1147
5674 2 2 1 2 3200 813 3201
5675 2 2 1 2 1147 3201 22
5676 2 2 1 2 3200 3201 1147
5677 2 2 1 2 812 3199 3196
5678 2 2 1 2 3199 813 3200
5679 2 2 1 2 3196 3200 292
5680 2 2 1 2 3199 3200 3196
5681 2 2 1 2 209 3188 3182
5682 2 2 1 2 3188 811 3202
5683 2 2 1 2 3182 3202 808
5684 2 2 1 2 3188 3202 3182
5685 2 2 1 2 811 3194 3203
5686 2 2 1 2 3194 210 3197
5687 2 2 1 2 3203 3197 812
5688 2 2 1 2 3194 3197 3203
5689 2 2 1 2 808 3204 3185
5690 2 2 1 2 3204 812 3195
5691 2 2 1 2 3185 3195 76
5692 2 2 1 2 3204 3195 3185
5693 2 2 1 2 811 3203 3202
5694 2 2 1 2 3203 812 3204
5695 2 2 1 2 3202 3204 808
5696 2 2 1 2 3203 3204 3202
5697 2 2 1 2 57 3205 3207
5698 2 2 1 2 3205 814 3206
5699 2 2 1 2 3207 3206 816
5700 2 2 1 2 3205 3206 3207
5701 2 2 1 2 814 3208 3210
5702 2 2 1 2 3208 211 3209
5703 2 2 1 2 3210 3209 815
5704 2 2 1 2 3208 3209 3210
5705 2 2 1 2 816 3211 3213
5706 2 2 1 2 3211 815 3212
5707 2 2 1 2 3213 3212 213
5708 2 2 1 2 3211 3212 3213
5709 2 2 1 2 814 3210 3206
5710 2 2 1 2 3210 815 3211
5711 2 2 1 2 3206 3211 816
5712 2 2 1 2 3210 3211 3206
5713 2 2 1 2 211 3214 3216
5714 2 2 1 2 3214 817 3215
5715 2 2 1 2 3216 3215 819
5716 2 2 1 2 3214 3215 3216
5717 2 2 1 2 817 3217 3219
5718 2 2 1 2 3217 17 3218
5719 2 2 1 2 3219 3218 818
5720 2 2 1 2 3217 3218 3219
5721 2 2 1 2 819 3220 3222
5722 2 2 1 2 3220 818 3221
5723 2 2 1 2 3222 3221 212
5724 2 2 1 2 3220 3221 3222
5725 2 2 1 2 817 3219 3215
5726 2 2 1 2 3219 818 3220
5727 2 2 1 2 3215 3220 819
5728 2 2 1 2 3219 3220 3215
5729 2 2 1 2 213 3223 3225
5730 2 2 1 2 3223 820 3224
5731 2 2 1 2 3225 3224 822
5732 2 2 1 2 3223 3224 3225
5733 2 2 1 2 820 3226 3228
5734 2 2 1 2 3226 212 3227
5735 2 2 1 2 3228 3227 821
5736 2 2 1 2 3226 3227 3228
5737 2 2 1 2 822 3229 3231
5738 2 2 1 2 3229 821 3230
5739 2 2 1 2 3231 3230 58
5740 2 2 1 2 3229 3230 3231
5741 2 2 1 2 820 3228 3224
5742 2 2 1 2 3228 821 3229
5743 2 2 1 2 3224 3229 822
5744 2 2 1 2 3228 3229 3224
5745 2 2 1 2 211 3216 3209
5746 2 2 1 2 3216 819 3232
5747 2 2 1 2 3209 3232 815
5748 2 2 1 2 3216 3232 3209
5749 2 2 1 2 819 3222 3233
5750 2 2 1 2 3222 212 3226
5751 2 2 1 2 3233 3226 820
5752 2 2 1 2 3222 3226 3233
5753 2 2 1 2 815 3234 3212
5754 2 2 1 2 3234 820 3223
5755 2 2 1 2 3212 3223 213
5756 2 2 1 2 3234 3223 3212
5757 2 2 1 2 819 3233 3232
5758 2 2 1 2 3233 820 3234
5759 2 2 1 2 3232 3234 815
5760 2 2 1 2 3233 3234 3232
5761 2 2 1 2 22 3235 1165
5762 2 2 1 2 3235 823 3236
5763 2 2 1 2 1165 3236 298
5764 2 2 1 2 3235 3236 1165
5765 2 2 1 2 823 3237 3239
5766 2 2 1 2 3237 214 3238
5767 2 2 1 2 3239 3238 824
5768 2 2 1 2 3237 3238 3239
5769 2 2 1 2 298 3240 1168
5770 2 2 1 2 3240 824 3241
5771 2 2 1 2 1168 3241 79
5772 2 2 1 2 3240 3241 1168
5773 2 2 1 2 823 3239 3236
5774 2 2 1 2 3239 824 3240
5775 2 2 1 2 3236 3240 298
5776 2 2 1 2 3239 3240 3236
5777 2 2 1 2 214 3242 3244
5778 2 2 1 2 3242 825 3243
5779 2 2 1 2 3244 3243 827
5780 2 2 1 2 3242 3243 3244
5781 2 2 1 2 825 3245 3247
5782 2 2 1 2 3245 58 3246
5783 2 2 1 2 3247 3246 826
5784 2 2 1 2 3245 3246 3247
5785 2 2 1 2 827 3248 3250
5786 2 2 1 2 3248 826 3249
5787 2 2 1 2 3250 3249 215
5788 2 2 1 2 3248 3249 3250
5789 2 2 1 2 825 3247 3243
5790 2 2 1 2 3247 826 3248
5791 2 2 1 2 3243 3248 827
5792 2 2 1 2 3247 3248 3243
5793 2 2 1 2 79 3251 1174
5794 2 2 1 2 3251 828 3252
5795 2 2 1 2 1174 3252 301
5796 2 2 1 2 3251 3252 1174
5797 2 2 1 2 828 3253 3255
5798 2 2 1 2 3253 215 3254
5799 2 2 1 2 3255 3254 829
5800 2 2 1 2 3253 3254 3255
5801 2 2 1 2 301 3256 1177
5802 2 2 1 2 3256 829 3257
5803 2 2 1 2 1177 3257 2
5804 2 2 1 2 3256 3257 1177
5805 2 2 1 2 828 3255 3252
5806 2 2 1 2 3255 829 3256
5807 2 2 1 2 3252 3256 301
5808 2 2 1 2 3255 3256 3252
5809 2 2 1 2 214 3244 3238
5810 2 2 1 2 3244 827 3258
5811 2 2 1 2 3238 3258 824
5812 2 2 1 2 3244 3258 3238
5813 2 2 1 2 827 3250 3259
5814 2 2 1 2 3250 215 3253
5815 2 2 1 2 3259 3253 828
5816 2 2 1 2 3250 3253 3259
5817 2 2 1 2 824 3260 3241
5818 2 2 1 2 3260 828 3251
5819 2 2 1 2 3241 3251 79
5820 2 2 1 2 3260 3251 3241
5821 2 2 1 2 827 3259 3258
5822 2 2 1 2 3259 828 3260
5823 2 2 1 2 3258 3260 824
5824 2 2 1 2 3259 3260 3258
5825 2 2 1 2 57 3207 3190
5826 2 2 1 2 3207 816 3261
5827 2 2 1 2 3190 3261 810
5828 2 2 1 2 3207 3261 3190
5829 2 2 1 2 816 3213 3263
5830 2 2 1 2 3213 213 3262
5831 2 2 1 2 3263 3262 830
5832 2 2 1 2 3213 3262 3263
5833 2 2 1 2 810 3264 3193
5834 2 2 1 2 3264 830 3265
5835 2 2 1 2 3193 3265 210
5836 2 2 1 2 3264 3265 3193
5837 2 2 1 2 816 3263 3261
5838 2 2 1 2 3263 830 3264
5839 2 2 1 2 3261 3264 810
5840 2 2 1 2 3263 3264 3261
5841 2 2 1 2 213 3225 3267
5842 2 2 1 2 3225 822 3266
5843 2 2 1 2 3267 3266 831
5844 2 2 1 2 3225 3266 3267
5845 2 2 1 2 822 3231 3268
5846 2 2 1 2 3231 58 3245
5847 2 2 1 2 3268 3245 825
5848 2 2 1 2 3231 3245 3268
5849 2 2 1 2 831 3269 3270
5850 2 2 1 2 3269 825 3242
5851 2 2 1 2 3270 3242 214
5852 2 2 1 2 3269 3242 3270
5853 2 2 1 2 822 3268 3266
5854 2 2 1 2 3268 825 3269
5855 2 2 1 2 3266 3269 831
5856 2 2 1 2 3268 3269 3266
5857 2 2 1 2 210 3271 3198
5858 2 2 1 2 3271 832 3272
5859 2 2 1 2 3198 3272 813
5860 2 2 1 2 3271 3272 3198
5861 2 2 1 2 832 3273 3274
5862 2 2 1 2 3273 214 3237
5863 2 2 1 2 3274 3237 823
5864 2 2 1 2 3273 3237 3274
5865 2 2 1 2 813 3275 3201
5866 2 2 1 2 3275 823 3235
5867 2 2 1 2 3201 3235 22
5868 2 2 1 2 3275 3235 3201
5869 2 2 1 2 832 3274 3272
5870 2 2 1 2 3274 823 3275
5871 2 2 1 2 3272 3275 813
5872 2 2 1 2 3274 3275 3272
5873 2 2 1 2 213 3267 3262
5874 2 2 1 2 3267 831 3276
5875 2 2 1 2 3262 3276 830
5876 2 2 1 2 3267 3276 3262
5877 2 2 1 2 831 3270 3277
5878 2 2 1 2 3270 214 3273
5879 2 2 1 2 3277 3273 832
5880 2 2 1 2 3270 3273 3277
5881 2 2 1 2 830 3278 3265
5882 2 2 1 2 3278 832 3271
5883 2 2 1 2 3265 3271 210
5884 2 2 1 2 3278 3271 3265
5885 2 2 1 2 831 3277 3276
5886 2 2 1 2 3277 832 3278
5887 2 2 1 2 3276 3278 830
5888 2 2 1 2 3277 3278 3276
5889 2 2 1 2 16 3080 3018
5890 2 2 1 2 3080 782 3279
5891 2 2 1 2 3018 3279 766
5892 2 2 1 2 3080 3279 3018
5893 2 2 1 2 782 3085 3281
5894 2 2 1 2 3085 203 3280
5895 2 2 1 2 3281 3280 833
5896 2 2 1 2 3085 3280 3281
5897 2 2 1 2 766 3282 3021
5898 2 2 1 2 3282 833 3283
5899 2 2 1 2 3021 3283 198
5900 2 2 1 2 3282 3283 3021
5901 2 2 1 2 782 3281 3279
5902 2 2 1 2 3281 833 3282
5903 2 2 1 2 3279 3282 766
5904 2 2 1 2 3281 3282 3279
5905 2 2 1 2 203 3095 3285
5906 2 2 1 2 3095 787 3284
5907 2 2 1 2 3285 3284 835
5908 2 2 1 2 3095 3284 3285
5909 2 2 1 2 787 3101 3287
5910 2 2 1 2 3101 56 3286
5911 2 2 1 2 3287 3286 834
5912 2 2 1 2 3101 3286 3287
5913 2 2 1 2 835 3288 3290
5914 2 2 1 2 3288 834 3289
5915 2 2 1 2 3290 3289 216
5916 2 2 1 2 3288 3289 3290
5917 2 2 1 2 787 3287 3284
5918 2 2 1 2 3287 834 3288
5919 2 2 1 2 3284 3288 835
5920 2 2 1 2 3287 3288 3284
5921 2 2 1 2 198 3291 3027
5922 2 2 1 2 3291 836 3292
5923 2 2 1 2 3027 3292 769
5924 2 2 1 2 3291 3292 3027
5925 2 2 1 2 836 3293 3295
5926 2 2 1 2 3293 216 3294
5927 2 2 1 2 3295 3294 837
5928 2 2 1 2 3293 3294 3295
5929 2 2 1 2 769 3296 3030
5930 2 2 1 2 3296 837 3297
5931 2 2 1 2 3030 3297 54
5932 2 2 1 2 3296 3297 3030
5933 2 2 1 2 836 3295 3292
5934 2 2 1 2 3295 837 3296
5935 2 2 1 2 3292 3296 769
5936 2 2 1 2 3295 3296 3292
5937 2 2 1 2 203 3285 3280
5938 2 2 1 2 3285 835 3298
5939 2 2 1 2 3280 3298 833
5940 2 2 1 2 3285 3298 3280
5941 2 2 1 2 835 3290 3299
5942 2 2 1 2 3290 216 3293
5943 2 2 1 2 3299 3293 836
5944 2 2 1 2 3290 3293 3299
5945 2 2 1 2 833 3300 3283
5946 2 2 1 2 3300 836 3291
5947 2 2 1 2 3283 3291 198
5948 2 2 1 2 3300 3291 3283
5949 2 2 1 2 835 3299 3298
5950 2 2 1 2 3299 836 3300
5951 2 2 1 2 3298 3300 833
5952 2 2 1 2 3299 3300 3298
5953 2 2 1 2 56 3133 3302
5954 2 2 1 2 3133 797 3301
5955 2 2 1 2 3302 3301 839
5956 2 2 1 2 3133 3301 3302
5957 2 2 1 2 797 3139 3304
5958 2 2 1 2 3139 208 3303
5959 2 2 1 2 3304 3303 838
5960 2 2 1 2 3139 3303 3304
5961 2 2 1 2 839 3305 3307
5962 2 2 1 2 3305 838 3306
5963 2 2 1 2 3307 3306 217
5964 2 2 1 2 3305 3306 3307
5965 2 2 1 2 797 3304 3301
5966 2 2 1 2 3304 838 3305
5967 2 2 1 2 3301 3305 839
5968 2 2 1 2 3304 3305 3301
5969 2 2 1 2 208 3151 3309
5970 2 2 1 2 3151 803 3308
5971 2 2 1 2 3309 3308 840
5972 2 2 1 2 3151 3308 3309
5973 2 2 1 2 803 3157 3310
5974 2 2 1 2 3157 17 3217
5975 2 2 1 2 3310 3217 817
5976 2 2 1 2 3157 3217 3310
5977 2 2 1 2 840 3311 3312
5978 2 2 1 2 3311 817 3214
5979 2 2 1 2 3312 3214 211
5980 2 2 1 2 3311 3214 3312
5981 2 2 1 2 803 3310 3308
5982 2 2 1 2 3310 817 3311
5983 2 2 1 2 3308 3311 840
5984 2 2 1 2 3310 3311 3308
5985 2 2 1 2 217 3313 3315
5986 2 2 1 2 3313 841 3314
5987 2 2 1 2 3315 3314 842
5988 2 2 1 2 3313 3314 3315
5989 2 2 1 2 841 3316 3317
5990 2 2 1 2 3316 211 3208
5991 2 2 1 2 3317 3208 814
5992 2 2 1 2 3316 3208 3317
5993 2 2 1 2 842 3318 3319
5994 2 2 1 2 3318 814 3205
5995 2 2 1 2 3319 3205 57
5996 2 2 1 2 3318 3205 3319
5997 2 2 1 2 841 3317 3314
5998 2 2 1 2 3317 814 3318
5999 2 2 1 2 3314 3318 842
6000 2 2 1 2 3317 3318 3314
6001 2 2 1 2 208 3309 3303
6002 2 2 1 2 3309 840 3320
6003 2 2 1 2 3303 3320 838
6004 2 2 1 2 3309 3320 3303
6005 2 2 1 2 840 3312 3321
6006 2 2 1 2 3312 211 3316
6007 2 2 1 2 3321 3316 841
6008 2 2 1 2 3312 3316 3321
6009 2 2 1 2 838 3322 3306
6010 2 2 1 2 3322 841 3313
6011 2 2 1 2 3306 3313 217
6012 2 2 1 2 3322 3313 3306
6013 2 2 1 2 840 3321 3320
6014 2 2 1 2 3321 841 3322
6015 2 2 1 2 3320 3322 838
6016 2 2 1 2 3321 3322 3320
6017 2 2 1 2 54 3323 3046
6018 2 2 1 2 3323 843 3324
6019 2 2 1 2 3046 3324 774
6020 2 2 1 2 3323 3324 3046
6021 2 2 1 2 843 3325 3327
6022 2 2 1 2 3325 218 3326
6023 2 2 1 2 3327 3326 844
6024 2 2 1 2 3325 3326 3327
6025 2 2 1 2 774 3328 3049
6026 2 2 1 2 3328 844 3329
6027 2 2 1 2 3049 3329 201
6028 2 2 1 2 3328 3329 3049
6029 2 2 1 2 843 3327 3324
6030 2 2 1 2 3327 844 3328
6031 2 2 1 2 3324 3328 774
6032 2 2 1 2 3327 3328 3324
6033 2 2 1 2 218 3330 3332
6034 2 2 1 2 3330 845 3331
6035 2 2 1 2 3332 3331 846
6036 2 2 1 2 3330 3331 3332
6037 2 2 1 2 845 3333 3334
6038 2 2 1 2 3333 57 3189
6039 2 2 1 2 3334 3189 809
6040 2 2 1 2 3333 3189 3334
6041 2 2 1 2 846 3335 3336
6042 2 2 1 2 3335 809 3186
6043 2 2 1 2 3336 3186 209
6044 2 2 1 2 3335 3186 3336
6045 2 2 1 2 845 3334 3331
6046 2 2 1 2 3334 809 3335
6047 2 2 1 2 3331 3335 846
6048 2 2 1 2 3334 3335 3331
6049 2 2 1 2 201 3337 3054
6050 2 2 1 2 3337 847 3338
6051 2 2 1 2 3054 3338 777
6052 2 2 1 2 3337 3338 3054
6053 2 2 1 2 847 3339 3340
6054 2 2 1 2 3339 209 3181
6055 2 2 1 2 3340 3181 807
6056 2 2 1 2 3339 3181 3340
6057 2 2 1 2 777 3341 3057
6058 2 2 1 2 3341 807 3179
6059 2 2 1 2 3057 3179 7
6060 2 2 1 2 3341 3179 3057
6061 2 2 1 2 847 3340 3338
6062 2 2 1 2 3340 807 3341
6063 2 2 1 2 3338 3341 777
6064 2 2 1 2 3340 3341 3338
6065 2 2 1 2 218 3332 3326
6066 2 2 1 2 3332 846 3342
6067 2 2 1 2 3326 3342 844
6068 2 2 1 2 3332 3342 3326
6069 2 2 1 2 846 3336 3343
6070 2 2 1 2 3336 209 3339
6071 2 2 1 2 3343 3339 847
6072 2 2 1 2 3336 3339 3343
6073 2 2 1 2 844 3344 3329
6074 2 2 1 2 3344 847 3337
6075 2 2 1 2 3329 3337 201
6076 2 2 1 2 3344 3337 3329
6077 2 2 1 2 846 3343 3342
6078 2 2 1 2 3343 847 3344
6079 2 2 1 2 3342 3344 844
6080 2 2 1 2 3343 3344 3342
6081 2 2 1 2 56 3302 3286
6082 2 2 1 2 3302 839 3345
6083 2 2 1 2 3286 3345 834
6084 2 2 1 2 3302 3345 3286
6085 2 2 1 2 839 3307 3347
6086 2 2 1 2 3307 217 3346
6087 2 2 1 2 3347 3346 848
6088 2 2 1 2 3307 3346 3347
6089 2 2 1 2 834 3348 3289
6090 2 2 1 2 3348 848 3349
6091 2 2 1 2 3289 3349 216
6092 2 2 1 2 3348 3349 3289
6093 2 2 1 2 839 3347 3345
6094 2 2 1 2 3347 848 3348
6095 2 2 1 2 3345 3348 834
6096 2 2 1 2 3347 3348 3345
6097 2 2 1 2 217 3315 3351
6098 2 2 1 2 3315 842 3350
6099 2 2 1 2 3351 3350 849
6100 2 2 1 2 3315 3350 3351
6101 2 2 1 2 842 3319 3352
6102 2 2 1 2 3319 57 3333
6103 2 2 1 2 3352 3333 845
6104 2 2 1 2 3319 3333 3352
6105 2 2 1 2 849 3353 3354
6106 2 2 1 2 3353 845 3330
6107 2 2 1 2 3354 3330 218
6108 2 2 1 2 3353 3330 3354
6109 2 2 1 2 842 3352 3350
6110 2 2 1 2 3352 845 3353
6111 2 2 1 2 3350 3353 849
6112 2 2 1 2 3352 3353 3350
6113 2 2 1 2 216 3355 3294
6114 2 2 1 2 3355 850 3356
6115 2 2 1 2 3294 3356 837
6116 2 2 1 2 3355 3356 3294
6117 2 2 1 2 850 3357 3358
6118 2 2 1 2 3357 218 3325
6119 2 2 1 2 3358 3325 843
6120 2 2 1 2 3357 3325 3358
6121 2 2 1 2 837 3359 3297
6122 2 2 1 2 3359 843 3323
6123 2 2 1 2 3297 3323 54
6124 2 2 1 2 3359 3323 3297
6125 2 2 1 2 850 3358 3356
6126 2 2 1 2 3358 843 3359
6127 2 2 1 2 3356 3359 837
6128 2 2 1 2 3358 3359 3356
6129 2 2 1 2 217 3351 3346
6130 2 2 1 2 3351 849 3360
6131 2 2 1 2 3346 3360 848
6132 2 2 1 2 3351 3360 3346
6133 2 2 1 2 849 3354 3361
6134 2 2 1 2 3354 218 3357
6135 2 2 1 2 3361 3357 850
6136 2 2 1 2 3354 3357 3361
6137 2 2 1 2 848 3362 3349
6138 2 2 1 2 3362 850 3355
6139 2 2 1 2 3349 3355 216
6140 2 2 1 2 3362 3355 3349
6141 2 2 1 2 849 3361 3360
6142 2 2 1 2 3361 850 3362
6143 2 2 1 2 3360 3362 848
6144 2 2 1 2 3361 3362 3360
6145 2 2 1 2 2 3257 1435
6146 2 2 1 2 3257 829 3363
6147 2 2 1 2 1435 3363 367
6148 2 2 1 2 3257 3363 1435
6149 2 2 1 2 829 3254 3365
6150 2 2 1 2 3254 215 3364
6151 2 2 1 2 3365 3364 851
6152 2 2 1 2 3254 3364 3365
6153 2 2 1 2 367 3366 1437
6154 2 2 1 2 3366 851 3367
6155 2 2 1 2 1437 3367 97
6156 2 2 1 2 3366 3367 1437
6157 2 2 1 2 829 3365 3363
6158 2 2 1 2 3365 851 3366
6159 2 2 1 2 3363 3366 367
6160 2 2 1 2 3365 3366 3363
6161 2 2 1 2 215 3249 3369
6162 2 2 1 2 3249 826 3368
6163 2 2 1 2 3369 3368 853
6164 2 2 1 2 3249 3368 3369
6165 2 2 1 2 826 3246 3371
6166 2 2 1 2 3246 58 3370
6167 2 2 1 2 3371 3370 852
6168 2 2 1 2 3246 3370 3371
6169 2 2 1 2 853 3372 3374
6170 2 2 1 2 3372 852 3373
6171 2 2 1 2 3374 3373 219
6172 2 2 1 2 3372 3373 3374
6173 2 2 1 2 826 3371 3368
6174 2 2 1 2 3371 852 3372
6175 2 2 1 2 3368 3372 853
6176 2 2 1 2 3371 3372 3368
6177 2 2 1 2 97 3375 1442
6178 2 2 1 2 3375 854 3376
6179 2 2 1 2 1442 3376 369
6180 2 2 1 2 3375 3376 1442
6181 2 2 1 2 854 3377 3379
6182 2 2 1 2 3377 219 3378
6183 2 2 1 2 3379 3378 855
6184 2 2 1 2 3377 3378 3379
6185 2 2 1 2 369 3380 1445
6186 2 2 1 2 3380 855 3381
6187 2 2 1 2 1445 3381 28
6188 2 2 1 2 3380 3381 1445
6189 2 2 1 2 854 3379 3376
6190 2 2 1 2 3379 855 3380
6191 2 2 1 2 3376 3380 369
6192 2 2 1 2 3379 3380 3376
6193 2 2 1 2 215 3369 3364
6194 2 2 1 2 3369 853 3382
6195 2 2 1 2 3364 3382 851
6196 2 2 1 2 3369 3382 3364
6197 2 2 1 2 853 3374 3383
6198 2 2 1 2 3374 219 3377
6199 2 2 1 2 3383 3377 854
6200 2 2 1 2 3374 3377 3383
6201 2 2 1 2 851 3384 3367
6202 2 2 1 2 3384 854 3375
6203 2 2 1 2 3367 3375 97
6204 2 2 1 2 3384 3375 3367
6205 2 2 1 2 853 3383 3382
6206 2 2 1 2 3383 854 3384
6207 2 2 1 2 3382 3384 851
6208 2 2 1 2 3383 3384 3382
6209 2 2 1 2 58 3230 3386
6210 2 2 1 2 3230 821 3385
6211 2 2 1 2 3386 3385 857
6212 2 2 1 2 3230 3385 3386
6213 2 2 1 2 821 3227 3388
6214 2 2 1 2 3227 212 3387
6215 2 2 1 2 3388 3387 856
6216 2 2 1 2 3227 3387 3388
6217 2 2 1 2 857 3389 3391
6218 2 2 1 2 3389 856 3390
6219 2 2 1 2 3391 3390 221
6220 2 2 1 2 3389 3390 3391
6221 2 2 1 2 821 3388 3385
6222 2 2 1 2 3388 856 3389
6223 2 2 1 2 3385 3389 857
6224 2 2 1 2 3388 3389 3385
6225 2 2 1 2 212 3221 3393
6226 2 2 1 2 3221 818 3392
6227 2 2 1 2 3393 3392 859
6228 2 2 1 2 3221 3392 3393
6229 2 2 1 2 818 3218 3395
6230 2 2 1 2 3218 17 3394
6231 2 2 1 2 3395 3394 858
6232 2 2 1 2 3218 3394 3395
6233 2 2 1 2 859 3396 3398
6234 2 2 1 2 3396 858 3397
6235 2 2 1 2 3398 3397 220
6236 2 2 1 2 3396 3397 3398
6237 2 2 1 2 818 3395 3392
6238 2 2 1 2 3395 858 3396
6239 2 2 1 2 3392 3396 859
6240 2 2 1 2 3395 3396 3392
6241 2 2 1 2 221 3399 3401
6242 2 2 1 2 3399 860 3400
6243 2 2 1 2 3401 3400 862
6244 2 2 1 2 3399 3400 3401
6245 2 2 1 2 860 3402 3404
6246 2 2 1 2 3402 220 3403
6247 2 2 1 2 3404 3403 861
6248 2 2 1 2 3402 3403 3404
6249 2 2 1 2 862 3405 3407
6250 2 2 1 2 3405 861 3406
6251 2 2 1 2 3407 3406 59
6252 2 2 1 2 3405 3406 3407
6253 2 2 1 2 860 3404 3400
6254 2 2 1 2 3404 861 3405
6255 2 2 1 2 3400 3405 862
6256 2 2 1 2 3404 3405 3400
6257 2 2 1 2 212 3393 3387
6258 2 2 1 2 3393 859 3408
6259 2 2 1 2 3387 3408 856
6260 2 2 1 2 3393 3408 3387
6261 2 2 1 2 859 3398 3409
6262 2 2 1 2 3398 220 3402
6263 2 2 1 2 3409 3402 860
6264 2 2 1 2 3398 3402 3409
6265 2 2 1 2 856 3410 3390
6266 2 2 1 2 3410 860 3399
6267 2 2 1 2 3390 3399 221
6268 2 2 1 2 3410 3399 3390
6269 2 2 1 2 859 3409 3408
6270 2 2 1 2 3409 860 3410
6271 2 2 1 2 3408 3410 856
6272 2 2 1 2 3409 3410 3408
6273 2 2 1 2 28 3411 1461
6274 2 2 1 2 3411 863 3412
6275 2 2 1 2 1461 3412 374
6276 2 2 1 2 3411 3412 1461
6277 2 2 1 2 863 3413 3415
6278 2 2 1 2 3413 222 3414
6279 2 2 1 2 3415 3414 864
6280 2 2 1 2 3413 3414 3415
6281 2 2 1 2 374 3416 1464
6282 2 2 1 2 3416 864 3417
6283 2 2 1 2 1464 3417 99
6284 2 2 1 2 3416 3417 1464
6285 2 2 1 2 863 3415 3412
6286 2 2 1 2 3415 864 3416
6287 2 2 1 2 3412 3416 374
6288 2 2 1 2 3415 3416 3412
6289 2 2 1 2 222 3418 3420
6290 2 2 1 2 3418 865 3419
6291 2 2 1 2 3420 3419 867
6292 2 2 1 2 3418 3419 3420
6293 2 2 1 2 865 3421 3423
6294 2 2 1 2 3421 59 3422
6295 2 2 1 2 3423 3422 866
6296 2 2 1 2 3421 3422 3423
6297 2 2 1 2 867 3424 3426
6298 2 2 1 2 3424 866 3425
6299 2 2 1 2 3426 3425 223
6300 2 2 1 2 3424 3425 3426
6301 2 2 1 2 865 3423 3419
6302 2 2 1 2 3423 866 3424
6303 2 2 1 2 3419 3424 867
6304 2 2 1 2 3423 3424 3419
6305 2 2 1 2 99 3427 1470
6306 2 2 1 2 3427 868 3428
6307 2 2 1 2 1470 3428 377
6308 2 2 1 2 3427 3428 1470
6309 2 2 1 2 868 3429 3431
6310 2 2 1 2 3429 223 3430
6311 2 2 1 2 3431 3430 869
6312 2 2 1 2 3429 3430 3431
6313 2 2 1 2 377 3432 1473
6314 2 2 1 2 3432 869 3433
6315 2 2 1 2 1473 3433 10
6316 2 2 1 2 3432 3433 1473
6317 2 2 1 2 868 3431 3428
6318 2 2 1 2 3431 869 3432
6319 2 2 1 2 3428 3432 377
6320 2 2 1 2 3431 3432 3428
6321 2 2 1 2 222 3420 3414
6322 2 2 1 2 3420 867 3434
6323 2 2 1 2 3414 3434 864
6324 2 2 1 2 3420 3434 3414
6325 2 2 1 2 867 3426 3435
6326 2 2 1 2 3426 223 3429
6327 2 2 1 2 3435 3429 868
6328 2 2 1 2 3426 3429 3435
6329 2 2 1 2 864 3436 3417
6330 2 2 1 2 3436 868 3427
6331 2 2 1 2 3417 3427 99
6332 2 2 1 2 3436 3427 3417
6333 2 2 1 2 867 3435 3434
6334 2 2 1 2 3435 868 3436
6335 2 2 1 2 3434 3436 864
6336 2 2 1 2 3435 3436 3434
6337 2 2 1 2 58 3386 3370
6338 2 2 1 2 3386 857 3437
6339 2 2 1 2 3370 3437 852
6340 2 2 1 2 3386 3437 3370
6341 2 2 1 2 857 3391 3439
6342 2 2 1 2 3391 221 3438
6343 2 2 1 2 3439 3438 870
6344 2 2 1 2 3391 3438 3439
6345 2 2 1 2 852 3440 3373
6346 2 2 1 2 3440 870 3441
6347 2 2 1 2 3373 3441 219
6348 2 2 1 2 3440 3441 3373
6349 2 2 1 2 857 3439 3437
6350 2 2 1 2 3439 870 3440
6351 2 2 1 2 3437 3440 852
6352 2 2 1 2 3439 3440 3437
6353 2 2 1 2 221 3401 3443
6354 2 2 1 2 3401 862 3442
6355 2 2 1 2 3443 3442 871
6356 2 2 1 2 3401 3442 3443
6357 2 2 1 2 862 3407 3444
6358 2 2 1 2 3407 59 3421
6359 2 2 1 2 3444 3421 865
6360 2 2 1 2 3407 3421 3444
6361 2 2 1 2 871 3445 3446
6362 2 2 1 2 3445 865 3418
6363 2 2 1 2 3446 3418 222
6364 2 2 1 2 3445 3418 3446
6365 2 2 1 2 862 3444 3442
6366 2 2 1 2 3444 865 3445
6367 2 2 1 2 3442 3445 871
6368 2 2 1 2 3444 3445 3442
6369 2 2 1 2 219 3447 3378
6370 2 2 1 2 3447 872 3448
6371 2 2 1 2 3378 3448 855
6372 2 2 1 2 3447 3448 3378
6373 2 2 1 2 872 3449 3450
6374 2 2 1 2 3449 222 3413
6375 2 2 1 2 3450 3413 863
6376 2 2 1 2 3449 3413 3450
6377 2 2 1 2 855 3451 3381
6378 2 2 1 2 3451 863 3411
6379 2 2 1 2 3381 3411 28
6380 2 2 1 2 3451 3411 3381
6381 2 2 1 2 872 3450 3448
6382 2 2 1 2 3450 863 3451
6383 2 2 1 2 3448 3451 855
6384 2 2 1 2 3450 3451 3448
6385 2 2 1 2 221 3443 3438
6386 2 2 1 2 3443 871 3452
6387 2 2 1 2 3438 3452 870
6388 2 2 1 2 3443 3452 3438
6389 2 2 1 2 871 3446 3453
6390 2 2 1 2 3446 222 3449
6391 2 2 1 2 3453 3449 872
6392 2 2 1 2 3446 3449 3453
6393 2 2 1 2 870 3454 3441
6394 2 2 1 2 3454 872 3447
6395 2 2 1 2 3441 3447 219
6396 2 2 1 2 3454 3447 3441
6397 2 2 1 2 871 3453 3452
6398 2 2 1 2 3453 872 3454
6399 2 2 1 2 3452 3454 870
6400 2 2 1 2 3453 3454 3452
6401 2 2 1 2 17 3156 3456
6402 2 2 1 2 3156 802 3455
6403 2 2 1 2 3456 3455 874
6404 2 2 1 2 3156 3455 3456
6405 2 2 1 2 802 3153 3458
6406 2 2 1 2 3153 207 3457
6407 2 2 1 2 3458 3457 873
6408 2 2 1 2 3153 3457 3458
6409 2 2 1 2 874 3459 3461
6410 2 2 1 2 3459 873 3460
6411 2 2 1 2 3461 3460 225
6412 2 2 1 2 3459 3460 3461
6413 2 2 1 2 802 3458 3455
6414 2 2 1 2 3458 873 3459
6415 2 2 1 2 3455 3459 874
6416 2 2 1 2 3458 3459 3455
6417 2 2 1 2 207 3147 3463
6418 2 2 1 2 3147 799 3462
6419 2 2 1 2 3463 3462 876
6420 2 2 1 2 3147 3462 3463
6421 2 2 1 2 799 3144 3465
6422 2 2 1 2 3144 55 3464
6423 2 2 1 2 3465 3464 875
6424 2 2 1 2 3144 3464 3465
6425 2 2 1 2 876 3466 3468
6426 2 2 1 2 3466 875 3467
6427 2 2 1 2 3468 3467 224
6428 2 2 1 2 3466 3467 3468
6429 2 2 1 2 799 3465 3462
6430 2 2 1 2 3465 875 3466
6431 2 2 1 2 3462 3466 876
6432 2 2 1 2 3465 3466 3462
6433 2 2 1 2 225 3469 3471
6434 2 2 1 2 3469 877 3470
6435 2 2 1 2 3471 3470 879
6436 2 2 1 2 3469 3470 3471
6437 2 2 1 2 877 3472 3474
6438 2 2 1 2 3472 224 3473
6439 2 2 1 2 3474 3473 878
6440 2 2 1 2 3472 3473 3474
6441 2 2 1 2 879 3475 3477
6442 2 2 1 2 3475 878 3476
6443 2 2 1 2 3477 3476 61
6444 2 2 1 2 3475 3476 3477
6445 2 2 1 2 877 3474 3470
6446 2 2 1 2 3474 878 3475
6447 2 2 1 2 3470 3475 879
6448 2 2 1 2 3474 3475 3470
6449 2 2 1 2 207 3463 3457
6450 2 2 1 2 3463 876 3478
6451 2 2 1 2 3457 3478 873
6452 2 2 1 2 3463 3478 3457
6453 2 2 1 2 876 3468 3479
6454 2 2 1 2 3468 224 3472
6455 2 2 1 2 3479 3472 877
6456 2 2 1 2 3468 3472 3479
6457 2 2 1 2 873 3480 3460
6458 2 2 1 2 3480 877 3469
6459 2 2 1 2 3460 3469 225
6460 2 2 1 2 3480 3469 3460
6461 2 2 1 2 876 3479 3478
6462 2 2 1 2 3479 877 3480
6463 2 2 1 2 3478 3480 873
6464 2 2 1 2 3479 3480 3478
6465 2 2 1 2 55 3126 3482
6466 2 2 1 2 3126 793 3481
6467 2 2 1 2 3482 3481 881
6468 2 2 1 2 3126 3481 3482
6469 2 2 1 2 793 3123 3484
6470 2 2 1 2 3123 204 3483
6471 2 2 1 2 3484 3483 880
6472 2 2 1 2 3123 3483 3484
6473 2 2 1 2 881 3485 3487
6474 2 2 1 2 3485 880 3486
6475 2 2 1 2 3487 3486 227
6476 2 2 1 2 3485 3486 3487
6477 2 2 1 2 793 3484 3481
6478 2 2 1 2 3484 880 3485
6479 2 2 1 2 3481 3485 881
6480 2 2 1 2 3484 3485 3481
6481 2 2 1 2 204 3117 3489
6482 2 2 1 2 3117 790 3488
6483 2 2 1 2 3489 3488 883
6484 2 2 1 2 3117 3488 3489
6485 2 2 1 2 790 3114 3491
6486 2 2 1 2 3114 6 3490
6487 2 2 1 2 3491 3490 882
6488 2 2 1 2 3114 3490 3491
6489 2 2 1 2 883 3492 3494
6490 2 2 1 2 3492 882 3493
6491 2 2 1 2 3494 3493 226
6492 2 2 1 2 3492 3493 3494
6493 2 2 1 2 790 3491 3488
6494 2 2 1 2 3491 882 3492
6495 2 2 1 2 3488 3492 883
6496 2 2 1 2 3491 3492 3488
6497 2 2 1 2 227 3495 3497
6498 2 2 1 2 3495 884 3496
6499 2 2 1 2 3497 3496 886
6500 2 2 1 2 3495 3496 3497
6501 2 2 1 2 884 3498 3500
6502 2 2 1 2 3498 226 3499
6503 2 2 1 2 3500 3499 885
6504 2 2 1 2 3498 3499 3500
6505 2 2 1 2 886 3501 3503
6506 2 2 1 2 3501 885 3502
6507 2 2 1 2 3503 3502 60
6508 2 2 1 2 3501 3502 3503
6509 2 2 1 2 884 3500 3496
6510 2 2 1 2 3500 885 3501
6511 2 2 1 2 3496 3501 886
6512 2 2 1 2 3500 3501 3496
6513 2 2 1 2 204 3489 3483
6514 2 2 1 2 3489 883 3504
6515 2 2 1 2 3483 3504 880
6516 2 2 1 2 3489 3504 3483
6517 2 2 1 2 883 3494 3505
6518 2 2 1 2 3494 226 3498
6519 2 2 1 2 3505 3498 884
6520 2 2 1 2 3494 3498 3505
6521 2 2 1 2 880 3506 3486
6522 2 2 1 2 3506 884 3495
6523 2 2 1 2 3486 3495 227
6524 2 2 1 2 3506 3495 3486
6525 2 2 1 2 883 3505 3504
6526 2 2 1 2 3505 884 3506
6527 2 2 1 2 3504 3506 880
6528 2 2 1 2 3505 3506 3504
6529 2 2 1 2 61 3507 3509
6530 2 2 1 2 3507 887 3508
6531 2 2 1 2 3509 3508 889
6532 2 2 1 2 3507 3508 3509
6533 2 2 1 2 887 3510 3512
6534 2 2 1 2 3510 228 3511
6535 2 2 1 2 3512 3511 888
6536 2 2 1 2 3510 3511 3512
6537 2 2 1 2 889 3513 3515
6538 2 2 1 2 3513 888 3514
6539 2 2 1 2 3515 3514 230
6540 2 2 1 2 3513 3514 3515
6541 2 2 1 2 887 3512 3508
6542 2 2 1 2 3512 888 3513
6543 2 2 1 2 3508 3513 889
6544 2 2 1 2 3512 3513 3508
6545 2 2 1 2 228 3516 3518
6546 2 2 1 2 3516 890 3517
6547 2 2 1 2 3518 3517 892
6548 2 2 1 2 3516 3517 3518
6549 2 2 1 2 890 3519 3521
6550 2 2 1 2 3519 60 3520
6551 2 2 1 2 3521 3520 891
6552 2 2 1 2 3519 3520 3521
6553 2 2 1 2 892 3522 3524
6554 2 2 1 2 3522 891 3523
6555 2 2 1 2 3524 3523 229
6556 2 2 1 2 3522 3523 3524
6557 2 2 1 2 890 3521 3517
6558 2 2 1 2 3521 891 3522
6559 2 2 1 2 3517 3522 892
6560 2 2 1 2 3521 3522 3517
6561 2 2 1 2 230 3525 3527
6562 2 2 1 2 3525 893 3526
6563 2 2 1 2 3527 3526 895
6564 2 2 1 2 3525 3526 3527
6565 2 2 1 2 893 3528 3530
6566 2 2 1 2 3528 229 3529
6567 2 2 1 2 3530 3529 894
6568 2 2 1 2 3528 3529 3530
6569 2 2 1 2 895 3531 3533
6570 2 2 1 2 3531 894 3532
6571 2 2 1 2 3533 3532 18
6572 2 2 1 2 3531 3532 3533
6573 2 2 1 2 893 3530 3526
6574 2 2 1 2 3530 894 3531
6575 2 2 1 2 3526 3531 895
6576 2 2 1 2 3530 3531 3526
6577 2 2 1 2 228 3518 3511
6578 2 2 1 2 3518 892 3534
6579 2 2 1 2 3511 3534 888
6580 2 2 1 2 3518 3534 3511
6581 2 2 1 2 892 3524 3535
6582 2 2 1 2 3524 229 3528
6583 2 2 1 2 3535 3528 893
6584 2 2 1 2 3524 3528 3535
6585 2 2 1 2 888 3536 3514
6586 2 2 1 2 3536 893 3525
6587 2 2 1 2 3514 3525 230
6588 2 2 1 2 3536 3525 3514
6589 2 2 1 2 892 3535 3534
6590 2 2 1 2 3535 893 3536
6591 2 2 1 2 3534 3536 888
6592 2 2 1 2 3535 3536 3534
6593 2 2 1 2 55 3482 3464
6594 2 2 1 2 3482 881 3537
6595 2 2 1 2 3464 3537 875
6596 2 2 1 2 3482 3537 3464
6597 2 2 1 2 881 3487 3539
6598 2 2 1 2 3487 227 3538
6599 2 2 1 2 3539 3538 896
6600 2 2 1 2 3487 3538 3539
6601 2 2 1 2 875 3540 3467
6602 2 2 1 2 3540 896 3541
6603 2 2 1 2 3467 3541 224
6604 2 2 1 2 3540 3541 3467
6605 2 2 1 2 881 3539 3537
6606 2 2 1 2 3539 896 3540
6607 2 2 1 2 3537 3540 875
6608 2 2 1 2 3539 3540 3537
6609 2 2 1 2 227 3497 3543
6610 2 2 1 2 3497 886 3542
6611 2 2 1 2 3543 3542 897
6612 2 2 1 2 3497 3542 3543
6613 2 2 1 2 886 3503 3544
6614 2 2 1 2 3503 60 3519
6615 2 2 1 2 3544 3519 890
6616 2 2 1 2 3503 3519 3544
6617 2 2 1 2 897 3545 3546
6618 2 2 1 2 3545 890 3516
6619 2 2 1 2 3546 3516 228
6620 2 2 1 2 3545 3516 3546
6621 2 2 1 2 886 3544 3542
6622 2 2 1 2 3544 890 3545
6623 2 2 1 2 3542 3545 897
6624 2 2 1 2 3544 3545 3542
6625 2 2 1 2 224 3547 3473
6626 2 2 1 2 3547 898 3548
6627 2 2 1 2 3473 3548 878
6628 2 2 1 2 3547 3548 3473
6629 2 2 1 2 898 3549 3550
6630 2 2 1 2 3549 228 3510
6631 2 2 1 2 3550 3510 887
6632 2 2 1 2 3549 3510 3550
6633 2 2 1 2 878 3551 3476
6634 2 2 1 2 3551 887 3507
6635 2 2 1 2 3476 3507 61
6636 2 2 1 2 3551 3507 3476
6637 2 2 1 2 898 3550 3548
6638 2 2 1 2 3550 887 3551
6639 2 2 1 2 3548 3551 878
6640 2 2 1 2 3550 3551 3548
6641 2 2 1 2 227 3543 3538
6642 2 2 1 2 3543 897 3552
6643 2 2 1 2 3538 3552 896
6644 2 2 1 2 3543 3552 3538
6645 2 2 1 2 897 3546 3553
6646 2 2 1 2 3546 228 3549
6647 2 2 1 2 3553 3549 898
6648 2 2 1 2 3546 3549 3553
6649 2 2 1 2 896 3554 3541
6650 2 2 1 2 3554 898 3547
6651 2 2 1 2 3541 3547 224
6652 2 2 1 2 3554 3547 3541
6653 2 2 1 2 897 3553 3552
6654 2 2 1 2 3553 898 3554
6655 2 2 1 2 3552 3554 896
6656 2 2 1 2 3553 3554 3552
6657 2 2 1 2 10 3555 1535
6658 2 2 1 2 3555 899 3556
6659 2 2 1 2 1535 3556 393
6660 2 2 1 2 3555 3556 1535
6661 2 2 1 2 899 3557 3559
6662 2 2 1 2 3557 231 3558
6663 2 2 1 2 3559 3558 900
6664 2 2 1 2 3557 3558 3559
6665 2 2 1 2 393 3560 1538
6666 2 2 1 2 3560 900 3561
6667 2 2 1 2 1538 3561 104
6668 2 2 1 2 3560 3561 1538
6669 2 2 1 2 899 3559 3556
6670 2 2 1 2 3559 900 3560
6671 2 2 1 2 3556 3560 393
6672 2 2 1 2 3559 3560 3556
6673 2 2 1 2 231 3562 3564
6674 2 2 1 2 3562 901 3563
6675 2 2 1 2 3564 3563 903
6676 2 2 1 2 3562 3563 3564
6677 2 2 1 2 901 3565 3567
6678 2 2 1 2 3565 62 3566
6679 2 2 1 2 3567 3566 902
6680 2 2 1 2 3565 3566 3567
6681 2 2 1 2 903 3568 3570
6682 2 2 1 2 3568 902 3569
6683 2 2 1 2 3570 3569 232
6684 2 2 1 2 3568 3569 3570
6685 2 2 1 2 901 3567 3563
6686 2 2 1 2 3567 902 3568
6687 2 2 1 2 3563 3568 903
6688 2 2 1 2 3567 3568 3563
6689 2 2 1 2 104 3571 1544
6690 2 2 1 2 3571 904 3572
6691 2 2 1 2 1544 3572 396
6692 2 2 1 2 3571 3572 1544
6693 2 2 1 2 904 3573 3575
6694 2 2 1 2 3573 232 3574
6695 2 2 1 2 3575 3574 905
6696 2 2 1 2 3573 3574 3575
6697 2 2 1 2 396 3576 1547
6698 2 2 1 2 3576 905 3577
6699 2 2 1 2 1547 3577 30
6700 2 2 1 2 3576 3577 1547
6701 2 2 1 2 904 3575 3572
6702 2 2 1 2 3575 905 3576
6703 2 2 1 2 3572 3576 396
6704 2 2 1 2 3575 3576 3572
6705 2 2 1 2 231 3564 3558
6706 2 2 1 2 3564 903 3578
6707 2 2 1 2 3558 3578 900
6708 2 2 1 2 3564 3578 3558
6709 2 2 1 2 903 3570 3579
6710 2 2 1 2 3570 232 3573
6711 2 2 1 2 3579 3573 904
6712 2 2 1 2 3570 3573 3579
6713 2 2 1 2 900 3580 3561
6714 2 2 1 2 3580 904 3571
6715 2 2 1 2 3561 3571 104
6716 2 2 1 2 3580 3571 3561
6717 2 2 1 2 903 3579 3578
6718 2 2 1 2 3579 904 3580
6719 2 2 1 2 3578 3580 900
6720 2 2 1 2 3579 3580 3578
6721 2 2 1 2 62 3581 3583
6722 2 2 1 2 3581 906 3582
6723 2 2 1 2 3583 3582 908
6724 2 2 1 2 3581 3582 3583
6725 2 2 1 2 906 3584 3586
6726 2 2 1 2 3584 233 3585
6727 2 2 1 2 3586 3585 907
6728 2 2 1 2 3584 3585 3586
6729 2 2 1 2 908 3587 3589
6730 2 2 1 2 3587 907 3588
6731 2 2 1 2 3589 3588 235
6732 2 2 1 2 3587 3588 3589
6733 2 2 1 2 906 3586 3582
6734 2 2 1 2 3586 907 3587
6735 2 2 1 2 3582 3587 908
6736 2 2 1 2 3586 3587 3582
6737 2 2 1 2 233 3590 3592
6738 2 2 1 2 3590 909 3591
6739 2 2 1 2 3592 3591 911
6740 2 2 1 2 3590 3591 3592
6741 2 2 1 2 909 3593 3595
6742 2 2 1 2 3593 18 3594
6743 2 2 1 2 3595 3594 910
6744 2 2 1 2 3593 3594 3595
6745 2 2 1 2 911 3596 3598
6746 2 2 1 2 3596 910 3597
6747 2 2 1 2 3598 3597 234
6748 2 2 1 2 3596 3597 3598
6749 2 2 1 2 909 3595 3591
6750 2 2 1 2 3595 910 3596
6751 2 2 1 2 3591 3596 911
6752 2 2 1 2 3595 3596 3591
6753 2 2 1 2 235 3599 3601
6754 2 2 1 2 3599 912 3600
6755 2 2 1 2 3601 3600 914
6756 2 2 1 2 3599 3600 3601
6757 2 2 1 2 912 3602 3604
6758 2 2 1 2 3602 234 3603
6759 2 2 1 2 3604 3603 913
6760 2 2 1 2 3602 3603 3604
6761 2 2 1 2 914 3605 3607
6762 2 2 1 2 3605 913 3606
6763 2 2 1 2 3607 3606 63
6764 2 2 1 2 3605 3606 3607
6765 2 2 1 2 912 3604 3600
6766 2 2 1 2 3604 913 3605
6767 2 2 1 2 3600 3605 914
6768 2 2 1 2 3604 3605 3600
6769 2 2 1 2 233 3592 3585
6770 2 2 1 2 3592 911 3608
6771 2 2 1 2 3585 3608 907
6772 2 2 1 2 3592 3608 3585
6773 2 2 1 2 911 3598 3609
6774 2 2 1 2 3598 234 3602
6775 2 2 1 2 3609 3602 912
6776 2 2 1 2 3598 3602 3609
6777 2 2 1 2 907 3610 3588
6778 2 2 1 2 3610 912 3599
6779 2 2 1 2 3588 3599 235
6780 2 2 1 2 3610 3599 3588
6781 2 2 1 2 911 3609 3608
6782 2 2 1 2 3609 912 3610
6783 2 2 1 2 3608 3610 907
6784 2 2 1 2 3609 3610 3608
6785 2 2 1 2 30 3611 1565
6786 2 2 1 2 3611 915 3612
6787 2 2 1 2 1565 3612 402
6788 2 2 1 2 3611 3612 1565
6789 2 2 1 2 915 3613 3615
6790 2 2 1 2 3613 236 3614
6791 2 2 1 2 3615 3614 916
6792 2 2 1 2 3613 3614 3615
6793 2 2 1 2 402 3616 1568
6794 2 2 1 2 3616 916 3617
6795 2 2 1 2 1568 3617 107
6796 2 2 1 2 3616 3617 1568
6797 2 2 1 2 915 3615 3612
6798 2 2 1 2 3615 916 3616
6799 2 2 1 2 3612 3616 402
6800 2 2 1 2 3615 3616 3612
6801 2 2 1 2 236 3618 3620
6802 2 2 1 2 3618 917 3619
6803 2 2 1 2 3620 3619 919
6804 2 2 1 2 3618 3619 3620
6805 2 2 1 2 917 3621 3623
6806 2 2 1 2 3621 63 3622
6807 2 2 1 2 3623 3622 918
6808 2 2 1 2 3621 3622 3623
6809 2 2 1 2 919 3624 3626
6810 2 2 1 2 3624 918 3625
6811 2 2 1 2 3626 3625 237
6812 2 2 1 2 3624 3625 3626
6813 2 2 1 2 917 3623 3619
6814 2 2 1 2 3623 918 3624
6815 2 2 1 2 3619 3624 919
6816 2 2 1 2 3623 3624 3619
6817 2 2 1 2 107 3627 1574
6818 2 2 1 2 3627 920 3628
6819 2 2 1 2 1574 3628 405
6820 2 2 1 2 3627 3628 1574
6821 2 2 1 2 920 3629 3631
6822 2 2 1 2 3629 237 3630
6823 2 2 1 2 3631 3630 921
6824 2 2 1 2 3629 3630 3631
6825 2 2 1 2 405 3632 1577
6826 2 2 1 2 3632 921 3633
6827 2 2 1 2 1577 3633 4
6828 2 2 1 2 3632 3633 1577
6829 2 2 1 2 920 3631 3628
6830 2 2 1 2 3631 921 3632
6831 2 2 1 2 3628 3632 405
6832 2 2 1 2 3631 3632 3628
6833 2 2 1 2 236 3620 3614
6834 2 2 1 2 3620 919 3634
6835 2 2 1 2 3614 3634 916
6836 2 2 1 2 3620 3634 3614
6837 2 2 1 2 919 3626 3635
6838 2 2 1 2 3626 237 3629
6839 2 2 1 2 3635 3629 920
6840 2 2 1 2 3626 3629 3635
6841 2 2 1 2 916 3636 3617
6842 2 2 1 2 3636 920 3627
6843 2 2 1 2 3617 3627 107
6844 2 2 1 2 3636 3627 3617
6845 2 2 1 2 919 3635 3634
6846 2 2 1 2 3635 920 3636
6847 2 2 1 2 3634 3636 916
6848 2 2 1 2 3635 3636 3634
6849 2 2 1 2 62 3583 3566
6850 2 2 1 2 3583 908 3637
6851 2 2 1 2 3566 3637 902
6852 2 2 1 2 3583 3637 3566
6853 2 2 1 2 908 3589 3639
6854 2 2 1 2 3589 235 3638
6855 2 2 1 2 3639 3638 922
6856 2 2 1 2 3589 3638 3639
6857 2 2 1 2 902 3640 3569
6858 2 2 1 2 3640 922 3641
6859 2 2 1 2 3569 3641 232
6860 2 2 1 2 3640 3641 3569
6861 2 2 1 2 908 3639 3637
6862 2 2 1 2 3639 922 3640
6863 2 2 1 2 3637 3640 902
6864 2 2 1 2 3639 3640 3637
6865 2 2 1 2 235 3601 3643
6866 2 2 1 2 3601 914 3642
6867 2 2 1 2 3643 3642 923
6868 2 2 1 2 3601 3642 3643
6869 2 2 1 2 914 3607 3644
6870 2 2 1 2 3607 63 3621
6871 2 2 1 2 3644 3621 917
6872 2 2 1 2 3607 3621 3644
6873 2 2 1 2 923 3645 3646
6874 2 2 1 2 3645 917 3618
6875 2 2 1 2 3646 3618 236
6876 2 2 1 2 3645 3618 3646
6877 2 2 1 2 914 3644 3642
6878 2 2 1 2 3644 917 3645
6879 2 2 1 2 3642 3645 923
6880 2 2 1 2 3644 3645 3642
6881 2 2 1 2 232 3647 3574
6882 2 2 1 2 3647 924 3648
6883 2 2 1 2 3574 3648 905
6884 2 2 1 2 3647 3648 3574
6885 2 2 1 2 924 3649 3650
6886 2 2 1 2 3649 236 3613
6887 2 2 1 2 3650 3613 915
6888 2 2 1 2 3649 3613 3650
6889 2 2 1 2 905 3651 3577
6890 2 2 1 2 3651 915 3611
6891 2 2 1 2 3577 3611 30
6892 2 2 1 2 3651 3611 3577
6893 2 2 1 2 924 3650 3648
6894 2 2 1 2 3650 915 3651
6895 2 2 1 2 3648 3651 905
6896 2 2 1 2 3650 3651 3648
6897 2 2 1 2 235 3643 3638
6898 2 2 1 2 3643 923 3652
6899 2 2 1 2 3638 3652 922
6900 2 2 1 2 3643 3652 3638
6901 2 2 1 2 923 3646 3653
6902 2 2 1 2 3646 236 3649
6903 2 2 1 2 3653 3649 924
6904 2 2 1 2 3646 3649 3653
6905 2 2 1 2 922 3654 3641
6906 2 2 1 2 3654 924 3647
6907 2 2 1 2 3641 3647 232
6908 2 2 1 2 3654 3647 3641
6909 2 2 1 2 923 3653 3652
6910 2 2 1 2 3653 924 3654
6911 2 2 1 2 3652 3654 922
6912 2 2 1 2 3653 3654 3652
6913 2 2 1 2 17 3456 3394
6914 2 2 1 2 3456 874 3655
6915 2 2 1 2 3394 3655 858
6916 2 2 1 2 3456 3655 3394
6917 2 2 1 2 874 3461 3657
6918 2 2 1 2 3461 225 3656
6919 2 2 1 2 3657 3656 925
6920 2 2 1 2 3461 3656 3657
6921 2 2 1 2 858 3658 3397
6922 2 2 1 2 3658 925 3659
6923 2 2 1 2 3397 3659 220
6924 2 2 1 2 3658 3659 3397
6925 2 2 1 2 874 3657 3655
6926 2 2 1 2 3657 925 3658
6927 2 2 1 2 3655 3658 858
6928 2 2 1 2 3657 3658 3655
6929 2 2 1 2 225 3471 3661
6930 2 2 1 2 3471 879 3660
6931 2 2 1 2 3661 3660 927
6932 2 2 1 2 3471 3660 3661
6933 2 2 1 2 879 3477 3663
6934 2 2 1 2 3477 61 3662
6935 2 2 1 2 3663 3662 926
6936 2 2 1 2 3477 3662 3663
6937 2 2 1 2 927 3664 3666
6938 2 2 1 2 3664 926 3665
6939 2 2 1 2 3666 3665 238
6940 2 2 1 2 3664 3665 3666
6941 2 2 1 2 879 3663 3660
6942 2 2 1 2 3663 926 3664
6943 2 2 1 2 3660 3664 927
6944 2 2 1 2 3663 3664 3660
6945 2 2 1 2 220 3667 3403
6946 2 2 1 2 3667 928 3668
6947 2 2 1 2 3403 3668 861
6948 2 2 1 2 3667 3668 3403
6949 2 2 1 2 928 3669 3671
6950 2 2 1 2 3669 238 3670
6951 2 2 1 2 3671 3670 929
6952 2 2 1 2 3669 3670 3671
6953 2 2 1 2 861 3672 3406
6954 2 2 1 2 3672 929 3673
6955 2 2 1 2 3406 3673 59
6956 2 2 1 2 3672 3673 3406
6957 2 2 1 2 928 3671 3668
6958 2 2 1 2 3671 929 3672
6959 2 2 1 2 3668 3672 861
6960 2 2 1 2 3671 3672 3668
6961 2 2 1 2 225 3661 3656
6962 2 2 1 2 3661 927 3674
6963 2 2 1 2 3656 3674 925
6964 2 2 1 2 3661 3674 3656
6965 2 2 1 2 927 3666 3675
6966 2 2 1 2 3666 238 3669
6967 2 2 1 2 3675 3669 928
6968 2 2 1 2 3666 3669 3675
6969 2 2 1 2 925 3676 3659
6970 2 2 1 2 3676 928 3667
6971 2 2 1 2 3659 3667 220
6972 2 2 1 2 3676 3667 3659
6973 2 2 1 2 927 3675 3674
6974 2 2 1 2 3675 928 3676
6975 2 2 1 2 3674 3676 925
6976 2 2 1 2 3675 3676 3674
6977 2 2 1 2 61 3509 3678
6978 2 2 1 2 3509 889 3677
6979 2 2 1 2 3678 3677 931
6980 2 2 1 2 3509 3677 3678
6981 2 2 1 2 889 3515 3680
6982 2 2 1 2 3515 230 3679
6983 2 2 1 2 3680 3679 930
6984 2 2 1 2 3515 3679 3680
6985 2 2 1 2 931 3681 3683
6986 2 2 1 2 3681 930 3682
6987 2 2 1 2 3683 3682 239
6988 2 2 1 2 3681 3682 3683
6989 2 2 1 2 889 3680 3677
6990 2 2 1 2 3680 930 3681
6991 2 2 1 2 3677 3681 931
6992 2 2 1 2 3680 3681 3677
6993 2 2 1 2 230 3527 3685
6994 2 2 1 2 3527 895 3684
6995 2 2 1 2 3685 3684 932
6996 2 2 1 2 3527 3684 3685
6997 2 2 1 2 895 3533 3686
6998 2 2 1 2 3533 18 3593
6999 2 2 1 2 3686 3593 909
7000 2 2 1 2 3533 3593 3686
7001 2 2 1 2 932 3687 3688
7002 2 2 1 2 3687 909 3590
7003 2 2 1 2 3688 3590 233
7004 2 2 1 2 3687 3590 3688
7005 2 2 1 2 895 3686 3684
7006 2 2 1 2 3686 909 3687
7007 2 2 1 2 3684 3687 932
7008 2 2 1 2 3686 3687 3684
7009 2 2 1 2 239 3689 3691
7010 2 2 1 2 3689 933 3690
7011 2 2 1 2 3691 3690 934
7012 2 2 1 2 3689 3690 3691
7013 2 2 1 2 933 3692 3693
7014 2 2 1 2 3692 233 3584
7015 2 2 1 2 3693 3584 906
7016 2 2 1 2 3692 3584 3693
7017 2 2 1 2 934 3694 3695
7018 2 2 1 2 3694 906 3581
7019 2 2 1 2 3695 3581 62
7020 2 2 1 2 3694 3581 3695
7021 2 2 1 2 933 3693 3690
7022 2 2 1 2 3693 906 3694
7023 2 2 1 2 3690 3694 934
7024 2 2 1 2 3693 3694 3690
7025 2 2 1 2 230 3685 3679
7026 2 2 1 2 3685 932 3696
7027 2 2 1 2 3679 3696 930
7028 2 2 1 2 3685 3696 3679
7029 2 2 1 2 932 3688 3697
7030 2 2 1 2 3688 233 3692
7031 2 2 1 2 3697 3692 933
7032 2 2 1 2 3688 3692 3697
7033 2 2 1 2 930 3698 3682
7034 2 2 1 2 3698 933 3689
7035 2 2 1 2 3682 3689 239
7036 2 2 1 2 3698 3689 3682
7037 2 2 1 2 932 3697 3696
7038 2 2 1 2 3697 933 3698
7039 2 2 1 2 3696 3698 930
7040 2 2 1 2 3697 3698 3696
7041 2 2 1 2 59 3699 3422
7042 2 2 1 2 3699 935 3700
7043 2 2 1 2 3422 3700 866
7044 2 2 1 2 3699 3700 3422
7045 2 2 1 2 935 3701 3703
7046 2 2 1 2 3701 240 3702
7047 2 2 1 2 3703 3702 936
7048 2 2 1 2 3701 3702 3703
7049 2 2 1 2 866 3704 3425
7050 2 2 1 2 3704 936 3705
7051 2 2 1 2 3425 3705 223
7052 2 2 1 2 3704 3705 3425
7053 2 2 1 2 935 3703 3700
7054 2 2 1 2 3703 936 3704
7055 2 2 1 2 3700 3704 866
7056 2 2 1 2 3703 3704 3700
7057 2 2 1 2 240 3706 3708
7058 2 2 1 2 3706 937 3707
7059 2 2 1 2 3708 3707 938
7060 2 2 1 2 3706 3707 3708
7061 2 2 1 2 937 3709 3710
7062 2 2 1 2 3709 62 3565
7063 2 2 1 2 3710 3565 901
7064 2 2 1 2 3709 3565 3710
7065 2 2 1 2 938 3711 3712
7066 2 2 1 2 3711 901 3562
7067 2 2 1 2 3712 3562 231
7068 2 2 1 2 3711 3562 3712
7069 2 2 1 2 937 3710 3707
7070 2 2 1 2 3710 901 3711
7071 2 2 1 2 3707 3711 938
7072 2 2 1 2 3710 3711 3707
7073 2 2 1 2 223 3713 3430
7074 2 2 1 2 3713 939 3714
7075 2 2 1 2 3430 3714 869
7076 2 2 1 2 3713 3714 3430
7077 2 2 1 2 939 3715 3716
7078 2 2 1 2 3715 231 3557
7079 2 2 1 2 3716 3557 899
7080 2 2 1 2 3715 3557 3716
7081 2 2 1 2 869 3717 3433
7082 2 2 1 2 3717 899 3555
7083 2 2 1 2 3433 3555 10
7084 2 2 1 2 3717 3555 3433
7085 2 2 1 2 939 3716 3714
7086 2 2 1 2 3716 899 3717
7087 2 2 1 2 3714 3717 869
7088 2 2 1 2 3716 3717 3714
7089 2 2 1 2 240 3708 3702
7090 2 2 1 2 3708 938 3718
7091 2 2 1 2 3702 3718 936
7092 2 2 1 2 3708 3718 3702
7093 2 2 1 2 938 3712 3719
7094 2 2 1 2 3712 231 3715
7095 2 2 1 2 3719 3715 939
7096 2 2 1 2 3712 3715 3719
7097 2 2 1 2 936 3720 3705
7098 2 2 1 2 3720 939 3713
7099 2 2 1 2 3705 3713 223
7100 2 2 1 2 3720 3713 3705
7101 2 2 1 2 938 3719 3718
7102 2 2 1 2 3719 939 3720
7103 2 2 1 2 3718 3720 936
7104 2 2 1 2 3719 3720 3718
7105 2 2 1 2 61 3678 3662
7106 2 2 1 2 3678 931 3721
7107 2 2 1 2 3662 3721 926
7108 2 2 1 2 3678 3721 3662
7109 2 2 1 2 931 3683 3723
7110 2 2 1 2 3683 239 3722
7111 2 2 1 2 3723 3722 940
7112 2 2 1 2 3683 3722 3723
7113 2 2 1 2 926 3724 3665
7114 2 2 1 2 3724 940 3725
7115 2 2 1 2 3665 3725 238
7116 2 2 1 2 3724 3725 3665
7117 2 2 1 2 931 3723 3721
7118 2 2 1 2 3723 940 3724
7119 2 2 1 2 3721 3724 926
7120 2 2 1 2 3723 3724 3721
7121 2 2 1 2 239 3691 3727
7122 2 2 1 2 3691 934 3726
7123 2 2 1 2 3727 3726 941
7124 2 2 1 2 3691 3726 3727
7125 2 2 1 2 934 3695 3728
7126 2 2 1 2 3695 62 3709
7127 2 2 1 2 3728 3709 937
7128 2 2 1 2 3695 3709 3728
7129 2 2 1 2 941 3729 3730
7130 2 2 1 2 3729 937 3706
7131 2 2 1 2 3730 3706 240
7132 2 2 1 2 3729 3706 3730
7133 2 2 1 2 934 3728 3726
7134 2 2 1 2 3728 937 3729
7135 2 2 1 2 3726 3729 941
7136 2 2 1 2 3728 3729 3726
7137 2 2 1 2 238 3731 3670
7138 2 2 1 2 3731 942 3732
7139 2 2 1 2 3670 3732 929
7140 2 2 1 2 3731 3732 3670
7141 2 2 1 2 942 3733 3734
7142 2 2 1 2 3733 240 3701
7143 2 2 1 2 3734 3701 935
7144 2 2 1 2 3733 3701 3734
7145 2 2 1 2 929 3735 3673
7146 2 2 1 2 3735 935 3699
7147 2 2 1 2 3673 3699 59
7148 2 2 1 2 3735 3699 3673
7149 2 2 1 2 942 3734 3732
7150 2 2 1 2 3734 935 3735
7151 2 2 1 2 3732 3735 929
7152 2 2 1 2 3734 3735 3732
7153 2 2 1 2 239 3727 3722
7154 2 2 1 2 3727 941 3736
7155 2 2 1 2 3722 3736 940
7156 2 2 1 2 3727 3736 3722
7157 2 2 1 2 941 3730 3737
7158 2 2 1 2 3730 240 3733
7159 2 2 1 2 3737 3733 942
7160 2 2 1 2 3730 3733 3737
7161 2 2 1 2 940 3738 3725
7162 2 2 1 2 3738 942 3731
7163 2 2 1 2 3725 3731 238
7164 2 2 1 2 3738 3731 3725
7165 2 2 1 2 941 3737 3736
7166 2 2 1 2 3737 942 3738
7167 2 2 1 2 3736 3738 940
7168 2 2 1 2 3737 3738 3736
7169 2 2 1 2 4 3633 1827
7170 2 2 1 2 3633 921 3739
7171 2 2 1 2 1827 3739 467
7172 2 2 1 2 3633 3739 1827
7173 2 2 1 2 921 3630 3741
7174 2 2 1 2 3630 237 3740
7175 2 2 1 2 3741 3740 943
7176 2 2 1 2 3630 3740 3741
7177 2 2 1 2 467 3742 1829
7178 2 2 1 2 3742 943 3743
7179 2 2 1 2 1829 3743 123
7180 2 2 1 2 3742 3743 1829
7181 2 2 1 2 921 3741 3739
7182 2 2 1 2 3741 943 3742
7183 2 2 1 2 3739 3742 467
7184 2 2 1 2 3741 3742 3739
7185 2 2 1 2 237 3625 3745
7186 2 2 1 2 3625 918 3744
7187 2 2 1 2 3745 3744 945
7188 2 2 1 2 3625 3744 3745
7189 2 2 1 2 918 3622 3747
7190 2 2 1 2 3622 63 3746
7191 2 2 1 2 3747 3746 944
7192 2 2 1 2 3622 3746 3747
7193 2 2 1 2 945 3748 3750
7194 2 2 1 2 3748 944 3749
7195 2 2 1 2 3750 3749 241
7196 2 2 1 2 3748 3749 3750
7197 2 2 1 2 918 3747 3744
7198 2 2 1 2 3747 944 3748
7199 2 2 1 2 3744 3748 945
7200 2 2 1 2 3747 3748 3744
7201 2 2 1 2 123 3751 1834
7202 2 2 1 2 3751 946 3752
7203 2 2 1 2 1834 3752 469
7204 2 2 1 2 3751 3752 1834
7205 2 2 1 2 946 3753 3755
7206 2 2 1 2 3753 241 3754
7207 2 2 1 2 3755 3754 947
7208 2 2 1 2 3753 3754 3755
7209 2 2 1 2 469 3756 1837
7210 2 2 1 2 3756 947 3757
7211 2 2 1 2 1837 3757 35
7212 2 2 1 2 3756 3757 1837
7213 2 2 1 2 946 3755 3752
7214 2 2 1 2 3755 947 3756
7215 2 2 1 2 3752 3756 469
7216 2 2 1 2 3755 3756 3752
7217 2 2 1 2 237 3745 3740
7218 2 2 1 2 3745 945 3758
7219 2 2 1 2 3740 3758 943
7220 2 2 1 2 3745 3758 3740
7221 2 2 1 2 945 3750 3759
7222 2 2 1 2 3750 241 3753
7223 2 2 1 2 3759 3753 946
7224 2 2 1 2 3750 3753 3759
7225 2 2 1 2 943 3760 3743
7226 2 2 1 2 3760 946 3751
7227 2 2 1 2 3743 3751 123
7228 2 2 1 2 3760 3751 3743
7229 2 2 1 2 945 3759 3758
7230 2 2 1 2 3759 946 3760
7231 2 2 1 2 3758 3760 943
7232 2 2 1 2 3759 3760 3758
7233 2 2 1 2 63 3606 3762
7234 2 2 1 2 3606 913 3761
7235 2 2 1 2 3762 3761 949
7236 2 2 1 2 3606 3761 3762
7237 2 2 1 2 913 3603 3764
7238 2 2 1 2 3603 234 3763
7239 2 2 1 2 3764 3763 948
7240 2 2 1 2 3603 3763 3764
7241 2 2 1 2 949 3765 3767
7242 2 2 1 2 3765 948 3766
7243 2 2 1 2 3767 3766 243
7244 2 2 1 2 3765 3766 3767
7245 2 2 1 2 913 3764 3761
7246 2 2 1 2 3764 948 3765
7247 2 2 1 2 3761 3765 949
7248 2 2 1 2 3764 3765 3761
7249 2 2 1 2 234 3597 3769
7250 2 2 1 2 3597 910 3768
7251 2 2 1 2 3769 3768 951
7252 2 2 1 2 3597 3768 3769
7253 2 2 1 2 910 3594 3771
7254 2 2 1 2 3594 18 3770
7255 2 2 1 2 3771 3770 950
7256 2 2 1 2 3594 3770 3771
7257 2 2 1 2 951 3772 3774
7258 2 2 1 2 3772 950 3773
7259 2 2 1 2 3774 3773 242
7260 2 2 1 2 3772 3773 3774
7261 2 2 1 2 910 3771 3768
7262 2 2 1 2 3771 950 3772
7263 2 2 1 2 3768 3772 951
7264 2 2 1 2 3771 3772 3768
7265 2 2 1 2 243 3775 3777
7266 2 2 1 2 3775 952 3776
7267 2 2 1 2 3777 3776 954
7268 2 2 1 2 3775 3776 3777
7269 2 2 1 2 952 3778 3780
7270 2 2 1 2 3778 242 3779
7271 2 2 1 2 3780 3779 953
7272 2 2 1 2 3778 3779 3780
7273 2 2 1 2 954 3781 3783
7274 2 2 1 2 3781 953 3782
7275 2 2 1 2 3783 3782 64
7276 2 2 1 2 3781 3782 3783
7277 2 2 1 2 952 3780 3776
7278 2 2 1 2 3780 953 3781
7279 2 2 1 2 3776 3781 954
7280 2 2 1 2 3780 3781 3776
7281 2 2 1 2 234 3769 3763
7282 2 2 1 2 3769 951 3784
7283 2 2 1 2 3763 3784 948
7284 2 2 1 2 3769 3784 3763
7285 2 2 1 2 951 3774 3785
7286 2 2 1 2 3774 242 3778
7287 2 2 1 2 3785 3778 952
7288 2 2 1 2 3774 3778 3785
7289 2 2 1 2 948 3786 3766
7290 2 2 1 2 3786 952 3775
7291 2 2 1 2 3766 3775 243
7292 2 2 1 2 3786 3775 3766
7293 2 2 1 2 951 3785 3784
7294 2 2 1 2 3785 952 3786
7295 2 2 1 2 3784 3786 948
7296 2 2 1 2 3785 3786 3784
7297 2 2 1 2 35 3787 1853
7298 2 2 1 2 3787 955 3788
7299 2 2 1 2 1853 3788 474
7300 2 2 1 2 3787 3788 1853
7301 2 2 1 2 955 3789 3791
7302 2 2 1 2 3789 244 3790
7303 2 2 1 2 3791 3790 956
7304 2 2 1 2 3789 3790 3791
7305 2 2 1 2 474 3792 1856
7306 2 2 1 2 3792 956 3793
7307 2 2 1 2 1856 3793 125
7308 2 2 1 2 3792 3793 1856
7309 2 2 1 2 955 3791 3788
7310 2 2 1 2 3791 956 3792
7311 2 2 1 2 3788 3792 474
7312 2 2 1 2 3791 3792 3788
7313 2 2 1 2 244 3794 3796
7314 2 2 1 2 3794 957 3795
7315 2 2 1 2 3796 3795 959
7316 2 2 1 2 3794 3795 3796
7317 2 2 1 2 957 3797 3799
7318 2 2 1 2 3797 64 3798
7319 2 2 1 2 3799 3798 958
7320 2 2 1 2 3797 3798 3799
7321 2 2 1 2 959 3800 3802
7322 2 2 1 2 3800 958 3801
7323 2 2 1 2 3802 3801 245
7324 2 2 1 2 3800 3801 3802
7325 2 2 1 2 957 3799 3795
7326 2 2 1 2 3799 958 3800
7327 2 2 1 2 3795 3800 959
7328 2 2 1 2 3799 3800 3795
7329 2 2 1 2 125 3803 1862
7330 2 2 1 2 3803 960 3804
7331 2 2 1 2 1862 3804 477
7332 2 2 1 2 3803 3804 1862
7333 2 2 1 2 960 3805 3807
7334 2 2 1 2 3805 245 3806
7335 2 2 1 2 3807 3806 961
7336 2 2 1 2 3805 3806 3807
7337 2 2 1 2 477 3808 1865
7338 2 2 1 2 3808 961 3809
7339 2 2 1 2 1865 3809 12
7340 2 2 1 2 3808 3809 1865
7341 2 2 1 2 960 3807 3804
7342 2 2 1 2 3807 961 3808
7343 2 2 1 2 3804 3808 477
7344 2 2 1 2 3807 3808 3804
7345 2 2 1 2 244 3796 3790
7346 2 2 1 2 3796 959 3810
7347 2 2 1 2 3790 3810 956
7348 2 2 1 2 3796 3810 3790
7349 2 2 1 2 959 3802 3811
7350 2 2 1 2 3802 245 3805
7351 2 2 1 2 3811 3805 960
7352 2 2 1 2 3802 3805 3811
7353 2 2 1 2 956 3812 3793
7354 2 2 1 2 3812 960 3803
7355 2 2 1 2 3793 3803 125
7356 2 2 1 2 3812 3803 3793
7357 2 2 1 2 959 3811 3810
7358 2 2 1 2 3811 960 3812
7359 2 2 1 2 3810 3812 956
7360 2 2 1 2 3811 3812 3810
7361 2 2 1 2 63 3762 3746
7362 2 2 1 2 3762 949 3813
7363 2 2 1 2 3746 3813 944
7364 2 2 1 2 3762 3813 3746
7365 2 2 1 2 949 3767 3815
7366 2 2 1 2 3767 243 3814
7367 2 2 1 2 3815 3814 962
7368 2 2 1 2 3767 3814 3815
7369 2 2 1 2 944 3816 3749
7370 2 2 1 2 3816 962 3817
7371 2 2 1 2 3749 3817 241
7372 2 2 1 2 3816 3817 3749
7373 2 2 1 2 949 3815 3813
7374 2 2 1 2 3815 962 3816
7375 2 2 1 2 3813 3816 944
7376 2 2 1 2 3815 3816 3813
7377 2 2 1 2 243 3777 3819
7378 2 2 1 2 3777 954 3818
7379 2 2 1 2 3819 3818 963
7380 2 2 1 2 3777 3818 3819
7381 2 2 1 2 954 3783 3820
7382 2 2 1 2 3783 64 3797
7383 2 2 1 2 3820 3797 957
7384 2 2 1 2 3783 3797 3820
7385 2 2 1 2 963 3821 3822
7386 2 2 1 2 3821 957 3794
7387 2 2 1 2 3822 3794 244
7388 2 2 1 2 3821 3794 3822
7389 2 2 1 2 954 3820 3818
7390 2 2 1 2 3820 957 3821
7391 2 2 1 2 3818 3821 963
7392 2 2 1 2 3820 3821 3818
7393 2 2 1 2 241 3823 3754
7394 2 2 1 2 3823 964 3824
7395 2 2 1 2 3754 3824 947
7396 2 2 1 2 3823 3824 3754
7397 2 2 1 2 964 3825 3826
7398 2 2 1 2 3825 244 3789
7399 2 2 1 2 3826 3789 955
7400 2 2 1 2 3825 3789 3826
7401 2 2 1 2 947 3827 3757
7402 2 2 1 2 3827 955 3787
7403 2 2 1 2 3757 3787 35
7404 2 2 1 2 3827 3787 3757
7405 2 2 1 2 964 3826 3824
7406 2 2 1 2 3826 955 3827
7407 2 2 1 2 3824 3827 947
7408 2 2 1 2 3826 3827 3824
7409 2 2 1 2 243 3819 3814
7410 2 2 1 2 3819 963 3828
7411 2 2 1 2 3814 3828 962
7412 2 2 1 2 3819 3828 3814
7413 2 2 1 2 963 3822 3829
7414 2 2 1 2 3822 244 3825
7415 2 2 1 2 3829 3825 964
7416 2 2 1 2 3822 3825 3829
7417 2 2 1 2 962 3830 3817
7418 2 2 1 2 3830 964 3823
7419 2 2 1 2 3817 3823 241
7420 2 2 1 2 3830 3823 3817
7421 2 2 1 2 963 3829 3828
7422 2 2 1 2 3829 964 3830
7423 2 2 1 2 3828 3830 962
7424 2 2 1 2 3829 3830 3828
7425 2 2 1 2 18 3532 3832
7426 2 2 1 2 3532 894 3831
7427 2 2 1 2 3832 3831 966
7428 2 2 1 2 3532 3831 3832
7429 2 2 1 2 894 3529 3834
7430 2 2 1 2 3529 229 3833
7431 2 2 1 2 3834 3833 965
7432 2 2 1 2 3529 3833 3834
7433 2 2 1 2 966 3835 3837
7434 2 2 1 2 3835 965 3836
7435 2 2 1 2 3837 3836 247
7436 2 2 1 2 3835 3836 3837
7437 2 2 1 2 894 3834 3831
7438 2 2 1 2 3834 965 3835
7439 2 2 1 2 3831 3835 966
7440 2 2 1 2 3834 3835 3831
7441 2 2 1 2 229 3523 3839
7442 2 2 1 2 3523 891 3838
7443 2 2 1 2 3839 3838 968
7444 2 2 1 2 3523 3838 3839
7445 2 2 1 2 891 3520 3841
7446 2 2 1 2 3520 60 3840
7447 2 2 1 2 3841 3840 967
7448 2 2 1 2 3520 3840 3841
7449 2 2 1 2 968 3842 3844
7450 2 2 1 2 3842 967 3843
7451 2 2 1 2 3844 3843 246
7452 2 2 1 2 3842 3843 3844
7453 2 2 1 2 891 3841 3838
7454 2 2 1 2 3841 967 3842
7455 2 2 1 2 3838 3842 968
7456 2 2 1 2 3841 3842 3838
7457 2 2 1 2 247 3845 3847
7458 2 2 1 2 3845 969 3846
7459 2 2 1 2 3847 3846 971
7460 2 2 1 2 3845 3846 3847
7461 2 2 1 2 969 3848 3850
7462 2 2 1 2 3848 246 3849
7463 2 2 1 2 3850 3849 970
7464 2 2 1 2 3848 3849 3850
7465 2 2 1 2 971 3851 3853
7466 2 2 1 2 3851 970 3852
7467 2 2 1 2 3853 3852 65
7468 2 2 1 2 3851 3852 3853
7469 2 2 1 2 969 3850 3846
7470 2 2 1 2 3850 970 3851
7471 2 2 1 2 3846 3851 971
7472 2 2 1 2 3850 3851 3846
7473 2 2 1 2 229 3839 3833
7474 2 2 1 2 3839 968 3854
7475 2 2 1 2 3833 3854 965
7476 2 2 1 2 3839 3854 3833
7477 2 2 1 2 968 3844 3855
7478 2 2 1 2 3844 246 3848
7479 2 2 1 2 3855 3848 969
7480 2 2 1 2 3844 3848 3855
7481 2 2 1 2 965 3856 3836
7482 2 2 1 2 3856 969 3845
7483 2 2 1 2 3836 3845 247
7484 2 2 1 2 3856 3845 3836
7485 2 2 1 2 968 3855 3854
7486 2 2 1 2 3855 969 3856
7487 2 2 1 2 3854 3856 965
7488 2 2 1 2 3855 3856 3854
7489 2 2 1 2 60 3502 3858
7490 2 2 1 2 3502 885 3857
7491 2 2 1 2 3858 3857 973
7492 2 2 1 2 3502 3857 3858
7493 2 2 1 2 885 3499 3860
7494 2 2 1 2 3499 226 3859
7495 2 2 1 2 3860 3859 972
7496 2 2 1 2 3499 3859 3860
7497 2 2 1 2 973 3861 3863
7498 2 2 1 2 3861 972 3862
7499 2 2 1 2 3863 3862 248
7500 2 2 1 2 3861 3862 3863
7501 2 2 1 2 885 3860 3857
7502 2 2 1 2 3860 972 3861
7503 2 2 1 2 3857 3861 973
7504 2 2 1 2 3860 3861 3857
7505 2 2 1 2 226 3493 3865
7506 2 2 1 2 3493 882 3864
7507 2 2 1 2 3865 3864 974
7508 2 2 1 2 3493 3864 3865
7509 2 2 1 2 882 3490 3866
7510 2 2 1 2 3490 6 2737
7511 2 2 1 2 3866 2737 697
7512 2 2 1 2 3490 2737 3866
7513 2 2 1 2 974 3867 3868
7514 2 2 1 2 3867 697 2734
7515 2 2 1 2 3868 2734 181
7516 2 2 1 2 3867 2734 3868
7517 2 2 1 2 882 3866 3864
7518 2 2 1 2 3866 697 3867
7519 2 2 1 2 3864 3867 974
7520 2 2 1 2 3866 3867 3864
7521 2 2 1 2 248 3869 3871
7522 2 2 1 2 3869 975 3870
7523 2 2 1 2 3871 3870 976
7524 2 2 1 2 3869 3870 3871
7525 2 2 1 2 975 3872 3873
7526 2 2 1 2 3872 181 2728
7527 2 2 1 2 3873 2728 694
7528 2 2 1 2 3872 2728 3873
7529 2 2 1 2 976 3874 3875
7530 2 2 1 2 3874 694 2725
7531 2 2 1 2 3875 2725 49
7532 2 2 1 2 3874 2725 3875
7533 2 2 1 2 975 3873 3870
7534 2 2 1 2 3873 694 3874
7535 2 2 1 2 3870 3874 976
7536 2 2 1 2 3873 3874 3870
7537 2 2 1 2 226 3865 3859
7538 2 2 1 2 3865 974 3876
7539 2 2 1 2 3859 3876 972
7540 2 2 1 2 3865 3876 3859
7541 2 2 1 2 974 3868 3877
7542 2 2 1 2 3868 181 3872
7543 2 2 1 2 3877 3872 975
7544 2 2 1 2 3868 3872 3877
7545 2 2 1 2 972 3878 3862
7546 2 2 1 2 3878 975 3869
7547 2 2 1 2 3862 3869 248
7548 2 2 1 2 3878 3869 3862
7549 2 2 1 2 974 3877 3876
7550 2 2 1 2 3877 975 3878
7551 2 2 1 2 3876 3878 972
7552 2 2 1 2 3877 3878 3876
7553 2 2 1 2 65 3879 3881
7554 2 2 1 2 3879 977 3880
7555 2 2 1 2 3881 3880 979
7556 2 2 1 2 3879 3880 3881
7557 2 2 1 2 977 3882 3884
7558 2 2 1 2 3882 249 3883
7559 2 2 1 2 3884 3883 978
7560 2 2 1 2 3882 3883 3884
7561 2 2 1 2 979 3885 3887
7562 2 2 1 2 3885 978 3886
7563 2 2 1 2 3887 3886 250
7564 2 2 1 2 3885 3886 3887
7565 2 2 1 2 977 3884 3880
7566 2 2 1 2 3884 978 3885
7567 2 2 1 2 3880 3885 979
7568 2 2 1 2 3884 3885 3880
7569 2 2 1 2 249 3888 3890
7570 2 2 1 2 3888 980 3889
7571 2 2 1 2 3890 3889 981
7572 2 2 1 2 3888 3889 3890
7573 2 2 1 2 980 3891 3892
7574 2 2 1 2 3891 49 2707
7575 2 2 1 2 3892 2707 688
7576 2 2 1 2 3891 2707 3892
7577 2 2 1 2 981 3893 3894
7578 2 2 1 2 3893 688 2704
7579 2 2 1 2 3894 2704 178
7580 2 2 1 2 3893 2704 3894
7581 2 2 1 2 980 3892 3889
7582 2 2 1 2 3892 688 3893
7583 2 2 1 2 3889 3893 981
7584 2 2 1 2 3892 3893 3889
7585 2 2 1 2 250 3895 3897
7586 2 2 1 2 3895 982 3896
7587 2 2 1 2 3897 3896 983
7588 2 2 1 2 3895 3896 3897
7589 2 2 1 2 982 3898 3899
7590 2 2 1 2 3898 178 2698
7591 2 2 1 2 3899 2698 685
7592 2 2 1 2 3898 2698 3899
7593 2 2 1 2 983 3900 3901
7594 2 2 1 2 3900 685 2695
7595 2 2 1 2 3901 2695 15
7596 2 2 1 2 3900 2695 3901
7597 2 2 1 2 982 3899 3896
7598 2 2 1 2 3899 685 3900
7599 2 2 1 2 3896 3900 983
7600 2 2 1 2 3899 3900 3896
7601 2 2 1 2 249 3890 3883
7602 2 2 1 2 3890 981 3902
7603 2 2 1 2 3883 3902 978
7604 2 2 1 2 3890 3902 3883
7605 2 2 1 2 981 3894 3903
7606 2 2 1 2 3894 178 3898
7607 2 2 1 2 3903 3898 982
7608 2 2 1 2 3894 3898 3903
7609 2 2 1 2 978 3904 3886
7610 2 2 1 2 3904 982 3895
7611 2 2 1 2 3886 3895 250
7612 2 2 1 2 3904 3895 3886
7613 2 2 1 2 981 3903 3902
7614 2 2 1 2 3903 982 3904
7615 2 2 1 2 3902 3904 978
7616 2 2 1 2 3903 3904 3902
7617 2 2 1 2 60 3858 3840
7618 2 2 1 2 3858 973 3905
7619 2 2 1 2 3840 3905 967
7620 2 2 1 2 3858 3905 3840
7621 2 2 1 2 973 3863 3907
7622 2 2 1 2 3863 248 3906
7623 2 2 1 2 3907 3906 984
7624 2 2 1 2 3863 3906 3907
7625 2 2 1 2 967 3908 3843
7626 2 2 1 2 3908 984 3909
7627 2 2 1 2 3843 3909 246
7628 2 2 1 2 3908 3909 3843
7629 2 2 1 2 973 3907 3905
7630 2 2 1 2 3907 984 3908
7631 2 2 1 2 3905 3908 967
7632 2 2 1 2 3907 3908 3905
7633 2 2 1 2 248 3871 3911
7634 2 2 1 2 3871 976 3910
7635 2 2 1 2 3911 3910 985
7636 2 2 1 2 3871 3910 3911
7637 2 2 1 2 976 3875 3912
7638 2 2 1 2 3875 49 3891
7639 2 2 1 2 3912 3891 980
7640 2 2 1 2 3875 3891 3912
7641 2 2 1 2 985 3913 3914
7642 2 2 1 2 3913 980 3888
7643 2 2 1 2 3914 3888 249
7644 2 2 1 2 3913 3888 3914
7645 2 2 1 2 976 3912 3910
7646 2 2 1 2 3912 980 3913
7647 2 2 1 2 3910 3913 985
7648 2 2 1 2 3912 3913 3910
7649 2 2 1 2 246 3915 3849
7650 2 2 1 2 3915 986 3916
7651 2 2 1 2 3849 3916 970
7652 2 2 1 2 3915 3916 3849
7653 2 2 1 2 986 3917 3918
7654 2 2 1 2 3917 249 3882
7655 2 2 1 2 3918 3882 977
7656 2 2 1 2 3917 3882 3918
7657 2 2 1 2 970 3919 3852
7658 2 2 1 2 3919 977 3879
7659 2 2 1 2 3852 3879 65
7660 2 2 1 2 3919 3879 3852
7661 2 2 1 2 986 3918 3916
7662 2 2 1 2 3918 977 3919
7663 2 2 1 2 3916 3919 970
7664 2 2 1 2 3918 3919 3916
7665 2 2 1 2 248 3911 3906
7666 2 2 1 2 3911 985 3920
7667 2 2 1 2 3906 3920 984
7668 2 2 1 2 3911 3920 3906
7669 2 2 1 2 985 3914 3921
7670 2 2 1 2 3914 249 3917
7671 2 2 1 2 3921 3917 986
7672 2 2 1 2 3914 3917 3921
7673 2 2 1 2 984 3922 3909
7674 2 2 1 2 3922 986 3915
7675 2 2 1 2 3909 3915 246
7676 2 2 1 2 3922 3915 3909
7677 2 2 1 2 985 3921 3920
7678 2 2 1 2 3921 986 3922
7679 2 2 1 2 3920 3922 984
7680 2 2 1 2 3921 3922 3920
7681 2 2 1 2 12 3923 1927
7682 2 2 1 2 3923 987 3924
7683 2 2 1 2 1927 3924 493
7684 2 2 1 2 3923 3924 1927
7685 2 2 1 2 987 3925 3927
7686 2 2 1 2 3925 251 3926
7687 2 2 1 2 3927 3926 988
7688 2 2 1 2 3925 3926 3927
7689 2 2 1 2 493 3928 1930
7690 2 2 1 2 3928 988 3929
7691 2 2 1 2 1930 3929 130
7692 2 2 1 2 3928 3929 1930
7693 2 2 1 2 987 3927 3924
7694 2 2 1 2 3927 988 3928
7695 2 2 1 2 3924 3928 493
7696 2 2 1 2 3927 3928 3924
7697 2 2 1 2 251 3930 3932
7698 2 2 1 2 3930 989 3931
7699 2 2 1 2 3932 3931 991
7700 2 2 1 2 3930 3931 3932
7701 2 2 1 2 989 3933 3935
7702 2 2 1 2 3933 66 3934
7703 2 2 1 2 3935 3934 990
7704 2 2 1 2 3933 3934 3935
7705 2 2 1 2 991 3936 3938
7706 2 2 1 2 3936 990 3937
7707 2 2 1 2 3938 3937 252
7708 2 2 1 2 3936 3937 3938
7709 2 2 1 2 989 3935 3931
7710 2 2 1 2 3935 990 3936
7711 2 2 1 2 3931 3936 991
7712 2 2 1 2 3935 3936 3931
7713 2 2 1 2 130 3939 1936
7714 2 2 1 2 3939 992 3940
7715 2 2 1 2 1936 3940 496
7716 2 2 1 2 3939 3940 1936
7717 2 2 1 2 992 3941 3943
7718 2 2 1 2 3941 252 3942
7719 2 2 1 2 3943 3942 993
7720 2 2 1 2 3941 3942 3943
7721 2 2 1 2 496 3944 1939
7722 2 2 1 2 3944 993 3945
7723 2 2 1 2 1939 3945 37
7724 2 2 1 2 3944 3945 1939
7725 2 2 1 2 992 3943 3940
7726 2 2 1 2 3943 993 3944
7727 2 2 1 2 3940 3944 496
7728 2 2 1 2 3943 3944 3940
7729 2 2 1 2 251 3932 3926
7730 2 2 1 2 3932 991 3946
7731 2 2 1 2 3926 3946 988
7732 2 2 1 2 3932 3946 3926
7733 2 2 1 2 991 3938 3947
7734 2 2 1 2 3938 252 3941
7735 2 2 1 2 3947 3941 992
7736 2 2 1 2 3938 3941 3947
7737 2 2 1 2 988 3948 3929
7738 2 2 1 2 3948 992 3939
7739 2 2 1 2 3929 3939 130
7740 2 2 1 2 3948 3939 3929
7741 2 2 1 2 991 3947 3946
7742 2 2 1 2 3947 992 3948
7743 2 2 1 2 3946 3948 988
7744 2 2 1 2 3947 3948 3946
7745 2 2 1 2 66 3949 3951
7746 2 2 1 2 3949 994 3950
7747 2 2 1 2 3951 3950 996
7748 2 2 1 2 3949 3950 3951
7749 2 2 1 2 994 3952 3954
7750 2 2 1 2 3952 253 3953
7751 2 2 1 2 3954 3953 995
7752 2 2 1 2 3952 3953 3954
7753 2 2 1 2 996 3955 3957
7754 2 2 1 2 3955 995 3956
7755 2 2 1 2 3957 3956 254
7756 2 2 1 2 3955 3956 3957
7757 2 2 1 2 994 3954 3950
7758 2 2 1 2 3954 995 3955
7759 2 2 1 2 3950 3955 996
7760 2 2 1 2 3954 3955 3950
7761 2 2 1 2 253 3958 3960
7762 2 2 1 2 3958 997 3959
7763 2 2 1 2 3960 3959 998
7764 2 2 1 2 3958 3959 3960
7765 2 2 1 2 997 3961 3962
7766 2 2 1 2 3961 15 2633
7767 2 2 1 2 3962 2633 669
7768 2 2 1 2 3961 2633 3962
7769 2 2 1 2 998 3963 3964
7770 2 2 1 2 3963 669 2630
7771 2 2 1 2 3964 2630 173
7772 2 2 1 2 3963 2630 3964
7773 2 2 1 2 997 3962 3959
7774 2 2 1 2 3962 669 3963
7775 2 2 1 2 3959 3963 998
7776 2 2 1 2 3962 3963 3959
7777 2 2 1 2 254 3965 3967
7778 2 2 1 2 3965 999 3966
7779 2 2 1 2 3967 3966 1000
7780 2 2 1 2 3965 3966 3967
7781 2 2 1 2 999 3968 3969
7782 2 2 1 2 3968 173 2624
7783 2 2 1 2 3969 2624 666
7784 2 2 1 2 3968 2624 3969
7785 2 2 1 2 1000 3970 3971
7786 2 2 1 2 3970 666 2621
7787 2 2 1 2 3971 2621 47
7788 2 2 1 2 3970 2621 3971
7789 2 2 1 2 999 3969 3966
7790 2 2 1 2 3969 666 3970
7791 2 2 1 2 3966 3970 1000
7792 2 2 1 2 3969 3970 3966
7793 2 2 1 2 253 3960 3953
7794 2 2 1 2 3960 998 3972
7795 2 2 1 2 3953 3972 995
7796 2 2 1 2 3960 3972 3953
7797 2 2 1 2 998 3964 3973
7798 2 2 1 2 3964 173 3968
7799 2 2 1 2 3973 3968 999
7800 2 2 1 2 3964 3968 3973
7801 2 2 1 2 995 3974 3956
7802 2 2 1 2 3974 999 3965
7803 2 2 1 2 3956 3965 254
7804 2 2 1 2 3974 3965 3956
7805 2 2 1 2 998 3973 3972
7806 2 2 1 2 3973 999 3974
7807 2 2 1 2 3972 3974 995
7808 2 2 1 2 3973 3974 3972
7809 2 2 1 2 37 3975 1957
7810 2 2 1 2 3975 1001 3976
7811 2 2 1 2 1957 3976 502
7812 2 2 1 2 3975 3976 1957
7813 2 2 1 2 1001 3977 3979
7814 2 2 1 2 3977 255 3978
7815 2 2 1 2 3979 3978 1002
7816 2 2 1 2 3977 3978 3979
7817 2 2 1 2 502 3980 1960
7818 2 2 1 2 3980 1002 3981
7819 2 2 1 2 1960 3981 133
7820 2 2 1 2 3980 3981 1960
7821 2 2 1 2 1001 3979 3976
7822 2 2 1 2 3979 1002 3980
7823 2 2 1 2 3976 3980 502
7824 2 2 1 2 3979 3980 3976
7825 2 2 1 2 255 3982 3984
7826 2 2 1 2 3982 1003 3983
7827 2 2 1 2 3984 3983 1004
7828 2 2 1 2 3982 3983 3984
7829 2 2 1 2 1003 3985 3986
7830 2 2 1 2 3985 47 2605
7831 2 2 1 2 3986 2605 661
7832 2 2 1 2 3985 2605 3986
7833 2 2 1 2 1004 3987 3988
7834 2 2 1 2 3987 661 2602
7835 2 2 1 2 3988 2602 171
7836 2 2 1 2 3987 2602 3988
7837 2 2 1 2 1003 3986 3983
7838 2 2 1 2 3986 661 3987
7839 2 2 1 2 3983 3987 1004
7840 2 2 1 2 3986 3987 3983
7841 2 2 1 2 133 3989 1966
7842 2 2 1 2 3989 1005 3990
7843 2 2 1 2 1966 3990 505
7844 2 2 1 2 3989 3990 1966
7845 2 2 1 2 1005 3991 3992
7846 2 2 1 2 3991 171 2597
7847 2 2 1 2 3992 2597 659
7848 2 2 1 2 3991 2597 3992
7849 2 2 1 2 505 3993 1969
7850 2 2 1 2 3993 659 2595
7851 2 2 1 2 1969 2595 5
7852 2 2 1 2 3993 2595 1969
7853 2 2 1 2 1005 3992 3990
7854 2 2 1 2 3992 659 3993
7855 2 2 1 2 3990 3993 505
7856 2 2 1 2 3992 3993 3990
7857 2 2 1 2 255 3984 3978
7858 2 2 1 2 3984 1004 3994
7859 2 2 1 2 3978 3994 1002
7860 2 2 1 2 3984 3994 3978
7861 2 2 1 2 1004 3988 3995
7862 2 2 1 2 3988 171 3991
7863 2 2 1 2 3995 3991 1005
7864 2 2 1 2 3988 3991 3995
7865 2 2 1 2 1002 3996 3981
7866 2 2 1 2 3996 1005 3989
7867 2 2 1 2 3981 3989 133
7868 2 2 1 2 3996 3989 3981
7869 2 2 1 2 1004 3995 3994
7870 2 2 1 2 3995 1005 3996
7871 2 2 1 2 3994 3996 1002
7872 2 2 1 2 3995 3996 3994
7873 2 2 1 2 66 3951 3934
7874 2 2 1 2 3951 996 3997
7875 2 2 1 2 3934 3997 990
7876 2 2 1 2 3951 3997 3934
7877 2 2 1 2 996 3957 3999
7878 2 2 1 2 3957 254 3998
7879 2 2 1 2 3999 3998 1006
7880 2 2 1 2 3957 3998 3999
7881 2 2 1 2 990 4000 3937
7882 2 2 1 2 4000 1006 4001
7883 2 2 1 2 3937 4001 252
7884 2 2 1 2 4000 4001 3937
7885 2 2 1 2 996 3999 3997
7886 2 2 1 2 3999 1006 4000
7887 2 2 1 2 3997 4000 990
7888 2 2 1 2 3999 4000 3997
7889 2 2 1 2 254 3967 4003
7890 2 2 1 2 3967 1000 4002
7891 2 2 1 2 4003 4002 1007
7892 2 2 1 2 3967 4002 4003
7893 2 2 1 2 1000 3971 4004
7894 2 2 1 2 3971 47 3985
7895 2 2 1 2 4004 3985 1003
7896 2 2 1 2 3971 3985 4004
7897 2 2 1 2 1007 4005 4006
7898 2 2 1 2 4005 1003 3982
7899 2 2 1 2 4006 3982 255
7900 2 2 1 2 4005 3982 4006
7901 2 2 1 2 1000 4004 4002
7902 2 2 1 2 4004 1003 4005
7903 2 2 1 2 4002 4005 1007
7904 2 2 1 2 4004 4005 4002
7905 2 2 1 2 252 4007 3942
7906 2 2 1 2 4007 1008 4008
7907 2 2 1 2 3942 4008 993
7908 2 2 1 2 4007 4008 3942
7909 2 2 1 2 1008 4009 4010
7910 2 2 1 2 4009 255 3977
7911 2 2 1 2 4010 3977 1001
7912 2 2 1 2 4009 3977 4010
7913 2 2 1 2 993 4011 3945
7914 2 2 1 2 4011 1001 3975
7915 2 2 1 2 3945 3975 37
7916 2 2 1 2 4011 3975 3945
7917 2 2 1 2 1008 4010 4008
7918 2 2 1 2 4010 1001 4011
7919 2 2 1 2 4008 4011 993
7920 2 2 1 2 4010 4011 4008
7921 2 2 1 2 254 4003 3998
7922 2 2 1 2 4003 1007 4012
7923 2 2 1 2 3998 4012 1006
7924 2 2 1 2 4003 4012 3998
7925 2 2 1 2 1007 4006 4013
7926 2 2 1 2 4006 255 4009
7927 2 2 1 2 4013 4009 1008
7928 2 2 1 2 4006 4009 4013
7929 2 2 1 2 1006 4014 4001
7930 2 2 1 2 4014 1008 4007
7931 2 2 1 2 4001 4007 252
7932 2 2 1 2 4014 4007 4001
7933 2 2 1 2 1007 4013 4012
7934 2 2 1 2 4013 1008 4014
7935 2 2 1 2 4012 4014 1006
7936 2 2 1 2 4013 4014 4012
7937 2 2 1 2 18 3832 3770
7938 2 2 1 2 3832 966 4015
7939 2 2 1 2 3770 4015 950
7940 2 2 1 2 3832 4015 3770
7941 2 2 1 2 966 3837 4017
7942 2 2 1 2 3837 247 4016
7943 2 2 1 2 4017 4016 1009
7944 2 2 1 2 3837 4016 4017
7945 2 2 1 2 950 4018 3773
7946 2 2 1 2 4018 1009 4019
7947 2 2 1 2 3773 4019 242
7948 2 2 1 2 4018 4019 3773
7949 2 2 1 2 966 4017 4015
7950 2 2 1 2 4017 1009 4018
7951 2 2 1 2 4015 4018 950
7952 2 2 1 2 4017 4018 4015
7953 2 2 1 2 247 3847 4021
7954 2 2 1 2 3847 971 4020
7955 2 2 1 2 4021 4020 1011
7956 2 2 1 2 3847 4020 4021
7957 2 2 1 2 971 3853 4023
7958 2 2 1 2 3853 65 4022
7959 2 2 1 2 4023 4022 1010
7960 2 2 1 2 3853 4022 4023
7961 2 2 1 2 1011 4024 4026
7962 2 2 1 2 4024 1010 4025
7963 2 2 1 2 4026 4025 256
7964 2 2 1 2 4024 4025 4026
7965 2 2 1 2 971 4023 4020
7966 2 2 1 2 4023 1010 4024
7967 2 2 1 2 4020 4024 1011
7968 2 2 1 2 4023 4024 4020
7969 2 2 1 2 242 4027 3779
7970 2 2 1 2 4027 1012 4028
7971 2 2 1 2 3779 4028 953
7972 2 2 1 2 4027 4028 3779
7973 2 2 1 2 1012 4029 4031
7974 2 2 1 2 4029 256 4030
7975 2 2 1 2 4031 4030 1013
7976 2 2 1 2 4029 4030 4031
7977 2 2 1 2 953 4032 3782
7978 2 2 1 2 4032 1013 4033
7979 2 2 1 2 3782 4033 64
7980 2 2 1 2 4032 4033 3782
7981 2 2 1 2 1012 4031 4028
7982 2 2 1 2 4031 1013 4032
7983 2 2 1 2 4028 4032 953
7984 2 2 1 2 4031 4032 4028
7985 2 2 1 2 247 4021 4016
7986 2 2 1 2 4021 1011 4034
7987 2 2 1 2 4016 4034 1009
7988 2 2 1 2 4021 4034 4016
7989 2 2 1 2 1011 4026 4035
7990 2 2 1 2 4026 256 4029
7991 2 2 1 2 4035 4029 1012
7992 2 2 1 2 4026 4029 4035
7993 2 2 1 2 1009 4036 4019
7994 2 2 1 2 4036 1012 4027
7995 2 2 1 2 4019 4027 242
7996 2 2 1 2 4036 4027 4019
7997 2 2 1 2 1011 4035 4034
7998 2 2 1 2 4035 1012 4036
7999 2 2 1 2 4034 4036 1009
8000 2 2 1 2 4035 4036 4034
8001 2 2 1 2 65 3881 4038
8002 2 2 1 2 3881 979 4037
8003 2 2 1 2 4038 4037 1015
8004 2 2 1 2 3881 4037 4038
8005 2 2 1 2 979 3887 4040
8006 2 2 1 2 3887 250 4039
8007 2 2 1 2 4040 4039 1014
8008 2 2 1 2 3887 4039 4040
8009 2 2 1 2 1015 4041 4043
8010 2 2 1 2 4041 1014 4042
8011 2 2 1 2 4043 4042 257
8012 2 2 1 2 4041 4042 4043
8013 2 2 1 2 979 4040 4037
8014 2 2 1 2 4040 1014 4041
8015 2 2 1 2 4037 4041 1015
8016 2 2 1 2 4040 4041 4037
8017 2 2 1 2 250 3897 4045
8018 2 2 1 2 3897 983 4044
8019 2 2 1 2 4045 4044 1016
8020 2 2 1 2 3897 4044 4045
8021 2 2 1 2 983 3901 4046
8022 2 2 1 2 3901 15 3961
8023 2 2 1 2 4046 3961 997
8024 2 2 1 2 3901 3961 4046
8025 2 2 1 2 1016 4047 4048
8026 2 2 1 2 4047 997 3958
8027 2 2 1 2 4048 3958 253
8028 2 2 1 2 4047 3958 4048
8029 2 2 1 2 983 4046 4044
8030 2 2 1 2 4046 997 4047
8031 2 2 1 2 4044 4047 1016
8032 2 2 1 2 4046 4047 4044
8033 2 2 1 2 257 4049 4051
8034 2 2 1 2 4049 1017 4050
8035 2 2 1 2 4051 4050 1018
8036 2 2 1 2 4049 4050 4051
8037 2 2 1 2 1017 4052 4053
8038 2 2 1 2 4052 253 3952
8039 2 2 1 2 4053 3952 994
8040 2 2 1 2 4052 3952 4053
8041 2 2 1 2 1018 4054 4055
8042 2 2 1 2 4054 994 3949
8043 2 2 1 2 4055 3949 66
8044 2 2 1 2 4054 3949 4055
8045 2 2 1 2 1017 4053 4050
8046 2 2 1 2 4053 994 4054
8047 2 2 1 2 4050 4054 1018
8048 2 2 1 2 4053 4054 4050
8049 2 2 1 2 250 4045 4039
8050 2 2 1 2 4045 1016 4056
8051 2 2 1 2 4039 4056 1014
8052 2 2 1 2 4045 4056 4039
8053 2 2 1 2 1016 4048 4057
8054 2 2 1 2 4048 253 4052
8055 2 2 1 2 4057 4052 1017
8056 2 2 1 2 4048 4052 4057
8057 2 2 1 2 1014 4058 4042
8058 2 2 1 2 4058 1017 4049
8059 2 2 1 2 4042 4049 257
8060 2 2 1 2 4058 4049 4042
8061 2 2 1 2 1016 4057 4056
8062 2 2 1 2 4057 1017 4058
8063 2 2 1 2 4056 4058 1014
8064 2 2 1 2 4057 4058 4056
8065 2 2 1 2 64 4059 3798
8066 2 2 1 2 4059 1019 4060
8067 2 2 1 2 3798 4060 958
8068 2 2 1 2 4059 4060 3798
8069 2 2 1 2 1019 4061 4063
8070 2 2 1 2 4061 258 4062
8071 2 2 1 2 4063 4062 1020
8072 2 2 1 2 4061 4062 4063
8073 2 2 1 2 958 4064 3801
8074 2 2 1 2 4064 1020 4065
8075 2 2 1 2 3801 4065 245
8076 2 2 1 2 4064 4065 3801
8077 2 2 1 2 1019 4063 4060
8078 2 2 1 2 4063 1020 4064
8079 2 2 1 2 4060 4064 958
8080 2 2 1 2 4063 4064 4060
8081 2 2 1 2 258 4066 4068
8082 2 2 1 2 4066 1021 4067
8083 2 2 1 2 4068 4067 1022
8084 2 2 1 2 4066 4067 4068
8085 2 2 1 2 1021 4069 4070
8086 2 2 1 2 4069 66 3933
8087 2 2 1 2 4070 3933 989
8088 2 2 1 2 4069 3933 4070
8089 2 2 1 2 1022 4071 4072
8090 2 2 1 2 4071 989 3930
8091 2 2 1 2 4072 3930 251
8092 2 2 1 2 4071 3930 4072
8093 2 2 1 2 1021 4070 4067
8094 2 2 1 2 4070 989 4071
8095 2 2 1 2 4067 4071 1022
8096 2 2 1 2 4070 4071 4067
8097 2 2 1 2 245 4073 3806
8098 2 2 1 2 4073 1023 4074
8099 2 2 1 2 3806 4074 961
8100 2 2 1 2 4073 4074 3806
8101 2 2 1 2 1023 4075 4076
8102 2 2 1 2 4075 251 3925
8103 2 2 1 2 4076 3925 987
8104 2 2 1 2 4075 3925 4076
8105 2 2 1 2 961 4077 3809
8106 2 2 1 2 4077 987 3923
8107 2 2 1 2 3809 3923 12
8108 2 2 1 2 4077 3923 3809
8109 2 2 1 2 1023 4076 4074
8110 2 2 1 2 4076 987 4077
8111 2 2 1 2 4074 4077 961
8112 2 2 1 2 4076 4077 4074
8113 2 2 1 2 258 4068 4062
8114 2 2 1 2 4068 1022 4078
8115 2 2 1 2 4062 4078 1020
8116 2 2 1 2 4068 4078 4062
8117 2 2 1 2 1022 4072 4079
8118 2 2 1 2 4072 251 4075
8119 2 2 1 2 4079 4075 1023
8120 2 2 1 2 4072 4075 4079
8121 2 2 1 2 1020 4080 4065
8122 2 2 1 2 4080 1023 4073
8123 2 2 1 2 4065 4073 245
8124 2 2 1 2 4080 4073 4065
8125 2 2 1 2 1022 4079 4078
8126 2 2 1 2 4079 1023 4080
8127 2 2 1 2 4078 4080 1020
8128 2 2 1 2 4079 4080 4078
8129 2 2 1 2 65 4038 4022
8130 2 2 1 2 4038 1015 4081
8131 2 2 1 2 4022 4081 1010
8132 2 2 1 2 4038 4081 4022
8133 2 2 1 2 1015 4043 4083
8134 2 2 1 2 4043 257 4082
8135 2 2 1 2 4083 4082 1024
8136 2 2 1 2 4043 4082 4083
8137 2 2 1 2 1010 4084 4025
8138 2 2 1 2 4084 1024 4085
8139 2 2 1 2 4025 4085 256
8140 2 2 1 2 4084 4085 4025
8141 2 2 1 2 1015 4083 4081
8142 2 2 1 2 4083 1024 4084
8143 2 2 1 2 4081 4084 1010
8144 2 2 1 2 4083 4084 4081
8145 2 2 1 2 257 4051 4087
8146 2 2 1 2 4051 1018 4086
8147 2 2 1 2 4087 4086 1025
8148 2 2 1 2 4051 4086 4087
8149 2 2 1 2 1018 4055 4088
8150 2 2 1 2 4055 66 4069
8151 2 2 1 2 4088 4069 1021
8152 2 2 1 2 4055 4069 4088
8153 2 2 1 2 1025 4089 4090
8154 2 2 1 2 4089 1021 4066
8155 2 2 1 2 4090 4066 258
8156 2 2 1 2 4089 4066 4090
8157 2 2 1 2 1018 4088 4086
8158 2 2 1 2 4088 1021 4089
8159 2 2 1 2 4086 4089 1025
8160 2 2 1 2 4088 4089 4086
8161 2 2 1 2 256 4091 4030
8162 2 2 1 2 4091 1026 4092
8163 2 2 1 2 4030 4092 1013
8164 2 2 1 2 4091 4092 4030
8165 2 2 1 2 1026 4093 4094
8166 2 2 1 2 4093 258 4061
8167 2 2 1 2 4094 4061 1019
8168 2 2 1 2 4093 4061 4094
8169 2 2 1 2 1013 4095 4033
8170 2 2 1 2 4095 1019 4059
8171 2 2 1 2 4033 4059 64
8172 2 2 1 2 4095 4059 4033
8173 2 2 1 2 1026 4094 4092
8174 2 2 1 2 4094 1019 4095
8175 2 2 1 2 4092 4095 1013
8176 2 2 1 2 4094 4095 4092
8177 2 2 1 2 257 4087 4082
8178 2 2 1 2 4087 1025 4096
8179 2 2 1 2 4082 4096 1024
8180 2 2 1 2 4087 4096 4082
8181 2 2 1 2 1025 4090 4097
8182 2 2 1 2 4090 258 4093
8183 2 2 1 2 4097 4093 1026
8184 2 2 1 2 4090 4093 4097
8185 2 2 1 2 1024 4098 4085
8186 2 2 1 2 4098 1026 4091
8187 2 2 1 2 4085 4091 256
8188 2 2 1 2 4098 4091 4085
8189 2 2 1 2 1025 4097 4096
8190 2 2 1 2 4097 1026 4098
8191 2 2 1 2 4096 4098 1024
8192 2 2 1 2 4097 4098 4096
$EndElements
