$MeshFormat
2.2 0 8
$EndMeshFormat
$Nodes
4098
1 1.6626251654448134 0.0 0.0
2 0.0 1.6483175835878288 0.0
3 0.0 0.0 1.610672328934698
4 -1.5193634206913582 0.0 0.0
5 0.0 -1.6148016578770044 0.0
6 0.0 0.0 -1.6329253978272689
7 1.3631917703630227 1.3631917703630227 0.0
8 0.0 1.3251431878154578 1.3251431878154578
9 1.3619746104774308 0.0 1.3619746104774308
10 -1.4127275805998805 1.4127275805998805 0.0
11 -1.3479389090242189 0.0 1.3479389090242189
12 -1.2989355048680489 -1.2989355048680489 0.0
13 0.0 -1.3219699611251607 1.3219699611251607
14 1.3614054267755138 -1.3614054267755138 0.0
15 0.0 -1.3335152183901446 -1.3335152183901446
16 1.3664972097452817 0.0 -1.3664972097452817
17 0.0 1.3368872246184262 -1.3368872246184262
18 -1.4068177706336236 0.0 -1.4068177706336236
19 1.6515442613449944 0.6840920319085521 0.0
20 1.6545954284059667 0.8272977142029834 0.8272977142029834
21 1.6411913328798435 0.0 0.679803708528008
22 0.6722358381340641 1.6229208775365025 0.0
23 0.0 1.5909886319060735 0.6590090689169115
24 0.8240728963013212 1.6481457926026424 0.8240728963013212
25 0.8253966213981442 0.8253966213981442 1.6507932427962884
26 0.0 0.6542593989895498 1.5795219143506414
27 0.6629989607110808 0.0 1.6006210827879581
28 -0.6978767189142543 1.684823439667229 0.0
29 -0.7892443952117988 1.5784887904235976 0.7892443952117988
30 -1.5272755548500856 0.6326182482997992 0.0
31 -1.4809555247273187 0.0 0.613431863613419
32 -1.6774250969760234 0.8387125484880117 0.8387125484880117
33 -0.8040120819350824 0.8040120819350824 1.608024163870165
34 -0.6653889738025549 0.0 1.6063910848076441
35 -1.4524566436095376 -0.6016272405419754 0.0
36 -1.3342594075599736 -0.6671297037799868 0.6671297037799868
37 -0.661490949954628 -1.5969804227675255 0.0
38 0.0 -1.5700456942870247 0.6503342201191677
39 -0.7454300182458778 -1.4908600364917557 0.7454300182458778
40 -0.7548489169998132 -0.7548489169998132 1.5096978339996263
41 0.0 -0.6474615437821034 1.5631104401137756
42 0.6694316568568652 -1.616150985065736 0.0
43 0.7434331235536219 -1.4868662471072438 0.7434331235536219
44 1.653873511345746 -0.6850568388490208 0.0
45 1.5169621930297768 -0.7584810965148884 0.7584810965148884
46 0.741494540394115 -0.741494540394115 1.48298908078823
47 0.0 -1.5869974391308121 -0.6573558627393526
48 0.8252740363662926 -1.6505480727325852 -0.8252740363662926
49 0.0 -0.6524538355865959 -1.5751628986955055
50 0.6586385098444932 0.0 -1.5900940231677811
51 0.8217013599454934 -0.8217013599454934 -1.6434027198909869
52 1.6552081835278394 -0.8276040917639197 -0.8276040917639197
53 1.6550823813995066 0.0 -0.6855575692204352
54 1.5118539847611125 0.7559269923805563 -0.7559269923805563
55 0.0 0.6588034131979555 -1.5904921350801906
56 0.7302217416058031 0.7302217416058031 -1.4604434832116062
57 0.7365793539268627 1.4731587078537254 -0.7365793539268627
58 0.0 1.5916369693587893 -0.6592776190828208
59 -0.8346955499417422 1.6693910998834844 -0.8346955499417422
60 -0.6892570588535265 0.0 -1.6640137394455745
61 -0.8256773020948279 0.8256773020948279 -1.6513546041896559
62 -1.5169333257421787 0.7584666628710893 -0.7584666628710893
63 -1.5270057669488246 0.0 -0.6325064984921327
64 -1.6754665373037452 -0.8377332686518726 -0.8377332686518726
65 -0.7899954646027383 -0.7899954646027383 -1.5799909292054766
66 -0.7978090229522886 -1.5956180459045772 -0.7978090229522886
67 1.6633964854506356 0.33087013281198874 0.0
68 1.6667759705703853 0.3452006062239161 0.3452006062239161
69 1.658951420438693 0.0 0.32998595440730677
70 1.5715530441626289 1.0500781724665131 0.0
71 1.573928883196793 1.1521959100001935 0.4217329731965995
72 1.6534477881430334 0.751426256419669 0.38785710035217813
73 1.640469561476989 0.38481273608588423 0.7455281685885533
74 1.5565626067852962 0.41707969345660334 1.139482913328693
75 1.5652697232924755 0.0 1.0458797916858842
76 1.0367540417474637 1.5516120733459915 0.0
77 0.7384245558738001 1.6248386826905634 0.3811461266135234
78 1.1464056885267706 1.5660192935705592 0.4196136050437886
79 0.32668572613157104 1.6423600524950563 0.0
80 0.0 1.6400590949903942 0.3262280372270787
81 0.3376860297584212 1.6304923857334102 0.3376860297584212
82 0.37715451027085856 1.607822288748305 0.7306912816274121
83 0.0 1.510183401564643 1.0090722882657968
84 0.4170124984839096 1.55631183173319 1.1392993332492805
85 1.1389240322856187 0.4168751287971446 1.5557991610827633
86 0.7327113711436765 0.3781972021591661 1.6122673191341645
87 1.0322054074160796 0.0 1.544804560993384
88 0.41914173840842495 1.1451165249045605 1.5642582633129853
89 0.0 1.0103297632664925 1.5120653458970923
90 0.37783400985561855 0.7320077299501354 1.6107190181995523
91 0.3325469749466789 0.3325469749466789 1.6056788340848362
92 0.0 0.3195212396442064 1.6063417466363263
93 0.3200287451846407 0.0 1.608893149282224
94 1.46085868203133 1.46085868203133 0.9739057880208868
95 0.9768463774947496 1.4652695662421242 1.4652695662421242
96 1.4524868982338932 0.9683245988225956 1.4524868982338932
97 -0.3301782933112659 1.659918373406439 0.0
98 -0.3387602979374821 1.6356794113484394 0.3387602979374821
99 -1.0971396742527033 1.6419855589355334 0.0
100 -1.1619097723638592 1.587198265954426 0.42528849359056675
101 -0.7448285141255447 1.6389300329943968 0.38445160157806985
102 -0.3647822091052227 1.5550787551685794 0.7067214434067148
103 -0.38551203663821787 1.4387505076631837 1.0532384710249658
104 -1.5350018868926354 1.025655469987475 0.0
105 -1.5696956055861082 0.7133642205591917 0.3682109531271862
106 -1.5603845491328936 1.1422807693107333 0.41810377982216035
107 -1.5199836470855734 0.302343545620158 0.0
108 -1.4966521005951914 0.0 0.29770261247312757
109 -1.5209111246705818 0.3149910075013361 0.3149910075013361
110 -1.570218696210469 0.3683336569792467 0.713601944442855
111 -1.475063768790659 0.0 0.9856060998746501
112 -1.5889307705397049 0.4257527167950754 1.1631780537446292
113 -0.38649990128227574 1.0559373674235328 1.4424372687058085
114 -0.36280771003405127 0.7028960900897143 1.54666139960398
115 -1.174464503197941 0.42988384401351654 1.6043483472114577
116 -1.040780797930781 0.0 1.5576385398547932
117 -0.7346333963574891 0.37918927705655536 1.6164965675951857
118 -0.3305215124062976 0.3305215124062976 1.5958990358147023
119 -0.319614548202891 0.0 1.6068108404383545
120 -1.4617136284042596 1.4617136284042596 0.9744757522695064
121 -1.5119022033623393 1.0079348022415597 1.5119022033623393
122 -0.910886721177474 1.366330081766211 1.366330081766211
123 -1.4845768678895748 -0.2953006993489931 0.0
124 -1.4505208647367076 -0.300412707339547 0.300412707339547
125 -1.4258388950495082 -0.9527150907865386 0.0
126 -1.3258376467176884 -0.9705805199849037 0.3552571267327848
127 -1.3893257705479802 -0.631393304461532 0.32590074429533816
128 -1.4116071578856206 -0.3311273951436886 0.64151930879927
129 -1.3750959288455662 -0.368455843649494 1.0066400851960722
130 -1.01698548722899 -1.522026340734077 0.0
131 -0.7076637922520157 -1.5571523114232486 0.3652686130437809
132 -1.0411425736455824 -1.4222272045613764 0.381084630915794
133 -0.3197872726439045 -1.6076791848419172 0.0
134 0.0 -1.5888808325208188 0.3160480478808779
135 -0.328066971618408 -1.5840474644956597 0.328066971618408
136 -0.3657596489889233 -1.5592456140768736 0.7086151150502596
137 0.0 -1.5128143248858625 1.0108302150270392
138 -0.3958061007369999 -1.4771684778962089 1.081362377159209
139 -1.0749405572823607 -0.3934555515235456 1.4683961088059065
140 -0.7155165934105734 -0.3693219245443833 1.5744317138867856
141 -0.3939897255693443 -1.0763999479155675 1.4703896734849118
142 0.0 -1.002315923769392 1.5000717875246552
143 -0.364624650781595 -0.706416193196821 1.554407078766448
144 -0.32844791663308587 -0.32844791663308587 1.5858868297375674
145 0.0 -0.31626329636192935 1.5899629597102285
146 -1.153737299352352 -1.153737299352352 0.7691581995682348
147 -0.8237828726730673 -1.2356743090096007 1.2356743090096007
148 -1.184151759151314 -0.7894345061008762 1.184151759151314
149 0.3226925356826733 -1.6222849284517329 0.0
150 0.33033216306504154 -1.5949847763193286 0.33033216306504154
151 1.0357287450574806 -1.5500776084113208 0.0
152 1.0761846480059005 -1.4700955683388741 0.3939109203329737
153 0.7127102415474033 -1.5682565819410126 0.3678733945164291
154 0.36354946645375297 -1.5498235320243559 0.7043331535059199
155 0.3899399474639797 -1.4552756958363111 1.0653357483723314
156 1.5708651877160031 -1.0496185614829228 0.0
157 1.603878116101649 -0.7288988120327853 0.3762293069611499
158 1.492730170184094 -1.0927543265656936 0.3999758436184004
159 1.6659975151829254 -0.3313875097936634 0.0
160 1.6393942500206138 -0.3395296662175034 0.3395296662175034
161 1.598770437291408 -0.37503117448483186 0.7265775751634408
162 1.4935966403616987 -0.40020801360275515 1.0933886267589434
163 0.3880157104291174 -1.060078635027282 1.4480943454563993
164 0.36171423321597784 -0.7007776109097777 1.5419998713643588
165 1.0758441159725107 -0.39378627695795065 1.4696303929304613
166 0.7082007071791951 -0.3655457477127022 1.5583337457838151
167 0.32881292246976174 -0.32881292246976174 1.5876492338200638
168 1.2308948494251517 -1.2308948494251517 0.8205965662834346
169 1.2339708630935209 -0.8226472420623473 1.2339708630935209
170 0.8182315085778665 -1.2273472628667996 1.2273472628667996
171 0.0 -1.6140700539695476 -0.3210584955516951
172 0.3346894837343941 -1.6160237816304475 -0.3346894837343941
173 0.0 -1.5221047457193875 -1.0170378757652812
174 0.4219177264603031 -1.574618391763799 -1.152700665303496
175 0.3790847142973368 -1.61605081305622 -0.7344308186487166
176 0.7352556015703218 -1.61786567577332 -0.37951043526417927
177 1.1369643962306393 -1.5531222484494898 -0.41615785221885027
178 0.0 -1.009290219656628 -1.510509558940027
179 0.3748633820532678 -0.726252497606291 -1.5980551325449308
180 0.41917418747445734 -1.1452051774016192 -1.5643793648760764
181 0.0 -0.32097194364544124 -1.613634928153119
182 0.3210931985894732 0.0 -1.6142445179218665
183 0.33138716601859414 -0.33138716601859414 -1.6000787811969492
184 0.7270034112437397 -0.37525097455958173 -1.5997074523598411
185 1.0251647931958507 0.0 -1.5342675371786847
186 1.1379350707466056 -0.4165131437505001 -1.5544482144971057
187 1.5560288484297835 -1.1390921750934933 -0.41693667333629036
188 1.6484201594153556 -0.7491413991289833 -0.3866777456039073
189 1.5784114891511838 -0.4229340838420655 -1.1554774053091184
190 1.5825778261954473 0.0 -1.0574446963085589
191 1.6584154747776134 -0.3890223941989892 -0.7536838724131445
192 1.6722133120230658 -0.34632671651039293 -0.34632671651039293
193 1.6625393521712255 0.0 -0.3306996384022214
194 0.9804486083914413 -1.4706729125871618 -1.4706729125871618
195 1.4589469895244076 -0.9726313263496053 -1.4589469895244076
196 1.4469132117555563 -1.4469132117555563 -0.9646088078370377
197 1.6390851179799801 0.3394656428756061 -0.3394656428756061
198 1.4988190409263045 0.4016073516165931 -1.0972116893097112
199 1.604896181375536 0.3764681193675232 -0.729361482207818
200 1.5978219318407916 0.7261465171614517 -0.3748086790565623
201 1.4826068164573503 1.0853435172947254 -0.39726329916262476
202 0.7004264419796336 0.36153297342925106 -1.5412271548324956
203 1.0672429894595512 0.39063804615304365 -1.457881035612595
204 0.0 0.3221290754679068 -1.6194522226617958
205 0.32917534748730726 0.32917534748730726 -1.5893991766054671
206 0.35922569979348135 0.6959563781620884 -1.5313911701715468
207 0.0 1.0160760265528221 -1.5206652366452065
208 0.3843757239003645 1.0501340068918628 -1.4345097307922272
209 1.069652937815454 1.4611730862885668 -0.3915201484731126
210 0.7104812492160962 1.5633518791727758 -0.3667228750942742
211 0.38730830591848087 1.4454542758812003 -1.0581459699627194
212 0.0 1.5302603925282319 -1.0224873047413656
213 0.3625002820860796 1.5453508239818614 -0.7023004855955504
214 0.33217666765507725 1.6038908323135757 -0.33217666765507725
215 0.0 1.6169434058095435 -0.3216300407685033
216 1.224209753082976 0.8161398353886509 -1.224209753082976
217 0.8070876124429713 1.210631418664457 -1.210631418664457
218 1.2174800790899047 1.2174800790899047 -0.8116533860599366
219 -0.3405362581585797 1.6442545058524574 -0.3405362581585797
220 -0.41905043535780934 1.563917515689202 -1.1448670803313927
221 -0.3842117223591458 1.6379074198629333 -0.7443637771301274
222 -0.7687015581733372 1.6914605794583175 -0.39677394134441585
223 -1.1857579768622653 1.6197755191338952 -0.4340175422716297
224 -0.38222233461082133 0.7405095788005538 -1.629426593369776
225 -0.41622561832361143 1.137149536671878 -1.5533751549954895
226 -0.3276593649218526 0.0 -1.6472548652365044
227 -0.3403773350747171 0.3403773350747171 -1.6434871573235872
228 -0.7603879726012279 0.3924827907944048 -1.6731672611741815
229 -1.0832448110097064 0.0 -1.6211904265346155
230 -1.1744762092739278 0.4298881287347063 -1.604364338008634
231 -1.5139805369708637 1.1083106747330833 -0.40566986223778045
232 -1.5090344281170986 0.6857961281026769 -0.3539813726313287
233 -1.5226817224570046 0.4080013378619853 -1.1146803845950193
234 -1.5398755530070938 0.0 -1.0289119495735068
235 -1.516911487642365 0.35582913189453624 -0.6893759383592278
236 -1.5021875372986004 0.3111132255884599 -0.3111132255884599
237 -1.5126587762046857 0.0 -0.3008865382124903
238 -0.9380325663540636 1.4070488495310953 -1.4070488495310953
239 -1.3778147283284723 0.9185431522189816 -1.3778147283284723
240 -1.379761273788142 1.379761273788142 -0.9198408491920947
241 -1.502846051272985 -0.3112496082980611 -0.3112496082980611
242 -1.5690230890533705 -0.4204184696176361 -1.1486046194357342
243 -1.566252701884164 -0.3674033348545055 -0.7117995577627505
244 -1.5417136254695691 -0.7006475235355772 -0.36164708715697497
245 -1.5491303986628866 -1.1340421593706629 -0.4150882392922236
246 -0.7378940076540175 -0.3808722781921196 -1.6236712577130514
247 -1.1583693016765562 -0.42399259137765966 -1.5823618930542158
248 -0.334525080284175 -0.334525080284175 -1.6152299715520078
249 -0.36231790083913107 -0.7019471439717635 -1.544573326627573
250 -0.38552698256733714 -1.0532793040626858 -1.438806286630023
251 -1.148109344709202 -1.5683465311950748 -0.4202371864858729
252 -0.7274314656236126 -1.6006493486025652 -0.37547191963456705
253 -0.38758368308610447 -1.446481997462016 -1.0588983143759114
254 -0.3631387619632385 -1.5480726850479698 -0.7035374631923436
255 -0.33093395357237254 -1.5978904779283403 -0.33093395357237254
256 -1.4783354397541153 -0.985556959836077 -1.4783354397541153
257 -0.9143808585000149 -1.3715712877500223 -1.3715712877500223
258 -1.5022334627291283 -1.5022334627291283 -1.0014889751527523
259 1.662659423364182 0.16375765991215177 0.0
260 1.6661499911573434 0.16570891957535172 0.16570891957535172
261 1.661665527356999 0.0 0.1636597696996132
262 1.6616622235838963 0.5040597247997772 0.0
263 1.667260493305461 0.5146696274190852 0.17593228091689364
264 1.6689370507793584 0.3387358381838757 0.17094465451658203
265 1.6650170631263008 0.17054314090961387 0.3379402178201784
266 1.658218423395869 0.17497814568140282 0.5118784146660973
267 1.6533162503205905 0.0 0.5015280014888779
268 1.6246143579538261 0.8683744659518656 0.0
269 1.6271796454643979 0.9074244014161479 0.19737076206722415
270 1.6552437258899775 0.718317261282576 0.1905479577562046
271 1.48510679975491 1.2187956526742805 0.0
272 1.4794758889996829 1.270454747739423 0.20902114126025964
273 1.570884228433797 1.09847404214836 0.2048995305985056
274 1.6287574100879556 0.9525836111510265 0.4075993776197251
275 1.6371003967869384 1.005203229958549 0.6318971668283894
276 1.6545476957395486 0.7879705094390961 0.59819720406733
277 1.6417227764621618 0.18899145628146863 0.7124496472200568
278 1.6122984479169806 0.19556572885617485 0.8991256485313878
279 1.615207955416078 0.0 0.8633466390462035
280 1.6465408466884495 0.5953023496439186 0.7841572854733907
281 1.6233223962108496 0.6265790571109414 0.9967433390999081
282 1.6119059475935587 0.40338226979129327 0.9427279832369704
283 1.557377011669572 0.20313770606389855 1.089028834965928
284 1.4689039841108678 0.2075275369091613 1.2613764472017066
285 1.4821775875637082 0.0 1.2163917103551247
286 1.663589154335429 0.5425736804055207 0.3665316631120659
287 1.6563890916492177 0.5706550088810988 0.5706550088810988
288 1.6571861911218597 0.36512092492024806 0.540485376747593
289 1.2103987576201825 1.4748751535274993 0.0
290 1.0886618261702532 1.5568521669243156 0.20306924752316485
291 1.2657083879709556 1.4739486359822414 0.20824024801128552
292 0.8541380975238673 1.5979799859632884 0.0
293 0.7051855160390565 1.6249837835275869 0.18706450083153098
294 0.8944338213431553 1.603885134710047 0.19454522565372187
295 0.9424231947853687 1.6113848107156572 0.40325185438027394
296 0.7783507056796121 1.634348431994195 0.5908942153848017
297 0.9998738131824875 1.6284207685697736 0.6285469553872862
298 0.49616286491819195 1.635629765316421 0.0
299 0.3332661196678028 1.6419879805606568 0.16818433500906807
300 0.5048680353283859 1.6355084597800567 0.1725817500884452
301 0.1621198151615264 1.646030106542632 0.0
302 0.0 1.6512144576175904 0.1626304291743953
303 0.16387635799015352 1.6477241726993042 0.16387635799015352
304 0.16759146316495416 1.6361997575255247 0.33209131287656696
305 0.0 1.6183217642656547 0.49091254019956965
306 0.170756585183396 1.6182118879167406 0.4995287255850887
307 0.5885328918639646 1.6278172707588496 0.7752402710520121
308 0.3992482837689217 1.5953866378574688 0.9330666158506037
309 0.6262083662633896 1.6223620213817325 0.9961536551183429
310 0.18389956819427727 1.5974907841149075 0.693254526219451
311 0.0 1.557756528481314 0.8326382115733088
312 0.19096474581560288 1.5743666596706765 0.8779723417407149
313 0.199819847845078 1.531940295768366 1.071241673041949
314 0.0 1.4356068632095964 1.1781721046041773
315 0.20553136616403794 1.4547748559761242 1.2492434898120863
316 0.5305041254792305 1.6265826031550896 0.3583781639654631
317 0.35613138046341364 1.6163850539599836 0.5271782311119309
318 0.5592910209094601 1.6234038634098962 0.5592910209094601
319 1.2588640232112676 0.2071141811948034 1.465978204406071
320 1.0821730020553277 0.20185888026434082 1.5475727565130495
321 1.2084521050772474 0.0 1.472503150540838
322 0.9963694903052233 0.6263440459339545 1.6227135362391776
323 0.7766008826407496 0.5895658163686948 1.6306742263707348
324 0.9366070538607303 0.4007631957541123 1.601440190087895
325 0.886855670526104 0.19289692812118084 1.5902961098386403
326 0.6964369750325675 0.18474377611560755 1.6048242128306138
327 0.8466265272891778 0.0 1.5839268264882704
328 0.6294907727275629 1.0013752097525954 1.6308659824801581
329 0.40143251338940644 0.9381712883641263 1.6041147674254612
330 0.5903898257873098 0.777686302493858 1.6329533458242647
331 0.2060025756788236 1.252107555913869 1.4581101315926928
332 0.0 1.1798010735775017 1.4375917676466656
333 0.20061778385468507 1.075519437814218 1.5380577577709869
334 0.191482502928364 0.880352762392717 1.5786351938059013
335 0.0 0.831336238874945 1.5553207088869332
336 0.183498016496219 0.6917407786075158 1.5940026022594933
337 0.49620157324819714 0.1696192468436096 1.6074336539760163
338 0.32651412770397836 0.16477691009724588 1.608721203666285
339 0.4872893495835669 0.0 1.6063777054979225
340 0.16892442536482336 0.49416895302781455 1.600849027235301
341 0.0 0.48386696922925077 1.5950956294467924
342 0.1645719654010183 0.32610801899204284 1.6067203233353837
343 0.16025300475186086 0.16025300475186086 1.6112925190417227
344 0.0 0.15879137443610014 1.6122358807323227
345 0.15862854369092041 0.0 1.6105826324321715
346 0.5576134909562145 0.5576134909562145 1.618534647732776
347 0.35390646358491534 0.5238847057201175 1.606286751518822
348 0.5245619048336352 0.35436394047017483 1.6083631167043424
349 1.409339757555902 1.409339757555902 0.43605123850636374
350 1.1677563374469009 1.622720624768817 0.9301589874052393
351 1.3124060930567545 1.540306573643761 0.6877474146027989
352 1.540895879202675 1.312908206220085 0.6880105397374241
353 1.6199956839459257 1.1657953918185968 0.9285970252548409
354 0.6884342625106452 1.5418448656461532 1.313716782650232
355 0.930262436510698 1.622901098214018 1.167886211318076
356 0.43548439851796267 1.407507701913628 1.407507701913628
357 0.6902023432029845 1.317090753710497 1.5458047297696924
358 0.9321704395515509 1.1702815896060816 1.626229729048571
359 1.6123228553369304 0.9241988864868113 1.1602738041235032
360 1.5257026574868493 0.6812267610187319 1.2999629412356979
361 1.164730154093372 0.9277485259471794 1.618515423748166
362 1.302906988831206 0.6827695465429613 1.529157941555151
363 1.396393513776259 0.4320456567409641 1.396393513776259
364 1.2734217921108342 1.528106150533001 1.2734217921108342
365 1.2721064104695445 1.2721064104695445 1.5265276925634534
366 1.5228730176989422 1.269060848082452 1.269060848082452
367 -0.16269350422401377 1.6518548693435737 0.0
368 -0.16439227914268031 1.6529115942691464 0.16439227914268031
369 -0.5075106089667578 1.6730382641126518 0.0
370 -0.513088383265196 1.6621380890142459 0.17539175574140337
371 -0.33606349773305505 1.655770543171002 0.1695960451767334
372 -0.16780975094816403 1.6383309067571965 0.3325238616182634
373 -0.1700109627857151 1.6111458352281818 0.4973474931267257
374 -0.8983616000336521 1.6807163398675335 0.0
375 -0.9242747944670439 1.6573955141887815 0.20103583313253529
376 -0.7235252875505755 1.667244763967476 0.19192949043375163
377 -1.2751356998208097 1.5537573458347484 0.0
378 -1.3036751213498563 1.518161833436232 0.21448671208637551
379 -1.127290968704364 1.6120941739598904 0.21027478253715753
380 -0.9533942898813328 1.6301435340709112 0.4079462575597685
381 -0.9881141622741968 1.6092686920599992 0.6211545297858024
382 -0.766298786248186 1.6090423129381672 0.5817448571015131
383 -0.18087729765808003 1.571237055647331 0.68186133617963
384 -0.18525265659292936 1.5272746019673922 0.8517106549060929
385 -0.5631839926088694 1.5577050024853067 0.741849635114654
386 -0.5832912281509146 1.5111735756643083 0.9278823475133935
387 -0.37680104446754303 1.50568800396444 0.8806061032783103
388 -0.19123128861210328 1.4660951852176451 1.025198085976039
389 -0.19493342982805684 1.3797614329907684 1.1848280031627114
390 -0.533432664763187 1.6355618190049885 0.36035651716061873
391 -0.5506798286302397 1.5984089282294243 0.5506798286302397
392 -0.35243434542430613 1.5996052010489492 0.5217055418203009
393 -1.4984996590752857 1.229786888267065 0.0
394 -1.540896810514175 1.077504705529199 0.20098809795160846
395 -1.4874107089164725 1.2772685320739274 0.21014217684254508
396 -1.5376965661752438 0.8219159383339611 0.0
397 -1.5416134476495735 0.6690057375548313 0.17746709412306402
398 -1.5522527797035912 0.8656401605042703 0.18828241546963725
399 -1.5831364679921702 0.9259020676034406 0.3961826574319941
400 -1.6203898612264223 0.7717030024146982 0.5858475322172154
401 -1.632570487978034 1.0024218006857535 0.6301486872922805
402 -1.5197225795846445 0.4610028045201973 0.0
403 -1.5205892323540413 0.30862642057966877 0.1557497934778375
404 -1.5266930637981515 0.47127761587543315 0.16109935673069406
405 -1.5227701441203823 0.1499797684848077 0.0
406 -1.5114738176558067 0.0 0.14886717743853098
407 -1.5181787621993423 0.150992265847295 0.150992265847295
408 -1.5088293056410886 0.15454525636953417 0.30623956684529174
409 -1.4841556263925026 0.0 0.45021368722334354
410 -1.5058877289718002 0.15890394094177746 0.46485517980956176
411 -1.6313283606399143 0.5898023168285579 0.7769124109905542
412 -1.59804072894131 0.39991247468355356 0.9346188689076337
413 -1.664331047642753 0.6424078057363352 1.021923241906418
414 -1.5185690234777616 0.17481427152363352 0.6590052721248658
415 -1.4832736718879473 0.0 0.7928262952867285
416 -1.5325827786942312 0.1858965184361401 0.8546708499296659
417 -1.526555573971112 0.19911748738547816 1.067476292365633
418 -1.4350625194261202 0.0 1.177725373206159
419 -1.4748504422599014 0.20836765568230856 1.2664827865775927
420 -1.5422774648978614 0.503008304758042 0.3398035643091804
421 -1.536492871241694 0.3385290689040517 0.5011216801299012
422 -1.580202560539897 0.5444074165696078 0.5444074165696078
423 -0.195046030359053 1.1855124022543035 1.3805584326133566
424 -0.19125826652714728 1.025342715586954 1.4663020142969254
425 -0.5888172598900816 0.9366729945437395 1.525490254433821
426 -0.565637446683632 0.745081427981674 1.564490986703221
427 -0.37704251339459965 0.881170430299268 1.5066529080488038
428 -0.18472085401247676 0.8492656593394526 1.5228902730766563
429 -0.17932523137517412 0.6760104416605062 1.5577546336513297
430 -1.0096074646015694 0.6346657844671197 1.644273249068689
431 -0.951868867579849 0.40729354721139205 1.6275353190565327
432 -0.7711076787806409 0.5853955851847538 1.6191398254253997
433 -1.2847281578079126 0.21136946926446437 1.496097627072377
434 -1.2123062104810483 0.0 1.4771993915633568
435 -1.1026167913172176 0.20567228200410648 1.5768086099685557
436 -0.897314994342097 0.19517189968801188 1.6090516103433044
437 -0.8528020676188428 0.0 1.5954804498167723
438 -0.6995562108723417 0.18557121553696804 1.612011977668867
439 -0.16719972714551762 0.48912354700389254 1.5845045497526211
440 -0.1639865926688304 0.324948072086137 1.601005314322513
441 -0.496042556669935 0.1695648893532375 1.6069185234056609
442 -0.4874128385515528 0.0 1.6067847940690498
443 -0.32603349140908683 0.16453435470122144 1.6063531291076716
444 -0.1601026440836198 0.1601026440836198 1.609780690790701
445 -0.1584528021081718 0.0 1.608798298198337
446 -0.5466455450115103 0.5466455450115103 1.5866989751497433
447 -0.5217003244255373 0.35243082085160954 1.599589203956469
448 -0.34712317466597337 0.5138434612536632 1.5754992179658878
449 -1.4219986524619754 1.4219986524619754 0.4399679142208756
450 -1.6554746366860604 1.191327064539016 0.9489339004083588
451 -1.5505880663825327 1.3211663580241126 0.69233810464486
452 -1.309335187719629 1.5367024028746397 0.6861381511154747
453 -1.1353789447300755 1.5777288218960526 0.9043692555420427
454 -1.6070210654097283 0.7175354581089973 1.3692496506880876
455 -1.6859033149006655 0.9663759098856274 1.2132244147562166
456 -1.4541471193703706 0.44991468449846816 1.4541471193703706
457 -1.3595865699189782 0.7124716605152402 1.595679982105518
458 -1.1749978058501824 0.9359270716376484 1.632783409062763
459 -0.8689242186094412 1.5158927344582753 1.0908799213700484
460 -0.6261067272324418 1.4022536287042067 1.1947791678697153
461 -0.8850081301673077 1.1110722647295728 1.5439521257723505
462 -0.6296250883421962 1.2014931423027304 1.4101334907447454
463 -0.396935277049019 1.2829149827388577 1.2829149827388577
464 -1.5537120124779813 1.2947600103983177 1.2947600103983177
465 -1.257803327334369 1.257803327334369 1.5093639928012428
466 -1.2373485890204303 1.4848183068245164 1.2373485890204303
467 -1.5054499689804426 -0.14827388012888318 0.0
468 -1.4952167771293519 -0.14870855444229092 0.14870855444229092
469 -1.4650199906703874 -0.44440895558832166 0.0
470 -1.4455555454005344 -0.4462311300196923 0.1525375820488454
471 -1.4705984804151264 -0.298480046723589 0.15062937757285694
472 -1.4769196958085198 -0.1512768423655188 0.2997630323182956
473 -1.459697388422233 -0.15402985437771433 0.4505966008673623
474 -1.443682256241721 -0.7716642427357642 0.0
475 -1.4027263779010923 -0.7822542196650099 0.17014542613647338
476 -1.4216013640207144 -0.6169247358964521 0.1636515713188616
477 -1.3818824231830045 -1.1340815961252069 0.0
478 -1.321366127161937 -1.1346828172306207 0.18668330993131627
479 -1.3736214616201192 -0.9605338776823688 0.1791694051105289
480 -1.3625359314622485 -0.7968831882982782 0.3409769890892064
481 -1.3254527237019338 -0.8138470686571703 0.5116056550447635
482 -1.3590854085585982 -0.6472579935354973 0.49137362046553973
483 -1.4477738824608792 -0.1666644931382321 0.6282826836552927
484 -1.4421111157572637 -0.17492264649204872 0.8042177885147593
485 -1.3733249075116674 -0.49652187245185575 0.6540394875190794
486 -1.3553014952770466 -0.5231268508300921 0.8321746444469544
487 -1.3996455960231555 -0.35026374725528936 0.8185868858882852
488 -1.4242395020384007 -0.18577180937036591 0.9959296136999973
489 -1.375879998118832 -0.1943850586429015 1.1814949394759307
490 -1.418395569411155 -0.4626046655574213 0.31250918272230555
491 -1.3918813515334536 -0.47952746671973884 0.47952746671973884
492 -1.4272216039717445 -0.31445378612257824 0.465483245309186
493 -1.1744796351418454 -1.431107576151619 0.0
494 -1.0316582111740387 -1.4753335544442843 0.19243630263145042
495 -1.17317578623465 -1.3661921389807807 0.19301635274613066
496 -0.8412150111001496 -1.5738025917903309 0.0
497 -0.6862526339052766 -1.581356077423187 0.18204217682585527
498 -0.8623408111245691 -1.5463364365398555 0.18756478532834794
499 -0.8821692024150671 -1.5083606400164278 0.3774698762927412
500 -0.7274800116276667 -1.5275322648710987 0.5522751216670687
501 -0.8987279228899264 -1.4636919135519202 0.5649639906619938
502 -0.48681213936823603 -1.6048045542451843 0.0
503 -0.32419412389160485 -1.5972906436724594 0.16360610912056253
504 -0.49242244332175966 -1.5951912489656137 0.1683274065786739
505 -0.15864259783448287 -1.6107253265464132 0.0
506 0.0 -1.602673884074609 0.15784959996638542
507 -0.1590149336612045 -1.5988441116654908 0.1590149336612045
508 -0.16238266646244695 -1.5853461415913195 0.321769807814342
509 0.0 -1.5785747689523162 0.4788554209879119
510 -0.16632222233041105 -1.576188684674946 0.4865565077209613
511 -0.5559110663902636 -1.5375888882098485 0.7322694308966771
512 -0.38363908906389854 -1.5330126673922062 0.8965870138794183
513 -0.5786508178287153 -1.4991513385369344 0.9205005207082189
514 -0.1804529211833931 -1.5675506005133453 0.6802615449741011
515 0.0 -1.5530466729223231 0.8301207413283085
516 -0.18785030339923534 -1.5486903271997192 0.8636534982817491
517 -0.1958812177321108 -1.5017443655579739 1.050126529790616
518 0.0 -1.4371212864716456 1.1794149596556784
519 -0.2002036800356039 -1.417064875427497 1.216861195391893
520 -0.51489726340835 -1.5787302885073893 0.34783506296851646
521 -0.3463969377257942 -1.5722030227970945 0.512768418933625
522 -0.5374881296911699 -1.560118567358258 0.5374881296911699
523 -1.2162741147606586 -0.20010709079165734 1.416381205552316
524 -1.0602970078303975 -0.19777832781059568 1.5162887634547861
525 -0.9205241489801584 -0.5786656711814013 1.4991898201615597
526 -0.7371607709266959 -0.5596243854739722 1.5478595205226073
527 -0.9011672817529345 -0.3855989320768609 1.5408441534180501
528 -0.8769412355363598 -0.1907404734497637 1.5725176956959142
529 -0.6917053878803127 -0.18348862840107563 1.5939210501622307
530 -0.5795011542713362 -0.9218532106450389 1.501354364916375
531 -0.38174269745750294 -0.8921550356582391 1.5254347316765458
532 -0.5575429646091089 -0.7344190358465384 1.5421025392588898
533 -0.19936961682656357 -1.2117916624372307 1.4111612792637942
534 0.0 -1.1729634625415397 1.4292601144927468
535 -0.19436514124186335 -1.0419987870594163 1.4901212025342598
536 -0.18637350499388966 -0.8568638254094992 1.5365151889955395
537 0.0 -0.8236799955410876 1.5409968850806461
538 -0.1795595369537854 -0.6768937140057634 1.5597899891781182
539 -0.49350426169111544 -0.16869721035787297 1.5986957748440958
540 -0.32443130333890224 -0.16372580285859173 1.5984592167097864
541 -0.16618097314776378 -0.4861432995034162 1.5748501060996436
542 0.0 -0.4784506488160487 1.5772404139264111
543 -0.16256689113980652 -0.32213485871737274 1.5871447318460588
544 -0.15911769845509305 -0.15911769845509305 1.5998773786789229
545 0.0 -0.1577972240958186 1.6021421029365446
546 -0.5397270130674952 -0.5397270130674952 1.5666171732485161
547 -0.34629144345816426 -0.5126122566731434 1.5717242125410207
548 -0.516797308672167 -0.34911862458546505 1.584556031273367
549 -1.2220779666288206 -1.2220779666288206 0.3781122387577991
550 -0.9774635922486674 -1.358288780149441 0.7785841241327027
551 -1.1065273959789133 -1.298676858451256 0.579859663710625
552 -1.2482440556897008 -1.0635565233184017 0.5573413999416266
553 -1.2652806776571983 -0.9105322921459769 0.7252709899343918
554 -0.6170618307540165 -1.3819963173601986 1.1775190851746629
555 -0.7997272106581214 -1.3951742191342076 1.0040074128401564
556 -0.4074816652578855 -1.3170014452662597 1.3170014452662597
557 -0.6173478902392362 -1.1780649632156521 1.3826369876065436
558 -0.8066842468496528 -1.0127415359443916 1.4073112046045666
559 -1.2849461599365755 -0.7365434325253196 0.9246841376393834
560 -1.292852855294856 -0.5772592442993273 1.101565099927446
561 -1.0014076074404148 -0.7976563742340078 1.391561515261609
562 -1.1468236920445727 -0.6009763543324109 1.3459706420231268
563 -1.2733865062957073 -0.39398715617764013 1.2733865062957073
564 -1.0170480214730564 -1.2204576257676676 1.0170480214730564
565 -1.0275798200340758 -1.0275798200340758 1.2330957840408912
566 -1.1803776720301258 -0.9836480600251049 0.9836480600251049
567 0.15945971988478516 -1.6190217059506047 0.0
568 0.15992963050794043 -1.6080410948273276 0.15992963050794043
569 0.49225418749304206 -1.622744582664451 0.0
570 0.4975817503526305 -1.6119047061566665 0.17009104019047933
571 0.3272468250002855 -1.6123311720456834 0.1651466692784828
572 0.16316040758213252 -1.5929392481100846 0.32331094281392286
573 0.16665553066262045 -1.5793473535189246 0.4875315628629732
574 0.8525649446172939 -1.5950368238834658 0.0
575 0.8759886202752549 -1.5708094804876724 0.19053327337915976
576 0.693958851391945 -1.599113785378549 0.18408640447185107
577 1.209103821383648 -1.4732972691578703 0.0
578 1.229880146015665 -1.432225764536078 0.20234561852041316
579 1.060446449214995 -1.516502473661065 0.1978062032708989
580 0.895666769302499 -1.531439204279672 0.3832453271805117
581 0.9113162892965783 -1.4841936579007509 0.5728773686041727
582 0.7287344783228467 -1.5301663418511746 0.553227465010713
583 0.18005131492907228 -1.5640619447409585 0.6787475916989536
584 0.18676663964475537 -1.5397563007747885 0.8586712865121536
585 0.5514020544886049 -1.5251174570476396 0.7263299708305665
586 0.571297449307789 -1.4801004499505033 0.9088030006427141
587 0.3792567176522548 -1.5155008155533851 0.8863451552949254
588 0.19424815289755243 -1.4892242988446716 1.0413716081728464
589 0.19829243588272188 -1.4035368675660351 1.2052444316833133
590 0.5180368104742867 -1.5883564768704415 0.34995596092036024
591 0.536853049948206 -1.558275178371565 0.536853049948206
592 0.346746489238412 -1.5737895435913285 0.5132858570427423
593 1.4834059262121941 -1.2173997818318922 0.0
594 1.5400600169744814 -1.0769195599370842 0.20087895012238746
595 1.442870811944651 -1.2390212554590074 0.20384955648564346
596 1.6255201437969706 -0.868858618571813 0.0
597 1.6351278142576338 -0.7095876667667119 0.18823225897421011
598 1.6030940492984715 -0.8939926591100431 0.19444926997299655
599 1.5635910624555571 -0.9144708790960785 0.39129138566696287
600 1.564519779174108 -0.7450951402596646 0.5656478565229054
601 1.512792910837951 -0.9288766426403912 0.5839162681975597
602 1.6646166048564115 -0.5049559265609063 0.0
603 1.654144448872764 -0.33573345747490246 0.16942948878810635
604 1.6499432585954297 -0.5093239392246323 0.1741049356316534
605 1.6641492099505837 -0.16390439108374916 0.0
606 1.6574398075459653 -0.16484263795412635 0.16484263795412635
607 1.6495461227540007 -0.16895849482859215 0.3348001581324529
608 1.6411432356692717 -0.17317634162265697 0.5066074443884199
609 1.5634030066148046 -0.5652440904518066 0.7445632826137667
610 1.5608975238548928 -0.39061732294256596 0.9128955550416161
611 1.5134894946163 -0.5841851395000537 0.9293043551162463
612 1.6252075243212358 -0.1870902573715678 0.7052826116338728
613 1.5957347023576582 -0.19355660890875934 0.8898885941340611
614 1.5372123748735083 -0.20050751566576702 1.0749282859318914
615 1.4434774575410874 -0.20393526369848178 1.2395421938426057
616 1.625996652887282 -0.5303130198853341 0.358249063985699
617 1.6218117503894147 -0.35732702186459736 0.528948128833665
618 1.5972360300771649 -0.5502757447052317 0.5502757447052317
619 0.19754662469151238 -1.200711304732248 1.3982579294237605
620 0.19289462263962434 -1.034115281868665 1.478847313945407
621 0.568974418918347 -0.9051075929508591 1.474082011869206
622 0.5489508204261938 -0.7231011022571602 1.5183376131398034
623 0.37703696720793767 -0.8811574685363001 1.5066307456189292
624 0.18543673908718314 -0.8525569856665859 1.5287922294244622
625 0.17918128486519375 -0.6754677999862638 1.5565042053585552
626 0.9101143465044867 -0.5721217957783236 1.48223614228281
627 0.8924089389320091 -0.38185133969651774 1.5258688634774265
628 0.7258480486625227 -0.5510361975307003 1.5241055369273928
629 1.2302334368474817 -0.20240374357602378 1.4326371804235054
630 1.0578685890746888 -0.19732535227904086 1.5128159779569015
631 0.8706484705957684 -0.18937175578039517 1.5612336052427123
632 0.687887291780256 -0.18247580237893088 1.5851228770497265
633 0.16631767033690031 -0.48654319138815433 1.5761455467192127
634 0.16291934779165348 -0.3228332701402072 1.5905857751868087
635 0.4930924429144303 -0.16855643613525184 1.5973616973306983
636 0.32508388115462705 -0.16405512936225414 1.6016744398199805
637 0.1594418468505934 -0.1594418468505934 1.603136586738939
638 0.5341464239494685 -0.5341464239494685 1.5504188979399374
639 0.5145019360175582 -0.34756800245442676 1.577518172285236
640 0.3453471436063159 -0.5112144176933576 1.5674382881582885
641 1.3172209812922326 -1.3172209812922326 0.40754958994070883
642 1.405877486215915 -1.0117097910408592 0.8058624257522581
643 1.3763774802430135 -1.1727315992321452 0.614553018049753
644 1.1633902103738207 -1.3654139509348504 0.6096577984450128
645 0.9998511074367333 -1.3893985943016176 0.796416567246117
646 1.3803200663558208 -0.6163133841043611 1.1760908486993529
647 1.4078212261168568 -0.8069765960600995 1.0131085620634417
648 1.3203444128925306 -0.40851598304102255 1.3203444128925306
649 1.1662440125960833 -0.6111532921877898 1.3687633184409034
650 1.0007206522825642 -0.7971091902937212 1.3906069185985992
651 0.7967416744249249 -1.3899657641418872 1.0002592591328874
652 0.6071828944669326 -1.3598710571549073 1.1586674313540863
653 0.7957241014238208 -0.998981759977427 1.3881905442940354
654 0.6060990788056114 -1.1565992210671892 1.3574437003196724
655 0.4006730146076516 -1.2949955404337168 1.2949955404337168
656 1.2560460082822105 -1.046705006901842 1.046705006901842
657 1.0430943788005709 -1.0430943788005709 1.251713254560685
658 1.042481361536596 -1.2509776338439151 1.042481361536596
659 0.0 -1.6191688640374682 -0.1594742136912757
660 0.16127030902251435 -1.621521186912452 -0.16127030902251435
661 0.0 -1.602474891497559 -0.4861054438998203
662 0.16972970382517036 -1.6084804235660328 -0.49652470242750085
663 0.1655379475297721 -1.6161512316584723 -0.32802216346751295
664 0.32923541686629243 -1.6221288794918494 -0.16615022163754703
665 0.5006788111115404 -1.6219375636901316 -0.17114972509128765
666 0.0 -1.563962866716026 -0.8359555684732396
667 0.19252903046123385 -1.5872630588557606 -0.885164238064866
668 0.18430979999871747 -1.601054367941552 -0.6948009956213089
669 0.0 -1.4478215654771636 -1.1881964516914563
670 0.20766415489325274 -1.4698709820530298 -1.262206827159777
671 0.20203987801874393 -1.5489603952106261 -1.0831433377819066
672 0.4032699517450867 -1.611457127354642 -0.9424654893865684
673 0.6314728711332965 -1.6360011441122069 -1.0045282729789102
674 0.5914187668369904 -1.6357992836374564 -0.7790416669081128
675 0.7015856377899559 -1.6166884574830025 -0.18610956143983048
676 0.8907864879186717 -1.5973447918459145 -0.19375190669912892
677 0.7769117802696622 -1.6313270362784236 -0.5898018380092751
678 0.9945954239623366 -1.6198242451711558 -0.6252288212088193
679 0.9372782122697175 -1.6025877578385723 -0.4010503765816901
680 1.08341469854678 -1.549348457494667 -0.2020904952306324
681 1.2576800287640584 -1.4645994136695473 -0.20691938490548903
682 0.3553310824860638 -1.612752715558298 -0.5259935568731352
683 0.558995201050903 -1.622545213649215 -0.558995201050903
684 0.5275446996750721 -1.6175086859183034 -0.35637894560853106
685 0.0 -1.1828774309252268 -1.4413403199208372
686 0.20044677922188736 -1.0746026755860827 -1.5367467324120396
687 0.20687645770242077 -1.2574191122432872 -1.464295569945708
688 0.0 -0.8287416062246277 -1.550466492621257
689 0.18236576764715523 -0.6874724888712886 -1.5841670321194194
690 0.19055382712338878 -0.8760831173976176 -1.5709789312913136
691 0.3994208722524957 -0.9334699652420724 -1.596076297329371
692 0.5861333004104435 -0.772079428294439 -1.6211802646291906
693 0.6273127533157588 -0.9979104812135409 -1.6252232345292994
694 0.0 -0.48390039621649256 -1.5952058234559845
695 0.16461070043660986 -0.3261847745056054 -1.607098494482325
696 0.16825657310081132 -0.4922152281394729 -1.5945199801192813
697 0.0 -0.16029456513210108 -1.6274980319938885
698 0.1600081445141935 0.0 -1.624589954657749
699 0.16106411272030055 -0.16106411272030055 -1.6194479492859524
700 0.3266959506142425 -0.16486866789513627 -1.6096170374028251
701 0.4862384149812922 0.0 -1.6029132384077367
702 0.494328951900553 -0.16897911863818815 -1.6013673399261585
703 0.7711839256005167 -0.5854534688668489 -1.619299925325868
704 0.931285354198048 -0.398486102756714 -1.5923409806763633
705 0.9932051677189919 -0.6243548695986845 -1.6175600373176762
706 0.691401639874096 -0.18340805319374484 -1.5932211129497458
707 0.8395176073547108 0.0 -1.5706269727409363
708 0.8802669911996066 -0.1914638471310092 -1.5784813902059776
709 1.0776285378746688 -0.20101119653062452 -1.5410738982477075
710 1.2055763167224385 0.0 -1.4689989922916584
711 1.2606783838444728 -0.20741268826944348 -1.4680910721139164
712 0.35133102084164175 -0.5200722998940364 -1.5945975059596686
713 0.520993647717879 -0.35195343059422196 -1.5974224573026266
714 0.5528876323307086 -0.5528876323307086 -1.6048173219332311
715 1.4684129148556981 -1.260954756472349 -0.20745815838334916
716 1.5608848393313837 -1.0914817576963778 -0.2035952523479059
717 1.6228861385682003 -0.9964754706219907 -0.6264106679462094
718 1.6501986424223791 -0.7858992933800293 -0.5966248157092491
719 1.6160355223011758 -0.9451431772757728 -0.4044157030516632
720 1.62086677401022 -0.9039039212918469 -0.19660503453786587
721 1.6534111662559392 -0.7175219951855838 -0.1903369975874568
722 1.63976134411151 -0.6329242541583884 -1.0068370899531216
723 1.6342725040790094 -0.408979539493031 -0.9558091302598247
724 1.6584139316178468 -0.5995950310980153 -0.7898117859779828
725 1.484244586728208 -0.20969486541416624 -1.2745497213140415
726 1.4945085940543439 0.0 -1.2265115058515599
727 1.5787124938812411 -0.20592061661270605 -1.1039481224360195
728 1.6343124479182114 -0.19823594413848977 -0.9114021300062963
729 1.6328570173993757 0.0 -0.8727802592153618
730 1.6595307123262186 -0.1910414660520388 -0.7201776618434544
731 1.6692079957548076 -0.5152708054377737 -0.17613778482547934
732 1.6720338400670904 -0.3393643780767188 -0.17126185016794274
733 1.6689041147091725 -0.17610571875919834 -0.5151769998536044
734 1.661665978584685 0.0 -0.5040608638668134
735 1.670366875291003 -0.1710911075281251 -0.33902604254130286
736 1.6685920653095827 -0.165951798950821 -0.165951798950821
737 1.6626164452034584 0.0 -0.16375342693278838
738 1.662089784043408 -0.5726189971041774 -0.5726189971041774
739 1.6681086711773976 -0.36752742941664457 -0.5440477047343106
740 1.6657710517545508 -0.5432852984813389 -0.3670123914744061
741 0.4389993415590683 -1.4188681764081919 -1.4188681764081919
742 0.9327120057483513 -1.1709614920389173 -1.6271745252061367
743 0.6926834251153724 -1.3218253218819693 -1.5513614598980157
744 0.6942673873987438 -1.5549089650804089 -1.3248479457519107
745 0.9338171299641751 -1.6291024836328476 -1.172348906259678
746 1.3086435251728235 -0.6857756953703668 -1.5358906325139072
747 1.1660034127417402 -0.9287627212352653 -1.6202847509640557
748 1.4079973176562783 -0.43563588615593657 -1.4079973176562783
749 1.5407829657631233 -0.687960123847851 -1.3128119992126026
750 1.6182945049432726 -0.9276218931745863 -1.1645711745804863
751 1.1617985570559077 -1.6144416603921863 -0.9254134058160314
752 1.297650702060701 -1.5229888959309357 -0.6800150655511777
753 1.607795460198565 -1.157015760635145 -0.9216037402779034
754 1.5202173532238088 -1.2952892309105808 -0.678777570779745
755 1.3922281407559474 -1.3922281407559474 -0.43075688584337885
756 1.2738718472287252 -1.2738718472287252 -1.5286462166744703
757 1.5195080486026715 -1.2662567071688928 -1.2662567071688928
758 1.27114561178227 -1.5253747341387238 -1.27114561178227
759 1.656796413058344 0.16477864839378045 -0.16477864839378045
760 1.6468839775136486 0.17378211487218315 -0.5083795642689174
761 1.6512554615674235 0.16913357772508358 -0.33514709411511
762 1.6519996883558434 0.33529814611845343 -0.16920980683820025
763 1.6463786560236828 0.5082235756732469 -0.17372879245335118
764 1.6083506204230802 0.19508687225103422 -0.8969240753919178
765 1.6355741738338951 0.18828364289088123 -0.7097813710432196
766 1.4496397255437001 0.20480587220263835 -1.244833853341062
767 1.5483645261972978 0.2019621553712571 -1.0827266637636601
768 1.5679674933827965 0.3923865951260818 -0.9170304477284617
769 1.5144568154282705 0.5845585113969134 -0.929898304031357
770 1.5643011291379911 0.5655688041990521 -0.7449910092147928
771 1.6300859754089996 0.7073996869442047 -0.18765185375598367
772 1.5971758650286632 0.8906922830062302 -0.19373141651247533
773 1.5588162492663498 0.7423788611348078 -0.5635857608499182
774 1.5030344058752405 0.9228847799987747 -0.5801496258764657
775 1.5548522387315142 0.9093599520736121 -0.38910447981530755
776 1.5339567422507698 1.0726517159198445 -0.20008286464176037
777 1.4372911414995735 1.234229883824987 -0.20306125767458627
778 1.6247919636078134 0.3579836398189291 -0.5299201147654594
779 1.596314068012837 0.5499581126508674 -0.5499581126508674
780 1.6231410201253897 0.52938166542593 -0.3576198943239914
781 1.0499952355186846 0.19585672727202091 -1.501556606818899
782 1.2264682928788335 0.20178428452741434 -1.428252577406248
783 0.6821981581107526 0.18096664638260923 -1.5720132062680712
784 0.8623373318352712 0.18756402856009363 -1.5463301975311652
785 0.8826130200144857 0.3776597806488335 -1.5091194933027097
786 0.7159705123864843 0.543537548136314 -1.5033650971655843
787 0.8988681176175852 0.5650521207520807 -1.463920238369666
788 0.3261624643524224 0.1645994415115179 -1.6069885733075973
789 0.49153963078543933 0.1680256300314241 -1.5923313979342193
790 0.0 0.16047023657093998 -1.6292816540446562
791 0.16108740111317613 0.16108740111317613 -1.6196821066003755
792 0.16450708018762092 0.3259794455235828 -1.6060868473311598
793 0.0 0.4873714523191514 -1.60664836194489
794 0.1675942569719271 0.49027769857690484 -1.5882433973909
795 0.541533658573843 0.7133309047977763 -1.4978225589598557
796 0.37368010710083627 0.8733122899159961 -1.4932168125408198
797 0.5607998882037792 0.8921037924766113 -1.4529036806803903
798 0.17992147578258363 0.6782581311914191 -1.5629340636808255
799 0.0 0.8365935585222738 -1.5651564621458003
800 0.1857342254391025 0.8539246977430481 -1.531244789933307
801 0.19284403287970536 1.033844068274826 -1.4784594621248348
802 0.0 1.1872398855822224 -1.446655986300604
803 0.19732482555068587 1.1993631838206091 -1.396688009371295
804 0.5110202581778478 0.34521598057224534 -1.5668429742389482
805 0.3442629888585576 0.5096095527094544 -1.5625175998208103
806 0.5283439243826571 0.5283439243826571 -1.5335765030828223
807 1.2257779936910487 1.4274487069761197 -0.20167071328507094
808 1.0575496958188972 1.5123599413398712 -0.19726586878110136
809 0.904024133390229 1.4723174611557317 -0.5682933277655027
810 0.723925413207918 1.520068466982443 -0.5495766059094302
811 0.891199094731406 1.5238002338225418 -0.3813336615237988
812 0.8746704522127199 1.5684457615516256 -0.19024656317539052
813 0.6944873652269883 1.60033165839463 -0.18422660329114932
814 0.5661494235964476 1.466763097961718 -0.9006136743652703
815 0.3772809484826501 1.5076056889847196 -0.8817276670608318
816 0.5475316201549618 1.5144122612281026 -0.7212316719871502
817 0.1981065305552402 1.402221008088915 -1.204114477533675
818 0.0 1.4530844524122402 -1.1925155913776029
819 0.19424404765981795 1.489192825599261 -1.0413495998399087
820 0.18706419191917079 1.5422094047670885 -0.8600393016714073
821 0.0 1.5723484371153722 -0.8404377492329895
822 0.1807458682211839 1.5700953601215364 -0.6813658806823639
823 0.5000493694693351 1.6198985018784737 -0.17093455967658736
824 0.33039752752157364 1.6278545492057563 -0.16673668631616556
825 0.1679194947564187 1.5913255839355582 -0.4912291442609745
826 0.0 1.603086615840205 -0.4862910084504439
827 0.16498840302223597 1.6107860145227098 -0.32693321207616344
828 0.16227877291693618 1.6316609676380718 -0.16227877291693618
829 0.0 1.634242340178164 -0.16095882150984359
830 0.5347234688314257 1.552093834342826 -0.5347234688314257
831 0.3470306902708646 1.5750794560404324 -0.513706557396004
832 0.518223327972348 1.588928359543845 -0.3500819614456951
833 1.3184242354142255 0.40792187806166746 -1.3184242354142255
834 0.9884209741983927 0.7873120641764727 -1.3735152183310255
835 1.157850934327358 0.606755021019732 -1.3589127746962353
836 1.3775256461463874 0.6150656745202844 -1.1737098849534502
837 1.4010233387393263 0.8030799819768962 -1.0082166071913623
838 0.5979525702053606 1.1410535028324167 -1.3391984543430535
839 0.7837351138627711 0.9839303371630941 -1.367275004425219
840 0.3972376607154937 1.2838923021122832 -1.2838923021122832
841 0.6003046717931357 1.3444663149857874 -1.1455419420322464
842 0.7873598620554071 1.373598604725198 -0.9884809814410231
843 1.394225222244373 1.0033244874398093 -0.799183236561394
844 1.3639099339609446 1.1621087245486026 -0.6089862543491673
845 0.988965964695099 1.3742725401206393 -0.7877461682719128
846 1.1525805328041427 1.3527271632799986 -0.6039931433961166
847 1.3078825230024427 1.3078825230024427 -0.4046602608905834
848 1.029824287834838 1.029824287834838 -1.2357891454018057
849 1.0294259826502123 1.235311179180255 -1.0294259826502123
850 1.2432670999418174 1.036055916618181 -1.036055916618181
851 -0.16310944901032964 1.6400131490970353 -0.16310944901032964
852 -0.17069168690479977 1.6175968652760795 -0.4993388731447566
853 -0.16657213016265526 1.626247983254316 -0.33007145083467604
854 -0.33555016987887604 1.653241398691842 -0.16933699182956813
855 -0.5164601090392849 1.6730607175858765 -0.1765443308584477
856 -0.19334175445919452 1.5939633823130497 -0.8889007873877834
857 -0.18551842543371433 1.6115534028920562 -0.6993572056306242
858 -0.2063751219650482 1.4607470574303494 -1.2543719354653011
859 -0.20180758115635272 1.5471794663994223 -1.0818979856199769
860 -0.4050222326805701 1.6184592002598839 -0.9465606725318948
861 -0.6313318812985611 1.6356358718392723 -1.0043039905407112
862 -0.6014748899341715 1.6636134144715444 -0.7922880150789013
863 -0.7341643265095408 1.691760675578569 -0.1947517073779746
864 -0.9405011206130429 1.6864923156239546 -0.20456516555073906
865 -0.8031404800083862 1.6864009688623236 -0.6097136680360039
866 -1.0220293860064715 1.6645039167135391 -0.6424745307070678
867 -0.983084985111092 1.6809096183285444 -0.42065055853144256
868 -1.1450316849335138 1.6374644697121563 -0.21358397719115657
869 -1.3167250547785314 1.5333588027853013 -0.21663374800676985
870 -0.36158223016443136 1.6411250023931785 -0.5352470772206347
871 -0.575498872011749 1.670448938537765 -0.575498872011749
872 -0.5450368267504206 1.6711414254700225 -0.36819562352682444
873 -0.2005567191414809 1.075192067604291 -1.537589598597532
874 -0.2056407131949923 1.249908113752945 -1.4555488269479375
875 -0.18524382868243697 0.6983220458280353 -1.609168047755985
876 -0.1923347024542716 0.8842708029200189 -1.5856609645325652
877 -0.4019624469429523 0.9394097741072959 -1.6062323692903917
878 -0.5959659749027204 0.7850314405675625 -1.6483763611898872
879 -0.6254169864284465 0.9948947516005415 -1.6203117380289878
880 -0.16699314967935297 0.33090572318606176 -1.630358407604847
881 -0.1711124427031125 0.5005697457783826 -1.6215842490364671
882 -0.16149829399554144 0.0 -1.6397196962448812
883 -0.16287051121127147 0.16287051121127147 -1.6376107062303018
884 -0.33448621293311237 0.16880006088807334 -1.6479993281251746
885 -0.5025585653141261 0.0 -1.6567135639585477
886 -0.512780953865731 0.17528666549984387 -1.6611421785021392
887 -0.7943918369978187 0.6030720314193875 -1.6680309322168074
888 -0.971319618822343 0.41561629600516664 -1.6607928251138846
889 -1.0110777963690136 0.6355900736560672 -1.6466678700250807
890 -0.725739953177271 0.19251697459294642 -1.6723480958531478
891 -0.8860488375473625 0.0 -1.6576807814700691
892 -0.9280342050523871 0.20185352960509523 -1.6641368321144039
893 -1.131531058590494 0.2110656910102102 -1.6181577585997575
894 -1.2634633646507119 0.0 -1.5395345642781397
895 -1.3068142554218112 0.2150031770666957 -1.5218174324885068
896 -0.3610068242581752 0.5343953087877693 -1.6385133889329366
897 -0.5417197797105713 0.3659548167718262 -1.6609710031307197
898 -0.5712991465459344 0.5712991465459344 -1.6582587722529967
899 -1.4839295815806193 1.2742792202614106 -0.20965036131920842
900 -1.5256085368028758 1.066814056583118 -0.19899395984110627
901 -1.5165788255637478 0.9312012488271514 -0.5853775767365963
902 -1.509194230833312 0.7187466097075682 -0.5456450555059404
903 -1.5213597720805359 0.8897717834297492 -0.38072293172390026
904 -1.5292411583656105 0.8528073385251871 -0.18549119247681065
905 -1.5175279110116693 0.658553466119724 -0.17469442098373691
906 -1.5249340049825462 0.588602555615988 -0.9363314493665581
907 -1.5321378008662878 0.3834201521926026 -0.8960753455920646
908 -1.514589768361109 0.5475957973744762 -0.7213162089191373
909 -1.4853529059780082 0.20985144934783928 -1.275501456630169
910 -1.499288744452915 0.0 -1.2304344739006383
911 -1.5330372236299974 0.1999629265009588 -1.0720087230640327
912 -1.537948610853415 0.1865473736661296 -0.8576631974855852
913 -1.541920862844462 0.0 -0.8241738719452182
914 -1.5229252505175606 0.17531575064297575 -0.6608957206599122
915 -1.5095730537757523 0.46599280932299664 -0.15929282294388947
916 -1.5121155254083198 0.3069065544987743 -0.15488185486647124
917 -1.5095901980655795 0.1592946320397243 -0.4659981016245255
918 -1.51445394277776 0.0 -0.4594045810176973
919 -1.5100249719618963 0.1546677251984407 -0.30648224528135254
920 -1.5181681385596624 0.15099120926063553 -0.15099120926063553
921 -1.5176187077658598 0.0 -0.14947239628894568
922 -1.4997667766145646 0.5166958823523868 -0.5166958823523868
923 -1.5014887491062565 0.3308167566010749 -0.48970521030807446
924 -1.4988954082948323 0.48885940143457146 -0.3302453766313567
925 -0.43198621623835837 1.3962013990518098 -1.3962013990518098
926 -0.9039752278735068 1.134884267676698 -1.5770414159438224
927 -0.6754936191810768 1.289022572547518 -1.5128624840850018
928 -0.6784437129345304 1.5194696318616816 -1.2946521408089375
929 -0.910734621298986 1.5888336012271682 -1.1433702626697897
930 -1.293753465150155 0.6779727749648243 -1.5184149003787055
931 -1.1350927245223394 0.9041412710815304 -1.5773310887222518
932 -1.4120978570502911 0.43690459745973476 -1.4120978570502911
933 -1.4753849843767564 0.6587599026786866 -1.2570901638885847
934 -1.4985354043653134 0.8589748309348819 -1.0783890884393326
935 -1.1436991197709363 1.5892905828623942 -0.9109965675444435
936 -1.3000840345175904 1.5258447787244065 -0.6812902182001546
937 -1.495635136922978 1.076301972743394 -0.8573123698887907
938 -1.4714935847812713 1.253774527490597 -0.6570223914216579
939 -1.4141740278542847 1.4141740278542847 -0.437546966942025
940 -1.1982996628047822 1.1982996628047822 -1.4379595953657387
941 -1.4072830088282604 1.172735840690217 -1.172735840690217
942 -1.2017364170065359 1.4420837004078428 -1.2017364170065359
943 -1.5070159533889556 -0.14988205548375474 -0.14988205548375474
944 -1.516364219209804 -0.16000943875149368 -0.46808918634249597
945 -1.5074346718793032 -0.15440240785018816 -0.3059565049790354
946 -1.4918133803133373 -0.3027859292586143 -0.15280236170788467
947 -1.4827688957972092 -0.4577185857955447 -0.1564644007086378
948 -1.5547320499643262 -0.1885831416138561 -0.8670227677281052
949 -1.538176336481528 -0.17707142156837727 -0.6675141528157762
950 -1.4887135856439209 -0.21032624796024124 -1.2783873376836796
951 -1.545244289456168 -0.20155516481648458 -1.0805447721872796
952 -1.5880914889833098 -0.3974226600619573 -0.9288000263539791
953 -1.6417473292581968 -0.6336908158121621 -1.0080565134460344
954 -1.6186281203584012 -0.585210579614244 -0.7708639816642847
955 -1.4868511116445255 -0.6452408196727641 -0.17116297641247707
956 -1.4920537000053553 -0.8320691199536835 -0.18098049384782677
957 -1.6138456501310787 -0.7685863528530367 -0.5834814905551096
958 -1.6428254996887364 -1.0087185256239994 -0.6341069740647368
959 -1.5633008433938396 -0.9143011436154456 -0.39121875784148263
960 -1.4789538088288245 -1.0341897506696998 -0.19290851338423076
961 -1.4257180604665711 -1.2242918538417529 -0.2014262066248181
962 -1.529127606978028 -0.33690631093355994 -0.49871952541022047
963 -1.565578334269646 -0.5393691148721365 -0.5393691148721365
964 -1.5137382135391644 -0.49370032952548387 -0.33351563003333135
965 -1.116569488239965 -0.20827489339077415 -1.596761809315164
966 -1.2964518670417686 -0.2132983085940228 -1.5097501756357914
967 -0.7145933535053146 -0.1895601170622992 -1.6466625942419664
968 -0.9132855456223365 -0.19864559939445053 -1.6376897601764973
969 -0.9469832479763705 -0.4052030477671928 -1.619181733041735
970 -0.7631219915392109 -0.5793331555339537 -1.602371811564564
971 -0.9881523474617397 -0.6211785339981886 -1.609330881459928
972 -0.3322451231120952 -0.1676690842330834 -1.636957574006469
973 -0.5070936077491771 -0.17334252945345077 -1.6427181507633444
974 -0.16238127463442065 -0.16238127463442065 -1.6326915895027125
975 -0.1654310659351106 -0.3278103719572345 -1.615107743905776
976 -0.16782443478046852 -0.4909510572484616 -1.5904247274152519
977 -0.56125800852977 -0.7393126479043147 -1.5523779422810164
978 -0.37566018489686565 -0.8779398476623216 -1.5011291562781115
979 -0.5833172843912449 -0.9279237970059936 -1.5112410813972383
980 -0.17927575098293483 -0.67582391318621 -1.557324809528452
981 -0.18441301767626855 -0.8478503625640228 -1.5203523844088214
982 -0.19114382993308737 -1.0247292167288575 -1.4654246738743324
983 -0.19545055449923462 -1.1879711469122378 -1.3834217014114725
984 -0.5275450050974637 -0.35637915193438346 -1.6175096223761456
985 -0.3487125470858581 -0.5161961956288329 -1.5827129541475602
986 -0.5464692993442161 -0.5464692993442161 -1.5861874026651193
987 -1.2463903025332381 -1.451452249017185 -0.20506194648394682
988 -1.0766959825876339 -1.5397402878606286 -0.20083724600176459
989 -0.9945172266841537 -1.6196968910289031 -0.6251796643447495
990 -0.7632484610947167 -1.6026373670760161 -0.5794291664044076
991 -0.9360395928033091 -1.6004699273294434 -0.40052038580953553
992 -0.8835850654342429 -1.5844313104949999 -0.19218555005112434
993 -0.69422380531654 -1.5997243280245 -0.18415668877650623
994 -0.5879336969834497 -1.5232011459190713 -0.9352674489356214
995 -0.3777328128013818 -1.5094113280457666 -0.8827837004311511
996 -0.5636776747824337 -1.5590704730979155 -0.7424999340313984
997 -0.19605171183684822 -1.3876767627948907 -1.1916250509580424
998 -0.19226611695265378 -1.4740288076840256 -1.0307458393889133
999 -0.18556605590607603 -1.5298583533696444 -0.8531515278153209
1000 -0.18000622102579847 -1.563670224979966 -0.6785775991706597
1001 -0.49528308306282187 -1.6044582260160563 -0.16930527441410528
1002 -0.3264619376902943 -1.6084640656912037 -0.1647505721582009
1003 -0.16778979584448883 -1.590096464010787 -0.4908497250302812
1004 -0.1645526559548263 -1.6065318047164716 -0.32606975630720364
1005 -0.16055218659336085 -1.6143006964159223 -0.16055218659336085
1006 -0.544309624301357 -1.579918707697361 -0.544309624301357
1007 -0.347369701170365 -1.5766181358118385 -0.5142083923258374
1008 -0.5200519755779249 -1.5945351894244713 -0.3513172908992303
1009 -1.4265323416744824 -0.44137064254491365 -1.4265323416744824
1010 -1.1442135688773272 -0.9114063443484969 -1.5900054641681634
1011 -1.3181754476723728 -0.6907707613716153 -1.5470777817988686
1012 -1.5657473999741411 -0.6991067523044403 -1.3340827488989775
1013 -1.6696305244291332 -0.957048190698343 -1.2015140476658959
1014 -0.6277744990928972 -1.1979617228383213 -1.4059888371622147
1015 -0.8735146187567537 -1.096642881182322 -1.5239009750879395
1016 -0.3980008346083216 -1.2863589189089129 -1.2863589189089129
1017 -0.6305964044684461 -1.4123088891287776 -1.2033466733743248
1018 -0.8833352154021223 -1.541033621162166 -1.108972025044201
1019 -1.681545207738773 -1.2100881957546876 -0.9638778011644868
1020 -1.5815597534978376 -1.3475555402673707 -0.7061669735881696
1021 -1.1642427962971977 -1.6178381886759738 -0.9273603283243905
1022 -1.3357838598606122 -1.5677439103611057 -0.6999981948785081
1023 -1.4155676017680563 -1.4155676017680563 -0.4379781402114885
1024 -1.248021656409402 -1.248021656409402 -1.4976259876912823
1025 -1.2594693321212356 -1.5113631985454827 -1.2594693321212356
1026 -1.5635264484442584 -1.302938707036882 -1.302938707036882
1027 1.6624517181712375 0.08167101580759109 0.0
1028 1.6635076970924214 0.08192060379103855 0.08192060379103855
1029 1.6623238912034919 0.0 0.08166473607135018
1030 1.6630784826316976 0.24669438907494923 0.0
1031 1.6661694624411876 0.2481683011258738 0.08325341110399496
1032 1.6648794905181405 0.16477744396326094 0.08258562471713704
1033 1.6639855405765103 0.08254128071817744 0.1646889674175098
1034 1.6636909677517522 0.08312956827650951 0.24779914070714573
1035 1.660571003661288 0.0 0.24632243970564188
1036 1.6631407091234391 0.4165950605987424 0.0
1037 1.6671134026781451 0.4212522952210616 0.08618219010388478
1038 1.6670984438254866 0.3349747926501951 0.08513075559141116
1039 1.6581301427879165 0.5932884517735854 0.0
1040 1.6621354419358523 0.5995290631331033 0.08894997941772477
1041 1.6657005732965875 0.5097218329428822 0.08759588625837589
1042 1.6688487331202153 0.4258198896831249 0.17348498911953517
1043 1.6683877581367794 0.4298770941982598 0.26119174251923727
1044 1.6687846622947335 0.34213319592428554 0.2575760663733234
1045 1.6624874923951873 0.0848952963234174 0.33404830117333884
1046 1.660201880926395 0.08582489582470763 0.41950586669573287
1047 1.6566404345199683 0.0 0.4149668265729103
1048 1.6664324112575137 0.2572129976185708 0.34165093887628895
1049 1.6632865772362722 0.26039313540778414 0.4285627229966042
1050 1.6623820408945844 0.17281274483032066 0.42416986226273407
1051 1.6565786524712092 0.08711618255178691 0.5069304295672625
1052 1.651202527322378 0.08836489922190652 0.5955855818197534
1053 1.6484344495269916 0.0 0.5898192772527158
1054 1.6679238993813184 0.2515430015895093 0.16834403154888017
1055 1.6680275335603119 0.25470136658118464 0.25470136658118464
1056 1.6662661769421612 0.16817671715360094 0.25129299709092123
1057 1.6407723155161222 0.7760275104967648 0.0
1058 1.6434332480699896 0.7944150535647543 0.09619432032412888
1059 1.654665659581783 0.7016223744061031 0.0946386017619952
1060 1.6018917633968943 0.9601369732351603 0.0
1061 1.6034358859861697 0.9808518136613744 0.09936440793249887
1062 1.6267022409885261 0.8881800530728162 0.09790074373180448
1063 1.6438921929659855 0.8125693277643353 0.1941947752021711
1064 1.6435839134950865 0.8307064577373158 0.293606092255962
1065 1.6543909805763788 0.7346945903023543 0.2880607357473137
1066 1.5327839997699666 1.1367900907464306 0.0
1067 1.5316446247752102 1.1615605363691794 0.10252395946140737
1068 1.5714991814328625 1.074226793813541 0.10145650437839926
1069 1.4284522171279672 1.2946736230730571 0.0
1070 1.4239079989370873 1.3200715965650318 0.10383640237205549
1071 1.482305747936549 1.2443462843053423 0.10343079433004933
1072 1.5300837596704526 1.1872230486815811 0.20755435989620688
1073 1.529759644250456 1.2145924610463208 0.31516718320413506
1074 1.5713341242796068 1.1241218199535856 0.3112330553320666
1075 1.6438317774280997 0.851349546352308 0.398140518304559
1076 1.6457764315135979 0.8724023566373685 0.5042239569026375
1077 1.653441074309472 0.7691032778460425 0.49090254014641266
1078 1.6061373266512746 1.053576297359398 0.4156714744612382
1079 1.6103888695081126 1.0826051155227017 0.5277837539854107
1080 1.6322359009784184 0.9779243763720048 0.5169508833558384
1081 1.6490922684028788 0.8956480579037193 0.6157861731522823
1082 1.6521882673941863 0.919876146148322 0.7323121212458642
1083 1.6557201046943475 0.8077038973387669 0.7103813717655865
1084 1.6032178717106174 1.0039556894119834 0.20155717841703205
1085 1.6036416360523211 1.028040286707287 0.30691571585650035
1086 1.6272414011686396 0.9292579517084545 0.30078143951114666
1087 1.6423676730816859 0.09393521842886236 0.6964077001070104
1088 1.6307058108143522 0.0954493511094 0.7882627697643303
1089 1.6305318732213663 0.0 0.7711841420017974
1090 1.6405925733121711 0.2856581722690699 0.7285668881504299
1091 1.6280935771830325 0.2908389338073001 0.822877272807182
1092 1.6293190682575296 0.19247323610802544 0.8053658905812616
1093 1.614269405344633 0.09715249133160322 0.8813917200000542
1094 1.591924359363752 0.09865104231730171 0.9738099968576642
1095 1.593882958222015 0.0 0.9553366801469853
1096 1.6424252946723192 0.4876319825864283 0.7639792535559708
1097 1.6319375988577407 0.4999840912519718 0.8650665909823844
1098 1.6285468641434986 0.39443847081957084 0.843433405437184
1099 1.6515166807942923 0.7085779062959292 0.8056533563949108
1100 1.6445026704818555 0.7289055749769051 0.9155970955049503
1101 1.637868773613185 0.6115952172922845 0.8895524006115914
1102 1.6162884807136113 0.5119001226243798 0.968369770320358
1103 1.5932523414091653 0.5221674824738586 1.0710848589353066
1104 1.5885836586422517 0.41112855092510037 1.0420616352946157
1105 1.561365599801189 0.10080227701300838 1.0672998001283678
1106 1.5230932578926266 0.10195155514683714 1.1550753960551974
1107 1.528282186138008 0.0 1.1334513182070738
1108 1.5553083573114779 0.3080588428329794 1.1126570945002232
1109 1.5149027237913741 0.31210630119579114 1.2027964225955827
1110 1.517947104122566 0.20590803448584838 1.1778059712769666
1111 1.4753117151736221 0.10294277196000393 1.2384750268451505
1112 1.4182219566143475 0.10342175607540621 1.3148002005389414
1113 1.4266667862288098 0.0 1.2930554028321264
1114 1.6107846203403762 0.29773954651131906 0.9198600870565322
1115 1.5870171181830806 0.30373400387802646 1.0173828719006122
1116 1.588718212000036 0.19973427552227227 0.9948758156669112
1117 1.6630619558676911 0.6153936513154523 0.18330405690644017
1118 1.6598131361139188 0.6454796671947325 0.37726391445963287
1119 1.6619022789261215 0.6307280564931792 0.2796028806407521
1120 1.6662659258529975 0.5287487271521705 0.2704487898128203
1121 1.6657861696547853 0.442613145028246 0.3558357893899688
1122 1.6563352324066625 0.6772023465298325 0.5844133048164314
1123 1.657748170766819 0.6618111220745071 0.48043534873466454
1124 1.654859408461476 0.6932144320494519 0.6932144320494519
1125 1.6523372022664855 0.5830026592168799 0.6755677285253051
1126 1.6503848617720502 0.4783013732689541 0.6588715201048333
1127 1.6627823096256291 0.3551941218553456 0.4418149946059712
1128 1.65804365719638 0.2691142473648255 0.5261395913479535
1129 1.6499648923444443 0.3750254775451478 0.6416498137175778
1130 1.650659089244542 0.27771129636264924 0.6264610215016698
1131 1.6514899112024917 0.18202857662361038 0.6111115722295971
1132 1.6600793829214464 0.5564147678955944 0.4670650411525454
1133 1.6565015530814065 0.46605841504859713 0.5552155738206025
1134 1.661651729772332 0.4540232973581536 0.4540232973581536
1135 1.2901218036272304 1.42343005828926 0.0
1136 1.2378392697810081 1.4745543806901624 0.1028899274592612
1137 1.3170552847687724 1.4206544250361277 0.1035991402673553
1138 1.1254327959530477 1.5174704604616343 0.0
1139 1.062582686458623 1.5544648779858141 0.10035676414138386
1140 1.152132432395787 1.519212638390922 0.10169179745236784
1141 1.1797644687969682 1.520471200375614 0.20625042566463628
1142 1.1162727166149435 1.5603623917662086 0.30905989191655386
1143 1.2090511900120862 1.5227805026223877 0.31372931261030146
1144 0.9458704884978365 1.5780895715946746 0.0
1145 0.874459060079149 1.6015722350013768 0.09638833032624383
1146 0.9677253276804892 1.5819775184881493 0.09803463977633252
1147 0.7626612413336727 1.612511713787584 0.0
1148 0.689109796121016 1.62515671808218 0.09295083786429952
1149 0.7809248409125575 1.6155255896027054 0.09456081422264835
1150 0.7991065689599065 1.6166559642059413 0.19097732983437676
1151 0.7213023313987548 1.6242341880368547 0.28280986823854143
1152 0.8176779093280965 1.617806441342154 0.2890012632570184
1153 1.0455686603649839 1.593929986084448 0.412512190900322
1154 0.9699523505716712 1.6189299368065213 0.5127367070052019
1155 1.0768861659819935 1.6018818593771023 0.5249956933951087
1156 0.8394174422106211 1.6207926250097702 0.3925603730542445
1157 0.7573410816221114 1.6281543554500728 0.4833949762465431
1158 0.8622758184903074 1.6266728405060094 0.49837110346249125
1159 0.8880594584660837 1.6351199267557577 0.610568772672205
1160 0.8010179727598938 1.6420145626260427 0.7045010531370519
1161 0.9153684577095899 1.6440920144554338 0.7287235567458439
1162 0.9922302973012936 1.5844935810044383 0.1992031532597583
1163 0.9174204463611983 1.6065125187822193 0.2969498856438674
1164 1.0180218804681491 1.588013908637644 0.30392477633556525
1165 0.5833393426407352 1.6303242455085252 0.0
1166 0.5010096254488123 1.6372302820913505 0.08609869016555043
1167 0.5888319492776241 1.6324787444394913 0.08736288695501511
1168 0.4106729568889818 1.6394983458433798 0.0
1169 0.33033279670584226 1.6439962152850958 0.08395103511433127
1170 0.4146411714426415 1.6409497634937353 0.08482964880562759
1171 0.41816268230520987 1.6388390479423303 0.17036533555043543
1172 0.335635235219802 1.6370902891996546 0.2526840559585267
1173 0.4210655599695435 1.6341894813827886 0.255837886706662
1174 0.2439350277404098 1.6444763795255577 0.0
1175 0.16317154757807964 1.6486538233923556 0.0817807575398627
1176 0.24525326669988964 1.6465983031895632 0.08227549991087421
1177 0.08092261497373342 1.647217669227134 0.0
1178 0.0 1.6515101775948702 0.08113349238744938
1179 0.08126801501583004 1.6502560070369556 0.08126801501583004
1180 0.08183624569831544 1.6497724332871282 0.1632822593024431
1181 0.0 1.647292821477505 0.24435280743869636
1182 0.08223608095630079 1.6458094026810957 0.24513576358669678
1183 0.25209403911278794 1.6332676861273752 0.3348515275099824
1184 0.1691930153767144 1.6275618472654605 0.4152852157902065
1185 0.25445309052348203 1.6253439605510498 0.4187864214579635
1186 0.08367669370450752 1.6386238427011008 0.32925331072885716
1187 0.0 1.6301516664019244 0.40833173556780905
1188 0.0842326062476818 1.62940053680176 0.41172287071744346
1189 0.0851269291073556 1.6187515267424069 0.4953549326438952
1190 0.0 1.6051843987956185 0.5743441616538869
1191 0.08602076283207265 1.6073995697525187 0.5797859391120984
1192 0.24809073390063316 1.6450327048382276 0.16603361680047166
1193 0.16586061005057762 1.6433185835222082 0.2478322237725152
1194 0.2504587438456507 1.6402427924245633 0.2504587438456507
1195 0.7033809080910453 1.639403786574529 0.7997443674047934
1196 0.6079425090254624 1.6280867206471177 0.8842396131410305
1197 0.7272107508742317 1.6406789341042982 0.9134681832300664
1198 0.4799877935382553 1.6166783996811747 0.7520030049676641
1199 0.3883467038131532 1.6033953416898679 0.830407293200523
1200 0.4947580304424662 1.614879845864854 0.856024522068901
1201 0.5094268720686574 1.6084793667742778 0.9636910821022131
1202 0.4090920440204849 1.5807146804793275 1.0368998295515282
1203 0.5224188930867343 1.5940194526542426 1.071600559567508
1204 0.27887682862721386 1.6016459472537108 0.7112711728016249
1205 0.1874956718469313 1.5871831301496144 0.7845382651143545
1206 0.284786428670687 1.594212127372341 0.8057527810643828
1207 0.09118299649178141 1.5942476983351412 0.6760035473148591
1208 0.0 1.5754604843887834 0.7451373149245711
1209 0.09255154999224054 1.581198285981416 0.7643314521776846
1210 0.0942354285374206 1.5657999820948934 0.8549273961492418
1211 0.0 1.5365423973906651 0.9209680706202888
1212 0.09583819140777275 1.5465335983849164 0.9460436167867963
1213 0.30577559549198924 1.5437808399106008 1.1044103864067671
1214 0.20329227125050156 1.4986637855377447 1.1628436529500925
1215 0.31103621592170694 1.5097087399141236 1.1986725239924165
1216 0.09817888851925471 1.5207309170297607 1.0395232250547608
1217 0.0 1.477010244561053 1.095425454728097
1218 0.09958069026312892 1.487674001025485 1.1282143276722931
1219 0.10083556227165995 1.4451124978769567 1.2131237901759637
1220 0.0 1.3850631212258946 1.2553480388359133
1221 0.10155376948645284 1.3926062670762271 1.2910524975897744
1222 0.29277672552911443 1.583935530908671 0.9045275556738958
1223 0.1957128302178347 1.5567309961002311 0.9748450089015191
1224 0.30009745232406493 1.5680160531274543 1.0052019332617175
1225 0.6035494126760667 1.6310536590071778 0.17977607609460292
1226 0.43253809530857346 1.6278684560257792 0.3477360225610508
1227 0.5176067537985298 1.6311538024708254 0.2647498007564332
1228 0.6179548131475907 1.6282461223515474 0.27394047891661
1229 0.6323715189910338 1.6261063012058827 0.36960258668437324
1230 0.26239117392665556 1.616622032811286 0.5129954522100294
1231 0.34666553834312774 1.6228571618889331 0.4312065530620493
1232 0.17721354214892407 1.6078045679199402 0.5949464000201276
1233 0.27066961536103623 1.6088047790270177 0.6105764005620922
1234 0.3663122505823178 1.611630113913377 0.6267419186748849
1235 0.6492631768869218 1.6263172496357294 0.47132628993975617
1236 0.6662191380985167 1.6294719541223002 0.5749349957560387
1237 0.46871250162389944 1.617298340409347 0.6456626213017879
1238 0.5735125416557024 1.6254404565101637 0.6645708367223506
1239 0.6847680494194807 1.6346959855486705 0.6847680494194807
1240 0.4432404024354374 1.6221880808703006 0.4432404024354374
1241 0.4553908742273524 1.6185861386883231 0.5425073282293186
1242 0.5441861944615689 1.6235950841363076 0.4568001461789602
1243 1.3125387853804842 0.10324387389467084 1.415782659275155
1244 1.2334211557368824 0.10252269122382714 1.4692913796065832
1245 1.2888396465151286 0.0 1.4220154159138785
1246 1.2011881061867542 0.31168896898887555 1.5128770751756297
1247 1.1091677250010115 0.3070927490243324 1.5504308028783134
1248 1.1733226996298258 0.20512425373125767 1.512169098763675
1249 1.1473049468640002 0.10126570435135003 1.5128470706616206
1250 1.0569400554724213 0.09982383979183852 1.5462102058560452
1251 1.1223379151516655 0.0 1.5132974967701238
1252 1.0710004054430702 0.5221263103229695 1.5931267157660398
1253 0.9652865778685823 0.5102702838556455 1.6111423799199243
1254 1.0391569208550615 0.4099825428599944 1.5841555310388464
1255 0.9144580824819188 0.7279988082925908 1.6424568907745098
1256 0.8010056373588101 0.704490204063311 1.641989276166932
1257 0.8857215901815002 0.6089614147914016 1.6308153782462969
1258 0.8583054688430632 0.4960763533461151 1.6191828242026503
1259 0.75361744162234 0.481018254696743 1.6201491635611411
1260 0.8337879849416108 0.38992771171735857 1.6099229642598212
1261 0.9609997693165253 0.09735331246924814 1.5709829916046043
1262 0.8666323751827052 0.09552562431335218 1.587237657438518
1263 0.9397765271149792 0.0 1.5679224112646586
1264 0.8105279745047743 0.28647417994882024 1.603660026867227
1265 0.713834011991576 0.27988167247988954 1.6074169684324267
1266 0.7908623197997532 0.18900704858247233 1.599977194323585
1267 0.7721560816427729 0.09349902059945628 1.5973853611873192
1268 0.6797415876730283 0.09168720349220166 1.6030632766867137
1269 0.7540541773151841 0.0 1.594313605900441
1270 1.011234510081727 0.30189844461698634 1.5774262790556974
1271 0.9105714885348019 0.29473302068146673 1.5945191775259189
1272 0.9853108360600461 0.1978139813085851 1.573443886240445
1273 0.7299870113762371 0.9169555156627781 1.6469425270390154
1274 0.6107837049253518 0.8883720729149052 1.6356955212272615
1275 0.7052804205550686 0.8019041138187822 1.6438310718339724
1276 0.52537682948896 1.0776679632271684 1.6030447927161282
1277 0.4114387260203084 1.0428478165661734 1.5897821623376447
1278 0.5123444780614843 0.9692103647128018 1.6176915016206044
1279 0.49714031973867695 0.8601463309749534 1.622655588217191
1280 0.38996624649261186 0.833870384400903 1.610082065595116
1281 0.48136091929928887 0.7541542986305382 1.6213033147056684
1282 0.31223079318974295 1.2032761903041913 1.5155069834939343
1283 0.20398732250176885 1.1668193866611654 1.5037876799827208
1284 0.30725367463472164 1.109748961431168 1.5512432741076476
1285 0.10164611955350827 1.2922265434703697 1.393872663023878
1286 0.0 1.2563388220392406 1.3861562820335789
1287 0.10103100327844536 1.2154750849926532 1.4479134367038988
1288 0.09984009569040599 1.1311533002678498 1.4915493578729349
1289 0.0 1.0971685291844855 1.4793605083950785
1290 0.09844528611628019 1.0423438567952847 1.5248572528248503
1291 0.2855598798736143 0.8079411243105313 1.5985418466408923
1292 0.187627883597211 0.7850914788294788 1.5883023253693465
1293 0.27889433122528057 0.7113158129157399 1.6017464682091371
1294 0.09603635237024455 0.9479997149861573 1.549731306749915
1295 0.0 0.9211680808864163 1.536876094359781
1296 0.09429401541772497 0.8554589109924862 1.5667734518138234
1297 0.09239649495771876 0.7630509394286984 1.5785492460156976
1298 0.0 0.7420984235670385 1.5690352884493908
1299 0.0907544125947179 0.6728261540959045 1.586754317795727
1300 0.30162930862006726 1.0103330161759365 1.5760200373153046
1301 0.19645958035926248 0.9785645690727 1.5626707655584162
1302 0.2940737744176602 0.9085347610233836 1.5909526249627846
1303 0.5793261085999074 0.08595253942621926 1.6061247348219116
1304 0.4919205530390341 0.08453672969702505 1.6075284483749237
1305 0.5740134394293234 0.0 1.6042600920982617
1306 0.4140037752280535 0.2515471722517186 1.6067821238559294
1307 0.32949677060840116 0.2480626933225363 1.6071493898201872
1308 0.410264225132168 0.1671473934347067 1.607883870492437
1309 0.4064460060387681 0.08315303526362003 1.6085172515835224
1310 0.32341008086347617 0.08219169069995713 1.609543327900503
1311 0.40272678450503796 0.0 1.607775447462262
1312 0.25114186199992217 0.41333670362919483 1.6041931650480352
1313 0.16672012832025074 0.4092155004855778 1.6037737693904044
1314 0.24789047196008776 0.32926801237798564 1.6060336014931882
1315 0.0852660838946486 0.5746993504553958 1.5932975023053277
1316 0.0 0.5681808290323904 1.5879590380639528
1317 0.08405732618960611 0.4891308965270827 1.5984122360588255
1318 0.08286757305074224 0.40505068744418726 1.6029952535874972
1319 0.0 0.40108999243089405 1.6012410072147785
1320 0.0820624275058694 0.3229014525618003 1.6070119928006261
1321 0.23990837753672883 0.08048244151950369 1.6107134175559445
1322 0.15952077578900797 0.07995100911284253 1.611767129862003
1323 0.23879981426574995 0.0 1.6098575822944925
1324 0.0804597104242371 0.2398406189041367 1.6102584949734486
1325 0.0 0.23883871675214158 1.610119841554954
1326 0.07997019250743596 0.15955905110312557 1.6121538562484237
1327 0.07940515852632431 0.07940515852632431 1.6124282083457262
1328 0.0 0.07921405278832422 1.6124390869767598
1329 0.07913831414707877 0.0 1.6108973915169276
1330 0.24556236583204522 0.24556236583204522 1.6081766380452545
1331 0.16243987334425466 0.24272089092133511 1.6094265087425308
1332 0.24280387531700814 0.16249541028082204 1.6099767592203582
1333 0.6851681422501497 0.6851681422501497 1.6356510974945269
1334 0.4685764696621189 0.6454752340383381 1.6168289604263768
1335 0.5738005900841359 0.6649046194580306 1.6262568389517023
1336 0.6646783681942905 0.5736053393596828 1.625703462340665
1337 0.6455641460406724 0.4686410144656488 1.61705167307703
1338 0.26962736436199763 0.6082252912119482 1.602609852470661
1339 0.3656399380123328 0.6255916255318306 1.6086722025084816
1340 0.1761067758730992 0.5912307324504767 1.5977632141254567
1341 0.26018404882872836 0.5086803484633928 1.6030236826492592
1342 0.34288313551416755 0.42650173903881716 1.605150471026424
1343 0.6264881749610176 0.3661639448313727 1.610977626823716
1344 0.6102568838030841 0.27052797300770826 1.6079628858775308
1345 0.42681447761104 0.3431345595352786 1.6063274708380613
1346 0.5100078682430551 0.26086305966965456 1.6072071461001518
1347 0.5945840632942796 0.17710561482196488 1.6068253761088396
1348 0.4533978563229156 0.5401330452130335 1.61150239736445
1349 0.4392929880553248 0.4392929880553248 1.607741183605317
1350 0.5403234722496026 0.45355770436578496 1.612070541877499
1351 1.3831488997497612 1.3831488997497612 0.21026520283536593
1352 1.287623833665289 1.5021991324356978 0.43158711483862305
1353 1.337882766640615 1.4444047351633664 0.32014171775294176
1354 1.4464643292816495 1.3397904698002931 0.3205982116862896
1355 1.5053598638470231 1.2903330837301843 0.43249520413327064
1356 1.1617837828114643 1.5999891908775237 0.6631740679078385
1357 1.2285274880840134 1.556390497197212 0.5497224019560897
1358 0.9957576630159877 1.6482919656413708 0.8813498762191194
1359 1.0839310546815926 1.6316716461952372 0.7752727346963716
1360 1.2479065991891773 1.5894007374558996 0.811417212123227
1361 1.3272075769961102 1.5614247622530033 0.9628774464163714
1362 1.3923983897869947 1.510830411173052 0.8309894147975255
1363 1.5598499965245616 1.2312582230931968 0.5509443088510628
1364 1.6030692626608634 1.1640202838254599 0.6644507163662478
1365 1.5103245645194254 1.391932195791441 0.8307111881934237
1366 1.5592732164535685 1.3253787678493 0.9615506614342897
1367 1.58878882926474 1.2474261638578912 0.8111048221596104
1368 1.6336206622279974 1.0852257998644896 0.7761987904951645
1369 1.6482181479920426 0.9957130686774138 0.8813104055564854
1370 1.366175022719016 1.4778199601430915 0.5606904209382557
1371 1.4428598762548746 1.4428598762548746 0.6957049415538495
1372 1.4786470536148315 1.366939631719449 0.5610042232953306
1373 0.7743017108230074 1.6296279884590115 1.082573438343403
1374 0.8808679381878468 1.6473906498230815 0.9952131647404592
1375 0.5487366310786662 1.553599553221532 1.226324473224953
1376 0.6621470798257321 1.5975114555286223 1.1599846501905284
1377 0.8118301525513676 1.5902096034883255 1.2485416745581117
1378 0.8330271568090252 1.5145352509053953 1.3958128119746767
1379 0.9643164043363815 1.5637582103325136 1.3291910026766307
1380 0.3181351217642346 1.4353514422404954 1.3294971360150767
1381 0.4302859236358386 1.4976701550201263 1.2837417789253387
1382 0.20765573470057025 1.3659835156020061 1.3659835156020061
1383 0.3185873195875313 1.3313868855895696 1.4373916533125943
1384 0.43155327393710596 1.2875228706155408 1.5020813444592915
1385 0.833873205845926 1.3972304441318184 1.5160734613705729
1386 0.8140876639039866 1.2520135793594727 1.5946316075511662
1387 0.9654297330049273 1.3307255886720555 1.5655636103427262
1388 0.5510039717866055 1.2313915586750708 1.5600189160111662
1389 0.6651297484227535 1.1652098484804019 1.6047075112041094
1390 0.7773172704275298 1.0867895787496116 1.6359746621957554
1391 0.8829334656291029 0.9975468177349134 1.6512535791523957
1392 0.5611568460310726 1.4790493235963198 1.3673115113908032
1393 0.5620004092106212 1.3693669325340003 1.4812727154322143
1394 0.6977442811908757 1.4470893723538232 1.4470893723538232
1395 1.6438098957460072 0.8789532912512694 0.993049978007801
1396 1.6225489768755605 0.7709381880933903 1.0778708007081619
1397 1.5502148006562224 0.9559646450712976 1.31767913455767
1398 1.4982196790497906 0.8240532392812139 1.3807761964735632
1399 1.5761348753933215 0.8046447547073218 1.2374910026554027
1400 1.5875422068324554 0.6580149599029744 1.15274578162313
1401 1.542806912375469 0.5449246337296517 1.2178053670158857
1402 1.3211516224831539 0.9584839045785174 1.5543000912523979
1403 1.2415706801274093 0.8072974536535799 1.5813309713085149
1404 1.3827371916285007 0.8252235697183755 1.5003474688676859
1405 0.9954443370054158 0.881072549866644 1.6477733125945162
1406 1.0808135323603258 0.7730429526036394 1.6269787529009438
1407 1.1557020671681724 0.6597024786476919 1.5916135538310932
1408 1.2200035159255385 0.5459082272676002 1.5455916918025405
1409 1.48964735475149 0.42798094479108784 1.2768649617207628
1410 1.4340129116160942 0.317838446266759 1.3282573193546832
1411 1.277698855134365 0.42826045006510494 1.4906202118311012
1412 1.3280199012471168 0.3177816345320711 1.4337565903244736
1413 1.3747964175239253 0.2089954650871655 1.3747964175239253
1414 1.4299207845894066 0.6894660890089652 1.4299207845894066
1415 1.354248377964665 0.5557956194988406 1.4649186602492925
1416 1.463536887188332 0.5552713696307335 1.3529709937812986
1417 1.057877705660042 1.6365197881174292 1.057877705660042
1418 1.134906474187021 1.5122429279838092 1.3854984057859943
1419 1.1074521872703975 1.593667484359582 1.2316263625846073
1420 1.2310509340122637 1.592922906431426 1.106934774156795
1421 1.383325924926358 1.5098717099423844 1.1331269249776157
1422 1.1076203591232772 1.2318133908733513 1.5939094903051203
1423 1.134976215193668 1.385583545888483 1.5123358566492906
1424 1.0579896964109978 1.0579896964109978 1.6366930360070904
1425 1.228709637544774 1.1048295302510633 1.5898933772131216
1426 1.379030986653752 1.1296088023789475 1.5051838734196195
1427 1.507901339970523 1.3815206961471023 1.1316482038037692
1428 1.5876693603231706 1.22699086128851 1.1032840432573996
1429 1.503082818088446 1.1280320045947758 1.377106025552634
1430 1.584334017440938 1.100966287008699 1.224413224320741
1431 1.6302317524564387 1.053812999087927 1.053812999087927
1432 1.2898608457459777 1.4188469303205757 1.4188469303205757
1433 1.4157665300086526 1.2870604818260474 1.4157665300086526
1434 1.4173543449275943 1.4173543449275943 1.2885039499341762
1435 -0.08104519555795972 1.6497128543408046 0.0
1436 -0.08138775752812522 1.652687539296902 0.08138775752812522
1437 -0.2455211719009751 1.6551692948921357 0.0
1438 -0.24671474182442704 1.656410455714984 0.08276578327425856
1439 -0.1637187875763828 1.6541830307137733 0.08205503146985613
1440 -0.08195350131136563 1.652136240135887 0.1635162114009461
1441 -0.0823356351508373 1.6478018034319488 0.24543252254228146
1442 -0.4173227700500583 1.6660458881026567 0.0
1443 -0.4205271436097192 1.6642436023614295 0.0860338344634958
1444 -0.3335057121498726 1.6597871419912038 0.08475740232495312
1445 -0.6010549366797532 1.679836014001029 0.0
1446 -0.6040182564402602 1.6745812894524559 0.08961602494717252
1447 -0.5108812809230702 1.669489489212071 0.08779513782429112
1448 -0.42319017992264574 1.6585425264150393 0.1724136085188691
1449 -0.4248493539504385 1.6488746917422998 0.25813690602297845
1450 -0.3377980755688067 1.6476397326456804 0.2543123572047274
1451 -0.08372930084422947 1.639654037724689 0.3294603107207855
1452 -0.08419422251884259 1.628658039671953 0.41153525383449857
1453 -0.2526289957315422 1.6367335648207635 0.3355620998090017
1454 -0.25409006155065555 1.6230250775409254 0.41818893763843995
1455 -0.16903008516660412 1.6259945308301333 0.4148853026654611
1456 -0.0849448094114646 1.6152883860081553 0.49429517528347816
1457 -0.08564080797182566 1.6002996643485332 0.5772250168624485
1458 -0.24943642154308204 1.6539556506795328 0.16693421225136415
1459 -0.25153711680706675 1.6473050073440723 0.25153711680706675
1460 -0.16629123349411404 1.6475851270194735 0.2484756698902382
1461 -0.7973769986070154 1.6859120155498442 0.0
1462 -0.8107136078322064 1.6771506176722017 0.09816788356791213
1463 -0.7114634702330618 1.6778743312426687 0.09596602172869385
1464 -0.9990438720744658 1.6668040025121098 0.0
1465 -1.0121464541184524 1.6545944288455674 0.10253468643651711
1466 -0.911908702277729 1.670161274664998 0.10051626340810776
1467 -0.8231569899549736 1.6653118732594052 0.19672510536450255
1468 -0.8348034803511608 1.651690026549369 0.29505414985600986
1469 -0.7344458917351625 1.6538309592125695 0.28796322544413444
1470 -1.190053251992221 1.6046010590487896 0.0
1471 -1.2043992181523004 1.5881321126255368 0.10630507214300843
1472 -1.112344351057466 1.627261810285561 0.10505655805019719
1473 -1.3499826346867005 1.489476307569491 0.0
1474 -1.3624715709431443 1.4696431415072484 0.1071715705641041
1475 -1.2888841984121686 1.5353607591615859 0.10713281192111257
1476 -1.2196015798883735 1.5718129569063997 0.21321488453516846
1477 -1.236816771087036 1.55775080483473 0.3209340337476939
1478 -1.143388517296043 1.5982657418845572 0.31656738206926915
1479 -0.8479706145124307 1.6373075529706458 0.39656033343242447
1480 -0.8608890410871202 1.624056701807441 0.4975695852361153
1481 -0.7553052647888445 1.623777695944315 0.4820955569312042
1482 -1.0589905535756678 1.6143911560386663 0.41780758161377035
1483 -1.0788805998019684 1.6048486050340427 0.5259680052320739
1484 -0.9699130158220337 1.6188642838868625 0.5127159138497566
1485 -0.8754350390406639 1.6118754924226315 0.6018890877695842
1486 -0.8908569147824468 1.6000668662770345 0.7092099514945877
1487 -0.7778023607880462 1.5944246529930464 0.6840827558708427
1488 -1.0272148771694547 1.6403604925329482 0.20622676324643197
1489 -1.0426127171829693 1.6263731929294647 0.31126623401132686
1490 -0.9384797877904656 1.6433899349959267 0.3037663557301401
1491 -0.09046119484648915 1.581627685219369 0.6706523251413342
1492 -0.09150572297040545 1.563330839196383 0.7556945521323273
1493 -0.2719113741415066 1.5616419354369881 0.6935058855042425
1494 -0.27499092659356744 1.539377673785711 0.7780381421421475
1495 -0.1831673382890828 1.55054304167714 0.7664272161132717
1496 -0.09283045662585634 1.5424552058455068 0.8421811392832322
1497 -0.09407189845032962 1.5180310634022403 0.9286080813992929
1498 -0.4612241521720408 1.5534793473208868 0.7226057684514728
1499 -0.4689759053217202 1.5307275296228637 0.8114165925833106
1500 -0.3710147965707521 1.5318358329771646 0.7933462288530073
1501 -0.6722942500687756 1.5669486142953013 0.7643988250837453
1502 -0.6859046197944559 1.5474871062463251 0.861582486451869
1503 -0.5736757464093274 1.5363193901073808 0.8343993264865276
1504 -0.47654535642777146 1.5046583036217578 0.9014885852836794
1505 -0.48302466035219127 1.4738186441991306 0.9907939838469392
1506 -0.3817826232426671 1.4751922119545615 0.9676803613082097
1507 -0.0960274397477095 1.4874062918212276 1.0167435725320275
1508 -0.0971230124884912 1.4509578131926268 1.100369699654338
1509 -0.2869974388188542 1.4489748484965974 1.0365868204546986
1510 -0.28998770522987477 1.407543400551733 1.1175556953218582
1511 -0.19354076099597398 1.4267759799519022 1.1070644453274754
1512 -0.09812806553902818 1.406310340402531 1.1805506718813439
1513 -0.09868741892961477 1.3533000180883685 1.2546125991587538
1514 -0.2798256246572303 1.5138694804113628 0.864515401040496
1515 -0.28403994317563847 1.484115200511137 0.9514159410303146
1516 -0.18850704982806676 1.4994150721960213 0.9389530388125515
1517 -0.6163378160917644 1.665613500746646 0.18358529028204656
1518 -0.6367990534111811 1.6374914464934105 0.3721903505623726
1519 -0.6272878164053507 1.6528376071025732 0.2780778160289118
1520 -0.5237907226722149 1.650641578216887 0.2679128285090219
1521 -0.43437815058736257 1.6347935522847516 0.3492153223288137
1522 -0.6554707525091208 1.6031830172418604 0.5656593345361267
1523 -0.6468795801444808 1.6203466592243119 0.46959594106225794
1524 -0.6642144234072181 1.5856298383194032 0.6642144234072181
1525 -0.5570072649951178 1.578661454341257 0.6454449681075303
1526 -0.4567081230805102 1.5758770823276766 0.6291263042832097
1527 -0.3458536814169278 1.6190565884791568 0.4301967093135204
1528 -0.2604749369745403 1.6048158777851167 0.5092490577445407
1529 -0.3587114962318049 1.5781897782973233 0.6137374085678815
1530 -0.266520692020651 1.5841444281083332 0.6012172610960628
1531 -0.17549648278561536 1.5922262105650749 0.5891818389463307
1532 -0.5421960545879438 1.6176574448715733 0.45512958526719727
1533 -0.44935797762875657 1.597143542089973 0.5353203361299688
1534 -0.44185431187398594 1.6171152139217133 0.44185431187398594
1535 -1.462284678016664 1.3253375782204786 0.0
1536 -1.4923492170014045 1.2527774419324285 0.10413159710616576
1537 -1.4513696726740157 1.3455306680228196 0.10583900465119599
1538 -1.5221810155306015 1.1289263816931918 0.0
1539 -1.5369621707279855 1.0506183931756379 0.09922678360017952
1540 -1.5205263283764223 1.1531287016474776 0.10177973214468465
1541 -1.5204213768202346 1.1797258096889685 0.20624366714826148
1542 -1.5484554059575997 1.1077545393854689 0.30670148353239945
1543 -1.5233527395745101 1.2095055324250215 0.31384720714948844
1544 -1.5392842308820853 0.9226114623710427 0.0
1545 -1.5439143287020731 0.8429778209275615 0.09291827184443446
1546 -1.5439876871806713 0.9444862351390924 0.09568042210644334
1547 -1.5329113963997663 0.7250130950594655 0.0
1548 -1.5337193783685938 0.6503379251827874 0.08772107925462515
1549 -1.5396505446102056 0.7442477942465419 0.09011965520923072
1550 -1.5483194678637813 0.7653281124819713 0.1829046650927027
1551 -1.5529965252963513 0.6896665656966248 0.2704060448480155
1552 -1.5608367697758447 0.7888840803810426 0.2788243306961975
1553 -1.5777564984767332 1.0349593538590127 0.40832646074541906
1554 -1.6062891188133683 0.9623788349754414 0.5087331913222152
1555 -1.5977284023102762 1.074093949795711 0.5236344525145651
1556 -1.5793900267807006 0.8179748081746289 0.38253255138512715
1557 -1.5924844070915323 0.7407490937796601 0.4728046573484767
1558 -1.6033837480561484 0.8499306063775549 0.4912359190456501
1559 -1.6317985323275996 0.8862555566916893 0.6093285335396637
1560 -1.6503603197793433 0.8050892530202783 0.7080817733313498
1561 -1.6606613193468487 0.924593622074127 0.7360676972727216
1562 -1.5508429562202928 0.9711578424587938 0.1949725835392338
1563 -1.5649137178242598 0.893664895068096 0.289260708595467
1564 -1.561759733302468 1.0011912187217507 0.29890007578148536
1565 -1.5225447312401434 0.5447752157950078 0.0
1566 -1.5233134112487245 0.4661498690556794 0.0801080280854552
1567 -1.5272551344644802 0.5508779951556133 0.08173179474351941
1568 -1.5190269068530446 0.38049643234642044 0.0
1569 -1.52097770538378 0.30561434051691494 0.07766906734067244
1570 -1.5213188076373425 0.38441238517469006 0.07864527180802057
1571 -1.522796769507892 0.38855358159951303 0.15830217307676717
1572 -1.5200380153311535 0.311637250666321 0.23461709684491486
1573 -1.5247971838753802 0.3928795206325772 0.23871215279690725
1574 -1.5216275005875994 0.22571211796516888 0.0
1575 -1.5215833733470912 0.1505950553568898 0.07547748300267086
1576 -1.521454871449907 0.22661372639383362 0.0760224639475806
1577 -1.522285982138235 0.07478511475067098 0.0
1578 -1.5166798820478327 0.0 0.07450970471373719
1579 -1.5202704441373287 0.07486678476275245 0.07486678476275245
1580 -1.5158127639016683 0.07519123442506329 0.15002392316387378
1581 -1.504418354016388 0.0 0.22315938221383608
1582 -1.5097403107839629 0.07543712304618416 0.22486889630035448
1583 -1.514413952022144 0.23374902552516938 0.31048420869663623
1584 -1.5059669801661197 0.15655263415038256 0.38425932838250354
1585 -1.5146502620927047 0.2371236178962537 0.3902650629145076
1586 -1.5032157897473515 0.07676205113867163 0.3020453887076085
1587 -1.4895036472353134 0.0 0.3731012407898362
1588 -1.4978748369571904 0.07743332501741773 0.37848847715364947
1589 -1.494813693463634 0.07860928450721541 0.4574286567197667
1590 -1.4813149573740791 0.0 0.5300229668172258
1591 -1.4946466263613034 0.07998673471324767 0.539116168880796
1592 -1.519382884887753 0.2291412285477526 0.15335174488671122
1593 -1.5134293272198873 0.15275085062514507 0.22824336038574192
1594 -1.51652289381943 0.23156719282865204 0.23156719282865204
1595 -1.6584725952330552 0.711562318955341 0.8090466347550724
1596 -1.6525168217085975 0.6170649327555439 0.8975079868938814
1597 -1.6792204490468965 0.7442938031635199 0.9349266458833765
1598 -1.6006549686944165 0.47523047675480395 0.7445496560181696
1599 -1.5865600826343802 0.38426915837439163 0.8216882196575857
1600 -1.6200453023328547 0.4963405946654259 0.8587626560642015
1601 -1.6326443852825214 0.5170802557840005 0.9781691122941274
1602 -1.6002126847355218 0.4141381655716986 1.0496899159216455
1603 -1.633361284560485 0.5353126606265473 1.0980486239339375
1604 -1.5424931219480729 0.2685772038232042 0.6850021340656838
1605 -1.5264854105500762 0.18032538412164575 0.7545356253896427
1606 -1.5542521910932474 0.2776480765358375 0.7855560774794558
1607 -1.4983507009765122 0.08569816776481777 0.6353406625830983
1608 -1.4821862249073157 0.0 0.70102187569249
1609 -1.5026017027823477 0.08795109243820715 0.7263388480208559
1610 -1.5061087725411082 0.09064299861243609 0.82233597263387
1611 -1.4818195829150995 0.0 0.8881684778774797
1612 -1.5059761886787308 0.09332486172745795 0.9212338883683426
1613 -1.557062493459877 0.30840628335788045 1.1139119916536142
1614 -1.507639837862374 0.20450986393643045 1.1698083541559057
1615 -1.5348132568049255 0.3162083486184427 1.2186049081864827
1616 -1.4991072796344993 0.09678285937206232 1.0247419951666747
1617 -1.4602604276968425 0.0 1.0830029439007989
1618 -1.4825273176011344 0.09923618583029663 1.124311213162432
1619 -1.4538841936719795 0.10144762457052353 1.2204873365190767
1620 -1.3978486574776687 0.0 1.2669361734221005
1621 -1.4120198930500651 0.10296947968656744 1.3090504133634977
1622 -1.5636634564559615 0.28902960864075106 0.8929509166028414
1623 -1.5340155674719416 0.19285703763864745 0.9606203147964876
1624 -1.5659638125555893 0.299704680728427 1.003886311405524
1625 -1.533401789051501 0.5674146549794109 0.16901280665402668
1626 -1.5302426335432977 0.4065981078647497 0.32688174832061934
1627 -1.5324500052343557 0.48628551848781415 0.24872935522108575
1628 -1.5423951767948945 0.5853725122953175 0.25949668640981866
1629 -1.5561314332525253 0.605159206053038 0.35369778871435187
1630 -1.5195938404797809 0.24664269297494454 0.48220592912301324
1631 -1.5260714735421979 0.32599072878960067 0.40548979619778147
1632 -1.5104036643032397 0.16647793442468917 0.5589045090330702
1633 -1.5293986093248664 0.2573101091668956 0.5804400323021195
1634 -1.5519169239347492 0.35273986022941806 0.6035202383809322
1635 -1.5766438842156605 0.6294324291982266 0.45693035148586175
1636 -1.6021620161005288 0.6550533102213572 0.5652990894362504
1637 -1.5785096373695373 0.45747106917926206 0.6301772806841494
1638 -1.6055861636280329 0.5665072490730046 0.6564532929634502
1639 -1.6310424924868994 0.6832376148068106 0.6832376148068106
1640 -1.540683699046399 0.4209704601113043 0.4209704601113043
1641 -1.5571657780912265 0.43811019262560724 0.5219208454157347
1642 -1.5581527344968158 0.5222516471382238 0.43838787382503347
1643 -0.09872672804329768 1.2551123356988645 1.3538390637421622
1644 -0.09820380462581628 1.181461867157682 1.4073957858389377
1645 -0.29030491200242775 1.1187781479599117 1.4090830599623394
1646 -0.2872465287360891 1.0374864916377464 1.4502324382039233
1647 -0.1936580792173873 1.10773551239907 1.4276408459339405
1648 -0.09720156251650242 1.1012596439478266 1.4521313020903572
1649 -0.09606002480248206 1.01708858480235 1.4879110143840224
1650 -0.4856217663272464 0.996121241825075 1.4817430081523213
1651 -0.47869692267109903 0.9055587380669967 1.5114517220658754
1652 -0.38258810005532007 0.9697219526369953 1.4783045409307822
1653 -0.6956851577168515 0.8738680724339835 1.569553230150835
1654 -0.6798678821331317 0.7730100477009523 1.584600843608896
1655 -0.5781659948689399 0.8409302985799243 1.5483443986912024
1656 -0.470028913877931 0.8132384955956956 1.5341645274891285
1657 -0.46060515408734504 0.7216359762483648 1.5513944592332236
1658 -0.37031065840217686 0.7918405601686477 1.5289286063976315
1659 -0.09399680572078017 0.9278668216111663 1.5168192977424682
1660 -0.09258688546628707 0.8399714007543209 1.5384080685510555
1661 -0.2737587414618829 0.7745518924592698 1.5324799979053374
1662 -0.26980105077583844 0.6881235373805984 1.549521922158526
1663 -0.18217363676295015 0.7622692701528442 1.5421311872426053
1664 -0.09103420597582167 0.7518005571724709 1.5552752003258348
1665 -0.08971492875148486 0.6651197308323813 1.5685799345412765
1666 -0.28402097840583246 0.9513524169213118 1.4840161091550812
1667 -0.2793066749236099 0.8629121167178742 1.511061938519665
1668 -0.18832013642453324 0.9380220237210593 1.4979283332400555
1669 -0.9101004434641872 0.724529697928048 1.6346301413922353
1670 -0.8877820007644299 0.6103780117870501 1.6346090638709803
1671 -0.7885840658639599 0.6935653428275664 1.6165261754889668
1672 -1.0986033253038472 0.5355830845947643 1.6341864098986116
1673 -1.064122217859633 0.41983219669357247 1.622214184684031
1674 -0.9808332673978796 0.518488582815781 1.6370910784125685
1675 -0.8641864700183275 0.4994754061576762 1.6302772613672405
1676 -0.8412212553459408 0.3934039408927403 1.624275525030197
1677 -0.7528448651988359 0.48052513532034713 1.6184882558151197
1678 -1.236289507420865 0.32079721731765465 1.5570867247385198
1679 -1.1976065743511 0.2093696430699931 1.5434659661671135
1680 -1.1374103134494196 0.3149122103471693 1.5899092136690591
1681 -1.321360701988412 0.10393780298531799 1.4252985049737301
1682 -1.2856674060505806 0.0 1.418515387919108
1683 -1.2468308935113241 0.10363731650720834 1.4852654951981072
1684 -1.1619795363898198 0.10256094207211548 1.5321971221348403
1685 -1.129861097623812 0.0 1.5234413340664923
1686 -1.0705063914044708 0.10110512697329353 1.5660565604015078
1687 -0.8178035269036542 0.2890456617146621 1.6180549804314024
1688 -0.797138122559909 0.1905068936597838 1.612673641026046
1689 -0.7168641532241866 0.2810697371865112 1.6142402639776414
1690 -0.9719585462515438 0.09846348259550572 1.5888977224124452
1691 -0.9476330681823525 0.0 1.5810302581400986
1692 -0.8745781178469813 0.09640145361580375 1.6017902893666711
1693 -0.7772230088282872 0.09411256589238 1.6078674845620686
1694 -0.7582524567288268 0.0 1.6031901219279419
1695 -0.6824952214126389 0.09205862843015632 1.609557287359985
1696 -1.0317831731088227 0.30803313379639086 1.609480170349203
1697 -1.0007735128683695 0.20091831503678534 1.5981362507193084
1698 -0.9238105000449894 0.29901821289576824 1.6177022642031094
1699 -0.08460717284713011 0.5702582440538795 1.5809849710115285
1700 -0.08361782152261263 0.48657341199195203 1.5900547297072354
1701 -0.24887352467665005 0.4096034069798267 1.589703938914888
1702 -0.24663045170086423 0.32759435238198015 1.5978701781115872
1703 -0.16566077805342785 0.40661531924774463 1.5935832891667823
1704 -0.08260037032883796 0.40374461991729094 1.5978264682690717
1705 -0.08191484900590622 0.32232075670069393 1.604121992753974
1706 -0.4127910448474931 0.25081032172960516 1.6020754191997508
1707 -0.409769048149981 0.16694565139435513 1.6059432014456998
1708 -0.3285013228325894 0.24731326729364428 1.6022940060100828
1709 -0.5803291666059095 0.0861013595493379 1.608905614623436
1710 -0.5750198706511477 0.0 1.6070728789316495
1711 -0.4920407801101688 0.08455739076384161 1.6079213338437657
1712 -0.4061778600137852 0.0830981764249553 1.607456058950995
1713 -0.402416776398783 0.0 1.6065378257273095
1714 -0.32307098494956266 0.08210551259938714 1.6078557195108678
1715 -0.08038849147219027 0.23962832386297192 1.6088331738788058
1716 -0.07993165773185328 0.15948216530313358 1.6113770169648427
1717 -0.23965571003809985 0.08039767875552237 1.6090170410708855
1718 -0.23847166582110121 0.0 1.6076453851729822
1719 -0.15939156512172886 0.0798862493774036 1.6104616102184461
1720 -0.07937085325455623 0.07937085325455623 1.6117315938068173
1721 -0.07908996499141908 0.0 1.6099132218442012
1722 -0.24493337998643566 0.24493337998643566 1.6040574386755013
1723 -0.24248358668110637 0.1622810585402199 1.6078529988010857
1724 -0.16215107397443954 0.24228936115653105 1.6065651339339975
1725 -0.6682756131529717 0.6682756131529717 1.5953248154427706
1726 -0.6406962922053085 0.4651072433080237 1.604858351565842
1727 -0.6547383232070806 0.5650272613734403 1.6013916051706636
1728 -0.5565578033744965 0.6449241441261949 1.5773875971040683
1729 -0.4538649785771053 0.6252098050935183 1.566066776711825
1730 -0.6104748647542831 0.2706246043550102 1.6085372428223834
1731 -0.6249491885751911 0.36526445247286005 1.6070202135242437
1732 -0.59549841781328 0.17737796877365947 1.609296360675344
1733 -0.5089948522962959 0.2603449138608926 1.6040147905109068
1734 -0.42403160193028494 0.340897285799153 1.5958540452903978
1735 -0.35511339809149356 0.6075812428146083 1.5623595588424093
1736 -0.26333083474817587 0.5940215824487319 1.565184569545979
1737 -0.33893638660675884 0.42159250000600446 1.5866744212835566
1738 -0.2562041162413858 0.5008992661699011 1.578502862785097
1739 -0.17330037071691817 0.5818089883533767 1.5723015537194474
1740 -0.5342035080742807 0.44842049111350263 1.593811453625592
1741 -0.4338061633222459 0.4338061633222459 1.5876602937881454
1742 -0.44391462444809654 0.528835667337124 1.5777963471749457
1743 -1.41081778615112 1.41081778615112 0.21447140508334006
1744 -1.5085808500369848 1.2930939817340172 0.43342060483857303
1745 -1.4590955424111063 1.3514901561529233 0.32339782745195694
1746 -1.3616628526873733 1.4700781870867938 0.3258320501087714
1747 -1.3036986565617554 1.5209527345186848 0.4369750909338459
1748 -1.610709418900193 1.1695679523144766 0.6676174586927436
1749 -1.5612331714072958 1.2323500238766933 0.5514328509105468
1750 -1.6853706298366373 1.018157434886784 0.9011760215744737
1751 -1.654251940740811 1.0989313046025109 0.786001539565548
1752 -1.6085421748534336 1.2629353615921595 0.821189254757358
1753 -1.5805353527315853 1.3434515364216326 0.9746622963844062
1754 -1.5198963247466901 1.400753638244087 0.8359758634150862
1755 -1.2330404941323698 1.5621079107639284 0.5517418118179024
1756 -1.1527392316201555 1.5875331862779303 0.6580112210040662
1757 -1.3876624866038574 1.505691690383128 0.828163007180597
1758 -1.3084090810203344 1.5393088267969055 0.9492393026057468
1759 -1.2310738970090798 1.5679617056599258 0.8004722068765606
1760 -1.0601959063480813 1.5959424654629766 0.7582963658789373
1761 -0.958254199530967 1.5862119437223314 0.8481553810844328
1762 -1.485858835355358 1.3736065846290948 0.5637404002646951
1763 -1.4474474391309222 1.4474474391309222 0.6979169305453513
1764 -1.3734633649313315 1.4857039116270505 0.5636816216226542
1765 -1.689091080747574 0.802555014286087 1.1220751925653785
1766 -1.6994948508781909 0.9087283125072398 1.026690086643529
1767 -1.6078779618943708 0.5679079491018232 1.2691688090032325
1768 -1.6574468061806549 0.6869894790931868 1.203504893203208
1769 -1.6577915112112127 0.8463319127822395 1.30160312510719
1770 -1.5770595623079025 0.867416880869879 1.4534359243210826
1771 -1.6242919552450596 1.0016455021786048 1.380644551290754
1772 -1.4712732589521713 0.3260969290242901 1.3627697903861096
1773 -1.5424359000229841 0.4431472802377816 1.322113149905963
1774 -1.396257356032799 0.21225794000177667 1.396257356032799
1775 -1.3692333319001546 0.32764358866792215 1.4782514263982278
1776 -1.3278308827745335 0.4450637559721115 1.5491064610440677
1777 -1.443999607925373 0.861785246204807 1.5668206293382443
1778 -1.2786136980191871 0.8313836651744635 1.6285109445477286
1779 -1.3567627585990243 0.9843194712235197 1.5961956550715346
1780 -1.2672636237290884 0.5670554463819149 1.6054643307100152
1781 -1.189580109246782 0.6790408781936516 1.6382698266555398
1782 -1.0940025027126594 0.7824762547207068 1.6468324777974355
1783 -0.985462745120428 0.8722377950873954 1.6312506401417586
1784 -1.5361303656402867 0.5828136069047906 1.4200802491358877
1785 -1.4189873333971514 0.5823650645325384 1.5349481359357466
1786 -1.50520340600728 0.7257651729293574 1.50520340600728
1787 -0.8310212026875432 1.5541677699481045 0.9388958381145255
1788 -0.7190876856907831 1.5134222259593861 1.0053771255926045
1789 -0.8972829039483585 1.455055106115142 1.2367936057299331
1790 -0.7634830195352584 1.3880963388795415 1.2792852810160393
1791 -0.7465132287314349 1.4622670785619676 1.148088517962695
1792 -0.607553154149628 1.4657968798292051 1.0643440928167944
1793 -0.5006315770999566 1.4174030863989866 1.1188186104143438
1794 -0.9067261311862289 1.2498099275765433 1.470368465982143
1795 -0.7549567634999151 1.1610741221631513 1.4788062401514053
1796 -0.7667126672169083 1.2846968496250142 1.3939681945830225
1797 -0.8490319825065369 0.9592445923443359 1.587851355175275
1798 -0.7299925524348037 1.02062353267235 1.5363730677411809
1799 -0.6131423343950866 1.0741355175461558 1.4792814661713876
1800 -0.5029834145821163 1.124074530464279 1.4240616789816443
1801 -0.39372448459482484 1.3704129684181865 1.1746621083705011
1802 -0.2946625759045889 1.3294487919268125 1.231404594951634
1803 -0.39444178532386537 1.1768021479658983 1.372909633623919
1804 -0.29481383214999485 1.2320366997753844 1.3301312248150372
1805 -0.19637595123749504 1.291783791272994 1.291783791272994
1806 -0.6333168967675652 1.3134699564721153 1.3134699564721153
1807 -0.5093691537163529 1.2411259211211616 1.3425517439437686
1808 -0.5084467282838435 1.340120493711912 1.238878344670495
1809 -1.6864583692898654 1.0901589600990038 1.0901589600990038
1810 -1.5508522777930114 1.163881978222629 1.4208718180990563
1811 -1.6438960368185005 1.1423564071468597 1.270444252746762
1812 -1.6275760278824973 1.2578317388814402 1.1310155033699894
1813 -1.5214435548597207 1.3939279071795323 1.1418113509200023
1814 -1.2280656660148694 1.104250484770228 1.5890601078716728
1815 -1.4036334822618086 1.1497615008087239 1.5320369898423194
1816 -1.0361565029143875 1.0361565029143875 1.602917436990467
1817 -1.0724904014474947 1.19274445183715 1.5433560922276708
1818 -1.0880648841346883 1.3283140035307535 1.449827332599265
1819 -1.3676425546738984 1.4927536348495594 1.1202801700753673
1820 -1.193370489599071 1.5441661561037483 1.073053321266212
1821 -1.0802995346339062 1.4394801408852584 1.3188340335081912
1822 -1.0519836906866438 1.51384612464046 1.1699384057854347
1823 -1.008543519228288 1.5602005955545557 1.008543519228288
1824 -1.4260284746688043 1.2963895224261854 1.4260284746688043
1825 -1.2625950397284462 1.3888545437012914 1.3888545437012914
1826 -1.412630862867456 1.412630862867456 1.2842098753340505
1827 -1.5136768927894617 -0.07436217731158187 0.0
1828 -1.5104106840726605 -0.0743812339599854 0.0743812339599854
1829 -1.4954000676833121 -0.2218216458047157 0.0
1830 -1.4907339569297502 -0.222037987048371 0.07448743345777076
1831 -1.501528096404026 -0.1486101325492786 0.0744826496921213
1832 -1.504565998040956 -0.07463334348464139 0.1489108015584147
1833 -1.4968005407257097 -0.07479056216475224 0.22294157688615085
1834 -1.474125642552082 -0.3692492511429259 0.0
1835 -1.466714514896679 -0.37061477332118603 0.075822477911754
1836 -1.4785309184222861 -0.2970853878844201 0.0755015126531594
1837 -1.457813570106942 -0.5216140359942159 0.0
1838 -1.4464275587205107 -0.5217236437480868 0.077406268064155
1839 -1.455778237577779 -0.44548339810433585 0.07655648737870509
1840 -1.4577373651250147 -0.37195316249180294 0.15153892974770636
1841 -1.4474298698279018 -0.37294504437761083 0.22660003828902958
1842 -1.461014527248185 -0.29953629176569413 0.2255068513905144
1843 -1.4877804120667966 -0.0759738401187098 0.29894391473216847
1844 -1.4794269331902612 -0.07647965219173856 0.37382699354290516
1845 -1.4643079304008548 -0.22601518649702224 0.3002115032363824
1846 -1.4544033283619036 -0.22769175679211648 0.3747418269759539
1847 -1.4676452794983814 -0.15256890591220093 0.3744812448288813
1848 -1.4725160174728409 -0.07743669399411371 0.4506053341739264
1849 -1.4678845679163177 -0.07855455025475078 0.5294631457743586
1850 -1.483510015828776 -0.2237311680755274 0.14973108605278398
1851 -1.4743593579075693 -0.22512898362611947 0.22512898362611947
1852 -1.4865837361451075 -0.150041317514841 0.22419472209900743
1853 -1.4482113878494396 -0.6849529744974675 0.0
1854 -1.4302411440643676 -0.6913606600126554 0.08371564522894277
1855 -1.4371837696873726 -0.609404252216627 0.082199725153312
1856 -1.4369575010419973 -0.8612791808057921 0.0
1857 -1.4132236739491928 -0.8644954349700845 0.08757701811805625
1858 -1.4227871367863483 -0.7768423272683821 0.08562840534281321
1859 -1.4124328443622223 -0.6981598986640036 0.16685223025738907
1860 -1.3946430161003818 -0.7048857987720247 0.24913585651891082
1861 -1.4055406132715649 -0.6241832173559759 0.24473118382250827
1862 -1.408122096857795 -1.0443345223523073 0.0
1863 -1.3787555516554972 -1.0456133310545104 0.09228999730003583
1864 -1.3988596186065894 -0.9562158866165387 0.09031083738174292
1865 -1.3457211509159488 -1.2196905554218584 0.0
1866 -1.3130901757707334 -1.2173350006162273 0.095755175154506
1867 -1.3504669289391211 -1.1336719886851405 0.09423148184581866
1868 -1.3512692480931832 -1.048477239348243 0.18329834694527763
1869 -1.3251238031681 -1.0521165121136469 0.27300729105445304
1870 -1.3493992784027316 -0.9653511301280788 0.26727457501930774
1871 -1.3764001891500741 -0.7128452513951965 0.3333678617407509
1872 -1.359215180341585 -0.7205003691885034 0.41642889240044606
1873 -1.3736138675304188 -0.6389407789773405 0.40782253884229497
1874 -1.3462529036256086 -0.8831001720559394 0.348412878626337
1875 -1.3252874909375008 -0.8909419609099929 0.43434553002750764
1876 -1.3435205397842263 -0.8049458324154584 0.4255108770930972
1877 -1.3429876720757272 -0.7293978168051196 0.5014839102842529
1878 -1.3281033626488878 -0.7394378879393227 0.588665474709565
1879 -1.3460762998991105 -0.6566514898631164 0.5775296958177593
1880 -1.3902842986036346 -0.8706139421923861 0.1747870862523864
1881 -1.3679301884524815 -0.8769336686680791 0.2618036745816401
1882 -1.3824826988962906 -0.7894852233516915 0.2555399192613016
1883 -1.4646527748967273 -0.08377081489567322 0.6210518431036176
1884 -1.4637513936060242 -0.08567708520974955 0.7075590950363271
1885 -1.4300813625026687 -0.24900419205472146 0.6350814608266803
1886 -1.4261847104914072 -0.25477039306872873 0.7208277223960418
1887 -1.4451652577574314 -0.17071894590231135 0.7143393995232791
1888 -1.462480692830429 -0.08801730514276312 0.7985150242288636
1889 -1.4586279484840947 -0.09039070645832337 0.8922700815367273
1890 -1.3925910643574746 -0.4134568213528772 0.6477680813292636
1891 -1.3858133826227006 -0.42457790373872756 0.7345996927102418
1892 -1.4060606510926563 -0.3405517061298942 0.7282065682684626
1893 -1.3539488443040504 -0.5809073856083288 0.6604919244751104
1894 -1.3437802429642167 -0.5956140590233506 0.748166183940866
1895 -1.3649807633439202 -0.5096963322131639 0.7413426120473734
1896 -1.37783377906189 -0.4363783377002041 0.8255039840293263
1897 -1.366577878217798 -0.44787791094179147 0.9186999672760062
1898 -1.3901507069986612 -0.3597737158043949 0.9118957702731979
1899 -1.4490310983184613 -0.09354992462480285 0.9905115123658468
1900 -1.431910537051077 -0.0958480416921336 1.0859247272805423
1901 -1.3998316615860928 -0.27726368202290647 1.00143011644467
1902 -1.378688308023965 -0.2840428639816097 1.0946454440423552
1903 -1.404948951099038 -0.19057994595996056 1.0901284105682152
1904 -1.404545978114544 -0.09800495369574852 1.1790695485299156
1905 -1.3658302554080721 -0.09960116810801486 1.2662290873000572
1906 -1.421160488717359 -0.2626891727716508 0.8115726921930839
1907 -1.4131771711642431 -0.2704633462795592 0.9059399753352885
1908 -1.4359074993738072 -0.18052285291258344 0.8991837783890898
1909 -1.4328776264555412 -0.530217044122466 0.1579329507557248
1910 -1.4034113879643473 -0.5457683735178916 0.31898559078780403
1911 -1.4183022101866711 -0.5382765327989459 0.23861895408410325
1912 -1.4323422412335682 -0.45451876867183305 0.23248103422693192
1913 -1.4342876072376305 -0.38110206476624026 0.30638438007887897
1914 -1.3752836465174554 -0.5622927619624902 0.4852484238673289
1915 -1.3884298214641053 -0.5542930550421447 0.4023836534593551
1916 -1.3638105534651053 -0.5712951525726967 0.5712951525726967
1917 -1.3817533909749562 -0.4875311771806374 0.5649379548210046
1918 -1.399809852260053 -0.40568172319061796 0.5588362245555364
1919 -1.4381988291296264 -0.3072198731059979 0.3821413087304751
1920 -1.44403394907397 -0.23437869545088272 0.4582288461228154
1921 -1.4183813814451416 -0.32238816558198974 0.551590008616234
1922 -1.4358776283318222 -0.24157588940103739 0.5449467862003128
1923 -1.452524244142389 -0.16009841711961023 0.5374870100739149
1924 -1.404470396598755 -0.4707413860923229 0.39514919005290106
1925 -1.4095067734668918 -0.39656617986277165 0.4724294466121683
1926 -1.4212938908819552 -0.388348850298275 0.388348850298275
1927 -1.2415894574966098 -1.3698828660106739 0.0
1928 -1.1741284274650512 -1.3986599540647455 0.09759424480943145
1929 -1.2363371508381653 -1.3335870289478093 0.09724987810964393
1930 -1.0990077966760012 -1.481840473522538 0.0
1931 -1.024976366026244 -1.4994501435586596 0.09680499477985237
1932 -1.1029240363218138 -1.4543259854954107 0.0973484684167424
1933 -1.1061832962450702 -1.425640361920957 0.19338671552492723
1934 -1.0370115202199348 -1.4495685076728928 0.28711502447833254
1935 -1.1083560796935192 -1.3959566328233006 0.28760055312978133
1936 -0.9304052511020643 -1.5522873818094076 0.0
1937 -0.8524337962349693 -1.5612329525217317 0.09396056840592784
1938 -0.9393212695444947 -1.535544320844479 0.09515718940079826
1939 -0.7511279702142528 -1.5881266608041245 0.0
1940 -0.6743978804707207 -1.5904609864447545 0.09096641550667031
1941 -0.7633168837291766 -1.5790994139708232 0.09242869768488736
1942 -0.7747639332056065 -1.5674088815197067 0.1851597183191343
1943 -0.6972556564884166 -1.5700856988419856 0.27338159292743863
1944 -0.7851634805550272 -1.553475423339165 0.2775093165108738
1945 -0.9644424731958282 -1.4702561736535382 0.3805051668978467
1946 -0.8908087237715131 -1.4868327398063772 0.4708997625799992
1947 -0.9712637730691539 -1.4447672074335585 0.47350343436440434
1948 -0.79601622101692 -1.5369911983418716 0.3722634400551633
1949 -0.7177059533309994 -1.5429455792170728 0.4580967026367526
1950 -0.8054235700730378 -1.5194217655727131 0.4655121073379736
1951 -0.8147593704491132 -1.500157753438534 0.5601726597198249
1952 -0.7368583531936801 -1.5104931320927368 0.6480722074801528
1953 -0.8235275972688055 -1.4791367726840223 0.6556091754152167
1954 -0.9492171945748372 -1.5158059130764154 0.19056771275980527
1955 -0.872812875966545 -1.528399347710321 0.28251134442747955
1956 -0.9576610085545785 -1.493856891018174 0.2859043733877274
1957 -0.5732216162763133 -1.6020470946366756 0.0
1958 -0.48992283487298177 -1.6010001812311239 0.0841934210884071
1959 -0.5763393731268321 -1.5978443040792518 0.08550940818339367
1960 -0.4023859510008459 -1.6064147638405208 0.0
1961 -0.32215529602548165 -1.6032985300928633 0.08187279870059805
1962 -0.40492382414156003 -1.6024931898254304 0.08284161863485358
1963 -0.4074119817956934 -1.596705523040963 0.16598534953731436
1964 -0.3261001360841285 -1.5905820071018457 0.24550552620139093
1965 -0.40966613540498215 -1.5899473930045083 0.2489116382372305
1966 -0.23868093546221186 -1.609056166498428 0.0
1967 -0.15889351277260813 -1.6054293854107815 0.07963662804935857
1968 -0.23893940070316527 -1.6042078340363248 0.08015737733399356
1969 -0.0792257340069809 -1.6126768636449462 0.0
1970 0.0 -1.6093839342298875 0.07906396275830585
1971 -0.0791471335352477 -1.6071886649484022 0.0791471335352477
1972 -0.07938821659230869 -1.6004215509181732 0.1583978743962676
1973 0.0 -1.5955610017569548 0.23667911687329277
1974 -0.07961720855633131 -1.5933973133625137 0.23732922322099304
1975 -0.24457533348276303 -1.58455547147033 0.3248645794886318
1976 -0.1642674131515795 -1.5801797361387928 0.4031952971939368
1977 -0.2472389879126226 -1.5792631757382838 0.4069132380345791
1978 -0.08102910642955227 -1.5867766742446827 0.3188355129272257
1979 0.0 -1.583189151320107 0.39656823792202633
1980 -0.08175528047472404 -1.581478999951518 0.3996138819970268
1981 -0.08294917708202691 -1.5773399610623924 0.48268255952843425
1982 0.0 -1.5745505981948964 0.5633832125333402
1983 -0.08422551048214696 -1.5738531588644744 0.5676858131032556
1984 -0.24097058200980626 -1.59782061215073 0.16126848691425752
1985 -0.16065986816397773 -1.5917905215685848 0.24006117176306055
1986 -0.24293085664775171 -1.5909430054458809 0.24293085664775171
1987 -0.6513512106850156 -1.5181356629155185 0.7405865811191554
1988 -0.568057255365861 -1.5212729169258858 0.8262273492469775
1989 -0.6639718019811999 -1.4980039102010287 0.8340321082198286
1990 -0.4604176099000836 -1.550762779343416 0.7213421483754825
1991 -0.3751430093862788 -1.5488802861241255 0.8021736451700173
1992 -0.4711440617894738 -1.5378043469093372 0.8151679113894339
1993 -0.4810845526569843 -1.5189904951034914 0.9100754564635234
1994 -0.39070336906732656 -1.5096616036036397 0.9902912137074774
1995 -0.4892017165643286 -1.492666254598724 1.0034645380343952
1996 -0.27240304491497014 -1.5644656999841446 0.6947598844449044
1997 -0.1843407398977784 -1.5604760882369164 0.7713370812493587
1998 -0.2780017865890192 -1.5562322322735378 0.7865568374537703
1999 -0.08975429319036106 -1.5692681841984402 0.6654115670446379
2000 0.0 -1.563500362499822 0.7394805985557257
2001 -0.09147200837934928 -1.5627548417809423 0.7554161221941611
2002 -0.09339596310936686 -1.5518515661687762 0.8473115556558938
2003 0.0 -1.5367418251238942 0.9210876030035228
2004 -0.09510444652299892 -1.5346932130408566 0.9388006309333096
2005 -0.29542625001466366 -1.4915297070894753 1.0670302788828827
2006 -0.1986696438634684 -1.464585931931372 1.1364019545820265
2007 -0.2991335129615313 -1.4519353560837913 1.15280184312226
2008 -0.09739841100941134 -1.5086417979007287 1.0312594882132506
2009 0.0 -1.4798835869156226 1.0975564706549903
2010 -0.09865084878033313 -1.4737827436403927 1.1176795494880665
2011 -0.0996787114690125 -1.428533232433076 1.199206049264331
2012 0.0 -1.3843351552572136 1.254688248941057
2013 -0.10014975358544731 -1.3733530049599865 1.273203251374539
2014 -0.2851368838096045 -1.5426036363457378 0.8809244248451217
2015 -0.19230876335589137 -1.5296545065778702 0.9578893622704884
2016 -0.29120248469968263 -1.5215396438175242 0.975407482882065
2017 -0.5885844076003998 -1.5906116905898742 0.1753185290657515
2018 -0.42046586073903713 -1.5824342848795998 0.3380306327279547
2019 -0.5037097053583329 -1.587359506434318 0.2576416230160076
2020 -0.6001818674903816 -1.58141627454809 0.266061700175013
2021 -0.6109484795063299 -1.5710182106596142 0.35708144907713024
2022 -0.2555619027903482 -1.5745461122619053 0.49964368819141886
2023 -0.33702661225861485 -1.5777341297469645 0.41921699069600665
2024 -0.1733059347524747 -1.5723520345217346 0.581827668093558
2025 -0.26416842877362473 -1.5701630569511102 0.5959110266868993
2026 -0.3560769839406636 -1.5665989583421382 0.6092298899536455
2027 -0.6225398719740719 -1.5593789520482593 0.4519267665910047
2028 -0.6326478601856379 -1.5473616503276466 0.5459635936743537
2029 -0.4521737967143612 -1.5602313325739576 0.6228801618456548
2030 -0.5468981327307848 -1.5500103065996205 0.633730778792595
2031 -0.6425565530223294 -1.5339276103843744 0.6425565530223294
2032 -0.4303704545435399 -1.5750861561428975 0.4303704545435399
2033 -0.44113982640641114 -1.5679339412680384 0.5255300493347326
2034 -0.5260882210798944 -1.5695992626429132 0.4416083662873891
2035 -1.2828929630047121 -0.10091194315025419 1.3838049061549662
2036 -1.2145677378423125 -0.10095558405015134 1.4468325752802844
2037 -1.1471838946059114 -0.2976757457959438 1.4448596404018552
2038 -1.0683995747293846 -0.29580536384591893 1.4934437534602962
2039 -1.1423032150955177 -0.19970132224085385 1.4721914302269996
2040 -1.136261484337311 -0.10029096436238745 1.4982850573284352
2041 -1.050994642306759 -0.09926231885385109 1.5375125900667854
2042 -0.9993225155141651 -0.4871824279396266 1.4865049434537916
2043 -0.9116079612330102 -0.48189466611102505 1.5215483711147806
2044 -0.9906449153090119 -0.39084291630903806 1.5102008083543013
2045 -0.8389272904833038 -0.6678688497764501 1.506796140259754
2046 -0.7467289839902488 -0.6567534980726101 1.5307270345286927
2047 -0.8299919880703364 -0.5706455628085886 1.5282044752786843
2048 -0.8196793793130126 -0.47375156300787286 1.5463151762573621
2049 -0.7266538382617139 -0.46380795048597173 1.5621820080541369
2050 -0.8087810596809692 -0.3782330203568782 1.5616382396419013
2051 -0.9582101473275366 -0.09707071204640073 1.566422690096078
2052 -0.8653015958440942 -0.09537893751652288 1.5848003343699688
2053 -0.7961347592642462 -0.28138702113067277 1.575182510155439
2054 -0.7038724845027433 -0.2759759339928002 1.5849855235193693
2055 -0.7841182385406897 -0.18739529030007154 1.5863333830798039
2056 -0.771344377110302 -0.09340073272656832 1.5957061606103842
2057 -0.678918371847435 -0.09157616371136736 1.6011218520589905
2058 -0.981452519367528 -0.2930071967564999 1.530969305597213
2059 -0.8896045041607258 -0.2879464446498624 1.557803489520855
2060 -0.9704213917115838 -0.1948247314614816 1.5496669172655726
2061 -0.6683992376891624 -0.8395935244222961 1.5079927621114586
2062 -0.569318318015236 -0.8280615383893315 1.5246500773035054
2063 -0.6562146520378901 -0.7461163158381726 1.5294711201023283
2064 -0.48803128658744876 -1.0010637186253797 1.4890950052128284
2065 -0.38871609457840256 -0.9852541942666047 1.5019828574517662
2066 -0.4800622404933955 -0.9081415319511108 1.515762616654799
2067 -0.47043779871361385 -0.8139459433267281 1.5354991190263967
2068 -0.3735565013088471 -0.7987811923301067 1.5423299545880778
2069 -0.4601230269935651 -0.7208806215743924 1.5497705753159488
2070 -0.2976099845746406 -1.14693046376704 1.4445404483416808
2071 -0.1974130150311411 -1.1292139643411911 1.4553221064485484
2072 -0.2935132072314421 -1.060120687827943 1.4818712554726456
2073 -0.09992140990908686 -1.2703003195073639 1.3702217294164507
2074 0.0 -1.2510332969747051 1.3803025371928714
2075 -0.09918264998905456 -1.1932380755736045 1.4214239881520625
2076 -0.09795141609925048 -1.1097552222921556 1.4633336514281903
2077 0.0 -1.0894621533107847 1.4689696633907328
2078 -0.09658381271786191 -1.0226344787440358 1.4960241687382652
2079 -0.2763510409045882 -0.7818863447892535 1.5469914871944572
2080 -0.18311093579057525 -0.7661912111010422 1.5500655848204157
2081 -0.2711832189807159 -0.6916487366771181 1.5574599932943107
2082 -0.09427777365550562 -0.9306403288869642 1.521353255914455
2083 0.0 -0.9132282850638457 1.5236293453169087
2084 -0.09264160209820266 -0.8404678037354042 1.539317230875708
2085 -0.09086005716253319 -0.7503623595910478 1.5522999524223633
2086 0.0 -0.7348297179080698 1.553666901564193
2087 -0.08932177170487515 -0.6622049817192179 1.5617059586822108
2088 -0.28913975149718574 -0.9684981826301124 1.5107618156494218
2089 -0.19071854731793111 -0.9499685010476687 1.517005675154641
2090 -0.2831767845559379 -0.874868739292955 1.5319994093656757
2091 -0.5783578219463565 -0.08580887820410317 1.6034402551798246
2092 -0.49072300075392933 -0.08433092989216119 1.6036150128519937
2093 -0.4103198088570114 -0.2493088078242551 1.5924843525213175
2094 -0.3264705337823977 -0.24578438128838756 1.5923886543526364
2095 -0.4078746685153852 -0.16617385458951192 1.5985188581262824
2096 -0.40515659947572047 -0.0828892411364463 1.6034144023239596
2097 -0.3221921676804158 -0.08188216929179869 1.6034820324933743
2098 -0.24734343780726206 -0.4070851447601282 1.5799303596387946
2099 -0.16434172219357857 -0.4033776891589541 1.5808945562003378
2100 -0.2448323240123822 -0.32520593492766336 1.5862204625551846
2101 -0.08400882296264303 -0.5662253241136994 1.569804096589808
2102 0.0 -0.5619803433015584 1.5706298413477784
2103 -0.08288348466768336 -0.48230029434133553 1.5760907712099088
2104 -0.08179490608705978 -0.3998075691164404 1.5822455201494223
2105 0.0 -0.39666996212448813 1.5835952571005603
2106 -0.08111745984884326 -0.3191831683439001 1.5885068814627843
2107 -0.2389259190091167 -0.08015285460884328 1.6041173197086536
2108 -0.15885963668274428 -0.07961964952379652 1.6050871079371374
2109 -0.07969751534779031 -0.2375686080070453 1.595004511455436
2110 0.0 -0.23678300161794577 1.5962613358186817
2111 -0.07941770651811808 -0.15845671362663222 1.601016051145363
2112 -0.07909820928108627 -0.07909820928108627 1.606195192371227
2113 0.0 -0.07895237616171044 1.6071125368755073
2114 -0.2432000141980193 -0.2432000141980193 1.592705705861424
2115 -0.1608477807157533 -0.2403419544369402 1.5936523270226688
2116 -0.24113398266857541 -0.16137784207612296 1.5989040844088072
2117 -0.6477881704323608 -0.6477881704323608 1.5464166626778553
2118 -0.4523775980431233 -0.6231609030243035 1.5609345516040414
2119 -0.5489350270612786 -0.6360910769050361 1.5557832412958044
2120 -0.637847961083675 -0.5504511861447186 1.5600803161350294
2121 -0.6273573597592298 -0.45542397500423343 1.5714461133532907
2122 -0.26347332510110755 -0.5943430121248772 1.5660315030314977
2123 -0.3554872993101593 -0.6082209690776774 1.5640045774369902
2124 -0.17281856886254812 -0.5801914693121987 1.567930312036137
2125 -0.25533681607689884 -0.4992036259034065 1.573159327276687
2126 -0.33725797169647387 -0.419504771553009 1.5788172005433712
2127 -0.6150761352041224 -0.3594939426462282 1.5816322353868788
2128 -0.6035477014645432 -0.2675537804229831 1.590284894065742
2129 -0.42126469261075367 -0.338672848109163 1.5854407095615866
2130 -0.5052176364739822 -0.25841291214524104 1.5921115069735399
2131 -0.5912042054539527 -0.1760988744167387 1.597691526615148
2132 -0.44171364934969104 -0.5262136448335744 1.569973468001265
2133 -0.4311493859599474 -0.4311493859599474 1.5779369189627321
2134 -0.5282575120235737 -0.44342930998324653 1.576071404251915
2135 -1.2582343357386059 -1.2582343357386059 0.19127578951648985
2136 -1.1412887169293775 -1.331478088247023 0.38253835604713093
2137 -1.2009346869863682 -1.2965528757505904 0.2873714373093382
2138 -1.2733055510892564 -1.1794018061547498 0.28221883827040045
2139 -1.282833493580657 -1.0995925542043725 0.3685625922410965
2140 -1.010239650641356 -1.3912851471471797 0.57666903996227
2141 -1.076371172490685 -1.3636274976103426 0.48163785676516163
2142 -0.8665915415263399 -1.4344814290098036 0.7670243235120477
2143 -0.940120019138656 -1.415188883669059 0.6724130792567174
2144 -1.044608588729141 -1.3304694937566948 0.679228228600852
2145 -1.073965702764971 -1.2634923663584456 0.7791526897078056
2146 -1.132126417800361 -1.2284207119536052 0.6756579699497207
2147 -1.2885406870246996 -1.0171018496805422 0.4551169406167438
2148 -1.2925577479880688 -0.9385517343003077 0.5357478566895258
2149 -1.2038893280364582 -1.109518017007739 0.6621651780289811
2150 -1.2167590030472275 -1.034242447834862 0.7503338169606966
2151 -1.256828851748199 -0.9867901663732879 0.6416333772651571
2152 -1.296918708191491 -0.8615523021952938 0.6162181686021614
2153 -1.3030692705223768 -0.7872035043612072 0.6967575916278613
2154 -1.166377403952847 -1.261694716970327 0.478691695221906
2155 -1.186911601111453 -1.186911601111453 0.5722941497438704
2156 -1.2370298824309296 -1.1435759248850184 0.46933376473426525
2157 -0.6912796517094993 -1.4548962665736682 0.9664979154089016
2158 -0.7752119366585546 -1.4497938234757348 0.8758419864999291
2159 -0.5071256096928985 -1.4357891856013822 1.1333315673550726
2160 -0.6012881889532997 -1.4506818789864067 1.0533687918857215
2161 -0.7118902580235793 -1.3944477442493717 1.0948406536281325
2162 -0.7233614523289172 -1.315150904437355 1.2120579438453825
2163 -0.8165689183509242 -1.3241674046314078 1.1255393504213644
2164 -0.3040285583297915 -1.3717059193620427 1.270545343515392
2165 -0.4047672721428599 -1.4088489302529892 1.2076078473605747
2166 -0.20139525224739985 -1.3248013356681 1.3248013356681
2167 -0.30345822151422175 -1.268161887207082 1.3691326927209504
2168 -0.4036849638370469 -1.2043788214651654 1.4050818052807152
2169 -0.7242953850504554 -1.2136228331141055 1.31684889713445
2170 -0.7144759774763372 -1.0988173210201206 1.3995126410049057
2171 -0.8203953240109754 -1.1308135777943094 1.330372394238616
2172 -0.5062117119953261 -1.1312891757065437 1.4332017311209921
2173 -0.601848017343058 -1.0543495291851013 1.452032533988924
2174 -0.6950908786329857 -0.9718265011232223 1.4629175352575257
2175 -0.7840971304042704 -0.8858805648198501 1.4664108263929616
2176 -0.5142975942558881 -1.3555417069067808 1.2531345307114619
2177 -0.5139436326463235 -1.2522720699096894 1.354608765104665
2178 -0.6220400932091117 -1.2900823873820353 1.2900823873820353
2179 -1.3129808177965865 -0.7020573450364546 0.7931912173127772
2180 -1.3227515120974649 -0.6284923713045003 0.8787132171676646
2181 -1.243830943331491 -0.767028160076426 1.0572535368977871
2182 -1.242368088805642 -0.683329328986792 1.1449804780091768
2183 -1.290973426733971 -0.6590647872243817 1.0135985347395047
2184 -1.3315993320460169 -0.5519300698350253 0.9669006003254076
2185 -1.336738593674112 -0.47214060470379915 1.055146577718616
2186 -1.1030809911397443 -0.8002755758394754 1.2977457363786815
2187 -1.0770857009381294 -0.7003455845500496 1.3718340847677075
2188 -1.1699008792480667 -0.6982019328291398 1.2694081229844445
2189 -0.8832749384877742 -0.781790878059405 1.462097695690441
2190 -0.9643556342656363 -0.6897474028148354 1.4516714310229684
2191 -1.042033526894033 -0.594817747631456 1.4350711416609594
2192 -1.1149163841932601 -0.49888546951014934 1.412459454394561
2193 -1.3359510538503083 -0.3838234548584744 1.1451227606281091
2194 -1.3270670940412548 -0.2941346900332062 1.2291985425351195
2195 -1.1855396362539623 -0.3973704258651386 1.3831031753888572
2196 -1.2493228427668115 -0.29895023008304705 1.348793687186253
2197 -1.3094408784244234 -0.1990601676743868 1.3094408784244234
2198 -1.232079209371876 -0.594072652827973 1.232079209371876
2199 -1.213193851815674 -0.4979055832102836 1.312337043146798
2200 -1.2874222404772164 -0.48845281387899875 1.1901612889723223
2201 -0.8933573565497518 -1.3820094553762832 0.8933573565497518
2202 -0.9278430306846426 -1.2363345291840275 1.1327145179554032
2203 -0.9146434266423433 -1.316208054467666 1.0171987283658526
2204 -1.0004817174432483 -1.2945770163928307 0.8996118465517625
2205 -1.0915778979086406 -1.1914347570247208 0.8941466971325607
2206 -0.9245984064473859 -1.0282699201588883 1.330533664011005
2207 -0.93148175812778 -1.1371566911090705 1.2411830695421102
2208 -0.9078898934362769 -0.9078898934362769 1.4044910560935475
2209 -1.0193381387760885 -0.9165671389062745 1.3189763524759506
2210 -1.11157292395558 -0.9105252684953592 1.2132589154705635
2211 -1.1691992614839564 -1.0712060098650547 0.8774594259415393
2212 -1.2281088086794436 -0.9491134127642742 0.8534225613096694
2213 -1.185951914078448 -0.8900319389534819 1.0865545845105984
2214 -1.2377517230974646 -0.8601234990954397 0.9565656998479594
2215 -1.2750622572564596 -0.8242246412625654 0.8242246412625654
2216 -1.0274736972880845 -1.1302210670168933 1.1302210670168933
2217 -1.1138778093458375 -1.0126161903143975 1.1138778093458375
2218 -1.1066931388837322 -1.1066931388837322 1.0060846717124836
2219 0.0794361992286148 -1.616960981650101 0.0
2220 0.0793771035968732 -1.6118585153878673 0.0793771035968732
2221 0.2404307314403702 -1.620852332804369 0.0
2222 0.24080705245979325 -1.6167470032583835 0.08078392141229944
2223 0.1597814892002525 -1.6144013278495677 0.08008167736100741
2224 0.07962872311228512 -1.6052700263497766 0.15887774059276308
2225 0.07985082231040712 -1.598072678586422 0.23802559743196938
2226 0.40655437806296657 -1.62305605749883 0.0
2227 0.4092081581374054 -1.6194485173264361 0.08371813204756914
2228 0.32522056982935615 -1.618553747203109 0.08265180978066729
2229 0.5799046448934019 -1.6207249083746338 0.0
2230 0.5829885566718096 -1.6162785123764902 0.08649592372674292
2231 0.49539957001836343 -1.6188973955191337 0.08513460005673248
2232 0.41155941733003326 -1.6129599129952028 0.16767507288275124
2233 0.41333088951745445 -1.6041706000103 0.25113832936699726
2234 0.328893456401941 -1.6042066718779386 0.2476084863004222
2235 0.08124044992194103 -1.590915371297543 0.31966711299995
2236 0.08191966751883785 -1.584658912693796 0.40041739394716497
2237 0.24610476963705272 -1.5944643874351327 0.3268960992909059
2238 0.24833911465827244 -1.586290342742638 0.40872385916719356
2239 0.1648564566716984 -1.5858460738276736 0.4046411078547241
2240 0.0830496090704724 -1.5792497496138496 0.48326697484087866
2241 0.08424892955986954 -1.574290771996652 0.5678436593199536
2242 0.24288579091650872 -1.6105199227561187 0.16255023193031945
2243 0.2447413773780153 -1.6028000224250134 0.2447413773780153
2244 0.1615481103109264 -1.6005910729852428 0.24138840085295496
2245 0.7605179112703783 -1.6079800231151544 0.0
2246 0.7733017462369285 -1.5997554362214252 0.09363774710830035
2247 0.6825205429347404 -1.6096170041743258 0.09206204393332953
2248 0.9446849331553063 -1.5761115920030218 0.0
2249 0.9566495493692382 -1.5638715210661795 0.09691261691930081
2250 0.8653003094774636 -1.5847979783887989 0.09537879572517168
2251 0.7846925692330118 -1.5874952996191427 0.1875325487663664
2252 0.7943669152176244 -1.571684764339775 0.2807621917731878
2253 0.7038942122441202 -1.5850344502160356 0.2759844530553464
2254 1.1243506593483292 -1.516011368157101 0.0
2255 1.1367166419052401 -1.4988852323692674 0.1003311383822356
2256 1.0492305665819661 -1.5349319026612365 0.0990957088255712
2257 1.2885551927108179 -1.421701569504871 0.0
2258 1.2988435711294366 -1.4010101839261158 0.10216661279667914
2259 1.220698590014055 -1.4541358457031126 0.10146518408515882
2260 1.147199423799594 -1.4785016256282626 0.20055729405223444
2261 1.1552071562967137 -1.4549648092905842 0.2997576529938705
2262 1.0693342982562288 -1.494750340476424 0.29606415862597446
2263 0.80402183395176 -1.5524488690441867 0.376007329855633
2264 0.8120214497063081 -1.5318685852262661 0.46932549567942405
2265 0.7208722693996942 -1.549752619562666 0.4601176959751009
2266 0.986771538187952 -1.5042959910288514 0.38931473806215583
2267 0.9944277862351857 -1.4792239714381388 0.48479618520295276
2268 0.9038366184115236 -1.5085773632756059 0.4777865748991742
2269 0.8200094158391356 -1.5098242839301133 0.5637822308354753
2270 0.8276291139387444 -1.486503501073457 0.6588743871347126
2271 0.7363639921534707 -1.50947973657001 0.6476374133989946
2272 0.968939759647365 -1.5473008975002518 0.19452727453039825
2273 0.97899944498557 -1.52714275106807 0.2922748450289238
2274 0.886627771259836 -1.5525908755123945 0.2869829382248448
2275 0.08967700922792626 -1.567916947849885 0.6648386067914489
2276 0.09130187659385719 -1.5598482228465902 0.75401109899706
2277 0.2712989102681821 -1.5581244317226126 0.6919438055723149
2278 0.27617667603762097 -1.5460154063228924 0.7813930102678911
2279 0.18358422298404847 -1.554072042365792 0.7681715870212472
2280 0.0931368640692799 -1.5475464202313556 0.8449609443080783
2281 0.0947674496615301 -1.5292551203436113 0.9354740476058626
2282 0.45690077155857534 -1.5389174852371317 0.715832272840306
2283 0.46618183418777365 -1.5216077399792518 0.8065823235873649
2284 0.37178296153621787 -1.5350074116597787 0.7949888069499514
2285 0.6469967992526016 -1.5079866263003834 0.7356356136186479
2286 0.6582348805656548 -1.4850606938063575 0.8268258132407025
2287 0.5619981852398883 -1.5050465608722863 0.8174145589836797
2288 0.474867943071474 -1.4993619894281234 0.8983153952124554
2289 0.48197493267479463 -1.4706156851180125 0.9886407524432176
2290 0.3854764083026439 -1.4894648441315594 0.9770427655765708
2291 0.0969895947273354 -1.502309483806379 1.0269309199598513
2292 0.09819358639799544 -1.466951526101598 1.112498926920621
2293 0.2918695795361984 -1.4735730100231323 1.0541841790784718
2294 0.2952517155134566 -1.4330938732147678 1.1378421577013111
2295 0.19686059312080448 -1.451249670707305 1.1260540787821678
2296 0.09918910469927951 -1.4215164930402797 1.1933157303449586
2297 0.09964716018681741 -1.366460944524785 1.2668137843379677
2298 0.282619918832752 -1.528986740229134 0.8731483143154518
2299 0.2880940141889999 -1.5052978142928926 0.9649953965993361
2300 0.1909201974649855 -1.518609632513688 0.9509729198135795
2301 0.5948326496637291 -1.6074971648620953 0.1771796599310009
2302 0.6145887219569907 -1.5803788807865378 0.3592090639135308
2303 0.6054049122518175 -1.5951784497083723 0.268377085301739
2304 0.508131061019348 -1.601292692285575 0.25990309472544115
2305 0.4232706562298059 -1.592990206206642 0.34028552874436524
2306 0.6321638243826372 -1.5461777714495468 0.5455458795823535
2307 0.6241680667142033 -1.5634573616761367 0.4531087387303229
2308 0.6400241491785624 -1.5278821904780233 0.6400241491785624
2309 0.5442567791403089 -1.5425242227321025 0.630670049622428
2310 0.4503132743514108 -1.553811576925305 0.6203172480302749
2311 0.3384699977059401 -1.5844910990775576 0.42101237326116087
2312 0.25604792955775113 -1.577540578763813 0.5005939088775755
2313 0.3551677267674434 -1.5625985836909386 0.6076741964588005
2314 0.2638910061370007 -1.5685141135962544 0.5952852168239104
2315 0.1733004708273307 -1.5723024619907713 0.5818093244469327
2316 0.5274680989113331 -1.5737161676409335 0.4427666617412713
2317 0.4410207412381411 -1.5675106793767843 0.5253881831267645
2318 0.43186705043572887 -1.5805634547033371 0.43186705043572887
2319 1.4265982854384125 -1.2929933173346742 0.0
2320 1.464921383131585 -1.2297526893063493 0.10221776613852825
2321 1.40559855125169 -1.3030973384975664 0.10250121275412356
2322 1.531480195988226 -1.1358231239594714 0.0
2323 1.5574802760511313 -1.064643916546458 0.10055143923293407
2324 1.515798763013681 -1.1495434356728251 0.10146328228956765
2325 1.495976468370809 -1.1607585090097432 0.2029277393149809
2326 1.5183642557772887 -1.0862275337776095 0.3007413503790716
2327 1.4720314442458544 -1.1687576550499066 0.30327378919594766
2328 1.6019718167924188 -0.9601849553939006 0.0
2329 1.6162918297684683 -0.882495964518096 0.0972742080479425
2330 1.5914176940593854 -0.9735000601853901 0.09861964443078293
2331 1.6424588798758393 -0.7768251960311846 0.0
2332 1.6462516108593261 -0.6980545933206415 0.09415736024855745
2333 1.6342549618864732 -0.7899783849512444 0.09565709193216312
2334 1.6221284119147001 -0.8018115779470887 0.19162379604253524
2335 1.6207956534328876 -0.7197753206728972 0.28221115437976163
2336 1.6064011818759698 -0.8119134195366495 0.2869638536452933
2337 1.5325378871442739 -1.0052973465643338 0.39662379588995367
2338 1.5394223544273957 -0.9223168324040186 0.4875555950594724
2339 1.5057415564911485 -1.0122545818454072 0.4934869746457411
2340 1.5869100053744805 -0.8218694465751654 0.38435391061183044
2341 1.5850135330110597 -0.737273993376662 0.4705865734262845
2342 1.5654980438153514 -0.8298479408163885 0.4796287047627424
2343 1.5418108079779453 -0.8373818022673839 0.5757262921916868
2344 1.5421418483131317 -0.7522974309487337 0.6616509871177984
2345 1.5159748928809287 -0.8440376739391382 0.6719372189417904
2346 1.5759085237269215 -0.9868542238119842 0.19812383649817641
2347 1.5851653544646145 -0.905229862853235 0.2930040477317303
2348 1.5560410454442368 -0.9975251618090367 0.2978055948586219
2349 1.6608946387181036 -0.594277604233957 0.0
2350 1.6584056705335786 -0.5074895162425631 0.08721226180453434
2351 1.6546238836686806 -0.5968196584859452 0.0885479947560646
2352 1.6660336800839501 -0.41731971210056257 0.0
2353 1.660680089416121 -0.33368513459467014 0.084803000885295
2354 1.6601283337476156 -0.4194872825263427 0.08582109376965066
2355 1.652456868596279 -0.42163737643027127 0.17178097462011013
2356 1.6468838637349854 -0.33764310779377915 0.2541956892216678
2357 1.6436446735579588 -0.42350178651072085 0.2573181289992841
2358 1.665195856927979 -0.24700847188217642 0.0
2359 1.6610077727605954 -0.16439425000870217 0.08239356983775607
2360 1.6608567461802437 -0.24737699640053662 0.08298795086065142
2361 1.6632196982224539 -0.08170874424819316 0.0
2362 1.661475385236428 -0.08182052116766043 0.08182052116766043
2363 1.6594172618948855 -0.08231467323640317 0.1642368330205417
2364 1.657129199851228 -0.08280169672868333 0.24682179546768285
2365 1.6444442368415007 -0.2538191340478096 0.3371429370019509
2366 1.645540214258917 -0.17106195456835424 0.4198725376354423
2367 1.6389004626029484 -0.25657540673932105 0.4222793922503596
2368 1.6544910359103084 -0.08448695548119967 0.3324415506164779
2369 1.6516007317816772 -0.08538025548439777 0.41733249695799907
2370 1.6479762918428995 -0.08666380148448642 0.50429801705724
2371 1.6430455785480376 -0.08792837617614079 0.5926433860556047
2372 1.6556903462809693 -0.24969803452110298 0.16710929556971232
2373 1.6535355217053536 -0.16689180851501256 0.24937306103649118
2374 1.6500787728236628 -0.2519606600903838 0.2519606600903838
2375 1.5419847942694875 -0.6615836035868206 0.7522208158476761
2376 1.541367188298011 -0.5755606405357571 0.8371408654123673
2377 1.5163655359241146 -0.6721103666642692 0.8442551692598455
2378 1.5821775423447029 -0.4697445748551969 0.7359548234640924
2379 1.582708543344784 -0.38333630510431466 0.8196934862110247
2380 1.5634589353760835 -0.4790039739025151 0.8287670388337173
2381 1.5387225203136494 -0.4873339482600809 0.9218975395561901
2382 1.5316495654799864 -0.39639389650970575 1.0047146350897955
2383 1.5066010713756122 -0.49376866933509095 1.012832402040521
2384 1.6131963446589288 -0.2808879711042853 0.7164005615550014
2385 1.6131129513433948 -0.19055878986604755 0.7973552718904888
2386 1.5997020627845464 -0.2857671382468032 0.8085275251842506
2387 1.6345481211420223 -0.09348797915868731 0.6930920015144105
2388 1.6233964858530234 -0.09502151776264928 0.7847295336030834
2389 1.6071072356474871 -0.09672144640991069 0.8774811725738321
2390 1.5844442363390077 -0.09818750149093507 0.969234265268173
2391 1.5174110339542137 -0.3005525463966336 1.0855456053232997
2392 1.4951341791413661 -0.20281348360789322 1.1601049596987785
2393 1.472787089541359 -0.30342947025354433 1.1693576192878146
2394 1.5529914356588461 -0.10026163821980304 1.0615754882077626
2395 1.5135441979844195 -0.10131236808275741 1.1478336305899046
2396 1.464416503206069 -0.10218253715030491 1.2293288594317024
2397 1.4061153426596564 -0.1025388990095699 1.3035764436500865
2398 1.5801173325257702 -0.2920709647212077 0.9023471224536233
2399 1.570750210171947 -0.19747533129880407 0.9836240213967866
2400 1.5530390689458073 -0.2972310564173103 0.9956006964479782
2401 1.6444854511487519 -0.6085196662379077 0.18125653927421426
2402 1.6331596622854438 -0.43394401251826475 0.3488663000183448
2403 1.6387054981514406 -0.520003099674067 0.2659755036446511
2404 1.631592943379186 -0.6192250045114037 0.27450355703027707
2405 1.6167770672161128 -0.628743501643854 0.36748211706203326
2406 1.6320727449430563 -0.26489895274692066 0.5178983577105941
2407 1.6308038942966863 -0.34836307422792245 0.4333180655045031
2408 1.634566752349338 -0.18016329213284904 0.6048493854952489
2409 1.6239455236826998 -0.27321693470372965 0.6163226424269921
2410 1.6116243331085083 -0.3663109366458113 0.626739670595314
2411 1.6000009817641614 -0.6387571186833773 0.4636995191459611
2412 1.5826021530639827 -0.6470561458267408 0.5583976820548864
2413 1.5972233122058612 -0.4628945171158311 0.6376482092364856
2414 1.5815989763365585 -0.5580437260349224 0.6466459911548459
2415 1.5635320178113212 -0.6549577288416765 0.6549577288416765
2416 1.6220239312486195 -0.4431955508271488 0.4431955508271488
2417 1.6102355792562866 -0.45304143574573763 0.539708441238747
2418 1.6120527860873304 -0.5403175209776533 0.4535527087559659
2419 0.09943377418295787 -1.264101009276769 1.363534783459727
2420 0.0987259009227597 -1.1877430582802988 1.4148781449076118
2421 0.29386821874999997 -1.1325104327365072 1.4263786514865073
2422 0.2901240832254552 -1.0478797379018703 1.4647604566330412
2423 0.19573806627820803 -1.1196331597469777 1.4429744405820026
2424 0.09754129300901875 -1.1051086713866933 1.4572066657952747
2425 0.0962310909193401 -1.0188998418269086 1.4905607238753986
2426 0.4797289690517605 -0.9840337676900609 1.4637627367418213
2427 0.47248023920238125 -0.8937985370498659 1.4918229831094985
2428 0.38329177781070567 -0.9715055203090717 1.4810235225744564
2429 0.6560363509630077 -0.8240641834937642 1.4801005344567721
2430 0.644619453744773 -0.7329325708470992 1.502445632533425
2431 0.5595771350512971 -0.8138931923242128 1.4985629220354757
2432 0.4638242565420041 -0.8025032704881049 1.51391265593623
2433 0.4546657477139952 -0.7123306324446016 1.5313895546919207
2434 0.36970595732409695 -0.790547519232512 1.526431932981357
2435 0.09399827354709143 -0.9278813109049637 1.5168429839439042
2436 0.09243440641562647 -0.8385880726390696 1.5358745023700582
2437 0.27453641116478084 -0.7767521712042381 1.5368333320063932
2438 0.26994351237920894 -0.6884868835653902 1.5503401079174532
2439 0.1824530342253455 -0.7634383531416182 1.544496334846026
2440 0.09072811146209651 -0.7492726938984492 1.5500457242069463
2441 0.08926160672293149 -0.6617589364829033 1.5606540313747692
2442 0.28619016425260924 -0.9586182893567411 1.4953501548246524
2443 0.28076730632955077 -0.8674247068254676 1.5189640215054276
2444 0.18949842483471518 -0.9438910746894289 1.5073006267602822
2445 0.8260326769732118 -0.6576034658856296 1.4836361428588416
2446 0.8177496998070038 -0.5622286050830854 1.5056636315349121
2447 0.7340444470342155 -0.645597356827375 1.5047248783845408
2448 0.9936537358516161 -0.4844188258025984 1.4780725616542145
2449 0.9848553535986816 -0.3885587384486886 1.5013748398969449
2450 0.9016910409106613 -0.47665237862471993 1.5049962186494423
2451 0.8088764217833633 -0.4675077582423212 1.525935528314332
2452 0.7998638265739806 -0.3740628039912612 1.544420363376145
2453 0.7172332992605863 -0.4577950174268987 1.5419294534554597
2454 1.1552601184447255 -0.2997713958183492 1.4550315142630748
2455 1.1462041995227192 -0.20038330556879883 1.477218988380808
2456 1.067810823333709 -0.2956423575840934 1.4926207775671847
2457 1.299367830659011 -0.10220785088073606 1.4015756815397473
2458 1.2203288781638313 -0.10143445341892533 1.4536954329276826
2459 1.1349757997749628 -0.10017748472200438 1.4965897415980711
2460 1.0459367215838962 -0.09878461809371365 1.5301132975509901
2461 0.7891801694198193 -0.2789289808344327 1.5614225930550103
2462 0.7786934567771143 -0.18609882950700074 1.5753586193458322
2463 0.6985217278155905 -0.27387799706982413 1.5729366480827864
2464 0.9518629446332801 -0.09642771375760918 1.5560466756626556
2465 0.8594176982798948 -0.09473037763771906 1.5740239728424652
2466 0.7668384568782488 -0.09285511877802578 1.5863846112650155
2467 0.6760620217940206 -0.09119088384422122 1.5943856011674338
2468 0.9758985457960764 -0.2913490888043399 1.52230565361793
2469 0.9648102818984928 -0.1936982280971975 1.540706530241174
2470 0.882232369813797 -0.28556023834722916 1.5448940038368804
2471 0.08401984683853506 -0.5662996258058292 1.5700100907333432
2472 0.08294167687710624 -0.4826389157186287 1.5771973391178031
2473 0.24766317109471062 -0.4076113712602509 1.5819726872311712
2474 0.2453613647424608 -0.3259086492687294 1.589648013369649
2475 0.1646171546662728 -0.40405373972524833 1.583544094557799
2476 0.08188567894902174 -0.4002512602827843 1.5840014357811072
2477 0.08122472962377088 -0.3196052563468125 1.5906075238640995
2478 0.41044443623097 -0.2493845309586327 1.5929680414357708
2479 0.408241290626753 -0.16632322157433962 1.599955702343553
2480 0.3270738725146693 -0.24623860677483692 1.5953314919216806
2481 0.5771523230052009 -0.08563002264463537 1.6000981277692874
2482 0.49054860806332723 -0.08430096044352667 1.6030451216173225
2483 0.4055493883600584 -0.08296960012008801 1.6049688712750645
2484 0.32275209127944626 -0.08202446871284409 1.6062686534006365
2485 0.07980274909946061 -0.2378822970322373 1.5971105784757067
2486 0.07950992041449038 -0.15864070170196815 1.6028750311474742
2487 0.23938511561086226 -0.08030690201654701 1.6072003055356674
2488 0.15911288817703612 -0.07974657789678004 1.607645912156018
2489 0.0791687355188046 -0.0791687355188046 1.6076273221879294
2490 0.2438119538139945 -0.2438119538139945 1.5967132702574227
2491 0.24170974190519906 -0.16176316637647023 1.602721811735689
2492 0.16121397964122713 -0.24088913615787808 1.5972805634032867
2493 0.6374029351328934 -0.6374029351328934 1.5216247605623727
2494 0.6205914721388244 -0.45051234467650514 1.5544984715681498
2495 0.6291474847671071 -0.5429428333699566 1.538800257765922
2496 0.5417396004296258 -0.6277532109477079 1.5353900734059196
2497 0.4481896525304997 -0.6173919084526176 1.5464839933112187
2498 0.6004426431171076 -0.26617730247886306 1.5821033909747066
2499 0.6103181459629343 -0.35671303762734724 1.569397344893217
2500 0.5893031818640518 -0.17553262655968196 1.5925541320339507
2501 0.5040835236651343 -0.25783282670784224 1.5885375342480927
2502 0.4207374190283156 -0.3382489501442271 1.5834563016172776
2503 0.35359678772209563 -0.6049863984126325 1.5556870685325452
2504 0.2628623644506558 -0.5929648073554193 1.5624000780082896
2505 0.3370895558563297 -0.4192952842925888 1.5780287897493253
2506 0.25526568471575334 -0.4990645584788774 1.572721078825221
2507 0.17273161851014074 -0.5798995570885731 1.5671414379349389
2508 0.5244146121226594 -0.44020350739149633 1.5646060024253843
2509 0.4296258991606288 -0.4296258991606288 1.5723612040377422
2510 0.4389173833494975 -0.522882452043738 1.5600347589841423
2511 1.3450021895300315 -1.3450021895300315 0.2044661700896474
2512 1.41494505967351 -1.212833200887602 0.4065187116500971
2513 1.3840335153295131 -1.2819638038662033 0.30676087957792414
2514 1.276672218670931 -1.3783206151388905 0.3054946571432752
2515 1.2027228765312374 -1.4031499063999473 0.4031299224672928
2516 1.4539866402313029 -1.0557684443597979 0.6026579681810207
2517 1.438351559235298 -1.1353541615881244 0.508030648750437
2518 1.468606169969763 -0.8872068044880163 0.7852709914859264
2519 1.463685357744534 -0.9723365710506441 0.6954557019359169
2520 1.3941876036891965 -1.0946364061315075 0.7117574516625886
2521 1.3266707858413502 -1.1276672188850048 0.8181126682421185
2522 1.3072078268849403 -1.204737513761275 0.7189925878169516
2523 1.1217222962662055 -1.42108169278795 0.501930873352172
2524 1.0405206831665252 -1.432987678586925 0.5939541801211122
2525 1.2002544886587374 -1.3023434930070463 0.716317098938334
2526 1.120686886464284 -1.3184586085758019 0.8130484983466955
2527 1.0832632491758791 -1.3797021413443202 0.7043623667131446
2528 0.9570354687888326 -1.4406521817797897 0.68451171491465
2529 0.8727933654244507 -1.4447473972099547 0.7725135875448017
2530 1.350304318454293 -1.248292811502735 0.5123105094855904
2531 1.2781252342237537 -1.2781252342237537 0.6162747027675084
2532 1.2429324480550754 -1.344505901732542 0.5101105684913037
2533 1.4655245950280649 -0.6963295974417214 0.9735583894313189
2534 1.4693308638652556 -0.785658488900464 0.8876446028361364
2535 1.441302713443141 -0.5090730064251978 1.1376836374313906
2536 1.4566137320828778 -0.6037468625310013 1.057676027690059
2537 1.3974364872939777 -0.7134160642547309 1.0971872438119363
2538 1.31109498010969 -0.7211306061938486 1.208319958124964
2539 1.329578840985639 -0.8199059667596407 1.1301390592932825
2540 1.3862231859408707 -0.30724620401211317 1.283991990637014
2541 1.417712757882274 -0.4073138811178944 1.2152055589199346
2542 1.3463700275499777 -0.20467410774463304 1.3463700275499777
2543 1.2785254667259662 -0.30593812052478736 1.380321418447574
2544 1.2046182606045222 -0.4037652193003527 1.4053611456113373
2545 1.2036500426244205 -0.7183435803128836 1.306027859659408
2546 1.0852151814461708 -0.7056315574058154 1.3821882269150523
2547 1.1229938866166194 -0.8147222067055571 1.3211727335000514
2548 1.1232481179359595 -0.5026136243377132 1.4230147177875991
2549 1.0413880743733928 -0.594449307840776 1.4341822352469362
2550 0.9571017286727691 -0.6845591067493966 1.440751924630991
2551 0.8720737537915023 -0.7718766558422587 1.4435562137352742
2552 1.354205386522713 -0.5137905893034185 1.2518991653893654
2553 1.2462672482392132 -0.5114792002463096 1.3481132245083598
2554 1.2821789288909473 -0.6182292760825814 1.2821789288909473
2555 0.772590184416424 -1.4448906479342072 0.8728799053150651
2556 0.684241433150145 -1.4400833353959437 0.9566575800988918
2557 0.812768494899996 -1.3180045483869174 1.1203009363130705
2558 0.7142179822472715 -1.298527067337857 1.1967372276099644
2559 0.7038422450303528 -1.3786833291058753 1.082463336047787
2560 0.5924707893086908 -1.429408815388597 1.037921999845147
2561 0.49867880393514485 -1.4118743366407813 1.1144545250097333
2562 0.8122327791977789 -1.1195625184160218 1.3171358191773146
2563 0.7026001714431674 -1.0805531081120607 1.3762503604111627
2564 0.713765379292469 -1.1959788501694604 1.2977041852455873
2565 0.7711343373039544 -0.8712350750864161 1.4421679368254474
2566 0.6824161473592532 -0.9541055956631287 1.4362417620528962
2567 0.5905801170936941 -1.0346098191910917 1.4248473355993905
2568 0.49703572807461394 -1.1107825555711826 1.4072224111481966
2569 0.3982031525947348 -1.3860015968841868 1.1880240449563846
2570 0.299857726179474 -1.352888097836704 1.2531152987976129
2571 0.3970764545692865 -1.184662584011348 1.3820799673031499
2572 0.2993405048156853 -1.2509538137090457 1.3505545157211716
2573 0.1994448823551822 -1.3119715762302624 1.3119715762302624
2574 0.6113364726402849 -1.2678835733058795 1.2678835733058795
2575 0.5045455611001506 -1.2293727833718129 1.329838130188973
2576 0.5051526444139504 -1.3314382285767823 1.2308519990477913
2577 1.4107686541954907 -0.9119478529705023 0.9119478529705023
2578 1.250869841444739 -0.9387514764665679 1.146031592607997
2579 1.3384194555598188 -0.9300783056012558 1.0343642584425543
2580 1.3373502669962833 -1.0335379625970609 0.9293353179799907
2581 1.2490744645683836 -1.1443866903545663 0.9374040839260731
2582 1.0266729280397418 -0.9231624251553884 1.3284672301554312
2583 1.1431286372318903 -0.936373571997778 1.2477013255378009
2584 0.9004919137321967 -0.9004919137321967 1.3930465005338248
2585 0.9224280286037092 -1.0258561865460358 1.327410404480707
2586 0.9343506600869255 -1.1406590582037686 1.2450058309744163
2587 1.1413625851313847 -1.2457737161026061 0.9349269417062922
2588 1.0257012076973717 -1.3272098690266254 0.922288674924584
2589 0.9343580627419781 -1.2450156948821536 1.1406680953949444
2590 0.9224919650343626 -1.3275024115323606 1.0259272919124143
2591 0.9007546788949717 -1.3934529940124267 0.9007546788949717
2592 1.1564238173194263 -1.0512943793812963 1.1564238173194263
2593 1.0497817341603612 -1.1547599075763977 1.1547599075763977
2594 1.1557574579732366 -1.1557574579732366 1.0506885981574876
2595 0.0 -1.6181992998566819 -0.0794970339011163
2596 0.07977736291426973 -1.6199863174853777 -0.07977736291426973
2597 0.0 -1.6176868033906422 -0.2399611695087034
2598 0.08090063105461938 -1.6190827398897991 -0.2411549497204036
2599 0.08039191053487138 -1.620655453191763 -0.16040047621641912
2600 0.16047836599917037 -1.6214424365233675 -0.08043094850155466
2601 0.24167441558620448 -1.6225703656600985 -0.08107489708732304
2602 0.0 -1.6088325909797674 -0.4029915851712238
2603 0.0832894542565949 -1.6111561486838875 -0.4071128121832062
2604 0.08250373273376442 -1.6156539842121305 -0.32463791227230826
2605 0.0 -1.5952552134984106 -0.570791442346554
2606 0.08566065712453881 -1.6006705692147616 -0.5773588015356773
2607 0.08446003292796989 -1.6060700025774994 -0.49147425333965916
2608 0.16760398834059187 -1.612276111193507 -0.4113849399181598
2609 0.2524897421978625 -1.6128028814195736 -0.41555508472053143
2610 0.249438797046634 -1.6160648951341496 -0.3313246219754861
2611 0.32619584313966044 -1.6234074754644192 -0.08289966650193717
2612 0.41030927295668346 -1.6238061986825523 -0.08394340437903841
2613 0.3319851285633268 -1.6192865739313658 -0.24993606153524947
2614 0.41722647897504234 -1.6192896976535183 -0.2535052752040734
2615 0.4139145210018904 -1.622189899368245 -0.16863457511547117
2616 0.49679922974716634 -1.6234712902633055 -0.0853751321008413
2617 0.5849809853878776 -1.6218023252959182 -0.08679153323791383
2618 0.1634603513729245 -1.619537230679933 -0.2442457094968795
2619 0.2472838461213003 -1.6194505332720532 -0.2472838461213003
2620 0.24460787168761247 -1.621938645028807 -0.1637027268032776
2621 0.0 -1.5769837557450161 -0.7458577686201935
2622 0.09286507523527905 -1.586554712502052 -0.7669206816862784
2623 0.09118220088118476 -1.59423378784293 -0.6759976488951284
2624 0.0 -1.5462795473386806 -0.9268042936989315
2625 0.09664311927791923 -1.5595226581446249 -0.9539892683307183
2626 0.0948261029105868 -1.5756145278266005 -0.8602861419167377
2627 0.18853018621722523 -1.5959404723338562 -0.7888669842859034
2628 0.2868038040141286 -1.605505236573466 -0.8114605874406073
2629 0.27999260241811424 -1.6080540614704582 -0.7141169371368751
2630 0.0 -1.489723081954064 -1.1048539375252913
2631 0.10058680144825308 -1.502704680651175 -1.1396132148590465
2632 0.09913311003649125 -1.5355112245362166 -1.0496265725663783
2633 0.0 -1.3957225260887538 -1.2650091602567946
2634 0.10241593402489071 -1.4044291245196394 -1.3020131904947487
2635 0.10180927868543627 -1.459067195279696 -1.2248382936688338
2636 0.20556198771665704 -1.5153960589800266 -1.1758265635665661
2637 0.3146406063273817 -1.5272037434505592 -1.2125631371231775
2638 0.3093943402274528 -1.5620509336312831 -1.1174806880610582
2639 0.3914315573275191 -1.6161320012421778 -0.8370036794492839
2640 0.4986592571129621 -1.6276133679841416 -0.8627743785454238
2641 0.482599535928092 -1.6254751806910737 -0.7560948551184369
2642 0.4137412979319789 -1.5986792046459393 -1.048684000519489
2643 0.5280053133641336 -1.6110648978146611 -1.0830595844505273
2644 0.5143583075795775 -1.6240500260833999 -0.9730199586974692
2645 0.6121581495274249 -1.6393763215853203 -0.8903711737265411
2646 0.7309742866359323 -1.6491699442200691 -0.9181956575841367
2647 0.7058656000300786 -1.6451949778429664 -0.8025694631105768
2648 0.19769342656958364 -1.5724849746620804 -0.9847103532736893
2649 0.30344911378126704 -1.585528560910647 -1.0164286082978662
2650 0.2955735582152855 -1.5990665241856368 -0.913168311624285
2651 0.6857718240140546 -1.6172846375734788 -0.09250059422263862
2652 0.7780189672336925 -1.6095141105942088 -0.09420894709446154
2653 0.7177516578302993 -1.616238753737813 -0.28141771202284516
2654 0.8138689239155346 -1.610270220704269 -0.2876550099421129
2655 0.7956290078472481 -1.6096205822781124 -0.1901462325046479
2656 0.8718058134990685 -1.596712812474627 -0.09609587294376257
2657 0.9650464274100352 -1.5775982179977013 -0.09776325592856225
2658 0.7548857720176539 -1.6228758579230222 -0.4818278034670307
2659 0.858689447237976 -1.6199071947728922 -0.496298282028649
2660 0.8355535872237828 -1.6133320846970953 -0.39075340994055674
2661 0.8008330606047714 -1.6416355093939767 -0.7043384215701562
2662 0.9133536618964995 -1.6404732424962727 -0.727119580599773
2663 0.8850946106235265 -1.6296609659384969 -0.6085303466511401
2664 0.9645235807426678 -1.6098688752079533 -0.5098669479252101
2665 1.0689508151889235 -1.5900779242122178 -0.5211271090232942
2666 1.0385294763834167 -1.5831990156077045 -0.4097349947998067
2667 1.0595343959774792 -1.5500054975053839 -0.10006886506985829
2668 1.1484528551051465 -1.5143607132417851 -0.10136702330485767
2669 1.1088115926556783 -1.5499329894767329 -0.3069941474706812
2670 1.1995689935116287 -1.5108378288363535 -0.3112688353247247
2671 1.1731991767115877 -1.5120099033948238 -0.2051026590357572
2672 1.2333458724227546 -1.4692016996753112 -0.10251643363052032
2673 1.3117374831823876 -1.4149183269068164 -0.1031808437244288
2674 0.91290526051305 -1.598605890345444 -0.2954884140507865
2675 1.012269178335217 -1.579040259667403 -0.3022073390755011
2676 0.9879941355311478 -1.5777288499222002 -0.19835268862002028
2677 0.17688248971510565 -1.6048010298784345 -0.5938349812688866
2678 0.36687236680710633 -1.61409440543987 -0.6277002494892293
2679 0.270697529745714 -1.60897069641458 -0.6106393698189027
2680 0.2613546386453973 -1.6102358203926597 -0.5109689439346811
2681 0.34464539307700937 -1.6134001872244044 -0.4286937567770453
2682 0.5748101768793722 -1.629118194374895 -0.6660745013568938
2683 0.4698003036397891 -1.6210518148502828 -0.6471610944566607
2684 0.6857192026770345 -1.6369666031878591 -0.6857192026770345
2685 0.6656716756372087 -1.6281329431638607 -0.5744625456118309
2686 0.6474021150824414 -1.6216555392184269 -0.46997527021943236
2687 0.4294855157674094 -1.6163799929320821 -0.34528192226396975
2688 0.513838317027695 -1.6192781846914819 -0.26282228942293523
2689 0.6294548511106774 -1.618606260681699 -0.36789787994046597
2690 0.6143576830280304 -1.618768061748807 -0.2723458646718264
2691 0.5996426204545896 -1.620495803073614 -0.17861238052810416
2692 0.4549142491156077 -1.6168920801489866 -0.5419395245455527
2693 0.5424178045340602 -1.6183190421816231 -0.4553157263505839
2694 0.441337094725417 -1.6152222829320737 -0.441337094725417
2695 0.0 -1.2620615876148564 -1.3924703808372514
2696 0.10137768405782265 -1.2196459022280082 -1.4528818497891767
2697 0.10222154991600127 -1.299541986416923 -1.4017635363329244
2698 0.0 -1.097914861227401 -1.4803668206625837
2699 0.09834533751575551 -1.0412855957666243 -1.5233091101515714
2700 0.09995260133394827 -1.1324279497872796 -1.4932301226921407
2701 0.20432533413711668 -1.1687528329371586 -1.5062794903888428
2702 0.30710643450649233 -1.1092171546770984 -1.550499897290866
2703 0.3129377741128334 -1.2060007560110628 -1.5189385301238962
2704 0.0 -0.9190096903235536 -1.533275037259362
2705 0.09390687400681103 -0.8519466672057157 -1.5603407754448022
2706 0.0957627631694945 -0.9452990451050853 -1.5453164186463306
2707 0.0 -0.7396711920376979 -1.563903338559959
2708 0.09033672418168702 -0.6697295367467846 -1.5794514343995252
2709 0.09196101542613669 -0.7594545577063427 -1.5711092896997279
2710 0.1865224757561857 -0.7804661200609319 -1.5789448577546121
2711 0.27686043538770577 -0.7061283920573295 -1.5900653936594031
2712 0.28366836808242957 -0.8025894265724148 -1.5879533117495002
2713 0.41035061800961153 -1.040089857746596 -1.5855777581415818
2714 0.5100862598905119 -0.9649384567469537 -1.6105613372479755
2715 0.5243599777296855 -1.0755821678459991 -1.5999421455756846
2716 0.38731142402388213 -0.8281935396677327 -1.599120906564852
2717 0.477591129356378 -0.7482481205915753 -1.6086060377038656
2718 0.4939370316733864 -0.8546040396599704 -1.6122001230830305
2719 0.6073793121853797 -0.8834204551637485 -1.6265784640556857
2720 0.7010082237098825 -0.7970466243360852 -1.6338736567201642
2721 0.7268361758203751 -0.9129976698424159 -1.639833845662791
2722 0.19584802308808646 -0.9755184041748759 -1.5578063417039836
2723 0.2925533394855874 -0.9038374091755427 -1.5827270021541666
2724 0.30071038777190184 -1.0072550126609554 -1.5712186548633107
2725 0.0 -0.5672617004597127 -1.585390245789472
2726 0.08388636227061469 -0.4881360548070234 -1.5951612306744283
2727 0.08496229489028646 -0.5726517913849204 -1.587620845893195
2728 0.0 -0.40196121523587464 -1.604719123617785
2729 0.08225237449149216 -0.3236488610827454 -1.610731686370138
2730 0.08286701425116545 -0.4050479560723806 -1.6029844441353036
2731 0.1663805954041091 -0.4083821150173077 -1.6005076131665643
2732 0.2474692274615837 -0.3287084816398703 -1.6033044412568458
2733 0.25017650827316346 -0.41174789591678435 -1.5980268738611025
2734 0.0 -0.24051511466542647 -1.621421198299901
2735 0.08054810025863042 -0.1607121108809566 -1.6238041496944144
2736 0.08084934122113185 -0.241002060959777 -1.6180562647801624
2737 0.0 -0.08014586939628564 -1.6314066497725437
2738 0.08002939259463929 0.0 -1.6290357100075694
2739 0.08015277437803406 -0.08015277437803406 -1.6276095505994992
2740 0.16065021812607622 -0.08051707992171829 -1.6231787972448704
2741 0.24024680357317932 0.0 -1.619612391841672
2742 0.24103943625677932 -0.0808618795709225 -1.618307197627881
2743 0.32903196772570825 -0.2477127649917305 -1.6048822730046646
2744 0.40958250272395597 -0.16686965017414832 -1.6052121033795128
2745 0.41262366313581395 -0.25070862121676235 -1.601425797243916
2746 0.32411818568493017 -0.08237164901267485 -1.6130674152999511
2747 0.4029467824625567 0.0 -1.6086537285406495
2748 0.40632226509054803 -0.08312771963675195 -1.6080275445942003
2749 0.49056972468190535 -0.08430458934227023 -1.6031141278112864
2750 0.5713725998531253 0.0 -1.5968794399206048
2751 0.5764709914238793 -0.08552893591863331 -1.5982092028802974
2752 0.16287678039343634 -0.2433737261276422 -1.6137553091308399
2753 0.24348898288502338 -0.16295391546409302 -1.6145195502307175
2754 0.24571040828615837 -0.24571040828615837 -1.6091461612673368
2755 0.7962721877382626 -0.700327101166684 -1.6322861315775337
2756 0.8810077381446513 -0.6057204934485126 -1.62213610196164
2757 0.91076356686134 -0.7250576095427257 -1.6358211764040658
2758 0.7478877430604649 -0.4773611079138362 -1.6078312873818217
2759 0.8278524619391106 -0.3871519162585493 -1.5984623352279854
2760 0.8528325359626068 -0.4929131524997958 -1.6088582029113587
2761 0.9609564956795037 -0.5079813135970741 -1.603915118002779
2762 1.0354681715971903 -0.4085272065480632 -1.578532171927054
2763 1.0687858763053042 -0.5210466992211173 -1.5898325755264213
2764 0.7083974120203104 -0.2777500779256924 -1.595174790422429
2765 0.7847416823807232 -0.18754428624691533 -1.5875946594120074
2766 0.8043987652930589 -0.2843078633775338 -1.5915331563355342
2767 0.6751048072391466 -0.0910617695936442 -1.5921281616806404
2768 0.7481046134633459 0.0 -1.5817343100308363
2769 0.7661354433454183 -0.09276999210694138 -1.5849302634294447
2770 0.8597367473759313 -0.09476554521852756 -1.574608311432048
2771 0.9322283335347449 0.0 -1.5553290110918054
2772 0.9540395846898756 -0.09664821653641165 -1.5596049122168525
2773 1.1063245109705544 -0.3063055548128556 -1.546456465622879
2774 1.171468147732967 -0.20480003467884433 -1.5097789668150063
2775 1.201573014289434 -0.31178884644275795 -1.5133618607321921
2776 1.0509851507091708 -0.09926142240971302 -1.537498704695534
2777 1.1168654965184426 0.0 -1.5059187944139663
2778 1.1434475349411752 -0.10092523381088397 -1.5077606510974657
2779 1.232717043414641 -0.10246416499386564 -1.468452618117426
2780 1.2894025509843854 0.0 -1.4226364852882836
2781 1.3157634335137043 -0.10349752366786542 -1.4192609571815697
2782 0.9044883136138585 -0.29276402369181975 -1.5838668133855738
2783 0.9791774680117764 -0.19658262780260868 -1.5636495045038126
2784 1.0062098239395145 -0.3003983524861315 -1.5695882633573481
2785 0.1751364484044779 -0.5879731211680853 -1.5889597281304841
2786 0.34094131223062435 -0.4240863650482144 -1.5960601477197514
2787 0.2586658531167371 -0.5057121560346568 -1.593669905228336
2788 0.26772593542491463 -0.603936048642995 -1.5913081481516185
2789 0.3626928896099088 -0.6205493732805701 -1.5957063463435388
2790 0.5072960794239387 -0.25947601140514515 -1.5986613831027832
2791 0.4245329656823807 -0.3413003537344425 -1.5977409409092662
2792 0.5911196157582438 -0.17607367813081212 -1.5974629283764574
2793 0.6060896578624453 -0.26868063426117816 -1.5969826825771527
2794 0.6216792364935563 -0.3633532614855832 -1.5986117233805517
2795 0.4646065108786234 -0.640006521371765 -1.6031305680647565
2796 0.5690782994082274 -0.6594325566210532 -1.612872995086906
2797 0.6403003634267749 -0.46481982266118926 -1.6038666030344622
2798 0.6593178342604232 -0.5689792960981302 -1.6125924014226494
2799 0.6801298568551742 -0.6801298568551742 -1.6236235723840942
2800 0.43618571875546835 -0.43618571875546835 -1.596369081255023
2801 0.5360259665247036 -0.44995029707887063 -1.5992488105656681
2802 0.44968066519005107 -0.5357047539491175 -1.5982904636542765
2803 1.4176869582709966 -1.3143042161650953 -0.10338274210590112
2804 1.4759534719335186 -1.2390137602614626 -0.10298755179812784
2805 1.5144121470486858 -1.2024069164300402 -0.3120052306186455
2806 1.5569082942829209 -1.113801678603858 -0.30837574123432304
2807 1.5191830372363488 -1.1787649568684664 -0.20607568759940142
2808 1.5256281195560952 -1.156997771014645 -0.10212123161762021
2809 1.5662693937286905 -1.0706518774889549 -0.10111886756294598
2810 1.5926985548281887 -1.0707125686165984 -0.5219859862115901
2811 1.6180047657345007 -0.9693980511942951 -0.5124436929852003
2812 1.5903163799398707 -1.043198246752932 -0.4115769825782725
2813 1.6444357969197654 -0.9155598628264543 -0.7288759340933109
2814 1.6534350722178282 -0.806589198283294 -0.709400985950015
2815 1.6395919590742765 -0.8904882898527248 -0.6122386705429295
2816 1.6358686491142413 -0.8671503840433149 -0.5011884648698957
2817 1.648159322660744 -0.7666464545767271 -0.4893344012262725
2818 1.6348588785968363 -0.8467024325451926 -0.3959672578527122
2819 1.5994443969351966 -0.9784101449242122 -0.09911705663533424
2820 1.6241313914839557 -0.8867763682484663 -0.09774602083773197
2821 1.6367495096363784 -0.8272521872412383 -0.2923852098943263
2822 1.6506285141249633 -0.7330237254460397 -0.2874056192319651
2823 1.6398259863717108 -0.8105594181285342 -0.19371442978847578
2824 1.642371038934667 -0.7939015949693868 -0.09613214652672371
2825 1.6550012321743621 -0.7017646661360532 -0.09465779483629841
2826 1.591070885513354 -1.0199816047064763 -0.30450984111878887
2827 1.6173238556580967 -0.9235944047875834 -0.2989482673629109
2828 1.5948085830312975 -0.9986896844837182 -0.20049995935242076
2829 1.6537548118359127 -0.7330064727951316 -0.920748339040781
2830 1.6523443046677881 -0.6170005133107384 -0.8974142901641612
2831 1.6581691766906614 -0.7114321382081521 -0.8088986191946395
2832 1.6140887284986283 -0.5289963340672809 -1.085092394431347
2833 1.6114165742776099 -0.417037754049211 -1.05703932014998
2834 1.6364875270462138 -0.51829743004687 -0.980471660602442
2835 1.650314630379828 -0.505614345381732 -0.8748079904221149
2836 1.649172376959917 -0.3994340260070208 -0.8541154723132817
2837 1.6581528385510824 -0.49230145122387187 -0.7712949696934062
2838 1.534620031212119 -0.3161685395111515 -1.2184514917009674
2839 1.5368571140137826 -0.2084731587633897 -1.1924786318105862
2840 1.577508943954635 -0.3124560975634345 -1.1285392442452906
2841 1.4281339952783125 -0.10414457695695693 -1.3239894183213556
2842 1.4352587908956085 0.0 -1.3008427419380786
2843 1.4893044552921666 -0.1039191428789791 -1.2502214659303386
2844 1.5404364887804567 -0.10311246197320666 -1.1682280636169688
2845 1.5436197980487563 0.0 -1.1448264664591885
2846 1.5809490025374309 -0.1020665879391152 -1.0806863905777062
2847 1.6492992775843396 -0.29462707189824705 -0.8335951388799575
2848 1.6497038611890535 -0.19488131389914737 -0.81544201209328
2849 1.659144176390604 -0.28888835696833837 -0.7368054258257337
2850 1.6124487573818036 -0.09992293268414376 -0.9863651561853677
2851 1.6119626948287058 0.0 -0.9661732572360803
2852 1.6343965920300774 -0.09836381722523233 -0.8923811717190246
2853 1.6492601461650616 -0.09653538346284271 -0.7972317031413337
2854 1.6466956620636661 0.0 -0.7788290447691505
2855 1.6584828905882452 -0.09485692828793847 -0.703240982169491
2856 1.6103204236529842 -0.30819394712178294 -1.0323218310158677
2857 1.6111258636232133 -0.20255137425589634 -1.0089077758455032
2858 1.6336984600458402 -0.30197497076145646 -0.9329453414847833
2859 1.6637857569363443 -0.6001243285856991 -0.08903829682052052
2860 1.6680915584015552 -0.5104534994439216 -0.08772162341825794
2861 1.671656039660427 -0.4307192002120179 -0.2617034030382273
2862 1.6727201446188846 -0.34294004606827827 -0.25818350607434676
2863 1.671633366330692 -0.42653041076449105 -0.173774465363028
2864 1.6698619427495989 -0.4219468063513464 -0.08632427714041489
2865 1.6698331808386764 -0.3355242910720423 -0.08527040554977978
2866 1.6713631377603595 -0.2616575482557928 -0.4306437310549997
2867 1.6701314527377153 -0.17361833409830346 -0.42614718568975396
2868 1.672138954540038 -0.25809379968040214 -0.34282089083896194
2869 1.6639604045772576 -0.08904764317321395 -0.6001873236545083
2870 1.6596032831508167 0.0 -0.5938155498237303
2871 1.6662825357862652 -0.08762649051034631 -0.5098999195640301
2872 1.6670880624945883 -0.08618088013150195 -0.4212458921710546
2873 1.662386937461496 0.0 -0.4164062506264639
2874 1.6670653285300014 -0.08512906455142685 -0.334968138700466
2875 1.6685640810450555 -0.24852496858627462 -0.08337306289906088
2876 1.6667132436908831 -0.16495893527382421 -0.08267658724758471
2877 1.6665260490069023 -0.08327122864813968 -0.24822141305969117
2878 1.6625617827903818 0.0 -0.24661774389372673
2879 1.6657332151525706 -0.08262797335718718 -0.16486193930596355
2880 1.6646328163253679 -0.08197601107713706 -0.08197601107713706
2881 1.6626774479222608 0.0 -0.08168210519915813
2882 1.6720268835982532 -0.25531205189638806 -0.25531205189638806
2883 1.6698376292415147 -0.16853718484567054 -0.25183161508886853
2884 1.6708704629922113 -0.2519873788511658 -0.16864142904864438
2885 1.6584374294362834 -0.6947132516864736 -0.6947132516864736
2886 1.6627175540543726 -0.4818755357515187 -0.6637950139511803
2887 1.660973668240767 -0.586049908060721 -0.6790987981476124
2888 1.6574082746093812 -0.6776410661098965 -0.5847919118324684
2889 1.6572323017768373 -0.6616051753323399 -0.4802858436997782
2890 1.6656664916533725 -0.28023618184939125 -0.6321566570840755
2891 1.6644189079613567 -0.3783107741804449 -0.6472707917584406
2892 1.6657927574852072 -0.18360504810723774 -0.6164041476306931
2893 1.6693864464402381 -0.2709552762045246 -0.5297389480184532
2894 1.6706011917368768 -0.3568643470852618 -0.4438925361685726
2895 1.6587703528519517 -0.6450741423930271 -0.3770268971190762
2896 1.661236251630847 -0.630475284650426 -0.2794908264287172
2897 1.6701487962737716 -0.44377233095714197 -0.35676770893346116
2898 1.6680167448327528 -0.5293043067224276 -0.27073296226507376
2899 1.6634224675456826 -0.6155270538005961 -0.18334379280016608
2900 1.6655704400718812 -0.46860995572730835 -0.5582552252383535
2901 1.6679707748094579 -0.45574988880478823 -0.45574988880478823
2902 1.663571481206434 -0.5575852270174291 -0.468047546595337
2903 0.2092845971931754 -1.3766983620630941 -1.3766983620630941
2904 0.43341169045946876 -1.2930673860211188 -1.5085498222975176
2905 0.32060972318589737 -1.3398385767357202 -1.446516266482021
2906 0.321216624558772 -1.449254463874445 -1.3423748375314657
2907 0.4349015144038251 -1.5137353622725254 -1.2975122194110957
2908 0.665203864764254 -1.1653396894494075 -1.6048863260145891
2909 0.5521301468964334 -1.2339083509212962 -1.5632073766467145
2910 0.8812757145160983 -0.9956738744025457 -1.6481532691457494
2911 0.776339568233979 -1.0854226252603532 -1.6339169489856233
2912 0.8155177460008816 -1.2542129520859 -1.5974328465506193
2913 0.967843249161484 -1.3340523224553695 -1.569477425029082
2914 0.8374089523314782 -1.403154909143659 -1.5225018384611189
2915 0.5545472081635386 -1.570050632759036 -1.2393100340189027
2916 0.6681978152870169 -1.6121096007266953 -1.1705846520198824
2917 0.8380071205127675 -1.5235893741904496 -1.404157194368498
2918 0.9682803173846992 -1.5701861851616015 -1.3346547669924955
2919 0.8172848100560071 -1.6008941644403387 -1.2569305810228202
2920 0.7792982692140026 -1.6401439556667823 -1.0895592699922494
2921 0.883425689252056 -1.6521741309841982 -0.99810293677197
2922 0.5653042015552531 -1.3774169337698576 -1.4899805693365036
2923 0.7023123157645745 -1.4565632648131954 -1.4565632648131954
2924 0.5661525769477946 -1.4922166447927145 -1.3794840803232806
2925 1.0799958423035467 -0.7724581065438137 -1.6257478612540446
2926 0.9938040510733098 -0.8796207249328073 -1.645058123725112
2927 1.222627702004796 -0.5470824573020612 -1.5489162069772098
2928 1.15638251073249 -0.6600908921659443 -1.592550649325124
2929 1.244726215965923 -0.8093492547214685 -1.5853500309016453
2930 1.3900108975000796 -0.8295645490170928 -1.5082398480267787
2931 1.3254315643529269 -0.9615889648342046 -1.5593353301496866
2932 1.3348675849279994 -0.3194202154831743 -1.4411494852627973
2933 1.282504538993912 -0.42987122425050067 -1.4962267359849932
2934 1.3833995425452428 -0.21030330535508787 -1.3833995425452428
2935 1.4479084505539765 -0.32091829057658355 -1.3411280900089164
2936 1.5074450998750806 -0.4330942998068566 -1.292120463013376
2937 1.5087905036098004 -0.8298674215018574 -1.3905183879116152
2938 1.588138750391501 -0.8107729453870929 -1.2469157590891058
2939 1.5573081707334666 -0.9603388846962719 -1.3237084833553487
2940 1.5619071693083753 -0.5516709092550061 -1.2328820400704945
2941 1.6044979136536364 -0.6650428730482427 -1.1650576555553218
2942 1.6339751529001998 -0.7763672232515365 -1.0854612905338845
2943 1.6473236867862215 -0.8808321327204429 -0.9951727113751077
2944 1.363005991551698 -0.5593898222670595 -1.4743919531633876
2945 1.4783186219075322 -0.5608796150770214 -1.3666360120585415
2946 1.4409450909515467 -0.694781687938261 -1.4409450909515467
2947 0.994070556173014 -1.6454992734455314 -0.8798566098728484
2948 1.0780709173388057 -1.6228502180206896 -0.7710813198606989
2949 1.3166610403314858 -1.5490170396106828 -0.9552260266473898
2950 1.376956400602271 -1.4940749861162512 -0.8217735684922979
2951 1.237109904008614 -1.5756494877283769 -0.8043969557120106
2952 1.1520552909780768 -1.5865912746669077 -0.6576208112698924
2953 1.2160566725225006 -1.5405915354153246 -0.5441421550740945
2954 1.5445329917913937 -1.3128496096527598 -0.9524608671480513
2955 1.5708594170970251 -1.2333490143785926 -0.8019515398606337
2956 1.4920323333400138 -1.3750738687075637 -0.8206500652700918
2957 1.641573801043484 -0.9916991199791989 -0.8777576403408942
2958 1.61948559004968 -1.0758357710986097 -0.7694826499724263
2959 1.5840557413861898 -1.1502141901362009 -0.6565698667199686
2960 1.539307311762672 -1.2150429782979648 -0.5436885629246588
2961 1.2740803711554214 -1.4863987277673671 -0.42704760278802656
2962 1.325200154466492 -1.4307123358475862 -0.3171068978507367
2963 1.486515245386707 -1.2741802453069 -0.427081078711473
2964 1.4314918946128345 -1.3259222223275415 -0.31727968133456247
2965 1.3730811785763526 -1.3730811785763526 -0.20873471581766329
2966 1.4238740953102915 -1.4238740953102915 -0.6865505518312041
2967 1.4584246181886387 -1.3482449416198934 -0.5533317556488584
2968 1.3490819623314179 -1.459330040915576 -0.5536752764183602
2969 1.058294104680246 -1.058294104680246 -1.6371639507013183
2970 1.3821814102111263 -1.1321894160243793 -1.5086224957413032
2971 1.2309038077099237 -1.106802481320038 -1.592732531808687
2972 1.1093012866301717 -1.2336827940447763 -1.5963284114487104
2973 1.1371393136953745 -1.3882242652727121 -1.5152181473808517
2974 1.5845481529433896 -1.1011150914694097 -1.2245787136292532
2975 1.5055897612909568 -1.1299134126796142 -1.3794028561386467
2976 1.6270327240467162 -1.0517450859108357 -1.0517450859108357
2977 1.5798069718761634 -1.2209146095112415 -1.097820407104776
2978 1.498467728822682 -1.3728777374238206 -1.1245684772806492
2979 1.1366460749648821 -1.5145609154423971 -1.3876221174391128
2980 1.1081720534486177 -1.5947034002523912 -1.232426944472313
2981 1.3754054958882147 -1.501226725040554 -1.1266390458460418
2982 1.226567733645322 -1.5871218527452493 -1.1029035758947492
2983 1.0573438081381088 -1.635693857242059 -1.0573438081381088
2984 1.4158706496024587 -1.2871551360022349 -1.4158706496024587
2985 1.4132919347971256 -1.4132919347971256 -1.2848108498155684
2986 1.2899295107389959 -1.4189224618128957 -1.4189224618128957
2987 1.6610499418108018 0.08179956990764095 -0.08179956990764095
2988 1.6582590330483449 0.08285815105086294 -0.24699007894148586
2989 1.659562303087392 0.08232186794182245 -0.16425118812378295
2990 1.6598329201776154 0.1642779717995227 -0.08233529178515915
2991 1.658994089938754 0.2470995622946716 -0.08289487960390725
2992 1.6562804864051466 0.08562217754078066 -0.41851499442520257
2993 1.6571532170902512 0.08462290035968549 -0.33297647019009485
2994 1.652694099243667 0.08844472141229565 -0.5961235889484171
2995 1.6550657120952914 0.08703662002103607 -0.5064674539557337
2996 1.649101895385276 0.17143220874369725 -0.42078132860865236
2997 1.6413011999484886 0.25695125028501625 -0.4228979666728827
2998 1.6451762635128457 0.25393212199331605 -0.3372930166558619
2999 1.6581960843230195 0.33318601644475787 -0.08467615460860875
3000 1.6571301647955583 0.4187296942600102 -0.08566610205392534
3001 1.6454471690696522 0.337348557545012 -0.2539739361286311
3002 1.6412967025306524 0.4228968078673824 -0.2569505461990532
3003 1.6495964484745942 0.42090751772199525 -0.17148361995647923
3004 1.6550048354514488 0.506448825064695 -0.08703341863919392
3005 1.6509560485009485 0.595496677382025 -0.0883517087889611
3006 1.6538216238111856 0.16692068488158315 -0.24941620867799255
3007 1.6495172075908326 0.2518749112467056 -0.2518749112467056
3008 1.654285863220236 0.24948622156913947 -0.1669675406966191
3009 1.6375140383128342 0.09584785394947436 -0.7915537816866212
3010 1.6467835657190735 0.09418778540655566 -0.6982801563699569
3011 1.5997461793550232 0.0991357579951657 -0.9785947508921871
3012 1.622320672896699 0.09763704533384768 -0.8857877151991214
3013 1.6249780967989493 0.1919604324216492 -0.8032201657733723
3014 1.6091961941699489 0.2874631482847118 -0.8133260853232879
3015 1.6215381415647008 0.28234043559565614 -0.7201050504769226
3016 1.5256631449999898 0.1021235761217773 -1.1570243334252321
3017 1.5672142794856079 0.10117986969840136 -1.0712977713011604
3018 1.4116814877949124 0.10294480197967552 -1.308736685815237
3019 1.4735347256804492 0.10281877902868669 -1.2369833033757127
3020 1.504148183998242 0.20403622451756284 -1.1670991090447695
3021 1.4788889971250092 0.3046866095907853 -1.1742023875342238
3022 1.5255806005159265 0.30217068675421427 -1.0913900580655163
3023 1.589623156925054 0.3850110432816188 -0.8232746027313383
3024 1.5676213015337195 0.4802792168175875 -0.8309734491186
3025 1.585830856710024 0.4708292347984843 -0.7376541740469633
3026 1.5381570019777475 0.3980780337743735 -1.0089833117071974
3027 1.5100755212400019 0.49490737454299627 -1.0151681466970053
3028 1.542841076122689 0.488638349825049 -0.9243650971676199
3029 1.542518470144719 0.5759905397331444 -0.8377661447674773
3030 1.5143393865915369 0.6712123009020415 -0.8431270856894952
3031 1.5399073830469456 0.6606922970007578 -0.7512073999109697
3032 1.5831434235249078 0.19903341093290755 -0.9913848112902561
3033 1.5625016198658888 0.29904206301889413 -1.0016668170463494
3034 1.590017298927545 0.29390088752387195 -0.9080006305894713
3035 1.6424025584678892 0.6964224924412553 -0.09393721369851281
3036 1.6304343171736992 0.7881315331379962 -0.0954334598973501
3037 1.6150195401349936 0.7172102201357451 -0.2812054238929021
3038 1.5996289787847784 0.8084905867900097 -0.28575408268730174
3039 1.616566388296399 0.7990622919465402 -0.19096674813462083
3040 1.6126389291391503 0.8805014793609072 -0.09705436345722546
3041 1.5880487165615649 0.9714391934442861 -0.09841086997504411
3042 1.5790306907238605 0.7344910556080193 -0.4688102824403429
3043 1.5576909298792432 0.8257095022861117 -0.4772368040127518
3044 1.57940887060937 0.8179845674974559 -0.38253711541157825
3045 1.536772628564457 0.7496781840697612 -0.6593473406985997
3046 1.5081479660490884 0.8396799361241775 -0.6684680299249108
3047 1.5339395889256027 0.8331068188764345 -0.5727871068282264
3048 1.530025207165994 0.9166867029786252 -0.4845793931667836
3049 1.495160951597094 1.0051416309299388 -0.49001932066715503
3050 1.5228972345693865 0.9989733773274347 -0.3941287761901581
3051 1.5544500132961525 1.0625725254301577 -0.10035580447212694
3052 1.5131404460788929 1.147527435358741 -0.10128534207207247
3053 1.5099177110688395 1.0801849327398867 -0.29906834915292263
3054 1.4636372306894954 1.1620928508499226 -0.30154437983957266
3055 1.4900597590078866 1.156167614110287 -0.20212514349841082
3056 1.4626050149144378 1.2278081753704744 -0.10205613699758082
3057 1.403570618020385 1.3012172893227782 -0.10235332869760684
3058 1.5775477043397406 0.9008797019325578 -0.2915959912696674
3059 1.547842294393749 0.9922692204621073 -0.29623646277124105
3060 1.5697942839947634 0.9830254081071172 -0.1973551518856077
3061 1.6427505460916112 0.18106531661158323 -0.6078776880157298
3062 1.616330872598917 0.36738070014694113 -0.6285699823803025
3063 1.6304931359167278 0.27431852248368976 -0.6188076036617213
3064 1.6365275472251317 0.2656220041322666 -0.5193119802301546
3065 1.6320281692837648 0.3486245969037577 -0.43364336548134375
3066 1.5816990458376625 0.5580790340732392 -0.6466869051556097
3067 1.5997615214623666 0.4636301206717962 -0.6386615206342782
3068 1.5609335764726595 0.6538692514594988 -0.6538692514594988
3069 1.5793372016382967 0.6457212513419041 -0.5572456924000037
3070 1.5960722928209 0.637188695877265 -0.4625609378609323
3071 1.6316806397498977 0.43355102401352685 -0.3485503596167201
3072 1.6352971667885998 0.5189215490993035 -0.2654223031752305
3073 1.6123616522155388 0.6270264043736337 -0.36647852412085413
3074 1.627012887315647 0.6174867736321173 -0.27373299615849755
3075 1.64016093913984 0.6069194388826175 -0.18077988800299893
3076 1.6114237679909587 0.4533757338678431 -0.540106690723573
3077 1.6100880141408347 0.5396589813091144 -0.45299991814879
3078 1.6217926829854035 0.4431323654453431 -0.4431323654453431
3079 1.2169498011253528 0.10115358254993939 -1.4496701665046359
3080 1.2992488049189999 0.10219848835474533 -1.4014472932737452
3081 1.0384427058135635 0.0980768377179185 -1.5191502125520444
3082 1.1290604838968448 0.09965537538176691 -1.488789750564554
3083 1.1399670911767001 0.1992929131342863 -1.4691806520309982
3084 1.0595914773760111 0.2933666859354893 -1.481131507851627
3085 1.1487444376807066 0.2980806815920447 -1.4468251192727513
3086 0.8517516698826211 0.09388538018594597 -1.5599836377435363
3087 0.9438025067532606 0.0956111575495566 -1.5428699702994462
3088 0.6711663481072794 0.09053052903043927 -1.5828399272757967
3089 0.7603207489130572 0.09206590099448883 -1.572901208699642
3090 0.7714183702042362 0.18436016702821453 -1.5606405422394631
3091 0.6918432127565586 0.2712594696068513 -1.5578979160393682
3092 0.7810216838305167 0.27604543388437497 -1.5452807230259953
3093 0.9752322695845627 0.38476210641450315 -1.4867048112798287
3094 0.8911543616204926 0.47108247383627655 -1.4874096376928316
3095 0.9834731546417317 0.479455663065175 -1.4629288177069066
3096 0.7907251786453653 0.3697890411890242 -1.5267749673902655
3097 0.7083591821281959 0.45213085402085057 -1.522851612822638
3098 0.7987989301071343 0.46168325227900947 -1.5069244628772336
3099 0.8068076490597771 0.5547056014918721 -1.485516821492185
3100 0.7233463090012061 0.6361882676843529 -1.4827946607857272
3101 0.814373437703266 0.6483215617101186 -1.4626949994133847
3102 0.9562365333096351 0.19197693641843894 -1.527015102312456
3103 0.8731926298765442 0.28263426285664073 -1.5290643420571224
3104 0.9668098973956906 0.28863572332047666 -1.508128256896464
3105 0.4893847137915307 0.08410094478074755 -1.5992416758347572
3106 0.5742869233864445 0.08520489356785639 -1.592154088765148
3107 0.3239267024147374 0.08232298530474133 -1.61211444370698
3108 0.4057799413190976 0.08301676795554042 -1.6058812886847778
3109 0.408223461567075 0.16631595776562802 -1.599885827721965
3110 0.3278684454709751 0.24683680355600268 -1.5992070911863914
3111 0.4099566281986126 0.249088140591 -1.5910748190229236
3112 0.16066792503157665 0.08052595453354251 -1.623357704400481
3113 0.24100875259531032 0.08085158607465057 -1.6181011915444947
3114 0.0 0.08018060691487389 -1.6321137482075394
3115 0.08017339282532657 0.08017339282532657 -1.6280282358164768
3116 0.08059628662043455 0.1608082538302794 -1.6247755594980593
3117 0.0 0.2410306549994196 -1.6248966889245877
3118 0.08093384488460592 0.24125395611128103 -1.6197474558278062
3119 0.24666967863470876 0.32764645674257353 -1.5981243216990342
3120 0.16607260009211705 0.40762613877728265 -1.5975448347219652
3121 0.24865229060469934 0.40923929340153925 -1.5882907846789798
3122 0.08237681965764566 0.3241385312781876 -1.613168670999193
3123 0.0 0.4041168388514694 -1.6133248554848185
3124 0.08301841191393242 0.4057879768684965 -1.6059130895135274
3125 0.08403087067192275 0.48897695145567555 -1.5979091648205022
3126 0.0 0.5722121026418503 -1.599225693037075
3127 0.0850441311859109 0.5732033737232995 -1.5891500537500665
3128 0.2433620490210314 0.16286896554193475 -1.6136778809174979
3129 0.16287084068684005 0.24336485089985985 -1.6136964595328107
3130 0.2453506067670152 0.2453506067670152 -1.6067898376692207
3131 0.6349933802460171 0.7219877215168156 -1.480009679037709
3132 0.5516522453837686 0.8023666067182254 -1.47733985005293
3133 0.645976255489867 0.8114274380607197 -1.457403693550587
3134 0.44974446315404965 0.7046203930860144 -1.5148138530723037
3135 0.3667119484794545 0.7841453874361412 -1.5140703504383832
3136 0.4583704125816967 0.7930670938476059 -1.4961114235113298
3137 0.46669226859026364 0.8828493391017536 -1.4735478747170376
3138 0.37972228073179265 0.9624581409556755 -1.4672311339982478
3139 0.47381219652499096 0.9718971148346152 -1.445709311359606
3140 0.26945339028238496 0.6872368345012925 -1.547525237733
3141 0.18296013624794477 0.7655602204739522 -1.5487890407394795
3142 0.27368200733525866 0.774334786833069 -1.5320504462731943
3143 0.09021400790469447 0.6688197548603371 -1.5773058573767165
3144 0.0 0.7470637801984795 -1.5795336529884487
3145 0.09158753359114429 0.7563701802612792 -1.5647285339221673
3146 0.0931992865555824 0.8455272567290439 -1.5485836217324445
3147 0.0 0.9266355023866857 -1.5459979360474205
3148 0.0946731382537048 0.9345430752653718 -1.52773322433566
3149 0.2885456254017191 1.042178611844919 -1.4567912367841844
3150 0.1955789693912769 1.1187231162709814 -1.4418015836830718
3151 0.29220934833753553 1.1261174717805214 -1.418326820118057
3152 0.09682258006998003 1.0251625600011682 -1.4997225289440048
3153 0.0 1.1034915799976075 -1.4878861554736187
3154 0.09806496117317667 1.1110416481936194 -1.4650299446952701
3155 0.09919718989655159 1.1934130010393253 -1.421632365053709
3156 0.0 1.265590919274514 -1.396364398251657
3157 0.09987055905035848 1.2696538528277137 -1.369524411878072
3158 0.27957947014530476 0.8637549118363498 -1.5125377731971785
3159 0.18960073641898262 0.9444006883778361 -1.5081144293827877
3160 0.2847567867735158 0.9538170696132204 -1.4878607247078552
3161 0.5857014693274187 0.17445980346772386 -1.5828207344227754
3162 0.4194006172268365 0.33717423754332393 -1.578425213007536
3163 0.5016700857596428 0.2565983814462071 -1.58093197580497
3164 0.5958409719027117 0.26413737336193044 -1.5699784699420298
3165 0.6045697455264928 0.35335326634290315 -1.5546156700536127
3166 0.2557808237683911 0.5000716959801289 -1.575894909446096
3167 0.33676356495371007 0.41888979428016915 -1.5765027174620265
3168 0.17375440527598623 0.5833332862322334 -1.576420871177984
3169 0.2628629268924599 0.5929660761113962 -1.5624034210472233
3170 0.35176738655910883 0.6018563846249589 -1.5476384215107468
3171 0.6136079784577065 0.44544274534496586 -1.5370057557625496
3172 0.6210688348777247 0.5359711054890627 -1.5190410934472665
3173 0.4439468202012657 0.6115473059853351 -1.5318440473722232
3174 0.5350131576490629 0.6199587908048834 -1.5163260923596407
3175 0.6284123762658543 0.6284123762658543 -1.5001622660720895
3176 0.4273172073268285 0.4273172073268285 -1.563911765866909
3177 0.43559811630794815 0.5189282079068834 -1.5482371584433496
3178 0.5197545304994751 0.43629174706324564 -1.550702515545196
3179 1.2971503543386176 1.3991837792533273 -0.10203342491470964
3180 1.2191967946615223 1.4523468582553567 -0.1013403539730005
3181 1.1495859416026155 1.4478849799103728 -0.2982990383077572
3182 1.0645603868725837 1.4880772115234444 -0.2947424166230679
3183 1.1436663177804474 1.4739481862833195 -0.19993962447526342
3184 1.1354502792908736 1.4972153947408529 -0.10021936417394114
3185 1.0482929205878793 1.5335602091597647 -0.0990071518416528
3186 0.9873715229390849 1.4687276900984065 -0.4813561671593215
3187 0.8979042410675666 1.49867573947635 -0.47465059855738784
3188 0.9812518537713754 1.4958814403266205 -0.387137035919701
3189 0.8203932070587614 1.47350709878482 -0.6531138917260584
3190 0.7304551330757426 1.4973671086589218 -0.6424405294529889
3191 0.8139380759929233 1.498645563102349 -0.5596079939833837
3192 0.8072544253143924 1.5228756517100097 -0.4665702900300402
3193 0.71730141532867 1.5420758914021362 -0.45783849448883596
3194 0.800652083516784 1.5459423725401957 -0.3744314387419457
3195 0.9562100625307336 1.5631530751618523 -0.09686809505688092
3196 0.8654903167328384 1.5851459767783742 -0.0953997395096569
3197 0.7924947297309168 1.5679805750676552 -0.2801004838261619
3198 0.7030564200678128 1.583147903291129 -0.275655969582219
3199 0.7842716961800208 1.586643840054523 -0.1874319649206297
3200 0.7742572903014735 1.601732202495708 -0.09375345225690775
3201 0.6842980532933128 1.6138089818779593 -0.09230180409647307
3202 0.9751214058349674 1.5210933917885168 -0.2911170779867013
3203 0.88372187082575 1.5475022975935022 -0.2860423587936615
3204 0.966778781492769 1.543850029265366 -0.19409343002505328
3205 0.6520923771303269 1.4712024333545 -0.819110056224173
3206 0.5574371605530546 1.4928320116099207 -0.8107806443540257
3207 0.641620779795313 1.4954564786185294 -0.7295230773945788
3208 0.47802704421778264 1.4585697750625706 -0.9805427308447878
3209 0.38314355880212975 1.4804508104765148 -0.9711298389264221
3210 0.47135645193143594 1.488274704176707 -0.8916726504298841
3211 0.4631856109612304 1.5118281301406207 -0.8013982934196895
3212 0.37023231510871024 1.5286051447316422 -0.7916730375873325
3213 0.45450521420826484 1.530848851251889 -0.7120791225513659
3214 0.29393808104261343 1.4267177493418373 -1.1327796682992237
3215 0.19675004467629478 1.4504347112928861 -1.1254217352294549
3216 0.29074279640419676 1.4678841773119418 -1.0501144265784126
3217 0.10006518570807092 1.3721933261354264 -1.2721281404273554
3218 0.0 1.3997177355430996 -1.2686302070353794
3219 0.09961583868970897 1.4276321789049267 -1.1984496448509543
3220 0.09864400035488236 1.4736804323944657 -1.1176019592273927
3221 0.0 1.4965382730162748 -1.1099084276995284
3222 0.09747648924503721 1.5098511820020786 -1.0320861846703864
3223 0.2758614386375991 1.5442507320423726 -0.7805011018544574
3224 0.18406457713518634 1.5581383229240215 -0.7701815332171351
3225 0.27133342218707307 1.5583226406426427 -0.6920318277043295
3226 0.09530422606176592 1.5379170402483047 -0.9407727065186153
3227 0.0 1.5550700575711036 -0.9320731227675407
3228 0.09373327880452928 1.557456346850979 -0.8503717680772864
3229 0.09196950144733577 1.5712542692508638 -0.7595246390059738
3230 0.0 1.5838811875495657 -0.7491200109078578
3231 0.09042755063156238 1.5810394482204442 -0.6704028969637993
3232 0.2871847400532025 1.50054683613369 -0.9619497055676727
3233 0.19105195915591647 1.5196576859711055 -0.9516292243932306
3234 0.28198250477669584 1.5255383009125751 -0.8711790369521824
3235 0.5856732199464573 1.6237214776184683 -0.08689423759959418
3236 0.4986949204946371 1.6296661458899997 -0.08570090725969175
3237 0.415494796785926 1.6125688990710918 -0.25245311147037086
3238 0.3314201046129797 1.616530620070703 -0.2495106814544188
3239 0.4145287620937024 1.6245971976009874 -0.16888482554226328
3240 0.41285494843885406 1.6338807543902396 -0.08446421314574695
3241 0.32887903545744385 1.6367611541160914 -0.0835815750945294
3242 0.24989408111643996 1.596222842821307 -0.41128306894988254
3243 0.16639927440328628 1.600687296862952 -0.4084279627267226
3244 0.24814555824997453 1.6076862553834288 -0.32960683845303307
3245 0.08508527571104522 1.5899188878061847 -0.5734806906914237
3246 0.0 1.5975128147816546 -0.5715992250021457
3247 0.08398763911017679 1.5970870846948175 -0.4887253863213366
3248 0.08296710797661955 1.6049206631038324 -0.40553720694351686
3249 0.0 1.609419340519424 -0.403138558279806
3250 0.08240274558552056 1.6136763732240198 -0.3242405453182819
3251 0.24409508131984534 1.6388223982761596 -0.08188696163607433
3252 0.16232605120777746 1.6401110912539845 -0.08135699901892678
3253 0.08111636320510487 1.6234002365117297 -0.24179802104414
3254 0.0 1.6254592945124517 -0.24111410965489002
3255 0.08099434727708797 1.6328002372251378 -0.16160247701101266
3256 0.08081847181103279 1.641127429527159 -0.08081847181103279
3257 0.0 1.6422395914795473 -0.08067805769608699
3258 0.24726268273367208 1.619311935219985 -0.24726268273367208
3259 0.16365473256453966 1.6214631263122412 -0.2445361577411181
3260 0.2458383531539949 1.6300976851633213 -0.1645262210348326
3261 0.63551514729513 1.5171181846457897 -0.63551514729513
3262 0.4486226679327992 1.547978118364603 -0.6179883974703931
3263 0.5411833376005278 1.5338135218203899 -0.6271086286118032
3264 0.6286894650256314 1.53768001026703 -0.5425475706657463
3265 0.6218625627017216 1.5576823830879754 -0.4514350805107786
3266 0.26438818442098194 1.5714692395280312 -0.5964067513805912
3267 0.35474182253989156 1.5607247722700144 -0.606945495651434
3268 0.17427163650254252 1.5811135527791966 -0.585069749780595
3269 0.25706255118022275 1.583791778624342 -0.5025775742206309
3270 0.3395254379375664 1.5894319672902644 -0.422325202757908
3271 0.6136002265452005 1.5778370227654968 -0.3586313173671553
3272 0.6057232388055498 1.5960172067917842 -0.26851820003492977
3273 0.4244461900170777 1.5974143584190084 -0.34123059103600084
3274 0.5094996856364983 1.6056056909704584 -0.26060313020998954
3275 0.5964150591258021 1.6117735251549798 -0.17765100388046332
3276 0.44020366407588113 1.5646065593253744 -0.5244147987808289
3277 0.4320259779383622 1.581145103621346 -0.4320259779383622
3278 0.5264560618889091 1.5706967262230982 -0.44191713879400285
3279 1.347440367256924 0.20483681994114675 -1.347440367256924
3280 1.1988575883677866 0.401834351103306 -1.398640489616925
3281 1.2758382524014957 0.3052950975101727 -1.377420248635506
3282 1.3881124784317596 0.3076649518385681 -1.2857419515746717
3283 1.4197410018072554 0.4078966027590342 -1.2169440868966208
3284 1.0309513669782988 0.5884917847618957 -1.419808976412068
3285 1.1148496485521633 0.4988556076818422 -1.412374908693602
3286 0.8596557584052416 0.7608854286560967 -1.4230005275630488
3287 0.9452526432174644 0.6760841462388468 -1.4229151658378365
3288 1.074472354730502 0.6986463274938856 -1.368505586951982
3289 1.1117312993173456 0.8065512984868815 -1.3079225961432983
3290 1.1948235123701263 0.7130758686690697 -1.2964505788817657
3291 1.442510783847053 0.509499700988912 -1.1386372205465658
3292 1.456114102041967 0.6035397725777885 -1.0573132364398148
3293 1.3045338968336362 0.7175218684350074 -1.20227318959206
3294 1.321392785498331 0.8148579052747769 -1.1231809303259994
3295 1.3929047546526192 0.7111025345203578 -1.0936291864034793
3296 1.4625656354391638 0.6949236768953342 -0.9715927315764212
3297 1.4635839057401219 0.7825855619325451 -0.884172780057514
3298 1.2408903417011503 0.5092724698200923 -1.3422969127813613
3299 1.2765775050299615 0.6155284329002617 -1.2765775050299615
3300 1.3523033798948658 0.5130689608740042 -1.2501408497500508
3301 0.6719675754467503 0.9394971474794438 -1.414251257589277
3302 0.7592575343448609 0.8578165475779286 -1.4199560554566544
3303 0.4910097697792844 1.0973156577669132 -1.3901615378892844
3304 0.5822095180780628 1.0199457563765464 -1.4046522335978426
3305 0.6922703069964081 1.0646664522471825 -1.3560162639140756
3306 0.7039169157383236 1.179476853212003 -1.279798592254902
3307 0.8005215562458302 1.1034200447340743 -1.298144624003416
3308 0.29765279010672424 1.2439007984382668 -1.3429399407312623
3309 0.3934318961186236 1.173789181718014 -1.36939457342909
3310 0.19919526976121046 1.310329595626434 -1.310329595626434
3311 0.2982975894288306 1.3458491248282853 -1.2465954360101603
3312 0.39511911346103756 1.3752671686499933 -1.1788229308452973
3313 0.7051043598689315 1.2819574966550604 -1.1814665239177646
3314 0.6955866178356621 1.3625122401083083 -1.0697667214051887
3315 0.8024117718924435 1.3012098422485878 -1.106025473428742
3316 0.49401135557906706 1.3986597173316369 -1.1040236446522103
3317 0.5864117304647616 1.4147905890038392 -1.027307416669142
3318 0.6769705290909529 1.4247806845162687 -0.9464919205152934
3319 0.7643700312031679 1.4295173973519577 -0.8635926962575463
3320 0.49881678911958194 1.2154140908412563 -1.31473872191689
3321 0.49990585510551383 1.3176091890977457 -1.2180677026964104
3322 0.6037477079584445 1.252144826294378 -1.252144826294378
3323 1.4598048983644643 0.8818898255619853 -0.7805649079754831
3324 1.4529479723549605 0.9652036497322023 -0.6903539388735542
3325 1.313453305330697 1.1164323898323225 -0.8099618983876733
3326 1.2941105506628923 1.192666915905083 -0.7117888025193344
3327 1.381612648808315 1.0847632704203234 -0.7053377145934133
3328 1.4422928750454858 1.0472773702760807 -0.5978110592946025
3329 1.4268473723151425 1.126273400760479 -0.5039673309149141
3330 1.1081876214955195 1.303753552508866 -0.8039803913347953
3331 1.0722559527963342 1.3656826586407176 -0.6972051726193658
3332 1.1878220130048658 1.2888535590615529 -0.7088973433971947
3333 0.863857200318466 1.4299552347241282 -0.764604145014198
3334 0.9478452155566985 1.4268178372839289 -0.6779384621924816
3335 1.0313925704215512 1.4204165944134772 -0.5887436342768962
3336 1.1129460482717335 1.409963285497817 -0.4980038141903069
3337 1.404816517739865 1.2041514278041003 -0.4036087457898613
3338 1.3761766318098838 1.2746863498365155 -0.3050194589601951
3339 1.1946758093912744 1.393761840599787 -0.40043269801474185
3340 1.2698148599200993 1.3709172748034097 -0.30385376104648804
3341 1.3400909476885374 1.3400909476885374 -0.2037195669855549
3342 1.2660567638055418 1.2660567638055418 -0.6104556383904883
3343 1.2326416506499953 1.3333741319679706 -0.5058871334021735
3344 1.3389738519943613 1.2378183283513395 -0.5080116881269786
3345 0.8876460621154227 0.8876460621154227 -1.3731741747880484
3346 0.9215569425201633 1.1250404361446047 -1.2279584271988608
3347 0.9094621508056543 1.0114364968351013 -1.3087519936793612
3348 1.0138182130724431 0.9116037393073543 -1.3118338242082705
3349 1.1308741046486563 0.9263354887284162 -1.2343257560262435
3350 0.9110032118211314 1.3109696414117056 -1.0131503508459831
3351 0.9220643493302688 1.22863453785436 -1.1256598804269977
3352 0.8904001547061781 1.377434711709248 -0.8904001547061781
3353 1.0134840386502997 1.31140141797952 -0.9113032567860511
3354 1.1279285649199968 1.231110760176982 -0.9239227020416395
3355 1.2395289806116827 0.9302403992156069 -1.1356412351371974
3356 1.3280077545196776 0.9228431318882504 -1.0263178336982228
3357 1.2355031998820836 1.1319528642546566 -0.9272191355488156
3358 1.3250710285306402 1.0240482579032197 -0.9208023776833164
3359 1.4012302059919701 0.9057820175346197 -0.9057820175346197
3360 1.0363850911940358 1.1400236003134396 -1.1400236003134396
3361 1.1421098227389246 1.1421098227389246 -1.0382816570353859
3362 1.1432700758149679 1.0393364325590615 -1.1432700758149679
3363 -0.08095711747748323 1.6439428156771088 -0.08095711747748323
3364 -0.08136314629423813 1.6283391626350945 -0.24253365144251846
3365 -0.08117288197374979 1.6363993957449916 -0.16195869507045643
3366 -0.162985336908028 1.6467723867222144 -0.08168742969021697
3367 -0.24593397934034716 1.651168518680754 -0.08250385965320468
3368 -0.0834580561487896 1.6144175936977105 -0.40793692600509934
3369 -0.08276062918450634 1.6206847356753462 -0.3256487553538952
3370 -0.08591350553624735 1.6053953404770942 -0.5790630174599376
3371 -0.08464023975228675 1.6094967686437867 -0.4925228796704513
3372 -0.16853382139495646 1.6212206932156465 -0.41366722042348025
3373 -0.2552139274152989 1.6302038804857415 -0.42003862931514335
3374 -0.2522186176442738 1.6340748059251184 -0.3350170027100696
3375 -0.333039882475207 1.6574688065738465 -0.08463901600738145
3376 -0.42079491048890877 1.6653032945177797 -0.08608861573435803
3377 -0.33796955650144045 1.6484761459305184 -0.2544414571710914
3378 -0.42752210664331053 1.659247861035331 -0.259760860736072
3379 -0.42423787742418434 1.6626486019894728 -0.17284045516003996
3380 -0.512296646710309 1.6741147091866921 -0.08803836896037402
3381 -0.6069009291005073 1.6825732162675742 -0.09004371676324065
3382 -0.1647963500581711 1.6327740773691948 -0.24624198531559768
3383 -0.25033872221079007 1.639456776258817 -0.25033872221079007
3384 -0.2481662203144056 1.6455332379193073 -0.1660841357461045
3385 -0.09329370359592705 1.5938776198897344 -0.7704604834223496
3386 -0.09155542686600532 1.6007592881023198 -0.6787646350591718
3387 -0.09698156612308104 1.5649841491183336 -0.957330164822855
3388 -0.09524683908930935 1.582605409189748 -0.8641031658463124
3389 -0.18963115338597875 1.6052603488935708 -0.7934737619464934
3390 -0.28902107831399426 1.6179173644794782 -0.8177339725237333
3391 -0.28278548252831526 1.6240941359782206 -0.7212401360102116
3392 -0.10059955044597563 1.502895142802028 -1.1397576565360024
3393 -0.099322585221197 1.5384460792258319 -1.051632745767601
3394 -0.10215156521924713 1.400803836581826 -1.298652271362579
3395 -0.1016555027996548 1.456863375026121 -1.2229882599982296
3396 -0.20474825225328858 1.5093972285156094 -1.1711719492374637
3397 -0.3122489385000557 1.5155950572685153 -1.2033461187684595
3398 -0.30820106065347425 1.5560263778128214 -1.113170761517481
3399 -0.39514485897351354 1.631463380401614 -0.8449438852973316
3400 -0.5036946423917191 1.6440487600394402 -0.8714865428994333
3401 -0.4904061355478201 1.6517691013908877 -0.7683255544229747
3402 -0.41319498162527324 1.5965682611093506 -1.0472992869969842
3403 -0.5257858882751391 1.6042929245717663 -1.078507036296627
3404 -0.5159131570332576 1.6289593534114402 -0.9759612926448489
3405 -0.6174985257194723 1.6536779955634566 -0.8981386387548597
3406 -0.7346107123190941 1.6573741780087294 -0.9227634656896352
3407 -0.7167674854339627 1.6706045276421428 -0.8149649110756221
3408 -0.1980424723384005 1.575261340252267 -0.9864489491809203
3409 -0.3035605799261091 1.5861109740672366 -1.0168019736277638
3410 -0.2968848102541664 1.6061604579353443 -0.9172193973089748
3411 -0.7164051071751434 1.689528402219388 -0.0966325763137153
3412 -0.8173584592838055 1.6908970462614403 -0.09897249693239096
3413 -0.751489082183315 1.6922089477398368 -0.2946455585452343
3414 -0.8557844611185874 1.693201684677825 -0.3024696980529032
3415 -0.8369321736346744 1.6931801623197824 -0.20001721670398442
3416 -0.9200300178534735 1.6850354684741622 -0.10141144545165327
3417 -1.0212700830787542 1.6695091732357137 -0.10345894836600485
3418 -0.7859644699947852 1.6896897660828756 -0.5016646865240691
3419 -0.8945580887268526 1.6875729505376276 -0.5170293451701499
3420 -0.8759158812279113 1.6912657862867189 -0.4096291639990603
3421 -0.8196980825564457 1.6803071020702056 -0.7209303437047073
3422 -0.9307795853409204 1.6717719193713432 -0.7409923340304226
3423 -0.9132322247511562 1.681468728485073 -0.6278758401989544
3424 -1.003101744680582 1.6742589913505757 -0.5302601566515716
3425 -1.107429236006858 1.6473150642487613 -0.5398858282419029
3426 -1.0874200621939414 1.6577308696261934 -0.4290239840662405
3427 -1.1219142448956636 1.6412617220544132 -0.1059603969617636
3428 -1.2135883358717419 1.6002489694924233 -0.10711614027338669
3429 -1.1663285667702583 1.6303320908439476 -0.3229187414687545
3430 -1.2557934988455481 1.581651687835347 -0.3258581889897986
3431 -1.2357849793142113 1.5926699952407148 -0.21604412130959302
3432 -1.2969202733957819 1.5449335929372812 -0.10780077519575276
3433 -1.3686219838720108 1.4762773439163959 -0.10765536004438522
3434 -0.9622396863958143 1.684996348615643 -0.311456939912946
3435 -1.0671633352891854 1.6646697401514103 -0.31859568464494226
3436 -1.0449363352717556 1.6686599071804413 -0.20978457673382547
3437 -0.17800369492105916 1.6149733836943343 -0.5975991236300008
3438 -0.3728727978699136 1.6404939467653612 -0.637966686582725
3439 -0.27370018319741946 1.6268178537928555 -0.6174127541687944
3440 -0.2642640287950169 1.6281609058577442 -0.5166570312781856
3441 -0.3507503236388275 1.641979406065808 -0.43628749129368233
3442 -0.5887855896748532 1.6687270951473594 -0.6822688320828096
3443 -0.47974691598489727 1.6553727249661958 -0.6608627895844097
3444 -0.7029887195515045 1.6781928402048958 -0.7029887195515045
3445 -0.6875422460321697 1.6816250736675875 -0.5933364499747368
3446 -0.6719019767071552 1.6830244093351745 -0.48776070653353415
3447 -0.44033432124045063 1.6572097566145727 -0.35400374470146534
3448 -0.530584245070483 1.6720502631128704 -0.27138763576023467
3449 -0.6547457490600046 1.6836403225954504 -0.38267966726155866
3450 -0.6391507796768894 1.6840952711510095 -0.28333668896077335
3451 -0.6231371381728771 1.6839882334963556 -0.18561056844183474
3452 -0.465903232976353 1.6559499927289214 -0.555030705356681
3453 -0.5599802348287737 1.6707170555494488 -0.4700579612832812
3454 -0.4525061842318892 1.6560993414583707 -0.4525061842318892
3455 -0.10125479320794631 1.2181674375849658 -1.4511206546410544
3456 -0.10196416486373702 1.2962698517019988 -1.3982340165657359
3457 -0.098717826413482 1.0452295277677062 -1.5290787352875488
3458 -0.10005207469477341 1.1335549481100275 -1.4947161932576605
3459 -0.20366764363846088 1.1649908049108935 -1.501431018155419
3460 -0.30620651121742853 1.1059667820441474 -1.5459564204682283
3461 -0.3106272170527314 1.1970963226322882 -1.5077235396850197
3462 -0.09480959080034163 0.8601363399193792 -1.575340165388529
3463 -0.0964213201672603 0.9517998318465186 -1.555943502781953
3464 -0.09149811159021239 0.6783397166945418 -1.5997571851880932
3465 -0.09303731636393792 0.7683431247680375 -1.5894973685400517
3466 -0.18895961178972442 0.7906638299961303 -1.5995756337091118
3467 -0.28190824942233533 0.7190027661176243 -1.6190560090893504
3468 -0.2875968506343306 0.8137043724507433 -1.6099446494534935
3469 -0.4100526855653547 1.0393347071510681 -1.5844265595413853
3470 -0.5114487803385033 0.967515958792692 -1.6148633993251142
3471 -0.5214957066642021 1.0697068932011837 -1.5912025998653856
3472 -0.392509030664312 0.839307656046269 -1.6205806439422321
3473 -0.4868149115828772 0.7626991379817538 -1.639673264182732
3474 -0.4995058306343159 0.8642391100897809 -1.63037656622158
3475 -0.6115695525083652 0.8895150717223178 -1.6378000426176271
3476 -0.709326269036953 0.8065042451239405 -1.6532609259070794
3477 -0.7270629066050428 0.9132824722297621 -1.640345378834805
3478 -0.19681891221096753 0.9803543999273462 -1.5655289482887602
3479 -0.29501445924771796 0.9114409870850828 -1.5960417730944283
3480 -0.3014773069271381 1.0098238735810623 -1.5752258249927087
3481 -0.08488376914614196 0.49393998102433456 -1.614127660210574
3482 -0.08604690551274305 0.5799621426025625 -1.607888076623166
3483 -0.08297345983193949 0.32648620712438925 -1.6248525553859698
3484 -0.08373095085036643 0.40927081551584793 -1.6196964850088993
3485 -0.1690427093250443 0.4149162887339482 -1.6261159696412175
3486 -0.2525861373603752 0.33550517188201723 -1.6364558938653004
3487 -0.2556579892106379 0.4207694793503844 -1.6330403685617205
3488 -0.08102425303626373 0.16166214592522918 -1.6334031204178319
3489 -0.08142526105084591 0.2427188079834672 -1.6295822793945696
3490 -0.08039089634648207 0.0 -1.6363942879245166
3491 -0.08055874827565186 0.08055874827565186 -1.6358533949103697
3492 -0.16227613079194753 0.08133197915802655 -1.6396067050074545
3493 -0.24375230969825945 0.0 -1.6432445945407905
3494 -0.24482483475696534 0.08213177317175184 -1.6437218672515472
3495 -0.33747615406420806 0.25406999757455034 -1.6460695322800427
3496 -0.4221228121376873 0.17197874792863727 -1.6543593602012048
3497 -0.42596224157994583 0.2588130924565013 -1.6531938986093573
3498 -0.331263015064578 0.08418744153499849 -1.64862571461547
3499 -0.4137625116181206 0.0 -1.651832539714307
3500 -0.4179709382935563 0.08551087144346878 -1.654127374649635
3501 -0.5079818270594154 0.08729686560121258 -1.6600144743102117
3502 -0.5943797469559173 0.0 -1.6611801085020554
3503 -0.6007026043342046 0.08912409352178222 -1.6653889696509707
3504 -0.16495522673760932 0.24647938201128547 -1.6343482003615648
3505 -0.2476901616129252 0.1657655355840856 -1.6423766019537263
3506 -0.250383140422479 0.250383140422479 -1.6397476690839452
3507 -0.8107063898883407 0.713022085501288 -1.66187494348478
3508 -0.9029410083794246 0.6208003056843561 -1.6625202529077294
3509 -0.9205988362289146 0.7328874538144258 -1.6534862900433405
3510 -0.7774864391743281 0.4962533367286844 -1.6714634435699043
3511 -0.8655343522316736 0.40477415778796233 -1.671220568273242
3512 -0.8842400276830416 0.5110657968973935 -1.6681080539155277
3513 -0.9917376490439209 0.524252862611406 -1.6552913847252813
3514 -1.0752868483801237 0.42423702094967874 -1.6392342428062319
3515 -1.0961155488901502 0.534370261972858 -1.630485810863008
3516 -0.7431823614061625 0.29138864045940854 -1.673503809423476
3517 -0.8262774895339229 0.19747086907172964 -1.6716248913868583
3518 -0.84528522462921 0.2987588327182171 -1.672428551115189
3519 -0.7078351173227617 0.09547660996154414 -1.6693174334290846
3520 -0.7867897940438715 0.0 -1.663527252238048
3521 -0.806635242944901 0.09767404154338388 -1.6687135665067148
3522 -0.9074612525000005 0.1000260377613562 -1.6620157680246663
3523 -0.985539751663809 0.0 -1.6442737387468662
3524 -1.007504953566673 0.10206448293806578 -1.6470067907886359
3525 -1.1538290072603534 0.3194580168146122 -1.6128597990978555
3526 -1.2235047122176952 0.2138972433666468 -1.5768432832596253
3527 -1.2449501066080377 0.3230445033318704 -1.5679946099399082
3528 -1.1078759981003696 0.10463453965150644 -1.620725003481942
3529 -1.17675183076558 0.0 -1.5866661686971253
3530 -1.2003892048365041 0.10595113239578396 -1.5828444714324097
3531 -1.285686015639588 0.10686697708980164 -1.5315509798690037
3532 -1.340864906203145 0.0 -1.4794164444229854
3533 -1.360300218624474 0.10700077269704929 -1.4673009913215231
3534 -0.9500750659773224 0.30751950571197545 -1.6636946487613902
3535 -1.031410837473676 0.20706915691837186 -1.6470610258529554
3536 -1.0542446427598868 0.314738880765924 -1.644517851659087
3537 -0.17814516178421633 0.5980740602513045 -1.6162568695162147
3538 -0.3505579600902147 0.43604821621855216 -1.6410788880505336
3539 -0.26448828755447545 0.5170954748508062 -1.6295425897237301
3540 -0.27344452757349785 0.6168360463235888 -1.6252982891051029
3541 -0.37164672911271535 0.6358689443311564 -1.6350997255027964
3542 -0.5272285978126922 0.269671261434766 -1.661475484588194
3543 -0.43894528737421007 0.35288704049185227 -1.6519820912603995
3544 -0.6172391450319341 0.18385376437336537 -1.6680492845200314
3545 -0.6334341965187666 0.28080251737608053 -1.6690326740771189
3546 -0.6489980306945285 0.37932029462756855 -1.668860401661361
3547 -0.47689478179107153 0.6569339068823059 -1.6455314003112789
3548 -0.58390291769565 0.676610923725144 -1.6548887010506004
3549 -0.6658398399183342 0.4833599572788448 -1.6678395690727363
3550 -0.6810034899250141 0.5876936224128523 -1.6656322582677388
3551 -0.6959180190341183 0.6959180190341183 -1.6613134811860468
3552 -0.45094584502741314 0.45094584502741314 -1.6503887526995211
3553 -0.556370145616238 0.4670275843703993 -1.6599462510740322
3554 -0.46381158238400094 0.552538921180348 -1.6485156833315178
3555 -1.45351938863298 1.3475236190984718 -0.10599576953450816
3556 -1.4914933086358995 1.2520589353788347 -0.1040718744192362
3557 -1.503734048555157 1.193928762376692 -0.30980528617846465
3558 -1.5202363459984838 1.0875668144780346 -0.30111215398499913
3559 -1.5107523516832233 1.1722234168111996 -0.2049320733806334
3560 -1.5166375282477371 1.150179534007516 -0.10151942686218131
3561 -1.5303031743583864 1.046066515322537 -0.09879687660289303
3562 -1.5171264602097176 1.0199082332328644 -0.497218226976853
3563 -1.5185793576300433 0.9098291309433679 -0.4809543399346981
3564 -1.521797558903216 0.9982520241794596 -0.39384417798177246
3565 -1.5157443959368517 0.8439093419295235 -0.671835054007328
3566 -1.5128730600505602 0.7380193447655462 -0.649093307895971
3567 -1.514492141481539 0.8225446030027713 -0.5655252516436418
3568 -1.514322200991283 0.802720364416743 -0.4639497307098404
3569 -1.5077259436702697 0.7013234298988282 -0.4476400804918255
3570 -1.5160441437021284 0.7851676258566148 -0.3671900065653511
3571 -1.535068365496244 0.9390301187285388 -0.09512769460041805
3572 -1.5334359039524497 0.8372565969593788 -0.09228764286374129
3573 -1.5194806446098752 0.767981709677433 -0.27143656655398957
3574 -1.512650020150834 0.6717491813442932 -0.2633809558010471
3575 -1.5238591336348013 0.7532374672277514 -0.18001513916923173
3576 -1.528437733051338 0.7388276615422715 -0.0894633408818344
3577 -1.5226029788513922 0.6456242752808022 -0.08708527678852358
3578 -1.5264338716596542 0.9785450064290465 -0.2921391749227114
3579 -1.5250787543135915 0.8709166067245717 -0.281897561579291
3580 -1.5309000567523507 0.9586693418391941 -0.1924653544114023
3581 -1.5205532918324765 0.67396653794513 -0.8465867538873464
3582 -1.5218455683620875 0.5682710886626421 -0.826538365286842
3583 -1.5156691127611412 0.6502929452950942 -0.7393833329572085
3584 -1.5268710354626025 0.5004118832454361 -1.0264591522171662
3585 -1.5322299129866026 0.396544091576947 -1.0050953250638448
3586 -1.5286776579967005 0.4841526063689843 -0.9158793434663011
3587 -1.5234778761524823 0.46675479625185295 -0.8075736558081447
3588 -1.5258670632937685 0.3695691443525513 -0.7902549701049917
3589 -1.5149474144328436 0.4497841171896081 -0.7046825195698553
3590 -1.5093557884470314 0.3109634994527445 -1.1983922889942868
3591 -1.5156412231583274 0.20559524399676268 -1.1760167914291588
3592 -1.528663298690812 0.30278127463416377 -1.093595399519746
3593 -1.45076190485498 0.10579468407440783 -1.3449672207805723
3594 -1.459833976296058 0.0 -1.3231163916538966
3595 -1.492378095355429 0.10413361215002555 -1.2528016843483925
3596 -1.5206190950056588 0.10178594168048777 -1.1531990535123098
3597 -1.5255322369381377 0.0 -1.1314118168807696
3598 -1.5363933273462151 0.09919005888422988 -1.0502295499554817
3599 -1.5286761750516484 0.273079235198445 -0.7726293497873056
3600 -1.5313387085120522 0.18089870949586911 -0.7569345911364703
3601 -1.5198744453495234 0.26463886476121373 -0.6749574592990437
3602 -1.5420355147161127 0.09555944660451132 -0.9432920546176402
3603 -1.5444450635992868 0.0 -0.9257047464603243
3604 -1.5399798078667448 0.09268147834510736 -0.8408295710289111
3605 -1.5334469714706647 0.08975654432386926 -0.741249064670072
3606 -1.5351956484974094 0.0 -0.7260934658409066
3607 -1.5253490731589394 0.08724233965138527 -0.6467886925135207
3608 -1.5364813390368792 0.2940621267676242 -0.9849860971384345
3609 -1.539660913672884 0.19356677277292164 -0.964155503330214
3610 -1.535346254468834 0.28379541980404915 -0.8767799999227628
3611 -1.5176181249272307 0.5474019443155308 -0.08121606553255428
3612 -1.5151962142133892 0.46366592168990456 -0.07968116080832095
3613 -1.5041026263065993 0.3875473571531945 -0.23547234986399013
3614 -1.506710998737001 0.3089049539940688 -0.2325600785918267
3615 -1.50982195755862 0.38524295620654025 -0.15695337790727396
3616 -1.5151463700619558 0.3828527111347817 -0.07832618482349285
3617 -1.5168984727988486 0.30479468880746113 -0.07746076041466306
3618 -1.5041831655012163 0.2354849585471218 -0.3875681088967758
3619 -1.5083009127607772 0.15679525786022164 -0.3848548496543007
3620 -1.506194252620709 0.23248031909082245 -0.3087990110259657
3621 -1.5174397401847997 0.08120651918707163 -0.547337601281378
3622 -1.5195931918771877 0.0 -0.5437191381242572
3623 -1.5127808424594107 0.07955414120298188 -0.4629267926186815
3624 -1.5111983697116087 0.07812209113905769 -0.3818551160063126
3625 -1.5122148635634767 0.0 -0.378790104330125
3626 -1.5124257300794743 0.07723235880546199 -0.303895967996732
3627 -1.5195063196792555 0.22632349854277828 -0.07592510075297387
3628 -1.521471846944255 0.15058401729936166 -0.07547195078385074
3629 -1.5155880354863034 0.07572931603113639 -0.2257398880797293
3630 -1.5148915734185608 0.0 -0.22471293755656316
3631 -1.5191285531858645 0.07535571271374741 -0.1503520954346491
3632 -1.5217341533060154 0.07493886614781779 -0.07493886614781779
3633 -1.5194778464242265 0.0 -0.07464715988931661
3634 -1.5104099003901217 0.23063376232524582 -0.23063376232524582
3635 -1.5138190282078217 0.1527901832562272 -0.22830213198573143
3636 -1.5153811716225818 0.22853772201691197 -0.15294785083350443
3637 -1.5088669056194546 0.632058717295895 -0.632058717295895
3638 -1.505683294192559 0.4363651194347255 -0.601103332816516
3639 -1.5060724242782524 0.5313953030428864 -0.6157665186431878
3640 -1.5034259122472222 0.6146844767216807 -0.5304615205500491
3641 -1.5011605723862202 0.5992977584559064 -0.43505438028472954
3642 -1.5110456138832822 0.2542223521676276 -0.5734746714066651
3643 -1.5076258259273567 0.3426728034948837 -0.5862960083881296
3644 -1.5146666152448196 0.16694780038441948 -0.5604819565455105
3645 -1.5054555826808502 0.24434793638630156 -0.47771949889639326
3646 -1.4997533204191462 0.32036879425656994 -0.3984968455193982
3647 -1.5024335695796864 0.5842768076562143 -0.3414926399499764
3648 -1.5065326105559822 0.5717618884989875 -0.25346307242738336
3649 -1.4990373181813985 0.3983065978104966 -0.3202158459213543
3650 -1.503542113699936 0.47711230632742463 -0.24403736448886104
3651 -1.5120678600695445 0.5595203222356492 -0.16666136345111474
3652 -1.4991464666701593 0.42178639970623855 -0.5024743044671909
3653 -1.4969342630458065 0.4090165332837674 -0.4090165332837674
3654 -1.4972424401792859 0.5018361250711417 -0.42125069989545577
3655 -0.20767872276934074 1.366134733785512 -1.366134733785512
3656 -0.42742698455532346 1.2752122423092027 -1.4877192189083237
3657 -0.31695180599641504 1.3245520205069452 -1.4300125975868565
3658 -0.317571296339073 1.4328075934736897 -1.3271408910214153
3659 -0.42911881289231474 1.4936078633387968 -1.280259748164411
3660 -0.6544566809476424 1.146512198337725 -1.5789574202098131
3661 -0.543639695810794 1.2149337693728186 -1.5391689577291197
3662 -0.868464347304806 0.9811994671114459 -1.6241935748029726
3663 -0.7638659982059612 1.067982969109658 -1.607664548210149
3664 -0.7922655202183472 1.2184525497104883 -1.5518864811863133
3665 -0.9282181870497458 1.2794340708083172 -1.5052204903409196
3666 -0.8085053544612048 1.3547243005017604 -1.4699519095725952
3667 -0.5468872665083712 1.5483635769673019 -1.222191486826706
3668 -0.6595004527931457 1.5911261415524873 -1.1553481474766791
3669 -0.8103144357116161 1.4732410188208407 -1.357755580774663
3670 -0.9319703626231541 1.5113051066900154 -1.2846059811794464
3671 -0.7971647720708018 1.561483115804031 -1.2259872786100272
3672 -0.7707783691958038 1.62221261529331 -1.077647353321886
3673 -0.8770032410145268 1.640162930761331 -0.9908467922822496
3674 -0.5537128138340371 1.3491734257804089 -1.4594289788322372
3675 -0.6832305239335182 1.4169885109835243 -1.4169885109835243
3676 -0.5549205483578108 1.4626122224175302 -1.352116184705546
3677 -1.0757547077103695 0.7694246700534885 -1.619363563070598
3678 -0.9837158190297416 0.8706915824384995 -1.6283589282857571
3679 -1.2375518849782658 0.5537604989340014 -1.5678232780713752
3680 -1.1610660884967472 0.6627643907671802 -1.5990007942731892
3681 -1.2199684687380823 0.7932512051982761 -1.5538172369191114
3682 -1.341060670707797 0.8003508407747645 -1.4551261042778278
3683 -1.2695682478558907 0.9210606191034197 -1.493613609454368
3684 -1.3641364522177768 0.3264239572791468 -1.4727487341359826
3685 -1.306870023187175 0.4380380729447211 -1.524652591626626
3686 -1.4119438277607768 0.2146425850390906 -1.4119438277607768
3687 -1.4537472436611956 0.32221241625302544 -1.346536283769265
3688 -1.4841473391857851 0.42640077089914763 -1.2721505726793787
3689 -1.4342289930006151 0.7888569774378947 -1.321801656672596
3690 -1.4907201087999227 0.761039004344887 -1.170428210756413
3691 -1.454181885247293 0.8967444183935511 -1.2360513699333597
3692 -1.5039637538932888 0.5312050984209755 -1.1871447532397816
3693 -1.5137346070468163 0.62742269936057 -1.0991526242642573
3694 -1.516883685860916 0.7207323643184705 -1.0076765979714697
3695 -1.5163505290962036 0.8108001367365227 -0.9160498811133647
3696 -1.3589601770380482 0.5577293838861984 -1.4700155113869826
3697 -1.4492587773801733 0.5498542013595971 -1.3397715530391006
3698 -1.4018957663989495 0.6759532427769078 -1.4018957663989495
3699 -0.9935134074397561 1.6445770171428133 -0.8793634748608564
3700 -1.0859062668594839 1.6346449881729994 -0.776685488893371
3701 -1.2752471867283919 1.5002947314827049 -0.925180639403699
3702 -1.3449369081610392 1.4593320394959675 -0.802664196145262
3703 -1.2278306330760325 1.5638309108630244 -0.7983633630092046
3704 -1.1708904947441525 1.6125308022102935 -0.6683723976547478
3705 -1.2464995617879946 1.5791588642049608 -0.5577642663999147
3706 -1.4528868772421835 1.234950616007713 -0.895945831083299
3707 -1.4864731425238824 1.1670937356190176 -0.7588708528809572
3708 -1.4334883208454834 1.3211190448397 -0.78844959172723
3709 -1.5139970474134126 0.9146281078661141 -0.8095417184265088
3710 -1.5111791761364741 1.0038870516761265 -0.7180219226285124
3711 -1.5063792694526605 1.0938117682242818 -0.6243740105438185
3712 -1.4971947948131137 1.1818017160581191 -0.5288142791175955
3713 -1.3145466333279519 1.53360846584394 -0.44061112722950224
3714 -1.3703573070803057 1.479464892266013 -0.3279125444791916
3715 -1.4801710101068908 1.268742225555533 -0.4252583575148273
3716 -1.4538759734614248 1.3466555200034638 -0.32224094826927274
3717 -1.4165378595628437 1.4165378595628437 -0.21534096612363504
3718 -1.4031135594692608 1.4031135594692608 -0.6765404270702328
3719 -1.447647332351502 1.3382818479274967 -0.5492428130878099
3720 -1.3631953690505654 1.474596806745962 -0.5594675444825811
3721 -1.0257445539022518 1.0257445539022518 -1.5868103194096133
3722 -1.2990150306889376 1.0640651495797122 -1.4178481081611898
3723 -1.1733919873850738 1.055089077687626 -1.5183148993168785
3724 -1.0582141633205913 1.1768674763453522 -1.522812021103573
3725 -1.0766405208935776 1.3143670947610087 -1.4346045693927516
3726 -1.464166708520721 1.0174610700119615 -1.131544902014183
3727 -1.3997018630131628 1.0504467747011879 -1.2823896636540835
3728 -1.500039065853976 0.9696539552457712 -0.9696539552457712
3729 -1.463567290933893 1.1310816570089484 -1.0170445299719995
3730 -1.400439159874964 1.2830651659875467 -1.0510001004707263
3731 -1.0786605081924785 1.4372961669621183 -1.3168331034110519
3732 -1.0637731466165556 1.53081161785972 -1.1830497661590123
3733 -1.302523756401384 1.4216778098935943 -1.0669392600879397
3734 -1.1797356619803685 1.5265233205077526 -1.0607931747411736
3735 -1.0339908392241295 1.5995671901098 -1.0339908392241295
3736 -1.3179957995441471 1.198177999585588 -1.3179957995441471
3737 -1.3191691490814683 1.3191691490814683 -1.1992446809831527
3738 -1.2094896314788652 1.330438594626752 -1.330438594626752
3739 -1.5144552611211557 -0.07458041199473163 -0.07458041199473163
3740 -1.5117175797067666 -0.07553592114938079 -0.22516340143953897
3741 -1.5134094806513156 -0.07507202060224129 -0.1497860639834537
3742 -1.5069671227665689 -0.14914844710403935 -0.07475245023478026
3743 -1.4979451667626742 -0.22311206368561587 -0.07484775564006425
3744 -1.5116474476087927 -0.07814530642641869 -0.38196859064734057
3745 -1.510669103142229 -0.07714265625729287 -0.30354300399136874
3746 -1.521856400619669 -0.08144287889932177 -0.5489306822216474
3747 -1.5153660866241545 -0.07969009406115785 -0.4637179044279608
3748 -1.5104693275439913 -0.15702067518391716 -0.3854081377537255
3749 -1.5101836889439972 -0.23642436077325524 -0.3891142048619799
3750 -1.5043052297344066 -0.23218874936625783 -0.30841172472602085
3751 -1.4883593793858265 -0.2990602482686561 -0.076003405214589
3752 -1.4798835854470709 -0.37394238210075015 -0.0765032590390859
3753 -1.496226342337165 -0.3067553962450712 -0.2309417771933514
3754 -1.4938655243963663 -0.38490966360700285 -0.23386969695956764
3755 -1.486035078868506 -0.3791735468833882 -0.15448061551195091
3756 -1.4732938585763884 -0.4508433617038407 -0.07747759911351255
3757 -1.469102911548959 -0.5299025999838186 -0.07861975050156153
3758 -1.5066525057542561 -0.15206686411530815 -0.2272213341330253
3759 -1.5009766063109613 -0.22919333472738962 -0.22919333472738962
3760 -1.4993031478832228 -0.22611296249849155 -0.15132509134392202
3761 -1.5403094015578367 -0.09015821977906807 -0.744566277445028
3762 -1.5315322730409877 -0.08759598776625573 -0.6494105341874252
3763 -1.548046497861778 -0.0959319453034499 -0.9469690857804345
3764 -1.5467906381635788 -0.09309137840837028 -0.8445482870066033
3765 -1.548170334442678 -0.18288704779923895 -0.7652543964291477
3766 -1.5608641613364922 -0.27882922386229414 -0.7888979247282223
3767 -1.549167382404057 -0.26973931870420426 -0.6879660906568714
3768 -1.5232073727629516 -0.1019591936735227 -1.15516193788601
3769 -1.5409508621760013 -0.09948429483285527 -1.0533449356239812
3770 -1.4487390528300372 -0.10564717055741243 -1.3430918822726248
3771 -1.4926924880186656 -0.10415554951546811 -1.253065606513476
3772 -1.5237692644182999 -0.20669780481427433 -1.1823235036359159
3773 -1.5286951263397541 -0.3149478669784474 -1.2137472593613066
3774 -1.5544511866297042 -0.3078890636331852 -1.112043880383685
3775 -1.5805288610553196 -0.38280838013754925 -0.8185646167282657
3776 -1.6060635182726832 -0.4920569323475167 -0.8513511139309421
3777 -1.5898865299611058 -0.47203335409362845 -0.7395406831217316
3778 -1.5852960937195766 -0.41027772270753776 -1.0399050946171242
3779 -1.6079333447767632 -0.5269789880774648 -1.080954356699298
3780 -1.6134165284712727 -0.5109905370382872 -0.9666490925041944
3781 -1.6359854734546146 -0.6108919757455479 -0.8885295505492921
3782 -1.6657454471812831 -0.7383211743809884 -0.9274242728002947
3783 -1.64893767729427 -0.707471393160684 -0.8043952505276738
3784 -1.554916378657217 -0.19548469580256025 -0.9737086720765832
3785 -1.5670799625233434 -0.2999182970119252 -1.004601837310478
3786 -1.568153472906394 -0.2898595491833282 -0.8955150005100415
3787 -1.4676474810515738 -0.6223216783907916 -0.08394209711304537
3788 -1.4669248599905622 -0.7090931089494686 -0.08586283625396787
3789 -1.5113989225003355 -0.6711935843381726 -0.2631631160558323
3790 -1.519370901226669 -0.7679262427576276 -0.2714169622456062
3791 -1.4903580582760847 -0.7366780198381391 -0.17605762064937125
3792 -1.4653865910367003 -0.8001016457739976 -0.08819219246290967
3793 -1.460655341971963 -0.8935102761693664 -0.09051634338296059
3794 -1.5767745675856182 -0.7334416128865295 -0.46814044509527225
3795 -1.593730643907601 -0.8448136350521644 -0.48827845393862024
3796 -1.5549651606557242 -0.8053250352594535 -0.3766167825138547
3797 -1.648572166879635 -0.804216944915764 -0.7073145720959357
3798 -1.6679998294703193 -0.9286794278772971 -0.7393204015930221
3799 -1.6332187272041283 -0.8870268869606983 -0.6098588473279849
3800 -1.603709646084366 -0.9608333909263514 -0.5079162378995815
3801 -1.6019222747597435 -1.076913335754973 -0.5250089390047704
3802 -1.5626063634969218 -1.0250213349538644 -0.4044055762476564
3803 -1.4500511198464934 -0.9912087665983812 -0.0936157775503707
3804 -1.4312853189287411 -1.0854505776731327 -0.09580619135923518
3805 -1.5124864096221975 -1.0820225623363526 -0.29957712948591214
3806 -1.4890256626368457 -1.1822506567882198 -0.30677500584862577
3807 -1.458437281571407 -1.1316310919547368 -0.197835585478349
3808 -1.4022594198812983 -1.177150059082244 -0.09784540460496496
3809 -1.3619787501214689 -1.2626584473874642 -0.09932030273400448
3810 -1.5250065577031036 -0.8708753778851788 -0.28188421666290997
3811 -1.523920192548677 -0.9769335719689756 -0.29165809011770577
3812 -1.4894677770874505 -0.9327239144404198 -0.1872564719931117
3813 -1.5262328270069263 -0.1682226377598719 -0.5647618772442297
3814 -1.5475393760968523 -0.35174487422941214 -0.6018178671560904
3815 -1.534174935970832 -0.25811369112597216 -0.5822527521357629
3816 -1.5204147944280961 -0.24677594061469343 -0.4824664387742564
3817 -1.5137988633147024 -0.32336912343128427 -0.4022288622859437
3818 -1.59373054326207 -0.5623241693780482 -0.6516060532414942
3819 -1.5681543753896654 -0.4544699897702965 -0.6260432224048966
3820 -1.6222554999182501 -0.6795567764034068 -0.6795567764034068
3821 -1.5898256263522677 -0.6500095051257605 -0.5609463773999259
3822 -1.55704569233573 -0.6216083811386902 -0.4512505598767129
3823 -1.5056920648438477 -0.40007481896834385 -0.32163739514235284
3824 -1.4957614814506284 -0.4746433130326392 -0.2427745032953654
3825 -1.5264916829944324 -0.5936326939920948 -0.34696088082835075
3826 -1.5021422867431145 -0.5700956651349668 -0.2527244326164934
3827 -1.4832345107316927 -0.548850930114646 -0.1634833279671202
3828 -1.5442426235038895 -0.4344742497958535 -0.5175893452873868
3829 -1.5375445848896334 -0.5153443396332906 -0.43258974974531766
3830 -1.5226414675994038 -0.4160406705131036 -0.4160406705131036
3831 -1.2788355760002577 -0.10629756452165824 -1.5233905134607801
3832 -1.355046401350729 -0.10658750913934123 -1.4616339104900702
3833 -1.0995062981743884 -0.10384405434423566 -1.6084808696935595
3834 -1.1924863129426089 -0.10525359167983452 -1.5724236440106207
3835 -1.2102441377340434 -0.21157898476152054 -1.5597531588016575
3836 -1.1358354127713874 -0.3144761711731511 -1.5877077661623777
3837 -1.2311157505731052 -0.31945471073656917 -1.5505704613096745
3838 -0.8998682080534831 -0.09918908505572978 -1.6481091030704795
3839 -0.9993065834688012 -0.10123395361708135 -1.6336046023658475
3840 -0.7024228457549163 -0.09474657364539807 -1.6565534449499184
3841 -0.8000308057186767 -0.09687432186630926 -1.655050744190265
3842 -0.8130232258070565 -0.1943032516427149 -1.644810464703961
3843 -0.726224511727578 -0.2847397679624774 -1.6353179919034713
3844 -0.825924802394164 -0.29191605707356844 -1.634123228882993
3845 -1.053696671678085 -0.41571896620024307 -1.6063208327598477
3846 -0.9666372859493757 -0.5109842958512484 -1.613396822364024
3847 -1.0774261999372958 -0.5252589668122783 -1.6026851667495743
3848 -0.8410484383282328 -0.393323121613166 -1.623941840579896
3849 -0.750115372897327 -0.4787829574585217 -1.6126203121808584
3850 -0.8563750127244627 -0.49496060415614324 -1.6155410422222463
3851 -0.8735800797059814 -0.6006137449605675 -1.6084600893856549
3852 -0.7766810326754935 -0.6830965397520161 -1.5921260315477002
3853 -0.8915928970865361 -0.7097958659837978 -1.601388763070334
3854 -1.0159663256722795 -0.20396847005186158 -1.6223976690923132
3855 -0.9293966989319169 -0.3008263490968268 -1.627484364089646
3856 -1.0339399003182201 -0.30867701272208886 -1.612844452464716
3857 -0.5052769893302176 -0.08683203823310429 -1.6511754380653116
3858 -0.5968680465556874 -0.08855517392063278 -1.6547580348393762
3859 -0.33025312653880023 -0.08393078767581591 -1.6435997137739098
3860 -0.41623129860178093 -0.08515496606246624 -1.6472427198266444
3861 -0.41836141132355276 -0.17044630053685397 -1.6396178952402867
3862 -0.3336441124678384 -0.251185032852243 -1.6273784133898654
3863 -0.4197669175935735 -0.2550488363718877 -1.6291493453264423
3864 -0.16207002037161072 -0.08122867765379868 -1.6375242051012335
3865 -0.24432939375968626 -0.08196556679955554 -1.6403955413011224
3866 -0.08049871791648014 -0.08049871791648014 -1.6346343979801699
3867 -0.08087381184332774 -0.1613619809107526 -1.6303703110456673
3868 -0.08113293622791863 -0.24184742321111036 -1.623731916188832
3869 -0.24927300781198838 -0.33110440741324915 -1.6149907792978235
3870 -0.16668508536280444 -0.4091294873477859 -1.6034366716654895
3871 -0.2508015798014393 -0.41277665712358813 -1.6020195792800282
3872 -0.0824620335528383 -0.32447383321078266 -1.6148373975490875
3873 -0.08295005020800457 -0.40545382980757094 -1.6045906966148915
3874 -0.0837858517568134 -0.4875511825543047 -1.5932499489052443
3875 -0.08462049231319906 -0.5703480181838569 -1.5812338609692975
3876 -0.24653643417620194 -0.1649934086444401 -1.634726500170243
3877 -0.16402282668601195 -0.24508617130162685 -1.625110139970977
3878 -0.24830289477668416 -0.24830289477668416 -1.6261242360402564
3879 -0.6714018227357378 -0.7633841348572903 -1.5648685908937625
3880 -0.5727933717384694 -0.8331159310568255 -1.5339563665271376
3881 -0.6863017130687306 -0.8620812855570643 -1.5483829986257949
3882 -0.4588058129334303 -0.7188169254872374 -1.5453339801619792
3883 -0.3692167516153903 -0.7895014436912585 -1.5244121137147932
3884 -0.467391654125137 -0.8086755398060986 -1.5255565669082989
3885 -0.4757451543132886 -0.899974829956099 -1.5021317219650654
3886 -0.38125472185496617 -0.9663423229206926 -1.4731524229007749
3887 -0.48290538193383964 -0.9905493165473039 -1.4734546984811436
3888 -0.2697492493249311 -0.6879914185562377 -1.5492244159644257
3889 -0.18193957157921206 -0.761289871047976 -1.540149785179694
3890 -0.27334795446220944 -0.7733896433698138 -1.5301804444480218
3891 -0.08960149545128086 -0.6642787701678735 -1.5665966615109688
3892 -0.09085256747067466 -0.7503005064178153 -1.5521719946741652
3893 -0.09239230939384456 -0.8382061579199854 -1.535175025358329
3894 -0.09384586353038994 -0.9263768321442853 -1.514383555107686
3895 -0.2868825620075254 -1.0361719045966014 -1.4483948655846386
3896 -0.19377796885284704 -1.108421288109043 -1.4285246682938344
3897 -0.29028992025087 -1.1187203726920847 -1.4090102929429549
3898 -0.09600690079295099 -1.0165261050009542 -1.4870881559778117
3899 -0.0972853536075315 -1.1022089676488422 -1.4533830892321429
3900 -0.0984494480540542 -1.1844171329387463 -1.410916194513921
3901 -0.09913646752142208 -1.2603213513687772 -1.3594578188901993
3902 -0.2787127039638355 -0.8610770558898149 -1.5078485283491188
3903 -0.1880533064813787 -0.9366929445900684 -1.4958059254105125
3904 -0.2834459063771032 -0.9494261642638279 -1.4810113446501887
3905 -0.6088871915956175 -0.18136601211154404 -1.6454786649053736
3906 -0.4292737211091957 -0.345111651407262 -1.6155828981859763
3907 -0.5176321583029395 -0.2647627948633134 -1.6312338606494785
3908 -0.6200407918599748 -0.27486519702758266 -1.633742457483961
3909 -0.6302638848429328 -0.36837073640407386 -1.6206866435110958
3910 -0.25740889216773566 -0.5032546981834883 -1.585925625060181
3911 -0.34174679920840156 -0.4250882854146972 -1.5998309012735705
3912 -0.17355446736769686 -0.5826620489366978 -1.5746068953477514
3913 -0.26384966474603844 -0.5951919589321655 -1.568268388832272
3914 -0.3555628745873008 -0.6083502745926437 -1.5643370789908282
3915 -0.641518114160837 -0.465703836965387 -1.6069169054311847
3916 -0.6515447975392463 -0.5622713068214239 -1.5935807210142015
3917 -0.45339984572027475 -0.6245690735180764 -1.56446182998048
3918 -0.5539283321251871 -0.6418771838919061 -1.5699351899857887
3919 -0.6618428667503511 -0.6618428667503511 -1.5799683969747491
3920 -0.4370937800772031 -0.4370937800772031 -1.59969243861307
3921 -0.4452295997655251 -0.5304021979518537 -1.582470136093352
3922 -0.5369937395082737 -0.4507626639578215 -1.6021361889568804
3923 -1.277345027860581 -1.3778205722371177 -0.10047554437653684
3924 -1.208559439249395 -1.4396752946648064 -0.10045617074062835
3925 -1.203927700390824 -1.5163275499557864 -0.3123998495649622
3926 -1.1108421520895768 -1.5527713716460199 -0.3075563438496036
3927 -1.165280748795261 -1.5018046955610078 -0.20371833261168504
3928 -1.1303149938698804 -1.4904439591888698 -0.09976610342872819
3929 -1.0456429076095648 -1.529683473585684 -0.09875686851704618
3930 -1.0780740968250504 -1.6036489216050325 -0.525574824779982
3931 -0.9648914589392094 -1.6104828940565377 -0.510061415885376
3932 -1.0431045022891277 -1.5901734700406445 -0.4115399972174688
3933 -0.8998495791020084 -1.6162185781608627 -0.7163689990588543
3934 -0.7812545709933509 -1.6015013723965144 -0.6871189995108049
3935 -0.8764567278765286 -1.6137566544985942 -0.6025915309366716
3936 -0.8526011886358894 -1.6084217689942466 -0.4927794402698725
3937 -0.7450626725476911 -1.6017578668696604 -0.4755579244783197
3938 -0.8300795905010356 -1.6027625955830844 -0.3881934509886434
3939 -0.9537401063742245 -1.5591153435871146 -0.09661787812533992
3940 -0.8620302511748076 -1.578808864863123 -0.09501834950847406
3941 -0.8076613609013125 -1.5979883242327133 -0.28546099988950935
3942 -0.7105552210275745 -1.6000337614922377 -0.2785961166177411
3943 -0.7881379874095821 -1.5944656538380872 -0.18835596430201976
3944 -0.769304084121603 -1.5914853376056013 -0.09315367724035958
3945 -0.6780127844190298 -1.5989861670036223 -0.09145401320544876
3946 -1.0111871318227044 -1.577352373636041 -0.3018843001009863
3947 -0.9088265696860547 -1.5914636167022096 -0.294168226802446
3948 -0.9812592187416769 -1.5669738543828176 -0.19700056637072627
3949 -0.6926124940627013 -1.5626209144185776 -0.8700084203558762
3950 -0.5766604359645354 -1.5443124706338236 -0.8387404947688275
3951 -0.6759792936637953 -1.575537523027219 -0.7685887210915235
3952 -0.4860696508038755 -1.483109606063952 -0.9970399552600763
3953 -0.3834928596535541 -1.4818004944701806 -0.9720151897871834
3954 -0.47876050976156165 -1.5116524938127351 -0.9056790267980699
3955 -0.46974293297783737 -1.5332310918227068 -0.8127436948077132
3956 -0.3707963972538677 -1.5309341117989435 -0.7928792224801193
3957 -0.4600641280127198 -1.5495721937917144 -0.7207883437890371
3958 -0.29151877911663593 -1.414974932669136 -1.1234561535525
3959 -0.1946932234752471 -1.4352718945838432 -1.1136565979510962
3960 -0.28842379039198845 -1.4561761237521917 -1.041738564136213
3961 -0.09930368882320413 -1.3617509236565506 -1.2624472348333464
3962 -0.09881747331793157 -1.4161905034618973 -1.1888447395582504
3963 -0.09781726506016555 -1.4613295177700496 -1.10823533802576
3964 -0.09665062119999467 -1.497058991252875 -1.0233418504596368
3965 -0.2745716586814342 -1.5370306448445468 -0.7768518978123551
3966 -0.18292958714875915 -1.5485304373573796 -0.7654323938577973
3967 -0.2705037367289602 -1.5535575894979377 -0.6899157273751865
3968 -0.0945386371114693 -1.525562789643259 -0.9332153796443117
3969 -0.09307713121829818 -1.5465539092569878 -0.8444190329319966
3970 -0.0914746869240178 -1.5628006034158273 -0.7554382427954517
3971 -0.0901172356595244 -1.5756138869977978 -0.6681023142899069
3972 -0.2850998939973594 -1.4896534678010216 -0.9549663364332241
3973 -0.18925815601174134 -1.5053894903074314 -0.9426942964168448
3974 -0.28025303677162283 -1.516181799579164 -0.8658358818075316
3975 -0.578395250530799 -1.6035440222539648 -0.08581443134909734
3976 -0.4914301025742619 -1.6059257239720313 -0.08445244560254254
3977 -0.412758219675009 -1.6019480220514255 -0.25079037727544534
3978 -0.32894857001983213 -1.6044754933817151 -0.24764997876320893
3979 -0.4098316422814504 -1.6061885167527918 -0.1669711531205075
3980 -0.40624533145483555 -1.6077230783713023 -0.08311198011605718
3981 -0.3234066430226859 -1.6095262184965797 -0.08219081700441198
3982 -0.24949143776936145 -1.593650919127695 -0.41062038662167827
3983 -0.16624172438473075 -1.5991717354866977 -0.40804125531266117
3984 -0.24725020705591683 -1.6018854511353928 -0.3284175611657031
3985 -0.0849695532348628 -1.5877564766358787 -0.5727007131334383
3986 -0.08397113558360572 -1.5967732579291432 -0.48862935204195257
3987 -0.08294977810092904 -1.604585432959465 -0.4054524997679192
3988 -0.08225760209309292 -1.6108340574395947 -0.32366943079048627
3989 -0.24004204065453594 -1.611610814218349 -0.080527281696294
3990 -0.15972702934981356 -1.6138510760318936 -0.08005438235835216
3991 -0.08070767325375011 -1.6152210315095072 -0.24057976596521916
3992 -0.08021069817711235 -1.6170023145384589 -0.16003891560307557
3993 -0.07958674464195895 -1.6161155578898514 -0.07958674464195895
3994 -0.24552756548483315 -1.607948732172167 -0.24552756548483315
3995 -0.16267786544664728 -1.6117844938269583 -0.24307650345621168
3996 -0.24300265979335972 -1.611294853450123 -0.16262844590473882
3997 -0.6637515625904076 -1.5845248850147777 -0.6637515625904076
3998 -0.4531499464628572 -1.5635995494718726 -0.6242248313460701
3999 -0.5542703066200718 -1.5709044088584492 -0.6422734546962849
4000 -0.6500155740626297 -1.589840470060372 -0.5609516147820327
4001 -0.636192911347218 -1.5935779860193025 -0.46183805776417886
4002 -0.26396159097691013 -1.568933655433714 -0.5954444420750663
4003 -0.3553554458605794 -1.5634244740153092 -0.6079953744276424
4004 -0.17392173785102563 -1.577939028736643 -0.583895059965316
4005 -0.2568135364495808 -1.582257570388501 -0.5020907307706742
4006 -0.33925586333451124 -1.588169998542744 -0.4219898872375593
4007 -0.6210350468830921 -1.5969552275497174 -0.36297675157140713
4008 -0.6072765700784377 -1.6001100717844923 -0.26920679457899305
4009 -0.42375820273589326 -1.594825100258087 -0.3406774883998943
4010 -0.507827041025349 -1.6003346225432478 -0.25974759205425973
4011 -0.5930142857994931 -1.6025831528990677 -0.1766380334898863
4012 -0.44322719467869576 -1.5753530301059295 -0.5280167319814788
4013 -0.4332905359925861 -1.5857731812782092 -0.4332905359925861
4014 -0.5321218856318968 -1.5876008734990121 -0.4466731380096422
4015 -1.4078678457767295 -0.21402295747854086 -1.4078678457767295
4016 -1.3039999329378975 -0.4370760730674074 -1.5213042169151978
4017 -1.359904080101257 -0.3254111937445999 -1.4681793813656911
4018 -1.4615220381255867 -0.32393564243361855 -1.3537377026478212
4019 -1.5163568321797114 -0.435654671964264 -1.2997592365067958
4020 -1.1568547787154821 -0.6603604740658271 -1.593201048891002
4021 -1.2356086057026197 -0.5528909505018815 -1.5653613865570608
4022 -0.9625938297334282 -0.8519964085591211 -1.5933953959439353
4023 -1.0649024684767243 -0.7616626955700477 -1.6030273846957952
4024 -1.2405546804726946 -0.8066368276036155 -1.580036939686671
4025 -1.3217745295503345 -0.95893581818766 -1.555032925012645
4026 -1.4016229671757452 -0.8364946827023562 -1.520839595434803
4027 -1.5733672340904012 -0.5557186430017056 -1.2419279733534951
4028 -1.6246484537559844 -0.6733950017541155 -1.1796893610938826
4029 -1.5367111360189378 -0.8452243734237025 -1.4162503584364423
4030 -1.5977415502055146 -0.9852727720773415 -1.3580767660265094
4031 -1.625059172558212 -0.8296214744703735 -1.2759035639774041
4032 -1.6667218099704773 -0.7919264752850186 -1.1072151272315132
4033 -1.6927892919243566 -0.9051428169293116 -1.0226391588635786
4034 -1.3804853918426048 -0.5665635241309329 -1.4932997843062978
4035 -1.460495284209183 -0.7042082208133549 -1.460495284209183
4036 -1.4965808647836363 -0.5678083783375258 -1.3835185963712786
4037 -0.7210839956560227 -1.008168223833588 -1.5176237439820393
4038 -0.8341725422381226 -0.9424562521917548 -1.5600613745226135
4039 -0.5013238235800679 -1.1203656527512034 -1.4193629953267102
4040 -0.6086667133196974 -1.0662948852973704 -1.4684834785997722
4041 -0.7493479463474717 -1.1524481282433714 -1.467819711907788
4042 -0.76622222371884 -1.2838750669105397 -1.393076514209423
4043 -0.9020062333634161 -1.243304131666172 -1.462714568424076
4044 -0.2954682333734019 -1.234771464008581 -1.3330837304504175
4045 -0.3943889792253258 -1.176644602968134 -1.3727258346348248
4046 -0.19721350206619193 -1.2972932977989198 -1.2972932977989198
4047 -0.29592996033970637 -1.3351669347924315 -1.2367010361850779
4048 -0.3956367587304378 -1.377068905189077 -1.180367305928212
4049 -0.7684368908832465 -1.3971030233839439 -1.287585943293225
4050 -0.7550847508658447 -1.4790569412836392 -1.1612709583605723
4051 -0.9079021542538099 -1.472275532707546 -1.2514309300538833
4052 -0.5038899083984629 -1.4266281713721847 -1.1261003758131263
4053 -0.6131916607730716 -1.4794004721389318 -1.0742219301319023
4054 -0.7283522363645626 -1.5329207894617713 -1.0183301597102223
4055 -0.8446839614166726 -1.5797197284260807 -0.9543321558239374
4056 -0.5095845697233338 -1.2416508025124622 -1.3431195190705807
4057 -0.5105632167093718 -1.345698953275076 -1.2440353680738767
4058 -0.6349117274011468 -1.3167775614540167 -1.3167775614540167
4059 -1.697091480445014 -1.0252381748610366 -0.9074432184353501
4060 -1.6761684956508418 -1.1134906275729206 -0.79641497507498
4061 -1.6171654038102095 -1.3745869984128696 -0.9972508007410266
4062 -1.5598686060879843 -1.4375925446919104 -0.8579614830016907
4063 -1.6425609229013243 -1.2896449378397887 -0.8385564278373994
4064 -1.6336196846699975 -1.1862035492191416 -0.6771134566870037
4065 -1.574503407913981 -1.242824805334944 -0.5561199434494163
4066 -1.3457232184147279 -1.5832079267715944 -0.9763103817287742
4067 -1.2617884811217046 -1.6070814464089338 -0.8204435270285523
4068 -1.4260898725138458 -1.5473875611055687 -0.8510966382187835
4069 -0.9765249854922418 -1.6164558382204235 -0.864326941237555
4070 -1.0799500854465285 -1.6256789821810693 -0.7724253793297364
4071 -1.1694958449814703 -1.6106101138874187 -0.6675762980963718
4072 -1.240655779404155 -1.5717555236544931 -0.5551493814097848
4073 -1.5017367812578655 -1.2872275250912488 -0.43145427971272376
4074 -1.4266581783093952 -1.3214449829612016 -0.3162083235614668
4075 -1.2943198351909868 -1.5100109851054784 -0.43383148769339125
4076 -1.3293666535431905 -1.4352105707792973 -0.31810389863786814
4077 -1.3507135669599324 -1.3507135669599324 -0.20533440917365686
4078 -1.4794899624298157 -1.4794899624298157 -0.7133669005429624
4079 -1.387638136022723 -1.5010370565762434 -0.5694990741728538
4080 -1.5024566946106344 -1.3889505245925045 -0.5700376901535213
4081 -1.0155003810144414 -1.0155003810144414 -1.570962748793369
4082 -1.0869839649354167 -1.326994413008154 -1.4483870267661423
4083 -1.059830198119819 -1.1786647106498767 -1.5251375590750773
4084 -1.204480018181204 -1.0830427726953025 -1.5585413716770453
4085 -1.3820330279804338 -1.1320678713487853 -1.5084605395975315
4086 -1.0717174952412638 -1.5422438496374364 -1.191884882755666
4087 -1.0915641046156923 -1.454489982382495 -1.3325858660217993
4088 -1.0308713727360637 -1.594741425648771 -1.0308713727360637
4089 -1.2232733453432139 -1.5828590668246019 -1.0999413321155307
4090 -1.4009516276136056 -1.5291098008187245 -1.1475647070842683
4091 -1.5368857586091769 -1.153400399667837 -1.4080758646807907
4092 -1.6405933918714402 -1.1400613729529046 -1.2678918855666719
4093 -1.5516244268783044 -1.4215792516118246 -1.164461459852016
4094 -1.6481732232843584 -1.2737497701528335 -1.145328657979273
4095 -1.6932560302429445 -1.094553098211547 -1.094553098211547
4096 -1.269930119142476 -1.396923131056724 -1.396923131056724
4097 -1.4316153956907895 -1.4316153956907895 -1.301468541537081
4098 -1.4244024171974996 -1.294911288361363 -1.4244024171974996
$EndNodes
$Elements
8192
1 2 2 1 2 1 1027 1029
2 2 2 1 2 1027 259 1028
3 2 2 1 2 1029 1028 261
4 2 2 1 2 1027 1028 1029
5 2 2 1 2 259 1030 1032
6 2 2 1 2 1030 67 1031
7 2 2 1 2 1032 1031 260
8 2 2 1 2 1030 1031 1032
9 2 2 1 2 261 1033 1035
10 2 2 1 2 1033 260 1034
11 2 2 1 2 1035 1034 69
12 2 2 1 2 1033 1034 1035
13 2 2 1 2 259 1032 1028
14 2 2 1 2 1032 260 1033
15 2 2 1 2 1028 1033 261
16 2 2 1 2 1032 1033 1028
17 2 2 1 2 67 1036 1038
18 2 2 1 2 1036 262 1037
19 2 2 1 2 1038 1037 264
20 2 2 1 2 1036 1037 1038
21 2 2 1 2 262 1039 1041
22 2 2 1 2 1039 19 1040
23 2 2 1 2 1041 1040 263
24 2 2 1 2 1039 1040 1041
25 2 2 1 2 264 1042 1044
26 2 2 1 2 1042 263 1043
27 2 2 1 2 1044 1043 68
28 2 2 1 2 1042 1043 1044
29 2 2 1 2 262 1041 1037
30 2 2 1 2 1041 263 1042
31 2 2 1 2 1037 1042 264
32 2 2 1 2 1041 1042 1037
33 2 2 1 2 69 1045 1047
34 2 2 1 2 1045 265 1046
35 2 2 1 2 1047 1046 267
36 2 2 1 2 1045 1046 1047
37 2 2 1 2 265 1048 1050
38 2 2 1 2 1048 68 1049
39 2 2 1 2 1050 1049 266
40 2 2 1 2 1048 1049 1050
41 2 2 1 2 267 1051 1053
42 2 2 1 2 1051 266 1052
43 2 2 1 2 1053 1052 21
44 2 2 1 2 1051 1052 1053
45 2 2 1 2 265 1050 1046
46 2 2 1 2 1050 266 1051
47 2 2 1 2 1046 1051 267
48 2 2 1 2 1050 1051 1046
49 2 2 1 2 67 1038 1031
50 2 2 1 2 1038 264 1054
51 2 2 1 2 1031 1054 260
52 2 2 1 2 1038 1054 1031
53 2 2 1 2 264 1044 1055
54 2 2 1 2 1044 68 1048
55 2 2 1 2 1055 1048 265
56 2 2 1 2 1044 1048 1055
57 2 2 1 2 260 1056 1034
58 2 2 1 2 1056 265 1045
59 2 2 1 2 1034 1045 69
60 2 2 1 2 1056 1045 1034
61 2 2 1 2 264 1055 1054
62 2 2 1 2 1055 265 1056
63 2 2 1 2 1054 1056 260
64 2 2 1 2 1055 1056 1054
65 2 2 1 2 19 1057 1059
66 2 2 1 2 1057 268 1058
67 2 2 1 2 1059 1058 270
68 2 2 1 2 1057 1058 1059
69 2 2 1 2 268 1060 1062
70 2 2 1 2 1060 70 1061
71 2 2 1 2 1062 1061 269
72 2 2 1 2 1060 1061 1062
73 2 2 1 2 270 1063 1065
74 2 2 1 2 1063 269 1064
75 2 2 1 2 1065 1064 72
76 2 2 1 2 1063 1064 1065
77 2 2 1 2 268 1062 1058
78 2 2 1 2 1062 269 1063
79 2 2 1 2 1058 1063 270
80 2 2 1 2 1062 1063 1058
81 2 2 1 2 70 1066 1068
82 2 2 1 2 1066 271 1067
83 2 2 1 2 1068 1067 273
84 2 2 1 2 1066 1067 1068
85 2 2 1 2 271 1069 1071
86 2 2 1 2 1069 7 1070
87 2 2 1 2 1071 1070 272
88 2 2 1 2 1069 1070 1071
89 2 2 1 2 273 1072 1074
90 2 2 1 2 1072 272 1073
91 2 2 1 2 1074 1073 71
92 2 2 1 2 1072 1073 1074
93 2 2 1 2 271 1071 1067
94 2 2 1 2 1071 272 1072
95 2 2 1 2 1067 1072 273
96 2 2 1 2 1071 1072 1067
97 2 2 1 2 72 1075 1077
98 2 2 1 2 1075 274 1076
99 2 2 1 2 1077 1076 276
100 2 2 1 2 1075 1076 1077
101 2 2 1 2 274 1078 1080
102 2 2 1 2 1078 71 1079
103 2 2 1 2 1080 1079 275
104 2 2 1 2 1078 1079 1080
105 2 2 1 2 276 1081 1083
106 2 2 1 2 1081 275 1082
107 2 2 1 2 1083 1082 20
108 2 2 1 2 1081 1082 1083
109 2 2 1 2 274 1080 1076
110 2 2 1 2 1080 275 1081
111 2 2 1 2 1076 1081 276
112 2 2 1 2 1080 1081 1076
113 2 2 1 2 70 1068 1061
114 2 2 1 2 1068 273 1084
115 2 2 1 2 1061 1084 269
116 2 2 1 2 1068 1084 1061
117 2 2 1 2 273 1074 1085
118 2 2 1 2 1074 71 1078
119 2 2 1 2 1085 1078 274
120 2 2 1 2 1074 1078 1085
121 2 2 1 2 269 1086 1064
122 2 2 1 2 1086 274 1075
123 2 2 1 2 1064 1075 72
124 2 2 1 2 1086 1075 1064
125 2 2 1 2 273 1085 1084
126 2 2 1 2 1085 274 1086
127 2 2 1 2 1084 1086 269
128 2 2 1 2 1085 1086 1084
129 2 2 1 2 21 1087 1089
130 2 2 1 2 1087 277 1088
131 2 2 1 2 1089 1088 279
132 2 2 1 2 1087 1088 1089
133 2 2 1 2 277 1090 1092
134 2 2 1 2 1090 73 1091
135 2 2 1 2 1092 1091 278
136 2 2 1 2 1090 1091 1092
137 2 2 1 2 279 1093 1095
138 2 2 1 2 1093 278 1094
139 2 2 1 2 1095 1094 75
140 2 2 1 2 1093 1094 1095
141 2 2 1 2 277 1092 1088
142 2 2 1 2 1092 278 1093
143 2 2 1 2 1088 1093 279
144 2 2 1 2 1092 1093 1088
145 2 2 1 2 73 1096 1098
146 2 2 1 2 1096 280 1097
147 2 2 1 2 1098 1097 282
148 2 2 1 2 1096 1097 1098
149 2 2 1 2 280 1099 1101
150 2 2 1 2 1099 20 1100
151 2 2 1 2 1101 1100 281
152 2 2 1 2 1099 1100 1101
153 2 2 1 2 282 1102 1104
154 2 2 1 2 1102 281 1103
155 2 2 1 2 1104 1103 74
156 2 2 1 2 1102 1103 1104
157 2 2 1 2 280 1101 1097
158 2 2 1 2 1101 281 1102
159 2 2 1 2 1097 1102 282
160 2 2 1 2 1101 1102 1097
161 2 2 1 2 75 1105 1107
162 2 2 1 2 1105 283 1106
163 2 2 1 2 1107 1106 285
164 2 2 1 2 1105 1106 1107
165 2 2 1 2 283 1108 1110
166 2 2 1 2 1108 74 1109
167 2 2 1 2 1110 1109 284
168 2 2 1 2 1108 1109 1110
169 2 2 1 2 285 1111 1113
170 2 2 1 2 1111 284 1112
171 2 2 1 2 1113 1112 9
172 2 2 1 2 1111 1112 1113
173 2 2 1 2 283 1110 1106
174 2 2 1 2 1110 284 1111
175 2 2 1 2 1106 1111 285
176 2 2 1 2 1110 1111 1106
177 2 2 1 2 73 1098 1091
178 2 2 1 2 1098 282 1114
179 2 2 1 2 1091 1114 278
180 2 2 1 2 1098 1114 1091
181 2 2 1 2 282 1104 1115
182 2 2 1 2 1104 74 1108
183 2 2 1 2 1115 1108 283
184 2 2 1 2 1104 1108 1115
185 2 2 1 2 278 1116 1094
186 2 2 1 2 1116 283 1105
187 2 2 1 2 1094 1105 75
188 2 2 1 2 1116 1105 1094
189 2 2 1 2 282 1115 1114
190 2 2 1 2 1115 283 1116
191 2 2 1 2 1114 1116 278
192 2 2 1 2 1115 1116 1114
193 2 2 1 2 19 1059 1040
194 2 2 1 2 1059 270 1117
195 2 2 1 2 1040 1117 263
196 2 2 1 2 1059 1117 1040
197 2 2 1 2 270 1065 1119
198 2 2 1 2 1065 72 1118
199 2 2 1 2 1119 1118 286
200 2 2 1 2 1065 1118 1119
201 2 2 1 2 263 1120 1043
202 2 2 1 2 1120 286 1121
203 2 2 1 2 1043 1121 68
204 2 2 1 2 1120 1121 1043
205 2 2 1 2 270 1119 1117
206 2 2 1 2 1119 286 1120
207 2 2 1 2 1117 1120 263
208 2 2 1 2 1119 1120 1117
209 2 2 1 2 72 1077 1123
210 2 2 1 2 1077 276 1122
211 2 2 1 2 1123 1122 287
212 2 2 1 2 1077 1122 1123
213 2 2 1 2 276 1083 1124
214 2 2 1 2 1083 20 1099
215 2 2 1 2 1124 1099 280
216 2 2 1 2 1083 1099 1124
217 2 2 1 2 287 1125 1126
218 2 2 1 2 1125 280 1096
219 2 2 1 2 1126 1096 73
220 2 2 1 2 1125 1096 1126
221 2 2 1 2 276 1124 1122
222 2 2 1 2 1124 280 1125
223 2 2 1 2 1122 1125 287
224 2 2 1 2 1124 1125 1122
225 2 2 1 2 68 1127 1049
226 2 2 1 2 1127 288 1128
227 2 2 1 2 1049 1128 266
228 2 2 1 2 1127 1128 1049
229 2 2 1 2 288 1129 1130
230 2 2 1 2 1129 73 1090
231 2 2 1 2 1130 1090 277
232 2 2 1 2 1129 1090 1130
233 2 2 1 2 266 1131 1052
234 2 2 1 2 1131 277 1087
235 2 2 1 2 1052 1087 21
236 2 2 1 2 1131 1087 1052
237 2 2 1 2 288 1130 1128
238 2 2 1 2 1130 277 1131
239 2 2 1 2 1128 1131 266
240 2 2 1 2 1130 1131 1128
241 2 2 1 2 72 1123 1118
242 2 2 1 2 1123 287 1132
243 2 2 1 2 1118 1132 286
244 2 2 1 2 1123 1132 1118
245 2 2 1 2 287 1126 1133
246 2 2 1 2 1126 73 1129
247 2 2 1 2 1133 1129 288
248 2 2 1 2 1126 1129 1133
249 2 2 1 2 286 1134 1121
250 2 2 1 2 1134 288 1127
251 2 2 1 2 1121 1127 68
252 2 2 1 2 1134 1127 1121
253 2 2 1 2 287 1133 1132
254 2 2 1 2 1133 288 1134
255 2 2 1 2 1132 1134 286
256 2 2 1 2 1133 1134 1132
257 2 2 1 2 7 1135 1137
258 2 2 1 2 1135 289 1136
259 2 2 1 2 1137 1136 291
260 2 2 1 2 1135 1136 1137
261 2 2 1 2 289 1138 1140
262 2 2 1 2 1138 76 1139
263 2 2 1 2 1140 1139 290
264 2 2 1 2 1138 1139 1140
265 2 2 1 2 291 1141 1143
266 2 2 1 2 1141 290 1142
267 2 2 1 2 1143 1142 78
268 2 2 1 2 1141 1142 1143
269 2 2 1 2 289 1140 1136
270 2 2 1 2 1140 290 1141
271 2 2 1 2 1136 1141 291
272 2 2 1 2 1140 1141 1136
273 2 2 1 2 76 1144 1146
274 2 2 1 2 1144 292 1145
275 2 2 1 2 1146 1145 294
276 2 2 1 2 1144 1145 1146
277 2 2 1 2 292 1147 1149
278 2 2 1 2 1147 22 1148
279 2 2 1 2 1149 1148 293
280 2 2 1 2 1147 1148 1149
281 2 2 1 2 294 1150 1152
282 2 2 1 2 1150 293 1151
283 2 2 1 2 1152 1151 77
284 2 2 1 2 1150 1151 1152
285 2 2 1 2 292 1149 1145
286 2 2 1 2 1149 293 1150
287 2 2 1 2 1145 1150 294
288 2 2 1 2 1149 1150 1145
289 2 2 1 2 78 1153 1155
290 2 2 1 2 1153 295 1154
291 2 2 1 2 1155 1154 297
292 2 2 1 2 1153 1154 1155
293 2 2 1 2 295 1156 1158
294 2 2 1 2 1156 77 1157
295 2 2 1 2 1158 1157 296
296 2 2 1 2 1156 1157 1158
297 2 2 1 2 297 1159 1161
298 2 2 1 2 1159 296 1160
299 2 2 1 2 1161 1160 24
300 2 2 1 2 1159 1160 1161
301 2 2 1 2 295 1158 1154
302 2 2 1 2 1158 296 1159
303 2 2 1 2 1154 1159 297
304 2 2 1 2 1158 1159 1154
305 2 2 1 2 76 1146 1139
306 2 2 1 2 1146 294 1162
307 2 2 1 2 1139 1162 290
308 2 2 1 2 1146 1162 1139
309 2 2 1 2 294 1152 1163
310 2 2 1 2 1152 77 1156
311 2 2 1 2 1163 1156 295
312 2 2 1 2 1152 1156 1163
313 2 2 1 2 290 1164 1142
314 2 2 1 2 1164 295 1153
315 2 2 1 2 1142 1153 78
316 2 2 1 2 1164 1153 1142
317 2 2 1 2 294 1163 1162
318 2 2 1 2 1163 295 1164
319 2 2 1 2 1162 1164 290
320 2 2 1 2 1163 1164 1162
321 2 2 1 2 22 1165 1167
322 2 2 1 2 1165 298 1166
323 2 2 1 2 1167 1166 300
324 2 2 1 2 1165 1166 1167
325 2 2 1 2 298 1168 1170
326 2 2 1 2 1168 79 1169
327 2 2 1 2 1170 1169 299
328 2 2 1 2 1168 1169 1170
329 2 2 1 2 300 1171 1173
330 2 2 1 2 1171 299 1172
331 2 2 1 2 1173 1172 81
332 2 2 1 2 1171 1172 1173
333 2 2 1 2 298 1170 1166
334 2 2 1 2 1170 299 1171
335 2 2 1 2 1166 1171 300
336 2 2 1 2 1170 1171 1166
337 2 2 1 2 79 1174 1176
338 2 2 1 2 1174 301 1175
339 2 2 1 2 1176 1175 303
340 2 2 1 2 1174 1175 1176
341 2 2 1 2 301 1177 1179
342 2 2 1 2 1177 2 1178
343 2 2 1 2 1179 1178 302
344 2 2 1 2 1177 1178 1179
345 2 2 1 2 303 1180 1182
346 2 2 1 2 1180 302 1181
347 2 2 1 2 1182 1181 80
348 2 2 1 2 1180 1181 1182
349 2 2 1 2 301 1179 1175
350 2 2 1 2 1179 302 1180
351 2 2 1 2 1175 1180 303
352 2 2 1 2 1179 1180 1175
353 2 2 1 2 81 1183 1185
354 2 2 1 2 1183 304 1184
355 2 2 1 2 1185 1184 306
356 2 2 1 2 1183 1184 1185
357 2 2 1 2 304 1186 1188
358 2 2 1 2 1186 80 1187
359 2 2 1 2 1188 1187 305
360 2 2 1 2 1186 1187 1188
361 2 2 1 2 306 1189 1191
362 2 2 1 2 1189 305 1190
363 2 2 1 2 1191 1190 23
364 2 2 1 2 1189 1190 1191
365 2 2 1 2 304 1188 1184
366 2 2 1 2 1188 305 1189
367 2 2 1 2 1184 1189 306
368 2 2 1 2 1188 1189 1184
369 2 2 1 2 79 1176 1169
370 2 2 1 2 1176 303 1192
371 2 2 1 2 1169 1192 299
372 2 2 1 2 1176 1192 1169
373 2 2 1 2 303 1182 1193
374 2 2 1 2 1182 80 1186
375 2 2 1 2 1193 1186 304
376 2 2 1 2 1182 1186 1193
377 2 2 1 2 299 1194 1172
378 2 2 1 2 1194 304 1183
379 2 2 1 2 1172 1183 81
380 2 2 1 2 1194 1183 1172
381 2 2 1 2 303 1193 1192
382 2 2 1 2 1193 304 1194
383 2 2 1 2 1192 1194 299
384 2 2 1 2 1193 1194 1192
385 2 2 1 2 24 1195 1197
386 2 2 1 2 1195 307 1196
387 2 2 1 2 1197 1196 309
388 2 2 1 2 1195 1196 1197
389 2 2 1 2 307 1198 1200
390 2 2 1 2 1198 82 1199
391 2 2 1 2 1200 1199 308
392 2 2 1 2 1198 1199 1200
393 2 2 1 2 309 1201 1203
394 2 2 1 2 1201 308 1202
395 2 2 1 2 1203 1202 84
396 2 2 1 2 1201 1202 1203
397 2 2 1 2 307 1200 1196
398 2 2 1 2 1200 308 1201
399 2 2 1 2 1196 1201 309
400 2 2 1 2 1200 1201 1196
401 2 2 1 2 82 1204 1206
402 2 2 1 2 1204 310 1205
403 2 2 1 2 1206 1205 312
404 2 2 1 2 1204 1205 1206
405 2 2 1 2 310 1207 1209
406 2 2 1 2 1207 23 1208
407 2 2 1 2 1209 1208 311
408 2 2 1 2 1207 1208 1209
409 2 2 1 2 312 1210 1212
410 2 2 1 2 1210 311 1211
411 2 2 1 2 1212 1211 83
412 2 2 1 2 1210 1211 1212
413 2 2 1 2 310 1209 1205
414 2 2 1 2 1209 311 1210
415 2 2 1 2 1205 1210 312
416 2 2 1 2 1209 1210 1205
417 2 2 1 2 84 1213 1215
418 2 2 1 2 1213 313 1214
419 2 2 1 2 1215 1214 315
420 2 2 1 2 1213 1214 1215
421 2 2 1 2 313 1216 1218
422 2 2 1 2 1216 83 1217
423 2 2 1 2 1218 1217 314
424 2 2 1 2 1216 1217 1218
425 2 2 1 2 315 1219 1221
426 2 2 1 2 1219 314 1220
427 2 2 1 2 1221 1220 8
428 2 2 1 2 1219 1220 1221
429 2 2 1 2 313 1218 1214
430 2 2 1 2 1218 314 1219
431 2 2 1 2 1214 1219 315
432 2 2 1 2 1218 1219 1214
433 2 2 1 2 82 1206 1199
434 2 2 1 2 1206 312 1222
435 2 2 1 2 1199 1222 308
436 2 2 1 2 1206 1222 1199
437 2 2 1 2 312 1212 1223
438 2 2 1 2 1212 83 1216
439 2 2 1 2 1223 1216 313
440 2 2 1 2 1212 1216 1223
441 2 2 1 2 308 1224 1202
442 2 2 1 2 1224 313 1213
443 2 2 1 2 1202 1213 84
444 2 2 1 2 1224 1213 1202
445 2 2 1 2 312 1223 1222
446 2 2 1 2 1223 313 1224
447 2 2 1 2 1222 1224 308
448 2 2 1 2 1223 1224 1222
449 2 2 1 2 22 1167 1148
450 2 2 1 2 1167 300 1225
451 2 2 1 2 1148 1225 293
452 2 2 1 2 1167 1225 1148
453 2 2 1 2 300 1173 1227
454 2 2 1 2 1173 81 1226
455 2 2 1 2 1227 1226 316
456 2 2 1 2 1173 1226 1227
457 2 2 1 2 293 1228 1151
458 2 2 1 2 1228 316 1229
459 2 2 1 2 1151 1229 77
460 2 2 1 2 1228 1229 1151
461 2 2 1 2 300 1227 1225
462 2 2 1 2 1227 316 1228
463 2 2 1 2 1225 1228 293
464 2 2 1 2 1227 1228 1225
465 2 2 1 2 81 1185 1231
466 2 2 1 2 1185 306 1230
467 2 2 1 2 1231 1230 317
468 2 2 1 2 1185 1230 1231
469 2 2 1 2 306 1191 1232
470 2 2 1 2 1191 23 1207
471 2 2 1 2 1232 1207 310
472 2 2 1 2 1191 1207 1232
473 2 2 1 2 317 1233 1234
474 2 2 1 2 1233 310 1204
475 2 2 1 2 1234 1204 82
476 2 2 1 2 1233 1204 1234
477 2 2 1 2 306 1232 1230
478 2 2 1 2 1232 310 1233
479 2 2 1 2 1230 1233 317
480 2 2 1 2 1232 1233 1230
481 2 2 1 2 77 1235 1157
482 2 2 1 2 1235 318 1236
483 2 2 1 2 1157 1236 296
484 2 2 1 2 1235 1236 1157
485 2 2 1 2 318 1237 1238
486 2 2 1 2 1237 82 1198
487 2 2 1 2 1238 1198 307
488 2 2 1 2 1237 1198 1238
489 2 2 1 2 296 1239 1160
490 2 2 1 2 1239 307 1195
491 2 2 1 2 1160 1195 24
492 2 2 1 2 1239 1195 1160
493 2 2 1 2 318 1238 1236
494 2 2 1 2 1238 307 1239
495 2 2 1 2 1236 1239 296
496 2 2 1 2 1238 1239 1236
497 2 2 1 2 81 1231 1226
498 2 2 1 2 1231 317 1240
499 2 2 1 2 1226 1240 316
500 2 2 1 2 1231 1240 1226
501 2 2 1 2 317 1234 1241
502 2 2 1 2 1234 82 1237
503 2 2 1 2 1241 1237 318
504 2 2 1 2 1234 1237 1241
505 2 2 1 2 316 1242 1229
506 2 2 1 2 1242 318 1235
507 2 2 1 2 1229 1235 77
508 2 2 1 2 1242 1235 1229
509 2 2 1 2 317 1241 1240
510 2 2 1 2 1241 318 1242
511 2 2 1 2 1240 1242 316
512 2 2 1 2 1241 1242 1240
513 2 2 1 2 9 1243 1245
514 2 2 1 2 1243 319 1244
515 2 2 1 2 1245 1244 321
516 2 2 1 2 1243 1244 1245
517 2 2 1 2 319 1246 1248
518 2 2 1 2 1246 85 1247
519 2 2 1 2 1248 1247 320
520 2 2 1 2 1246 1247 1248
521 2 2 1 2 321 1249 1251
522 2 2 1 2 1249 320 1250
523 2 2 1 2 1251 1250 87
524 2 2 1 2 1249 1250 1251
525 2 2 1 2 319 1248 1244
526 2 2 1 2 1248 320 1249
527 2 2 1 2 1244 1249 321
528 2 2 1 2 1248 1249 1244
529 2 2 1 2 85 1252 1254
530 2 2 1 2 1252 322 1253
531 2 2 1 2 1254 1253 324
532 2 2 1 2 1252 1253 1254
533 2 2 1 2 322 1255 1257
534 2 2 1 2 1255 25 1256
535 2 2 1 2 1257 1256 323
536 2 2 1 2 1255 1256 1257
537 2 2 1 2 324 1258 1260
538 2 2 1 2 1258 323 1259
539 2 2 1 2 1260 1259 86
540 2 2 1 2 1258 1259 1260
541 2 2 1 2 322 1257 1253
542 2 2 1 2 1257 323 1258
543 2 2 1 2 1253 1258 324
544 2 2 1 2 1257 1258 1253
545 2 2 1 2 87 1261 1263
546 2 2 1 2 1261 325 1262
547 2 2 1 2 1263 1262 327
548 2 2 1 2 1261 1262 1263
549 2 2 1 2 325 1264 1266
550 2 2 1 2 1264 86 1265
551 2 2 1 2 1266 1265 326
552 2 2 1 2 1264 1265 1266
553 2 2 1 2 327 1267 1269
554 2 2 1 2 1267 326 1268
555 2 2 1 2 1269 1268 27
556 2 2 1 2 1267 1268 1269
557 2 2 1 2 325 1266 1262
558 2 2 1 2 1266 326 1267
559 2 2 1 2 1262 1267 327
560 2 2 1 2 1266 1267 1262
561 2 2 1 2 85 1254 1247
562 2 2 1 2 1254 324 1270
563 2 2 1 2 1247 1270 320
564 2 2 1 2 1254 1270 1247
565 2 2 1 2 324 1260 1271
566 2 2 1 2 1260 86 1264
567 2 2 1 2 1271 1264 325
568 2 2 1 2 1260 1264 1271
569 2 2 1 2 320 1272 1250
570 2 2 1 2 1272 325 1261
571 2 2 1 2 1250 1261 87
572 2 2 1 2 1272 1261 1250
573 2 2 1 2 324 1271 1270
574 2 2 1 2 1271 325 1272
575 2 2 1 2 1270 1272 320
576 2 2 1 2 1271 1272 1270
577 2 2 1 2 25 1273 1275
578 2 2 1 2 1273 328 1274
579 2 2 1 2 1275 1274 330
580 2 2 1 2 1273 1274 1275
581 2 2 1 2 328 1276 1278
582 2 2 1 2 1276 88 1277
583 2 2 1 2 1278 1277 329
584 2 2 1 2 1276 1277 1278
585 2 2 1 2 330 1279 1281
586 2 2 1 2 1279 329 1280
587 2 2 1 2 1281 1280 90
588 2 2 1 2 1279 1280 1281
589 2 2 1 2 328 1278 1274
590 2 2 1 2 1278 329 1279
591 2 2 1 2 1274 1279 330
592 2 2 1 2 1278 1279 1274
593 2 2 1 2 88 1282 1284
594 2 2 1 2 1282 331 1283
595 2 2 1 2 1284 1283 333
596 2 2 1 2 1282 1283 1284
597 2 2 1 2 331 1285 1287
598 2 2 1 2 1285 8 1286
599 2 2 1 2 1287 1286 332
600 2 2 1 2 1285 1286 1287
601 2 2 1 2 333 1288 1290
602 2 2 1 2 1288 332 1289
603 2 2 1 2 1290 1289 89
604 2 2 1 2 1288 1289 1290
605 2 2 1 2 331 1287 1283
606 2 2 1 2 1287 332 1288
607 2 2 1 2 1283 1288 333
608 2 2 1 2 1287 1288 1283
609 2 2 1 2 90 1291 1293
610 2 2 1 2 1291 334 1292
611 2 2 1 2 1293 1292 336
612 2 2 1 2 1291 1292 1293
613 2 2 1 2 334 1294 1296
614 2 2 1 2 1294 89 1295
615 2 2 1 2 1296 1295 335
616 2 2 1 2 1294 1295 1296
617 2 2 1 2 336 1297 1299
618 2 2 1 2 1297 335 1298
619 2 2 1 2 1299 1298 26
620 2 2 1 2 1297 1298 1299
621 2 2 1 2 334 1296 1292
622 2 2 1 2 1296 335 1297
623 2 2 1 2 1292 1297 336
624 2 2 1 2 1296 1297 1292
625 2 2 1 2 88 1284 1277
626 2 2 1 2 1284 333 1300
627 2 2 1 2 1277 1300 329
628 2 2 1 2 1284 1300 1277
629 2 2 1 2 333 1290 1301
630 2 2 1 2 1290 89 1294
631 2 2 1 2 1301 1294 334
632 2 2 1 2 1290 1294 1301
633 2 2 1 2 329 1302 1280
634 2 2 1 2 1302 334 1291
635 2 2 1 2 1280 1291 90
636 2 2 1 2 1302 1291 1280
637 2 2 1 2 333 1301 1300
638 2 2 1 2 1301 334 1302
639 2 2 1 2 1300 1302 329
640 2 2 1 2 1301 1302 1300
641 2 2 1 2 27 1303 1305
642 2 2 1 2 1303 337 1304
643 2 2 1 2 1305 1304 339
644 2 2 1 2 1303 1304 1305
645 2 2 1 2 337 1306 1308
646 2 2 1 2 1306 91 1307
647 2 2 1 2 1308 1307 338
648 2 2 1 2 1306 1307 1308
649 2 2 1 2 339 1309 1311
650 2 2 1 2 1309 338 1310
651 2 2 1 2 1311 1310 93
652 2 2 1 2 1309 1310 1311
653 2 2 1 2 337 1308 1304
654 2 2 1 2 1308 338 1309
655 2 2 1 2 1304 1309 339
656 2 2 1 2 1308 1309 1304
657 2 2 1 2 91 1312 1314
658 2 2 1 2 1312 340 1313
659 2 2 1 2 1314 1313 342
660 2 2 1 2 1312 1313 1314
661 2 2 1 2 340 1315 1317
662 2 2 1 2 1315 26 1316
663 2 2 1 2 1317 1316 341
664 2 2 1 2 1315 1316 1317
665 2 2 1 2 342 1318 1320
666 2 2 1 2 1318 341 1319
667 2 2 1 2 1320 1319 92
668 2 2 1 2 1318 1319 1320
669 2 2 1 2 340 1317 1313
670 2 2 1 2 1317 341 1318
671 2 2 1 2 1313 1318 342
672 2 2 1 2 1317 1318 1313
673 2 2 1 2 93 1321 1323
674 2 2 1 2 1321 343 1322
675 2 2 1 2 1323 1322 345
676 2 2 1 2 1321 1322 1323
677 2 2 1 2 343 1324 1326
678 2 2 1 2 1324 92 1325
679 2 2 1 2 1326 1325 344
680 2 2 1 2 1324 1325 1326
681 2 2 1 2 345 1327 1329
682 2 2 1 2 1327 344 1328
683 2 2 1 2 1329 1328 3
684 2 2 1 2 1327 1328 1329
685 2 2 1 2 343 1326 1322
686 2 2 1 2 1326 344 1327
687 2 2 1 2 1322 1327 345
688 2 2 1 2 1326 1327 1322
689 2 2 1 2 91 1314 1307
690 2 2 1 2 1314 342 1330
691 2 2 1 2 1307 1330 338
692 2 2 1 2 1314 1330 1307
693 2 2 1 2 342 1320 1331
694 2 2 1 2 1320 92 1324
695 2 2 1 2 1331 1324 343
696 2 2 1 2 1320 1324 1331
697 2 2 1 2 338 1332 1310
698 2 2 1 2 1332 343 1321
699 2 2 1 2 1310 1321 93
700 2 2 1 2 1332 1321 1310
701 2 2 1 2 342 1331 1330
702 2 2 1 2 1331 343 1332
703 2 2 1 2 1330 1332 338
704 2 2 1 2 1331 1332 1330
705 2 2 1 2 25 1275 1256
706 2 2 1 2 1275 330 1333
707 2 2 1 2 1256 1333 323
708 2 2 1 2 1275 1333 1256
709 2 2 1 2 330 1281 1335
710 2 2 1 2 1281 90 1334
711 2 2 1 2 1335 1334 346
712 2 2 1 2 1281 1334 1335
713 2 2 1 2 323 1336 1259
714 2 2 1 2 1336 346 1337
715 2 2 1 2 1259 1337 86
716 2 2 1 2 1336 1337 1259
717 2 2 1 2 330 1335 1333
718 2 2 1 2 1335 346 1336
719 2 2 1 2 1333 1336 323
720 2 2 1 2 1335 1336 1333
721 2 2 1 2 90 1293 1339
722 2 2 1 2 1293 336 1338
723 2 2 1 2 1339 1338 347
724 2 2 1 2 1293 1338 1339
725 2 2 1 2 336 1299 1340
726 2 2 1 2 1299 26 1315
727 2 2 1 2 1340 1315 340
728 2 2 1 2 1299 1315 1340
729 2 2 1 2 347 1341 1342
730 2 2 1 2 1341 340 1312
731 2 2 1 2 1342 1312 91
732 2 2 1 2 1341 1312 1342
733 2 2 1 2 336 1340 1338
734 2 2 1 2 1340 340 1341
735 2 2 1 2 1338 1341 347
736 2 2 1 2 1340 1341 1338
737 2 2 1 2 86 1343 1265
738 2 2 1 2 1343 348 1344
739 2 2 1 2 1265 1344 326
740 2 2 1 2 1343 1344 1265
741 2 2 1 2 348 1345 1346
742 2 2 1 2 1345 91 1306
743 2 2 1 2 1346 1306 337
744 2 2 1 2 1345 1306 1346
745 2 2 1 2 326 1347 1268
746 2 2 1 2 1347 337 1303
747 2 2 1 2 1268 1303 27
748 2 2 1 2 1347 1303 1268
749 2 2 1 2 348 1346 1344
750 2 2 1 2 1346 337 1347
751 2 2 1 2 1344 1347 326
752 2 2 1 2 1346 1347 1344
753 2 2 1 2 90 1339 1334
754 2 2 1 2 1339 347 1348
755 2 2 1 2 1334 1348 346
756 2 2 1 2 1339 1348 1334
757 2 2 1 2 347 1342 1349
758 2 2 1 2 1342 91 1345
759 2 2 1 2 1349 1345 348
760 2 2 1 2 1342 1345 1349
761 2 2 1 2 346 1350 1337
762 2 2 1 2 1350 348 1343
763 2 2 1 2 1337 1343 86
764 2 2 1 2 1350 1343 1337
765 2 2 1 2 347 1349 1348
766 2 2 1 2 1349 348 1350
767 2 2 1 2 1348 1350 346
768 2 2 1 2 1349 1350 1348
769 2 2 1 2 7 1137 1070
770 2 2 1 2 1137 291 1351
771 2 2 1 2 1070 1351 272
772 2 2 1 2 1137 1351 1070
773 2 2 1 2 291 1143 1353
774 2 2 1 2 1143 78 1352
775 2 2 1 2 1353 1352 349
776 2 2 1 2 1143 1352 1353
777 2 2 1 2 272 1354 1073
778 2 2 1 2 1354 349 1355
779 2 2 1 2 1073 1355 71
780 2 2 1 2 1354 1355 1073
781 2 2 1 2 291 1353 1351
782 2 2 1 2 1353 349 1354
783 2 2 1 2 1351 1354 272
784 2 2 1 2 1353 1354 1351
785 2 2 1 2 78 1155 1357
786 2 2 1 2 1155 297 1356
787 2 2 1 2 1357 1356 351
788 2 2 1 2 1155 1356 1357
789 2 2 1 2 297 1161 1359
790 2 2 1 2 1161 24 1358
791 2 2 1 2 1359 1358 350
792 2 2 1 2 1161 1358 1359
793 2 2 1 2 351 1360 1362
794 2 2 1 2 1360 350 1361
795 2 2 1 2 1362 1361 94
796 2 2 1 2 1360 1361 1362
797 2 2 1 2 297 1359 1356
798 2 2 1 2 1359 350 1360
799 2 2 1 2 1356 1360 351
800 2 2 1 2 1359 1360 1356
801 2 2 1 2 71 1363 1079
802 2 2 1 2 1363 352 1364
803 2 2 1 2 1079 1364 275
804 2 2 1 2 1363 1364 1079
805 2 2 1 2 352 1365 1367
806 2 2 1 2 1365 94 1366
807 2 2 1 2 1367 1366 353
808 2 2 1 2 1365 1366 1367
809 2 2 1 2 275 1368 1082
810 2 2 1 2 1368 353 1369
811 2 2 1 2 1082 1369 20
812 2 2 1 2 1368 1369 1082
813 2 2 1 2 352 1367 1364
814 2 2 1 2 1367 353 1368
815 2 2 1 2 1364 1368 275
816 2 2 1 2 1367 1368 1364
817 2 2 1 2 78 1357 1352
818 2 2 1 2 1357 351 1370
819 2 2 1 2 1352 1370 349
820 2 2 1 2 1357 1370 1352
821 2 2 1 2 351 1362 1371
822 2 2 1 2 1362 94 1365
823 2 2 1 2 1371 1365 352
824 2 2 1 2 1362 1365 1371
825 2 2 1 2 349 1372 1355
826 2 2 1 2 1372 352 1363
827 2 2 1 2 1355 1363 71
828 2 2 1 2 1372 1363 1355
829 2 2 1 2 351 1371 1370
830 2 2 1 2 1371 352 1372
831 2 2 1 2 1370 1372 349
832 2 2 1 2 1371 1372 1370
833 2 2 1 2 24 1197 1374
834 2 2 1 2 1197 309 1373
835 2 2 1 2 1374 1373 355
836 2 2 1 2 1197 1373 1374
837 2 2 1 2 309 1203 1376
838 2 2 1 2 1203 84 1375
839 2 2 1 2 1376 1375 354
840 2 2 1 2 1203 1375 1376
841 2 2 1 2 355 1377 1379
842 2 2 1 2 1377 354 1378
843 2 2 1 2 1379 1378 95
844 2 2 1 2 1377 1378 1379
845 2 2 1 2 309 1376 1373
846 2 2 1 2 1376 354 1377
847 2 2 1 2 1373 1377 355
848 2 2 1 2 1376 1377 1373
849 2 2 1 2 84 1215 1381
850 2 2 1 2 1215 315 1380
851 2 2 1 2 1381 1380 356
852 2 2 1 2 1215 1380 1381
853 2 2 1 2 315 1221 1382
854 2 2 1 2 1221 8 1285
855 2 2 1 2 1382 1285 331
856 2 2 1 2 1221 1285 1382
857 2 2 1 2 356 1383 1384
858 2 2 1 2 1383 331 1282
859 2 2 1 2 1384 1282 88
860 2 2 1 2 1383 1282 1384
861 2 2 1 2 315 1382 1380
862 2 2 1 2 1382 331 1383
863 2 2 1 2 1380 1383 356
864 2 2 1 2 1382 1383 1380
865 2 2 1 2 95 1385 1387
866 2 2 1 2 1385 357 1386
867 2 2 1 2 1387 1386 358
868 2 2 1 2 1385 1386 1387
869 2 2 1 2 357 1388 1389
870 2 2 1 2 1388 88 1276
871 2 2 1 2 1389 1276 328
872 2 2 1 2 1388 1276 1389
873 2 2 1 2 358 1390 1391
874 2 2 1 2 1390 328 1273
875 2 2 1 2 1391 1273 25
876 2 2 1 2 1390 1273 1391
877 2 2 1 2 357 1389 1386
878 2 2 1 2 1389 328 1390
879 2 2 1 2 1386 1390 358
880 2 2 1 2 1389 1390 1386
881 2 2 1 2 84 1381 1375
882 2 2 1 2 1381 356 1392
883 2 2 1 2 1375 1392 354
884 2 2 1 2 1381 1392 1375
885 2 2 1 2 356 1384 1393
886 2 2 1 2 1384 88 1388
887 2 2 1 2 1393 1388 357
888 2 2 1 2 1384 1388 1393
889 2 2 1 2 354 1394 1378
890 2 2 1 2 1394 357 1385
891 2 2 1 2 1378 1385 95
892 2 2 1 2 1394 1385 1378
893 2 2 1 2 356 1393 1392
894 2 2 1 2 1393 357 1394
895 2 2 1 2 1392 1394 354
896 2 2 1 2 1393 1394 1392
897 2 2 1 2 20 1395 1100
898 2 2 1 2 1395 359 1396
899 2 2 1 2 1100 1396 281
900 2 2 1 2 1395 1396 1100
901 2 2 1 2 359 1397 1399
902 2 2 1 2 1397 96 1398
903 2 2 1 2 1399 1398 360
904 2 2 1 2 1397 1398 1399
905 2 2 1 2 281 1400 1103
906 2 2 1 2 1400 360 1401
907 2 2 1 2 1103 1401 74
908 2 2 1 2 1400 1401 1103
909 2 2 1 2 359 1399 1396
910 2 2 1 2 1399 360 1400
911 2 2 1 2 1396 1400 281
912 2 2 1 2 1399 1400 1396
913 2 2 1 2 96 1402 1404
914 2 2 1 2 1402 361 1403
915 2 2 1 2 1404 1403 362
916 2 2 1 2 1402 1403 1404
917 2 2 1 2 361 1405 1406
918 2 2 1 2 1405 25 1255
919 2 2 1 2 1406 1255 322
920 2 2 1 2 1405 1255 1406
921 2 2 1 2 362 1407 1408
922 2 2 1 2 1407 322 1252
923 2 2 1 2 1408 1252 85
924 2 2 1 2 1407 1252 1408
925 2 2 1 2 361 1406 1403
926 2 2 1 2 1406 322 1407
927 2 2 1 2 1403 1407 362
928 2 2 1 2 1406 1407 1403
929 2 2 1 2 74 1409 1109
930 2 2 1 2 1409 363 1410
931 2 2 1 2 1109 1410 284
932 2 2 1 2 1409 1410 1109
933 2 2 1 2 363 1411 1412
934 2 2 1 2 1411 85 1246
935 2 2 1 2 1412 1246 319
936 2 2 1 2 1411 1246 1412
937 2 2 1 2 284 1413 1112
938 2 2 1 2 1413 319 1243
939 2 2 1 2 1112 1243 9
940 2 2 1 2 1413 1243 1112
941 2 2 1 2 363 1412 1410
942 2 2 1 2 1412 319 1413
943 2 2 1 2 1410 1413 284
944 2 2 1 2 1412 1413 1410
945 2 2 1 2 96 1404 1398
946 2 2 1 2 1404 362 1414
947 2 2 1 2 1398 1414 360
948 2 2 1 2 1404 1414 1398
949 2 2 1 2 362 1408 1415
950 2 2 1 2 1408 85 1411
951 2 2 1 2 1415 1411 363
952 2 2 1 2 1408 1411 1415
953 2 2 1 2 360 1416 1401
954 2 2 1 2 1416 363 1409
955 2 2 1 2 1401 1409 74
956 2 2 1 2 1416 1409 1401
957 2 2 1 2 362 1415 1414
958 2 2 1 2 1415 363 1416
959 2 2 1 2 1414 1416 360
960 2 2 1 2 1415 1416 1414
961 2 2 1 2 24 1374 1358
962 2 2 1 2 1374 355 1417
963 2 2 1 2 1358 1417 350
964 2 2 1 2 1374 1417 1358
965 2 2 1 2 355 1379 1419
966 2 2 1 2 1379 95 1418
967 2 2 1 2 1419 1418 364
968 2 2 1 2 1379 1418 1419
969 2 2 1 2 350 1420 1361
970 2 2 1 2 1420 364 1421
971 2 2 1 2 1361 1421 94
972 2 2 1 2 1420 1421 1361
973 2 2 1 2 355 1419 1417
974 2 2 1 2 1419 364 1420
975 2 2 1 2 1417 1420 350
976 2 2 1 2 1419 1420 1417
977 2 2 1 2 95 1387 1423
978 2 2 1 2 1387 358 1422
979 2 2 1 2 1423 1422 365
980 2 2 1 2 1387 1422 1423
981 2 2 1 2 358 1391 1424
982 2 2 1 2 1391 25 1405
983 2 2 1 2 1424 1405 361
984 2 2 1 2 1391 1405 1424
985 2 2 1 2 365 1425 1426
986 2 2 1 2 1425 361 1402
987 2 2 1 2 1426 1402 96
988 2 2 1 2 1425 1402 1426
989 2 2 1 2 358 1424 1422
990 2 2 1 2 1424 361 1425
991 2 2 1 2 1422 1425 365
992 2 2 1 2 1424 1425 1422
993 2 2 1 2 94 1427 1366
994 2 2 1 2 1427 366 1428
995 2 2 1 2 1366 1428 353
996 2 2 1 2 1427 1428 1366
997 2 2 1 2 366 1429 1430
998 2 2 1 2 1429 96 1397
999 2 2 1 2 1430 1397 359
1000 2 2 1 2 1429 1397 1430
1001 2 2 1 2 353 1431 1369
1002 2 2 1 2 1431 359 1395
1003 2 2 1 2 1369 1395 20
1004 2 2 1 2 1431 1395 1369
1005 2 2 1 2 366 1430 1428
1006 2 2 1 2 1430 359 1431
1007 2 2 1 2 1428 1431 353
1008 2 2 1 2 1430 1431 1428
1009 2 2 1 2 95 1423 1418
1010 2 2 1 2 1423 365 1432
1011 2 2 1 2 1418 1432 364
1012 2 2 1 2 1423 1432 1418
1013 2 2 1 2 365 1426 1433
1014 2 2 1 2 1426 96 1429
1015 2 2 1 2 1433 1429 366
1016 2 2 1 2 1426 1429 1433
1017 2 2 1 2 364 1434 1421
1018 2 2 1 2 1434 366 1427
1019 2 2 1 2 1421 1427 94
1020 2 2 1 2 1434 1427 1421
1021 2 2 1 2 365 1433 1432
1022 2 2 1 2 1433 366 1434
1023 2 2 1 2 1432 1434 364
1024 2 2 1 2 1433 1434 1432
1025 2 2 1 2 2 1435 1178
1026 2 2 1 2 1435 367 1436
1027 2 2 1 2 1178 1436 302
1028 2 2 1 2 1435 1436 1178
1029 2 2 1 2 367 1437 1439
1030 2 2 1 2 1437 97 1438
1031 2 2 1 2 1439 1438 368
1032 2 2 1 2 1437 1438 1439
1033 2 2 1 2 302 1440 1181
1034 2 2 1 2 1440 368 1441
1035 2 2 1 2 1181 1441 80
1036 2 2 1 2 1440 1441 1181
1037 2 2 1 2 367 1439 1436
1038 2 2 1 2 1439 368 1440
1039 2 2 1 2 1436 1440 302
1040 2 2 1 2 1439 1440 1436
1041 2 2 1 2 97 1442 1444
1042 2 2 1 2 1442 369 1443
1043 2 2 1 2 1444 1443 371
1044 2 2 1 2 1442 1443 1444
1045 2 2 1 2 369 1445 1447
1046 2 2 1 2 1445 28 1446
1047 2 2 1 2 1447 1446 370
1048 2 2 1 2 1445 1446 1447
1049 2 2 1 2 371 1448 1450
1050 2 2 1 2 1448 370 1449
1051 2 2 1 2 1450 1449 98
1052 2 2 1 2 1448 1449 1450
1053 2 2 1 2 369 1447 1443
1054 2 2 1 2 1447 370 1448
1055 2 2 1 2 1443 1448 371
1056 2 2 1 2 1447 1448 1443
1057 2 2 1 2 80 1451 1187
1058 2 2 1 2 1451 372 1452
1059 2 2 1 2 1187 1452 305
1060 2 2 1 2 1451 1452 1187
1061 2 2 1 2 372 1453 1455
1062 2 2 1 2 1453 98 1454
1063 2 2 1 2 1455 1454 373
1064 2 2 1 2 1453 1454 1455
1065 2 2 1 2 305 1456 1190
1066 2 2 1 2 1456 373 1457
1067 2 2 1 2 1190 1457 23
1068 2 2 1 2 1456 1457 1190
1069 2 2 1 2 372 1455 1452
1070 2 2 1 2 1455 373 1456
1071 2 2 1 2 1452 1456 305
1072 2 2 1 2 1455 1456 1452
1073 2 2 1 2 97 1444 1438
1074 2 2 1 2 1444 371 1458
1075 2 2 1 2 1438 1458 368
1076 2 2 1 2 1444 1458 1438
1077 2 2 1 2 371 1450 1459
1078 2 2 1 2 1450 98 1453
1079 2 2 1 2 1459 1453 372
1080 2 2 1 2 1450 1453 1459
1081 2 2 1 2 368 1460 1441
1082 2 2 1 2 1460 372 1451
1083 2 2 1 2 1441 1451 80
1084 2 2 1 2 1460 1451 1441
1085 2 2 1 2 371 1459 1458
1086 2 2 1 2 1459 372 1460
1087 2 2 1 2 1458 1460 368
1088 2 2 1 2 1459 1460 1458
1089 2 2 1 2 28 1461 1463
1090 2 2 1 2 1461 374 1462
1091 2 2 1 2 1463 1462 376
1092 2 2 1 2 1461 1462 1463
1093 2 2 1 2 374 1464 1466
1094 2 2 1 2 1464 99 1465
1095 2 2 1 2 1466 1465 375
1096 2 2 1 2 1464 1465 1466
1097 2 2 1 2 376 1467 1469
1098 2 2 1 2 1467 375 1468
1099 2 2 1 2 1469 1468 101
1100 2 2 1 2 1467 1468 1469
1101 2 2 1 2 374 1466 1462
1102 2 2 1 2 1466 375 1467
1103 2 2 1 2 1462 1467 376
1104 2 2 1 2 1466 1467 1462
1105 2 2 1 2 99 1470 1472
1106 2 2 1 2 1470 377 1471
1107 2 2 1 2 1472 1471 379
1108 2 2 1 2 1470 1471 1472
1109 2 2 1 2 377 1473 1475
1110 2 2 1 2 1473 10 1474
1111 2 2 1 2 1475 1474 378
1112 2 2 1 2 1473 1474 1475
1113 2 2 1 2 379 1476 1478
1114 2 2 1 2 1476 378 1477
1115 2 2 1 2 1478 1477 100
1116 2 2 1 2 1476 1477 1478
1117 2 2 1 2 377 1475 1471
1118 2 2 1 2 1475 378 1476
1119 2 2 1 2 1471 1476 379
1120 2 2 1 2 1475 1476 1471
1121 2 2 1 2 101 1479 1481
1122 2 2 1 2 1479 380 1480
1123 2 2 1 2 1481 1480 382
1124 2 2 1 2 1479 1480 1481
1125 2 2 1 2 380 1482 1484
1126 2 2 1 2 1482 100 1483
1127 2 2 1 2 1484 1483 381
1128 2 2 1 2 1482 1483 1484
1129 2 2 1 2 382 1485 1487
1130 2 2 1 2 1485 381 1486
1131 2 2 1 2 1487 1486 29
1132 2 2 1 2 1485 1486 1487
1133 2 2 1 2 380 1484 1480
1134 2 2 1 2 1484 381 1485
1135 2 2 1 2 1480 1485 382
1136 2 2 1 2 1484 1485 1480
1137 2 2 1 2 99 1472 1465
1138 2 2 1 2 1472 379 1488
1139 2 2 1 2 1465 1488 375
1140 2 2 1 2 1472 1488 1465
1141 2 2 1 2 379 1478 1489
1142 2 2 1 2 1478 100 1482
1143 2 2 1 2 1489 1482 380
1144 2 2 1 2 1478 1482 1489
1145 2 2 1 2 375 1490 1468
1146 2 2 1 2 1490 380 1479
1147 2 2 1 2 1468 1479 101
1148 2 2 1 2 1490 1479 1468
1149 2 2 1 2 379 1489 1488
1150 2 2 1 2 1489 380 1490
1151 2 2 1 2 1488 1490 375
1152 2 2 1 2 1489 1490 1488
1153 2 2 1 2 23 1491 1208
1154 2 2 1 2 1491 383 1492
1155 2 2 1 2 1208 1492 311
1156 2 2 1 2 1491 1492 1208
1157 2 2 1 2 383 1493 1495
1158 2 2 1 2 1493 102 1494
1159 2 2 1 2 1495 1494 384
1160 2 2 1 2 1493 1494 1495
1161 2 2 1 2 311 1496 1211
1162 2 2 1 2 1496 384 1497
1163 2 2 1 2 1211 1497 83
1164 2 2 1 2 1496 1497 1211
1165 2 2 1 2 383 1495 1492
1166 2 2 1 2 1495 384 1496
1167 2 2 1 2 1492 1496 311
1168 2 2 1 2 1495 1496 1492
1169 2 2 1 2 102 1498 1500
1170 2 2 1 2 1498 385 1499
1171 2 2 1 2 1500 1499 387
1172 2 2 1 2 1498 1499 1500
1173 2 2 1 2 385 1501 1503
1174 2 2 1 2 1501 29 1502
1175 2 2 1 2 1503 1502 386
1176 2 2 1 2 1501 1502 1503
1177 2 2 1 2 387 1504 1506
1178 2 2 1 2 1504 386 1505
1179 2 2 1 2 1506 1505 103
1180 2 2 1 2 1504 1505 1506
1181 2 2 1 2 385 1503 1499
1182 2 2 1 2 1503 386 1504
1183 2 2 1 2 1499 1504 387
1184 2 2 1 2 1503 1504 1499
1185 2 2 1 2 83 1507 1217
1186 2 2 1 2 1507 388 1508
1187 2 2 1 2 1217 1508 314
1188 2 2 1 2 1507 1508 1217
1189 2 2 1 2 388 1509 1511
1190 2 2 1 2 1509 103 1510
1191 2 2 1 2 1511 1510 389
1192 2 2 1 2 1509 1510 1511
1193 2 2 1 2 314 1512 1220
1194 2 2 1 2 1512 389 1513
1195 2 2 1 2 1220 1513 8
1196 2 2 1 2 1512 1513 1220
1197 2 2 1 2 388 1511 1508
1198 2 2 1 2 1511 389 1512
1199 2 2 1 2 1508 1512 314
1200 2 2 1 2 1511 1512 1508
1201 2 2 1 2 102 1500 1494
1202 2 2 1 2 1500 387 1514
1203 2 2 1 2 1494 1514 384
1204 2 2 1 2 1500 1514 1494
1205 2 2 1 2 387 1506 1515
1206 2 2 1 2 1506 103 1509
1207 2 2 1 2 1515 1509 388
1208 2 2 1 2 1506 1509 1515
1209 2 2 1 2 384 1516 1497
1210 2 2 1 2 1516 388 1507
1211 2 2 1 2 1497 1507 83
1212 2 2 1 2 1516 1507 1497
1213 2 2 1 2 387 1515 1514
1214 2 2 1 2 1515 388 1516
1215 2 2 1 2 1514 1516 384
1216 2 2 1 2 1515 1516 1514
1217 2 2 1 2 28 1463 1446
1218 2 2 1 2 1463 376 1517
1219 2 2 1 2 1446 1517 370
1220 2 2 1 2 1463 1517 1446
1221 2 2 1 2 376 1469 1519
1222 2 2 1 2 1469 101 1518
1223 2 2 1 2 1519 1518 390
1224 2 2 1 2 1469 1518 1519
1225 2 2 1 2 370 1520 1449
1226 2 2 1 2 1520 390 1521
1227 2 2 1 2 1449 1521 98
1228 2 2 1 2 1520 1521 1449
1229 2 2 1 2 376 1519 1517
1230 2 2 1 2 1519 390 1520
1231 2 2 1 2 1517 1520 370
1232 2 2 1 2 1519 1520 1517
1233 2 2 1 2 101 1481 1523
1234 2 2 1 2 1481 382 1522
1235 2 2 1 2 1523 1522 391
1236 2 2 1 2 1481 1522 1523
1237 2 2 1 2 382 1487 1524
1238 2 2 1 2 1487 29 1501
1239 2 2 1 2 1524 1501 385
1240 2 2 1 2 1487 1501 1524
1241 2 2 1 2 391 1525 1526
1242 2 2 1 2 1525 385 1498
1243 2 2 1 2 1526 1498 102
1244 2 2 1 2 1525 1498 1526
1245 2 2 1 2 382 1524 1522
1246 2 2 1 2 1524 385 1525
1247 2 2 1 2 1522 1525 391
1248 2 2 1 2 1524 1525 1522
1249 2 2 1 2 98 1527 1454
1250 2 2 1 2 1527 392 1528
1251 2 2 1 2 1454 1528 373
1252 2 2 1 2 1527 1528 1454
1253 2 2 1 2 392 1529 1530
1254 2 2 1 2 1529 102 1493
1255 2 2 1 2 1530 1493 383
1256 2 2 1 2 1529 1493 1530
1257 2 2 1 2 373 1531 1457
1258 2 2 1 2 1531 383 1491
1259 2 2 1 2 1457 1491 23
1260 2 2 1 2 1531 1491 1457
1261 2 2 1 2 392 1530 1528
1262 2 2 1 2 1530 383 1531
1263 2 2 1 2 1528 1531 373
1264 2 2 1 2 1530 1531 1528
1265 2 2 1 2 101 1523 1518
1266 2 2 1 2 1523 391 1532
1267 2 2 1 2 1518 1532 390
1268 2 2 1 2 1523 1532 1518
1269 2 2 1 2 391 1526 1533
1270 2 2 1 2 1526 102 1529
1271 2 2 1 2 1533 1529 392
1272 2 2 1 2 1526 1529 1533
1273 2 2 1 2 390 1534 1521
1274 2 2 1 2 1534 392 1527
1275 2 2 1 2 1521 1527 98
1276 2 2 1 2 1534 1527 1521
1277 2 2 1 2 391 1533 1532
1278 2 2 1 2 1533 392 1534
1279 2 2 1 2 1532 1534 390
1280 2 2 1 2 1533 1534 1532
1281 2 2 1 2 10 1535 1537
1282 2 2 1 2 1535 393 1536
1283 2 2 1 2 1537 1536 395
1284 2 2 1 2 1535 1536 1537
1285 2 2 1 2 393 1538 1540
1286 2 2 1 2 1538 104 1539
1287 2 2 1 2 1540 1539 394
1288 2 2 1 2 1538 1539 1540
1289 2 2 1 2 395 1541 1543
1290 2 2 1 2 1541 394 1542
1291 2 2 1 2 1543 1542 106
1292 2 2 1 2 1541 1542 1543
1293 2 2 1 2 393 1540 1536
1294 2 2 1 2 1540 394 1541
1295 2 2 1 2 1536 1541 395
1296 2 2 1 2 1540 1541 1536
1297 2 2 1 2 104 1544 1546
1298 2 2 1 2 1544 396 1545
1299 2 2 1 2 1546 1545 398
1300 2 2 1 2 1544 1545 1546
1301 2 2 1 2 396 1547 1549
1302 2 2 1 2 1547 30 1548
1303 2 2 1 2 1549 1548 397
1304 2 2 1 2 1547 1548 1549
1305 2 2 1 2 398 1550 1552
1306 2 2 1 2 1550 397 1551
1307 2 2 1 2 1552 1551 105
1308 2 2 1 2 1550 1551 1552
1309 2 2 1 2 396 1549 1545
1310 2 2 1 2 1549 397 1550
1311 2 2 1 2 1545 1550 398
1312 2 2 1 2 1549 1550 1545
1313 2 2 1 2 106 1553 1555
1314 2 2 1 2 1553 399 1554
1315 2 2 1 2 1555 1554 401
1316 2 2 1 2 1553 1554 1555
1317 2 2 1 2 399 1556 1558
1318 2 2 1 2 1556 105 1557
1319 2 2 1 2 1558 1557 400
1320 2 2 1 2 1556 1557 1558
1321 2 2 1 2 401 1559 1561
1322 2 2 1 2 1559 400 1560
1323 2 2 1 2 1561 1560 32
1324 2 2 1 2 1559 1560 1561
1325 2 2 1 2 399 1558 1554
1326 2 2 1 2 1558 400 1559
1327 2 2 1 2 1554 1559 401
1328 2 2 1 2 1558 1559 1554
1329 2 2 1 2 104 1546 1539
1330 2 2 1 2 1546 398 1562
1331 2 2 1 2 1539 1562 394
1332 2 2 1 2 1546 1562 1539
1333 2 2 1 2 398 1552 1563
1334 2 2 1 2 1552 105 1556
1335 2 2 1 2 1563 1556 399
1336 2 2 1 2 1552 1556 1563
1337 2 2 1 2 394 1564 1542
1338 2 2 1 2 1564 399 1553
1339 2 2 1 2 1542 1553 106
1340 2 2 1 2 1564 1553 1542
1341 2 2 1 2 398 1563 1562
1342 2 2 1 2 1563 399 1564
1343 2 2 1 2 1562 1564 394
1344 2 2 1 2 1563 1564 1562
1345 2 2 1 2 30 1565 1567
1346 2 2 1 2 1565 402 1566
1347 2 2 1 2 1567 1566 404
1348 2 2 1 2 1565 1566 1567
1349 2 2 1 2 402 1568 1570
1350 2 2 1 2 1568 107 1569
1351 2 2 1 2 1570 1569 403
1352 2 2 1 2 1568 1569 1570
1353 2 2 1 2 404 1571 1573
1354 2 2 1 2 1571 403 1572
1355 2 2 1 2 1573 1572 109
1356 2 2 1 2 1571 1572 1573
1357 2 2 1 2 402 1570 1566
1358 2 2 1 2 1570 403 1571
1359 2 2 1 2 1566 1571 404
1360 2 2 1 2 1570 1571 1566
1361 2 2 1 2 107 1574 1576
1362 2 2 1 2 1574 405 1575
1363 2 2 1 2 1576 1575 407
1364 2 2 1 2 1574 1575 1576
1365 2 2 1 2 405 1577 1579
1366 2 2 1 2 1577 4 1578
1367 2 2 1 2 1579 1578 406
1368 2 2 1 2 1577 1578 1579
1369 2 2 1 2 407 1580 1582
1370 2 2 1 2 1580 406 1581
1371 2 2 1 2 1582 1581 108
1372 2 2 1 2 1580 1581 1582
1373 2 2 1 2 405 1579 1575
1374 2 2 1 2 1579 406 1580
1375 2 2 1 2 1575 1580 407
1376 2 2 1 2 1579 1580 1575
1377 2 2 1 2 109 1583 1585
1378 2 2 1 2 1583 408 1584
1379 2 2 1 2 1585 1584 410
1380 2 2 1 2 1583 1584 1585
1381 2 2 1 2 408 1586 1588
1382 2 2 1 2 1586 108 1587
1383 2 2 1 2 1588 1587 409
1384 2 2 1 2 1586 1587 1588
1385 2 2 1 2 410 1589 1591
1386 2 2 1 2 1589 409 1590
1387 2 2 1 2 1591 1590 31
1388 2 2 1 2 1589 1590 1591
1389 2 2 1 2 408 1588 1584
1390 2 2 1 2 1588 409 1589
1391 2 2 1 2 1584 1589 410
1392 2 2 1 2 1588 1589 1584
1393 2 2 1 2 107 1576 1569
1394 2 2 1 2 1576 407 1592
1395 2 2 1 2 1569 1592 403
1396 2 2 1 2 1576 1592 1569
1397 2 2 1 2 407 1582 1593
1398 2 2 1 2 1582 108 1586
1399 2 2 1 2 1593 1586 408
1400 2 2 1 2 1582 1586 1593
1401 2 2 1 2 403 1594 1572
1402 2 2 1 2 1594 408 1583
1403 2 2 1 2 1572 1583 109
1404 2 2 1 2 1594 1583 1572
1405 2 2 1 2 407 1593 1592
1406 2 2 1 2 1593 408 1594
1407 2 2 1 2 1592 1594 403
1408 2 2 1 2 1593 1594 1592
1409 2 2 1 2 32 1595 1597
1410 2 2 1 2 1595 411 1596
1411 2 2 1 2 1597 1596 413
1412 2 2 1 2 1595 1596 1597
1413 2 2 1 2 411 1598 1600
1414 2 2 1 2 1598 110 1599
1415 2 2 1 2 1600 1599 412
1416 2 2 1 2 1598 1599 1600
1417 2 2 1 2 413 1601 1603
1418 2 2 1 2 1601 412 1602
1419 2 2 1 2 1603 1602 112
1420 2 2 1 2 1601 1602 1603
1421 2 2 1 2 411 1600 1596
1422 2 2 1 2 1600 412 1601
1423 2 2 1 2 1596 1601 413
1424 2 2 1 2 1600 1601 1596
1425 2 2 1 2 110 1604 1606
1426 2 2 1 2 1604 414 1605
1427 2 2 1 2 1606 1605 416
1428 2 2 1 2 1604 1605 1606
1429 2 2 1 2 414 1607 1609
1430 2 2 1 2 1607 31 1608
1431 2 2 1 2 1609 1608 415
1432 2 2 1 2 1607 1608 1609
1433 2 2 1 2 416 1610 1612
1434 2 2 1 2 1610 415 1611
1435 2 2 1 2 1612 1611 111
1436 2 2 1 2 1610 1611 1612
1437 2 2 1 2 414 1609 1605
1438 2 2 1 2 1609 415 1610
1439 2 2 1 2 1605 1610 416
1440 2 2 1 2 1609 1610 1605
1441 2 2 1 2 112 1613 1615
1442 2 2 1 2 1613 417 1614
1443 2 2 1 2 1615 1614 419
1444 2 2 1 2 1613 1614 1615
1445 2 2 1 2 417 1616 1618
1446 2 2 1 2 1616 111 1617
1447 2 2 1 2 1618 1617 418
1448 2 2 1 2 1616 1617 1618
1449 2 2 1 2 419 1619 1621
1450 2 2 1 2 1619 418 1620
1451 2 2 1 2 1621 1620 11
1452 2 2 1 2 1619 1620 1621
1453 2 2 1 2 417 1618 1614
1454 2 2 1 2 1618 418 1619
1455 2 2 1 2 1614 1619 419
1456 2 2 1 2 1618 1619 1614
1457 2 2 1 2 110 1606 1599
1458 2 2 1 2 1606 416 1622
1459 2 2 1 2 1599 1622 412
1460 2 2 1 2 1606 1622 1599
1461 2 2 1 2 416 1612 1623
1462 2 2 1 2 1612 111 1616
1463 2 2 1 2 1623 1616 417
1464 2 2 1 2 1612 1616 1623
1465 2 2 1 2 412 1624 1602
1466 2 2 1 2 1624 417 1613
1467 2 2 1 2 1602 1613 112
1468 2 2 1 2 1624 1613 1602
1469 2 2 1 2 416 1623 1622
1470 2 2 1 2 1623 417 1624
1471 2 2 1 2 1622 1624 412
1472 2 2 1 2 1623 1624 1622
1473 2 2 1 2 30 1567 1548
1474 2 2 1 2 1567 404 1625
1475 2 2 1 2 1548 1625 397
1476 2 2 1 2 1567 1625 1548
1477 2 2 1 2 404 1573 1627
1478 2 2 1 2 1573 109 1626
1479 2 2 1 2 1627 1626 420
1480 2 2 1 2 1573 1626 1627
1481 2 2 1 2 397 1628 1551
1482 2 2 1 2 1628 420 1629
1483 2 2 1 2 1551 1629 105
1484 2 2 1 2 1628 1629 1551
1485 2 2 1 2 404 1627 1625
1486 2 2 1 2 1627 420 1628
1487 2 2 1 2 1625 1628 397
1488 2 2 1 2 1627 1628 1625
1489 2 2 1 2 109 1585 1631
1490 2 2 1 2 1585 410 1630
1491 2 2 1 2 1631 1630 421
1492 2 2 1 2 1585 1630 1631
1493 2 2 1 2 410 1591 1632
1494 2 2 1 2 1591 31 1607
1495 2 2 1 2 1632 1607 414
1496 2 2 1 2 1591 1607 1632
1497 2 2 1 2 421 1633 1634
1498 2 2 1 2 1633 414 1604
1499 2 2 1 2 1634 1604 110
1500 2 2 1 2 1633 1604 1634
1501 2 2 1 2 410 1632 1630
1502 2 2 1 2 1632 414 1633
1503 2 2 1 2 1630 1633 421
1504 2 2 1 2 1632 1633 1630
1505 2 2 1 2 105 1635 1557
1506 2 2 1 2 1635 422 1636
1507 2 2 1 2 1557 1636 400
1508 2 2 1 2 1635 1636 1557
1509 2 2 1 2 422 1637 1638
1510 2 2 1 2 1637 110 1598
1511 2 2 1 2 1638 1598 411
1512 2 2 1 2 1637 1598 1638
1513 2 2 1 2 400 1639 1560
1514 2 2 1 2 1639 411 1595
1515 2 2 1 2 1560 1595 32
1516 2 2 1 2 1639 1595 1560
1517 2 2 1 2 422 1638 1636
1518 2 2 1 2 1638 411 1639
1519 2 2 1 2 1636 1639 400
1520 2 2 1 2 1638 1639 1636
1521 2 2 1 2 109 1631 1626
1522 2 2 1 2 1631 421 1640
1523 2 2 1 2 1626 1640 420
1524 2 2 1 2 1631 1640 1626
1525 2 2 1 2 421 1634 1641
1526 2 2 1 2 1634 110 1637
1527 2 2 1 2 1641 1637 422
1528 2 2 1 2 1634 1637 1641
1529 2 2 1 2 420 1642 1629
1530 2 2 1 2 1642 422 1635
1531 2 2 1 2 1629 1635 105
1532 2 2 1 2 1642 1635 1629
1533 2 2 1 2 421 1641 1640
1534 2 2 1 2 1641 422 1642
1535 2 2 1 2 1640 1642 420
1536 2 2 1 2 1641 1642 1640
1537 2 2 1 2 8 1643 1286
1538 2 2 1 2 1643 423 1644
1539 2 2 1 2 1286 1644 332
1540 2 2 1 2 1643 1644 1286
1541 2 2 1 2 423 1645 1647
1542 2 2 1 2 1645 113 1646
1543 2 2 1 2 1647 1646 424
1544 2 2 1 2 1645 1646 1647
1545 2 2 1 2 332 1648 1289
1546 2 2 1 2 1648 424 1649
1547 2 2 1 2 1289 1649 89
1548 2 2 1 2 1648 1649 1289
1549 2 2 1 2 423 1647 1644
1550 2 2 1 2 1647 424 1648
1551 2 2 1 2 1644 1648 332
1552 2 2 1 2 1647 1648 1644
1553 2 2 1 2 113 1650 1652
1554 2 2 1 2 1650 425 1651
1555 2 2 1 2 1652 1651 427
1556 2 2 1 2 1650 1651 1652
1557 2 2 1 2 425 1653 1655
1558 2 2 1 2 1653 33 1654
1559 2 2 1 2 1655 1654 426
1560 2 2 1 2 1653 1654 1655
1561 2 2 1 2 427 1656 1658
1562 2 2 1 2 1656 426 1657
1563 2 2 1 2 1658 1657 114
1564 2 2 1 2 1656 1657 1658
1565 2 2 1 2 425 1655 1651
1566 2 2 1 2 1655 426 1656
1567 2 2 1 2 1651 1656 427
1568 2 2 1 2 1655 1656 1651
1569 2 2 1 2 89 1659 1295
1570 2 2 1 2 1659 428 1660
1571 2 2 1 2 1295 1660 335
1572 2 2 1 2 1659 1660 1295
1573 2 2 1 2 428 1661 1663
1574 2 2 1 2 1661 114 1662
1575 2 2 1 2 1663 1662 429
1576 2 2 1 2 1661 1662 1663
1577 2 2 1 2 335 1664 1298
1578 2 2 1 2 1664 429 1665
1579 2 2 1 2 1298 1665 26
1580 2 2 1 2 1664 1665 1298
1581 2 2 1 2 428 1663 1660
1582 2 2 1 2 1663 429 1664
1583 2 2 1 2 1660 1664 335
1584 2 2 1 2 1663 1664 1660
1585 2 2 1 2 113 1652 1646
1586 2 2 1 2 1652 427 1666
1587 2 2 1 2 1646 1666 424
1588 2 2 1 2 1652 1666 1646
1589 2 2 1 2 427 1658 1667
1590 2 2 1 2 1658 114 1661
1591 2 2 1 2 1667 1661 428
1592 2 2 1 2 1658 1661 1667
1593 2 2 1 2 424 1668 1649
1594 2 2 1 2 1668 428 1659
1595 2 2 1 2 1649 1659 89
1596 2 2 1 2 1668 1659 1649
1597 2 2 1 2 427 1667 1666
1598 2 2 1 2 1667 428 1668
1599 2 2 1 2 1666 1668 424
1600 2 2 1 2 1667 1668 1666
1601 2 2 1 2 33 1669 1671
1602 2 2 1 2 1669 430 1670
1603 2 2 1 2 1671 1670 432
1604 2 2 1 2 1669 1670 1671
1605 2 2 1 2 430 1672 1674
1606 2 2 1 2 1672 115 1673
1607 2 2 1 2 1674 1673 431
1608 2 2 1 2 1672 1673 1674
1609 2 2 1 2 432 1675 1677
1610 2 2 1 2 1675 431 1676
1611 2 2 1 2 1677 1676 117
1612 2 2 1 2 1675 1676 1677
1613 2 2 1 2 430 1674 1670
1614 2 2 1 2 1674 431 1675
1615 2 2 1 2 1670 1675 432
1616 2 2 1 2 1674 1675 1670
1617 2 2 1 2 115 1678 1680
1618 2 2 1 2 1678 433 1679
1619 2 2 1 2 1680 1679 435
1620 2 2 1 2 1678 1679 1680
1621 2 2 1 2 433 1681 1683
1622 2 2 1 2 1681 11 1682
1623 2 2 1 2 1683 1682 434
1624 2 2 1 2 1681 1682 1683
1625 2 2 1 2 435 1684 1686
1626 2 2 1 2 1684 434 1685
1627 2 2 1 2 1686 1685 116
1628 2 2 1 2 1684 1685 1686
1629 2 2 1 2 433 1683 1679
1630 2 2 1 2 1683 434 1684
1631 2 2 1 2 1679 1684 435
1632 2 2 1 2 1683 1684 1679
1633 2 2 1 2 117 1687 1689
1634 2 2 1 2 1687 436 1688
1635 2 2 1 2 1689 1688 438
1636 2 2 1 2 1687 1688 1689
1637 2 2 1 2 436 1690 1692
1638 2 2 1 2 1690 116 1691
1639 2 2 1 2 1692 1691 437
1640 2 2 1 2 1690 1691 1692
1641 2 2 1 2 438 1693 1695
1642 2 2 1 2 1693 437 1694
1643 2 2 1 2 1695 1694 34
1644 2 2 1 2 1693 1694 1695
1645 2 2 1 2 436 1692 1688
1646 2 2 1 2 1692 437 1693
1647 2 2 1 2 1688 1693 438
1648 2 2 1 2 1692 1693 1688
1649 2 2 1 2 115 1680 1673
1650 2 2 1 2 1680 435 1696
1651 2 2 1 2 1673 1696 431
1652 2 2 1 2 1680 1696 1673
1653 2 2 1 2 435 1686 1697
1654 2 2 1 2 1686 116 1690
1655 2 2 1 2 1697 1690 436
1656 2 2 1 2 1686 1690 1697
1657 2 2 1 2 431 1698 1676
1658 2 2 1 2 1698 436 1687
1659 2 2 1 2 1676 1687 117
1660 2 2 1 2 1698 1687 1676
1661 2 2 1 2 435 1697 1696
1662 2 2 1 2 1697 436 1698
1663 2 2 1 2 1696 1698 431
1664 2 2 1 2 1697 1698 1696
1665 2 2 1 2 26 1699 1316
1666 2 2 1 2 1699 439 1700
1667 2 2 1 2 1316 1700 341
1668 2 2 1 2 1699 1700 1316
1669 2 2 1 2 439 1701 1703
1670 2 2 1 2 1701 118 1702
1671 2 2 1 2 1703 1702 440
1672 2 2 1 2 1701 1702 1703
1673 2 2 1 2 341 1704 1319
1674 2 2 1 2 1704 440 1705
1675 2 2 1 2 1319 1705 92
1676 2 2 1 2 1704 1705 1319
1677 2 2 1 2 439 1703 1700
1678 2 2 1 2 1703 440 1704
1679 2 2 1 2 1700 1704 341
1680 2 2 1 2 1703 1704 1700
1681 2 2 1 2 118 1706 1708
1682 2 2 1 2 1706 441 1707
1683 2 2 1 2 1708 1707 443
1684 2 2 1 2 1706 1707 1708
1685 2 2 1 2 441 1709 1711
1686 2 2 1 2 1709 34 1710
1687 2 2 1 2 1711 1710 442
1688 2 2 1 2 1709 1710 1711
1689 2 2 1 2 443 1712 1714
1690 2 2 1 2 1712 442 1713
1691 2 2 1 2 1714 1713 119
1692 2 2 1 2 1712 1713 1714
1693 2 2 1 2 441 1711 1707
1694 2 2 1 2 1711 442 1712
1695 2 2 1 2 1707 1712 443
1696 2 2 1 2 1711 1712 1707
1697 2 2 1 2 92 1715 1325
1698 2 2 1 2 1715 444 1716
1699 2 2 1 2 1325 1716 344
1700 2 2 1 2 1715 1716 1325
1701 2 2 1 2 444 1717 1719
1702 2 2 1 2 1717 119 1718
1703 2 2 1 2 1719 1718 445
1704 2 2 1 2 1717 1718 1719
1705 2 2 1 2 344 1720 1328
1706 2 2 1 2 1720 445 1721
1707 2 2 1 2 1328 1721 3
1708 2 2 1 2 1720 1721 1328
1709 2 2 1 2 444 1719 1716
1710 2 2 1 2 1719 445 1720
1711 2 2 1 2 1716 1720 344
1712 2 2 1 2 1719 1720 1716
1713 2 2 1 2 118 1708 1702
1714 2 2 1 2 1708 443 1722
1715 2 2 1 2 1702 1722 440
1716 2 2 1 2 1708 1722 1702
1717 2 2 1 2 443 1714 1723
1718 2 2 1 2 1714 119 1717
1719 2 2 1 2 1723 1717 444
1720 2 2 1 2 1714 1717 1723
1721 2 2 1 2 440 1724 1705
1722 2 2 1 2 1724 444 1715
1723 2 2 1 2 1705 1715 92
1724 2 2 1 2 1724 1715 1705
1725 2 2 1 2 443 1723 1722
1726 2 2 1 2 1723 444 1724
1727 2 2 1 2 1722 1724 440
1728 2 2 1 2 1723 1724 1722
1729 2 2 1 2 33 1671 1654
1730 2 2 1 2 1671 432 1725
1731 2 2 1 2 1654 1725 426
1732 2 2 1 2 1671 1725 1654
1733 2 2 1 2 432 1677 1727
1734 2 2 1 2 1677 117 1726
1735 2 2 1 2 1727 1726 446
1736 2 2 1 2 1677 1726 1727
1737 2 2 1 2 426 1728 1657
1738 2 2 1 2 1728 446 1729
1739 2 2 1 2 1657 1729 114
1740 2 2 1 2 1728 1729 1657
1741 2 2 1 2 432 1727 1725
1742 2 2 1 2 1727 446 1728
1743 2 2 1 2 1725 1728 426
1744 2 2 1 2 1727 1728 1725
1745 2 2 1 2 117 1689 1731
1746 2 2 1 2 1689 438 1730
1747 2 2 1 2 1731 1730 447
1748 2 2 1 2 1689 1730 1731
1749 2 2 1 2 438 1695 1732
1750 2 2 1 2 1695 34 1709
1751 2 2 1 2 1732 1709 441
1752 2 2 1 2 1695 1709 1732
1753 2 2 1 2 447 1733 1734
1754 2 2 1 2 1733 441 1706
1755 2 2 1 2 1734 1706 118
1756 2 2 1 2 1733 1706 1734
1757 2 2 1 2 438 1732 1730
1758 2 2 1 2 1732 441 1733
1759 2 2 1 2 1730 1733 447
1760 2 2 1 2 1732 1733 1730
1761 2 2 1 2 114 1735 1662
1762 2 2 1 2 1735 448 1736
1763 2 2 1 2 1662 1736 429
1764 2 2 1 2 1735 1736 1662
1765 2 2 1 2 448 1737 1738
1766 2 2 1 2 1737 118 1701
1767 2 2 1 2 1738 1701 439
1768 2 2 1 2 1737 1701 1738
1769 2 2 1 2 429 1739 1665
1770 2 2 1 2 1739 439 1699
1771 2 2 1 2 1665 1699 26
1772 2 2 1 2 1739 1699 1665
1773 2 2 1 2 448 1738 1736
1774 2 2 1 2 1738 439 1739
1775 2 2 1 2 1736 1739 429
1776 2 2 1 2 1738 1739 1736
1777 2 2 1 2 117 1731 1726
1778 2 2 1 2 1731 447 1740
1779 2 2 1 2 1726 1740 446
1780 2 2 1 2 1731 1740 1726
1781 2 2 1 2 447 1734 1741
1782 2 2 1 2 1734 118 1737
1783 2 2 1 2 1741 1737 448
1784 2 2 1 2 1734 1737 1741
1785 2 2 1 2 446 1742 1729
1786 2 2 1 2 1742 448 1735
1787 2 2 1 2 1729 1735 114
1788 2 2 1 2 1742 1735 1729
1789 2 2 1 2 447 1741 1740
1790 2 2 1 2 1741 448 1742
1791 2 2 1 2 1740 1742 446
1792 2 2 1 2 1741 1742 1740
1793 2 2 1 2 10 1537 1474
1794 2 2 1 2 1537 395 1743
1795 2 2 1 2 1474 1743 378
1796 2 2 1 2 1537 1743 1474
1797 2 2 1 2 395 1543 1745
1798 2 2 1 2 1543 106 1744
1799 2 2 1 2 1745 1744 449
1800 2 2 1 2 1543 1744 1745
1801 2 2 1 2 378 1746 1477
1802 2 2 1 2 1746 449 1747
1803 2 2 1 2 1477 1747 100
1804 2 2 1 2 1746 1747 1477
1805 2 2 1 2 395 1745 1743
1806 2 2 1 2 1745 449 1746
1807 2 2 1 2 1743 1746 378
1808 2 2 1 2 1745 1746 1743
1809 2 2 1 2 106 1555 1749
1810 2 2 1 2 1555 401 1748
1811 2 2 1 2 1749 1748 451
1812 2 2 1 2 1555 1748 1749
1813 2 2 1 2 401 1561 1751
1814 2 2 1 2 1561 32 1750
1815 2 2 1 2 1751 1750 450
1816 2 2 1 2 1561 1750 1751
1817 2 2 1 2 451 1752 1754
1818 2 2 1 2 1752 450 1753
1819 2 2 1 2 1754 1753 120
1820 2 2 1 2 1752 1753 1754
1821 2 2 1 2 401 1751 1748
1822 2 2 1 2 1751 450 1752
1823 2 2 1 2 1748 1752 451
1824 2 2 1 2 1751 1752 1748
1825 2 2 1 2 100 1755 1483
1826 2 2 1 2 1755 452 1756
1827 2 2 1 2 1483 1756 381
1828 2 2 1 2 1755 1756 1483
1829 2 2 1 2 452 1757 1759
1830 2 2 1 2 1757 120 1758
1831 2 2 1 2 1759 1758 453
1832 2 2 1 2 1757 1758 1759
1833 2 2 1 2 381 1760 1486
1834 2 2 1 2 1760 453 1761
1835 2 2 1 2 1486 1761 29
1836 2 2 1 2 1760 1761 1486
1837 2 2 1 2 452 1759 1756
1838 2 2 1 2 1759 453 1760
1839 2 2 1 2 1756 1760 381
1840 2 2 1 2 1759 1760 1756
1841 2 2 1 2 106 1749 1744
1842 2 2 1 2 1749 451 1762
1843 2 2 1 2 1744 1762 449
1844 2 2 1 2 1749 1762 1744
1845 2 2 1 2 451 1754 1763
1846 2 2 1 2 1754 120 1757
1847 2 2 1 2 1763 1757 452
1848 2 2 1 2 1754 1757 1763
1849 2 2 1 2 449 1764 1747
1850 2 2 1 2 1764 452 1755
1851 2 2 1 2 1747 1755 100
1852 2 2 1 2 1764 1755 1747
1853 2 2 1 2 451 1763 1762
1854 2 2 1 2 1763 452 1764
1855 2 2 1 2 1762 1764 449
1856 2 2 1 2 1763 1764 1762
1857 2 2 1 2 32 1597 1766
1858 2 2 1 2 1597 413 1765
1859 2 2 1 2 1766 1765 455
1860 2 2 1 2 1597 1765 1766
1861 2 2 1 2 413 1603 1768
1862 2 2 1 2 1603 112 1767
1863 2 2 1 2 1768 1767 454
1864 2 2 1 2 1603 1767 1768
1865 2 2 1 2 455 1769 1771
1866 2 2 1 2 1769 454 1770
1867 2 2 1 2 1771 1770 121
1868 2 2 1 2 1769 1770 1771
1869 2 2 1 2 413 1768 1765
1870 2 2 1 2 1768 454 1769
1871 2 2 1 2 1765 1769 455
1872 2 2 1 2 1768 1769 1765
1873 2 2 1 2 112 1615 1773
1874 2 2 1 2 1615 419 1772
1875 2 2 1 2 1773 1772 456
1876 2 2 1 2 1615 1772 1773
1877 2 2 1 2 419 1621 1774
1878 2 2 1 2 1621 11 1681
1879 2 2 1 2 1774 1681 433
1880 2 2 1 2 1621 1681 1774
1881 2 2 1 2 456 1775 1776
1882 2 2 1 2 1775 433 1678
1883 2 2 1 2 1776 1678 115
1884 2 2 1 2 1775 1678 1776
1885 2 2 1 2 419 1774 1772
1886 2 2 1 2 1774 433 1775
1887 2 2 1 2 1772 1775 456
1888 2 2 1 2 1774 1775 1772
1889 2 2 1 2 121 1777 1779
1890 2 2 1 2 1777 457 1778
1891 2 2 1 2 1779 1778 458
1892 2 2 1 2 1777 1778 1779
1893 2 2 1 2 457 1780 1781
1894 2 2 1 2 1780 115 1672
1895 2 2 1 2 1781 1672 430
1896 2 2 1 2 1780 1672 1781
1897 2 2 1 2 458 1782 1783
1898 2 2 1 2 1782 430 1669
1899 2 2 1 2 1783 1669 33
1900 2 2 1 2 1782 1669 1783
1901 2 2 1 2 457 1781 1778
1902 2 2 1 2 1781 430 1782
1903 2 2 1 2 1778 1782 458
1904 2 2 1 2 1781 1782 1778
1905 2 2 1 2 112 1773 1767
1906 2 2 1 2 1773 456 1784
1907 2 2 1 2 1767 1784 454
1908 2 2 1 2 1773 1784 1767
1909 2 2 1 2 456 1776 1785
1910 2 2 1 2 1776 115 1780
1911 2 2 1 2 1785 1780 457
1912 2 2 1 2 1776 1780 1785
1913 2 2 1 2 454 1786 1770
1914 2 2 1 2 1786 457 1777
1915 2 2 1 2 1770 1777 121
1916 2 2 1 2 1786 1777 1770
1917 2 2 1 2 456 1785 1784
1918 2 2 1 2 1785 457 1786
1919 2 2 1 2 1784 1786 454
1920 2 2 1 2 1785 1786 1784
1921 2 2 1 2 29 1787 1502
1922 2 2 1 2 1787 459 1788
1923 2 2 1 2 1502 1788 386
1924 2 2 1 2 1787 1788 1502
1925 2 2 1 2 459 1789 1791
1926 2 2 1 2 1789 122 1790
1927 2 2 1 2 1791 1790 460
1928 2 2 1 2 1789 1790 1791
1929 2 2 1 2 386 1792 1505
1930 2 2 1 2 1792 460 1793
1931 2 2 1 2 1505 1793 103
1932 2 2 1 2 1792 1793 1505
1933 2 2 1 2 459 1791 1788
1934 2 2 1 2 1791 460 1792
1935 2 2 1 2 1788 1792 386
1936 2 2 1 2 1791 1792 1788
1937 2 2 1 2 122 1794 1796
1938 2 2 1 2 1794 461 1795
1939 2 2 1 2 1796 1795 462
1940 2 2 1 2 1794 1795 1796
1941 2 2 1 2 461 1797 1798
1942 2 2 1 2 1797 33 1653
1943 2 2 1 2 1798 1653 425
1944 2 2 1 2 1797 1653 1798
1945 2 2 1 2 462 1799 1800
1946 2 2 1 2 1799 425 1650
1947 2 2 1 2 1800 1650 113
1948 2 2 1 2 1799 1650 1800
1949 2 2 1 2 461 1798 1795
1950 2 2 1 2 1798 425 1799
1951 2 2 1 2 1795 1799 462
1952 2 2 1 2 1798 1799 1795
1953 2 2 1 2 103 1801 1510
1954 2 2 1 2 1801 463 1802
1955 2 2 1 2 1510 1802 389
1956 2 2 1 2 1801 1802 1510
1957 2 2 1 2 463 1803 1804
1958 2 2 1 2 1803 113 1645
1959 2 2 1 2 1804 1645 423
1960 2 2 1 2 1803 1645 1804
1961 2 2 1 2 389 1805 1513
1962 2 2 1 2 1805 423 1643
1963 2 2 1 2 1513 1643 8
1964 2 2 1 2 1805 1643 1513
1965 2 2 1 2 463 1804 1802
1966 2 2 1 2 1804 423 1805
1967 2 2 1 2 1802 1805 389
1968 2 2 1 2 1804 1805 1802
1969 2 2 1 2 122 1796 1790
1970 2 2 1 2 1796 462 1806
1971 2 2 1 2 1790 1806 460
1972 2 2 1 2 1796 1806 1790
1973 2 2 1 2 462 1800 1807
1974 2 2 1 2 1800 113 1803
1975 2 2 1 2 1807 1803 463
1976 2 2 1 2 1800 1803 1807
1977 2 2 1 2 460 1808 1793
1978 2 2 1 2 1808 463 1801
1979 2 2 1 2 1793 1801 103
1980 2 2 1 2 1808 1801 1793
1981 2 2 1 2 462 1807 1806
1982 2 2 1 2 1807 463 1808
1983 2 2 1 2 1806 1808 460
1984 2 2 1 2 1807 1808 1806
1985 2 2 1 2 32 1766 1750
1986 2 2 1 2 1766 455 1809
1987 2 2 1 2 1750 1809 450
1988 2 2 1 2 1766 1809 1750
1989 2 2 1 2 455 1771 1811
1990 2 2 1 2 1771 121 1810
1991 2 2 1 2 1811 1810 464
1992 2 2 1 2 1771 1810 1811
1993 2 2 1 2 450 1812 1753
1994 2 2 1 2 1812 464 1813
1995 2 2 1 2 1753 1813 120
1996 2 2 1 2 1812 1813 1753
1997 2 2 1 2 455 1811 1809
1998 2 2 1 2 1811 464 1812
1999 2 2 1 2 1809 1812 450
2000 2 2 1 2 1811 1812 1809
2001 2 2 1 2 121 1779 1815
2002 2 2 1 2 1779 458 1814
2003 2 2 1 2 1815 1814 465
2004 2 2 1 2 1779 1814 1815
2005 2 2 1 2 458 1783 1816
2006 2 2 1 2 1783 33 1797
2007 2 2 1 2 1816 1797 461
2008 2 2 1 2 1783 1797 1816
2009 2 2 1 2 465 1817 1818
2010 2 2 1 2 1817 461 1794
2011 2 2 1 2 1818 1794 122
2012 2 2 1 2 1817 1794 1818
2013 2 2 1 2 458 1816 1814
2014 2 2 1 2 1816 461 1817
2015 2 2 1 2 1814 1817 465
2016 2 2 1 2 1816 1817 1814
2017 2 2 1 2 120 1819 1758
2018 2 2 1 2 1819 466 1820
2019 2 2 1 2 1758 1820 453
2020 2 2 1 2 1819 1820 1758
2021 2 2 1 2 466 1821 1822
2022 2 2 1 2 1821 122 1789
2023 2 2 1 2 1822 1789 459
2024 2 2 1 2 1821 1789 1822
2025 2 2 1 2 453 1823 1761
2026 2 2 1 2 1823 459 1787
2027 2 2 1 2 1761 1787 29
2028 2 2 1 2 1823 1787 1761
2029 2 2 1 2 466 1822 1820
2030 2 2 1 2 1822 459 1823
2031 2 2 1 2 1820 1823 453
2032 2 2 1 2 1822 1823 1820
2033 2 2 1 2 121 1815 1810
2034 2 2 1 2 1815 465 1824
2035 2 2 1 2 1810 1824 464
2036 2 2 1 2 1815 1824 1810
2037 2 2 1 2 465 1818 1825
2038 2 2 1 2 1818 122 1821
2039 2 2 1 2 1825 1821 466
2040 2 2 1 2 1818 1821 1825
2041 2 2 1 2 464 1826 1813
2042 2 2 1 2 1826 466 1819
2043 2 2 1 2 1813 1819 120
2044 2 2 1 2 1826 1819 1813
2045 2 2 1 2 465 1825 1824
2046 2 2 1 2 1825 466 1826
2047 2 2 1 2 1824 1826 464
2048 2 2 1 2 1825 1826 1824
2049 2 2 1 2 4 1827 1578
2050 2 2 1 2 1827 467 1828
2051 2 2 1 2 1578 1828 406
2052 2 2 1 2 1827 1828 1578
2053 2 2 1 2 467 1829 1831
2054 2 2 1 2 1829 123 1830
2055 2 2 1 2 1831 1830 468
2056 2 2 1 2 1829 1830 1831
2057 2 2 1 2 406 1832 1581
2058 2 2 1 2 1832 468 1833
2059 2 2 1 2 1581 1833 108
2060 2 2 1 2 1832 1833 1581
2061 2 2 1 2 467 1831 1828
2062 2 2 1 2 1831 468 1832
2063 2 2 1 2 1828 1832 406
2064 2 2 1 2 1831 1832 1828
2065 2 2 1 2 123 1834 1836
2066 2 2 1 2 1834 469 1835
2067 2 2 1 2 1836 1835 471
2068 2 2 1 2 1834 1835 1836
2069 2 2 1 2 469 1837 1839
2070 2 2 1 2 1837 35 1838
2071 2 2 1 2 1839 1838 470
2072 2 2 1 2 1837 1838 1839
2073 2 2 1 2 471 1840 1842
2074 2 2 1 2 1840 470 1841
2075 2 2 1 2 1842 1841 124
2076 2 2 1 2 1840 1841 1842
2077 2 2 1 2 469 1839 1835
2078 2 2 1 2 1839 470 1840
2079 2 2 1 2 1835 1840 471
2080 2 2 1 2 1839 1840 1835
2081 2 2 1 2 108 1843 1587
2082 2 2 1 2 1843 472 1844
2083 2 2 1 2 1587 1844 409
2084 2 2 1 2 1843 1844 1587
2085 2 2 1 2 472 1845 1847
2086 2 2 1 2 1845 124 1846
2087 2 2 1 2 1847 1846 473
2088 2 2 1 2 1845 1846 1847
2089 2 2 1 2 409 1848 1590
2090 2 2 1 2 1848 473 1849
2091 2 2 1 2 1590 1849 31
2092 2 2 1 2 1848 1849 1590
2093 2 2 1 2 472 1847 1844
2094 2 2 1 2 1847 473 1848
2095 2 2 1 2 1844 1848 409
2096 2 2 1 2 1847 1848 1844
2097 2 2 1 2 123 1836 1830
2098 2 2 1 2 1836 471 1850
2099 2 2 1 2 1830 1850 468
2100 2 2 1 2 1836 1850 1830
2101 2 2 1 2 471 1842 1851
2102 2 2 1 2 1842 124 1845
2103 2 2 1 2 1851 1845 472
2104 2 2 1 2 1842 1845 1851
2105 2 2 1 2 468 1852 1833
2106 2 2 1 2 1852 472 1843
2107 2 2 1 2 1833 1843 108
2108 2 2 1 2 1852 1843 1833
2109 2 2 1 2 471 1851 1850
2110 2 2 1 2 1851 472 1852
2111 2 2 1 2 1850 1852 468
2112 2 2 1 2 1851 1852 1850
2113 2 2 1 2 35 1853 1855
2114 2 2 1 2 1853 474 1854
2115 2 2 1 2 1855 1854 476
2116 2 2 1 2 1853 1854 1855
2117 2 2 1 2 474 1856 1858
2118 2 2 1 2 1856 125 1857
2119 2 2 1 2 1858 1857 475
2120 2 2 1 2 1856 1857 1858
2121 2 2 1 2 476 1859 1861
2122 2 2 1 2 1859 475 1860
2123 2 2 1 2 1861 1860 127
2124 2 2 1 2 1859 1860 1861
2125 2 2 1 2 474 1858 1854
2126 2 2 1 2 1858 475 1859
2127 2 2 1 2 1854 1859 476
2128 2 2 1 2 1858 1859 1854
2129 2 2 1 2 125 1862 1864
2130 2 2 1 2 1862 477 1863
2131 2 2 1 2 1864 1863 479
2132 2 2 1 2 1862 1863 1864
2133 2 2 1 2 477 1865 1867
2134 2 2 1 2 1865 12 1866
2135 2 2 1 2 1867 1866 478
2136 2 2 1 2 1865 1866 1867
2137 2 2 1 2 479 1868 1870
2138 2 2 1 2 1868 478 1869
2139 2 2 1 2 1870 1869 126
2140 2 2 1 2 1868 1869 1870
2141 2 2 1 2 477 1867 1863
2142 2 2 1 2 1867 478 1868
2143 2 2 1 2 1863 1868 479
2144 2 2 1 2 1867 1868 1863
2145 2 2 1 2 127 1871 1873
2146 2 2 1 2 1871 480 1872
2147 2 2 1 2 1873 1872 482
2148 2 2 1 2 1871 1872 1873
2149 2 2 1 2 480 1874 1876
2150 2 2 1 2 1874 126 1875
2151 2 2 1 2 1876 1875 481
2152 2 2 1 2 1874 1875 1876
2153 2 2 1 2 482 1877 1879
2154 2 2 1 2 1877 481 1878
2155 2 2 1 2 1879 1878 36
2156 2 2 1 2 1877 1878 1879
2157 2 2 1 2 480 1876 1872
2158 2 2 1 2 1876 481 1877
2159 2 2 1 2 1872 1877 482
2160 2 2 1 2 1876 1877 1872
2161 2 2 1 2 125 1864 1857
2162 2 2 1 2 1864 479 1880
2163 2 2 1 2 1857 1880 475
2164 2 2 1 2 1864 1880 1857
2165 2 2 1 2 479 1870 1881
2166 2 2 1 2 1870 126 1874
2167 2 2 1 2 1881 1874 480
2168 2 2 1 2 1870 1874 1881
2169 2 2 1 2 475 1882 1860
2170 2 2 1 2 1882 480 1871
2171 2 2 1 2 1860 1871 127
2172 2 2 1 2 1882 1871 1860
2173 2 2 1 2 479 1881 1880
2174 2 2 1 2 1881 480 1882
2175 2 2 1 2 1880 1882 475
2176 2 2 1 2 1881 1882 1880
2177 2 2 1 2 31 1883 1608
2178 2 2 1 2 1883 483 1884
2179 2 2 1 2 1608 1884 415
2180 2 2 1 2 1883 1884 1608
2181 2 2 1 2 483 1885 1887
2182 2 2 1 2 1885 128 1886
2183 2 2 1 2 1887 1886 484
2184 2 2 1 2 1885 1886 1887
2185 2 2 1 2 415 1888 1611
2186 2 2 1 2 1888 484 1889
2187 2 2 1 2 1611 1889 111
2188 2 2 1 2 1888 1889 1611
2189 2 2 1 2 483 1887 1884
2190 2 2 1 2 1887 484 1888
2191 2 2 1 2 1884 1888 415
2192 2 2 1 2 1887 1888 1884
2193 2 2 1 2 128 1890 1892
2194 2 2 1 2 1890 485 1891
2195 2 2 1 2 1892 1891 487
2196 2 2 1 2 1890 1891 1892
2197 2 2 1 2 485 1893 1895
2198 2 2 1 2 1893 36 1894
2199 2 2 1 2 1895 1894 486
2200 2 2 1 2 1893 1894 1895
2201 2 2 1 2 487 1896 1898
2202 2 2 1 2 1896 486 1897
2203 2 2 1 2 1898 1897 129
2204 2 2 1 2 1896 1897 1898
2205 2 2 1 2 485 1895 1891
2206 2 2 1 2 1895 486 1896
2207 2 2 1 2 1891 1896 487
2208 2 2 1 2 1895 1896 1891
2209 2 2 1 2 111 1899 1617
2210 2 2 1 2 1899 488 1900
2211 2 2 1 2 1617 1900 418
2212 2 2 1 2 1899 1900 1617
2213 2 2 1 2 488 1901 1903
2214 2 2 1 2 1901 129 1902
2215 2 2 1 2 1903 1902 489
2216 2 2 1 2 1901 1902 1903
2217 2 2 1 2 418 1904 1620
2218 2 2 1 2 1904 489 1905
2219 2 2 1 2 1620 1905 11
2220 2 2 1 2 1904 1905 1620
2221 2 2 1 2 488 1903 1900
2222 2 2 1 2 1903 489 1904
2223 2 2 1 2 1900 1904 418
2224 2 2 1 2 1903 1904 1900
2225 2 2 1 2 128 1892 1886
2226 2 2 1 2 1892 487 1906
2227 2 2 1 2 1886 1906 484
2228 2 2 1 2 1892 1906 1886
2229 2 2 1 2 487 1898 1907
2230 2 2 1 2 1898 129 1901
2231 2 2 1 2 1907 1901 488
2232 2 2 1 2 1898 1901 1907
2233 2 2 1 2 484 1908 1889
2234 2 2 1 2 1908 488 1899
2235 2 2 1 2 1889 1899 111
2236 2 2 1 2 1908 1899 1889
2237 2 2 1 2 487 1907 1906
2238 2 2 1 2 1907 488 1908
2239 2 2 1 2 1906 1908 484
2240 2 2 1 2 1907 1908 1906
2241 2 2 1 2 35 1855 1838
2242 2 2 1 2 1855 476 1909
2243 2 2 1 2 1838 1909 470
2244 2 2 1 2 1855 1909 1838
2245 2 2 1 2 476 1861 1911
2246 2 2 1 2 1861 127 1910
2247 2 2 1 2 1911 1910 490
2248 2 2 1 2 1861 1910 1911
2249 2 2 1 2 470 1912 1841
2250 2 2 1 2 1912 490 1913
2251 2 2 1 2 1841 1913 124
2252 2 2 1 2 1912 1913 1841
2253 2 2 1 2 476 1911 1909
2254 2 2 1 2 1911 490 1912
2255 2 2 1 2 1909 1912 470
2256 2 2 1 2 1911 1912 1909
2257 2 2 1 2 127 1873 1915
2258 2 2 1 2 1873 482 1914
2259 2 2 1 2 1915 1914 491
2260 2 2 1 2 1873 1914 1915
2261 2 2 1 2 482 1879 1916
2262 2 2 1 2 1879 36 1893
2263 2 2 1 2 1916 1893 485
2264 2 2 1 2 1879 1893 1916
2265 2 2 1 2 491 1917 1918
2266 2 2 1 2 1917 485 1890
2267 2 2 1 2 1918 1890 128
2268 2 2 1 2 1917 1890 1918
2269 2 2 1 2 482 1916 1914
2270 2 2 1 2 1916 485 1917
2271 2 2 1 2 1914 1917 491
2272 2 2 1 2 1916 1917 1914
2273 2 2 1 2 124 1919 1846
2274 2 2 1 2 1919 492 1920
2275 2 2 1 2 1846 1920 473
2276 2 2 1 2 1919 1920 1846
2277 2 2 1 2 492 1921 1922
2278 2 2 1 2 1921 128 1885
2279 2 2 1 2 1922 1885 483
2280 2 2 1 2 1921 1885 1922
2281 2 2 1 2 473 1923 1849
2282 2 2 1 2 1923 483 1883
2283 2 2 1 2 1849 1883 31
2284 2 2 1 2 1923 1883 1849
2285 2 2 1 2 492 1922 1920
2286 2 2 1 2 1922 483 1923
2287 2 2 1 2 1920 1923 473
2288 2 2 1 2 1922 1923 1920
2289 2 2 1 2 127 1915 1910
2290 2 2 1 2 1915 491 1924
2291 2 2 1 2 1910 1924 490
2292 2 2 1 2 1915 1924 1910
2293 2 2 1 2 491 1918 1925
2294 2 2 1 2 1918 128 1921
2295 2 2 1 2 1925 1921 492
2296 2 2 1 2 1918 1921 1925
2297 2 2 1 2 490 1926 1913
2298 2 2 1 2 1926 492 1919
2299 2 2 1 2 1913 1919 124
2300 2 2 1 2 1926 1919 1913
2301 2 2 1 2 491 1925 1924
2302 2 2 1 2 1925 492 1926
2303 2 2 1 2 1924 1926 490
2304 2 2 1 2 1925 1926 1924
2305 2 2 1 2 12 1927 1929
2306 2 2 1 2 1927 493 1928
2307 2 2 1 2 1929 1928 495
2308 2 2 1 2 1927 1928 1929
2309 2 2 1 2 493 1930 1932
2310 2 2 1 2 1930 130 1931
2311 2 2 1 2 1932 1931 494
2312 2 2 1 2 1930 1931 1932
2313 2 2 1 2 495 1933 1935
2314 2 2 1 2 1933 494 1934
2315 2 2 1 2 1935 1934 132
2316 2 2 1 2 1933 1934 1935
2317 2 2 1 2 493 1932 1928
2318 2 2 1 2 1932 494 1933
2319 2 2 1 2 1928 1933 495
2320 2 2 1 2 1932 1933 1928
2321 2 2 1 2 130 1936 1938
2322 2 2 1 2 1936 496 1937
2323 2 2 1 2 1938 1937 498
2324 2 2 1 2 1936 1937 1938
2325 2 2 1 2 496 1939 1941
2326 2 2 1 2 1939 37 1940
2327 2 2 1 2 1941 1940 497
2328 2 2 1 2 1939 1940 1941
2329 2 2 1 2 498 1942 1944
2330 2 2 1 2 1942 497 1943
2331 2 2 1 2 1944 1943 131
2332 2 2 1 2 1942 1943 1944
2333 2 2 1 2 496 1941 1937
2334 2 2 1 2 1941 497 1942
2335 2 2 1 2 1937 1942 498
2336 2 2 1 2 1941 1942 1937
2337 2 2 1 2 132 1945 1947
2338 2 2 1 2 1945 499 1946
2339 2 2 1 2 1947 1946 501
2340 2 2 1 2 1945 1946 1947
2341 2 2 1 2 499 1948 1950
2342 2 2 1 2 1948 131 1949
2343 2 2 1 2 1950 1949 500
2344 2 2 1 2 1948 1949 1950
2345 2 2 1 2 501 1951 1953
2346 2 2 1 2 1951 500 1952
2347 2 2 1 2 1953 1952 39
2348 2 2 1 2 1951 1952 1953
2349 2 2 1 2 499 1950 1946
2350 2 2 1 2 1950 500 1951
2351 2 2 1 2 1946 1951 501
2352 2 2 1 2 1950 1951 1946
2353 2 2 1 2 130 1938 1931
2354 2 2 1 2 1938 498 1954
2355 2 2 1 2 1931 1954 494
2356 2 2 1 2 1938 1954 1931
2357 2 2 1 2 498 1944 1955
2358 2 2 1 2 1944 131 1948
2359 2 2 1 2 1955 1948 499
2360 2 2 1 2 1944 1948 1955
2361 2 2 1 2 494 1956 1934
2362 2 2 1 2 1956 499 1945
2363 2 2 1 2 1934 1945 132
2364 2 2 1 2 1956 1945 1934
2365 2 2 1 2 498 1955 1954
2366 2 2 1 2 1955 499 1956
2367 2 2 1 2 1954 1956 494
2368 2 2 1 2 1955 1956 1954
2369 2 2 1 2 37 1957 1959
2370 2 2 1 2 1957 502 1958
2371 2 2 1 2 1959 1958 504
2372 2 2 1 2 1957 1958 1959
2373 2 2 1 2 502 1960 1962
2374 2 2 1 2 1960 133 1961
2375 2 2 1 2 1962 1961 503
2376 2 2 1 2 1960 1961 1962
2377 2 2 1 2 504 1963 1965
2378 2 2 1 2 1963 503 1964
2379 2 2 1 2 1965 1964 135
2380 2 2 1 2 1963 1964 1965
2381 2 2 1 2 502 1962 1958
2382 2 2 1 2 1962 503 1963
2383 2 2 1 2 1958 1963 504
2384 2 2 1 2 1962 1963 1958
2385 2 2 1 2 133 1966 1968
2386 2 2 1 2 1966 505 1967
2387 2 2 1 2 1968 1967 507
2388 2 2 1 2 1966 1967 1968
2389 2 2 1 2 505 1969 1971
2390 2 2 1 2 1969 5 1970
2391 2 2 1 2 1971 1970 506
2392 2 2 1 2 1969 1970 1971
2393 2 2 1 2 507 1972 1974
2394 2 2 1 2 1972 506 1973
2395 2 2 1 2 1974 1973 134
2396 2 2 1 2 1972 1973 1974
2397 2 2 1 2 505 1971 1967
2398 2 2 1 2 1971 506 1972
2399 2 2 1 2 1967 1972 507
2400 2 2 1 2 1971 1972 1967
2401 2 2 1 2 135 1975 1977
2402 2 2 1 2 1975 508 1976
2403 2 2 1 2 1977 1976 510
2404 2 2 1 2 1975 1976 1977
2405 2 2 1 2 508 1978 1980
2406 2 2 1 2 1978 134 1979
2407 2 2 1 2 1980 1979 509
2408 2 2 1 2 1978 1979 1980
2409 2 2 1 2 510 1981 1983
2410 2 2 1 2 1981 509 1982
2411 2 2 1 2 1983 1982 38
2412 2 2 1 2 1981 1982 1983
2413 2 2 1 2 508 1980 1976
2414 2 2 1 2 1980 509 1981
2415 2 2 1 2 1976 1981 510
2416 2 2 1 2 1980 1981 1976
2417 2 2 1 2 133 1968 1961
2418 2 2 1 2 1968 507 1984
2419 2 2 1 2 1961 1984 503
2420 2 2 1 2 1968 1984 1961
2421 2 2 1 2 507 1974 1985
2422 2 2 1 2 1974 134 1978
2423 2 2 1 2 1985 1978 508
2424 2 2 1 2 1974 1978 1985
2425 2 2 1 2 503 1986 1964
2426 2 2 1 2 1986 508 1975
2427 2 2 1 2 1964 1975 135
2428 2 2 1 2 1986 1975 1964
2429 2 2 1 2 507 1985 1984
2430 2 2 1 2 1985 508 1986
2431 2 2 1 2 1984 1986 503
2432 2 2 1 2 1985 1986 1984
2433 2 2 1 2 39 1987 1989
2434 2 2 1 2 1987 511 1988
2435 2 2 1 2 1989 1988 513
2436 2 2 1 2 1987 1988 1989
2437 2 2 1 2 511 1990 1992
2438 2 2 1 2 1990 136 1991
2439 2 2 1 2 1992 1991 512
2440 2 2 1 2 1990 1991 1992
2441 2 2 1 2 513 1993 1995
2442 2 2 1 2 1993 512 1994
2443 2 2 1 2 1995 1994 138
2444 2 2 1 2 1993 1994 1995
2445 2 2 1 2 511 1992 1988
2446 2 2 1 2 1992 512 1993
2447 2 2 1 2 1988 1993 513
2448 2 2 1 2 1992 1993 1988
2449 2 2 1 2 136 1996 1998
2450 2 2 1 2 1996 514 1997
2451 2 2 1 2 1998 1997 516
2452 2 2 1 2 1996 1997 1998
2453 2 2 1 2 514 1999 2001
2454 2 2 1 2 1999 38 2000
2455 2 2 1 2 2001 2000 515
2456 2 2 1 2 1999 2000 2001
2457 2 2 1 2 516 2002 2004
2458 2 2 1 2 2002 515 2003
2459 2 2 1 2 2004 2003 137
2460 2 2 1 2 2002 2003 2004
2461 2 2 1 2 514 2001 1997
2462 2 2 1 2 2001 515 2002
2463 2 2 1 2 1997 2002 516
2464 2 2 1 2 2001 2002 1997
2465 2 2 1 2 138 2005 2007
2466 2 2 1 2 2005 517 2006
2467 2 2 1 2 2007 2006 519
2468 2 2 1 2 2005 2006 2007
2469 2 2 1 2 517 2008 2010
2470 2 2 1 2 2008 137 2009
2471 2 2 1 2 2010 2009 518
2472 2 2 1 2 2008 2009 2010
2473 2 2 1 2 519 2011 2013
2474 2 2 1 2 2011 518 2012
2475 2 2 1 2 2013 2012 13
2476 2 2 1 2 2011 2012 2013
2477 2 2 1 2 517 2010 2006
2478 2 2 1 2 2010 518 2011
2479 2 2 1 2 2006 2011 519
2480 2 2 1 2 2010 2011 2006
2481 2 2 1 2 136 1998 1991
2482 2 2 1 2 1998 516 2014
2483 2 2 1 2 1991 2014 512
2484 2 2 1 2 1998 2014 1991
2485 2 2 1 2 516 2004 2015
2486 2 2 1 2 2004 137 2008
2487 2 2 1 2 2015 2008 517
2488 2 2 1 2 2004 2008 2015
2489 2 2 1 2 512 2016 1994
2490 2 2 1 2 2016 517 2005
2491 2 2 1 2 1994 2005 138
2492 2 2 1 2 2016 2005 1994
2493 2 2 1 2 516 2015 2014
2494 2 2 1 2 2015 517 2016
2495 2 2 1 2 2014 2016 512
2496 2 2 1 2 2015 2016 2014
2497 2 2 1 2 37 1959 1940
2498 2 2 1 2 1959 504 2017
2499 2 2 1 2 1940 2017 497
2500 2 2 1 2 1959 2017 1940
2501 2 2 1 2 504 1965 2019
2502 2 2 1 2 1965 135 2018
2503 2 2 1 2 2019 2018 520
2504 2 2 1 2 1965 2018 2019
2505 2 2 1 2 497 2020 1943
2506 2 2 1 2 2020 520 2021
2507 2 2 1 2 1943 2021 131
2508 2 2 1 2 2020 2021 1943
2509 2 2 1 2 504 2019 2017
2510 2 2 1 2 2019 520 2020
2511 2 2 1 2 2017 2020 497
2512 2 2 1 2 2019 2020 2017
2513 2 2 1 2 135 1977 2023
2514 2 2 1 2 1977 510 2022
2515 2 2 1 2 2023 2022 521
2516 2 2 1 2 1977 2022 2023
2517 2 2 1 2 510 1983 2024
2518 2 2 1 2 1983 38 1999
2519 2 2 1 2 2024 1999 514
2520 2 2 1 2 1983 1999 2024
2521 2 2 1 2 521 2025 2026
2522 2 2 1 2 2025 514 1996
2523 2 2 1 2 2026 1996 136
2524 2 2 1 2 2025 1996 2026
2525 2 2 1 2 510 2024 2022
2526 2 2 1 2 2024 514 2025
2527 2 2 1 2 2022 2025 521
2528 2 2 1 2 2024 2025 2022
2529 2 2 1 2 131 2027 1949
2530 2 2 1 2 2027 522 2028
2531 2 2 1 2 1949 2028 500
2532 2 2 1 2 2027 2028 1949
2533 2 2 1 2 522 2029 2030
2534 2 2 1 2 2029 136 1990
2535 2 2 1 2 2030 1990 511
2536 2 2 1 2 2029 1990 2030
2537 2 2 1 2 500 2031 1952
2538 2 2 1 2 2031 511 1987
2539 2 2 1 2 1952 1987 39
2540 2 2 1 2 2031 1987 1952
2541 2 2 1 2 522 2030 2028
2542 2 2 1 2 2030 511 2031
2543 2 2 1 2 2028 2031 500
2544 2 2 1 2 2030 2031 2028
2545 2 2 1 2 135 2023 2018
2546 2 2 1 2 2023 521 2032
2547 2 2 1 2 2018 2032 520
2548 2 2 1 2 2023 2032 2018
2549 2 2 1 2 521 2026 2033
2550 2 2 1 2 2026 136 2029
2551 2 2 1 2 2033 2029 522
2552 2 2 1 2 2026 2029 2033
2553 2 2 1 2 520 2034 2021
2554 2 2 1 2 2034 522 2027
2555 2 2 1 2 2021 2027 131
2556 2 2 1 2 2034 2027 2021
2557 2 2 1 2 521 2033 2032
2558 2 2 1 2 2033 522 2034
2559 2 2 1 2 2032 2034 520
2560 2 2 1 2 2033 2034 2032
2561 2 2 1 2 11 2035 1682
2562 2 2 1 2 2035 523 2036
2563 2 2 1 2 1682 2036 434
2564 2 2 1 2 2035 2036 1682
2565 2 2 1 2 523 2037 2039
2566 2 2 1 2 2037 139 2038
2567 2 2 1 2 2039 2038 524
2568 2 2 1 2 2037 2038 2039
2569 2 2 1 2 434 2040 1685
2570 2 2 1 2 2040 524 2041
2571 2 2 1 2 1685 2041 116
2572 2 2 1 2 2040 2041 1685
2573 2 2 1 2 523 2039 2036
2574 2 2 1 2 2039 524 2040
2575 2 2 1 2 2036 2040 434
2576 2 2 1 2 2039 2040 2036
2577 2 2 1 2 139 2042 2044
2578 2 2 1 2 2042 525 2043
2579 2 2 1 2 2044 2043 527
2580 2 2 1 2 2042 2043 2044
2581 2 2 1 2 525 2045 2047
2582 2 2 1 2 2045 40 2046
2583 2 2 1 2 2047 2046 526
2584 2 2 1 2 2045 2046 2047
2585 2 2 1 2 527 2048 2050
2586 2 2 1 2 2048 526 2049
2587 2 2 1 2 2050 2049 140
2588 2 2 1 2 2048 2049 2050
2589 2 2 1 2 525 2047 2043
2590 2 2 1 2 2047 526 2048
2591 2 2 1 2 2043 2048 527
2592 2 2 1 2 2047 2048 2043
2593 2 2 1 2 116 2051 1691
2594 2 2 1 2 2051 528 2052
2595 2 2 1 2 1691 2052 437
2596 2 2 1 2 2051 2052 1691
2597 2 2 1 2 528 2053 2055
2598 2 2 1 2 2053 140 2054
2599 2 2 1 2 2055 2054 529
2600 2 2 1 2 2053 2054 2055
2601 2 2 1 2 437 2056 1694
2602 2 2 1 2 2056 529 2057
2603 2 2 1 2 1694 2057 34
2604 2 2 1 2 2056 2057 1694
2605 2 2 1 2 528 2055 2052
2606 2 2 1 2 2055 529 2056
2607 2 2 1 2 2052 2056 437
2608 2 2 1 2 2055 2056 2052
2609 2 2 1 2 139 2044 2038
2610 2 2 1 2 2044 527 2058
2611 2 2 1 2 2038 2058 524
2612 2 2 1 2 2044 2058 2038
2613 2 2 1 2 527 2050 2059
2614 2 2 1 2 2050 140 2053
2615 2 2 1 2 2059 2053 528
2616 2 2 1 2 2050 2053 2059
2617 2 2 1 2 524 2060 2041
2618 2 2 1 2 2060 528 2051
2619 2 2 1 2 2041 2051 116
2620 2 2 1 2 2060 2051 2041
2621 2 2 1 2 527 2059 2058
2622 2 2 1 2 2059 528 2060
2623 2 2 1 2 2058 2060 524
2624 2 2 1 2 2059 2060 2058
2625 2 2 1 2 40 2061 2063
2626 2 2 1 2 2061 530 2062
2627 2 2 1 2 2063 2062 532
2628 2 2 1 2 2061 2062 2063
2629 2 2 1 2 530 2064 2066
2630 2 2 1 2 2064 141 2065
2631 2 2 1 2 2066 2065 531
2632 2 2 1 2 2064 2065 2066
2633 2 2 1 2 532 2067 2069
2634 2 2 1 2 2067 531 2068
2635 2 2 1 2 2069 2068 143
2636 2 2 1 2 2067 2068 2069
2637 2 2 1 2 530 2066 2062
2638 2 2 1 2 2066 531 2067
2639 2 2 1 2 2062 2067 532
2640 2 2 1 2 2066 2067 2062
2641 2 2 1 2 141 2070 2072
2642 2 2 1 2 2070 533 2071
2643 2 2 1 2 2072 2071 535
2644 2 2 1 2 2070 2071 2072
2645 2 2 1 2 533 2073 2075
2646 2 2 1 2 2073 13 2074
2647 2 2 1 2 2075 2074 534
2648 2 2 1 2 2073 2074 2075
2649 2 2 1 2 535 2076 2078
2650 2 2 1 2 2076 534 2077
2651 2 2 1 2 2078 2077 142
2652 2 2 1 2 2076 2077 2078
2653 2 2 1 2 533 2075 2071
2654 2 2 1 2 2075 534 2076
2655 2 2 1 2 2071 2076 535
2656 2 2 1 2 2075 2076 2071
2657 2 2 1 2 143 2079 2081
2658 2 2 1 2 2079 536 2080
2659 2 2 1 2 2081 2080 538
2660 2 2 1 2 2079 2080 2081
2661 2 2 1 2 536 2082 2084
2662 2 2 1 2 2082 142 2083
2663 2 2 1 2 2084 2083 537
2664 2 2 1 2 2082 2083 2084
2665 2 2 1 2 538 2085 2087
2666 2 2 1 2 2085 537 2086
2667 2 2 1 2 2087 2086 41
2668 2 2 1 2 2085 2086 2087
2669 2 2 1 2 536 2084 2080
2670 2 2 1 2 2084 537 2085
2671 2 2 1 2 2080 2085 538
2672 2 2 1 2 2084 2085 2080
2673 2 2 1 2 141 2072 2065
2674 2 2 1 2 2072 535 2088
2675 2 2 1 2 2065 2088 531
2676 2 2 1 2 2072 2088 2065
2677 2 2 1 2 535 2078 2089
2678 2 2 1 2 2078 142 2082
2679 2 2 1 2 2089 2082 536
2680 2 2 1 2 2078 2082 2089
2681 2 2 1 2 531 2090 2068
2682 2 2 1 2 2090 536 2079
2683 2 2 1 2 2068 2079 143
2684 2 2 1 2 2090 2079 2068
2685 2 2 1 2 535 2089 2088
2686 2 2 1 2 2089 536 2090
2687 2 2 1 2 2088 2090 531
2688 2 2 1 2 2089 2090 2088
2689 2 2 1 2 34 2091 1710
2690 2 2 1 2 2091 539 2092
2691 2 2 1 2 1710 2092 442
2692 2 2 1 2 2091 2092 1710
2693 2 2 1 2 539 2093 2095
2694 2 2 1 2 2093 144 2094
2695 2 2 1 2 2095 2094 540
2696 2 2 1 2 2093 2094 2095
2697 2 2 1 2 442 2096 1713
2698 2 2 1 2 2096 540 2097
2699 2 2 1 2 1713 2097 119
2700 2 2 1 2 2096 2097 1713
2701 2 2 1 2 539 2095 2092
2702 2 2 1 2 2095 540 2096
2703 2 2 1 2 2092 2096 442
2704 2 2 1 2 2095 2096 2092
2705 2 2 1 2 144 2098 2100
2706 2 2 1 2 2098 541 2099
2707 2 2 1 2 2100 2099 543
2708 2 2 1 2 2098 2099 2100
2709 2 2 1 2 541 2101 2103
2710 2 2 1 2 2101 41 2102
2711 2 2 1 2 2103 2102 542
2712 2 2 1 2 2101 2102 2103
2713 2 2 1 2 543 2104 2106
2714 2 2 1 2 2104 542 2105
2715 2 2 1 2 2106 2105 145
2716 2 2 1 2 2104 2105 2106
2717 2 2 1 2 541 2103 2099
2718 2 2 1 2 2103 542 2104
2719 2 2 1 2 2099 2104 543
2720 2 2 1 2 2103 2104 2099
2721 2 2 1 2 119 2107 1718
2722 2 2 1 2 2107 544 2108
2723 2 2 1 2 1718 2108 445
2724 2 2 1 2 2107 2108 1718
2725 2 2 1 2 544 2109 2111
2726 2 2 1 2 2109 145 2110
2727 2 2 1 2 2111 2110 545
2728 2 2 1 2 2109 2110 2111
2729 2 2 1 2 445 2112 1721
2730 2 2 1 2 2112 545 2113
2731 2 2 1 2 1721 2113 3
2732 2 2 1 2 2112 2113 1721
2733 2 2 1 2 544 2111 2108
2734 2 2 1 2 2111 545 2112
2735 2 2 1 2 2108 2112 445
2736 2 2 1 2 2111 2112 2108
2737 2 2 1 2 144 2100 2094
2738 2 2 1 2 2100 543 2114
2739 2 2 1 2 2094 2114 540
2740 2 2 1 2 2100 2114 2094
2741 2 2 1 2 543 2106 2115
2742 2 2 1 2 2106 145 2109
2743 2 2 1 2 2115 2109 544
2744 2 2 1 2 2106 2109 2115
2745 2 2 1 2 540 2116 2097
2746 2 2 1 2 2116 544 2107
2747 2 2 1 2 2097 2107 119
2748 2 2 1 2 2116 2107 2097
2749 2 2 1 2 543 2115 2114
2750 2 2 1 2 2115 544 2116
2751 2 2 1 2 2114 2116 540
2752 2 2 1 2 2115 2116 2114
2753 2 2 1 2 40 2063 2046
2754 2 2 1 2 2063 532 2117
2755 2 2 1 2 2046 2117 526
2756 2 2 1 2 2063 2117 2046
2757 2 2 1 2 532 2069 2119
2758 2 2 1 2 2069 143 2118
2759 2 2 1 2 2119 2118 546
2760 2 2 1 2 2069 2118 2119
2761 2 2 1 2 526 2120 2049
2762 2 2 1 2 2120 546 2121
2763 2 2 1 2 2049 2121 140
2764 2 2 1 2 2120 2121 2049
2765 2 2 1 2 532 2119 2117
2766 2 2 1 2 2119 546 2120
2767 2 2 1 2 2117 2120 526
2768 2 2 1 2 2119 2120 2117
2769 2 2 1 2 143 2081 2123
2770 2 2 1 2 2081 538 2122
2771 2 2 1 2 2123 2122 547
2772 2 2 1 2 2081 2122 2123
2773 2 2 1 2 538 2087 2124
2774 2 2 1 2 2087 41 2101
2775 2 2 1 2 2124 2101 541
2776 2 2 1 2 2087 2101 2124
2777 2 2 1 2 547 2125 2126
2778 2 2 1 2 2125 541 2098
2779 2 2 1 2 2126 2098 144
2780 2 2 1 2 2125 2098 2126
2781 2 2 1 2 538 2124 2122
2782 2 2 1 2 2124 541 2125
2783 2 2 1 2 2122 2125 547
2784 2 2 1 2 2124 2125 2122
2785 2 2 1 2 140 2127 2054
2786 2 2 1 2 2127 548 2128
2787 2 2 1 2 2054 2128 529
2788 2 2 1 2 2127 2128 2054
2789 2 2 1 2 548 2129 2130
2790 2 2 1 2 2129 144 2093
2791 2 2 1 2 2130 2093 539
2792 2 2 1 2 2129 2093 2130
2793 2 2 1 2 529 2131 2057
2794 2 2 1 2 2131 539 2091
2795 2 2 1 2 2057 2091 34
2796 2 2 1 2 2131 2091 2057
2797 2 2 1 2 548 2130 2128
2798 2 2 1 2 2130 539 2131
2799 2 2 1 2 2128 2131 529
2800 2 2 1 2 2130 2131 2128
2801 2 2 1 2 143 2123 2118
2802 2 2 1 2 2123 547 2132
2803 2 2 1 2 2118 2132 546
2804 2 2 1 2 2123 2132 2118
2805 2 2 1 2 547 2126 2133
2806 2 2 1 2 2126 144 2129
2807 2 2 1 2 2133 2129 548
2808 2 2 1 2 2126 2129 2133
2809 2 2 1 2 546 2134 2121
2810 2 2 1 2 2134 548 2127
2811 2 2 1 2 2121 2127 140
2812 2 2 1 2 2134 2127 2121
2813 2 2 1 2 547 2133 2132
2814 2 2 1 2 2133 548 2134
2815 2 2 1 2 2132 2134 546
2816 2 2 1 2 2133 2134 2132
2817 2 2 1 2 12 1929 1866
2818 2 2 1 2 1929 495 2135
2819 2 2 1 2 1866 2135 478
2820 2 2 1 2 1929 2135 1866
2821 2 2 1 2 495 1935 2137
2822 2 2 1 2 1935 132 2136
2823 2 2 1 2 2137 2136 549
2824 2 2 1 2 1935 2136 2137
2825 2 2 1 2 478 2138 1869
2826 2 2 1 2 2138 549 2139
2827 2 2 1 2 1869 2139 126
2828 2 2 1 2 2138 2139 1869
2829 2 2 1 2 495 2137 2135
2830 2 2 1 2 2137 549 2138
2831 2 2 1 2 2135 2138 478
2832 2 2 1 2 2137 2138 2135
2833 2 2 1 2 132 1947 2141
2834 2 2 1 2 1947 501 2140
2835 2 2 1 2 2141 2140 551
2836 2 2 1 2 1947 2140 2141
2837 2 2 1 2 501 1953 2143
2838 2 2 1 2 1953 39 2142
2839 2 2 1 2 2143 2142 550
2840 2 2 1 2 1953 2142 2143
2841 2 2 1 2 551 2144 2146
2842 2 2 1 2 2144 550 2145
2843 2 2 1 2 2146 2145 146
2844 2 2 1 2 2144 2145 2146
2845 2 2 1 2 501 2143 2140
2846 2 2 1 2 2143 550 2144
2847 2 2 1 2 2140 2144 551
2848 2 2 1 2 2143 2144 2140
2849 2 2 1 2 126 2147 1875
2850 2 2 1 2 2147 552 2148
2851 2 2 1 2 1875 2148 481
2852 2 2 1 2 2147 2148 1875
2853 2 2 1 2 552 2149 2151
2854 2 2 1 2 2149 146 2150
2855 2 2 1 2 2151 2150 553
2856 2 2 1 2 2149 2150 2151
2857 2 2 1 2 481 2152 1878
2858 2 2 1 2 2152 553 2153
2859 2 2 1 2 1878 2153 36
2860 2 2 1 2 2152 2153 1878
2861 2 2 1 2 552 2151 2148
2862 2 2 1 2 2151 553 2152
2863 2 2 1 2 2148 2152 481
2864 2 2 1 2 2151 2152 2148
2865 2 2 1 2 132 2141 2136
2866 2 2 1 2 2141 551 2154
2867 2 2 1 2 2136 2154 549
2868 2 2 1 2 2141 2154 2136
2869 2 2 1 2 551 2146 2155
2870 2 2 1 2 2146 146 2149
2871 2 2 1 2 2155 2149 552
2872 2 2 1 2 2146 2149 2155
2873 2 2 1 2 549 2156 2139
2874 2 2 1 2 2156 552 2147
2875 2 2 1 2 2139 2147 126
2876 2 2 1 2 2156 2147 2139
2877 2 2 1 2 551 2155 2154
2878 2 2 1 2 2155 552 2156
2879 2 2 1 2 2154 2156 549
2880 2 2 1 2 2155 2156 2154
2881 2 2 1 2 39 1989 2158
2882 2 2 1 2 1989 513 2157
2883 2 2 1 2 2158 2157 555
2884 2 2 1 2 1989 2157 2158
2885 2 2 1 2 513 1995 2160
2886 2 2 1 2 1995 138 2159
2887 2 2 1 2 2160 2159 554
2888 2 2 1 2 1995 2159 2160
2889 2 2 1 2 555 2161 2163
2890 2 2 1 2 2161 554 2162
2891 2 2 1 2 2163 2162 147
2892 2 2 1 2 2161 2162 2163
2893 2 2 1 2 513 2160 2157
2894 2 2 1 2 2160 554 2161
2895 2 2 1 2 2157 2161 555
2896 2 2 1 2 2160 2161 2157
2897 2 2 1 2 138 2007 2165
2898 2 2 1 2 2007 519 2164
2899 2 2 1 2 2165 2164 556
2900 2 2 1 2 2007 2164 2165
2901 2 2 1 2 519 2013 2166
2902 2 2 1 2 2013 13 2073
2903 2 2 1 2 2166 2073 533
2904 2 2 1 2 2013 2073 2166
2905 2 2 1 2 556 2167 2168
2906 2 2 1 2 2167 533 2070
2907 2 2 1 2 2168 2070 141
2908 2 2 1 2 2167 2070 2168
2909 2 2 1 2 519 2166 2164
2910 2 2 1 2 2166 533 2167
2911 2 2 1 2 2164 2167 556
2912 2 2 1 2 2166 2167 2164
2913 2 2 1 2 147 2169 2171
2914 2 2 1 2 2169 557 2170
2915 2 2 1 2 2171 2170 558
2916 2 2 1 2 2169 2170 2171
2917 2 2 1 2 557 2172 2173
2918 2 2 1 2 2172 141 2064
2919 2 2 1 2 2173 2064 530
2920 2 2 1 2 2172 2064 2173
2921 2 2 1 2 558 2174 2175
2922 2 2 1 2 2174 530 2061
2923 2 2 1 2 2175 2061 40
2924 2 2 1 2 2174 2061 2175
2925 2 2 1 2 557 2173 2170
2926 2 2 1 2 2173 530 2174
2927 2 2 1 2 2170 2174 558
2928 2 2 1 2 2173 2174 2170
2929 2 2 1 2 138 2165 2159
2930 2 2 1 2 2165 556 2176
2931 2 2 1 2 2159 2176 554
2932 2 2 1 2 2165 2176 2159
2933 2 2 1 2 556 2168 2177
2934 2 2 1 2 2168 141 2172
2935 2 2 1 2 2177 2172 557
2936 2 2 1 2 2168 2172 2177
2937 2 2 1 2 554 2178 2162
2938 2 2 1 2 2178 557 2169
2939 2 2 1 2 2162 2169 147
2940 2 2 1 2 2178 2169 2162
2941 2 2 1 2 556 2177 2176
2942 2 2 1 2 2177 557 2178
2943 2 2 1 2 2176 2178 554
2944 2 2 1 2 2177 2178 2176
2945 2 2 1 2 36 2179 1894
2946 2 2 1 2 2179 559 2180
2947 2 2 1 2 1894 2180 486
2948 2 2 1 2 2179 2180 1894
2949 2 2 1 2 559 2181 2183
2950 2 2 1 2 2181 148 2182
2951 2 2 1 2 2183 2182 560
2952 2 2 1 2 2181 2182 2183
2953 2 2 1 2 486 2184 1897
2954 2 2 1 2 2184 560 2185
2955 2 2 1 2 1897 2185 129
2956 2 2 1 2 2184 2185 1897
2957 2 2 1 2 559 2183 2180
2958 2 2 1 2 2183 560 2184
2959 2 2 1 2 2180 2184 486
2960 2 2 1 2 2183 2184 2180
2961 2 2 1 2 148 2186 2188
2962 2 2 1 2 2186 561 2187
2963 2 2 1 2 2188 2187 562
2964 2 2 1 2 2186 2187 2188
2965 2 2 1 2 561 2189 2190
2966 2 2 1 2 2189 40 2045
2967 2 2 1 2 2190 2045 525
2968 2 2 1 2 2189 2045 2190
2969 2 2 1 2 562 2191 2192
2970 2 2 1 2 2191 525 2042
2971 2 2 1 2 2192 2042 139
2972 2 2 1 2 2191 2042 2192
2973 2 2 1 2 561 2190 2187
2974 2 2 1 2 2190 525 2191
2975 2 2 1 2 2187 2191 562
2976 2 2 1 2 2190 2191 2187
2977 2 2 1 2 129 2193 1902
2978 2 2 1 2 2193 563 2194
2979 2 2 1 2 1902 2194 489
2980 2 2 1 2 2193 2194 1902
2981 2 2 1 2 563 2195 2196
2982 2 2 1 2 2195 139 2037
2983 2 2 1 2 2196 2037 523
2984 2 2 1 2 2195 2037 2196
2985 2 2 1 2 489 2197 1905
2986 2 2 1 2 2197 523 2035
2987 2 2 1 2 1905 2035 11
2988 2 2 1 2 2197 2035 1905
2989 2 2 1 2 563 2196 2194
2990 2 2 1 2 2196 523 2197
2991 2 2 1 2 2194 2197 489
2992 2 2 1 2 2196 2197 2194
2993 2 2 1 2 148 2188 2182
2994 2 2 1 2 2188 562 2198
2995 2 2 1 2 2182 2198 560
2996 2 2 1 2 2188 2198 2182
2997 2 2 1 2 562 2192 2199
2998 2 2 1 2 2192 139 2195
2999 2 2 1 2 2199 2195 563
3000 2 2 1 2 2192 2195 2199
3001 2 2 1 2 560 2200 2185
3002 2 2 1 2 2200 563 2193
3003 2 2 1 2 2185 2193 129
3004 2 2 1 2 2200 2193 2185
3005 2 2 1 2 562 2199 2198
3006 2 2 1 2 2199 563 2200
3007 2 2 1 2 2198 2200 560
3008 2 2 1 2 2199 2200 2198
3009 2 2 1 2 39 2158 2142
3010 2 2 1 2 2158 555 2201
3011 2 2 1 2 2142 2201 550
3012 2 2 1 2 2158 2201 2142
3013 2 2 1 2 555 2163 2203
3014 2 2 1 2 2163 147 2202
3015 2 2 1 2 2203 2202 564
3016 2 2 1 2 2163 2202 2203
3017 2 2 1 2 550 2204 2145
3018 2 2 1 2 2204 564 2205
3019 2 2 1 2 2145 2205 146
3020 2 2 1 2 2204 2205 2145
3021 2 2 1 2 555 2203 2201
3022 2 2 1 2 2203 564 2204
3023 2 2 1 2 2201 2204 550
3024 2 2 1 2 2203 2204 2201
3025 2 2 1 2 147 2171 2207
3026 2 2 1 2 2171 558 2206
3027 2 2 1 2 2207 2206 565
3028 2 2 1 2 2171 2206 2207
3029 2 2 1 2 558 2175 2208
3030 2 2 1 2 2175 40 2189
3031 2 2 1 2 2208 2189 561
3032 2 2 1 2 2175 2189 2208
3033 2 2 1 2 565 2209 2210
3034 2 2 1 2 2209 561 2186
3035 2 2 1 2 2210 2186 148
3036 2 2 1 2 2209 2186 2210
3037 2 2 1 2 558 2208 2206
3038 2 2 1 2 2208 561 2209
3039 2 2 1 2 2206 2209 565
3040 2 2 1 2 2208 2209 2206
3041 2 2 1 2 146 2211 2150
3042 2 2 1 2 2211 566 2212
3043 2 2 1 2 2150 2212 553
3044 2 2 1 2 2211 2212 2150
3045 2 2 1 2 566 2213 2214
3046 2 2 1 2 2213 148 2181
3047 2 2 1 2 2214 2181 559
3048 2 2 1 2 2213 2181 2214
3049 2 2 1 2 553 2215 2153
3050 2 2 1 2 2215 559 2179
3051 2 2 1 2 2153 2179 36
3052 2 2 1 2 2215 2179 2153
3053 2 2 1 2 566 2214 2212
3054 2 2 1 2 2214 559 2215
3055 2 2 1 2 2212 2215 553
3056 2 2 1 2 2214 2215 2212
3057 2 2 1 2 147 2207 2202
3058 2 2 1 2 2207 565 2216
3059 2 2 1 2 2202 2216 564
3060 2 2 1 2 2207 2216 2202
3061 2 2 1 2 565 2210 2217
3062 2 2 1 2 2210 148 2213
3063 2 2 1 2 2217 2213 566
3064 2 2 1 2 2210 2213 2217
3065 2 2 1 2 564 2218 2205
3066 2 2 1 2 2218 566 2211
3067 2 2 1 2 2205 2211 146
3068 2 2 1 2 2218 2211 2205
3069 2 2 1 2 565 2217 2216
3070 2 2 1 2 2217 566 2218
3071 2 2 1 2 2216 2218 564
3072 2 2 1 2 2217 2218 2216
3073 2 2 1 2 5 2219 1970
3074 2 2 1 2 2219 567 2220
3075 2 2 1 2 1970 2220 506
3076 2 2 1 2 2219 2220 1970
3077 2 2 1 2 567 2221 2223
3078 2 2 1 2 2221 149 2222
3079 2 2 1 2 2223 2222 568
3080 2 2 1 2 2221 2222 2223
3081 2 2 1 2 506 2224 1973
3082 2 2 1 2 2224 568 2225
3083 2 2 1 2 1973 2225 134
3084 2 2 1 2 2224 2225 1973
3085 2 2 1 2 567 2223 2220
3086 2 2 1 2 2223 568 2224
3087 2 2 1 2 2220 2224 506
3088 2 2 1 2 2223 2224 2220
3089 2 2 1 2 149 2226 2228
3090 2 2 1 2 2226 569 2227
3091 2 2 1 2 2228 2227 571
3092 2 2 1 2 2226 2227 2228
3093 2 2 1 2 569 2229 2231
3094 2 2 1 2 2229 42 2230
3095 2 2 1 2 2231 2230 570
3096 2 2 1 2 2229 2230 2231
3097 2 2 1 2 571 2232 2234
3098 2 2 1 2 2232 570 2233
3099 2 2 1 2 2234 2233 150
3100 2 2 1 2 2232 2233 2234
3101 2 2 1 2 569 2231 2227
3102 2 2 1 2 2231 570 2232
3103 2 2 1 2 2227 2232 571
3104 2 2 1 2 2231 2232 2227
3105 2 2 1 2 134 2235 1979
3106 2 2 1 2 2235 572 2236
3107 2 2 1 2 1979 2236 509
3108 2 2 1 2 2235 2236 1979
3109 2 2 1 2 572 2237 2239
3110 2 2 1 2 2237 150 2238
3111 2 2 1 2 2239 2238 573
3112 2 2 1 2 2237 2238 2239
3113 2 2 1 2 509 2240 1982
3114 2 2 1 2 2240 573 2241
3115 2 2 1 2 1982 2241 38
3116 2 2 1 2 2240 2241 1982
3117 2 2 1 2 572 2239 2236
3118 2 2 1 2 2239 573 2240
3119 2 2 1 2 2236 2240 509
3120 2 2 1 2 2239 2240 2236
3121 2 2 1 2 149 2228 2222
3122 2 2 1 2 2228 571 2242
3123 2 2 1 2 2222 2242 568
3124 2 2 1 2 2228 2242 2222
3125 2 2 1 2 571 2234 2243
3126 2 2 1 2 2234 150 2237
3127 2 2 1 2 2243 2237 572
3128 2 2 1 2 2234 2237 2243
3129 2 2 1 2 568 2244 2225
3130 2 2 1 2 2244 572 2235
3131 2 2 1 2 2225 2235 134
3132 2 2 1 2 2244 2235 2225
3133 2 2 1 2 571 2243 2242
3134 2 2 1 2 2243 572 2244
3135 2 2 1 2 2242 2244 568
3136 2 2 1 2 2243 2244 2242
3137 2 2 1 2 42 2245 2247
3138 2 2 1 2 2245 574 2246
3139 2 2 1 2 2247 2246 576
3140 2 2 1 2 2245 2246 2247
3141 2 2 1 2 574 2248 2250
3142 2 2 1 2 2248 151 2249
3143 2 2 1 2 2250 2249 575
3144 2 2 1 2 2248 2249 2250
3145 2 2 1 2 576 2251 2253
3146 2 2 1 2 2251 575 2252
3147 2 2 1 2 2253 2252 153
3148 2 2 1 2 2251 2252 2253
3149 2 2 1 2 574 2250 2246
3150 2 2 1 2 2250 575 2251
3151 2 2 1 2 2246 2251 576
3152 2 2 1 2 2250 2251 2246
3153 2 2 1 2 151 2254 2256
3154 2 2 1 2 2254 577 2255
3155 2 2 1 2 2256 2255 579
3156 2 2 1 2 2254 2255 2256
3157 2 2 1 2 577 2257 2259
3158 2 2 1 2 2257 14 2258
3159 2 2 1 2 2259 2258 578
3160 2 2 1 2 2257 2258 2259
3161 2 2 1 2 579 2260 2262
3162 2 2 1 2 2260 578 2261
3163 2 2 1 2 2262 2261 152
3164 2 2 1 2 2260 2261 2262
3165 2 2 1 2 577 2259 2255
3166 2 2 1 2 2259 578 2260
3167 2 2 1 2 2255 2260 579
3168 2 2 1 2 2259 2260 2255
3169 2 2 1 2 153 2263 2265
3170 2 2 1 2 2263 580 2264
3171 2 2 1 2 2265 2264 582
3172 2 2 1 2 2263 2264 2265
3173 2 2 1 2 580 2266 2268
3174 2 2 1 2 2266 152 2267
3175 2 2 1 2 2268 2267 581
3176 2 2 1 2 2266 2267 2268
3177 2 2 1 2 582 2269 2271
3178 2 2 1 2 2269 581 2270
3179 2 2 1 2 2271 2270 43
3180 2 2 1 2 2269 2270 2271
3181 2 2 1 2 580 2268 2264
3182 2 2 1 2 2268 581 2269
3183 2 2 1 2 2264 2269 582
3184 2 2 1 2 2268 2269 2264
3185 2 2 1 2 151 2256 2249
3186 2 2 1 2 2256 579 2272
3187 2 2 1 2 2249 2272 575
3188 2 2 1 2 2256 2272 2249
3189 2 2 1 2 579 2262 2273
3190 2 2 1 2 2262 152 2266
3191 2 2 1 2 2273 2266 580
3192 2 2 1 2 2262 2266 2273
3193 2 2 1 2 575 2274 2252
3194 2 2 1 2 2274 580 2263
3195 2 2 1 2 2252 2263 153
3196 2 2 1 2 2274 2263 2252
3197 2 2 1 2 579 2273 2272
3198 2 2 1 2 2273 580 2274
3199 2 2 1 2 2272 2274 575
3200 2 2 1 2 2273 2274 2272
3201 2 2 1 2 38 2275 2000
3202 2 2 1 2 2275 583 2276
3203 2 2 1 2 2000 2276 515
3204 2 2 1 2 2275 2276 2000
3205 2 2 1 2 583 2277 2279
3206 2 2 1 2 2277 154 2278
3207 2 2 1 2 2279 2278 584
3208 2 2 1 2 2277 2278 2279
3209 2 2 1 2 515 2280 2003
3210 2 2 1 2 2280 584 2281
3211 2 2 1 2 2003 2281 137
3212 2 2 1 2 2280 2281 2003
3213 2 2 1 2 583 2279 2276
3214 2 2 1 2 2279 584 2280
3215 2 2 1 2 2276 2280 515
3216 2 2 1 2 2279 2280 2276
3217 2 2 1 2 154 2282 2284
3218 2 2 1 2 2282 585 2283
3219 2 2 1 2 2284 2283 587
3220 2 2 1 2 2282 2283 2284
3221 2 2 1 2 585 2285 2287
3222 2 2 1 2 2285 43 2286
3223 2 2 1 2 2287 2286 586
3224 2 2 1 2 2285 2286 2287
3225 2 2 1 2 587 2288 2290
3226 2 2 1 2 2288 586 2289
3227 2 2 1 2 2290 2289 155
3228 2 2 1 2 2288 2289 2290
3229 2 2 1 2 585 2287 2283
3230 2 2 1 2 2287 586 2288
3231 2 2 1 2 2283 2288 587
3232 2 2 1 2 2287 2288 2283
3233 2 2 1 2 137 2291 2009
3234 2 2 1 2 2291 588 2292
3235 2 2 1 2 2009 2292 518
3236 2 2 1 2 2291 2292 2009
3237 2 2 1 2 588 2293 2295
3238 2 2 1 2 2293 155 2294
3239 2 2 1 2 2295 2294 589
3240 2 2 1 2 2293 2294 2295
3241 2 2 1 2 518 2296 2012
3242 2 2 1 2 2296 589 2297
3243 2 2 1 2 2012 2297 13
3244 2 2 1 2 2296 2297 2012
3245 2 2 1 2 588 2295 2292
3246 2 2 1 2 2295 589 2296
3247 2 2 1 2 2292 2296 518
3248 2 2 1 2 2295 2296 2292
3249 2 2 1 2 154 2284 2278
3250 2 2 1 2 2284 587 2298
3251 2 2 1 2 2278 2298 584
3252 2 2 1 2 2284 2298 2278
3253 2 2 1 2 587 2290 2299
3254 2 2 1 2 2290 155 2293
3255 2 2 1 2 2299 2293 588
3256 2 2 1 2 2290 2293 2299
3257 2 2 1 2 584 2300 2281
3258 2 2 1 2 2300 588 2291
3259 2 2 1 2 2281 2291 137
3260 2 2 1 2 2300 2291 2281
3261 2 2 1 2 587 2299 2298
3262 2 2 1 2 2299 588 2300
3263 2 2 1 2 2298 2300 584
3264 2 2 1 2 2299 2300 2298
3265 2 2 1 2 42 2247 2230
3266 2 2 1 2 2247 576 2301
3267 2 2 1 2 2230 2301 570
3268 2 2 1 2 2247 2301 2230
3269 2 2 1 2 576 2253 2303
3270 2 2 1 2 2253 153 2302
3271 2 2 1 2 2303 2302 590
3272 2 2 1 2 2253 2302 2303
3273 2 2 1 2 570 2304 2233
3274 2 2 1 2 2304 590 2305
3275 2 2 1 2 2233 2305 150
3276 2 2 1 2 2304 2305 2233
3277 2 2 1 2 576 2303 2301
3278 2 2 1 2 2303 590 2304
3279 2 2 1 2 2301 2304 570
3280 2 2 1 2 2303 2304 2301
3281 2 2 1 2 153 2265 2307
3282 2 2 1 2 2265 582 2306
3283 2 2 1 2 2307 2306 591
3284 2 2 1 2 2265 2306 2307
3285 2 2 1 2 582 2271 2308
3286 2 2 1 2 2271 43 2285
3287 2 2 1 2 2308 2285 585
3288 2 2 1 2 2271 2285 2308
3289 2 2 1 2 591 2309 2310
3290 2 2 1 2 2309 585 2282
3291 2 2 1 2 2310 2282 154
3292 2 2 1 2 2309 2282 2310
3293 2 2 1 2 582 2308 2306
3294 2 2 1 2 2308 585 2309
3295 2 2 1 2 2306 2309 591
3296 2 2 1 2 2308 2309 2306
3297 2 2 1 2 150 2311 2238
3298 2 2 1 2 2311 592 2312
3299 2 2 1 2 2238 2312 573
3300 2 2 1 2 2311 2312 2238
3301 2 2 1 2 592 2313 2314
3302 2 2 1 2 2313 154 2277
3303 2 2 1 2 2314 2277 583
3304 2 2 1 2 2313 2277 2314
3305 2 2 1 2 573 2315 2241
3306 2 2 1 2 2315 583 2275
3307 2 2 1 2 2241 2275 38
3308 2 2 1 2 2315 2275 2241
3309 2 2 1 2 592 2314 2312
3310 2 2 1 2 2314 583 2315
3311 2 2 1 2 2312 2315 573
3312 2 2 1 2 2314 2315 2312
3313 2 2 1 2 153 2307 2302
3314 2 2 1 2 2307 591 2316
3315 2 2 1 2 2302 2316 590
3316 2 2 1 2 2307 2316 2302
3317 2 2 1 2 591 2310 2317
3318 2 2 1 2 2310 154 2313
3319 2 2 1 2 2317 2313 592
3320 2 2 1 2 2310 2313 2317
3321 2 2 1 2 590 2318 2305
3322 2 2 1 2 2318 592 2311
3323 2 2 1 2 2305 2311 150
3324 2 2 1 2 2318 2311 2305
3325 2 2 1 2 591 2317 2316
3326 2 2 1 2 2317 592 2318
3327 2 2 1 2 2316 2318 590
3328 2 2 1 2 2317 2318 2316
3329 2 2 1 2 14 2319 2321
3330 2 2 1 2 2319 593 2320
3331 2 2 1 2 2321 2320 595
3332 2 2 1 2 2319 2320 2321
3333 2 2 1 2 593 2322 2324
3334 2 2 1 2 2322 156 2323
3335 2 2 1 2 2324 2323 594
3336 2 2 1 2 2322 2323 2324
3337 2 2 1 2 595 2325 2327
3338 2 2 1 2 2325 594 2326
3339 2 2 1 2 2327 2326 158
3340 2 2 1 2 2325 2326 2327
3341 2 2 1 2 593 2324 2320
3342 2 2 1 2 2324 594 2325
3343 2 2 1 2 2320 2325 595
3344 2 2 1 2 2324 2325 2320
3345 2 2 1 2 156 2328 2330
3346 2 2 1 2 2328 596 2329
3347 2 2 1 2 2330 2329 598
3348 2 2 1 2 2328 2329 2330
3349 2 2 1 2 596 2331 2333
3350 2 2 1 2 2331 44 2332
3351 2 2 1 2 2333 2332 597
3352 2 2 1 2 2331 2332 2333
3353 2 2 1 2 598 2334 2336
3354 2 2 1 2 2334 597 2335
3355 2 2 1 2 2336 2335 157
3356 2 2 1 2 2334 2335 2336
3357 2 2 1 2 596 2333 2329
3358 2 2 1 2 2333 597 2334
3359 2 2 1 2 2329 2334 598
3360 2 2 1 2 2333 2334 2329
3361 2 2 1 2 158 2337 2339
3362 2 2 1 2 2337 599 2338
3363 2 2 1 2 2339 2338 601
3364 2 2 1 2 2337 2338 2339
3365 2 2 1 2 599 2340 2342
3366 2 2 1 2 2340 157 2341
3367 2 2 1 2 2342 2341 600
3368 2 2 1 2 2340 2341 2342
3369 2 2 1 2 601 2343 2345
3370 2 2 1 2 2343 600 2344
3371 2 2 1 2 2345 2344 45
3372 2 2 1 2 2343 2344 2345
3373 2 2 1 2 599 2342 2338
3374 2 2 1 2 2342 600 2343
3375 2 2 1 2 2338 2343 601
3376 2 2 1 2 2342 2343 2338
3377 2 2 1 2 156 2330 2323
3378 2 2 1 2 2330 598 2346
3379 2 2 1 2 2323 2346 594
3380 2 2 1 2 2330 2346 2323
3381 2 2 1 2 598 2336 2347
3382 2 2 1 2 2336 157 2340
3383 2 2 1 2 2347 2340 599
3384 2 2 1 2 2336 2340 2347
3385 2 2 1 2 594 2348 2326
3386 2 2 1 2 2348 599 2337
3387 2 2 1 2 2326 2337 158
3388 2 2 1 2 2348 2337 2326
3389 2 2 1 2 598 2347 2346
3390 2 2 1 2 2347 599 2348
3391 2 2 1 2 2346 2348 594
3392 2 2 1 2 2347 2348 2346
3393 2 2 1 2 44 2349 2351
3394 2 2 1 2 2349 602 2350
3395 2 2 1 2 2351 2350 604
3396 2 2 1 2 2349 2350 2351
3397 2 2 1 2 602 2352 2354
3398 2 2 1 2 2352 159 2353
3399 2 2 1 2 2354 2353 603
3400 2 2 1 2 2352 2353 2354
3401 2 2 1 2 604 2355 2357
3402 2 2 1 2 2355 603 2356
3403 2 2 1 2 2357 2356 160
3404 2 2 1 2 2355 2356 2357
3405 2 2 1 2 602 2354 2350
3406 2 2 1 2 2354 603 2355
3407 2 2 1 2 2350 2355 604
3408 2 2 1 2 2354 2355 2350
3409 2 2 1 2 159 2358 2360
3410 2 2 1 2 2358 605 2359
3411 2 2 1 2 2360 2359 606
3412 2 2 1 2 2358 2359 2360
3413 2 2 1 2 605 2361 2362
3414 2 2 1 2 2361 1 1029
3415 2 2 1 2 2362 1029 261
3416 2 2 1 2 2361 1029 2362
3417 2 2 1 2 606 2363 2364
3418 2 2 1 2 2363 261 1035
3419 2 2 1 2 2364 1035 69
3420 2 2 1 2 2363 1035 2364
3421 2 2 1 2 605 2362 2359
3422 2 2 1 2 2362 261 2363
3423 2 2 1 2 2359 2363 606
3424 2 2 1 2 2362 2363 2359
3425 2 2 1 2 160 2365 2367
3426 2 2 1 2 2365 607 2366
3427 2 2 1 2 2367 2366 608
3428 2 2 1 2 2365 2366 2367
3429 2 2 1 2 607 2368 2369
3430 2 2 1 2 2368 69 1047
3431 2 2 1 2 2369 1047 267
3432 2 2 1 2 2368 1047 2369
3433 2 2 1 2 608 2370 2371
3434 2 2 1 2 2370 267 1053
3435 2 2 1 2 2371 1053 21
3436 2 2 1 2 2370 1053 2371
3437 2 2 1 2 607 2369 2366
3438 2 2 1 2 2369 267 2370
3439 2 2 1 2 2366 2370 608
3440 2 2 1 2 2369 2370 2366
3441 2 2 1 2 159 2360 2353
3442 2 2 1 2 2360 606 2372
3443 2 2 1 2 2353 2372 603
3444 2 2 1 2 2360 2372 2353
3445 2 2 1 2 606 2364 2373
3446 2 2 1 2 2364 69 2368
3447 2 2 1 2 2373 2368 607
3448 2 2 1 2 2364 2368 2373
3449 2 2 1 2 603 2374 2356
3450 2 2 1 2 2374 607 2365
3451 2 2 1 2 2356 2365 160
3452 2 2 1 2 2374 2365 2356
3453 2 2 1 2 606 2373 2372
3454 2 2 1 2 2373 607 2374
3455 2 2 1 2 2372 2374 603
3456 2 2 1 2 2373 2374 2372
3457 2 2 1 2 45 2375 2377
3458 2 2 1 2 2375 609 2376
3459 2 2 1 2 2377 2376 611
3460 2 2 1 2 2375 2376 2377
3461 2 2 1 2 609 2378 2380
3462 2 2 1 2 2378 161 2379
3463 2 2 1 2 2380 2379 610
3464 2 2 1 2 2378 2379 2380
3465 2 2 1 2 611 2381 2383
3466 2 2 1 2 2381 610 2382
3467 2 2 1 2 2383 2382 162
3468 2 2 1 2 2381 2382 2383
3469 2 2 1 2 609 2380 2376
3470 2 2 1 2 2380 610 2381
3471 2 2 1 2 2376 2381 611
3472 2 2 1 2 2380 2381 2376
3473 2 2 1 2 161 2384 2386
3474 2 2 1 2 2384 612 2385
3475 2 2 1 2 2386 2385 613
3476 2 2 1 2 2384 2385 2386
3477 2 2 1 2 612 2387 2388
3478 2 2 1 2 2387 21 1089
3479 2 2 1 2 2388 1089 279
3480 2 2 1 2 2387 1089 2388
3481 2 2 1 2 613 2389 2390
3482 2 2 1 2 2389 279 1095
3483 2 2 1 2 2390 1095 75
3484 2 2 1 2 2389 1095 2390
3485 2 2 1 2 612 2388 2385
3486 2 2 1 2 2388 279 2389
3487 2 2 1 2 2385 2389 613
3488 2 2 1 2 2388 2389 2385
3489 2 2 1 2 162 2391 2393
3490 2 2 1 2 2391 614 2392
3491 2 2 1 2 2393 2392 615
3492 2 2 1 2 2391 2392 2393
3493 2 2 1 2 614 2394 2395
3494 2 2 1 2 2394 75 1107
3495 2 2 1 2 2395 1107 285
3496 2 2 1 2 2394 1107 2395
3497 2 2 1 2 615 2396 2397
3498 2 2 1 2 2396 285 1113
3499 2 2 1 2 2397 1113 9
3500 2 2 1 2 2396 1113 2397
3501 2 2 1 2 614 2395 2392
3502 2 2 1 2 2395 285 2396
3503 2 2 1 2 2392 2396 615
3504 2 2 1 2 2395 2396 2392
3505 2 2 1 2 161 2386 2379
3506 2 2 1 2 2386 613 2398
3507 2 2 1 2 2379 2398 610
3508 2 2 1 2 2386 2398 2379
3509 2 2 1 2 613 2390 2399
3510 2 2 1 2 2390 75 2394
3511 2 2 1 2 2399 2394 614
3512 2 2 1 2 2390 2394 2399
3513 2 2 1 2 610 2400 2382
3514 2 2 1 2 2400 614 2391
3515 2 2 1 2 2382 2391 162
3516 2 2 1 2 2400 2391 2382
3517 2 2 1 2 613 2399 2398
3518 2 2 1 2 2399 614 2400
3519 2 2 1 2 2398 2400 610
3520 2 2 1 2 2399 2400 2398
3521 2 2 1 2 44 2351 2332
3522 2 2 1 2 2351 604 2401
3523 2 2 1 2 2332 2401 597
3524 2 2 1 2 2351 2401 2332
3525 2 2 1 2 604 2357 2403
3526 2 2 1 2 2357 160 2402
3527 2 2 1 2 2403 2402 616
3528 2 2 1 2 2357 2402 2403
3529 2 2 1 2 597 2404 2335
3530 2 2 1 2 2404 616 2405
3531 2 2 1 2 2335 2405 157
3532 2 2 1 2 2404 2405 2335
3533 2 2 1 2 604 2403 2401
3534 2 2 1 2 2403 616 2404
3535 2 2 1 2 2401 2404 597
3536 2 2 1 2 2403 2404 2401
3537 2 2 1 2 160 2367 2407
3538 2 2 1 2 2367 608 2406
3539 2 2 1 2 2407 2406 617
3540 2 2 1 2 2367 2406 2407
3541 2 2 1 2 608 2371 2408
3542 2 2 1 2 2371 21 2387
3543 2 2 1 2 2408 2387 612
3544 2 2 1 2 2371 2387 2408
3545 2 2 1 2 617 2409 2410
3546 2 2 1 2 2409 612 2384
3547 2 2 1 2 2410 2384 161
3548 2 2 1 2 2409 2384 2410
3549 2 2 1 2 608 2408 2406
3550 2 2 1 2 2408 612 2409
3551 2 2 1 2 2406 2409 617
3552 2 2 1 2 2408 2409 2406
3553 2 2 1 2 157 2411 2341
3554 2 2 1 2 2411 618 2412
3555 2 2 1 2 2341 2412 600
3556 2 2 1 2 2411 2412 2341
3557 2 2 1 2 618 2413 2414
3558 2 2 1 2 2413 161 2378
3559 2 2 1 2 2414 2378 609
3560 2 2 1 2 2413 2378 2414
3561 2 2 1 2 600 2415 2344
3562 2 2 1 2 2415 609 2375
3563 2 2 1 2 2344 2375 45
3564 2 2 1 2 2415 2375 2344
3565 2 2 1 2 618 2414 2412
3566 2 2 1 2 2414 609 2415
3567 2 2 1 2 2412 2415 600
3568 2 2 1 2 2414 2415 2412
3569 2 2 1 2 160 2407 2402
3570 2 2 1 2 2407 617 2416
3571 2 2 1 2 2402 2416 616
3572 2 2 1 2 2407 2416 2402
3573 2 2 1 2 617 2410 2417
3574 2 2 1 2 2410 161 2413
3575 2 2 1 2 2417 2413 618
3576 2 2 1 2 2410 2413 2417
3577 2 2 1 2 616 2418 2405
3578 2 2 1 2 2418 618 2411
3579 2 2 1 2 2405 2411 157
3580 2 2 1 2 2418 2411 2405
3581 2 2 1 2 617 2417 2416
3582 2 2 1 2 2417 618 2418
3583 2 2 1 2 2416 2418 616
3584 2 2 1 2 2417 2418 2416
3585 2 2 1 2 13 2419 2074
3586 2 2 1 2 2419 619 2420
3587 2 2 1 2 2074 2420 534
3588 2 2 1 2 2419 2420 2074
3589 2 2 1 2 619 2421 2423
3590 2 2 1 2 2421 163 2422
3591 2 2 1 2 2423 2422 620
3592 2 2 1 2 2421 2422 2423
3593 2 2 1 2 534 2424 2077
3594 2 2 1 2 2424 620 2425
3595 2 2 1 2 2077 2425 142
3596 2 2 1 2 2424 2425 2077
3597 2 2 1 2 619 2423 2420
3598 2 2 1 2 2423 620 2424
3599 2 2 1 2 2420 2424 534
3600 2 2 1 2 2423 2424 2420
3601 2 2 1 2 163 2426 2428
3602 2 2 1 2 2426 621 2427
3603 2 2 1 2 2428 2427 623
3604 2 2 1 2 2426 2427 2428
3605 2 2 1 2 621 2429 2431
3606 2 2 1 2 2429 46 2430
3607 2 2 1 2 2431 2430 622
3608 2 2 1 2 2429 2430 2431
3609 2 2 1 2 623 2432 2434
3610 2 2 1 2 2432 622 2433
3611 2 2 1 2 2434 2433 164
3612 2 2 1 2 2432 2433 2434
3613 2 2 1 2 621 2431 2427
3614 2 2 1 2 2431 622 2432
3615 2 2 1 2 2427 2432 623
3616 2 2 1 2 2431 2432 2427
3617 2 2 1 2 142 2435 2083
3618 2 2 1 2 2435 624 2436
3619 2 2 1 2 2083 2436 537
3620 2 2 1 2 2435 2436 2083
3621 2 2 1 2 624 2437 2439
3622 2 2 1 2 2437 164 2438
3623 2 2 1 2 2439 2438 625
3624 2 2 1 2 2437 2438 2439
3625 2 2 1 2 537 2440 2086
3626 2 2 1 2 2440 625 2441
3627 2 2 1 2 2086 2441 41
3628 2 2 1 2 2440 2441 2086
3629 2 2 1 2 624 2439 2436
3630 2 2 1 2 2439 625 2440
3631 2 2 1 2 2436 2440 537
3632 2 2 1 2 2439 2440 2436
3633 2 2 1 2 163 2428 2422
3634 2 2 1 2 2428 623 2442
3635 2 2 1 2 2422 2442 620
3636 2 2 1 2 2428 2442 2422
3637 2 2 1 2 623 2434 2443
3638 2 2 1 2 2434 164 2437
3639 2 2 1 2 2443 2437 624
3640 2 2 1 2 2434 2437 2443
3641 2 2 1 2 620 2444 2425
3642 2 2 1 2 2444 624 2435
3643 2 2 1 2 2425 2435 142
3644 2 2 1 2 2444 2435 2425
3645 2 2 1 2 623 2443 2442
3646 2 2 1 2 2443 624 2444
3647 2 2 1 2 2442 2444 620
3648 2 2 1 2 2443 2444 2442
3649 2 2 1 2 46 2445 2447
3650 2 2 1 2 2445 626 2446
3651 2 2 1 2 2447 2446 628
3652 2 2 1 2 2445 2446 2447
3653 2 2 1 2 626 2448 2450
3654 2 2 1 2 2448 165 2449
3655 2 2 1 2 2450 2449 627
3656 2 2 1 2 2448 2449 2450
3657 2 2 1 2 628 2451 2453
3658 2 2 1 2 2451 627 2452
3659 2 2 1 2 2453 2452 166
3660 2 2 1 2 2451 2452 2453
3661 2 2 1 2 626 2450 2446
3662 2 2 1 2 2450 627 2451
3663 2 2 1 2 2446 2451 628
3664 2 2 1 2 2450 2451 2446
3665 2 2 1 2 165 2454 2456
3666 2 2 1 2 2454 629 2455
3667 2 2 1 2 2456 2455 630
3668 2 2 1 2 2454 2455 2456
3669 2 2 1 2 629 2457 2458
3670 2 2 1 2 2457 9 1245
3671 2 2 1 2 2458 1245 321
3672 2 2 1 2 2457 1245 2458
3673 2 2 1 2 630 2459 2460
3674 2 2 1 2 2459 321 1251
3675 2 2 1 2 2460 1251 87
3676 2 2 1 2 2459 1251 2460
3677 2 2 1 2 629 2458 2455
3678 2 2 1 2 2458 321 2459
3679 2 2 1 2 2455 2459 630
3680 2 2 1 2 2458 2459 2455
3681 2 2 1 2 166 2461 2463
3682 2 2 1 2 2461 631 2462
3683 2 2 1 2 2463 2462 632
3684 2 2 1 2 2461 2462 2463
3685 2 2 1 2 631 2464 2465
3686 2 2 1 2 2464 87 1263
3687 2 2 1 2 2465 1263 327
3688 2 2 1 2 2464 1263 2465
3689 2 2 1 2 632 2466 2467
3690 2 2 1 2 2466 327 1269
3691 2 2 1 2 2467 1269 27
3692 2 2 1 2 2466 1269 2467
3693 2 2 1 2 631 2465 2462
3694 2 2 1 2 2465 327 2466
3695 2 2 1 2 2462 2466 632
3696 2 2 1 2 2465 2466 2462
3697 2 2 1 2 165 2456 2449
3698 2 2 1 2 2456 630 2468
3699 2 2 1 2 2449 2468 627
3700 2 2 1 2 2456 2468 2449
3701 2 2 1 2 630 2460 2469
3702 2 2 1 2 2460 87 2464
3703 2 2 1 2 2469 2464 631
3704 2 2 1 2 2460 2464 2469
3705 2 2 1 2 627 2470 2452
3706 2 2 1 2 2470 631 2461
3707 2 2 1 2 2452 2461 166
3708 2 2 1 2 2470 2461 2452
3709 2 2 1 2 630 2469 2468
3710 2 2 1 2 2469 631 2470
3711 2 2 1 2 2468 2470 627
3712 2 2 1 2 2469 2470 2468
3713 2 2 1 2 41 2471 2102
3714 2 2 1 2 2471 633 2472
3715 2 2 1 2 2102 2472 542
3716 2 2 1 2 2471 2472 2102
3717 2 2 1 2 633 2473 2475
3718 2 2 1 2 2473 167 2474
3719 2 2 1 2 2475 2474 634
3720 2 2 1 2 2473 2474 2475
3721 2 2 1 2 542 2476 2105
3722 2 2 1 2 2476 634 2477
3723 2 2 1 2 2105 2477 145
3724 2 2 1 2 2476 2477 2105
3725 2 2 1 2 633 2475 2472
3726 2 2 1 2 2475 634 2476
3727 2 2 1 2 2472 2476 542
3728 2 2 1 2 2475 2476 2472
3729 2 2 1 2 167 2478 2480
3730 2 2 1 2 2478 635 2479
3731 2 2 1 2 2480 2479 636
3732 2 2 1 2 2478 2479 2480
3733 2 2 1 2 635 2481 2482
3734 2 2 1 2 2481 27 1305
3735 2 2 1 2 2482 1305 339
3736 2 2 1 2 2481 1305 2482
3737 2 2 1 2 636 2483 2484
3738 2 2 1 2 2483 339 1311
3739 2 2 1 2 2484 1311 93
3740 2 2 1 2 2483 1311 2484
3741 2 2 1 2 635 2482 2479
3742 2 2 1 2 2482 339 2483
3743 2 2 1 2 2479 2483 636
3744 2 2 1 2 2482 2483 2479
3745 2 2 1 2 145 2485 2110
3746 2 2 1 2 2485 637 2486
3747 2 2 1 2 2110 2486 545
3748 2 2 1 2 2485 2486 2110
3749 2 2 1 2 637 2487 2488
3750 2 2 1 2 2487 93 1323
3751 2 2 1 2 2488 1323 345
3752 2 2 1 2 2487 1323 2488
3753 2 2 1 2 545 2489 2113
3754 2 2 1 2 2489 345 1329
3755 2 2 1 2 2113 1329 3
3756 2 2 1 2 2489 1329 2113
3757 2 2 1 2 637 2488 2486
3758 2 2 1 2 2488 345 2489
3759 2 2 1 2 2486 2489 545
3760 2 2 1 2 2488 2489 2486
3761 2 2 1 2 167 2480 2474
3762 2 2 1 2 2480 636 2490
3763 2 2 1 2 2474 2490 634
3764 2 2 1 2 2480 2490 2474
3765 2 2 1 2 636 2484 2491
3766 2 2 1 2 2484 93 2487
3767 2 2 1 2 2491 2487 637
3768 2 2 1 2 2484 2487 2491
3769 2 2 1 2 634 2492 2477
3770 2 2 1 2 2492 637 2485
3771 2 2 1 2 2477 2485 145
3772 2 2 1 2 2492 2485 2477
3773 2 2 1 2 636 2491 2490
3774 2 2 1 2 2491 637 2492
3775 2 2 1 2 2490 2492 634
3776 2 2 1 2 2491 2492 2490
3777 2 2 1 2 46 2447 2430
3778 2 2 1 2 2447 628 2493
3779 2 2 1 2 2430 2493 622
3780 2 2 1 2 2447 2493 2430
3781 2 2 1 2 628 2453 2495
3782 2 2 1 2 2453 166 2494
3783 2 2 1 2 2495 2494 638
3784 2 2 1 2 2453 2494 2495
3785 2 2 1 2 622 2496 2433
3786 2 2 1 2 2496 638 2497
3787 2 2 1 2 2433 2497 164
3788 2 2 1 2 2496 2497 2433
3789 2 2 1 2 628 2495 2493
3790 2 2 1 2 2495 638 2496
3791 2 2 1 2 2493 2496 622
3792 2 2 1 2 2495 2496 2493
3793 2 2 1 2 166 2463 2499
3794 2 2 1 2 2463 632 2498
3795 2 2 1 2 2499 2498 639
3796 2 2 1 2 2463 2498 2499
3797 2 2 1 2 632 2467 2500
3798 2 2 1 2 2467 27 2481
3799 2 2 1 2 2500 2481 635
3800 2 2 1 2 2467 2481 2500
3801 2 2 1 2 639 2501 2502
3802 2 2 1 2 2501 635 2478
3803 2 2 1 2 2502 2478 167
3804 2 2 1 2 2501 2478 2502
3805 2 2 1 2 632 2500 2498
3806 2 2 1 2 2500 635 2501
3807 2 2 1 2 2498 2501 639
3808 2 2 1 2 2500 2501 2498
3809 2 2 1 2 164 2503 2438
3810 2 2 1 2 2503 640 2504
3811 2 2 1 2 2438 2504 625
3812 2 2 1 2 2503 2504 2438
3813 2 2 1 2 640 2505 2506
3814 2 2 1 2 2505 167 2473
3815 2 2 1 2 2506 2473 633
3816 2 2 1 2 2505 2473 2506
3817 2 2 1 2 625 2507 2441
3818 2 2 1 2 2507 633 2471
3819 2 2 1 2 2441 2471 41
3820 2 2 1 2 2507 2471 2441
3821 2 2 1 2 640 2506 2504
3822 2 2 1 2 2506 633 2507
3823 2 2 1 2 2504 2507 625
3824 2 2 1 2 2506 2507 2504
3825 2 2 1 2 166 2499 2494
3826 2 2 1 2 2499 639 2508
3827 2 2 1 2 2494 2508 638
3828 2 2 1 2 2499 2508 2494
3829 2 2 1 2 639 2502 2509
3830 2 2 1 2 2502 167 2505
3831 2 2 1 2 2509 2505 640
3832 2 2 1 2 2502 2505 2509
3833 2 2 1 2 638 2510 2497
3834 2 2 1 2 2510 640 2503
3835 2 2 1 2 2497 2503 164
3836 2 2 1 2 2510 2503 2497
3837 2 2 1 2 639 2509 2508
3838 2 2 1 2 2509 640 2510
3839 2 2 1 2 2508 2510 638
3840 2 2 1 2 2509 2510 2508
3841 2 2 1 2 14 2321 2258
3842 2 2 1 2 2321 595 2511
3843 2 2 1 2 2258 2511 578
3844 2 2 1 2 2321 2511 2258
3845 2 2 1 2 595 2327 2513
3846 2 2 1 2 2327 158 2512
3847 2 2 1 2 2513 2512 641
3848 2 2 1 2 2327 2512 2513
3849 2 2 1 2 578 2514 2261
3850 2 2 1 2 2514 641 2515
3851 2 2 1 2 2261 2515 152
3852 2 2 1 2 2514 2515 2261
3853 2 2 1 2 595 2513 2511
3854 2 2 1 2 2513 641 2514
3855 2 2 1 2 2511 2514 578
3856 2 2 1 2 2513 2514 2511
3857 2 2 1 2 158 2339 2517
3858 2 2 1 2 2339 601 2516
3859 2 2 1 2 2517 2516 643
3860 2 2 1 2 2339 2516 2517
3861 2 2 1 2 601 2345 2519
3862 2 2 1 2 2345 45 2518
3863 2 2 1 2 2519 2518 642
3864 2 2 1 2 2345 2518 2519
3865 2 2 1 2 643 2520 2522
3866 2 2 1 2 2520 642 2521
3867 2 2 1 2 2522 2521 168
3868 2 2 1 2 2520 2521 2522
3869 2 2 1 2 601 2519 2516
3870 2 2 1 2 2519 642 2520
3871 2 2 1 2 2516 2520 643
3872 2 2 1 2 2519 2520 2516
3873 2 2 1 2 152 2523 2267
3874 2 2 1 2 2523 644 2524
3875 2 2 1 2 2267 2524 581
3876 2 2 1 2 2523 2524 2267
3877 2 2 1 2 644 2525 2527
3878 2 2 1 2 2525 168 2526
3879 2 2 1 2 2527 2526 645
3880 2 2 1 2 2525 2526 2527
3881 2 2 1 2 581 2528 2270
3882 2 2 1 2 2528 645 2529
3883 2 2 1 2 2270 2529 43
3884 2 2 1 2 2528 2529 2270
3885 2 2 1 2 644 2527 2524
3886 2 2 1 2 2527 645 2528
3887 2 2 1 2 2524 2528 581
3888 2 2 1 2 2527 2528 2524
3889 2 2 1 2 158 2517 2512
3890 2 2 1 2 2517 643 2530
3891 2 2 1 2 2512 2530 641
3892 2 2 1 2 2517 2530 2512
3893 2 2 1 2 643 2522 2531
3894 2 2 1 2 2522 168 2525
3895 2 2 1 2 2531 2525 644
3896 2 2 1 2 2522 2525 2531
3897 2 2 1 2 641 2532 2515
3898 2 2 1 2 2532 644 2523
3899 2 2 1 2 2515 2523 152
3900 2 2 1 2 2532 2523 2515
3901 2 2 1 2 643 2531 2530
3902 2 2 1 2 2531 644 2532
3903 2 2 1 2 2530 2532 641
3904 2 2 1 2 2531 2532 2530
3905 2 2 1 2 45 2377 2534
3906 2 2 1 2 2377 611 2533
3907 2 2 1 2 2534 2533 647
3908 2 2 1 2 2377 2533 2534
3909 2 2 1 2 611 2383 2536
3910 2 2 1 2 2383 162 2535
3911 2 2 1 2 2536 2535 646
3912 2 2 1 2 2383 2535 2536
3913 2 2 1 2 647 2537 2539
3914 2 2 1 2 2537 646 2538
3915 2 2 1 2 2539 2538 169
3916 2 2 1 2 2537 2538 2539
3917 2 2 1 2 611 2536 2533
3918 2 2 1 2 2536 646 2537
3919 2 2 1 2 2533 2537 647
3920 2 2 1 2 2536 2537 2533
3921 2 2 1 2 162 2393 2541
3922 2 2 1 2 2393 615 2540
3923 2 2 1 2 2541 2540 648
3924 2 2 1 2 2393 2540 2541
3925 2 2 1 2 615 2397 2542
3926 2 2 1 2 2397 9 2457
3927 2 2 1 2 2542 2457 629
3928 2 2 1 2 2397 2457 2542
3929 2 2 1 2 648 2543 2544
3930 2 2 1 2 2543 629 2454
3931 2 2 1 2 2544 2454 165
3932 2 2 1 2 2543 2454 2544
3933 2 2 1 2 615 2542 2540
3934 2 2 1 2 2542 629 2543
3935 2 2 1 2 2540 2543 648
3936 2 2 1 2 2542 2543 2540
3937 2 2 1 2 169 2545 2547
3938 2 2 1 2 2545 649 2546
3939 2 2 1 2 2547 2546 650
3940 2 2 1 2 2545 2546 2547
3941 2 2 1 2 649 2548 2549
3942 2 2 1 2 2548 165 2448
3943 2 2 1 2 2549 2448 626
3944 2 2 1 2 2548 2448 2549
3945 2 2 1 2 650 2550 2551
3946 2 2 1 2 2550 626 2445
3947 2 2 1 2 2551 2445 46
3948 2 2 1 2 2550 2445 2551
3949 2 2 1 2 649 2549 2546
3950 2 2 1 2 2549 626 2550
3951 2 2 1 2 2546 2550 650
3952 2 2 1 2 2549 2550 2546
3953 2 2 1 2 162 2541 2535
3954 2 2 1 2 2541 648 2552
3955 2 2 1 2 2535 2552 646
3956 2 2 1 2 2541 2552 2535
3957 2 2 1 2 648 2544 2553
3958 2 2 1 2 2544 165 2548
3959 2 2 1 2 2553 2548 649
3960 2 2 1 2 2544 2548 2553
3961 2 2 1 2 646 2554 2538
3962 2 2 1 2 2554 649 2545
3963 2 2 1 2 2538 2545 169
3964 2 2 1 2 2554 2545 2538
3965 2 2 1 2 648 2553 2552
3966 2 2 1 2 2553 649 2554
3967 2 2 1 2 2552 2554 646
3968 2 2 1 2 2553 2554 2552
3969 2 2 1 2 43 2555 2286
3970 2 2 1 2 2555 651 2556
3971 2 2 1 2 2286 2556 586
3972 2 2 1 2 2555 2556 2286
3973 2 2 1 2 651 2557 2559
3974 2 2 1 2 2557 170 2558
3975 2 2 1 2 2559 2558 652
3976 2 2 1 2 2557 2558 2559
3977 2 2 1 2 586 2560 2289
3978 2 2 1 2 2560 652 2561
3979 2 2 1 2 2289 2561 155
3980 2 2 1 2 2560 2561 2289
3981 2 2 1 2 651 2559 2556
3982 2 2 1 2 2559 652 2560
3983 2 2 1 2 2556 2560 586
3984 2 2 1 2 2559 2560 2556
3985 2 2 1 2 170 2562 2564
3986 2 2 1 2 2562 653 2563
3987 2 2 1 2 2564 2563 654
3988 2 2 1 2 2562 2563 2564
3989 2 2 1 2 653 2565 2566
3990 2 2 1 2 2565 46 2429
3991 2 2 1 2 2566 2429 621
3992 2 2 1 2 2565 2429 2566
3993 2 2 1 2 654 2567 2568
3994 2 2 1 2 2567 621 2426
3995 2 2 1 2 2568 2426 163
3996 2 2 1 2 2567 2426 2568
3997 2 2 1 2 653 2566 2563
3998 2 2 1 2 2566 621 2567
3999 2 2 1 2 2563 2567 654
4000 2 2 1 2 2566 2567 2563
4001 2 2 1 2 155 2569 2294
4002 2 2 1 2 2569 655 2570
4003 2 2 1 2 2294 2570 589
4004 2 2 1 2 2569 2570 2294
4005 2 2 1 2 655 2571 2572
4006 2 2 1 2 2571 163 2421
4007 2 2 1 2 2572 2421 619
4008 2 2 1 2 2571 2421 2572
4009 2 2 1 2 589 2573 2297
4010 2 2 1 2 2573 619 2419
4011 2 2 1 2 2297 2419 13
4012 2 2 1 2 2573 2419 2297
4013 2 2 1 2 655 2572 2570
4014 2 2 1 2 2572 619 2573
4015 2 2 1 2 2570 2573 589
4016 2 2 1 2 2572 2573 2570
4017 2 2 1 2 170 2564 2558
4018 2 2 1 2 2564 654 2574
4019 2 2 1 2 2558 2574 652
4020 2 2 1 2 2564 2574 2558
4021 2 2 1 2 654 2568 2575
4022 2 2 1 2 2568 163 2571
4023 2 2 1 2 2575 2571 655
4024 2 2 1 2 2568 2571 2575
4025 2 2 1 2 652 2576 2561
4026 2 2 1 2 2576 655 2569
4027 2 2 1 2 2561 2569 155
4028 2 2 1 2 2576 2569 2561
4029 2 2 1 2 654 2575 2574
4030 2 2 1 2 2575 655 2576
4031 2 2 1 2 2574 2576 652
4032 2 2 1 2 2575 2576 2574
4033 2 2 1 2 45 2534 2518
4034 2 2 1 2 2534 647 2577
4035 2 2 1 2 2518 2577 642
4036 2 2 1 2 2534 2577 2518
4037 2 2 1 2 647 2539 2579
4038 2 2 1 2 2539 169 2578
4039 2 2 1 2 2579 2578 656
4040 2 2 1 2 2539 2578 2579
4041 2 2 1 2 642 2580 2521
4042 2 2 1 2 2580 656 2581
4043 2 2 1 2 2521 2581 168
4044 2 2 1 2 2580 2581 2521
4045 2 2 1 2 647 2579 2577
4046 2 2 1 2 2579 656 2580
4047 2 2 1 2 2577 2580 642
4048 2 2 1 2 2579 2580 2577
4049 2 2 1 2 169 2547 2583
4050 2 2 1 2 2547 650 2582
4051 2 2 1 2 2583 2582 657
4052 2 2 1 2 2547 2582 2583
4053 2 2 1 2 650 2551 2584
4054 2 2 1 2 2551 46 2565
4055 2 2 1 2 2584 2565 653
4056 2 2 1 2 2551 2565 2584
4057 2 2 1 2 657 2585 2586
4058 2 2 1 2 2585 653 2562
4059 2 2 1 2 2586 2562 170
4060 2 2 1 2 2585 2562 2586
4061 2 2 1 2 650 2584 2582
4062 2 2 1 2 2584 653 2585
4063 2 2 1 2 2582 2585 657
4064 2 2 1 2 2584 2585 2582
4065 2 2 1 2 168 2587 2526
4066 2 2 1 2 2587 658 2588
4067 2 2 1 2 2526 2588 645
4068 2 2 1 2 2587 2588 2526
4069 2 2 1 2 658 2589 2590
4070 2 2 1 2 2589 170 2557
4071 2 2 1 2 2590 2557 651
4072 2 2 1 2 2589 2557 2590
4073 2 2 1 2 645 2591 2529
4074 2 2 1 2 2591 651 2555
4075 2 2 1 2 2529 2555 43
4076 2 2 1 2 2591 2555 2529
4077 2 2 1 2 658 2590 2588
4078 2 2 1 2 2590 651 2591
4079 2 2 1 2 2588 2591 645
4080 2 2 1 2 2590 2591 2588
4081 2 2 1 2 169 2583 2578
4082 2 2 1 2 2583 657 2592
4083 2 2 1 2 2578 2592 656
4084 2 2 1 2 2583 2592 2578
4085 2 2 1 2 657 2586 2593
4086 2 2 1 2 2586 170 2589
4087 2 2 1 2 2593 2589 658
4088 2 2 1 2 2586 2589 2593
4089 2 2 1 2 656 2594 2581
4090 2 2 1 2 2594 658 2587
4091 2 2 1 2 2581 2587 168
4092 2 2 1 2 2594 2587 2581
4093 2 2 1 2 657 2593 2592
4094 2 2 1 2 2593 658 2594
4095 2 2 1 2 2592 2594 656
4096 2 2 1 2 2593 2594 2592
4097 2 2 1 2 5 2595 2219
4098 2 2 1 2 2595 659 2596
4099 2 2 1 2 2219 2596 567
4100 2 2 1 2 2595 2596 2219
4101 2 2 1 2 659 2597 2599
4102 2 2 1 2 2597 171 2598
4103 2 2 1 2 2599 2598 660
4104 2 2 1 2 2597 2598 2599
4105 2 2 1 2 567 2600 2221
4106 2 2 1 2 2600 660 2601
4107 2 2 1 2 2221 2601 149
4108 2 2 1 2 2600 2601 2221
4109 2 2 1 2 659 2599 2596
4110 2 2 1 2 2599 660 2600
4111 2 2 1 2 2596 2600 567
4112 2 2 1 2 2599 2600 2596
4113 2 2 1 2 171 2602 2604
4114 2 2 1 2 2602 661 2603
4115 2 2 1 2 2604 2603 663
4116 2 2 1 2 2602 2603 2604
4117 2 2 1 2 661 2605 2607
4118 2 2 1 2 2605 47 2606
4119 2 2 1 2 2607 2606 662
4120 2 2 1 2 2605 2606 2607
4121 2 2 1 2 663 2608 2610
4122 2 2 1 2 2608 662 2609
4123 2 2 1 2 2610 2609 172
4124 2 2 1 2 2608 2609 2610
4125 2 2 1 2 661 2607 2603
4126 2 2 1 2 2607 662 2608
4127 2 2 1 2 2603 2608 663
4128 2 2 1 2 2607 2608 2603
4129 2 2 1 2 149 2611 2226
4130 2 2 1 2 2611 664 2612
4131 2 2 1 2 2226 2612 569
4132 2 2 1 2 2611 2612 2226
4133 2 2 1 2 664 2613 2615
4134 2 2 1 2 2613 172 2614
4135 2 2 1 2 2615 2614 665
4136 2 2 1 2 2613 2614 2615
4137 2 2 1 2 569 2616 2229
4138 2 2 1 2 2616 665 2617
4139 2 2 1 2 2229 2617 42
4140 2 2 1 2 2616 2617 2229
4141 2 2 1 2 664 2615 2612
4142 2 2 1 2 2615 665 2616
4143 2 2 1 2 2612 2616 569
4144 2 2 1 2 2615 2616 2612
4145 2 2 1 2 171 2604 2598
4146 2 2 1 2 2604 663 2618
4147 2 2 1 2 2598 2618 660
4148 2 2 1 2 2604 2618 2598
4149 2 2 1 2 663 2610 2619
4150 2 2 1 2 2610 172 2613
4151 2 2 1 2 2619 2613 664
4152 2 2 1 2 2610 2613 2619
4153 2 2 1 2 660 2620 2601
4154 2 2 1 2 2620 664 2611
4155 2 2 1 2 2601 2611 149
4156 2 2 1 2 2620 2611 2601
4157 2 2 1 2 663 2619 2618
4158 2 2 1 2 2619 664 2620
4159 2 2 1 2 2618 2620 660
4160 2 2 1 2 2619 2620 2618
4161 2 2 1 2 47 2621 2623
4162 2 2 1 2 2621 666 2622
4163 2 2 1 2 2623 2622 668
4164 2 2 1 2 2621 2622 2623
4165 2 2 1 2 666 2624 2626
4166 2 2 1 2 2624 173 2625
4167 2 2 1 2 2626 2625 667
4168 2 2 1 2 2624 2625 2626
4169 2 2 1 2 668 2627 2629
4170 2 2 1 2 2627 667 2628
4171 2 2 1 2 2629 2628 175
4172 2 2 1 2 2627 2628 2629
4173 2 2 1 2 666 2626 2622
4174 2 2 1 2 2626 667 2627
4175 2 2 1 2 2622 2627 668
4176 2 2 1 2 2626 2627 2622
4177 2 2 1 2 173 2630 2632
4178 2 2 1 2 2630 669 2631
4179 2 2 1 2 2632 2631 671
4180 2 2 1 2 2630 2631 2632
4181 2 2 1 2 669 2633 2635
4182 2 2 1 2 2633 15 2634
4183 2 2 1 2 2635 2634 670
4184 2 2 1 2 2633 2634 2635
4185 2 2 1 2 671 2636 2638
4186 2 2 1 2 2636 670 2637
4187 2 2 1 2 2638 2637 174
4188 2 2 1 2 2636 2637 2638
4189 2 2 1 2 669 2635 2631
4190 2 2 1 2 2635 670 2636
4191 2 2 1 2 2631 2636 671
4192 2 2 1 2 2635 2636 2631
4193 2 2 1 2 175 2639 2641
4194 2 2 1 2 2639 672 2640
4195 2 2 1 2 2641 2640 674
4196 2 2 1 2 2639 2640 2641
4197 2 2 1 2 672 2642 2644
4198 2 2 1 2 2642 174 2643
4199 2 2 1 2 2644 2643 673
4200 2 2 1 2 2642 2643 2644
4201 2 2 1 2 674 2645 2647
4202 2 2 1 2 2645 673 2646
4203 2 2 1 2 2647 2646 48
4204 2 2 1 2 2645 2646 2647
4205 2 2 1 2 672 2644 2640
4206 2 2 1 2 2644 673 2645
4207 2 2 1 2 2640 2645 674
4208 2 2 1 2 2644 2645 2640
4209 2 2 1 2 173 2632 2625
4210 2 2 1 2 2632 671 2648
4211 2 2 1 2 2625 2648 667
4212 2 2 1 2 2632 2648 2625
4213 2 2 1 2 671 2638 2649
4214 2 2 1 2 2638 174 2642
4215 2 2 1 2 2649 2642 672
4216 2 2 1 2 2638 2642 2649
4217 2 2 1 2 667 2650 2628
4218 2 2 1 2 2650 672 2639
4219 2 2 1 2 2628 2639 175
4220 2 2 1 2 2650 2639 2628
4221 2 2 1 2 671 2649 2648
4222 2 2 1 2 2649 672 2650
4223 2 2 1 2 2648 2650 667
4224 2 2 1 2 2649 2650 2648
4225 2 2 1 2 42 2651 2245
4226 2 2 1 2 2651 675 2652
4227 2 2 1 2 2245 2652 574
4228 2 2 1 2 2651 2652 2245
4229 2 2 1 2 675 2653 2655
4230 2 2 1 2 2653 176 2654
4231 2 2 1 2 2655 2654 676
4232 2 2 1 2 2653 2654 2655
4233 2 2 1 2 574 2656 2248
4234 2 2 1 2 2656 676 2657
4235 2 2 1 2 2248 2657 151
4236 2 2 1 2 2656 2657 2248
4237 2 2 1 2 675 2655 2652
4238 2 2 1 2 2655 676 2656
4239 2 2 1 2 2652 2656 574
4240 2 2 1 2 2655 2656 2652
4241 2 2 1 2 176 2658 2660
4242 2 2 1 2 2658 677 2659
4243 2 2 1 2 2660 2659 679
4244 2 2 1 2 2658 2659 2660
4245 2 2 1 2 677 2661 2663
4246 2 2 1 2 2661 48 2662
4247 2 2 1 2 2663 2662 678
4248 2 2 1 2 2661 2662 2663
4249 2 2 1 2 679 2664 2666
4250 2 2 1 2 2664 678 2665
4251 2 2 1 2 2666 2665 177
4252 2 2 1 2 2664 2665 2666
4253 2 2 1 2 677 2663 2659
4254 2 2 1 2 2663 678 2664
4255 2 2 1 2 2659 2664 679
4256 2 2 1 2 2663 2664 2659
4257 2 2 1 2 151 2667 2254
4258 2 2 1 2 2667 680 2668
4259 2 2 1 2 2254 2668 577
4260 2 2 1 2 2667 2668 2254
4261 2 2 1 2 680 2669 2671
4262 2 2 1 2 2669 177 2670
4263 2 2 1 2 2671 2670 681
4264 2 2 1 2 2669 2670 2671
4265 2 2 1 2 577 2672 2257
4266 2 2 1 2 2672 681 2673
4267 2 2 1 2 2257 2673 14
4268 2 2 1 2 2672 2673 2257
4269 2 2 1 2 680 2671 2668
4270 2 2 1 2 2671 681 2672
4271 2 2 1 2 2668 2672 577
4272 2 2 1 2 2671 2672 2668
4273 2 2 1 2 176 2660 2654
4274 2 2 1 2 2660 679 2674
4275 2 2 1 2 2654 2674 676
4276 2 2 1 2 2660 2674 2654
4277 2 2 1 2 679 2666 2675
4278 2 2 1 2 2666 177 2669
4279 2 2 1 2 2675 2669 680
4280 2 2 1 2 2666 2669 2675
4281 2 2 1 2 676 2676 2657
4282 2 2 1 2 2676 680 2667
4283 2 2 1 2 2657 2667 151
4284 2 2 1 2 2676 2667 2657
4285 2 2 1 2 679 2675 2674
4286 2 2 1 2 2675 680 2676
4287 2 2 1 2 2674 2676 676
4288 2 2 1 2 2675 2676 2674
4289 2 2 1 2 47 2623 2606
4290 2 2 1 2 2623 668 2677
4291 2 2 1 2 2606 2677 662
4292 2 2 1 2 2623 2677 2606
4293 2 2 1 2 668 2629 2679
4294 2 2 1 2 2629 175 2678
4295 2 2 1 2 2679 2678 682
4296 2 2 1 2 2629 2678 2679
4297 2 2 1 2 662 2680 2609
4298 2 2 1 2 2680 682 2681
4299 2 2 1 2 2609 2681 172
4300 2 2 1 2 2680 2681 2609
4301 2 2 1 2 668 2679 2677
4302 2 2 1 2 2679 682 2680
4303 2 2 1 2 2677 2680 662
4304 2 2 1 2 2679 2680 2677
4305 2 2 1 2 175 2641 2683
4306 2 2 1 2 2641 674 2682
4307 2 2 1 2 2683 2682 683
4308 2 2 1 2 2641 2682 2683
4309 2 2 1 2 674 2647 2684
4310 2 2 1 2 2647 48 2661
4311 2 2 1 2 2684 2661 677
4312 2 2 1 2 2647 2661 2684
4313 2 2 1 2 683 2685 2686
4314 2 2 1 2 2685 677 2658
4315 2 2 1 2 2686 2658 176
4316 2 2 1 2 2685 2658 2686
4317 2 2 1 2 674 2684 2682
4318 2 2 1 2 2684 677 2685
4319 2 2 1 2 2682 2685 683
4320 2 2 1 2 2684 2685 2682
4321 2 2 1 2 172 2687 2614
4322 2 2 1 2 2687 684 2688
4323 2 2 1 2 2614 2688 665
4324 2 2 1 2 2687 2688 2614
4325 2 2 1 2 684 2689 2690
4326 2 2 1 2 2689 176 2653
4327 2 2 1 2 2690 2653 675
4328 2 2 1 2 2689 2653 2690
4329 2 2 1 2 665 2691 2617
4330 2 2 1 2 2691 675 2651
4331 2 2 1 2 2617 2651 42
4332 2 2 1 2 2691 2651 2617
4333 2 2 1 2 684 2690 2688
4334 2 2 1 2 2690 675 2691
4335 2 2 1 2 2688 2691 665
4336 2 2 1 2 2690 2691 2688
4337 2 2 1 2 175 2683 2678
4338 2 2 1 2 2683 683 2692
4339 2 2 1 2 2678 2692 682
4340 2 2 1 2 2683 2692 2678
4341 2 2 1 2 683 2686 2693
4342 2 2 1 2 2686 176 2689
4343 2 2 1 2 2693 2689 684
4344 2 2 1 2 2686 2689 2693
4345 2 2 1 2 682 2694 2681
4346 2 2 1 2 2694 684 2687
4347 2 2 1 2 2681 2687 172
4348 2 2 1 2 2694 2687 2681
4349 2 2 1 2 683 2693 2692
4350 2 2 1 2 2693 684 2694
4351 2 2 1 2 2692 2694 682
4352 2 2 1 2 2693 2694 2692
4353 2 2 1 2 15 2695 2697
4354 2 2 1 2 2695 685 2696
4355 2 2 1 2 2697 2696 687
4356 2 2 1 2 2695 2696 2697
4357 2 2 1 2 685 2698 2700
4358 2 2 1 2 2698 178 2699
4359 2 2 1 2 2700 2699 686
4360 2 2 1 2 2698 2699 2700
4361 2 2 1 2 687 2701 2703
4362 2 2 1 2 2701 686 2702
4363 2 2 1 2 2703 2702 180
4364 2 2 1 2 2701 2702 2703
4365 2 2 1 2 685 2700 2696
4366 2 2 1 2 2700 686 2701
4367 2 2 1 2 2696 2701 687
4368 2 2 1 2 2700 2701 2696
4369 2 2 1 2 178 2704 2706
4370 2 2 1 2 2704 688 2705
4371 2 2 1 2 2706 2705 690
4372 2 2 1 2 2704 2705 2706
4373 2 2 1 2 688 2707 2709
4374 2 2 1 2 2707 49 2708
4375 2 2 1 2 2709 2708 689
4376 2 2 1 2 2707 2708 2709
4377 2 2 1 2 690 2710 2712
4378 2 2 1 2 2710 689 2711
4379 2 2 1 2 2712 2711 179
4380 2 2 1 2 2710 2711 2712
4381 2 2 1 2 688 2709 2705
4382 2 2 1 2 2709 689 2710
4383 2 2 1 2 2705 2710 690
4384 2 2 1 2 2709 2710 2705
4385 2 2 1 2 180 2713 2715
4386 2 2 1 2 2713 691 2714
4387 2 2 1 2 2715 2714 693
4388 2 2 1 2 2713 2714 2715
4389 2 2 1 2 691 2716 2718
4390 2 2 1 2 2716 179 2717
4391 2 2 1 2 2718 2717 692
4392 2 2 1 2 2716 2717 2718
4393 2 2 1 2 693 2719 2721
4394 2 2 1 2 2719 692 2720
4395 2 2 1 2 2721 2720 51
4396 2 2 1 2 2719 2720 2721
4397 2 2 1 2 691 2718 2714
4398 2 2 1 2 2718 692 2719
4399 2 2 1 2 2714 2719 693
4400 2 2 1 2 2718 2719 2714
4401 2 2 1 2 178 2706 2699
4402 2 2 1 2 2706 690 2722
4403 2 2 1 2 2699 2722 686
4404 2 2 1 2 2706 2722 2699
4405 2 2 1 2 690 2712 2723
4406 2 2 1 2 2712 179 2716
4407 2 2 1 2 2723 2716 691
4408 2 2 1 2 2712 2716 2723
4409 2 2 1 2 686 2724 2702
4410 2 2 1 2 2724 691 2713
4411 2 2 1 2 2702 2713 180
4412 2 2 1 2 2724 2713 2702
4413 2 2 1 2 690 2723 2722
4414 2 2 1 2 2723 691 2724
4415 2 2 1 2 2722 2724 686
4416 2 2 1 2 2723 2724 2722
4417 2 2 1 2 49 2725 2727
4418 2 2 1 2 2725 694 2726
4419 2 2 1 2 2727 2726 696
4420 2 2 1 2 2725 2726 2727
4421 2 2 1 2 694 2728 2730
4422 2 2 1 2 2728 181 2729
4423 2 2 1 2 2730 2729 695
4424 2 2 1 2 2728 2729 2730
4425 2 2 1 2 696 2731 2733
4426 2 2 1 2 2731 695 2732
4427 2 2 1 2 2733 2732 183
4428 2 2 1 2 2731 2732 2733
4429 2 2 1 2 694 2730 2726
4430 2 2 1 2 2730 695 2731
4431 2 2 1 2 2726 2731 696
4432 2 2 1 2 2730 2731 2726
4433 2 2 1 2 181 2734 2736
4434 2 2 1 2 2734 697 2735
4435 2 2 1 2 2736 2735 699
4436 2 2 1 2 2734 2735 2736
4437 2 2 1 2 697 2737 2739
4438 2 2 1 2 2737 6 2738
4439 2 2 1 2 2739 2738 698
4440 2 2 1 2 2737 2738 2739
4441 2 2 1 2 699 2740 2742
4442 2 2 1 2 2740 698 2741
4443 2 2 1 2 2742 2741 182
4444 2 2 1 2 2740 2741 2742
4445 2 2 1 2 697 2739 2735
4446 2 2 1 2 2739 698 2740
4447 2 2 1 2 2735 2740 699
4448 2 2 1 2 2739 2740 2735
4449 2 2 1 2 183 2743 2745
4450 2 2 1 2 2743 700 2744
4451 2 2 1 2 2745 2744 702
4452 2 2 1 2 2743 2744 2745
4453 2 2 1 2 700 2746 2748
4454 2 2 1 2 2746 182 2747
4455 2 2 1 2 2748 2747 701
4456 2 2 1 2 2746 2747 2748
4457 2 2 1 2 702 2749 2751
4458 2 2 1 2 2749 701 2750
4459 2 2 1 2 2751 2750 50
4460 2 2 1 2 2749 2750 2751
4461 2 2 1 2 700 2748 2744
4462 2 2 1 2 2748 701 2749
4463 2 2 1 2 2744 2749 702
4464 2 2 1 2 2748 2749 2744
4465 2 2 1 2 181 2736 2729
4466 2 2 1 2 2736 699 2752
4467 2 2 1 2 2729 2752 695
4468 2 2 1 2 2736 2752 2729
4469 2 2 1 2 699 2742 2753
4470 2 2 1 2 2742 182 2746
4471 2 2 1 2 2753 2746 700
4472 2 2 1 2 2742 2746 2753
4473 2 2 1 2 695 2754 2732
4474 2 2 1 2 2754 700 2743
4475 2 2 1 2 2732 2743 183
4476 2 2 1 2 2754 2743 2732
4477 2 2 1 2 699 2753 2752
4478 2 2 1 2 2753 700 2754
4479 2 2 1 2 2752 2754 695
4480 2 2 1 2 2753 2754 2752
4481 2 2 1 2 51 2755 2757
4482 2 2 1 2 2755 703 2756
4483 2 2 1 2 2757 2756 705
4484 2 2 1 2 2755 2756 2757
4485 2 2 1 2 703 2758 2760
4486 2 2 1 2 2758 184 2759
4487 2 2 1 2 2760 2759 704
4488 2 2 1 2 2758 2759 2760
4489 2 2 1 2 705 2761 2763
4490 2 2 1 2 2761 704 2762
4491 2 2 1 2 2763 2762 186
4492 2 2 1 2 2761 2762 2763
4493 2 2 1 2 703 2760 2756
4494 2 2 1 2 2760 704 2761
4495 2 2 1 2 2756 2761 705
4496 2 2 1 2 2760 2761 2756
4497 2 2 1 2 184 2764 2766
4498 2 2 1 2 2764 706 2765
4499 2 2 1 2 2766 2765 708
4500 2 2 1 2 2764 2765 2766
4501 2 2 1 2 706 2767 2769
4502 2 2 1 2 2767 50 2768
4503 2 2 1 2 2769 2768 707
4504 2 2 1 2 2767 2768 2769
4505 2 2 1 2 708 2770 2772
4506 2 2 1 2 2770 707 2771
4507 2 2 1 2 2772 2771 185
4508 2 2 1 2 2770 2771 2772
4509 2 2 1 2 706 2769 2765
4510 2 2 1 2 2769 707 2770
4511 2 2 1 2 2765 2770 708
4512 2 2 1 2 2769 2770 2765
4513 2 2 1 2 186 2773 2775
4514 2 2 1 2 2773 709 2774
4515 2 2 1 2 2775 2774 711
4516 2 2 1 2 2773 2774 2775
4517 2 2 1 2 709 2776 2778
4518 2 2 1 2 2776 185 2777
4519 2 2 1 2 2778 2777 710
4520 2 2 1 2 2776 2777 2778
4521 2 2 1 2 711 2779 2781
4522 2 2 1 2 2779 710 2780
4523 2 2 1 2 2781 2780 16
4524 2 2 1 2 2779 2780 2781
4525 2 2 1 2 709 2778 2774
4526 2 2 1 2 2778 710 2779
4527 2 2 1 2 2774 2779 711
4528 2 2 1 2 2778 2779 2774
4529 2 2 1 2 184 2766 2759
4530 2 2 1 2 2766 708 2782
4531 2 2 1 2 2759 2782 704
4532 2 2 1 2 2766 2782 2759
4533 2 2 1 2 708 2772 2783
4534 2 2 1 2 2772 185 2776
4535 2 2 1 2 2783 2776 709
4536 2 2 1 2 2772 2776 2783
4537 2 2 1 2 704 2784 2762
4538 2 2 1 2 2784 709 2773
4539 2 2 1 2 2762 2773 186
4540 2 2 1 2 2784 2773 2762
4541 2 2 1 2 708 2783 2782
4542 2 2 1 2 2783 709 2784
4543 2 2 1 2 2782 2784 704
4544 2 2 1 2 2783 2784 2782
4545 2 2 1 2 49 2727 2708
4546 2 2 1 2 2727 696 2785
4547 2 2 1 2 2708 2785 689
4548 2 2 1 2 2727 2785 2708
4549 2 2 1 2 696 2733 2787
4550 2 2 1 2 2733 183 2786
4551 2 2 1 2 2787 2786 712
4552 2 2 1 2 2733 2786 2787
4553 2 2 1 2 689 2788 2711
4554 2 2 1 2 2788 712 2789
4555 2 2 1 2 2711 2789 179
4556 2 2 1 2 2788 2789 2711
4557 2 2 1 2 696 2787 2785
4558 2 2 1 2 2787 712 2788
4559 2 2 1 2 2785 2788 689
4560 2 2 1 2 2787 2788 2785
4561 2 2 1 2 183 2745 2791
4562 2 2 1 2 2745 702 2790
4563 2 2 1 2 2791 2790 713
4564 2 2 1 2 2745 2790 2791
4565 2 2 1 2 702 2751 2792
4566 2 2 1 2 2751 50 2767
4567 2 2 1 2 2792 2767 706
4568 2 2 1 2 2751 2767 2792
4569 2 2 1 2 713 2793 2794
4570 2 2 1 2 2793 706 2764
4571 2 2 1 2 2794 2764 184
4572 2 2 1 2 2793 2764 2794
4573 2 2 1 2 702 2792 2790
4574 2 2 1 2 2792 706 2793
4575 2 2 1 2 2790 2793 713
4576 2 2 1 2 2792 2793 2790
4577 2 2 1 2 179 2795 2717
4578 2 2 1 2 2795 714 2796
4579 2 2 1 2 2717 2796 692
4580 2 2 1 2 2795 2796 2717
4581 2 2 1 2 714 2797 2798
4582 2 2 1 2 2797 184 2758
4583 2 2 1 2 2798 2758 703
4584 2 2 1 2 2797 2758 2798
4585 2 2 1 2 692 2799 2720
4586 2 2 1 2 2799 703 2755
4587 2 2 1 2 2720 2755 51
4588 2 2 1 2 2799 2755 2720
4589 2 2 1 2 714 2798 2796
4590 2 2 1 2 2798 703 2799
4591 2 2 1 2 2796 2799 692
4592 2 2 1 2 2798 2799 2796
4593 2 2 1 2 183 2791 2786
4594 2 2 1 2 2791 713 2800
4595 2 2 1 2 2786 2800 712
4596 2 2 1 2 2791 2800 2786
4597 2 2 1 2 713 2794 2801
4598 2 2 1 2 2794 184 2797
4599 2 2 1 2 2801 2797 714
4600 2 2 1 2 2794 2797 2801
4601 2 2 1 2 712 2802 2789
4602 2 2 1 2 2802 714 2795
4603 2 2 1 2 2789 2795 179
4604 2 2 1 2 2802 2795 2789
4605 2 2 1 2 713 2801 2800
4606 2 2 1 2 2801 714 2802
4607 2 2 1 2 2800 2802 712
4608 2 2 1 2 2801 2802 2800
4609 2 2 1 2 14 2803 2319
4610 2 2 1 2 2803 715 2804
4611 2 2 1 2 2319 2804 593
4612 2 2 1 2 2803 2804 2319
4613 2 2 1 2 715 2805 2807
4614 2 2 1 2 2805 187 2806
4615 2 2 1 2 2807 2806 716
4616 2 2 1 2 2805 2806 2807
4617 2 2 1 2 593 2808 2322
4618 2 2 1 2 2808 716 2809
4619 2 2 1 2 2322 2809 156
4620 2 2 1 2 2808 2809 2322
4621 2 2 1 2 715 2807 2804
4622 2 2 1 2 2807 716 2808
4623 2 2 1 2 2804 2808 593
4624 2 2 1 2 2807 2808 2804
4625 2 2 1 2 187 2810 2812
4626 2 2 1 2 2810 717 2811
4627 2 2 1 2 2812 2811 719
4628 2 2 1 2 2810 2811 2812
4629 2 2 1 2 717 2813 2815
4630 2 2 1 2 2813 52 2814
4631 2 2 1 2 2815 2814 718
4632 2 2 1 2 2813 2814 2815
4633 2 2 1 2 719 2816 2818
4634 2 2 1 2 2816 718 2817
4635 2 2 1 2 2818 2817 188
4636 2 2 1 2 2816 2817 2818
4637 2 2 1 2 717 2815 2811
4638 2 2 1 2 2815 718 2816
4639 2 2 1 2 2811 2816 719
4640 2 2 1 2 2815 2816 2811
4641 2 2 1 2 156 2819 2328
4642 2 2 1 2 2819 720 2820
4643 2 2 1 2 2328 2820 596
4644 2 2 1 2 2819 2820 2328
4645 2 2 1 2 720 2821 2823
4646 2 2 1 2 2821 188 2822
4647 2 2 1 2 2823 2822 721
4648 2 2 1 2 2821 2822 2823
4649 2 2 1 2 596 2824 2331
4650 2 2 1 2 2824 721 2825
4651 2 2 1 2 2331 2825 44
4652 2 2 1 2 2824 2825 2331
4653 2 2 1 2 720 2823 2820
4654 2 2 1 2 2823 721 2824
4655 2 2 1 2 2820 2824 596
4656 2 2 1 2 2823 2824 2820
4657 2 2 1 2 187 2812 2806
4658 2 2 1 2 2812 719 2826
4659 2 2 1 2 2806 2826 716
4660 2 2 1 2 2812 2826 2806
4661 2 2 1 2 719 2818 2827
4662 2 2 1 2 2818 188 2821
4663 2 2 1 2 2827 2821 720
4664 2 2 1 2 2818 2821 2827
4665 2 2 1 2 716 2828 2809
4666 2 2 1 2 2828 720 2819
4667 2 2 1 2 2809 2819 156
4668 2 2 1 2 2828 2819 2809
4669 2 2 1 2 719 2827 2826
4670 2 2 1 2 2827 720 2828
4671 2 2 1 2 2826 2828 716
4672 2 2 1 2 2827 2828 2826
4673 2 2 1 2 52 2829 2831
4674 2 2 1 2 2829 722 2830
4675 2 2 1 2 2831 2830 724
4676 2 2 1 2 2829 2830 2831
4677 2 2 1 2 722 2832 2834
4678 2 2 1 2 2832 189 2833
4679 2 2 1 2 2834 2833 723
4680 2 2 1 2 2832 2833 2834
4681 2 2 1 2 724 2835 2837
4682 2 2 1 2 2835 723 2836
4683 2 2 1 2 2837 2836 191
4684 2 2 1 2 2835 2836 2837
4685 2 2 1 2 722 2834 2830
4686 2 2 1 2 2834 723 2835
4687 2 2 1 2 2830 2835 724
4688 2 2 1 2 2834 2835 2830
4689 2 2 1 2 189 2838 2840
4690 2 2 1 2 2838 725 2839
4691 2 2 1 2 2840 2839 727
4692 2 2 1 2 2838 2839 2840
4693 2 2 1 2 725 2841 2843
4694 2 2 1 2 2841 16 2842
4695 2 2 1 2 2843 2842 726
4696 2 2 1 2 2841 2842 2843
4697 2 2 1 2 727 2844 2846
4698 2 2 1 2 2844 726 2845
4699 2 2 1 2 2846 2845 190
4700 2 2 1 2 2844 2845 2846
4701 2 2 1 2 725 2843 2839
4702 2 2 1 2 2843 726 2844
4703 2 2 1 2 2839 2844 727
4704 2 2 1 2 2843 2844 2839
4705 2 2 1 2 191 2847 2849
4706 2 2 1 2 2847 728 2848
4707 2 2 1 2 2849 2848 730
4708 2 2 1 2 2847 2848 2849
4709 2 2 1 2 728 2850 2852
4710 2 2 1 2 2850 190 2851
4711 2 2 1 2 2852 2851 729
4712 2 2 1 2 2850 2851 2852
4713 2 2 1 2 730 2853 2855
4714 2 2 1 2 2853 729 2854
4715 2 2 1 2 2855 2854 53
4716 2 2 1 2 2853 2854 2855
4717 2 2 1 2 728 2852 2848
4718 2 2 1 2 2852 729 2853
4719 2 2 1 2 2848 2853 730
4720 2 2 1 2 2852 2853 2848
4721 2 2 1 2 189 2840 2833
4722 2 2 1 2 2840 727 2856
4723 2 2 1 2 2833 2856 723
4724 2 2 1 2 2840 2856 2833
4725 2 2 1 2 727 2846 2857
4726 2 2 1 2 2846 190 2850
4727 2 2 1 2 2857 2850 728
4728 2 2 1 2 2846 2850 2857
4729 2 2 1 2 723 2858 2836
4730 2 2 1 2 2858 728 2847
4731 2 2 1 2 2836 2847 191
4732 2 2 1 2 2858 2847 2836
4733 2 2 1 2 727 2857 2856
4734 2 2 1 2 2857 728 2858
4735 2 2 1 2 2856 2858 723
4736 2 2 1 2 2857 2858 2856
4737 2 2 1 2 44 2859 2349
4738 2 2 1 2 2859 731 2860
4739 2 2 1 2 2349 2860 602
4740 2 2 1 2 2859 2860 2349
4741 2 2 1 2 731 2861 2863
4742 2 2 1 2 2861 192 2862
4743 2 2 1 2 2863 2862 732
4744 2 2 1 2 2861 2862 2863
4745 2 2 1 2 602 2864 2352
4746 2 2 1 2 2864 732 2865
4747 2 2 1 2 2352 2865 159
4748 2 2 1 2 2864 2865 2352
4749 2 2 1 2 731 2863 2860
4750 2 2 1 2 2863 732 2864
4751 2 2 1 2 2860 2864 602
4752 2 2 1 2 2863 2864 2860
4753 2 2 1 2 192 2866 2868
4754 2 2 1 2 2866 733 2867
4755 2 2 1 2 2868 2867 735
4756 2 2 1 2 2866 2867 2868
4757 2 2 1 2 733 2869 2871
4758 2 2 1 2 2869 53 2870
4759 2 2 1 2 2871 2870 734
4760 2 2 1 2 2869 2870 2871
4761 2 2 1 2 735 2872 2874
4762 2 2 1 2 2872 734 2873
4763 2 2 1 2 2874 2873 193
4764 2 2 1 2 2872 2873 2874
4765 2 2 1 2 733 2871 2867
4766 2 2 1 2 2871 734 2872
4767 2 2 1 2 2867 2872 735
4768 2 2 1 2 2871 2872 2867
4769 2 2 1 2 159 2875 2358
4770 2 2 1 2 2875 736 2876
4771 2 2 1 2 2358 2876 605
4772 2 2 1 2 2875 2876 2358
4773 2 2 1 2 736 2877 2879
4774 2 2 1 2 2877 193 2878
4775 2 2 1 2 2879 2878 737
4776 2 2 1 2 2877 2878 2879
4777 2 2 1 2 605 2880 2361
4778 2 2 1 2 2880 737 2881
4779 2 2 1 2 2361 2881 1
4780 2 2 1 2 2880 2881 2361
4781 2 2 1 2 736 2879 2876
4782 2 2 1 2 2879 737 2880
4783 2 2 1 2 2876 2880 605
4784 2 2 1 2 2879 2880 2876
4785 2 2 1 2 192 2868 2862
4786 2 2 1 2 2868 735 2882
4787 2 2 1 2 2862 2882 732
4788 2 2 1 2 2868 2882 2862
4789 2 2 1 2 735 2874 2883
4790 2 2 1 2 2874 193 2877
4791 2 2 1 2 2883 2877 736
4792 2 2 1 2 2874 2877 2883
4793 2 2 1 2 732 2884 2865
4794 2 2 1 2 2884 736 2875
4795 2 2 1 2 2865 2875 159
4796 2 2 1 2 2884 2875 2865
4797 2 2 1 2 735 2883 2882
4798 2 2 1 2 2883 736 2884
4799 2 2 1 2 2882 2884 732
4800 2 2 1 2 2883 2884 2882
4801 2 2 1 2 52 2831 2814
4802 2 2 1 2 2831 724 2885
4803 2 2 1 2 2814 2885 718
4804 2 2 1 2 2831 2885 2814
4805 2 2 1 2 724 2837 2887
4806 2 2 1 2 2837 191 2886
4807 2 2 1 2 2887 2886 738
4808 2 2 1 2 2837 2886 2887
4809 2 2 1 2 718 2888 2817
4810 2 2 1 2 2888 738 2889
4811 2 2 1 2 2817 2889 188
4812 2 2 1 2 2888 2889 2817
4813 2 2 1 2 724 2887 2885
4814 2 2 1 2 2887 738 2888
4815 2 2 1 2 2885 2888 718
4816 2 2 1 2 2887 2888 2885
4817 2 2 1 2 191 2849 2891
4818 2 2 1 2 2849 730 2890
4819 2 2 1 2 2891 2890 739
4820 2 2 1 2 2849 2890 2891
4821 2 2 1 2 730 2855 2892
4822 2 2 1 2 2855 53 2869
4823 2 2 1 2 2892 2869 733
4824 2 2 1 2 2855 2869 2892
4825 2 2 1 2 739 2893 2894
4826 2 2 1 2 2893 733 2866
4827 2 2 1 2 2894 2866 192
4828 2 2 1 2 2893 2866 2894
4829 2 2 1 2 730 2892 2890
4830 2 2 1 2 2892 733 2893
4831 2 2 1 2 2890 2893 739
4832 2 2 1 2 2892 2893 2890
4833 2 2 1 2 188 2895 2822
4834 2 2 1 2 2895 740 2896
4835 2 2 1 2 2822 2896 721
4836 2 2 1 2 2895 2896 2822
4837 2 2 1 2 740 2897 2898
4838 2 2 1 2 2897 192 2861
4839 2 2 1 2 2898 2861 731
4840 2 2 1 2 2897 2861 2898
4841 2 2 1 2 721 2899 2825
4842 2 2 1 2 2899 731 2859
4843 2 2 1 2 2825 2859 44
4844 2 2 1 2 2899 2859 2825
4845 2 2 1 2 740 2898 2896
4846 2 2 1 2 2898 731 2899
4847 2 2 1 2 2896 2899 721
4848 2 2 1 2 2898 2899 2896
4849 2 2 1 2 191 2891 2886
4850 2 2 1 2 2891 739 2900
4851 2 2 1 2 2886 2900 738
4852 2 2 1 2 2891 2900 2886
4853 2 2 1 2 739 2894 2901
4854 2 2 1 2 2894 192 2897
4855 2 2 1 2 2901 2897 740
4856 2 2 1 2 2894 2897 2901
4857 2 2 1 2 738 2902 2889
4858 2 2 1 2 2902 740 2895
4859 2 2 1 2 2889 2895 188
4860 2 2 1 2 2902 2895 2889
4861 2 2 1 2 739 2901 2900
4862 2 2 1 2 2901 740 2902
4863 2 2 1 2 2900 2902 738
4864 2 2 1 2 2901 2902 2900
4865 2 2 1 2 15 2697 2634
4866 2 2 1 2 2697 687 2903
4867 2 2 1 2 2634 2903 670
4868 2 2 1 2 2697 2903 2634
4869 2 2 1 2 687 2703 2905
4870 2 2 1 2 2703 180 2904
4871 2 2 1 2 2905 2904 741
4872 2 2 1 2 2703 2904 2905
4873 2 2 1 2 670 2906 2637
4874 2 2 1 2 2906 741 2907
4875 2 2 1 2 2637 2907 174
4876 2 2 1 2 2906 2907 2637
4877 2 2 1 2 687 2905 2903
4878 2 2 1 2 2905 741 2906
4879 2 2 1 2 2903 2906 670
4880 2 2 1 2 2905 2906 2903
4881 2 2 1 2 180 2715 2909
4882 2 2 1 2 2715 693 2908
4883 2 2 1 2 2909 2908 743
4884 2 2 1 2 2715 2908 2909
4885 2 2 1 2 693 2721 2911
4886 2 2 1 2 2721 51 2910
4887 2 2 1 2 2911 2910 742
4888 2 2 1 2 2721 2910 2911
4889 2 2 1 2 743 2912 2914
4890 2 2 1 2 2912 742 2913
4891 2 2 1 2 2914 2913 194
4892 2 2 1 2 2912 2913 2914
4893 2 2 1 2 693 2911 2908
4894 2 2 1 2 2911 742 2912
4895 2 2 1 2 2908 2912 743
4896 2 2 1 2 2911 2912 2908
4897 2 2 1 2 174 2915 2643
4898 2 2 1 2 2915 744 2916
4899 2 2 1 2 2643 2916 673
4900 2 2 1 2 2915 2916 2643
4901 2 2 1 2 744 2917 2919
4902 2 2 1 2 2917 194 2918
4903 2 2 1 2 2919 2918 745
4904 2 2 1 2 2917 2918 2919
4905 2 2 1 2 673 2920 2646
4906 2 2 1 2 2920 745 2921
4907 2 2 1 2 2646 2921 48
4908 2 2 1 2 2920 2921 2646
4909 2 2 1 2 744 2919 2916
4910 2 2 1 2 2919 745 2920
4911 2 2 1 2 2916 2920 673
4912 2 2 1 2 2919 2920 2916
4913 2 2 1 2 180 2909 2904
4914 2 2 1 2 2909 743 2922
4915 2 2 1 2 2904 2922 741
4916 2 2 1 2 2909 2922 2904
4917 2 2 1 2 743 2914 2923
4918 2 2 1 2 2914 194 2917
4919 2 2 1 2 2923 2917 744
4920 2 2 1 2 2914 2917 2923
4921 2 2 1 2 741 2924 2907
4922 2 2 1 2 2924 744 2915
4923 2 2 1 2 2907 2915 174
4924 2 2 1 2 2924 2915 2907
4925 2 2 1 2 743 2923 2922
4926 2 2 1 2 2923 744 2924
4927 2 2 1 2 2922 2924 741
4928 2 2 1 2 2923 2924 2922
4929 2 2 1 2 51 2757 2926
4930 2 2 1 2 2757 705 2925
4931 2 2 1 2 2926 2925 747
4932 2 2 1 2 2757 2925 2926
4933 2 2 1 2 705 2763 2928
4934 2 2 1 2 2763 186 2927
4935 2 2 1 2 2928 2927 746
4936 2 2 1 2 2763 2927 2928
4937 2 2 1 2 747 2929 2931
4938 2 2 1 2 2929 746 2930
4939 2 2 1 2 2931 2930 195
4940 2 2 1 2 2929 2930 2931
4941 2 2 1 2 705 2928 2925
4942 2 2 1 2 2928 746 2929
4943 2 2 1 2 2925 2929 747
4944 2 2 1 2 2928 2929 2925
4945 2 2 1 2 186 2775 2933
4946 2 2 1 2 2775 711 2932
4947 2 2 1 2 2933 2932 748
4948 2 2 1 2 2775 2932 2933
4949 2 2 1 2 711 2781 2934
4950 2 2 1 2 2781 16 2841
4951 2 2 1 2 2934 2841 725
4952 2 2 1 2 2781 2841 2934
4953 2 2 1 2 748 2935 2936
4954 2 2 1 2 2935 725 2838
4955 2 2 1 2 2936 2838 189
4956 2 2 1 2 2935 2838 2936
4957 2 2 1 2 711 2934 2932
4958 2 2 1 2 2934 725 2935
4959 2 2 1 2 2932 2935 748
4960 2 2 1 2 2934 2935 2932
4961 2 2 1 2 195 2937 2939
4962 2 2 1 2 2937 749 2938
4963 2 2 1 2 2939 2938 750
4964 2 2 1 2 2937 2938 2939
4965 2 2 1 2 749 2940 2941
4966 2 2 1 2 2940 189 2832
4967 2 2 1 2 2941 2832 722
4968 2 2 1 2 2940 2832 2941
4969 2 2 1 2 750 2942 2943
4970 2 2 1 2 2942 722 2829
4971 2 2 1 2 2943 2829 52
4972 2 2 1 2 2942 2829 2943
4973 2 2 1 2 749 2941 2938
4974 2 2 1 2 2941 722 2942
4975 2 2 1 2 2938 2942 750
4976 2 2 1 2 2941 2942 2938
4977 2 2 1 2 186 2933 2927
4978 2 2 1 2 2933 748 2944
4979 2 2 1 2 2927 2944 746
4980 2 2 1 2 2933 2944 2927
4981 2 2 1 2 748 2936 2945
4982 2 2 1 2 2936 189 2940
4983 2 2 1 2 2945 2940 749
4984 2 2 1 2 2936 2940 2945
4985 2 2 1 2 746 2946 2930
4986 2 2 1 2 2946 749 2937
4987 2 2 1 2 2930 2937 195
4988 2 2 1 2 2946 2937 2930
4989 2 2 1 2 748 2945 2944
4990 2 2 1 2 2945 749 2946
4991 2 2 1 2 2944 2946 746
4992 2 2 1 2 2945 2946 2944
4993 2 2 1 2 48 2947 2662
4994 2 2 1 2 2947 751 2948
4995 2 2 1 2 2662 2948 678
4996 2 2 1 2 2947 2948 2662
4997 2 2 1 2 751 2949 2951
4998 2 2 1 2 2949 196 2950
4999 2 2 1 2 2951 2950 752
5000 2 2 1 2 2949 2950 2951
5001 2 2 1 2 678 2952 2665
5002 2 2 1 2 2952 752 2953
5003 2 2 1 2 2665 2953 177
5004 2 2 1 2 2952 2953 2665
5005 2 2 1 2 751 2951 2948
5006 2 2 1 2 2951 752 2952
5007 2 2 1 2 2948 2952 678
5008 2 2 1 2 2951 2952 2948
5009 2 2 1 2 196 2954 2956
5010 2 2 1 2 2954 753 2955
5011 2 2 1 2 2956 2955 754
5012 2 2 1 2 2954 2955 2956
5013 2 2 1 2 753 2957 2958
5014 2 2 1 2 2957 52 2813
5015 2 2 1 2 2958 2813 717
5016 2 2 1 2 2957 2813 2958
5017 2 2 1 2 754 2959 2960
5018 2 2 1 2 2959 717 2810
5019 2 2 1 2 2960 2810 187
5020 2 2 1 2 2959 2810 2960
5021 2 2 1 2 753 2958 2955
5022 2 2 1 2 2958 717 2959
5023 2 2 1 2 2955 2959 754
5024 2 2 1 2 2958 2959 2955
5025 2 2 1 2 177 2961 2670
5026 2 2 1 2 2961 755 2962
5027 2 2 1 2 2670 2962 681
5028 2 2 1 2 2961 2962 2670
5029 2 2 1 2 755 2963 2964
5030 2 2 1 2 2963 187 2805
5031 2 2 1 2 2964 2805 715
5032 2 2 1 2 2963 2805 2964
5033 2 2 1 2 681 2965 2673
5034 2 2 1 2 2965 715 2803
5035 2 2 1 2 2673 2803 14
5036 2 2 1 2 2965 2803 2673
5037 2 2 1 2 755 2964 2962
5038 2 2 1 2 2964 715 2965
5039 2 2 1 2 2962 2965 681
5040 2 2 1 2 2964 2965 2962
5041 2 2 1 2 196 2956 2950
5042 2 2 1 2 2956 754 2966
5043 2 2 1 2 2950 2966 752
5044 2 2 1 2 2956 2966 2950
5045 2 2 1 2 754 2960 2967
5046 2 2 1 2 2960 187 2963
5047 2 2 1 2 2967 2963 755
5048 2 2 1 2 2960 2963 2967
5049 2 2 1 2 752 2968 2953
5050 2 2 1 2 2968 755 2961
5051 2 2 1 2 2953 2961 177
5052 2 2 1 2 2968 2961 2953
5053 2 2 1 2 754 2967 2966
5054 2 2 1 2 2967 755 2968
5055 2 2 1 2 2966 2968 752
5056 2 2 1 2 2967 2968 2966
5057 2 2 1 2 51 2926 2910
5058 2 2 1 2 2926 747 2969
5059 2 2 1 2 2910 2969 742
5060 2 2 1 2 2926 2969 2910
5061 2 2 1 2 747 2931 2971
5062 2 2 1 2 2931 195 2970
5063 2 2 1 2 2971 2970 756
5064 2 2 1 2 2931 2970 2971
5065 2 2 1 2 742 2972 2913
5066 2 2 1 2 2972 756 2973
5067 2 2 1 2 2913 2973 194
5068 2 2 1 2 2972 2973 2913
5069 2 2 1 2 747 2971 2969
5070 2 2 1 2 2971 756 2972
5071 2 2 1 2 2969 2972 742
5072 2 2 1 2 2971 2972 2969
5073 2 2 1 2 195 2939 2975
5074 2 2 1 2 2939 750 2974
5075 2 2 1 2 2975 2974 757
5076 2 2 1 2 2939 2974 2975
5077 2 2 1 2 750 2943 2976
5078 2 2 1 2 2943 52 2957
5079 2 2 1 2 2976 2957 753
5080 2 2 1 2 2943 2957 2976
5081 2 2 1 2 757 2977 2978
5082 2 2 1 2 2977 753 2954
5083 2 2 1 2 2978 2954 196
5084 2 2 1 2 2977 2954 2978
5085 2 2 1 2 750 2976 2974
5086 2 2 1 2 2976 753 2977
5087 2 2 1 2 2974 2977 757
5088 2 2 1 2 2976 2977 2974
5089 2 2 1 2 194 2979 2918
5090 2 2 1 2 2979 758 2980
5091 2 2 1 2 2918 2980 745
5092 2 2 1 2 2979 2980 2918
5093 2 2 1 2 758 2981 2982
5094 2 2 1 2 2981 196 2949
5095 2 2 1 2 2982 2949 751
5096 2 2 1 2 2981 2949 2982
5097 2 2 1 2 745 2983 2921
5098 2 2 1 2 2983 751 2947
5099 2 2 1 2 2921 2947 48
5100 2 2 1 2 2983 2947 2921
5101 2 2 1 2 758 2982 2980
5102 2 2 1 2 2982 751 2983
5103 2 2 1 2 2980 2983 745
5104 2 2 1 2 2982 2983 2980
5105 2 2 1 2 195 2975 2970
5106 2 2 1 2 2975 757 2984
5107 2 2 1 2 2970 2984 756
5108 2 2 1 2 2975 2984 2970
5109 2 2 1 2 757 2978 2985
5110 2 2 1 2 2978 196 2981
5111 2 2 1 2 2985 2981 758
5112 2 2 1 2 2978 2981 2985
5113 2 2 1 2 756 2986 2973
5114 2 2 1 2 2986 758 2979
5115 2 2 1 2 2973 2979 194
5116 2 2 1 2 2986 2979 2973
5117 2 2 1 2 757 2985 2984
5118 2 2 1 2 2985 758 2986
5119 2 2 1 2 2984 2986 756
5120 2 2 1 2 2985 2986 2984
5121 2 2 1 2 1 2881 1027
5122 2 2 1 2 2881 737 2987
5123 2 2 1 2 1027 2987 259
5124 2 2 1 2 2881 2987 1027
5125 2 2 1 2 737 2878 2989
5126 2 2 1 2 2878 193 2988
5127 2 2 1 2 2989 2988 759
5128 2 2 1 2 2878 2988 2989
5129 2 2 1 2 259 2990 1030
5130 2 2 1 2 2990 759 2991
5131 2 2 1 2 1030 2991 67
5132 2 2 1 2 2990 2991 1030
5133 2 2 1 2 737 2989 2987
5134 2 2 1 2 2989 759 2990
5135 2 2 1 2 2987 2990 259
5136 2 2 1 2 2989 2990 2987
5137 2 2 1 2 193 2873 2993
5138 2 2 1 2 2873 734 2992
5139 2 2 1 2 2993 2992 761
5140 2 2 1 2 2873 2992 2993
5141 2 2 1 2 734 2870 2995
5142 2 2 1 2 2870 53 2994
5143 2 2 1 2 2995 2994 760
5144 2 2 1 2 2870 2994 2995
5145 2 2 1 2 761 2996 2998
5146 2 2 1 2 2996 760 2997
5147 2 2 1 2 2998 2997 197
5148 2 2 1 2 2996 2997 2998
5149 2 2 1 2 734 2995 2992
5150 2 2 1 2 2995 760 2996
5151 2 2 1 2 2992 2996 761
5152 2 2 1 2 2995 2996 2992
5153 2 2 1 2 67 2999 1036
5154 2 2 1 2 2999 762 3000
5155 2 2 1 2 1036 3000 262
5156 2 2 1 2 2999 3000 1036
5157 2 2 1 2 762 3001 3003
5158 2 2 1 2 3001 197 3002
5159 2 2 1 2 3003 3002 763
5160 2 2 1 2 3001 3002 3003
5161 2 2 1 2 262 3004 1039
5162 2 2 1 2 3004 763 3005
5163 2 2 1 2 1039 3005 19
5164 2 2 1 2 3004 3005 1039
5165 2 2 1 2 762 3003 3000
5166 2 2 1 2 3003 763 3004
5167 2 2 1 2 3000 3004 262
5168 2 2 1 2 3003 3004 3000
5169 2 2 1 2 193 2993 2988
5170 2 2 1 2 2993 761 3006
5171 2 2 1 2 2988 3006 759
5172 2 2 1 2 2993 3006 2988
5173 2 2 1 2 761 2998 3007
5174 2 2 1 2 2998 197 3001
5175 2 2 1 2 3007 3001 762
5176 2 2 1 2 2998 3001 3007
5177 2 2 1 2 759 3008 2991
5178 2 2 1 2 3008 762 2999
5179 2 2 1 2 2991 2999 67
5180 2 2 1 2 3008 2999 2991
5181 2 2 1 2 761 3007 3006
5182 2 2 1 2 3007 762 3008
5183 2 2 1 2 3006 3008 759
5184 2 2 1 2 3007 3008 3006
5185 2 2 1 2 53 2854 3010
5186 2 2 1 2 2854 729 3009
5187 2 2 1 2 3010 3009 765
5188 2 2 1 2 2854 3009 3010
5189 2 2 1 2 729 2851 3012
5190 2 2 1 2 2851 190 3011
5191 2 2 1 2 3012 3011 764
5192 2 2 1 2 2851 3011 3012
5193 2 2 1 2 765 3013 3015
5194 2 2 1 2 3013 764 3014
5195 2 2 1 2 3015 3014 199
5196 2 2 1 2 3013 3014 3015
5197 2 2 1 2 729 3012 3009
5198 2 2 1 2 3012 764 3013
5199 2 2 1 2 3009 3013 765
5200 2 2 1 2 3012 3013 3009
5201 2 2 1 2 190 2845 3017
5202 2 2 1 2 2845 726 3016
5203 2 2 1 2 3017 3016 767
5204 2 2 1 2 2845 3016 3017
5205 2 2 1 2 726 2842 3019
5206 2 2 1 2 2842 16 3018
5207 2 2 1 2 3019 3018 766
5208 2 2 1 2 2842 3018 3019
5209 2 2 1 2 767 3020 3022
5210 2 2 1 2 3020 766 3021
5211 2 2 1 2 3022 3021 198
5212 2 2 1 2 3020 3021 3022
5213 2 2 1 2 726 3019 3016
5214 2 2 1 2 3019 766 3020
5215 2 2 1 2 3016 3020 767
5216 2 2 1 2 3019 3020 3016
5217 2 2 1 2 199 3023 3025
5218 2 2 1 2 3023 768 3024
5219 2 2 1 2 3025 3024 770
5220 2 2 1 2 3023 3024 3025
5221 2 2 1 2 768 3026 3028
5222 2 2 1 2 3026 198 3027
5223 2 2 1 2 3028 3027 769
5224 2 2 1 2 3026 3027 3028
5225 2 2 1 2 770 3029 3031
5226 2 2 1 2 3029 769 3030
5227 2 2 1 2 3031 3030 54
5228 2 2 1 2 3029 3030 3031
5229 2 2 1 2 768 3028 3024
5230 2 2 1 2 3028 769 3029
5231 2 2 1 2 3024 3029 770
5232 2 2 1 2 3028 3029 3024
5233 2 2 1 2 190 3017 3011
5234 2 2 1 2 3017 767 3032
5235 2 2 1 2 3011 3032 764
5236 2 2 1 2 3017 3032 3011
5237 2 2 1 2 767 3022 3033
5238 2 2 1 2 3022 198 3026
5239 2 2 1 2 3033 3026 768
5240 2 2 1 2 3022 3026 3033
5241 2 2 1 2 764 3034 3014
5242 2 2 1 2 3034 768 3023
5243 2 2 1 2 3014 3023 199
5244 2 2 1 2 3034 3023 3014
5245 2 2 1 2 767 3033 3032
5246 2 2 1 2 3033 768 3034
5247 2 2 1 2 3032 3034 764
5248 2 2 1 2 3033 3034 3032
5249 2 2 1 2 19 3035 1057
5250 2 2 1 2 3035 771 3036
5251 2 2 1 2 1057 3036 268
5252 2 2 1 2 3035 3036 1057
5253 2 2 1 2 771 3037 3039
5254 2 2 1 2 3037 200 3038
5255 2 2 1 2 3039 3038 772
5256 2 2 1 2 3037 3038 3039
5257 2 2 1 2 268 3040 1060
5258 2 2 1 2 3040 772 3041
5259 2 2 1 2 1060 3041 70
5260 2 2 1 2 3040 3041 1060
5261 2 2 1 2 771 3039 3036
5262 2 2 1 2 3039 772 3040
5263 2 2 1 2 3036 3040 268
5264 2 2 1 2 3039 3040 3036
5265 2 2 1 2 200 3042 3044
5266 2 2 1 2 3042 773 3043
5267 2 2 1 2 3044 3043 775
5268 2 2 1 2 3042 3043 3044
5269 2 2 1 2 773 3045 3047
5270 2 2 1 2 3045 54 3046
5271 2 2 1 2 3047 3046 774
5272 2 2 1 2 3045 3046 3047
5273 2 2 1 2 775 3048 3050
5274 2 2 1 2 3048 774 3049
5275 2 2 1 2 3050 3049 201
5276 2 2 1 2 3048 3049 3050
5277 2 2 1 2 773 3047 3043
5278 2 2 1 2 3047 774 3048
5279 2 2 1 2 3043 3048 775
5280 2 2 1 2 3047 3048 3043
5281 2 2 1 2 70 3051 1066
5282 2 2 1 2 3051 776 3052
5283 2 2 1 2 1066 3052 271
5284 2 2 1 2 3051 3052 1066
5285 2 2 1 2 776 3053 3055
5286 2 2 1 2 3053 201 3054
5287 2 2 1 2 3055 3054 777
5288 2 2 1 2 3053 3054 3055
5289 2 2 1 2 271 3056 1069
5290 2 2 1 2 3056 777 3057
5291 2 2 1 2 1069 3057 7
5292 2 2 1 2 3056 3057 1069
5293 2 2 1 2 776 3055 3052
5294 2 2 1 2 3055 777 3056
5295 2 2 1 2 3052 3056 271
5296 2 2 1 2 3055 3056 3052
5297 2 2 1 2 200 3044 3038
5298 2 2 1 2 3044 775 3058
5299 2 2 1 2 3038 3058 772
5300 2 2 1 2 3044 3058 3038
5301 2 2 1 2 775 3050 3059
5302 2 2 1 2 3050 201 3053
5303 2 2 1 2 3059 3053 776
5304 2 2 1 2 3050 3053 3059
5305 2 2 1 2 772 3060 3041
5306 2 2 1 2 3060 776 3051
5307 2 2 1 2 3041 3051 70
5308 2 2 1 2 3060 3051 3041
5309 2 2 1 2 775 3059 3058
5310 2 2 1 2 3059 776 3060
5311 2 2 1 2 3058 3060 772
5312 2 2 1 2 3059 3060 3058
5313 2 2 1 2 53 3010 2994
5314 2 2 1 2 3010 765 3061
5315 2 2 1 2 2994 3061 760
5316 2 2 1 2 3010 3061 2994
5317 2 2 1 2 765 3015 3063
5318 2 2 1 2 3015 199 3062
5319 2 2 1 2 3063 3062 778
5320 2 2 1 2 3015 3062 3063
5321 2 2 1 2 760 3064 2997
5322 2 2 1 2 3064 778 3065
5323 2 2 1 2 2997 3065 197
5324 2 2 1 2 3064 3065 2997
5325 2 2 1 2 765 3063 3061
5326 2 2 1 2 3063 778 3064
5327 2 2 1 2 3061 3064 760
5328 2 2 1 2 3063 3064 3061
5329 2 2 1 2 199 3025 3067
5330 2 2 1 2 3025 770 3066
5331 2 2 1 2 3067 3066 779
5332 2 2 1 2 3025 3066 3067
5333 2 2 1 2 770 3031 3068
5334 2 2 1 2 3031 54 3045
5335 2 2 1 2 3068 3045 773
5336 2 2 1 2 3031 3045 3068
5337 2 2 1 2 779 3069 3070
5338 2 2 1 2 3069 773 3042
5339 2 2 1 2 3070 3042 200
5340 2 2 1 2 3069 3042 3070
5341 2 2 1 2 770 3068 3066
5342 2 2 1 2 3068 773 3069
5343 2 2 1 2 3066 3069 779
5344 2 2 1 2 3068 3069 3066
5345 2 2 1 2 197 3071 3002
5346 2 2 1 2 3071 780 3072
5347 2 2 1 2 3002 3072 763
5348 2 2 1 2 3071 3072 3002
5349 2 2 1 2 780 3073 3074
5350 2 2 1 2 3073 200 3037
5351 2 2 1 2 3074 3037 771
5352 2 2 1 2 3073 3037 3074
5353 2 2 1 2 763 3075 3005
5354 2 2 1 2 3075 771 3035
5355 2 2 1 2 3005 3035 19
5356 2 2 1 2 3075 3035 3005
5357 2 2 1 2 780 3074 3072
5358 2 2 1 2 3074 771 3075
5359 2 2 1 2 3072 3075 763
5360 2 2 1 2 3074 3075 3072
5361 2 2 1 2 199 3067 3062
5362 2 2 1 2 3067 779 3076
5363 2 2 1 2 3062 3076 778
5364 2 2 1 2 3067 3076 3062
5365 2 2 1 2 779 3070 3077
5366 2 2 1 2 3070 200 3073
5367 2 2 1 2 3077 3073 780
5368 2 2 1 2 3070 3073 3077
5369 2 2 1 2 778 3078 3065
5370 2 2 1 2 3078 780 3071
5371 2 2 1 2 3065 3071 197
5372 2 2 1 2 3078 3071 3065
5373 2 2 1 2 779 3077 3076
5374 2 2 1 2 3077 780 3078
5375 2 2 1 2 3076 3078 778
5376 2 2 1 2 3077 3078 3076
5377 2 2 1 2 16 2780 3080
5378 2 2 1 2 2780 710 3079
5379 2 2 1 2 3080 3079 782
5380 2 2 1 2 2780 3079 3080
5381 2 2 1 2 710 2777 3082
5382 2 2 1 2 2777 185 3081
5383 2 2 1 2 3082 3081 781
5384 2 2 1 2 2777 3081 3082
5385 2 2 1 2 782 3083 3085
5386 2 2 1 2 3083 781 3084
5387 2 2 1 2 3085 3084 203
5388 2 2 1 2 3083 3084 3085
5389 2 2 1 2 710 3082 3079
5390 2 2 1 2 3082 781 3083
5391 2 2 1 2 3079 3083 782
5392 2 2 1 2 3082 3083 3079
5393 2 2 1 2 185 2771 3087
5394 2 2 1 2 2771 707 3086
5395 2 2 1 2 3087 3086 784
5396 2 2 1 2 2771 3086 3087
5397 2 2 1 2 707 2768 3089
5398 2 2 1 2 2768 50 3088
5399 2 2 1 2 3089 3088 783
5400 2 2 1 2 2768 3088 3089
5401 2 2 1 2 784 3090 3092
5402 2 2 1 2 3090 783 3091
5403 2 2 1 2 3092 3091 202
5404 2 2 1 2 3090 3091 3092
5405 2 2 1 2 707 3089 3086
5406 2 2 1 2 3089 783 3090
5407 2 2 1 2 3086 3090 784
5408 2 2 1 2 3089 3090 3086
5409 2 2 1 2 203 3093 3095
5410 2 2 1 2 3093 785 3094
5411 2 2 1 2 3095 3094 787
5412 2 2 1 2 3093 3094 3095
5413 2 2 1 2 785 3096 3098
5414 2 2 1 2 3096 202 3097
5415 2 2 1 2 3098 3097 786
5416 2 2 1 2 3096 3097 3098
5417 2 2 1 2 787 3099 3101
5418 2 2 1 2 3099 786 3100
5419 2 2 1 2 3101 3100 56
5420 2 2 1 2 3099 3100 3101
5421 2 2 1 2 785 3098 3094
5422 2 2 1 2 3098 786 3099
5423 2 2 1 2 3094 3099 787
5424 2 2 1 2 3098 3099 3094
5425 2 2 1 2 185 3087 3081
5426 2 2 1 2 3087 784 3102
5427 2 2 1 2 3081 3102 781
5428 2 2 1 2 3087 3102 3081
5429 2 2 1 2 784 3092 3103
5430 2 2 1 2 3092 202 3096
5431 2 2 1 2 3103 3096 785
5432 2 2 1 2 3092 3096 3103
5433 2 2 1 2 781 3104 3084
5434 2 2 1 2 3104 785 3093
5435 2 2 1 2 3084 3093 203
5436 2 2 1 2 3104 3093 3084
5437 2 2 1 2 784 3103 3102
5438 2 2 1 2 3103 785 3104
5439 2 2 1 2 3102 3104 781
5440 2 2 1 2 3103 3104 3102
5441 2 2 1 2 50 2750 3106
5442 2 2 1 2 2750 701 3105
5443 2 2 1 2 3106 3105 789
5444 2 2 1 2 2750 3105 3106
5445 2 2 1 2 701 2747 3108
5446 2 2 1 2 2747 182 3107
5447 2 2 1 2 3108 3107 788
5448 2 2 1 2 2747 3107 3108
5449 2 2 1 2 789 3109 3111
5450 2 2 1 2 3109 788 3110
5451 2 2 1 2 3111 3110 205
5452 2 2 1 2 3109 3110 3111
5453 2 2 1 2 701 3108 3105
5454 2 2 1 2 3108 788 3109
5455 2 2 1 2 3105 3109 789
5456 2 2 1 2 3108 3109 3105
5457 2 2 1 2 182 2741 3113
5458 2 2 1 2 2741 698 3112
5459 2 2 1 2 3113 3112 791
5460 2 2 1 2 2741 3112 3113
5461 2 2 1 2 698 2738 3115
5462 2 2 1 2 2738 6 3114
5463 2 2 1 2 3115 3114 790
5464 2 2 1 2 2738 3114 3115
5465 2 2 1 2 791 3116 3118
5466 2 2 1 2 3116 790 3117
5467 2 2 1 2 3118 3117 204
5468 2 2 1 2 3116 3117 3118
5469 2 2 1 2 698 3115 3112
5470 2 2 1 2 3115 790 3116
5471 2 2 1 2 3112 3116 791
5472 2 2 1 2 3115 3116 3112
5473 2 2 1 2 205 3119 3121
5474 2 2 1 2 3119 792 3120
5475 2 2 1 2 3121 3120 794
5476 2 2 1 2 3119 3120 3121
5477 2 2 1 2 792 3122 3124
5478 2 2 1 2 3122 204 3123
5479 2 2 1 2 3124 3123 793
5480 2 2 1 2 3122 3123 3124
5481 2 2 1 2 794 3125 3127
5482 2 2 1 2 3125 793 3126
5483 2 2 1 2 3127 3126 55
5484 2 2 1 2 3125 3126 3127
5485 2 2 1 2 792 3124 3120
5486 2 2 1 2 3124 793 3125
5487 2 2 1 2 3120 3125 794
5488 2 2 1 2 3124 3125 3120
5489 2 2 1 2 182 3113 3107
5490 2 2 1 2 3113 791 3128
5491 2 2 1 2 3107 3128 788
5492 2 2 1 2 3113 3128 3107
5493 2 2 1 2 791 3118 3129
5494 2 2 1 2 3118 204 3122
5495 2 2 1 2 3129 3122 792
5496 2 2 1 2 3118 3122 3129
5497 2 2 1 2 788 3130 3110
5498 2 2 1 2 3130 792 3119
5499 2 2 1 2 3110 3119 205
5500 2 2 1 2 3130 3119 3110
5501 2 2 1 2 791 3129 3128
5502 2 2 1 2 3129 792 3130
5503 2 2 1 2 3128 3130 788
5504 2 2 1 2 3129 3130 3128
5505 2 2 1 2 56 3131 3133
5506 2 2 1 2 3131 795 3132
5507 2 2 1 2 3133 3132 797
5508 2 2 1 2 3131 3132 3133
5509 2 2 1 2 795 3134 3136
5510 2 2 1 2 3134 206 3135
5511 2 2 1 2 3136 3135 796
5512 2 2 1 2 3134 3135 3136
5513 2 2 1 2 797 3137 3139
5514 2 2 1 2 3137 796 3138
5515 2 2 1 2 3139 3138 208
5516 2 2 1 2 3137 3138 3139
5517 2 2 1 2 795 3136 3132
5518 2 2 1 2 3136 796 3137
5519 2 2 1 2 3132 3137 797
5520 2 2 1 2 3136 3137 3132
5521 2 2 1 2 206 3140 3142
5522 2 2 1 2 3140 798 3141
5523 2 2 1 2 3142 3141 800
5524 2 2 1 2 3140 3141 3142
5525 2 2 1 2 798 3143 3145
5526 2 2 1 2 3143 55 3144
5527 2 2 1 2 3145 3144 799
5528 2 2 1 2 3143 3144 3145
5529 2 2 1 2 800 3146 3148
5530 2 2 1 2 3146 799 3147
5531 2 2 1 2 3148 3147 207
5532 2 2 1 2 3146 3147 3148
5533 2 2 1 2 798 3145 3141
5534 2 2 1 2 3145 799 3146
5535 2 2 1 2 3141 3146 800
5536 2 2 1 2 3145 3146 3141
5537 2 2 1 2 208 3149 3151
5538 2 2 1 2 3149 801 3150
5539 2 2 1 2 3151 3150 803
5540 2 2 1 2 3149 3150 3151
5541 2 2 1 2 801 3152 3154
5542 2 2 1 2 3152 207 3153
5543 2 2 1 2 3154 3153 802
5544 2 2 1 2 3152 3153 3154
5545 2 2 1 2 803 3155 3157
5546 2 2 1 2 3155 802 3156
5547 2 2 1 2 3157 3156 17
5548 2 2 1 2 3155 3156 3157
5549 2 2 1 2 801 3154 3150
5550 2 2 1 2 3154 802 3155
5551 2 2 1 2 3150 3155 803
5552 2 2 1 2 3154 3155 3150
5553 2 2 1 2 206 3142 3135
5554 2 2 1 2 3142 800 3158
5555 2 2 1 2 3135 3158 796
5556 2 2 1 2 3142 3158 3135
5557 2 2 1 2 800 3148 3159
5558 2 2 1 2 3148 207 3152
5559 2 2 1 2 3159 3152 801
5560 2 2 1 2 3148 3152 3159
5561 2 2 1 2 796 3160 3138
5562 2 2 1 2 3160 801 3149
5563 2 2 1 2 3138 3149 208
5564 2 2 1 2 3160 3149 3138
5565 2 2 1 2 800 3159 3158
5566 2 2 1 2 3159 801 3160
5567 2 2 1 2 3158 3160 796
5568 2 2 1 2 3159 3160 3158
5569 2 2 1 2 50 3106 3088
5570 2 2 1 2 3106 789 3161
5571 2 2 1 2 3088 3161 783
5572 2 2 1 2 3106 3161 3088
5573 2 2 1 2 789 3111 3163
5574 2 2 1 2 3111 205 3162
5575 2 2 1 2 3163 3162 804
5576 2 2 1 2 3111 3162 3163
5577 2 2 1 2 783 3164 3091
5578 2 2 1 2 3164 804 3165
5579 2 2 1 2 3091 3165 202
5580 2 2 1 2 3164 3165 3091
5581 2 2 1 2 789 3163 3161
5582 2 2 1 2 3163 804 3164
5583 2 2 1 2 3161 3164 783
5584 2 2 1 2 3163 3164 3161
5585 2 2 1 2 205 3121 3167
5586 2 2 1 2 3121 794 3166
5587 2 2 1 2 3167 3166 805
5588 2 2 1 2 3121 3166 3167
5589 2 2 1 2 794 3127 3168
5590 2 2 1 2 3127 55 3143
5591 2 2 1 2 3168 3143 798
5592 2 2 1 2 3127 3143 3168
5593 2 2 1 2 805 3169 3170
5594 2 2 1 2 3169 798 3140
5595 2 2 1 2 3170 3140 206
5596 2 2 1 2 3169 3140 3170
5597 2 2 1 2 794 3168 3166
5598 2 2 1 2 3168 798 3169
5599 2 2 1 2 3166 3169 805
5600 2 2 1 2 3168 3169 3166
5601 2 2 1 2 202 3171 3097
5602 2 2 1 2 3171 806 3172
5603 2 2 1 2 3097 3172 786
5604 2 2 1 2 3171 3172 3097
5605 2 2 1 2 806 3173 3174
5606 2 2 1 2 3173 206 3134
5607 2 2 1 2 3174 3134 795
5608 2 2 1 2 3173 3134 3174
5609 2 2 1 2 786 3175 3100
5610 2 2 1 2 3175 795 3131
5611 2 2 1 2 3100 3131 56
5612 2 2 1 2 3175 3131 3100
5613 2 2 1 2 806 3174 3172
5614 2 2 1 2 3174 795 3175
5615 2 2 1 2 3172 3175 786
5616 2 2 1 2 3174 3175 3172
5617 2 2 1 2 205 3167 3162
5618 2 2 1 2 3167 805 3176
5619 2 2 1 2 3162 3176 804
5620 2 2 1 2 3167 3176 3162
5621 2 2 1 2 805 3170 3177
5622 2 2 1 2 3170 206 3173
5623 2 2 1 2 3177 3173 806
5624 2 2 1 2 3170 3173 3177
5625 2 2 1 2 804 3178 3165
5626 2 2 1 2 3178 806 3171
5627 2 2 1 2 3165 3171 202
5628 2 2 1 2 3178 3171 3165
5629 2 2 1 2 805 3177 3176
5630 2 2 1 2 3177 806 3178
5631 2 2 1 2 3176 3178 804
5632 2 2 1 2 3177 3178 3176
5633 2 2 1 2 7 3179 1135
5634 2 2 1 2 3179 807 3180
5635 2 2 1 2 1135 3180 289
5636 2 2 1 2 3179 3180 1135
5637 2 2 1 2 807 3181 3183
5638 2 2 1 2 3181 209 3182
5639 2 2 1 2 3183 3182 808
5640 2 2 1 2 3181 3182 3183
5641 2 2 1 2 289 3184 1138
5642 2 2 1 2 3184 808 3185
5643 2 2 1 2 1138 3185 76
5644 2 2 1 2 3184 3185 1138
5645 2 2 1 2 807 3183 3180
5646 2 2 1 2 3183 808 3184
5647 2 2 1 2 3180 3184 289
5648 2 2 1 2 3183 3184 3180
5649 2 2 1 2 209 3186 3188
5650 2 2 1 2 3186 809 3187
5651 2 2 1 2 3188 3187 811
5652 2 2 1 2 3186 3187 3188
5653 2 2 1 2 809 3189 3191
5654 2 2 1 2 3189 57 3190
5655 2 2 1 2 3191 3190 810
5656 2 2 1 2 3189 3190 3191
5657 2 2 1 2 811 3192 3194
5658 2 2 1 2 3192 810 3193
5659 2 2 1 2 3194 3193 210
5660 2 2 1 2 3192 3193 3194
5661 2 2 1 2 809 3191 3187
5662 2 2 1 2 3191 810 3192
5663 2 2 1 2 3187 3192 811
5664 2 2 1 2 3191 3192 3187
5665 2 2 1 2 76 3195 1144
5666 2 2 1 2 3195 812 3196
5667 2 2 1 2 1144 3196 292
5668 2 2 1 2 3195 3196 1144
5669 2 2 1 2 812 3197 3199
5670 2 2 1 2 3197 210 3198
5671 2 2 1 2 3199 3198 813
5672 2 2 1 2 3197 3198 3199
5673 2 2 1 2 292 3200 1147
5674 2 2 1 2 3200 813 3201
5675 2 2 1 2 1147 3201 22
5676 2 2 1 2 3200 3201 1147
5677 2 2 1 2 812 3199 3196
5678 2 2 1 2 3199 813 3200
5679 2 2 1 2 3196 3200 292
5680 2 2 1 2 3199 3200 3196
5681 2 2 1 2 209 3188 3182
5682 2 2 1 2 3188 811 3202
5683 2 2 1 2 3182 3202 808
5684 2 2 1 2 3188 3202 3182
5685 2 2 1 2 811 3194 3203
5686 2 2 1 2 3194 210 3197
5687 2 2 1 2 3203 3197 812
5688 2 2 1 2 3194 3197 3203
5689 2 2 1 2 808 3204 3185
5690 2 2 1 2 3204 812 3195
5691 2 2 1 2 3185 3195 76
5692 2 2 1 2 3204 3195 3185
5693 2 2 1 2 811 3203 3202
5694 2 2 1 2 3203 812 3204
5695 2 2 1 2 3202 3204 808
5696 2 2 1 2 3203 3204 3202
5697 2 2 1 2 57 3205 3207
5698 2 2 1 2 3205 814 3206
5699 2 2 1 2 3207 3206 816
5700 2 2 1 2 3205 3206 3207
5701 2 2 1 2 814 3208 3210
5702 2 2 1 2 3208 211 3209
5703 2 2 1 2 3210 3209 815
5704 2 2 1 2 3208 3209 3210
5705 2 2 1 2 816 3211 3213
5706 2 2 1 2 3211 815 3212
5707 2 2 1 2 3213 3212 213
5708 2 2 1 2 3211 3212 3213
5709 2 2 1 2 814 3210 3206
5710 2 2 1 2 3210 815 3211
5711 2 2 1 2 3206 3211 816
5712 2 2 1 2 3210 3211 3206
5713 2 2 1 2 211 3214 3216
5714 2 2 1 2 3214 817 3215
5715 2 2 1 2 3216 3215 819
5716 2 2 1 2 3214 3215 3216
5717 2 2 1 2 817 3217 3219
5718 2 2 1 2 3217 17 3218
5719 2 2 1 2 3219 3218 818
5720 2 2 1 2 3217 3218 3219
5721 2 2 1 2 819 3220 3222
5722 2 2 1 2 3220 818 3221
5723 2 2 1 2 3222 3221 212
5724 2 2 1 2 3220 3221 3222
5725 2 2 1 2 817 3219 3215
5726 2 2 1 2 3219 818 3220
5727 2 2 1 2 3215 3220 819
5728 2 2 1 2 3219 3220 3215
5729 2 2 1 2 213 3223 3225
5730 2 2 1 2 3223 820 3224
5731 2 2 1 2 3225 3224 822
5732 2 2 1 2 3223 3224 3225
5733 2 2 1 2 820 3226 3228
5734 2 2 1 2 3226 212 3227
5735 2 2 1 2 3228 3227 821
5736 2 2 1 2 3226 3227 3228
5737 2 2 1 2 822 3229 3231
5738 2 2 1 2 3229 821 3230
5739 2 2 1 2 3231 3230 58
5740 2 2 1 2 3229 3230 3231
5741 2 2 1 2 820 3228 3224
5742 2 2 1 2 3228 821 3229
5743 2 2 1 2 3224 3229 822
5744 2 2 1 2 3228 3229 3224
5745 2 2 1 2 211 3216 3209
5746 2 2 1 2 3216 819 3232
5747 2 2 1 2 3209 3232 815
5748 2 2 1 2 3216 3232 3209
5749 2 2 1 2 819 3222 3233
5750 2 2 1 2 3222 212 3226
5751 2 2 1 2 3233 3226 820
5752 2 2 1 2 3222 3226 3233
5753 2 2 1 2 815 3234 3212
5754 2 2 1 2 3234 820 3223
5755 2 2 1 2 3212 3223 213
5756 2 2 1 2 3234 3223 3212
5757 2 2 1 2 819 3233 3232
5758 2 2 1 2 3233 820 3234
5759 2 2 1 2 3232 3234 815
5760 2 2 1 2 3233 3234 3232
5761 2 2 1 2 22 3235 1165
5762 2 2 1 2 3235 823 3236
5763 2 2 1 2 1165 3236 298
5764 2 2 1 2 3235 3236 1165
5765 2 2 1 2 823 3237 3239
5766 2 2 1 2 3237 214 3238
5767 2 2 1 2 3239 3238 824
5768 2 2 1 2 3237 3238 3239
5769 2 2 1 2 298 3240 1168
5770 2 2 1 2 3240 824 3241
5771 2 2 1 2 1168 3241 79
5772 2 2 1 2 3240 3241 1168
5773 2 2 1 2 823 3239 3236
5774 2 2 1 2 3239 824 3240
5775 2 2 1 2 3236 3240 298
5776 2 2 1 2 3239 3240 3236
5777 2 2 1 2 214 3242 3244
5778 2 2 1 2 3242 825 3243
5779 2 2 1 2 3244 3243 827
5780 2 2 1 2 3242 3243 3244
5781 2 2 1 2 825 3245 3247
5782 2 2 1 2 3245 58 3246
5783 2 2 1 2 3247 3246 826
5784 2 2 1 2 3245 3246 3247
5785 2 2 1 2 827 3248 3250
5786 2 2 1 2 3248 826 3249
5787 2 2 1 2 3250 3249 215
5788 2 2 1 2 3248 3249 3250
5789 2 2 1 2 825 3247 3243
5790 2 2 1 2 3247 826 3248
5791 2 2 1 2 3243 3248 827
5792 2 2 1 2 3247 3248 3243
5793 2 2 1 2 79 3251 1174
5794 2 2 1 2 3251 828 3252
5795 2 2 1 2 1174 3252 301
5796 2 2 1 2 3251 3252 1174
5797 2 2 1 2 828 3253 3255
5798 2 2 1 2 3253 215 3254
5799 2 2 1 2 3255 3254 829
5800 2 2 1 2 3253 3254 3255
5801 2 2 1 2 301 3256 1177
5802 2 2 1 2 3256 829 3257
5803 2 2 1 2 1177 3257 2
5804 2 2 1 2 3256 3257 1177
5805 2 2 1 2 828 3255 3252
5806 2 2 1 2 3255 829 3256
5807 2 2 1 2 3252 3256 301
5808 2 2 1 2 3255 3256 3252
5809 2 2 1 2 214 3244 3238
5810 2 2 1 2 3244 827 3258
5811 2 2 1 2 3238 3258 824
5812 2 2 1 2 3244 3258 3238
5813 2 2 1 2 827 3250 3259
5814 2 2 1 2 3250 215 3253
5815 2 2 1 2 3259 3253 828
5816 2 2 1 2 3250 3253 3259
5817 2 2 1 2 824 3260 3241
5818 2 2 1 2 3260 828 3251
5819 2 2 1 2 3241 3251 79
5820 2 2 1 2 3260 3251 3241
5821 2 2 1 2 827 3259 3258
5822 2 2 1 2 3259 828 3260
5823 2 2 1 2 3258 3260 824
5824 2 2 1 2 3259 3260 3258
5825 2 2 1 2 57 3207 3190
5826 2 2 1 2 3207 816 3261
5827 2 2 1 2 3190 3261 810
5828 2 2 1 2 3207 3261 3190
5829 2 2 1 2 816 3213 3263
5830 2 2 1 2 3213 213 3262
5831 2 2 1 2 3263 3262 830
5832 2 2 1 2 3213 3262 3263
5833 2 2 1 2 810 3264 3193
5834 2 2 1 2 3264 830 3265
5835 2 2 1 2 3193 3265 210
5836 2 2 1 2 3264 3265 3193
5837 2 2 1 2 816 3263 3261
5838 2 2 1 2 3263 830 3264
5839 2 2 1 2 3261 3264 810
5840 2 2 1 2 3263 3264 3261
5841 2 2 1 2 213 3225 3267
5842 2 2 1 2 3225 822 3266
5843 2 2 1 2 3267 3266 831
5844 2 2 1 2 3225 3266 3267
5845 2 2 1 2 822 3231 3268
5846 2 2 1 2 3231 58 3245
5847 2 2 1 2 3268 3245 825
5848 2 2 1 2 3231 3245 3268
5849 2 2 1 2 831 3269 3270
5850 2 2 1 2 3269 825 3242
5851 2 2 1 2 3270 3242 214
5852 2 2 1 2 3269 3242 3270
5853 2 2 1 2 822 3268 3266
5854 2 2 1 2 3268 825 3269
5855 2 2 1 2 3266 3269 831
5856 2 2 1 2 3268 3269 3266
5857 2 2 1 2 210 3271 3198
5858 2 2 1 2 3271 832 3272
5859 2 2 1 2 3198 3272 813
5860 2 2 1 2 3271 3272 3198
5861 2 2 1 2 832 3273 3274
5862 2 2 1 2 3273 214 3237
5863 2 2 1 2 3274 3237 823
5864 2 2 1 2 3273 3237 3274
5865 2 2 1 2 813 3275 3201
5866 2 2 1 2 3275 823 3235
5867 2 2 1 2 3201 3235 22
5868 2 2 1 2 3275 3235 3201
5869 2 2 1 2 832 3274 3272
5870 2 2 1 2 3274 823 3275
5871 2 2 1 2 3272 3275 813
5872 2 2 1 2 3274 3275 3272
5873 2 2 1 2 213 3267 3262
5874 2 2 1 2 3267 831 3276
5875 2 2 1 2 3262 3276 830
5876 2 2 1 2 3267 3276 3262
5877 2 2 1 2 831 3270 3277
5878 2 2 1 2 3270 214 3273
5879 2 2 1 2 3277 3273 832
5880 2 2 1 2 3270 3273 3277
5881 2 2 1 2 830 3278 3265
5882 2 2 1 2 3278 832 3271
5883 2 2 1 2 3265 3271 210
5884 2 2 1 2 3278 3271 3265
5885 2 2 1 2 831 3277 3276
5886 2 2 1 2 3277 832 3278
5887 2 2 1 2 3276 3278 830
5888 2 2 1 2 3277 3278 3276
5889 2 2 1 2 16 3080 3018
5890 2 2 1 2 3080 782 3279
5891 2 2 1 2 3018 3279 766
5892 2 2 1 2 3080 3279 3018
5893 2 2 1 2 782 3085 3281
5894 2 2 1 2 3085 203 3280
5895 2 2 1 2 3281 3280 833
5896 2 2 1 2 3085 3280 3281
5897 2 2 1 2 766 3282 3021
5898 2 2 1 2 3282 833 3283
5899 2 2 1 2 3021 3283 198
5900 2 2 1 2 3282 3283 3021
5901 2 2 1 2 782 3281 3279
5902 2 2 1 2 3281 833 3282
5903 2 2 1 2 3279 3282 766
5904 2 2 1 2 3281 3282 3279
5905 2 2 1 2 203 3095 3285
5906 2 2 1 2 3095 787 3284
5907 2 2 1 2 3285 3284 835
5908 2 2 1 2 3095 3284 3285
5909 2 2 1 2 787 3101 3287
5910 2 2 1 2 3101 56 3286
5911 2 2 1 2 3287 3286 834
5912 2 2 1 2 3101 3286 3287
5913 2 2 1 2 835 3288 3290
5914 2 2 1 2 3288 834 3289
5915 2 2 1 2 3290 3289 216
5916 2 2 1 2 3288 3289 3290
5917 2 2 1 2 787 3287 3284
5918 2 2 1 2 3287 834 3288
5919 2 2 1 2 3284 3288 835
5920 2 2 1 2 3287 3288 3284
5921 2 2 1 2 198 3291 3027
5922 2 2 1 2 3291 836 3292
5923 2 2 1 2 3027 3292 769
5924 2 2 1 2 3291 3292 3027
5925 2 2 1 2 836 3293 3295
5926 2 2 1 2 3293 216 3294
5927 2 2 1 2 3295 3294 837
5928 2 2 1 2 3293 3294 3295
5929 2 2 1 2 769 3296 3030
5930 2 2 1 2 3296 837 3297
5931 2 2 1 2 3030 3297 54
5932 2 2 1 2 3296 3297 3030
5933 2 2 1 2 836 3295 3292
5934 2 2 1 2 3295 837 3296
5935 2 2 1 2 3292 3296 769
5936 2 2 1 2 3295 3296 3292
5937 2 2 1 2 203 3285 3280
5938 2 2 1 2 3285 835 3298
5939 2 2 1 2 3280 3298 833
5940 2 2 1 2 3285 3298 3280
5941 2 2 1 2 835 3290 3299
5942 2 2 1 2 3290 216 3293
5943 2 2 1 2 3299 3293 836
5944 2 2 1 2 3290 3293 3299
5945 2 2 1 2 833 3300 3283
5946 2 2 1 2 3300 836 3291
5947 2 2 1 2 3283 3291 198
5948 2 2 1 2 3300 3291 3283
5949 2 2 1 2 835 3299 3298
5950 2 2 1 2 3299 836 3300
5951 2 2 1 2 3298 3300 833
5952 2 2 1 2 3299 3300 3298
5953 2 2 1 2 56 3133 3302
5954 2 2 1 2 3133 797 3301
5955 2 2 1 2 3302 3301 839
5956 2 2 1 2 3133 3301 3302
5957 2 2 1 2 797 3139 3304
5958 2 2 1 2 3139 208 3303
5959 2 2 1 2 3304 3303 838
5960 2 2 1 2 3139 3303 3304
5961 2 2 1 2 839 3305 3307
5962 2 2 1 2 3305 838 3306
5963 2 2 1 2 3307 3306 217
5964 2 2 1 2 3305 3306 3307
5965 2 2 1 2 797 3304 3301
5966 2 2 1 2 3304 838 3305
5967 2 2 1 2 3301 3305 839
5968 2 2 1 2 3304 3305 3301
5969 2 2 1 2 208 3151 3309
5970 2 2 1 2 3151 803 3308
5971 2 2 1 2 3309 3308 840
5972 2 2 1 2 3151 3308 3309
5973 2 2 1 2 803 3157 3310
5974 2 2 1 2 3157 17 3217
5975 2 2 1 2 3310 3217 817
5976 2 2 1 2 3157 3217 3310
5977 2 2 1 2 840 3311 3312
5978 2 2 1 2 3311 817 3214
5979 2 2 1 2 3312 3214 211
5980 2 2 1 2 3311 3214 3312
5981 2 2 1 2 803 3310 3308
5982 2 2 1 2 3310 817 3311
5983 2 2 1 2 3308 3311 840
5984 2 2 1 2 3310 3311 3308
5985 2 2 1 2 217 3313 3315
5986 2 2 1 2 3313 841 3314
5987 2 2 1 2 3315 3314 842
5988 2 2 1 2 3313 3314 3315
5989 2 2 1 2 841 3316 3317
5990 2 2 1 2 3316 211 3208
5991 2 2 1 2 3317 3208 814
5992 2 2 1 2 3316 3208 3317
5993 2 2 1 2 842 3318 3319
5994 2 2 1 2 3318 814 3205
5995 2 2 1 2 3319 3205 57
5996 2 2 1 2 3318 3205 3319
5997 2 2 1 2 841 3317 3314
5998 2 2 1 2 3317 814 3318
5999 2 2 1 2 3314 3318 842
6000 2 2 1 2 3317 3318 3314
6001 2 2 1 2 208 3309 3303
6002 2 2 1 2 3309 840 3320
6003 2 2 1 2 3303 3320 838
6004 2 2 1 2 3309 3320 3303
6005 2 2 1 2 840 3312 3321
6006 2 2 1 2 3312 211 3316
6007 2 2 1 2 3321 3316 841
6008 2 2 1 2 3312 3316 3321
6009 2 2 1 2 838 3322 3306
6010 2 2 1 2 3322 841 3313
6011 2 2 1 2 3306 3313 217
6012 2 2 1 2 3322 3313 3306
6013 2 2 1 2 840 3321 3320
6014 2 2 1 2 3321 841 3322
6015 2 2 1 2 3320 3322 838
6016 2 2 1 2 3321 3322 3320
6017 2 2 1 2 54 3323 3046
6018 2 2 1 2 3323 843 3324
6019 2 2 1 2 3046 3324 774
6020 2 2 1 2 3323 3324 3046
6021 2 2 1 2 843 3325 3327
6022 2 2 1 2 3325 218 3326
6023 2 2 1 2 3327 3326 844
6024 2 2 1 2 3325 3326 3327
6025 2 2 1 2 774 3328 3049
6026 2 2 1 2 3328 844 3329
6027 2 2 1 2 3049 3329 201
6028 2 2 1 2 3328 3329 3049
6029 2 2 1 2 843 3327 3324
6030 2 2 1 2 3327 844 3328
6031 2 2 1 2 3324 3328 774
6032 2 2 1 2 3327 3328 3324
6033 2 2 1 2 218 3330 3332
6034 2 2 1 2 3330 845 3331
6035 2 2 1 2 3332 3331 846
6036 2 2 1 2 3330 3331 3332
6037 2 2 1 2 845 3333 3334
6038 2 2 1 2 3333 57 3189
6039 2 2 1 2 3334 3189 809
6040 2 2 1 2 3333 3189 3334
6041 2 2 1 2 846 3335 3336
6042 2 2 1 2 3335 809 3186
6043 2 2 1 2 3336 3186 209
6044 2 2 1 2 3335 3186 3336
6045 2 2 1 2 845 3334 3331
6046 2 2 1 2 3334 809 3335
6047 2 2 1 2 3331 3335 846
6048 2 2 1 2 3334 3335 3331
6049 2 2 1 2 201 3337 3054
6050 2 2 1 2 3337 847 3338
6051 2 2 1 2 3054 3338 777
6052 2 2 1 2 3337 3338 3054
6053 2 2 1 2 847 3339 3340
6054 2 2 1 2 3339 209 3181
6055 2 2 1 2 3340 3181 807
6056 2 2 1 2 3339 3181 3340
6057 2 2 1 2 777 3341 3057
6058 2 2 1 2 3341 807 3179
6059 2 2 1 2 3057 3179 7
6060 2 2 1 2 3341 3179 3057
6061 2 2 1 2 847 3340 3338
6062 2 2 1 2 3340 807 3341
6063 2 2 1 2 3338 3341 777
6064 2 2 1 2 3340 3341 3338
6065 2 2 1 2 218 3332 3326
6066 2 2 1 2 3332 846 3342
6067 2 2 1 2 3326 3342 844
6068 2 2 1 2 3332 3342 3326
6069 2 2 1 2 846 3336 3343
6070 2 2 1 2 3336 209 3339
6071 2 2 1 2 3343 3339 847
6072 2 2 1 2 3336 3339 3343
6073 2 2 1 2 844 3344 3329
6074 2 2 1 2 3344 847 3337
6075 2 2 1 2 3329 3337 201
6076 2 2 1 2 3344 3337 3329
6077 2 2 1 2 846 3343 3342
6078 2 2 1 2 3343 847 3344
6079 2 2 1 2 3342 3344 844
6080 2 2 1 2 3343 3344 3342
6081 2 2 1 2 56 3302 3286
6082 2 2 1 2 3302 839 3345
6083 2 2 1 2 3286 3345 834
6084 2 2 1 2 3302 3345 3286
6085 2 2 1 2 839 3307 3347
6086 2 2 1 2 3307 217 3346
6087 2 2 1 2 3347 3346 848
6088 2 2 1 2 3307 3346 3347
6089 2 2 1 2 834 3348 3289
6090 2 2 1 2 3348 848 3349
6091 2 2 1 2 3289 3349 216
6092 2 2 1 2 3348 3349 3289
6093 2 2 1 2 839 3347 3345
6094 2 2 1 2 3347 848 3348
6095 2 2 1 2 3345 3348 834
6096 2 2 1 2 3347 3348 3345
6097 2 2 1 2 217 3315 3351
6098 2 2 1 2 3315 842 3350
6099 2 2 1 2 3351 3350 849
6100 2 2 1 2 3315 3350 3351
6101 2 2 1 2 842 3319 3352
6102 2 2 1 2 3319 57 3333
6103 2 2 1 2 3352 3333 845
6104 2 2 1 2 3319 3333 3352
6105 2 2 1 2 849 3353 3354
6106 2 2 1 2 3353 845 3330
6107 2 2 1 2 3354 3330 218
6108 2 2 1 2 3353 3330 3354
6109 2 2 1 2 842 3352 3350
6110 2 2 1 2 3352 845 3353
6111 2 2 1 2 3350 3353 849
6112 2 2 1 2 3352 3353 3350
6113 2 2 1 2 216 3355 3294
6114 2 2 1 2 3355 850 3356
6115 2 2 1 2 3294 3356 837
6116 2 2 1 2 3355 3356 3294
6117 2 2 1 2 850 3357 3358
6118 2 2 1 2 3357 218 3325
6119 2 2 1 2 3358 3325 843
6120 2 2 1 2 3357 3325 3358
6121 2 2 1 2 837 3359 3297
6122 2 2 1 2 3359 843 3323
6123 2 2 1 2 3297 3323 54
6124 2 2 1 2 3359 3323 3297
6125 2 2 1 2 850 3358 3356
6126 2 2 1 2 3358 843 3359
6127 2 2 1 2 3356 3359 837
6128 2 2 1 2 3358 3359 3356
6129 2 2 1 2 217 3351 3346
6130 2 2 1 2 3351 849 3360
6131 2 2 1 2 3346 3360 848
6132 2 2 1 2 3351 3360 3346
6133 2 2 1 2 849 3354 3361
6134 2 2 1 2 3354 218 3357
6135 2 2 1 2 3361 3357 850
6136 2 2 1 2 3354 3357 3361
6137 2 2 1 2 848 3362 3349
6138 2 2 1 2 3362 850 3355
6139 2 2 1 2 3349 3355 216
6140 2 2 1 2 3362 3355 3349
6141 2 2 1 2 849 3361 3360
6142 2 2 1 2 3361 850 3362
6143 2 2 1 2 3360 3362 848
6144 2 2 1 2 3361 3362 3360
6145 2 2 1 2 2 3257 1435
6146 2 2 1 2 3257 829 3363
6147 2 2 1 2 1435 3363 367
6148 2 2 1 2 3257 3363 1435
6149 2 2 1 2 829 3254 3365
6150 2 2 1 2 3254 215 3364
6151 2 2 1 2 3365 3364 851
6152 2 2 1 2 3254 3364 3365
6153 2 2 1 2 367 3366 1437
6154 2 2 1 2 3366 851 3367
6155 2 2 1 2 1437 3367 97
6156 2 2 1 2 3366 3367 1437
6157 2 2 1 2 829 3365 3363
6158 2 2 1 2 3365 851 3366
6159 2 2 1 2 3363 3366 367
6160 2 2 1 2 3365 3366 3363
6161 2 2 1 2 215 3249 3369
6162 2 2 1 2 3249 826 3368
6163 2 2 1 2 3369 3368 853
6164 2 2 1 2 3249 3368 3369
6165 2 2 1 2 826 3246 3371
6166 2 2 1 2 3246 58 3370
6167 2 2 1 2 3371 3370 852
6168 2 2 1 2 3246 3370 3371
6169 2 2 1 2 853 3372 3374
6170 2 2 1 2 3372 852 3373
6171 2 2 1 2 3374 3373 219
6172 2 2 1 2 3372 3373 3374
6173 2 2 1 2 826 3371 3368
6174 2 2 1 2 3371 852 3372
6175 2 2 1 2 3368 3372 853
6176 2 2 1 2 3371 3372 3368
6177 2 2 1 2 97 3375 1442
6178 2 2 1 2 3375 854 3376
6179 2 2 1 2 1442 3376 369
6180 2 2 1 2 3375 3376 1442
6181 2 2 1 2 854 3377 3379
6182 2 2 1 2 3377 219 3378
6183 2 2 1 2 3379 3378 855
6184 2 2 1 2 3377 3378 3379
6185 2 2 1 2 369 3380 1445
6186 2 2 1 2 3380 855 3381
6187 2 2 1 2 1445 3381 28
6188 2 2 1 2 3380 3381 1445
6189 2 2 1 2 854 3379 3376
6190 2 2 1 2 3379 855 3380
6191 2 2 1 2 3376 3380 369
6192 2 2 1 2 3379 3380 3376
6193 2 2 1 2 215 3369 3364
6194 2 2 1 2 3369 853 3382
6195 2 2 1 2 3364 3382 851
6196 2 2 1 2 3369 3382 3364
6197 2 2 1 2 853 3374 3383
6198 2 2 1 2 3374 219 3377
6199 2 2 1 2 3383 3377 854
6200 2 2 1 2 3374 3377 3383
6201 2 2 1 2 851 3384 3367
6202 2 2 1 2 3384 854 3375
6203 2 2 1 2 3367 3375 97
6204 2 2 1 2 3384 3375 3367
6205 2 2 1 2 853 3383 3382
6206 2 2 1 2 3383 854 3384
6207 2 2 1 2 3382 3384 851
6208 2 2 1 2 3383 3384 3382
6209 2 2 1 2 58 3230 3386
6210 2 2 1 2 3230 821 3385
6211 2 2 1 2 3386 3385 857
6212 2 2 1 2 3230 3385 3386
6213 2 2 1 2 821 3227 3388
6214 2 2 1 2 3227 212 3387
6215 2 2 1 2 3388 3387 856
6216 2 2 1 2 3227 3387 3388
6217 2 2 1 2 857 3389 3391
6218 2 2 1 2 3389 856 3390
6219 2 2 1 2 3391 3390 221
6220 2 2 1 2 3389 3390 3391
6221 2 2 1 2 821 3388 3385
6222 2 2 1 2 3388 856 3389
6223 2 2 1 2 3385 3389 857
6224 2 2 1 2 3388 3389 3385
6225 2 2 1 2 212 3221 3393
6226 2 2 1 2 3221 818 3392
6227 2 2 1 2 3393 3392 859
6228 2 2 1 2 3221 3392 3393
6229 2 2 1 2 818 3218 3395
6230 2 2 1 2 3218 17 3394
6231 2 2 1 2 3395 3394 858
6232 2 2 1 2 3218 3394 3395
6233 2 2 1 2 859 3396 3398
6234 2 2 1 2 3396 858 3397
6235 2 2 1 2 3398 3397 220
6236 2 2 1 2 3396 3397 3398
6237 2 2 1 2 818 3395 3392
6238 2 2 1 2 3395 858 3396
6239 2 2 1 2 3392 3396 859
6240 2 2 1 2 3395 3396 3392
6241 2 2 1 2 221 3399 3401
6242 2 2 1 2 3399 860 3400
6243 2 2 1 2 3401 3400 862
6244 2 2 1 2 3399 3400 3401
6245 2 2 1 2 860 3402 3404
6246 2 2 1 2 3402 220 3403
6247 2 2 1 2 3404 3403 861
6248 2 2 1 2 3402 3403 3404
6249 2 2 1 2 862 3405 3407
6250 2 2 1 2 3405 861 3406
6251 2 2 1 2 3407 3406 59
6252 2 2 1 2 3405 3406 3407
6253 2 2 1 2 860 3404 3400
6254 2 2 1 2 3404 861 3405
6255 2 2 1 2 3400 3405 862
6256 2 2 1 2 3404 3405 3400
6257 2 2 1 2 212 3393 3387
6258 2 2 1 2 3393 859 3408
6259 2 2 1 2 3387 3408 856
6260 2 2 1 2 3393 3408 3387
6261 2 2 1 2 859 3398 3409
6262 2 2 1 2 3398 220 3402
6263 2 2 1 2 3409 3402 860
6264 2 2 1 2 3398 3402 3409
6265 2 2 1 2 856 3410 3390
6266 2 2 1 2 3410 860 3399
6267 2 2 1 2 3390 3399 221
6268 2 2 1 2 3410 3399 3390
6269 2 2 1 2 859 3409 3408
6270 2 2 1 2 3409 860 3410
6271 2 2 1 2 3408 3410 856
6272 2 2 1 2 3409 3410 3408
6273 2 2 1 2 28 3411 1461
6274 2 2 1 2 3411 863 3412
6275 2 2 1 2 1461 3412 374
6276 2 2 1 2 3411 3412 1461
6277 2 2 1 2 863 3413 3415
6278 2 2 1 2 3413 222 3414
6279 2 2 1 2 3415 3414 864
6280 2 2 1 2 3413 3414 3415
6281 2 2 1 2 374 3416 1464
6282 2 2 1 2 3416 864 3417
6283 2 2 1 2 1464 3417 99
6284 2 2 1 2 3416 3417 1464
6285 2 2 1 2 863 3415 3412
6286 2 2 1 2 3415 864 3416
6287 2 2 1 2 3412 3416 374
6288 2 2 1 2 3415 3416 3412
6289 2 2 1 2 222 3418 3420
6290 2 2 1 2 3418 865 3419
6291 2 2 1 2 3420 3419 867
6292 2 2 1 2 3418 3419 3420
6293 2 2 1 2 865 3421 3423
6294 2 2 1 2 3421 59 3422
6295 2 2 1 2 3423 3422 866
6296 2 2 1 2 3421 3422 3423
6297 2 2 1 2 867 3424 3426
6298 2 2 1 2 3424 866 3425
6299 2 2 1 2 3426 3425 223
6300 2 2 1 2 3424 3425 3426
6301 2 2 1 2 865 3423 3419
6302 2 2 1 2 3423 866 3424
6303 2 2 1 2 3419 3424 867
6304 2 2 1 2 3423 3424 3419
6305 2 2 1 2 99 3427 1470
6306 2 2 1 2 3427 868 3428
6307 2 2 1 2 1470 3428 377
6308 2 2 1 2 3427 3428 1470
6309 2 2 1 2 868 3429 3431
6310 2 2 1 2 3429 223 3430
6311 2 2 1 2 3431 3430 869
6312 2 2 1 2 3429 3430 3431
6313 2 2 1 2 377 3432 1473
6314 2 2 1 2 3432 869 3433
6315 2 2 1 2 1473 3433 10
6316 2 2 1 2 3432 3433 1473
6317 2 2 1 2 868 3431 3428
6318 2 2 1 2 3431 869 3432
6319 2 2 1 2 3428 3432 377
6320 2 2 1 2 3431 3432 3428
6321 2 2 1 2 222 3420 3414
6322 2 2 1 2 3420 867 3434
6323 2 2 1 2 3414 3434 864
6324 2 2 1 2 3420 3434 3414
6325 2 2 1 2 867 3426 3435
6326 2 2 1 2 3426 223 3429
6327 2 2 1 2 3435 3429 868
6328 2 2 1 2 3426 3429 3435
6329 2 2 1 2 864 3436 3417
6330 2 2 1 2 3436 868 3427
6331 2 2 1 2 3417 3427 99
6332 2 2 1 2 3436 3427 3417
6333 2 2 1 2 867 3435 3434
6334 2 2 1 2 3435 868 3436
6335 2 2 1 2 3434 3436 864
6336 2 2 1 2 3435 3436 3434
6337 2 2 1 2 58 3386 3370
6338 2 2 1 2 3386 857 3437
6339 2 2 1 2 3370 3437 852
6340 2 2 1 2 3386 3437 3370
6341 2 2 1 2 857 3391 3439
6342 2 2 1 2 3391 221 3438
6343 2 2 1 2 3439 3438 870
6344 2 2 1 2 3391 3438 3439
6345 2 2 1 2 852 3440 3373
6346 2 2 1 2 3440 870 3441
6347 2 2 1 2 3373 3441 219
6348 2 2 1 2 3440 3441 3373
6349 2 2 1 2 857 3439 3437
6350 2 2 1 2 3439 870 3440
6351 2 2 1 2 3437 3440 852
6352 2 2 1 2 3439 3440 3437
6353 2 2 1 2 221 3401 3443
6354 2 2 1 2 3401 862 3442
6355 2 2 1 2 3443 3442 871
6356 2 2 1 2 3401 3442 3443
6357 2 2 1 2 862 3407 3444
6358 2 2 1 2 3407 59 3421
6359 2 2 1 2 3444 3421 865
6360 2 2 1 2 3407 3421 3444
6361 2 2 1 2 871 3445 3446
6362 2 2 1 2 3445 865 3418
6363 2 2 1 2 3446 3418 222
6364 2 2 1 2 3445 3418 3446
6365 2 2 1 2 862 3444 3442
6366 2 2 1 2 3444 865 3445
6367 2 2 1 2 3442 3445 871
6368 2 2 1 2 3444 3445 3442
6369 2 2 1 2 219 3447 3378
6370 2 2 1 2 3447 872 3448
6371 2 2 1 2 3378 3448 855
6372 2 2 1 2 3447 3448 3378
6373 2 2 1 2 872 3449 3450
6374 2 2 1 2 3449 222 3413
6375 2 2 1 2 3450 3413 863
6376 2 2 1 2 3449 3413 3450
6377 2 2 1 2 855 3451 3381
6378 2 2 1 2 3451 863 3411
6379 2 2 1 2 3381 3411 28
6380 2 2 1 2 3451 3411 3381
6381 2 2 1 2 872 3450 3448
6382 2 2 1 2 3450 863 3451
6383 2 2 1 2 3448 3451 855
6384 2 2 1 2 3450 3451 3448
6385 2 2 1 2 221 3443 3438
6386 2 2 1 2 3443 871 3452
6387 2 2 1 2 3438 3452 870
6388 2 2 1 2 3443 3452 3438
6389 2 2 1 2 871 3446 3453
6390 2 2 1 2 3446 222 3449
6391 2 2 1 2 3453 3449 872
6392 2 2 1 2 3446 3449 3453
6393 2 2 1 2 870 3454 3441
6394 2 2 1 2 3454 872 3447
6395 2 2 1 2 3441 3447 219
6396 2 2 1 2 3454 3447 3441
6397 2 2 1 2 871 3453 3452
6398 2 2 1 2 3453 872 3454
6399 2 2 1 2 3452 3454 870
6400 2 2 1 2 3453 3454 3452
6401 2 2 1 2 17 3156 3456
6402 2 2 1 2 3156 802 3455
6403 2 2 1 2 3456 3455 874
6404 2 2 1 2 3156 3455 3456
6405 2 2 1 2 802 3153 3458
6406 2 2 1 2 3153 207 3457
6407 2 2 1 2 3458 3457 873
6408 2 2 1 2 3153 3457 3458
6409 2 2 1 2 874 3459 3461
6410 2 2 1 2 3459 873 3460
6411 2 2 1 2 3461 3460 225
6412 2 2 1 2 3459 3460 3461
6413 2 2 1 2 802 3458 3455
6414 2 2 1 2 3458 873 3459
6415 2 2 1 2 3455 3459 874
6416 2 2 1 2 3458 3459 3455
6417 2 2 1 2 207 3147 3463
6418 2 2 1 2 3147 799 3462
6419 2 2 1 2 3463 3462 876
6420 2 2 1 2 3147 3462 3463
6421 2 2 1 2 799 3144 3465
6422 2 2 1 2 3144 55 3464
6423 2 2 1 2 3465 3464 875
6424 2 2 1 2 3144 3464 3465
6425 2 2 1 2 876 3466 3468
6426 2 2 1 2 3466 875 3467
6427 2 2 1 2 3468 3467 224
6428 2 2 1 2 3466 3467 3468
6429 2 2 1 2 799 3465 3462
6430 2 2 1 2 3465 875 3466
6431 2 2 1 2 3462 3466 876
6432 2 2 1 2 3465 3466 3462
6433 2 2 1 2 225 3469 3471
6434 2 2 1 2 3469 877 3470
6435 2 2 1 2 3471 3470 879
6436 2 2 1 2 3469 3470 3471
6437 2 2 1 2 877 3472 3474
6438 2 2 1 2 3472 224 3473
6439 2 2 1 2 3474 3473 878
6440 2 2 1 2 3472 3473 3474
6441 2 2 1 2 879 3475 3477
6442 2 2 1 2 3475 878 3476
6443 2 2 1 2 3477 3476 61
6444 2 2 1 2 3475 3476 3477
6445 2 2 1 2 877 3474 3470
6446 2 2 1 2 3474 878 3475
6447 2 2 1 2 3470 3475 879
6448 2 2 1 2 3474 3475 3470
6449 2 2 1 2 207 3463 3457
6450 2 2 1 2 3463 876 3478
6451 2 2 1 2 3457 3478 873
6452 2 2 1 2 3463 3478 3457
6453 2 2 1 2 876 3468 3479
6454 2 2 1 2 3468 224 3472
6455 2 2 1 2 3479 3472 877
6456 2 2 1 2 3468 3472 3479
6457 2 2 1 2 873 3480 3460
6458 2 2 1 2 3480 877 3469
6459 2 2 1 2 3460 3469 225
6460 2 2 1 2 3480 3469 3460
6461 2 2 1 2 876 3479 3478
6462 2 2 1 2 3479 877 3480
6463 2 2 1 2 3478 3480 873
6464 2 2 1 2 3479 3480 3478
6465 2 2 1 2 55 3126 3482
6466 2 2 1 2 3126 793 3481
6467 2 2 1 2 3482 3481 881
6468 2 2 1 2 3126 3481 3482
6469 2 2 1 2 793 3123 3484
6470 2 2 1 2 3123 204 3483
6471 2 2 1 2 3484 3483 880
6472 2 2 1 2 3123 3483 3484
6473 2 2 1 2 881 3485 3487
6474 2 2 1 2 3485 880 3486
6475 2 2 1 2 3487 3486 227
6476 2 2 1 2 3485 3486 3487
6477 2 2 1 2 793 3484 3481
6478 2 2 1 2 3484 880 3485
6479 2 2 1 2 3481 3485 881
6480 2 2 1 2 3484 3485 3481
6481 2 2 1 2 204 3117 3489
6482 2 2 1 2 3117 790 3488
6483 2 2 1 2 3489 3488 883
6484 2 2 1 2 3117 3488 3489
6485 2 2 1 2 790 3114 3491
6486 2 2 1 2 3114 6 3490
6487 2 2 1 2 3491 3490 882
6488 2 2 1 2 3114 3490 3491
6489 2 2 1 2 883 3492 3494
6490 2 2 1 2 3492 882 3493
6491 2 2 1 2 3494 3493 226
6492 2 2 1 2 3492 3493 3494
6493 2 2 1 2 790 3491 3488
6494 2 2 1 2 3491 882 3492
6495 2 2 1 2 3488 3492 883
6496 2 2 1 2 3491 3492 3488
6497 2 2 1 2 227 3495 3497
6498 2 2 1 2 3495 884 3496
6499 2 2 1 2 3497 3496 886
6500 2 2 1 2 3495 3496 3497
6501 2 2 1 2 884 3498 3500
6502 2 2 1 2 3498 226 3499
6503 2 2 1 2 3500 3499 885
6504 2 2 1 2 3498 3499 3500
6505 2 2 1 2 886 3501 3503
6506 2 2 1 2 3501 885 3502
6507 2 2 1 2 3503 3502 60
6508 2 2 1 2 3501 3502 3503
6509 2 2 1 2 884 3500 3496
6510 2 2 1 2 3500 885 3501
6511 2 2 1 2 3496 3501 886
6512 2 2 1 2 3500 3501 3496
6513 2 2 1 2 204 3489 3483
6514 2 2 1 2 3489 883 3504
6515 2 2 1 2 3483 3504 880
6516 2 2 1 2 3489 3504 3483
6517 2 2 1 2 883 3494 3505
6518 2 2 1 2 3494 226 3498
6519 2 2 1 2 3505 3498 884
6520 2 2 1 2 3494 3498 3505
6521 2 2 1 2 880 3506 3486
6522 2 2 1 2 3506 884 3495
6523 2 2 1 2 3486 3495 227
6524 2 2 1 2 3506 3495 3486
6525 2 2 1 2 883 3505 3504
6526 2 2 1 2 3505 884 3506
6527 2 2 1 2 3504 3506 880
6528 2 2 1 2 3505 3506 3504
6529 2 2 1 2 61 3507 3509
6530 2 2 1 2 3507 887 3508
6531 2 2 1 2 3509 3508 889
6532 2 2 1 2 3507 3508 3509
6533 2 2 1 2 887 3510 3512
6534 2 2 1 2 3510 228 3511
6535 2 2 1 2 3512 3511 888
6536 2 2 1 2 3510 3511 3512
6537 2 2 1 2 889 3513 3515
6538 2 2 1 2 3513 888 3514
6539 2 2 1 2 3515 3514 230
6540 2 2 1 2 3513 3514 3515
6541 2 2 1 2 887 3512 3508
6542 2 2 1 2 3512 888 3513
6543 2 2 1 2 3508 3513 889
6544 2 2 1 2 3512 3513 3508
6545 2 2 1 2 228 3516 3518
6546 2 2 1 2 3516 890 3517
6547 2 2 1 2 3518 3517 892
6548 2 2 1 2 3516 3517 3518
6549 2 2 1 2 890 3519 3521
6550 2 2 1 2 3519 60 3520
6551 2 2 1 2 3521 3520 891
6552 2 2 1 2 3519 3520 3521
6553 2 2 1 2 892 3522 3524
6554 2 2 1 2 3522 891 3523
6555 2 2 1 2 3524 3523 229
6556 2 2 1 2 3522 3523 3524
6557 2 2 1 2 890 3521 3517
6558 2 2 1 2 3521 891 3522
6559 2 2 1 2 3517 3522 892
6560 2 2 1 2 3521 3522 3517
6561 2 2 1 2 230 3525 3527
6562 2 2 1 2 3525 893 3526
6563 2 2 1 2 3527 3526 895
6564 2 2 1 2 3525 3526 3527
6565 2 2 1 2 893 3528 3530
6566 2 2 1 2 3528 229 3529
6567 2 2 1 2 3530 3529 894
6568 2 2 1 2 3528 3529 3530
6569 2 2 1 2 895 3531 3533
6570 2 2 1 2 3531 894 3532
6571 2 2 1 2 3533 3532 18
6572 2 2 1 2 3531 3532 3533
6573 2 2 1 2 893 3530 3526
6574 2 2 1 2 3530 894 3531
6575 2 2 1 2 3526 3531 895
6576 2 2 1 2 3530 3531 3526
6577 2 2 1 2 228 3518 3511
6578 2 2 1 2 3518 892 3534
6579 2 2 1 2 3511 3534 888
6580 2 2 1 2 3518 3534 3511
6581 2 2 1 2 892 3524 3535
6582 2 2 1 2 3524 229 3528
6583 2 2 1 2 3535 3528 893
6584 2 2 1 2 3524 3528 3535
6585 2 2 1 2 888 3536 3514
6586 2 2 1 2 3536 893 3525
6587 2 2 1 2 3514 3525 230
6588 2 2 1 2 3536 3525 3514
6589 2 2 1 2 892 3535 3534
6590 2 2 1 2 3535 893 3536
6591 2 2 1 2 3534 3536 888
6592 2 2 1 2 3535 3536 3534
6593 2 2 1 2 55 3482 3464
6594 2 2 1 2 3482 881 3537
6595 2 2 1 2 3464 3537 875
6596 2 2 1 2 3482 3537 3464
6597 2 2 1 2 881 3487 3539
6598 2 2 1 2 3487 227 3538
6599 2 2 1 2 3539 3538 896
6600 2 2 1 2 3487 3538 3539
6601 2 2 1 2 875 3540 3467
6602 2 2 1 2 3540 896 3541
6603 2 2 1 2 3467 3541 224
6604 2 2 1 2 3540 3541 3467
6605 2 2 1 2 881 3539 3537
6606 2 2 1 2 3539 896 3540
6607 2 2 1 2 3537 3540 875
6608 2 2 1 2 3539 3540 3537
6609 2 2 1 2 227 3497 3543
6610 2 2 1 2 3497 886 3542
6611 2 2 1 2 3543 3542 897
6612 2 2 1 2 3497 3542 3543
6613 2 2 1 2 886 3503 3544
6614 2 2 1 2 3503 60 3519
6615 2 2 1 2 3544 3519 890
6616 2 2 1 2 3503 3519 3544
6617 2 2 1 2 897 3545 3546
6618 2 2 1 2 3545 890 3516
6619 2 2 1 2 3546 3516 228
6620 2 2 1 2 3545 3516 3546
6621 2 2 1 2 886 3544 3542
6622 2 2 1 2 3544 890 3545
6623 2 2 1 2 3542 3545 897
6624 2 2 1 2 3544 3545 3542
6625 2 2 1 2 224 3547 3473
6626 2 2 1 2 3547 898 3548
6627 2 2 1 2 3473 3548 878
6628 2 2 1 2 3547 3548 3473
6629 2 2 1 2 898 3549 3550
6630 2 2 1 2 3549 228 3510
6631 2 2 1 2 3550 3510 887
6632 2 2 1 2 3549 3510 3550
6633 2 2 1 2 878 3551 3476
6634 2 2 1 2 3551 887 3507
6635 2 2 1 2 3476 3507 61
6636 2 2 1 2 3551 3507 3476
6637 2 2 1 2 898 3550 3548
6638 2 2 1 2 3550 887 3551
6639 2 2 1 2 3548 3551 878
6640 2 2 1 2 3550 3551 3548
6641 2 2 1 2 227 3543 3538
6642 2 2 1 2 3543 897 3552
6643 2 2 1 2 3538 3552 896
6644 2 2 1 2 3543 3552 3538
6645 2 2 1 2 897 3546 3553
6646 2 2 1 2 3546 228 3549
6647 2 2 1 2 3553 3549 898
6648 2 2 1 2 3546 3549 3553
6649 2 2 1 2 896 3554 3541
6650 2 2 1 2 3554 898 3547
6651 2 2 1 2 3541 3547 224
6652 2 2 1 2 3554 3547 3541
6653 2 2 1 2 897 3553 3552
6654 2 2 1 2 3553 898 3554
6655 2 2 1 2 3552 3554 896
6656 2 2 1 2 3553 3554 3552
6657 2 2 1 2 10 3555 1535
6658 2 2 1 2 3555 899 3556
6659 2 2 1 2 1535 3556 393
6660 2 2 1 2 3555 3556 1535
6661 2 2 1 2 899 3557 3559
6662 2 2 1 2 3557 231 3558
6663 2 2 1 2 3559 3558 900
6664 2 2 1 2 3557 3558 3559
6665 2 2 1 2 393 3560 1538
6666 2 2 1 2 3560 900 3561
6667 2 2 1 2 1538 3561 104
6668 2 2 1 2 3560 3561 1538
6669 2 2 1 2 899 3559 3556
6670 2 2 1 2 3559 900 3560
6671 2 2 1 2 3556 3560 393
6672 2 2 1 2 3559 3560 3556
6673 2 2 1 2 231 3562 3564
6674 2 2 1 2 3562 901 3563
6675 2 2 1 2 3564 3563 903
6676 2 2 1 2 3562 3563 3564
6677 2 2 1 2 901 3565 3567
6678 2 2 1 2 3565 62 3566
6679 2 2 1 2 3567 3566 902
6680 2 2 1 2 3565 3566 3567
6681 2 2 1 2 903 3568 3570
6682 2 2 1 2 3568 902 3569
6683 2 2 1 2 3570 3569 232
6684 2 2 1 2 3568 3569 3570
6685 2 2 1 2 901 3567 3563
6686 2 2 1 2 3567 902 3568
6687 2 2 1 2 3563 3568 903
6688 2 2 1 2 3567 3568 3563
6689 2 2 1 2 104 3571 1544
6690 2 2 1 2 3571 904 3572
6691 2 2 1 2 1544 3572 396
6692 2 2 1 2 3571 3572 1544
6693 2 2 1 2 904 3573 3575
6694 2 2 1 2 3573 232 3574
6695 2 2 1 2 3575 3574 905
6696 2 2 1 2 3573 3574 3575
6697 2 2 1 2 396 3576 1547
6698 2 2 1 2 3576 905 3577
6699 2 2 1 2 1547 3577 30
6700 2 2 1 2 3576 3577 1547
6701 2 2 1 2 904 3575 3572
6702 2 2 1 2 3575 905 3576
6703 2 2 1 2 3572 3576 396
6704 2 2 1 2 3575 3576 3572
6705 2 2 1 2 231 3564 3558
6706 2 2 1 2 3564 903 3578
6707 2 2 1 2 3558 3578 900
6708 2 2 1 2 3564 3578 3558
6709 2 2 1 2 903 3570 3579
6710 2 2 1 2 3570 232 3573
6711 2 2 1 2 3579 3573 904
6712 2 2 1 2 3570 3573 3579
6713 2 2 1 2 900 3580 3561
6714 2 2 1 2 3580 904 3571
6715 2 2 1 2 3561 3571 104
6716 2 2 1 2 3580 3571 3561
6717 2 2 1 2 903 3579 3578
6718 2 2 1 2 3579 904 3580
6719 2 2 1 2 3578 3580 900
6720 2 2 1 2 3579 3580 3578
6721 2 2 1 2 62 3581 3583
6722 2 2 1 2 3581 906 3582
6723 2 2 1 2 3583 3582 908
6724 2 2 1 2 3581 3582 3583
6725 2 2 1 2 906 3584 3586
6726 2 2 1 2 3584 233 3585
6727 2 2 1 2 3586 3585 907
6728 2 2 1 2 3584 3585 3586
6729 2 2 1 2 908 3587 3589
6730 2 2 1 2 3587 907 3588
6731 2 2 1 2 3589 3588 235
6732 2 2 1 2 3587 3588 3589
6733 2 2 1 2 906 3586 3582
6734 2 2 1 2 3586 907 3587
6735 2 2 1 2 3582 3587 908
6736 2 2 1 2 3586 3587 3582
6737 2 2 1 2 233 3590 3592
6738 2 2 1 2 3590 909 3591
6739 2 2 1 2 3592 3591 911
6740 2 2 1 2 3590 3591 3592
6741 2 2 1 2 909 3593 3595
6742 2 2 1 2 3593 18 3594
6743 2 2 1 2 3595 3594 910
6744 2 2 1 2 3593 3594 3595
6745 2 2 1 2 911 3596 3598
6746 2 2 1 2 3596 910 3597
6747 2 2 1 2 3598 3597 234
6748 2 2 1 2 3596 3597 3598
6749 2 2 1 2 909 3595 3591
6750 2 2 1 2 3595 910 3596
6751 2 2 1 2 3591 3596 911
6752 2 2 1 2 3595 3596 3591
6753 2 2 1 2 235 3599 3601
6754 2 2 1 2 3599 912 3600
6755 2 2 1 2 3601 3600 914
6756 2 2 1 2 3599 3600 3601
6757 2 2 1 2 912 3602 3604
6758 2 2 1 2 3602 234 3603
6759 2 2 1 2 3604 3603 913
6760 2 2 1 2 3602 3603 3604
6761 2 2 1 2 914 3605 3607
6762 2 2 1 2 3605 913 3606
6763 2 2 1 2 3607 3606 63
6764 2 2 1 2 3605 3606 3607
6765 2 2 1 2 912 3604 3600
6766 2 2 1 2 3604 913 3605
6767 2 2 1 2 3600 3605 914
6768 2 2 1 2 3604 3605 3600
6769 2 2 1 2 233 3592 3585
6770 2 2 1 2 3592 911 3608
6771 2 2 1 2 3585 3608 907
6772 2 2 1 2 3592 3608 3585
6773 2 2 1 2 911 3598 3609
6774 2 2 1 2 3598 234 3602
6775 2 2 1 2 3609 3602 912
6776 2 2 1 2 3598 3602 3609
6777 2 2 1 2 907 3610 3588
6778 2 2 1 2 3610 912 3599
6779 2 2 1 2 3588 3599 235
6780 2 2 1 2 3610 3599 3588
6781 2 2 1 2 911 3609 3608
6782 2 2 1 2 3609 912 3610
6783 2 2 1 2 3608 3610 907
6784 2 2 1 2 3609 3610 3608
6785 2 2 1 2 30 3611 1565
6786 2 2 1 2 3611 915 3612
6787 2 2 1 2 1565 3612 402
6788 2 2 1 2 3611 3612 1565
6789 2 2 1 2 915 3613 3615
6790 2 2 1 2 3613 236 3614
6791 2 2 1 2 3615 3614 916
6792 2 2 1 2 3613 3614 3615
6793 2 2 1 2 402 3616 1568
6794 2 2 1 2 3616 916 3617
6795 2 2 1 2 1568 3617 107
6796 2 2 1 2 3616 3617 1568
6797 2 2 1 2 915 3615 3612
6798 2 2 1 2 3615 916 3616
6799 2 2 1 2 3612 3616 402
6800 2 2 1 2 3615 3616 3612
6801 2 2 1 2 236 3618 3620
6802 2 2 1 2 3618 917 3619
6803 2 2 1 2 3620 3619 919
6804 2 2 1 2 3618 3619 3620
6805 2 2 1 2 917 3621 3623
6806 2 2 1 2 3621 63 3622
6807 2 2 1 2 3623 3622 918
6808 2 2 1 2 3621 3622 3623
6809 2 2 1 2 919 3624 3626
6810 2 2 1 2 3624 918 3625
6811 2 2 1 2 3626 3625 237
6812 2 2 1 2 3624 3625 3626
6813 2 2 1 2 917 3623 3619
6814 2 2 1 2 3623 918 3624
6815 2 2 1 2 3619 3624 919
6816 2 2 1 2 3623 3624 3619
6817 2 2 1 2 107 3627 1574
6818 2 2 1 2 3627 920 3628
6819 2 2 1 2 1574 3628 405
6820 2 2 1 2 3627 3628 1574
6821 2 2 1 2 920 3629 3631
6822 2 2 1 2 3629 237 3630
6823 2 2 1 2 3631 3630 921
6824 2 2 1 2 3629 3630 3631
6825 2 2 1 2 405 3632 1577
6826 2 2 1 2 3632 921 3633
6827 2 2 1 2 1577 3633 4
6828 2 2 1 2 3632 3633 1577
6829 2 2 1 2 920 3631 3628
6830 2 2 1 2 3631 921 3632
6831 2 2 1 2 3628 3632 405
6832 2 2 1 2 3631 3632 3628
6833 2 2 1 2 236 3620 3614
6834 2 2 1 2 3620 919 3634
6835 2 2 1 2 3614 3634 916
6836 2 2 1 2 3620 3634 3614
6837 2 2 1 2 919 3626 3635
6838 2 2 1 2 3626 237 3629
6839 2 2 1 2 3635 3629 920
6840 2 2 1 2 3626 3629 3635
6841 2 2 1 2 916 3636 3617
6842 2 2 1 2 3636 920 3627
6843 2 2 1 2 3617 3627 107
6844 2 2 1 2 3636 3627 3617
6845 2 2 1 2 919 3635 3634
6846 2 2 1 2 3635 920 3636
6847 2 2 1 2 3634 3636 916
6848 2 2 1 2 3635 3636 3634
6849 2 2 1 2 62 3583 3566
6850 2 2 1 2 3583 908 3637
6851 2 2 1 2 3566 3637 902
6852 2 2 1 2 3583 3637 3566
6853 2 2 1 2 908 3589 3639
6854 2 2 1 2 3589 235 3638
6855 2 2 1 2 3639 3638 922
6856 2 2 1 2 3589 3638 3639
6857 2 2 1 2 902 3640 3569
6858 2 2 1 2 3640 922 3641
6859 2 2 1 2 3569 3641 232
6860 2 2 1 2 3640 3641 3569
6861 2 2 1 2 908 3639 3637
6862 2 2 1 2 3639 922 3640
6863 2 2 1 2 3637 3640 902
6864 2 2 1 2 3639 3640 3637
6865 2 2 1 2 235 3601 3643
6866 2 2 1 2 3601 914 3642
6867 2 2 1 2 3643 3642 923
6868 2 2 1 2 3601 3642 3643
6869 2 2 1 2 914 3607 3644
6870 2 2 1 2 3607 63 3621
6871 2 2 1 2 3644 3621 917
6872 2 2 1 2 3607 3621 3644
6873 2 2 1 2 923 3645 3646
6874 2 2 1 2 3645 917 3618
6875 2 2 1 2 3646 3618 236
6876 2 2 1 2 3645 3618 3646
6877 2 2 1 2 914 3644 3642
6878 2 2 1 2 3644 917 3645
6879 2 2 1 2 3642 3645 923
6880 2 2 1 2 3644 3645 3642
6881 2 2 1 2 232 3647 3574
6882 2 2 1 2 3647 924 3648
6883 2 2 1 2 3574 3648 905
6884 2 2 1 2 3647 3648 3574
6885 2 2 1 2 924 3649 3650
6886 2 2 1 2 3649 236 3613
6887 2 2 1 2 3650 3613 915
6888 2 2 1 2 3649 3613 3650
6889 2 2 1 2 905 3651 3577
6890 2 2 1 2 3651 915 3611
6891 2 2 1 2 3577 3611 30
6892 2 2 1 2 3651 3611 3577
6893 2 2 1 2 924 3650 3648
6894 2 2 1 2 3650 915 3651
6895 2 2 1 2 3648 3651 905
6896 2 2 1 2 3650 3651 3648
6897 2 2 1 2 235 3643 3638
6898 2 2 1 2 3643 923 3652
6899 2 2 1 2 3638 3652 922
6900 2 2 1 2 3643 3652 3638
6901 2 2 1 2 923 3646 3653
6902 2 2 1 2 3646 236 3649
6903 2 2 1 2 3653 3649 924
6904 2 2 1 2 3646 3649 3653
6905 2 2 1 2 922 3654 3641
6906 2 2 1 2 3654 924 3647
6907 2 2 1 2 3641 3647 232
6908 2 2 1 2 3654 3647 3641
6909 2 2 1 2 923 3653 3652
6910 2 2 1 2 3653 924 3654
6911 2 2 1 2 3652 3654 922
6912 2 2 1 2 3653 3654 3652
6913 2 2 1 2 17 3456 3394
6914 2 2 1 2 3456 874 3655
6915 2 2 1 2 3394 3655 858
6916 2 2 1 2 3456 3655 3394
6917 2 2 1 2 874 3461 3657
6918 2 2 1 2 3461 225 3656
6919 2 2 1 2 3657 3656 925
6920 2 2 1 2 3461 3656 3657
6921 2 2 1 2 858 3658 3397
6922 2 2 1 2 3658 925 3659
6923 2 2 1 2 3397 3659 220
6924 2 2 1 2 3658 3659 3397
6925 2 2 1 2 874 3657 3655
6926 2 2 1 2 3657 925 3658
6927 2 2 1 2 3655 3658 858
6928 2 2 1 2 3657 3658 3655
6929 2 2 1 2 225 3471 3661
6930 2 2 1 2 3471 879 3660
6931 2 2 1 2 3661 3660 927
6932 2 2 1 2 3471 3660 3661
6933 2 2 1 2 879 3477 3663
6934 2 2 1 2 3477 61 3662
6935 2 2 1 2 3663 3662 926
6936 2 2 1 2 3477 3662 3663
6937 2 2 1 2 927 3664 3666
6938 2 2 1 2 3664 926 3665
6939 2 2 1 2 3666 3665 238
6940 2 2 1 2 3664 3665 3666
6941 2 2 1 2 879 3663 3660
6942 2 2 1 2 3663 926 3664
6943 2 2 1 2 3660 3664 927
6944 2 2 1 2 3663 3664 3660
6945 2 2 1 2 220 3667 3403
6946 2 2 1 2 3667 928 3668
6947 2 2 1 2 3403 3668 861
6948 2 2 1 2 3667 3668 3403
6949 2 2 1 2 928 3669 3671
6950 2 2 1 2 3669 238 3670
6951 2 2 1 2 3671 3670 929
6952 2 2 1 2 3669 3670 3671
6953 2 2 1 2 861 3672 3406
6954 2 2 1 2 3672 929 3673
6955 2 2 1 2 3406 3673 59
6956 2 2 1 2 3672 3673 3406
6957 2 2 1 2 928 3671 3668
6958 2 2 1 2 3671 929 3672
6959 2 2 1 2 3668 3672 861
6960 2 2 1 2 3671 3672 3668
6961 2 2 1 2 225 3661 3656
6962 2 2 1 2 3661 927 3674
6963 2 2 1 2 3656 3674 925
6964 2 2 1 2 3661 3674 3656
6965 2 2 1 2 927 3666 3675
6966 2 2 1 2 3666 238 3669
6967 2 2 1 2 3675 3669 928
6968 2 2 1 2 3666 3669 3675
6969 2 2 1 2 925 3676 3659
6970 2 2 1 2 3676 928 3667
6971 2 2 1 2 3659 3667 220
6972 2 2 1 2 3676 3667 3659
6973 2 2 1 2 927 3675 3674
6974 2 2 1 2 3675 928 3676
6975 2 2 1 2 3674 3676 925
6976 2 2 1 2 3675 3676 3674
6977 2 2 1 2 61 3509 3678
6978 2 2 1 2 3509 889 3677
6979 2 2 1 2 3678 3677 931
6980 2 2 1 2 3509 3677 3678
6981 2 2 1 2 889 3515 3680
6982 2 2 1 2 3515 230 3679
6983 2 2 1 2 3680 3679 930
6984 2 2 1 2 3515 3679 3680
6985 2 2 1 2 931 3681 3683
6986 2 2 1 2 3681 930 3682
6987 2 2 1 2 3683 3682 239
6988 2 2 1 2 3681 3682 3683
6989 2 2 1 2 889 3680 3677
6990 2 2 1 2 3680 930 3681
6991 2 2 1 2 3677 3681 931
6992 2 2 1 2 3680 3681 3677
6993 2 2 1 2 230 3527 3685
6994 2 2 1 2 3527 895 3684
6995 2 2 1 2 3685 3684 932
6996 2 2 1 2 3527 3684 3685
6997 2 2 1 2 895 3533 3686
6998 2 2 1 2 3533 18 3593
6999 2 2 1 2 3686 3593 909
7000 2 2 1 2 3533 3593 3686
7001 2 2 1 2 932 3687 3688
7002 2 2 1 2 3687 909 3590
7003 2 2 1 2 3688 3590 233
7004 2 2 1 2 3687 3590 3688
7005 2 2 1 2 895 3686 3684
7006 2 2 1 2 3686 909 3687
7007 2 2 1 2 3684 3687 932
7008 2 2 1 2 3686 3687 3684
7009 2 2 1 2 239 3689 3691
7010 2 2 1 2 3689 933 3690
7011 2 2 1 2 3691 3690 934
7012 2 2 1 2 3689 3690 3691
7013 2 2 1 2 933 3692 3693
7014 2 2 1 2 3692 233 3584
7015 2 2 1 2 3693 3584 906
7016 2 2 1 2 3692 3584 3693
7017 2 2 1 2 934 3694 3695
7018 2 2 1 2 3694 906 3581
7019 2 2 1 2 3695 3581 62
7020 2 2 1 2 3694 3581 3695
7021 2 2 1 2 933 3693 3690
7022 2 2 1 2 3693 906 3694
7023 2 2 1 2 3690 3694 934
7024 2 2 1 2 3693 3694 3690
7025 2 2 1 2 230 3685 3679
7026 2 2 1 2 3685 932 3696
7027 2 2 1 2 3679 3696 930
7028 2 2 1 2 3685 3696 3679
7029 2 2 1 2 932 3688 3697
7030 2 2 1 2 3688 233 3692
7031 2 2 1 2 3697 3692 933
7032 2 2 1 2 3688 3692 3697
7033 2 2 1 2 930 3698 3682
7034 2 2 1 2 3698 933 3689
7035 2 2 1 2 3682 3689 239
7036 2 2 1 2 3698 3689 3682
7037 2 2 1 2 932 3697 3696
7038 2 2 1 2 3697 933 3698
7039 2 2 1 2 3696 3698 930
7040 2 2 1 2 3697 3698 3696
7041 2 2 1 2 59 3699 3422
7042 2 2 1 2 3699 935 3700
7043 2 2 1 2 3422 3700 866
7044 2 2 1 2 3699 3700 3422
7045 2 2 1 2 935 3701 3703
7046 2 2 1 2 3701 240 3702
7047 2 2 1 2 3703 3702 936
7048 2 2 1 2 3701 3702 3703
7049 2 2 1 2 866 3704 3425
7050 2 2 1 2 3704 936 3705
7051 2 2 1 2 3425 3705 223
7052 2 2 1 2 3704 3705 3425
7053 2 2 1 2 935 3703 3700
7054 2 2 1 2 3703 936 3704
7055 2 2 1 2 3700 3704 866
7056 2 2 1 2 3703 3704 3700
7057 2 2 1 2 240 3706 3708
7058 2 2 1 2 3706 937 3707
7059 2 2 1 2 3708 3707 938
7060 2 2 1 2 3706 3707 3708
7061 2 2 1 2 937 3709 3710
7062 2 2 1 2 3709 62 3565
7063 2 2 1 2 3710 3565 901
7064 2 2 1 2 3709 3565 3710
7065 2 2 1 2 938 3711 3712
7066 2 2 1 2 3711 901 3562
7067 2 2 1 2 3712 3562 231
7068 2 2 1 2 3711 3562 3712
7069 2 2 1 2 937 3710 3707
7070 2 2 1 2 3710 901 3711
7071 2 2 1 2 3707 3711 938
7072 2 2 1 2 3710 3711 3707
7073 2 2 1 2 223 3713 3430
7074 2 2 1 2 3713 939 3714
7075 2 2 1 2 3430 3714 869
7076 2 2 1 2 3713 3714 3430
7077 2 2 1 2 939 3715 3716
7078 2 2 1 2 3715 231 3557
7079 2 2 1 2 3716 3557 899
7080 2 2 1 2 3715 3557 3716
7081 2 2 1 2 869 3717 3433
7082 2 2 1 2 3717 899 3555
7083 2 2 1 2 3433 3555 10
7084 2 2 1 2 3717 3555 3433
7085 2 2 1 2 939 3716 3714
7086 2 2 1 2 3716 899 3717
7087 2 2 1 2 3714 3717 869
7088 2 2 1 2 3716 3717 3714
7089 2 2 1 2 240 3708 3702
7090 2 2 1 2 3708 938 3718
7091 2 2 1 2 3702 3718 936
7092 2 2 1 2 3708 3718 3702
7093 2 2 1 2 938 3712 3719
7094 2 2 1 2 3712 231 3715
7095 2 2 1 2 3719 3715 939
7096 2 2 1 2 3712 3715 3719
7097 2 2 1 2 936 3720 3705
7098 2 2 1 2 3720 939 3713
7099 2 2 1 2 3705 3713 223
7100 2 2 1 2 3720 3713 3705
7101 2 2 1 2 938 3719 3718
7102 2 2 1 2 3719 939 3720
7103 2 2 1 2 3718 3720 936
7104 2 2 1 2 3719 3720 3718
7105 2 2 1 2 61 3678 3662
7106 2 2 1 2 3678 931 3721
7107 2 2 1 2 3662 3721 926
7108 2 2 1 2 3678 3721 3662
7109 2 2 1 2 931 3683 3723
7110 2 2 1 2 3683 239 3722
7111 2 2 1 2 3723 3722 940
7112 2 2 1 2 3683 3722 3723
7113 2 2 1 2 926 3724 3665
7114 2 2 1 2 3724 940 3725
7115 2 2 1 2 3665 3725 238
7116 2 2 1 2 3724 3725 3665
7117 2 2 1 2 931 3723 3721
7118 2 2 1 2 3723 940 3724
7119 2 2 1 2 3721 3724 926
7120 2 2 1 2 3723 3724 3721
7121 2 2 1 2 239 3691 3727
7122 2 2 1 2 3691 934 3726
7123 2 2 1 2 3727 3726 941
7124 2 2 1 2 3691 3726 3727
7125 2 2 1 2 934 3695 3728
7126 2 2 1 2 3695 62 3709
7127 2 2 1 2 3728 3709 937
7128 2 2 1 2 3695 3709 3728
7129 2 2 1 2 941 3729 3730
7130 2 2 1 2 3729 937 3706
7131 2 2 1 2 3730 3706 240
7132 2 2 1 2 3729 3706 3730
7133 2 2 1 2 934 3728 3726
7134 2 2 1 2 3728 937 3729
7135 2 2 1 2 3726 3729 941
7136 2 2 1 2 3728 3729 3726
7137 2 2 1 2 238 3731 3670
7138 2 2 1 2 3731 942 3732
7139 2 2 1 2 3670 3732 929
7140 2 2 1 2 3731 3732 3670
7141 2 2 1 2 942 3733 3734
7142 2 2 1 2 3733 240 3701
7143 2 2 1 2 3734 3701 935
7144 2 2 1 2 3733 3701 3734
7145 2 2 1 2 929 3735 3673
7146 2 2 1 2 3735 935 3699
7147 2 2 1 2 3673 3699 59
7148 2 2 1 2 3735 3699 3673
7149 2 2 1 2 942 3734 3732
7150 2 2 1 2 3734 935 3735
7151 2 2 1 2 3732 3735 929
7152 2 2 1 2 3734 3735 3732
7153 2 2 1 2 239 3727 3722
7154 2 2 1 2 3727 941 3736
7155 2 2 1 2 3722 3736 940
7156 2 2 1 2 3727 3736 3722
7157 2 2 1 2 941 3730 3737
7158 2 2 1 2 3730 240 3733
7159 2 2 1 2 3737 3733 942
7160 2 2 1 2 3730 3733 3737
7161 2 2 1 2 940 3738 3725
7162 2 2 1 2 3738 942 3731
7163 2 2 1 2 3725 3731 238
7164 2 2 1 2 3738 3731 3725
7165 2 2 1 2 941 3737 3736
7166 2 2 1 2 3737 942 3738
7167 2 2 1 2 3736 3738 940
7168 2 2 1 2 3737 3738 3736
7169 2 2 1 2 4 3633 1827
7170 2 2 1 2 3633 921 3739
7171 2 2 1 2 1827 3739 467
7172 2 2 1 2 3633 3739 1827
7173 2 2 1 2 921 3630 3741
7174 2 2 1 2 3630 237 3740
7175 2 2 1 2 3741 3740 943
7176 2 2 1 2 3630 3740 3741
7177 2 2 1 2 467 3742 1829
7178 2 2 1 2 3742 943 3743
7179 2 2 1 2 1829 3743 123
7180 2 2 1 2 3742 3743 1829
7181 2 2 1 2 921 3741 3739
7182 2 2 1 2 3741 943 3742
7183 2 2 1 2 3739 3742 467
7184 2 2 1 2 3741 3742 3739
7185 2 2 1 2 237 3625 3745
7186 2 2 1 2 3625 918 3744
7187 2 2 1 2 3745 3744 945
7188 2 2 1 2 3625 3744 3745
7189 2 2 1 2 918 3622 3747
7190 2 2 1 2 3622 63 3746
7191 2 2 1 2 3747 3746 944
7192 2 2 1 2 3622 3746 3747
7193 2 2 1 2 945 3748 3750
7194 2 2 1 2 3748 944 3749
7195 2 2 1 2 3750 3749 241
7196 2 2 1 2 3748 3749 3750
7197 2 2 1 2 918 3747 3744
7198 2 2 1 2 3747 944 3748
7199 2 2 1 2 3744 3748 945
7200 2 2 1 2 3747 3748 3744
7201 2 2 1 2 123 3751 1834
7202 2 2 1 2 3751 946 3752
7203 2 2 1 2 1834 3752 469
7204 2 2 1 2 3751 3752 1834
7205 2 2 1 2 946 3753 3755
7206 2 2 1 2 3753 241 3754
7207 2 2 1 2 3755 3754 947
7208 2 2 1 2 3753 3754 3755
7209 2 2 1 2 469 3756 1837
7210 2 2 1 2 3756 947 3757
7211 2 2 1 2 1837 3757 35
7212 2 2 1 2 3756 3757 1837
7213 2 2 1 2 946 3755 3752
7214 2 2 1 2 3755 947 3756
7215 2 2 1 2 3752 3756 469
7216 2 2 1 2 3755 3756 3752
7217 2 2 1 2 237 3745 3740
7218 2 2 1 2 3745 945 3758
7219 2 2 1 2 3740 3758 943
7220 2 2 1 2 3745 3758 3740
7221 2 2 1 2 945 3750 3759
7222 2 2 1 2 3750 241 3753
7223 2 2 1 2 3759 3753 946
7224 2 2 1 2 3750 3753 3759
7225 2 2 1 2 943 3760 3743
7226 2 2 1 2 3760 946 3751
7227 2 2 1 2 3743 3751 123
7228 2 2 1 2 3760 3751 3743
7229 2 2 1 2 945 3759 3758
7230 2 2 1 2 3759 946 3760
7231 2 2 1 2 3758 3760 943
7232 2 2 1 2 3759 3760 3758
7233 2 2 1 2 63 3606 3762
7234 2 2 1 2 3606 913 3761
7235 2 2 1 2 3762 3761 949
7236 2 2 1 2 3606 3761 3762
7237 2 2 1 2 913 3603 3764
7238 2 2 1 2 3603 234 3763
7239 2 2 1 2 3764 3763 948
7240 2 2 1 2 3603 3763 3764
7241 2 2 1 2 949 3765 3767
7242 2 2 1 2 3765 948 3766
7243 2 2 1 2 3767 3766 243
7244 2 2 1 2 3765 3766 3767
7245 2 2 1 2 913 3764 3761
7246 2 2 1 2 3764 948 3765
7247 2 2 1 2 3761 3765 949
7248 2 2 1 2 3764 3765 3761
7249 2 2 1 2 234 3597 3769
7250 2 2 1 2 3597 910 3768
7251 2 2 1 2 3769 3768 951
7252 2 2 1 2 3597 3768 3769
7253 2 2 1 2 910 3594 3771
7254 2 2 1 2 3594 18 3770
7255 2 2 1 2 3771 3770 950
7256 2 2 1 2 3594 3770 3771
7257 2 2 1 2 951 3772 3774
7258 2 2 1 2 3772 950 3773
7259 2 2 1 2 3774 3773 242
7260 2 2 1 2 3772 3773 3774
7261 2 2 1 2 910 3771 3768
7262 2 2 1 2 3771 950 3772
7263 2 2 1 2 3768 3772 951
7264 2 2 1 2 3771 3772 3768
7265 2 2 1 2 243 3775 3777
7266 2 2 1 2 3775 952 3776
7267 2 2 1 2 3777 3776 954
7268 2 2 1 2 3775 3776 3777
7269 2 2 1 2 952 3778 3780
7270 2 2 1 2 3778 242 3779
7271 2 2 1 2 3780 3779 953
7272 2 2 1 2 3778 3779 3780
7273 2 2 1 2 954 3781 3783
7274 2 2 1 2 3781 953 3782
7275 2 2 1 2 3783 3782 64
7276 2 2 1 2 3781 3782 3783
7277 2 2 1 2 952 3780 3776
7278 2 2 1 2 3780 953 3781
7279 2 2 1 2 3776 3781 954
7280 2 2 1 2 3780 3781 3776
7281 2 2 1 2 234 3769 3763
7282 2 2 1 2 3769 951 3784
7283 2 2 1 2 3763 3784 948
7284 2 2 1 2 3769 3784 3763
7285 2 2 1 2 951 3774 3785
7286 2 2 1 2 3774 242 3778
7287 2 2 1 2 3785 3778 952
7288 2 2 1 2 3774 3778 3785
7289 2 2 1 2 948 3786 3766
7290 2 2 1 2 3786 952 3775
7291 2 2 1 2 3766 3775 243
7292 2 2 1 2 3786 3775 3766
7293 2 2 1 2 951 3785 3784
7294 2 2 1 2 3785 952 3786
7295 2 2 1 2 3784 3786 948
7296 2 2 1 2 3785 3786 3784
7297 2 2 1 2 35 3787 1853
7298 2 2 1 2 3787 955 3788
7299 2 2 1 2 1853 3788 474
7300 2 2 1 2 3787 3788 1853
7301 2 2 1 2 955 3789 3791
7302 2 2 1 2 3789 244 3790
7303 2 2 1 2 3791 3790 956
7304 2 2 1 2 3789 3790 3791
7305 2 2 1 2 474 3792 1856
7306 2 2 1 2 3792 956 3793
7307 2 2 1 2 1856 3793 125
7308 2 2 1 2 3792 3793 1856
7309 2 2 1 2 955 3791 3788
7310 2 2 1 2 3791 956 3792
7311 2 2 1 2 3788 3792 474
7312 2 2 1 2 3791 3792 3788
7313 2 2 1 2 244 3794 3796
7314 2 2 1 2 3794 957 3795
7315 2 2 1 2 3796 3795 959
7316 2 2 1 2 3794 3795 3796
7317 2 2 1 2 957 3797 3799
7318 2 2 1 2 3797 64 3798
7319 2 2 1 2 3799 3798 958
7320 2 2 1 2 3797 3798 3799
7321 2 2 1 2 959 3800 3802
7322 2 2 1 2 3800 958 3801
7323 2 2 1 2 3802 3801 245
7324 2 2 1 2 3800 3801 3802
7325 2 2 1 2 957 3799 3795
7326 2 2 1 2 3799 958 3800
7327 2 2 1 2 3795 3800 959
7328 2 2 1 2 3799 3800 3795
7329 2 2 1 2 125 3803 1862
7330 2 2 1 2 3803 960 3804
7331 2 2 1 2 1862 3804 477
7332 2 2 1 2 3803 3804 1862
7333 2 2 1 2 960 3805 3807
7334 2 2 1 2 3805 245 3806
7335 2 2 1 2 3807 3806 961
7336 2 2 1 2 3805 3806 3807
7337 2 2 1 2 477 3808 1865
7338 2 2 1 2 3808 961 3809
7339 2 2 1 2 1865 3809 12
7340 2 2 1 2 3808 3809 1865
7341 2 2 1 2 960 3807 3804
7342 2 2 1 2 3807 961 3808
7343 2 2 1 2 3804 3808 477
7344 2 2 1 2 3807 3808 3804
7345 2 2 1 2 244 3796 3790
7346 2 2 1 2 3796 959 3810
7347 2 2 1 2 3790 3810 956
7348 2 2 1 2 3796 3810 3790
7349 2 2 1 2 959 3802 3811
7350 2 2 1 2 3802 245 3805
7351 2 2 1 2 3811 3805 960
7352 2 2 1 2 3802 3805 3811
7353 2 2 1 2 956 3812 3793
7354 2 2 1 2 3812 960 3803
7355 2 2 1 2 3793 3803 125
7356 2 2 1 2 3812 3803 3793
7357 2 2 1 2 959 3811 3810
7358 2 2 1 2 3811 960 3812
7359 2 2 1 2 3810 3812 956
7360 2 2 1 2 3811 3812 3810
7361 2 2 1 2 63 3762 3746
7362 2 2 1 2 3762 949 3813
7363 2 2 1 2 3746 3813 944
7364 2 2 1 2 3762 3813 3746
7365 2 2 1 2 949 3767 3815
7366 2 2 1 2 3767 243 3814
7367 2 2 1 2 3815 3814 962
7368 2 2 1 2 3767 3814 3815
7369 2 2 1 2 944 3816 3749
7370 2 2 1 2 3816 962 3817
7371 2 2 1 2 3749 3817 241
7372 2 2 1 2 3816 3817 3749
7373 2 2 1 2 949 3815 3813
7374 2 2 1 2 3815 962 3816
7375 2 2 1 2 3813 3816 944
7376 2 2 1 2 3815 3816 3813
7377 2 2 1 2 243 3777 3819
7378 2 2 1 2 3777 954 3818
7379 2 2 1 2 3819 3818 963
7380 2 2 1 2 3777 3818 3819
7381 2 2 1 2 954 3783 3820
7382 2 2 1 2 3783 64 3797
7383 2 2 1 2 3820 3797 957
7384 2 2 1 2 3783 3797 3820
7385 2 2 1 2 963 3821 3822
7386 2 2 1 2 3821 957 3794
7387 2 2 1 2 3822 3794 244
7388 2 2 1 2 3821 3794 3822
7389 2 2 1 2 954 3820 3818
7390 2 2 1 2 3820 957 3821
7391 2 2 1 2 3818 3821 963
7392 2 2 1 2 3820 3821 3818
7393 2 2 1 2 241 3823 3754
7394 2 2 1 2 3823 964 3824
7395 2 2 1 2 3754 3824 947
7396 2 2 1 2 3823 3824 3754
7397 2 2 1 2 964 3825 3826
7398 2 2 1 2 3825 244 3789
7399 2 2 1 2 3826 3789 955
7400 2 2 1 2 3825 3789 3826
7401 2 2 1 2 947 3827 3757
7402 2 2 1 2 3827 955 3787
7403 2 2 1 2 3757 3787 35
7404 2 2 1 2 3827 3787 3757
7405 2 2 1 2 964 3826 3824
7406 2 2 1 2 3826 955 3827
7407 2 2 1 2 3824 3827 947
7408 2 2 1 2 3826 3827 3824
7409 2 2 1 2 243 3819 3814
7410 2 2 1 2 3819 963 3828
7411 2 2 1 2 3814 3828 962
7412 2 2 1 2 3819 3828 3814
7413 2 2 1 2 963 3822 3829
7414 2 2 1 2 3822 244 3825
7415 2 2 1 2 3829 3825 964
7416 2 2 1 2 3822 3825 3829
7417 2 2 1 2 962 3830 3817
7418 2 2 1 2 3830 964 3823
7419 2 2 1 2 3817 3823 241
7420 2 2 1 2 3830 3823 3817
7421 2 2 1 2 963 3829 3828
7422 2 2 1 2 3829 964 3830
7423 2 2 1 2 3828 3830 962
7424 2 2 1 2 3829 3830 3828
7425 2 2 1 2 18 3532 3832
7426 2 2 1 2 3532 894 3831
7427 2 2 1 2 3832 3831 966
7428 2 2 1 2 3532 3831 3832
7429 2 2 1 2 894 3529 3834
7430 2 2 1 2 3529 229 3833
7431 2 2 1 2 3834 3833 965
7432 2 2 1 2 3529 3833 3834
7433 2 2 1 2 966 3835 3837
7434 2 2 1 2 3835 965 3836
7435 2 2 1 2 3837 3836 247
7436 2 2 1 2 3835 3836 3837
7437 2 2 1 2 894 3834 3831
7438 2 2 1 2 3834 965 3835
7439 2 2 1 2 3831 3835 966
7440 2 2 1 2 3834 3835 3831
7441 2 2 1 2 229 3523 3839
7442 2 2 1 2 3523 891 3838
7443 2 2 1 2 3839 3838 968
7444 2 2 1 2 3523 3838 3839
7445 2 2 1 2 891 3520 3841
7446 2 2 1 2 3520 60 3840
7447 2 2 1 2 3841 3840 967
7448 2 2 1 2 3520 3840 3841
7449 2 2 1 2 968 3842 3844
7450 2 2 1 2 3842 967 3843
7451 2 2 1 2 3844 3843 246
7452 2 2 1 2 3842 3843 3844
7453 2 2 1 2 891 3841 3838
7454 2 2 1 2 3841 967 3842
7455 2 2 1 2 3838 3842 968
7456 2 2 1 2 3841 3842 3838
7457 2 2 1 2 247 3845 3847
7458 2 2 1 2 3845 969 3846
7459 2 2 1 2 3847 3846 971
7460 2 2 1 2 3845 3846 3847
7461 2 2 1 2 969 3848 3850
7462 2 2 1 2 3848 246 3849
7463 2 2 1 2 3850 3849 970
7464 2 2 1 2 3848 3849 3850
7465 2 2 1 2 971 3851 3853
7466 2 2 1 2 3851 970 3852
7467 2 2 1 2 3853 3852 65
7468 2 2 1 2 3851 3852 3853
7469 2 2 1 2 969 3850 3846
7470 2 2 1 2 3850 970 3851
7471 2 2 1 2 3846 3851 971
7472 2 2 1 2 3850 3851 3846
7473 2 2 1 2 229 3839 3833
7474 2 2 1 2 3839 968 3854
7475 2 2 1 2 3833 3854 965
7476 2 2 1 2 3839 3854 3833
7477 2 2 1 2 968 3844 3855
7478 2 2 1 2 3844 246 3848
7479 2 2 1 2 3855 3848 969
7480 2 2 1 2 3844 3848 3855
7481 2 2 1 2 965 3856 3836
7482 2 2 1 2 3856 969 3845
7483 2 2 1 2 3836 3845 247
7484 2 2 1 2 3856 3845 3836
7485 2 2 1 2 968 3855 3854
7486 2 2 1 2 3855 969 3856
7487 2 2 1 2 3854 3856 965
7488 2 2 1 2 3855 3856 3854
7489 2 2 1 2 60 3502 3858
7490 2 2 1 2 3502 885 3857
7491 2 2 1 2 3858 3857 973
7492 2 2 1 2 3502 3857 3858
7493 2 2 1 2 885 3499 3860
7494 2 2 1 2 3499 226 3859
7495 2 2 1 2 3860 3859 972
7496 2 2 1 2 3499 3859 3860
7497 2 2 1 2 973 3861 3863
7498 2 2 1 2 3861 972 3862
7499 2 2 1 2 3863 3862 248
7500 2 2 1 2 3861 3862 3863
7501 2 2 1 2 885 3860 3857
7502 2 2 1 2 3860 972 3861
7503 2 2 1 2 3857 3861 973
7504 2 2 1 2 3860 3861 3857
7505 2 2 1 2 226 3493 3865
7506 2 2 1 2 3493 882 3864
7507 2 2 1 2 3865 3864 974
7508 2 2 1 2 3493 3864 3865
7509 2 2 1 2 882 3490 3866
7510 2 2 1 2 3490 6 2737
7511 2 2 1 2 3866 2737 697
7512 2 2 1 2 3490 2737 3866
7513 2 2 1 2 974 3867 3868
7514 2 2 1 2 3867 697 2734
7515 2 2 1 2 3868 2734 181
7516 2 2 1 2 3867 2734 3868
7517 2 2 1 2 882 3866 3864
7518 2 2 1 2 3866 697 3867
7519 2 2 1 2 3864 3867 974
7520 2 2 1 2 3866 3867 3864
7521 2 2 1 2 248 3869 3871
7522 2 2 1 2 3869 975 3870
7523 2 2 1 2 3871 3870 976
7524 2 2 1 2 3869 3870 3871
7525 2 2 1 2 975 3872 3873
7526 2 2 1 2 3872 181 2728
7527 2 2 1 2 3873 2728 694
7528 2 2 1 2 3872 2728 3873
7529 2 2 1 2 976 3874 3875
7530 2 2 1 2 3874 694 2725
7531 2 2 1 2 3875 2725 49
7532 2 2 1 2 3874 2725 3875
7533 2 2 1 2 975 3873 3870
7534 2 2 1 2 3873 694 3874
7535 2 2 1 2 3870 3874 976
7536 2 2 1 2 3873 3874 3870
7537 2 2 1 2 226 3865 3859
7538 2 2 1 2 3865 974 3876
7539 2 2 1 2 3859 3876 972
7540 2 2 1 2 3865 3876 3859
7541 2 2 1 2 974 3868 3877
7542 2 2 1 2 3868 181 3872
7543 2 2 1 2 3877 3872 975
7544 2 2 1 2 3868 3872 3877
7545 2 2 1 2 972 3878 3862
7546 2 2 1 2 3878 975 3869
7547 2 2 1 2 3862 3869 248
7548 2 2 1 2 3878 3869 3862
7549 2 2 1 2 974 3877 3876
7550 2 2 1 2 3877 975 3878
7551 2 2 1 2 3876 3878 972
7552 2 2 1 2 3877 3878 3876
7553 2 2 1 2 65 3879 3881
7554 2 2 1 2 3879 977 3880
7555 2 2 1 2 3881 3880 979
7556 2 2 1 2 3879 3880 3881
7557 2 2 1 2 977 3882 3884
7558 2 2 1 2 3882 249 3883
7559 2 2 1 2 3884 3883 978
7560 2 2 1 2 3882 3883 3884
7561 2 2 1 2 979 3885 3887
7562 2 2 1 2 3885 978 3886
7563 2 2 1 2 3887 3886 250
7564 2 2 1 2 3885 3886 3887
7565 2 2 1 2 977 3884 3880
7566 2 2 1 2 3884 978 3885
7567 2 2 1 2 3880 3885 979
7568 2 2 1 2 3884 3885 3880
7569 2 2 1 2 249 3888 3890
7570 2 2 1 2 3888 980 3889
7571 2 2 1 2 3890 3889 981
7572 2 2 1 2 3888 3889 3890
7573 2 2 1 2 980 3891 3892
7574 2 2 1 2 3891 49 2707
7575 2 2 1 2 3892 2707 688
7576 2 2 1 2 3891 2707 3892
7577 2 2 1 2 981 3893 3894
7578 2 2 1 2 3893 688 2704
7579 2 2 1 2 3894 2704 178
7580 2 2 1 2 3893 2704 3894
7581 2 2 1 2 980 3892 3889
7582 2 2 1 2 3892 688 3893
7583 2 2 1 2 3889 3893 981
7584 2 2 1 2 3892 3893 3889
7585 2 2 1 2 250 3895 3897
7586 2 2 1 2 3895 982 3896
7587 2 2 1 2 3897 3896 983
7588 2 2 1 2 3895 3896 3897
7589 2 2 1 2 982 3898 3899
7590 2 2 1 2 3898 178 2698
7591 2 2 1 2 3899 2698 685
7592 2 2 1 2 3898 2698 3899
7593 2 2 1 2 983 3900 3901
7594 2 2 1 2 3900 685 2695
7595 2 2 1 2 3901 2695 15
7596 2 2 1 2 3900 2695 3901
7597 2 2 1 2 982 3899 3896
7598 2 2 1 2 3899 685 3900
7599 2 2 1 2 3896 3900 983
7600 2 2 1 2 3899 3900 3896
7601 2 2 1 2 249 3890 3883
7602 2 2 1 2 3890 981 3902
7603 2 2 1 2 3883 3902 978
7604 2 2 1 2 3890 3902 3883
7605 2 2 1 2 981 3894 3903
7606 2 2 1 2 3894 178 3898
7607 2 2 1 2 3903 3898 982
7608 2 2 1 2 3894 3898 3903
7609 2 2 1 2 978 3904 3886
7610 2 2 1 2 3904 982 3895
7611 2 2 1 2 3886 3895 250
7612 2 2 1 2 3904 3895 3886
7613 2 2 1 2 981 3903 3902
7614 2 2 1 2 3903 982 3904
7615 2 2 1 2 3902 3904 978
7616 2 2 1 2 3903 3904 3902
7617 2 2 1 2 60 3858 3840
7618 2 2 1 2 3858 973 3905
7619 2 2 1 2 3840 3905 967
7620 2 2 1 2 3858 3905 3840
7621 2 2 1 2 973 3863 3907
7622 2 2 1 2 3863 248 3906
7623 2 2 1 2 3907 3906 984
7624 2 2 1 2 3863 3906 3907
7625 2 2 1 2 967 3908 3843
7626 2 2 1 2 3908 984 3909
7627 2 2 1 2 3843 3909 246
7628 2 2 1 2 3908 3909 3843
7629 2 2 1 2 973 3907 3905
7630 2 2 1 2 3907 984 3908
7631 2 2 1 2 3905 3908 967
7632 2 2 1 2 3907 3908 3905
7633 2 2 1 2 248 3871 3911
7634 2 2 1 2 3871 976 3910
7635 2 2 1 2 3911 3910 985
7636 2 2 1 2 3871 3910 3911
7637 2 2 1 2 976 3875 3912
7638 2 2 1 2 3875 49 3891
7639 2 2 1 2 3912 3891 980
7640 2 2 1 2 3875 3891 3912
7641 2 2 1 2 985 3913 3914
7642 2 2 1 2 3913 980 3888
7643 2 2 1 2 3914 3888 249
7644 2 2 1 2 3913 3888 3914
7645 2 2 1 2 976 3912 3910
7646 2 2 1 2 3912 980 3913
7647 2 2 1 2 3910 3913 985
7648 2 2 1 2 3912 3913 3910
7649 2 2 1 2 246 3915 3849
7650 2 2 1 2 3915 986 3916
7651 2 2 1 2 3849 3916 970
7652 2 2 1 2 3915 3916 3849
7653 2 2 1 2 986 3917 3918
7654 2 2 1 2 3917 249 3882
7655 2 2 1 2 3918 3882 977
7656 2 2 1 2 3917 3882 3918
7657 2 2 1 2 970 3919 3852
7658 2 2 1 2 3919 977 3879
7659 2 2 1 2 3852 3879 65
7660 2 2 1 2 3919 3879 3852
7661 2 2 1 2 986 3918 3916
7662 2 2 1 2 3918 977 3919
7663 2 2 1 2 3916 3919 970
7664 2 2 1 2 3918 3919 3916
7665 2 2 1 2 248 3911 3906
7666 2 2 1 2 3911 985 3920
7667 2 2 1 2 3906 3920 984
7668 2 2 1 2 3911 3920 3906
7669 2 2 1 2 985 3914 3921
7670 2 2 1 2 3914 249 3917
7671 2 2 1 2 3921 3917 986
7672 2 2 1 2 3914 3917 3921
7673 2 2 1 2 984 3922 3909
7674 2 2 1 2 3922 986 3915
7675 2 2 1 2 3909 3915 246
7676 2 2 1 2 3922 3915 3909
7677 2 2 1 2 985 3921 3920
7678 2 2 1 2 3921 986 3922
7679 2 2 1 2 3920 3922 984
7680 2 2 1 2 3921 3922 3920
7681 2 2 1 2 12 3923 1927
7682 2 2 1 2 3923 987 3924
7683 2 2 1 2 1927 3924 493
7684 2 2 1 2 3923 3924 1927
7685 2 2 1 2 987 3925 3927
7686 2 2 1 2 3925 251 3926
7687 2 2 1 2 3927 3926 988
7688 2 2 1 2 3925 3926 3927
7689 2 2 1 2 493 3928 1930
7690 2 2 1 2 3928 988 3929
7691 2 2 1 2 1930 3929 130
7692 2 2 1 2 3928 3929 1930
7693 2 2 1 2 987 3927 3924
7694 2 2 1 2 3927 988 3928
7695 2 2 1 2 3924 3928 493
7696 2 2 1 2 3927 3928 3924
7697 2 2 1 2 251 3930 3932
7698 2 2 1 2 3930 989 3931
7699 2 2 1 2 3932 3931 991
7700 2 2 1 2 3930 3931 3932
7701 2 2 1 2 989 3933 3935
7702 2 2 1 2 3933 66 3934
7703 2 2 1 2 3935 3934 990
7704 2 2 1 2 3933 3934 3935
7705 2 2 1 2 991 3936 3938
7706 2 2 1 2 3936 990 3937
7707 2 2 1 2 3938 3937 252
7708 2 2 1 2 3936 3937 3938
7709 2 2 1 2 989 3935 3931
7710 2 2 1 2 3935 990 3936
7711 2 2 1 2 3931 3936 991
7712 2 2 1 2 3935 3936 3931
7713 2 2 1 2 130 3939 1936
7714 2 2 1 2 3939 992 3940
7715 2 2 1 2 1936 3940 496
7716 2 2 1 2 3939 3940 1936
7717 2 2 1 2 992 3941 3943
7718 2 2 1 2 3941 252 3942
7719 2 2 1 2 3943 3942 993
7720 2 2 1 2 3941 3942 3943
7721 2 2 1 2 496 3944 1939
7722 2 2 1 2 3944 993 3945
7723 2 2 1 2 1939 3945 37
7724 2 2 1 2 3944 3945 1939
7725 2 2 1 2 992 3943 3940
7726 2 2 1 2 3943 993 3944
7727 2 2 1 2 3940 3944 496
7728 2 2 1 2 3943 3944 3940
7729 2 2 1 2 251 3932 3926
7730 2 2 1 2 3932 991 3946
7731 2 2 1 2 3926 3946 988
7732 2 2 1 2 3932 3946 3926
7733 2 2 1 2 991 3938 3947
7734 2 2 1 2 3938 252 3941
7735 2 2 1 2 3947 3941 992
7736 2 2 1 2 3938 3941 3947
7737 2 2 1 2 988 3948 3929
7738 2 2 1 2 3948 992 3939
7739 2 2 1 2 3929 3939 130
7740 2 2 1 2 3948 3939 3929
7741 2 2 1 2 991 3947 3946
7742 2 2 1 2 3947 992 3948
7743 2 2 1 2 3946 3948 988
7744 2 2 1 2 3947 3948 3946
7745 2 2 1 2 66 3949 3951
7746 2 2 1 2 3949 994 3950
7747 2 2 1 2 3951 3950 996
7748 2 2 1 2 3949 3950 3951
7749 2 2 1 2 994 3952 3954
7750 2 2 1 2 3952 253 3953
7751 2 2 1 2 3954 3953 995
7752 2 2 1 2 3952 3953 3954
7753 2 2 1 2 996 3955 3957
7754 2 2 1 2 3955 995 3956
7755 2 2 1 2 3957 3956 254
7756 2 2 1 2 3955 3956 3957
7757 2 2 1 2 994 3954 3950
7758 2 2 1 2 3954 995 3955
7759 2 2 1 2 3950 3955 996
7760 2 2 1 2 3954 3955 3950
7761 2 2 1 2 253 3958 3960
7762 2 2 1 2 3958 997 3959
7763 2 2 1 2 3960 3959 998
7764 2 2 1 2 3958 3959 3960
7765 2 2 1 2 997 3961 3962
7766 2 2 1 2 3961 15 2633
7767 2 2 1 2 3962 2633 669
7768 2 2 1 2 3961 2633 3962
7769 2 2 1 2 998 3963 3964
7770 2 2 1 2 3963 669 2630
7771 2 2 1 2 3964 2630 173
7772 2 2 1 2 3963 2630 3964
7773 2 2 1 2 997 3962 3959
7774 2 2 1 2 3962 669 3963
7775 2 2 1 2 3959 3963 998
7776 2 2 1 2 3962 3963 3959
7777 2 2 1 2 254 3965 3967
7778 2 2 1 2 3965 999 3966
7779 2 2 1 2 3967 3966 1000
7780 2 2 1 2 3965 3966 3967
7781 2 2 1 2 999 3968 3969
7782 2 2 1 2 3968 173 2624
7783 2 2 1 2 3969 2624 666
7784 2 2 1 2 3968 2624 3969
7785 2 2 1 2 1000 3970 3971
7786 2 2 1 2 3970 666 2621
7787 2 2 1 2 3971 2621 47
7788 2 2 1 2 3970 2621 3971
7789 2 2 1 2 999 3969 3966
7790 2 2 1 2 3969 666 3970
7791 2 2 1 2 3966 3970 1000
7792 2 2 1 2 3969 3970 3966
7793 2 2 1 2 253 3960 3953
7794 2 2 1 2 3960 998 3972
7795 2 2 1 2 3953 3972 995
7796 2 2 1 2 3960 3972 3953
7797 2 2 1 2 998 3964 3973
7798 2 2 1 2 3964 173 3968
7799 2 2 1 2 3973 3968 999
7800 2 2 1 2 3964 3968 3973
7801 2 2 1 2 995 3974 3956
7802 2 2 1 2 3974 999 3965
7803 2 2 1 2 3956 3965 254
7804 2 2 1 2 3974 3965 3956
7805 2 2 1 2 998 3973 3972
7806 2 2 1 2 3973 999 3974
7807 2 2 1 2 3972 3974 995
7808 2 2 1 2 3973 3974 3972
7809 2 2 1 2 37 3975 1957
7810 2 2 1 2 3975 1001 3976
7811 2 2 1 2 1957 3976 502
7812 2 2 1 2 3975 3976 1957
7813 2 2 1 2 1001 3977 3979
7814 2 2 1 2 3977 255 3978
7815 2 2 1 2 3979 3978 1002
7816 2 2 1 2 3977 3978 3979
7817 2 2 1 2 502 3980 1960
7818 2 2 1 2 3980 1002 3981
7819 2 2 1 2 1960 3981 133
7820 2 2 1 2 3980 3981 1960
7821 2 2 1 2 1001 3979 3976
7822 2 2 1 2 3979 1002 3980
7823 2 2 1 2 3976 3980 502
7824 2 2 1 2 3979 3980 3976
7825 2 2 1 2 255 3982 3984
7826 2 2 1 2 3982 1003 3983
7827 2 2 1 2 3984 3983 1004
7828 2 2 1 2 3982 3983 3984
7829 2 2 1 2 1003 3985 3986
7830 2 2 1 2 3985 47 2605
7831 2 2 1 2 3986 2605 661
7832 2 2 1 2 3985 2605 3986
7833 2 2 1 2 1004 3987 3988
7834 2 2 1 2 3987 661 2602
7835 2 2 1 2 3988 2602 171
7836 2 2 1 2 3987 2602 3988
7837 2 2 1 2 1003 3986 3983
7838 2 2 1 2 3986 661 3987
7839 2 2 1 2 3983 3987 1004
7840 2 2 1 2 3986 3987 3983
7841 2 2 1 2 133 3989 1966
7842 2 2 1 2 3989 1005 3990
7843 2 2 1 2 1966 3990 505
7844 2 2 1 2 3989 3990 1966
7845 2 2 1 2 1005 3991 3992
7846 2 2 1 2 3991 171 2597
7847 2 2 1 2 3992 2597 659
7848 2 2 1 2 3991 2597 3992
7849 2 2 1 2 505 3993 1969
7850 2 2 1 2 3993 659 2595
7851 2 2 1 2 1969 2595 5
7852 2 2 1 2 3993 2595 1969
7853 2 2 1 2 1005 3992 3990
7854 2 2 1 2 3992 659 3993
7855 2 2 1 2 3990 3993 505
7856 2 2 1 2 3992 3993 3990
7857 2 2 1 2 255 3984 3978
7858 2 2 1 2 3984 1004 3994
7859 2 2 1 2 3978 3994 1002
7860 2 2 1 2 3984 3994 3978
7861 2 2 1 2 1004 3988 3995
7862 2 2 1 2 3988 171 3991
7863 2 2 1 2 3995 3991 1005
7864 2 2 1 2 3988 3991 3995
7865 2 2 1 2 1002 3996 3981
7866 2 2 1 2 3996 1005 3989
7867 2 2 1 2 3981 3989 133
7868 2 2 1 2 3996 3989 3981
7869 2 2 1 2 1004 3995 3994
7870 2 2 1 2 3995 1005 3996
7871 2 2 1 2 3994 3996 1002
7872 2 2 1 2 3995 3996 3994
7873 2 2 1 2 66 3951 3934
7874 2 2 1 2 3951 996 3997
7875 2 2 1 2 3934 3997 990
7876 2 2 1 2 3951 3997 3934
7877 2 2 1 2 996 3957 3999
7878 2 2 1 2 3957 254 3998
7879 2 2 1 2 3999 3998 1006
7880 2 2 1 2 3957 3998 3999
7881 2 2 1 2 990 4000 3937
7882 2 2 1 2 4000 1006 4001
7883 2 2 1 2 3937 4001 252
7884 2 2 1 2 4000 4001 3937
7885 2 2 1 2 996 3999 3997
7886 2 2 1 2 3999 1006 4000
7887 2 2 1 2 3997 4000 990
7888 2 2 1 2 3999 4000 3997
7889 2 2 1 2 254 3967 4003
7890 2 2 1 2 3967 1000 4002
7891 2 2 1 2 4003 4002 1007
7892 2 2 1 2 3967 4002 4003
7893 2 2 1 2 1000 3971 4004
7894 2 2 1 2 3971 47 3985
7895 2 2 1 2 4004 3985 1003
7896 2 2 1 2 3971 3985 4004
7897 2 2 1 2 1007 4005 4006
7898 2 2 1 2 4005 1003 3982
7899 2 2 1 2 4006 3982 255
7900 2 2 1 2 4005 3982 4006
7901 2 2 1 2 1000 4004 4002
7902 2 2 1 2 4004 1003 4005
7903 2 2 1 2 4002 4005 1007
7904 2 2 1 2 4004 4005 4002
7905 2 2 1 2 252 4007 3942
7906 2 2 1 2 4007 1008 4008
7907 2 2 1 2 3942 4008 993
7908 2 2 1 2 4007 4008 3942
7909 2 2 1 2 1008 4009 4010
7910 2 2 1 2 4009 255 3977
7911 2 2 1 2 4010 3977 1001
7912 2 2 1 2 4009 3977 4010
7913 2 2 1 2 993 4011 3945
7914 2 2 1 2 4011 1001 3975
7915 2 2 1 2 3945 3975 37
7916 2 2 1 2 4011 3975 3945
7917 2 2 1 2 1008 4010 4008
7918 2 2 1 2 4010 1001 4011
7919 2 2 1 2 4008 4011 993
7920 2 2 1 2 4010 4011 4008
7921 2 2 1 2 254 4003 3998
7922 2 2 1 2 4003 1007 4012
7923 2 2 1 2 3998 4012 1006
7924 2 2 1 2 4003 4012 3998
7925 2 2 1 2 1007 4006 4013
7926 2 2 1 2 4006 255 4009
7927 2 2 1 2 4013 4009 1008
7928 2 2 1 2 4006 4009 4013
7929 2 2 1 2 1006 4014 4001
7930 2 2 1 2 4014 1008 4007
7931 2 2 1 2 4001 4007 252
7932 2 2 1 2 4014 4007 4001
7933 2 2 1 2 1007 4013 4012
7934 2 2 1 2 4013 1008 4014
7935 2 2 1 2 4012 4014 1006
7936 2 2 1 2 4013 4014 4012
7937 2 2 1 2 18 3832 3770
7938 2 2 1 2 3832 966 4015
7939 2 2 1 2 3770 4015 950
7940 2 2 1 2 3832 4015 3770
7941 2 2 1 2 966 3837 4017
7942 2 2 1 2 3837 247 4016
7943 2 2 1 2 4017 4016 1009
7944 2 2 1 2 3837 4016 4017
7945 2 2 1 2 950 4018 3773
7946 2 2 1 2 4018 1009 4019
7947 2 2 1 2 3773 4019 242
7948 2 2 1 2 4018 4019 3773
7949 2 2 1 2 966 4017 4015
7950 2 2 1 2 4017 1009 4018
7951 2 2 1 2 4015 4018 950
7952 2 2 1 2 4017 4018 4015
7953 2 2 1 2 247 3847 4021
7954 2 2 1 2 3847 971 4020
7955 2 2 1 2 4021 4020 1011
7956 2 2 1 2 3847 4020 4021
7957 2 2 1 2 971 3853 4023
7958 2 2 1 2 3853 65 4022
7959 2 2 1 2 4023 4022 1010
7960 2 2 1 2 3853 4022 4023
7961 2 2 1 2 1011 4024 4026
7962 2 2 1 2 4024 1010 4025
7963 2 2 1 2 4026 4025 256
7964 2 2 1 2 4024 4025 4026
7965 2 2 1 2 971 4023 4020
7966 2 2 1 2 4023 1010 4024
7967 2 2 1 2 4020 4024 1011
7968 2 2 1 2 4023 4024 4020
7969 2 2 1 2 242 4027 3779
7970 2 2 1 2 4027 1012 4028
7971 2 2 1 2 3779 4028 953
7972 2 2 1 2 4027 4028 3779
7973 2 2 1 2 1012 4029 4031
7974 2 2 1 2 4029 256 4030
7975 2 2 1 2 4031 4030 1013
7976 2 2 1 2 4029 4030 4031
7977 2 2 1 2 953 4032 3782
7978 2 2 1 2 4032 1013 4033
7979 2 2 1 2 3782 4033 64
7980 2 2 1 2 4032 4033 3782
7981 2 2 1 2 1012 4031 4028
7982 2 2 1 2 4031 1013 4032
7983 2 2 1 2 4028 4032 953
7984 2 2 1 2 4031 4032 4028
7985 2 2 1 2 247 4021 4016
7986 2 2 1 2 4021 1011 4034
7987 2 2 1 2 4016 4034 1009
7988 2 2 1 2 4021 4034 4016
7989 2 2 1 2 1011 4026 4035
7990 2 2 1 2 4026 256 4029
7991 2 2 1 2 4035 4029 1012
7992 2 2 1 2 4026 4029 4035
7993 2 2 1 2 1009 4036 4019
7994 2 2 1 2 4036 1012 4027
7995 2 2 1 2 4019 4027 242
7996 2 2 1 2 4036 4027 4019
7997 2 2 1 2 1011 4035 4034
7998 2 2 1 2 4035 1012 4036
7999 2 2 1 2 4034 4036 1009
8000 2 2 1 2 4035 4036 4034
8001 2 2 1 2 65 3881 4038
8002 2 2 1 2 3881 979 4037
8003 2 2 1 2 4038 4037 1015
8004 2 2 1 2 3881 4037 4038
8005 2 2 1 2 979 3887 4040
8006 2 2 1 2 3887 250 4039
8007 2 2 1 2 4040 4039 1014
8008 2 2 1 2 3887 4039 4040
8009 2 2 1 2 1015 4041 4043
8010 2 2 1 2 4041 1014 4042
8011 2 2 1 2 4043 4042 257
8012 2 2 1 2 4041 4042 4043
8013 2 2 1 2 979 4040 4037
8014 2 2 1 2 4040 1014 4041
8015 2 2 1 2 4037 4041 1015
8016 2 2 1 2 4040 4041 4037
8017 2 2 1 2 250 3897 4045
8018 2 2 1 2 3897 983 4044
8019 2 2 1 2 4045 4044 1016
8020 2 2 1 2 3897 4044 4045
8021 2 2 1 2 983 3901 4046
8022 2 2 1 2 3901 15 3961
8023 2 2 1 2 4046 3961 997
8024 2 2 1 2 3901 3961 4046
8025 2 2 1 2 1016 4047 4048
8026 2 2 1 2 4047 997 3958
8027 2 2 1 2 4048 3958 253
8028 2 2 1 2 4047 3958 4048
8029 2 2 1 2 983 4046 4044
8030 2 2 1 2 4046 997 4047
8031 2 2 1 2 4044 4047 1016
8032 2 2 1 2 4046 4047 4044
8033 2 2 1 2 257 4049 4051
8034 2 2 1 2 4049 1017 4050
8035 2 2 1 2 4051 4050 1018
8036 2 2 1 2 4049 4050 4051
8037 2 2 1 2 1017 4052 4053
8038 2 2 1 2 4052 253 3952
8039 2 2 1 2 4053 3952 994
8040 2 2 1 2 4052 3952 4053
8041 2 2 1 2 1018 4054 4055
8042 2 2 1 2 4054 994 3949
8043 2 2 1 2 4055 3949 66
8044 2 2 1 2 4054 3949 4055
8045 2 2 1 2 1017 4053 4050
8046 2 2 1 2 4053 994 4054
8047 2 2 1 2 4050 4054 1018
8048 2 2 1 2 4053 4054 4050
8049 2 2 1 2 250 4045 4039
8050 2 2 1 2 4045 1016 4056
8051 2 2 1 2 4039 4056 1014
8052 2 2 1 2 4045 4056 4039
8053 2 2 1 2 1016 4048 4057
8054 2 2 1 2 4048 253 4052
8055 2 2 1 2 4057 4052 1017
8056 2 2 1 2 4048 4052 4057
8057 2 2 1 2 1014 4058 4042
8058 2 2 1 2 4058 1017 4049
8059 2 2 1 2 4042 4049 257
8060 2 2 1 2 4058 4049 4042
8061 2 2 1 2 1016 4057 4056
8062 2 2 1 2 4057 1017 4058
8063 2 2 1 2 4056 4058 1014
8064 2 2 1 2 4057 4058 4056
8065 2 2 1 2 64 4059 3798
8066 2 2 1 2 4059 1019 4060
8067 2 2 1 2 3798 4060 958
8068 2 2 1 2 4059 4060 3798
8069 2 2 1 2 1019 4061 4063
8070 2 2 1 2 4061 258 4062
8071 2 2 1 2 4063 4062 1020
8072 2 2 1 2 4061 4062 4063
8073 2 2 1 2 958 4064 3801
8074 2 2 1 2 4064 1020 4065
8075 2 2 1 2 3801 4065 245
8076 2 2 1 2 4064 4065 3801
8077 2 2 1 2 1019 4063 4060
8078 2 2 1 2 4063 1020 4064
8079 2 2 1 2 4060 4064 958
8080 2 2 1 2 4063 4064 4060
8081 2 2 1 2 258 4066 4068
8082 2 2 1 2 4066 1021 4067
8083 2 2 1 2 4068 4067 1022
8084 2 2 1 2 4066 4067 4068
8085 2 2 1 2 1021 4069 4070
8086 2 2 1 2 4069 66 3933
8087 2 2 1 2 4070 3933 989
8088 2 2 1 2 4069 3933 4070
8089 2 2 1 2 1022 4071 4072
8090 2 2 1 2 4071 989 3930
8091 2 2 1 2 4072 3930 251
8092 2 2 1 2 4071 3930 4072
8093 2 2 1 2 1021 4070 4067
8094 2 2 1 2 4070 989 4071
8095 2 2 1 2 4067 4071 1022
8096 2 2 1 2 4070 4071 4067
8097 2 2 1 2 245 4073 3806
8098 2 2 1 2 4073 1023 4074
8099 2 2 1 2 3806 4074 961
8100 2 2 1 2 4073 4074 3806
8101 2 2 1 2 1023 4075 4076
8102 2 2 1 2 4075 251 3925
8103 2 2 1 2 4076 3925 987
8104 2 2 1 2 4075 3925 4076
8105 2 2 1 2 961 4077 3809
8106 2 2 1 2 4077 987 3923
8107 2 2 1 2 3809 3923 12
8108 2 2 1 2 4077 3923 3809
8109 2 2 1 2 1023 4076 4074
8110 2 2 1 2 4076 987 4077
8111 2 2 1 2 4074 4077 961
8112 2 2 1 2 4076 4077 4074
8113 2 2 1 2 258 4068 4062
8114 2 2 1 2 4068 1022 4078
8115 2 2 1 2 4062 4078 1020
8116 2 2 1 2 4068 4078 4062
8117 2 2 1 2 1022 4072 4079
8118 2 2 1 2 4072 251 4075
8119 2 2 1 2 4079 4075 1023
8120 2 2 1 2 4072 4075 4079
8121 2 2 1 2 1020 4080 4065
8122 2 2 1 2 4080 1023 4073
8123 2 2 1 2 4065 4073 245
8124 2 2 1 2 4080 4073 4065
8125 2 2 1 2 1022 4079 4078
8126 2 2 1 2 4079 1023 4080
8127 2 2 1 2 4078 4080 1020
8128 2 2 1 2 4079 4080 4078
8129 2 2 1 2 65 4038 4022
8130 2 2 1 2 4038 1015 4081
8131 2 2 1 2 4022 4081 1010
8132 2 2 1 2 4038 4081 4022
8133 2 2 1 2 1015 4043 4083
8134 2 2 1 2 4043 257 4082
8135 2 2 1 2 4083 4082 1024
8136 2 2 1 2 4043 4082 4083
8137 2 2 1 2 1010 4084 4025
8138 2 2 1 2 4084 1024 4085
8139 2 2 1 2 4025 4085 256
8140 2 2 1 2 4084 4085 4025
8141 2 2 1 2 1015 4083 4081
8142 2 2 1 2 4083 1024 4084
8143 2 2 1 2 4081 4084 1010
8144 2 2 1 2 4083 4084 4081
8145 2 2 1 2 257 4051 4087
8146 2 2 1 2 4051 1018 4086
8147 2 2 1 2 4087 4086 1025
8148 2 2 1 2 4051 4086 4087
8149 2 2 1 2 1018 4055 4088
8150 2 2 1 2 4055 66 4069
8151 2 2 1 2 4088 4069 1021
8152 2 2 1 2 4055 4069 4088
8153 2 2 1 2 1025 4089 4090
8154 2 2 1 2 4089 1021 4066
8155 2 2 1 2 4090 4066 258
8156 2 2 1 2 4089 4066 4090
8157 2 2 1 2 1018 4088 4086
8158 2 2 1 2 4088 1021 4089
8159 2 2 1 2 4086 4089 1025
8160 2 2 1 2 4088 4089 4086
8161 2 2 1 2 256 4091 4030
8162 2 2 1 2 4091 1026 4092
8163 2 2 1 2 4030 4092 1013
8164 2 2 1 2 4091 4092 4030
8165 2 2 1 2 1026 4093 4094
8166 2 2 1 2 4093 258 4061
8167 2 2 1 2 4094 4061 1019
8168 2 2 1 2 4093 4061 4094
8169 2 2 1 2 1013 4095 4033
8170 2 2 1 2 4095 1019 4059
8171 2 2 1 2 4033 4059 64
8172 2 2 1 2 4095 4059 4033
8173 2 2 1 2 1026 4094 4092
8174 2 2 1 2 4094 1019 4095
8175 2 2 1 2 4092 4095 1013
8176 2 2 1 2 4094 4095 4092
8177 2 2 1 2 257 4087 4082
8178 2 2 1 2 4087 1025 4096
8179 2 2 1 2 4082 4096 1024
8180 2 2 1 2 4087 4096 4082
8181 2 2 1 2 1025 4090 4097
8182 2 2 1 2 4090 258 4093
8183 2 2 1 2 4097 4093 1026
8184 2 2 1 2 4090 4093 4097
8185 2 2 1 2 1024 4098 4085
8186 2 2 1 2 4098 1026 4091
8187 2 2 1 2 4085 4091 256
8188 2 2 1 2 4098 4091 4085
8189 2 2 1 2 1025 4097 4096
8190 2 2 1 2 4097 1026 4098
8191 2 2 1 2 4096 4098 1024
8192 2 2 1 2 4097 4098 4096
$EndElements
