$MeshFormat
2.2 0 8
$EndMeshFormat
$Nodes
4098
1 1.6360337486127494 0.0 0.0
2 0.0 1.4564144757244502 0.0
3 0.0 0.0 1.3499455831180955
4 -1.565723670508576 0.0 0.0
5 0.0 -1.4476968281905251 0.0
6 0.0 0.0 -1.3853692385744436
7 1.182783576081512 1.182783576081512 0.0
8 0.0 1.098075109041801 1.098075109041801
9 1.1994168024678646 0.0 1.1994168024678646
10 -1.217919547358382 1.217919547358382 0.0
11 -1.2144659653489127 0.0 1.2144659653489127
12 -1.1735553688325733 -1.1735553688325733 0.0
13 0.0 -1.02290268498183 1.02290268498183
14 1.1833109213847475 -1.1833109213847475 0.0
15 0.0 -1.1189947427751035 -1.1189947427751035
16 1.2154132016793662 0.0 -1.2154132016793662
17 0.0 1.059046296259768 -1.059046296259768
18 -1.2621807084817211 0.0 -1.2621807084817211
19 1.5691993210148032 0.6499836408309836 0.0
20 1.7614698162595712 0.8807349081297856 0.8807349081297856
21 1.6194624199731664 0.0 0.6708032981064385
22 0.5764254129935895 1.3916140497456364 0.0
23 0.0 1.4286593046814908 0.5917700600095892
24 0.6868449021750799 1.3736898043501597 0.6868449021750799
25 0.6554986837068204 0.6554986837068204 1.3109973674136408
26 0.0 0.5512720643914905 1.3308884944113506
27 0.5520891776508713 0.0 1.3328611803241428
28 -0.6065126065666138 1.4642509605233762 0.0
29 -0.7425226403798605 1.485045280759721 0.7425226403798605
30 -1.5173457869445504 0.6285052037621094 0.0
31 -1.5469741468902587 0.0 0.6407776722824936
32 -1.6579616553225363 0.8289808276612681 0.8289808276612681
33 -0.7003551224830304 0.7003551224830304 1.400710244966061
34 -0.5719803595095084 0.0 1.3808827413388942
35 -1.4795176172388709 -0.6128362628302659 0.0
36 -1.302476812032765 -0.6512384060163825 0.6512384060163825
37 -0.5933876943074353 -1.4325646193423107 0.0
38 0.0 -1.368328340948998 0.5667801566005514
39 -0.6278457438722072 -1.2556914877444143 0.6278457438722072
40 -0.5976565890241411 -0.5976565890241411 1.1953131780482822
41 0.0 -0.521991649465376 1.2601993195848133
42 0.5785112016737289 -1.3966495890654733 0.0
43 0.6167334299569938 -1.2334668599139875 0.6167334299569938
44 1.5596941036094925 -0.646046450868399 0.0
45 1.3154099051433183 -0.6577049525716592 0.6577049525716592
46 0.5833593432630026 -0.5833593432630026 1.1667186865260053
47 0.0 -1.4396191294748044 -0.5963097680802126
48 0.6986483967829752 -1.3972967935659504 -0.6986483967829752
49 0.0 -0.5632734203386479 -1.359862330705845
50 0.5617653321346933 0.0 -1.3562214837106028
51 0.6682560727236606 -0.6682560727236606 -1.3365121454473212
52 1.7664396796608954 -0.8832198398304477 -0.8832198398304477
53 1.6223607853636155 0.0 -0.6720038403598754
54 1.32733138940434 0.66366569470217 -0.66366569470217
55 0.0 0.5382200380662789 -1.2993781154405741
56 0.5967792408935599 0.5967792408935599 -1.1935584817871199
57 0.6239425156750804 1.2478850313501608 -0.6239425156750804
58 0.0 1.3963213408214252 -0.5783752367992191
59 -0.6540112187354434 1.3080224374708869 -0.6540112187354434
60 -0.5916420663263858 0.0 -1.428350300595603
61 -0.626157984791346 0.626157984791346 -1.252315969582692
62 -1.3622858991902524 0.6811429495951262 -0.6811429495951262
63 -1.5768189689141645 0.0 -0.6531398023314067
64 -1.6522297372025918 -0.8261148686012959 -0.8261148686012959
65 -0.7215743141841886 -0.7215743141841886 -1.4431486283683772
66 -0.7420830724214307 -1.4841661448428614 -0.7420830724214307
67 1.6236379322031866 0.3229616648619485 0.0
68 1.7015953149654133 0.35241192856459624 0.35241192856459624
69 1.6411753629165018 0.0 0.3264500767228907
70 1.428721807219231 0.9546413911133449 0.0
71 1.538253601617173 1.1260797913095857 0.4121738103075875
72 1.7132813409156475 0.7786182263691458 0.4018925409923803
73 1.7479185884839936 0.4100175646564944 0.7943594777467865
74 1.5687278747882945 0.42033936719371484 1.1483885075945794
75 1.482204732322699 0.0 0.99037753916092
76 0.8806610666781168 1.3180024273456064 0.0
77 0.6404631604331855 1.409283195733734 0.3305822523045722
78 0.9989611041324707 1.364606245637507 0.36564514150503624
79 0.28466250447904945 1.4310950506949767 0.0
80 0.0 1.4617794219496678 0.2907660054068764
81 0.2982863221236888 1.4402537686827988 0.2982863221236888
82 0.32734567840124296 1.3954855729578146 0.6341926896603262
83 0.0 1.310870051881698 0.8758953657555136
84 0.33672145018462885 1.2566615600873074 0.9199401099026787
85 0.9781885516242191 0.35804185958557 1.3362304112097891
86 0.613001654879095 0.31640768783531287 1.3488565534257635
87 0.8637996584081014 0.0 1.2927675465620458
88 0.3240512276507426 0.8853244181968976 1.2093756458476401
89 0.0 0.8321304389656602 1.2453712102453702
90 0.30770571655906226 0.5961426372314945 1.3117597588946432
91 0.2806483917377297 0.2806483917377297 1.3550903071828488
92 0.0 0.2704910297168513 1.359850235961313
93 0.2673141347513598 0.0 1.3438789064389618
94 1.2996050735612719 1.2996050735612719 0.8664033823741814
95 0.743088098254488 1.1146321473817318 1.1146321473817318
96 1.2865435620224968 0.8576957080149981 1.2865435620224968
97 -0.29348366095544626 1.4754419990149878 0.0
98 -0.30801298077716127 1.4872182311583726 0.30801298077716127
99 -0.9276682010763179 1.3883535755723453 0.0
100 -1.0546538064098614 1.4406838917538263 0.3860300853439647
101 -0.681534012412675 1.499656015132142 0.35178143375673276
102 -0.34036537901270913 1.4509889920231513 0.6594167860641191
103 -0.3520135324169819 1.3137323879319707 0.9617188555149887
104 -1.419366401149629 0.9483903086285763 0.0
105 -1.5978904133193137 0.7261776392696967 0.37482474308221697
106 -1.4972523772593265 1.0960648119071112 0.40118756535221517
107 -1.5575674168933926 0.30981942224768344 0.0
108 -1.560539836740931 0.0 0.3104106733164036
109 -1.5884859952343522 0.32898622143289613 0.32898622143289613
110 -1.625686065262629 0.3813449011679104 0.7388096575494917
111 -1.4528239555265217 0.0 0.9707459317402393
112 -1.5165184693521527 0.40634989916979164 1.1101685701823611
113 -0.3372908650737055 0.9214957803102223 1.2587866453839278
114 -0.3175165866023261 0.6151500122212412 1.353583825949401
115 -1.017309616252003 0.3723611630624318 1.389670779314435
116 -0.893118471309556 0.0 1.336646250904874
117 -0.6432173769202989 0.3320038720727233 1.415343608342129
118 -0.28761840168449 0.28761840168449 1.388744492269537
119 -0.2733475015316411 0.0 1.3742106895239503
120 -1.3481996313611784 1.3481996313611784 0.8987997542407857
121 -1.3246421749161823 0.883094783277455 1.3246421749161823
122 -0.810311014179576 1.2154665212693636 1.2154665212693636
123 -1.5377077016745155 -0.30586907927801077 0.0
124 -1.5072950368530489 -0.3121710233810935 0.3121710233810935
125 -1.3708813176121741 -0.9159936115511162 0.0
126 -1.2575369013290947 -0.9205809041656273 0.33695599716346736
127 -1.4037639370071688 -0.6379548768618172 0.32928757357257354
128 -1.4439352286811538 -0.33871074424527553 0.65621113117755
129 -1.3042739619558197 -0.34947915481500275 0.954794807140817
130 -0.8991567266687228 -1.3456831386718489 0.0
131 -0.6180625427247409 -1.3599925947111637 0.3190199219278138
132 -0.9086693590227268 -1.2412654280655675 0.3325960690428406
133 -0.2895544261239284 -1.4556884015726619 0.0
134 0.0 -1.4230681860789811 0.2830658618356458
135 -0.29382405531139527 -1.4187080385684658 0.29382405531139527
136 -0.31396875600621027 -1.33845930548419 0.6082765192238724
137 0.0 -1.2365027305487226 0.8262047102815393
138 -0.31756285869334594 -1.1851607232403831 0.867597864547037
139 -0.9000278020839192 -0.3294330396749873 1.2294608417589066
140 -0.5915461088307971 -0.30533316680857114 1.3016454999739047
141 -0.30297504050507745 -0.8277432040851102 1.1307182445901875
142 0.0 -0.7753195187170245 1.1603476596189326
143 -0.2916717877343663 -0.5650788379572239 1.2434065841651776
144 -0.27526239839646943 -0.27526239839646943 1.3290844308402052
145 0.0 -0.262710524439448 1.3207349945115296
146 -1.011242310778893 -1.011242310778893 0.674161540519262
147 -0.6511500466242607 -0.976725069936391 0.976725069936391
148 -1.0087498005375728 -0.6724998670250486 1.0087498005375728
149 0.2846731644025157 -1.4311486417492016 0.0
150 0.2893704449524514 -1.3972041055082907 0.2893704449524514
151 0.8843698941619456 -1.3235530799306365 0.0
152 0.8965110767963269 -1.2246569056779244 0.32814582888159743
153 0.6061208442894817 -1.333715931238517 0.31285608018178757
154 0.31003276397057533 -1.3216800398227906 0.6006510103497296
155 0.31408334948878325 -1.1721750181035513 0.8580916686147682
156 1.4216544760515593 -0.9499191514000054 0.0
157 1.4451382779739295 -0.6567578692317187 0.3389929492315006
158 1.2694162572980188 -0.9292771962960763 0.34013906100194236
159 1.6190010005721427 -0.32203932181383993 0.0
160 1.5705498091193184 -0.32527151565984863 0.32527151565984863
161 1.4778820027348527 -0.3466738002578064 0.6716385898052843
162 1.3002457644951384 -0.3483998025584601 0.9518459619366784
163 0.29910289006699964 -0.8171642923537314 1.116267182420731
164 0.2869970998860433 -0.5560221952230666 1.2234782335534435
165 0.8760852769515501 -0.32066946724579287 1.196754744197343
166 0.5749507580864499 -0.29676729016526815 1.2651288814138344
167 0.26984246502152837 -0.26984246502152837 1.302914677518323
168 0.9983268269096299 -0.9983268269096299 0.6655512179397534
169 0.9893741521445694 -0.6595827680963796 0.9893741521445694
170 0.6375258256769064 -0.9562887385153596 0.9562887385153596
171 0.0 -1.4622664725762557 -0.29086288580004477
172 0.29998706176802487 -1.4484656661136421 -0.29998706176802487
173 0.0 -1.3299572712239285 -0.8886490379772721
174 0.34294030569037237 -1.279870644799672 -0.9369303391092995
175 0.33156874949256343 -1.4134886662330812 -0.6423743795091486
176 0.6466653153951359 -1.422930495539864 -0.3337835642349521
177 1.0091212643958878 -1.3784852826638558 -0.36936401826796805
178 0.0 -0.8494285685434185 -1.2712596906547777
179 0.31367019065943114 -0.6076980849484055 -1.3371865114273072
180 0.3307570195070853 -0.9036449822534074 -1.2344020017604926
181 0.0 -0.2769519568188902 -1.3923315099371394
182 0.2728735515243585 0.0 -1.371827981935045
183 0.2860439974137307 -0.2860439974137307 -1.3811425959832866
184 0.6231459966548843 -0.32164380375823276 -1.371178290692791
185 0.8780830831611338 0.0 -1.314144202358033
186 0.9954406786428607 -0.3643565763437087 -1.3597972549865696
187 1.5369881325958579 -1.1251534036905784 -0.41183472890527945
188 1.699843025319505 -0.7725110464186156 -0.39874025148066183
189 1.5825340814295454 -0.42403872911377527 -1.1584953523157702
190 1.4931838230572678 0.0 -0.9977135330535366
191 1.7449879442951663 -0.4093301095306697 -0.7930276165247386
192 1.6912970696387633 -0.3502790921231243 -0.3502790921231243
193 1.6399247277513942 0.0 -0.3262013099214709
194 0.7603696049100429 -1.1405544073650642 -1.1405544073650642
195 1.3126102680210656 -0.8750735120140438 -1.3126102680210656
196 1.321958165985634 -1.321958165985634 -0.8813054439904229
197 1.5736356530796822 0.3259106148697235 -0.3259106148697235
198 1.3155865484168803 0.35251035322155116 -0.963076195195329
199 1.4878982718006935 0.3490233640626528 -0.6761905857143233
200 1.4505324784153655 0.6592093187864929 -0.3402582924476196
201 1.2743542251230833 0.932892039630164 -0.3414621854929193
202 0.5867125803104071 0.3028382867849205 -1.2910097430081517
203 0.8915924960220637 0.3263455033676514 -1.217937999389715
204 0.0 0.270072133992532 -1.35774430494336
205 0.2761091826777125 0.2761091826777125 -1.333173067032568
206 0.2946454742391636 0.5708399961673909 -1.256083509170607
207 0.0 0.8025507328720456 -1.201102051647715
208 0.3077220490803935 0.8407122726968388 -1.1484343217772324
209 0.8980553243897528 1.2267663871202772 -0.3287110627305243
210 0.6076286968032528 1.3370338288797572 -0.31363437518912013
211 0.32152880034049974 1.1999618189674144 -0.8784330186269147
212 0.0 1.2728584517906076 -0.8504968265815158
213 0.31474576343909644 1.3417717141525107 -0.6097818772177669
214 0.29114076653379983 1.4057519742511972 -0.29114076653379983
215 0.0 1.4406548005890205 -0.2865640569620312
216 1.0065510992375302 0.6710340661583535 -1.0065510992375302
217 0.6510964840957807 0.9766447261436709 -0.9766447261436709
218 1.0093424412068523 1.0093424412068523 -0.6728949608045682
219 -0.29997830997210906 1.4484234087048522 -0.29997830997210906
220 -0.33003716590978366 1.2317154715613516 -0.901678305651568
221 -0.3236350686361264 1.37966711945207 -0.6270038316961326
222 -0.6378754193552378 1.4035890977100554 -0.3292465606882888
223 -0.9459588325165612 1.2922037961518917 -0.3462449636353305
224 -0.3030895308115395 0.5871993352472091 -1.2920808046948404
225 -0.3160312385078804 0.8634134003824471 -1.1794446388903275
226 -0.28157837562614313 0.0 -1.4155900879139558
227 -0.28464981895599106 0.28464981895599106 -1.3744109069011996
228 -0.616210053802932 0.31806373896839635 -1.3559163547818875
229 -0.9284944559360083 0.0 -1.3895901533567883
230 -0.9425297824483467 0.3449898441995152 -1.2875196266478621
231 -1.3116321343698834 0.9601813631987632 -0.35145077117112006
232 -1.4534227068716927 0.6605228126655918 -0.34093626706312613
233 -1.361523100200434 0.36481901517502485 -0.9967040850254092
234 -1.4978843425624377 0.0 -1.000854319774014
235 -1.4937278090326986 0.35039082629727225 -0.6788398785255736
236 -1.540678800915655 0.3190850272999909 -0.3190850272999909
237 -1.574016552756778 0.0 -0.31309135880361905
238 -0.6838335820096852 1.0257503730145276 -1.0257503730145276
239 -1.062713966788511 0.7084759778590074 -1.062713966788511
240 -1.0630813673826167 1.0630813673826167 -0.7087209115884113
241 -1.580573893780099 -0.3273475715682843 -0.3273475715682843
242 -1.550676443107503 -0.41550250065262123 -1.1351739424548817
243 -1.6373639969229978 -0.3840842490592571 -0.7441168130177215
244 -1.568054681596444 -0.7126184858710662 -0.36782603379372225
245 -1.4572815758078779 -1.066804154425403 -0.3904774213824748
246 -0.6632568273083564 -0.34234745942246114 -1.459438667087628
247 -1.053405245461192 -0.38557308031857845 -1.4389783257797704
248 -0.295102837984405 -0.295102837984405 -1.4248825475134816
249 -0.32507989371720475 -0.629803005672502 -1.3858264570854235
250 -0.3449339524047086 -0.9423770832252087 -1.2873110356299173
251 -1.0308101289023577 -1.4081128225589323 -0.3773026936565747
252 -0.6721045822189212 -1.4789073783043605 -0.3469143274749421
253 -0.35690675154878143 -1.3319941303444145 -0.9750873787956329
254 -0.3416879991554674 -1.4566273659181022 -0.6619792027418998
255 -0.3061318411893612 -1.4781352857472048 -0.3061318411893612
256 -1.3553341524583142 -0.9035561016388763 -1.3553341524583142
257 -0.826921009743953 -1.2403815146159294 -1.2403815146159294
258 -1.341206498319011 -1.341206498319011 -0.8941376655460075
259 1.633527154295523 0.16088838184860105 0.0
260 1.6506044540278921 0.16416281977904795 0.16416281977904795
261 1.6381497686722817 0.0 0.161343669625747
262 1.6039375089134156 0.4865491240423067 0.0
263 1.6572300329822913 0.5115733066593142 0.1748738489739625
264 1.658753941283936 0.3366690231840893 0.1699016264803918
265 1.672257484784621 0.17128475748428212 0.33940977013078866
266 1.68856918969536 0.1781808123097344 0.5212474470674312
267 1.638650809648958 0.0 0.4970792886974979
268 1.5125698174769409 0.8084854113444812 0.0
269 1.5812318754036399 0.8818008460453514 0.19179747062552036
270 1.6361132319025464 0.7100153031883709 0.18834569805078724
271 1.3170881641063963 1.0809063219335773 0.0
272 1.3538618253868828 1.1625875059098687 0.19127431947701398
273 1.4852995159848963 1.0386271206959872 0.1937362207315068
274 1.6535162747634045 0.9670639067275575 0.41379532661113383
275 1.693312239654062 1.039718111344476 0.653594128309586
276 1.7686832482745334 0.8423270261522062 0.6394626016058337
277 1.6842327699431519 0.1938851117083617 0.7308974815883681
278 1.635251929823036 0.1983498997548966 0.9119260480675275
279 1.5704236127485285 0.0 0.839408909174162
280 1.7843359400340486 0.6451217895946602 0.8497815465214879
281 1.7126842078248405 0.661071428924154 1.0516127789006864
282 1.6923403587193957 0.4235111212157235 0.9897702875951857
283 1.5321215891349174 0.1998434949891734 1.0713684462653128
284 1.383042663609142 0.19539700383672437 1.1876456597724174
285 1.3550110954144008 0.0 1.1120288673441088
286 1.7244573375408356 0.5624256216707593 0.3799424961670578
287 1.7810648712711894 0.6136079952815316 0.6136079952815316
288 1.7432717193416611 0.3840877904747962 0.5685618653169896
289 1.0344607256876661 1.260494041332718 0.0
290 0.9379243631606798 1.3412884902326452 0.17495202833620502
291 1.107945010289608 1.2902292915018367 0.18228428121222864
292 0.7271339398714454 1.3603719192454526 0.0
293 0.6089557187754776 1.4032380776262725 0.1615376308366092
294 0.7680539796932045 1.3772627234007602 0.16705678075687075
295 0.8134325014319544 1.390832467412275 0.3480582464763345
296 0.6681595553844047 1.4029736386131526 0.5072412902690163
297 0.854795585559967 1.3921425544460804 0.5373469688861136
298 0.42905447318505924 1.4144030456599137 0.0
299 0.29197795654390046 1.4385629589699456 0.14734806678696022
300 0.4396686475659935 1.4242965335021056 0.15029429345156395
301 0.14225687085332644 1.444358248581892 0.0
302 0.0 1.4612682945859305 0.1439223650150984
303 0.14422861671253243 1.4501724413871928 0.14422861671253243
304 0.14862264196209812 1.4510066691275214 0.29450359439727264
305 0.0 1.4530345062505763 0.4407731986381445
306 0.15214261676820162 1.441812571085572 0.44507570457546447
307 0.49953786160104324 1.3816668018957174 0.6580122752388973
308 0.33524603287212124 1.3396351668438695 0.7834896080614785
309 0.5108190000779931 1.3234146813972052 0.8125956813192122
310 0.16251106585001956 1.4116940706344512 0.6126253208069208
311 0.0 1.3824883020957246 0.7389553927918668
312 0.1650727463883654 1.360905790354952 0.7589322578111315
313 0.16724719515926983 1.2822185602771818 0.8966184645125717
314 0.0 1.2144515707689845 0.9966746466186572
315 0.16683149987154733 1.1808527123018606 1.0140212124303134
316 0.46513656723764696 1.4261586517853664 0.31421959029864754
317 0.31473814920588716 1.4285122519263291 0.4659041855449419
318 0.4873622230279323 1.4146225956873721 0.4873622230279323
319 1.10541240770754 0.1818676056218509 1.2872800133293911
320 0.9210907358381439 0.17181203394005895 1.3172153864052791
321 1.0311927189546903 0.0 1.2565119636069417
322 0.8236481749214164 0.5177668880129629 1.3414150629343793
323 0.6372269140264334 0.4837584068957191 1.3380225651035607
324 0.7861323107866137 0.33637681443647915 1.3441537430568515
325 0.7444417007090685 0.16192095512779384 1.3349215435889195
326 0.5843870072690983 0.15502029086084004 1.3466235317060997
327 0.703882170434253 0.0 1.3168709182871996
328 0.48721921175257366 0.7750538395506887 1.2622730513032623
329 0.3174008463841192 0.7417843623722566 1.268326226441483
330 0.47263537975284103 0.6225751949868171 1.3072574949832632
331 0.1632708149323721 0.9923789562503663 1.1556497711827385
332 0.0 0.9686071940520603 1.180251280862313
333 0.15984413464506927 0.8569303803888586 1.2254622028080866
334 0.15535267910729733 0.7142436416155689 1.2807708429765179
335 0.0 0.6923993443525506 1.295388061692871
336 0.15195083744919616 0.5728159498080287 1.3199599370847623
337 0.41774479304739903 0.14279994459851672 1.3532747079416383
338 0.2748384607232101 0.13869853856648923 1.354117392890514
339 0.40690372973023703 0.0 1.3413818304898326
340 0.14206300636747402 0.41558896511846544 1.3462909526454496
341 0.0 0.41010484643595496 1.3519344980438368
342 0.13882674165485626 0.2750925018964692 1.3553690429336531
343 0.13462510120383436 0.13462510120383436 1.3536121758269513
344 0.0 0.1337428112623923 1.3579135508648823
345 0.13246167236509343 0.0 1.3449059293504138
346 0.4610541783976114 0.4610541783976114 1.3382605950563327
347 0.29567502585341987 0.43768520738203703 1.3419898353152797
348 0.4413898910658 0.2981776976949639 1.3533487932211354
349 1.287782521549226 1.287782521549226 0.39844129879811074
350 0.9756411475199499 1.3557563009378473 0.7771324828192657
351 1.1579631328120685 1.3590444565472013 0.6068138170114532
352 1.4708823006267748 1.2532536876378833 0.6567494528365501
353 1.5913173576402981 1.1451576450742749 0.9121583342381909
354 0.5299331305000776 1.1868594009507234 1.0112542113773173
355 0.7338687144000804 1.2802799466052648 0.9213261965949763
356 0.336586216644602 1.0878637533227389 1.0878637533227389
357 0.5199073003812165 0.9921222448201698 1.164405151453855
358 0.7121729553379554 0.8940885302566736 1.2424303357571926
359 1.5930816557245713 0.9131696467799185 1.1464272846151842
360 1.4745445880437262 0.6583846654271075 1.2563741108073838
361 0.9476447876978499 0.7548323977175299 1.3168524054547397
362 1.13827059941673 0.5964942299558346 1.3359322972841403
363 1.290427560701467 0.3992596767598825 1.290427560701467
364 1.0320725583302308 1.2384870699962771 1.0320725583302308
365 1.0199829339228816 1.0199829339228816 1.223979520707458
366 1.3536663436165244 1.1280552863471036 1.1280552863471036
367 -0.14454164345004064 1.4675559340532711 0.0
368 -0.14650853582922477 1.4730962962155931 0.14650853582922477
369 -0.4477014818384605 1.4758739951084274 0.0
370 -0.4597643536025287 1.4893961138441818 0.15716371649751368
371 -0.3012166937890543 1.484081823975551 0.15201043955215018
372 -0.1509780453805367 1.4740025331729991 0.29917095035211216
373 -0.15460343909006433 1.4651330885989216 0.4522745568891904
374 -0.7677642979826756 1.4363859727954442 0.0
375 -0.8142156590708525 1.4600391452895023 0.17709724894667306
376 -0.6437218576189839 1.4833509139673942 0.1707600414798817
377 -1.0803277452801154 1.3163831664143304 0.0
378 -1.1502183870726674 1.3394576814216035 0.18923929434893608
379 -0.9883198137406364 1.4133570284623147 0.18435234529584663
380 -0.8675417074597642 1.4833500892148177 0.37121094241006297
381 -0.9182384035295607 1.495467195051927 0.5772287915223665
382 -0.7167418147639774 1.5049846458112663 0.5441230915293469
383 -0.16541240712583183 1.4368973160536347 0.6235626383401479
384 -0.1681966924923287 1.3866604738787738 0.77329479506718
385 -0.5314533965205703 1.4699416624272539 0.7000527597790598
386 -0.5464034641967591 1.4156058532941722 0.8692023890974131
387 -0.3497618526962427 1.397640037312777 0.8174139289169923
388 -0.17058090468051074 1.3077768018885716 0.9144906058613069
389 -0.17019904962127594 1.2046886201420484 1.0344895705207724
390 -0.4887292733718274 1.49849642168403 0.3301574695747161
391 -0.5153387796952095 1.4958276364990606 0.5153387796952095
392 -0.3260184696382381 1.4797106083503135 0.4826023472294427
393 -1.3325433962449984 1.0935901031570614 0.0
394 -1.4545580811720604 1.0171305218066062 0.1897264372929432
395 -1.3580129925014734 1.1661521939244583 0.19186079857701505
396 -1.4790477790601448 0.7905675085109335 0.0
397 -1.550241256547817 0.6727499016085712 0.17846030819767844
398 -1.5174032780521407 0.8462057432511628 0.18405530218329405
399 -1.5680141563943721 0.9170577387294412 0.39239827262597127
400 -1.6443475512163626 0.7831127388852561 0.5945093696515773
401 -1.6094394203671953 0.9882189919145632 0.621220428452632
402 -1.5417692054414316 0.4676905753585856 0.0
403 -1.5692378823571904 0.3185003946924943 0.1607327415546406
404 -1.5642652785960396 0.48287585014595275 0.16506404339785474
405 -1.5659774115730214 0.15423531289144646 0.0
406 -1.5627894495738028 0.0 0.15392132604029413
407 -1.5690705250213663 0.15605376635882143 0.15605376635882143
408 -1.5760400952899543 0.1614294736088523 0.3198810059613309
409 -1.557532407818276 0.0 0.4724722905226327
410 -1.5846045703170135 0.16721028149266542 0.48915442253103236
411 -1.6569445782130792 0.5990637903844461 0.78911201337313
412 -1.5981555336532296 0.399941204762592 0.9346860127845427
413 -1.622820986196808 0.6263855200695271 0.9964354661272807
414 -1.5856149888436546 0.1825324531886298 0.6881008509018102
415 -1.5163720537948846 0.0 0.8105177489979387
416 -1.558002227593121 0.1889798018427924 0.868846437896058
417 -1.4870821140637185 0.19396873532614411 1.0398736401286268
418 -1.3505190688286945 0.0 1.108342356397381
419 -1.3714013589431295 0.1937523141157628 1.1776490448273669
420 -1.600039879706246 0.5218473107169475 0.3525301163607559
421 -1.6144286796158782 0.35570034066001865 0.5265401665841801
422 -1.640884541280848 0.5653134201367838 0.5653134201367838
423 -0.1663598241115233 1.0111543124358768 1.1775141365474002
424 -0.16259833562666123 0.8716957547960188 1.246577580043369
425 -0.5168999242932562 0.8222690348064509 1.339168959099707
426 -0.4976884923353831 0.6555762082822232 1.3765516498417383
427 -0.32899650908176425 0.7688841050429075 1.3146622185471681
428 -0.1577216008265923 0.7251349071232777 1.30030089475806
429 -0.15403995716144234 0.5806913989488278 1.3381076114920258
430 -0.8723376172817304 0.5483743510263929 1.4207119683081233
431 -0.8257104530137884 0.3533118382499255 1.4118256950780854
432 -0.6744327752682546 0.5120036799143977 1.4161458847560695
433 -1.1301825679971331 0.185942907935564 1.316125475932697
434 -1.0574807301504112 0.0 1.2885439979296238
435 -0.9547311686702552 0.17808701963107193 1.365323237247432
436 -0.7764982647274853 0.1688934681654613 1.3924048869868813
437 -0.7301560970616194 0.0 1.3660259776680115
438 -0.6088478434020383 0.16150901474562962 1.4029894966096552
439 -0.14379963718866412 0.42066927859503894 1.3627485120230522
440 -0.14049221368212847 0.27839272245455127 1.371629089094275
441 -0.431914391771486 0.14764361457707526 1.3991767991086088
442 -0.41945856654752417 0.0 1.3827695808617417
443 -0.28135634519920394 0.1419878200192623 1.3862307321610428
444 -0.1362330157997718 0.1362330157997718 1.3697792409231948
445 -0.13404183883773907 0.0 1.3609496287879714
446 -0.482081729398866 0.482081729398866 1.39929538062821
447 -0.4585796175792944 0.3097900911356549 1.406054340184763
448 -0.3038853258015068 0.44983884404808616 1.3792541901366586
449 -1.3120044320758775 1.3120044320758775 0.40593558399620483
450 -1.5651182577632996 1.12630402082757 0.8971407595302898
451 -1.4675549027252623 1.2504186044442571 0.6552637685297523
452 -1.2138378385756345 1.424621854460356 0.6360941477215017
453 -1.0508511208553486 1.460268493255719 0.8370398713703558
454 -1.4598844727739984 0.65183891891985 1.2438830749745684
455 -1.5621942709396472 0.8954647023078939 1.1241998359840344
456 -1.2992687111899013 0.401995138240788 1.2992687111899013
457 -1.1785287689218555 0.6175909409054949 1.383181333584468
458 -1.0095937356720681 0.8041769132390642 1.4029370040451243
459 -0.7998971061216102 1.3954706124136267 1.004220705951204
460 -0.5699851907594252 1.276561594511246 1.0876842593974938
461 -0.7708134224199094 0.9677079630558157 1.3447323042039125
462 -0.5574317024744835 1.063728844714053 1.2484463008483488
463 -0.3520326801395582 1.1377875081356954 1.1377875081356954
464 -1.3951956725724741 1.1626630604770616 1.1626630604770616
465 -1.0944141505862395 1.0944141505862395 1.3132969807034873
466 -1.1120749144976072 1.3344898973971286 1.1120749144976072
467 -1.5559584263580581 -0.15324852897741004 0.0
468 -1.5478766144561502 -0.15394590089654148 0.15394590089654148
469 -1.5124838600341945 -0.4588069629510047 0.0
470 -1.4897188830819532 -0.4598639898165535 0.15719777567929058
471 -1.5228734351622057 -0.30909003384323924 0.15598375812000606
472 -1.538458168973241 -0.1575800597515243 0.3122531896182809
473 -1.5261391666815889 -0.16104090852568864 0.471106632382599
474 -1.4344298059218956 -0.7667187050049861 0.0
475 -1.386498100385143 -0.7732042447271027 0.16817699719914656
476 -1.4415341568957485 -0.6255748633452114 0.16594618987884016
477 -1.2840898713689755 -1.0538253229504204 0.0
478 -1.220483143164415 -1.048052634921648 0.17243050824276704
479 -1.3128261771043268 -0.9180214883434008 0.1712395239427052
480 -1.338241931006313 -0.782674769941876 0.33489737317808194
481 -1.2842840475637247 -0.7885689083754517 0.4957151391882729
482 -1.3593223208200447 -0.647370821878751 0.49145927544712265
483 -1.499833879289892 -0.17265752360341582 0.6508748818673653
484 -1.4566970476992966 -0.17669186509731102 0.8123518815133344
485 -1.3779939833112074 -0.49820996406508344 0.6562631127707701
486 -1.3114846475907966 -0.5062141789092779 0.8052704686815187
487 -1.3878828020233351 -0.34732008757724264 0.8117073808642871
488 -1.380932887496255 -0.18012307674521053 0.965646546961654
489 -1.2727409494506379 -0.179813518936567 1.0929274305140708
490 -1.4613589177446142 -0.47661700866934886 0.3219751181526292
491 -1.4252947576066655 -0.49103896944309444 0.49103896944309444
492 -1.482079721549095 -0.3265404464728352 0.48337502506531954
493 -1.0431751340175857 -1.2711125786061381 0.0
494 -0.9047104957125037 -1.2937906536541965 0.16875661033963382
495 -1.0411237302683098 -1.2124142627969468 0.17129053252863688
496 -0.747620903406949 -1.3987003321775073 0.0
497 -0.6068903092113833 -1.3984786817344685 0.16098973982022793
498 -0.7563136842224567 -1.3562102039931652 0.16450318944905534
499 -0.7657868700251487 -1.309366468728564 0.3276712384695026
500 -0.6258518128378009 -1.3141376008377619 0.47512286324844905
501 -0.7715549222047541 -1.2565746225630456 0.4850197003582917
502 -0.4399332413030485 -1.4502655380024077 0.0
503 -0.2920966351382821 -1.4391476833509258 0.14740795850501356
504 -0.4407235724274954 -1.4277139384766477 0.15065490407863877
505 -0.14315300362167194 -1.4534568372688237 0.0
506 0.0 -1.4367258821179245 0.14150514836935413
507 -0.14332702858027807 -1.441107262141364 0.14332702858027807
508 -0.14597776939236126 -1.4251847103262552 0.2892626400700787
509 0.0 -1.4024723071437706 0.4254353232232009
510 -0.1479532521561685 -1.402111146916609 0.43282020085118617
511 -0.4714355178737133 -1.3039388089482595 0.6209946864693511
512 -0.3185722765820362 -1.2730072336265288 0.7445220633340679
513 -0.4761269442690689 -1.2335355344226968 0.7574085901536278
514 -0.15654461906380743 -1.3598649997536718 0.5901333362927462
515 0.0 -1.3141061644720615 0.7024043787318994
516 -0.1577451156535692 -1.3004947575542647 0.7252430180084484
517 -0.15858864176558343 -1.2158368319859356 0.8501996361348874
518 0.0 -1.1373700286041115 0.9334154597995808
519 -0.15714369209560614 -1.1122812848598764 0.9551375927642702
520 -0.4557143201163699 -1.3972690305477322 0.3078544604880136
521 -0.3055580317407655 -1.3868461548671174 0.4523149363179709
522 -0.4675627360315446 -1.3571524013130676 0.4675627360315446
523 -1.0565980250407532 -0.17383643568598195 1.2304344607267352
524 -0.8995074816018108 -0.16778608658752645 1.286350029212293
525 -0.7466880719238288 -0.46938774477741846 1.2160758167012473
526 -0.5958156778460547 -0.452320573368538 1.2510689741008412
527 -0.7442213214226858 -0.31844359263821376 1.2724930156503285
528 -0.7382534577283073 -0.16057497167058915 1.3238248803255468
529 -0.5840585603475298 -0.15493316377437072 1.345866679914395
530 -0.4507792155751013 -0.7170861768040376 1.167865392379139
531 -0.29810538822089117 -0.6966897468620985 1.1912220349485299
532 -0.4423722889651307 -0.5827113793369705 1.2235531132370605
533 -0.15291118027927936 -0.9294118948779487 1.0823230751572281
534 0.0 -0.9004745378063361 1.0972313990192244
535 -0.14984175831385865 -0.8033072670145124 1.148777911830639
536 -0.1464193638739465 -0.6731721670801251 1.2071220990492155
537 0.0 -0.6492758073282936 1.2147095984695584
538 -0.14454695062043071 -0.5449051825014095 1.255644174455633
539 -0.41902483855043776 -0.14323750942268623 1.3574213860884563
540 -0.27510128864736805 -0.13883117593055846 1.3554123348811769
541 -0.13701496197714136 -0.4008214925885391 1.2984520629511267
542 0.0 -0.39300097506989057 1.295550590487412
543 -0.13589402142585713 -0.26928116226880944 1.3267368200449756
544 -0.13397056645097702 -0.13397056645097702 1.347031039002934
545 0.0 -0.1317725018439533 1.3379086636231607
546 -0.4392634779064712 -0.4392634779064712 1.275010683934567
547 -0.28448483594844753 -0.42112046514496265 1.291200557240894
548 -0.4308217731140243 -0.2910384832643381 1.320945808997552
549 -1.1011930229535 -1.1011930229535 0.34071030702076394
550 -0.8279894132292609 -1.1505786394402224 0.6595226842231611
551 -0.9685506680853474 -1.1367403495393569 0.5075549568167885
552 -1.1447780510963377 -0.9753991284360677 0.5111437933248907
553 -1.1696432768740475 -0.8417088735261609 0.6704507168000694
554 -0.48705225371931565 -1.0908216769453747 0.9294260245055568
555 -0.6507894320900935 -1.1353429339860743 0.8170253622842064
556 -0.31492634186156426 -1.0178579375383812 1.0178579375383812
557 -0.476452818125627 -0.909199465218302 1.0670827577212267
558 -0.6306922504997667 -0.7917946098164019 1.1002821416828983
559 -1.1773838363705833 -0.6748876795608487 0.847279202311963
560 -1.1628852527674831 -0.5192286650952957 0.9908272271068425
561 -0.8079745485868568 -0.6435801407045925 1.1227658735269208
562 -0.9629048227248062 -0.5045963332851684 1.1301140981308748
563 -1.122544454210335 -0.3473164628419638 1.122544454210335
564 -0.8429395102847503 -1.0115274123417004 0.8429395102847503
565 -0.8346161451771728 -0.8346161451771728 1.0015393742126073
566 -1.0229044234720706 -0.8524203528933921 0.8524203528933921
567 0.1418728654181156 -1.4404593759684285 0.0
568 0.14205958750639658 -1.4283635490120306 0.14205958750639658
569 0.4299728422161418 -1.4174305026281635 0.0
570 0.4316203957309544 -1.398224405655697 0.14754311633269537
571 0.28736561989699755 -1.415838172711855 0.14502042912439025
572 0.14473511105796202 -1.4130526051042256 0.28680024711798974
573 0.1468013193985577 -1.3911946058037468 0.42945035422564587
574 0.730326365465476 -1.3663445274463124 0.0
575 0.7417625190889211 -1.3301172758262247 0.1613382155439125
576 0.5937454714999136 -1.3681885699377636 0.15750280985771384
577 1.037419148524342 -1.2640988899893875 0.0
578 1.0348177116189192 -1.205070748544309 0.17025303692538976
579 0.8922248890632105 -1.2759354820113207 0.16642765686097508
580 0.7525726622491227 -1.286772400783559 0.322017033628903
581 0.7585431478050226 -1.2353833048296348 0.4768401570246123
582 0.6145764042892172 -1.2904619670302722 0.46656300245710947
583 0.15543972827918637 -1.3502670824599183 0.5859681794903794
584 0.15676609827216328 -1.2924234650340638 0.7207419244726405
585 0.46387386098974015 -1.2830240973978144 0.6110341540787694
586 0.4687204323063285 -1.2143469633868933 0.7456265310805648
587 0.3149043059539342 -1.2583501103124697 0.7359498012101225
588 0.15769155877812313 -1.2089592490433034 0.8453903407084916
589 0.15628352728778172 -1.1061929385516065 0.9499094112638247
590 0.44707448733329375 -1.3707783756703067 0.30201788493458054
591 0.45947296371976165 -1.3336709450871134 0.45947296371976165
592 0.30129674003544443 -1.3675052919134463 0.4460069827179823
593 1.31386204966086 -1.0782587182313397 0.0
594 1.339831267296839 -0.9369053691828728 0.17476195430648375
595 1.2318519397471197 -1.0578152418704823 0.17403669787663759
596 1.5031090568566177 -0.8034285294383536 0.0
597 1.499014563191927 -0.6505193276451021 0.17256320576563633
598 1.4302077167456246 -0.7975796556244776 0.17347880902722662
599 1.3648034047970805 -0.7982093268159635 0.3415444282390286
600 1.386993701074652 -0.6605491857616729 0.5014637874618647
601 1.298316171296425 -0.7971848345135016 0.5011313367829234
602 1.5964376931437148 -0.484274079800902 0.0
603 1.5940902050373207 -0.3235445468071225 0.16327829695021742
604 1.5574381496724505 -0.4807683714924645 0.16434363265912283
605 1.6314805184554708 -0.16068680581255324 0.0
606 1.620481208663406 -0.1611668767547438 0.1611668767547438
607 1.6087397177293963 -0.16477880644206058 0.3265178854111269
608 1.5904604476334299 -0.1678282040411714 0.49096208378657896
609 1.40124687110836 -0.5066169821900767 0.6673371905327067
610 1.402202109238439 -0.3509035191384269 0.820082070238936
611 1.3169442800034943 -0.5083215183615675 0.8086227616419267
612 1.5488931966567325 -0.17830512255633663 0.6721648912721097
613 1.4861885735375562 -0.180269076098842 0.828798332435472
614 1.388611301439698 -0.18112461675960168 0.9710158404137572
615 1.2625400805907712 -0.17837233475317538 1.0841677458375956
616 1.515644546461392 -0.4943220732216337 0.3339356444188594
617 1.5335950460991368 -0.33789060317100605 0.5001765647757457
618 1.4654801972659155 -0.5048835561656545 0.5048835561656545
619 0.1520004580478616 -0.9238764194911032 1.0758768775389649
620 0.14883600914055817 -0.7979154081041687 1.141067227918952
621 0.4420642135531686 -0.7032226106394481 1.1452868241926166
622 0.4331101228234102 -0.5705108646512155 1.197934980047632
623 0.29384068938310315 -0.6867228959726404 1.1741803999136469
624 0.1452878455977585 -0.6679699411591875 1.197793546591902
625 0.14325494203976094 -0.5400346392736112 1.2444208104157735
626 0.727118208148946 -0.4570856141176553 1.1842038222666011
627 0.7231546857848135 -0.3094294258249062 1.23647261964609
628 0.5805295926380089 -0.44071595958788135 1.2189718882900358
629 1.031880233513169 -0.16976974932527378 1.2016499828384428
630 0.8733683810398155 -0.16291033237767266 1.248969536599125
631 0.7149553238498002 -0.1555074746634899 1.2820470207427015
632 0.5658522587894315 -0.15010357973514696 1.3039132589818467
633 0.13565564201650887 -0.39684495858331853 1.285570171939922
634 0.13440616653671372 -0.2663328994266912 1.3122108545639444
635 0.4074276916456958 -0.1392731944556051 1.3198526937871493
636 0.26926553022710525 -0.13588613264153826 1.3266598016411382
637 0.13242402307475892 -0.13242402307475892 1.3314810418198402
638 0.4291083296281494 -0.4291083296281494 1.2455342462086039
639 0.4198417398038308 -0.2836210024399768 1.2872798480622052
640 0.2793631531613025 -0.4135388819985122 1.2679546093620722
641 1.0965136986217463 -1.0965136986217463 0.33926251903401705
642 1.166376625540737 -0.8393580974662055 0.6685782410023142
643 1.14129976460578 -0.9724354818077177 0.5095907372112172
644 0.9564616317459023 -1.1225520413311139 0.5012198723246648
645 0.8136164554013213 -1.130605898245495 0.6480741178822721
646 1.147875688763053 -0.5125268896078728 0.9780384462299678
647 1.1695120207927048 -0.6703754795584587 0.8416144178826713
648 1.1014947545519518 -0.34080366310221694 1.1014947545519518
649 0.9405874897659106 -0.4929012580150122 1.103921340535001
650 0.7882245166379281 -0.6278485457393269 1.0953211205800526
651 0.638486811110518 -1.1138802409705915 0.8015801923609623
652 0.4790846325724608 -1.0729770744529155 0.9142216713981892
653 0.6164506176459977 -0.7739151319574891 1.0754367209805042
654 0.4679603518412925 -0.8929935671516743 1.0480626911001647
655 0.3113356816856986 -1.0062527414172688 1.0062527414172688
656 1.0073396022689665 -0.8394496685574719 0.8394496685574719
657 0.8158807287823956 -0.8158807287823956 0.9790568745388748
658 0.8262693590539565 -0.9915232308647478 0.8262693590539565
659 0.0 -1.4569472257547762 -0.14349677688191512
660 0.14425280962391845 -1.450415693344874 -0.14425280962391845
661 0.0 -1.458737449045008 -0.4425031674216377
662 0.1531518349473211 -1.451376646480959 -0.4480280561366731
663 0.14911512288328124 -1.4558147730047017 -0.295479471286189
664 0.292798843058319 -1.4426074318717308 -0.14776233107726072
665 0.44177343201041336 -1.4311149345970038 -0.15101378321435047
666 0.0 -1.3981262922821938 -0.7473140726904239
667 0.16734562644719347 -1.3796440478839336 -0.7693819657884979
668 0.16422155989857778 -1.4265527160662252 -0.6190734476452703
669 0.0 -1.235321040940889 -1.0138017781645705
670 0.16994864026532464 -1.2029161936675004 -1.0329675534021756
671 0.1700250526104884 -1.3035153023742005 -0.9115106621376171
672 0.3406089192782572 -1.361065133259577 -0.7960229875989613
673 0.520093836459214 -1.3474436518007937 -0.8273498153415797
674 0.5070803861581422 -1.4025285955335935 -0.6679476057240682
675 0.6128966366705058 -1.412319273320144 -0.16258303778568023
676 0.7735683806727217 -1.3871510634286413 -0.1682561991568752
677 0.6771135081839509 -1.421774776212573 -0.514038790259025
678 0.867299721693475 -1.4125071191585197 -0.5452073974650448
679 0.8220689535758574 -1.405599344840761 -0.35175368326265904
680 0.9442752255185218 -1.3503706069983508 -0.17613666144184723
681 1.1133156002705666 -1.2964834759981123 -0.18316787572754556
682 0.31765174139983987 -1.4417362673711671 -0.4702171511055472
683 0.49297513180295427 -1.4309146823643957 -0.49297513180295427
684 0.468825742183672 -1.4374700582363138 -0.31671178532636673
685 0.0 -0.9881579250186091 -1.2040739154728748
686 0.16314852463969254 -0.8746453386595091 -1.25079566312391
687 0.1665966580764695 -1.0125938167528934 -1.179190474829363
688 0.0 -0.7070794498978087 -1.3228526074392286
689 0.15509670511959 -0.5846750695591095 -1.3472873237711203
690 0.15856420544769173 -0.7290088344766676 -1.307247562411703
691 0.3237742123459777 -0.7566792917968015 -1.2937940451074479
692 0.48148702730081105 -0.6342349573199159 -1.3317401788781613
693 0.49703808341410893 -0.7906734087256273 -1.2877114921397361
694 0.0 -0.4194067080703822 -1.3825986263732164
695 0.14185224252236944 -0.2810876912469716 -1.3849070855781398
696 0.14506500847367482 -0.4243709765688798 -1.3747400779930183
697 0.0 -0.1371065114382512 -1.3920657718832077
698 0.13558003766730772 0.0 -1.376567223594603
699 0.13767776936259174 -0.13767776936259174 -1.3843057742087033
700 0.28028541645674854 -0.14144737072735258 -1.3809543118489462
701 0.41450782978832185 0.0 -1.3664491889579007
702 0.42510499129578755 -0.14531592066715135 -1.3771179019221564
703 0.6484679555344777 -0.4922921775386122 -1.3616260364290125
704 0.7996512411111303 -0.3421614064889282 -1.3672688351965465
705 0.839152896067992 -0.5275135631856933 -1.3666664592536852
706 0.5940462773272279 -0.1575826045935017 -1.3688817273839373
707 0.7158725645497515 0.0 -1.339303367882791
708 0.7567663458459053 -0.16460164632264085 -1.3570219099367224
709 0.9363482816952216 -0.17465804018530998 -1.3390345985412466
710 1.0470609897408987 0.0 -1.2758475075049214
711 1.122613000409242 -0.18469752736700543 -1.3073105277762473
712 0.3012875320348058 -0.4459933521935324 -1.3674634992621224
713 0.4489265826896683 -0.3032690543438794 -1.3764570988722076
714 0.46912460415876905 -0.46912460415876905 -1.3616858957856768
715 1.3531293328851817 -1.1619585003387818 -0.19117083254639985
716 1.4787410053704286 -1.0340409433477493 -0.19288075619630704
717 1.6939598692397446 -1.0401157652407322 -0.6538441039990125
718 1.7619826589864858 -0.8391359022163773 -0.6370400218349181
719 1.6450231557760273 -0.962096680850443 -0.4116699087976129
720 1.5696707235351006 -0.8753535730947385 -0.19039514645004968
721 1.622538709096401 -0.704124440173569 -0.18678302932849059
722 1.7226825579979947 -0.6649306480409378 -1.057751909957057
723 1.6979929330334622 -0.4249256877792232 -0.9930762124794213
724 1.7833578063277011 -0.6447681480224965 -0.849315714973159
725 1.3986671817593104 -0.19760444407936192 -1.2010627376799485
726 1.3693006061485902 0.0 -1.1237559657349765
727 1.5432260931140864 -0.20129191977546684 -1.079133505682971
728 1.6401119551227539 -0.19893940251800277 -0.9146363238264191
729 1.5772651628042673 0.0 -0.8430657938661192
730 1.6833086237370645 -0.193778726062862 -0.730496434805107
731 1.6454755194222626 -0.5079447848184118 -0.17363349187920255
732 1.6507324072833982 -0.33504093239305327 -0.16908000270628082
733 1.683878587872801 -0.1776858516957036 -0.519799496790866
734 1.638694561067117 0.0 -0.4970925605450996
735 1.6668495037353521 -0.17073083278612303 -0.33831213916097397
736 1.6466024348906696 -0.16376479422860613 -0.16376479422860613
737 1.6370809305985914 0.0 -0.16123839826390768
738 1.770690037159708 -0.610033683495807 -0.610033683495807
739 1.734098028797875 -0.3820665894810733 -0.5655698988039405
740 1.7104040423638354 -0.557842189477697 -0.3768461922268651
741 0.34351240556159385 -1.110249547805277 -1.110249547805277
742 0.7279834270294394 -0.9139375869940157 -1.2700126940943026
743 0.5311921801263042 -1.013656814957986 -1.189679218771399
744 0.541171561616758 -1.2120294400652476 -1.032700145103507
745 0.7496446052198191 -1.3078019764452433 -0.9411318392142142
746 1.16026726213362 -0.6080212626277081 -1.3617486999664352
747 0.9681195716884436 -0.7711412831701833 -1.3453042778221063
748 1.3102212933824535 -0.40538387896444966 -1.3102212933824535
749 1.4961996558337385 -0.6680536606391436 -1.2748251408811815
750 1.6141706210964792 -0.925258043498579 -1.1616035093992576
751 0.9944306108905595 -1.381866242508781 -0.7920989511331136
752 1.1740657358585374 -1.3779432908763554 -0.6152521530357778
753 1.6084128096075934 -1.1574600229892484 -0.921957610865614
754 1.4831350306932767 -1.2636935298556675 -0.6622203010230433
755 1.2957492812987252 -1.2957492812987252 -0.4009062228428821
756 1.0439707904963804 -1.0439707904963804 -1.2527649485956567
757 1.3804726728563963 -1.1503938940469969 -1.1503938940469969
758 1.0556255210423504 -1.2667506252508205 -1.0556255210423504
759 1.6214039037895862 0.1612586444907029 -0.1612586444907029
760 1.5940660703968708 0.16820867574277118 -0.4920751099343975
761 1.6102018601722363 0.16492856969084732 -0.3268146491780337
762 1.5967623992228532 0.32408690874749874 -0.1635520024873039
763 1.561915474028947 0.4821504847660921 -0.16481608785709942
764 1.4967526966371052 0.18155046444003828 -0.8346895953373988
765 1.5561363644515362 0.17913893984221294 -0.6753081700364355
766 1.2777967018119838 0.18052779832182433 -1.0972689034901593
767 1.4020320923260134 0.18287516826625758 -0.9804006124719868
768 1.4154317564140215 0.3542142613775703 -0.8278194687015407
769 1.331609267835675 0.5139819923807023 -0.8176272754549726
770 1.412698334983152 0.5107572277025014 -0.6727908960054944
771 1.504984253891893 0.6531099623699056 -0.1732504232149598
772 1.436410430250292 0.8010387042948672 -0.17423117481222972
773 1.3949488275750443 0.6643377771073969 -0.5043399417382208
774 1.306370491873837 0.8021303033897087 -0.5042401884841283
775 1.3704085256053014 0.801487498376297 -0.3429471194800715
776 1.344737431021871 0.9403361079992213 -0.17540189366426873
777 1.2345053262565002 1.0600937565211734 -0.17441156973532684
778 1.5396358755092543 0.33922155393159287 -0.502146759782853
779 1.4728714297117016 0.5074299650005454 -0.5074299650005454
780 1.5200845396239329 0.49577016118547806 -0.3349138896026725
781 0.888163442511807 0.1656700709190206 -1.2701273681302236
782 1.0477152072673583 0.17237499307111853 -1.2200902003384768
783 0.5765459818639058 0.15294030272996012 -1.3285551811233576
784 0.7278611477319513 0.1583145760492916 -1.3051895479837714
785 0.7370728348857589 0.3153848389191007 -1.2602703086022145
786 0.5932432679427516 0.4503676977298718 -1.2456675347994675
787 0.7419078635819408 0.4663827801910899 -1.2082906437730307
788 0.27515450681397385 0.13885803273187364 -1.3556745385219227
789 0.41560151285542524 0.14206729562774134 -1.3463316007525048
790 0.0 0.1353463673368655 -1.374194728915094
791 0.13565273590758894 0.13565273590758894 -1.3639447128862803
792 0.13781678192290436 0.273091213483549 -1.345508780141486
793 0.0 0.40450978363762785 -1.3334900478464862
794 0.13928312116691433 0.40745673109646846 -1.3199467664241211
795 0.44388166457192063 0.5846995923505561 -1.2277278802122982
796 0.3020873833089443 0.7059959025356289 -1.207133992529219
797 0.45343967346465985 0.721318354133105 -1.1747580275977647
798 0.14735558220009115 0.5554930080966579 -1.280042073311718
799 0.0 0.6708539897067929 -1.2550795382653233
800 0.14972252370704006 0.6883586506450307 -1.2343542705716357
801 0.1535895844791399 0.8233995031705472 -1.1775110231108594
802 0.0 0.9328944691490916 -1.136735199659692
803 0.15689692305913142 0.9536377019298113 -1.1105346249889427
804 0.42893585431027825 0.28976446467369305 -1.3151633794747557
805 0.28630701040009954 0.42381781437307414 -1.29947091955922
806 0.43913652808810205 0.43913652808810205 -1.2746421980874947
807 1.0343293292596178 1.2045020152411474 -0.17017268598152954
808 0.8908762943199194 1.2740069100728872 -0.16617610205015085
809 0.763165625904338 1.2429115941396884 -0.47974596823535043
810 0.6187732824567208 1.299274397214094 -0.46974911254059337
811 0.7539162021070817 1.2890696274771352 -0.3225919186085529
812 0.7405243451133908 1.3278970010712343 -0.1610689045790092
813 0.5931873740906067 1.3669025264511554 -0.15735476340623003
814 0.47699256350646374 1.23577815501256 -0.7587855915060961
815 0.32110557703116654 1.2831302419161779 -0.7504425348128407
816 0.47001947314524206 1.3000221849208886 -0.6191294128129459
817 0.1609349297847416 1.1391161050925283 -0.9781811753077866
818 0.0 1.1749303041283463 -0.9642403813000011
819 0.16186025234980475 1.240918985436061 -0.8677388627611643
820 0.16023789134080996 1.321045896013188 -0.7367037098665907
821 0.0 1.3469888347374288 -0.7199805321685362
822 0.15817254522285426 1.3740063980279165 -0.5962702032206664
823 0.43187004690669506 1.399033144932788 -0.14762845593394966
824 0.2881583954670083 1.4197441441875553 -0.14542050709267157
825 0.148686897415893 1.4090636956544795 -0.4349663955717476
826 0.0 1.4251313305158353 -0.43230886281689795
827 0.14603310151486118 1.4257249192587869 -0.28937228358567446
828 0.1428589172814328 1.436400553302574 -0.1428589172814328
829 0.0 1.449732523440937 -0.14278619072622092
830 0.4633136586321215 1.3448189855987684 -0.4633136586321215
831 0.30441693619125143 1.3816670274648235 -0.4506257823531061
832 0.448848763459439 1.3762184967577238 -0.3032164841346929
833 1.1179541492042917 0.3458962175304441 -1.1179541492042917
834 0.8042753554703328 0.6406336033036436 -1.117625454440598
835 0.9573077425131514 0.5016632644238952 -1.1235450799825797
836 1.164831513893048 0.5200976713568757 -0.9924855235807895
837 1.1855220977260703 0.679552608832169 -0.8531357287704364
838 0.4797808256887757 0.9155501941499954 -1.0745362963573766
839 0.6306446476416847 0.7917348474102341 -1.10019909551482
840 0.31994984938278814 1.034094169079181 -1.034094169079181
841 0.4898678599490963 1.0971276210935301 -0.9347989545859219
842 0.6495815418376788 1.133235693770594 -0.8155089317424424
843 1.1785231121098254 0.8480990578337901 -0.6755407233145385
844 1.148779346277629 0.9788084005030061 -0.5129303729987577
845 0.8227728336548621 1.143329651792138 -0.6553674951490001
846 0.9624542773006917 1.1295853150947703 -0.5043602314777818
847 1.0995520900394804 1.0995520900394804 -0.34020260061027774
848 0.8318356744009678 0.8318356744009678 -0.9982028092811615
849 0.839878107711332 1.0078537292535983 -0.839878107711332
850 1.0228385076584041 0.8523654230486701 -0.8523654230486701
851 -0.14517928043917971 1.4597310599806037 -0.14517928043917971
852 -0.150966986170276 1.4306714522390065 -0.4416365326471322
853 -0.1483828021416367 1.448665106802848 -0.2940283391584141
854 -0.29711712196066387 1.4638834081438665 -0.149941571098114
855 -0.45024799904962454 1.4585681008022833 -0.15391068994744878
856 -0.1624713040598657 1.3394587737783912 -0.746971964285217
857 -0.16052027570021063 1.3944005612007215 -0.6051205490684133
858 -0.1630603834197022 1.1541603125212663 -0.9910999291015642
859 -0.16403289946785796 1.2575758176002574 -0.8793865051689274
860 -0.3298354993338896 1.3180148036225454 -0.7708448743864657
861 -0.49547601890384546 1.2836645418386383 -0.7881885229347928
862 -0.4885818007694987 1.3513635422349217 -0.6435804912449584
863 -0.6232962244375135 1.4362834091289454 -0.16534173553292844
864 -0.7804336175808108 1.3994617019134556 -0.1697494332358871
865 -0.649058329415623 1.3628656789447826 -0.49274036690715456
866 -0.8038603461880066 1.3091880850402144 -0.5053277388522079
867 -0.7941211586117293 1.357813326258687 -0.3397951489147316
868 -0.9376674524717312 1.340921092429966 -0.17490410651233712
869 -1.0823924333619444 1.2604726854255046 -0.17808025206356012
870 -0.3134202241629107 1.4225305427634503 -0.4639532723960069
871 -0.4823103184027065 1.3999588854192653 -0.4823103184027065
872 -0.46775370403729377 1.4341830741864872 -0.3159875778336297
873 -0.15569978054143951 0.8347123431341578 -1.1936890675577498
874 -0.15899625147465857 0.9663976636087587 -1.1253939150834171
875 -0.14958724729156456 0.5639058170056787 -1.299428004729966
876 -0.15185917431457355 0.6981820352146062 -1.2519694144847118
877 -0.31047305392609004 0.7255937057635237 -1.2406429326949118
878 -0.46165043714194853 0.6081053666987365 -1.2768743514962908
879 -0.4713780836818248 0.7498542438904849 -1.2212323275723096
880 -0.14010689797324663 0.2776291990792073 -1.3678672419360896
881 -0.1414676863957791 0.41384742509846145 -1.340649273560123
882 -0.13784816603525427 0.0 -1.3995959173753332
883 -0.1379522872018637 0.1379522872018637 -1.3870659629580333
884 -0.2839545813122633 0.14329903225201795 -1.3990321308527391
885 -0.43286121179306775 0.0 -1.4269521810674264
886 -0.4335557441912917 0.14820468688369837 -1.4044939227532593
887 -0.6226626983603848 0.4727018089818383 -1.3074412309268948
888 -0.7776896731257097 0.3327643085989126 -1.3297182557254357
889 -0.7828370018193557 0.4921119120941146 -1.2749489139134702
890 -0.6062394098300479 0.16081707579765275 -1.3969787914001928
891 -0.7573245990413305 0.0 -1.4168546698174906
892 -0.7684865488333349 0.16715086738348234 -1.3780383998085994
893 -0.9384832906024098 0.1750562856659687 -1.342087790233704
894 -1.1003297403312997 0.0 -1.3407556679029915
895 -1.1032254731202078 0.1815078009423697 -1.2847332740625774
896 -0.294872928624406 0.4364978697264193 -1.3383493305916754
897 -0.44711410449581196 0.30204464801762343 -1.3708998461438495
898 -0.45723583046098903 0.45723583046098903 -1.3271774191060441
899 -1.2703575413663375 1.0908807515928298 -0.17947678977350762
900 -1.3640254874139173 0.9538236896342351 -0.1779177466019662
901 -1.3419296845344848 0.8239641599982314 -0.5179655245362534
902 -1.4148573904345523 0.6738191359458285 -0.511537828308806
903 -1.391705405451303 0.8139430418380198 -0.3482767007404285
904 -1.4353188620913278 0.8004299727476075 -0.17409877170604313
905 -1.4850862565073033 0.6444749349339179 -0.1709598102340628
906 -1.3712091437772616 0.5292669739636008 -0.8419421698136607
907 -1.4429697107336497 0.36110568239096397 -0.8439251231145491
908 -1.434341806552836 0.5185823657826151 -0.6830984969061572
909 -1.3256956395900248 0.18729498575215794 -1.1384006538378668
910 -1.3990587275139816 0.0 -1.1481778247944585
911 -1.4331018294699207 0.18692777407983352 -1.0021267837143975
912 -1.504290527908393 0.18246477498128374 -0.8388931951356079
913 -1.554644237499171 0.0 -0.8309746573850341
914 -1.5405702667201453 0.17734700546629178 -0.6685530339097253
915 -1.5248369737782081 0.4707046561232791 -0.16090349882360222
916 -1.5492309675913782 0.3144396908813433 -0.1586834880306761
917 -1.5577715401292667 0.16437881261074955 -0.48087128638961685
918 -1.5788327862347968 0.0 -0.4789336896748657
919 -1.562351656295511 0.16002740426556358 -0.3171027316974536
920 -1.5644211860995154 0.15559136085297354 -0.15559136085297354
921 -1.5692774154658382 0.0 -0.1545603349059341
922 -1.4755961225016088 0.5083686693158911 -0.5083686693158911
923 -1.5240446449147032 0.3357864030922815 -0.4970617354283174
924 -1.5040263686410735 0.49053284588557655 -0.3313758597342122
925 -0.3284804523873158 1.0616655114090143 -1.0616655114090143
926 -0.6623911985748988 0.8315906532953742 -1.1555829424293222
927 -0.49897047859086835 0.952169186613814 -1.1175142092995958
928 -0.5092221741135986 1.1404743159744797 -0.9717321647981296
929 -0.6815516462378373 1.1890095437130317 -0.8556453950004803
930 -1.0122520753801305 0.5304560466856172 -1.188030544921532
931 -0.8500255043964395 0.6770752057459694 -1.1812001128414684
932 -1.1760140184052574 0.36386000357768067 -1.1760140184052574
933 -1.2213717030078417 0.5453428852319714 -1.0406601467152603
934 -1.237957675748817 0.7096091838292329 -0.8908698757388818
935 -0.8677659858596043 1.2058523833883754 -0.6912061230826599
936 -1.014040521024406 1.1901295557361387 -0.5313932557358612
937 -1.228838606117118 0.884307531493363 -0.7043820458701603
938 -1.1998348240408152 1.02230981849788 -0.5357266613700251
939 -1.1499514553232293 1.1499514553232293 -0.35579621849701476
940 -0.8791574694934712 0.8791574694934712 -1.0549889633921654
941 -1.0778432874340307 0.8982027395283589 -0.8982027395283589
942 -0.8867970927967621 1.0641565113561144 -0.8867970927967621
943 -1.5652995253490298 -0.15567871712271525 -0.15567871712271525
944 -1.595558289647003 -0.16836613736161118 -0.49253574576699655
945 -1.5790494586168307 -0.16173771445831248 -0.32049180144247463
946 -1.5549527514373662 -0.3156010128413733 -0.15926955469047868
947 -1.5397434307644853 -0.47530615702495027 -0.16247645457257814
948 -1.5888791871037136 -0.19272506073040907 -0.8860654994665177
949 -1.606536993353992 -0.1849409475808785 -0.6971802612299338
950 -1.4156835218818804 -0.2000085216712564 -1.215675000210624
951 -1.5265730784631004 -0.19911977059777788 -1.0674885327521122
952 -1.6216743142028909 -0.40582682054247604 -0.9484410414751903
953 -1.6393354465701875 -0.6327598638435067 -1.0065755827266807
954 -1.6594477606250804 -0.5999688091542195 -0.7903041421497634
955 -1.5154719064236193 -0.6576612328118596 -0.17445773833135006
956 -1.4752949199022685 -0.8227233012262323 -0.17894771694486886
957 -1.6239350045191 -0.7733913601293527 -0.5871292690998441
958 -1.5830255019462325 -0.9720004654486698 -0.6110250364975626
959 -1.531075984628024 -0.8954543392099236 -0.3831544308303038
960 -1.4086432722271705 -0.9850236199336089 -0.1837375027616519
961 -1.312950907727973 -1.1274565044784899 -0.1854944032494832
962 -1.6148110564938307 -0.35578458816346403 -0.5266648774416849
963 -1.6303296931921905 -0.5616770903878512 -0.5616770903878512
964 -1.5807115424023812 -0.5155434423130526 -0.348271584379639
965 -0.9903711195798389 -0.1847349775542699 -1.4162905197118623
966 -1.172316069340191 -0.19287490811241956 -1.3651909774526105
967 -0.6284988154660404 -0.16672182640497077 -1.448271922592988
968 -0.8038489160092483 -0.17484241430146105 -1.4414496591865542
969 -0.8539224408748302 -0.3653834176461752 -1.4600634389822242
970 -0.6952068768147223 -0.5277745867100767 -1.4597664789699754
971 -0.9014245636979304 -0.5666591699409161 -1.4680837336388466
972 -0.2892372210486795 -0.14596494156211295 -1.4250594718902068
973 -0.444694016083357 -0.15201214214246367 -1.4405760999403223
974 -0.1398852675787796 -0.1398852675787796 -1.4065014601307804
975 -0.1440110539594341 -0.28536548983437404 -1.4059836170622755
976 -0.14717846632092224 -0.43055365411469415 -1.3947687205742314
977 -0.5110633476919794 -0.6731941301269819 -1.4135450292167036
978 -0.336710115743534 -0.786911255456573 -1.3454856071456236
979 -0.5305543936435846 -0.8439901587722555 -1.37454455241584
980 -0.157481896193523 -0.5936666323133811 -1.3680068980277371
981 -0.16114652579047845 -0.7408812134793887 -1.3285369320014098
982 -0.16603546001576544 -0.890122307116747 -1.2729286628312975
983 -0.1697113394875777 -1.0315252117427955 -1.2012365512303733
984 -0.47138279746191347 -0.3184391852310263 -1.4453102642425086
985 -0.31134447714209973 -0.4608805618664179 -1.4131092823963496
986 -0.4951733937373051 -0.4951733937373051 -1.437295380039837
987 -1.1143508771271935 -1.297689081432343 -0.18333820430514935
988 -0.9611338893143863 -1.374479514494787 -0.17928132591797338
989 -0.9075486709066163 -1.4780576155788385 -0.5705089446722225
990 -0.7110226101795027 -1.4929756979466546 -0.539781289201799
991 -0.8517512743609804 -1.4563511102096407 -0.3644544009074927
992 -0.795620771471485 -1.4266950754538565 -0.1730527388692342
993 -0.6320059562399455 -1.456353550412225 -0.16765216533464916
994 -0.5509146417178304 -1.4272932779218062 -0.8763786362039756
995 -0.35291730936625465 -1.4102491670506747 -0.8247884159122961
996 -0.5324780149504629 -1.4727756443493762 -0.7014024302567777
997 -0.17310100844957724 -1.2252290214213415 -1.052128012971764
998 -0.17295182223070327 -1.325953695586841 -0.9272011834666001
999 -0.16987545242227187 -1.400500639255925 -0.7810129986582025
1000 -0.1663653237361465 -1.4451750706887057 -0.6271548912186997
1001 -0.45344572933273597 -1.4689270749582166 -0.15500378725199734
1002 -0.29820732237402875 -1.4692547791579131 -0.1504917459305607
1003 -0.15478564522203145 -1.466859804605123 -0.45280757994535875
1004 -0.15055756474834558 -1.4698973699657412 -0.2983377458287643
1005 -0.14557287869955957 -1.4636885641374833 -0.14557287869955957
1006 -0.5130822047420087 -1.4892776788560018 -0.5130822047420087
1007 -0.32554689926591185 -1.4775702765976704 -0.4819042856477751
1008 -0.48400425862841423 -1.484009019207481 -0.3269655205829444
1009 -1.340654153825322 -0.4147998387543144 -1.340654153825322
1010 -1.040548768780938 -0.8288336856566675 -1.445952288189064
1011 -1.2157777911422096 -0.6371107517811542 -1.4268986815085245
1012 -1.49271884426155 -0.6664994770756539 -1.2718593427769016
1013 -1.5780310122960721 -0.9045424739705235 -1.1355964096154982
1014 -0.5706411171649922 -1.088935942490712 -1.2780306334823408
1015 -0.7921541664766644 -0.9944999302953376 -1.3819625691346558
1016 -0.3589454512203816 -1.1601299354900092 -1.1601299354900092
1017 -0.5796782007035189 -1.2982704466541575 -1.106181116005868
1018 -0.8079806245741943 -1.4095728167586057 -1.0143690569639772
1019 -1.5562271405509658 -1.1199057176857923 -0.8920442860789194
1020 -1.4412183478422333 -1.2279787501386006 -0.6435044877214519
1021 -1.0477248095403109 -1.4559241538694294 -0.8345496544699134
1022 -1.1946398269739544 -1.4020900911384693 -0.626033707653125
1023 -1.2767482043717358 -1.2767482043717358 -0.3950272691821004
1024 -1.119172297958378 -1.119172297958378 -1.3430067575500537
1025 -1.123293257288485 -1.3479519087461822 -1.123293257288485
1026 -1.4086802311925513 -1.1739001926604595 -1.1739001926604595
1027 1.6356479596571862 0.08035423158981422 0.0
1028 1.639784323757701 0.08075232962498728 0.08075232962498728
1029 1.6367521483886034 0.0 0.0804084769037397
1030 1.6295938712684044 0.24172741618103738 0.0
1031 1.6414040667389256 0.2444796089990024 0.08201595974263544
1032 1.6413631008846 0.16244996585020366 0.08141910441339233
1033 1.6449235397143274 0.08159571843662633 0.16280235172142815
1034 1.6506667910953141 0.08247878985455909 0.24585924931719322
1035 1.6398402560840708 0.0 0.24324732379136715
1036 1.6152771074132 0.4046058525025372 0.0
1037 1.6357910612861002 0.41333765175295684 0.08456296733474894
1038 1.6398133030282283 0.32949231234746035 0.08373743376264231
1039 1.5888685137698744 0.5685062446433657 0.0
1040 1.617428730177398 0.5834034380245435 0.086557478186828
1041 1.6286871830196843 0.49839534759621834 0.0856494255458627
1042 1.6597189087613742 0.4234903431375615 0.17253589921814222
1043 1.6860263152717854 0.43442184804823664 0.2639531182552726
1044 1.6798216371125436 0.34439598965260315 0.25927961783952863
1045 1.6566678115357742 0.08459811301627818 0.3328789362828655
1046 1.6612182723287041 0.08587743864327836 0.4197626921824561
1047 1.641202517847697 0.0 0.41109982975398635
1048 1.687557723513458 0.2604736788524886 0.34598203728600585
1049 1.702546169698114 0.2665393573011618 0.43867835675416184
1050 1.6819338959346666 0.1748452558012542 0.4291586719679145
1051 1.6631212956484653 0.08746024716746381 0.5089325469502218
1052 1.660388599038565 0.08885649627800017 0.5988989802534364
1053 1.631973554317547 0.0 0.5839294747688176
1054 1.6554389518532997 0.24966012121526068 0.16708392225892846
1055 1.6712765252183077 0.25519747506779705 0.25519747506779705
1056 1.6612644646369146 0.16767189291406268 0.2505386786673915
1057 1.5440337962246256 0.7302735984000038 0.0
1058 1.5764159339493053 0.7620197230884647 0.09227162678646395
1059 1.6001563694876653 0.6785089814849661 0.09152094293607255
1060 1.4742217247500817 0.883614496947981 0.0
1061 1.5052646085294379 0.9207986014410013 0.09328076533367695
1062 1.5449253853824338 0.8435298582662921 0.09297912084216017
1063 1.6134025986127725 0.7974984433758052 0.1905930062134488
1064 1.6524030793112807 0.8351638742009448 0.2951815279796811
1065 1.6749907411862504 0.7438426894272198 0.29164754338055576
1066 1.3761798735845912 1.0206445550125922 0.0
1067 1.399481862042238 1.0613316405241826 0.09367735790020548
1068 1.4559663399206402 0.995252222662519 0.09399766610522485
1069 1.2522701746363036 1.1349915276287268 0.0
1070 1.2653449603456446 1.1730715349979524 0.09227342534769208
1071 1.335336212529794 1.1209702564217168 0.09317570639653773
1072 1.4237281307087544 1.1046995572306622 0.19312732323825416
1073 1.4463037440066908 1.1483304782264137 0.297973265780277
1074 1.513985366523532 1.0830949059798363 0.29987402683511677
1075 1.6902623299973911 0.8753961856797207 0.4093861241621288
1076 1.7209199992306436 0.9122348784229674 0.5272460310583744
1077 1.746294151095702 0.8122941764054026 0.5184703875665613
1078 1.602626888558715 1.0512735587913458 0.4147629662323799
1079 1.6231645059659234 1.0911937053007155 0.5319708006652079
1080 1.6797887852822815 1.006414819879386 0.5320115161554627
1081 1.739625826548531 0.9448182632839177 0.6495922338443036
1082 1.741263152880795 0.9694696846070209 0.7717934682737739
1083 1.775190304563377 0.8659846090221406 0.7616396757672385
1084 1.5385765419147872 0.9634764557627006 0.19343044513101235
1085 1.5723991452831296 1.008011785048478 0.3009363179636075
1086 1.618758184841385 0.9244134976388229 0.29921339065449665
1087 1.6509484538633754 0.09442599618236366 0.7000461800328155
1088 1.6320042539542705 0.0955253522828402 0.7888904209194717
1089 1.5994283296335348 0.0 0.7564732614793528
1090 1.717526634564898 0.29905384629575527 0.7627323540384731
1091 1.6990342113262937 0.30351160734830035 0.8587323590093041
1092 1.6659568610057733 0.19680129846947017 0.8234758048150508
1093 1.60246430035473 0.09644201800143727 0.8749461281072868
1094 1.5615454439948797 0.09676847066873034 0.955226644384985
1095 1.5314641865115035 0.0 0.9179243081549467
1096 1.7716033091986043 0.5259846136219837 0.8240668103135056
1097 1.7496648360858744 0.5360527165243556 0.9274721019810888
1098 1.728536399036776 0.4186562075698159 0.8952185371886556
1099 1.7820421226714018 0.7645794262316237 0.8693271064491014
1100 1.7515244564930768 0.7763416648463775 0.9751827916466992
1101 1.7586133075785584 0.6566823333525658 0.9551306641330818
1102 1.708897027884 0.5412304848822715 1.0238544926475857
1103 1.6495077681594295 0.540604458085454 1.1089033100739754
1104 1.6387637632929728 0.42411525993352206 1.0749782284039
1105 1.5076132683786008 0.09733200880494443 1.0305564181869011
1106 1.4437819822665132 0.0966426826606248 1.0949277310118701
1107 1.4230260695903234 0.0 1.0553880618710103
1108 1.5534866190646022 0.3076980124075278 1.1113538352621564
1109 1.4777214986566538 0.30444607689988207 1.1732754217567716
1110 1.4626807729381124 0.198411210916352 1.134923703045857
1111 1.3701057859622106 0.09560182165895104 1.1501581547805657
1112 1.2894190157175438 0.09402899052619357 1.1953900251913503
1113 1.2798095907566527 0.0 1.1599517994658453
1114 1.6662900395984948 0.3079992411658041 0.9515571986046257
1115 1.617476459074942 0.30956351728312603 1.0369093227231714
1116 1.5906499472262372 0.19997713403109518 0.9960854931567915
1117 1.650559257873143 0.6107671965144074 0.18192599924804045
1118 1.724768578628865 0.670739991085889 0.3920278321413666
1119 1.6875066749200753 0.6404454815955646 0.28391063264744776
1120 1.6901870486159953 0.5363395102419171 0.2743313865831436
1121 1.7156376936198328 0.4558591067300371 0.3664847890668432
1122 1.7827723662566803 0.7288969081478494 0.6290247710215193
1123 1.7588708436190512 0.7021816142684766 0.5097419149872883
1124 1.7920559874397002 0.7506855671133895 0.7506855671133895
1125 1.7915826089933842 0.6321333344169323 0.7324990274157732
1126 1.7772569056204905 0.5150704167858653 0.7095217522570322
1127 1.724806917153734 0.3684434665692233 0.4582954451627473
1128 1.7164263680111447 0.2785902459079524 0.5446659163192796
1129 1.7524825808616038 0.39832703097295635 0.681517604871803
1130 1.7228540053316566 0.28985756197738693 0.6538605621905108
1131 1.6911833106393845 0.1864036157636249 0.625799579448094
1132 1.7567606448969462 0.5888197736413325 0.4942664136096862
1133 1.7663861974652582 0.49697457272104323 0.5920460046597185
1134 1.744044903506604 0.4765360897492299 0.4765360897492299
1135 1.1097964844661412 1.2244717282751243 0.0
1136 1.069929363202059 1.274534641171745 0.0889331573604617
1137 1.149074898447127 1.2394607561697364 0.0903858577226093
1138 0.9578045525541103 1.2914499387462066 0.0
1139 0.9086098388257478 1.3292161638302538 0.08581463301974018
1140 0.9891130411880894 1.3042537391691262 0.08730305667451373
1141 1.0228819299069338 1.3182822139016068 0.17882368814099
1142 0.9683121779312398 1.35353832754682 0.26809439359982434
1143 1.0581060220175755 1.3326674944338726 0.274561472416297
1144 0.8036391875861987 1.3407909821445891 0.0
1145 0.7474242083335221 1.36890783626452 0.08238575683595989
1146 0.8263427939198023 1.350854095840535 0.08371199535292402
1147 0.6513646649472558 1.3771948740151625 0.0
1148 0.5927289454812527 1.3978576899833546 0.07995047003979878
1149 0.6692488898524857 1.3844977784372425 0.08103816990646955
1150 0.6876559816879474 1.3911825872795311 0.16434191424346847
1151 0.6249561162716029 1.4072810330484196 0.24503422379752998
1152 0.7059752264714517 1.3967984897036223 0.24952090542113728
1153 0.9047558961204626 1.3792662381537921 0.35695679402666175
1154 0.8350775296616126 1.3938128110384165 0.4414391102824547
1155 0.9308010565687602 1.384578402348488 0.45377734577972745
1156 0.7253620299250334 1.4005682625184492 0.33922143470936833
1157 0.6550591788020598 1.4082656822996549 0.41811057641146276
1158 0.7428535349487474 1.401384155583382 0.429348391761239
1159 0.759135525463216 1.3977415734495144 0.5219295190825866
1160 0.6790298568372121 1.3919499328372684 0.5972116301024767
1161 0.7727721060601269 1.3879749054783843 0.6152027994182572
1162 0.8521680127790341 1.3608279749753287 0.17108382571504882
1163 0.7908188423607331 1.3848180246913597 0.25597158395091923
1164 0.8787017174725272 1.370688170521907 0.26233151572901814
1165 0.5023319971682904 1.403923881716588 0.0
1166 0.43450533007100073 1.4199034269752198 0.07466990231085988
1167 0.5086730207271566 1.4102459882240421 0.07546999387748975
1168 0.3565305514774165 1.4233497472488068 0.0
1169 0.28839672512938513 1.4352892880797625 0.0732933691102884
1170 0.36087623283896264 1.4281740688394804 0.0738301119194621
1171 0.3653719510764399 1.4319446612165663 0.14885765200927742
1172 0.295314727182559 1.440423475835619 0.2223286330468448
1173 0.36952941510580534 1.4341735364704755 0.22452471449685021
1174 0.21330542929518917 1.43798839941013 0.0
1175 0.1432742154725857 1.4476150201332703 0.0718083149372032
1176 0.21473879250866368 1.4417281210220079 0.07203876116164998
1177 0.07125644900302568 1.4504583407526397 0.0
1178 0.0 1.4591625432558355 0.07168405905176319
1179 0.07157281451054412 1.4533819616925565 0.07157281451054412
1180 0.07220658330127104 1.455643885124361 0.14406885307770528
1181 0.0 1.462326141648507 0.21691559232457258
1182 0.0727930308412376 1.4568234917690919 0.21698717876085213
1183 0.22315476755136807 1.4457758387688378 0.29641206530979874
1184 0.15053081143620736 1.4480397136133834 0.36947873037886514
1185 0.22587299416449863 1.442785804493779 0.37174845365620135
1186 0.0743636014990355 1.4562474334341298 0.292607904391422
1187 0.0 1.4589431619045343 0.3654462377173584
1188 0.07513177477467574 1.453353512400606 0.36723866647753445
1189 0.07610797138996964 1.4472493742774446 0.4428734765469686
1190 0.0 1.4432166742597183 0.5163911831466471
1191 0.0769114351677033 1.4371810215047387 0.5183884355247782
1192 0.21785797553688108 1.4445662243538604 0.1458004781496788
1193 0.14649979666898352 1.4514949527494947 0.2189029111832153
1194 0.22081733357779829 1.4461225600756114 0.22081733357779829
1195 0.5907370124690192 1.3768592294320254 0.6716682140574692
1196 0.5063948387355101 1.3561392732203101 0.7365406591124685
1197 0.5990085501570025 1.3514386419748077 0.7524300918178052
1198 0.41210279993673216 1.3880304959312424 0.6456467186874644
1199 0.332032159807932 1.3708853792239457 0.7099891009099113
1200 0.41753704677970666 1.3628321730189439 0.7224176848549854
1201 0.42141566921591433 1.3305902101642912 0.797198861207265
1202 0.3368369240581261 1.3015238955845319 0.8537593293431119
1203 0.4232474983859644 1.291424859710159 0.8681773613241943
1204 0.24437503229527374 1.4034951631242314 0.6232748582222387
1205 0.1641350300588894 1.389431277052345 0.6867903160560401
1206 0.24655950016811778 1.380220774991356 0.6975964545980267
1207 0.08121757817596498 1.4200118668293278 0.6021229073802463
1208 0.0 1.4086127877071923 0.6662242314555795
1209 0.08188114691716399 1.398899631291609 0.6762105651868319
1210 0.08253862952382127 1.371447943054835 0.748811107623992
1211 0.0 1.3499307286131643 0.8091173407991636
1212 0.08289575442371995 1.3376824781081011 0.8182854682389776
1213 0.25133365179108436 1.2689177350322702 0.9077751775611774
1214 0.16742757403742056 1.234270444059996 0.9576954923108808
1215 0.2512928233750707 1.219726039306421 0.9684332159313502
1216 0.08368234838656902 1.296188379400458 0.8860330972060452
1217 0.0 1.2655391325801475 0.9385877890067039
1218 0.08364682574899365 1.249631907614545 0.9476892259428801
1219 0.08353536239723128 1.1971768044461804 1.0049900368685043
1220 0.0 1.1583414607098366 1.0498595036718639
1221 0.08314763635373122 1.140203067442295 1.0570554310885636
1222 0.24952691852753414 1.3499520887790357 0.7709081836428464
1223 0.1665713060091999 1.3249346751401094 0.8296911659217264
1224 0.2512286262051943 1.3126753187811449 0.8415116449553938
1225 0.5234530239367884 1.4145982948188305 0.15591818778509386
1226 0.3809118486871278 1.433571724039423 0.30623145717221445
1227 0.45263298124383067 1.426399487760465 0.23151647601325193
1228 0.537945485485958 1.4174299352367568 0.23847220021547968
1229 0.5514591712822542 1.4180449409084823 0.32231169500160856
1230 0.2329539324059554 1.435255821000925 0.4554433219316361
1231 0.3068579566778631 1.4365045774592382 0.38169113206677086
1232 0.15759600704573523 1.4298206386571828 0.5290858470094415
1233 0.2393189967498115 1.4224631204706424 0.5398556887396596
1234 0.32166239122812523 1.415188259176545 0.5503482450379126
1235 0.5650425303629228 1.41535581659375 0.41018713054246053
1236 0.5758792665714318 1.4085141962702157 0.4969733301676432
1237 0.40799871184613146 1.407804650551813 0.5620279315479088
1238 0.4944733539944744 1.4014288021122279 0.5729823617323636
1239 0.5848059021340115 1.3960637640060445 0.5848059021340115
1240 0.39066338959013985 1.4297647298021865 0.39066338959013985
1241 0.39994199094788985 1.421505347304089 0.47645105169044677
1242 0.47682247338383366 1.4226134945552726 0.4002537693163231
1243 1.1565642017747757 0.09097496388612321 1.2475391656608987
1244 1.0678024802132198 0.08875636959667171 1.2720010290098338
1245 1.1159096422051142 0.0 1.2312165584549204
1246 1.045814644663285 0.27137205793968017 1.3171867026029653
1247 0.9498277789454534 0.26297666003197956 1.3277002320863434
1248 1.0122331776983309 0.17696203716411216 1.3045581855202235
1249 0.9789623493753836 0.08640711618469295 1.2908689416782626
1250 0.8923875318926101 0.08428249980181254 1.3054843576481752
1251 0.9468021695613613 0.0 1.2766149426040836
1252 0.9035924948456526 0.44051282611243203 1.3441053209580847
1253 0.805609754300938 0.42586183981932696 1.3446286798031357
1254 0.8797522433776637 0.3470920075574093 1.3411491126323771
1255 0.7403047126915658 0.5893555526898686 1.3296602653814344
1256 0.647263106628535 0.569272545415468 1.3268309614486113
1257 0.7274026755059906 0.5001121879714013 1.3393141620829008
1258 0.7128053820840956 0.4119814068834943 1.3446986807919405
1259 0.6257286695966541 0.39938952569244135 1.345210082294349
1260 0.6973752654380688 0.3261331973734239 1.3465299030594189
1261 0.8058622095600304 0.08163722614653003 1.3173737031134822
1262 0.7245005902272726 0.07985897270715477 1.326923217474681
1263 0.782766250493795 0.0 1.3059665904814284
1264 0.679960547965192 0.24032623981287574 1.345327471620896
1265 0.5991911551023741 0.2349322388790693 1.3492632935197661
1266 0.6630351666706231 0.15845782106616582 1.341372725882477
1267 0.6452355543033874 0.07813043737862356 1.3348205802756996
1268 0.568659719620248 0.07670388332296657 1.3410942187234283
1269 0.6270598963784216 0.0 1.3258067584350308
1270 0.8559297750808672 0.25553307884775095 1.335166182302929
1271 0.7656488226726924 0.24782457295104132 1.3407423210298435
1272 0.8310283957046433 0.1668397723018685 1.3270700987540858
1273 0.5708096784362902 0.7170087616340994 1.2878184400703896
1274 0.4805157543494334 0.6989000743100163 1.2868343751321376
1275 0.5611435231983873 0.6380204051906148 1.307884257535366
1276 0.4050445425487946 0.830838938233023 1.2358834807818175
1277 0.321142112997324 0.8139786805828678 1.2408797969916077
1278 0.40037136412880947 0.7573890077161677 1.2641443032507877
1279 0.39474827183597083 0.6829888146205776 1.288450089042101
1280 0.312906424448932 0.6690922683270908 1.291919561618427
1281 0.3885714726514999 0.6087798877646862 1.3087730876179389
1282 0.2436783500273538 0.9390885302665842 1.1827668802939382
1283 0.16177687929203968 0.92537318866891 1.192613712468879
1284 0.24101274495568414 0.8704977856626759 1.2168101814606493
1285 0.08222364016426326 1.045308672753461 1.1275323129177244
1286 0.0 1.0345510483818854 1.1414511831062275
1287 0.08146395283836004 0.9800695013108733 1.167490652315823
1288 0.08054808484788355 0.9125815773300943 1.203338632660187
1289 0.0 0.9009520020800206 1.214793148348271
1290 0.07972934990901787 0.8441785418327215 1.2349588514393157
1291 0.2316702620380729 0.6554699913138989 1.2968719858476845
1292 0.15383003124074465 0.6436711026088467 1.3021976885686397
1293 0.2290698867592694 0.5842393138606623 1.315594621367004
1294 0.07830218219015703 0.7729411266359408 1.263556352693375
1295 0.0 0.7625270192331832 1.2721994731246027
1296 0.07749407446619344 0.7030456414178645 1.2876284672854454
1297 0.0765707725456656 0.6323551553604722 1.3081744640217268
1298 0.0 0.621928798132606 1.3149579626951242
1299 0.07577934503404242 0.5618054684222468 1.3249295488195072
1300 0.2387201932584393 0.7996135852325308 1.2473184705037381
1301 0.15778561419664155 0.7859296618665925 1.255051884361545
1302 0.23550097238985407 0.7275753170941088 1.2740710760314105
1303 0.48543733528821426 0.07202259846558161 1.3458273325480212
1304 0.4126786830201261 0.07091898491061507 1.3485769579953082
1305 0.4787551901249936 0.0 1.3380311202574389
1306 0.34938664332700714 0.21228604039423518 1.3559978106543173
1307 0.27799942727640914 0.20929275435681707 1.355966582290536
1308 0.3455366526657375 0.14077647352904213 1.3542073045881686
1309 0.34107212800325387 0.06977847553159942 1.3497989739754217
1310 0.27125106370954205 0.06893595731748525 1.3499589704005215
1311 0.33644595604388594 0.0 1.3431675476716658
1312 0.21159981165756195 0.3482572277779888 1.3516144575953555
1313 0.14058835596413313 0.3450749170357931 1.35239769695889
1314 0.20915029699172658 0.2778102039751622 1.3550436290470875
1315 0.07167808729539708 0.48311530598082514 1.3393897343624461
1316 0.0 0.4805986272286006 1.3431831818198825
1317 0.07091194339943473 0.41263770835637364 1.3484430584514941
1318 0.07000290181640126 0.34216910740777756 1.3541402893545669
1319 0.0 0.34000294237275314 1.3573678330923147
1320 0.06928394221834465 0.2726203240808494 1.3567734886397556
1321 0.20102895935528675 0.06743950182632358 1.349682097288565
1322 0.13360484194516792 0.0669620736424105 1.3499175362740945
1323 0.1993936614828855 0.0 1.3442028788283005
1324 0.06779797976792186 0.20209753853514065 1.3568563979127608
1325 0.0 0.20171598169820937 1.3598586900300393
1326 0.06720786517179692 0.1340952529591771 1.3548725545066274
1327 0.0665481164118094 0.0665481164118094 1.3513487298070608
1328 0.0 0.06654194585803395 1.3544924246168604
1329 0.06615779075154997 0.0 1.3466727677838524
1330 0.20699378471261998 0.20699378471261998 1.355592774436302
1331 0.1368236596428078 0.20444463470639881 1.3556254404706416
1332 0.20414511205161012 0.1366232054424177 1.3536393745050959
1333 0.5549669167531255 0.5549669167531255 1.3248313669099305
1334 0.3844030300816816 0.5295243185940086 1.3263874559468931
1335 0.4674536457100315 0.5416726538561479 1.3248499589681102
1336 0.5468568712973296 0.4719275310460956 1.3375297762255185
1337 0.5374382062256748 0.3901480398546337 1.3462106839155095
1338 0.22410145854805658 0.505527972685347 1.3320131889134788
1339 0.30208843200880026 0.5168581809254461 1.3290705219831298
1340 0.1471870687333054 0.4941406599660746 1.3353835072563691
1341 0.21814524225521204 0.4264911640261942 1.3440177872800991
1342 0.28850544163857844 0.35886300560247725 1.3505903253171694
1343 0.525507279585705 0.30714357624176714 1.3513111723110232
1344 0.5133876155163017 0.22758565233604316 1.3527225234639868
1345 0.35993347551600663 0.28936603855255993 1.3546190668875875
1346 0.4299848966297973 0.2199322456200487 1.3550277193943188
1347 0.4998500248723262 0.1488876871056888 1.3508127005011432
1348 0.3770095024915581 0.44913156913998387 1.3399968893139595
1349 0.36870454412783904 0.36870454412783904 1.3493989121039547
1350 0.45175433341175125 0.3792111002441834 1.347821981574345
1351 1.2353655432739543 1.2353655432739543 0.18779929375594678
1352 1.1437670887675109 1.3343694668684478 0.38336905933418686
1353 1.1953128459206168 1.2904834247806098 0.28602618800902546
1354 1.327937257993839 1.2300045336316405 0.29432755549239864
1355 1.4224717217551033 1.219284748671743 0.40868114824190444
1356 1.0022819358209727 1.3803259154165666 0.5721265853448427
1357 1.077910163905437 1.3655772070278531 0.482326500743675
1358 0.8251099716107265 1.3658163903627463 0.7303087873244909
1359 0.9166796007445984 1.3799033681343351 0.6556475135943087
1360 1.0726137740054156 1.3661383989132354 0.6974378360960234
1361 1.1360621613359854 1.3365472145536679 0.8242031252965513
1362 1.2340335864505907 1.3389957102031087 0.7364766114114376
1363 1.517046835788452 1.1974718053298623 0.5358260873163387
1364 1.5976443013928143 1.1600811121988421 0.6622021426553207
1365 1.3977597598751537 1.288191199069196 0.7687981101627043
1366 1.455555058956998 1.237218564534157 0.8975912078303852
1367 1.5418177489387712 1.2105471567399977 0.7871252541687711
1368 1.6597855959255994 1.1026073510145928 0.7886308014013969
1369 1.695578442773118 1.0243241263261729 0.9066341896997635
1370 1.231726469052397 1.3323841609835834 0.5055115347075267
1371 1.3190936651949037 1.3190936651949037 0.6360284850601571
1372 1.3823069428871515 1.2778777320889985 0.5244524249071759
1373 0.6184736924074298 1.3016657785780386 0.8647058147434443
1374 0.7142107794977934 1.3357100527100925 0.8069222857832878
1375 0.43151201111449533 1.221709704998895 0.9643492155426414
1376 0.5234060195494751 1.2627815444613708 0.9169306442527941
1377 0.6303284600498418 1.234684825850741 0.9694039431264772
1378 0.6335020311180382 1.1517765655128527 1.0614903058307568
1379 0.7438213460868178 1.2061982267783766 1.0252658114820765
1380 0.2515311526961922 1.1348498738169879 1.0511569589477294
1381 0.3384567802728383 1.1780460171591238 1.0097730028568543
1382 0.1657734790958652 1.0904771789494132 1.0904771789494132
1383 0.2488362657286596 1.0398949376866058 1.1226911725894333
1384 0.33158047144737 0.9892577955513104 1.154112065479772
1385 0.6277335043091126 1.0518246141899696 1.1412887475269697
1386 0.6143177991326327 0.9447805938587379 1.2033232083144545
1387 0.7320152743106548 1.008992600416431 1.1870532225155332
1388 0.4191636355814266 0.9367528892485373 1.1867486150613125
1389 0.5052512501601705 0.8851261487547775 1.2189809253005526
1390 0.5946889432810621 0.8314516745524088 1.251607393928977
1391 0.6858717027388668 0.7749045212077087 1.2827105870088915
1392 0.4313250597385302 1.1368497816047145 1.0509641350774181
1393 0.4269542298916622 1.0403141964618208 1.1253295213169037
1394 0.5279298164662358 1.09490202550009 1.09490202550009
1395 1.6991213459571544 0.9085285975763996 1.0264644467720445
1396 1.6689839202110746 0.7930012947172873 1.108717863118733
1397 1.4510980353476404 0.8948427132404803 1.2334301043738
1398 1.39115475604466 0.7651652151486464 1.2821039528567137
1399 1.54476391247547 0.7886293228073913 1.2128603159282976
1400 1.6114110814024238 0.6679082883924415 1.1700774433290078
1401 1.5336629407376656 0.5416949519362947 1.2105876279410634
1402 1.114477815300858 0.8085438717230377 1.3111537998682545
1403 1.0469413871087583 0.6807450670876942 1.3334406708201936
1404 1.2168449465795774 0.7262183563801576 1.320345071108502
1405 0.7938590240182091 0.7026484239495587 1.3140862478304673
1406 0.8857889800120465 0.6335532522403623 1.3334028552419521
1407 0.9748998734112753 0.5564962469078565 1.342615797124651
1408 1.0571922602006225 0.4730559749324311 1.3393302172284562
1409 1.4399956738506277 0.4137158415539786 1.2343055657465207
1410 1.3440879146171258 0.29790723010045245 1.2449641115395471
1411 1.1328731083810473 0.3797176034965617 1.3216600656773145
1412 1.1958423893243315 0.2861529023513558 1.2910551303282645
1413 1.2480807087995147 0.18973224317216722 1.2480807087995147
1414 1.310568893343361 0.631918088756026 1.310568893343361
1415 1.2218404245702252 0.5014542138299342 1.3216902208809902
1416 1.3858826636599193 0.5258090667440115 1.2811833177081693
1417 0.8564768849686643 1.3249559592919746 0.8564768849686643
1418 0.8855584875613312 1.1799911187307035 1.0810933769898414
1419 0.8776319145295244 1.2629470251616859 0.9760372637344793
1420 1.0118742063064015 1.3093183694676669 0.9098557298374987
1421 1.173726212396172 1.281097947621526 0.9614370336397046
1422 0.8597534258562736 0.956154131779664 1.2372191730742041
1423 0.8790623794964348 1.0731629020366744 1.1713351689198654
1424 0.8299973542055077 0.8299973542055077 1.2839925512892205
1425 0.9901561138879247 0.8903272838064239 1.2812161635056174
1426 1.158890249705607 0.9492844176294626 1.2649048004010417
1427 1.341436877835851 1.2290079995163397 1.0067201302100788
1428 1.4890991067069235 1.1508132871634997 1.0347867914539735
1429 1.3342878912089984 1.0013549662826742 1.2224581857323231
1430 1.4874940467592346 1.0336714225534889 1.149572856418377
1431 1.6122241153454713 1.0421725178852994 1.0421725178852994
1432 1.0363735822541402 1.1400109404795546 1.1400109404795546
1433 1.190246829058804 1.0820425718716395 1.190246829058804
1434 1.1955286646665808 1.1955286646665808 1.0868442406059824
1435 -0.07183261705776174 1.4621865109373715 0.0
1436 -0.0721445623448229 1.4649920680529143 0.0721445623448229
1437 -0.21837164732948136 1.4721420671637657 0.0
1438 -0.2198298956874403 1.475909120803734 0.07374668156886009
1439 -0.14556074218915546 1.4707176447606285 0.07295431060735354
1440 -0.07277682392074586 1.4671396135307961 0.1452066151524358
1441 -0.073360882035869 1.4681880269534069 0.21867987416390228
1442 -0.3699399507276589 1.476883069861693 0.0
1443 -0.37467296100381936 1.482774864366706 0.07665272502567991
1444 -0.29742673941413 1.4802297525329804 0.07558826399769067
1445 -0.5266335897783508 1.471842283135045 0.0
1446 -0.5340026757792452 1.4804699689833185 0.07922806405972066
1447 -0.45383674448017197 1.4830758201962078 0.07799201305511172
1448 -0.379611094369569 1.4877498897208974 0.15465887848819618
1449 -0.38426304774737313 1.4913559559662657 0.23347681553974636
1450 -0.3047814507164319 1.4865982499402859 0.22945568601436322
1451 -0.07494594780703061 1.4676514039155584 0.29489933634707766
1452 -0.07571957660442595 1.4647239858976722 0.37011179919345805
1453 -0.22853818879707744 1.4806539659644389 0.30356275730434035
1454 -0.23140760652444858 1.4781386813432182 0.38085748235619493
1455 -0.15293459623533076 1.471163058388456 0.37537883380095105
1456 -0.07670890365789863 1.4586765458714308 0.4463703108181557
1457 -0.07752760128608498 1.4486948133030777 0.5225414381236086
1458 -0.2230456525883159 1.478964519999868 0.14927230787141083
1459 -0.22610487876733565 1.4807504502965356 0.22610487876733565
1460 -0.1488153104193757 1.4744366673329652 0.22236279790231359
1461 -0.6870263176269049 1.452595103582879 0.0
1462 -0.707342900807657 1.4633041453044688 0.08565090663119469
1463 -0.6249703030091556 1.473893844281993 0.08429935785560155
1464 -0.8481994971162568 1.4151353671650932 0.0
1465 -0.8731326367851782 1.4273432373245503 0.08845200293492338
1466 -0.7905740992510426 1.4479368844975886 0.08714200687575353
1467 -0.7286706054525239 1.474158423925409 0.1741439401996753
1468 -0.7504012158181363 1.4846969774921985 0.26522289136959576
1469 -0.6626690463606718 1.4922033017217011 0.2598207957037875
1470 -1.0053596812817973 1.3555706071212608 0.0
1471 -1.0368293253471197 1.3671728792897726 0.09151468596941134
1472 -0.9571301439886709 1.4001970966142123 0.09039718540211711
1473 -1.1515332227864696 1.2705211227532867 0.0
1474 -1.1865862464815093 1.279922734638219 0.09333648815670974
1475 -1.114014538364747 1.3270503350478453 0.09259754302445851
1476 -1.0709450894330208 1.380225637179131 0.18722625269792337
1477 -1.1069096965497787 1.394134936547076 0.2872252399972974
1478 -1.0210740854390952 1.4272906418045403 0.2827024631055793
1479 -0.7738468748188068 1.4941854249419728 0.36189576555106795
1480 -0.7956324168583457 1.5009508741595015 0.45985309692954096
1481 -0.6998101609591346 1.5044726731493412 0.44667419257037405
1482 -0.9615995738529953 1.4659222808335495 0.37938354697858506
1483 -0.9919285485341295 1.475506323591913 0.4835777750577832
1484 -0.8937647070117762 1.4917665180043886 0.4724623559503661
1485 -0.8164156799947553 1.5032073969248305 0.5613114245590561
1486 -0.8344102575642943 1.4986831037129649 0.6642728461486705
1487 -0.7313514217237163 1.4992044195087875 0.6432288217483998
1488 -0.9017584994149538 1.4400190740248284 0.18103976168720093
1489 -0.9316525163486108 1.4532862037292353 0.2781396825415061
1490 -0.8406852237050244 1.4721400003609881 0.27211229271361753
1491 -0.0819141262772298 1.4321903458215295 0.6072869073083786
1492 -0.08260079620124597 1.4111944898282147 0.6821537458510901
1493 -0.2512759881095232 1.443128746044971 0.640875642624498
1494 -0.25376884335573485 1.4205781136248572 0.7179940147984364
1495 -0.1671571077700787 1.4150136849764952 0.6994355978442661
1496 -0.08328374848153731 1.3838287139470378 0.7555710133221832
1497 -0.08366126506308214 1.3500354650155597 0.825842022085759
1498 -0.43352729262934026 1.4601917363347572 0.6792127449523906
1499 -0.4402958229660481 1.437116341680145 0.7617946515923681
1500 -0.34585942759916377 1.427975027589872 0.7395561447553513
1501 -0.6345043169379853 1.4788697956120442 0.7214316563444406
1502 -0.6454839395754413 1.456292966916318 0.8108090273408766
1503 -0.5403433029239745 1.4470541918368798 0.7859179873879002
1504 -0.44531960968969525 1.4060652138297738 0.8424183333724087
1505 -0.44796737184103197 1.3668508438695544 0.9188834720285223
1506 -0.35185887721752757 1.359568099170534 0.8918345275734019
1507 -0.0844753179833635 1.308470993313667 0.8944291009199037
1508 -0.08444767577900365 1.261596112373703 0.9567625761655648
1509 -0.2593566515324663 1.3094237579521986 0.9367529127864636
1510 -0.2594074950784544 1.259113062955191 0.9997055678767366
1511 -0.17080640965565458 1.2591791065840756 0.9770226291904901
1512 -0.08433741336742427 1.2086712995910345 1.014639282540914
1513 -0.08393914304063758 1.1510569941669504 1.0671178511263129
1514 -0.2571111617469308 1.3909831929029903 0.7943395440711022
1515 -0.25910129653169306 1.3538102013245654 0.8678818236118359
1516 -0.16982112525280513 1.3507842545601827 0.8458785056374439
1517 -0.5507677409991293 1.4884145694660704 0.16405427830223845
1518 -0.5836847650484775 1.5009111667103114 0.3411466084278801
1519 -0.5675741222677902 1.4954982857442212 0.25160662813314505
1520 -0.47435548233426683 1.4948544296498696 0.24262728125955071
1521 -0.39686051290003393 1.4935949397273165 0.3190532759176854
1522 -0.6141036921714305 1.502005400463785 0.5299603140493078
1523 -0.600286949157584 1.5036383625313983 0.4357724736558954
1524 -0.6259750307889884 1.4943437719560078 0.6259750307889884
1525 -0.5245028952530549 1.4865380677461097 0.6077797827320667
1526 -0.4282213571673564 1.4775831407849318 0.5898851065592882
1527 -0.31731986871006795 1.4854802816773793 0.3947043812273501
1528 -0.23892231241196435 1.4720276928345462 0.4671119758513738
1529 -0.33381347234829123 1.4686482464380497 0.5711381364027814
1530 -0.24575865255942247 1.4607391162006107 0.5543822615130624
1531 -0.16026990026570262 1.454080058569804 0.5380627182234988
1532 -0.5025279523505248 1.4993065266653265 0.4218314327504402
1533 -0.41864615184895065 1.4879851502242036 0.4987333259552136
1534 -0.4079060428966921 1.4928700480962294 0.4079060428966921
1535 -1.2785146139382124 1.1587781008925067 0.0
1536 -1.3442737419072406 1.1284730145316257 0.09379934005925832
1537 -1.2873007431520644 1.1934262245458314 0.09387451860623315
1538 -1.3795299505213392 1.0231291414027848 0.0
1539 -1.4353466196995213 0.9811572385835144 0.0926664501812128
1540 -1.393881027396913 1.0570841092173082 0.09330245386904903
1541 -1.410718711242503 1.0946052845853353 0.19136260825917314
1542 -1.4759428081103916 1.0558795166248347 0.29233896379243096
1543 -1.428884640024017 1.1345001275206306 0.2943845125033861
1544 -1.4523311083648307 0.870493766422582 0.0
1545 -1.4961985031039315 0.8169249616861451 0.09004656324520344
1546 -1.4697614726312542 0.8990806671345841 0.0910806473812835
1547 -1.5003897224270535 0.7096314888173509 0.0
1548 -1.53169093962032 0.6494778130491611 0.08760506270119948
1549 -1.5165176549901722 0.7330656450669581 0.0887656284504649
1550 -1.536864058234612 0.7596657493772201 0.18155142507653618
1551 -1.5727634255532734 0.6984448018308349 0.2738478357537354
1552 -1.5608652217005032 0.7888984606614498 0.2788294132833094
1553 -1.5382763534870194 1.009061602597482 0.3981089221778836
1554 -1.5916815605635786 0.9536269828178088 0.5041067827642524
1555 -1.5590625192979861 1.0481003009709438 0.5109622183270421
1556 -1.5873759186149565 0.8221107456127952 0.3844667560632904
1557 -1.6229982175049544 0.7549426879592028 0.4818641317223976
1558 -1.6125412226492268 0.8547848516218505 0.4940415358877329
1559 -1.6328529916199772 0.8868282501882583 0.6097222783075211
1560 -1.6575022296863802 0.8085732648710741 0.7111459867466503
1561 -1.6436147487965431 0.9151027341817973 0.7285120146147456
1562 -1.4903348231037987 0.9332668698281152 0.18736547735769538
1563 -1.5419660900891972 0.8805603455339348 0.28501903892152614
1564 -1.5139246065463745 0.970525740650184 0.28974506767906805
1565 -1.5308736089235289 0.5477553358822519 0.0
1566 -1.551660497088051 0.47482437441651654 0.08159874505268525
1567 -1.5434022048931428 0.5567022124619752 0.08259591300130308
1568 -1.5505785720763434 0.38839971305717824 0.0
1569 -1.5625318678296118 0.31396393558767977 0.07979103995727709
1570 -1.557903653713549 0.39365677752085765 0.08053654216455175
1571 -1.5674926039066963 0.3999580755451144 0.1629485236958958
1572 -1.577956309261282 0.32351162334754424 0.2435567561422758
1573 -1.5795118323360915 0.4069773069389435 0.24727791594344375
1574 -1.5627516888679174 0.23181231504544275 0.0
1575 -1.5671704901633123 0.15510693061838018 0.07773881215157463
1576 -1.5656819777845823 0.23320115107673986 0.07823235768805646
1577 -1.5670270122384296 0.07698310061493445 0.0
1578 -1.564185248472744 0.0 0.07684349371333732
1579 -1.5667591880895202 0.07715615557883405 0.07715615557883405
1580 -1.566869599319797 0.077723886591842 0.15507715067070904
1581 -1.5615841054745014 0.0 0.23163912040974705
1582 -1.567506959330281 0.07832354645504938 0.2334729737094261
1583 -1.5825699738266252 0.2442688729283163 0.3244575139937903
1584 -1.580540477674688 0.16430491399883287 0.40328734323619964
1585 -1.5904327974253267 0.24898762993992782 0.4097912047966238
1586 -1.568809479115825 0.08011160758427227 0.31522531373048
1587 -1.5593976695136158 0.0 0.39060878196587157
1588 -1.5702592979700867 0.08117527284745688 0.3967788467775981
1589 -1.5712072153418561 0.08262666815983542 0.4808058750631959
1590 -1.55388158462967 0.0 0.5559877212257748
1591 -1.5703176372817809 0.08403630534032938 0.5664105572554587
1592 -1.5697937054806097 0.23674378711125835 0.1584397232863472
1593 -1.5720341313291875 0.15866585010177073 0.23708167029825447
1594 -1.5754770916654348 0.2405692713045539 0.2405692713045539
1595 -1.6628025713729782 0.7134200812554241 0.8111589112163438
1596 -1.6474173715573974 0.615160751313453 0.8947383949724285
1597 -1.6508157003899788 0.7317037478091077 0.919111952580871
1598 -1.6435619695869412 0.4879694585398074 0.7645079814412669
1599 -1.6179366783962286 0.3918686550326203 0.8379383317035537
1600 -1.6353911649302197 0.501042175884335 0.8668972765619941
1601 -1.6135921756348226 0.5110461668380617 0.9667543282993225
1602 -1.5645688228969008 0.4049134645700456 1.0263086474856384
1603 -1.5766970284634612 0.5167416965780856 1.0599553318853754
1604 -1.605804583320121 0.2796009257596693 0.7131179716882844
1605 -1.57629964444464 0.1862099938268415 0.7791586017149755
1606 -1.597372427193617 0.28535097744319776 0.807350071867952
1607 -1.5659659856580663 0.08956542394611719 0.6640113467842844
1608 -1.5350674055047442 0.0 0.7260328114226212
1609 -1.5553958698819326 0.09104126907129348 0.7518588873249026
1610 -1.5370157331409062 0.0925030897544825 0.8392111850815804
1611 -1.4893209141788228 0.0 0.8926646028088624
1612 -1.5093091763730684 0.09353140590661012 0.9232727394714482
1613 -1.5029941632547645 0.2976970068606523 1.0752318733943056
1614 -1.43468179824877 0.19461317748669965 1.1131987302261999
1615 -1.4467579532659889 0.2980668437834465 1.1486911094825423
1616 -1.4701536690803148 0.09491360474522714 1.0049502290605108
1617 -1.40645350604076 0.0 1.0430970110613487
1618 -1.4210545068569496 0.09512136973342263 1.0776917886137278
1619 -1.3615035708787895 0.0950015852095446 1.1429368818476697
1620 -1.2860166112346396 0.0 1.1655775149041125
1621 -1.2933858530355042 0.0943182663194328 1.1990675867160714
1622 -1.5787757513589544 0.291822985094899 0.9015809945968526
1623 -1.5286397406481098 0.192181186585968 0.9572539027695802
1624 -1.5475194830586287 0.2961746809680141 0.9920622770590122
1625 -1.559099764262281 0.5769238441834443 0.17184525862239572
1626 -1.5950161609686195 0.4238089691448842 0.3407183017047423
1627 -1.580553561336994 0.5015500051859638 0.2565369616372055
1628 -1.5789681294805318 0.5992527431970615 0.26564981770647333
1629 -1.601779071630871 0.6229109768925343 0.3640731775853979
1630 -1.5993516964919199 0.2595880549978196 0.5075151334897867
1631 -1.601649811142227 0.3421353444135023 0.4255715847913846
1632 -1.5875797203306583 0.17498434280950706 0.5874624678903875
1633 -1.6056399467584563 0.27013715552253936 0.6093752778900862
1634 -1.6237017792720119 0.369056055669864 0.6314364317912355
1635 -1.62598087782145 0.6491288895375112 0.4712288053442382
1636 -1.6467771893105616 0.6732944847116014 0.581040891162431
1637 -1.6409322579993115 0.4755618950598449 0.6550978237016769
1638 -1.6539968474049573 0.5835882403729286 0.6762462841462871
1639 -1.660594546083663 0.6956168598020221 0.6956168598020221
1640 -1.612447807512721 0.44057900778351233 0.44057900778351233
1641 -1.6290495128557976 0.45833475530701834 0.5460143749216005
1642 -1.6213670948243362 0.5434394312834656 0.4561732990953877
1643 -0.08297967606498265 1.054920152886865 1.1378998289518476
1644 -0.08218647503562243 0.9887619590775869 1.177845390601949
1645 -0.2508832825660993 0.9668549260408533 1.2177382086069528
1646 -0.2478009941060044 0.8950158079563386 1.2510822722661379
1647 -0.16471301768212204 0.9421680715736478 1.2142588259179847
1648 -0.08123007457194378 0.9203082819349421 1.213527137869079
1649 -0.08037066137027302 0.8509687812469494 1.2448923736179152
1650 -0.42602235935507593 0.8738692354247894 1.2998915947798653
1651 -0.4199177967158068 0.7943653114877179 1.3258607835427663
1652 -0.3336059627776854 0.8455700153490003 1.28903959528414
1653 -0.608933128418906 0.764896610586026 1.373829739004932
1654 -0.5960208664816221 0.6776759581349093 1.3891745626694283
1655 -0.5079237374802744 0.7387644102312534 1.3602337060106
1656 -0.4127612353436582 0.714154632109023 1.347244024548007
1657 -0.40507487716564644 0.6346359823444038 1.3643592878472057
1658 -0.3236006960555775 0.691959981765695 1.336073780280501
1659 -0.07889293522991629 0.7787726029414956 1.2730892895207038
1660 -0.07804779335979115 0.708069117824237 1.296828967003411
1661 -0.23710364272771367 0.6708427800443691 1.3272876254850365
1662 -0.2341493255968033 0.5971943465069074 1.3447668644268038
1663 -0.15605349786962094 0.6529747555112048 1.3210197162402124
1664 -0.07709033557633024 0.6366459356419374 1.3170509460862099
1665 -0.07627272782759668 0.5654632613382413 1.3335558762411217
1666 -0.24509110478468335 0.8209534950958919 1.2806066289630704
1667 -0.2414030235895891 0.745809580543536 1.3060014440741832
1668 -0.16034897042283522 0.7986977313915196 1.2754412277015843
1669 -0.7889139588390347 0.6280533059770547 1.4169672648160894
1670 -0.7714320995003501 0.5303837999827573 1.420382369679166
1671 -0.6882813804964852 0.6053484115265235 1.4109147215081956
1672 -0.9488134300516395 0.4625586067941753 1.411372036845815
1673 -0.9207783533035229 0.3632781951615079 1.4036918697961167
1674 -0.8495407005774958 0.4490846390797122 1.4179530281976123
1675 -0.7524621069672048 0.4349018753877676 1.4195106097913128
1676 -0.7330332068138895 0.3428089227812434 1.4153801860041706
1677 -0.6593017737100515 0.4208185360277294 1.4173865388667675
1678 -1.0776274641728631 0.27962697227199707 1.3572544364448602
1679 -1.042930022090095 0.1823285636105465 1.3441200379700462
1680 -0.9859819298350643 0.2729865776802063 1.3782376827601013
1681 -1.175624412129563 0.09247423383242434 1.2680986459619872
1682 -1.1376746370379636 0.0 1.2552305296756872
1683 -1.093479282709542 0.09089064050786987 1.302588070904026
1684 -1.008702391014364 0.08903209071499697 1.330084439700707
1685 -0.9755285817416122 0.0 1.3153480256236356
1686 -0.9237940085889602 0.08724871825661532 1.351429266771873
1687 -0.7118907008871542 0.25161167925689787 1.4085024779172481
1688 -0.6917576937867987 0.16532217651988493 1.3994806761523262
1689 -0.6263683548651624 0.2455879375361109 1.410461122874105
1690 -0.8368565053173 0.08477707847112297 1.3680412610319024
1691 -0.8111502534752284 0.0 1.3533224385069316
1692 -0.7535018045731428 0.08305566739058445 1.3800389570193832
1693 -0.6710933388458951 0.08126151098805831 1.388313452355475
1694 -0.6503963605737101 0.0 1.3751475664292627
1695 -0.5907037198795544 0.07967729671154004 1.3930815149663127
1696 -0.8932003828732022 0.2666600117305363 1.3933046611442572
1697 -0.8649759624466353 0.1736551883992138 1.3812810029561704
1698 -0.8012486435382751 0.2593474933055054 1.4030818493385968
1699 -0.07210980024157361 0.486025081338368 1.3474568007437966
1700 -0.07133227258823528 0.4150836104838189 1.3564359289008348
1701 -0.21554376180318954 0.3547482975641644 1.3768068242383484
1702 -0.2129801931256893 0.28289737928154945 1.3798567726614308
1703 -0.14228516444808909 0.3492397430828102 1.3687202428066256
1704 -0.07041518460322929 0.34418431577068986 1.362115512063412
1705 -0.06969405702615011 0.2742340548853399 1.3648046843355128
1706 -0.35991611351488545 0.2186837077817138 1.3968635357608992
1707 -0.35558185808729664 0.1448690309588031 1.3935758938623244
1708 -0.28474032179177095 0.21436765826496826 1.3888458863492743
1709 -0.5028438115318734 0.07460513499102917 1.3940850782736476
1710 -0.4949730290026541 0.0 1.383356943494917
1711 -0.4260282757138343 0.07321311737192705 1.3922015837540354
1712 -0.3506405875397988 0.07173604539682021 1.3876663216844392
1713 -0.3455493732772191 0.0 1.3795104264641609
1714 -0.2775374191413958 0.0705335765998076 1.3812448270910016
1715 -0.06819889153033958 0.20329260777808497 1.3648799362497002
1716 -0.06760999865931691 0.13489760238055076 1.3629793382007107
1717 -0.20458422233873375 0.06863219150264771 1.3735516672017762
1718 -0.20288069958805552 0.0 1.3677105802501726
1719 -0.13520549604263313 0.06776431341149372 1.3660902363365972
1720 -0.06694897159388703 0.06694897159388703 1.3594886317358412
1721 -0.06655747525690706 0.0 1.3548085327928572
1722 -0.21074539024519698 0.21074539024519698 1.380161866496517
1723 -0.20780442171596405 0.13907218210919217 1.3779034168590671
1724 -0.1384616046113937 0.20689208466970152 1.3718539193412014
1725 -0.5869455853966214 0.5869455853966214 1.4011716711911115
1726 -0.563741445042577 0.409242620305681 1.4120967722261455
1727 -0.575914734025242 0.49700393793502734 1.4086009443354732
1728 -0.49046536043570543 0.5683380070941212 1.3900694081902616
1729 -0.399637147683657 0.5505096779988315 1.3789529689850872
1730 -0.5347199781627417 0.23704232702399136 1.4089310617270703
1731 -0.5491349010135969 0.32095322726919073 1.4120682161255578
1732 -0.5191027760935392 0.15462240243451128 1.4028420284497534
1733 -0.4455753612714588 0.22790658594171054 1.404158542158721
1734 -0.3714608354552055 0.2986333801794909 1.3980025880844662
1735 -0.3110565643695293 0.5322022063402624 1.368526784106867
1736 -0.22875745378800483 0.5160309647217818 1.3596874713894203
1737 -0.2960522734625261 0.36825027655215675 1.385919565522587
1738 -0.22241735986874092 0.4348434911043118 1.3703387925084323
1739 -0.14908475767806328 0.5005116358652693 1.352600661864728
1740 -0.4707610006096567 0.39516565484836347 1.4045289170725286
1741 -0.38130410009249144 0.38130410009249144 1.3955112461732626
1742 -0.3908571659301368 0.4656282960606282 1.3892153461680479
1743 -1.2620308734241952 1.2620308734241952 0.19185293617559285
1744 -1.4163880590839597 1.214070081133863 0.4069332904757819
1745 -1.3397100864739924 1.2409091394909058 0.2969369165950682
1746 -1.2302017999521515 1.3281502306208426 0.29437475931344925
1747 -1.1892228983575603 1.3874002324888397 0.3986049855423708
1748 -1.5534695923972601 1.1280049826761778 0.6438923180450936
1749 -1.4911313259845658 1.1770155533679547 0.5266726413636913
1750 -1.6272479266388162 0.9830446464300897 0.8700975243563019
1751 -1.6006990513643231 1.0633557401202451 0.7605564108874744
1752 -1.5257320813334954 1.1979176100914173 0.7789132361069788
1753 -1.4707728647613194 1.250153665639898 0.9069755101337392
1754 -1.4208818417574292 1.3095007711716045 0.781515755472302
1755 -1.1346654643160647 1.4374790660269035 0.5077224811902568
1756 -1.06781626691696 1.470578699915956 0.6095351544637645
1757 -1.2870642823914014 1.39653699202354 0.768125561388248
1758 -1.2050933146170555 1.4177605484497129 0.8742846210222562
1759 -1.1409052397586783 1.4531180703892137 0.7418424981030403
1760 -0.9867993109479286 1.4854565234609989 0.7058000571999736
1761 -0.8943947687916064 1.480504510550984 0.7916330931141967
1762 -1.3933250862930773 1.2880634872715544 0.5286327497307954
1763 -1.3512677844369267 1.3512677844369267 0.6515419067826588
1764 -1.2716384470737174 1.3755577784102218 0.5218917666581259
1765 -1.6044503954333789 0.7623388251262617 1.0658477846089307
1766 -1.628734679119487 0.8708924982699785 0.9839428156904488
1767 -1.4966195904255672 0.5286111149771647 1.1813476819306685
1768 -1.5587174020000962 0.6460674647659348 1.1318155209764478
1769 -1.5203459152051062 0.7761635029522518 1.1936887003535843
1770 -1.4030211534091384 0.77169199044304 1.2930401588403115
1771 -1.4586354957508978 0.8994908082374373 1.2398369289614137
1772 -1.3406117353333988 0.2971367604529795 1.2417442935451637
1773 -1.4205235971688275 0.4081214451696668 1.2176148957247703
1774 -1.2578216523901606 0.1912130537199438 1.2578216523901606
1775 -1.214151061891894 0.29053398119600926 1.310821535883772
1776 -1.161744296587064 0.3893946788146911 1.355342475665028
1777 -1.2562083800430082 0.7497106246692653 1.3630566059687486
1778 -1.1003850589004307 0.7154953562511651 1.4015093960062184
1779 -1.170999475435206 0.8495498399835205 1.3776500445153552
1780 -1.0974668905433622 0.49107744107352114 1.3903531308804167
1781 -1.0245397207231668 0.5848318631896456 1.41097896444623
1782 -0.941306926569298 0.6732620049938398 1.4169755685258796
1783 -0.8505207410513288 0.7527999810485485 1.4078792020943167
1784 -1.3832103106308276 0.5247951660083414 1.2787128530651832
1785 -1.2460815243522383 0.5114029775057131 1.3479123231138221
1786 -1.3287889400763044 0.640703263779641 1.3287889400763044
1787 -0.7759314020375992 1.4511393606294063 0.8766548454833918
1788 -0.6695258164451866 1.4091122287657574 0.9360832541598498
1789 -0.8117794261855432 1.3164006512470847 1.1189376273095444
1790 -0.68806778944206 1.2509831325480516 1.152920199731856
1791 -0.6842371387245831 1.3402809265505309 1.0523119648773913
1792 -0.5619219602664236 1.355705999451009 0.9844049281098901
1793 -0.45788600944423 1.2963805574644873 1.023290204309821
1794 -0.7959672497863521 1.097142496055914 1.2907592533031422
1795 -0.6634911814247181 1.0204060394986887 1.299643829704443
1796 -0.6805943049780655 1.1403976963780684 1.2373955134947046
1797 -0.7378858443485885 0.8336706043383568 1.379986928707409
1798 -0.6386994775426496 0.8929840652638475 1.3442338177340913
1799 -0.5392056862497799 0.944609344965789 1.3009001880622966
1800 -0.44297461333679033 0.9899660029701752 1.2541629670607104
1801 -0.3541532731198412 1.2326798491859847 1.0566028955943032
1802 -0.25969096228506117 1.1716650308384458 1.0852570715623602
1803 -0.3461593168547492 1.03275322942422 1.204855769751546
1804 -0.2566724618090908 1.0726426588071512 1.1580462609661948
1805 -0.169063964044046 1.1121223707089027 1.1121223707089027
1806 -0.5675447311562378 1.1770615265951954 1.1770615265951954
1807 -0.4525825403986432 1.1027599889733721 1.1928784349376915
1808 -0.45786020117830967 1.2067888428059126 1.1156195065722259
1809 -1.5803549291332097 1.021571666104422 1.021571666104422
1810 -1.373492179069017 1.0307769587978233 1.2583766729838717
1811 -1.4941688085766005 1.038309767532411 1.154731280430237
1812 -1.498474938657341 1.1580591661907285 1.0413021315125945
1813 -1.3863065796239635 1.2701170694581685 1.0403938965817705
1814 -1.0588584501143958 0.9521029609402959 1.3701138054121298
1815 -1.2200890891152005 0.9994143627586868 1.3317020711243321
1816 -0.8942767012639701 0.8942767012639701 1.3834316668558044
1817 -0.9307707143075237 1.0351343041620218 1.3394158590648644
1818 -0.9550121774223062 1.1658827219861043 1.272536939645046
1819 -1.243340498847861 1.3570805051860608 1.0184603431289072
1820 -1.0906934982507563 1.411306883620907 0.980728358026215
1821 -0.9640625613709249 1.2845964171730435 1.1769314672508142
1822 -0.9557087297582653 1.3753026493074845 1.062868519338732
1823 -0.9313040024947942 1.4407123060455875 0.9313040024947942
1824 -1.255183381899664 1.141075801726967 1.255183381899664
1825 -1.1148135707754927 1.2262949278530424 1.2262949278530424
1826 -1.2634466313695563 1.2634466313695563 1.1485878466995962
1827 -1.562006617705 -0.07673646444690721 0.0
1828 -1.559261195938426 -0.07678691169417291 0.07678691169417291
1829 -1.5477780731315007 -0.2295911889681617 0.0
1830 -1.5422757307592982 -0.229714897912859 0.07706281884466501
1831 -1.5518968241415514 -0.1535952562531497 0.07698116857598139
1832 -1.556506862861624 -0.07720984754634272 0.15405152374950096
1833 -1.5537184077264052 -0.0776345745460791 0.2314192321761329
1834 -1.5259329899571832 -0.3822263161100046 0.0
1835 -1.516400884707424 -0.38316970647111753 0.07839103753206693
1836 -1.530143441395181 -0.3074560377071901 0.07813711770392001
1837 -1.4971623212003542 -0.5356932442620199 0.0
1838 -1.4830641429006879 -0.5349383893312488 0.07936689252744604
1839 -1.5006800965251363 -0.4592238375399141 0.07891778699773452
1840 -1.507307438206364 -0.38460135680215213 0.1566919813206274
1841 -1.4981662989310391 -0.38601780195838453 0.23454299774915632
1842 -1.515397680110093 -0.3106858920187898 0.2339008634566892
1843 -1.5505599181646705 -0.07917968966500515 0.31155837797259983
1844 -1.5471369202329417 -0.07997995095118081 0.3909362000343752
1845 -1.5240512302924702 -0.23523653453906593 0.3124600375073496
1846 -1.5165915083862376 -0.2374275265647236 0.3907652447887255
1847 -1.5329077505930184 -0.1593532590192668 0.3911334780064252
1848 -1.542650367910864 -0.08112492024693632 0.47206718045688517
1849 -1.5362648638108012 -0.08221395475268276 0.5541277872350069
1850 -1.5365586559957471 -0.2317315415834503 0.1550853003291106
1851 -1.5305430574261383 -0.2337080177002286 0.2337080177002286
1852 -1.5433836870470397 -0.15577415264608202 0.23276083842200543
1853 -1.4588773453170183 -0.6899975966807872 0.0
1854 -1.4367491043363283 -0.6945065265174973 0.08409657266593658
1855 -1.4600091590487265 -0.619082826125331 0.08350522328903667
1856 -1.4053409017025547 -0.8423289204402671 0.0
1857 -1.3784102862903649 -0.8431994326021095 0.0854196436429824
1858 -1.4096730014304173 -0.7696820042892014 0.08483914989556861
1859 -1.4157402678751478 -0.6997947448613573 0.16724293979925514
1860 -1.395039301183368 -0.7050860906919192 0.24920664798485279
1861 -1.423094446017615 -0.6319786575566365 0.247787637850232
1862 -1.3305381674580117 -0.9867943587310269 0.0
1863 -1.299050164893812 -0.985166782096064 0.08695474412901379
1864 -1.340901329314823 -0.9165974458203786 0.08656903114934442
1865 -1.231632274378303 -1.1162864251553883 0.0
1866 -1.1982215604368438 -1.110843010577395 0.08737854985944885
1867 -1.2512571415609657 -1.0503886778954592 0.08730892411565923
1868 -1.269250571116496 -0.984837282964375 0.17217259393218995
1869 -1.2403136418373164 -0.9847792784772057 0.2555343633601105
1870 -1.2854205653955506 -0.919581190945416 0.2546023559045047
1871 -1.3726729414005563 -0.7109148892229435 0.33246511221904235
1872 -1.3493278901436803 -0.7152592592149714 0.4133996786559964
1873 -1.3827426377780072 -0.6431870549585126 0.41053284801060064
1874 -1.3000058722652579 -0.8527635531031309 0.33644405666072563
1875 -1.2721228393123818 -0.8552013240339342 0.4169215152784474
1876 -1.3124392694382254 -0.7863240560522853 0.4156670241601019
1877 -1.3233223081734757 -0.7187172470610873 0.4941406830961572
1878 -1.2943457034882007 -0.7206428958524357 0.573702807635765
1879 -1.3328116597057211 -0.6501806488371359 0.5718385447168935
1880 -1.352096768698756 -0.8467004189033236 0.16998613504409507
1881 -1.3262123833344843 -0.850189798111138 0.2538194406144607
1882 -1.3627440954571415 -0.7782132300332593 0.25189140985630293
1883 -1.5243280750176698 -0.08718394366308889 0.6463557620686338
1884 -1.5091354935450956 -0.08833353179940463 0.729497200661503
1885 -1.473118463124236 -0.25649776462313617 0.6541937053808351
1886 -1.4518528692712762 -0.25935569457532287 0.733801021222824
1887 -1.4814302673432493 -0.17500297098276152 0.7322650485327485
1888 -1.4871789335059922 -0.0895037333716536 0.8120002731953224
1889 -1.4573901402910612 -0.09031399988133472 0.8915128910424188
1890 -1.4122076064393907 -0.4192809238785286 0.6568927771225547
1891 -1.3845415958811271 -0.4241882606918997 0.7339255368958532
1892 -1.4189491609658391 -0.34367333820413903 0.7348815986361436
1893 -1.3413998730332957 -0.5755232899509222 0.6543702056083507
1894 -1.3084374323485632 -0.5799487930706025 0.7284886392779606
1895 -1.3475183046368204 -0.5031756900228461 0.7318584749090767
1896 -1.3507444185688846 -0.42779877586848025 0.8092738876623987
1897 -1.3104979504862437 -0.429498452823436 0.8809994976628076
1898 -1.349834357720967 -0.3493397659353051 0.8854494949203907
1899 -1.417272703329546 -0.09149959219172708 0.9688024849424277
1900 -1.3691102369026074 -0.0916443672088762 1.0382985683500348
1901 -1.3433700200325207 -0.2660803640141802 0.9610378394107407
1902 -1.2918553766116512 -0.2661531971274511 1.0257021794842
1903 -1.3308839771265162 -0.1805331049511344 1.0326598937994875
1904 -1.3117370998088942 -0.09152903196543276 1.1011595876254627
1905 -1.246880752076711 -0.09092695004119361 1.1559538020355171
1906 -1.423372282638594 -0.2630980036673331 0.812835766674456
1907 -1.3872657316927395 -0.2655042408189116 0.8893290299317644
1908 -1.4231779835946239 -0.17892249320580839 0.8912123915829192
1909 -1.4671620310314435 -0.5429035257299012 0.16171180603240976
1910 -1.4340802424076131 -0.5576950907660941 0.32595640685589966
1911 -1.4510196950610665 -0.5506935298208809 0.24412343117292
1912 -1.4760744099051684 -0.4683961025126936 0.2395791281803744
1913 -1.4857669517848546 -0.39478055184286276 0.3173811055517744
1914 -1.3936606470484647 -0.5698063061039723 0.49173247576866747
1915 -1.4146698524410724 -0.5647686777274067 0.4099883298846026
1916 -1.3693791184919135 -0.5736278036865325 0.5736278036865325
1917 -1.4036991743127074 -0.49527442113045367 0.573910616684368
1918 -1.435289605897224 -0.4159641823193826 0.5730005566173124
1919 -1.4957920973557168 -0.3195226202629311 0.39744431583089307
1920 -1.5055426528662954 -0.24436206860008391 0.47774712848961287
1921 -1.465206871890494 -0.33303127198809146 0.5697998307529965
1922 -1.4914318552453962 -0.2509224809989756 0.5660308234602058
1923 -1.5151569803640363 -0.16700184883126218 0.5606634095455792
1924 -1.4446000460322634 -0.4841917847931263 0.40643970817927766
1925 -1.455151064371969 -0.4094082480369099 0.4877282074973333
1926 -1.471764648075645 -0.40213928495474865 0.40213928495474865
1927 -1.1104805047468111 -1.2252264283547971 0.0
1928 -1.0419517101832922 -1.241206751333874 0.08660763840185687
1929 -1.1068827810924124 -1.1939498205888186 0.08706703949640615
1930 -0.9724644577176901 -1.3112165326458118 0.0
1931 -0.9020016525713407 -1.3195489693892266 0.08519051576487872
1932 -0.9731609984947734 -1.2832192259600477 0.08589506584906065
1933 -0.9743133731040751 -1.2556874385750898 0.17033276831805147
1934 -0.9070553997202793 -1.2679116061028004 0.2511343685349402
1935 -0.9752930890661415 -1.2283659390446768 0.2530728499785352
1936 -0.8239925909813974 -1.3747485842000593 0.0
1937 -0.752178197516268 -1.3776147699886598 0.08290977116737117
1938 -0.8268032443429947 -1.3516068117166555 0.08375864091451196
1939 -0.6705961053949833 -1.4178563385216578 0.0
1940 -0.6004185176983151 -1.415992332703689 0.08098768092319839
1941 -0.6762941806290056 -1.3990726093804606 0.08189127176385769
1942 -0.6818610661408266 -1.3794590135470362 0.16295699570970484
1943 -0.6128006369780996 -1.379909230433841 0.24026827566769984
1944 -0.6869136491240444 -1.3590844433010265 0.24278375394593257
1945 -0.8380892171591736 -1.2776354006036594 0.33065453493946817
1946 -0.7693476010784839 -1.284104175284645 0.40669292186037687
1947 -0.8408348880945667 -1.2507525832517603 0.40991769515719345
1948 -0.6922984092500866 -1.3367272343823815 0.323758964412707
1949 -0.6225011298548185 -1.3382714214774785 0.39732945456372654
1950 -0.6961648522973325 -1.3133065238100234 0.4023636499962034
1951 -0.6991672294801233 -1.287326268707521 0.48069943192053555
1952 -0.6277680917567185 -1.2868679401348195 0.5521265399884038
1953 -0.7006318811382727 -1.2584039477770341 0.5577720666387612
1954 -0.8312978667809275 -1.3275004173926117 0.1668938721295538
1955 -0.7614225790818733 -1.3333416649151866 0.24645662594705361
1956 -0.8352491261563293 -1.302906406003508 0.24935898601197207
1957 -0.5163912809090049 -1.4432169474872045 0.0
1958 -0.44046635805278983 -1.439383243386803 0.07569430718294685
1959 -0.5160330036314267 -1.4306508179303767 0.07656196817549686
1960 -0.3642657659563405 -1.45423045446413 0.0
1961 -0.29091084778567894 -1.4478015429116378 0.07393231020697946
1962 -0.36511952299062 -1.4449669646017882 0.07469822834912847
1963 -0.3661076262603436 -1.4348278769338014 0.1491573763865723
1964 -0.2930881151890344 -1.4295629806017751 0.2206523211149308
1965 -0.3668535672955679 -1.4237883547767092 0.22289887920182083
1966 -0.21586440532129614 -1.455239614496728 0.0
1967 -0.1432676765453148 -1.4475489520741873 0.07180503765980006
1968 -0.2157554244075811 -1.4485536544073563 0.07237981226704107
1969 -0.07127454342137637 -1.4508266610995704 0.0
1970 0.0 -1.4424081883411497 0.07086097037488509
1971 -0.07117901357429594 -1.4453853056835013 0.07117901357429594
1972 -0.07140471776940276 -1.4394787294724727 0.14246894567013824
1973 0.0 -1.4304252888745155 0.21218354782502716
1974 -0.07159874343733565 -1.43292194617027 0.2134271531456596
1975 -0.2196636887492476 -1.4231578259935473 0.2917749343658785
1976 -0.14708945952409275 -1.4149354329035628 0.36103191259356526
1977 -0.22103069344705686 -1.4118551358582583 0.3637788519315423
1978 -0.07277117930977388 -1.4250633503705108 0.28634199862148313
1979 0.0 -1.4140168127217598 0.35419277307807207
1980 -0.07318007913145913 -1.4155997959908362 0.35769891971214235
1981 -0.07380834335565058 -1.4035202461328236 0.4294919050279309
1982 0.0 -1.3875413552057934 0.4964702354531412
1983 -0.07428259084651864 -1.388057959912415 0.5006698415091335
1984 -0.21733814697489012 -1.441119360491034 0.14545258520379348
1985 -0.14471083399799362 -1.4337702162881445 0.2162298075640845
1986 -0.21877587717338712 -1.432753155989452 0.21877587717338712
1987 -0.54987333428465 -1.2816162849929558 0.6252061959909209
1988 -0.4747123370872269 -1.2712926644626228 0.69045912576859
1989 -0.5530145629121621 -1.247670420895356 0.6946558579831938
1990 -0.3927512670039422 -1.3228513273891847 0.6153284249472947
1991 -0.31691903271162414 -1.3084867098219621 0.6776724857806665
1992 -0.39571909232335706 -1.291618826773615 0.6846685168034532
1993 -0.39742059348848113 -1.254827453372457 0.7518069870036244
1994 -0.3188048707237833 -1.2318487898438917 0.8080546198476912
1995 -0.3974541791402605 -1.2127235470848763 0.8152693679446157
1996 -0.23519923871798537 -1.3507967275164965 0.5998721341908789
1997 -0.15747013477555852 -1.333011791451885 0.6589023902642276
1998 -0.2362821512930335 -1.322688980760944 0.6685185154675641
1999 -0.07811020706538396 -1.3656824476227172 0.5790857845130918
2000 0.0 -1.3440428460335208 0.6356849234625759
2001 -0.07844416278041606 -1.3401804264114445 0.6478264368111055
2002 -0.07876815582612944 -1.3087983882115546 0.7146044264357501
2003 0.0 -1.2782375811990794 0.7661461219361033
2004 -0.07880441793857217 -1.2716608927292898 0.7778988258259085
2005 -0.23803193425772962 -1.2017608494971266 0.8597315952169127
2006 -0.1582039497622806 -1.1662741961577534 0.9049358232906723
2007 -0.2372067055243141 -1.1513547881717925 0.9141480826474784
2008 -0.07924336935936557 -1.2274313100495349 0.8390329542638688
2009 0.0 -1.189312455318304 0.8820542321749555
2010 -0.07892102041234668 -1.1790312950393547 0.8941475073977793
2011 -0.0785513721495621 -1.1257493592676666 0.9450290766354121
2012 0.0 -1.0815752000307808 0.9802826206292158
2013 -0.0779634030212077 -1.0691117050500714 0.9911483020288637
2014 -0.23813088748303235 -1.2882990374645806 0.7357003846402512
2015 -0.15855097641902488 -1.2611396972734639 0.7897419287561048
2016 -0.23880731271694464 -1.2477736716672876 0.7999053992663924
2017 -0.5237390937708677 -1.415371380236208 0.15600339789578185
2018 -0.3746046248007989 -1.4098343216672173 0.3011608079706236
2019 -0.4484847756831966 -1.4133270901845005 0.22939471738546158
2020 -0.530852883122637 -1.3987416718722627 0.23532803684489811
2021 -0.5369524413407993 -1.3807417350251285 0.31383293726241096
2022 -0.22660566526587905 -1.3961434210857966 0.443031958685158
2023 -0.2999917280678571 -1.4043614682013295 0.37315044242796935
2024 -0.15251284805983792 -1.3837026832352382 0.5120205194801936
2025 -0.2315117196282596 -1.376058263658077 0.5222440364058374
2026 -0.3103011351434126 -1.3652031920407963 0.5309097047604032
2027 -0.5429699055675964 -1.3600668494579646 0.3941637232026271
2028 -0.5468601716038042 -1.337537848279491 0.4719303791505412
2029 -0.3913532440552924 -1.3503692560611777 0.5390984036829759
2030 -0.4702432183216673 -1.3327561229139506 0.544905135223095
2031 -0.5493974982184646 -1.3115359070411927 0.5493974982184646
2032 -0.3807419593719512 -1.3934539021865195 0.3807419593719512
2033 -0.3865329521320321 -1.3738458846560835 0.4604768584559938
2034 -0.46209553861061853 -1.3786752632191288 0.3878917027559452
2035 -1.1354460413235645 -0.0893138162546799 1.2247598575782443
2036 -1.0578189261245194 -0.08792653071447686 1.2601082948110274
2037 -0.9780544564614587 -0.2537893803471035 1.2318438368085625
2038 -0.9004681549259255 -0.24931057302881646 1.2587037405969261
2039 -0.9785828869464607 -0.17107917920824472 1.2611899545506489
2040 -0.9776351832206389 -0.08628997521374285 1.2891189279308497
2041 -0.8970881192305011 -0.08472645182625867 1.312360902895688
2042 -0.8228194931640697 -0.4011349611486286 1.2239544543126983
2043 -0.7458946555624507 -0.39429521382206356 1.2449592878272144
2044 -0.821964921455261 -0.32429295506462397 1.2530545199774292
2045 -0.6716983867086143 -0.5347381519432255 1.2064365386518399
2046 -0.5970368229869013 -0.5250981686548885 1.2238716122569921
2047 -0.6707795881564687 -0.4611820368218102 1.2350581490907582
2048 -0.6692446387416476 -0.3868045258186495 1.262521868468159
2049 -0.5940099449571012 -0.37914412699986416 1.2770202258024788
2050 -0.6673301408341162 -0.31208235123907646 1.288517150492184
2051 -0.8145324524872275 -0.08251555816681348 1.3315472800555392
2052 -0.7349346573925135 -0.08100908065214928 1.3460332170537086
2053 -0.6639695844818159 -0.23467437054421705 1.3136887500270458
2054 -0.5882865148758987 -0.23065672259221937 1.32470814002437
2055 -0.6605720784514554 -0.15786917115448332 1.3363897030735596
2056 -0.6559939623895868 -0.079433154074358 1.3570768623864515
2057 -0.5786805779376318 -0.07805555062179668 1.3647268318528838
2058 -0.8210856597795095 -0.24513056181667706 1.280812792857818
2059 -0.7418207895458562 -0.24011193504309292 1.299016595744287
2060 -0.8185485657934977 -0.16433428393167135 1.3071410455493813
2061 -0.5241680687768113 -0.6584210325784565 1.1825891013552678
2062 -0.4468322399120602 -0.6499081098838443 1.1966289992190084
2063 -0.5194156724814244 -0.5905758226167591 1.2106271445200794
2064 -0.3771202497210289 -0.7735598309577191 1.150680080678748
2065 -0.300761705129713 -0.7623217448076556 1.1621307467928315
2066 -0.37390259814162846 -0.7073176134991407 1.1805710441852166
2067 -0.3702544959289941 -0.6406099717836431 1.208502917642108
2068 -0.2950687854968123 -0.6309497906547562 1.2182720015342419
2069 -0.36649958722553305 -0.5741995830380282 1.2344313212464273
2070 -0.22825458578182262 -0.8796483703390066 1.1079029561208291
2071 -0.15150251477770477 -0.8666032241734667 1.1168714428669309
2072 -0.2259244899384795 -0.8160015282784223 1.1406335364090143
2073 -0.07686452566101531 -0.9771782803586144 1.0540428060196299
2074 0.0 -0.962278100158189 1.0617102728963899
2075 -0.07609205007776754 -0.9154416766568104 1.0905038865178824
2076 -0.07525374437588435 -0.8525985549157937 1.124244456349918
2077 0.0 -0.838047848973011 1.1299767163733978
2078 -0.07458825164761294 -0.7897443235845595 1.1553263847092294
2079 -0.21910674308256037 -0.6199237386865831 1.226542390526586
2080 -0.14559331759631208 -0.6092062161973761 1.2324724900318476
2081 -0.21773404080644163 -0.5553274086111074 1.2504905687341161
2082 -0.07343500655530442 -0.7248959749746263 1.1850151100220374
2083 0.0 -0.7124050543395667 1.1885760267138084
2084 -0.07292955878602939 -0.6616352126047198 1.2117852448244297
2085 -0.07237808943862664 -0.5977301321383586 1.236544509222817
2086 0.0 -0.5858355688515867 1.2386452410701358
2087 -0.07200029019177906 -0.5337886826490605 1.2588563804003967
2088 -0.22418695461534366 -0.7509332666644875 1.1713819661454874
2089 -0.14822980682008996 -0.7383322145419218 1.1790434718354792
2090 -0.22182482172974077 -0.6853231363401094 1.200082472881809
2091 -0.4942142818434056 -0.07332480258451922 1.3701605548027052
2092 -0.4196044146833699 -0.07210917446856858 1.3712092928422566
2093 -0.3461672589174238 -0.21032995425908851 1.3435031194735676
2094 -0.2753822814210489 -0.2073224277630243 1.3432012239025122
2095 -0.34637615864397364 -0.14111850002669693 1.3574974479613888
2096 -0.3460688146865779 -0.07080072610807593 1.3695734498257706
2097 -0.27442494172892457 -0.06974256915775934 1.3657546876398479
2098 -0.20575164165432117 -0.3386321366356629 1.3142587006835875
2099 -0.13657191159860116 -0.33521653156204584 1.3137612816408626
2100 -0.2050664845520582 -0.27238575666058124 1.3285854116398474
2101 -0.0685381292703295 -0.461951769964639 1.2807159094349976
2102 0.0 -0.4577036869156324 1.2791961102077918
2103 -0.0682393833689575 -0.3970860397156048 1.2976223525360975
2104 -0.06782566470559266 -0.33152693030525754 1.312023685403542
2105 0.0 -0.3279685007831209 1.3093236491537927
2106 -0.06760929015960268 -0.2660308580031525 1.323979114600868
2107 -0.20263591199341227 -0.06797858876047096 1.3604709667819173
2108 -0.13407284674031622 -0.06719663528779296 1.3546461663958258
2109 -0.06665854968023179 -0.1987010359130375 1.3340527242671922
2110 0.0 -0.19730614825985232 1.330130007789548
2111 -0.06658043009069194 -0.13284337469015065 1.3422238180983104
2112 -0.06643646608284723 -0.06643646608284723 1.3490815201794897
2113 0.0 -0.06604782491229937 1.344434361703132
2114 -0.20477455185201673 -0.20477455185201673 1.3410591205162
2115 -0.1350262172476718 -0.2017588605147224 1.3378166883513958
2116 -0.20384708415552796 -0.13642375160262302 1.3516632199413963
2117 -0.5186017393920511 -0.5186017393920511 1.2380194756479044
2118 -0.3651721606336086 -0.5030333384414917 1.2600311007499627
2119 -0.44106990328440426 -0.5110998860330648 1.2500735605149034
2120 -0.5168739013326046 -0.44605277344212907 1.2641959347536962
2121 -0.5145445043569568 -0.37352857959738117 1.2888650287443115
2122 -0.21442517022881522 -0.4837002057049905 1.2744993121878838
2123 -0.28831716009137837 -0.4932962242330396 1.26848233118764
2124 -0.14092784256066612 -0.47312700585608536 1.2785954519532572
2125 -0.21033079454208628 -0.4112133020525018 1.2958720811641533
2126 -0.28014031803599676 -0.3484578867901281 1.311430388008665
2127 -0.5105076614967056 -0.29837673985132157 1.3127405334417708
2128 -0.506319846802359 -0.2244524977668483 1.3340996941610836
2129 -0.3524200267842921 -0.2833256531945514 1.3263420057015678
2130 -0.4253329171655442 -0.21755281253258288 1.3403677600015054
2131 -0.5008240163546988 -0.1491778048047089 1.3534448501442384
2132 -0.3613248087524164 -0.4304463872971242 1.2842491145724921
2133 -0.35698081484580246 -0.35698081484580246 1.3064919618345914
2134 -0.4353690132186073 -0.3654569537119972 1.2989359098798774
2135 -1.1359954592149106 -1.1359954592149106 0.17269313209524467
2136 -1.008655241336008 -1.1767419869423905 0.3380821277871923
2137 -1.0727870865482845 -1.1582021880162947 0.256707021896335
2138 -1.1620196513878336 -1.0763230196096545 0.25755313465924085
2139 -1.1844855877117766 -1.0152927401161354 0.3403068916299877
2140 -0.8724490333398874 -1.2015222140193138 0.49801484841019517
2141 -0.9404572748436244 -1.191441607765236 0.4208212165202778
2142 -0.7293590222229889 -1.2073184681872706 0.6455591634700865
2143 -0.8017961347874437 -1.2069660828620816 0.5734780633886735
2144 -0.8999441058550218 -1.1462170537798588 0.5851640963466949
2145 -0.9223708865465922 -1.0851450573351613 0.669171981293918
2146 -0.9923004991213681 -1.0767017414635938 0.5922092535558748
2147 -1.2036078674848059 -0.950060638857718 0.42511838071390895
2148 -1.2186875728008568 -0.8849131397052559 0.5051296594821437
2149 -1.0807064743724153 -0.9959913062513625 0.5944119433029907
2150 -1.0937586656888536 -0.929692434499887 0.6744837000629137
2151 -1.159071359937141 -0.9100365722190092 0.5917264471875632
2152 -1.2304491882580952 -0.8173961283636354 0.5846358299540135
2153 -1.2390915000385427 -0.7485535827757636 0.6625483609381021
2154 -1.0365446707324373 -1.1212519468696203 0.42540718289343854
2155 -1.0607671216944772 -1.0607671216944772 0.5114709616267273
2156 -1.1250554297368047 -1.0400608116918435 0.4268502385208822
2157 -0.5642581576196556 -1.1875614809063708 0.788905519992135
2158 -0.6418991665840976 -1.2004735776117734 0.7252239221405196
2159 -0.4028014399474678 -1.1404234776694961 0.9001864203722474
2160 -0.4839025491895281 -1.1674745524713743 0.8477263531776826
2161 -0.5700003009812661 -1.1165142730446842 0.8766231804142647
2162 -0.5699637702068786 -1.0362569991402562 0.9550261672904111
2163 -0.6538971089254693 -1.060374964271795 0.9013163625046123
2164 -0.236434032695599 -1.066735190828329 0.9880655979827514
2165 -0.3177096429745366 -1.105832712872487 0.9478747034240543
2166 -0.15556086248230458 -1.023297401971895 1.023297401971895
2167 -0.23326166667991538 -0.9748081760770726 1.0524222155407381
2168 -0.30979258436774576 -0.9242544585090953 1.078276286460149
2169 -0.5642536388536794 -0.9454583225500492 1.0258753505336873
2170 -0.5540552913721603 -0.8521007985642773 1.0852812530238993
2171 -0.6430799091210282 -0.8864061892569498 1.0428335381061344
2172 -0.38906848037895875 -0.869495805868225 1.1015423120215873
2173 -0.4645795741270316 -0.8138753325337352 1.120855493114718
2174 -0.540297029452326 -0.7554047792032227 1.13713188149992
2175 -0.6151907998555594 -0.6950485496191405 1.1505238499475376
2176 -0.4010312910976718 -1.0570040516018697 0.9771505143775794
2177 -0.3961788505829012 -0.9653270860061511 1.0442144030180125
2178 -0.4837747447720583 -1.0033264487356193 1.0033264487356193
2179 -1.2453274676356432 -0.6658827636922113 0.752320823440991
2180 -1.246881686751865 -0.5924435699946434 0.8283123537359028
2181 -1.098243978095926 -0.6772496393904481 0.9335049400754178
2182 -1.0869953700854527 -0.5978709720130642 1.0017872236485856
2183 -1.1726554442977444 -0.5986613627197975 0.9207020187096618
2184 -1.244016598965608 -0.5156282012307972 0.9033050463508724
2185 -1.2356266725786467 -0.43642753126169703 0.9753344902878219
2186 -0.9110102326323509 -0.6609299266069465 1.0717795471884883
2187 -0.8854307233867046 -0.5757271654509277 1.1277320318935165
2188 -0.9882482579157613 -0.5897908583804964 1.072304832294677
2189 -0.7027048379412573 -0.6219674173154314 1.163197414005037
2190 -0.7784786320642284 -0.5568004121446767 1.1718655957146524
2191 -0.8557139648836988 -0.488462069666848 1.178474957692753
2192 -0.9332872028255906 -0.41761286404124714 1.1823580243197476
2193 -1.2206459105517784 -0.3506958800598006 1.046287894164935
2194 -1.1989079679599755 -0.26572915952604115 1.1104908964040143
2195 -1.0140832170438818 -0.3399014824107449 1.1830745043951314
2196 -1.092213505198937 -0.2613555659927837 1.1791753343830165
2197 -1.170312573621052 -0.17790999271136287 1.170312573621052
2198 -1.0677277453506195 -0.5148271713000078 1.0677277453506195
2199 -1.0432213672217505 -0.4281473587148494 1.128474268443094
2200 -1.145849077587762 -0.4347394262980363 1.0592835608029345
2201 -0.7416133944866113 -1.147263987809474 0.7416133944866113
2202 -0.7493946933998715 -0.9985552564358708 0.9148640673265799
2203 -0.7485196547204592 -1.0771493784054433 0.8324481636888523
2204 -0.8387105731217368 -1.0852526462390344 0.7541506798712011
2205 -0.9304339402167731 -1.0155494514991588 0.7621484789484914
2206 -0.7338938761584242 -0.8161824551938189 1.0561023047749247
2207 -0.7441279723305151 -0.9084344329811244 0.9915374431869836
2208 -0.7195695095708785 -0.7195695095708785 1.1131624525577488
2209 -0.8235547371977778 -0.7405228750808938 1.0656416963243092
2210 -0.9227426537094883 -0.7558482978616766 1.0071545709426988
2211 -1.0203192358737092 -0.9348039581051645 0.7657281016843508
2212 -1.1006819168939515 -0.850634702013458 0.7648726025448267
2213 -1.019003043520096 -0.7647403270379965 0.9335980788288303
2214 -1.102240974385706 -0.7659560039734614 0.8518395809022317
2215 -1.1760284485118888 -0.7602072922893526 0.7602072922893526
2216 -0.8422350829068292 -0.9264585911975124 0.9264585911975124
2217 -0.932608867738152 -0.8478262433983198 0.932608867738152
2218 -0.9352983297875651 -0.9352983297875651 0.8502712088977862
2219 0.07095108093520182 -1.4442424309343462 0.0
2220 0.07085543356029234 -1.4388145796510943 0.07085543356029234
2221 0.21303811672979467 -1.4361863244731534 0.0
2222 0.21296133036414733 -1.4297944730403658 0.07144247313466238
2223 0.1419884218687688 -1.4346236097281455 0.0711638816611767
2224 0.071081095125033 -1.4329546799768873 0.14182324355998865
2225 0.0712791719318038 -1.4265262889050272 0.2124745493236131
2226 0.35694691254059446 -1.4250119537878616 0.0
2227 0.35801693577739346 -1.4168583501890246 0.07324514066655932
2228 0.2860934001401973 -1.4238261284947689 0.07270800029745686
2229 0.5038181482473272 -1.4080773957341306 0.0
2230 0.504206857175341 -1.3978639884421453 0.07480736519034302
2231 0.43094779782172615 -1.4082779027693502 0.0740585390728585
2232 0.359220001622986 -1.4078342960120287 0.14635126160841902
2233 0.3602023701022269 -1.3979745207202101 0.21885763623211146
2234 0.2884766868851838 -1.4070703347071023 0.2171805926272593
2235 0.07245160208586922 -1.4188051339485803 0.2850845175434697
2236 0.07287106240759626 -1.4096221581357007 0.35618846837605994
2237 0.21699385789404757 -1.4058605171060765 0.28822865083135574
2238 0.21845159843152595 -1.3953809146233873 0.35953410108205486
2239 0.1458844777419605 -1.4033440420244432 0.358074277975482
2240 0.0735114608193284 -1.3978748050958445 0.4277643409030985
2241 0.07400121742549119 -1.3828001651543955 0.4987733650332151
2242 0.21455280847298355 -1.422650420286614 0.1435885098382444
2243 0.21602836149785476 -1.4147598022152164 0.21602836149785476
2244 0.14344683809570116 -1.4212467608691652 0.21434111973634187
2245 0.6540385976559827 -1.3828484297238044 0.0
2246 0.6610419320382236 -1.3675197676644812 0.08004440383251461
2247 0.5864730652197263 -1.383104183514914 0.07910664324302301
2248 0.8072056725152236 -1.3467413027668997 0.0
2249 0.8116493905066875 -1.32683422862745 0.0822234918804091
2250 0.7364544077678282 -1.3488166406767843 0.08117659701498049
2251 0.66765700105445 -1.350723063387412 0.15956238661955482
2252 0.6735091089991706 -1.3325630574229734 0.23804603389103807
2253 0.6003239919934675 -1.3518142244233375 0.23537640415895214
2254 0.9613352131916151 -1.2962104835273731 0.0
2255 0.9629640752978255 -1.2697734673320296 0.08499504479312602
2256 0.8886924976168645 -1.3000788479614485 0.08393351831733042
2257 1.1117495673322857 -1.2266266231464331 0.0
2258 1.1069516003437117 -1.1940240531400386 0.08707245279632674
2259 1.0362425016544645 -1.2344057565262478 0.08613308563420652
2260 0.9643722619282631 -1.2428754124102677 0.16859482954652574
2261 0.9651690491791433 -1.2156148738498787 0.25044582467073534
2262 0.8949080353845879 -1.2509316242521529 0.24777115535882274
2263 0.6794686279114802 -1.3119547982517494 0.31775901314266425
2264 0.6836866012097628 -1.2897664549528187 0.3951515728041488
2265 0.6109597780631283 -1.3134594805390913 0.3899628510470552
2266 0.8250684889845965 -1.2577857916158877 0.3255174173975772
2267 0.8278320438090946 -1.231410687107882 0.4035786432987873
2268 0.7563546883655776 -1.2624179395176607 0.3998246017053763
2269 0.6868407135739472 -1.264630342670683 0.4722245650448894
2270 0.688279887901993 -1.2362185498956293 0.5479386619936362
2271 0.6166302853411901 -1.2640364420262378 0.5423307593489993
2272 0.8172815450821695 -1.3051177388739457 0.16407991302440472
2273 0.8219176971044759 -1.2821106891701688 0.2453789619372884
2274 0.7477009947267794 -1.3093135356845618 0.24201523495641333
2275 0.07782363772446461 -1.3606720561050918 0.5769612448679111
2276 0.07817592969784787 -1.335597794457297 0.6456112499067411
2277 0.23283827467707988 -1.3372372342221188 0.5938505307805717
2278 0.2340459195955321 -1.3101707308274346 0.6621914937840636
2279 0.1564284763903895 -1.3241939739522421 0.6545437783864585
2280 0.07851641929438824 -1.3046155764706766 0.7123206096065872
2281 0.07856777108860057 -1.267842140527719 0.775562823460257
2282 0.38704398557056424 -1.3036282580977192 0.6063867542509246
2283 0.39016310574762525 -1.273484202991923 0.6750556142117384
2284 0.31312328742520684 -1.2928149395951936 0.6695559895209507
2285 0.5404762733731721 -1.259714102173182 0.614521734061878
2286 0.5436108341592327 -1.2264544258782109 0.682843591718978
2287 0.4672498949344201 -1.2513080396137077 0.6796051603617906
2288 0.3919822344705022 -1.2376562188947613 0.7415191549824857
2289 0.392099627462722 -1.1963855860210875 0.8042859585583654
2290 0.31524380568551763 -1.2180889823228092 0.7990286126564718
2291 0.07901583619651008 -1.2239069605623631 0.8366238211923323
2292 0.07870217827628818 -1.1757619287065564 0.8916681026783785
2293 0.23604351285991035 -1.1917218310114213 0.852549749194271
2294 0.23525360962151334 -1.1418748440257032 0.9066212344041897
2295 0.15733057628643218 -1.1598357162713715 0.8999400760505135
2296 0.07833674126834964 -1.1226734031081238 0.9424469139317045
2297 0.07774945823876556 -1.0661778814574678 0.9884284232187023
2298 0.23598683059821374 -1.276699591251716 0.7290763658431768
2299 0.23674683902536317 -1.2370076494954043 0.7930036674383728
2300 0.15761652853412728 -1.2537069500946443 0.7850874466986072
2301 0.5123875467301573 -1.384694550887556 0.15262217252844396
2302 0.5264665915486729 -1.3537779868037019 0.30770426591912
2303 0.5199506598231831 -1.3700154568891185 0.23049506166877481
2304 0.4395989337285982 -1.3853247992830964 0.2248497131524821
2305 0.3680426423126014 -1.3851381286211233 0.29588534734574334
2306 0.5370486520847767 -1.3135403451017684 0.4634632163050958
2307 0.5328482622320581 -1.3347134893148966 0.3868160146442783
2308 0.539826263548793 -1.2886872082671765 0.539826263548793
2309 0.4624349942541688 -1.3106261739224814 0.5358571761551515
2310 0.38538708520532533 -1.3297829504404823 0.5308798779367528
2311 0.2956098132343954 -1.3838482614249696 0.3676999139440037
2312 0.22406669145888103 -1.3805005130729262 0.43806806452370867
2313 0.3061944725090744 -1.3471354884391251 0.5238834106228086
2314 0.22904786674205546 -1.3614136265315289 0.5166860781371695
2315 0.15137689127998752 -1.3733964928761049 0.508206852710966
2316 0.4537319779099554 -1.3537223405289314 0.38087117230235734
2317 0.38034964760398765 -1.351868696339866 0.45311068533091947
2318 0.37435527506298133 -1.370079672072645 0.37435527506298133
2319 1.251025949724496 -1.1338638279022868 0.0
2320 1.270873906507274 -1.0668562984285443 0.08867772241075252
2321 1.209436372976271 -1.121239999361186 0.08819637361508502
2322 1.3709443704750772 -1.0167616412714122 0.0
2323 1.378632040542322 -0.9423889584276363 0.08900493828444235
2324 1.3276736604345454 -1.006874117006037 0.08887071996896596
2325 1.2881711742247048 -0.9995181629900933 0.1747391551692168
2326 1.3039492267619104 -0.9328364701470977 0.25827231495341746
2327 1.2516713120152398 -0.9937969961461248 0.2578743158691151
2328 1.4656952221802888 -0.8785039079826674 0.0
2329 1.4647304509124646 -0.799743393012255 0.08815270360961104
2330 1.425315280338607 -0.871892097450195 0.0883263310904911
2331 1.5342467446378358 -0.725644667739621 0.0
2332 1.5278885330636696 -0.6478654912479044 0.08738758405965749
2333 1.4989371790984043 -0.7245674631580463 0.08773659856356843
2334 1.466801561760449 -0.7250341379460685 0.17327486605939357
2335 1.4719093756324355 -0.6536567645670508 0.256287239640493
2336 1.4370175320774126 -0.7263028884481812 0.25670554367945086
2337 1.319016363611018 -0.8652338461164988 0.34136400891935365
2338 1.3324956139558166 -0.7983404491440622 0.4220191360141805
2339 1.2850835279799242 -0.8639143175958335 0.42116921038409044
2340 1.4068213120773143 -0.7286005187888923 0.34073594028502147
2341 1.4172592491914506 -0.6592425645201728 0.4207807440399058
2342 1.376730025941564 -0.729784736302394 0.42179499473600934
2343 1.3441860795948009 -0.7300486908572278 0.5019314066397855
2344 1.353304739999395 -0.6601777134223558 0.5806310347334411
2345 1.3085984194332203 -0.7285782708181044 0.5800201486151159
2346 1.3875488112018346 -0.8689009447334559 0.17444317970541545
2347 1.3970011803922116 -0.7977761962627343 0.2582235344647513
2348 1.3524821052896412 -0.8670304262685495 0.2588471165851756
2349 1.5801730340059401 -0.5653949522342554 0.0
2350 1.5757969277074675 -0.48221037514993714 0.08286803202125324
2351 1.5558597836042178 -0.5611956371884578 0.08326258633127806
2352 1.6091859993950188 -0.40308010937086614 0.0
2353 1.6059409327972896 -0.32268624145422453 0.08200773358679972
2354 1.592426816638356 -0.4023802162485428 0.08232123286729184
2355 1.5772466760301167 -0.4024469038212341 0.16396250720597635
2356 1.5826101950021514 -0.32446576011423806 0.2442750810463624
2357 1.5628933755764192 -0.4026953923378165 0.2446762403690036
2358 1.6263276307820373 -0.24124291517295438 0.0
2359 1.6256536324672453 -0.16089515899086293 0.08063984304906524
2360 1.6171716986046547 -0.24087030888415828 0.08080514214467636
2361 1.6346705226650338 -0.08030621318954163 0.0
2362 1.6321269012345045 -0.08037523447978309 0.08037523447978309
2363 1.6301207328052456 -0.08086143162300645 0.16133727950457893
2364 1.6282133486985808 -0.08135685975519436 0.24251491203360093
2365 1.5906126098032938 -0.24551024971284063 0.32610641023098935
2366 1.6009210329617256 -0.16642357241409328 0.4084876023320502
2367 1.57963128320351 -0.24729661638047004 0.40700808467123917
2368 1.6254386768630145 -0.08300339025650078 0.3266039781660263
2369 1.6213403951741816 -0.08381593353849699 0.4096862047324123
2370 1.61450530192684 -0.08490362857427375 0.4940555433474175
2371 1.6037676760525696 -0.08582640028994336 0.5784759220266114
2372 1.608513013648411 -0.2425831248649836 0.16234767402568784
2373 1.6150135397388858 -0.16300377396505866 0.24356348244923282
2374 1.5998836889634542 -0.24429606451409625 0.24429606451409625
2375 1.3595809895349944 -0.5833238393578468 0.663239433332745
2376 1.3618168128374792 -0.5085148840845571 0.7396242205536447
2377 1.3183086132713293 -0.5843240725610892 0.7339845407102399
2378 1.4405644375011317 -0.4276999964508759 0.6700830456224586
2379 1.443225309369175 -0.34955308723956935 0.7474543498228234
2380 1.4035075794178329 -0.42999895470981864 0.7439791313066993
2381 1.3602014616117841 -0.4307939475541603 0.8149399025530815
2382 1.3545251462454988 -0.35055375115937254 0.8885265067819332
2383 1.3110227536756494 -0.42967045016063354 0.8813523035150156
2384 1.513757313474471 -0.2635737564952239 0.6722409166259198
2385 1.5212150487673468 -0.17970279054403124 0.7519305066664127
2386 1.4830162719962678 -0.2649226539622802 0.7495517472284522
2387 1.5839799825316785 -0.09059573449036 0.6716497619443611
2388 1.5600147133736593 -0.09131162170708927 0.7540915784331034
2389 1.5276417911428373 -0.09193893248575452 0.8340930091231537
2390 1.486546306993593 -0.09212079818695983 0.9093482652158008
2391 1.3441144422498337 -0.26622781120416444 0.9615703940372899
2392 1.3289311980936795 -0.18026821239239862 1.031144692907959
2393 1.284246701933287 -0.2645856276237651 1.019661074309522
2394 1.4344762765403962 -0.092610260540405 0.9805622997172454
2395 1.3752278480200084 -0.09205386279555194 1.0429380098600844
2396 1.3077945326110163 -0.09125393159727743 1.0978499338309384
2397 1.2345039731347542 -0.09002439158991282 1.1444795815448414
2398 1.4441626157502863 -0.2669409161674453 0.8247083642797238
2399 1.4416143566553041 -0.18124032124398362 0.9027574859540557
2400 1.3976590796199273 -0.26749338960845725 0.8959918529357975
2401 1.5305977607367398 -0.5663770621122753 0.16870374434641824
2402 1.544922971299199 -0.41049879486923063 0.33001767877138366
2403 1.536825350461094 -0.48767392725474307 0.249439510066855
2404 1.5064451060904023 -0.571728678651327 0.253448350442249
2405 1.482442503139916 -0.5765025428117859 0.336948810397604
2406 1.5629675350274328 -0.25368260360272643 0.49596950997054073
2407 1.5538291414011864 -0.33192016429228266 0.4128652378322035
2408 1.5729644530092088 -0.17337343602197489 0.5820542852967296
2409 1.541327559123732 -0.25931706755974226 0.5849673281714681
2410 1.5086536337032024 -0.3429064170122074 0.5866957094187205
2411 1.4559843567909974 -0.5812623762058241 0.42196176991317735
2412 1.4278783503296177 -0.5837964142061762 0.5038056845409704
2413 1.472857377241202 -0.42685177408097047 0.5879984732764489
2414 1.435839596353184 -0.5066146920462499 0.5870514162027387
2415 1.395848550746949 -0.5847157501027207 0.5847157501027207
2416 1.5248300728026574 -0.4166386765411975 0.4166386765411975
2417 1.5010695998489363 -0.42232747520330693 0.5031188879204341
2418 1.4921685995265868 -0.5001355076800972 0.41982316961128113
2419 0.07664419343399821 -0.9743771980016677 1.0510213914356659
2420 0.07586299465009796 -0.9126859763630363 1.0872212067392932
2421 0.22613336085603228 -0.8714735858425517 1.097606946698584
2422 0.22370357102162236 -0.8079799400440908 1.129420698885724
2423 0.1505477868803188 -0.8611421248953655 1.1098332209214843
2424 0.07501304321468408 -0.8498714951009246 1.120648529683934
2425 0.07433221040359071 -0.7870333454532393 1.1513604624861131
2426 0.37100681664597496 -0.7610197823668297 1.1320265990128047
2427 0.36754692156062196 -0.6952944769555772 1.1605034442941342
2428 0.2966976823640629 -0.7520209223531737 1.1464275314862449
2429 0.5126692995043557 -0.6439771318742048 1.1566464313785607
2430 0.5076469916584664 -0.5771948279214536 1.1831973128567397
2431 0.4378470142972402 -0.6368392879086062 1.1725663184748099
2432 0.3636479740175339 -0.6291794453165177 1.1869393685339904
2433 0.3596306371208336 -0.563437911201273 1.2112955594369545
2434 0.2905986488635598 -0.6213912337636908 1.1998158225990323
2435 0.07316440068741722 -0.7222247543451542 1.1806483637337333
2436 0.07263890657765411 -0.6589983430159894 1.2069558167660734
2437 0.2164917246254179 -0.6125250069274454 1.2119037219736692
2438 0.2149562917593953 -0.5482428012876274 1.2345373949778382
2439 0.14438079713643903 -0.604132666026143 1.2222082956645082
2440 0.07206661884299496 -0.595157870812754 1.2312231853553322
2441 0.07166628385193957 -0.5313124592385094 1.2530165982150585
2442 0.22183547125850073 -0.7430567732186892 1.1590954118157624
2443 0.2193411954999906 -0.67765002517069 1.1866459409181134
2444 0.147162616142398 -0.7330165410393911 1.170554867358894
2445 0.6546953529847449 -0.5212020604312557 1.1758974134160007
2446 0.6532492460174932 -0.44912937595290187 1.2027807925680365
2447 0.5822762980861941 -0.512116181120233 1.1936138681573718
2448 0.8008751397813931 -0.39043680995663144 1.1913119497380247
2449 0.7991687492195699 -0.31529909429817427 1.2183026152275969
2450 0.725651839347762 -0.38359444597474235 1.2111723691647491
2451 0.6510713645928164 -0.3763008859196012 1.2282382078956853
2452 0.6483747766580619 -0.30321772148735887 1.2519171075147417
2453 0.5781141549482821 -0.36899817662136986 1.2428469842284897
2454 0.9529328683980525 -0.2472707328159491 1.2002036012140016
2455 0.9524980960700683 -0.1665189475993753 1.2275720805220993
2456 0.8755119906670753 -0.2424010165076455 1.223819200669859
2457 1.1137335748917776 -0.08760592070812974 1.2013394955999073
2458 1.0324616730659237 -0.08581882094030995 1.2299019105957034
2459 0.9503982757005266 -0.08388593727080901 1.2532040860500469
2460 0.8695234105408157 -0.0821230732808993 1.2720361619827418
2461 0.6440904592503346 -0.22764826376206926 1.2743571544429548
2462 0.639636629133829 -0.1528658382263519 1.294035628764392
2463 0.5709126839310518 -0.22384475120875996 1.2855856126604697
2464 0.787919619659529 -0.079819566437482 1.2880422667708162
2465 0.7102305953681015 -0.07828604489265527 1.300787714278005
2466 0.6338956424838361 -0.07675730741951413 1.3113613217548472
2467 0.559622180022121 -0.07548485134488951 1.3197806076334322
2468 0.797228780699688 -0.23800822311501277 1.2435984102180055
2469 0.7934272401196197 -0.15929085066631696 1.2670247747755057
2470 0.7197304273748683 -0.23296174502223108 1.2603337393583363
2471 0.06820890105752991 -0.4597327488555977 1.2745638913619013
2472 0.06789033430454366 -0.3950549177474427 1.2909849263790312
2473 0.2026681387979759 -0.3335572164446461 1.294562525115069
2474 0.20185045764882428 -0.2681139717153638 1.3077494060077661
2475 0.13514081308887618 -0.3317038921537055 1.2999947480229068
2476 0.06745991723750076 -0.329739183205546 1.3049486446634935
2477 0.06722780235488816 -0.2645297695023509 1.316508515741974
2478 0.3378955378586411 -0.20530408694460425 1.3113999012759718
2479 0.3377741395042399 -0.13761391690829622 1.3237849110615667
2480 0.26972929453045313 -0.20306655857556943 1.3156282846742853
2481 0.47877326772260026 -0.0710338746334092 1.3273518597654732
2482 0.40750500401005657 -0.07002988625167224 1.3316700893148548
2483 0.3371924163037352 -0.06898474204924362 1.3344449463625856
2484 0.2684621359056572 -0.0682271770258215 1.3360790686771302
2485 0.06627318230250703 -0.19755230259183074 1.3263402792385557
2486 0.06618617999101539 -0.13205675445291845 1.3342759590449416
2487 0.19919405984342325 -0.06682394519518796 1.337362822347143
2488 0.1324998548763656 -0.06640825969077678 1.3387529602017354
2489 0.06603875885152109 -0.06603875885152109 1.341005541611413
2490 0.20143682826929987 -0.20143682826929987 1.3192005223071843
2491 0.20043606048862725 -0.13414093923191042 1.3290455050400556
2492 0.1334984437069091 -0.19947603089102472 1.3226797691625465
2493 0.506362872173852 -0.506362872173852 1.2088025355085181
2494 0.5012637500345677 -0.3638875451367695 1.2555985189350893
2495 0.5041342618172616 -0.4350586963107032 1.23303668983148
2496 0.431369175544559 -0.499858944845845 1.2225799066177914
2497 0.3579219095591103 -0.4930459451083971 1.235014018872027
2498 0.49190611217095603 -0.21806286330831648 1.296121015100968
2499 0.49666826330747993 -0.29028801792871817 1.2771533320505644
2500 0.4858659091271625 -0.1447223124014513 1.3130215227200275
2501 0.4140095732097408 -0.2117610545344591 1.3046840765591077
2502 0.34429663154882145 -0.27679490554593394 1.2957693948654774
2503 0.2834081890982422 -0.4848972206669109 1.2468847857375798
2504 0.21151223157205418 -0.4771291999504992 1.257185401183286
2505 0.27484293048055186 -0.3418686300704243 1.2866315476775967
2506 0.20731412747230216 -0.4053154798640787 1.2772860503244403
2507 0.13959407116128408 -0.46864923015740145 1.2664945497169864
2508 0.42479408910713623 -0.35658016314083807 1.267385321171013
2509 0.34911897699802813 -0.34911897699802813 1.277718908700627
2510 0.3537584942818407 -0.4214326338815792 1.2573563233108989
2511 1.137336017920147 -1.137336017920147 0.17289692277036306
2512 1.1869335456049106 -1.0173910297895539 0.3410101985761387
2513 1.1639072460766486 -1.0780714079547553 0.2579715061803161
2514 1.0674853377350635 -1.1524783149824176 0.2554383674114423
2515 0.9992075977684449 -1.1657199464988273 0.33491545665021794
2516 1.223033856112952 -0.8880690619429097 0.5069311356426053
2517 1.2069376741040612 -0.9526890017069681 0.4262944797045431
2518 1.2434401877368095 -0.7511806896171948 0.664873625784668
2519 1.2353482138980603 -0.8206505858650709 0.5869635538034166
2520 1.1559964486541567 -0.9076223276603341 0.5901566505453651
2521 1.084588356504078 -0.9218976920776715 0.6688286828605833
2522 1.071830109290564 -0.987810747827512 0.5895297504570249
2523 0.9284920652392071 -1.1762831854214826 0.41546721034015843
2524 0.8592455110880424 -1.1833385440481767 0.49047796100307534
2525 0.9798874877758041 -1.063232927385187 0.5848011143985872
2526 0.9078559143164308 -1.0680685747589507 0.6586414963584606
2527 0.8862028745944003 -1.1287154850619958 0.576229235702574
2528 0.7882603881193379 -1.1865903459062679 0.5637967323757686
2529 0.7162933445131466 -1.1856906641595684 0.6339946695575717
2530 1.120918737419743 -1.0362366342733056 0.4252807619817232
2531 1.0517747998273765 -1.0517747998273765 0.5071351263443554
2532 1.0273676630137787 -1.1113249865933086 0.4216408570309677
2533 1.245086363207617 -0.5915905396701541 0.8271197075638931
2534 1.2471633543171807 -0.666864421391972 0.7534299098587355
2535 1.2249999078115639 -0.4326741219063308 0.9669463173651047
2536 1.23779061628804 -0.5130476148852471 0.8987842372428457
2537 1.1612849913970502 -0.5928565452336625 0.9117745890966251
2538 1.0691802241007962 -0.5880722562691655 0.9853685836745621
2539 1.0831137951373095 -0.6679193711103524 0.9206443181937471
2540 1.181586609144407 -0.2618900073618079 1.0944469532556789
2541 1.2061683155453056 -0.3465364158957424 1.0338782901504113
2542 1.1507723758639674 -0.17493950728815222 1.1507723758639674
2543 1.0691841239045672 -0.25584486963716835 1.1543123581799561
2544 0.990152246392795 -0.3318802744239447 1.1551555715433868
2545 0.9672084768937995 -0.5772342255610755 1.049475488878628
2546 0.864093441603123 -0.5618531802421222 1.100555726051265
2547 0.8903046155305651 -0.6459081831607809 1.0474199339517771
2548 0.910054096926813 -0.40721687461206896 1.15292458828192
2549 0.8340050341432649 -0.4760700909509604 1.1485777814332012
2550 0.7587832951800766 -0.5427134851016757 1.14221765582278
2551 0.6853440887490786 -0.6066013350648023 1.1344599164453284
2552 1.1274455301512503 -0.4277570515587372 1.0422703470723844
2553 1.0207962044109655 -0.41894387177730924 1.104216503032276
2554 1.0473440324086398 -0.504998739548368 1.0473440324086398
2555 0.6302745187217316 -1.178733274252175 0.7120902819130197
2556 0.5544631006214111 -1.1669463914525144 0.7752107697608741
2557 0.6408824388773794 -1.0392700685643796 0.8833772480677582
2558 0.5592109562653117 -1.0167071973987223 0.9370088489572229
2559 0.559721152594458 -1.0963795189597163 0.8608145225323629
2560 0.47625146432357535 -1.1490153670532373 0.8343227737129117
2561 0.3972956603346594 -1.1248353498461703 0.8878820253292234
2562 0.6290411479230497 -0.8670554917170481 1.0200679520521005
2563 0.5426891138971848 -0.834620361045011 1.0630172307787844
2564 0.553115648997258 -0.9267956069180773 1.0056252564954635
2565 0.6008980822922851 -0.6789004982913213 1.1237937485855343
2566 0.528829679720667 -0.7393719485195693 1.1129972143347184
2567 0.45595956488956185 -0.7987743395600939 1.1000586582072158
2568 0.38305876347598367 -0.8560652045599344 1.0845274218782108
2569 0.31420215951342445 -1.0936244276128928 0.9374102591776049
2570 0.23445805480065735 -1.0578200396007265 0.9798079213779629
2571 0.30607609818413845 -0.9131664625449667 1.0653405380821843
2572 0.23122671323154587 -0.9663040386950446 1.0432409803762217
2573 0.1546871736913859 -1.0175501757376568 1.0175501757376568
2574 0.47552554487753024 -0.9862179896345004 0.9862179896345004
2575 0.39036687673616616 -0.9511656642917966 1.0288956983678388
2576 0.3953948577687699 -1.0421480216673324 0.9634168136692972
2577 1.1711676007262377 -0.7570651472689353 0.7570651472689353
2578 1.0015836745131386 -0.7516674573975306 0.9176386667910336
2579 1.0898202265441543 -0.7573247276880022 0.8422405141992939
2580 1.0903161656575984 -0.8426237884345712 0.7576693597152767
2581 1.0062839202000786 -0.9219449741875181 0.755194892812613
2582 0.8041929614822907 -0.7231131788313283 1.0405884550698088
2583 0.903055091030753 -0.7397215796700495 0.9856660024204814
2584 0.702286113763115 -0.702286113763115 1.0864253173539937
2585 0.7168276445417298 -0.7972026554239499 1.0315433227071649
2586 0.7275244042687813 -0.8881647300557178 0.9694134805946993
2587 0.9147149703320123 -0.9983925201420746 0.7492725632381119
2588 0.8232316824196378 -1.0652236784000189 0.7402323911065911
2589 0.7335598729154967 -0.9774556364777219 0.8955328545473731
2590 0.7336205863116521 -1.055709029879979 0.8158785224518189
2591 0.7277023452176978 -1.1257438184361632 0.7277023452176978
2592 0.9141768416671096 -0.8310698560610085 0.9141768416671096
2593 0.8244129832012137 -0.9068542815213353 0.9068542815213353
2594 0.9182450778095358 -0.9182450778095358 0.8347682525541232
2595 0.0 -1.4526053706575444 -0.07136192581861447
2596 0.07137015195447535 -1.4492666267666476 -0.07137015195447535
2597 0.0 -1.4603492015309327 -0.21662234095992802
2598 0.07280866363246376 -1.4571363543774623 -0.21703377821172154
2599 0.07211036438478075 -1.453704166181588 -0.14387687405987393
2600 0.14309173280631965 -1.4457712504938458 -0.07171685554427203
2601 0.2147671516112598 -1.4419185203216507 -0.07204827483449322
2602 0.0 -1.4620021604504638 -0.36621247696435794
2603 0.07540105608336435 -1.4585625060252096 -0.36855489398589175
2604 0.07450431080144045 -1.4590029153682609 -0.2931615711487485
2605 0.0 -1.451577992248108 -0.5193829105606229
2606 0.07745977078994987 -1.4474273203547006 -0.5220842558503137
2607 0.07651482374737066 -1.454985972808693 -0.44524095678159836
2608 0.15127573370351566 -1.4552055357884301 -0.3713071463086674
2609 0.22726429571132356 -1.451672878970984 -0.3740382988876546
2610 0.2241773724384928 -1.4524010946602297 -0.2977703711614484
2611 0.2888085062401101 -1.437338635266323 -0.07339801948358052
2612 0.36178511540361485 -1.4317709876508 -0.0740160562831073
2613 0.29656320112681184 -1.446513016968321 -0.2232685506326303
2614 0.37147015809155254 -1.4417057169071867 -0.22570390280223016
2615 0.3667862612894347 -1.4374875441686799 -0.1494338618056203
2616 0.4360116806834235 -1.4248259727963626 -0.07492876922293465
2617 0.510841529077816 -1.4162579646358757 -0.07579172769327892
2618 0.14675031428619445 -1.453977038494488 -0.2192772395915616
2619 0.2214920358180869 -1.4505411540111783 -0.2214920358180869
2620 0.21820054411699435 -1.4468377179686198 -0.146029740643542
2621 0.0 -1.422026960323761 -0.6725686626009424
2622 0.08277450130339128 -1.4141621571422838 -0.6835882790705179
2623 0.08196215855858044 -1.4330301444345959 -0.6076430043201891
2624 0.0 -1.3674818185563937 -0.8196370592721122
2625 0.08406869496346059 -1.3566101302994749 -0.8298638681878114
2626 0.08357776606389236 -1.3887140604916688 -0.7582384144260587
2627 0.16613597129703733 -1.4063695889948298 -0.6951628558171388
2628 0.2498537492984846 -1.398661723665527 -0.7069169492954105
2629 0.24724827938872887 -1.419996801447301 -0.6306030318821686
2630 0.0 -1.285739583674271 -0.9535694645956022
2631 0.08505768966759147 -1.2707093430604817 -0.9636738197747959
2632 0.08498899797602315 -1.316427582129031 -0.899867971645263
2633 0.0 -1.1794406772735466 -1.0689827188729044
2634 0.08471286939417709 -1.1616670992806253 -1.076954229886448
2635 0.08503437085834523 -1.2186596604225575 -1.0230241786423482
2636 0.17039826180443324 -1.2561702543536986 -0.974687999667496
2637 0.25596042026849236 -1.242381638441438 -0.9864212181729455
2638 0.25574480911372993 -1.2911885122196212 -0.9237075411475045
2639 0.33684875198897024 -1.3907719944316093 -0.7202884886380255
2640 0.4240487761975397 -1.3840863214138261 -0.7336842024651341
2641 0.41787361711437426 -1.407467564134227 -0.6546879316456435
2642 0.3426741646377255 -1.3240787509343963 -0.8685546152708304
2643 0.4310123074358858 -1.3151170669322003 -0.8841047594963143
2644 0.42860728680397914 -1.3532972347410674 -0.8108033609215507
2645 0.5148551623591686 -1.3787962520292696 -0.7488460221640239
2646 0.6096776447553786 -1.3755094615171182 -0.7658318167617394
2647 0.6002960641391569 -1.3991389719212215 -0.6825368595424196
2648 0.16911475653008728 -1.3451656853324696 -0.8423600851893865
2649 0.2553292563152351 -1.33410120490809 -0.8552470541775723
2650 0.25324703011381766 -1.3700780633072722 -0.7824013903992713
2651 0.5957115533338584 -1.4048916999718233 -0.08035278023837802
2652 0.6729241639332798 -1.3921009420392458 -0.08148320237485047
2653 0.629961395446483 -1.4185519595415363 -0.2469967051071355
2654 0.7119773831176395 -1.4086739819645375 -0.25164231634984896
2655 0.6924262400344993 -1.4008331982322024 -0.16548195142628172
2656 0.7517186014618934 -1.3767730195699084 -0.08285911162442848
2657 0.8310845924025537 -1.358605694752278 -0.08419235945299641
2658 0.6625890952467647 -1.4244537203621919 -0.4229167646260654
2659 0.7518871537506584 -1.418425967543598 -0.4345695686445828
2660 0.7328152442160121 -1.4149593320244898 -0.3427069908050513
2661 0.6894381199628109 -1.4132859330333587 -0.6063657721850163
2662 0.7852543052640957 -1.4103941661173582 -0.6251398608532625
2663 0.7698814202788258 -1.4175272157016383 -0.5293176593093278
2664 0.8455755791997508 -1.4113349157741313 -0.44698859459164775
2665 0.942533459407513 -1.4020305006927587 -0.4594970412852455
2666 0.9143574193580039 -1.3939033981802427 -0.3607449196054409
2667 0.9135370207592176 -1.336424197012642 -0.08627998601436397
2668 0.993824092279273 -1.3104657753522835 -0.08771887280804291
2669 0.9763922267902438 -1.3648328832369885 -0.2703314983770664
2670 1.0660481104242765 -1.3426704268785332 -0.2766223164542568
2671 1.0290270018569614 -1.3262019344656448 -0.17989799046060925
2672 1.0739460550143511 -1.2793194550424065 -0.08926702714410983
2673 1.1518725329233903 -1.2424784516638439 -0.09060591874045343
2674 0.7977781012380891 -1.3970045162310492 -0.2582241510655869
2675 0.8864126089872923 -1.3827164021428344 -0.2646335595494271
2676 0.8582665214605677 -1.3705666897534117 -0.1723081807492054
2677 0.15894950344030698 -1.4421004997753972 -0.5336298440292289
2678 0.32522979996534 -1.4308834573043538 -0.5564519027591743
2679 0.24168937165030785 -1.43655214358806 -0.5452027794088404
2680 0.2348213218686614 -1.4467610210580502 -0.45909421570042147
2681 0.3091440375634784 -1.44720648557393 -0.38453471745290035
2682 0.5010631779067783 -1.4201055800557645 -0.5806184716221485
2683 0.41299670935293 -1.4250503033669397 -0.5689127920120932
2684 0.5932142946947413 -1.4161364960436955 -0.5932142946947413
2685 0.5830822196436346 -1.426131537692608 -0.5031893476267296
2686 0.5710738813824059 -1.4304635426296313 -0.41456553116725436
2687 0.3835326025202412 -1.443434999765207 -0.30833839416556375
2688 0.4554919395416666 -1.4354090315200811 -0.23297879974486543
2689 0.5563520244874994 -1.4306266261820682 -0.32517142404793076
2690 0.541842463191261 -1.4276980627803066 -0.24019973743374398
2691 0.5264447613615334 -1.4226832737301396 -0.1568093208118684
2692 0.4041085731802856 -1.4363145422808288 -0.48141470274862824
2693 0.48143939407178543 -1.4363882095500593 -0.40412929954222265
2694 0.3940257786887276 -1.442070529293856 -0.3940257786887276
2695 0.0 -1.0549326775095615 -1.1639388454770752
2696 0.0831126428150529 -0.9999044185592387 -1.1911186505812024
2697 0.08385264025056553 -1.0660181416449637 -1.1498707818955294
2698 0.0 -0.9194512687167511 -1.2397365219218746
2699 0.0813807893513105 -0.8616640693318233 -1.2605386380449084
2700 0.08220151989716491 -0.9313144170758888 -1.2280399309610983
2701 0.16510633736790642 -0.9444178831251706 -1.2171583654115339
2702 0.24598961634429986 -0.8884734139810642 -1.2419371006972286
2703 0.24871507659692674 -0.958499085824942 -1.2072141624218689
2704 0.0 -0.7785363089375278 -1.2989093593492875
2705 0.0791180934794212 -0.7177791484207465 -1.314612893220581
2706 0.07993431181767371 -0.7890523010352058 -1.2898939042351636
2707 0.0 -0.635269013388678 -1.3431634780655488
2708 0.07739295512913906 -0.5737682925258253 -1.353141981828879
2709 0.07818617643864477 -0.6456958720040915 -1.3357728550477064
2710 0.15700883754313744 -0.6569721839460724 -1.3291068309902847
2711 0.23365851410222022 -0.5959425391441548 -1.3419480348917932
2712 0.2363442793598003 -0.6686942958332688 -1.3230367688137388
2713 0.32770170522821823 -0.830604865730094 -1.2662257891439592
2714 0.40837157241979977 -0.7725231315869407 -1.289404395859762
2715 0.41334352958773796 -0.847862057558263 -1.261205587146001
2716 0.31907503354198846 -0.6822826930931053 -1.3173883475959982
2717 0.3959171913623488 -0.6202885190644222 -1.3335146850707016
2718 0.4024183652631462 -0.6962595200083199 -1.3134851132950047
2719 0.48985608916828377 -0.7124853951655481 -1.3118480480686543
2720 0.5717635213571273 -0.65009534724776 -1.3326367991448678
2721 0.5821057040309399 -0.7311979907747032 -1.3133036948056431
2722 0.16104991575047722 -0.8021891379252869 -1.281016658381818
2723 0.2402937043091199 -0.7423823618825877 -1.299999975821262
2724 0.24362051049849306 -0.8160276144925278 -1.2729227401778573
2725 0.0 -0.49125858390602084 -1.3729757648961316
2726 0.07247216458181943 -0.4217166598328809 -1.3781118183553782
2727 0.07322858380874894 -0.49356576058605417 -1.3683625933143004
2728 0.0 -0.34791110434868655 -1.388938985418542
2729 0.0708735314141255 -0.2788750825116486 -1.3879020937625255
2730 0.07157441288965008 -0.3498505395664799 -1.3845396928683575
2731 0.14360079646808444 -0.3524689693372616 -1.3813760399506012
2732 0.21344052942677638 -0.28350883488807543 -1.3828392009963606
2733 0.21588897285513953 -0.3553164561225708 -1.37901189353913
2734 0.0 -0.20666365606748804 -1.3932132013080232
2735 0.06882083952602744 -0.13731351027912503 -1.3873892053195007
2736 0.06939032499222161 -0.2068441261389416 -1.3887243652574046
2737 0.0 -0.06825381183647362 -1.389338257119306
2738 0.06780771633148235 0.0 -1.380257774509804
2739 0.06817794737789662 -0.06817794737789662 -1.3844446328104303
2740 0.13669216984716834 -0.06850942683202667 -1.3811113015183893
2741 0.20380617712194082 0.0 -1.3739496429971412
2742 0.20538717938673343 -0.06890156076903947 -1.3789426156305622
2743 0.2834109295656018 -0.21336682109288715 -1.3823616592013892
2744 0.3519609654290632 -0.1433938285583608 -1.3793851003558166
2745 0.3557679786377917 -0.21616331627591925 -1.3807642889262874
2746 0.276748825771879 -0.07033316286458231 -1.3773201652717302
2747 0.3430504371223649 0.0 -1.3695341141126292
2748 0.34757224851852553 -0.07110830715103625 -1.3755233157842797
2749 0.42014074195149353 -0.07220134250874174 -1.372961936304339
2750 0.4873692033684199 0.0 -1.3621056744925686
2751 0.4938796233683621 -0.07327515050541647 -1.3692327470507222
2752 0.13986370751788288 -0.2089871347311185 -1.3857457153592043
2753 0.20847896589649514 -0.13952361779251818 -1.3823761644719483
2754 0.21130575869759496 -0.21130575869759496 -1.3838316937145052
2755 0.6592352053309619 -0.5798020921059874 -1.3513726834612259
2756 0.740637877389322 -0.5092118049992213 -1.363683186169926
2757 0.7544920416630061 -0.6006500655624886 -1.3551421072254948
2758 0.6363488229661282 -0.40616814751865454 -1.3680416034987999
2759 0.7090946225698892 -0.3316138497595688 -1.369158272037656
2760 0.7251962448785774 -0.41914297610684326 -1.3680738926974643
2761 0.8200391564911321 -0.43348951777556194 -1.3687125341926416
2762 0.8951807889949588 -0.3531790904973038 -1.3646693484937829
2763 0.9201665286841599 -0.4485928782686101 -1.36875940695277
2764 0.609017597899604 -0.23878501305123795 -1.3713905536758488
2765 0.6739593404251579 -0.16106857364326357 -1.3634731957575739
2766 0.6911740972954288 -0.24428957291147477 -1.3675138999563174
2767 0.5782797565108744 -0.07800148567066584 -1.3637815577643237
2768 0.6378669366755247 0.0 -1.348656325354125
2769 0.656033803934228 -0.07943797841686034 -1.3571592839352677
2770 0.7365765307191637 -0.08119005816817922 -1.3490403089272998
2771 0.79594199233139 0.0 -1.3279489876962451
2772 0.8192415940281362 -0.08299261398153032 -1.3392454934183664
2773 0.9659548125555014 -0.2674417152019836 -1.3502431253787435
2774 1.028665076846427 -0.17983471750278107 -1.3257354883488413
2775 1.063267694310583 -0.2759008432500404 -1.3391685375606235
2776 0.9070380753132281 -0.08566618612509175 -1.3269168122523975
2777 0.9620173345352093 0.0 -1.2971302176892678
2778 0.9946499816177149 -0.08779176909058942 -1.3115548007851188
2779 1.0841977964357676 -0.0901191579149871 -1.2915316627107953
2780 1.1320606239222009 0.0 -1.2490364207209053
2781 1.1732041800711501 -0.09228385916600093 -1.2654880392371513
2782 0.7784583835806544 -0.2519707609522513 -1.3631733885304278
2783 0.8448518863010194 -0.1696150180521185 -1.3491448450872772
2784 0.8704390231134742 -0.2598647342352358 -1.3577991807892265
2785 0.15025702830081492 -0.5044472165122004 -1.3632363166755463
2786 0.29399213986020095 -0.36568774001116766 -1.3762753921012527
2787 0.22251950370334236 -0.43504319036186573 -1.3709681123558244
2788 0.2285779838050782 -0.515626116412384 -1.358620738554118
2789 0.3078621675896968 -0.526736753400541 -1.3544726921730537
2790 0.4373948340792174 -0.22372234196047475 -1.3783789364292443
2791 0.3664063537820785 -0.2945698644517791 -1.378979913858803
2792 0.5082890573043801 -0.15140137712808968 -1.3736186455284964
2793 0.5219137745863099 -0.23136531397029828 -1.3751880584010496
2794 0.534228461164393 -0.3122408508242312 -1.3737371796392663
2795 0.3914797603951734 -0.5392726829508897 -1.3508058022719474
2796 0.47588890220965946 -0.551447201163765 -1.3487570336694805
2797 0.5464991823087889 -0.39672576733482756 -1.3689072147324293
2798 0.5563550290927669 -0.48012426842502454 -1.360760843690297
2799 0.565002396306961 -0.565002396306961 -1.3487883230699298
2800 0.37531246800839413 -0.37531246800839413 -1.3735828432154604
2801 0.4595094763597 -0.3857209133712268 -1.3709596724882462
2802 0.38382184969693317 -0.45724712105487225 -1.3642098706945378
2803 1.2652938443709283 -1.1730241465807203 -0.09226969779020786
2804 1.3329555632226087 -1.1189717806526296 -0.09300959191630569
2805 1.4450768168288204 -1.1473563274792065 -0.297720489349614
2806 1.5094046054539243 -1.079817860448415 -0.2989667186812295
2807 1.4201162859174428 -1.101897053539342 -0.19263738003810765
2808 1.394600577787218 -1.0576297980303575 -0.09335061853717946
2809 1.4486810696499473 -0.9902722439152085 -0.0935273266587592
2810 1.6225030485567538 -1.0907490318504536 -0.5317540167063
2811 1.6752149454835394 -1.0036744871675956 -0.53056292007761
2812 1.5976427964204793 -1.048004148851382 -0.4134730734607135
2813 1.7438512694229569 -0.9709106503356673 -0.7729406190872895
2814 1.7739673910168956 -0.8653880395688852 -0.7611149886536152
2815 1.736334909384895 -0.9430309141932649 -0.6483633752017735
2816 1.7127937225212952 -0.90792725630846 -0.5247563469683519
2817 1.7354033483272415 -0.8072282854959877 -0.5152369353278696
2818 1.6788480210287138 -0.8694846520934724 -0.4066215475483418
2819 1.495857590826531 -0.9150441522262353 -0.09269781546169938
2820 1.5340068758816514 -0.8375683478536747 -0.09232200599124572
2821 1.6393647333477703 -0.8285739835959259 -0.29285238751024983
2822 1.6607256508023267 -0.7375077390688761 -0.2891637215514115
2823 1.6004027930809759 -0.7910726915611559 -0.1890573250272243
2824 1.5646805049538122 -0.7563469636593801 -0.09158472233369151
2825 1.5883571049471081 -0.6735057785990829 -0.09084608400522336
2826 1.564490931629668 -1.0029420973770724 -0.29942279087623824
2827 1.6079108449872175 -0.9182189792304724 -0.2972083540976219
2828 1.5292457183276018 -0.9576333738007592 -0.19225737033704593
2829 1.759055908047736 -0.77967988808213 -0.9793760199656059
2830 1.763142993704695 -0.6583737596836686 -0.9575908082132653
2831 1.7836437424086804 -0.7652665960152054 -0.8701084187616033
2832 1.6616468824573318 -0.5445828930060591 -1.1170639894512724
2833 1.6487503803807284 -0.42669981592438627 -1.081529139636628
2834 1.7163151892388548 -0.5435799155393044 -1.028298948753731
2835 1.752015516039337 -0.5367729049563024 -0.9287181635310254
2836 1.7297414895813952 -0.41894808377066983 -0.8958426602300537
2837 1.769087663663042 -0.525237724723006 -0.8228966499386595
2838 1.4926744048286258 -0.3075267342676251 -1.1851476705610005
2839 1.4763434563414266 -0.20026454050717793 -1.1455248564407192
2840 1.5656004398772148 -0.3100973884568344 -1.1200199808565625
2841 1.3053479178087208 -0.09519058234822082 -1.2101573354605
2842 1.2951824680622588 0.0 -1.17388496329146
2843 1.3848242169254126 -0.09662882908163367 -1.162513787149502
2844 1.456736660510892 -0.0975098321845277 -1.1047522312690623
2845 1.4358223285424028 0.0 -1.0648784143130585
2846 1.5183771594550346 -0.0980269291555418 -1.0379142713354168
2847 1.700080704498101 -0.303698550508442 -0.8592612815843307
2848 1.667757299178528 -0.19701398619176702 -0.8243657541937122
2849 1.7152068953257518 -0.29864993585389726 -0.761702186508595
2850 1.5697687459337315 -0.0972780660542057 -0.9602569924590814
2851 1.5404153660328639 0.0 -0.9232894386892961
2852 1.6081115777590715 -0.09678189130093484 -0.8780295437554123
2853 1.6351544621010201 -0.09570974196335325 -0.7904131920916987
2854 1.6042110009643231 0.0 -0.7587352965534809
2855 1.6518776901241097 -0.09447914384993819 -0.7004402009927992
2856 1.6261076134736465 -0.3112154056298688 -1.0424424631974374
2857 1.5987178870574652 -0.20099143858490212 -1.001137741037956
2858 1.6711000340189972 -0.3088883268569623 -0.9543040102084327
2859 1.6064793988087682 -0.5794540352191241 -0.08597151944044383
2860 1.619002553138083 -0.4954317493518752 -0.08514013008714513
2861 1.6744357047075777 -0.43143540921528234 -0.26213856899634724
2862 1.670358558029017 -0.34245587505107083 -0.257818996381777
2863 1.6496902530030235 -0.4209314526857549 -0.17149337139606208
2864 1.6277342372272572 -0.41130182406329413 -0.0841464661287978
2865 1.6335115295027651 -0.3282260792177739 -0.08341563228548562
2866 1.6946243059096386 -0.2652991627499727 -0.43663720788489224
2867 1.6765558456416947 -0.17428618116612168 -0.4277864201052895
2868 1.6796885910435226 -0.25925908224624383 -0.3443687126300922
2869 1.6594335029524798 -0.08880538385054343 -0.5985544789286672
2870 1.6332666954216675 0.0 -0.5843921680543388
2871 1.6609118230582438 -0.08734405539037808 -0.5082564251810519
2872 1.6582864656165566 -0.08572587755390781 -0.4190218725689537
2873 1.6403959923646985 0.0 -0.4108978056374332
2874 1.653516337431078 -0.08443718228495081 -0.33224570170174467
2875 1.6368689782306056 -0.24380412836156695 -0.08178935518860467
2876 1.6383574577351616 -0.16215248954729358 -0.08127001078914695
2877 1.6477531807926944 -0.08233320562571034 -0.2454252804231261
2878 1.6385227672909257 0.0 -0.24305189279016529
2879 1.6425317478055828 -0.08147707463681858 -0.16256562986891
2880 1.6380908981564481 -0.0806689356930131 -0.0806689356930131
2881 1.6361585615027818 0.0 -0.0803793158499748
2882 1.6641324698260058 -0.2541066053820509 -0.2541066053820509
2883 1.6563745874414015 -0.16717835622382343 -0.24980122632461993
2884 1.649506283841566 -0.24876540346485304 -0.16648513639627202
2885 1.787833682534419 -0.748916859341667 -0.748916859341667
2886 1.7702467102424573 -0.5130387778912884 -0.7067231213486044
2887 1.7853601737083151 -0.629937840474761 -0.729954948358748
2888 1.773630319228509 -0.7251591287548649 -0.6257991354062231
2889 1.7462716666187532 -0.6971517336057669 -0.5060905220298719
2890 1.717597289459698 -0.2889731580511469 -0.6518655241985059
2891 1.745846646563631 -0.3968187295293303 -0.6789369766257763
2892 1.687951129817066 -0.18604736213441056 -0.6246035545189321
2893 1.709271383225829 -0.2774289324907515 -0.5423954569410192
2894 1.7144297551418222 -0.3662267561033767 -0.45553814749859883
2895 1.7103717963184661 -0.6651412703310043 -0.388755544236259
2896 1.673051833122328 -0.6349595547816843 -0.28147871143456626
2897 1.7030609710691273 -0.4525173676618895 -0.36379822095966746
2898 1.6767113619120513 -0.5320633307427989 -0.2721441707825728
2899 1.6374230474164704 -0.6059063189693117 -0.18047811532490146
2900 1.756010566004553 -0.49405537814213724 -0.5885683670055367
2901 1.7317989900020325 -0.4731900636663335 -0.4731900636663335
2902 1.743685317751898 -0.5844372692903854 -0.49058765687436817
2903 0.16904690204871298 -1.1120101349240263 -1.1120101349240263
2904 0.33849287893832136 -1.009880701860002 -1.1781716635978297
2905 0.25391893013426065 -1.0611355593856466 -1.1456229685022732
2906 0.2564974776497809 -1.1572567732666228 -1.0719113942508822
2907 0.3451557555391268 -1.2013627346588795 -1.0297591421956822
2908 0.5159082766543192 -0.9037956974495173 -1.2446923154508427
2909 0.4279885191503192 -0.9564748652948973 -1.2117338892226397
2910 0.7002228396082559 -0.7911185752358196 -1.3095499435889484
2911 0.6072014233001056 -0.8489457318779716 -1.2779416863101651
2912 0.6278531576912176 -0.9655970900031218 -1.229836213650454
2913 0.7488809772356105 -1.032239887801421 -1.2144030439054103
2914 0.6418756923237694 -1.0755211372371025 -1.167000805168855
2915 0.4400958355516189 -1.2460124853404089 -0.9835324691927918
2916 0.5338592033682423 -1.2880011390288226 -0.9352430904521812
2917 0.647671087790571 -1.1775374733382706 -1.085231849759379
2918 0.760740294654895 -1.233634392558146 -1.0485864914065386
2919 0.6438744567963861 -1.261218669226081 -0.9902368001081215
2920 0.6307977148680058 -1.3276034352452382 -0.8819363841492465
2921 0.7282011365290626 -1.361874682346192 -0.8227287272409961
2922 0.43601747484750747 -1.0623976464746459 -1.1492176488811325
2923 0.5394310997993644 -1.118755155261891 -1.118755155261891
2924 0.44032219979798426 -1.1605636755246687 -1.0728865142836868
2925 0.9037205786835011 -0.6463786800934098 -1.3603957908136333
2926 0.8102639008104301 -0.7171684589613122 -1.3412414760735065
2927 1.0767394736813403 -0.4818026584624245 -1.3640940891020286
2928 0.9939433474194906 -0.5673667189457459 -1.3688421509614788
2929 1.0686138605410291 -0.6948370015190484 -1.3610438947138135
2930 1.2411348167303613 -0.7407146565268388 -1.3467009436636714
2931 1.1385740257813457 -0.8260254609016318 -1.3395023569235494
2932 1.2143388555231511 -0.29057891829901467 -1.3110242816078257
2933 1.1522033109084078 -0.38619672117045717 -1.3442115381704491
2934 1.2653293123459208 -0.19235436225418942 -1.2653293123459208
2935 1.3618424115331427 -0.3018423841484555 -1.2614092497172658
2936 1.4579812214623191 -0.41888315288768746 -1.2497220436729761
2937 1.4157516239064067 -0.7786940246557406 -1.304772704393101
2938 1.5665092536460843 -0.7997307044121157 -1.2299335147188466
2939 1.4763537532434223 -0.9104170538957506 -1.2548974084438291
2940 1.5514594924258804 -0.5479807543478353 -1.2246352290935072
2941 1.6284588011424295 -0.6749743396589077 -1.1824561296606264
2942 1.684705760683222 -0.8004713725884839 -1.1191619933236356
2943 1.7130222289121573 -0.9159614685283374 -1.0348621766728552
2944 1.2431888382681222 -0.5102157933227396 -1.34478324436297
2945 1.4068334864089092 -0.533757887265421 -1.3005513676175182
2946 1.3337933528328667 -0.6431162456232782 -1.3337933528328667
2947 0.8404463528126348 -1.391202922504064 -0.7438830917722329
2948 0.932309225925815 -1.4034310788117836 -0.666826473920416
2949 1.1574771190655955 -1.3617413483584908 -0.8397394891413622
2950 1.2533759974554066 -1.3599833118736009 -0.7480202464224808
2951 1.0908186011916898 -1.3893250426684023 -0.7092750281841729
2952 1.0171388832974226 -1.4007866549478332 -0.5806072875550312
2953 1.0908720333446784 -1.3819982725854576 -0.48812647678905746
2954 1.476507272556998 -1.2550278995191075 -0.9105117240253687
2955 1.5565389622675605 -1.2221054118912273 -0.7946406941687787
2956 1.4160161364873496 -1.3050164821785226 -0.7788395122983105
2957 1.7069488610599126 -1.031193164929032 -0.9127140086629815
2958 1.6688990201478968 -1.1086614634042211 -0.7929609552872867
2959 1.6046615116642484 -1.1651764473051118 -0.6651106822302159
2960 1.5223722013153658 -1.2016753506134465 -0.5377070244809008
2961 1.1537351771470314 -1.3459986813364138 -0.38671017371223276
2962 1.201827272063971 -1.297516528280373 -0.2875850238261164
2963 1.4265249133283706 -1.2227589791911606 -0.40984564449225064
2964 1.3312848557993715 -1.2331052527754054 -0.2950695259981156
2965 1.238354869486382 -1.238354869486382 -0.18825372876472343
2966 1.3344710210520923 -1.3344710210520923 -0.6434429974698074
2967 1.392247405103679 -1.2870672217161294 -0.5282238734562712
2968 1.2442428143071838 -1.3459233521838097 -0.5106483544947512
2969 0.8483643166913067 -0.8483643166913067 -1.3124059467079912
2970 1.1847882383331212 -0.970498296215713 -1.2931719207293004
2971 1.0127402621294859 -0.9106344687835868 -1.3104390056011723
2972 0.8797351555317058 -0.9783763327208705 -1.2659736721225898
2973 0.8999567083793831 -1.0986707830962397 -1.1991764948853736
2974 1.5125143974565924 -1.0510582628937724 -1.1689092134830763
2975 1.3613722275490887 -1.0216811903916596 -1.2472725221901548
2976 1.6317261312325442 -1.0547789941235703 -1.0547789941235703
2977 1.5126270397958346 -1.168996266319327 -1.051136538949598
2978 1.3665979627012501 -1.252060276583579 -1.0256029945851708
2979 0.9064248091857317 -1.2077951255164956 -1.1065670666750942
2980 0.897456154941703 -1.2914748909333778 -0.9980843167725288
2981 1.198036357010473 -1.3076319689655527 -0.9813502579321146
2982 1.0334826323723416 -1.3372786722474892 -0.9292855662206512
2983 0.8743565769804138 -1.3526155551281653 -0.8743565769804138
2984 1.2169903112171636 -1.1063548283792393 -1.2169903112171636
2985 1.2217399406050622 -1.2217399406050622 -1.1106726732773289
2986 1.0607886717538157 -1.1668675389291976 -1.1668675389291976
2987 1.6325032126039623 0.08039376619722166 -0.08039376619722166
2988 1.6281599002327318 0.08135418909821708 -0.24250695112970339
2989 1.6301251596816386 0.08086165121628905 -0.16133771764402444
2990 1.6269705259662903 0.16102549535813776 -0.08070516697967041
2991 1.619476953812081 0.2412136660764395 -0.08092032872311856
2992 1.6223136670152207 0.08386624727161944 -0.4099321346111195
2993 1.6257184802783953 0.08301767848060455 -0.32666019985551153
2994 1.6071565239251697 0.08600775611746034 -0.5796982729487445
2995 1.616537220084228 0.08501048311623301 -0.49467733159926636
2996 1.6032851626202265 0.16666933525643032 -0.4090908286223667
2997 1.5830268166477945 0.24782819861773453 -0.4078829784380888
2998 1.5929798603457797 0.24587563363362472 -0.32659174246824785
2999 1.6093434932409907 0.32336992752167304 -0.08218148609829092
3000 1.5969850939098391 0.4035320183753697 -0.08255687509638442
3001 1.5851723378233176 0.3249910490455341 -0.24467054649152958
3002 1.5661713249846885 0.40353998938049046 -0.24518941442800768
3003 1.5808172759271877 0.4033579704889905 -0.1643336885311618
3004 1.5815101019071363 0.48395866633243567 -0.0831684765101316
3005 1.5625985732162513 0.5636263056651784 -0.08362321590584065
3006 1.6159780650921227 0.16310112378213076 -0.2437089444829337
3007 1.6016936790030507 0.24457244300744133 -0.24457244300744133
3008 1.6103055048429051 0.2428534541141496 -0.16252859066961203
3009 1.5670257602790658 0.09172199608196467 -0.7574806307170611
3010 1.5892383118428084 0.09089648463328329 -0.6738794338272095
3011 1.497120197870417 0.092776058815527 -0.9158165126428637
3012 1.5364641710409384 0.09246989477974125 -0.8389100319615572
3013 1.5301544316212237 0.18075880957689897 -0.7563492078119525
3014 1.493513480168232 0.26679785135601336 -0.7548572862672958
3015 1.5225795530911292 0.26510987514235784 -0.6761587642186645
3016 1.3888547084528466 0.09296600629411812 -1.0532722760843518
3017 1.4467151217088126 0.09340040441263013 -0.9889283845110413
3018 1.2499963281565751 0.09115414885719228 -1.1588421792993828
3019 1.3225273975510994 0.0922819461790406 -1.1102176830425199
3020 1.343405042540363 0.18223157518243024 -1.0423752426223325
3021 1.299511549741152 0.26773055245148325 -1.0317809972896685
3022 1.358581109357216 0.26909321387997454 -0.9719197499802018
3023 1.4549635297266859 0.35239611607091637 -0.7535336389043289
3024 1.4161177541428545 0.4338623908821524 -0.7506636031080122
3025 1.451438813726146 0.4309285716896982 -0.675141295673905
3026 1.3689606755520378 0.354289694314363 -0.8979957665175975
3027 1.326244691614414 0.43465923994946765 -0.8915854516649462
3028 1.3742850941477693 0.43525442184955615 -0.8233778541730341
3029 1.3750220680570604 0.51344584745936 -0.7467962032365757
3030 1.3318560100656613 0.5903287895050389 -0.7415272205606224
3031 1.3713727272146445 0.5883830463848195 -0.668991753699724
3032 1.4537119139919619 0.18276123088798185 -0.9103331322404624
3033 1.411057020710651 0.27005757763427163 -0.9045808187561796
3034 1.4562212890119084 0.26916985718358494 -0.8315946308209813
3035 1.5353669268963182 0.6510365297034514 -0.0878153107920333
3036 1.506730940312676 0.728334869738008 -0.08819278719408073
3037 1.4771513487623784 0.6559846600562643 -0.2571999662294961
3038 1.4425136055023486 0.729080734865882 -0.25768734973620144
3039 1.473067313831693 0.7281312741027179 -0.17401504617592078
3040 1.4723556773893642 0.8039067696194142 -0.08861161694015289
3041 1.432282593280312 0.8761541334910153 -0.08875809324037409
3042 1.423622162135184 0.6622022933413031 -0.42266987705791415
3043 1.3832588761252635 0.7332455856482274 -0.4237952680481152
3044 1.4124252534592916 0.7315028309468892 -0.3420932300983743
3045 1.3632070876843623 0.6650083395621695 -0.5848796050758575
3046 1.3185948511481531 0.7341439071699896 -0.5844509439781634
3047 1.3522724104609982 0.7344405048719104 -0.5049509167268478
3048 1.339021010769498 0.802250021654858 -0.42408581623182423
3049 1.2914184584643622 0.868173058002446 -0.4232454004619159
3050 1.3243954208277535 0.868762340904369 -0.3427561194240971
3051 1.3844639861527186 0.9463754907203475 -0.0893814506125088
3052 1.3320917353839006 1.0102246732805678 -0.08916645341109627
3053 1.3085146756391852 0.9361025614395401 -0.25917659023203654
3054 1.2554556856645913 0.9968016980426353 -0.25865398762195596
3055 1.2920158463378766 1.002501322126665 -0.17526068116700402
3056 1.273712427915829 1.0692391425702292 -0.08887578581596996
3057 1.210716411660409 1.1224266931017202 -0.08828971855868895
3058 1.4024753922872173 0.8009023181332312 -0.259235394986974
3059 1.3576377164270799 0.8703355137848172 -0.2598338321002579
3060 1.39327990754061 0.8724898311084203 -0.17516369538058515
3061 1.5783055551852896 0.17396213669772126 -0.5840306881352351
3062 1.5166654647109683 0.3447274501527545 -0.5898114059390054
3063 1.5482042001740906 0.2604740120270518 -0.5875771629974341
3064 1.5679642437739152 0.25449361090508216 -0.49755509324909225
3065 1.5581548766076814 0.3328442033015716 -0.4140146214080696
3066 1.4452491683843876 0.5099347198884843 -0.5908985747577817
3067 1.481719028418776 0.4294199871237835 -0.591536247838764
3068 1.4056013180849745 0.5888011479537837 -0.5888011479537837
3069 1.4356271603323243 0.5869645604932188 -0.5065397371490868
3070 1.462065613890594 0.5836901536304531 -0.4237241913273047
3071 1.5487282920234298 0.4115099000184239 -0.3308305497919597
3072 1.5408667169272217 0.48895635603262644 -0.2500954573877454
3073 1.487426932451323 0.5784409223215513 -0.33808173631104227
3074 1.5111708968961441 0.5735222190345948 -0.2542434301165153
3075 1.5359384209814229 0.5683533014200262 -0.16929239631212242
3076 1.5078917028729573 0.42424688090308366 -0.5054054766882498
3077 1.4977942084838276 0.5020210632351008 -0.42140594047522484
3078 1.529874687642524 0.41801704760563946 -0.41801704760563946
3079 1.0482329144004805 0.08712973578722874 -1.2486891260012274
3080 1.129674818409578 0.0888598537376203 -1.2185346721471981
3081 0.8840293787806391 0.08349310504580425 -1.2932571158316462
3082 0.9656699139660923 0.08523387289140287 -1.2733414115949386
3083 0.9679371969896678 0.16921806358461414 -1.2474698727753966
3084 0.8906476498305899 0.2465915920861179 -1.2449763184438718
3085 0.9686306106979854 0.2513440441380631 -1.2199746548360486
3086 0.7226613403532829 0.07965623911732773 -1.32355463034935
3087 0.8014336684933124 0.08118859633826511 -1.3101341980526386
3088 0.5697888418772619 0.07685618540955921 -1.3437570754000439
3089 0.6451887623915973 0.07812477142839877 -1.334723780267654
3090 0.6514566757970846 0.1556906941816776 -1.3179485205833343
3091 0.5821456606884475 0.22824900243379792 -1.3108801169044872
3092 0.6564432131014675 0.23201423895468992 -1.2987975416916435
3093 0.8139674061942113 0.3211376648697718 -1.2408626096113464
3094 0.740031018757214 0.39119557513896785 -1.2351723976186764
3095 0.8160942038969619 0.39785629715089 -1.2139505010478517
3096 0.661269100551036 0.3092478566062788 -1.276814165902261
3097 0.5903750133561836 0.37682402616614213 -1.2692057418646456
3098 0.6644521205526093 0.3840345854735557 -1.2534808412138068
3099 0.6670706466337383 0.4586320230227815 -1.2282291421665332
3100 0.5953815849590257 0.5236423749355379 -1.220478523663712
3101 0.6688874078201745 0.5325003355576283 -1.2013877433778029
3102 0.8073548305963035 0.16208699582315403 -1.2892657583144946
3103 0.7331491723346212 0.23730511320972628 -1.2838315607222406
3104 0.8115933548047384 0.24229668690522663 -1.2660057316205535
3105 0.41538156013542255 0.07138347534649642 -1.3574095872246785
3106 0.48770881198027677 0.0723596093253236 -1.352124778572869
3107 0.27417990857888863 0.06968029624151252 -1.3645352096609866
3108 0.3440071567612368 0.07037894040562014 -1.3614144021527599
3109 0.3448248558919552 0.14048647755058552 -1.3514176717576083
3110 0.27580156540514306 0.20763808704602532 -1.3452463182988976
3111 0.3451957444594133 0.20973966564498212 -1.3397325933151072
3112 0.13567348235322613 0.06799886579251019 -1.3708186796939492
3113 0.20369272182432813 0.06833311842003194 -1.3675662495391883
3114 0.0 0.06781120030520711 -1.3803286924241647
3115 0.06771294834028783 0.06771294834028783 -1.375002203892598
3116 0.06789051884640472 0.1354573051080744 -1.3686344665327714
3117 0.0 0.20274140947862632 -1.3667715626069106
3118 0.06800770486779013 0.20272270357099428 -1.3610536740636618
3119 0.2067405407128945 0.27460937235798666 -1.3394312921766465
3120 0.13865455827236026 0.3403283996341473 -1.3337954199295943
3121 0.20771791377434562 0.3418682854403936 -1.3268184558373053
3122 0.06901952753598103 0.27157989805874855 -1.3515955091606513
3123 0.0 0.3373449343001194 -1.3467564700472934
3124 0.06929709783874226 0.33871918875049334 -1.3404871753016456
3125 0.06978721106904837 0.4060928733246961 -1.3270554412065048
3126 0.0 0.4714903599434022 -1.3177272800759527
3127 0.07017177354099215 0.47296264625145207 -1.3112424824545608
3128 0.2050582576866915 0.13723432408467562 -1.3596942335898
3129 0.13681452011164946 0.20443097823708692 -1.3555348875576108
3130 0.2061913899582318 0.2061913899582318 -1.3503379280997112
3131 0.5198098297487995 0.5910239795838148 -1.2115458258621625
3132 0.44895779578535366 0.6529996862668209 -1.202321296171314
3133 0.5251487785636879 0.6596529274400454 -1.1848017060037335
3134 0.368893357484857 0.5779499334687009 -1.2424939360131917
3135 0.29856445652901903 0.6384246338587065 -1.2327048333159611
3136 0.37324642288941656 0.6457865686022338 -1.2182685045581303
3137 0.37743327525540954 0.7139966526996379 -1.191718907793585
3138 0.3051690039356014 0.7734926474135727 -1.179160366472695
3139 0.381104964867044 0.78173339251281 -1.162838357379854
3140 0.22088731620585617 0.5633697902695212 -1.2686004661713042
3141 0.14865318360693633 0.6220096155922022 -1.258374782414073
3142 0.2226565297735368 0.6299672316710998 -1.2464138184550688
3143 0.07380076590386159 0.5471368727179374 -1.2903359804391452
3144 0.0 0.6046696103925714 -1.2784664761832398
3145 0.07428695865629599 0.6134944146520583 -1.2691566128061118
3146 0.07495134850124614 0.6799773949836667 -1.2453789616358193
3147 0.0 0.7368106434525719 -1.2292942922017438
3148 0.07556177265990101 0.745889834187718 -1.2193345727367528
3149 0.2304971496402001 0.8325172114870786 -1.1637196967796268
3150 0.15540190388753175 0.8889079573974742 -1.14561760822123
3151 0.23303132908536617 0.8980570014212587 -1.131088330506625
3152 0.07682398867703986 0.8134164246060376 -1.1899565834645454
3153 0.0 0.8679926580135543 -1.1703526173837364
3154 0.07756299025006148 0.8787615015119716 -1.158743163277045
3155 0.07845130282465877 0.9438251712277147 -1.1243152280066904
3156 0.0 0.9968043692851519 -1.0998041405744092
3157 0.07923883656118103 1.0073628814149298 -1.0866017179761107
3158 0.22576229687032628 0.6974878832406836 -1.221384394221259
3159 0.15177398130105954 0.7559857367949278 -1.207234399655448
3160 0.22847503440060785 0.7652965545123077 -1.1937872811133894
3161 0.4952938688033914 0.14753056895936179 -1.3384999803308189
3162 0.3519974422041663 0.2829859192319654 -1.3247515975607564
3163 0.4226358473014835 0.2161732928414349 -1.3318683814056758
3164 0.5018500388893958 0.22247102388835308 -1.3223222190980322
3165 0.5071217464757791 0.29639777193065275 -1.304033851395652
3166 0.21264658393773703 0.4157408530766727 -1.3101399244926264
3167 0.28143984346105877 0.3500743263180826 -1.317513900529691
3168 0.14345108413465807 0.4815981050318249 -1.301488055303065
3169 0.21714480051470395 0.48983514652057736 -1.2906642378123883
3170 0.29070696981707805 0.4973850690106082 -1.2789965559080474
3171 0.5122327425345459 0.3718503785815686 -1.2830743751808937
3172 0.5155562099591733 0.4449156297594157 -1.2609730595548188
3173 0.36684815257487413 0.505342057211162 -1.265814131874068
3174 0.44179165708394813 0.5119362348338873 -1.2521191440727306
3175 0.5181911054916352 0.5181911054916352 -1.2370391997879118
3176 0.35722247938990037 0.35722247938990037 -1.307376414923368
3177 0.3622780356341649 0.43158196685763067 -1.2876371486881097
3178 0.4343623976656987 0.3646119816484011 -1.2959326435714869
3179 1.1061944456398782 1.1932073408935007 -0.08701289525362245
3180 1.0345407670711395 1.232378594966688 -0.08599163645570031
3181 0.9654767290097164 1.2160023916414473 -0.25052566263173087
3182 0.8949043369617328 1.250926454476124 -0.24777013138488624
3183 0.9633186174114895 1.2415174836155298 -0.1684106278386159
3184 0.9606642363202362 1.266740878071651 -0.08479205184465417
3185 0.8861380703415984 1.296341945851737 -0.08369226268720664
3186 0.8308833865580025 1.2359495982301736 -0.40506621167217083
3187 0.7592568624843914 1.267261905883641 -0.40135875047047725
3188 0.8264497598889816 1.2598914870110012 -0.3260623754750275
3189 0.6943403103957567 1.247103666312197 -0.5527633559164403
3190 0.6223253453292832 1.275710801096182 -0.5473396054619852
3191 0.691240064555918 1.2727305508119693 -0.4752492570337072
3192 0.6865074918770673 1.2950880308756771 -0.3967819680494578
3193 0.6137439165670813 1.3194449042027308 -0.39173990843723777
3194 0.6808670590019796 1.3146549646815733 -0.3184130007809618
3195 0.8091259403786727 1.322709048416332 -0.08196785578490005
3196 0.7341918904248825 1.344672838956275 -0.08092720824542396
3197 0.6736390732523911 1.3328201965771633 -0.23809196864472348
3198 0.6007179755834761 1.3527013997291162 -0.2355308781462501
3199 0.6667226965754491 1.3488328913289755 -0.1593390985356086
3200 0.6591863909904494 1.3636811472388146 -0.07981971963358962
3201 0.5851011581458895 1.379868757157343 -0.07892159303374882
3202 0.8218128583683006 1.2819471510631748 -0.24534766291508198
3203 0.7476550806679201 1.309233134696511 -0.24200037353209936
3204 0.8158873426447931 1.3028913355695393 -0.16380000872944092
3205 0.5515760889669762 1.2444250427208896 -0.6928489537539134
3206 0.47449001017130144 1.2706972668812941 -0.6901357559380383
3207 0.547189113208753 1.2753600415476058 -0.6221542355785405
3208 0.4002026289265374 1.2211096955989222 -0.8209070666723847
3209 0.32211280678627396 1.2446305175076158 -0.816439036972147
3210 0.399283839874735 1.2607105222324408 -0.7553317204337643
3211 0.3965757835584752 1.2944150490168076 -0.6861507538971023
3212 0.3185950850630291 1.3154067493286297 -0.6812564124181956
3213 0.39253025597083857 1.322106925618723 -0.6149821641397025
3214 0.24154739362444577 1.17242363619192 -0.9308762425674743
3215 0.16177303977573027 1.1925854076837952 -0.9253512264115977
3216 0.24195338747478112 1.2215592390034877 -0.8738952293543969
3217 0.08028830182668095 1.1009930292312677 -1.0207047274045868
3218 0.0 1.1187506590067702 -1.0139764926290913
3219 0.08079533971767387 1.1579085053511935 -0.9720256082154695
3220 0.08104536402830012 1.2107676764436979 -0.9182155761979136
3221 0.0 1.2265911631025697 -0.9097020061674717
3222 0.08121972189960916 1.258043801759596 -0.8599586786987738
3223 0.23840384191425792 1.334566038718644 -0.6745214634541995
3224 0.15953666676059947 1.3505053403549727 -0.6675493814314206
3225 0.23664151545530013 1.359080014093261 -0.6035506393987307
3226 0.08059148752871961 1.3004986986521472 -0.7955394527375687
3227 0.0 1.3130949444227842 -0.7870388214213646
3228 0.08036422544225238 1.3353184116797467 -0.7290843695119688
3229 0.0798362173342204 1.3639630024423441 -0.6593226362665338
3230 0.0 1.3745947774859124 -0.6501349108750032
3231 0.07929860032212 1.3864603699016718 -0.5878961777669592
3232 0.24220205644239065 1.265511285287562 -0.8112763820232252
3233 0.16145717328615805 1.2842560496291069 -0.8042176864652786
3234 0.24091298294927796 1.3033503017049417 -0.7442956102586358
3235 0.5033651784635692 1.3955305168832393 -0.07468248833500396
3236 0.43058596296121854 1.4070954764033723 -0.0739963576177257
3237 0.36134701119144874 1.4024169653316865 -0.21955311595105434
3238 0.28973209418676704 1.413193693898119 -0.21812573001319632
3239 0.35979113844545096 1.4100726624803452 -0.14658395075195532
3240 0.3580720898573322 1.4170766234350614 -0.07325642440187949
3241 0.2864681820169239 1.4256913383468948 -0.07280324765650523
3242 0.22049536354970323 1.4084356638692321 -0.3628977901548865
3243 0.14746432770094292 1.4185414986801956 -0.3619520286596421
3244 0.21861522205525308 1.4163650165431185 -0.290382276787528
3245 0.075226067373824 1.4056879333529293 -0.5070289390851667
3246 0.0 1.4128688979307042 -0.5055325751469524
3247 0.07457267338709518 1.418054547068027 -0.4339395534420593
3248 0.07377790623445916 1.4271641989689252 -0.3606210552366696
3249 0.0 1.434080665855455 -0.35921850665925614
3250 0.07321961520825786 1.4338449802682436 -0.28810651628690287
3251 0.2135254483174959 1.433581887076808 -0.07163171867354953
3252 0.14257535762898252 1.4405538953663264 -0.07145805090704074
3253 0.07191151681791601 1.4391815510138064 -0.21435949258336823
3254 0.0 1.4456649296183648 -0.21444413498449566
3255 0.07159859304548982 1.4433871453981433 -0.1428557717376375
3256 0.07126417480883053 1.4471146187327988 -0.07126417480883053
3257 0.0 1.4532577633320576 -0.07139397581552599
3258 0.2172628093694872 1.4228441445423372 -0.2172628093694872
3259 0.14448347462045247 1.4315175784247154 -0.21589008265824716
3260 0.21543541048070405 1.428502751589877 -0.14417918729416215
3261 0.5451992702270078 1.3015137886759 -0.5451992702270078
3262 0.3898948884275199 1.34533718175475 -0.5370894841125451
3263 0.46741683948531926 1.3247456433300842 -0.5416300037974708
3264 0.5410927590379155 1.3234316233355623 -0.46695320703183485
3265 0.5356499662075535 1.3417313823141095 -0.38884988440201096
3266 0.23222687631746988 1.3803090086034229 -0.5238572865541907
3267 0.31009319478809655 1.3642883361002907 -0.5305539292244948
3268 0.15367040296659196 1.394204826830637 -0.5159066961021822
3269 0.2266496610734093 1.3964144842878867 -0.44311797396090674
3270 0.29801502565090937 1.3951078640225039 -0.3706916833609005
3271 0.5281217507126881 1.358034131594027 -0.30867165785569933
3272 0.5206363307753181 1.371822127935722 -0.23079902083376672
3273 0.3698678689839871 1.392007417027561 -0.2973527257567183
3274 0.44054906019774115 1.3883189688753539 -0.22533569172898443
3275 0.5122449068619591 1.3843090757730772 -0.15257968514421202
3276 0.3838827965836331 1.364426492923027 -0.4573197271050562
3277 0.3769826952028448 1.3796956042189612 -0.3769826952028448
3278 0.4564812860261356 1.361924979970424 -0.38317899334255245
3279 1.1666667025933566 0.17735575027854264 -1.1666667025933566
3280 1.0063697627264125 0.3373160786559543 -1.1740756461254755
3281 1.0853104650054024 0.2597037387920904 -1.1717226754571521
3282 1.197578473280312 0.2654344867794563 -1.1092594493054553
3283 1.2223587122853437 0.35118797404555696 -1.047756037959497
3284 0.8499420424828666 0.48516731782503353 -1.1705259627174858
3285 0.9262176727569382 0.4144495005123599 -1.173401814934754
3286 0.7002421252585517 0.6197876585260371 -1.1591208503195598
3287 0.7742991599062771 0.553811079201878 -1.1655741197146454
3288 0.8805974291052099 0.5725844477396745 -1.121576089212918
3289 0.9071407254053195 0.6581226330816289 -1.067227173839567
3290 0.9843107268037526 0.5874409226878706 -1.0680323900162336
3291 1.241335921173228 0.4384440572276609 -0.9798410513644791
3292 1.2539694470977483 0.5197535233396549 -0.9105320061444971
3293 1.0864113846110621 0.5975497673669138 -1.0012490160323058
3294 1.1000617062831768 0.6783705704256991 -0.9350500049939204
3295 1.17803377160776 0.6014070940189816 -0.9249247738554226
3296 1.2606128344526564 0.5989677897746066 -0.8374340526046753
3297 1.2614609731278386 0.6745094289705281 -0.762067313783746
3298 1.0375037608184037 0.4258008020235467 -1.1222894145798668
3299 1.0644415647197145 0.5132426708634905 -1.0644415647197145
3300 1.1442402449281361 0.4341290291688369 -1.0577962707036026
3301 0.5417587297487447 0.7574484243270847 -1.1402082374997677
3302 0.6148375220218876 0.6946494128863353 -1.1498631531793275
3303 0.39344431925863765 0.8792749931961986 -1.1139313178641077
3304 0.467701212331056 0.8193439852099195 -1.1283868300984246
3305 0.5557822827265702 0.854756798308566 -1.0886640766703148
3306 0.566008791330965 0.9483992402557203 -1.0290664113242451
3307 0.6431393119753264 0.8864880687511815 -1.042929867174797
3308 0.23817168870863134 0.9953273196056093 -1.0745750893299229
3309 0.31482928127715937 0.9392812532407551 -1.095807212355589
3310 0.15954779396706598 1.049523899852494 -1.049523899852494
3311 0.24120248281415405 1.0882493251903695 -1.0079931078430047
3312 0.32237629464207945 1.122075644705574 -0.9617974821724163
3313 0.5714562138772 1.0389704263439394 -0.9575268924818503
3314 0.5708937688617446 1.1182643942978552 -0.8779972755746264
3315 0.6534466516179406 1.0596444920845705 -0.900695462769251
3316 0.4064798833448273 1.1508379965753228 -0.9084070582995667
3317 0.4859283016732235 1.1723619300606867 -0.8512751746672985
3318 0.5641644860400997 1.1873643357552834 -0.7887745550691115
3319 0.639530379403901 1.1960434948684913 -0.7225476433432121
3320 0.40069344142175456 0.976327311819741 -1.0561135762594105
3321 0.40532397803082976 1.0683183494667243 -0.9876100504235474
3322 0.48703152006845885 1.010080850092406 -1.010080850092406
3323 1.2556610073454668 0.758563468291919 -0.6714081585457953
3324 1.2454536542602905 0.8273637016168802 -0.5917650544014111
3325 1.0963104043124452 0.9318614066576345 -0.67605727032336
3326 1.0811295308614597 0.9963811998951349 -0.5946446335253066
3327 1.1658500412377795 0.9153588052654135 -0.5951870839880972
3328 1.2309555720178966 0.8938211764714815 -0.5102145806755127
3329 1.212840060185318 0.9573480146983523 -0.42837922248580773
3330 0.9179828815172287 1.0799826849764638 -0.6659885221645643
3331 0.8938782230125804 1.1384912202364175 -0.5812199215596732
3332 0.9884055513462275 1.0724755044959446 -0.589884731783894
3333 0.7244679253194196 1.1992221652124 -0.6412300301772732
3334 0.7950982120324718 1.1968835129417061 -0.5686874294561883
3335 0.8644915009907272 1.1905632335850165 -0.4934724979517216
3336 0.9321178387987101 1.180876586519736 -0.4170896151861317
3337 1.1909798168610208 1.0208593284953285 -0.3421727065949309
3338 1.1663541390834118 1.0803378474823102 -0.2585138420722392
3339 1.0013590110613124 1.1682298807649993 -0.33563656962717414
3340 1.0686857601951574 1.153774314847869 -0.2557256162780741
3341 1.1382203229699779 1.1382203229699779 -0.1730313541252986
3342 1.0585449804446323 1.0585449804446323 -0.5103995099398453
3343 1.0317001173098677 1.116011492589023 -0.42341893493648763
3344 1.126070684191784 1.0409993666684338 -0.42723542985884916
3345 0.7175436733060787 0.7175436733060787 -1.1100285164542723
3346 0.7424012898971136 0.906326492095079 -0.9892366691953155
3347 0.7321138947983409 0.8142028916576349 -1.0535408412201663
3348 0.8204135110401949 0.7376983514391409 -1.061577095126707
3349 0.9197969865903523 0.7534354068252479 -1.00393943604936
3350 0.7460285918205305 1.0735646403998271 -0.8296777878896309
3351 0.7474571655138117 0.9959735345846812 -0.9124987254606567
3352 0.7381374410176088 1.1418867437252451 -0.7381374410176088
3353 0.8348173953704265 1.0802150544972702 -0.7506500173755778
3354 0.9273541444816092 1.0121879179884117 -0.7596257188324101
3355 1.0182829917920106 0.7641999433781813 -0.93293837627517
3356 1.105774544278245 0.7684115097453807 -0.8545704126951857
3357 1.0198395856819729 0.9343645084878522 -0.7653681343154359
3358 1.1044785077608732 0.8535688030386339 -0.7675108836800115
3359 1.185591972313984 0.7663893370719724 -0.7663893370719724
3360 0.8395232971377068 0.9234756268514778 -0.9234756268514778
3361 0.9329386843629673 0.9329386843629673 -0.8481260766936064
3362 0.9302540299312997 0.8456854817557268 -0.9302540299312997
3363 -0.07184621337787472 1.4589336922601304 -0.07184621337787472
3364 -0.07249930435366266 1.450945076729783 -0.216111615796518
3365 -0.07218668654797714 1.4552427778299573 -0.14402915444780245
3366 -0.14488777852291243 1.4639181497639606 -0.07261702460842151
3367 -0.21862132679573176 1.467794947593515 -0.07334124105799535
3368 -0.07436652311209718 1.4385504388007286 -0.36349817184756084
3369 -0.07381671309191161 1.4455378278852462 -0.29045599314023607
3370 -0.0757910210229681 1.4162447596663292 -0.51083676607065
3371 -0.07515192719692328 1.4290694867453184 -0.4373102404263067
3372 -0.14979078870762735 1.4409210228301712 -0.3676623403946584
3373 -0.22558577167261618 1.440951142782439 -0.37127573438488015
3374 -0.2237650326852039 1.449729626516347 -0.2972226684203292
3375 -0.2953845336893892 1.470066128103956 -0.0750692562387939
3376 -0.37149516237917934 1.4701986701518603 -0.07600259291177208
3377 -0.29866688727654417 1.4567739306205936 -0.2248523174514806
3378 -0.37466657429199185 1.4541112666112692 -0.2276460335379153
3379 -0.3731978897727788 1.4626156284383667 -0.152046049081558
3380 -0.4491142980587151 1.4676435173141285 -0.07718045888407121
3381 -0.5273227222323406 1.4619504538779595 -0.07823698328141215
3382 -0.14683186762051104 1.4547850549957524 -0.21939909820641645
3383 -0.22245601962560005 1.4568542396236408 -0.22245601962560005
3384 -0.22060406168324082 1.4627748911994114 -0.14763828405140342
3385 -0.08041630393301427 1.373873500276368 -0.6641132468233759
3386 -0.07989597996747837 1.3969049830563918 -0.592324972332757
3387 -0.08114289748513578 1.3093967591388398 -0.8009825632745847
3388 -0.08092984566794029 1.344716661923846 -0.7342158177821347
3389 -0.161830199499342 1.369920489704926 -0.6771462120041553
3390 -0.243447265930717 1.362798731435253 -0.6887909388162011
3391 -0.24179577131193022 1.3886819464033688 -0.6166964917311434
3392 -0.08158353737118601 1.2188076537539652 -0.9243128915972221
3393 -0.081767122687738 1.2665227050662957 -0.8657545869765664
3394 -0.08081703206423772 1.1082435039909713 -1.0274264719267334
3395 -0.08132829031479515 1.1655464214920885 -0.9784373843169849
3396 -0.16392268159569573 1.2084324948733025 -0.9376473030459264
3397 -0.24634468553226474 1.1957087494694576 -0.9493640639371929
3398 -0.24679565637837567 1.246006585571602 -0.8913846959754976
3399 -0.32741481219785096 1.3518213995988508 -0.7001157606883909
3400 -0.40990982458017605 1.3379370795548928 -0.7092211547608149
3401 -0.4059397913990283 1.3672724622602 -0.6359910545176936
3402 -0.3307385609621269 1.2779600736680718 -0.8383021926248329
3403 -0.4133445522616913 1.2612087075579865 -0.847864155296295
3404 -0.4125323708891236 1.3025418231415948 -0.7803941815828498
3405 -0.49303410701547035 1.3203588670657962 -0.7171077553888137
3406 -0.5758131261275277 1.2991068474750347 -0.7232937213475069
3407 -0.5713698366510234 1.3317192192241178 -0.6496477275830543
3408 -0.16366104994199326 1.3017860352611257 -0.8151951893493983
3409 -0.24712676700309913 1.2912430106200998 -0.8277721187848718
3410 -0.2459029166635266 1.3303460722621594 -0.7597119058585237
3411 -0.6151725113258969 1.4507872986109733 -0.08297777898485391
3412 -0.6945436071094357 1.4368258142090535 -0.08410106268953663
3413 -0.6308950730881264 1.4206544221014759 -0.24736278357287178
3414 -0.7088864450894042 1.4025584450338926 -0.2505498507413025
3415 -0.7019625211329792 1.4201258511937072 -0.16776101353323974
3416 -0.7743161725759922 1.4181604831196988 -0.08534995682067974
3417 -0.8531016609055654 1.3945978367356464 -0.08642278095575595
3418 -0.6440338951522364 1.3845631999833858 -0.4110733683986575
3419 -0.722007220590928 1.362057837178807 -0.41729981001181454
3420 -0.7162519332629581 1.3829779948631427 -0.3349610241384296
3421 -0.65254121464323 1.3376506065976226 -0.5739146792768495
3422 -0.7299936120398828 1.3111405118342168 -0.581146899794334
3423 -0.7268468986226011 1.338290850132111 -0.49973007390647506
3424 -0.7997232226702853 1.3348035762553117 -0.42275009846192535
3425 -0.875782370293409 1.3027374072133358 -0.4269550369199265
3426 -0.8709205360366927 1.327685507904418 -0.3436076003800341
3427 -0.9327661916602545 1.364554780335122 -0.08809610573223862
3428 -1.008260690247191 1.3295020089236471 -0.08899310444598231
3429 -0.9421892835570752 1.3170228942312638 -0.26086180716135116
3430 -1.0146710614518653 1.2779618611008667 -0.26329079964900126
3431 -1.0115647820366667 1.3036967624303648 -0.17684518596764306
3432 -1.08120821591337 1.2879703772003532 -0.08987066222528618
3433 -1.1498497280006246 1.2402965335638632 -0.09044680556323863
3434 -0.7876488743939574 1.379267033057194 -0.2549455313607874
3435 -0.8659311386287853 1.350767324797167 -0.2585189303679107
3436 -0.8597863081185907 1.3729936386287718 -0.17261329771185377
3437 -0.15599508813262583 1.4152959882825311 -0.5237111959950277
3438 -0.3190659655674112 1.4037650054450845 -0.5459058907412552
3439 -0.23741484611231112 1.4111452389215375 -0.535560306560089
3440 -0.23181610229401806 1.4282455195451746 -0.4532187742684032
3441 -0.30697794791397315 1.4370662965092937 -0.3818403854582904
3442 -0.4862288619569376 1.3780623891258608 -0.5634288671288823
3443 -0.40354833719750066 1.3924485772478288 -0.5558974345983828
3444 -0.5696151530692903 1.3598000152306324 -0.5696151530692903
3445 -0.5656469085601832 1.383487385345125 -0.4881429913596614
3446 -0.560265160672469 1.4033891457396828 -0.4067190454699809
3447 -0.3834614779158044 1.4431673204526432 -0.30828121402970676
3448 -0.4592396582109143 1.4472193595597993 -0.23489571401171574
3449 -0.5526532729897429 1.4211155034694372 -0.3230096123913041
3450 -0.5450523758102908 1.4361558458800139 -0.2416226974648482
3451 -0.5364576410702169 1.449742440292219 -0.1597918044107722
3452 -0.3975924861705594 1.4131545522385947 -0.473652085721763
3453 -0.4754801023944389 1.4186084922938225 -0.39912695781242485
3454 -0.3906719278689105 1.4297959785195344 -0.3906719278689105
3455 -0.07897662658379308 0.9501451910242384 -1.1318438410540543
3456 -0.07976429508180909 1.0140430326182504 -1.0938073277000595
3457 -0.07735461661610443 0.8190347410775302 -1.1981756856009178
3458 -0.07808901406920361 0.8847211670644486 -1.166601634207404
3459 -0.15750744667099956 0.9009517849700109 -1.1611395987970314
3460 -0.23521154782888112 0.8495448304403151 -1.1875214576221977
3461 -0.2377415447127367 0.916209247898016 -1.1539507926107528
3462 -0.07549205455894163 0.6848828156854377 -1.2543632422678324
3463 -0.07609212085172555 0.7511250385898467 -1.2278927611317065
3464 -0.07436927042043001 0.5513515956887868 -1.3002757395159819
3465 -0.07483940805771944 0.618056785063792 -1.2785949425444627
3466 -0.15083718207164798 0.6311481218288482 -1.2768627052835293
3467 -0.2257822251986246 0.5758541823116353 -1.2967129170659721
3468 -0.22746063831780403 0.6435596062731727 -1.2733068418980507
3469 -0.3135216957483526 0.7946636890985203 -1.2114348209944117
3470 -0.3902132166611476 0.7381726752806349 -1.2320706701107944
3471 -0.39388587600054265 0.8079499625941793 -1.2018358385947219
3472 -0.3069795065581324 0.6564186553045153 -1.2674486637239035
3473 -0.381661616649259 0.5979541281359367 -1.285499547969394
3474 -0.3860137877362791 0.6678765130167605 -1.259940915933774
3475 -0.4668214108381289 0.6789819392415092 -1.2501605474465645
3476 -0.5431575779218563 0.6175703783816774 -1.2659635479279754
3477 -0.5486977170106694 0.6892333564893969 -1.2379310735000664
3478 -0.15389703919767342 0.7665606816864783 -1.2241215400156154
3479 -0.23054293397641523 0.7122575613574113 -1.2472478605163682
3480 -0.23322933955017036 0.7812215038600805 -1.2186286342746628
3481 -0.07034351053141462 0.409329988601846 -1.3376338869871072
3482 -0.07071109907372246 0.47659773794543775 -1.3213204171383026
3483 -0.06960324885973884 0.2738767404635045 -1.3630264062988715
3484 -0.069867121544038 0.34150542328336836 -1.3515137477036385
3485 -0.14090119842695426 0.34584279063501794 -1.3554071028469439
3486 -0.21173897266214137 0.28124869068241237 -1.3718151494576156
3487 -0.21261541151025257 0.34992873205041297 -1.3581017008177163
3488 -0.06847496355469337 0.1366234076289369 -1.3804165413370044
3489 -0.06858772735639654 0.20445168012226672 -1.3726617961241254
3490 -0.0683808711461219 0.0 -1.3919246087833048
3491 -0.06829327799211017 0.06829327799211017 -1.3867865755644655
3492 -0.13797325586348055 0.06915150068891406 -1.3940551473679665
3493 -0.20882080912935075 0.0 -1.4077555460057658
3494 -0.20874221263566553 0.07002707906075412 -1.4014678693373608
3495 -0.28451194982933653 0.2141957277055997 -1.3877319820782223
3496 -0.3579446042551981 0.14583164685148872 -1.402835832264735
3497 -0.35813157289775077 0.21759942746141653 -1.389937589345731
3498 -0.28297885858626526 0.07191646827288459 -1.4083257162496836
3499 -0.356253586814203 0.0 -1.422244042333062
3500 -0.3572105402641646 0.07308016368671036 -1.4136670256948571
3501 -0.43358267771857406 0.0745113441615011 -1.4168883264771355
3502 -0.511348384942551 0.0 -1.4291229974298185
3503 -0.5112871504769535 0.07585784294392954 -1.4174934061961575
3504 -0.1391247109847677 0.20788291140704976 -1.3784238639825794
3505 -0.2101589313481262 0.14064792717581767 -1.3935156297291966
3506 -0.21127778205039024 0.21127778205039024 -1.3836484759388779
3507 -0.6247906086181992 0.5495078222091294 -1.280764368380272
3508 -0.7022092374533274 0.4827909079551092 -1.2929272989166103
3509 -0.7041160248479645 0.5605457886028031 -1.2646618134507677
3510 -0.6198179766891067 0.3956168540033197 -1.3325030990939406
3511 -0.6963016401925041 0.3256311078221162 -1.344456889332836
3512 -0.6995049308000898 0.4042941211672318 -1.319607541267646
3513 -0.7807966713074612 0.41274513521293715 -1.3032136114660897
3514 -0.8599974940331497 0.33929809096282865 -1.3110337423640954
3515 -0.8623731429718525 0.42041786816620424 -1.2827910111380567
3516 -0.6117306060762192 0.2398487355037507 -1.377499726544231
3517 -0.6866624176172451 0.16410446379491433 -1.3891725283673484
3518 -0.6914874412180742 0.2444003216408282 -1.36813386267101
3519 -0.5995893114787737 0.08087583312579003 -1.4140367806770762
3520 -0.673668153772008 0.0 -1.4243516390886721
3521 -0.6806443666529727 0.08241802813130224 -1.4080719861105417
3522 -0.7636113205434678 0.08417000127912341 -1.3985545409117957
3523 -0.8424059202127847 0.0 -1.4054693680618535
3524 -0.8473751854197438 0.0858426649399996 -1.3852365487548342
3525 -0.9412614063179975 0.2606049078974412 -1.3157258771793527
3526 -1.0216027236509642 0.17860005296483009 -1.316633582905349
3527 -1.0229435492331824 0.26543737700374814 -1.2883809262369308
3528 -0.9342306462342089 0.08823441771882287 -1.3666971483876305
3529 -1.0148490755400272 0.0 -1.3683655741120209
3530 -1.0187582200399956 0.08991965823739001 -1.3433441502302255
3531 -1.1025237095898373 0.09164241858467043 -1.3133620862408724
3532 -1.183393163910502 0.0 -1.3056731508205353
3533 -1.1830643400750898 0.09305945614444215 -1.276123796219532
3534 -0.7737084277125758 0.2504332991947399 -1.3548556498142283
3535 -0.8531654681876869 0.17128407787745514 -1.3624208125420176
3536 -0.8574706946693084 0.25599311182960854 -1.3375698651563972
3537 -0.1456651917820638 0.489031370899137 -1.3215759805609093
3538 -0.2900233702925973 0.36075111015945727 -1.3576962562937083
3539 -0.2175777602084982 0.4253816918407601 -1.3405214654861395
3540 -0.22207393972714976 0.5009542966113262 -1.3199620321395968
3541 -0.2992196800214425 0.5119498899198879 -1.3164491393107651
3542 -0.44075158535641074 0.22543928097895546 -1.388957194092153
3543 -0.36508069062439813 0.2935041066868391 -1.3739907458268779
3544 -0.518991400635517 0.1545892276150252 -1.402541043402771
3545 -0.525577620443045 0.23298950342123623 -1.3848419079741863
3546 -0.5308043481339259 0.3102395572884636 -1.3649322736501928
3547 -0.3798118819497671 0.5231999028223651 -1.3105456419807768
3548 -0.45972744356781875 0.5327197395789588 -1.3029524752603043
3549 -0.5358879453770503 0.38902264306603945 -1.342327488241851
3550 -0.5391186077396428 0.4652495503768584 -1.3186031457524794
3551 -0.5416624287351963 0.5416624287351963 -1.2930705492562344
3552 -0.3702951965301361 0.3702951965301361 -1.3552204422569734
3553 -0.45251725671021126 0.37985151243730175 -1.350098185067854
3554 -0.37530707019601134 0.44710346087427605 -1.3339459702649061
3555 -1.2456024572458233 1.154768724980293 -0.09083373226553026
3556 -1.3004318022397272 1.0916691670136949 -0.09074018262760603
3557 -1.292381147744831 1.0261196291515358 -0.2662615185932952
3558 -1.3380499338727674 0.9572318857031208 -0.26502661825473584
3559 -1.320257581929595 1.02441465805834 -0.17909164487474213
3560 -1.3490553007932673 1.0230894121481295 -0.09030194650408846
3561 -1.3907449765493114 0.9506689757284361 -0.08978695341976548
3562 -1.3281022988182096 0.8928342525598972 -0.4352680462583122
3563 -1.3681238480249243 0.8196864559083924 -0.4333030730133565
3564 -1.3542107778635322 0.8883202908685219 -0.3504723920086401
3565 -1.3533117918149693 0.7534729910382697 -0.5998388007766994
3566 -1.3907763995013205 0.6784573763518844 -0.5967081294089478
3567 -1.3803123141644376 0.7496694194553952 -0.5154212738608496
3568 -1.4038973488354562 0.7441857424550722 -0.4301183701263178
3569 -1.4354461819881439 0.6677022730911263 -0.42618039912655437
3570 -1.424597680334168 0.7378069979792035 -0.34504142492678314
3571 -1.4270928047634739 0.8729794424891802 -0.08843648370938038
3572 -1.4563705739799293 0.7951788969720276 -0.08764957639396019
3573 -1.4441773220752723 0.7299216168492261 -0.2579845522809494
3574 -1.469663039329204 0.6526591943739342 -0.2558961100370063
3575 -1.4622407725168354 0.7227797580873312 -0.17273609505865656
3576 -1.4807135817582293 0.7157584043939382 -0.08666992514555318
3577 -1.5006632837583858 0.6363212593659184 -0.08583043593613565
3578 -1.378525890863088 0.8837262142712725 -0.26383155133243286
3579 -1.4138619922632591 0.8074047882418832 -0.26134010909360367
3580 -1.4025497972230354 0.8782947554740417 -0.17632910954019235
3581 -1.368514230212907 0.6065770945480636 -0.7619371356648432
3582 -1.4059400201318544 0.5249908942433593 -0.7635882313484825
3583 -1.3998922566757037 0.6006192585339717 -0.6829043316956394
3584 -1.369260697194777 0.4487571695468052 -0.9205035276479716
3585 -1.4064545450322503 0.3639931809038886 -0.9225905826177875
3586 -1.4085266757575263 0.4460991875173461 -0.843893073401848
3587 -1.440494091203849 0.44133067934000997 -0.763585147912637
3588 -1.4717119969334351 0.35645264028833656 -0.7622077624699843
3589 -1.4656325686482756 0.4351426622029625 -0.6817435650895916
3590 -1.3471311041656553 0.2775413229799216 -1.0695897811857336
3591 -1.383952370863125 0.1877317804635743 -1.0738367377483318
3592 -1.3983667583204185 0.2769735296535937 -1.0003821345421444
3593 -1.2972822270597641 0.09460240368032767 -1.2026798233794365
3594 -1.334697660551116 0.0 -1.2096994461369825
3595 -1.3626630137181093 0.09508248761042787 -1.143910195478127
3596 -1.4194934124792007 0.09501687449078548 -1.076507894129714
3597 -1.453754581794166 0.0 -1.0781778797331172
3598 -1.4661118842573033 0.09465266578678713 -1.002187393671854
3599 -1.5006523741227353 0.26807312713585124 -0.7584654533103139
3600 -1.5258116496641667 0.1802457920143658 -0.7542025880819165
3601 -1.518652068672709 0.2644260258803098 -0.6744146169224161
3602 -1.5036964996603515 0.09318359012965896 -0.919839359826351
3603 -1.5313023465268518 0.0 -0.9178273050011991
3604 -1.5303286198473638 0.09210063542180831 -0.8355600186355606
3605 -1.5485935386561183 0.09064311135502769 -0.748570725586988
3606 -1.5692235332609776 0.0 -0.7421874567321634
3607 -1.5598120892888692 0.08921345184565296 -0.6614019305814387
3608 -1.4410378885781172 0.27579551765570565 -0.9238005367438445
3609 -1.4734747259462266 0.18524581934309794 -0.922708859738493
3610 -1.475020152633967 0.27264466384555636 -0.842329973156381
3611 -1.5193754419042598 0.5480358051756535 -0.08131010919770534
3612 -1.5328171819564522 0.4690581224973076 -0.08060781251927586
3613 -1.5323602589640792 0.394828223939993 -0.23989617776447666
3614 -1.5452018653895578 0.31679632759024395 -0.23850112434067283
3615 -1.538175004324468 0.3924774592543034 -0.15990081580985852
3616 -1.5440785359644342 0.3901633963422526 -0.07982184637712136
3617 -1.553196757732539 0.3120882055846224 -0.07931434046839195
3618 -1.549139095885867 0.24252296139536483 -0.3991514621229558
3619 -1.560620641438345 0.16223414958253754 -0.398204640232431
3620 -1.5528289587623607 0.23967836233501486 -0.31836002954065723
3621 -1.5669533209892885 0.08385626233214748 -0.5651970548271776
3622 -1.579397634571746 0.0 -0.5651175098803967
3623 -1.569243007484914 0.08252337436815232 -0.4802048068729269
3624 -1.5697218106079882 0.08114748719235723 -0.3966430325105107
3625 -1.57667453668481 0.0 -0.39493641190521295
3626 -1.5693389823652515 0.08013864678635342 -0.3153317083119405
3627 -1.5604005714473868 0.23241450982097175 -0.0779684619061991
3628 -1.5651350874854135 0.15490548153295974 -0.07763784688492167
3629 -1.5687307293207617 0.07838469451256146 -0.2336552486378487
3630 -1.5714763391597149 0.0 -0.2331064946624033
3631 -1.5680765401333865 0.07778375636719485 -0.15519660473534908
3632 -1.5674984459897614 0.07719256085285288 -0.07719256085285288
3633 -1.5673964311314261 0.0 -0.0770012490013927
3634 -1.5556526751242052 0.23754215941153356 -0.23754215941153356
3635 -1.563526767934261 0.15780719950489128 -0.23579865749127554
3636 -1.558099581066224 0.23498017238204508 -0.15725943199722894
3637 -1.4255649688356393 0.5971638467703689 -0.5971638467703689
3638 -1.4855245183723127 0.43052286386053656 -0.5930554867802423
3639 -1.4572763448676724 0.5141783306133458 -0.5958159562016181
3640 -1.4469600584640268 0.5915980821726562 -0.5105383820614895
3641 -1.4647266974817943 0.5847525192831394 -0.424495405342615
3642 -1.5328597532278454 0.25789242126662415 -0.5817536116833211
3643 -1.51126775826368 0.34350058923744947 -0.587712308344581
3644 -1.5514096886148663 0.1709976521582378 -0.5740782353864555
3645 -1.5425634841167066 0.25037085678580695 -0.4894947835895931
3646 -1.5334806953070057 0.32757344470084643 -0.4074584876224515
3647 -1.4805752657021973 0.575776398540694 -0.3365244003904458
3648 -1.4940410668607857 0.5670210760111666 -0.2513614617339534
3649 -1.524035081932103 0.4049487101259478 -0.3255557263689506
3650 -1.514919087946504 0.4807225107722142 -0.2458839418382363
3651 -1.5067594570777958 0.5575560192893757 -0.16607626690636565
3652 -1.501608339452947 0.4224790501447865 -0.5032994592080519
3653 -1.5141545975215218 0.4137217509296731 -0.4137217509296731
3654 -1.4911623527964848 0.49979824035027215 -0.41954006105922037
3655 -0.16166358137332643 1.063441794889862 -1.063441794889862
3656 -0.32327877029657176 0.964489984154227 -1.1252168370595896
3657 -0.2429532058349581 1.0153094369210611 -1.0961481789822405
3658 -0.24601271524238133 1.1099519715850192 -1.0280952273494275
3659 -0.3309226751659778 1.1518225138012048 -0.987295285224899
3660 -0.4863383806363232 0.8519935729160484 -1.173351296111195
3661 -0.4067035059345558 0.9089068132621814 -1.1514711235360824
3662 -0.6455041983005975 0.7292969220398556 -1.2072156728619368
3663 -0.5663233983517267 0.7917929923160031 -1.191908073523752
3664 -0.5811472276586028 0.8937664245474862 -1.1383488277184337
3665 -0.6756063455251166 0.9312398625440907 -1.0955791740312584
3666 -0.5918374029989876 0.9916774296725505 -1.0760256761374263
3667 -0.4199512760983986 1.1889786064377974 -0.9385131195436563
3668 -0.5049122011595291 1.2181629277906152 -0.8845321845912417
3669 -0.5973590473463121 1.0860646345778926 -1.0009294472810593
3670 -0.6859958756703952 1.1124270809973928 -0.9455605460137922
3671 -0.5964987189659763 1.1684192665018813 -0.9173760140701661
3672 -0.5891817135155882 1.2400166462407771 -0.8237518586026038
3673 -0.6706376989930971 1.2542201013842476 -0.7576929955950439
3674 -0.414128866750325 1.0090639911316222 -1.0915255237122454
3675 -0.5064263152759048 1.0503047584500238 -1.0503047584500238
3676 -0.41882791178954104 1.1039108655929653 -1.020513656978358
3677 -0.8177736616675837 0.5849058575316226 -1.2310174996694956
3678 -0.7379600900314495 0.6531720097778706 -1.2215559393021624
3679 -0.9794211698837144 0.43825617518319576 -1.240803983912605
3680 -0.8987104257849936 0.5130054815335114 -1.2376889643830356
3681 -0.9314499408548093 0.6056499057956971 -1.1863445740729337
3682 -1.0402433663524564 0.6208217652309078 -1.1287224435434353
3683 -0.9594606390678282 0.6960802711611989 -1.128780174415768
3684 -1.142424601335642 0.27337056982441676 -1.2333842283354428
3685 -1.0627130869468173 0.35620129350281055 -1.2398082696988575
3686 -1.2211552871954674 0.18563906185522655 -1.2211552871954674
3687 -1.2527522156556519 0.2776633421888106 -1.160364238218161
3688 -1.2770999682496327 0.3669153301690843 -1.0946780101151476
3689 -1.143863732074765 0.6291498015233207 -1.0541977490643815
3690 -1.2325553281272272 0.6292413137655121 -0.9677319832490804
3691 -1.1563696091283595 0.7130937354576148 -0.9829115972444845
3692 -1.2942701237258578 0.4571405970904166 -1.0216243461178347
3693 -1.304164234015935 0.540558589535161 -0.9469794332619534
3694 -1.3078719738198739 0.6214225050367457 -0.8688286342884972
3695 -1.3064518287216327 0.6985662622471214 -0.7892469580197318
3696 -1.0951702634830693 0.4494676493274433 -1.1846684708883901
3697 -1.2021413162241779 0.45609691220826354 -1.1113230869104063
3698 -1.122477638117894 0.5412259724411159 -1.122477638117894
3699 -0.7623115151432064 1.2618652031465944 -0.6747255727632668
3700 -0.8380307187038614 1.261511012572088 -0.5993945502741962
3701 -0.9685851543871595 1.1395149263943598 -0.7027000269271733
3702 -1.0412727935147625 1.1298394297984524 -0.6214361318385225
3703 -0.9429005159418455 1.2009286402998893 -0.6130953297724335
3704 -0.9115731561208422 1.2554033014283736 -0.5203478367354265
3705 -0.9819974638494507 1.2440678257762594 -0.4394089751984387
3706 -1.1500266752465245 0.9775201175447457 -0.7091822642637569
3707 -1.2164895305016505 0.9551180373726703 -0.6210394396800956
3708 -1.1347216938161577 1.045772343236885 -0.6241214826819768
3709 -1.2995025448987514 0.7850487924256805 -0.6948504457748106
3710 -1.289564912843738 0.856667123755263 -0.6127240850695193
3711 -1.2759612662655335 0.926500700814017 -0.5288688375313682
3712 -1.2586373003134972 0.9934977910412254 -0.44455496301593794
3713 -1.0522171909464326 1.2275632914267234 -0.352683268009637
3714 -1.117942206176354 1.206952549583043 -0.2675121820520102
3715 -1.2368600067575573 1.0601859561895424 -0.35535424714980257
3716 -1.2115743338794653 1.1222231430985206 -0.26853656664984443
3717 -1.1824314303873429 1.1824314303873429 -0.1797522917411766
3718 -1.111770513292332 1.111770513292332 -0.5360633091960111
3719 -1.1771601230805204 1.0882291491973983 -0.44661895408276836
3720 -1.0840013547654657 1.1725868298384456 -0.44488382951947264
3721 -0.7565906630841372 0.7565906630841372 -1.1704335813273825
3722 -0.9724633139050138 0.7965760958303384 -1.0614236458412112
3723 -0.867226196656198 0.7797913210704912 -1.1221505427145073
3724 -0.7721308770583468 0.8587068177584825 -1.1111268608994018
3725 -0.7828912906969493 0.9557568485468136 -1.0431888835462577
3726 -1.160759660665921 0.8066211036590818 -0.8970642952381044
3727 -1.073956867480991 0.8059820147592309 -0.9839460977090873
3728 -1.2364076080210664 0.7992375363444688 -0.7992375363444688
3729 -1.1585703285725826 0.8953723242660722 -0.8050997194059526
3730 -1.0742116996068443 0.9841795717743842 -0.8061732609036896
3731 -0.7878919029711604 1.0498521115031534 -0.9618616162007617
3732 -0.7859337851406919 1.1309897913746718 -0.8740573906048368
3733 -0.9788450850268232 1.0683892173688758 -0.8018036105879699
3734 -0.8809565244949572 1.139916951173245 -0.7921373393589141
3735 -0.7771340242384615 1.2022138304654606 -0.7771340242384615
3736 -0.9829280087012471 0.8935709170011334 -0.9829280087012471
3737 -0.9851868710096239 0.9851868710096239 -0.8956244281905669
3738 -0.886918997158053 0.9756108968738586 -0.9756108968738586
3739 -1.5649186474373988 -0.07706551686295239 -0.07706551686295239
3740 -1.572244821497401 -0.07856028299094495 -0.2341786565535109
3741 -1.5682587562371306 -0.07779279511795545 -0.15521463913603387
3742 -1.5602485484428925 -0.15442184808210696 -0.07739545223604191
3743 -1.5537025534251336 -0.23141687075065917 -0.0776337823549537
3744 -1.5823737287036919 -0.08180153388693186 -0.39983996532156135
3745 -1.5771197914556578 -0.08053597554605092 -0.31689512822956023
3746 -1.5908901242182945 -0.08513725189582971 -0.5738310138008057
3747 -1.5874196608214104 -0.0834792484812713 -0.4857670532958298
3748 -1.5873293890728049 -0.16501065454718905 -0.40501958741462174
3749 -1.5917858829435856 -0.24919946005110427 -0.41013984105816076
3750 -1.5801631113028833 -0.24389737491831287 -0.3239640605327153
3751 -1.5454339062330957 -0.3105283939364073 -0.07891792871710084
3752 -1.5358374957565386 -0.388081020244137 -0.07939582203306074
3753 -1.5666798110003892 -0.3211997226715585 -0.24181623435409472
3754 -1.5629187525400134 -0.40270193097088686 -0.24468021321842587
3755 -1.5480537321925227 -0.39499809442482586 -0.16092775789435773
3756 -1.5247188604966897 -0.4665799512554851 -0.08018193787118759
3757 -1.5117927143464065 -0.5453007299019691 -0.08090431587714676
3758 -1.5715265381722052 -0.15861461858067752 -0.2370051191400506
3759 -1.5696105641839395 -0.23967347520013732 -0.23967347520013732
3760 -1.5607780077648707 -0.23538411136964815 -0.1575297663624992
3761 -1.585475095154797 -0.09280188249103385 -0.7663988081792428
3762 -1.5914051789674142 -0.0910204185976399 -0.674798243284688
3763 -1.548014745071502 -0.09592997759321367 -0.9469496620029056
3764 -1.5716083055354633 -0.09458499416187141 -0.858098742995469
3765 -1.6022316926562663 -0.1892733749260015 -0.7919767092971128
3766 -1.619135114000024 -0.2892386143187814 -0.8183494521364978
3767 -1.6221279412320382 -0.2824431308642543 -0.7203669732207253
3768 -1.4658827470773321 -0.09812204535277869 -1.1116883919462508
3769 -1.5123986180067501 -0.09764095255193246 -1.0338275307964773
3770 -1.3400830629856169 -0.09772359186409707 -1.2423594711215198
3771 -1.4078550338565146 -0.09823584955805686 -1.1818473905660896
3772 -1.4771316102984435 -0.20037145281770632 -1.1461364010949031
3773 -1.4869325936023674 -0.3063437834181429 -1.1805888101842246
3774 -1.5397971859592312 -0.304986555929039 -1.1015605072749612
3775 -1.6354925526443844 -0.39612073542699394 -0.8470306158303212
3776 -1.648824381060879 -0.5051577709685956 -0.8740180307453725
3777 -1.6506032667465864 -0.4900600021432673 -0.7677832627983802
3778 -1.5937569670137073 -0.4124674132271733 -1.0454551652180255
3779 -1.6028932845687736 -0.5253271746880083 -1.0775661098807652
3780 -1.6335724999316619 -0.5173742020741423 -0.9787251752620589
3781 -1.6568356518884209 -0.6186776235430058 -0.8998536117792136
3782 -1.656438644663779 -0.7341960486746069 -0.9222425959891721
3783 -1.6609946934040827 -0.7126444170426821 -0.8102769807033001
3784 -1.5641523452819606 -0.1966458451420763 -0.9794923533863709
3785 -1.5798584743942887 -0.30236393450990545 -1.0127937080577591
3786 -1.605964828984642 -0.29684864994177507 -0.9171076807819161
3787 -1.4953294113884397 -0.6340595552111791 -0.08552536510799251
3788 -1.4762803654084473 -0.713615443121789 -0.08641043773764177
3789 -1.5400471209628412 -0.6839158952546516 -0.2681513088251554
3790 -1.5240802205390727 -0.7703064449074781 -0.2722582243370318
3791 -1.498079051666009 -0.7404944759508748 -0.17696971000785194
3792 -1.452703860997686 -0.7931768702647964 -0.08742890052657186
3793 -1.4238332858774572 -0.8709855336344794 -0.08823449236873214
3794 -1.5971957095670717 -0.7429405708350942 -0.47420343132873854
3795 -1.5829765725904683 -0.8391130569050557 -0.48498368054868235
3796 -1.5535720987420667 -0.8046035608090152 -0.37627937913721377
3797 -1.6438511394622346 -0.8019139033366552 -0.705289030506263
3798 -1.6269290121373818 -0.9058127449980085 -0.7211162671393734
3799 -1.609015483884496 -0.873881723230597 -0.6008211343587134
3800 -1.5592247566922757 -0.9341810806257016 -0.49382728001460724
3801 -1.5247768031363043 -1.0250512769688507 -0.49972552616745347
3802 -1.4992361229621993 -0.9834524215879381 -0.3880052343323411
3803 -1.3879304654633915 -0.9487450655821873 -0.0896052476577228
3804 -1.3460955623442803 -1.020844821382943 -0.09010382998289812
3805 -1.4323789130974547 -1.0247142003566214 -0.2837102934558418
3806 -1.3854151634046281 -1.099986405848094 -0.28542875755653396
3807 -1.364646338523856 -1.0588567953583097 -0.1851129361297351
3808 -1.2972444156812648 -1.0889934622030046 -0.09051777647149578
3809 -1.2421024069816842 -1.1515239107481312 -0.09057849623355287
3810 -1.5018877753470767 -0.8576730882170777 -0.2776109105438568
3811 -1.4715266983342197 -0.9433458790562245 -0.281630671010131
3812 -1.4457766289388918 -0.905363954490694 -0.18176360374481318
3813 -1.6033129547795655 -0.17671847285353187 -0.5932843391444043
3814 -1.6293836840537526 -0.37034751287845386 -0.6336460504089896
3815 -1.6163854196927376 -0.2719450026049886 -0.6134534185520744
3816 -1.6050695065931955 -0.2605161030352167 -0.5093295406418742
3817 -1.597518604264714 -0.3412528594420382 -0.42447388899937477
3818 -1.6494937047738436 -0.5819993733274059 -0.6744051479457862
3819 -1.6414418030897158 -0.47570956735261005 -0.6553012457979728
3820 -1.6512986459017707 -0.6917228418981266 -0.6917228418981266
3821 -1.6310570304749084 -0.666867205835297 -0.5754942664226828
3822 -1.6051258369338703 -0.6408030785041416 -0.4651847637832904
3823 -1.5813735950217878 -0.42018402668229077 -0.33780405417920206
3824 -1.5583477335834675 -0.49450352900358197 -0.25293277148390886
3825 -1.5769761538526184 -0.6132654458597772 -0.3584356478855476
3826 -1.5513016462314126 -0.5887527111368167 -0.2609951346292882
3827 -1.5292742745256538 -0.5658873238863288 -0.16855786860745622
3828 -1.623918530443731 -0.4568911481300968 -0.5442946051218803
3829 -1.6058787300718844 -0.5382481404527514 -0.4518156317483245
3830 -1.602610028545734 -0.4378909710756734 -0.4378909710756734
3831 -1.1359889086300776 -0.09442406559306532 -1.3532269193012945
3832 -1.2205800984419504 -0.09601043349386065 -1.3165905319358109
3833 -0.9592530938747088 -0.09059768968635983 -1.4033027853080198
3834 -1.0479489320319892 -0.09249614674505878 -1.3818352970245653
3835 -1.082162891420281 -0.1891873868870665 -1.3946830524550275
3836 -1.021867735084137 -0.2829221990803687 -1.42840003114993
3837 -1.1168327984601143 -0.2898001251361644 -1.4066329235962787
3838 -0.78070059678074 -0.08605368786685862 -1.429853559456365
3839 -0.8681437678256229 -0.08794660955794771 -1.4191877428769508
3840 -0.6103276706621954 -0.08232428080278627 -1.4393615063831269
3841 -0.6943492713851812 -0.08407753091880106 -1.436423785333726
3842 -0.7151157313344547 -0.17090448032553202 -1.4467358385804292
3843 -0.6461531758768446 -0.2533452154206651 -1.4550127363827532
3844 -0.7354862530123558 -0.25995132533714177 -1.4551871636348104
3845 -0.9531283274952241 -0.37604135384754694 -1.4530081852786514
3846 -0.8782555848640443 -0.4642639158786629 -1.4658805225492983
3847 -0.9815455306758007 -0.4785159218812254 -1.4600614525570261
3848 -0.7570521586204877 -0.354041580345207 -1.46175727800988
3849 -0.6796925649713806 -0.4338335517143294 -1.4612232676654986
3850 -0.7769400279062807 -0.449049423315336 -1.4656879098266562
3851 -0.7963578556604772 -0.5475210402897325 -1.466276369453997
3852 -0.7093714607862731 -0.6238972884308801 -1.4541474829947654
3853 -0.8141210204663774 -0.648120612698712 -1.4622416331650894
3854 -0.8965294895005623 -0.1799899698533833 -1.4316688627211656
3855 -0.8289758758138981 -0.268322220744952 -1.4516355369511282
3856 -0.9251376518720383 -0.2761947059482837 -1.4431236565382766
3857 -0.43912022867005746 -0.07546297434868685 -1.4349842784227107
3858 -0.5188484478598213 -0.07697968554996192 -1.4384563605213445
3859 -0.28560600337465764 -0.07258413290255548 -1.4214004582437978
3860 -0.3610989585446888 -0.07387567841092023 -1.4290555097558848
3861 -0.3657871640103808 -0.149026815576016 -1.4335719397809803
3862 -0.2924214950383094 -0.2201504540110239 -1.4263114823655365
3863 -0.3698713256803783 -0.22473245810534598 -1.435500519053855
3864 -0.13894245246377734 -0.06963725714188512 -1.403847722755128
3865 -0.2103889676072943 -0.07057951854645224 -1.4125239664835447
3866 -0.06874139565811947 -0.06874139565811947 -1.3958862055978458
3867 -0.06937303002530343 -0.13841525818456424 -1.398521053510422
3868 -0.06992630654704497 -0.2084418220186836 -1.3994510860876528
3869 -0.21840877585888818 -0.2901080583869474 -1.4150274922500679
3870 -0.14573240751472044 -0.35770102074028215 -1.4018811938128324
3871 -0.22085583315342902 -0.3634910616890547 -1.4107381986593293
3872 -0.07140520576700207 -0.2809671290919356 -1.3983137655507634
3873 -0.07209184238133816 -0.3523796973974184 -1.3945488796793952
3874 -0.07298227817351702 -0.42468501880583787 -1.3878120056407803
3875 -0.0737356738876332 -0.4969835830735655 -1.3778381704632214
3876 -0.213501443837392 -0.14288488874656233 -1.4156790627390519
3877 -0.14205177892852353 -0.21225659457035803 -1.4074247530166863
3878 -0.21631618626018845 -0.21631618626018845 -1.4166447533438946
3879 -0.6131156315889171 -0.6971127127431216 -1.429018155700068
3880 -0.5215099333290826 -0.7585252467956615 -1.3966179112885189
3881 -0.6262382547200084 -0.7866340261341753 -1.4128722808541838
3882 -0.41527447159821856 -0.6506158171777127 -1.3987132114815855
3883 -0.33125084143955985 -0.708318396704012 -1.3676594931280321
3884 -0.42310613874868863 -0.7320532622438801 -1.3810095725296379
3885 -0.43035295746298613 -0.8141056744401546 -1.3588090665468648
3886 -0.3413277890089071 -0.8651420417914882 -1.318876411380205
3887 -0.4364348456753479 -0.8952276248608314 -1.3316624705361793
3888 -0.23950890722107407 -0.6108638791331441 -1.3755480240869473
3889 -0.15948598638032901 -0.6673373194823577 -1.3500763222139007
3890 -0.24246309373317831 -0.6860063978220442 -1.3572894125394666
3891 -0.07795347600471926 -0.5779238271629261 -1.3629421545600204
3892 -0.07876096631163715 -0.6504427398670083 -1.3455928608936512
3893 -0.07971660689146093 -0.7232090119111251 -1.3245576910996846
3894 -0.08056000562445106 -0.7952286867043195 -1.2999906775597492
3895 -0.25318711732585775 -0.9144695855441205 -1.278275396736482
3896 -0.1681265270452037 -0.9616935442968781 -1.2394231021227637
3897 -0.2562038907045821 -0.987359505443707 -1.2435633961482893
3898 -0.0820471733594999 -0.8687197781890498 -1.270860518636061
3899 -0.08289737128779488 -0.9391981695058527 -1.238435520906119
3900 -0.08383595293475517 -1.0086063555953202 -1.2014846808811732
3901 -0.08459409781319178 -1.0754442874485732 -1.1600383852617648
3902 -0.24680396915153197 -0.7624956886303148 -1.335220807603181
3903 -0.1637887169141654 -0.8158310981474317 -1.3028015186739272
3904 -0.2505098818520075 -0.8391041496309611 -1.3089198630944547
3905 -0.535089235543571 -0.15938420468335998 -1.4460444119380114
3906 -0.3814107000713154 -0.30663250530662844 -1.435449164295834
3907 -0.45833816674978795 -0.23443461167298987 -1.4443784553136318
3908 -0.5507509321216508 -0.24414887771598315 -1.4511709441033172
3909 -0.5652892097796249 -0.33039494645911943 -1.4536080744006046
3910 -0.22773043464740184 -0.44523097158971386 -1.4030732538876787
3911 -0.30350859507771316 -0.377524964649433 -1.420825097212837
3912 -0.15249041105238284 -0.5119451933135205 -1.3834991190908772
3913 -0.23408856822290944 -0.5280568903444524 -1.391374524141811
3914 -0.31855446123933795 -0.5450307324480844 -1.4015145871824972
3915 -0.580147802816845 -0.4211526561993642 -1.4531924998167993
3916 -0.5925875838360672 -0.5113923039951606 -1.4493802309221273
3917 -0.4097764297113487 -0.5644767801978051 -1.4139386882469265
3918 -0.5037090927838671 -0.5836844862879944 -1.4276045914518989
3919 -0.6038831856588028 -0.6038831856588028 -1.4416055482928378
3920 -0.39125404917159695 -0.39125404917159695 -1.4319264482006602
3921 -0.4008765591451921 -0.477564403152807 -1.4248270632527866
3922 -0.48367142804346197 -0.40600291091809937 -1.4430475467786061
3923 -1.146004178790602 -1.2361484947039212 -0.09014431591331926
3924 -1.0773067061351806 -1.2833227719133173 -0.0895463664399937
3925 -1.0766919717015981 -1.356076198742966 -0.2793842270413678
3926 -0.9951970431200476 -1.3911188685059617 -0.2755379451672593
3927 -1.039338224340938 -1.339490957183492 -0.18170063334627912
3928 -1.004416108244912 -1.3244325070131358 -0.08865376632540549
3929 -0.9291353885621645 -1.3592432352038217 -0.08775319063038127
3930 -0.9747719962745619 -1.4499857340419529 -0.4752137377673908
3931 -0.8801827754023783 -1.4690971614435702 -0.4652826683254347
3932 -0.9419336987757956 -1.4359423960336386 -0.37162469428761413
3933 -0.8294313181914155 -1.4897404376264687 -0.6603091194350532
3934 -0.7280958783843604 -1.4925308494338687 -0.6403655480278275
3935 -0.8084510147286282 -1.4885426323503073 -0.5558354670092275
3936 -0.7852063786330801 -1.4812822798983163 -0.45382714089129195
3937 -0.6920332073289983 -1.4877535472068801 -0.4417103256859073
3938 -0.7614896524338335 -1.470325431212959 -0.3561168103073166
3939 -0.8495857383395587 -1.388850223960543 -0.08606660323426747
3940 -0.7711021197931598 -1.4122739437334553 -0.08499568388160172
3941 -0.7365773492650439 -1.4573459385333196 -0.26033696397524675
3942 -0.6519494466629667 -1.4680648239251326 -0.2556178305307803
3943 -0.7137498337173775 -1.4439725193750612 -0.17057804641812957
3944 -0.6915869675742058 -1.4307093141591722 -0.08374304841317232
3945 -0.6124757051238691 -1.444427306718155 -0.08261401925099561
3946 -0.9101374860509225 -1.4197248746330693 -0.271716489782554
3947 -0.823246879057951 -1.4416033809805513 -0.26646786384863447
3948 -0.8790134841613727 -1.403697535802131 -0.17647340368364275
3949 -0.6482022396176522 -1.4624257937625504 -0.8142235541448981
3950 -0.5430770917284836 -1.4543753532684267 -0.789894225796995
3951 -0.634991774144868 -1.480005935620344 -0.7219858953791812
3952 -0.4531054327015242 -1.3825282419669969 -0.9294228092654725
3953 -0.3559149950315131 -1.3752407700719498 -0.9021153138449429
3954 -0.44917401933897005 -1.4182352400531226 -0.849709782664613
3955 -0.44283994798347875 -1.445420312435981 -0.7661964667588284
3956 -0.34809104517516926 -1.4371888697331594 -0.7443280444330193
3957 -0.43480349887031416 -1.4644902103607564 -0.6812121935656487
3958 -0.26347926804985017 -1.2788766497248092 -1.0153973816749589
3959 -0.1734668090439363 -1.2787914813869112 -0.9922402689165163
3960 -0.26293875661229593 -1.3275088676545923 -0.9496908781234256
3961 -0.08546139577148379 -1.1719316372626272 -1.0864702414911434
3962 -0.08577225957098929 -1.229234622039883 -1.0319015065576644
3963 -0.08577179057500454 -1.2813775695134217 -0.9717643328352935
3964 -0.08567183071001466 -1.3270042434194793 -0.9070978404746763
3965 -0.25558093140721744 -1.4307220406407068 -0.7231209971263196
3966 -0.1684766548193715 -1.426183877842526 -0.7049569794451923
3967 -0.25248570940902776 -1.4500764197767604 -0.6439610186727602
3968 -0.08470202921765436 -1.3668301969423362 -0.8361156746928313
3969 -0.08416849609485677 -1.398529531023961 -0.7635976651350319
3970 -0.0833193339740414 -1.4234703587342707 -0.6880877471657229
3971 -0.08246483506380475 -1.4418189635378729 -0.6113696980433342
3972 -0.2621342197381765 -1.36965729445661 -0.878040857775509
3973 -0.17186029657666135 -1.3670041477714376 -0.8560356117665812
3974 -0.2595420694984572 -1.4041345154783946 -0.8018497826072534
3975 -0.5245738432811204 -1.4543294569799323 -0.07782914195866619
3976 -0.4467572765137804 -1.459941096336783 -0.07677540385637774
3977 -0.38046091235992147 -1.4765995611250056 -0.2311666520522158
3978 -0.3023058721700296 -1.4745233985147133 -0.22759193882006404
3979 -0.37512175679201815 -1.4701555370136532 -0.15282985946004582
3980 -0.369566064950656 -1.462564232987606 -0.07560792718959088
3981 -0.2939364193881199 -1.462859170592235 -0.07470123133854857
3982 -0.23085225469272888 -1.4745913172934848 -0.3799434678878403
3983 -0.15280427979198813 -1.4699094719399637 -0.3750589713517
3984 -0.2275271992050427 -1.4741039632849124 -0.3022198798194901
3985 -0.07788097812210269 -1.4552980769277477 -0.5249232226368542
3986 -0.07690717514602674 -1.4624468248828126 -0.44752405571036297
3987 -0.07576921399202845 -1.4656841744708136 -0.37035442314431294
3988 -0.07485656914106116 -1.4659011194982088 -0.29454764676212714
3989 -0.21766316464380323 -1.4613619724296139 -0.07301980489077778
3990 -0.14439158159335186 -1.458904671757422 -0.07236833320731188
3991 -0.07314262152345404 -1.4638199296488013 -0.21802926610051343
3992 -0.07243897554471695 -1.4603287813298904 -0.14453252941366643
3993 -0.07169476421387333 -1.4558583139257963 -0.07169476421387333
3994 -0.22466634939175484 -1.4713295875877395 -0.22466634939175484
3995 -0.14812432390494784 -1.4675904910179483 -0.2213303121034536
3996 -0.2212232157040879 -1.4668803593787811 -0.1480526501174854
3997 -0.6242295644013389 -1.4901769494834642 -0.6242295644013389
3998 -0.42820328730827234 -1.4775207905104955 -0.5898602148985317
3999 -0.5238034808089802 -1.484555798047204 -0.6069693201727432
4000 -0.6103694506564917 -1.492872006553969 -0.5267377315584009
4001 -0.5948704620873444 -1.4900707882897846 -0.43184042753622565
4002 -0.24632466506055908 -1.4641033786266056 -0.5556590722668522
4003 -0.33419899819209614 -1.4703444088202253 -0.5717977518173927
4004 -0.16082114112069812 -1.4590812991857216 -0.5399133598745075
4005 -0.23889290553639422 -1.4718465137108303 -0.4670544830889252
4006 -0.3160903372792797 -1.4797244344196478 -0.3931750050664382
4007 -0.5768797628405986 -1.4834125023371794 -0.33716928442942123
4008 -0.5596790364319922 -1.474695562593167 -0.24810672239743278
4009 -0.39375152093335836 -1.4818941669919619 -0.3165538232396623
4010 -0.46874778820931284 -1.4771826903847125 -0.2397590113009588
4011 -0.5420153142256429 -1.464761696289058 -0.16144723916245018
4012 -0.41744827443711463 -1.4837275599114088 -0.49730629412163985
4013 -0.4056740426156779 -1.4847012885867943 -0.4056740426156779
4014 -0.4989227371686 -1.4885502639997175 -0.4188051471906984
4015 -1.302447600255763 -0.1979970550529738 -1.302447600255763
4016 -1.2018696669763227 -0.4028439427886546 -1.4021545142522807
4017 -1.2566130617591778 -0.30069470522631514 -1.3566643520124337
4018 -1.3834844730343043 -0.30663918837930915 -1.2814552523452658
4019 -1.4598567629242414 -0.4194220025720158 -1.2513296813258372
4020 -1.0587977998727187 -0.6043871970171999 -1.4581586179673576
4021 -1.1348317677753508 -0.5077968960796093 -1.4376897516861131
4022 -0.8772048782056301 -0.7764182386341592 -1.4520498376968478
4023 -0.971963311983465 -0.6951887314708561 -1.4631234804609456
4024 -1.1347998733991678 -0.7378726502365061 -1.4453419485219605
4025 -1.203636423573285 -0.8732276593591021 -1.4160465545040208
4026 -1.2913565995441874 -0.7706872349330333 -1.4011943970711147
4027 -1.530088653079158 -0.540432501413463 -1.2077662854523348
4028 -1.5843763572621177 -0.6567027577019123 -1.1504469956621937
4029 -1.4350180622323643 -0.7892909825878286 -1.3225288717985246
4030 -1.483499033872985 -0.9148233049895237 -1.2609708810955855
4031 -1.5456343644953046 -0.7890737039723025 -1.2135437450939137
4032 -1.6203857031285014 -0.7699103298489389 -1.0764337226050507
4033 -1.633790174035948 -0.8735956964361574 -0.9869969152725246
4034 -1.285635028928958 -0.5276360887556655 -1.3906981723535132
4035 -1.3657552261018928 -0.6585273285291913 -1.3657552261018928
4036 -1.4214944687845923 -0.539320318820882 -1.314104756034496
4037 -0.6563435250277152 -0.9176527142997631 -1.3813682231079356
4038 -0.7596783377338154 -0.8582919753399112 -1.4207430378615353
4039 -0.45336234799394115 -1.0131806609863352 -1.2835730319412153
4040 -0.5529695604613463 -0.9687216355716347 -1.3341072313240732
4041 -0.6805981071031714 -1.0467153722648992 -1.333152806199765
4042 -0.696141726055544 -1.1664488153070576 -1.26566243983683
4043 -0.8155793804282744 -1.124175394672319 -1.3225627466125038
4044 -0.2618020253204859 -1.0940792734116247 -1.1811896547018967
4045 -0.35360359483451737 -1.0549629512199306 -1.2307666172683893
4046 -0.1722537012143177 -1.133104831896295 -1.133104831896295
4047 -0.2643998614228922 -1.1929104850698704 -1.1049357159157798
4048 -0.36019538081561175 -1.2537102475148678 -1.074629295380487
4049 -0.7010004896531985 -1.2744962079610913 -1.1745901158931524
4050 -0.6939293756538978 -1.3592660408578061 -1.0672179913262856
4051 -0.8243884170680509 -1.3368476880576825 -1.1363175631464697
4052 -0.46489885444731976 -1.316235533871284 -1.03896261064675
4053 -0.5690877433834014 -1.3729943345747075 -0.9969583300285036
4054 -0.6756607280316927 -1.422024022047817 -0.9446606500732302
4055 -0.779508202650143 -1.457828658343554 -0.8806959496068753
4056 -0.46233525312795937 -1.1265233921580555 -1.2185838028175402
4057 -0.4664601370975419 -1.2294558199519205 -1.13657406047771
4058 -0.5793426238106361 -1.2015298103727596 -1.2015298103727596
4059 -1.6192277701659996 -0.9781995507596227 -0.8658091069752074
4060 -1.5821978224861464 -1.051065242471659 -0.7517657339512943
4061 -1.4623379085717396 -1.24298397162897 -0.9017739600669034
4062 -1.4039961088289385 -1.2939386887789497 -0.7722282370182758
4063 -1.5072247993130967 -1.1833867502383644 -0.769464941018726
4064 -1.525989766514408 -1.1080513378345707 -0.6325022986499407
4065 -1.456883036182746 -1.1499818715784729 -0.5145760292559659
4066 -1.2000335116547671 -1.4118078235147635 -0.8706137783898437
4067 -1.1301333602050705 -1.4393984271743974 -0.7348383773760606
4068 -1.2730319809508217 -1.3813111572978776 -0.7597510228596925
4069 -0.892854676494412 -1.477955173644931 -0.7902699500464476
4070 -0.9791917464433914 -1.4740046444461468 -0.7003588095188247
4071 -1.0529995083861468 -1.4501733079283228 -0.6010773930683447
4072 -1.1122711249590367 -1.4091082421712273 -0.4977018099875597
4073 -1.3775513861440738 -1.1807808689263053 -0.3957753772123923
4074 -1.2987001841455603 -1.2029236356697635 -0.28784737246890635
4075 -1.1592819246781596 -1.3524697632714089 -0.38856933840079205
4076 -1.1939085687258524 -1.288967339305727 -0.2856901587809474
4077 -1.2206088948112788 -1.2206088948112788 -0.18555599971671788
4078 -1.3278702646468317 -1.3278702646468317 -0.6402603052869374
4079 -1.2438992022614799 -1.3455516598814015 -0.5105073330448335
4080 -1.3613258026869883 -1.2584816551224556 -0.5164921018313833
4081 -0.9206046158652874 -0.9206046158652874 -1.4241605270958817
4082 -0.9758217614511758 -1.1912871461856598 -1.3002653445821013
4083 -0.9551610829977277 -1.0622594671417926 -1.3745145639659995
4084 -1.0877346742246767 -0.9780678464953044 -1.4074783023355817
4085 -1.2481962975825098 -1.0224378846390871 -1.362380509332958
4086 -0.9654913985998193 -1.3893802965614654 -1.073748079630531
4087 -0.9796674998480368 -1.3053897233972762 -1.1959820391474234
4088 -0.9351181762830071 -1.4466127715212587 -0.9351181762830071
4089 -1.0944300326424 -1.4161417861084253 -0.9840881701498796
4090 -1.246734507274483 -1.3607849953675313 -1.0212404850047354
4091 -1.3965945591892106 -1.0481148086117376 -1.2795427900369467
4092 -1.5087461494054673 -1.048439677406303 -1.165997016499658
4093 -1.3893061585539919 -1.2728652468499613 -1.0426450174066917
4094 -1.5014145240859733 -1.1603309518326548 -1.0433448727648045
4095 -1.5839024048676424 -1.0238648222997062 -1.0238648222997062
4096 -1.1334277550946057 -1.2467705306040664 -1.2467705306040664
4097 -1.275942226484367 -1.275942226484367 -1.1599474786221515
4098 -1.276351256072187 -1.160319323701988 -1.276351256072187
$EndNodes
$Elements
8192
1 2 2 1 2 1 1027 1029
2 2 2 1 2 1027 259 1028
3 2 2 1 2 1029 1028 261
4 2 2 1 2 1027 1028 1029
5 2 2 1 2 259 1030 1032
6 2 2 1 2 1030 67 1031
7 2 2 1 2 1032 1031 260
8 2 2 1 2 1030 1031 1032
9 2 2 1 2 261 1033 1035
10 2 2 1 2 1033 260 1034
11 2 2 1 2 1035 1034 69
12 2 2 1 2 1033 1034 1035
13 2 2 1 2 259 1032 1028
14 2 2 1 2 1032 260 1033
15 2 2 1 2 1028 1033 261
16 2 2 1 2 1032 1033 1028
17 2 2 1 2 67 1036 1038
18 2 2 1 2 1036 262 1037
19 2 2 1 2 1038 1037 264
20 2 2 1 2 1036 1037 1038
21 2 2 1 2 262 1039 1041
22 2 2 1 2 1039 19 1040
23 2 2 1 2 1041 1040 263
24 2 2 1 2 1039 1040 1041
25 2 2 1 2 264 1042 1044
26 2 2 1 2 1042 263 1043
27 2 2 1 2 1044 1043 68
28 2 2 1 2 1042 1043 1044
29 2 2 1 2 262 1041 1037
30 2 2 1 2 1041 263 1042
31 2 2 1 2 1037 1042 264
32 2 2 1 2 1041 1042 1037
33 2 2 1 2 69 1045 1047
34 2 2 1 2 1045 265 1046
35 2 2 1 2 1047 1046 267
36 2 2 1 2 1045 1046 1047
37 2 2 1 2 265 1048 1050
38 2 2 1 2 1048 68 1049
39 2 2 1 2 1050 1049 266
40 2 2 1 2 1048 1049 1050
41 2 2 1 2 267 1051 1053
42 2 2 1 2 1051 266 1052
43 2 2 1 2 1053 1052 21
44 2 2 1 2 1051 1052 1053
45 2 2 1 2 265 1050 1046
46 2 2 1 2 1050 266 1051
47 2 2 1 2 1046 1051 267
48 2 2 1 2 1050 1051 1046
49 2 2 1 2 67 1038 1031
50 2 2 1 2 1038 264 1054
51 2 2 1 2 1031 1054 260
52 2 2 1 2 1038 1054 1031
53 2 2 1 2 264 1044 1055
54 2 2 1 2 1044 68 1048
55 2 2 1 2 1055 1048 265
56 2 2 1 2 1044 1048 1055
57 2 2 1 2 260 1056 1034
58 2 2 1 2 1056 265 1045
59 2 2 1 2 1034 1045 69
60 2 2 1 2 1056 1045 1034
61 2 2 1 2 264 1055 1054
62 2 2 1 2 1055 265 1056
63 2 2 1 2 1054 1056 260
64 2 2 1 2 1055 1056 1054
65 2 2 1 2 19 1057 1059
66 2 2 1 2 1057 268 1058
67 2 2 1 2 1059 1058 270
68 2 2 1 2 1057 1058 1059
69 2 2 1 2 268 1060 1062
70 2 2 1 2 1060 70 1061
71 2 2 1 2 1062 1061 269
72 2 2 1 2 1060 1061 1062
73 2 2 1 2 270 1063 1065
74 2 2 1 2 1063 269 1064
75 2 2 1 2 1065 1064 72
76 2 2 1 2 1063 1064 1065
77 2 2 1 2 268 1062 1058
78 2 2 1 2 1062 269 1063
79 2 2 1 2 1058 1063 270
80 2 2 1 2 1062 1063 1058
81 2 2 1 2 70 1066 1068
82 2 2 1 2 1066 271 1067
83 2 2 1 2 1068 1067 273
84 2 2 1 2 1066 1067 1068
85 2 2 1 2 271 1069 1071
86 2 2 1 2 1069 7 1070
87 2 2 1 2 1071 1070 272
88 2 2 1 2 1069 1070 1071
89 2 2 1 2 273 1072 1074
90 2 2 1 2 1072 272 1073
91 2 2 1 2 1074 1073 71
92 2 2 1 2 1072 1073 1074
93 2 2 1 2 271 1071 1067
94 2 2 1 2 1071 272 1072
95 2 2 1 2 1067 1072 273
96 2 2 1 2 1071 1072 1067
97 2 2 1 2 72 1075 1077
98 2 2 1 2 1075 274 1076
99 2 2 1 2 1077 1076 276
100 2 2 1 2 1075 1076 1077
101 2 2 1 2 274 1078 1080
102 2 2 1 2 1078 71 1079
103 2 2 1 2 1080 1079 275
104 2 2 1 2 1078 1079 1080
105 2 2 1 2 276 1081 1083
106 2 2 1 2 1081 275 1082
107 2 2 1 2 1083 1082 20
108 2 2 1 2 1081 1082 1083
109 2 2 1 2 274 1080 1076
110 2 2 1 2 1080 275 1081
111 2 2 1 2 1076 1081 276
112 2 2 1 2 1080 1081 1076
113 2 2 1 2 70 1068 1061
114 2 2 1 2 1068 273 1084
115 2 2 1 2 1061 1084 269
116 2 2 1 2 1068 1084 1061
117 2 2 1 2 273 1074 1085
118 2 2 1 2 1074 71 1078
119 2 2 1 2 1085 1078 274
120 2 2 1 2 1074 1078 1085
121 2 2 1 2 269 1086 1064
122 2 2 1 2 1086 274 1075
123 2 2 1 2 1064 1075 72
124 2 2 1 2 1086 1075 1064
125 2 2 1 2 273 1085 1084
126 2 2 1 2 1085 274 1086
127 2 2 1 2 1084 1086 269
128 2 2 1 2 1085 1086 1084
129 2 2 1 2 21 1087 1089
130 2 2 1 2 1087 277 1088
131 2 2 1 2 1089 1088 279
132 2 2 1 2 1087 1088 1089
133 2 2 1 2 277 1090 1092
134 2 2 1 2 1090 73 1091
135 2 2 1 2 1092 1091 278
136 2 2 1 2 1090 1091 1092
137 2 2 1 2 279 1093 1095
138 2 2 1 2 1093 278 1094
139 2 2 1 2 1095 1094 75
140 2 2 1 2 1093 1094 1095
141 2 2 1 2 277 1092 1088
142 2 2 1 2 1092 278 1093
143 2 2 1 2 1088 1093 279
144 2 2 1 2 1092 1093 1088
145 2 2 1 2 73 1096 1098
146 2 2 1 2 1096 280 1097
147 2 2 1 2 1098 1097 282
148 2 2 1 2 1096 1097 1098
149 2 2 1 2 280 1099 1101
150 2 2 1 2 1099 20 1100
151 2 2 1 2 1101 1100 281
152 2 2 1 2 1099 1100 1101
153 2 2 1 2 282 1102 1104
154 2 2 1 2 1102 281 1103
155 2 2 1 2 1104 1103 74
156 2 2 1 2 1102 1103 1104
157 2 2 1 2 280 1101 1097
158 2 2 1 2 1101 281 1102
159 2 2 1 2 1097 1102 282
160 2 2 1 2 1101 1102 1097
161 2 2 1 2 75 1105 1107
162 2 2 1 2 1105 283 1106
163 2 2 1 2 1107 1106 285
164 2 2 1 2 1105 1106 1107
165 2 2 1 2 283 1108 1110
166 2 2 1 2 1108 74 1109
167 2 2 1 2 1110 1109 284
168 2 2 1 2 1108 1109 1110
169 2 2 1 2 285 1111 1113
170 2 2 1 2 1111 284 1112
171 2 2 1 2 1113 1112 9
172 2 2 1 2 1111 1112 1113
173 2 2 1 2 283 1110 1106
174 2 2 1 2 1110 284 1111
175 2 2 1 2 1106 1111 285
176 2 2 1 2 1110 1111 1106
177 2 2 1 2 73 1098 1091
178 2 2 1 2 1098 282 1114
179 2 2 1 2 1091 1114 278
180 2 2 1 2 1098 1114 1091
181 2 2 1 2 282 1104 1115
182 2 2 1 2 1104 74 1108
183 2 2 1 2 1115 1108 283
184 2 2 1 2 1104 1108 1115
185 2 2 1 2 278 1116 1094
186 2 2 1 2 1116 283 1105
187 2 2 1 2 1094 1105 75
188 2 2 1 2 1116 1105 1094
189 2 2 1 2 282 1115 1114
190 2 2 1 2 1115 283 1116
191 2 2 1 2 1114 1116 278
192 2 2 1 2 1115 1116 1114
193 2 2 1 2 19 1059 1040
194 2 2 1 2 1059 270 1117
195 2 2 1 2 1040 1117 263
196 2 2 1 2 1059 1117 1040
197 2 2 1 2 270 1065 1119
198 2 2 1 2 1065 72 1118
199 2 2 1 2 1119 1118 286
200 2 2 1 2 1065 1118 1119
201 2 2 1 2 263 1120 1043
202 2 2 1 2 1120 286 1121
203 2 2 1 2 1043 1121 68
204 2 2 1 2 1120 1121 1043
205 2 2 1 2 270 1119 1117
206 2 2 1 2 1119 286 1120
207 2 2 1 2 1117 1120 263
208 2 2 1 2 1119 1120 1117
209 2 2 1 2 72 1077 1123
210 2 2 1 2 1077 276 1122
211 2 2 1 2 1123 1122 287
212 2 2 1 2 1077 1122 1123
213 2 2 1 2 276 1083 1124
214 2 2 1 2 1083 20 1099
215 2 2 1 2 1124 1099 280
216 2 2 1 2 1083 1099 1124
217 2 2 1 2 287 1125 1126
218 2 2 1 2 1125 280 1096
219 2 2 1 2 1126 1096 73
220 2 2 1 2 1125 1096 1126
221 2 2 1 2 276 1124 1122
222 2 2 1 2 1124 280 1125
223 2 2 1 2 1122 1125 287
224 2 2 1 2 1124 1125 1122
225 2 2 1 2 68 1127 1049
226 2 2 1 2 1127 288 1128
227 2 2 1 2 1049 1128 266
228 2 2 1 2 1127 1128 1049
229 2 2 1 2 288 1129 1130
230 2 2 1 2 1129 73 1090
231 2 2 1 2 1130 1090 277
232 2 2 1 2 1129 1090 1130
233 2 2 1 2 266 1131 1052
234 2 2 1 2 1131 277 1087
235 2 2 1 2 1052 1087 21
236 2 2 1 2 1131 1087 1052
237 2 2 1 2 288 1130 1128
238 2 2 1 2 1130 277 1131
239 2 2 1 2 1128 1131 266
240 2 2 1 2 1130 1131 1128
241 2 2 1 2 72 1123 1118
242 2 2 1 2 1123 287 1132
243 2 2 1 2 1118 1132 286
244 2 2 1 2 1123 1132 1118
245 2 2 1 2 287 1126 1133
246 2 2 1 2 1126 73 1129
247 2 2 1 2 1133 1129 288
248 2 2 1 2 1126 1129 1133
249 2 2 1 2 286 1134 1121
250 2 2 1 2 1134 288 1127
251 2 2 1 2 1121 1127 68
252 2 2 1 2 1134 1127 1121
253 2 2 1 2 287 1133 1132
254 2 2 1 2 1133 288 1134
255 2 2 1 2 1132 1134 286
256 2 2 1 2 1133 1134 1132
257 2 2 1 2 7 1135 1137
258 2 2 1 2 1135 289 1136
259 2 2 1 2 1137 1136 291
260 2 2 1 2 1135 1136 1137
261 2 2 1 2 289 1138 1140
262 2 2 1 2 1138 76 1139
263 2 2 1 2 1140 1139 290
264 2 2 1 2 1138 1139 1140
265 2 2 1 2 291 1141 1143
266 2 2 1 2 1141 290 1142
267 2 2 1 2 1143 1142 78
268 2 2 1 2 1141 1142 1143
269 2 2 1 2 289 1140 1136
270 2 2 1 2 1140 290 1141
271 2 2 1 2 1136 1141 291
272 2 2 1 2 1140 1141 1136
273 2 2 1 2 76 1144 1146
274 2 2 1 2 1144 292 1145
275 2 2 1 2 1146 1145 294
276 2 2 1 2 1144 1145 1146
277 2 2 1 2 292 1147 1149
278 2 2 1 2 1147 22 1148
279 2 2 1 2 1149 1148 293
280 2 2 1 2 1147 1148 1149
281 2 2 1 2 294 1150 1152
282 2 2 1 2 1150 293 1151
283 2 2 1 2 1152 1151 77
284 2 2 1 2 1150 1151 1152
285 2 2 1 2 292 1149 1145
286 2 2 1 2 1149 293 1150
287 2 2 1 2 1145 1150 294
288 2 2 1 2 1149 1150 1145
289 2 2 1 2 78 1153 1155
290 2 2 1 2 1153 295 1154
291 2 2 1 2 1155 1154 297
292 2 2 1 2 1153 1154 1155
293 2 2 1 2 295 1156 1158
294 2 2 1 2 1156 77 1157
295 2 2 1 2 1158 1157 296
296 2 2 1 2 1156 1157 1158
297 2 2 1 2 297 1159 1161
298 2 2 1 2 1159 296 1160
299 2 2 1 2 1161 1160 24
300 2 2 1 2 1159 1160 1161
301 2 2 1 2 295 1158 1154
302 2 2 1 2 1158 296 1159
303 2 2 1 2 1154 1159 297
304 2 2 1 2 1158 1159 1154
305 2 2 1 2 76 1146 1139
306 2 2 1 2 1146 294 1162
307 2 2 1 2 1139 1162 290
308 2 2 1 2 1146 1162 1139
309 2 2 1 2 294 1152 1163
310 2 2 1 2 1152 77 1156
311 2 2 1 2 1163 1156 295
312 2 2 1 2 1152 1156 1163
313 2 2 1 2 290 1164 1142
314 2 2 1 2 1164 295 1153
315 2 2 1 2 1142 1153 78
316 2 2 1 2 1164 1153 1142
317 2 2 1 2 294 1163 1162
318 2 2 1 2 1163 295 1164
319 2 2 1 2 1162 1164 290
320 2 2 1 2 1163 1164 1162
321 2 2 1 2 22 1165 1167
322 2 2 1 2 1165 298 1166
323 2 2 1 2 1167 1166 300
324 2 2 1 2 1165 1166 1167
325 2 2 1 2 298 1168 1170
326 2 2 1 2 1168 79 1169
327 2 2 1 2 1170 1169 299
328 2 2 1 2 1168 1169 1170
329 2 2 1 2 300 1171 1173
330 2 2 1 2 1171 299 1172
331 2 2 1 2 1173 1172 81
332 2 2 1 2 1171 1172 1173
333 2 2 1 2 298 1170 1166
334 2 2 1 2 1170 299 1171
335 2 2 1 2 1166 1171 300
336 2 2 1 2 1170 1171 1166
337 2 2 1 2 79 1174 1176
338 2 2 1 2 1174 301 1175
339 2 2 1 2 1176 1175 303
340 2 2 1 2 1174 1175 1176
341 2 2 1 2 301 1177 1179
342 2 2 1 2 1177 2 1178
343 2 2 1 2 1179 1178 302
344 2 2 1 2 1177 1178 1179
345 2 2 1 2 303 1180 1182
346 2 2 1 2 1180 302 1181
347 2 2 1 2 1182 1181 80
348 2 2 1 2 1180 1181 1182
349 2 2 1 2 301 1179 1175
350 2 2 1 2 1179 302 1180
351 2 2 1 2 1175 1180 303
352 2 2 1 2 1179 1180 1175
353 2 2 1 2 81 1183 1185
354 2 2 1 2 1183 304 1184
355 2 2 1 2 1185 1184 306
356 2 2 1 2 1183 1184 1185
357 2 2 1 2 304 1186 1188
358 2 2 1 2 1186 80 1187
359 2 2 1 2 1188 1187 305
360 2 2 1 2 1186 1187 1188
361 2 2 1 2 306 1189 1191
362 2 2 1 2 1189 305 1190
363 2 2 1 2 1191 1190 23
364 2 2 1 2 1189 1190 1191
365 2 2 1 2 304 1188 1184
366 2 2 1 2 1188 305 1189
367 2 2 1 2 1184 1189 306
368 2 2 1 2 1188 1189 1184
369 2 2 1 2 79 1176 1169
370 2 2 1 2 1176 303 1192
371 2 2 1 2 1169 1192 299
372 2 2 1 2 1176 1192 1169
373 2 2 1 2 303 1182 1193
374 2 2 1 2 1182 80 1186
375 2 2 1 2 1193 1186 304
376 2 2 1 2 1182 1186 1193
377 2 2 1 2 299 1194 1172
378 2 2 1 2 1194 304 1183
379 2 2 1 2 1172 1183 81
380 2 2 1 2 1194 1183 1172
381 2 2 1 2 303 1193 1192
382 2 2 1 2 1193 304 1194
383 2 2 1 2 1192 1194 299
384 2 2 1 2 1193 1194 1192
385 2 2 1 2 24 1195 1197
386 2 2 1 2 1195 307 1196
387 2 2 1 2 1197 1196 309
388 2 2 1 2 1195 1196 1197
389 2 2 1 2 307 1198 1200
390 2 2 1 2 1198 82 1199
391 2 2 1 2 1200 1199 308
392 2 2 1 2 1198 1199 1200
393 2 2 1 2 309 1201 1203
394 2 2 1 2 1201 308 1202
395 2 2 1 2 1203 1202 84
396 2 2 1 2 1201 1202 1203
397 2 2 1 2 307 1200 1196
398 2 2 1 2 1200 308 1201
399 2 2 1 2 1196 1201 309
400 2 2 1 2 1200 1201 1196
401 2 2 1 2 82 1204 1206
402 2 2 1 2 1204 310 1205
403 2 2 1 2 1206 1205 312
404 2 2 1 2 1204 1205 1206
405 2 2 1 2 310 1207 1209
406 2 2 1 2 1207 23 1208
407 2 2 1 2 1209 1208 311
408 2 2 1 2 1207 1208 1209
409 2 2 1 2 312 1210 1212
410 2 2 1 2 1210 311 1211
411 2 2 1 2 1212 1211 83
412 2 2 1 2 1210 1211 1212
413 2 2 1 2 310 1209 1205
414 2 2 1 2 1209 311 1210
415 2 2 1 2 1205 1210 312
416 2 2 1 2 1209 1210 1205
417 2 2 1 2 84 1213 1215
418 2 2 1 2 1213 313 1214
419 2 2 1 2 1215 1214 315
420 2 2 1 2 1213 1214 1215
421 2 2 1 2 313 1216 1218
422 2 2 1 2 1216 83 1217
423 2 2 1 2 1218 1217 314
424 2 2 1 2 1216 1217 1218
425 2 2 1 2 315 1219 1221
426 2 2 1 2 1219 314 1220
427 2 2 1 2 1221 1220 8
428 2 2 1 2 1219 1220 1221
429 2 2 1 2 313 1218 1214
430 2 2 1 2 1218 314 1219
431 2 2 1 2 1214 1219 315
432 2 2 1 2 1218 1219 1214
433 2 2 1 2 82 1206 1199
434 2 2 1 2 1206 312 1222
435 2 2 1 2 1199 1222 308
436 2 2 1 2 1206 1222 1199
437 2 2 1 2 312 1212 1223
438 2 2 1 2 1212 83 1216
439 2 2 1 2 1223 1216 313
440 2 2 1 2 1212 1216 1223
441 2 2 1 2 308 1224 1202
442 2 2 1 2 1224 313 1213
443 2 2 1 2 1202 1213 84
444 2 2 1 2 1224 1213 1202
445 2 2 1 2 312 1223 1222
446 2 2 1 2 1223 313 1224
447 2 2 1 2 1222 1224 308
448 2 2 1 2 1223 1224 1222
449 2 2 1 2 22 1167 1148
450 2 2 1 2 1167 300 1225
451 2 2 1 2 1148 1225 293
452 2 2 1 2 1167 1225 1148
453 2 2 1 2 300 1173 1227
454 2 2 1 2 1173 81 1226
455 2 2 1 2 1227 1226 316
456 2 2 1 2 1173 1226 1227
457 2 2 1 2 293 1228 1151
458 2 2 1 2 1228 316 1229
459 2 2 1 2 1151 1229 77
460 2 2 1 2 1228 1229 1151
461 2 2 1 2 300 1227 1225
462 2 2 1 2 1227 316 1228
463 2 2 1 2 1225 1228 293
464 2 2 1 2 1227 1228 1225
465 2 2 1 2 81 1185 1231
466 2 2 1 2 1185 306 1230
467 2 2 1 2 1231 1230 317
468 2 2 1 2 1185 1230 1231
469 2 2 1 2 306 1191 1232
470 2 2 1 2 1191 23 1207
471 2 2 1 2 1232 1207 310
472 2 2 1 2 1191 1207 1232
473 2 2 1 2 317 1233 1234
474 2 2 1 2 1233 310 1204
475 2 2 1 2 1234 1204 82
476 2 2 1 2 1233 1204 1234
477 2 2 1 2 306 1232 1230
478 2 2 1 2 1232 310 1233
479 2 2 1 2 1230 1233 317
480 2 2 1 2 1232 1233 1230
481 2 2 1 2 77 1235 1157
482 2 2 1 2 1235 318 1236
483 2 2 1 2 1157 1236 296
484 2 2 1 2 1235 1236 1157
485 2 2 1 2 318 1237 1238
486 2 2 1 2 1237 82 1198
487 2 2 1 2 1238 1198 307
488 2 2 1 2 1237 1198 1238
489 2 2 1 2 296 1239 1160
490 2 2 1 2 1239 307 1195
491 2 2 1 2 1160 1195 24
492 2 2 1 2 1239 1195 1160
493 2 2 1 2 318 1238 1236
494 2 2 1 2 1238 307 1239
495 2 2 1 2 1236 1239 296
496 2 2 1 2 1238 1239 1236
497 2 2 1 2 81 1231 1226
498 2 2 1 2 1231 317 1240
499 2 2 1 2 1226 1240 316
500 2 2 1 2 1231 1240 1226
501 2 2 1 2 317 1234 1241
502 2 2 1 2 1234 82 1237
503 2 2 1 2 1241 1237 318
504 2 2 1 2 1234 1237 1241
505 2 2 1 2 316 1242 1229
506 2 2 1 2 1242 318 1235
507 2 2 1 2 1229 1235 77
508 2 2 1 2 1242 1235 1229
509 2 2 1 2 317 1241 1240
510 2 2 1 2 1241 318 1242
511 2 2 1 2 1240 1242 316
512 2 2 1 2 1241 1242 1240
513 2 2 1 2 9 1243 1245
514 2 2 1 2 1243 319 1244
515 2 2 1 2 1245 1244 321
516 2 2 1 2 1243 1244 1245
517 2 2 1 2 319 1246 1248
518 2 2 1 2 1246 85 1247
519 2 2 1 2 1248 1247 320
520 2 2 1 2 1246 1247 1248
521 2 2 1 2 321 1249 1251
522 2 2 1 2 1249 320 1250
523 2 2 1 2 1251 1250 87
524 2 2 1 2 1249 1250 1251
525 2 2 1 2 319 1248 1244
526 2 2 1 2 1248 320 1249
527 2 2 1 2 1244 1249 321
528 2 2 1 2 1248 1249 1244
529 2 2 1 2 85 1252 1254
530 2 2 1 2 1252 322 1253
531 2 2 1 2 1254 1253 324
532 2 2 1 2 1252 1253 1254
533 2 2 1 2 322 1255 1257
534 2 2 1 2 1255 25 1256
535 2 2 1 2 1257 1256 323
536 2 2 1 2 1255 1256 1257
537 2 2 1 2 324 1258 1260
538 2 2 1 2 1258 323 1259
539 2 2 1 2 1260 1259 86
540 2 2 1 2 1258 1259 1260
541 2 2 1 2 322 1257 1253
542 2 2 1 2 1257 323 1258
543 2 2 1 2 1253 1258 324
544 2 2 1 2 1257 1258 1253
545 2 2 1 2 87 1261 1263
546 2 2 1 2 1261 325 1262
547 2 2 1 2 1263 1262 327
548 2 2 1 2 1261 1262 1263
549 2 2 1 2 325 1264 1266
550 2 2 1 2 1264 86 1265
551 2 2 1 2 1266 1265 326
552 2 2 1 2 1264 1265 1266
553 2 2 1 2 327 1267 1269
554 2 2 1 2 1267 326 1268
555 2 2 1 2 1269 1268 27
556 2 2 1 2 1267 1268 1269
557 2 2 1 2 325 1266 1262
558 2 2 1 2 1266 326 1267
559 2 2 1 2 1262 1267 327
560 2 2 1 2 1266 1267 1262
561 2 2 1 2 85 1254 1247
562 2 2 1 2 1254 324 1270
563 2 2 1 2 1247 1270 320
564 2 2 1 2 1254 1270 1247
565 2 2 1 2 324 1260 1271
566 2 2 1 2 1260 86 1264
567 2 2 1 2 1271 1264 325
568 2 2 1 2 1260 1264 1271
569 2 2 1 2 320 1272 1250
570 2 2 1 2 1272 325 1261
571 2 2 1 2 1250 1261 87
572 2 2 1 2 1272 1261 1250
573 2 2 1 2 324 1271 1270
574 2 2 1 2 1271 325 1272
575 2 2 1 2 1270 1272 320
576 2 2 1 2 1271 1272 1270
577 2 2 1 2 25 1273 1275
578 2 2 1 2 1273 328 1274
579 2 2 1 2 1275 1274 330
580 2 2 1 2 1273 1274 1275
581 2 2 1 2 328 1276 1278
582 2 2 1 2 1276 88 1277
583 2 2 1 2 1278 1277 329
584 2 2 1 2 1276 1277 1278
585 2 2 1 2 330 1279 1281
586 2 2 1 2 1279 329 1280
587 2 2 1 2 1281 1280 90
588 2 2 1 2 1279 1280 1281
589 2 2 1 2 328 1278 1274
590 2 2 1 2 1278 329 1279
591 2 2 1 2 1274 1279 330
592 2 2 1 2 1278 1279 1274
593 2 2 1 2 88 1282 1284
594 2 2 1 2 1282 331 1283
595 2 2 1 2 1284 1283 333
596 2 2 1 2 1282 1283 1284
597 2 2 1 2 331 1285 1287
598 2 2 1 2 1285 8 1286
599 2 2 1 2 1287 1286 332
600 2 2 1 2 1285 1286 1287
601 2 2 1 2 333 1288 1290
602 2 2 1 2 1288 332 1289
603 2 2 1 2 1290 1289 89
604 2 2 1 2 1288 1289 1290
605 2 2 1 2 331 1287 1283
606 2 2 1 2 1287 332 1288
607 2 2 1 2 1283 1288 333
608 2 2 1 2 1287 1288 1283
609 2 2 1 2 90 1291 1293
610 2 2 1 2 1291 334 1292
611 2 2 1 2 1293 1292 336
612 2 2 1 2 1291 1292 1293
613 2 2 1 2 334 1294 1296
614 2 2 1 2 1294 89 1295
615 2 2 1 2 1296 1295 335
616 2 2 1 2 1294 1295 1296
617 2 2 1 2 336 1297 1299
618 2 2 1 2 1297 335 1298
619 2 2 1 2 1299 1298 26
620 2 2 1 2 1297 1298 1299
621 2 2 1 2 334 1296 1292
622 2 2 1 2 1296 335 1297
623 2 2 1 2 1292 1297 336
624 2 2 1 2 1296 1297 1292
625 2 2 1 2 88 1284 1277
626 2 2 1 2 1284 333 1300
627 2 2 1 2 1277 1300 329
628 2 2 1 2 1284 1300 1277
629 2 2 1 2 333 1290 1301
630 2 2 1 2 1290 89 1294
631 2 2 1 2 1301 1294 334
632 2 2 1 2 1290 1294 1301
633 2 2 1 2 329 1302 1280
634 2 2 1 2 1302 334 1291
635 2 2 1 2 1280 1291 90
636 2 2 1 2 1302 1291 1280
637 2 2 1 2 333 1301 1300
638 2 2 1 2 1301 334 1302
639 2 2 1 2 1300 1302 329
640 2 2 1 2 1301 1302 1300
641 2 2 1 2 27 1303 1305
642 2 2 1 2 1303 337 1304
643 2 2 1 2 1305 1304 339
644 2 2 1 2 1303 1304 1305
645 2 2 1 2 337 1306 1308
646 2 2 1 2 1306 91 1307
647 2 2 1 2 1308 1307 338
648 2 2 1 2 1306 1307 1308
649 2 2 1 2 339 1309 1311
650 2 2 1 2 1309 338 1310
651 2 2 1 2 1311 1310 93
652 2 2 1 2 1309 1310 1311
653 2 2 1 2 337 1308 1304
654 2 2 1 2 1308 338 1309
655 2 2 1 2 1304 1309 339
656 2 2 1 2 1308 1309 1304
657 2 2 1 2 91 1312 1314
658 2 2 1 2 1312 340 1313
659 2 2 1 2 1314 1313 342
660 2 2 1 2 1312 1313 1314
661 2 2 1 2 340 1315 1317
662 2 2 1 2 1315 26 1316
663 2 2 1 2 1317 1316 341
664 2 2 1 2 1315 1316 1317
665 2 2 1 2 342 1318 1320
666 2 2 1 2 1318 341 1319
667 2 2 1 2 1320 1319 92
668 2 2 1 2 1318 1319 1320
669 2 2 1 2 340 1317 1313
670 2 2 1 2 1317 341 1318
671 2 2 1 2 1313 1318 342
672 2 2 1 2 1317 1318 1313
673 2 2 1 2 93 1321 1323
674 2 2 1 2 1321 343 1322
675 2 2 1 2 1323 1322 345
676 2 2 1 2 1321 1322 1323
677 2 2 1 2 343 1324 1326
678 2 2 1 2 1324 92 1325
679 2 2 1 2 1326 1325 344
680 2 2 1 2 1324 1325 1326
681 2 2 1 2 345 1327 1329
682 2 2 1 2 1327 344 1328
683 2 2 1 2 1329 1328 3
684 2 2 1 2 1327 1328 1329
685 2 2 1 2 343 1326 1322
686 2 2 1 2 1326 344 1327
687 2 2 1 2 1322 1327 345
688 2 2 1 2 1326 1327 1322
689 2 2 1 2 91 1314 1307
690 2 2 1 2 1314 342 1330
691 2 2 1 2 1307 1330 338
692 2 2 1 2 1314 1330 1307
693 2 2 1 2 342 1320 1331
694 2 2 1 2 1320 92 1324
695 2 2 1 2 1331 1324 343
696 2 2 1 2 1320 1324 1331
697 2 2 1 2 338 1332 1310
698 2 2 1 2 1332 343 1321
699 2 2 1 2 1310 1321 93
700 2 2 1 2 1332 1321 1310
701 2 2 1 2 342 1331 1330
702 2 2 1 2 1331 343 1332
703 2 2 1 2 1330 1332 338
704 2 2 1 2 1331 1332 1330
705 2 2 1 2 25 1275 1256
706 2 2 1 2 1275 330 1333
707 2 2 1 2 1256 1333 323
708 2 2 1 2 1275 1333 1256
709 2 2 1 2 330 1281 1335
710 2 2 1 2 1281 90 1334
711 2 2 1 2 1335 1334 346
712 2 2 1 2 1281 1334 1335
713 2 2 1 2 323 1336 1259
714 2 2 1 2 1336 346 1337
715 2 2 1 2 1259 1337 86
716 2 2 1 2 1336 1337 1259
717 2 2 1 2 330 1335 1333
718 2 2 1 2 1335 346 1336
719 2 2 1 2 1333 1336 323
720 2 2 1 2 1335 1336 1333
721 2 2 1 2 90 1293 1339
722 2 2 1 2 1293 336 1338
723 2 2 1 2 1339 1338 347
724 2 2 1 2 1293 1338 1339
725 2 2 1 2 336 1299 1340
726 2 2 1 2 1299 26 1315
727 2 2 1 2 1340 1315 340
728 2 2 1 2 1299 1315 1340
729 2 2 1 2 347 1341 1342
730 2 2 1 2 1341 340 1312
731 2 2 1 2 1342 1312 91
732 2 2 1 2 1341 1312 1342
733 2 2 1 2 336 1340 1338
734 2 2 1 2 1340 340 1341
735 2 2 1 2 1338 1341 347
736 2 2 1 2 1340 1341 1338
737 2 2 1 2 86 1343 1265
738 2 2 1 2 1343 348 1344
739 2 2 1 2 1265 1344 326
740 2 2 1 2 1343 1344 1265
741 2 2 1 2 348 1345 1346
742 2 2 1 2 1345 91 1306
743 2 2 1 2 1346 1306 337
744 2 2 1 2 1345 1306 1346
745 2 2 1 2 326 1347 1268
746 2 2 1 2 1347 337 1303
747 2 2 1 2 1268 1303 27
748 2 2 1 2 1347 1303 1268
749 2 2 1 2 348 1346 1344
750 2 2 1 2 1346 337 1347
751 2 2 1 2 1344 1347 326
752 2 2 1 2 1346 1347 1344
753 2 2 1 2 90 1339 1334
754 2 2 1 2 1339 347 1348
755 2 2 1 2 1334 1348 346
756 2 2 1 2 1339 1348 1334
757 2 2 1 2 347 1342 1349
758 2 2 1 2 1342 91 1345
759 2 2 1 2 1349 1345 348
760 2 2 1 2 1342 1345 1349
761 2 2 1 2 346 1350 1337
762 2 2 1 2 1350 348 1343
763 2 2 1 2 1337 1343 86
764 2 2 1 2 1350 1343 1337
765 2 2 1 2 347 1349 1348
766 2 2 1 2 1349 348 1350
767 2 2 1 2 1348 1350 346
768 2 2 1 2 1349 1350 1348
769 2 2 1 2 7 1137 1070
770 2 2 1 2 1137 291 1351
771 2 2 1 2 1070 1351 272
772 2 2 1 2 1137 1351 1070
773 2 2 1 2 291 1143 1353
774 2 2 1 2 1143 78 1352
775 2 2 1 2 1353 1352 349
776 2 2 1 2 1143 1352 1353
777 2 2 1 2 272 1354 1073
778 2 2 1 2 1354 349 1355
779 2 2 1 2 1073 1355 71
780 2 2 1 2 1354 1355 1073
781 2 2 1 2 291 1353 1351
782 2 2 1 2 1353 349 1354
783 2 2 1 2 1351 1354 272
784 2 2 1 2 1353 1354 1351
785 2 2 1 2 78 1155 1357
786 2 2 1 2 1155 297 1356
787 2 2 1 2 1357 1356 351
788 2 2 1 2 1155 1356 1357
789 2 2 1 2 297 1161 1359
790 2 2 1 2 1161 24 1358
791 2 2 1 2 1359 1358 350
792 2 2 1 2 1161 1358 1359
793 2 2 1 2 351 1360 1362
794 2 2 1 2 1360 350 1361
795 2 2 1 2 1362 1361 94
796 2 2 1 2 1360 1361 1362
797 2 2 1 2 297 1359 1356
798 2 2 1 2 1359 350 1360
799 2 2 1 2 1356 1360 351
800 2 2 1 2 1359 1360 1356
801 2 2 1 2 71 1363 1079
802 2 2 1 2 1363 352 1364
803 2 2 1 2 1079 1364 275
804 2 2 1 2 1363 1364 1079
805 2 2 1 2 352 1365 1367
806 2 2 1 2 1365 94 1366
807 2 2 1 2 1367 1366 353
808 2 2 1 2 1365 1366 1367
809 2 2 1 2 275 1368 1082
810 2 2 1 2 1368 353 1369
811 2 2 1 2 1082 1369 20
812 2 2 1 2 1368 1369 1082
813 2 2 1 2 352 1367 1364
814 2 2 1 2 1367 353 1368
815 2 2 1 2 1364 1368 275
816 2 2 1 2 1367 1368 1364
817 2 2 1 2 78 1357 1352
818 2 2 1 2 1357 351 1370
819 2 2 1 2 1352 1370 349
820 2 2 1 2 1357 1370 1352
821 2 2 1 2 351 1362 1371
822 2 2 1 2 1362 94 1365
823 2 2 1 2 1371 1365 352
824 2 2 1 2 1362 1365 1371
825 2 2 1 2 349 1372 1355
826 2 2 1 2 1372 352 1363
827 2 2 1 2 1355 1363 71
828 2 2 1 2 1372 1363 1355
829 2 2 1 2 351 1371 1370
830 2 2 1 2 1371 352 1372
831 2 2 1 2 1370 1372 349
832 2 2 1 2 1371 1372 1370
833 2 2 1 2 24 1197 1374
834 2 2 1 2 1197 309 1373
835 2 2 1 2 1374 1373 355
836 2 2 1 2 1197 1373 1374
837 2 2 1 2 309 1203 1376
838 2 2 1 2 1203 84 1375
839 2 2 1 2 1376 1375 354
840 2 2 1 2 1203 1375 1376
841 2 2 1 2 355 1377 1379
842 2 2 1 2 1377 354 1378
843 2 2 1 2 1379 1378 95
844 2 2 1 2 1377 1378 1379
845 2 2 1 2 309 1376 1373
846 2 2 1 2 1376 354 1377
847 2 2 1 2 1373 1377 355
848 2 2 1 2 1376 1377 1373
849 2 2 1 2 84 1215 1381
850 2 2 1 2 1215 315 1380
851 2 2 1 2 1381 1380 356
852 2 2 1 2 1215 1380 1381
853 2 2 1 2 315 1221 1382
854 2 2 1 2 1221 8 1285
855 2 2 1 2 1382 1285 331
856 2 2 1 2 1221 1285 1382
857 2 2 1 2 356 1383 1384
858 2 2 1 2 1383 331 1282
859 2 2 1 2 1384 1282 88
860 2 2 1 2 1383 1282 1384
861 2 2 1 2 315 1382 1380
862 2 2 1 2 1382 331 1383
863 2 2 1 2 1380 1383 356
864 2 2 1 2 1382 1383 1380
865 2 2 1 2 95 1385 1387
866 2 2 1 2 1385 357 1386
867 2 2 1 2 1387 1386 358
868 2 2 1 2 1385 1386 1387
869 2 2 1 2 357 1388 1389
870 2 2 1 2 1388 88 1276
871 2 2 1 2 1389 1276 328
872 2 2 1 2 1388 1276 1389
873 2 2 1 2 358 1390 1391
874 2 2 1 2 1390 328 1273
875 2 2 1 2 1391 1273 25
876 2 2 1 2 1390 1273 1391
877 2 2 1 2 357 1389 1386
878 2 2 1 2 1389 328 1390
879 2 2 1 2 1386 1390 358
880 2 2 1 2 1389 1390 1386
881 2 2 1 2 84 1381 1375
882 2 2 1 2 1381 356 1392
883 2 2 1 2 1375 1392 354
884 2 2 1 2 1381 1392 1375
885 2 2 1 2 356 1384 1393
886 2 2 1 2 1384 88 1388
887 2 2 1 2 1393 1388 357
888 2 2 1 2 1384 1388 1393
889 2 2 1 2 354 1394 1378
890 2 2 1 2 1394 357 1385
891 2 2 1 2 1378 1385 95
892 2 2 1 2 1394 1385 1378
893 2 2 1 2 356 1393 1392
894 2 2 1 2 1393 357 1394
895 2 2 1 2 1392 1394 354
896 2 2 1 2 1393 1394 1392
897 2 2 1 2 20 1395 1100
898 2 2 1 2 1395 359 1396
899 2 2 1 2 1100 1396 281
900 2 2 1 2 1395 1396 1100
901 2 2 1 2 359 1397 1399
902 2 2 1 2 1397 96 1398
903 2 2 1 2 1399 1398 360
904 2 2 1 2 1397 1398 1399
905 2 2 1 2 281 1400 1103
906 2 2 1 2 1400 360 1401
907 2 2 1 2 1103 1401 74
908 2 2 1 2 1400 1401 1103
909 2 2 1 2 359 1399 1396
910 2 2 1 2 1399 360 1400
911 2 2 1 2 1396 1400 281
912 2 2 1 2 1399 1400 1396
913 2 2 1 2 96 1402 1404
914 2 2 1 2 1402 361 1403
915 2 2 1 2 1404 1403 362
916 2 2 1 2 1402 1403 1404
917 2 2 1 2 361 1405 1406
918 2 2 1 2 1405 25 1255
919 2 2 1 2 1406 1255 322
920 2 2 1 2 1405 1255 1406
921 2 2 1 2 362 1407 1408
922 2 2 1 2 1407 322 1252
923 2 2 1 2 1408 1252 85
924 2 2 1 2 1407 1252 1408
925 2 2 1 2 361 1406 1403
926 2 2 1 2 1406 322 1407
927 2 2 1 2 1403 1407 362
928 2 2 1 2 1406 1407 1403
929 2 2 1 2 74 1409 1109
930 2 2 1 2 1409 363 1410
931 2 2 1 2 1109 1410 284
932 2 2 1 2 1409 1410 1109
933 2 2 1 2 363 1411 1412
934 2 2 1 2 1411 85 1246
935 2 2 1 2 1412 1246 319
936 2 2 1 2 1411 1246 1412
937 2 2 1 2 284 1413 1112
938 2 2 1 2 1413 319 1243
939 2 2 1 2 1112 1243 9
940 2 2 1 2 1413 1243 1112
941 2 2 1 2 363 1412 1410
942 2 2 1 2 1412 319 1413
943 2 2 1 2 1410 1413 284
944 2 2 1 2 1412 1413 1410
945 2 2 1 2 96 1404 1398
946 2 2 1 2 1404 362 1414
947 2 2 1 2 1398 1414 360
948 2 2 1 2 1404 1414 1398
949 2 2 1 2 362 1408 1415
950 2 2 1 2 1408 85 1411
951 2 2 1 2 1415 1411 363
952 2 2 1 2 1408 1411 1415
953 2 2 1 2 360 1416 1401
954 2 2 1 2 1416 363 1409
955 2 2 1 2 1401 1409 74
956 2 2 1 2 1416 1409 1401
957 2 2 1 2 362 1415 1414
958 2 2 1 2 1415 363 1416
959 2 2 1 2 1414 1416 360
960 2 2 1 2 1415 1416 1414
961 2 2 1 2 24 1374 1358
962 2 2 1 2 1374 355 1417
963 2 2 1 2 1358 1417 350
964 2 2 1 2 1374 1417 1358
965 2 2 1 2 355 1379 1419
966 2 2 1 2 1379 95 1418
967 2 2 1 2 1419 1418 364
968 2 2 1 2 1379 1418 1419
969 2 2 1 2 350 1420 1361
970 2 2 1 2 1420 364 1421
971 2 2 1 2 1361 1421 94
972 2 2 1 2 1420 1421 1361
973 2 2 1 2 355 1419 1417
974 2 2 1 2 1419 364 1420
975 2 2 1 2 1417 1420 350
976 2 2 1 2 1419 1420 1417
977 2 2 1 2 95 1387 1423
978 2 2 1 2 1387 358 1422
979 2 2 1 2 1423 1422 365
980 2 2 1 2 1387 1422 1423
981 2 2 1 2 358 1391 1424
982 2 2 1 2 1391 25 1405
983 2 2 1 2 1424 1405 361
984 2 2 1 2 1391 1405 1424
985 2 2 1 2 365 1425 1426
986 2 2 1 2 1425 361 1402
987 2 2 1 2 1426 1402 96
988 2 2 1 2 1425 1402 1426
989 2 2 1 2 358 1424 1422
990 2 2 1 2 1424 361 1425
991 2 2 1 2 1422 1425 365
992 2 2 1 2 1424 1425 1422
993 2 2 1 2 94 1427 1366
994 2 2 1 2 1427 366 1428
995 2 2 1 2 1366 1428 353
996 2 2 1 2 1427 1428 1366
997 2 2 1 2 366 1429 1430
998 2 2 1 2 1429 96 1397
999 2 2 1 2 1430 1397 359
1000 2 2 1 2 1429 1397 1430
1001 2 2 1 2 353 1431 1369
1002 2 2 1 2 1431 359 1395
1003 2 2 1 2 1369 1395 20
1004 2 2 1 2 1431 1395 1369
1005 2 2 1 2 366 1430 1428
1006 2 2 1 2 1430 359 1431
1007 2 2 1 2 1428 1431 353
1008 2 2 1 2 1430 1431 1428
1009 2 2 1 2 95 1423 1418
1010 2 2 1 2 1423 365 1432
1011 2 2 1 2 1418 1432 364
1012 2 2 1 2 1423 1432 1418
1013 2 2 1 2 365 1426 1433
1014 2 2 1 2 1426 96 1429
1015 2 2 1 2 1433 1429 366
1016 2 2 1 2 1426 1429 1433
1017 2 2 1 2 364 1434 1421
1018 2 2 1 2 1434 366 1427
1019 2 2 1 2 1421 1427 94
1020 2 2 1 2 1434 1427 1421
1021 2 2 1 2 365 1433 1432
1022 2 2 1 2 1433 366 1434
1023 2 2 1 2 1432 1434 364
1024 2 2 1 2 1433 1434 1432
1025 2 2 1 2 2 1435 1178
1026 2 2 1 2 1435 367 1436
1027 2 2 1 2 1178 1436 302
1028 2 2 1 2 1435 1436 1178
1029 2 2 1 2 367 1437 1439
1030 2 2 1 2 1437 97 1438
1031 2 2 1 2 1439 1438 368
1032 2 2 1 2 1437 1438 1439
1033 2 2 1 2 302 1440 1181
1034 2 2 1 2 1440 368 1441
1035 2 2 1 2 1181 1441 80
1036 2 2 1 2 1440 1441 1181
1037 2 2 1 2 367 1439 1436
1038 2 2 1 2 1439 368 1440
1039 2 2 1 2 1436 1440 302
1040 2 2 1 2 1439 1440 1436
1041 2 2 1 2 97 1442 1444
1042 2 2 1 2 1442 369 1443
1043 2 2 1 2 1444 1443 371
1044 2 2 1 2 1442 1443 1444
1045 2 2 1 2 369 1445 1447
1046 2 2 1 2 1445 28 1446
1047 2 2 1 2 1447 1446 370
1048 2 2 1 2 1445 1446 1447
1049 2 2 1 2 371 1448 1450
1050 2 2 1 2 1448 370 1449
1051 2 2 1 2 1450 1449 98
1052 2 2 1 2 1448 1449 1450
1053 2 2 1 2 369 1447 1443
1054 2 2 1 2 1447 370 1448
1055 2 2 1 2 1443 1448 371
1056 2 2 1 2 1447 1448 1443
1057 2 2 1 2 80 1451 1187
1058 2 2 1 2 1451 372 1452
1059 2 2 1 2 1187 1452 305
1060 2 2 1 2 1451 1452 1187
1061 2 2 1 2 372 1453 1455
1062 2 2 1 2 1453 98 1454
1063 2 2 1 2 1455 1454 373
1064 2 2 1 2 1453 1454 1455
1065 2 2 1 2 305 1456 1190
1066 2 2 1 2 1456 373 1457
1067 2 2 1 2 1190 1457 23
1068 2 2 1 2 1456 1457 1190
1069 2 2 1 2 372 1455 1452
1070 2 2 1 2 1455 373 1456
1071 2 2 1 2 1452 1456 305
1072 2 2 1 2 1455 1456 1452
1073 2 2 1 2 97 1444 1438
1074 2 2 1 2 1444 371 1458
1075 2 2 1 2 1438 1458 368
1076 2 2 1 2 1444 1458 1438
1077 2 2 1 2 371 1450 1459
1078 2 2 1 2 1450 98 1453
1079 2 2 1 2 1459 1453 372
1080 2 2 1 2 1450 1453 1459
1081 2 2 1 2 368 1460 1441
1082 2 2 1 2 1460 372 1451
1083 2 2 1 2 1441 1451 80
1084 2 2 1 2 1460 1451 1441
1085 2 2 1 2 371 1459 1458
1086 2 2 1 2 1459 372 1460
1087 2 2 1 2 1458 1460 368
1088 2 2 1 2 1459 1460 1458
1089 2 2 1 2 28 1461 1463
1090 2 2 1 2 1461 374 1462
1091 2 2 1 2 1463 1462 376
1092 2 2 1 2 1461 1462 1463
1093 2 2 1 2 374 1464 1466
1094 2 2 1 2 1464 99 1465
1095 2 2 1 2 1466 1465 375
1096 2 2 1 2 1464 1465 1466
1097 2 2 1 2 376 1467 1469
1098 2 2 1 2 1467 375 1468
1099 2 2 1 2 1469 1468 101
1100 2 2 1 2 1467 1468 1469
1101 2 2 1 2 374 1466 1462
1102 2 2 1 2 1466 375 1467
1103 2 2 1 2 1462 1467 376
1104 2 2 1 2 1466 1467 1462
1105 2 2 1 2 99 1470 1472
1106 2 2 1 2 1470 377 1471
1107 2 2 1 2 1472 1471 379
1108 2 2 1 2 1470 1471 1472
1109 2 2 1 2 377 1473 1475
1110 2 2 1 2 1473 10 1474
1111 2 2 1 2 1475 1474 378
1112 2 2 1 2 1473 1474 1475
1113 2 2 1 2 379 1476 1478
1114 2 2 1 2 1476 378 1477
1115 2 2 1 2 1478 1477 100
1116 2 2 1 2 1476 1477 1478
1117 2 2 1 2 377 1475 1471
1118 2 2 1 2 1475 378 1476
1119 2 2 1 2 1471 1476 379
1120 2 2 1 2 1475 1476 1471
1121 2 2 1 2 101 1479 1481
1122 2 2 1 2 1479 380 1480
1123 2 2 1 2 1481 1480 382
1124 2 2 1 2 1479 1480 1481
1125 2 2 1 2 380 1482 1484
1126 2 2 1 2 1482 100 1483
1127 2 2 1 2 1484 1483 381
1128 2 2 1 2 1482 1483 1484
1129 2 2 1 2 382 1485 1487
1130 2 2 1 2 1485 381 1486
1131 2 2 1 2 1487 1486 29
1132 2 2 1 2 1485 1486 1487
1133 2 2 1 2 380 1484 1480
1134 2 2 1 2 1484 381 1485
1135 2 2 1 2 1480 1485 382
1136 2 2 1 2 1484 1485 1480
1137 2 2 1 2 99 1472 1465
1138 2 2 1 2 1472 379 1488
1139 2 2 1 2 1465 1488 375
1140 2 2 1 2 1472 1488 1465
1141 2 2 1 2 379 1478 1489
1142 2 2 1 2 1478 100 1482
1143 2 2 1 2 1489 1482 380
1144 2 2 1 2 1478 1482 1489
1145 2 2 1 2 375 1490 1468
1146 2 2 1 2 1490 380 1479
1147 2 2 1 2 1468 1479 101
1148 2 2 1 2 1490 1479 1468
1149 2 2 1 2 379 1489 1488
1150 2 2 1 2 1489 380 1490
1151 2 2 1 2 1488 1490 375
1152 2 2 1 2 1489 1490 1488
1153 2 2 1 2 23 1491 1208
1154 2 2 1 2 1491 383 1492
1155 2 2 1 2 1208 1492 311
1156 2 2 1 2 1491 1492 1208
1157 2 2 1 2 383 1493 1495
1158 2 2 1 2 1493 102 1494
1159 2 2 1 2 1495 1494 384
1160 2 2 1 2 1493 1494 1495
1161 2 2 1 2 311 1496 1211
1162 2 2 1 2 1496 384 1497
1163 2 2 1 2 1211 1497 83
1164 2 2 1 2 1496 1497 1211
1165 2 2 1 2 383 1495 1492
1166 2 2 1 2 1495 384 1496
1167 2 2 1 2 1492 1496 311
1168 2 2 1 2 1495 1496 1492
1169 2 2 1 2 102 1498 1500
1170 2 2 1 2 1498 385 1499
1171 2 2 1 2 1500 1499 387
1172 2 2 1 2 1498 1499 1500
1173 2 2 1 2 385 1501 1503
1174 2 2 1 2 1501 29 1502
1175 2 2 1 2 1503 1502 386
1176 2 2 1 2 1501 1502 1503
1177 2 2 1 2 387 1504 1506
1178 2 2 1 2 1504 386 1505
1179 2 2 1 2 1506 1505 103
1180 2 2 1 2 1504 1505 1506
1181 2 2 1 2 385 1503 1499
1182 2 2 1 2 1503 386 1504
1183 2 2 1 2 1499 1504 387
1184 2 2 1 2 1503 1504 1499
1185 2 2 1 2 83 1507 1217
1186 2 2 1 2 1507 388 1508
1187 2 2 1 2 1217 1508 314
1188 2 2 1 2 1507 1508 1217
1189 2 2 1 2 388 1509 1511
1190 2 2 1 2 1509 103 1510
1191 2 2 1 2 1511 1510 389
1192 2 2 1 2 1509 1510 1511
1193 2 2 1 2 314 1512 1220
1194 2 2 1 2 1512 389 1513
1195 2 2 1 2 1220 1513 8
1196 2 2 1 2 1512 1513 1220
1197 2 2 1 2 388 1511 1508
1198 2 2 1 2 1511 389 1512
1199 2 2 1 2 1508 1512 314
1200 2 2 1 2 1511 1512 1508
1201 2 2 1 2 102 1500 1494
1202 2 2 1 2 1500 387 1514
1203 2 2 1 2 1494 1514 384
1204 2 2 1 2 1500 1514 1494
1205 2 2 1 2 387 1506 1515
1206 2 2 1 2 1506 103 1509
1207 2 2 1 2 1515 1509 388
1208 2 2 1 2 1506 1509 1515
1209 2 2 1 2 384 1516 1497
1210 2 2 1 2 1516 388 1507
1211 2 2 1 2 1497 1507 83
1212 2 2 1 2 1516 1507 1497
1213 2 2 1 2 387 1515 1514
1214 2 2 1 2 1515 388 1516
1215 2 2 1 2 1514 1516 384
1216 2 2 1 2 1515 1516 1514
1217 2 2 1 2 28 1463 1446
1218 2 2 1 2 1463 376 1517
1219 2 2 1 2 1446 1517 370
1220 2 2 1 2 1463 1517 1446
1221 2 2 1 2 376 1469 1519
1222 2 2 1 2 1469 101 1518
1223 2 2 1 2 1519 1518 390
1224 2 2 1 2 1469 1518 1519
1225 2 2 1 2 370 1520 1449
1226 2 2 1 2 1520 390 1521
1227 2 2 1 2 1449 1521 98
1228 2 2 1 2 1520 1521 1449
1229 2 2 1 2 376 1519 1517
1230 2 2 1 2 1519 390 1520
1231 2 2 1 2 1517 1520 370
1232 2 2 1 2 1519 1520 1517
1233 2 2 1 2 101 1481 1523
1234 2 2 1 2 1481 382 1522
1235 2 2 1 2 1523 1522 391
1236 2 2 1 2 1481 1522 1523
1237 2 2 1 2 382 1487 1524
1238 2 2 1 2 1487 29 1501
1239 2 2 1 2 1524 1501 385
1240 2 2 1 2 1487 1501 1524
1241 2 2 1 2 391 1525 1526
1242 2 2 1 2 1525 385 1498
1243 2 2 1 2 1526 1498 102
1244 2 2 1 2 1525 1498 1526
1245 2 2 1 2 382 1524 1522
1246 2 2 1 2 1524 385 1525
1247 2 2 1 2 1522 1525 391
1248 2 2 1 2 1524 1525 1522
1249 2 2 1 2 98 1527 1454
1250 2 2 1 2 1527 392 1528
1251 2 2 1 2 1454 1528 373
1252 2 2 1 2 1527 1528 1454
1253 2 2 1 2 392 1529 1530
1254 2 2 1 2 1529 102 1493
1255 2 2 1 2 1530 1493 383
1256 2 2 1 2 1529 1493 1530
1257 2 2 1 2 373 1531 1457
1258 2 2 1 2 1531 383 1491
1259 2 2 1 2 1457 1491 23
1260 2 2 1 2 1531 1491 1457
1261 2 2 1 2 392 1530 1528
1262 2 2 1 2 1530 383 1531
1263 2 2 1 2 1528 1531 373
1264 2 2 1 2 1530 1531 1528
1265 2 2 1 2 101 1523 1518
1266 2 2 1 2 1523 391 1532
1267 2 2 1 2 1518 1532 390
1268 2 2 1 2 1523 1532 1518
1269 2 2 1 2 391 1526 1533
1270 2 2 1 2 1526 102 1529
1271 2 2 1 2 1533 1529 392
1272 2 2 1 2 1526 1529 1533
1273 2 2 1 2 390 1534 1521
1274 2 2 1 2 1534 392 1527
1275 2 2 1 2 1521 1527 98
1276 2 2 1 2 1534 1527 1521
1277 2 2 1 2 391 1533 1532
1278 2 2 1 2 1533 392 1534
1279 2 2 1 2 1532 1534 390
1280 2 2 1 2 1533 1534 1532
1281 2 2 1 2 10 1535 1537
1282 2 2 1 2 1535 393 1536
1283 2 2 1 2 1537 1536 395
1284 2 2 1 2 1535 1536 1537
1285 2 2 1 2 393 1538 1540
1286 2 2 1 2 1538 104 1539
1287 2 2 1 2 1540 1539 394
1288 2 2 1 2 1538 1539 1540
1289 2 2 1 2 395 1541 1543
1290 2 2 1 2 1541 394 1542
1291 2 2 1 2 1543 1542 106
1292 2 2 1 2 1541 1542 1543
1293 2 2 1 2 393 1540 1536
1294 2 2 1 2 1540 394 1541
1295 2 2 1 2 1536 1541 395
1296 2 2 1 2 1540 1541 1536
1297 2 2 1 2 104 1544 1546
1298 2 2 1 2 1544 396 1545
1299 2 2 1 2 1546 1545 398
1300 2 2 1 2 1544 1545 1546
1301 2 2 1 2 396 1547 1549
1302 2 2 1 2 1547 30 1548
1303 2 2 1 2 1549 1548 397
1304 2 2 1 2 1547 1548 1549
1305 2 2 1 2 398 1550 1552
1306 2 2 1 2 1550 397 1551
1307 2 2 1 2 1552 1551 105
1308 2 2 1 2 1550 1551 1552
1309 2 2 1 2 396 1549 1545
1310 2 2 1 2 1549 397 1550
1311 2 2 1 2 1545 1550 398
1312 2 2 1 2 1549 1550 1545
1313 2 2 1 2 106 1553 1555
1314 2 2 1 2 1553 399 1554
1315 2 2 1 2 1555 1554 401
1316 2 2 1 2 1553 1554 1555
1317 2 2 1 2 399 1556 1558
1318 2 2 1 2 1556 105 1557
1319 2 2 1 2 1558 1557 400
1320 2 2 1 2 1556 1557 1558
1321 2 2 1 2 401 1559 1561
1322 2 2 1 2 1559 400 1560
1323 2 2 1 2 1561 1560 32
1324 2 2 1 2 1559 1560 1561
1325 2 2 1 2 399 1558 1554
1326 2 2 1 2 1558 400 1559
1327 2 2 1 2 1554 1559 401
1328 2 2 1 2 1558 1559 1554
1329 2 2 1 2 104 1546 1539
1330 2 2 1 2 1546 398 1562
1331 2 2 1 2 1539 1562 394
1332 2 2 1 2 1546 1562 1539
1333 2 2 1 2 398 1552 1563
1334 2 2 1 2 1552 105 1556
1335 2 2 1 2 1563 1556 399
1336 2 2 1 2 1552 1556 1563
1337 2 2 1 2 394 1564 1542
1338 2 2 1 2 1564 399 1553
1339 2 2 1 2 1542 1553 106
1340 2 2 1 2 1564 1553 1542
1341 2 2 1 2 398 1563 1562
1342 2 2 1 2 1563 399 1564
1343 2 2 1 2 1562 1564 394
1344 2 2 1 2 1563 1564 1562
1345 2 2 1 2 30 1565 1567
1346 2 2 1 2 1565 402 1566
1347 2 2 1 2 1567 1566 404
1348 2 2 1 2 1565 1566 1567
1349 2 2 1 2 402 1568 1570
1350 2 2 1 2 1568 107 1569
1351 2 2 1 2 1570 1569 403
1352 2 2 1 2 1568 1569 1570
1353 2 2 1 2 404 1571 1573
1354 2 2 1 2 1571 403 1572
1355 2 2 1 2 1573 1572 109
1356 2 2 1 2 1571 1572 1573
1357 2 2 1 2 402 1570 1566
1358 2 2 1 2 1570 403 1571
1359 2 2 1 2 1566 1571 404
1360 2 2 1 2 1570 1571 1566
1361 2 2 1 2 107 1574 1576
1362 2 2 1 2 1574 405 1575
1363 2 2 1 2 1576 1575 407
1364 2 2 1 2 1574 1575 1576
1365 2 2 1 2 405 1577 1579
1366 2 2 1 2 1577 4 1578
1367 2 2 1 2 1579 1578 406
1368 2 2 1 2 1577 1578 1579
1369 2 2 1 2 407 1580 1582
1370 2 2 1 2 1580 406 1581
1371 2 2 1 2 1582 1581 108
1372 2 2 1 2 1580 1581 1582
1373 2 2 1 2 405 1579 1575
1374 2 2 1 2 1579 406 1580
1375 2 2 1 2 1575 1580 407
1376 2 2 1 2 1579 1580 1575
1377 2 2 1 2 109 1583 1585
1378 2 2 1 2 1583 408 1584
1379 2 2 1 2 1585 1584 410
1380 2 2 1 2 1583 1584 1585
1381 2 2 1 2 408 1586 1588
1382 2 2 1 2 1586 108 1587
1383 2 2 1 2 1588 1587 409
1384 2 2 1 2 1586 1587 1588
1385 2 2 1 2 410 1589 1591
1386 2 2 1 2 1589 409 1590
1387 2 2 1 2 1591 1590 31
1388 2 2 1 2 1589 1590 1591
1389 2 2 1 2 408 1588 1584
1390 2 2 1 2 1588 409 1589
1391 2 2 1 2 1584 1589 410
1392 2 2 1 2 1588 1589 1584
1393 2 2 1 2 107 1576 1569
1394 2 2 1 2 1576 407 1592
1395 2 2 1 2 1569 1592 403
1396 2 2 1 2 1576 1592 1569
1397 2 2 1 2 407 1582 1593
1398 2 2 1 2 1582 108 1586
1399 2 2 1 2 1593 1586 408
1400 2 2 1 2 1582 1586 1593
1401 2 2 1 2 403 1594 1572
1402 2 2 1 2 1594 408 1583
1403 2 2 1 2 1572 1583 109
1404 2 2 1 2 1594 1583 1572
1405 2 2 1 2 407 1593 1592
1406 2 2 1 2 1593 408 1594
1407 2 2 1 2 1592 1594 403
1408 2 2 1 2 1593 1594 1592
1409 2 2 1 2 32 1595 1597
1410 2 2 1 2 1595 411 1596
1411 2 2 1 2 1597 1596 413
1412 2 2 1 2 1595 1596 1597
1413 2 2 1 2 411 1598 1600
1414 2 2 1 2 1598 110 1599
1415 2 2 1 2 1600 1599 412
1416 2 2 1 2 1598 1599 1600
1417 2 2 1 2 413 1601 1603
1418 2 2 1 2 1601 412 1602
1419 2 2 1 2 1603 1602 112
1420 2 2 1 2 1601 1602 1603
1421 2 2 1 2 411 1600 1596
1422 2 2 1 2 1600 412 1601
1423 2 2 1 2 1596 1601 413
1424 2 2 1 2 1600 1601 1596
1425 2 2 1 2 110 1604 1606
1426 2 2 1 2 1604 414 1605
1427 2 2 1 2 1606 1605 416
1428 2 2 1 2 1604 1605 1606
1429 2 2 1 2 414 1607 1609
1430 2 2 1 2 1607 31 1608
1431 2 2 1 2 1609 1608 415
1432 2 2 1 2 1607 1608 1609
1433 2 2 1 2 416 1610 1612
1434 2 2 1 2 1610 415 1611
1435 2 2 1 2 1612 1611 111
1436 2 2 1 2 1610 1611 1612
1437 2 2 1 2 414 1609 1605
1438 2 2 1 2 1609 415 1610
1439 2 2 1 2 1605 1610 416
1440 2 2 1 2 1609 1610 1605
1441 2 2 1 2 112 1613 1615
1442 2 2 1 2 1613 417 1614
1443 2 2 1 2 1615 1614 419
1444 2 2 1 2 1613 1614 1615
1445 2 2 1 2 417 1616 1618
1446 2 2 1 2 1616 111 1617
1447 2 2 1 2 1618 1617 418
1448 2 2 1 2 1616 1617 1618
1449 2 2 1 2 419 1619 1621
1450 2 2 1 2 1619 418 1620
1451 2 2 1 2 1621 1620 11
1452 2 2 1 2 1619 1620 1621
1453 2 2 1 2 417 1618 1614
1454 2 2 1 2 1618 418 1619
1455 2 2 1 2 1614 1619 419
1456 2 2 1 2 1618 1619 1614
1457 2 2 1 2 110 1606 1599
1458 2 2 1 2 1606 416 1622
1459 2 2 1 2 1599 1622 412
1460 2 2 1 2 1606 1622 1599
1461 2 2 1 2 416 1612 1623
1462 2 2 1 2 1612 111 1616
1463 2 2 1 2 1623 1616 417
1464 2 2 1 2 1612 1616 1623
1465 2 2 1 2 412 1624 1602
1466 2 2 1 2 1624 417 1613
1467 2 2 1 2 1602 1613 112
1468 2 2 1 2 1624 1613 1602
1469 2 2 1 2 416 1623 1622
1470 2 2 1 2 1623 417 1624
1471 2 2 1 2 1622 1624 412
1472 2 2 1 2 1623 1624 1622
1473 2 2 1 2 30 1567 1548
1474 2 2 1 2 1567 404 1625
1475 2 2 1 2 1548 1625 397
1476 2 2 1 2 1567 1625 1548
1477 2 2 1 2 404 1573 1627
1478 2 2 1 2 1573 109 1626
1479 2 2 1 2 1627 1626 420
1480 2 2 1 2 1573 1626 1627
1481 2 2 1 2 397 1628 1551
1482 2 2 1 2 1628 420 1629
1483 2 2 1 2 1551 1629 105
1484 2 2 1 2 1628 1629 1551
1485 2 2 1 2 404 1627 1625
1486 2 2 1 2 1627 420 1628
1487 2 2 1 2 1625 1628 397
1488 2 2 1 2 1627 1628 1625
1489 2 2 1 2 109 1585 1631
1490 2 2 1 2 1585 410 1630
1491 2 2 1 2 1631 1630 421
1492 2 2 1 2 1585 1630 1631
1493 2 2 1 2 410 1591 1632
1494 2 2 1 2 1591 31 1607
1495 2 2 1 2 1632 1607 414
1496 2 2 1 2 1591 1607 1632
1497 2 2 1 2 421 1633 1634
1498 2 2 1 2 1633 414 1604
1499 2 2 1 2 1634 1604 110
1500 2 2 1 2 1633 1604 1634
1501 2 2 1 2 410 1632 1630
1502 2 2 1 2 1632 414 1633
1503 2 2 1 2 1630 1633 421
1504 2 2 1 2 1632 1633 1630
1505 2 2 1 2 105 1635 1557
1506 2 2 1 2 1635 422 1636
1507 2 2 1 2 1557 1636 400
1508 2 2 1 2 1635 1636 1557
1509 2 2 1 2 422 1637 1638
1510 2 2 1 2 1637 110 1598
1511 2 2 1 2 1638 1598 411
1512 2 2 1 2 1637 1598 1638
1513 2 2 1 2 400 1639 1560
1514 2 2 1 2 1639 411 1595
1515 2 2 1 2 1560 1595 32
1516 2 2 1 2 1639 1595 1560
1517 2 2 1 2 422 1638 1636
1518 2 2 1 2 1638 411 1639
1519 2 2 1 2 1636 1639 400
1520 2 2 1 2 1638 1639 1636
1521 2 2 1 2 109 1631 1626
1522 2 2 1 2 1631 421 1640
1523 2 2 1 2 1626 1640 420
1524 2 2 1 2 1631 1640 1626
1525 2 2 1 2 421 1634 1641
1526 2 2 1 2 1634 110 1637
1527 2 2 1 2 1641 1637 422
1528 2 2 1 2 1634 1637 1641
1529 2 2 1 2 420 1642 1629
1530 2 2 1 2 1642 422 1635
1531 2 2 1 2 1629 1635 105
1532 2 2 1 2 1642 1635 1629
1533 2 2 1 2 421 1641 1640
1534 2 2 1 2 1641 422 1642
1535 2 2 1 2 1640 1642 420
1536 2 2 1 2 1641 1642 1640
1537 2 2 1 2 8 1643 1286
1538 2 2 1 2 1643 423 1644
1539 2 2 1 2 1286 1644 332
1540 2 2 1 2 1643 1644 1286
1541 2 2 1 2 423 1645 1647
1542 2 2 1 2 1645 113 1646
1543 2 2 1 2 1647 1646 424
1544 2 2 1 2 1645 1646 1647
1545 2 2 1 2 332 1648 1289
1546 2 2 1 2 1648 424 1649
1547 2 2 1 2 1289 1649 89
1548 2 2 1 2 1648 1649 1289
1549 2 2 1 2 423 1647 1644
1550 2 2 1 2 1647 424 1648
1551 2 2 1 2 1644 1648 332
1552 2 2 1 2 1647 1648 1644
1553 2 2 1 2 113 1650 1652
1554 2 2 1 2 1650 425 1651
1555 2 2 1 2 1652 1651 427
1556 2 2 1 2 1650 1651 1652
1557 2 2 1 2 425 1653 1655
1558 2 2 1 2 1653 33 1654
1559 2 2 1 2 1655 1654 426
1560 2 2 1 2 1653 1654 1655
1561 2 2 1 2 427 1656 1658
1562 2 2 1 2 1656 426 1657
1563 2 2 1 2 1658 1657 114
1564 2 2 1 2 1656 1657 1658
1565 2 2 1 2 425 1655 1651
1566 2 2 1 2 1655 426 1656
1567 2 2 1 2 1651 1656 427
1568 2 2 1 2 1655 1656 1651
1569 2 2 1 2 89 1659 1295
1570 2 2 1 2 1659 428 1660
1571 2 2 1 2 1295 1660 335
1572 2 2 1 2 1659 1660 1295
1573 2 2 1 2 428 1661 1663
1574 2 2 1 2 1661 114 1662
1575 2 2 1 2 1663 1662 429
1576 2 2 1 2 1661 1662 1663
1577 2 2 1 2 335 1664 1298
1578 2 2 1 2 1664 429 1665
1579 2 2 1 2 1298 1665 26
1580 2 2 1 2 1664 1665 1298
1581 2 2 1 2 428 1663 1660
1582 2 2 1 2 1663 429 1664
1583 2 2 1 2 1660 1664 335
1584 2 2 1 2 1663 1664 1660
1585 2 2 1 2 113 1652 1646
1586 2 2 1 2 1652 427 1666
1587 2 2 1 2 1646 1666 424
1588 2 2 1 2 1652 1666 1646
1589 2 2 1 2 427 1658 1667
1590 2 2 1 2 1658 114 1661
1591 2 2 1 2 1667 1661 428
1592 2 2 1 2 1658 1661 1667
1593 2 2 1 2 424 1668 1649
1594 2 2 1 2 1668 428 1659
1595 2 2 1 2 1649 1659 89
1596 2 2 1 2 1668 1659 1649
1597 2 2 1 2 427 1667 1666
1598 2 2 1 2 1667 428 1668
1599 2 2 1 2 1666 1668 424
1600 2 2 1 2 1667 1668 1666
1601 2 2 1 2 33 1669 1671
1602 2 2 1 2 1669 430 1670
1603 2 2 1 2 1671 1670 432
1604 2 2 1 2 1669 1670 1671
1605 2 2 1 2 430 1672 1674
1606 2 2 1 2 1672 115 1673
1607 2 2 1 2 1674 1673 431
1608 2 2 1 2 1672 1673 1674
1609 2 2 1 2 432 1675 1677
1610 2 2 1 2 1675 431 1676
1611 2 2 1 2 1677 1676 117
1612 2 2 1 2 1675 1676 1677
1613 2 2 1 2 430 1674 1670
1614 2 2 1 2 1674 431 1675
1615 2 2 1 2 1670 1675 432
1616 2 2 1 2 1674 1675 1670
1617 2 2 1 2 115 1678 1680
1618 2 2 1 2 1678 433 1679
1619 2 2 1 2 1680 1679 435
1620 2 2 1 2 1678 1679 1680
1621 2 2 1 2 433 1681 1683
1622 2 2 1 2 1681 11 1682
1623 2 2 1 2 1683 1682 434
1624 2 2 1 2 1681 1682 1683
1625 2 2 1 2 435 1684 1686
1626 2 2 1 2 1684 434 1685
1627 2 2 1 2 1686 1685 116
1628 2 2 1 2 1684 1685 1686
1629 2 2 1 2 433 1683 1679
1630 2 2 1 2 1683 434 1684
1631 2 2 1 2 1679 1684 435
1632 2 2 1 2 1683 1684 1679
1633 2 2 1 2 117 1687 1689
1634 2 2 1 2 1687 436 1688
1635 2 2 1 2 1689 1688 438
1636 2 2 1 2 1687 1688 1689
1637 2 2 1 2 436 1690 1692
1638 2 2 1 2 1690 116 1691
1639 2 2 1 2 1692 1691 437
1640 2 2 1 2 1690 1691 1692
1641 2 2 1 2 438 1693 1695
1642 2 2 1 2 1693 437 1694
1643 2 2 1 2 1695 1694 34
1644 2 2 1 2 1693 1694 1695
1645 2 2 1 2 436 1692 1688
1646 2 2 1 2 1692 437 1693
1647 2 2 1 2 1688 1693 438
1648 2 2 1 2 1692 1693 1688
1649 2 2 1 2 115 1680 1673
1650 2 2 1 2 1680 435 1696
1651 2 2 1 2 1673 1696 431
1652 2 2 1 2 1680 1696 1673
1653 2 2 1 2 435 1686 1697
1654 2 2 1 2 1686 116 1690
1655 2 2 1 2 1697 1690 436
1656 2 2 1 2 1686 1690 1697
1657 2 2 1 2 431 1698 1676
1658 2 2 1 2 1698 436 1687
1659 2 2 1 2 1676 1687 117
1660 2 2 1 2 1698 1687 1676
1661 2 2 1 2 435 1697 1696
1662 2 2 1 2 1697 436 1698
1663 2 2 1 2 1696 1698 431
1664 2 2 1 2 1697 1698 1696
1665 2 2 1 2 26 1699 1316
1666 2 2 1 2 1699 439 1700
1667 2 2 1 2 1316 1700 341
1668 2 2 1 2 1699 1700 1316
1669 2 2 1 2 439 1701 1703
1670 2 2 1 2 1701 118 1702
1671 2 2 1 2 1703 1702 440
1672 2 2 1 2 1701 1702 1703
1673 2 2 1 2 341 1704 1319
1674 2 2 1 2 1704 440 1705
1675 2 2 1 2 1319 1705 92
1676 2 2 1 2 1704 1705 1319
1677 2 2 1 2 439 1703 1700
1678 2 2 1 2 1703 440 1704
1679 2 2 1 2 1700 1704 341
1680 2 2 1 2 1703 1704 1700
1681 2 2 1 2 118 1706 1708
1682 2 2 1 2 1706 441 1707
1683 2 2 1 2 1708 1707 443
1684 2 2 1 2 1706 1707 1708
1685 2 2 1 2 441 1709 1711
1686 2 2 1 2 1709 34 1710
1687 2 2 1 2 1711 1710 442
1688 2 2 1 2 1709 1710 1711
1689 2 2 1 2 443 1712 1714
1690 2 2 1 2 1712 442 1713
1691 2 2 1 2 1714 1713 119
1692 2 2 1 2 1712 1713 1714
1693 2 2 1 2 441 1711 1707
1694 2 2 1 2 1711 442 1712
1695 2 2 1 2 1707 1712 443
1696 2 2 1 2 1711 1712 1707
1697 2 2 1 2 92 1715 1325
1698 2 2 1 2 1715 444 1716
1699 2 2 1 2 1325 1716 344
1700 2 2 1 2 1715 1716 1325
1701 2 2 1 2 444 1717 1719
1702 2 2 1 2 1717 119 1718
1703 2 2 1 2 1719 1718 445
1704 2 2 1 2 1717 1718 1719
1705 2 2 1 2 344 1720 1328
1706 2 2 1 2 1720 445 1721
1707 2 2 1 2 1328 1721 3
1708 2 2 1 2 1720 1721 1328
1709 2 2 1 2 444 1719 1716
1710 2 2 1 2 1719 445 1720
1711 2 2 1 2 1716 1720 344
1712 2 2 1 2 1719 1720 1716
1713 2 2 1 2 118 1708 1702
1714 2 2 1 2 1708 443 1722
1715 2 2 1 2 1702 1722 440
1716 2 2 1 2 1708 1722 1702
1717 2 2 1 2 443 1714 1723
1718 2 2 1 2 1714 119 1717
1719 2 2 1 2 1723 1717 444
1720 2 2 1 2 1714 1717 1723
1721 2 2 1 2 440 1724 1705
1722 2 2 1 2 1724 444 1715
1723 2 2 1 2 1705 1715 92
1724 2 2 1 2 1724 1715 1705
1725 2 2 1 2 443 1723 1722
1726 2 2 1 2 1723 444 1724
1727 2 2 1 2 1722 1724 440
1728 2 2 1 2 1723 1724 1722
1729 2 2 1 2 33 1671 1654
1730 2 2 1 2 1671 432 1725
1731 2 2 1 2 1654 1725 426
1732 2 2 1 2 1671 1725 1654
1733 2 2 1 2 432 1677 1727
1734 2 2 1 2 1677 117 1726
1735 2 2 1 2 1727 1726 446
1736 2 2 1 2 1677 1726 1727
1737 2 2 1 2 426 1728 1657
1738 2 2 1 2 1728 446 1729
1739 2 2 1 2 1657 1729 114
1740 2 2 1 2 1728 1729 1657
1741 2 2 1 2 432 1727 1725
1742 2 2 1 2 1727 446 1728
1743 2 2 1 2 1725 1728 426
1744 2 2 1 2 1727 1728 1725
1745 2 2 1 2 117 1689 1731
1746 2 2 1 2 1689 438 1730
1747 2 2 1 2 1731 1730 447
1748 2 2 1 2 1689 1730 1731
1749 2 2 1 2 438 1695 1732
1750 2 2 1 2 1695 34 1709
1751 2 2 1 2 1732 1709 441
1752 2 2 1 2 1695 1709 1732
1753 2 2 1 2 447 1733 1734
1754 2 2 1 2 1733 441 1706
1755 2 2 1 2 1734 1706 118
1756 2 2 1 2 1733 1706 1734
1757 2 2 1 2 438 1732 1730
1758 2 2 1 2 1732 441 1733
1759 2 2 1 2 1730 1733 447
1760 2 2 1 2 1732 1733 1730
1761 2 2 1 2 114 1735 1662
1762 2 2 1 2 1735 448 1736
1763 2 2 1 2 1662 1736 429
1764 2 2 1 2 1735 1736 1662
1765 2 2 1 2 448 1737 1738
1766 2 2 1 2 1737 118 1701
1767 2 2 1 2 1738 1701 439
1768 2 2 1 2 1737 1701 1738
1769 2 2 1 2 429 1739 1665
1770 2 2 1 2 1739 439 1699
1771 2 2 1 2 1665 1699 26
1772 2 2 1 2 1739 1699 1665
1773 2 2 1 2 448 1738 1736
1774 2 2 1 2 1738 439 1739
1775 2 2 1 2 1736 1739 429
1776 2 2 1 2 1738 1739 1736
1777 2 2 1 2 117 1731 1726
1778 2 2 1 2 1731 447 1740
1779 2 2 1 2 1726 1740 446
1780 2 2 1 2 1731 1740 1726
1781 2 2 1 2 447 1734 1741
1782 2 2 1 2 1734 118 1737
1783 2 2 1 2 1741 1737 448
1784 2 2 1 2 1734 1737 1741
1785 2 2 1 2 446 1742 1729
1786 2 2 1 2 1742 448 1735
1787 2 2 1 2 1729 1735 114
1788 2 2 1 2 1742 1735 1729
1789 2 2 1 2 447 1741 1740
1790 2 2 1 2 1741 448 1742
1791 2 2 1 2 1740 1742 446
1792 2 2 1 2 1741 1742 1740
1793 2 2 1 2 10 1537 1474
1794 2 2 1 2 1537 395 1743
1795 2 2 1 2 1474 1743 378
1796 2 2 1 2 1537 1743 1474
1797 2 2 1 2 395 1543 1745
1798 2 2 1 2 1543 106 1744
1799 2 2 1 2 1745 1744 449
1800 2 2 1 2 1543 1744 1745
1801 2 2 1 2 378 1746 1477
1802 2 2 1 2 1746 449 1747
1803 2 2 1 2 1477 1747 100
1804 2 2 1 2 1746 1747 1477
1805 2 2 1 2 395 1745 1743
1806 2 2 1 2 1745 449 1746
1807 2 2 1 2 1743 1746 378
1808 2 2 1 2 1745 1746 1743
1809 2 2 1 2 106 1555 1749
1810 2 2 1 2 1555 401 1748
1811 2 2 1 2 1749 1748 451
1812 2 2 1 2 1555 1748 1749
1813 2 2 1 2 401 1561 1751
1814 2 2 1 2 1561 32 1750
1815 2 2 1 2 1751 1750 450
1816 2 2 1 2 1561 1750 1751
1817 2 2 1 2 451 1752 1754
1818 2 2 1 2 1752 450 1753
1819 2 2 1 2 1754 1753 120
1820 2 2 1 2 1752 1753 1754
1821 2 2 1 2 401 1751 1748
1822 2 2 1 2 1751 450 1752
1823 2 2 1 2 1748 1752 451
1824 2 2 1 2 1751 1752 1748
1825 2 2 1 2 100 1755 1483
1826 2 2 1 2 1755 452 1756
1827 2 2 1 2 1483 1756 381
1828 2 2 1 2 1755 1756 1483
1829 2 2 1 2 452 1757 1759
1830 2 2 1 2 1757 120 1758
1831 2 2 1 2 1759 1758 453
1832 2 2 1 2 1757 1758 1759
1833 2 2 1 2 381 1760 1486
1834 2 2 1 2 1760 453 1761
1835 2 2 1 2 1486 1761 29
1836 2 2 1 2 1760 1761 1486
1837 2 2 1 2 452 1759 1756
1838 2 2 1 2 1759 453 1760
1839 2 2 1 2 1756 1760 381
1840 2 2 1 2 1759 1760 1756
1841 2 2 1 2 106 1749 1744
1842 2 2 1 2 1749 451 1762
1843 2 2 1 2 1744 1762 449
1844 2 2 1 2 1749 1762 1744
1845 2 2 1 2 451 1754 1763
1846 2 2 1 2 1754 120 1757
1847 2 2 1 2 1763 1757 452
1848 2 2 1 2 1754 1757 1763
1849 2 2 1 2 449 1764 1747
1850 2 2 1 2 1764 452 1755
1851 2 2 1 2 1747 1755 100
1852 2 2 1 2 1764 1755 1747
1853 2 2 1 2 451 1763 1762
1854 2 2 1 2 1763 452 1764
1855 2 2 1 2 1762 1764 449
1856 2 2 1 2 1763 1764 1762
1857 2 2 1 2 32 1597 1766
1858 2 2 1 2 1597 413 1765
1859 2 2 1 2 1766 1765 455
1860 2 2 1 2 1597 1765 1766
1861 2 2 1 2 413 1603 1768
1862 2 2 1 2 1603 112 1767
1863 2 2 1 2 1768 1767 454
1864 2 2 1 2 1603 1767 1768
1865 2 2 1 2 455 1769 1771
1866 2 2 1 2 1769 454 1770
1867 2 2 1 2 1771 1770 121
1868 2 2 1 2 1769 1770 1771
1869 2 2 1 2 413 1768 1765
1870 2 2 1 2 1768 454 1769
1871 2 2 1 2 1765 1769 455
1872 2 2 1 2 1768 1769 1765
1873 2 2 1 2 112 1615 1773
1874 2 2 1 2 1615 419 1772
1875 2 2 1 2 1773 1772 456
1876 2 2 1 2 1615 1772 1773
1877 2 2 1 2 419 1621 1774
1878 2 2 1 2 1621 11 1681
1879 2 2 1 2 1774 1681 433
1880 2 2 1 2 1621 1681 1774
1881 2 2 1 2 456 1775 1776
1882 2 2 1 2 1775 433 1678
1883 2 2 1 2 1776 1678 115
1884 2 2 1 2 1775 1678 1776
1885 2 2 1 2 419 1774 1772
1886 2 2 1 2 1774 433 1775
1887 2 2 1 2 1772 1775 456
1888 2 2 1 2 1774 1775 1772
1889 2 2 1 2 121 1777 1779
1890 2 2 1 2 1777 457 1778
1891 2 2 1 2 1779 1778 458
1892 2 2 1 2 1777 1778 1779
1893 2 2 1 2 457 1780 1781
1894 2 2 1 2 1780 115 1672
1895 2 2 1 2 1781 1672 430
1896 2 2 1 2 1780 1672 1781
1897 2 2 1 2 458 1782 1783
1898 2 2 1 2 1782 430 1669
1899 2 2 1 2 1783 1669 33
1900 2 2 1 2 1782 1669 1783
1901 2 2 1 2 457 1781 1778
1902 2 2 1 2 1781 430 1782
1903 2 2 1 2 1778 1782 458
1904 2 2 1 2 1781 1782 1778
1905 2 2 1 2 112 1773 1767
1906 2 2 1 2 1773 456 1784
1907 2 2 1 2 1767 1784 454
1908 2 2 1 2 1773 1784 1767
1909 2 2 1 2 456 1776 1785
1910 2 2 1 2 1776 115 1780
1911 2 2 1 2 1785 1780 457
1912 2 2 1 2 1776 1780 1785
1913 2 2 1 2 454 1786 1770
1914 2 2 1 2 1786 457 1777
1915 2 2 1 2 1770 1777 121
1916 2 2 1 2 1786 1777 1770
1917 2 2 1 2 456 1785 1784
1918 2 2 1 2 1785 457 1786
1919 2 2 1 2 1784 1786 454
1920 2 2 1 2 1785 1786 1784
1921 2 2 1 2 29 1787 1502
1922 2 2 1 2 1787 459 1788
1923 2 2 1 2 1502 1788 386
1924 2 2 1 2 1787 1788 1502
1925 2 2 1 2 459 1789 1791
1926 2 2 1 2 1789 122 1790
1927 2 2 1 2 1791 1790 460
1928 2 2 1 2 1789 1790 1791
1929 2 2 1 2 386 1792 1505
1930 2 2 1 2 1792 460 1793
1931 2 2 1 2 1505 1793 103
1932 2 2 1 2 1792 1793 1505
1933 2 2 1 2 459 1791 1788
1934 2 2 1 2 1791 460 1792
1935 2 2 1 2 1788 1792 386
1936 2 2 1 2 1791 1792 1788
1937 2 2 1 2 122 1794 1796
1938 2 2 1 2 1794 461 1795
1939 2 2 1 2 1796 1795 462
1940 2 2 1 2 1794 1795 1796
1941 2 2 1 2 461 1797 1798
1942 2 2 1 2 1797 33 1653
1943 2 2 1 2 1798 1653 425
1944 2 2 1 2 1797 1653 1798
1945 2 2 1 2 462 1799 1800
1946 2 2 1 2 1799 425 1650
1947 2 2 1 2 1800 1650 113
1948 2 2 1 2 1799 1650 1800
1949 2 2 1 2 461 1798 1795
1950 2 2 1 2 1798 425 1799
1951 2 2 1 2 1795 1799 462
1952 2 2 1 2 1798 1799 1795
1953 2 2 1 2 103 1801 1510
1954 2 2 1 2 1801 463 1802
1955 2 2 1 2 1510 1802 389
1956 2 2 1 2 1801 1802 1510
1957 2 2 1 2 463 1803 1804
1958 2 2 1 2 1803 113 1645
1959 2 2 1 2 1804 1645 423
1960 2 2 1 2 1803 1645 1804
1961 2 2 1 2 389 1805 1513
1962 2 2 1 2 1805 423 1643
1963 2 2 1 2 1513 1643 8
1964 2 2 1 2 1805 1643 1513
1965 2 2 1 2 463 1804 1802
1966 2 2 1 2 1804 423 1805
1967 2 2 1 2 1802 1805 389
1968 2 2 1 2 1804 1805 1802
1969 2 2 1 2 122 1796 1790
1970 2 2 1 2 1796 462 1806
1971 2 2 1 2 1790 1806 460
1972 2 2 1 2 1796 1806 1790
1973 2 2 1 2 462 1800 1807
1974 2 2 1 2 1800 113 1803
1975 2 2 1 2 1807 1803 463
1976 2 2 1 2 1800 1803 1807
1977 2 2 1 2 460 1808 1793
1978 2 2 1 2 1808 463 1801
1979 2 2 1 2 1793 1801 103
1980 2 2 1 2 1808 1801 1793
1981 2 2 1 2 462 1807 1806
1982 2 2 1 2 1807 463 1808
1983 2 2 1 2 1806 1808 460
1984 2 2 1 2 1807 1808 1806
1985 2 2 1 2 32 1766 1750
1986 2 2 1 2 1766 455 1809
1987 2 2 1 2 1750 1809 450
1988 2 2 1 2 1766 1809 1750
1989 2 2 1 2 455 1771 1811
1990 2 2 1 2 1771 121 1810
1991 2 2 1 2 1811 1810 464
1992 2 2 1 2 1771 1810 1811
1993 2 2 1 2 450 1812 1753
1994 2 2 1 2 1812 464 1813
1995 2 2 1 2 1753 1813 120
1996 2 2 1 2 1812 1813 1753
1997 2 2 1 2 455 1811 1809
1998 2 2 1 2 1811 464 1812
1999 2 2 1 2 1809 1812 450
2000 2 2 1 2 1811 1812 1809
2001 2 2 1 2 121 1779 1815
2002 2 2 1 2 1779 458 1814
2003 2 2 1 2 1815 1814 465
2004 2 2 1 2 1779 1814 1815
2005 2 2 1 2 458 1783 1816
2006 2 2 1 2 1783 33 1797
2007 2 2 1 2 1816 1797 461
2008 2 2 1 2 1783 1797 1816
2009 2 2 1 2 465 1817 1818
2010 2 2 1 2 1817 461 1794
2011 2 2 1 2 1818 1794 122
2012 2 2 1 2 1817 1794 1818
2013 2 2 1 2 458 1816 1814
2014 2 2 1 2 1816 461 1817
2015 2 2 1 2 1814 1817 465
2016 2 2 1 2 1816 1817 1814
2017 2 2 1 2 120 1819 1758
2018 2 2 1 2 1819 466 1820
2019 2 2 1 2 1758 1820 453
2020 2 2 1 2 1819 1820 1758
2021 2 2 1 2 466 1821 1822
2022 2 2 1 2 1821 122 1789
2023 2 2 1 2 1822 1789 459
2024 2 2 1 2 1821 1789 1822
2025 2 2 1 2 453 1823 1761
2026 2 2 1 2 1823 459 1787
2027 2 2 1 2 1761 1787 29
2028 2 2 1 2 1823 1787 1761
2029 2 2 1 2 466 1822 1820
2030 2 2 1 2 1822 459 1823
2031 2 2 1 2 1820 1823 453
2032 2 2 1 2 1822 1823 1820
2033 2 2 1 2 121 1815 1810
2034 2 2 1 2 1815 465 1824
2035 2 2 1 2 1810 1824 464
2036 2 2 1 2 1815 1824 1810
2037 2 2 1 2 465 1818 1825
2038 2 2 1 2 1818 122 1821
2039 2 2 1 2 1825 1821 466
2040 2 2 1 2 1818 1821 1825
2041 2 2 1 2 464 1826 1813
2042 2 2 1 2 1826 466 1819
2043 2 2 1 2 1813 1819 120
2044 2 2 1 2 1826 1819 1813
2045 2 2 1 2 465 1825 1824
2046 2 2 1 2 1825 466 1826
2047 2 2 1 2 1824 1826 464
2048 2 2 1 2 1825 1826 1824
2049 2 2 1 2 4 1827 1578
2050 2 2 1 2 1827 467 1828
2051 2 2 1 2 1578 1828 406
2052 2 2 1 2 1827 1828 1578
2053 2 2 1 2 467 1829 1831
2054 2 2 1 2 1829 123 1830
2055 2 2 1 2 1831 1830 468
2056 2 2 1 2 1829 1830 1831
2057 2 2 1 2 406 1832 1581
2058 2 2 1 2 1832 468 1833
2059 2 2 1 2 1581 1833 108
2060 2 2 1 2 1832 1833 1581
2061 2 2 1 2 467 1831 1828
2062 2 2 1 2 1831 468 1832
2063 2 2 1 2 1828 1832 406
2064 2 2 1 2 1831 1832 1828
2065 2 2 1 2 123 1834 1836
2066 2 2 1 2 1834 469 1835
2067 2 2 1 2 1836 1835 471
2068 2 2 1 2 1834 1835 1836
2069 2 2 1 2 469 1837 1839
2070 2 2 1 2 1837 35 1838
2071 2 2 1 2 1839 1838 470
2072 2 2 1 2 1837 1838 1839
2073 2 2 1 2 471 1840 1842
2074 2 2 1 2 1840 470 1841
2075 2 2 1 2 1842 1841 124
2076 2 2 1 2 1840 1841 1842
2077 2 2 1 2 469 1839 1835
2078 2 2 1 2 1839 470 1840
2079 2 2 1 2 1835 1840 471
2080 2 2 1 2 1839 1840 1835
2081 2 2 1 2 108 1843 1587
2082 2 2 1 2 1843 472 1844
2083 2 2 1 2 1587 1844 409
2084 2 2 1 2 1843 1844 1587
2085 2 2 1 2 472 1845 1847
2086 2 2 1 2 1845 124 1846
2087 2 2 1 2 1847 1846 473
2088 2 2 1 2 1845 1846 1847
2089 2 2 1 2 409 1848 1590
2090 2 2 1 2 1848 473 1849
2091 2 2 1 2 1590 1849 31
2092 2 2 1 2 1848 1849 1590
2093 2 2 1 2 472 1847 1844
2094 2 2 1 2 1847 473 1848
2095 2 2 1 2 1844 1848 409
2096 2 2 1 2 1847 1848 1844
2097 2 2 1 2 123 1836 1830
2098 2 2 1 2 1836 471 1850
2099 2 2 1 2 1830 1850 468
2100 2 2 1 2 1836 1850 1830
2101 2 2 1 2 471 1842 1851
2102 2 2 1 2 1842 124 1845
2103 2 2 1 2 1851 1845 472
2104 2 2 1 2 1842 1845 1851
2105 2 2 1 2 468 1852 1833
2106 2 2 1 2 1852 472 1843
2107 2 2 1 2 1833 1843 108
2108 2 2 1 2 1852 1843 1833
2109 2 2 1 2 471 1851 1850
2110 2 2 1 2 1851 472 1852
2111 2 2 1 2 1850 1852 468
2112 2 2 1 2 1851 1852 1850
2113 2 2 1 2 35 1853 1855
2114 2 2 1 2 1853 474 1854
2115 2 2 1 2 1855 1854 476
2116 2 2 1 2 1853 1854 1855
2117 2 2 1 2 474 1856 1858
2118 2 2 1 2 1856 125 1857
2119 2 2 1 2 1858 1857 475
2120 2 2 1 2 1856 1857 1858
2121 2 2 1 2 476 1859 1861
2122 2 2 1 2 1859 475 1860
2123 2 2 1 2 1861 1860 127
2124 2 2 1 2 1859 1860 1861
2125 2 2 1 2 474 1858 1854
2126 2 2 1 2 1858 475 1859
2127 2 2 1 2 1854 1859 476
2128 2 2 1 2 1858 1859 1854
2129 2 2 1 2 125 1862 1864
2130 2 2 1 2 1862 477 1863
2131 2 2 1 2 1864 1863 479
2132 2 2 1 2 1862 1863 1864
2133 2 2 1 2 477 1865 1867
2134 2 2 1 2 1865 12 1866
2135 2 2 1 2 1867 1866 478
2136 2 2 1 2 1865 1866 1867
2137 2 2 1 2 479 1868 1870
2138 2 2 1 2 1868 478 1869
2139 2 2 1 2 1870 1869 126
2140 2 2 1 2 1868 1869 1870
2141 2 2 1 2 477 1867 1863
2142 2 2 1 2 1867 478 1868
2143 2 2 1 2 1863 1868 479
2144 2 2 1 2 1867 1868 1863
2145 2 2 1 2 127 1871 1873
2146 2 2 1 2 1871 480 1872
2147 2 2 1 2 1873 1872 482
2148 2 2 1 2 1871 1872 1873
2149 2 2 1 2 480 1874 1876
2150 2 2 1 2 1874 126 1875
2151 2 2 1 2 1876 1875 481
2152 2 2 1 2 1874 1875 1876
2153 2 2 1 2 482 1877 1879
2154 2 2 1 2 1877 481 1878
2155 2 2 1 2 1879 1878 36
2156 2 2 1 2 1877 1878 1879
2157 2 2 1 2 480 1876 1872
2158 2 2 1 2 1876 481 1877
2159 2 2 1 2 1872 1877 482
2160 2 2 1 2 1876 1877 1872
2161 2 2 1 2 125 1864 1857
2162 2 2 1 2 1864 479 1880
2163 2 2 1 2 1857 1880 475
2164 2 2 1 2 1864 1880 1857
2165 2 2 1 2 479 1870 1881
2166 2 2 1 2 1870 126 1874
2167 2 2 1 2 1881 1874 480
2168 2 2 1 2 1870 1874 1881
2169 2 2 1 2 475 1882 1860
2170 2 2 1 2 1882 480 1871
2171 2 2 1 2 1860 1871 127
2172 2 2 1 2 1882 1871 1860
2173 2 2 1 2 479 1881 1880
2174 2 2 1 2 1881 480 1882
2175 2 2 1 2 1880 1882 475
2176 2 2 1 2 1881 1882 1880
2177 2 2 1 2 31 1883 1608
2178 2 2 1 2 1883 483 1884
2179 2 2 1 2 1608 1884 415
2180 2 2 1 2 1883 1884 1608
2181 2 2 1 2 483 1885 1887
2182 2 2 1 2 1885 128 1886
2183 2 2 1 2 1887 1886 484
2184 2 2 1 2 1885 1886 1887
2185 2 2 1 2 415 1888 1611
2186 2 2 1 2 1888 484 1889
2187 2 2 1 2 1611 1889 111
2188 2 2 1 2 1888 1889 1611
2189 2 2 1 2 483 1887 1884
2190 2 2 1 2 1887 484 1888
2191 2 2 1 2 1884 1888 415
2192 2 2 1 2 1887 1888 1884
2193 2 2 1 2 128 1890 1892
2194 2 2 1 2 1890 485 1891
2195 2 2 1 2 1892 1891 487
2196 2 2 1 2 1890 1891 1892
2197 2 2 1 2 485 1893 1895
2198 2 2 1 2 1893 36 1894
2199 2 2 1 2 1895 1894 486
2200 2 2 1 2 1893 1894 1895
2201 2 2 1 2 487 1896 1898
2202 2 2 1 2 1896 486 1897
2203 2 2 1 2 1898 1897 129
2204 2 2 1 2 1896 1897 1898
2205 2 2 1 2 485 1895 1891
2206 2 2 1 2 1895 486 1896
2207 2 2 1 2 1891 1896 487
2208 2 2 1 2 1895 1896 1891
2209 2 2 1 2 111 1899 1617
2210 2 2 1 2 1899 488 1900
2211 2 2 1 2 1617 1900 418
2212 2 2 1 2 1899 1900 1617
2213 2 2 1 2 488 1901 1903
2214 2 2 1 2 1901 129 1902
2215 2 2 1 2 1903 1902 489
2216 2 2 1 2 1901 1902 1903
2217 2 2 1 2 418 1904 1620
2218 2 2 1 2 1904 489 1905
2219 2 2 1 2 1620 1905 11
2220 2 2 1 2 1904 1905 1620
2221 2 2 1 2 488 1903 1900
2222 2 2 1 2 1903 489 1904
2223 2 2 1 2 1900 1904 418
2224 2 2 1 2 1903 1904 1900
2225 2 2 1 2 128 1892 1886
2226 2 2 1 2 1892 487 1906
2227 2 2 1 2 1886 1906 484
2228 2 2 1 2 1892 1906 1886
2229 2 2 1 2 487 1898 1907
2230 2 2 1 2 1898 129 1901
2231 2 2 1 2 1907 1901 488
2232 2 2 1 2 1898 1901 1907
2233 2 2 1 2 484 1908 1889
2234 2 2 1 2 1908 488 1899
2235 2 2 1 2 1889 1899 111
2236 2 2 1 2 1908 1899 1889
2237 2 2 1 2 487 1907 1906
2238 2 2 1 2 1907 488 1908
2239 2 2 1 2 1906 1908 484
2240 2 2 1 2 1907 1908 1906
2241 2 2 1 2 35 1855 1838
2242 2 2 1 2 1855 476 1909
2243 2 2 1 2 1838 1909 470
2244 2 2 1 2 1855 1909 1838
2245 2 2 1 2 476 1861 1911
2246 2 2 1 2 1861 127 1910
2247 2 2 1 2 1911 1910 490
2248 2 2 1 2 1861 1910 1911
2249 2 2 1 2 470 1912 1841
2250 2 2 1 2 1912 490 1913
2251 2 2 1 2 1841 1913 124
2252 2 2 1 2 1912 1913 1841
2253 2 2 1 2 476 1911 1909
2254 2 2 1 2 1911 490 1912
2255 2 2 1 2 1909 1912 470
2256 2 2 1 2 1911 1912 1909
2257 2 2 1 2 127 1873 1915
2258 2 2 1 2 1873 482 1914
2259 2 2 1 2 1915 1914 491
2260 2 2 1 2 1873 1914 1915
2261 2 2 1 2 482 1879 1916
2262 2 2 1 2 1879 36 1893
2263 2 2 1 2 1916 1893 485
2264 2 2 1 2 1879 1893 1916
2265 2 2 1 2 491 1917 1918
2266 2 2 1 2 1917 485 1890
2267 2 2 1 2 1918 1890 128
2268 2 2 1 2 1917 1890 1918
2269 2 2 1 2 482 1916 1914
2270 2 2 1 2 1916 485 1917
2271 2 2 1 2 1914 1917 491
2272 2 2 1 2 1916 1917 1914
2273 2 2 1 2 124 1919 1846
2274 2 2 1 2 1919 492 1920
2275 2 2 1 2 1846 1920 473
2276 2 2 1 2 1919 1920 1846
2277 2 2 1 2 492 1921 1922
2278 2 2 1 2 1921 128 1885
2279 2 2 1 2 1922 1885 483
2280 2 2 1 2 1921 1885 1922
2281 2 2 1 2 473 1923 1849
2282 2 2 1 2 1923 483 1883
2283 2 2 1 2 1849 1883 31
2284 2 2 1 2 1923 1883 1849
2285 2 2 1 2 492 1922 1920
2286 2 2 1 2 1922 483 1923
2287 2 2 1 2 1920 1923 473
2288 2 2 1 2 1922 1923 1920
2289 2 2 1 2 127 1915 1910
2290 2 2 1 2 1915 491 1924
2291 2 2 1 2 1910 1924 490
2292 2 2 1 2 1915 1924 1910
2293 2 2 1 2 491 1918 1925
2294 2 2 1 2 1918 128 1921
2295 2 2 1 2 1925 1921 492
2296 2 2 1 2 1918 1921 1925
2297 2 2 1 2 490 1926 1913
2298 2 2 1 2 1926 492 1919
2299 2 2 1 2 1913 1919 124
2300 2 2 1 2 1926 1919 1913
2301 2 2 1 2 491 1925 1924
2302 2 2 1 2 1925 492 1926
2303 2 2 1 2 1924 1926 490
2304 2 2 1 2 1925 1926 1924
2305 2 2 1 2 12 1927 1929
2306 2 2 1 2 1927 493 1928
2307 2 2 1 2 1929 1928 495
2308 2 2 1 2 1927 1928 1929
2309 2 2 1 2 493 1930 1932
2310 2 2 1 2 1930 130 1931
2311 2 2 1 2 1932 1931 494
2312 2 2 1 2 1930 1931 1932
2313 2 2 1 2 495 1933 1935
2314 2 2 1 2 1933 494 1934
2315 2 2 1 2 1935 1934 132
2316 2 2 1 2 1933 1934 1935
2317 2 2 1 2 493 1932 1928
2318 2 2 1 2 1932 494 1933
2319 2 2 1 2 1928 1933 495
2320 2 2 1 2 1932 1933 1928
2321 2 2 1 2 130 1936 1938
2322 2 2 1 2 1936 496 1937
2323 2 2 1 2 1938 1937 498
2324 2 2 1 2 1936 1937 1938
2325 2 2 1 2 496 1939 1941
2326 2 2 1 2 1939 37 1940
2327 2 2 1 2 1941 1940 497
2328 2 2 1 2 1939 1940 1941
2329 2 2 1 2 498 1942 1944
2330 2 2 1 2 1942 497 1943
2331 2 2 1 2 1944 1943 131
2332 2 2 1 2 1942 1943 1944
2333 2 2 1 2 496 1941 1937
2334 2 2 1 2 1941 497 1942
2335 2 2 1 2 1937 1942 498
2336 2 2 1 2 1941 1942 1937
2337 2 2 1 2 132 1945 1947
2338 2 2 1 2 1945 499 1946
2339 2 2 1 2 1947 1946 501
2340 2 2 1 2 1945 1946 1947
2341 2 2 1 2 499 1948 1950
2342 2 2 1 2 1948 131 1949
2343 2 2 1 2 1950 1949 500
2344 2 2 1 2 1948 1949 1950
2345 2 2 1 2 501 1951 1953
2346 2 2 1 2 1951 500 1952
2347 2 2 1 2 1953 1952 39
2348 2 2 1 2 1951 1952 1953
2349 2 2 1 2 499 1950 1946
2350 2 2 1 2 1950 500 1951
2351 2 2 1 2 1946 1951 501
2352 2 2 1 2 1950 1951 1946
2353 2 2 1 2 130 1938 1931
2354 2 2 1 2 1938 498 1954
2355 2 2 1 2 1931 1954 494
2356 2 2 1 2 1938 1954 1931
2357 2 2 1 2 498 1944 1955
2358 2 2 1 2 1944 131 1948
2359 2 2 1 2 1955 1948 499
2360 2 2 1 2 1944 1948 1955
2361 2 2 1 2 494 1956 1934
2362 2 2 1 2 1956 499 1945
2363 2 2 1 2 1934 1945 132
2364 2 2 1 2 1956 1945 1934
2365 2 2 1 2 498 1955 1954
2366 2 2 1 2 1955 499 1956
2367 2 2 1 2 1954 1956 494
2368 2 2 1 2 1955 1956 1954
2369 2 2 1 2 37 1957 1959
2370 2 2 1 2 1957 502 1958
2371 2 2 1 2 1959 1958 504
2372 2 2 1 2 1957 1958 1959
2373 2 2 1 2 502 1960 1962
2374 2 2 1 2 1960 133 1961
2375 2 2 1 2 1962 1961 503
2376 2 2 1 2 1960 1961 1962
2377 2 2 1 2 504 1963 1965
2378 2 2 1 2 1963 503 1964
2379 2 2 1 2 1965 1964 135
2380 2 2 1 2 1963 1964 1965
2381 2 2 1 2 502 1962 1958
2382 2 2 1 2 1962 503 1963
2383 2 2 1 2 1958 1963 504
2384 2 2 1 2 1962 1963 1958
2385 2 2 1 2 133 1966 1968
2386 2 2 1 2 1966 505 1967
2387 2 2 1 2 1968 1967 507
2388 2 2 1 2 1966 1967 1968
2389 2 2 1 2 505 1969 1971
2390 2 2 1 2 1969 5 1970
2391 2 2 1 2 1971 1970 506
2392 2 2 1 2 1969 1970 1971
2393 2 2 1 2 507 1972 1974
2394 2 2 1 2 1972 506 1973
2395 2 2 1 2 1974 1973 134
2396 2 2 1 2 1972 1973 1974
2397 2 2 1 2 505 1971 1967
2398 2 2 1 2 1971 506 1972
2399 2 2 1 2 1967 1972 507
2400 2 2 1 2 1971 1972 1967
2401 2 2 1 2 135 1975 1977
2402 2 2 1 2 1975 508 1976
2403 2 2 1 2 1977 1976 510
2404 2 2 1 2 1975 1976 1977
2405 2 2 1 2 508 1978 1980
2406 2 2 1 2 1978 134 1979
2407 2 2 1 2 1980 1979 509
2408 2 2 1 2 1978 1979 1980
2409 2 2 1 2 510 1981 1983
2410 2 2 1 2 1981 509 1982
2411 2 2 1 2 1983 1982 38
2412 2 2 1 2 1981 1982 1983
2413 2 2 1 2 508 1980 1976
2414 2 2 1 2 1980 509 1981
2415 2 2 1 2 1976 1981 510
2416 2 2 1 2 1980 1981 1976
2417 2 2 1 2 133 1968 1961
2418 2 2 1 2 1968 507 1984
2419 2 2 1 2 1961 1984 503
2420 2 2 1 2 1968 1984 1961
2421 2 2 1 2 507 1974 1985
2422 2 2 1 2 1974 134 1978
2423 2 2 1 2 1985 1978 508
2424 2 2 1 2 1974 1978 1985
2425 2 2 1 2 503 1986 1964
2426 2 2 1 2 1986 508 1975
2427 2 2 1 2 1964 1975 135
2428 2 2 1 2 1986 1975 1964
2429 2 2 1 2 507 1985 1984
2430 2 2 1 2 1985 508 1986
2431 2 2 1 2 1984 1986 503
2432 2 2 1 2 1985 1986 1984
2433 2 2 1 2 39 1987 1989
2434 2 2 1 2 1987 511 1988
2435 2 2 1 2 1989 1988 513
2436 2 2 1 2 1987 1988 1989
2437 2 2 1 2 511 1990 1992
2438 2 2 1 2 1990 136 1991
2439 2 2 1 2 1992 1991 512
2440 2 2 1 2 1990 1991 1992
2441 2 2 1 2 513 1993 1995
2442 2 2 1 2 1993 512 1994
2443 2 2 1 2 1995 1994 138
2444 2 2 1 2 1993 1994 1995
2445 2 2 1 2 511 1992 1988
2446 2 2 1 2 1992 512 1993
2447 2 2 1 2 1988 1993 513
2448 2 2 1 2 1992 1993 1988
2449 2 2 1 2 136 1996 1998
2450 2 2 1 2 1996 514 1997
2451 2 2 1 2 1998 1997 516
2452 2 2 1 2 1996 1997 1998
2453 2 2 1 2 514 1999 2001
2454 2 2 1 2 1999 38 2000
2455 2 2 1 2 2001 2000 515
2456 2 2 1 2 1999 2000 2001
2457 2 2 1 2 516 2002 2004
2458 2 2 1 2 2002 515 2003
2459 2 2 1 2 2004 2003 137
2460 2 2 1 2 2002 2003 2004
2461 2 2 1 2 514 2001 1997
2462 2 2 1 2 2001 515 2002
2463 2 2 1 2 1997 2002 516
2464 2 2 1 2 2001 2002 1997
2465 2 2 1 2 138 2005 2007
2466 2 2 1 2 2005 517 2006
2467 2 2 1 2 2007 2006 519
2468 2 2 1 2 2005 2006 2007
2469 2 2 1 2 517 2008 2010
2470 2 2 1 2 2008 137 2009
2471 2 2 1 2 2010 2009 518
2472 2 2 1 2 2008 2009 2010
2473 2 2 1 2 519 2011 2013
2474 2 2 1 2 2011 518 2012
2475 2 2 1 2 2013 2012 13
2476 2 2 1 2 2011 2012 2013
2477 2 2 1 2 517 2010 2006
2478 2 2 1 2 2010 518 2011
2479 2 2 1 2 2006 2011 519
2480 2 2 1 2 2010 2011 2006
2481 2 2 1 2 136 1998 1991
2482 2 2 1 2 1998 516 2014
2483 2 2 1 2 1991 2014 512
2484 2 2 1 2 1998 2014 1991
2485 2 2 1 2 516 2004 2015
2486 2 2 1 2 2004 137 2008
2487 2 2 1 2 2015 2008 517
2488 2 2 1 2 2004 2008 2015
2489 2 2 1 2 512 2016 1994
2490 2 2 1 2 2016 517 2005
2491 2 2 1 2 1994 2005 138
2492 2 2 1 2 2016 2005 1994
2493 2 2 1 2 516 2015 2014
2494 2 2 1 2 2015 517 2016
2495 2 2 1 2 2014 2016 512
2496 2 2 1 2 2015 2016 2014
2497 2 2 1 2 37 1959 1940
2498 2 2 1 2 1959 504 2017
2499 2 2 1 2 1940 2017 497
2500 2 2 1 2 1959 2017 1940
2501 2 2 1 2 504 1965 2019
2502 2 2 1 2 1965 135 2018
2503 2 2 1 2 2019 2018 520
2504 2 2 1 2 1965 2018 2019
2505 2 2 1 2 497 2020 1943
2506 2 2 1 2 2020 520 2021
2507 2 2 1 2 1943 2021 131
2508 2 2 1 2 2020 2021 1943
2509 2 2 1 2 504 2019 2017
2510 2 2 1 2 2019 520 2020
2511 2 2 1 2 2017 2020 497
2512 2 2 1 2 2019 2020 2017
2513 2 2 1 2 135 1977 2023
2514 2 2 1 2 1977 510 2022
2515 2 2 1 2 2023 2022 521
2516 2 2 1 2 1977 2022 2023
2517 2 2 1 2 510 1983 2024
2518 2 2 1 2 1983 38 1999
2519 2 2 1 2 2024 1999 514
2520 2 2 1 2 1983 1999 2024
2521 2 2 1 2 521 2025 2026
2522 2 2 1 2 2025 514 1996
2523 2 2 1 2 2026 1996 136
2524 2 2 1 2 2025 1996 2026
2525 2 2 1 2 510 2024 2022
2526 2 2 1 2 2024 514 2025
2527 2 2 1 2 2022 2025 521
2528 2 2 1 2 2024 2025 2022
2529 2 2 1 2 131 2027 1949
2530 2 2 1 2 2027 522 2028
2531 2 2 1 2 1949 2028 500
2532 2 2 1 2 2027 2028 1949
2533 2 2 1 2 522 2029 2030
2534 2 2 1 2 2029 136 1990
2535 2 2 1 2 2030 1990 511
2536 2 2 1 2 2029 1990 2030
2537 2 2 1 2 500 2031 1952
2538 2 2 1 2 2031 511 1987
2539 2 2 1 2 1952 1987 39
2540 2 2 1 2 2031 1987 1952
2541 2 2 1 2 522 2030 2028
2542 2 2 1 2 2030 511 2031
2543 2 2 1 2 2028 2031 500
2544 2 2 1 2 2030 2031 2028
2545 2 2 1 2 135 2023 2018
2546 2 2 1 2 2023 521 2032
2547 2 2 1 2 2018 2032 520
2548 2 2 1 2 2023 2032 2018
2549 2 2 1 2 521 2026 2033
2550 2 2 1 2 2026 136 2029
2551 2 2 1 2 2033 2029 522
2552 2 2 1 2 2026 2029 2033
2553 2 2 1 2 520 2034 2021
2554 2 2 1 2 2034 522 2027
2555 2 2 1 2 2021 2027 131
2556 2 2 1 2 2034 2027 2021
2557 2 2 1 2 521 2033 2032
2558 2 2 1 2 2033 522 2034
2559 2 2 1 2 2032 2034 520
2560 2 2 1 2 2033 2034 2032
2561 2 2 1 2 11 2035 1682
2562 2 2 1 2 2035 523 2036
2563 2 2 1 2 1682 2036 434
2564 2 2 1 2 2035 2036 1682
2565 2 2 1 2 523 2037 2039
2566 2 2 1 2 2037 139 2038
2567 2 2 1 2 2039 2038 524
2568 2 2 1 2 2037 2038 2039
2569 2 2 1 2 434 2040 1685
2570 2 2 1 2 2040 524 2041
2571 2 2 1 2 1685 2041 116
2572 2 2 1 2 2040 2041 1685
2573 2 2 1 2 523 2039 2036
2574 2 2 1 2 2039 524 2040
2575 2 2 1 2 2036 2040 434
2576 2 2 1 2 2039 2040 2036
2577 2 2 1 2 139 2042 2044
2578 2 2 1 2 2042 525 2043
2579 2 2 1 2 2044 2043 527
2580 2 2 1 2 2042 2043 2044
2581 2 2 1 2 525 2045 2047
2582 2 2 1 2 2045 40 2046
2583 2 2 1 2 2047 2046 526
2584 2 2 1 2 2045 2046 2047
2585 2 2 1 2 527 2048 2050
2586 2 2 1 2 2048 526 2049
2587 2 2 1 2 2050 2049 140
2588 2 2 1 2 2048 2049 2050
2589 2 2 1 2 525 2047 2043
2590 2 2 1 2 2047 526 2048
2591 2 2 1 2 2043 2048 527
2592 2 2 1 2 2047 2048 2043
2593 2 2 1 2 116 2051 1691
2594 2 2 1 2 2051 528 2052
2595 2 2 1 2 1691 2052 437
2596 2 2 1 2 2051 2052 1691
2597 2 2 1 2 528 2053 2055
2598 2 2 1 2 2053 140 2054
2599 2 2 1 2 2055 2054 529
2600 2 2 1 2 2053 2054 2055
2601 2 2 1 2 437 2056 1694
2602 2 2 1 2 2056 529 2057
2603 2 2 1 2 1694 2057 34
2604 2 2 1 2 2056 2057 1694
2605 2 2 1 2 528 2055 2052
2606 2 2 1 2 2055 529 2056
2607 2 2 1 2 2052 2056 437
2608 2 2 1 2 2055 2056 2052
2609 2 2 1 2 139 2044 2038
2610 2 2 1 2 2044 527 2058
2611 2 2 1 2 2038 2058 524
2612 2 2 1 2 2044 2058 2038
2613 2 2 1 2 527 2050 2059
2614 2 2 1 2 2050 140 2053
2615 2 2 1 2 2059 2053 528
2616 2 2 1 2 2050 2053 2059
2617 2 2 1 2 524 2060 2041
2618 2 2 1 2 2060 528 2051
2619 2 2 1 2 2041 2051 116
2620 2 2 1 2 2060 2051 2041
2621 2 2 1 2 527 2059 2058
2622 2 2 1 2 2059 528 2060
2623 2 2 1 2 2058 2060 524
2624 2 2 1 2 2059 2060 2058
2625 2 2 1 2 40 2061 2063
2626 2 2 1 2 2061 530 2062
2627 2 2 1 2 2063 2062 532
2628 2 2 1 2 2061 2062 2063
2629 2 2 1 2 530 2064 2066
2630 2 2 1 2 2064 141 2065
2631 2 2 1 2 2066 2065 531
2632 2 2 1 2 2064 2065 2066
2633 2 2 1 2 532 2067 2069
2634 2 2 1 2 2067 531 2068
2635 2 2 1 2 2069 2068 143
2636 2 2 1 2 2067 2068 2069
2637 2 2 1 2 530 2066 2062
2638 2 2 1 2 2066 531 2067
2639 2 2 1 2 2062 2067 532
2640 2 2 1 2 2066 2067 2062
2641 2 2 1 2 141 2070 2072
2642 2 2 1 2 2070 533 2071
2643 2 2 1 2 2072 2071 535
2644 2 2 1 2 2070 2071 2072
2645 2 2 1 2 533 2073 2075
2646 2 2 1 2 2073 13 2074
2647 2 2 1 2 2075 2074 534
2648 2 2 1 2 2073 2074 2075
2649 2 2 1 2 535 2076 2078
2650 2 2 1 2 2076 534 2077
2651 2 2 1 2 2078 2077 142
2652 2 2 1 2 2076 2077 2078
2653 2 2 1 2 533 2075 2071
2654 2 2 1 2 2075 534 2076
2655 2 2 1 2 2071 2076 535
2656 2 2 1 2 2075 2076 2071
2657 2 2 1 2 143 2079 2081
2658 2 2 1 2 2079 536 2080
2659 2 2 1 2 2081 2080 538
2660 2 2 1 2 2079 2080 2081
2661 2 2 1 2 536 2082 2084
2662 2 2 1 2 2082 142 2083
2663 2 2 1 2 2084 2083 537
2664 2 2 1 2 2082 2083 2084
2665 2 2 1 2 538 2085 2087
2666 2 2 1 2 2085 537 2086
2667 2 2 1 2 2087 2086 41
2668 2 2 1 2 2085 2086 2087
2669 2 2 1 2 536 2084 2080
2670 2 2 1 2 2084 537 2085
2671 2 2 1 2 2080 2085 538
2672 2 2 1 2 2084 2085 2080
2673 2 2 1 2 141 2072 2065
2674 2 2 1 2 2072 535 2088
2675 2 2 1 2 2065 2088 531
2676 2 2 1 2 2072 2088 2065
2677 2 2 1 2 535 2078 2089
2678 2 2 1 2 2078 142 2082
2679 2 2 1 2 2089 2082 536
2680 2 2 1 2 2078 2082 2089
2681 2 2 1 2 531 2090 2068
2682 2 2 1 2 2090 536 2079
2683 2 2 1 2 2068 2079 143
2684 2 2 1 2 2090 2079 2068
2685 2 2 1 2 535 2089 2088
2686 2 2 1 2 2089 536 2090
2687 2 2 1 2 2088 2090 531
2688 2 2 1 2 2089 2090 2088
2689 2 2 1 2 34 2091 1710
2690 2 2 1 2 2091 539 2092
2691 2 2 1 2 1710 2092 442
2692 2 2 1 2 2091 2092 1710
2693 2 2 1 2 539 2093 2095
2694 2 2 1 2 2093 144 2094
2695 2 2 1 2 2095 2094 540
2696 2 2 1 2 2093 2094 2095
2697 2 2 1 2 442 2096 1713
2698 2 2 1 2 2096 540 2097
2699 2 2 1 2 1713 2097 119
2700 2 2 1 2 2096 2097 1713
2701 2 2 1 2 539 2095 2092
2702 2 2 1 2 2095 540 2096
2703 2 2 1 2 2092 2096 442
2704 2 2 1 2 2095 2096 2092
2705 2 2 1 2 144 2098 2100
2706 2 2 1 2 2098 541 2099
2707 2 2 1 2 2100 2099 543
2708 2 2 1 2 2098 2099 2100
2709 2 2 1 2 541 2101 2103
2710 2 2 1 2 2101 41 2102
2711 2 2 1 2 2103 2102 542
2712 2 2 1 2 2101 2102 2103
2713 2 2 1 2 543 2104 2106
2714 2 2 1 2 2104 542 2105
2715 2 2 1 2 2106 2105 145
2716 2 2 1 2 2104 2105 2106
2717 2 2 1 2 541 2103 2099
2718 2 2 1 2 2103 542 2104
2719 2 2 1 2 2099 2104 543
2720 2 2 1 2 2103 2104 2099
2721 2 2 1 2 119 2107 1718
2722 2 2 1 2 2107 544 2108
2723 2 2 1 2 1718 2108 445
2724 2 2 1 2 2107 2108 1718
2725 2 2 1 2 544 2109 2111
2726 2 2 1 2 2109 145 2110
2727 2 2 1 2 2111 2110 545
2728 2 2 1 2 2109 2110 2111
2729 2 2 1 2 445 2112 1721
2730 2 2 1 2 2112 545 2113
2731 2 2 1 2 1721 2113 3
2732 2 2 1 2 2112 2113 1721
2733 2 2 1 2 544 2111 2108
2734 2 2 1 2 2111 545 2112
2735 2 2 1 2 2108 2112 445
2736 2 2 1 2 2111 2112 2108
2737 2 2 1 2 144 2100 2094
2738 2 2 1 2 2100 543 2114
2739 2 2 1 2 2094 2114 540
2740 2 2 1 2 2100 2114 2094
2741 2 2 1 2 543 2106 2115
2742 2 2 1 2 2106 145 2109
2743 2 2 1 2 2115 2109 544
2744 2 2 1 2 2106 2109 2115
2745 2 2 1 2 540 2116 2097
2746 2 2 1 2 2116 544 2107
2747 2 2 1 2 2097 2107 119
2748 2 2 1 2 2116 2107 2097
2749 2 2 1 2 543 2115 2114
2750 2 2 1 2 2115 544 2116
2751 2 2 1 2 2114 2116 540
2752 2 2 1 2 2115 2116 2114
2753 2 2 1 2 40 2063 2046
2754 2 2 1 2 2063 532 2117
2755 2 2 1 2 2046 2117 526
2756 2 2 1 2 2063 2117 2046
2757 2 2 1 2 532 2069 2119
2758 2 2 1 2 2069 143 2118
2759 2 2 1 2 2119 2118 546
2760 2 2 1 2 2069 2118 2119
2761 2 2 1 2 526 2120 2049
2762 2 2 1 2 2120 546 2121
2763 2 2 1 2 2049 2121 140
2764 2 2 1 2 2120 2121 2049
2765 2 2 1 2 532 2119 2117
2766 2 2 1 2 2119 546 2120
2767 2 2 1 2 2117 2120 526
2768 2 2 1 2 2119 2120 2117
2769 2 2 1 2 143 2081 2123
2770 2 2 1 2 2081 538 2122
2771 2 2 1 2 2123 2122 547
2772 2 2 1 2 2081 2122 2123
2773 2 2 1 2 538 2087 2124
2774 2 2 1 2 2087 41 2101
2775 2 2 1 2 2124 2101 541
2776 2 2 1 2 2087 2101 2124
2777 2 2 1 2 547 2125 2126
2778 2 2 1 2 2125 541 2098
2779 2 2 1 2 2126 2098 144
2780 2 2 1 2 2125 2098 2126
2781 2 2 1 2 538 2124 2122
2782 2 2 1 2 2124 541 2125
2783 2 2 1 2 2122 2125 547
2784 2 2 1 2 2124 2125 2122
2785 2 2 1 2 140 2127 2054
2786 2 2 1 2 2127 548 2128
2787 2 2 1 2 2054 2128 529
2788 2 2 1 2 2127 2128 2054
2789 2 2 1 2 548 2129 2130
2790 2 2 1 2 2129 144 2093
2791 2 2 1 2 2130 2093 539
2792 2 2 1 2 2129 2093 2130
2793 2 2 1 2 529 2131 2057
2794 2 2 1 2 2131 539 2091
2795 2 2 1 2 2057 2091 34
2796 2 2 1 2 2131 2091 2057
2797 2 2 1 2 548 2130 2128
2798 2 2 1 2 2130 539 2131
2799 2 2 1 2 2128 2131 529
2800 2 2 1 2 2130 2131 2128
2801 2 2 1 2 143 2123 2118
2802 2 2 1 2 2123 547 2132
2803 2 2 1 2 2118 2132 546
2804 2 2 1 2 2123 2132 2118
2805 2 2 1 2 547 2126 2133
2806 2 2 1 2 2126 144 2129
2807 2 2 1 2 2133 2129 548
2808 2 2 1 2 2126 2129 2133
2809 2 2 1 2 546 2134 2121
2810 2 2 1 2 2134 548 2127
2811 2 2 1 2 2121 2127 140
2812 2 2 1 2 2134 2127 2121
2813 2 2 1 2 547 2133 2132
2814 2 2 1 2 2133 548 2134
2815 2 2 1 2 2132 2134 546
2816 2 2 1 2 2133 2134 2132
2817 2 2 1 2 12 1929 1866
2818 2 2 1 2 1929 495 2135
2819 2 2 1 2 1866 2135 478
2820 2 2 1 2 1929 2135 1866
2821 2 2 1 2 495 1935 2137
2822 2 2 1 2 1935 132 2136
2823 2 2 1 2 2137 2136 549
2824 2 2 1 2 1935 2136 2137
2825 2 2 1 2 478 2138 1869
2826 2 2 1 2 2138 549 2139
2827 2 2 1 2 1869 2139 126
2828 2 2 1 2 2138 2139 1869
2829 2 2 1 2 495 2137 2135
2830 2 2 1 2 2137 549 2138
2831 2 2 1 2 2135 2138 478
2832 2 2 1 2 2137 2138 2135
2833 2 2 1 2 132 1947 2141
2834 2 2 1 2 1947 501 2140
2835 2 2 1 2 2141 2140 551
2836 2 2 1 2 1947 2140 2141
2837 2 2 1 2 501 1953 2143
2838 2 2 1 2 1953 39 2142
2839 2 2 1 2 2143 2142 550
2840 2 2 1 2 1953 2142 2143
2841 2 2 1 2 551 2144 2146
2842 2 2 1 2 2144 550 2145
2843 2 2 1 2 2146 2145 146
2844 2 2 1 2 2144 2145 2146
2845 2 2 1 2 501 2143 2140
2846 2 2 1 2 2143 550 2144
2847 2 2 1 2 2140 2144 551
2848 2 2 1 2 2143 2144 2140
2849 2 2 1 2 126 2147 1875
2850 2 2 1 2 2147 552 2148
2851 2 2 1 2 1875 2148 481
2852 2 2 1 2 2147 2148 1875
2853 2 2 1 2 552 2149 2151
2854 2 2 1 2 2149 146 2150
2855 2 2 1 2 2151 2150 553
2856 2 2 1 2 2149 2150 2151
2857 2 2 1 2 481 2152 1878
2858 2 2 1 2 2152 553 2153
2859 2 2 1 2 1878 2153 36
2860 2 2 1 2 2152 2153 1878
2861 2 2 1 2 552 2151 2148
2862 2 2 1 2 2151 553 2152
2863 2 2 1 2 2148 2152 481
2864 2 2 1 2 2151 2152 2148
2865 2 2 1 2 132 2141 2136
2866 2 2 1 2 2141 551 2154
2867 2 2 1 2 2136 2154 549
2868 2 2 1 2 2141 2154 2136
2869 2 2 1 2 551 2146 2155
2870 2 2 1 2 2146 146 2149
2871 2 2 1 2 2155 2149 552
2872 2 2 1 2 2146 2149 2155
2873 2 2 1 2 549 2156 2139
2874 2 2 1 2 2156 552 2147
2875 2 2 1 2 2139 2147 126
2876 2 2 1 2 2156 2147 2139
2877 2 2 1 2 551 2155 2154
2878 2 2 1 2 2155 552 2156
2879 2 2 1 2 2154 2156 549
2880 2 2 1 2 2155 2156 2154
2881 2 2 1 2 39 1989 2158
2882 2 2 1 2 1989 513 2157
2883 2 2 1 2 2158 2157 555
2884 2 2 1 2 1989 2157 2158
2885 2 2 1 2 513 1995 2160
2886 2 2 1 2 1995 138 2159
2887 2 2 1 2 2160 2159 554
2888 2 2 1 2 1995 2159 2160
2889 2 2 1 2 555 2161 2163
2890 2 2 1 2 2161 554 2162
2891 2 2 1 2 2163 2162 147
2892 2 2 1 2 2161 2162 2163
2893 2 2 1 2 513 2160 2157
2894 2 2 1 2 2160 554 2161
2895 2 2 1 2 2157 2161 555
2896 2 2 1 2 2160 2161 2157
2897 2 2 1 2 138 2007 2165
2898 2 2 1 2 2007 519 2164
2899 2 2 1 2 2165 2164 556
2900 2 2 1 2 2007 2164 2165
2901 2 2 1 2 519 2013 2166
2902 2 2 1 2 2013 13 2073
2903 2 2 1 2 2166 2073 533
2904 2 2 1 2 2013 2073 2166
2905 2 2 1 2 556 2167 2168
2906 2 2 1 2 2167 533 2070
2907 2 2 1 2 2168 2070 141
2908 2 2 1 2 2167 2070 2168
2909 2 2 1 2 519 2166 2164
2910 2 2 1 2 2166 533 2167
2911 2 2 1 2 2164 2167 556
2912 2 2 1 2 2166 2167 2164
2913 2 2 1 2 147 2169 2171
2914 2 2 1 2 2169 557 2170
2915 2 2 1 2 2171 2170 558
2916 2 2 1 2 2169 2170 2171
2917 2 2 1 2 557 2172 2173
2918 2 2 1 2 2172 141 2064
2919 2 2 1 2 2173 2064 530
2920 2 2 1 2 2172 2064 2173
2921 2 2 1 2 558 2174 2175
2922 2 2 1 2 2174 530 2061
2923 2 2 1 2 2175 2061 40
2924 2 2 1 2 2174 2061 2175
2925 2 2 1 2 557 2173 2170
2926 2 2 1 2 2173 530 2174
2927 2 2 1 2 2170 2174 558
2928 2 2 1 2 2173 2174 2170
2929 2 2 1 2 138 2165 2159
2930 2 2 1 2 2165 556 2176
2931 2 2 1 2 2159 2176 554
2932 2 2 1 2 2165 2176 2159
2933 2 2 1 2 556 2168 2177
2934 2 2 1 2 2168 141 2172
2935 2 2 1 2 2177 2172 557
2936 2 2 1 2 2168 2172 2177
2937 2 2 1 2 554 2178 2162
2938 2 2 1 2 2178 557 2169
2939 2 2 1 2 2162 2169 147
2940 2 2 1 2 2178 2169 2162
2941 2 2 1 2 556 2177 2176
2942 2 2 1 2 2177 557 2178
2943 2 2 1 2 2176 2178 554
2944 2 2 1 2 2177 2178 2176
2945 2 2 1 2 36 2179 1894
2946 2 2 1 2 2179 559 2180
2947 2 2 1 2 1894 2180 486
2948 2 2 1 2 2179 2180 1894
2949 2 2 1 2 559 2181 2183
2950 2 2 1 2 2181 148 2182
2951 2 2 1 2 2183 2182 560
2952 2 2 1 2 2181 2182 2183
2953 2 2 1 2 486 2184 1897
2954 2 2 1 2 2184 560 2185
2955 2 2 1 2 1897 2185 129
2956 2 2 1 2 2184 2185 1897
2957 2 2 1 2 559 2183 2180
2958 2 2 1 2 2183 560 2184
2959 2 2 1 2 2180 2184 486
2960 2 2 1 2 2183 2184 2180
2961 2 2 1 2 148 2186 2188
2962 2 2 1 2 2186 561 2187
2963 2 2 1 2 2188 2187 562
2964 2 2 1 2 2186 2187 2188
2965 2 2 1 2 561 2189 2190
2966 2 2 1 2 2189 40 2045
2967 2 2 1 2 2190 2045 525
2968 2 2 1 2 2189 2045 2190
2969 2 2 1 2 562 2191 2192
2970 2 2 1 2 2191 525 2042
2971 2 2 1 2 2192 2042 139
2972 2 2 1 2 2191 2042 2192
2973 2 2 1 2 561 2190 2187
2974 2 2 1 2 2190 525 2191
2975 2 2 1 2 2187 2191 562
2976 2 2 1 2 2190 2191 2187
2977 2 2 1 2 129 2193 1902
2978 2 2 1 2 2193 563 2194
2979 2 2 1 2 1902 2194 489
2980 2 2 1 2 2193 2194 1902
2981 2 2 1 2 563 2195 2196
2982 2 2 1 2 2195 139 2037
2983 2 2 1 2 2196 2037 523
2984 2 2 1 2 2195 2037 2196
2985 2 2 1 2 489 2197 1905
2986 2 2 1 2 2197 523 2035
2987 2 2 1 2 1905 2035 11
2988 2 2 1 2 2197 2035 1905
2989 2 2 1 2 563 2196 2194
2990 2 2 1 2 2196 523 2197
2991 2 2 1 2 2194 2197 489
2992 2 2 1 2 2196 2197 2194
2993 2 2 1 2 148 2188 2182
2994 2 2 1 2 2188 562 2198
2995 2 2 1 2 2182 2198 560
2996 2 2 1 2 2188 2198 2182
2997 2 2 1 2 562 2192 2199
2998 2 2 1 2 2192 139 2195
2999 2 2 1 2 2199 2195 563
3000 2 2 1 2 2192 2195 2199
3001 2 2 1 2 560 2200 2185
3002 2 2 1 2 2200 563 2193
3003 2 2 1 2 2185 2193 129
3004 2 2 1 2 2200 2193 2185
3005 2 2 1 2 562 2199 2198
3006 2 2 1 2 2199 563 2200
3007 2 2 1 2 2198 2200 560
3008 2 2 1 2 2199 2200 2198
3009 2 2 1 2 39 2158 2142
3010 2 2 1 2 2158 555 2201
3011 2 2 1 2 2142 2201 550
3012 2 2 1 2 2158 2201 2142
3013 2 2 1 2 555 2163 2203
3014 2 2 1 2 2163 147 2202
3015 2 2 1 2 2203 2202 564
3016 2 2 1 2 2163 2202 2203
3017 2 2 1 2 550 2204 2145
3018 2 2 1 2 2204 564 2205
3019 2 2 1 2 2145 2205 146
3020 2 2 1 2 2204 2205 2145
3021 2 2 1 2 555 2203 2201
3022 2 2 1 2 2203 564 2204
3023 2 2 1 2 2201 2204 550
3024 2 2 1 2 2203 2204 2201
3025 2 2 1 2 147 2171 2207
3026 2 2 1 2 2171 558 2206
3027 2 2 1 2 2207 2206 565
3028 2 2 1 2 2171 2206 2207
3029 2 2 1 2 558 2175 2208
3030 2 2 1 2 2175 40 2189
3031 2 2 1 2 2208 2189 561
3032 2 2 1 2 2175 2189 2208
3033 2 2 1 2 565 2209 2210
3034 2 2 1 2 2209 561 2186
3035 2 2 1 2 2210 2186 148
3036 2 2 1 2 2209 2186 2210
3037 2 2 1 2 558 2208 2206
3038 2 2 1 2 2208 561 2209
3039 2 2 1 2 2206 2209 565
3040 2 2 1 2 2208 2209 2206
3041 2 2 1 2 146 2211 2150
3042 2 2 1 2 2211 566 2212
3043 2 2 1 2 2150 2212 553
3044 2 2 1 2 2211 2212 2150
3045 2 2 1 2 566 2213 2214
3046 2 2 1 2 2213 148 2181
3047 2 2 1 2 2214 2181 559
3048 2 2 1 2 2213 2181 2214
3049 2 2 1 2 553 2215 2153
3050 2 2 1 2 2215 559 2179
3051 2 2 1 2 2153 2179 36
3052 2 2 1 2 2215 2179 2153
3053 2 2 1 2 566 2214 2212
3054 2 2 1 2 2214 559 2215
3055 2 2 1 2 2212 2215 553
3056 2 2 1 2 2214 2215 2212
3057 2 2 1 2 147 2207 2202
3058 2 2 1 2 2207 565 2216
3059 2 2 1 2 2202 2216 564
3060 2 2 1 2 2207 2216 2202
3061 2 2 1 2 565 2210 2217
3062 2 2 1 2 2210 148 2213
3063 2 2 1 2 2217 2213 566
3064 2 2 1 2 2210 2213 2217
3065 2 2 1 2 564 2218 2205
3066 2 2 1 2 2218 566 2211
3067 2 2 1 2 2205 2211 146
3068 2 2 1 2 2218 2211 2205
3069 2 2 1 2 565 2217 2216
3070 2 2 1 2 2217 566 2218
3071 2 2 1 2 2216 2218 564
3072 2 2 1 2 2217 2218 2216
3073 2 2 1 2 5 2219 1970
3074 2 2 1 2 2219 567 2220
3075 2 2 1 2 1970 2220 506
3076 2 2 1 2 2219 2220 1970
3077 2 2 1 2 567 2221 2223
3078 2 2 1 2 2221 149 2222
3079 2 2 1 2 2223 2222 568
3080 2 2 1 2 2221 2222 2223
3081 2 2 1 2 506 2224 1973
3082 2 2 1 2 2224 568 2225
3083 2 2 1 2 1973 2225 134
3084 2 2 1 2 2224 2225 1973
3085 2 2 1 2 567 2223 2220
3086 2 2 1 2 2223 568 2224
3087 2 2 1 2 2220 2224 506
3088 2 2 1 2 2223 2224 2220
3089 2 2 1 2 149 2226 2228
3090 2 2 1 2 2226 569 2227
3091 2 2 1 2 2228 2227 571
3092 2 2 1 2 2226 2227 2228
3093 2 2 1 2 569 2229 2231
3094 2 2 1 2 2229 42 2230
3095 2 2 1 2 2231 2230 570
3096 2 2 1 2 2229 2230 2231
3097 2 2 1 2 571 2232 2234
3098 2 2 1 2 2232 570 2233
3099 2 2 1 2 2234 2233 150
3100 2 2 1 2 2232 2233 2234
3101 2 2 1 2 569 2231 2227
3102 2 2 1 2 2231 570 2232
3103 2 2 1 2 2227 2232 571
3104 2 2 1 2 2231 2232 2227
3105 2 2 1 2 134 2235 1979
3106 2 2 1 2 2235 572 2236
3107 2 2 1 2 1979 2236 509
3108 2 2 1 2 2235 2236 1979
3109 2 2 1 2 572 2237 2239
3110 2 2 1 2 2237 150 2238
3111 2 2 1 2 2239 2238 573
3112 2 2 1 2 2237 2238 2239
3113 2 2 1 2 509 2240 1982
3114 2 2 1 2 2240 573 2241
3115 2 2 1 2 1982 2241 38
3116 2 2 1 2 2240 2241 1982
3117 2 2 1 2 572 2239 2236
3118 2 2 1 2 2239 573 2240
3119 2 2 1 2 2236 2240 509
3120 2 2 1 2 2239 2240 2236
3121 2 2 1 2 149 2228 2222
3122 2 2 1 2 2228 571 2242
3123 2 2 1 2 2222 2242 568
3124 2 2 1 2 2228 2242 2222
3125 2 2 1 2 571 2234 2243
3126 2 2 1 2 2234 150 2237
3127 2 2 1 2 2243 2237 572
3128 2 2 1 2 2234 2237 2243
3129 2 2 1 2 568 2244 2225
3130 2 2 1 2 2244 572 2235
3131 2 2 1 2 2225 2235 134
3132 2 2 1 2 2244 2235 2225
3133 2 2 1 2 571 2243 2242
3134 2 2 1 2 2243 572 2244
3135 2 2 1 2 2242 2244 568
3136 2 2 1 2 2243 2244 2242
3137 2 2 1 2 42 2245 2247
3138 2 2 1 2 2245 574 2246
3139 2 2 1 2 2247 2246 576
3140 2 2 1 2 2245 2246 2247
3141 2 2 1 2 574 2248 2250
3142 2 2 1 2 2248 151 2249
3143 2 2 1 2 2250 2249 575
3144 2 2 1 2 2248 2249 2250
3145 2 2 1 2 576 2251 2253
3146 2 2 1 2 2251 575 2252
3147 2 2 1 2 2253 2252 153
3148 2 2 1 2 2251 2252 2253
3149 2 2 1 2 574 2250 2246
3150 2 2 1 2 2250 575 2251
3151 2 2 1 2 2246 2251 576
3152 2 2 1 2 2250 2251 2246
3153 2 2 1 2 151 2254 2256
3154 2 2 1 2 2254 577 2255
3155 2 2 1 2 2256 2255 579
3156 2 2 1 2 2254 2255 2256
3157 2 2 1 2 577 2257 2259
3158 2 2 1 2 2257 14 2258
3159 2 2 1 2 2259 2258 578
3160 2 2 1 2 2257 2258 2259
3161 2 2 1 2 579 2260 2262
3162 2 2 1 2 2260 578 2261
3163 2 2 1 2 2262 2261 152
3164 2 2 1 2 2260 2261 2262
3165 2 2 1 2 577 2259 2255
3166 2 2 1 2 2259 578 2260
3167 2 2 1 2 2255 2260 579
3168 2 2 1 2 2259 2260 2255
3169 2 2 1 2 153 2263 2265
3170 2 2 1 2 2263 580 2264
3171 2 2 1 2 2265 2264 582
3172 2 2 1 2 2263 2264 2265
3173 2 2 1 2 580 2266 2268
3174 2 2 1 2 2266 152 2267
3175 2 2 1 2 2268 2267 581
3176 2 2 1 2 2266 2267 2268
3177 2 2 1 2 582 2269 2271
3178 2 2 1 2 2269 581 2270
3179 2 2 1 2 2271 2270 43
3180 2 2 1 2 2269 2270 2271
3181 2 2 1 2 580 2268 2264
3182 2 2 1 2 2268 581 2269
3183 2 2 1 2 2264 2269 582
3184 2 2 1 2 2268 2269 2264
3185 2 2 1 2 151 2256 2249
3186 2 2 1 2 2256 579 2272
3187 2 2 1 2 2249 2272 575
3188 2 2 1 2 2256 2272 2249
3189 2 2 1 2 579 2262 2273
3190 2 2 1 2 2262 152 2266
3191 2 2 1 2 2273 2266 580
3192 2 2 1 2 2262 2266 2273
3193 2 2 1 2 575 2274 2252
3194 2 2 1 2 2274 580 2263
3195 2 2 1 2 2252 2263 153
3196 2 2 1 2 2274 2263 2252
3197 2 2 1 2 579 2273 2272
3198 2 2 1 2 2273 580 2274
3199 2 2 1 2 2272 2274 575
3200 2 2 1 2 2273 2274 2272
3201 2 2 1 2 38 2275 2000
3202 2 2 1 2 2275 583 2276
3203 2 2 1 2 2000 2276 515
3204 2 2 1 2 2275 2276 2000
3205 2 2 1 2 583 2277 2279
3206 2 2 1 2 2277 154 2278
3207 2 2 1 2 2279 2278 584
3208 2 2 1 2 2277 2278 2279
3209 2 2 1 2 515 2280 2003
3210 2 2 1 2 2280 584 2281
3211 2 2 1 2 2003 2281 137
3212 2 2 1 2 2280 2281 2003
3213 2 2 1 2 583 2279 2276
3214 2 2 1 2 2279 584 2280
3215 2 2 1 2 2276 2280 515
3216 2 2 1 2 2279 2280 2276
3217 2 2 1 2 154 2282 2284
3218 2 2 1 2 2282 585 2283
3219 2 2 1 2 2284 2283 587
3220 2 2 1 2 2282 2283 2284
3221 2 2 1 2 585 2285 2287
3222 2 2 1 2 2285 43 2286
3223 2 2 1 2 2287 2286 586
3224 2 2 1 2 2285 2286 2287
3225 2 2 1 2 587 2288 2290
3226 2 2 1 2 2288 586 2289
3227 2 2 1 2 2290 2289 155
3228 2 2 1 2 2288 2289 2290
3229 2 2 1 2 585 2287 2283
3230 2 2 1 2 2287 586 2288
3231 2 2 1 2 2283 2288 587
3232 2 2 1 2 2287 2288 2283
3233 2 2 1 2 137 2291 2009
3234 2 2 1 2 2291 588 2292
3235 2 2 1 2 2009 2292 518
3236 2 2 1 2 2291 2292 2009
3237 2 2 1 2 588 2293 2295
3238 2 2 1 2 2293 155 2294
3239 2 2 1 2 2295 2294 589
3240 2 2 1 2 2293 2294 2295
3241 2 2 1 2 518 2296 2012
3242 2 2 1 2 2296 589 2297
3243 2 2 1 2 2012 2297 13
3244 2 2 1 2 2296 2297 2012
3245 2 2 1 2 588 2295 2292
3246 2 2 1 2 2295 589 2296
3247 2 2 1 2 2292 2296 518
3248 2 2 1 2 2295 2296 2292
3249 2 2 1 2 154 2284 2278
3250 2 2 1 2 2284 587 2298
3251 2 2 1 2 2278 2298 584
3252 2 2 1 2 2284 2298 2278
3253 2 2 1 2 587 2290 2299
3254 2 2 1 2 2290 155 2293
3255 2 2 1 2 2299 2293 588
3256 2 2 1 2 2290 2293 2299
3257 2 2 1 2 584 2300 2281
3258 2 2 1 2 2300 588 2291
3259 2 2 1 2 2281 2291 137
3260 2 2 1 2 2300 2291 2281
3261 2 2 1 2 587 2299 2298
3262 2 2 1 2 2299 588 2300
3263 2 2 1 2 2298 2300 584
3264 2 2 1 2 2299 2300 2298
3265 2 2 1 2 42 2247 2230
3266 2 2 1 2 2247 576 2301
3267 2 2 1 2 2230 2301 570
3268 2 2 1 2 2247 2301 2230
3269 2 2 1 2 576 2253 2303
3270 2 2 1 2 2253 153 2302
3271 2 2 1 2 2303 2302 590
3272 2 2 1 2 2253 2302 2303
3273 2 2 1 2 570 2304 2233
3274 2 2 1 2 2304 590 2305
3275 2 2 1 2 2233 2305 150
3276 2 2 1 2 2304 2305 2233
3277 2 2 1 2 576 2303 2301
3278 2 2 1 2 2303 590 2304
3279 2 2 1 2 2301 2304 570
3280 2 2 1 2 2303 2304 2301
3281 2 2 1 2 153 2265 2307
3282 2 2 1 2 2265 582 2306
3283 2 2 1 2 2307 2306 591
3284 2 2 1 2 2265 2306 2307
3285 2 2 1 2 582 2271 2308
3286 2 2 1 2 2271 43 2285
3287 2 2 1 2 2308 2285 585
3288 2 2 1 2 2271 2285 2308
3289 2 2 1 2 591 2309 2310
3290 2 2 1 2 2309 585 2282
3291 2 2 1 2 2310 2282 154
3292 2 2 1 2 2309 2282 2310
3293 2 2 1 2 582 2308 2306
3294 2 2 1 2 2308 585 2309
3295 2 2 1 2 2306 2309 591
3296 2 2 1 2 2308 2309 2306
3297 2 2 1 2 150 2311 2238
3298 2 2 1 2 2311 592 2312
3299 2 2 1 2 2238 2312 573
3300 2 2 1 2 2311 2312 2238
3301 2 2 1 2 592 2313 2314
3302 2 2 1 2 2313 154 2277
3303 2 2 1 2 2314 2277 583
3304 2 2 1 2 2313 2277 2314
3305 2 2 1 2 573 2315 2241
3306 2 2 1 2 2315 583 2275
3307 2 2 1 2 2241 2275 38
3308 2 2 1 2 2315 2275 2241
3309 2 2 1 2 592 2314 2312
3310 2 2 1 2 2314 583 2315
3311 2 2 1 2 2312 2315 573
3312 2 2 1 2 2314 2315 2312
3313 2 2 1 2 153 2307 2302
3314 2 2 1 2 2307 591 2316
3315 2 2 1 2 2302 2316 590
3316 2 2 1 2 2307 2316 2302
3317 2 2 1 2 591 2310 2317
3318 2 2 1 2 2310 154 2313
3319 2 2 1 2 2317 2313 592
3320 2 2 1 2 2310 2313 2317
3321 2 2 1 2 590 2318 2305
3322 2 2 1 2 2318 592 2311
3323 2 2 1 2 2305 2311 150
3324 2 2 1 2 2318 2311 2305
3325 2 2 1 2 591 2317 2316
3326 2 2 1 2 2317 592 2318
3327 2 2 1 2 2316 2318 590
3328 2 2 1 2 2317 2318 2316
3329 2 2 1 2 14 2319 2321
3330 2 2 1 2 2319 593 2320
3331 2 2 1 2 2321 2320 595
3332 2 2 1 2 2319 2320 2321
3333 2 2 1 2 593 2322 2324
3334 2 2 1 2 2322 156 2323
3335 2 2 1 2 2324 2323 594
3336 2 2 1 2 2322 2323 2324
3337 2 2 1 2 595 2325 2327
3338 2 2 1 2 2325 594 2326
3339 2 2 1 2 2327 2326 158
3340 2 2 1 2 2325 2326 2327
3341 2 2 1 2 593 2324 2320
3342 2 2 1 2 2324 594 2325
3343 2 2 1 2 2320 2325 595
3344 2 2 1 2 2324 2325 2320
3345 2 2 1 2 156 2328 2330
3346 2 2 1 2 2328 596 2329
3347 2 2 1 2 2330 2329 598
3348 2 2 1 2 2328 2329 2330
3349 2 2 1 2 596 2331 2333
3350 2 2 1 2 2331 44 2332
3351 2 2 1 2 2333 2332 597
3352 2 2 1 2 2331 2332 2333
3353 2 2 1 2 598 2334 2336
3354 2 2 1 2 2334 597 2335
3355 2 2 1 2 2336 2335 157
3356 2 2 1 2 2334 2335 2336
3357 2 2 1 2 596 2333 2329
3358 2 2 1 2 2333 597 2334
3359 2 2 1 2 2329 2334 598
3360 2 2 1 2 2333 2334 2329
3361 2 2 1 2 158 2337 2339
3362 2 2 1 2 2337 599 2338
3363 2 2 1 2 2339 2338 601
3364 2 2 1 2 2337 2338 2339
3365 2 2 1 2 599 2340 2342
3366 2 2 1 2 2340 157 2341
3367 2 2 1 2 2342 2341 600
3368 2 2 1 2 2340 2341 2342
3369 2 2 1 2 601 2343 2345
3370 2 2 1 2 2343 600 2344
3371 2 2 1 2 2345 2344 45
3372 2 2 1 2 2343 2344 2345
3373 2 2 1 2 599 2342 2338
3374 2 2 1 2 2342 600 2343
3375 2 2 1 2 2338 2343 601
3376 2 2 1 2 2342 2343 2338
3377 2 2 1 2 156 2330 2323
3378 2 2 1 2 2330 598 2346
3379 2 2 1 2 2323 2346 594
3380 2 2 1 2 2330 2346 2323
3381 2 2 1 2 598 2336 2347
3382 2 2 1 2 2336 157 2340
3383 2 2 1 2 2347 2340 599
3384 2 2 1 2 2336 2340 2347
3385 2 2 1 2 594 2348 2326
3386 2 2 1 2 2348 599 2337
3387 2 2 1 2 2326 2337 158
3388 2 2 1 2 2348 2337 2326
3389 2 2 1 2 598 2347 2346
3390 2 2 1 2 2347 599 2348
3391 2 2 1 2 2346 2348 594
3392 2 2 1 2 2347 2348 2346
3393 2 2 1 2 44 2349 2351
3394 2 2 1 2 2349 602 2350
3395 2 2 1 2 2351 2350 604
3396 2 2 1 2 2349 2350 2351
3397 2 2 1 2 602 2352 2354
3398 2 2 1 2 2352 159 2353
3399 2 2 1 2 2354 2353 603
3400 2 2 1 2 2352 2353 2354
3401 2 2 1 2 604 2355 2357
3402 2 2 1 2 2355 603 2356
3403 2 2 1 2 2357 2356 160
3404 2 2 1 2 2355 2356 2357
3405 2 2 1 2 602 2354 2350
3406 2 2 1 2 2354 603 2355
3407 2 2 1 2 2350 2355 604
3408 2 2 1 2 2354 2355 2350
3409 2 2 1 2 159 2358 2360
3410 2 2 1 2 2358 605 2359
3411 2 2 1 2 2360 2359 606
3412 2 2 1 2 2358 2359 2360
3413 2 2 1 2 605 2361 2362
3414 2 2 1 2 2361 1 1029
3415 2 2 1 2 2362 1029 261
3416 2 2 1 2 2361 1029 2362
3417 2 2 1 2 606 2363 2364
3418 2 2 1 2 2363 261 1035
3419 2 2 1 2 2364 1035 69
3420 2 2 1 2 2363 1035 2364
3421 2 2 1 2 605 2362 2359
3422 2 2 1 2 2362 261 2363
3423 2 2 1 2 2359 2363 606
3424 2 2 1 2 2362 2363 2359
3425 2 2 1 2 160 2365 2367
3426 2 2 1 2 2365 607 2366
3427 2 2 1 2 2367 2366 608
3428 2 2 1 2 2365 2366 2367
3429 2 2 1 2 607 2368 2369
3430 2 2 1 2 2368 69 1047
3431 2 2 1 2 2369 1047 267
3432 2 2 1 2 2368 1047 2369
3433 2 2 1 2 608 2370 2371
3434 2 2 1 2 2370 267 1053
3435 2 2 1 2 2371 1053 21
3436 2 2 1 2 2370 1053 2371
3437 2 2 1 2 607 2369 2366
3438 2 2 1 2 2369 267 2370
3439 2 2 1 2 2366 2370 608
3440 2 2 1 2 2369 2370 2366
3441 2 2 1 2 159 2360 2353
3442 2 2 1 2 2360 606 2372
3443 2 2 1 2 2353 2372 603
3444 2 2 1 2 2360 2372 2353
3445 2 2 1 2 606 2364 2373
3446 2 2 1 2 2364 69 2368
3447 2 2 1 2 2373 2368 607
3448 2 2 1 2 2364 2368 2373
3449 2 2 1 2 603 2374 2356
3450 2 2 1 2 2374 607 2365
3451 2 2 1 2 2356 2365 160
3452 2 2 1 2 2374 2365 2356
3453 2 2 1 2 606 2373 2372
3454 2 2 1 2 2373 607 2374
3455 2 2 1 2 2372 2374 603
3456 2 2 1 2 2373 2374 2372
3457 2 2 1 2 45 2375 2377
3458 2 2 1 2 2375 609 2376
3459 2 2 1 2 2377 2376 611
3460 2 2 1 2 2375 2376 2377
3461 2 2 1 2 609 2378 2380
3462 2 2 1 2 2378 161 2379
3463 2 2 1 2 2380 2379 610
3464 2 2 1 2 2378 2379 2380
3465 2 2 1 2 611 2381 2383
3466 2 2 1 2 2381 610 2382
3467 2 2 1 2 2383 2382 162
3468 2 2 1 2 2381 2382 2383
3469 2 2 1 2 609 2380 2376
3470 2 2 1 2 2380 610 2381
3471 2 2 1 2 2376 2381 611
3472 2 2 1 2 2380 2381 2376
3473 2 2 1 2 161 2384 2386
3474 2 2 1 2 2384 612 2385
3475 2 2 1 2 2386 2385 613
3476 2 2 1 2 2384 2385 2386
3477 2 2 1 2 612 2387 2388
3478 2 2 1 2 2387 21 1089
3479 2 2 1 2 2388 1089 279
3480 2 2 1 2 2387 1089 2388
3481 2 2 1 2 613 2389 2390
3482 2 2 1 2 2389 279 1095
3483 2 2 1 2 2390 1095 75
3484 2 2 1 2 2389 1095 2390
3485 2 2 1 2 612 2388 2385
3486 2 2 1 2 2388 279 2389
3487 2 2 1 2 2385 2389 613
3488 2 2 1 2 2388 2389 2385
3489 2 2 1 2 162 2391 2393
3490 2 2 1 2 2391 614 2392
3491 2 2 1 2 2393 2392 615
3492 2 2 1 2 2391 2392 2393
3493 2 2 1 2 614 2394 2395
3494 2 2 1 2 2394 75 1107
3495 2 2 1 2 2395 1107 285
3496 2 2 1 2 2394 1107 2395
3497 2 2 1 2 615 2396 2397
3498 2 2 1 2 2396 285 1113
3499 2 2 1 2 2397 1113 9
3500 2 2 1 2 2396 1113 2397
3501 2 2 1 2 614 2395 2392
3502 2 2 1 2 2395 285 2396
3503 2 2 1 2 2392 2396 615
3504 2 2 1 2 2395 2396 2392
3505 2 2 1 2 161 2386 2379
3506 2 2 1 2 2386 613 2398
3507 2 2 1 2 2379 2398 610
3508 2 2 1 2 2386 2398 2379
3509 2 2 1 2 613 2390 2399
3510 2 2 1 2 2390 75 2394
3511 2 2 1 2 2399 2394 614
3512 2 2 1 2 2390 2394 2399
3513 2 2 1 2 610 2400 2382
3514 2 2 1 2 2400 614 2391
3515 2 2 1 2 2382 2391 162
3516 2 2 1 2 2400 2391 2382
3517 2 2 1 2 613 2399 2398
3518 2 2 1 2 2399 614 2400
3519 2 2 1 2 2398 2400 610
3520 2 2 1 2 2399 2400 2398
3521 2 2 1 2 44 2351 2332
3522 2 2 1 2 2351 604 2401
3523 2 2 1 2 2332 2401 597
3524 2 2 1 2 2351 2401 2332
3525 2 2 1 2 604 2357 2403
3526 2 2 1 2 2357 160 2402
3527 2 2 1 2 2403 2402 616
3528 2 2 1 2 2357 2402 2403
3529 2 2 1 2 597 2404 2335
3530 2 2 1 2 2404 616 2405
3531 2 2 1 2 2335 2405 157
3532 2 2 1 2 2404 2405 2335
3533 2 2 1 2 604 2403 2401
3534 2 2 1 2 2403 616 2404
3535 2 2 1 2 2401 2404 597
3536 2 2 1 2 2403 2404 2401
3537 2 2 1 2 160 2367 2407
3538 2 2 1 2 2367 608 2406
3539 2 2 1 2 2407 2406 617
3540 2 2 1 2 2367 2406 2407
3541 2 2 1 2 608 2371 2408
3542 2 2 1 2 2371 21 2387
3543 2 2 1 2 2408 2387 612
3544 2 2 1 2 2371 2387 2408
3545 2 2 1 2 617 2409 2410
3546 2 2 1 2 2409 612 2384
3547 2 2 1 2 2410 2384 161
3548 2 2 1 2 2409 2384 2410
3549 2 2 1 2 608 2408 2406
3550 2 2 1 2 2408 612 2409
3551 2 2 1 2 2406 2409 617
3552 2 2 1 2 2408 2409 2406
3553 2 2 1 2 157 2411 2341
3554 2 2 1 2 2411 618 2412
3555 2 2 1 2 2341 2412 600
3556 2 2 1 2 2411 2412 2341
3557 2 2 1 2 618 2413 2414
3558 2 2 1 2 2413 161 2378
3559 2 2 1 2 2414 2378 609
3560 2 2 1 2 2413 2378 2414
3561 2 2 1 2 600 2415 2344
3562 2 2 1 2 2415 609 2375
3563 2 2 1 2 2344 2375 45
3564 2 2 1 2 2415 2375 2344
3565 2 2 1 2 618 2414 2412
3566 2 2 1 2 2414 609 2415
3567 2 2 1 2 2412 2415 600
3568 2 2 1 2 2414 2415 2412
3569 2 2 1 2 160 2407 2402
3570 2 2 1 2 2407 617 2416
3571 2 2 1 2 2402 2416 616
3572 2 2 1 2 2407 2416 2402
3573 2 2 1 2 617 2410 2417
3574 2 2 1 2 2410 161 2413
3575 2 2 1 2 2417 2413 618
3576 2 2 1 2 2410 2413 2417
3577 2 2 1 2 616 2418 2405
3578 2 2 1 2 2418 618 2411
3579 2 2 1 2 2405 2411 157
3580 2 2 1 2 2418 2411 2405
3581 2 2 1 2 617 2417 2416
3582 2 2 1 2 2417 618 2418
3583 2 2 1 2 2416 2418 616
3584 2 2 1 2 2417 2418 2416
3585 2 2 1 2 13 2419 2074
3586 2 2 1 2 2419 619 2420
3587 2 2 1 2 2074 2420 534
3588 2 2 1 2 2419 2420 2074
3589 2 2 1 2 619 2421 2423
3590 2 2 1 2 2421 163 2422
3591 2 2 1 2 2423 2422 620
3592 2 2 1 2 2421 2422 2423
3593 2 2 1 2 534 2424 2077
3594 2 2 1 2 2424 620 2425
3595 2 2 1 2 2077 2425 142
3596 2 2 1 2 2424 2425 2077
3597 2 2 1 2 619 2423 2420
3598 2 2 1 2 2423 620 2424
3599 2 2 1 2 2420 2424 534
3600 2 2 1 2 2423 2424 2420
3601 2 2 1 2 163 2426 2428
3602 2 2 1 2 2426 621 2427
3603 2 2 1 2 2428 2427 623
3604 2 2 1 2 2426 2427 2428
3605 2 2 1 2 621 2429 2431
3606 2 2 1 2 2429 46 2430
3607 2 2 1 2 2431 2430 622
3608 2 2 1 2 2429 2430 2431
3609 2 2 1 2 623 2432 2434
3610 2 2 1 2 2432 622 2433
3611 2 2 1 2 2434 2433 164
3612 2 2 1 2 2432 2433 2434
3613 2 2 1 2 621 2431 2427
3614 2 2 1 2 2431 622 2432
3615 2 2 1 2 2427 2432 623
3616 2 2 1 2 2431 2432 2427
3617 2 2 1 2 142 2435 2083
3618 2 2 1 2 2435 624 2436
3619 2 2 1 2 2083 2436 537
3620 2 2 1 2 2435 2436 2083
3621 2 2 1 2 624 2437 2439
3622 2 2 1 2 2437 164 2438
3623 2 2 1 2 2439 2438 625
3624 2 2 1 2 2437 2438 2439
3625 2 2 1 2 537 2440 2086
3626 2 2 1 2 2440 625 2441
3627 2 2 1 2 2086 2441 41
3628 2 2 1 2 2440 2441 2086
3629 2 2 1 2 624 2439 2436
3630 2 2 1 2 2439 625 2440
3631 2 2 1 2 2436 2440 537
3632 2 2 1 2 2439 2440 2436
3633 2 2 1 2 163 2428 2422
3634 2 2 1 2 2428 623 2442
3635 2 2 1 2 2422 2442 620
3636 2 2 1 2 2428 2442 2422
3637 2 2 1 2 623 2434 2443
3638 2 2 1 2 2434 164 2437
3639 2 2 1 2 2443 2437 624
3640 2 2 1 2 2434 2437 2443
3641 2 2 1 2 620 2444 2425
3642 2 2 1 2 2444 624 2435
3643 2 2 1 2 2425 2435 142
3644 2 2 1 2 2444 2435 2425
3645 2 2 1 2 623 2443 2442
3646 2 2 1 2 2443 624 2444
3647 2 2 1 2 2442 2444 620
3648 2 2 1 2 2443 2444 2442
3649 2 2 1 2 46 2445 2447
3650 2 2 1 2 2445 626 2446
3651 2 2 1 2 2447 2446 628
3652 2 2 1 2 2445 2446 2447
3653 2 2 1 2 626 2448 2450
3654 2 2 1 2 2448 165 2449
3655 2 2 1 2 2450 2449 627
3656 2 2 1 2 2448 2449 2450
3657 2 2 1 2 628 2451 2453
3658 2 2 1 2 2451 627 2452
3659 2 2 1 2 2453 2452 166
3660 2 2 1 2 2451 2452 2453
3661 2 2 1 2 626 2450 2446
3662 2 2 1 2 2450 627 2451
3663 2 2 1 2 2446 2451 628
3664 2 2 1 2 2450 2451 2446
3665 2 2 1 2 165 2454 2456
3666 2 2 1 2 2454 629 2455
3667 2 2 1 2 2456 2455 630
3668 2 2 1 2 2454 2455 2456
3669 2 2 1 2 629 2457 2458
3670 2 2 1 2 2457 9 1245
3671 2 2 1 2 2458 1245 321
3672 2 2 1 2 2457 1245 2458
3673 2 2 1 2 630 2459 2460
3674 2 2 1 2 2459 321 1251
3675 2 2 1 2 2460 1251 87
3676 2 2 1 2 2459 1251 2460
3677 2 2 1 2 629 2458 2455
3678 2 2 1 2 2458 321 2459
3679 2 2 1 2 2455 2459 630
3680 2 2 1 2 2458 2459 2455
3681 2 2 1 2 166 2461 2463
3682 2 2 1 2 2461 631 2462
3683 2 2 1 2 2463 2462 632
3684 2 2 1 2 2461 2462 2463
3685 2 2 1 2 631 2464 2465
3686 2 2 1 2 2464 87 1263
3687 2 2 1 2 2465 1263 327
3688 2 2 1 2 2464 1263 2465
3689 2 2 1 2 632 2466 2467
3690 2 2 1 2 2466 327 1269
3691 2 2 1 2 2467 1269 27
3692 2 2 1 2 2466 1269 2467
3693 2 2 1 2 631 2465 2462
3694 2 2 1 2 2465 327 2466
3695 2 2 1 2 2462 2466 632
3696 2 2 1 2 2465 2466 2462
3697 2 2 1 2 165 2456 2449
3698 2 2 1 2 2456 630 2468
3699 2 2 1 2 2449 2468 627
3700 2 2 1 2 2456 2468 2449
3701 2 2 1 2 630 2460 2469
3702 2 2 1 2 2460 87 2464
3703 2 2 1 2 2469 2464 631
3704 2 2 1 2 2460 2464 2469
3705 2 2 1 2 627 2470 2452
3706 2 2 1 2 2470 631 2461
3707 2 2 1 2 2452 2461 166
3708 2 2 1 2 2470 2461 2452
3709 2 2 1 2 630 2469 2468
3710 2 2 1 2 2469 631 2470
3711 2 2 1 2 2468 2470 627
3712 2 2 1 2 2469 2470 2468
3713 2 2 1 2 41 2471 2102
3714 2 2 1 2 2471 633 2472
3715 2 2 1 2 2102 2472 542
3716 2 2 1 2 2471 2472 2102
3717 2 2 1 2 633 2473 2475
3718 2 2 1 2 2473 167 2474
3719 2 2 1 2 2475 2474 634
3720 2 2 1 2 2473 2474 2475
3721 2 2 1 2 542 2476 2105
3722 2 2 1 2 2476 634 2477
3723 2 2 1 2 2105 2477 145
3724 2 2 1 2 2476 2477 2105
3725 2 2 1 2 633 2475 2472
3726 2 2 1 2 2475 634 2476
3727 2 2 1 2 2472 2476 542
3728 2 2 1 2 2475 2476 2472
3729 2 2 1 2 167 2478 2480
3730 2 2 1 2 2478 635 2479
3731 2 2 1 2 2480 2479 636
3732 2 2 1 2 2478 2479 2480
3733 2 2 1 2 635 2481 2482
3734 2 2 1 2 2481 27 1305
3735 2 2 1 2 2482 1305 339
3736 2 2 1 2 2481 1305 2482
3737 2 2 1 2 636 2483 2484
3738 2 2 1 2 2483 339 1311
3739 2 2 1 2 2484 1311 93
3740 2 2 1 2 2483 1311 2484
3741 2 2 1 2 635 2482 2479
3742 2 2 1 2 2482 339 2483
3743 2 2 1 2 2479 2483 636
3744 2 2 1 2 2482 2483 2479
3745 2 2 1 2 145 2485 2110
3746 2 2 1 2 2485 637 2486
3747 2 2 1 2 2110 2486 545
3748 2 2 1 2 2485 2486 2110
3749 2 2 1 2 637 2487 2488
3750 2 2 1 2 2487 93 1323
3751 2 2 1 2 2488 1323 345
3752 2 2 1 2 2487 1323 2488
3753 2 2 1 2 545 2489 2113
3754 2 2 1 2 2489 345 1329
3755 2 2 1 2 2113 1329 3
3756 2 2 1 2 2489 1329 2113
3757 2 2 1 2 637 2488 2486
3758 2 2 1 2 2488 345 2489
3759 2 2 1 2 2486 2489 545
3760 2 2 1 2 2488 2489 2486
3761 2 2 1 2 167 2480 2474
3762 2 2 1 2 2480 636 2490
3763 2 2 1 2 2474 2490 634
3764 2 2 1 2 2480 2490 2474
3765 2 2 1 2 636 2484 2491
3766 2 2 1 2 2484 93 2487
3767 2 2 1 2 2491 2487 637
3768 2 2 1 2 2484 2487 2491
3769 2 2 1 2 634 2492 2477
3770 2 2 1 2 2492 637 2485
3771 2 2 1 2 2477 2485 145
3772 2 2 1 2 2492 2485 2477
3773 2 2 1 2 636 2491 2490
3774 2 2 1 2 2491 637 2492
3775 2 2 1 2 2490 2492 634
3776 2 2 1 2 2491 2492 2490
3777 2 2 1 2 46 2447 2430
3778 2 2 1 2 2447 628 2493
3779 2 2 1 2 2430 2493 622
3780 2 2 1 2 2447 2493 2430
3781 2 2 1 2 628 2453 2495
3782 2 2 1 2 2453 166 2494
3783 2 2 1 2 2495 2494 638
3784 2 2 1 2 2453 2494 2495
3785 2 2 1 2 622 2496 2433
3786 2 2 1 2 2496 638 2497
3787 2 2 1 2 2433 2497 164
3788 2 2 1 2 2496 2497 2433
3789 2 2 1 2 628 2495 2493
3790 2 2 1 2 2495 638 2496
3791 2 2 1 2 2493 2496 622
3792 2 2 1 2 2495 2496 2493
3793 2 2 1 2 166 2463 2499
3794 2 2 1 2 2463 632 2498
3795 2 2 1 2 2499 2498 639
3796 2 2 1 2 2463 2498 2499
3797 2 2 1 2 632 2467 2500
3798 2 2 1 2 2467 27 2481
3799 2 2 1 2 2500 2481 635
3800 2 2 1 2 2467 2481 2500
3801 2 2 1 2 639 2501 2502
3802 2 2 1 2 2501 635 2478
3803 2 2 1 2 2502 2478 167
3804 2 2 1 2 2501 2478 2502
3805 2 2 1 2 632 2500 2498
3806 2 2 1 2 2500 635 2501
3807 2 2 1 2 2498 2501 639
3808 2 2 1 2 2500 2501 2498
3809 2 2 1 2 164 2503 2438
3810 2 2 1 2 2503 640 2504
3811 2 2 1 2 2438 2504 625
3812 2 2 1 2 2503 2504 2438
3813 2 2 1 2 640 2505 2506
3814 2 2 1 2 2505 167 2473
3815 2 2 1 2 2506 2473 633
3816 2 2 1 2 2505 2473 2506
3817 2 2 1 2 625 2507 2441
3818 2 2 1 2 2507 633 2471
3819 2 2 1 2 2441 2471 41
3820 2 2 1 2 2507 2471 2441
3821 2 2 1 2 640 2506 2504
3822 2 2 1 2 2506 633 2507
3823 2 2 1 2 2504 2507 625
3824 2 2 1 2 2506 2507 2504
3825 2 2 1 2 166 2499 2494
3826 2 2 1 2 2499 639 2508
3827 2 2 1 2 2494 2508 638
3828 2 2 1 2 2499 2508 2494
3829 2 2 1 2 639 2502 2509
3830 2 2 1 2 2502 167 2505
3831 2 2 1 2 2509 2505 640
3832 2 2 1 2 2502 2505 2509
3833 2 2 1 2 638 2510 2497
3834 2 2 1 2 2510 640 2503
3835 2 2 1 2 2497 2503 164
3836 2 2 1 2 2510 2503 2497
3837 2 2 1 2 639 2509 2508
3838 2 2 1 2 2509 640 2510
3839 2 2 1 2 2508 2510 638
3840 2 2 1 2 2509 2510 2508
3841 2 2 1 2 14 2321 2258
3842 2 2 1 2 2321 595 2511
3843 2 2 1 2 2258 2511 578
3844 2 2 1 2 2321 2511 2258
3845 2 2 1 2 595 2327 2513
3846 2 2 1 2 2327 158 2512
3847 2 2 1 2 2513 2512 641
3848 2 2 1 2 2327 2512 2513
3849 2 2 1 2 578 2514 2261
3850 2 2 1 2 2514 641 2515
3851 2 2 1 2 2261 2515 152
3852 2 2 1 2 2514 2515 2261
3853 2 2 1 2 595 2513 2511
3854 2 2 1 2 2513 641 2514
3855 2 2 1 2 2511 2514 578
3856 2 2 1 2 2513 2514 2511
3857 2 2 1 2 158 2339 2517
3858 2 2 1 2 2339 601 2516
3859 2 2 1 2 2517 2516 643
3860 2 2 1 2 2339 2516 2517
3861 2 2 1 2 601 2345 2519
3862 2 2 1 2 2345 45 2518
3863 2 2 1 2 2519 2518 642
3864 2 2 1 2 2345 2518 2519
3865 2 2 1 2 643 2520 2522
3866 2 2 1 2 2520 642 2521
3867 2 2 1 2 2522 2521 168
3868 2 2 1 2 2520 2521 2522
3869 2 2 1 2 601 2519 2516
3870 2 2 1 2 2519 642 2520
3871 2 2 1 2 2516 2520 643
3872 2 2 1 2 2519 2520 2516
3873 2 2 1 2 152 2523 2267
3874 2 2 1 2 2523 644 2524
3875 2 2 1 2 2267 2524 581
3876 2 2 1 2 2523 2524 2267
3877 2 2 1 2 644 2525 2527
3878 2 2 1 2 2525 168 2526
3879 2 2 1 2 2527 2526 645
3880 2 2 1 2 2525 2526 2527
3881 2 2 1 2 581 2528 2270
3882 2 2 1 2 2528 645 2529
3883 2 2 1 2 2270 2529 43
3884 2 2 1 2 2528 2529 2270
3885 2 2 1 2 644 2527 2524
3886 2 2 1 2 2527 645 2528
3887 2 2 1 2 2524 2528 581
3888 2 2 1 2 2527 2528 2524
3889 2 2 1 2 158 2517 2512
3890 2 2 1 2 2517 643 2530
3891 2 2 1 2 2512 2530 641
3892 2 2 1 2 2517 2530 2512
3893 2 2 1 2 643 2522 2531
3894 2 2 1 2 2522 168 2525
3895 2 2 1 2 2531 2525 644
3896 2 2 1 2 2522 2525 2531
3897 2 2 1 2 641 2532 2515
3898 2 2 1 2 2532 644 2523
3899 2 2 1 2 2515 2523 152
3900 2 2 1 2 2532 2523 2515
3901 2 2 1 2 643 2531 2530
3902 2 2 1 2 2531 644 2532
3903 2 2 1 2 2530 2532 641
3904 2 2 1 2 2531 2532 2530
3905 2 2 1 2 45 2377 2534
3906 2 2 1 2 2377 611 2533
3907 2 2 1 2 2534 2533 647
3908 2 2 1 2 2377 2533 2534
3909 2 2 1 2 611 2383 2536
3910 2 2 1 2 2383 162 2535
3911 2 2 1 2 2536 2535 646
3912 2 2 1 2 2383 2535 2536
3913 2 2 1 2 647 2537 2539
3914 2 2 1 2 2537 646 2538
3915 2 2 1 2 2539 2538 169
3916 2 2 1 2 2537 2538 2539
3917 2 2 1 2 611 2536 2533
3918 2 2 1 2 2536 646 2537
3919 2 2 1 2 2533 2537 647
3920 2 2 1 2 2536 2537 2533
3921 2 2 1 2 162 2393 2541
3922 2 2 1 2 2393 615 2540
3923 2 2 1 2 2541 2540 648
3924 2 2 1 2 2393 2540 2541
3925 2 2 1 2 615 2397 2542
3926 2 2 1 2 2397 9 2457
3927 2 2 1 2 2542 2457 629
3928 2 2 1 2 2397 2457 2542
3929 2 2 1 2 648 2543 2544
3930 2 2 1 2 2543 629 2454
3931 2 2 1 2 2544 2454 165
3932 2 2 1 2 2543 2454 2544
3933 2 2 1 2 615 2542 2540
3934 2 2 1 2 2542 629 2543
3935 2 2 1 2 2540 2543 648
3936 2 2 1 2 2542 2543 2540
3937 2 2 1 2 169 2545 2547
3938 2 2 1 2 2545 649 2546
3939 2 2 1 2 2547 2546 650
3940 2 2 1 2 2545 2546 2547
3941 2 2 1 2 649 2548 2549
3942 2 2 1 2 2548 165 2448
3943 2 2 1 2 2549 2448 626
3944 2 2 1 2 2548 2448 2549
3945 2 2 1 2 650 2550 2551
3946 2 2 1 2 2550 626 2445
3947 2 2 1 2 2551 2445 46
3948 2 2 1 2 2550 2445 2551
3949 2 2 1 2 649 2549 2546
3950 2 2 1 2 2549 626 2550
3951 2 2 1 2 2546 2550 650
3952 2 2 1 2 2549 2550 2546
3953 2 2 1 2 162 2541 2535
3954 2 2 1 2 2541 648 2552
3955 2 2 1 2 2535 2552 646
3956 2 2 1 2 2541 2552 2535
3957 2 2 1 2 648 2544 2553
3958 2 2 1 2 2544 165 2548
3959 2 2 1 2 2553 2548 649
3960 2 2 1 2 2544 2548 2553
3961 2 2 1 2 646 2554 2538
3962 2 2 1 2 2554 649 2545
3963 2 2 1 2 2538 2545 169
3964 2 2 1 2 2554 2545 2538
3965 2 2 1 2 648 2553 2552
3966 2 2 1 2 2553 649 2554
3967 2 2 1 2 2552 2554 646
3968 2 2 1 2 2553 2554 2552
3969 2 2 1 2 43 2555 2286
3970 2 2 1 2 2555 651 2556
3971 2 2 1 2 2286 2556 586
3972 2 2 1 2 2555 2556 2286
3973 2 2 1 2 651 2557 2559
3974 2 2 1 2 2557 170 2558
3975 2 2 1 2 2559 2558 652
3976 2 2 1 2 2557 2558 2559
3977 2 2 1 2 586 2560 2289
3978 2 2 1 2 2560 652 2561
3979 2 2 1 2 2289 2561 155
3980 2 2 1 2 2560 2561 2289
3981 2 2 1 2 651 2559 2556
3982 2 2 1 2 2559 652 2560
3983 2 2 1 2 2556 2560 586
3984 2 2 1 2 2559 2560 2556
3985 2 2 1 2 170 2562 2564
3986 2 2 1 2 2562 653 2563
3987 2 2 1 2 2564 2563 654
3988 2 2 1 2 2562 2563 2564
3989 2 2 1 2 653 2565 2566
3990 2 2 1 2 2565 46 2429
3991 2 2 1 2 2566 2429 621
3992 2 2 1 2 2565 2429 2566
3993 2 2 1 2 654 2567 2568
3994 2 2 1 2 2567 621 2426
3995 2 2 1 2 2568 2426 163
3996 2 2 1 2 2567 2426 2568
3997 2 2 1 2 653 2566 2563
3998 2 2 1 2 2566 621 2567
3999 2 2 1 2 2563 2567 654
4000 2 2 1 2 2566 2567 2563
4001 2 2 1 2 155 2569 2294
4002 2 2 1 2 2569 655 2570
4003 2 2 1 2 2294 2570 589
4004 2 2 1 2 2569 2570 2294
4005 2 2 1 2 655 2571 2572
4006 2 2 1 2 2571 163 2421
4007 2 2 1 2 2572 2421 619
4008 2 2 1 2 2571 2421 2572
4009 2 2 1 2 589 2573 2297
4010 2 2 1 2 2573 619 2419
4011 2 2 1 2 2297 2419 13
4012 2 2 1 2 2573 2419 2297
4013 2 2 1 2 655 2572 2570
4014 2 2 1 2 2572 619 2573
4015 2 2 1 2 2570 2573 589
4016 2 2 1 2 2572 2573 2570
4017 2 2 1 2 170 2564 2558
4018 2 2 1 2 2564 654 2574
4019 2 2 1 2 2558 2574 652
4020 2 2 1 2 2564 2574 2558
4021 2 2 1 2 654 2568 2575
4022 2 2 1 2 2568 163 2571
4023 2 2 1 2 2575 2571 655
4024 2 2 1 2 2568 2571 2575
4025 2 2 1 2 652 2576 2561
4026 2 2 1 2 2576 655 2569
4027 2 2 1 2 2561 2569 155
4028 2 2 1 2 2576 2569 2561
4029 2 2 1 2 654 2575 2574
4030 2 2 1 2 2575 655 2576
4031 2 2 1 2 2574 2576 652
4032 2 2 1 2 2575 2576 2574
4033 2 2 1 2 45 2534 2518
4034 2 2 1 2 2534 647 2577
4035 2 2 1 2 2518 2577 642
4036 2 2 1 2 2534 2577 2518
4037 2 2 1 2 647 2539 2579
4038 2 2 1 2 2539 169 2578
4039 2 2 1 2 2579 2578 656
4040 2 2 1 2 2539 2578 2579
4041 2 2 1 2 642 2580 2521
4042 2 2 1 2 2580 656 2581
4043 2 2 1 2 2521 2581 168
4044 2 2 1 2 2580 2581 2521
4045 2 2 1 2 647 2579 2577
4046 2 2 1 2 2579 656 2580
4047 2 2 1 2 2577 2580 642
4048 2 2 1 2 2579 2580 2577
4049 2 2 1 2 169 2547 2583
4050 2 2 1 2 2547 650 2582
4051 2 2 1 2 2583 2582 657
4052 2 2 1 2 2547 2582 2583
4053 2 2 1 2 650 2551 2584
4054 2 2 1 2 2551 46 2565
4055 2 2 1 2 2584 2565 653
4056 2 2 1 2 2551 2565 2584
4057 2 2 1 2 657 2585 2586
4058 2 2 1 2 2585 653 2562
4059 2 2 1 2 2586 2562 170
4060 2 2 1 2 2585 2562 2586
4061 2 2 1 2 650 2584 2582
4062 2 2 1 2 2584 653 2585
4063 2 2 1 2 2582 2585 657
4064 2 2 1 2 2584 2585 2582
4065 2 2 1 2 168 2587 2526
4066 2 2 1 2 2587 658 2588
4067 2 2 1 2 2526 2588 645
4068 2 2 1 2 2587 2588 2526
4069 2 2 1 2 658 2589 2590
4070 2 2 1 2 2589 170 2557
4071 2 2 1 2 2590 2557 651
4072 2 2 1 2 2589 2557 2590
4073 2 2 1 2 645 2591 2529
4074 2 2 1 2 2591 651 2555
4075 2 2 1 2 2529 2555 43
4076 2 2 1 2 2591 2555 2529
4077 2 2 1 2 658 2590 2588
4078 2 2 1 2 2590 651 2591
4079 2 2 1 2 2588 2591 645
4080 2 2 1 2 2590 2591 2588
4081 2 2 1 2 169 2583 2578
4082 2 2 1 2 2583 657 2592
4083 2 2 1 2 2578 2592 656
4084 2 2 1 2 2583 2592 2578
4085 2 2 1 2 657 2586 2593
4086 2 2 1 2 2586 170 2589
4087 2 2 1 2 2593 2589 658
4088 2 2 1 2 2586 2589 2593
4089 2 2 1 2 656 2594 2581
4090 2 2 1 2 2594 658 2587
4091 2 2 1 2 2581 2587 168
4092 2 2 1 2 2594 2587 2581
4093 2 2 1 2 657 2593 2592
4094 2 2 1 2 2593 658 2594
4095 2 2 1 2 2592 2594 656
4096 2 2 1 2 2593 2594 2592
4097 2 2 1 2 5 2595 2219
4098 2 2 1 2 2595 659 2596
4099 2 2 1 2 2219 2596 567
4100 2 2 1 2 2595 2596 2219
4101 2 2 1 2 659 2597 2599
4102 2 2 1 2 2597 171 2598
4103 2 2 1 2 2599 2598 660
4104 2 2 1 2 2597 2598 2599
4105 2 2 1 2 567 2600 2221
4106 2 2 1 2 2600 660 2601
4107 2 2 1 2 2221 2601 149
4108 2 2 1 2 2600 2601 2221
4109 2 2 1 2 659 2599 2596
4110 2 2 1 2 2599 660 2600
4111 2 2 1 2 2596 2600 567
4112 2 2 1 2 2599 2600 2596
4113 2 2 1 2 171 2602 2604
4114 2 2 1 2 2602 661 2603
4115 2 2 1 2 2604 2603 663
4116 2 2 1 2 2602 2603 2604
4117 2 2 1 2 661 2605 2607
4118 2 2 1 2 2605 47 2606
4119 2 2 1 2 2607 2606 662
4120 2 2 1 2 2605 2606 2607
4121 2 2 1 2 663 2608 2610
4122 2 2 1 2 2608 662 2609
4123 2 2 1 2 2610 2609 172
4124 2 2 1 2 2608 2609 2610
4125 2 2 1 2 661 2607 2603
4126 2 2 1 2 2607 662 2608
4127 2 2 1 2 2603 2608 663
4128 2 2 1 2 2607 2608 2603
4129 2 2 1 2 149 2611 2226
4130 2 2 1 2 2611 664 2612
4131 2 2 1 2 2226 2612 569
4132 2 2 1 2 2611 2612 2226
4133 2 2 1 2 664 2613 2615
4134 2 2 1 2 2613 172 2614
4135 2 2 1 2 2615 2614 665
4136 2 2 1 2 2613 2614 2615
4137 2 2 1 2 569 2616 2229
4138 2 2 1 2 2616 665 2617
4139 2 2 1 2 2229 2617 42
4140 2 2 1 2 2616 2617 2229
4141 2 2 1 2 664 2615 2612
4142 2 2 1 2 2615 665 2616
4143 2 2 1 2 2612 2616 569
4144 2 2 1 2 2615 2616 2612
4145 2 2 1 2 171 2604 2598
4146 2 2 1 2 2604 663 2618
4147 2 2 1 2 2598 2618 660
4148 2 2 1 2 2604 2618 2598
4149 2 2 1 2 663 2610 2619
4150 2 2 1 2 2610 172 2613
4151 2 2 1 2 2619 2613 664
4152 2 2 1 2 2610 2613 2619
4153 2 2 1 2 660 2620 2601
4154 2 2 1 2 2620 664 2611
4155 2 2 1 2 2601 2611 149
4156 2 2 1 2 2620 2611 2601
4157 2 2 1 2 663 2619 2618
4158 2 2 1 2 2619 664 2620
4159 2 2 1 2 2618 2620 660
4160 2 2 1 2 2619 2620 2618
4161 2 2 1 2 47 2621 2623
4162 2 2 1 2 2621 666 2622
4163 2 2 1 2 2623 2622 668
4164 2 2 1 2 2621 2622 2623
4165 2 2 1 2 666 2624 2626
4166 2 2 1 2 2624 173 2625
4167 2 2 1 2 2626 2625 667
4168 2 2 1 2 2624 2625 2626
4169 2 2 1 2 668 2627 2629
4170 2 2 1 2 2627 667 2628
4171 2 2 1 2 2629 2628 175
4172 2 2 1 2 2627 2628 2629
4173 2 2 1 2 666 2626 2622
4174 2 2 1 2 2626 667 2627
4175 2 2 1 2 2622 2627 668
4176 2 2 1 2 2626 2627 2622
4177 2 2 1 2 173 2630 2632
4178 2 2 1 2 2630 669 2631
4179 2 2 1 2 2632 2631 671
4180 2 2 1 2 2630 2631 2632
4181 2 2 1 2 669 2633 2635
4182 2 2 1 2 2633 15 2634
4183 2 2 1 2 2635 2634 670
4184 2 2 1 2 2633 2634 2635
4185 2 2 1 2 671 2636 2638
4186 2 2 1 2 2636 670 2637
4187 2 2 1 2 2638 2637 174
4188 2 2 1 2 2636 2637 2638
4189 2 2 1 2 669 2635 2631
4190 2 2 1 2 2635 670 2636
4191 2 2 1 2 2631 2636 671
4192 2 2 1 2 2635 2636 2631
4193 2 2 1 2 175 2639 2641
4194 2 2 1 2 2639 672 2640
4195 2 2 1 2 2641 2640 674
4196 2 2 1 2 2639 2640 2641
4197 2 2 1 2 672 2642 2644
4198 2 2 1 2 2642 174 2643
4199 2 2 1 2 2644 2643 673
4200 2 2 1 2 2642 2643 2644
4201 2 2 1 2 674 2645 2647
4202 2 2 1 2 2645 673 2646
4203 2 2 1 2 2647 2646 48
4204 2 2 1 2 2645 2646 2647
4205 2 2 1 2 672 2644 2640
4206 2 2 1 2 2644 673 2645
4207 2 2 1 2 2640 2645 674
4208 2 2 1 2 2644 2645 2640
4209 2 2 1 2 173 2632 2625
4210 2 2 1 2 2632 671 2648
4211 2 2 1 2 2625 2648 667
4212 2 2 1 2 2632 2648 2625
4213 2 2 1 2 671 2638 2649
4214 2 2 1 2 2638 174 2642
4215 2 2 1 2 2649 2642 672
4216 2 2 1 2 2638 2642 2649
4217 2 2 1 2 667 2650 2628
4218 2 2 1 2 2650 672 2639
4219 2 2 1 2 2628 2639 175
4220 2 2 1 2 2650 2639 2628
4221 2 2 1 2 671 2649 2648
4222 2 2 1 2 2649 672 2650
4223 2 2 1 2 2648 2650 667
4224 2 2 1 2 2649 2650 2648
4225 2 2 1 2 42 2651 2245
4226 2 2 1 2 2651 675 2652
4227 2 2 1 2 2245 2652 574
4228 2 2 1 2 2651 2652 2245
4229 2 2 1 2 675 2653 2655
4230 2 2 1 2 2653 176 2654
4231 2 2 1 2 2655 2654 676
4232 2 2 1 2 2653 2654 2655
4233 2 2 1 2 574 2656 2248
4234 2 2 1 2 2656 676 2657
4235 2 2 1 2 2248 2657 151
4236 2 2 1 2 2656 2657 2248
4237 2 2 1 2 675 2655 2652
4238 2 2 1 2 2655 676 2656
4239 2 2 1 2 2652 2656 574
4240 2 2 1 2 2655 2656 2652
4241 2 2 1 2 176 2658 2660
4242 2 2 1 2 2658 677 2659
4243 2 2 1 2 2660 2659 679
4244 2 2 1 2 2658 2659 2660
4245 2 2 1 2 677 2661 2663
4246 2 2 1 2 2661 48 2662
4247 2 2 1 2 2663 2662 678
4248 2 2 1 2 2661 2662 2663
4249 2 2 1 2 679 2664 2666
4250 2 2 1 2 2664 678 2665
4251 2 2 1 2 2666 2665 177
4252 2 2 1 2 2664 2665 2666
4253 2 2 1 2 677 2663 2659
4254 2 2 1 2 2663 678 2664
4255 2 2 1 2 2659 2664 679
4256 2 2 1 2 2663 2664 2659
4257 2 2 1 2 151 2667 2254
4258 2 2 1 2 2667 680 2668
4259 2 2 1 2 2254 2668 577
4260 2 2 1 2 2667 2668 2254
4261 2 2 1 2 680 2669 2671
4262 2 2 1 2 2669 177 2670
4263 2 2 1 2 2671 2670 681
4264 2 2 1 2 2669 2670 2671
4265 2 2 1 2 577 2672 2257
4266 2 2 1 2 2672 681 2673
4267 2 2 1 2 2257 2673 14
4268 2 2 1 2 2672 2673 2257
4269 2 2 1 2 680 2671 2668
4270 2 2 1 2 2671 681 2672
4271 2 2 1 2 2668 2672 577
4272 2 2 1 2 2671 2672 2668
4273 2 2 1 2 176 2660 2654
4274 2 2 1 2 2660 679 2674
4275 2 2 1 2 2654 2674 676
4276 2 2 1 2 2660 2674 2654
4277 2 2 1 2 679 2666 2675
4278 2 2 1 2 2666 177 2669
4279 2 2 1 2 2675 2669 680
4280 2 2 1 2 2666 2669 2675
4281 2 2 1 2 676 2676 2657
4282 2 2 1 2 2676 680 2667
4283 2 2 1 2 2657 2667 151
4284 2 2 1 2 2676 2667 2657
4285 2 2 1 2 679 2675 2674
4286 2 2 1 2 2675 680 2676
4287 2 2 1 2 2674 2676 676
4288 2 2 1 2 2675 2676 2674
4289 2 2 1 2 47 2623 2606
4290 2 2 1 2 2623 668 2677
4291 2 2 1 2 2606 2677 662
4292 2 2 1 2 2623 2677 2606
4293 2 2 1 2 668 2629 2679
4294 2 2 1 2 2629 175 2678
4295 2 2 1 2 2679 2678 682
4296 2 2 1 2 2629 2678 2679
4297 2 2 1 2 662 2680 2609
4298 2 2 1 2 2680 682 2681
4299 2 2 1 2 2609 2681 172
4300 2 2 1 2 2680 2681 2609
4301 2 2 1 2 668 2679 2677
4302 2 2 1 2 2679 682 2680
4303 2 2 1 2 2677 2680 662
4304 2 2 1 2 2679 2680 2677
4305 2 2 1 2 175 2641 2683
4306 2 2 1 2 2641 674 2682
4307 2 2 1 2 2683 2682 683
4308 2 2 1 2 2641 2682 2683
4309 2 2 1 2 674 2647 2684
4310 2 2 1 2 2647 48 2661
4311 2 2 1 2 2684 2661 677
4312 2 2 1 2 2647 2661 2684
4313 2 2 1 2 683 2685 2686
4314 2 2 1 2 2685 677 2658
4315 2 2 1 2 2686 2658 176
4316 2 2 1 2 2685 2658 2686
4317 2 2 1 2 674 2684 2682
4318 2 2 1 2 2684 677 2685
4319 2 2 1 2 2682 2685 683
4320 2 2 1 2 2684 2685 2682
4321 2 2 1 2 172 2687 2614
4322 2 2 1 2 2687 684 2688
4323 2 2 1 2 2614 2688 665
4324 2 2 1 2 2687 2688 2614
4325 2 2 1 2 684 2689 2690
4326 2 2 1 2 2689 176 2653
4327 2 2 1 2 2690 2653 675
4328 2 2 1 2 2689 2653 2690
4329 2 2 1 2 665 2691 2617
4330 2 2 1 2 2691 675 2651
4331 2 2 1 2 2617 2651 42
4332 2 2 1 2 2691 2651 2617
4333 2 2 1 2 684 2690 2688
4334 2 2 1 2 2690 675 2691
4335 2 2 1 2 2688 2691 665
4336 2 2 1 2 2690 2691 2688
4337 2 2 1 2 175 2683 2678
4338 2 2 1 2 2683 683 2692
4339 2 2 1 2 2678 2692 682
4340 2 2 1 2 2683 2692 2678
4341 2 2 1 2 683 2686 2693
4342 2 2 1 2 2686 176 2689
4343 2 2 1 2 2693 2689 684
4344 2 2 1 2 2686 2689 2693
4345 2 2 1 2 682 2694 2681
4346 2 2 1 2 2694 684 2687
4347 2 2 1 2 2681 2687 172
4348 2 2 1 2 2694 2687 2681
4349 2 2 1 2 683 2693 2692
4350 2 2 1 2 2693 684 2694
4351 2 2 1 2 2692 2694 682
4352 2 2 1 2 2693 2694 2692
4353 2 2 1 2 15 2695 2697
4354 2 2 1 2 2695 685 2696
4355 2 2 1 2 2697 2696 687
4356 2 2 1 2 2695 2696 2697
4357 2 2 1 2 685 2698 2700
4358 2 2 1 2 2698 178 2699
4359 2 2 1 2 2700 2699 686
4360 2 2 1 2 2698 2699 2700
4361 2 2 1 2 687 2701 2703
4362 2 2 1 2 2701 686 2702
4363 2 2 1 2 2703 2702 180
4364 2 2 1 2 2701 2702 2703
4365 2 2 1 2 685 2700 2696
4366 2 2 1 2 2700 686 2701
4367 2 2 1 2 2696 2701 687
4368 2 2 1 2 2700 2701 2696
4369 2 2 1 2 178 2704 2706
4370 2 2 1 2 2704 688 2705
4371 2 2 1 2 2706 2705 690
4372 2 2 1 2 2704 2705 2706
4373 2 2 1 2 688 2707 2709
4374 2 2 1 2 2707 49 2708
4375 2 2 1 2 2709 2708 689
4376 2 2 1 2 2707 2708 2709
4377 2 2 1 2 690 2710 2712
4378 2 2 1 2 2710 689 2711
4379 2 2 1 2 2712 2711 179
4380 2 2 1 2 2710 2711 2712
4381 2 2 1 2 688 2709 2705
4382 2 2 1 2 2709 689 2710
4383 2 2 1 2 2705 2710 690
4384 2 2 1 2 2709 2710 2705
4385 2 2 1 2 180 2713 2715
4386 2 2 1 2 2713 691 2714
4387 2 2 1 2 2715 2714 693
4388 2 2 1 2 2713 2714 2715
4389 2 2 1 2 691 2716 2718
4390 2 2 1 2 2716 179 2717
4391 2 2 1 2 2718 2717 692
4392 2 2 1 2 2716 2717 2718
4393 2 2 1 2 693 2719 2721
4394 2 2 1 2 2719 692 2720
4395 2 2 1 2 2721 2720 51
4396 2 2 1 2 2719 2720 2721
4397 2 2 1 2 691 2718 2714
4398 2 2 1 2 2718 692 2719
4399 2 2 1 2 2714 2719 693
4400 2 2 1 2 2718 2719 2714
4401 2 2 1 2 178 2706 2699
4402 2 2 1 2 2706 690 2722
4403 2 2 1 2 2699 2722 686
4404 2 2 1 2 2706 2722 2699
4405 2 2 1 2 690 2712 2723
4406 2 2 1 2 2712 179 2716
4407 2 2 1 2 2723 2716 691
4408 2 2 1 2 2712 2716 2723
4409 2 2 1 2 686 2724 2702
4410 2 2 1 2 2724 691 2713
4411 2 2 1 2 2702 2713 180
4412 2 2 1 2 2724 2713 2702
4413 2 2 1 2 690 2723 2722
4414 2 2 1 2 2723 691 2724
4415 2 2 1 2 2722 2724 686
4416 2 2 1 2 2723 2724 2722
4417 2 2 1 2 49 2725 2727
4418 2 2 1 2 2725 694 2726
4419 2 2 1 2 2727 2726 696
4420 2 2 1 2 2725 2726 2727
4421 2 2 1 2 694 2728 2730
4422 2 2 1 2 2728 181 2729
4423 2 2 1 2 2730 2729 695
4424 2 2 1 2 2728 2729 2730
4425 2 2 1 2 696 2731 2733
4426 2 2 1 2 2731 695 2732
4427 2 2 1 2 2733 2732 183
4428 2 2 1 2 2731 2732 2733
4429 2 2 1 2 694 2730 2726
4430 2 2 1 2 2730 695 2731
4431 2 2 1 2 2726 2731 696
4432 2 2 1 2 2730 2731 2726
4433 2 2 1 2 181 2734 2736
4434 2 2 1 2 2734 697 2735
4435 2 2 1 2 2736 2735 699
4436 2 2 1 2 2734 2735 2736
4437 2 2 1 2 697 2737 2739
4438 2 2 1 2 2737 6 2738
4439 2 2 1 2 2739 2738 698
4440 2 2 1 2 2737 2738 2739
4441 2 2 1 2 699 2740 2742
4442 2 2 1 2 2740 698 2741
4443 2 2 1 2 2742 2741 182
4444 2 2 1 2 2740 2741 2742
4445 2 2 1 2 697 2739 2735
4446 2 2 1 2 2739 698 2740
4447 2 2 1 2 2735 2740 699
4448 2 2 1 2 2739 2740 2735
4449 2 2 1 2 183 2743 2745
4450 2 2 1 2 2743 700 2744
4451 2 2 1 2 2745 2744 702
4452 2 2 1 2 2743 2744 2745
4453 2 2 1 2 700 2746 2748
4454 2 2 1 2 2746 182 2747
4455 2 2 1 2 2748 2747 701
4456 2 2 1 2 2746 2747 2748
4457 2 2 1 2 702 2749 2751
4458 2 2 1 2 2749 701 2750
4459 2 2 1 2 2751 2750 50
4460 2 2 1 2 2749 2750 2751
4461 2 2 1 2 700 2748 2744
4462 2 2 1 2 2748 701 2749
4463 2 2 1 2 2744 2749 702
4464 2 2 1 2 2748 2749 2744
4465 2 2 1 2 181 2736 2729
4466 2 2 1 2 2736 699 2752
4467 2 2 1 2 2729 2752 695
4468 2 2 1 2 2736 2752 2729
4469 2 2 1 2 699 2742 2753
4470 2 2 1 2 2742 182 2746
4471 2 2 1 2 2753 2746 700
4472 2 2 1 2 2742 2746 2753
4473 2 2 1 2 695 2754 2732
4474 2 2 1 2 2754 700 2743
4475 2 2 1 2 2732 2743 183
4476 2 2 1 2 2754 2743 2732
4477 2 2 1 2 699 2753 2752
4478 2 2 1 2 2753 700 2754
4479 2 2 1 2 2752 2754 695
4480 2 2 1 2 2753 2754 2752
4481 2 2 1 2 51 2755 2757
4482 2 2 1 2 2755 703 2756
4483 2 2 1 2 2757 2756 705
4484 2 2 1 2 2755 2756 2757
4485 2 2 1 2 703 2758 2760
4486 2 2 1 2 2758 184 2759
4487 2 2 1 2 2760 2759 704
4488 2 2 1 2 2758 2759 2760
4489 2 2 1 2 705 2761 2763
4490 2 2 1 2 2761 704 2762
4491 2 2 1 2 2763 2762 186
4492 2 2 1 2 2761 2762 2763
4493 2 2 1 2 703 2760 2756
4494 2 2 1 2 2760 704 2761
4495 2 2 1 2 2756 2761 705
4496 2 2 1 2 2760 2761 2756
4497 2 2 1 2 184 2764 2766
4498 2 2 1 2 2764 706 2765
4499 2 2 1 2 2766 2765 708
4500 2 2 1 2 2764 2765 2766
4501 2 2 1 2 706 2767 2769
4502 2 2 1 2 2767 50 2768
4503 2 2 1 2 2769 2768 707
4504 2 2 1 2 2767 2768 2769
4505 2 2 1 2 708 2770 2772
4506 2 2 1 2 2770 707 2771
4507 2 2 1 2 2772 2771 185
4508 2 2 1 2 2770 2771 2772
4509 2 2 1 2 706 2769 2765
4510 2 2 1 2 2769 707 2770
4511 2 2 1 2 2765 2770 708
4512 2 2 1 2 2769 2770 2765
4513 2 2 1 2 186 2773 2775
4514 2 2 1 2 2773 709 2774
4515 2 2 1 2 2775 2774 711
4516 2 2 1 2 2773 2774 2775
4517 2 2 1 2 709 2776 2778
4518 2 2 1 2 2776 185 2777
4519 2 2 1 2 2778 2777 710
4520 2 2 1 2 2776 2777 2778
4521 2 2 1 2 711 2779 2781
4522 2 2 1 2 2779 710 2780
4523 2 2 1 2 2781 2780 16
4524 2 2 1 2 2779 2780 2781
4525 2 2 1 2 709 2778 2774
4526 2 2 1 2 2778 710 2779
4527 2 2 1 2 2774 2779 711
4528 2 2 1 2 2778 2779 2774
4529 2 2 1 2 184 2766 2759
4530 2 2 1 2 2766 708 2782
4531 2 2 1 2 2759 2782 704
4532 2 2 1 2 2766 2782 2759
4533 2 2 1 2 708 2772 2783
4534 2 2 1 2 2772 185 2776
4535 2 2 1 2 2783 2776 709
4536 2 2 1 2 2772 2776 2783
4537 2 2 1 2 704 2784 2762
4538 2 2 1 2 2784 709 2773
4539 2 2 1 2 2762 2773 186
4540 2 2 1 2 2784 2773 2762
4541 2 2 1 2 708 2783 2782
4542 2 2 1 2 2783 709 2784
4543 2 2 1 2 2782 2784 704
4544 2 2 1 2 2783 2784 2782
4545 2 2 1 2 49 2727 2708
4546 2 2 1 2 2727 696 2785
4547 2 2 1 2 2708 2785 689
4548 2 2 1 2 2727 2785 2708
4549 2 2 1 2 696 2733 2787
4550 2 2 1 2 2733 183 2786
4551 2 2 1 2 2787 2786 712
4552 2 2 1 2 2733 2786 2787
4553 2 2 1 2 689 2788 2711
4554 2 2 1 2 2788 712 2789
4555 2 2 1 2 2711 2789 179
4556 2 2 1 2 2788 2789 2711
4557 2 2 1 2 696 2787 2785
4558 2 2 1 2 2787 712 2788
4559 2 2 1 2 2785 2788 689
4560 2 2 1 2 2787 2788 2785
4561 2 2 1 2 183 2745 2791
4562 2 2 1 2 2745 702 2790
4563 2 2 1 2 2791 2790 713
4564 2 2 1 2 2745 2790 2791
4565 2 2 1 2 702 2751 2792
4566 2 2 1 2 2751 50 2767
4567 2 2 1 2 2792 2767 706
4568 2 2 1 2 2751 2767 2792
4569 2 2 1 2 713 2793 2794
4570 2 2 1 2 2793 706 2764
4571 2 2 1 2 2794 2764 184
4572 2 2 1 2 2793 2764 2794
4573 2 2 1 2 702 2792 2790
4574 2 2 1 2 2792 706 2793
4575 2 2 1 2 2790 2793 713
4576 2 2 1 2 2792 2793 2790
4577 2 2 1 2 179 2795 2717
4578 2 2 1 2 2795 714 2796
4579 2 2 1 2 2717 2796 692
4580 2 2 1 2 2795 2796 2717
4581 2 2 1 2 714 2797 2798
4582 2 2 1 2 2797 184 2758
4583 2 2 1 2 2798 2758 703
4584 2 2 1 2 2797 2758 2798
4585 2 2 1 2 692 2799 2720
4586 2 2 1 2 2799 703 2755
4587 2 2 1 2 2720 2755 51
4588 2 2 1 2 2799 2755 2720
4589 2 2 1 2 714 2798 2796
4590 2 2 1 2 2798 703 2799
4591 2 2 1 2 2796 2799 692
4592 2 2 1 2 2798 2799 2796
4593 2 2 1 2 183 2791 2786
4594 2 2 1 2 2791 713 2800
4595 2 2 1 2 2786 2800 712
4596 2 2 1 2 2791 2800 2786
4597 2 2 1 2 713 2794 2801
4598 2 2 1 2 2794 184 2797
4599 2 2 1 2 2801 2797 714
4600 2 2 1 2 2794 2797 2801
4601 2 2 1 2 712 2802 2789
4602 2 2 1 2 2802 714 2795
4603 2 2 1 2 2789 2795 179
4604 2 2 1 2 2802 2795 2789
4605 2 2 1 2 713 2801 2800
4606 2 2 1 2 2801 714 2802
4607 2 2 1 2 2800 2802 712
4608 2 2 1 2 2801 2802 2800
4609 2 2 1 2 14 2803 2319
4610 2 2 1 2 2803 715 2804
4611 2 2 1 2 2319 2804 593
4612 2 2 1 2 2803 2804 2319
4613 2 2 1 2 715 2805 2807
4614 2 2 1 2 2805 187 2806
4615 2 2 1 2 2807 2806 716
4616 2 2 1 2 2805 2806 2807
4617 2 2 1 2 593 2808 2322
4618 2 2 1 2 2808 716 2809
4619 2 2 1 2 2322 2809 156
4620 2 2 1 2 2808 2809 2322
4621 2 2 1 2 715 2807 2804
4622 2 2 1 2 2807 716 2808
4623 2 2 1 2 2804 2808 593
4624 2 2 1 2 2807 2808 2804
4625 2 2 1 2 187 2810 2812
4626 2 2 1 2 2810 717 2811
4627 2 2 1 2 2812 2811 719
4628 2 2 1 2 2810 2811 2812
4629 2 2 1 2 717 2813 2815
4630 2 2 1 2 2813 52 2814
4631 2 2 1 2 2815 2814 718
4632 2 2 1 2 2813 2814 2815
4633 2 2 1 2 719 2816 2818
4634 2 2 1 2 2816 718 2817
4635 2 2 1 2 2818 2817 188
4636 2 2 1 2 2816 2817 2818
4637 2 2 1 2 717 2815 2811
4638 2 2 1 2 2815 718 2816
4639 2 2 1 2 2811 2816 719
4640 2 2 1 2 2815 2816 2811
4641 2 2 1 2 156 2819 2328
4642 2 2 1 2 2819 720 2820
4643 2 2 1 2 2328 2820 596
4644 2 2 1 2 2819 2820 2328
4645 2 2 1 2 720 2821 2823
4646 2 2 1 2 2821 188 2822
4647 2 2 1 2 2823 2822 721
4648 2 2 1 2 2821 2822 2823
4649 2 2 1 2 596 2824 2331
4650 2 2 1 2 2824 721 2825
4651 2 2 1 2 2331 2825 44
4652 2 2 1 2 2824 2825 2331
4653 2 2 1 2 720 2823 2820
4654 2 2 1 2 2823 721 2824
4655 2 2 1 2 2820 2824 596
4656 2 2 1 2 2823 2824 2820
4657 2 2 1 2 187 2812 2806
4658 2 2 1 2 2812 719 2826
4659 2 2 1 2 2806 2826 716
4660 2 2 1 2 2812 2826 2806
4661 2 2 1 2 719 2818 2827
4662 2 2 1 2 2818 188 2821
4663 2 2 1 2 2827 2821 720
4664 2 2 1 2 2818 2821 2827
4665 2 2 1 2 716 2828 2809
4666 2 2 1 2 2828 720 2819
4667 2 2 1 2 2809 2819 156
4668 2 2 1 2 2828 2819 2809
4669 2 2 1 2 719 2827 2826
4670 2 2 1 2 2827 720 2828
4671 2 2 1 2 2826 2828 716
4672 2 2 1 2 2827 2828 2826
4673 2 2 1 2 52 2829 2831
4674 2 2 1 2 2829 722 2830
4675 2 2 1 2 2831 2830 724
4676 2 2 1 2 2829 2830 2831
4677 2 2 1 2 722 2832 2834
4678 2 2 1 2 2832 189 2833
4679 2 2 1 2 2834 2833 723
4680 2 2 1 2 2832 2833 2834
4681 2 2 1 2 724 2835 2837
4682 2 2 1 2 2835 723 2836
4683 2 2 1 2 2837 2836 191
4684 2 2 1 2 2835 2836 2837
4685 2 2 1 2 722 2834 2830
4686 2 2 1 2 2834 723 2835
4687 2 2 1 2 2830 2835 724
4688 2 2 1 2 2834 2835 2830
4689 2 2 1 2 189 2838 2840
4690 2 2 1 2 2838 725 2839
4691 2 2 1 2 2840 2839 727
4692 2 2 1 2 2838 2839 2840
4693 2 2 1 2 725 2841 2843
4694 2 2 1 2 2841 16 2842
4695 2 2 1 2 2843 2842 726
4696 2 2 1 2 2841 2842 2843
4697 2 2 1 2 727 2844 2846
4698 2 2 1 2 2844 726 2845
4699 2 2 1 2 2846 2845 190
4700 2 2 1 2 2844 2845 2846
4701 2 2 1 2 725 2843 2839
4702 2 2 1 2 2843 726 2844
4703 2 2 1 2 2839 2844 727
4704 2 2 1 2 2843 2844 2839
4705 2 2 1 2 191 2847 2849
4706 2 2 1 2 2847 728 2848
4707 2 2 1 2 2849 2848 730
4708 2 2 1 2 2847 2848 2849
4709 2 2 1 2 728 2850 2852
4710 2 2 1 2 2850 190 2851
4711 2 2 1 2 2852 2851 729
4712 2 2 1 2 2850 2851 2852
4713 2 2 1 2 730 2853 2855
4714 2 2 1 2 2853 729 2854
4715 2 2 1 2 2855 2854 53
4716 2 2 1 2 2853 2854 2855
4717 2 2 1 2 728 2852 2848
4718 2 2 1 2 2852 729 2853
4719 2 2 1 2 2848 2853 730
4720 2 2 1 2 2852 2853 2848
4721 2 2 1 2 189 2840 2833
4722 2 2 1 2 2840 727 2856
4723 2 2 1 2 2833 2856 723
4724 2 2 1 2 2840 2856 2833
4725 2 2 1 2 727 2846 2857
4726 2 2 1 2 2846 190 2850
4727 2 2 1 2 2857 2850 728
4728 2 2 1 2 2846 2850 2857
4729 2 2 1 2 723 2858 2836
4730 2 2 1 2 2858 728 2847
4731 2 2 1 2 2836 2847 191
4732 2 2 1 2 2858 2847 2836
4733 2 2 1 2 727 2857 2856
4734 2 2 1 2 2857 728 2858
4735 2 2 1 2 2856 2858 723
4736 2 2 1 2 2857 2858 2856
4737 2 2 1 2 44 2859 2349
4738 2 2 1 2 2859 731 2860
4739 2 2 1 2 2349 2860 602
4740 2 2 1 2 2859 2860 2349
4741 2 2 1 2 731 2861 2863
4742 2 2 1 2 2861 192 2862
4743 2 2 1 2 2863 2862 732
4744 2 2 1 2 2861 2862 2863
4745 2 2 1 2 602 2864 2352
4746 2 2 1 2 2864 732 2865
4747 2 2 1 2 2352 2865 159
4748 2 2 1 2 2864 2865 2352
4749 2 2 1 2 731 2863 2860
4750 2 2 1 2 2863 732 2864
4751 2 2 1 2 2860 2864 602
4752 2 2 1 2 2863 2864 2860
4753 2 2 1 2 192 2866 2868
4754 2 2 1 2 2866 733 2867
4755 2 2 1 2 2868 2867 735
4756 2 2 1 2 2866 2867 2868
4757 2 2 1 2 733 2869 2871
4758 2 2 1 2 2869 53 2870
4759 2 2 1 2 2871 2870 734
4760 2 2 1 2 2869 2870 2871
4761 2 2 1 2 735 2872 2874
4762 2 2 1 2 2872 734 2873
4763 2 2 1 2 2874 2873 193
4764 2 2 1 2 2872 2873 2874
4765 2 2 1 2 733 2871 2867
4766 2 2 1 2 2871 734 2872
4767 2 2 1 2 2867 2872 735
4768 2 2 1 2 2871 2872 2867
4769 2 2 1 2 159 2875 2358
4770 2 2 1 2 2875 736 2876
4771 2 2 1 2 2358 2876 605
4772 2 2 1 2 2875 2876 2358
4773 2 2 1 2 736 2877 2879
4774 2 2 1 2 2877 193 2878
4775 2 2 1 2 2879 2878 737
4776 2 2 1 2 2877 2878 2879
4777 2 2 1 2 605 2880 2361
4778 2 2 1 2 2880 737 2881
4779 2 2 1 2 2361 2881 1
4780 2 2 1 2 2880 2881 2361
4781 2 2 1 2 736 2879 2876
4782 2 2 1 2 2879 737 2880
4783 2 2 1 2 2876 2880 605
4784 2 2 1 2 2879 2880 2876
4785 2 2 1 2 192 2868 2862
4786 2 2 1 2 2868 735 2882
4787 2 2 1 2 2862 2882 732
4788 2 2 1 2 2868 2882 2862
4789 2 2 1 2 735 2874 2883
4790 2 2 1 2 2874 193 2877
4791 2 2 1 2 2883 2877 736
4792 2 2 1 2 2874 2877 2883
4793 2 2 1 2 732 2884 2865
4794 2 2 1 2 2884 736 2875
4795 2 2 1 2 2865 2875 159
4796 2 2 1 2 2884 2875 2865
4797 2 2 1 2 735 2883 2882
4798 2 2 1 2 2883 736 2884
4799 2 2 1 2 2882 2884 732
4800 2 2 1 2 2883 2884 2882
4801 2 2 1 2 52 2831 2814
4802 2 2 1 2 2831 724 2885
4803 2 2 1 2 2814 2885 718
4804 2 2 1 2 2831 2885 2814
4805 2 2 1 2 724 2837 2887
4806 2 2 1 2 2837 191 2886
4807 2 2 1 2 2887 2886 738
4808 2 2 1 2 2837 2886 2887
4809 2 2 1 2 718 2888 2817
4810 2 2 1 2 2888 738 2889
4811 2 2 1 2 2817 2889 188
4812 2 2 1 2 2888 2889 2817
4813 2 2 1 2 724 2887 2885
4814 2 2 1 2 2887 738 2888
4815 2 2 1 2 2885 2888 718
4816 2 2 1 2 2887 2888 2885
4817 2 2 1 2 191 2849 2891
4818 2 2 1 2 2849 730 2890
4819 2 2 1 2 2891 2890 739
4820 2 2 1 2 2849 2890 2891
4821 2 2 1 2 730 2855 2892
4822 2 2 1 2 2855 53 2869
4823 2 2 1 2 2892 2869 733
4824 2 2 1 2 2855 2869 2892
4825 2 2 1 2 739 2893 2894
4826 2 2 1 2 2893 733 2866
4827 2 2 1 2 2894 2866 192
4828 2 2 1 2 2893 2866 2894
4829 2 2 1 2 730 2892 2890
4830 2 2 1 2 2892 733 2893
4831 2 2 1 2 2890 2893 739
4832 2 2 1 2 2892 2893 2890
4833 2 2 1 2 188 2895 2822
4834 2 2 1 2 2895 740 2896
4835 2 2 1 2 2822 2896 721
4836 2 2 1 2 2895 2896 2822
4837 2 2 1 2 740 2897 2898
4838 2 2 1 2 2897 192 2861
4839 2 2 1 2 2898 2861 731
4840 2 2 1 2 2897 2861 2898
4841 2 2 1 2 721 2899 2825
4842 2 2 1 2 2899 731 2859
4843 2 2 1 2 2825 2859 44
4844 2 2 1 2 2899 2859 2825
4845 2 2 1 2 740 2898 2896
4846 2 2 1 2 2898 731 2899
4847 2 2 1 2 2896 2899 721
4848 2 2 1 2 2898 2899 2896
4849 2 2 1 2 191 2891 2886
4850 2 2 1 2 2891 739 2900
4851 2 2 1 2 2886 2900 738
4852 2 2 1 2 2891 2900 2886
4853 2 2 1 2 739 2894 2901
4854 2 2 1 2 2894 192 2897
4855 2 2 1 2 2901 2897 740
4856 2 2 1 2 2894 2897 2901
4857 2 2 1 2 738 2902 2889
4858 2 2 1 2 2902 740 2895
4859 2 2 1 2 2889 2895 188
4860 2 2 1 2 2902 2895 2889
4861 2 2 1 2 739 2901 2900
4862 2 2 1 2 2901 740 2902
4863 2 2 1 2 2900 2902 738
4864 2 2 1 2 2901 2902 2900
4865 2 2 1 2 15 2697 2634
4866 2 2 1 2 2697 687 2903
4867 2 2 1 2 2634 2903 670
4868 2 2 1 2 2697 2903 2634
4869 2 2 1 2 687 2703 2905
4870 2 2 1 2 2703 180 2904
4871 2 2 1 2 2905 2904 741
4872 2 2 1 2 2703 2904 2905
4873 2 2 1 2 670 2906 2637
4874 2 2 1 2 2906 741 2907
4875 2 2 1 2 2637 2907 174
4876 2 2 1 2 2906 2907 2637
4877 2 2 1 2 687 2905 2903
4878 2 2 1 2 2905 741 2906
4879 2 2 1 2 2903 2906 670
4880 2 2 1 2 2905 2906 2903
4881 2 2 1 2 180 2715 2909
4882 2 2 1 2 2715 693 2908
4883 2 2 1 2 2909 2908 743
4884 2 2 1 2 2715 2908 2909
4885 2 2 1 2 693 2721 2911
4886 2 2 1 2 2721 51 2910
4887 2 2 1 2 2911 2910 742
4888 2 2 1 2 2721 2910 2911
4889 2 2 1 2 743 2912 2914
4890 2 2 1 2 2912 742 2913
4891 2 2 1 2 2914 2913 194
4892 2 2 1 2 2912 2913 2914
4893 2 2 1 2 693 2911 2908
4894 2 2 1 2 2911 742 2912
4895 2 2 1 2 2908 2912 743
4896 2 2 1 2 2911 2912 2908
4897 2 2 1 2 174 2915 2643
4898 2 2 1 2 2915 744 2916
4899 2 2 1 2 2643 2916 673
4900 2 2 1 2 2915 2916 2643
4901 2 2 1 2 744 2917 2919
4902 2 2 1 2 2917 194 2918
4903 2 2 1 2 2919 2918 745
4904 2 2 1 2 2917 2918 2919
4905 2 2 1 2 673 2920 2646
4906 2 2 1 2 2920 745 2921
4907 2 2 1 2 2646 2921 48
4908 2 2 1 2 2920 2921 2646
4909 2 2 1 2 744 2919 2916
4910 2 2 1 2 2919 745 2920
4911 2 2 1 2 2916 2920 673
4912 2 2 1 2 2919 2920 2916
4913 2 2 1 2 180 2909 2904
4914 2 2 1 2 2909 743 2922
4915 2 2 1 2 2904 2922 741
4916 2 2 1 2 2909 2922 2904
4917 2 2 1 2 743 2914 2923
4918 2 2 1 2 2914 194 2917
4919 2 2 1 2 2923 2917 744
4920 2 2 1 2 2914 2917 2923
4921 2 2 1 2 741 2924 2907
4922 2 2 1 2 2924 744 2915
4923 2 2 1 2 2907 2915 174
4924 2 2 1 2 2924 2915 2907
4925 2 2 1 2 743 2923 2922
4926 2 2 1 2 2923 744 2924
4927 2 2 1 2 2922 2924 741
4928 2 2 1 2 2923 2924 2922
4929 2 2 1 2 51 2757 2926
4930 2 2 1 2 2757 705 2925
4931 2 2 1 2 2926 2925 747
4932 2 2 1 2 2757 2925 2926
4933 2 2 1 2 705 2763 2928
4934 2 2 1 2 2763 186 2927
4935 2 2 1 2 2928 2927 746
4936 2 2 1 2 2763 2927 2928
4937 2 2 1 2 747 2929 2931
4938 2 2 1 2 2929 746 2930
4939 2 2 1 2 2931 2930 195
4940 2 2 1 2 2929 2930 2931
4941 2 2 1 2 705 2928 2925
4942 2 2 1 2 2928 746 2929
4943 2 2 1 2 2925 2929 747
4944 2 2 1 2 2928 2929 2925
4945 2 2 1 2 186 2775 2933
4946 2 2 1 2 2775 711 2932
4947 2 2 1 2 2933 2932 748
4948 2 2 1 2 2775 2932 2933
4949 2 2 1 2 711 2781 2934
4950 2 2 1 2 2781 16 2841
4951 2 2 1 2 2934 2841 725
4952 2 2 1 2 2781 2841 2934
4953 2 2 1 2 748 2935 2936
4954 2 2 1 2 2935 725 2838
4955 2 2 1 2 2936 2838 189
4956 2 2 1 2 2935 2838 2936
4957 2 2 1 2 711 2934 2932
4958 2 2 1 2 2934 725 2935
4959 2 2 1 2 2932 2935 748
4960 2 2 1 2 2934 2935 2932
4961 2 2 1 2 195 2937 2939
4962 2 2 1 2 2937 749 2938
4963 2 2 1 2 2939 2938 750
4964 2 2 1 2 2937 2938 2939
4965 2 2 1 2 749 2940 2941
4966 2 2 1 2 2940 189 2832
4967 2 2 1 2 2941 2832 722
4968 2 2 1 2 2940 2832 2941
4969 2 2 1 2 750 2942 2943
4970 2 2 1 2 2942 722 2829
4971 2 2 1 2 2943 2829 52
4972 2 2 1 2 2942 2829 2943
4973 2 2 1 2 749 2941 2938
4974 2 2 1 2 2941 722 2942
4975 2 2 1 2 2938 2942 750
4976 2 2 1 2 2941 2942 2938
4977 2 2 1 2 186 2933 2927
4978 2 2 1 2 2933 748 2944
4979 2 2 1 2 2927 2944 746
4980 2 2 1 2 2933 2944 2927
4981 2 2 1 2 748 2936 2945
4982 2 2 1 2 2936 189 2940
4983 2 2 1 2 2945 2940 749
4984 2 2 1 2 2936 2940 2945
4985 2 2 1 2 746 2946 2930
4986 2 2 1 2 2946 749 2937
4987 2 2 1 2 2930 2937 195
4988 2 2 1 2 2946 2937 2930
4989 2 2 1 2 748 2945 2944
4990 2 2 1 2 2945 749 2946
4991 2 2 1 2 2944 2946 746
4992 2 2 1 2 2945 2946 2944
4993 2 2 1 2 48 2947 2662
4994 2 2 1 2 2947 751 2948
4995 2 2 1 2 2662 2948 678
4996 2 2 1 2 2947 2948 2662
4997 2 2 1 2 751 2949 2951
4998 2 2 1 2 2949 196 2950
4999 2 2 1 2 2951 2950 752
5000 2 2 1 2 2949 2950 2951
5001 2 2 1 2 678 2952 2665
5002 2 2 1 2 2952 752 2953
5003 2 2 1 2 2665 2953 177
5004 2 2 1 2 2952 2953 2665
5005 2 2 1 2 751 2951 2948
5006 2 2 1 2 2951 752 2952
5007 2 2 1 2 2948 2952 678
5008 2 2 1 2 2951 2952 2948
5009 2 2 1 2 196 2954 2956
5010 2 2 1 2 2954 753 2955
5011 2 2 1 2 2956 2955 754
5012 2 2 1 2 2954 2955 2956
5013 2 2 1 2 753 2957 2958
5014 2 2 1 2 2957 52 2813
5015 2 2 1 2 2958 2813 717
5016 2 2 1 2 2957 2813 2958
5017 2 2 1 2 754 2959 2960
5018 2 2 1 2 2959 717 2810
5019 2 2 1 2 2960 2810 187
5020 2 2 1 2 2959 2810 2960
5021 2 2 1 2 753 2958 2955
5022 2 2 1 2 2958 717 2959
5023 2 2 1 2 2955 2959 754
5024 2 2 1 2 2958 2959 2955
5025 2 2 1 2 177 2961 2670
5026 2 2 1 2 2961 755 2962
5027 2 2 1 2 2670 2962 681
5028 2 2 1 2 2961 2962 2670
5029 2 2 1 2 755 2963 2964
5030 2 2 1 2 2963 187 2805
5031 2 2 1 2 2964 2805 715
5032 2 2 1 2 2963 2805 2964
5033 2 2 1 2 681 2965 2673
5034 2 2 1 2 2965 715 2803
5035 2 2 1 2 2673 2803 14
5036 2 2 1 2 2965 2803 2673
5037 2 2 1 2 755 2964 2962
5038 2 2 1 2 2964 715 2965
5039 2 2 1 2 2962 2965 681
5040 2 2 1 2 2964 2965 2962
5041 2 2 1 2 196 2956 2950
5042 2 2 1 2 2956 754 2966
5043 2 2 1 2 2950 2966 752
5044 2 2 1 2 2956 2966 2950
5045 2 2 1 2 754 2960 2967
5046 2 2 1 2 2960 187 2963
5047 2 2 1 2 2967 2963 755
5048 2 2 1 2 2960 2963 2967
5049 2 2 1 2 752 2968 2953
5050 2 2 1 2 2968 755 2961
5051 2 2 1 2 2953 2961 177
5052 2 2 1 2 2968 2961 2953
5053 2 2 1 2 754 2967 2966
5054 2 2 1 2 2967 755 2968
5055 2 2 1 2 2966 2968 752
5056 2 2 1 2 2967 2968 2966
5057 2 2 1 2 51 2926 2910
5058 2 2 1 2 2926 747 2969
5059 2 2 1 2 2910 2969 742
5060 2 2 1 2 2926 2969 2910
5061 2 2 1 2 747 2931 2971
5062 2 2 1 2 2931 195 2970
5063 2 2 1 2 2971 2970 756
5064 2 2 1 2 2931 2970 2971
5065 2 2 1 2 742 2972 2913
5066 2 2 1 2 2972 756 2973
5067 2 2 1 2 2913 2973 194
5068 2 2 1 2 2972 2973 2913
5069 2 2 1 2 747 2971 2969
5070 2 2 1 2 2971 756 2972
5071 2 2 1 2 2969 2972 742
5072 2 2 1 2 2971 2972 2969
5073 2 2 1 2 195 2939 2975
5074 2 2 1 2 2939 750 2974
5075 2 2 1 2 2975 2974 757
5076 2 2 1 2 2939 2974 2975
5077 2 2 1 2 750 2943 2976
5078 2 2 1 2 2943 52 2957
5079 2 2 1 2 2976 2957 753
5080 2 2 1 2 2943 2957 2976
5081 2 2 1 2 757 2977 2978
5082 2 2 1 2 2977 753 2954
5083 2 2 1 2 2978 2954 196
5084 2 2 1 2 2977 2954 2978
5085 2 2 1 2 750 2976 2974
5086 2 2 1 2 2976 753 2977
5087 2 2 1 2 2974 2977 757
5088 2 2 1 2 2976 2977 2974
5089 2 2 1 2 194 2979 2918
5090 2 2 1 2 2979 758 2980
5091 2 2 1 2 2918 2980 745
5092 2 2 1 2 2979 2980 2918
5093 2 2 1 2 758 2981 2982
5094 2 2 1 2 2981 196 2949
5095 2 2 1 2 2982 2949 751
5096 2 2 1 2 2981 2949 2982
5097 2 2 1 2 745 2983 2921
5098 2 2 1 2 2983 751 2947
5099 2 2 1 2 2921 2947 48
5100 2 2 1 2 2983 2947 2921
5101 2 2 1 2 758 2982 2980
5102 2 2 1 2 2982 751 2983
5103 2 2 1 2 2980 2983 745
5104 2 2 1 2 2982 2983 2980
5105 2 2 1 2 195 2975 2970
5106 2 2 1 2 2975 757 2984
5107 2 2 1 2 2970 2984 756
5108 2 2 1 2 2975 2984 2970
5109 2 2 1 2 757 2978 2985
5110 2 2 1 2 2978 196 2981
5111 2 2 1 2 2985 2981 758
5112 2 2 1 2 2978 2981 2985
5113 2 2 1 2 756 2986 2973
5114 2 2 1 2 2986 758 2979
5115 2 2 1 2 2973 2979 194
5116 2 2 1 2 2986 2979 2973
5117 2 2 1 2 757 2985 2984
5118 2 2 1 2 2985 758 2986
5119 2 2 1 2 2984 2986 756
5120 2 2 1 2 2985 2986 2984
5121 2 2 1 2 1 2881 1027
5122 2 2 1 2 2881 737 2987
5123 2 2 1 2 1027 2987 259
5124 2 2 1 2 2881 2987 1027
5125 2 2 1 2 737 2878 2989
5126 2 2 1 2 2878 193 2988
5127 2 2 1 2 2989 2988 759
5128 2 2 1 2 2878 2988 2989
5129 2 2 1 2 259 2990 1030
5130 2 2 1 2 2990 759 2991
5131 2 2 1 2 1030 2991 67
5132 2 2 1 2 2990 2991 1030
5133 2 2 1 2 737 2989 2987
5134 2 2 1 2 2989 759 2990
5135 2 2 1 2 2987 2990 259
5136 2 2 1 2 2989 2990 2987
5137 2 2 1 2 193 2873 2993
5138 2 2 1 2 2873 734 2992
5139 2 2 1 2 2993 2992 761
5140 2 2 1 2 2873 2992 2993
5141 2 2 1 2 734 2870 2995
5142 2 2 1 2 2870 53 2994
5143 2 2 1 2 2995 2994 760
5144 2 2 1 2 2870 2994 2995
5145 2 2 1 2 761 2996 2998
5146 2 2 1 2 2996 760 2997
5147 2 2 1 2 2998 2997 197
5148 2 2 1 2 2996 2997 2998
5149 2 2 1 2 734 2995 2992
5150 2 2 1 2 2995 760 2996
5151 2 2 1 2 2992 2996 761
5152 2 2 1 2 2995 2996 2992
5153 2 2 1 2 67 2999 1036
5154 2 2 1 2 2999 762 3000
5155 2 2 1 2 1036 3000 262
5156 2 2 1 2 2999 3000 1036
5157 2 2 1 2 762 3001 3003
5158 2 2 1 2 3001 197 3002
5159 2 2 1 2 3003 3002 763
5160 2 2 1 2 3001 3002 3003
5161 2 2 1 2 262 3004 1039
5162 2 2 1 2 3004 763 3005
5163 2 2 1 2 1039 3005 19
5164 2 2 1 2 3004 3005 1039
5165 2 2 1 2 762 3003 3000
5166 2 2 1 2 3003 763 3004
5167 2 2 1 2 3000 3004 262
5168 2 2 1 2 3003 3004 3000
5169 2 2 1 2 193 2993 2988
5170 2 2 1 2 2993 761 3006
5171 2 2 1 2 2988 3006 759
5172 2 2 1 2 2993 3006 2988
5173 2 2 1 2 761 2998 3007
5174 2 2 1 2 2998 197 3001
5175 2 2 1 2 3007 3001 762
5176 2 2 1 2 2998 3001 3007
5177 2 2 1 2 759 3008 2991
5178 2 2 1 2 3008 762 2999
5179 2 2 1 2 2991 2999 67
5180 2 2 1 2 3008 2999 2991
5181 2 2 1 2 761 3007 3006
5182 2 2 1 2 3007 762 3008
5183 2 2 1 2 3006 3008 759
5184 2 2 1 2 3007 3008 3006
5185 2 2 1 2 53 2854 3010
5186 2 2 1 2 2854 729 3009
5187 2 2 1 2 3010 3009 765
5188 2 2 1 2 2854 3009 3010
5189 2 2 1 2 729 2851 3012
5190 2 2 1 2 2851 190 3011
5191 2 2 1 2 3012 3011 764
5192 2 2 1 2 2851 3011 3012
5193 2 2 1 2 765 3013 3015
5194 2 2 1 2 3013 764 3014
5195 2 2 1 2 3015 3014 199
5196 2 2 1 2 3013 3014 3015
5197 2 2 1 2 729 3012 3009
5198 2 2 1 2 3012 764 3013
5199 2 2 1 2 3009 3013 765
5200 2 2 1 2 3012 3013 3009
5201 2 2 1 2 190 2845 3017
5202 2 2 1 2 2845 726 3016
5203 2 2 1 2 3017 3016 767
5204 2 2 1 2 2845 3016 3017
5205 2 2 1 2 726 2842 3019
5206 2 2 1 2 2842 16 3018
5207 2 2 1 2 3019 3018 766
5208 2 2 1 2 2842 3018 3019
5209 2 2 1 2 767 3020 3022
5210 2 2 1 2 3020 766 3021
5211 2 2 1 2 3022 3021 198
5212 2 2 1 2 3020 3021 3022
5213 2 2 1 2 726 3019 3016
5214 2 2 1 2 3019 766 3020
5215 2 2 1 2 3016 3020 767
5216 2 2 1 2 3019 3020 3016
5217 2 2 1 2 199 3023 3025
5218 2 2 1 2 3023 768 3024
5219 2 2 1 2 3025 3024 770
5220 2 2 1 2 3023 3024 3025
5221 2 2 1 2 768 3026 3028
5222 2 2 1 2 3026 198 3027
5223 2 2 1 2 3028 3027 769
5224 2 2 1 2 3026 3027 3028
5225 2 2 1 2 770 3029 3031
5226 2 2 1 2 3029 769 3030
5227 2 2 1 2 3031 3030 54
5228 2 2 1 2 3029 3030 3031
5229 2 2 1 2 768 3028 3024
5230 2 2 1 2 3028 769 3029
5231 2 2 1 2 3024 3029 770
5232 2 2 1 2 3028 3029 3024
5233 2 2 1 2 190 3017 3011
5234 2 2 1 2 3017 767 3032
5235 2 2 1 2 3011 3032 764
5236 2 2 1 2 3017 3032 3011
5237 2 2 1 2 767 3022 3033
5238 2 2 1 2 3022 198 3026
5239 2 2 1 2 3033 3026 768
5240 2 2 1 2 3022 3026 3033
5241 2 2 1 2 764 3034 3014
5242 2 2 1 2 3034 768 3023
5243 2 2 1 2 3014 3023 199
5244 2 2 1 2 3034 3023 3014
5245 2 2 1 2 767 3033 3032
5246 2 2 1 2 3033 768 3034
5247 2 2 1 2 3032 3034 764
5248 2 2 1 2 3033 3034 3032
5249 2 2 1 2 19 3035 1057
5250 2 2 1 2 3035 771 3036
5251 2 2 1 2 1057 3036 268
5252 2 2 1 2 3035 3036 1057
5253 2 2 1 2 771 3037 3039
5254 2 2 1 2 3037 200 3038
5255 2 2 1 2 3039 3038 772
5256 2 2 1 2 3037 3038 3039
5257 2 2 1 2 268 3040 1060
5258 2 2 1 2 3040 772 3041
5259 2 2 1 2 1060 3041 70
5260 2 2 1 2 3040 3041 1060
5261 2 2 1 2 771 3039 3036
5262 2 2 1 2 3039 772 3040
5263 2 2 1 2 3036 3040 268
5264 2 2 1 2 3039 3040 3036
5265 2 2 1 2 200 3042 3044
5266 2 2 1 2 3042 773 3043
5267 2 2 1 2 3044 3043 775
5268 2 2 1 2 3042 3043 3044
5269 2 2 1 2 773 3045 3047
5270 2 2 1 2 3045 54 3046
5271 2 2 1 2 3047 3046 774
5272 2 2 1 2 3045 3046 3047
5273 2 2 1 2 775 3048 3050
5274 2 2 1 2 3048 774 3049
5275 2 2 1 2 3050 3049 201
5276 2 2 1 2 3048 3049 3050
5277 2 2 1 2 773 3047 3043
5278 2 2 1 2 3047 774 3048
5279 2 2 1 2 3043 3048 775
5280 2 2 1 2 3047 3048 3043
5281 2 2 1 2 70 3051 1066
5282 2 2 1 2 3051 776 3052
5283 2 2 1 2 1066 3052 271
5284 2 2 1 2 3051 3052 1066
5285 2 2 1 2 776 3053 3055
5286 2 2 1 2 3053 201 3054
5287 2 2 1 2 3055 3054 777
5288 2 2 1 2 3053 3054 3055
5289 2 2 1 2 271 3056 1069
5290 2 2 1 2 3056 777 3057
5291 2 2 1 2 1069 3057 7
5292 2 2 1 2 3056 3057 1069
5293 2 2 1 2 776 3055 3052
5294 2 2 1 2 3055 777 3056
5295 2 2 1 2 3052 3056 271
5296 2 2 1 2 3055 3056 3052
5297 2 2 1 2 200 3044 3038
5298 2 2 1 2 3044 775 3058
5299 2 2 1 2 3038 3058 772
5300 2 2 1 2 3044 3058 3038
5301 2 2 1 2 775 3050 3059
5302 2 2 1 2 3050 201 3053
5303 2 2 1 2 3059 3053 776
5304 2 2 1 2 3050 3053 3059
5305 2 2 1 2 772 3060 3041
5306 2 2 1 2 3060 776 3051
5307 2 2 1 2 3041 3051 70
5308 2 2 1 2 3060 3051 3041
5309 2 2 1 2 775 3059 3058
5310 2 2 1 2 3059 776 3060
5311 2 2 1 2 3058 3060 772
5312 2 2 1 2 3059 3060 3058
5313 2 2 1 2 53 3010 2994
5314 2 2 1 2 3010 765 3061
5315 2 2 1 2 2994 3061 760
5316 2 2 1 2 3010 3061 2994
5317 2 2 1 2 765 3015 3063
5318 2 2 1 2 3015 199 3062
5319 2 2 1 2 3063 3062 778
5320 2 2 1 2 3015 3062 3063
5321 2 2 1 2 760 3064 2997
5322 2 2 1 2 3064 778 3065
5323 2 2 1 2 2997 3065 197
5324 2 2 1 2 3064 3065 2997
5325 2 2 1 2 765 3063 3061
5326 2 2 1 2 3063 778 3064
5327 2 2 1 2 3061 3064 760
5328 2 2 1 2 3063 3064 3061
5329 2 2 1 2 199 3025 3067
5330 2 2 1 2 3025 770 3066
5331 2 2 1 2 3067 3066 779
5332 2 2 1 2 3025 3066 3067
5333 2 2 1 2 770 3031 3068
5334 2 2 1 2 3031 54 3045
5335 2 2 1 2 3068 3045 773
5336 2 2 1 2 3031 3045 3068
5337 2 2 1 2 779 3069 3070
5338 2 2 1 2 3069 773 3042
5339 2 2 1 2 3070 3042 200
5340 2 2 1 2 3069 3042 3070
5341 2 2 1 2 770 3068 3066
5342 2 2 1 2 3068 773 3069
5343 2 2 1 2 3066 3069 779
5344 2 2 1 2 3068 3069 3066
5345 2 2 1 2 197 3071 3002
5346 2 2 1 2 3071 780 3072
5347 2 2 1 2 3002 3072 763
5348 2 2 1 2 3071 3072 3002
5349 2 2 1 2 780 3073 3074
5350 2 2 1 2 3073 200 3037
5351 2 2 1 2 3074 3037 771
5352 2 2 1 2 3073 3037 3074
5353 2 2 1 2 763 3075 3005
5354 2 2 1 2 3075 771 3035
5355 2 2 1 2 3005 3035 19
5356 2 2 1 2 3075 3035 3005
5357 2 2 1 2 780 3074 3072
5358 2 2 1 2 3074 771 3075
5359 2 2 1 2 3072 3075 763
5360 2 2 1 2 3074 3075 3072
5361 2 2 1 2 199 3067 3062
5362 2 2 1 2 3067 779 3076
5363 2 2 1 2 3062 3076 778
5364 2 2 1 2 3067 3076 3062
5365 2 2 1 2 779 3070 3077
5366 2 2 1 2 3070 200 3073
5367 2 2 1 2 3077 3073 780
5368 2 2 1 2 3070 3073 3077
5369 2 2 1 2 778 3078 3065
5370 2 2 1 2 3078 780 3071
5371 2 2 1 2 3065 3071 197
5372 2 2 1 2 3078 3071 3065
5373 2 2 1 2 779 3077 3076
5374 2 2 1 2 3077 780 3078
5375 2 2 1 2 3076 3078 778
5376 2 2 1 2 3077 3078 3076
5377 2 2 1 2 16 2780 3080
5378 2 2 1 2 2780 710 3079
5379 2 2 1 2 3080 3079 782
5380 2 2 1 2 2780 3079 3080
5381 2 2 1 2 710 2777 3082
5382 2 2 1 2 2777 185 3081
5383 2 2 1 2 3082 3081 781
5384 2 2 1 2 2777 3081 3082
5385 2 2 1 2 782 3083 3085
5386 2 2 1 2 3083 781 3084
5387 2 2 1 2 3085 3084 203
5388 2 2 1 2 3083 3084 3085
5389 2 2 1 2 710 3082 3079
5390 2 2 1 2 3082 781 3083
5391 2 2 1 2 3079 3083 782
5392 2 2 1 2 3082 3083 3079
5393 2 2 1 2 185 2771 3087
5394 2 2 1 2 2771 707 3086
5395 2 2 1 2 3087 3086 784
5396 2 2 1 2 2771 3086 3087
5397 2 2 1 2 707 2768 3089
5398 2 2 1 2 2768 50 3088
5399 2 2 1 2 3089 3088 783
5400 2 2 1 2 2768 3088 3089
5401 2 2 1 2 784 3090 3092
5402 2 2 1 2 3090 783 3091
5403 2 2 1 2 3092 3091 202
5404 2 2 1 2 3090 3091 3092
5405 2 2 1 2 707 3089 3086
5406 2 2 1 2 3089 783 3090
5407 2 2 1 2 3086 3090 784
5408 2 2 1 2 3089 3090 3086
5409 2 2 1 2 203 3093 3095
5410 2 2 1 2 3093 785 3094
5411 2 2 1 2 3095 3094 787
5412 2 2 1 2 3093 3094 3095
5413 2 2 1 2 785 3096 3098
5414 2 2 1 2 3096 202 3097
5415 2 2 1 2 3098 3097 786
5416 2 2 1 2 3096 3097 3098
5417 2 2 1 2 787 3099 3101
5418 2 2 1 2 3099 786 3100
5419 2 2 1 2 3101 3100 56
5420 2 2 1 2 3099 3100 3101
5421 2 2 1 2 785 3098 3094
5422 2 2 1 2 3098 786 3099
5423 2 2 1 2 3094 3099 787
5424 2 2 1 2 3098 3099 3094
5425 2 2 1 2 185 3087 3081
5426 2 2 1 2 3087 784 3102
5427 2 2 1 2 3081 3102 781
5428 2 2 1 2 3087 3102 3081
5429 2 2 1 2 784 3092 3103
5430 2 2 1 2 3092 202 3096
5431 2 2 1 2 3103 3096 785
5432 2 2 1 2 3092 3096 3103
5433 2 2 1 2 781 3104 3084
5434 2 2 1 2 3104 785 3093
5435 2 2 1 2 3084 3093 203
5436 2 2 1 2 3104 3093 3084
5437 2 2 1 2 784 3103 3102
5438 2 2 1 2 3103 785 3104
5439 2 2 1 2 3102 3104 781
5440 2 2 1 2 3103 3104 3102
5441 2 2 1 2 50 2750 3106
5442 2 2 1 2 2750 701 3105
5443 2 2 1 2 3106 3105 789
5444 2 2 1 2 2750 3105 3106
5445 2 2 1 2 701 2747 3108
5446 2 2 1 2 2747 182 3107
5447 2 2 1 2 3108 3107 788
5448 2 2 1 2 2747 3107 3108
5449 2 2 1 2 789 3109 3111
5450 2 2 1 2 3109 788 3110
5451 2 2 1 2 3111 3110 205
5452 2 2 1 2 3109 3110 3111
5453 2 2 1 2 701 3108 3105
5454 2 2 1 2 3108 788 3109
5455 2 2 1 2 3105 3109 789
5456 2 2 1 2 3108 3109 3105
5457 2 2 1 2 182 2741 3113
5458 2 2 1 2 2741 698 3112
5459 2 2 1 2 3113 3112 791
5460 2 2 1 2 2741 3112 3113
5461 2 2 1 2 698 2738 3115
5462 2 2 1 2 2738 6 3114
5463 2 2 1 2 3115 3114 790
5464 2 2 1 2 2738 3114 3115
5465 2 2 1 2 791 3116 3118
5466 2 2 1 2 3116 790 3117
5467 2 2 1 2 3118 3117 204
5468 2 2 1 2 3116 3117 3118
5469 2 2 1 2 698 3115 3112
5470 2 2 1 2 3115 790 3116
5471 2 2 1 2 3112 3116 791
5472 2 2 1 2 3115 3116 3112
5473 2 2 1 2 205 3119 3121
5474 2 2 1 2 3119 792 3120
5475 2 2 1 2 3121 3120 794
5476 2 2 1 2 3119 3120 3121
5477 2 2 1 2 792 3122 3124
5478 2 2 1 2 3122 204 3123
5479 2 2 1 2 3124 3123 793
5480 2 2 1 2 3122 3123 3124
5481 2 2 1 2 794 3125 3127
5482 2 2 1 2 3125 793 3126
5483 2 2 1 2 3127 3126 55
5484 2 2 1 2 3125 3126 3127
5485 2 2 1 2 792 3124 3120
5486 2 2 1 2 3124 793 3125
5487 2 2 1 2 3120 3125 794
5488 2 2 1 2 3124 3125 3120
5489 2 2 1 2 182 3113 3107
5490 2 2 1 2 3113 791 3128
5491 2 2 1 2 3107 3128 788
5492 2 2 1 2 3113 3128 3107
5493 2 2 1 2 791 3118 3129
5494 2 2 1 2 3118 204 3122
5495 2 2 1 2 3129 3122 792
5496 2 2 1 2 3118 3122 3129
5497 2 2 1 2 788 3130 3110
5498 2 2 1 2 3130 792 3119
5499 2 2 1 2 3110 3119 205
5500 2 2 1 2 3130 3119 3110
5501 2 2 1 2 791 3129 3128
5502 2 2 1 2 3129 792 3130
5503 2 2 1 2 3128 3130 788
5504 2 2 1 2 3129 3130 3128
5505 2 2 1 2 56 3131 3133
5506 2 2 1 2 3131 795 3132
5507 2 2 1 2 3133 3132 797
5508 2 2 1 2 3131 3132 3133
5509 2 2 1 2 795 3134 3136
5510 2 2 1 2 3134 206 3135
5511 2 2 1 2 3136 3135 796
5512 2 2 1 2 3134 3135 3136
5513 2 2 1 2 797 3137 3139
5514 2 2 1 2 3137 796 3138
5515 2 2 1 2 3139 3138 208
5516 2 2 1 2 3137 3138 3139
5517 2 2 1 2 795 3136 3132
5518 2 2 1 2 3136 796 3137
5519 2 2 1 2 3132 3137 797
5520 2 2 1 2 3136 3137 3132
5521 2 2 1 2 206 3140 3142
5522 2 2 1 2 3140 798 3141
5523 2 2 1 2 3142 3141 800
5524 2 2 1 2 3140 3141 3142
5525 2 2 1 2 798 3143 3145
5526 2 2 1 2 3143 55 3144
5527 2 2 1 2 3145 3144 799
5528 2 2 1 2 3143 3144 3145
5529 2 2 1 2 800 3146 3148
5530 2 2 1 2 3146 799 3147
5531 2 2 1 2 3148 3147 207
5532 2 2 1 2 3146 3147 3148
5533 2 2 1 2 798 3145 3141
5534 2 2 1 2 3145 799 3146
5535 2 2 1 2 3141 3146 800
5536 2 2 1 2 3145 3146 3141
5537 2 2 1 2 208 3149 3151
5538 2 2 1 2 3149 801 3150
5539 2 2 1 2 3151 3150 803
5540 2 2 1 2 3149 3150 3151
5541 2 2 1 2 801 3152 3154
5542 2 2 1 2 3152 207 3153
5543 2 2 1 2 3154 3153 802
5544 2 2 1 2 3152 3153 3154
5545 2 2 1 2 803 3155 3157
5546 2 2 1 2 3155 802 3156
5547 2 2 1 2 3157 3156 17
5548 2 2 1 2 3155 3156 3157
5549 2 2 1 2 801 3154 3150
5550 2 2 1 2 3154 802 3155
5551 2 2 1 2 3150 3155 803
5552 2 2 1 2 3154 3155 3150
5553 2 2 1 2 206 3142 3135
5554 2 2 1 2 3142 800 3158
5555 2 2 1 2 3135 3158 796
5556 2 2 1 2 3142 3158 3135
5557 2 2 1 2 800 3148 3159
5558 2 2 1 2 3148 207 3152
5559 2 2 1 2 3159 3152 801
5560 2 2 1 2 3148 3152 3159
5561 2 2 1 2 796 3160 3138
5562 2 2 1 2 3160 801 3149
5563 2 2 1 2 3138 3149 208
5564 2 2 1 2 3160 3149 3138
5565 2 2 1 2 800 3159 3158
5566 2 2 1 2 3159 801 3160
5567 2 2 1 2 3158 3160 796
5568 2 2 1 2 3159 3160 3158
5569 2 2 1 2 50 3106 3088
5570 2 2 1 2 3106 789 3161
5571 2 2 1 2 3088 3161 783
5572 2 2 1 2 3106 3161 3088
5573 2 2 1 2 789 3111 3163
5574 2 2 1 2 3111 205 3162
5575 2 2 1 2 3163 3162 804
5576 2 2 1 2 3111 3162 3163
5577 2 2 1 2 783 3164 3091
5578 2 2 1 2 3164 804 3165
5579 2 2 1 2 3091 3165 202
5580 2 2 1 2 3164 3165 3091
5581 2 2 1 2 789 3163 3161
5582 2 2 1 2 3163 804 3164
5583 2 2 1 2 3161 3164 783
5584 2 2 1 2 3163 3164 3161
5585 2 2 1 2 205 3121 3167
5586 2 2 1 2 3121 794 3166
5587 2 2 1 2 3167 3166 805
5588 2 2 1 2 3121 3166 3167
5589 2 2 1 2 794 3127 3168
5590 2 2 1 2 3127 55 3143
5591 2 2 1 2 3168 3143 798
5592 2 2 1 2 3127 3143 3168
5593 2 2 1 2 805 3169 3170
5594 2 2 1 2 3169 798 3140
5595 2 2 1 2 3170 3140 206
5596 2 2 1 2 3169 3140 3170
5597 2 2 1 2 794 3168 3166
5598 2 2 1 2 3168 798 3169
5599 2 2 1 2 3166 3169 805
5600 2 2 1 2 3168 3169 3166
5601 2 2 1 2 202 3171 3097
5602 2 2 1 2 3171 806 3172
5603 2 2 1 2 3097 3172 786
5604 2 2 1 2 3171 3172 3097
5605 2 2 1 2 806 3173 3174
5606 2 2 1 2 3173 206 3134
5607 2 2 1 2 3174 3134 795
5608 2 2 1 2 3173 3134 3174
5609 2 2 1 2 786 3175 3100
5610 2 2 1 2 3175 795 3131
5611 2 2 1 2 3100 3131 56
5612 2 2 1 2 3175 3131 3100
5613 2 2 1 2 806 3174 3172
5614 2 2 1 2 3174 795 3175
5615 2 2 1 2 3172 3175 786
5616 2 2 1 2 3174 3175 3172
5617 2 2 1 2 205 3167 3162
5618 2 2 1 2 3167 805 3176
5619 2 2 1 2 3162 3176 804
5620 2 2 1 2 3167 3176 3162
5621 2 2 1 2 805 3170 3177
5622 2 2 1 2 3170 206 3173
5623 2 2 1 2 3177 3173 806
5624 2 2 1 2 3170 3173 3177
5625 2 2 1 2 804 3178 3165
5626 2 2 1 2 3178 806 3171
5627 2 2 1 2 3165 3171 202
5628 2 2 1 2 3178 3171 3165
5629 2 2 1 2 805 3177 3176
5630 2 2 1 2 3177 806 3178
5631 2 2 1 2 3176 3178 804
5632 2 2 1 2 3177 3178 3176
5633 2 2 1 2 7 3179 1135
5634 2 2 1 2 3179 807 3180
5635 2 2 1 2 1135 3180 289
5636 2 2 1 2 3179 3180 1135
5637 2 2 1 2 807 3181 3183
5638 2 2 1 2 3181 209 3182
5639 2 2 1 2 3183 3182 808
5640 2 2 1 2 3181 3182 3183
5641 2 2 1 2 289 3184 1138
5642 2 2 1 2 3184 808 3185
5643 2 2 1 2 1138 3185 76
5644 2 2 1 2 3184 3185 1138
5645 2 2 1 2 807 3183 3180
5646 2 2 1 2 3183 808 3184
5647 2 2 1 2 3180 3184 289
5648 2 2 1 2 3183 3184 3180
5649 2 2 1 2 209 3186 3188
5650 2 2 1 2 3186 809 3187
5651 2 2 1 2 3188 3187 811
5652 2 2 1 2 3186 3187 3188
5653 2 2 1 2 809 3189 3191
5654 2 2 1 2 3189 57 3190
5655 2 2 1 2 3191 3190 810
5656 2 2 1 2 3189 3190 3191
5657 2 2 1 2 811 3192 3194
5658 2 2 1 2 3192 810 3193
5659 2 2 1 2 3194 3193 210
5660 2 2 1 2 3192 3193 3194
5661 2 2 1 2 809 3191 3187
5662 2 2 1 2 3191 810 3192
5663 2 2 1 2 3187 3192 811
5664 2 2 1 2 3191 3192 3187
5665 2 2 1 2 76 3195 1144
5666 2 2 1 2 3195 812 3196
5667 2 2 1 2 1144 3196 292
5668 2 2 1 2 3195 3196 1144
5669 2 2 1 2 812 3197 3199
5670 2 2 1 2 3197 210 3198
5671 2 2 1 2 3199 3198 813
5672 2 2 1 2 3197 3198 3199
5673 2 2 1 2 292 3200 1147
5674 2 2 1 2 3200 813 3201
5675 2 2 1 2 1147 3201 22
5676 2 2 1 2 3200 3201 1147
5677 2 2 1 2 812 3199 3196
5678 2 2 1 2 3199 813 3200
5679 2 2 1 2 3196 3200 292
5680 2 2 1 2 3199 3200 3196
5681 2 2 1 2 209 3188 3182
5682 2 2 1 2 3188 811 3202
5683 2 2 1 2 3182 3202 808
5684 2 2 1 2 3188 3202 3182
5685 2 2 1 2 811 3194 3203
5686 2 2 1 2 3194 210 3197
5687 2 2 1 2 3203 3197 812
5688 2 2 1 2 3194 3197 3203
5689 2 2 1 2 808 3204 3185
5690 2 2 1 2 3204 812 3195
5691 2 2 1 2 3185 3195 76
5692 2 2 1 2 3204 3195 3185
5693 2 2 1 2 811 3203 3202
5694 2 2 1 2 3203 812 3204
5695 2 2 1 2 3202 3204 808
5696 2 2 1 2 3203 3204 3202
5697 2 2 1 2 57 3205 3207
5698 2 2 1 2 3205 814 3206
5699 2 2 1 2 3207 3206 816
5700 2 2 1 2 3205 3206 3207
5701 2 2 1 2 814 3208 3210
5702 2 2 1 2 3208 211 3209
5703 2 2 1 2 3210 3209 815
5704 2 2 1 2 3208 3209 3210
5705 2 2 1 2 816 3211 3213
5706 2 2 1 2 3211 815 3212
5707 2 2 1 2 3213 3212 213
5708 2 2 1 2 3211 3212 3213
5709 2 2 1 2 814 3210 3206
5710 2 2 1 2 3210 815 3211
5711 2 2 1 2 3206 3211 816
5712 2 2 1 2 3210 3211 3206
5713 2 2 1 2 211 3214 3216
5714 2 2 1 2 3214 817 3215
5715 2 2 1 2 3216 3215 819
5716 2 2 1 2 3214 3215 3216
5717 2 2 1 2 817 3217 3219
5718 2 2 1 2 3217 17 3218
5719 2 2 1 2 3219 3218 818
5720 2 2 1 2 3217 3218 3219
5721 2 2 1 2 819 3220 3222
5722 2 2 1 2 3220 818 3221
5723 2 2 1 2 3222 3221 212
5724 2 2 1 2 3220 3221 3222
5725 2 2 1 2 817 3219 3215
5726 2 2 1 2 3219 818 3220
5727 2 2 1 2 3215 3220 819
5728 2 2 1 2 3219 3220 3215
5729 2 2 1 2 213 3223 3225
5730 2 2 1 2 3223 820 3224
5731 2 2 1 2 3225 3224 822
5732 2 2 1 2 3223 3224 3225
5733 2 2 1 2 820 3226 3228
5734 2 2 1 2 3226 212 3227
5735 2 2 1 2 3228 3227 821
5736 2 2 1 2 3226 3227 3228
5737 2 2 1 2 822 3229 3231
5738 2 2 1 2 3229 821 3230
5739 2 2 1 2 3231 3230 58
5740 2 2 1 2 3229 3230 3231
5741 2 2 1 2 820 3228 3224
5742 2 2 1 2 3228 821 3229
5743 2 2 1 2 3224 3229 822
5744 2 2 1 2 3228 3229 3224
5745 2 2 1 2 211 3216 3209
5746 2 2 1 2 3216 819 3232
5747 2 2 1 2 3209 3232 815
5748 2 2 1 2 3216 3232 3209
5749 2 2 1 2 819 3222 3233
5750 2 2 1 2 3222 212 3226
5751 2 2 1 2 3233 3226 820
5752 2 2 1 2 3222 3226 3233
5753 2 2 1 2 815 3234 3212
5754 2 2 1 2 3234 820 3223
5755 2 2 1 2 3212 3223 213
5756 2 2 1 2 3234 3223 3212
5757 2 2 1 2 819 3233 3232
5758 2 2 1 2 3233 820 3234
5759 2 2 1 2 3232 3234 815
5760 2 2 1 2 3233 3234 3232
5761 2 2 1 2 22 3235 1165
5762 2 2 1 2 3235 823 3236
5763 2 2 1 2 1165 3236 298
5764 2 2 1 2 3235 3236 1165
5765 2 2 1 2 823 3237 3239
5766 2 2 1 2 3237 214 3238
5767 2 2 1 2 3239 3238 824
5768 2 2 1 2 3237 3238 3239
5769 2 2 1 2 298 3240 1168
5770 2 2 1 2 3240 824 3241
5771 2 2 1 2 1168 3241 79
5772 2 2 1 2 3240 3241 1168
5773 2 2 1 2 823 3239 3236
5774 2 2 1 2 3239 824 3240
5775 2 2 1 2 3236 3240 298
5776 2 2 1 2 3239 3240 3236
5777 2 2 1 2 214 3242 3244
5778 2 2 1 2 3242 825 3243
5779 2 2 1 2 3244 3243 827
5780 2 2 1 2 3242 3243 3244
5781 2 2 1 2 825 3245 3247
5782 2 2 1 2 3245 58 3246
5783 2 2 1 2 3247 3246 826
5784 2 2 1 2 3245 3246 3247
5785 2 2 1 2 827 3248 3250
5786 2 2 1 2 3248 826 3249
5787 2 2 1 2 3250 3249 215
5788 2 2 1 2 3248 3249 3250
5789 2 2 1 2 825 3247 3243
5790 2 2 1 2 3247 826 3248
5791 2 2 1 2 3243 3248 827
5792 2 2 1 2 3247 3248 3243
5793 2 2 1 2 79 3251 1174
5794 2 2 1 2 3251 828 3252
5795 2 2 1 2 1174 3252 301
5796 2 2 1 2 3251 3252 1174
5797 2 2 1 2 828 3253 3255
5798 2 2 1 2 3253 215 3254
5799 2 2 1 2 3255 3254 829
5800 2 2 1 2 3253 3254 3255
5801 2 2 1 2 301 3256 1177
5802 2 2 1 2 3256 829 3257
5803 2 2 1 2 1177 3257 2
5804 2 2 1 2 3256 3257 1177
5805 2 2 1 2 828 3255 3252
5806 2 2 1 2 3255 829 3256
5807 2 2 1 2 3252 3256 301
5808 2 2 1 2 3255 3256 3252
5809 2 2 1 2 214 3244 3238
5810 2 2 1 2 3244 827 3258
5811 2 2 1 2 3238 3258 824
5812 2 2 1 2 3244 3258 3238
5813 2 2 1 2 827 3250 3259
5814 2 2 1 2 3250 215 3253
5815 2 2 1 2 3259 3253 828
5816 2 2 1 2 3250 3253 3259
5817 2 2 1 2 824 3260 3241
5818 2 2 1 2 3260 828 3251
5819 2 2 1 2 3241 3251 79
5820 2 2 1 2 3260 3251 3241
5821 2 2 1 2 827 3259 3258
5822 2 2 1 2 3259 828 3260
5823 2 2 1 2 3258 3260 824
5824 2 2 1 2 3259 3260 3258
5825 2 2 1 2 57 3207 3190
5826 2 2 1 2 3207 816 3261
5827 2 2 1 2 3190 3261 810
5828 2 2 1 2 3207 3261 3190
5829 2 2 1 2 816 3213 3263
5830 2 2 1 2 3213 213 3262
5831 2 2 1 2 3263 3262 830
5832 2 2 1 2 3213 3262 3263
5833 2 2 1 2 810 3264 3193
5834 2 2 1 2 3264 830 3265
5835 2 2 1 2 3193 3265 210
5836 2 2 1 2 3264 3265 3193
5837 2 2 1 2 816 3263 3261
5838 2 2 1 2 3263 830 3264
5839 2 2 1 2 3261 3264 810
5840 2 2 1 2 3263 3264 3261
5841 2 2 1 2 213 3225 3267
5842 2 2 1 2 3225 822 3266
5843 2 2 1 2 3267 3266 831
5844 2 2 1 2 3225 3266 3267
5845 2 2 1 2 822 3231 3268
5846 2 2 1 2 3231 58 3245
5847 2 2 1 2 3268 3245 825
5848 2 2 1 2 3231 3245 3268
5849 2 2 1 2 831 3269 3270
5850 2 2 1 2 3269 825 3242
5851 2 2 1 2 3270 3242 214
5852 2 2 1 2 3269 3242 3270
5853 2 2 1 2 822 3268 3266
5854 2 2 1 2 3268 825 3269
5855 2 2 1 2 3266 3269 831
5856 2 2 1 2 3268 3269 3266
5857 2 2 1 2 210 3271 3198
5858 2 2 1 2 3271 832 3272
5859 2 2 1 2 3198 3272 813
5860 2 2 1 2 3271 3272 3198
5861 2 2 1 2 832 3273 3274
5862 2 2 1 2 3273 214 3237
5863 2 2 1 2 3274 3237 823
5864 2 2 1 2 3273 3237 3274
5865 2 2 1 2 813 3275 3201
5866 2 2 1 2 3275 823 3235
5867 2 2 1 2 3201 3235 22
5868 2 2 1 2 3275 3235 3201
5869 2 2 1 2 832 3274 3272
5870 2 2 1 2 3274 823 3275
5871 2 2 1 2 3272 3275 813
5872 2 2 1 2 3274 3275 3272
5873 2 2 1 2 213 3267 3262
5874 2 2 1 2 3267 831 3276
5875 2 2 1 2 3262 3276 830
5876 2 2 1 2 3267 3276 3262
5877 2 2 1 2 831 3270 3277
5878 2 2 1 2 3270 214 3273
5879 2 2 1 2 3277 3273 832
5880 2 2 1 2 3270 3273 3277
5881 2 2 1 2 830 3278 3265
5882 2 2 1 2 3278 832 3271
5883 2 2 1 2 3265 3271 210
5884 2 2 1 2 3278 3271 3265
5885 2 2 1 2 831 3277 3276
5886 2 2 1 2 3277 832 3278
5887 2 2 1 2 3276 3278 830
5888 2 2 1 2 3277 3278 3276
5889 2 2 1 2 16 3080 3018
5890 2 2 1 2 3080 782 3279
5891 2 2 1 2 3018 3279 766
5892 2 2 1 2 3080 3279 3018
5893 2 2 1 2 782 3085 3281
5894 2 2 1 2 3085 203 3280
5895 2 2 1 2 3281 3280 833
5896 2 2 1 2 3085 3280 3281
5897 2 2 1 2 766 3282 3021
5898 2 2 1 2 3282 833 3283
5899 2 2 1 2 3021 3283 198
5900 2 2 1 2 3282 3283 3021
5901 2 2 1 2 782 3281 3279
5902 2 2 1 2 3281 833 3282
5903 2 2 1 2 3279 3282 766
5904 2 2 1 2 3281 3282 3279
5905 2 2 1 2 203 3095 3285
5906 2 2 1 2 3095 787 3284
5907 2 2 1 2 3285 3284 835
5908 2 2 1 2 3095 3284 3285
5909 2 2 1 2 787 3101 3287
5910 2 2 1 2 3101 56 3286
5911 2 2 1 2 3287 3286 834
5912 2 2 1 2 3101 3286 3287
5913 2 2 1 2 835 3288 3290
5914 2 2 1 2 3288 834 3289
5915 2 2 1 2 3290 3289 216
5916 2 2 1 2 3288 3289 3290
5917 2 2 1 2 787 3287 3284
5918 2 2 1 2 3287 834 3288
5919 2 2 1 2 3284 3288 835
5920 2 2 1 2 3287 3288 3284
5921 2 2 1 2 198 3291 3027
5922 2 2 1 2 3291 836 3292
5923 2 2 1 2 3027 3292 769
5924 2 2 1 2 3291 3292 3027
5925 2 2 1 2 836 3293 3295
5926 2 2 1 2 3293 216 3294
5927 2 2 1 2 3295 3294 837
5928 2 2 1 2 3293 3294 3295
5929 2 2 1 2 769 3296 3030
5930 2 2 1 2 3296 837 3297
5931 2 2 1 2 3030 3297 54
5932 2 2 1 2 3296 3297 3030
5933 2 2 1 2 836 3295 3292
5934 2 2 1 2 3295 837 3296
5935 2 2 1 2 3292 3296 769
5936 2 2 1 2 3295 3296 3292
5937 2 2 1 2 203 3285 3280
5938 2 2 1 2 3285 835 3298
5939 2 2 1 2 3280 3298 833
5940 2 2 1 2 3285 3298 3280
5941 2 2 1 2 835 3290 3299
5942 2 2 1 2 3290 216 3293
5943 2 2 1 2 3299 3293 836
5944 2 2 1 2 3290 3293 3299
5945 2 2 1 2 833 3300 3283
5946 2 2 1 2 3300 836 3291
5947 2 2 1 2 3283 3291 198
5948 2 2 1 2 3300 3291 3283
5949 2 2 1 2 835 3299 3298
5950 2 2 1 2 3299 836 3300
5951 2 2 1 2 3298 3300 833
5952 2 2 1 2 3299 3300 3298
5953 2 2 1 2 56 3133 3302
5954 2 2 1 2 3133 797 3301
5955 2 2 1 2 3302 3301 839
5956 2 2 1 2 3133 3301 3302
5957 2 2 1 2 797 3139 3304
5958 2 2 1 2 3139 208 3303
5959 2 2 1 2 3304 3303 838
5960 2 2 1 2 3139 3303 3304
5961 2 2 1 2 839 3305 3307
5962 2 2 1 2 3305 838 3306
5963 2 2 1 2 3307 3306 217
5964 2 2 1 2 3305 3306 3307
5965 2 2 1 2 797 3304 3301
5966 2 2 1 2 3304 838 3305
5967 2 2 1 2 3301 3305 839
5968 2 2 1 2 3304 3305 3301
5969 2 2 1 2 208 3151 3309
5970 2 2 1 2 3151 803 3308
5971 2 2 1 2 3309 3308 840
5972 2 2 1 2 3151 3308 3309
5973 2 2 1 2 803 3157 3310
5974 2 2 1 2 3157 17 3217
5975 2 2 1 2 3310 3217 817
5976 2 2 1 2 3157 3217 3310
5977 2 2 1 2 840 3311 3312
5978 2 2 1 2 3311 817 3214
5979 2 2 1 2 3312 3214 211
5980 2 2 1 2 3311 3214 3312
5981 2 2 1 2 803 3310 3308
5982 2 2 1 2 3310 817 3311
5983 2 2 1 2 3308 3311 840
5984 2 2 1 2 3310 3311 3308
5985 2 2 1 2 217 3313 3315
5986 2 2 1 2 3313 841 3314
5987 2 2 1 2 3315 3314 842
5988 2 2 1 2 3313 3314 3315
5989 2 2 1 2 841 3316 3317
5990 2 2 1 2 3316 211 3208
5991 2 2 1 2 3317 3208 814
5992 2 2 1 2 3316 3208 3317
5993 2 2 1 2 842 3318 3319
5994 2 2 1 2 3318 814 3205
5995 2 2 1 2 3319 3205 57
5996 2 2 1 2 3318 3205 3319
5997 2 2 1 2 841 3317 3314
5998 2 2 1 2 3317 814 3318
5999 2 2 1 2 3314 3318 842
6000 2 2 1 2 3317 3318 3314
6001 2 2 1 2 208 3309 3303
6002 2 2 1 2 3309 840 3320
6003 2 2 1 2 3303 3320 838
6004 2 2 1 2 3309 3320 3303
6005 2 2 1 2 840 3312 3321
6006 2 2 1 2 3312 211 3316
6007 2 2 1 2 3321 3316 841
6008 2 2 1 2 3312 3316 3321
6009 2 2 1 2 838 3322 3306
6010 2 2 1 2 3322 841 3313
6011 2 2 1 2 3306 3313 217
6012 2 2 1 2 3322 3313 3306
6013 2 2 1 2 840 3321 3320
6014 2 2 1 2 3321 841 3322
6015 2 2 1 2 3320 3322 838
6016 2 2 1 2 3321 3322 3320
6017 2 2 1 2 54 3323 3046
6018 2 2 1 2 3323 843 3324
6019 2 2 1 2 3046 3324 774
6020 2 2 1 2 3323 3324 3046
6021 2 2 1 2 843 3325 3327
6022 2 2 1 2 3325 218 3326
6023 2 2 1 2 3327 3326 844
6024 2 2 1 2 3325 3326 3327
6025 2 2 1 2 774 3328 3049
6026 2 2 1 2 3328 844 3329
6027 2 2 1 2 3049 3329 201
6028 2 2 1 2 3328 3329 3049
6029 2 2 1 2 843 3327 3324
6030 2 2 1 2 3327 844 3328
6031 2 2 1 2 3324 3328 774
6032 2 2 1 2 3327 3328 3324
6033 2 2 1 2 218 3330 3332
6034 2 2 1 2 3330 845 3331
6035 2 2 1 2 3332 3331 846
6036 2 2 1 2 3330 3331 3332
6037 2 2 1 2 845 3333 3334
6038 2 2 1 2 3333 57 3189
6039 2 2 1 2 3334 3189 809
6040 2 2 1 2 3333 3189 3334
6041 2 2 1 2 846 3335 3336
6042 2 2 1 2 3335 809 3186
6043 2 2 1 2 3336 3186 209
6044 2 2 1 2 3335 3186 3336
6045 2 2 1 2 845 3334 3331
6046 2 2 1 2 3334 809 3335
6047 2 2 1 2 3331 3335 846
6048 2 2 1 2 3334 3335 3331
6049 2 2 1 2 201 3337 3054
6050 2 2 1 2 3337 847 3338
6051 2 2 1 2 3054 3338 777
6052 2 2 1 2 3337 3338 3054
6053 2 2 1 2 847 3339 3340
6054 2 2 1 2 3339 209 3181
6055 2 2 1 2 3340 3181 807
6056 2 2 1 2 3339 3181 3340
6057 2 2 1 2 777 3341 3057
6058 2 2 1 2 3341 807 3179
6059 2 2 1 2 3057 3179 7
6060 2 2 1 2 3341 3179 3057
6061 2 2 1 2 847 3340 3338
6062 2 2 1 2 3340 807 3341
6063 2 2 1 2 3338 3341 777
6064 2 2 1 2 3340 3341 3338
6065 2 2 1 2 218 3332 3326
6066 2 2 1 2 3332 846 3342
6067 2 2 1 2 3326 3342 844
6068 2 2 1 2 3332 3342 3326
6069 2 2 1 2 846 3336 3343
6070 2 2 1 2 3336 209 3339
6071 2 2 1 2 3343 3339 847
6072 2 2 1 2 3336 3339 3343
6073 2 2 1 2 844 3344 3329
6074 2 2 1 2 3344 847 3337
6075 2 2 1 2 3329 3337 201
6076 2 2 1 2 3344 3337 3329
6077 2 2 1 2 846 3343 3342
6078 2 2 1 2 3343 847 3344
6079 2 2 1 2 3342 3344 844
6080 2 2 1 2 3343 3344 3342
6081 2 2 1 2 56 3302 3286
6082 2 2 1 2 3302 839 3345
6083 2 2 1 2 3286 3345 834
6084 2 2 1 2 3302 3345 3286
6085 2 2 1 2 839 3307 3347
6086 2 2 1 2 3307 217 3346
6087 2 2 1 2 3347 3346 848
6088 2 2 1 2 3307 3346 3347
6089 2 2 1 2 834 3348 3289
6090 2 2 1 2 3348 848 3349
6091 2 2 1 2 3289 3349 216
6092 2 2 1 2 3348 3349 3289
6093 2 2 1 2 839 3347 3345
6094 2 2 1 2 3347 848 3348
6095 2 2 1 2 3345 3348 834
6096 2 2 1 2 3347 3348 3345
6097 2 2 1 2 217 3315 3351
6098 2 2 1 2 3315 842 3350
6099 2 2 1 2 3351 3350 849
6100 2 2 1 2 3315 3350 3351
6101 2 2 1 2 842 3319 3352
6102 2 2 1 2 3319 57 3333
6103 2 2 1 2 3352 3333 845
6104 2 2 1 2 3319 3333 3352
6105 2 2 1 2 849 3353 3354
6106 2 2 1 2 3353 845 3330
6107 2 2 1 2 3354 3330 218
6108 2 2 1 2 3353 3330 3354
6109 2 2 1 2 842 3352 3350
6110 2 2 1 2 3352 845 3353
6111 2 2 1 2 3350 3353 849
6112 2 2 1 2 3352 3353 3350
6113 2 2 1 2 216 3355 3294
6114 2 2 1 2 3355 850 3356
6115 2 2 1 2 3294 3356 837
6116 2 2 1 2 3355 3356 3294
6117 2 2 1 2 850 3357 3358
6118 2 2 1 2 3357 218 3325
6119 2 2 1 2 3358 3325 843
6120 2 2 1 2 3357 3325 3358
6121 2 2 1 2 837 3359 3297
6122 2 2 1 2 3359 843 3323
6123 2 2 1 2 3297 3323 54
6124 2 2 1 2 3359 3323 3297
6125 2 2 1 2 850 3358 3356
6126 2 2 1 2 3358 843 3359
6127 2 2 1 2 3356 3359 837
6128 2 2 1 2 3358 3359 3356
6129 2 2 1 2 217 3351 3346
6130 2 2 1 2 3351 849 3360
6131 2 2 1 2 3346 3360 848
6132 2 2 1 2 3351 3360 3346
6133 2 2 1 2 849 3354 3361
6134 2 2 1 2 3354 218 3357
6135 2 2 1 2 3361 3357 850
6136 2 2 1 2 3354 3357 3361
6137 2 2 1 2 848 3362 3349
6138 2 2 1 2 3362 850 3355
6139 2 2 1 2 3349 3355 216
6140 2 2 1 2 3362 3355 3349
6141 2 2 1 2 849 3361 3360
6142 2 2 1 2 3361 850 3362
6143 2 2 1 2 3360 3362 848
6144 2 2 1 2 3361 3362 3360
6145 2 2 1 2 2 3257 1435
6146 2 2 1 2 3257 829 3363
6147 2 2 1 2 1435 3363 367
6148 2 2 1 2 3257 3363 1435
6149 2 2 1 2 829 3254 3365
6150 2 2 1 2 3254 215 3364
6151 2 2 1 2 3365 3364 851
6152 2 2 1 2 3254 3364 3365
6153 2 2 1 2 367 3366 1437
6154 2 2 1 2 3366 851 3367
6155 2 2 1 2 1437 3367 97
6156 2 2 1 2 3366 3367 1437
6157 2 2 1 2 829 3365 3363
6158 2 2 1 2 3365 851 3366
6159 2 2 1 2 3363 3366 367
6160 2 2 1 2 3365 3366 3363
6161 2 2 1 2 215 3249 3369
6162 2 2 1 2 3249 826 3368
6163 2 2 1 2 3369 3368 853
6164 2 2 1 2 3249 3368 3369
6165 2 2 1 2 826 3246 3371
6166 2 2 1 2 3246 58 3370
6167 2 2 1 2 3371 3370 852
6168 2 2 1 2 3246 3370 3371
6169 2 2 1 2 853 3372 3374
6170 2 2 1 2 3372 852 3373
6171 2 2 1 2 3374 3373 219
6172 2 2 1 2 3372 3373 3374
6173 2 2 1 2 826 3371 3368
6174 2 2 1 2 3371 852 3372
6175 2 2 1 2 3368 3372 853
6176 2 2 1 2 3371 3372 3368
6177 2 2 1 2 97 3375 1442
6178 2 2 1 2 3375 854 3376
6179 2 2 1 2 1442 3376 369
6180 2 2 1 2 3375 3376 1442
6181 2 2 1 2 854 3377 3379
6182 2 2 1 2 3377 219 3378
6183 2 2 1 2 3379 3378 855
6184 2 2 1 2 3377 3378 3379
6185 2 2 1 2 369 3380 1445
6186 2 2 1 2 3380 855 3381
6187 2 2 1 2 1445 3381 28
6188 2 2 1 2 3380 3381 1445
6189 2 2 1 2 854 3379 3376
6190 2 2 1 2 3379 855 3380
6191 2 2 1 2 3376 3380 369
6192 2 2 1 2 3379 3380 3376
6193 2 2 1 2 215 3369 3364
6194 2 2 1 2 3369 853 3382
6195 2 2 1 2 3364 3382 851
6196 2 2 1 2 3369 3382 3364
6197 2 2 1 2 853 3374 3383
6198 2 2 1 2 3374 219 3377
6199 2 2 1 2 3383 3377 854
6200 2 2 1 2 3374 3377 3383
6201 2 2 1 2 851 3384 3367
6202 2 2 1 2 3384 854 3375
6203 2 2 1 2 3367 3375 97
6204 2 2 1 2 3384 3375 3367
6205 2 2 1 2 853 3383 3382
6206 2 2 1 2 3383 854 3384
6207 2 2 1 2 3382 3384 851
6208 2 2 1 2 3383 3384 3382
6209 2 2 1 2 58 3230 3386
6210 2 2 1 2 3230 821 3385
6211 2 2 1 2 3386 3385 857
6212 2 2 1 2 3230 3385 3386
6213 2 2 1 2 821 3227 3388
6214 2 2 1 2 3227 212 3387
6215 2 2 1 2 3388 3387 856
6216 2 2 1 2 3227 3387 3388
6217 2 2 1 2 857 3389 3391
6218 2 2 1 2 3389 856 3390
6219 2 2 1 2 3391 3390 221
6220 2 2 1 2 3389 3390 3391
6221 2 2 1 2 821 3388 3385
6222 2 2 1 2 3388 856 3389
6223 2 2 1 2 3385 3389 857
6224 2 2 1 2 3388 3389 3385
6225 2 2 1 2 212 3221 3393
6226 2 2 1 2 3221 818 3392
6227 2 2 1 2 3393 3392 859
6228 2 2 1 2 3221 3392 3393
6229 2 2 1 2 818 3218 3395
6230 2 2 1 2 3218 17 3394
6231 2 2 1 2 3395 3394 858
6232 2 2 1 2 3218 3394 3395
6233 2 2 1 2 859 3396 3398
6234 2 2 1 2 3396 858 3397
6235 2 2 1 2 3398 3397 220
6236 2 2 1 2 3396 3397 3398
6237 2 2 1 2 818 3395 3392
6238 2 2 1 2 3395 858 3396
6239 2 2 1 2 3392 3396 859
6240 2 2 1 2 3395 3396 3392
6241 2 2 1 2 221 3399 3401
6242 2 2 1 2 3399 860 3400
6243 2 2 1 2 3401 3400 862
6244 2 2 1 2 3399 3400 3401
6245 2 2 1 2 860 3402 3404
6246 2 2 1 2 3402 220 3403
6247 2 2 1 2 3404 3403 861
6248 2 2 1 2 3402 3403 3404
6249 2 2 1 2 862 3405 3407
6250 2 2 1 2 3405 861 3406
6251 2 2 1 2 3407 3406 59
6252 2 2 1 2 3405 3406 3407
6253 2 2 1 2 860 3404 3400
6254 2 2 1 2 3404 861 3405
6255 2 2 1 2 3400 3405 862
6256 2 2 1 2 3404 3405 3400
6257 2 2 1 2 212 3393 3387
6258 2 2 1 2 3393 859 3408
6259 2 2 1 2 3387 3408 856
6260 2 2 1 2 3393 3408 3387
6261 2 2 1 2 859 3398 3409
6262 2 2 1 2 3398 220 3402
6263 2 2 1 2 3409 3402 860
6264 2 2 1 2 3398 3402 3409
6265 2 2 1 2 856 3410 3390
6266 2 2 1 2 3410 860 3399
6267 2 2 1 2 3390 3399 221
6268 2 2 1 2 3410 3399 3390
6269 2 2 1 2 859 3409 3408
6270 2 2 1 2 3409 860 3410
6271 2 2 1 2 3408 3410 856
6272 2 2 1 2 3409 3410 3408
6273 2 2 1 2 28 3411 1461
6274 2 2 1 2 3411 863 3412
6275 2 2 1 2 1461 3412 374
6276 2 2 1 2 3411 3412 1461
6277 2 2 1 2 863 3413 3415
6278 2 2 1 2 3413 222 3414
6279 2 2 1 2 3415 3414 864
6280 2 2 1 2 3413 3414 3415
6281 2 2 1 2 374 3416 1464
6282 2 2 1 2 3416 864 3417
6283 2 2 1 2 1464 3417 99
6284 2 2 1 2 3416 3417 1464
6285 2 2 1 2 863 3415 3412
6286 2 2 1 2 3415 864 3416
6287 2 2 1 2 3412 3416 374
6288 2 2 1 2 3415 3416 3412
6289 2 2 1 2 222 3418 3420
6290 2 2 1 2 3418 865 3419
6291 2 2 1 2 3420 3419 867
6292 2 2 1 2 3418 3419 3420
6293 2 2 1 2 865 3421 3423
6294 2 2 1 2 3421 59 3422
6295 2 2 1 2 3423 3422 866
6296 2 2 1 2 3421 3422 3423
6297 2 2 1 2 867 3424 3426
6298 2 2 1 2 3424 866 3425
6299 2 2 1 2 3426 3425 223
6300 2 2 1 2 3424 3425 3426
6301 2 2 1 2 865 3423 3419
6302 2 2 1 2 3423 866 3424
6303 2 2 1 2 3419 3424 867
6304 2 2 1 2 3423 3424 3419
6305 2 2 1 2 99 3427 1470
6306 2 2 1 2 3427 868 3428
6307 2 2 1 2 1470 3428 377
6308 2 2 1 2 3427 3428 1470
6309 2 2 1 2 868 3429 3431
6310 2 2 1 2 3429 223 3430
6311 2 2 1 2 3431 3430 869
6312 2 2 1 2 3429 3430 3431
6313 2 2 1 2 377 3432 1473
6314 2 2 1 2 3432 869 3433
6315 2 2 1 2 1473 3433 10
6316 2 2 1 2 3432 3433 1473
6317 2 2 1 2 868 3431 3428
6318 2 2 1 2 3431 869 3432
6319 2 2 1 2 3428 3432 377
6320 2 2 1 2 3431 3432 3428
6321 2 2 1 2 222 3420 3414
6322 2 2 1 2 3420 867 3434
6323 2 2 1 2 3414 3434 864
6324 2 2 1 2 3420 3434 3414
6325 2 2 1 2 867 3426 3435
6326 2 2 1 2 3426 223 3429
6327 2 2 1 2 3435 3429 868
6328 2 2 1 2 3426 3429 3435
6329 2 2 1 2 864 3436 3417
6330 2 2 1 2 3436 868 3427
6331 2 2 1 2 3417 3427 99
6332 2 2 1 2 3436 3427 3417
6333 2 2 1 2 867 3435 3434
6334 2 2 1 2 3435 868 3436
6335 2 2 1 2 3434 3436 864
6336 2 2 1 2 3435 3436 3434
6337 2 2 1 2 58 3386 3370
6338 2 2 1 2 3386 857 3437
6339 2 2 1 2 3370 3437 852
6340 2 2 1 2 3386 3437 3370
6341 2 2 1 2 857 3391 3439
6342 2 2 1 2 3391 221 3438
6343 2 2 1 2 3439 3438 870
6344 2 2 1 2 3391 3438 3439
6345 2 2 1 2 852 3440 3373
6346 2 2 1 2 3440 870 3441
6347 2 2 1 2 3373 3441 219
6348 2 2 1 2 3440 3441 3373
6349 2 2 1 2 857 3439 3437
6350 2 2 1 2 3439 870 3440
6351 2 2 1 2 3437 3440 852
6352 2 2 1 2 3439 3440 3437
6353 2 2 1 2 221 3401 3443
6354 2 2 1 2 3401 862 3442
6355 2 2 1 2 3443 3442 871
6356 2 2 1 2 3401 3442 3443
6357 2 2 1 2 862 3407 3444
6358 2 2 1 2 3407 59 3421
6359 2 2 1 2 3444 3421 865
6360 2 2 1 2 3407 3421 3444
6361 2 2 1 2 871 3445 3446
6362 2 2 1 2 3445 865 3418
6363 2 2 1 2 3446 3418 222
6364 2 2 1 2 3445 3418 3446
6365 2 2 1 2 862 3444 3442
6366 2 2 1 2 3444 865 3445
6367 2 2 1 2 3442 3445 871
6368 2 2 1 2 3444 3445 3442
6369 2 2 1 2 219 3447 3378
6370 2 2 1 2 3447 872 3448
6371 2 2 1 2 3378 3448 855
6372 2 2 1 2 3447 3448 3378
6373 2 2 1 2 872 3449 3450
6374 2 2 1 2 3449 222 3413
6375 2 2 1 2 3450 3413 863
6376 2 2 1 2 3449 3413 3450
6377 2 2 1 2 855 3451 3381
6378 2 2 1 2 3451 863 3411
6379 2 2 1 2 3381 3411 28
6380 2 2 1 2 3451 3411 3381
6381 2 2 1 2 872 3450 3448
6382 2 2 1 2 3450 863 3451
6383 2 2 1 2 3448 3451 855
6384 2 2 1 2 3450 3451 3448
6385 2 2 1 2 221 3443 3438
6386 2 2 1 2 3443 871 3452
6387 2 2 1 2 3438 3452 870
6388 2 2 1 2 3443 3452 3438
6389 2 2 1 2 871 3446 3453
6390 2 2 1 2 3446 222 3449
6391 2 2 1 2 3453 3449 872
6392 2 2 1 2 3446 3449 3453
6393 2 2 1 2 870 3454 3441
6394 2 2 1 2 3454 872 3447
6395 2 2 1 2 3441 3447 219
6396 2 2 1 2 3454 3447 3441
6397 2 2 1 2 871 3453 3452
6398 2 2 1 2 3453 872 3454
6399 2 2 1 2 3452 3454 870
6400 2 2 1 2 3453 3454 3452
6401 2 2 1 2 17 3156 3456
6402 2 2 1 2 3156 802 3455
6403 2 2 1 2 3456 3455 874
6404 2 2 1 2 3156 3455 3456
6405 2 2 1 2 802 3153 3458
6406 2 2 1 2 3153 207 3457
6407 2 2 1 2 3458 3457 873
6408 2 2 1 2 3153 3457 3458
6409 2 2 1 2 874 3459 3461
6410 2 2 1 2 3459 873 3460
6411 2 2 1 2 3461 3460 225
6412 2 2 1 2 3459 3460 3461
6413 2 2 1 2 802 3458 3455
6414 2 2 1 2 3458 873 3459
6415 2 2 1 2 3455 3459 874
6416 2 2 1 2 3458 3459 3455
6417 2 2 1 2 207 3147 3463
6418 2 2 1 2 3147 799 3462
6419 2 2 1 2 3463 3462 876
6420 2 2 1 2 3147 3462 3463
6421 2 2 1 2 799 3144 3465
6422 2 2 1 2 3144 55 3464
6423 2 2 1 2 3465 3464 875
6424 2 2 1 2 3144 3464 3465
6425 2 2 1 2 876 3466 3468
6426 2 2 1 2 3466 875 3467
6427 2 2 1 2 3468 3467 224
6428 2 2 1 2 3466 3467 3468
6429 2 2 1 2 799 3465 3462
6430 2 2 1 2 3465 875 3466
6431 2 2 1 2 3462 3466 876
6432 2 2 1 2 3465 3466 3462
6433 2 2 1 2 225 3469 3471
6434 2 2 1 2 3469 877 3470
6435 2 2 1 2 3471 3470 879
6436 2 2 1 2 3469 3470 3471
6437 2 2 1 2 877 3472 3474
6438 2 2 1 2 3472 224 3473
6439 2 2 1 2 3474 3473 878
6440 2 2 1 2 3472 3473 3474
6441 2 2 1 2 879 3475 3477
6442 2 2 1 2 3475 878 3476
6443 2 2 1 2 3477 3476 61
6444 2 2 1 2 3475 3476 3477
6445 2 2 1 2 877 3474 3470
6446 2 2 1 2 3474 878 3475
6447 2 2 1 2 3470 3475 879
6448 2 2 1 2 3474 3475 3470
6449 2 2 1 2 207 3463 3457
6450 2 2 1 2 3463 876 3478
6451 2 2 1 2 3457 3478 873
6452 2 2 1 2 3463 3478 3457
6453 2 2 1 2 876 3468 3479
6454 2 2 1 2 3468 224 3472
6455 2 2 1 2 3479 3472 877
6456 2 2 1 2 3468 3472 3479
6457 2 2 1 2 873 3480 3460
6458 2 2 1 2 3480 877 3469
6459 2 2 1 2 3460 3469 225
6460 2 2 1 2 3480 3469 3460
6461 2 2 1 2 876 3479 3478
6462 2 2 1 2 3479 877 3480
6463 2 2 1 2 3478 3480 873
6464 2 2 1 2 3479 3480 3478
6465 2 2 1 2 55 3126 3482
6466 2 2 1 2 3126 793 3481
6467 2 2 1 2 3482 3481 881
6468 2 2 1 2 3126 3481 3482
6469 2 2 1 2 793 3123 3484
6470 2 2 1 2 3123 204 3483
6471 2 2 1 2 3484 3483 880
6472 2 2 1 2 3123 3483 3484
6473 2 2 1 2 881 3485 3487
6474 2 2 1 2 3485 880 3486
6475 2 2 1 2 3487 3486 227
6476 2 2 1 2 3485 3486 3487
6477 2 2 1 2 793 3484 3481
6478 2 2 1 2 3484 880 3485
6479 2 2 1 2 3481 3485 881
6480 2 2 1 2 3484 3485 3481
6481 2 2 1 2 204 3117 3489
6482 2 2 1 2 3117 790 3488
6483 2 2 1 2 3489 3488 883
6484 2 2 1 2 3117 3488 3489
6485 2 2 1 2 790 3114 3491
6486 2 2 1 2 3114 6 3490
6487 2 2 1 2 3491 3490 882
6488 2 2 1 2 3114 3490 3491
6489 2 2 1 2 883 3492 3494
6490 2 2 1 2 3492 882 3493
6491 2 2 1 2 3494 3493 226
6492 2 2 1 2 3492 3493 3494
6493 2 2 1 2 790 3491 3488
6494 2 2 1 2 3491 882 3492
6495 2 2 1 2 3488 3492 883
6496 2 2 1 2 3491 3492 3488
6497 2 2 1 2 227 3495 3497
6498 2 2 1 2 3495 884 3496
6499 2 2 1 2 3497 3496 886
6500 2 2 1 2 3495 3496 3497
6501 2 2 1 2 884 3498 3500
6502 2 2 1 2 3498 226 3499
6503 2 2 1 2 3500 3499 885
6504 2 2 1 2 3498 3499 3500
6505 2 2 1 2 886 3501 3503
6506 2 2 1 2 3501 885 3502
6507 2 2 1 2 3503 3502 60
6508 2 2 1 2 3501 3502 3503
6509 2 2 1 2 884 3500 3496
6510 2 2 1 2 3500 885 3501
6511 2 2 1 2 3496 3501 886
6512 2 2 1 2 3500 3501 3496
6513 2 2 1 2 204 3489 3483
6514 2 2 1 2 3489 883 3504
6515 2 2 1 2 3483 3504 880
6516 2 2 1 2 3489 3504 3483
6517 2 2 1 2 883 3494 3505
6518 2 2 1 2 3494 226 3498
6519 2 2 1 2 3505 3498 884
6520 2 2 1 2 3494 3498 3505
6521 2 2 1 2 880 3506 3486
6522 2 2 1 2 3506 884 3495
6523 2 2 1 2 3486 3495 227
6524 2 2 1 2 3506 3495 3486
6525 2 2 1 2 883 3505 3504
6526 2 2 1 2 3505 884 3506
6527 2 2 1 2 3504 3506 880
6528 2 2 1 2 3505 3506 3504
6529 2 2 1 2 61 3507 3509
6530 2 2 1 2 3507 887 3508
6531 2 2 1 2 3509 3508 889
6532 2 2 1 2 3507 3508 3509
6533 2 2 1 2 887 3510 3512
6534 2 2 1 2 3510 228 3511
6535 2 2 1 2 3512 3511 888
6536 2 2 1 2 3510 3511 3512
6537 2 2 1 2 889 3513 3515
6538 2 2 1 2 3513 888 3514
6539 2 2 1 2 3515 3514 230
6540 2 2 1 2 3513 3514 3515
6541 2 2 1 2 887 3512 3508
6542 2 2 1 2 3512 888 3513
6543 2 2 1 2 3508 3513 889
6544 2 2 1 2 3512 3513 3508
6545 2 2 1 2 228 3516 3518
6546 2 2 1 2 3516 890 3517
6547 2 2 1 2 3518 3517 892
6548 2 2 1 2 3516 3517 3518
6549 2 2 1 2 890 3519 3521
6550 2 2 1 2 3519 60 3520
6551 2 2 1 2 3521 3520 891
6552 2 2 1 2 3519 3520 3521
6553 2 2 1 2 892 3522 3524
6554 2 2 1 2 3522 891 3523
6555 2 2 1 2 3524 3523 229
6556 2 2 1 2 3522 3523 3524
6557 2 2 1 2 890 3521 3517
6558 2 2 1 2 3521 891 3522
6559 2 2 1 2 3517 3522 892
6560 2 2 1 2 3521 3522 3517
6561 2 2 1 2 230 3525 3527
6562 2 2 1 2 3525 893 3526
6563 2 2 1 2 3527 3526 895
6564 2 2 1 2 3525 3526 3527
6565 2 2 1 2 893 3528 3530
6566 2 2 1 2 3528 229 3529
6567 2 2 1 2 3530 3529 894
6568 2 2 1 2 3528 3529 3530
6569 2 2 1 2 895 3531 3533
6570 2 2 1 2 3531 894 3532
6571 2 2 1 2 3533 3532 18
6572 2 2 1 2 3531 3532 3533
6573 2 2 1 2 893 3530 3526
6574 2 2 1 2 3530 894 3531
6575 2 2 1 2 3526 3531 895
6576 2 2 1 2 3530 3531 3526
6577 2 2 1 2 228 3518 3511
6578 2 2 1 2 3518 892 3534
6579 2 2 1 2 3511 3534 888
6580 2 2 1 2 3518 3534 3511
6581 2 2 1 2 892 3524 3535
6582 2 2 1 2 3524 229 3528
6583 2 2 1 2 3535 3528 893
6584 2 2 1 2 3524 3528 3535
6585 2 2 1 2 888 3536 3514
6586 2 2 1 2 3536 893 3525
6587 2 2 1 2 3514 3525 230
6588 2 2 1 2 3536 3525 3514
6589 2 2 1 2 892 3535 3534
6590 2 2 1 2 3535 893 3536
6591 2 2 1 2 3534 3536 888
6592 2 2 1 2 3535 3536 3534
6593 2 2 1 2 55 3482 3464
6594 2 2 1 2 3482 881 3537
6595 2 2 1 2 3464 3537 875
6596 2 2 1 2 3482 3537 3464
6597 2 2 1 2 881 3487 3539
6598 2 2 1 2 3487 227 3538
6599 2 2 1 2 3539 3538 896
6600 2 2 1 2 3487 3538 3539
6601 2 2 1 2 875 3540 3467
6602 2 2 1 2 3540 896 3541
6603 2 2 1 2 3467 3541 224
6604 2 2 1 2 3540 3541 3467
6605 2 2 1 2 881 3539 3537
6606 2 2 1 2 3539 896 3540
6607 2 2 1 2 3537 3540 875
6608 2 2 1 2 3539 3540 3537
6609 2 2 1 2 227 3497 3543
6610 2 2 1 2 3497 886 3542
6611 2 2 1 2 3543 3542 897
6612 2 2 1 2 3497 3542 3543
6613 2 2 1 2 886 3503 3544
6614 2 2 1 2 3503 60 3519
6615 2 2 1 2 3544 3519 890
6616 2 2 1 2 3503 3519 3544
6617 2 2 1 2 897 3545 3546
6618 2 2 1 2 3545 890 3516
6619 2 2 1 2 3546 3516 228
6620 2 2 1 2 3545 3516 3546
6621 2 2 1 2 886 3544 3542
6622 2 2 1 2 3544 890 3545
6623 2 2 1 2 3542 3545 897
6624 2 2 1 2 3544 3545 3542
6625 2 2 1 2 224 3547 3473
6626 2 2 1 2 3547 898 3548
6627 2 2 1 2 3473 3548 878
6628 2 2 1 2 3547 3548 3473
6629 2 2 1 2 898 3549 3550
6630 2 2 1 2 3549 228 3510
6631 2 2 1 2 3550 3510 887
6632 2 2 1 2 3549 3510 3550
6633 2 2 1 2 878 3551 3476
6634 2 2 1 2 3551 887 3507
6635 2 2 1 2 3476 3507 61
6636 2 2 1 2 3551 3507 3476
6637 2 2 1 2 898 3550 3548
6638 2 2 1 2 3550 887 3551
6639 2 2 1 2 3548 3551 878
6640 2 2 1 2 3550 3551 3548
6641 2 2 1 2 227 3543 3538
6642 2 2 1 2 3543 897 3552
6643 2 2 1 2 3538 3552 896
6644 2 2 1 2 3543 3552 3538
6645 2 2 1 2 897 3546 3553
6646 2 2 1 2 3546 228 3549
6647 2 2 1 2 3553 3549 898
6648 2 2 1 2 3546 3549 3553
6649 2 2 1 2 896 3554 3541
6650 2 2 1 2 3554 898 3547
6651 2 2 1 2 3541 3547 224
6652 2 2 1 2 3554 3547 3541
6653 2 2 1 2 897 3553 3552
6654 2 2 1 2 3553 898 3554
6655 2 2 1 2 3552 3554 896
6656 2 2 1 2 3553 3554 3552
6657 2 2 1 2 10 3555 1535
6658 2 2 1 2 3555 899 3556
6659 2 2 1 2 1535 3556 393
6660 2 2 1 2 3555 3556 1535
6661 2 2 1 2 899 3557 3559
6662 2 2 1 2 3557 231 3558
6663 2 2 1 2 3559 3558 900
6664 2 2 1 2 3557 3558 3559
6665 2 2 1 2 393 3560 1538
6666 2 2 1 2 3560 900 3561
6667 2 2 1 2 1538 3561 104
6668 2 2 1 2 3560 3561 1538
6669 2 2 1 2 899 3559 3556
6670 2 2 1 2 3559 900 3560
6671 2 2 1 2 3556 3560 393
6672 2 2 1 2 3559 3560 3556
6673 2 2 1 2 231 3562 3564
6674 2 2 1 2 3562 901 3563
6675 2 2 1 2 3564 3563 903
6676 2 2 1 2 3562 3563 3564
6677 2 2 1 2 901 3565 3567
6678 2 2 1 2 3565 62 3566
6679 2 2 1 2 3567 3566 902
6680 2 2 1 2 3565 3566 3567
6681 2 2 1 2 903 3568 3570
6682 2 2 1 2 3568 902 3569
6683 2 2 1 2 3570 3569 232
6684 2 2 1 2 3568 3569 3570
6685 2 2 1 2 901 3567 3563
6686 2 2 1 2 3567 902 3568
6687 2 2 1 2 3563 3568 903
6688 2 2 1 2 3567 3568 3563
6689 2 2 1 2 104 3571 1544
6690 2 2 1 2 3571 904 3572
6691 2 2 1 2 1544 3572 396
6692 2 2 1 2 3571 3572 1544
6693 2 2 1 2 904 3573 3575
6694 2 2 1 2 3573 232 3574
6695 2 2 1 2 3575 3574 905
6696 2 2 1 2 3573 3574 3575
6697 2 2 1 2 396 3576 1547
6698 2 2 1 2 3576 905 3577
6699 2 2 1 2 1547 3577 30
6700 2 2 1 2 3576 3577 1547
6701 2 2 1 2 904 3575 3572
6702 2 2 1 2 3575 905 3576
6703 2 2 1 2 3572 3576 396
6704 2 2 1 2 3575 3576 3572
6705 2 2 1 2 231 3564 3558
6706 2 2 1 2 3564 903 3578
6707 2 2 1 2 3558 3578 900
6708 2 2 1 2 3564 3578 3558
6709 2 2 1 2 903 3570 3579
6710 2 2 1 2 3570 232 3573
6711 2 2 1 2 3579 3573 904
6712 2 2 1 2 3570 3573 3579
6713 2 2 1 2 900 3580 3561
6714 2 2 1 2 3580 904 3571
6715 2 2 1 2 3561 3571 104
6716 2 2 1 2 3580 3571 3561
6717 2 2 1 2 903 3579 3578
6718 2 2 1 2 3579 904 3580
6719 2 2 1 2 3578 3580 900
6720 2 2 1 2 3579 3580 3578
6721 2 2 1 2 62 3581 3583
6722 2 2 1 2 3581 906 3582
6723 2 2 1 2 3583 3582 908
6724 2 2 1 2 3581 3582 3583
6725 2 2 1 2 906 3584 3586
6726 2 2 1 2 3584 233 3585
6727 2 2 1 2 3586 3585 907
6728 2 2 1 2 3584 3585 3586
6729 2 2 1 2 908 3587 3589
6730 2 2 1 2 3587 907 3588
6731 2 2 1 2 3589 3588 235
6732 2 2 1 2 3587 3588 3589
6733 2 2 1 2 906 3586 3582
6734 2 2 1 2 3586 907 3587
6735 2 2 1 2 3582 3587 908
6736 2 2 1 2 3586 3587 3582
6737 2 2 1 2 233 3590 3592
6738 2 2 1 2 3590 909 3591
6739 2 2 1 2 3592 3591 911
6740 2 2 1 2 3590 3591 3592
6741 2 2 1 2 909 3593 3595
6742 2 2 1 2 3593 18 3594
6743 2 2 1 2 3595 3594 910
6744 2 2 1 2 3593 3594 3595
6745 2 2 1 2 911 3596 3598
6746 2 2 1 2 3596 910 3597
6747 2 2 1 2 3598 3597 234
6748 2 2 1 2 3596 3597 3598
6749 2 2 1 2 909 3595 3591
6750 2 2 1 2 3595 910 3596
6751 2 2 1 2 3591 3596 911
6752 2 2 1 2 3595 3596 3591
6753 2 2 1 2 235 3599 3601
6754 2 2 1 2 3599 912 3600
6755 2 2 1 2 3601 3600 914
6756 2 2 1 2 3599 3600 3601
6757 2 2 1 2 912 3602 3604
6758 2 2 1 2 3602 234 3603
6759 2 2 1 2 3604 3603 913
6760 2 2 1 2 3602 3603 3604
6761 2 2 1 2 914 3605 3607
6762 2 2 1 2 3605 913 3606
6763 2 2 1 2 3607 3606 63
6764 2 2 1 2 3605 3606 3607
6765 2 2 1 2 912 3604 3600
6766 2 2 1 2 3604 913 3605
6767 2 2 1 2 3600 3605 914
6768 2 2 1 2 3604 3605 3600
6769 2 2 1 2 233 3592 3585
6770 2 2 1 2 3592 911 3608
6771 2 2 1 2 3585 3608 907
6772 2 2 1 2 3592 3608 3585
6773 2 2 1 2 911 3598 3609
6774 2 2 1 2 3598 234 3602
6775 2 2 1 2 3609 3602 912
6776 2 2 1 2 3598 3602 3609
6777 2 2 1 2 907 3610 3588
6778 2 2 1 2 3610 912 3599
6779 2 2 1 2 3588 3599 235
6780 2 2 1 2 3610 3599 3588
6781 2 2 1 2 911 3609 3608
6782 2 2 1 2 3609 912 3610
6783 2 2 1 2 3608 3610 907
6784 2 2 1 2 3609 3610 3608
6785 2 2 1 2 30 3611 1565
6786 2 2 1 2 3611 915 3612
6787 2 2 1 2 1565 3612 402
6788 2 2 1 2 3611 3612 1565
6789 2 2 1 2 915 3613 3615
6790 2 2 1 2 3613 236 3614
6791 2 2 1 2 3615 3614 916
6792 2 2 1 2 3613 3614 3615
6793 2 2 1 2 402 3616 1568
6794 2 2 1 2 3616 916 3617
6795 2 2 1 2 1568 3617 107
6796 2 2 1 2 3616 3617 1568
6797 2 2 1 2 915 3615 3612
6798 2 2 1 2 3615 916 3616
6799 2 2 1 2 3612 3616 402
6800 2 2 1 2 3615 3616 3612
6801 2 2 1 2 236 3618 3620
6802 2 2 1 2 3618 917 3619
6803 2 2 1 2 3620 3619 919
6804 2 2 1 2 3618 3619 3620
6805 2 2 1 2 917 3621 3623
6806 2 2 1 2 3621 63 3622
6807 2 2 1 2 3623 3622 918
6808 2 2 1 2 3621 3622 3623
6809 2 2 1 2 919 3624 3626
6810 2 2 1 2 3624 918 3625
6811 2 2 1 2 3626 3625 237
6812 2 2 1 2 3624 3625 3626
6813 2 2 1 2 917 3623 3619
6814 2 2 1 2 3623 918 3624
6815 2 2 1 2 3619 3624 919
6816 2 2 1 2 3623 3624 3619
6817 2 2 1 2 107 3627 1574
6818 2 2 1 2 3627 920 3628
6819 2 2 1 2 1574 3628 405
6820 2 2 1 2 3627 3628 1574
6821 2 2 1 2 920 3629 3631
6822 2 2 1 2 3629 237 3630
6823 2 2 1 2 3631 3630 921
6824 2 2 1 2 3629 3630 3631
6825 2 2 1 2 405 3632 1577
6826 2 2 1 2 3632 921 3633
6827 2 2 1 2 1577 3633 4
6828 2 2 1 2 3632 3633 1577
6829 2 2 1 2 920 3631 3628
6830 2 2 1 2 3631 921 3632
6831 2 2 1 2 3628 3632 405
6832 2 2 1 2 3631 3632 3628
6833 2 2 1 2 236 3620 3614
6834 2 2 1 2 3620 919 3634
6835 2 2 1 2 3614 3634 916
6836 2 2 1 2 3620 3634 3614
6837 2 2 1 2 919 3626 3635
6838 2 2 1 2 3626 237 3629
6839 2 2 1 2 3635 3629 920
6840 2 2 1 2 3626 3629 3635
6841 2 2 1 2 916 3636 3617
6842 2 2 1 2 3636 920 3627
6843 2 2 1 2 3617 3627 107
6844 2 2 1 2 3636 3627 3617
6845 2 2 1 2 919 3635 3634
6846 2 2 1 2 3635 920 3636
6847 2 2 1 2 3634 3636 916
6848 2 2 1 2 3635 3636 3634
6849 2 2 1 2 62 3583 3566
6850 2 2 1 2 3583 908 3637
6851 2 2 1 2 3566 3637 902
6852 2 2 1 2 3583 3637 3566
6853 2 2 1 2 908 3589 3639
6854 2 2 1 2 3589 235 3638
6855 2 2 1 2 3639 3638 922
6856 2 2 1 2 3589 3638 3639
6857 2 2 1 2 902 3640 3569
6858 2 2 1 2 3640 922 3641
6859 2 2 1 2 3569 3641 232
6860 2 2 1 2 3640 3641 3569
6861 2 2 1 2 908 3639 3637
6862 2 2 1 2 3639 922 3640
6863 2 2 1 2 3637 3640 902
6864 2 2 1 2 3639 3640 3637
6865 2 2 1 2 235 3601 3643
6866 2 2 1 2 3601 914 3642
6867 2 2 1 2 3643 3642 923
6868 2 2 1 2 3601 3642 3643
6869 2 2 1 2 914 3607 3644
6870 2 2 1 2 3607 63 3621
6871 2 2 1 2 3644 3621 917
6872 2 2 1 2 3607 3621 3644
6873 2 2 1 2 923 3645 3646
6874 2 2 1 2 3645 917 3618
6875 2 2 1 2 3646 3618 236
6876 2 2 1 2 3645 3618 3646
6877 2 2 1 2 914 3644 3642
6878 2 2 1 2 3644 917 3645
6879 2 2 1 2 3642 3645 923
6880 2 2 1 2 3644 3645 3642
6881 2 2 1 2 232 3647 3574
6882 2 2 1 2 3647 924 3648
6883 2 2 1 2 3574 3648 905
6884 2 2 1 2 3647 3648 3574
6885 2 2 1 2 924 3649 3650
6886 2 2 1 2 3649 236 3613
6887 2 2 1 2 3650 3613 915
6888 2 2 1 2 3649 3613 3650
6889 2 2 1 2 905 3651 3577
6890 2 2 1 2 3651 915 3611
6891 2 2 1 2 3577 3611 30
6892 2 2 1 2 3651 3611 3577
6893 2 2 1 2 924 3650 3648
6894 2 2 1 2 3650 915 3651
6895 2 2 1 2 3648 3651 905
6896 2 2 1 2 3650 3651 3648
6897 2 2 1 2 235 3643 3638
6898 2 2 1 2 3643 923 3652
6899 2 2 1 2 3638 3652 922
6900 2 2 1 2 3643 3652 3638
6901 2 2 1 2 923 3646 3653
6902 2 2 1 2 3646 236 3649
6903 2 2 1 2 3653 3649 924
6904 2 2 1 2 3646 3649 3653
6905 2 2 1 2 922 3654 3641
6906 2 2 1 2 3654 924 3647
6907 2 2 1 2 3641 3647 232
6908 2 2 1 2 3654 3647 3641
6909 2 2 1 2 923 3653 3652
6910 2 2 1 2 3653 924 3654
6911 2 2 1 2 3652 3654 922
6912 2 2 1 2 3653 3654 3652
6913 2 2 1 2 17 3456 3394
6914 2 2 1 2 3456 874 3655
6915 2 2 1 2 3394 3655 858
6916 2 2 1 2 3456 3655 3394
6917 2 2 1 2 874 3461 3657
6918 2 2 1 2 3461 225 3656
6919 2 2 1 2 3657 3656 925
6920 2 2 1 2 3461 3656 3657
6921 2 2 1 2 858 3658 3397
6922 2 2 1 2 3658 925 3659
6923 2 2 1 2 3397 3659 220
6924 2 2 1 2 3658 3659 3397
6925 2 2 1 2 874 3657 3655
6926 2 2 1 2 3657 925 3658
6927 2 2 1 2 3655 3658 858
6928 2 2 1 2 3657 3658 3655
6929 2 2 1 2 225 3471 3661
6930 2 2 1 2 3471 879 3660
6931 2 2 1 2 3661 3660 927
6932 2 2 1 2 3471 3660 3661
6933 2 2 1 2 879 3477 3663
6934 2 2 1 2 3477 61 3662
6935 2 2 1 2 3663 3662 926
6936 2 2 1 2 3477 3662 3663
6937 2 2 1 2 927 3664 3666
6938 2 2 1 2 3664 926 3665
6939 2 2 1 2 3666 3665 238
6940 2 2 1 2 3664 3665 3666
6941 2 2 1 2 879 3663 3660
6942 2 2 1 2 3663 926 3664
6943 2 2 1 2 3660 3664 927
6944 2 2 1 2 3663 3664 3660
6945 2 2 1 2 220 3667 3403
6946 2 2 1 2 3667 928 3668
6947 2 2 1 2 3403 3668 861
6948 2 2 1 2 3667 3668 3403
6949 2 2 1 2 928 3669 3671
6950 2 2 1 2 3669 238 3670
6951 2 2 1 2 3671 3670 929
6952 2 2 1 2 3669 3670 3671
6953 2 2 1 2 861 3672 3406
6954 2 2 1 2 3672 929 3673
6955 2 2 1 2 3406 3673 59
6956 2 2 1 2 3672 3673 3406
6957 2 2 1 2 928 3671 3668
6958 2 2 1 2 3671 929 3672
6959 2 2 1 2 3668 3672 861
6960 2 2 1 2 3671 3672 3668
6961 2 2 1 2 225 3661 3656
6962 2 2 1 2 3661 927 3674
6963 2 2 1 2 3656 3674 925
6964 2 2 1 2 3661 3674 3656
6965 2 2 1 2 927 3666 3675
6966 2 2 1 2 3666 238 3669
6967 2 2 1 2 3675 3669 928
6968 2 2 1 2 3666 3669 3675
6969 2 2 1 2 925 3676 3659
6970 2 2 1 2 3676 928 3667
6971 2 2 1 2 3659 3667 220
6972 2 2 1 2 3676 3667 3659
6973 2 2 1 2 927 3675 3674
6974 2 2 1 2 3675 928 3676
6975 2 2 1 2 3674 3676 925
6976 2 2 1 2 3675 3676 3674
6977 2 2 1 2 61 3509 3678
6978 2 2 1 2 3509 889 3677
6979 2 2 1 2 3678 3677 931
6980 2 2 1 2 3509 3677 3678
6981 2 2 1 2 889 3515 3680
6982 2 2 1 2 3515 230 3679
6983 2 2 1 2 3680 3679 930
6984 2 2 1 2 3515 3679 3680
6985 2 2 1 2 931 3681 3683
6986 2 2 1 2 3681 930 3682
6987 2 2 1 2 3683 3682 239
6988 2 2 1 2 3681 3682 3683
6989 2 2 1 2 889 3680 3677
6990 2 2 1 2 3680 930 3681
6991 2 2 1 2 3677 3681 931
6992 2 2 1 2 3680 3681 3677
6993 2 2 1 2 230 3527 3685
6994 2 2 1 2 3527 895 3684
6995 2 2 1 2 3685 3684 932
6996 2 2 1 2 3527 3684 3685
6997 2 2 1 2 895 3533 3686
6998 2 2 1 2 3533 18 3593
6999 2 2 1 2 3686 3593 909
7000 2 2 1 2 3533 3593 3686
7001 2 2 1 2 932 3687 3688
7002 2 2 1 2 3687 909 3590
7003 2 2 1 2 3688 3590 233
7004 2 2 1 2 3687 3590 3688
7005 2 2 1 2 895 3686 3684
7006 2 2 1 2 3686 909 3687
7007 2 2 1 2 3684 3687 932
7008 2 2 1 2 3686 3687 3684
7009 2 2 1 2 239 3689 3691
7010 2 2 1 2 3689 933 3690
7011 2 2 1 2 3691 3690 934
7012 2 2 1 2 3689 3690 3691
7013 2 2 1 2 933 3692 3693
7014 2 2 1 2 3692 233 3584
7015 2 2 1 2 3693 3584 906
7016 2 2 1 2 3692 3584 3693
7017 2 2 1 2 934 3694 3695
7018 2 2 1 2 3694 906 3581
7019 2 2 1 2 3695 3581 62
7020 2 2 1 2 3694 3581 3695
7021 2 2 1 2 933 3693 3690
7022 2 2 1 2 3693 906 3694
7023 2 2 1 2 3690 3694 934
7024 2 2 1 2 3693 3694 3690
7025 2 2 1 2 230 3685 3679
7026 2 2 1 2 3685 932 3696
7027 2 2 1 2 3679 3696 930
7028 2 2 1 2 3685 3696 3679
7029 2 2 1 2 932 3688 3697
7030 2 2 1 2 3688 233 3692
7031 2 2 1 2 3697 3692 933
7032 2 2 1 2 3688 3692 3697
7033 2 2 1 2 930 3698 3682
7034 2 2 1 2 3698 933 3689
7035 2 2 1 2 3682 3689 239
7036 2 2 1 2 3698 3689 3682
7037 2 2 1 2 932 3697 3696
7038 2 2 1 2 3697 933 3698
7039 2 2 1 2 3696 3698 930
7040 2 2 1 2 3697 3698 3696
7041 2 2 1 2 59 3699 3422
7042 2 2 1 2 3699 935 3700
7043 2 2 1 2 3422 3700 866
7044 2 2 1 2 3699 3700 3422
7045 2 2 1 2 935 3701 3703
7046 2 2 1 2 3701 240 3702
7047 2 2 1 2 3703 3702 936
7048 2 2 1 2 3701 3702 3703
7049 2 2 1 2 866 3704 3425
7050 2 2 1 2 3704 936 3705
7051 2 2 1 2 3425 3705 223
7052 2 2 1 2 3704 3705 3425
7053 2 2 1 2 935 3703 3700
7054 2 2 1 2 3703 936 3704
7055 2 2 1 2 3700 3704 866
7056 2 2 1 2 3703 3704 3700
7057 2 2 1 2 240 3706 3708
7058 2 2 1 2 3706 937 3707
7059 2 2 1 2 3708 3707 938
7060 2 2 1 2 3706 3707 3708
7061 2 2 1 2 937 3709 3710
7062 2 2 1 2 3709 62 3565
7063 2 2 1 2 3710 3565 901
7064 2 2 1 2 3709 3565 3710
7065 2 2 1 2 938 3711 3712
7066 2 2 1 2 3711 901 3562
7067 2 2 1 2 3712 3562 231
7068 2 2 1 2 3711 3562 3712
7069 2 2 1 2 937 3710 3707
7070 2 2 1 2 3710 901 3711
7071 2 2 1 2 3707 3711 938
7072 2 2 1 2 3710 3711 3707
7073 2 2 1 2 223 3713 3430
7074 2 2 1 2 3713 939 3714
7075 2 2 1 2 3430 3714 869
7076 2 2 1 2 3713 3714 3430
7077 2 2 1 2 939 3715 3716
7078 2 2 1 2 3715 231 3557
7079 2 2 1 2 3716 3557 899
7080 2 2 1 2 3715 3557 3716
7081 2 2 1 2 869 3717 3433
7082 2 2 1 2 3717 899 3555
7083 2 2 1 2 3433 3555 10
7084 2 2 1 2 3717 3555 3433
7085 2 2 1 2 939 3716 3714
7086 2 2 1 2 3716 899 3717
7087 2 2 1 2 3714 3717 869
7088 2 2 1 2 3716 3717 3714
7089 2 2 1 2 240 3708 3702
7090 2 2 1 2 3708 938 3718
7091 2 2 1 2 3702 3718 936
7092 2 2 1 2 3708 3718 3702
7093 2 2 1 2 938 3712 3719
7094 2 2 1 2 3712 231 3715
7095 2 2 1 2 3719 3715 939
7096 2 2 1 2 3712 3715 3719
7097 2 2 1 2 936 3720 3705
7098 2 2 1 2 3720 939 3713
7099 2 2 1 2 3705 3713 223
7100 2 2 1 2 3720 3713 3705
7101 2 2 1 2 938 3719 3718
7102 2 2 1 2 3719 939 3720
7103 2 2 1 2 3718 3720 936
7104 2 2 1 2 3719 3720 3718
7105 2 2 1 2 61 3678 3662
7106 2 2 1 2 3678 931 3721
7107 2 2 1 2 3662 3721 926
7108 2 2 1 2 3678 3721 3662
7109 2 2 1 2 931 3683 3723
7110 2 2 1 2 3683 239 3722
7111 2 2 1 2 3723 3722 940
7112 2 2 1 2 3683 3722 3723
7113 2 2 1 2 926 3724 3665
7114 2 2 1 2 3724 940 3725
7115 2 2 1 2 3665 3725 238
7116 2 2 1 2 3724 3725 3665
7117 2 2 1 2 931 3723 3721
7118 2 2 1 2 3723 940 3724
7119 2 2 1 2 3721 3724 926
7120 2 2 1 2 3723 3724 3721
7121 2 2 1 2 239 3691 3727
7122 2 2 1 2 3691 934 3726
7123 2 2 1 2 3727 3726 941
7124 2 2 1 2 3691 3726 3727
7125 2 2 1 2 934 3695 3728
7126 2 2 1 2 3695 62 3709
7127 2 2 1 2 3728 3709 937
7128 2 2 1 2 3695 3709 3728
7129 2 2 1 2 941 3729 3730
7130 2 2 1 2 3729 937 3706
7131 2 2 1 2 3730 3706 240
7132 2 2 1 2 3729 3706 3730
7133 2 2 1 2 934 3728 3726
7134 2 2 1 2 3728 937 3729
7135 2 2 1 2 3726 3729 941
7136 2 2 1 2 3728 3729 3726
7137 2 2 1 2 238 3731 3670
7138 2 2 1 2 3731 942 3732
7139 2 2 1 2 3670 3732 929
7140 2 2 1 2 3731 3732 3670
7141 2 2 1 2 942 3733 3734
7142 2 2 1 2 3733 240 3701
7143 2 2 1 2 3734 3701 935
7144 2 2 1 2 3733 3701 3734
7145 2 2 1 2 929 3735 3673
7146 2 2 1 2 3735 935 3699
7147 2 2 1 2 3673 3699 59
7148 2 2 1 2 3735 3699 3673
7149 2 2 1 2 942 3734 3732
7150 2 2 1 2 3734 935 3735
7151 2 2 1 2 3732 3735 929
7152 2 2 1 2 3734 3735 3732
7153 2 2 1 2 239 3727 3722
7154 2 2 1 2 3727 941 3736
7155 2 2 1 2 3722 3736 940
7156 2 2 1 2 3727 3736 3722
7157 2 2 1 2 941 3730 3737
7158 2 2 1 2 3730 240 3733
7159 2 2 1 2 3737 3733 942
7160 2 2 1 2 3730 3733 3737
7161 2 2 1 2 940 3738 3725
7162 2 2 1 2 3738 942 3731
7163 2 2 1 2 3725 3731 238
7164 2 2 1 2 3738 3731 3725
7165 2 2 1 2 941 3737 3736
7166 2 2 1 2 3737 942 3738
7167 2 2 1 2 3736 3738 940
7168 2 2 1 2 3737 3738 3736
7169 2 2 1 2 4 3633 1827
7170 2 2 1 2 3633 921 3739
7171 2 2 1 2 1827 3739 467
7172 2 2 1 2 3633 3739 1827
7173 2 2 1 2 921 3630 3741
7174 2 2 1 2 3630 237 3740
7175 2 2 1 2 3741 3740 943
7176 2 2 1 2 3630 3740 3741
7177 2 2 1 2 467 3742 1829
7178 2 2 1 2 3742 943 3743
7179 2 2 1 2 1829 3743 123
7180 2 2 1 2 3742 3743 1829
7181 2 2 1 2 921 3741 3739
7182 2 2 1 2 3741 943 3742
7183 2 2 1 2 3739 3742 467
7184 2 2 1 2 3741 3742 3739
7185 2 2 1 2 237 3625 3745
7186 2 2 1 2 3625 918 3744
7187 2 2 1 2 3745 3744 945
7188 2 2 1 2 3625 3744 3745
7189 2 2 1 2 918 3622 3747
7190 2 2 1 2 3622 63 3746
7191 2 2 1 2 3747 3746 944
7192 2 2 1 2 3622 3746 3747
7193 2 2 1 2 945 3748 3750
7194 2 2 1 2 3748 944 3749
7195 2 2 1 2 3750 3749 241
7196 2 2 1 2 3748 3749 3750
7197 2 2 1 2 918 3747 3744
7198 2 2 1 2 3747 944 3748
7199 2 2 1 2 3744 3748 945
7200 2 2 1 2 3747 3748 3744
7201 2 2 1 2 123 3751 1834
7202 2 2 1 2 3751 946 3752
7203 2 2 1 2 1834 3752 469
7204 2 2 1 2 3751 3752 1834
7205 2 2 1 2 946 3753 3755
7206 2 2 1 2 3753 241 3754
7207 2 2 1 2 3755 3754 947
7208 2 2 1 2 3753 3754 3755
7209 2 2 1 2 469 3756 1837
7210 2 2 1 2 3756 947 3757
7211 2 2 1 2 1837 3757 35
7212 2 2 1 2 3756 3757 1837
7213 2 2 1 2 946 3755 3752
7214 2 2 1 2 3755 947 3756
7215 2 2 1 2 3752 3756 469
7216 2 2 1 2 3755 3756 3752
7217 2 2 1 2 237 3745 3740
7218 2 2 1 2 3745 945 3758
7219 2 2 1 2 3740 3758 943
7220 2 2 1 2 3745 3758 3740
7221 2 2 1 2 945 3750 3759
7222 2 2 1 2 3750 241 3753
7223 2 2 1 2 3759 3753 946
7224 2 2 1 2 3750 3753 3759
7225 2 2 1 2 943 3760 3743
7226 2 2 1 2 3760 946 3751
7227 2 2 1 2 3743 3751 123
7228 2 2 1 2 3760 3751 3743
7229 2 2 1 2 945 3759 3758
7230 2 2 1 2 3759 946 3760
7231 2 2 1 2 3758 3760 943
7232 2 2 1 2 3759 3760 3758
7233 2 2 1 2 63 3606 3762
7234 2 2 1 2 3606 913 3761
7235 2 2 1 2 3762 3761 949
7236 2 2 1 2 3606 3761 3762
7237 2 2 1 2 913 3603 3764
7238 2 2 1 2 3603 234 3763
7239 2 2 1 2 3764 3763 948
7240 2 2 1 2 3603 3763 3764
7241 2 2 1 2 949 3765 3767
7242 2 2 1 2 3765 948 3766
7243 2 2 1 2 3767 3766 243
7244 2 2 1 2 3765 3766 3767
7245 2 2 1 2 913 3764 3761
7246 2 2 1 2 3764 948 3765
7247 2 2 1 2 3761 3765 949
7248 2 2 1 2 3764 3765 3761
7249 2 2 1 2 234 3597 3769
7250 2 2 1 2 3597 910 3768
7251 2 2 1 2 3769 3768 951
7252 2 2 1 2 3597 3768 3769
7253 2 2 1 2 910 3594 3771
7254 2 2 1 2 3594 18 3770
7255 2 2 1 2 3771 3770 950
7256 2 2 1 2 3594 3770 3771
7257 2 2 1 2 951 3772 3774
7258 2 2 1 2 3772 950 3773
7259 2 2 1 2 3774 3773 242
7260 2 2 1 2 3772 3773 3774
7261 2 2 1 2 910 3771 3768
7262 2 2 1 2 3771 950 3772
7263 2 2 1 2 3768 3772 951
7264 2 2 1 2 3771 3772 3768
7265 2 2 1 2 243 3775 3777
7266 2 2 1 2 3775 952 3776
7267 2 2 1 2 3777 3776 954
7268 2 2 1 2 3775 3776 3777
7269 2 2 1 2 952 3778 3780
7270 2 2 1 2 3778 242 3779
7271 2 2 1 2 3780 3779 953
7272 2 2 1 2 3778 3779 3780
7273 2 2 1 2 954 3781 3783
7274 2 2 1 2 3781 953 3782
7275 2 2 1 2 3783 3782 64
7276 2 2 1 2 3781 3782 3783
7277 2 2 1 2 952 3780 3776
7278 2 2 1 2 3780 953 3781
7279 2 2 1 2 3776 3781 954
7280 2 2 1 2 3780 3781 3776
7281 2 2 1 2 234 3769 3763
7282 2 2 1 2 3769 951 3784
7283 2 2 1 2 3763 3784 948
7284 2 2 1 2 3769 3784 3763
7285 2 2 1 2 951 3774 3785
7286 2 2 1 2 3774 242 3778
7287 2 2 1 2 3785 3778 952
7288 2 2 1 2 3774 3778 3785
7289 2 2 1 2 948 3786 3766
7290 2 2 1 2 3786 952 3775
7291 2 2 1 2 3766 3775 243
7292 2 2 1 2 3786 3775 3766
7293 2 2 1 2 951 3785 3784
7294 2 2 1 2 3785 952 3786
7295 2 2 1 2 3784 3786 948
7296 2 2 1 2 3785 3786 3784
7297 2 2 1 2 35 3787 1853
7298 2 2 1 2 3787 955 3788
7299 2 2 1 2 1853 3788 474
7300 2 2 1 2 3787 3788 1853
7301 2 2 1 2 955 3789 3791
7302 2 2 1 2 3789 244 3790
7303 2 2 1 2 3791 3790 956
7304 2 2 1 2 3789 3790 3791
7305 2 2 1 2 474 3792 1856
7306 2 2 1 2 3792 956 3793
7307 2 2 1 2 1856 3793 125
7308 2 2 1 2 3792 3793 1856
7309 2 2 1 2 955 3791 3788
7310 2 2 1 2 3791 956 3792
7311 2 2 1 2 3788 3792 474
7312 2 2 1 2 3791 3792 3788
7313 2 2 1 2 244 3794 3796
7314 2 2 1 2 3794 957 3795
7315 2 2 1 2 3796 3795 959
7316 2 2 1 2 3794 3795 3796
7317 2 2 1 2 957 3797 3799
7318 2 2 1 2 3797 64 3798
7319 2 2 1 2 3799 3798 958
7320 2 2 1 2 3797 3798 3799
7321 2 2 1 2 959 3800 3802
7322 2 2 1 2 3800 958 3801
7323 2 2 1 2 3802 3801 245
7324 2 2 1 2 3800 3801 3802
7325 2 2 1 2 957 3799 3795
7326 2 2 1 2 3799 958 3800
7327 2 2 1 2 3795 3800 959
7328 2 2 1 2 3799 3800 3795
7329 2 2 1 2 125 3803 1862
7330 2 2 1 2 3803 960 3804
7331 2 2 1 2 1862 3804 477
7332 2 2 1 2 3803 3804 1862
7333 2 2 1 2 960 3805 3807
7334 2 2 1 2 3805 245 3806
7335 2 2 1 2 3807 3806 961
7336 2 2 1 2 3805 3806 3807
7337 2 2 1 2 477 3808 1865
7338 2 2 1 2 3808 961 3809
7339 2 2 1 2 1865 3809 12
7340 2 2 1 2 3808 3809 1865
7341 2 2 1 2 960 3807 3804
7342 2 2 1 2 3807 961 3808
7343 2 2 1 2 3804 3808 477
7344 2 2 1 2 3807 3808 3804
7345 2 2 1 2 244 3796 3790
7346 2 2 1 2 3796 959 3810
7347 2 2 1 2 3790 3810 956
7348 2 2 1 2 3796 3810 3790
7349 2 2 1 2 959 3802 3811
7350 2 2 1 2 3802 245 3805
7351 2 2 1 2 3811 3805 960
7352 2 2 1 2 3802 3805 3811
7353 2 2 1 2 956 3812 3793
7354 2 2 1 2 3812 960 3803
7355 2 2 1 2 3793 3803 125
7356 2 2 1 2 3812 3803 3793
7357 2 2 1 2 959 3811 3810
7358 2 2 1 2 3811 960 3812
7359 2 2 1 2 3810 3812 956
7360 2 2 1 2 3811 3812 3810
7361 2 2 1 2 63 3762 3746
7362 2 2 1 2 3762 949 3813
7363 2 2 1 2 3746 3813 944
7364 2 2 1 2 3762 3813 3746
7365 2 2 1 2 949 3767 3815
7366 2 2 1 2 3767 243 3814
7367 2 2 1 2 3815 3814 962
7368 2 2 1 2 3767 3814 3815
7369 2 2 1 2 944 3816 3749
7370 2 2 1 2 3816 962 3817
7371 2 2 1 2 3749 3817 241
7372 2 2 1 2 3816 3817 3749
7373 2 2 1 2 949 3815 3813
7374 2 2 1 2 3815 962 3816
7375 2 2 1 2 3813 3816 944
7376 2 2 1 2 3815 3816 3813
7377 2 2 1 2 243 3777 3819
7378 2 2 1 2 3777 954 3818
7379 2 2 1 2 3819 3818 963
7380 2 2 1 2 3777 3818 3819
7381 2 2 1 2 954 3783 3820
7382 2 2 1 2 3783 64 3797
7383 2 2 1 2 3820 3797 957
7384 2 2 1 2 3783 3797 3820
7385 2 2 1 2 963 3821 3822
7386 2 2 1 2 3821 957 3794
7387 2 2 1 2 3822 3794 244
7388 2 2 1 2 3821 3794 3822
7389 2 2 1 2 954 3820 3818
7390 2 2 1 2 3820 957 3821
7391 2 2 1 2 3818 3821 963
7392 2 2 1 2 3820 3821 3818
7393 2 2 1 2 241 3823 3754
7394 2 2 1 2 3823 964 3824
7395 2 2 1 2 3754 3824 947
7396 2 2 1 2 3823 3824 3754
7397 2 2 1 2 964 3825 3826
7398 2 2 1 2 3825 244 3789
7399 2 2 1 2 3826 3789 955
7400 2 2 1 2 3825 3789 3826
7401 2 2 1 2 947 3827 3757
7402 2 2 1 2 3827 955 3787
7403 2 2 1 2 3757 3787 35
7404 2 2 1 2 3827 3787 3757
7405 2 2 1 2 964 3826 3824
7406 2 2 1 2 3826 955 3827
7407 2 2 1 2 3824 3827 947
7408 2 2 1 2 3826 3827 3824
7409 2 2 1 2 243 3819 3814
7410 2 2 1 2 3819 963 3828
7411 2 2 1 2 3814 3828 962
7412 2 2 1 2 3819 3828 3814
7413 2 2 1 2 963 3822 3829
7414 2 2 1 2 3822 244 3825
7415 2 2 1 2 3829 3825 964
7416 2 2 1 2 3822 3825 3829
7417 2 2 1 2 962 3830 3817
7418 2 2 1 2 3830 964 3823
7419 2 2 1 2 3817 3823 241
7420 2 2 1 2 3830 3823 3817
7421 2 2 1 2 963 3829 3828
7422 2 2 1 2 3829 964 3830
7423 2 2 1 2 3828 3830 962
7424 2 2 1 2 3829 3830 3828
7425 2 2 1 2 18 3532 3832
7426 2 2 1 2 3532 894 3831
7427 2 2 1 2 3832 3831 966
7428 2 2 1 2 3532 3831 3832
7429 2 2 1 2 894 3529 3834
7430 2 2 1 2 3529 229 3833
7431 2 2 1 2 3834 3833 965
7432 2 2 1 2 3529 3833 3834
7433 2 2 1 2 966 3835 3837
7434 2 2 1 2 3835 965 3836
7435 2 2 1 2 3837 3836 247
7436 2 2 1 2 3835 3836 3837
7437 2 2 1 2 894 3834 3831
7438 2 2 1 2 3834 965 3835
7439 2 2 1 2 3831 3835 966
7440 2 2 1 2 3834 3835 3831
7441 2 2 1 2 229 3523 3839
7442 2 2 1 2 3523 891 3838
7443 2 2 1 2 3839 3838 968
7444 2 2 1 2 3523 3838 3839
7445 2 2 1 2 891 3520 3841
7446 2 2 1 2 3520 60 3840
7447 2 2 1 2 3841 3840 967
7448 2 2 1 2 3520 3840 3841
7449 2 2 1 2 968 3842 3844
7450 2 2 1 2 3842 967 3843
7451 2 2 1 2 3844 3843 246
7452 2 2 1 2 3842 3843 3844
7453 2 2 1 2 891 3841 3838
7454 2 2 1 2 3841 967 3842
7455 2 2 1 2 3838 3842 968
7456 2 2 1 2 3841 3842 3838
7457 2 2 1 2 247 3845 3847
7458 2 2 1 2 3845 969 3846
7459 2 2 1 2 3847 3846 971
7460 2 2 1 2 3845 3846 3847
7461 2 2 1 2 969 3848 3850
7462 2 2 1 2 3848 246 3849
7463 2 2 1 2 3850 3849 970
7464 2 2 1 2 3848 3849 3850
7465 2 2 1 2 971 3851 3853
7466 2 2 1 2 3851 970 3852
7467 2 2 1 2 3853 3852 65
7468 2 2 1 2 3851 3852 3853
7469 2 2 1 2 969 3850 3846
7470 2 2 1 2 3850 970 3851
7471 2 2 1 2 3846 3851 971
7472 2 2 1 2 3850 3851 3846
7473 2 2 1 2 229 3839 3833
7474 2 2 1 2 3839 968 3854
7475 2 2 1 2 3833 3854 965
7476 2 2 1 2 3839 3854 3833
7477 2 2 1 2 968 3844 3855
7478 2 2 1 2 3844 246 3848
7479 2 2 1 2 3855 3848 969
7480 2 2 1 2 3844 3848 3855
7481 2 2 1 2 965 3856 3836
7482 2 2 1 2 3856 969 3845
7483 2 2 1 2 3836 3845 247
7484 2 2 1 2 3856 3845 3836
7485 2 2 1 2 968 3855 3854
7486 2 2 1 2 3855 969 3856
7487 2 2 1 2 3854 3856 965
7488 2 2 1 2 3855 3856 3854
7489 2 2 1 2 60 3502 3858
7490 2 2 1 2 3502 885 3857
7491 2 2 1 2 3858 3857 973
7492 2 2 1 2 3502 3857 3858
7493 2 2 1 2 885 3499 3860
7494 2 2 1 2 3499 226 3859
7495 2 2 1 2 3860 3859 972
7496 2 2 1 2 3499 3859 3860
7497 2 2 1 2 973 3861 3863
7498 2 2 1 2 3861 972 3862
7499 2 2 1 2 3863 3862 248
7500 2 2 1 2 3861 3862 3863
7501 2 2 1 2 885 3860 3857
7502 2 2 1 2 3860 972 3861
7503 2 2 1 2 3857 3861 973
7504 2 2 1 2 3860 3861 3857
7505 2 2 1 2 226 3493 3865
7506 2 2 1 2 3493 882 3864
7507 2 2 1 2 3865 3864 974
7508 2 2 1 2 3493 3864 3865
7509 2 2 1 2 882 3490 3866
7510 2 2 1 2 3490 6 2737
7511 2 2 1 2 3866 2737 697
7512 2 2 1 2 3490 2737 3866
7513 2 2 1 2 974 3867 3868
7514 2 2 1 2 3867 697 2734
7515 2 2 1 2 3868 2734 181
7516 2 2 1 2 3867 2734 3868
7517 2 2 1 2 882 3866 3864
7518 2 2 1 2 3866 697 3867
7519 2 2 1 2 3864 3867 974
7520 2 2 1 2 3866 3867 3864
7521 2 2 1 2 248 3869 3871
7522 2 2 1 2 3869 975 3870
7523 2 2 1 2 3871 3870 976
7524 2 2 1 2 3869 3870 3871
7525 2 2 1 2 975 3872 3873
7526 2 2 1 2 3872 181 2728
7527 2 2 1 2 3873 2728 694
7528 2 2 1 2 3872 2728 3873
7529 2 2 1 2 976 3874 3875
7530 2 2 1 2 3874 694 2725
7531 2 2 1 2 3875 2725 49
7532 2 2 1 2 3874 2725 3875
7533 2 2 1 2 975 3873 3870
7534 2 2 1 2 3873 694 3874
7535 2 2 1 2 3870 3874 976
7536 2 2 1 2 3873 3874 3870
7537 2 2 1 2 226 3865 3859
7538 2 2 1 2 3865 974 3876
7539 2 2 1 2 3859 3876 972
7540 2 2 1 2 3865 3876 3859
7541 2 2 1 2 974 3868 3877
7542 2 2 1 2 3868 181 3872
7543 2 2 1 2 3877 3872 975
7544 2 2 1 2 3868 3872 3877
7545 2 2 1 2 972 3878 3862
7546 2 2 1 2 3878 975 3869
7547 2 2 1 2 3862 3869 248
7548 2 2 1 2 3878 3869 3862
7549 2 2 1 2 974 3877 3876
7550 2 2 1 2 3877 975 3878
7551 2 2 1 2 3876 3878 972
7552 2 2 1 2 3877 3878 3876
7553 2 2 1 2 65 3879 3881
7554 2 2 1 2 3879 977 3880
7555 2 2 1 2 3881 3880 979
7556 2 2 1 2 3879 3880 3881
7557 2 2 1 2 977 3882 3884
7558 2 2 1 2 3882 249 3883
7559 2 2 1 2 3884 3883 978
7560 2 2 1 2 3882 3883 3884
7561 2 2 1 2 979 3885 3887
7562 2 2 1 2 3885 978 3886
7563 2 2 1 2 3887 3886 250
7564 2 2 1 2 3885 3886 3887
7565 2 2 1 2 977 3884 3880
7566 2 2 1 2 3884 978 3885
7567 2 2 1 2 3880 3885 979
7568 2 2 1 2 3884 3885 3880
7569 2 2 1 2 249 3888 3890
7570 2 2 1 2 3888 980 3889
7571 2 2 1 2 3890 3889 981
7572 2 2 1 2 3888 3889 3890
7573 2 2 1 2 980 3891 3892
7574 2 2 1 2 3891 49 2707
7575 2 2 1 2 3892 2707 688
7576 2 2 1 2 3891 2707 3892
7577 2 2 1 2 981 3893 3894
7578 2 2 1 2 3893 688 2704
7579 2 2 1 2 3894 2704 178
7580 2 2 1 2 3893 2704 3894
7581 2 2 1 2 980 3892 3889
7582 2 2 1 2 3892 688 3893
7583 2 2 1 2 3889 3893 981
7584 2 2 1 2 3892 3893 3889
7585 2 2 1 2 250 3895 3897
7586 2 2 1 2 3895 982 3896
7587 2 2 1 2 3897 3896 983
7588 2 2 1 2 3895 3896 3897
7589 2 2 1 2 982 3898 3899
7590 2 2 1 2 3898 178 2698
7591 2 2 1 2 3899 2698 685
7592 2 2 1 2 3898 2698 3899
7593 2 2 1 2 983 3900 3901
7594 2 2 1 2 3900 685 2695
7595 2 2 1 2 3901 2695 15
7596 2 2 1 2 3900 2695 3901
7597 2 2 1 2 982 3899 3896
7598 2 2 1 2 3899 685 3900
7599 2 2 1 2 3896 3900 983
7600 2 2 1 2 3899 3900 3896
7601 2 2 1 2 249 3890 3883
7602 2 2 1 2 3890 981 3902
7603 2 2 1 2 3883 3902 978
7604 2 2 1 2 3890 3902 3883
7605 2 2 1 2 981 3894 3903
7606 2 2 1 2 3894 178 3898
7607 2 2 1 2 3903 3898 982
7608 2 2 1 2 3894 3898 3903
7609 2 2 1 2 978 3904 3886
7610 2 2 1 2 3904 982 3895
7611 2 2 1 2 3886 3895 250
7612 2 2 1 2 3904 3895 3886
7613 2 2 1 2 981 3903 3902
7614 2 2 1 2 3903 982 3904
7615 2 2 1 2 3902 3904 978
7616 2 2 1 2 3903 3904 3902
7617 2 2 1 2 60 3858 3840
7618 2 2 1 2 3858 973 3905
7619 2 2 1 2 3840 3905 967
7620 2 2 1 2 3858 3905 3840
7621 2 2 1 2 973 3863 3907
7622 2 2 1 2 3863 248 3906
7623 2 2 1 2 3907 3906 984
7624 2 2 1 2 3863 3906 3907
7625 2 2 1 2 967 3908 3843
7626 2 2 1 2 3908 984 3909
7627 2 2 1 2 3843 3909 246
7628 2 2 1 2 3908 3909 3843
7629 2 2 1 2 973 3907 3905
7630 2 2 1 2 3907 984 3908
7631 2 2 1 2 3905 3908 967
7632 2 2 1 2 3907 3908 3905
7633 2 2 1 2 248 3871 3911
7634 2 2 1 2 3871 976 3910
7635 2 2 1 2 3911 3910 985
7636 2 2 1 2 3871 3910 3911
7637 2 2 1 2 976 3875 3912
7638 2 2 1 2 3875 49 3891
7639 2 2 1 2 3912 3891 980
7640 2 2 1 2 3875 3891 3912
7641 2 2 1 2 985 3913 3914
7642 2 2 1 2 3913 980 3888
7643 2 2 1 2 3914 3888 249
7644 2 2 1 2 3913 3888 3914
7645 2 2 1 2 976 3912 3910
7646 2 2 1 2 3912 980 3913
7647 2 2 1 2 3910 3913 985
7648 2 2 1 2 3912 3913 3910
7649 2 2 1 2 246 3915 3849
7650 2 2 1 2 3915 986 3916
7651 2 2 1 2 3849 3916 970
7652 2 2 1 2 3915 3916 3849
7653 2 2 1 2 986 3917 3918
7654 2 2 1 2 3917 249 3882
7655 2 2 1 2 3918 3882 977
7656 2 2 1 2 3917 3882 3918
7657 2 2 1 2 970 3919 3852
7658 2 2 1 2 3919 977 3879
7659 2 2 1 2 3852 3879 65
7660 2 2 1 2 3919 3879 3852
7661 2 2 1 2 986 3918 3916
7662 2 2 1 2 3918 977 3919
7663 2 2 1 2 3916 3919 970
7664 2 2 1 2 3918 3919 3916
7665 2 2 1 2 248 3911 3906
7666 2 2 1 2 3911 985 3920
7667 2 2 1 2 3906 3920 984
7668 2 2 1 2 3911 3920 3906
7669 2 2 1 2 985 3914 3921
7670 2 2 1 2 3914 249 3917
7671 2 2 1 2 3921 3917 986
7672 2 2 1 2 3914 3917 3921
7673 2 2 1 2 984 3922 3909
7674 2 2 1 2 3922 986 3915
7675 2 2 1 2 3909 3915 246
7676 2 2 1 2 3922 3915 3909
7677 2 2 1 2 985 3921 3920
7678 2 2 1 2 3921 986 3922
7679 2 2 1 2 3920 3922 984
7680 2 2 1 2 3921 3922 3920
7681 2 2 1 2 12 3923 1927
7682 2 2 1 2 3923 987 3924
7683 2 2 1 2 1927 3924 493
7684 2 2 1 2 3923 3924 1927
7685 2 2 1 2 987 3925 3927
7686 2 2 1 2 3925 251 3926
7687 2 2 1 2 3927 3926 988
7688 2 2 1 2 3925 3926 3927
7689 2 2 1 2 493 3928 1930
7690 2 2 1 2 3928 988 3929
7691 2 2 1 2 1930 3929 130
7692 2 2 1 2 3928 3929 1930
7693 2 2 1 2 987 3927 3924
7694 2 2 1 2 3927 988 3928
7695 2 2 1 2 3924 3928 493
7696 2 2 1 2 3927 3928 3924
7697 2 2 1 2 251 3930 3932
7698 2 2 1 2 3930 989 3931
7699 2 2 1 2 3932 3931 991
7700 2 2 1 2 3930 3931 3932
7701 2 2 1 2 989 3933 3935
7702 2 2 1 2 3933 66 3934
7703 2 2 1 2 3935 3934 990
7704 2 2 1 2 3933 3934 3935
7705 2 2 1 2 991 3936 3938
7706 2 2 1 2 3936 990 3937
7707 2 2 1 2 3938 3937 252
7708 2 2 1 2 3936 3937 3938
7709 2 2 1 2 989 3935 3931
7710 2 2 1 2 3935 990 3936
7711 2 2 1 2 3931 3936 991
7712 2 2 1 2 3935 3936 3931
7713 2 2 1 2 130 3939 1936
7714 2 2 1 2 3939 992 3940
7715 2 2 1 2 1936 3940 496
7716 2 2 1 2 3939 3940 1936
7717 2 2 1 2 992 3941 3943
7718 2 2 1 2 3941 252 3942
7719 2 2 1 2 3943 3942 993
7720 2 2 1 2 3941 3942 3943
7721 2 2 1 2 496 3944 1939
7722 2 2 1 2 3944 993 3945
7723 2 2 1 2 1939 3945 37
7724 2 2 1 2 3944 3945 1939
7725 2 2 1 2 992 3943 3940
7726 2 2 1 2 3943 993 3944
7727 2 2 1 2 3940 3944 496
7728 2 2 1 2 3943 3944 3940
7729 2 2 1 2 251 3932 3926
7730 2 2 1 2 3932 991 3946
7731 2 2 1 2 3926 3946 988
7732 2 2 1 2 3932 3946 3926
7733 2 2 1 2 991 3938 3947
7734 2 2 1 2 3938 252 3941
7735 2 2 1 2 3947 3941 992
7736 2 2 1 2 3938 3941 3947
7737 2 2 1 2 988 3948 3929
7738 2 2 1 2 3948 992 3939
7739 2 2 1 2 3929 3939 130
7740 2 2 1 2 3948 3939 3929
7741 2 2 1 2 991 3947 3946
7742 2 2 1 2 3947 992 3948
7743 2 2 1 2 3946 3948 988
7744 2 2 1 2 3947 3948 3946
7745 2 2 1 2 66 3949 3951
7746 2 2 1 2 3949 994 3950
7747 2 2 1 2 3951 3950 996
7748 2 2 1 2 3949 3950 3951
7749 2 2 1 2 994 3952 3954
7750 2 2 1 2 3952 253 3953
7751 2 2 1 2 3954 3953 995
7752 2 2 1 2 3952 3953 3954
7753 2 2 1 2 996 3955 3957
7754 2 2 1 2 3955 995 3956
7755 2 2 1 2 3957 3956 254
7756 2 2 1 2 3955 3956 3957
7757 2 2 1 2 994 3954 3950
7758 2 2 1 2 3954 995 3955
7759 2 2 1 2 3950 3955 996
7760 2 2 1 2 3954 3955 3950
7761 2 2 1 2 253 3958 3960
7762 2 2 1 2 3958 997 3959
7763 2 2 1 2 3960 3959 998
7764 2 2 1 2 3958 3959 3960
7765 2 2 1 2 997 3961 3962
7766 2 2 1 2 3961 15 2633
7767 2 2 1 2 3962 2633 669
7768 2 2 1 2 3961 2633 3962
7769 2 2 1 2 998 3963 3964
7770 2 2 1 2 3963 669 2630
7771 2 2 1 2 3964 2630 173
7772 2 2 1 2 3963 2630 3964
7773 2 2 1 2 997 3962 3959
7774 2 2 1 2 3962 669 3963
7775 2 2 1 2 3959 3963 998
7776 2 2 1 2 3962 3963 3959
7777 2 2 1 2 254 3965 3967
7778 2 2 1 2 3965 999 3966
7779 2 2 1 2 3967 3966 1000
7780 2 2 1 2 3965 3966 3967
7781 2 2 1 2 999 3968 3969
7782 2 2 1 2 3968 173 2624
7783 2 2 1 2 3969 2624 666
7784 2 2 1 2 3968 2624 3969
7785 2 2 1 2 1000 3970 3971
7786 2 2 1 2 3970 666 2621
7787 2 2 1 2 3971 2621 47
7788 2 2 1 2 3970 2621 3971
7789 2 2 1 2 999 3969 3966
7790 2 2 1 2 3969 666 3970
7791 2 2 1 2 3966 3970 1000
7792 2 2 1 2 3969 3970 3966
7793 2 2 1 2 253 3960 3953
7794 2 2 1 2 3960 998 3972
7795 2 2 1 2 3953 3972 995
7796 2 2 1 2 3960 3972 3953
7797 2 2 1 2 998 3964 3973
7798 2 2 1 2 3964 173 3968
7799 2 2 1 2 3973 3968 999
7800 2 2 1 2 3964 3968 3973
7801 2 2 1 2 995 3974 3956
7802 2 2 1 2 3974 999 3965
7803 2 2 1 2 3956 3965 254
7804 2 2 1 2 3974 3965 3956
7805 2 2 1 2 998 3973 3972
7806 2 2 1 2 3973 999 3974
7807 2 2 1 2 3972 3974 995
7808 2 2 1 2 3973 3974 3972
7809 2 2 1 2 37 3975 1957
7810 2 2 1 2 3975 1001 3976
7811 2 2 1 2 1957 3976 502
7812 2 2 1 2 3975 3976 1957
7813 2 2 1 2 1001 3977 3979
7814 2 2 1 2 3977 255 3978
7815 2 2 1 2 3979 3978 1002
7816 2 2 1 2 3977 3978 3979
7817 2 2 1 2 502 3980 1960
7818 2 2 1 2 3980 1002 3981
7819 2 2 1 2 1960 3981 133
7820 2 2 1 2 3980 3981 1960
7821 2 2 1 2 1001 3979 3976
7822 2 2 1 2 3979 1002 3980
7823 2 2 1 2 3976 3980 502
7824 2 2 1 2 3979 3980 3976
7825 2 2 1 2 255 3982 3984
7826 2 2 1 2 3982 1003 3983
7827 2 2 1 2 3984 3983 1004
7828 2 2 1 2 3982 3983 3984
7829 2 2 1 2 1003 3985 3986
7830 2 2 1 2 3985 47 2605
7831 2 2 1 2 3986 2605 661
7832 2 2 1 2 3985 2605 3986
7833 2 2 1 2 1004 3987 3988
7834 2 2 1 2 3987 661 2602
7835 2 2 1 2 3988 2602 171
7836 2 2 1 2 3987 2602 3988
7837 2 2 1 2 1003 3986 3983
7838 2 2 1 2 3986 661 3987
7839 2 2 1 2 3983 3987 1004
7840 2 2 1 2 3986 3987 3983
7841 2 2 1 2 133 3989 1966
7842 2 2 1 2 3989 1005 3990
7843 2 2 1 2 1966 3990 505
7844 2 2 1 2 3989 3990 1966
7845 2 2 1 2 1005 3991 3992
7846 2 2 1 2 3991 171 2597
7847 2 2 1 2 3992 2597 659
7848 2 2 1 2 3991 2597 3992
7849 2 2 1 2 505 3993 1969
7850 2 2 1 2 3993 659 2595
7851 2 2 1 2 1969 2595 5
7852 2 2 1 2 3993 2595 1969
7853 2 2 1 2 1005 3992 3990
7854 2 2 1 2 3992 659 3993
7855 2 2 1 2 3990 3993 505
7856 2 2 1 2 3992 3993 3990
7857 2 2 1 2 255 3984 3978
7858 2 2 1 2 3984 1004 3994
7859 2 2 1 2 3978 3994 1002
7860 2 2 1 2 3984 3994 3978
7861 2 2 1 2 1004 3988 3995
7862 2 2 1 2 3988 171 3991
7863 2 2 1 2 3995 3991 1005
7864 2 2 1 2 3988 3991 3995
7865 2 2 1 2 1002 3996 3981
7866 2 2 1 2 3996 1005 3989
7867 2 2 1 2 3981 3989 133
7868 2 2 1 2 3996 3989 3981
7869 2 2 1 2 1004 3995 3994
7870 2 2 1 2 3995 1005 3996
7871 2 2 1 2 3994 3996 1002
7872 2 2 1 2 3995 3996 3994
7873 2 2 1 2 66 3951 3934
7874 2 2 1 2 3951 996 3997
7875 2 2 1 2 3934 3997 990
7876 2 2 1 2 3951 3997 3934
7877 2 2 1 2 996 3957 3999
7878 2 2 1 2 3957 254 3998
7879 2 2 1 2 3999 3998 1006
7880 2 2 1 2 3957 3998 3999
7881 2 2 1 2 990 4000 3937
7882 2 2 1 2 4000 1006 4001
7883 2 2 1 2 3937 4001 252
7884 2 2 1 2 4000 4001 3937
7885 2 2 1 2 996 3999 3997
7886 2 2 1 2 3999 1006 4000
7887 2 2 1 2 3997 4000 990
7888 2 2 1 2 3999 4000 3997
7889 2 2 1 2 254 3967 4003
7890 2 2 1 2 3967 1000 4002
7891 2 2 1 2 4003 4002 1007
7892 2 2 1 2 3967 4002 4003
7893 2 2 1 2 1000 3971 4004
7894 2 2 1 2 3971 47 3985
7895 2 2 1 2 4004 3985 1003
7896 2 2 1 2 3971 3985 4004
7897 2 2 1 2 1007 4005 4006
7898 2 2 1 2 4005 1003 3982
7899 2 2 1 2 4006 3982 255
7900 2 2 1 2 4005 3982 4006
7901 2 2 1 2 1000 4004 4002
7902 2 2 1 2 4004 1003 4005
7903 2 2 1 2 4002 4005 1007
7904 2 2 1 2 4004 4005 4002
7905 2 2 1 2 252 4007 3942
7906 2 2 1 2 4007 1008 4008
7907 2 2 1 2 3942 4008 993
7908 2 2 1 2 4007 4008 3942
7909 2 2 1 2 1008 4009 4010
7910 2 2 1 2 4009 255 3977
7911 2 2 1 2 4010 3977 1001
7912 2 2 1 2 4009 3977 4010
7913 2 2 1 2 993 4011 3945
7914 2 2 1 2 4011 1001 3975
7915 2 2 1 2 3945 3975 37
7916 2 2 1 2 4011 3975 3945
7917 2 2 1 2 1008 4010 4008
7918 2 2 1 2 4010 1001 4011
7919 2 2 1 2 4008 4011 993
7920 2 2 1 2 4010 4011 4008
7921 2 2 1 2 254 4003 3998
7922 2 2 1 2 4003 1007 4012
7923 2 2 1 2 3998 4012 1006
7924 2 2 1 2 4003 4012 3998
7925 2 2 1 2 1007 4006 4013
7926 2 2 1 2 4006 255 4009
7927 2 2 1 2 4013 4009 1008
7928 2 2 1 2 4006 4009 4013
7929 2 2 1 2 1006 4014 4001
7930 2 2 1 2 4014 1008 4007
7931 2 2 1 2 4001 4007 252
7932 2 2 1 2 4014 4007 4001
7933 2 2 1 2 1007 4013 4012
7934 2 2 1 2 4013 1008 4014
7935 2 2 1 2 4012 4014 1006
7936 2 2 1 2 4013 4014 4012
7937 2 2 1 2 18 3832 3770
7938 2 2 1 2 3832 966 4015
7939 2 2 1 2 3770 4015 950
7940 2 2 1 2 3832 4015 3770
7941 2 2 1 2 966 3837 4017
7942 2 2 1 2 3837 247 4016
7943 2 2 1 2 4017 4016 1009
7944 2 2 1 2 3837 4016 4017
7945 2 2 1 2 950 4018 3773
7946 2 2 1 2 4018 1009 4019
7947 2 2 1 2 3773 4019 242
7948 2 2 1 2 4018 4019 3773
7949 2 2 1 2 966 4017 4015
7950 2 2 1 2 4017 1009 4018
7951 2 2 1 2 4015 4018 950
7952 2 2 1 2 4017 4018 4015
7953 2 2 1 2 247 3847 4021
7954 2 2 1 2 3847 971 4020
7955 2 2 1 2 4021 4020 1011
7956 2 2 1 2 3847 4020 4021
7957 2 2 1 2 971 3853 4023
7958 2 2 1 2 3853 65 4022
7959 2 2 1 2 4023 4022 1010
7960 2 2 1 2 3853 4022 4023
7961 2 2 1 2 1011 4024 4026
7962 2 2 1 2 4024 1010 4025
7963 2 2 1 2 4026 4025 256
7964 2 2 1 2 4024 4025 4026
7965 2 2 1 2 971 4023 4020
7966 2 2 1 2 4023 1010 4024
7967 2 2 1 2 4020 4024 1011
7968 2 2 1 2 4023 4024 4020
7969 2 2 1 2 242 4027 3779
7970 2 2 1 2 4027 1012 4028
7971 2 2 1 2 3779 4028 953
7972 2 2 1 2 4027 4028 3779
7973 2 2 1 2 1012 4029 4031
7974 2 2 1 2 4029 256 4030
7975 2 2 1 2 4031 4030 1013
7976 2 2 1 2 4029 4030 4031
7977 2 2 1 2 953 4032 3782
7978 2 2 1 2 4032 1013 4033
7979 2 2 1 2 3782 4033 64
7980 2 2 1 2 4032 4033 3782
7981 2 2 1 2 1012 4031 4028
7982 2 2 1 2 4031 1013 4032
7983 2 2 1 2 4028 4032 953
7984 2 2 1 2 4031 4032 4028
7985 2 2 1 2 247 4021 4016
7986 2 2 1 2 4021 1011 4034
7987 2 2 1 2 4016 4034 1009
7988 2 2 1 2 4021 4034 4016
7989 2 2 1 2 1011 4026 4035
7990 2 2 1 2 4026 256 4029
7991 2 2 1 2 4035 4029 1012
7992 2 2 1 2 4026 4029 4035
7993 2 2 1 2 1009 4036 4019
7994 2 2 1 2 4036 1012 4027
7995 2 2 1 2 4019 4027 242
7996 2 2 1 2 4036 4027 4019
7997 2 2 1 2 1011 4035 4034
7998 2 2 1 2 4035 1012 4036
7999 2 2 1 2 4034 4036 1009
8000 2 2 1 2 4035 4036 4034
8001 2 2 1 2 65 3881 4038
8002 2 2 1 2 3881 979 4037
8003 2 2 1 2 4038 4037 1015
8004 2 2 1 2 3881 4037 4038
8005 2 2 1 2 979 3887 4040
8006 2 2 1 2 3887 250 4039
8007 2 2 1 2 4040 4039 1014
8008 2 2 1 2 3887 4039 4040
8009 2 2 1 2 1015 4041 4043
8010 2 2 1 2 4041 1014 4042
8011 2 2 1 2 4043 4042 257
8012 2 2 1 2 4041 4042 4043
8013 2 2 1 2 979 4040 4037
8014 2 2 1 2 4040 1014 4041
8015 2 2 1 2 4037 4041 1015
8016 2 2 1 2 4040 4041 4037
8017 2 2 1 2 250 3897 4045
8018 2 2 1 2 3897 983 4044
8019 2 2 1 2 4045 4044 1016
8020 2 2 1 2 3897 4044 4045
8021 2 2 1 2 983 3901 4046
8022 2 2 1 2 3901 15 3961
8023 2 2 1 2 4046 3961 997
8024 2 2 1 2 3901 3961 4046
8025 2 2 1 2 1016 4047 4048
8026 2 2 1 2 4047 997 3958
8027 2 2 1 2 4048 3958 253
8028 2 2 1 2 4047 3958 4048
8029 2 2 1 2 983 4046 4044
8030 2 2 1 2 4046 997 4047
8031 2 2 1 2 4044 4047 1016
8032 2 2 1 2 4046 4047 4044
8033 2 2 1 2 257 4049 4051
8034 2 2 1 2 4049 1017 4050
8035 2 2 1 2 4051 4050 1018
8036 2 2 1 2 4049 4050 4051
8037 2 2 1 2 1017 4052 4053
8038 2 2 1 2 4052 253 3952
8039 2 2 1 2 4053 3952 994
8040 2 2 1 2 4052 3952 4053
8041 2 2 1 2 1018 4054 4055
8042 2 2 1 2 4054 994 3949
8043 2 2 1 2 4055 3949 66
8044 2 2 1 2 4054 3949 4055
8045 2 2 1 2 1017 4053 4050
8046 2 2 1 2 4053 994 4054
8047 2 2 1 2 4050 4054 1018
8048 2 2 1 2 4053 4054 4050
8049 2 2 1 2 250 4045 4039
8050 2 2 1 2 4045 1016 4056
8051 2 2 1 2 4039 4056 1014
8052 2 2 1 2 4045 4056 4039
8053 2 2 1 2 1016 4048 4057
8054 2 2 1 2 4048 253 4052
8055 2 2 1 2 4057 4052 1017
8056 2 2 1 2 4048 4052 4057
8057 2 2 1 2 1014 4058 4042
8058 2 2 1 2 4058 1017 4049
8059 2 2 1 2 4042 4049 257
8060 2 2 1 2 4058 4049 4042
8061 2 2 1 2 1016 4057 4056
8062 2 2 1 2 4057 1017 4058
8063 2 2 1 2 4056 4058 1014
8064 2 2 1 2 4057 4058 4056
8065 2 2 1 2 64 4059 3798
8066 2 2 1 2 4059 1019 4060
8067 2 2 1 2 3798 4060 958
8068 2 2 1 2 4059 4060 3798
8069 2 2 1 2 1019 4061 4063
8070 2 2 1 2 4061 258 4062
8071 2 2 1 2 4063 4062 1020
8072 2 2 1 2 4061 4062 4063
8073 2 2 1 2 958 4064 3801
8074 2 2 1 2 4064 1020 4065
8075 2 2 1 2 3801 4065 245
8076 2 2 1 2 4064 4065 3801
8077 2 2 1 2 1019 4063 4060
8078 2 2 1 2 4063 1020 4064
8079 2 2 1 2 4060 4064 958
8080 2 2 1 2 4063 4064 4060
8081 2 2 1 2 258 4066 4068
8082 2 2 1 2 4066 1021 4067
8083 2 2 1 2 4068 4067 1022
8084 2 2 1 2 4066 4067 4068
8085 2 2 1 2 1021 4069 4070
8086 2 2 1 2 4069 66 3933
8087 2 2 1 2 4070 3933 989
8088 2 2 1 2 4069 3933 4070
8089 2 2 1 2 1022 4071 4072
8090 2 2 1 2 4071 989 3930
8091 2 2 1 2 4072 3930 251
8092 2 2 1 2 4071 3930 4072
8093 2 2 1 2 1021 4070 4067
8094 2 2 1 2 4070 989 4071
8095 2 2 1 2 4067 4071 1022
8096 2 2 1 2 4070 4071 4067
8097 2 2 1 2 245 4073 3806
8098 2 2 1 2 4073 1023 4074
8099 2 2 1 2 3806 4074 961
8100 2 2 1 2 4073 4074 3806
8101 2 2 1 2 1023 4075 4076
8102 2 2 1 2 4075 251 3925
8103 2 2 1 2 4076 3925 987
8104 2 2 1 2 4075 3925 4076
8105 2 2 1 2 961 4077 3809
8106 2 2 1 2 4077 987 3923
8107 2 2 1 2 3809 3923 12
8108 2 2 1 2 4077 3923 3809
8109 2 2 1 2 1023 4076 4074
8110 2 2 1 2 4076 987 4077
8111 2 2 1 2 4074 4077 961
8112 2 2 1 2 4076 4077 4074
8113 2 2 1 2 258 4068 4062
8114 2 2 1 2 4068 1022 4078
8115 2 2 1 2 4062 4078 1020
8116 2 2 1 2 4068 4078 4062
8117 2 2 1 2 1022 4072 4079
8118 2 2 1 2 4072 251 4075
8119 2 2 1 2 4079 4075 1023
8120 2 2 1 2 4072 4075 4079
8121 2 2 1 2 1020 4080 4065
8122 2 2 1 2 4080 1023 4073
8123 2 2 1 2 4065 4073 245
8124 2 2 1 2 4080 4073 4065
8125 2 2 1 2 1022 4079 4078
8126 2 2 1 2 4079 1023 4080
8127 2 2 1 2 4078 4080 1020
8128 2 2 1 2 4079 4080 4078
8129 2 2 1 2 65 4038 4022
8130 2 2 1 2 4038 1015 4081
8131 2 2 1 2 4022 4081 1010
8132 2 2 1 2 4038 4081 4022
8133 2 2 1 2 1015 4043 4083
8134 2 2 1 2 4043 257 4082
8135 2 2 1 2 4083 4082 1024
8136 2 2 1 2 4043 4082 4083
8137 2 2 1 2 1010 4084 4025
8138 2 2 1 2 4084 1024 4085
8139 2 2 1 2 4025 4085 256
8140 2 2 1 2 4084 4085 4025
8141 2 2 1 2 1015 4083 4081
8142 2 2 1 2 4083 1024 4084
8143 2 2 1 2 4081 4084 1010
8144 2 2 1 2 4083 4084 4081
8145 2 2 1 2 257 4051 4087
8146 2 2 1 2 4051 1018 4086
8147 2 2 1 2 4087 4086 1025
8148 2 2 1 2 4051 4086 4087
8149 2 2 1 2 1018 4055 4088
8150 2 2 1 2 4055 66 4069
8151 2 2 1 2 4088 4069 1021
8152 2 2 1 2 4055 4069 4088
8153 2 2 1 2 1025 4089 4090
8154 2 2 1 2 4089 1021 4066
8155 2 2 1 2 4090 4066 258
8156 2 2 1 2 4089 4066 4090
8157 2 2 1 2 1018 4088 4086
8158 2 2 1 2 4088 1021 4089
8159 2 2 1 2 4086 4089 1025
8160 2 2 1 2 4088 4089 4086
8161 2 2 1 2 256 4091 4030
8162 2 2 1 2 4091 1026 4092
8163 2 2 1 2 4030 4092 1013
8164 2 2 1 2 4091 4092 4030
8165 2 2 1 2 1026 4093 4094
8166 2 2 1 2 4093 258 4061
8167 2 2 1 2 4094 4061 1019
8168 2 2 1 2 4093 4061 4094
8169 2 2 1 2 1013 4095 4033
8170 2 2 1 2 4095 1019 4059
8171 2 2 1 2 4033 4059 64
8172 2 2 1 2 4095 4059 4033
8173 2 2 1 2 1026 4094 4092
8174 2 2 1 2 4094 1019 4095
8175 2 2 1 2 4092 4095 1013
8176 2 2 1 2 4094 4095 4092
8177 2 2 1 2 257 4087 4082
8178 2 2 1 2 4087 1025 4096
8179 2 2 1 2 4082 4096 1024
8180 2 2 1 2 4087 4096 4082
8181 2 2 1 2 1025 4090 4097
8182 2 2 1 2 4090 258 4093
8183 2 2 1 2 4097 4093 1026
8184 2 2 1 2 4090 4093 4097
8185 2 2 1 2 1024 4098 4085
8186 2 2 1 2 4098 1026 4091
8187 2 2 1 2 4085 4091 256
8188 2 2 1 2 4098 4091 4085
8189 2 2 1 2 1025 4097 4096
8190 2 2 1 2 4097 1026 4098
8191 2 2 1 2 4096 4098 1024
8192 2 2 1 2 4097 4098 4096
$EndElements
