$MeshFormat
2.2 0 8
$EndMeshFormat
$Nodes
4098
1 1.8587828591706814 0.0 0.0
2 0.0 1.535631925852535 0.0
3 0.0 0.0 1.63259500770271
4 -1.7250564479773125 0.0 0.0
5 0.0 -1.6498282185499673 0.0
6 0.0 0.0 -1.543124843514336
7 1.3892691211084185 1.3892691211084185 0.0
8 0.0 1.4147279166946467 1.4147279166946467
9 1.3419153313426975 0.0 1.3419153313426975
10 -1.2130754284678003 1.2130754284678003 0.0
11 -1.2427061366562717 0.0 1.2427061366562717
12 -1.2318763203683618 -1.2318763203683618 0.0
13 0.0 -1.2557167041795119 1.2557167041795119
14 1.3092078854933364 -1.3092078854933364 0.0
15 0.0 -1.434964129647556 -1.434964129647556
16 1.4793680930571904 0.0 -1.4793680930571904
17 0.0 1.288296126174452 -1.288296126174452
18 -1.2388260605593484 0.0 -1.2388260605593484
19 1.8271978163645466 0.7568501166766991 0.0
20 1.83863180409267 0.919315902046335 0.919315902046335
21 1.7732558718009823 0.0 0.7345066316576931
22 0.6422297187850946 1.5504796972500343 0.0
23 0.0 1.5280031952445703 0.6329196468197252
24 0.7902046517830456 1.580409303566091 0.7902046517830456
25 0.7802933823161958 0.7802933823161958 1.5605867646323917
26 0.0 0.6420716330316 1.55009804447993
27 0.6690939717020594 0.0 1.615335740985192
28 -0.5796955610759769 1.3995088855971045 0.0
29 -0.7959553532564052 1.5919107065128104 0.7959553532564052
30 -1.6351737368483859 0.6773111386388957 0.0
31 -1.5979274624519222 0.0 0.6618832266360107
32 -1.7242598865049177 0.8621299432524588 0.8621299432524588
33 -0.7869618253698009 0.7869618253698009 1.5739236507396017
34 -0.6398636663799261 0.0 1.544767541444191
35 -1.637737899037302 -0.678373249393669 0.0
36 -1.3631067996542663 -0.6815533998271331 0.6815533998271331
37 -0.6371952826897829 -1.538325493349832 0.0
38 0.0 -1.7053917407863979 0.7063963881927877
39 -0.6825522625787188 -1.3651045251574376 0.6825522625787188
40 -0.6711026869575217 -0.6711026869575217 1.3422053739150435
41 0.0 -0.7162792701486096 1.7292511284394754
42 0.6643682319876651 -1.603926796074456 0.0
43 0.785296478858452 -1.570592957716904 0.785296478858452
44 1.7692875246482835 -0.7328628884468407 0.0
45 1.5399480262608696 -0.7699740131304348 0.7699740131304348
46 0.8477646359069173 -0.8477646359069173 1.6955292718138346
47 0.0 -1.594190467307845 -0.6603353125648115
48 0.7773689134139043 -1.5547378268278087 -0.7773689134139043
49 0.0 -0.6437878013823838 -1.5542412413877074
50 0.6662183218614565 0.0 -1.6083933081393724
51 0.8153195508955869 -0.8153195508955869 -1.6306391017911739
52 1.7927043375191318 -0.8963521687595659 -0.8963521687595659
53 1.8127142424754012 0.0 -0.7508508239401823
54 1.7477644471461355 0.8738822235730678 -0.8738822235730678
55 0.0 0.6073274508945734 -1.466218168751159
56 0.8352013571528745 0.8352013571528745 -1.670402714305749
57 0.7935038621698828 1.5870077243397656 -0.7935038621698828
58 0.0 1.516900642966782 -0.628320819089309
59 -0.6650281267511428 1.3300562535022855 -0.6650281267511428
60 -0.5861735211736018 0.0 -1.415148064721302
61 -0.652683785715185 0.652683785715185 -1.30536757143037
62 -1.4035445551883734 0.7017722775941867 -0.7017722775941867
63 -1.644775204921736 0.0 -0.6812881969335696
64 -1.7091675449559345 -0.8545837724779672 -0.8545837724779672
65 -0.8202262934592599 -0.8202262934592599 -1.6404525869185198
66 -0.7952202495853252 -1.5904404991706504 -0.7952202495853252
67 1.8535119236726687 0.36868644470415446 0.0
68 1.8711574520807515 0.3875293969936659 0.3875293969936659
69 1.8276448433255221 0.0 0.3635411625151037
70 1.693309453145793 1.1314332039788288 0.0
71 1.6678406528677783 1.2209440968280607 0.4468965560397177
72 1.85637673209919 0.8436493902674131 0.435459106502466
73 1.8372648604768538 0.4309759440083739 0.8349638047597666
74 1.638298883722154 0.43898086285416094 1.199318020867993
75 1.6227264436972237 0.0 1.0842711448652387
76 1.0040312442339057 1.5026389460166647 0.0
77 0.6917992461004481 1.5222437644832114 0.35707994939757237
78 1.0832483511559254 1.4797447662866003 0.39649641513067496
79 0.31157461612503695 1.5663913723893494 0.0
80 0.0 1.5235595785401674 0.30305484261137866
81 0.320595319821444 1.5479711382925403 0.320595319821444
82 0.3659214834868237 1.5599355199529183 0.7089286498309983
83 0.0 1.562818060762531 1.044241643155988
84 0.42062978719736427 1.5698117369974485 1.1491819498000841
85 1.0786281798119035 0.3948053150489261 1.4734334948608296
86 0.6973634934197599 0.3599519981348544 1.5344874042871135
87 1.0080404159829226 0.0 1.508639095559759
88 0.4158206102699378 1.1360430340917669 1.5518636443617047
89 0.0 1.0380330516862488 1.553526246990884
90 0.3633609288212386 0.7039678846291457 1.5490197897925404
91 0.3230421752382686 0.3230421752382686 1.5597856013574687
92 0.0 0.3122582427659728 1.5698281955991957
93 0.3278946005083764 0.0 1.6484374743905887
94 1.459151025671683 1.459151025671683 0.9727673504477888
95 0.9557607652737768 1.433641147910665 1.433641147910665
96 1.4426228112012496 0.9617485408008332 1.4426228112012496
97 -0.2929236699064689 1.4726267338992272 0.0
98 -0.30375683887725896 1.4666677601621154 0.30375683887725896
99 -0.885336950357182 1.3250003818052487 0.0
100 -1.0424334441034477 1.4239905663998151 0.3815571222963675
101 -0.6536010939062951 1.4381920698332187 0.3373635441984426
102 -0.3594052099063098 1.532156427785075 0.6963041573105163
103 -0.42365190078124154 1.5810904184387224 1.1574385176574808
104 -1.4877174196215681 0.9940609990515534 0.0
105 -1.6852155208717212 0.7658634274331353 0.3953090082922225
106 -1.5676188401586164 1.1475766378983019 0.42004220226031447
107 -1.6951234463589249 0.33718101771601844 0.0
108 -1.6735464201508434 0.0 0.332889080351956
109 -1.6813914023330505 0.3482275612519334 0.3482275612519334
110 -1.6458705043903934 0.3860796609156748 0.7479826823286658
111 -1.4692021776259803 0.0 0.9816895098741952
112 -1.5150873800428761 0.40596643994507414 1.109120940097802
113 -0.41861722454916706 1.143683526391794 1.562300750940961
114 -0.36679611956585145 0.7106231515276197 1.5636641228042916
115 -1.059651566249161 0.387859392407162 1.447510958656323
116 -0.9513791917685115 0.0 1.42383958088079
117 -0.7008825263115933 0.36176838647876686 1.5422307285344299
118 -0.32671834652585763 0.32671834652585763 1.5775357265176764
119 -0.31964063458673164 0.0 1.6069419855460432
120 -1.4848130511877284 1.4848130511877284 0.9898753674584857
121 -1.4316216750459534 0.9544144500306357 1.4316216750459534
122 -0.9813873271147876 1.4720809906721812 1.4720809906721812
123 -1.71346177340082 -0.3408287377617042 0.0
124 -1.6306198620629788 -0.3377124309707156 0.3377124309707156
125 -1.4781087343793469 -0.9876406808342106 0.0
126 -1.3369152309803525 -0.9786898744902992 0.3582253564900533
127 -1.511158426765521 -0.6867614010096714 0.35447960908175463
128 -1.5089327770107912 -0.35395752784855244 0.6857499317178734
129 -1.3468392029391492 -0.360884476762122 0.9859547261770271
130 -0.9416520467663078 -1.409281879616209 0.0
131 -0.6657729069903694 -1.4649750804741364 0.343646162204515
132 -0.9550788506626597 -1.3046619726224375 0.34958312195977764
133 -0.32096781057347895 -1.6136141497972192 0.0
134 0.0 -1.698277110325078 0.3378083204814459
135 -0.3335175109429668 -1.6103649964148554 0.3335175109429668
136 -0.3648807226885335 -1.5554987218683753 0.7069123015682556
137 0.0 -1.5257831712555634 1.0194957211297306
138 -0.3649075963759527 -1.3618536897428923 0.9969460933669395
139 -0.9596046082381277 -0.35123966420376873 1.3108442724418965
140 -0.6657779624266768 -0.3436487716247348 1.4649862045197886
141 -0.35779124139132285 -0.9775038499842348 1.3352950913755577
142 0.0 -1.0176087366636906 1.5229590994296276
143 -0.3598004101333312 -0.6970698099873842 1.5338411795677518
144 -0.33489553775882985 -0.33489553775882985 1.6170186984711963
145 0.0 -0.34354880553639117 1.7271364775457625
146 -1.064280294004004 -1.064280294004004 0.7095201960026694
147 -0.713550035199166 -1.070325052798749 1.070325052798749
148 -1.0632312950207092 -0.7088208633471397 1.0632312950207092
149 0.3300082383676828 -1.6590634494727323 0.0
150 0.35512619312668825 -1.7147009436007556 0.35512619312668825
151 0.9887161127858305 -1.4797182320354958 0.0
152 1.0467238293892205 -1.4298513416922036 0.38312751230298325
153 0.7322081107750482 -1.6111599386876345 0.3779374386685631
154 0.3999782008703962 -1.7051204449630557 0.774909423745524
155 0.409051020344084 -1.5265991908120122 1.117548170467928
156 1.591735158294976 -1.0635634299977967 0.0
157 1.6397035062787324 -0.7451800269695892 0.38463303887981815
158 1.4548619856640652 -1.0650328915066392 0.38982909415742584
159 1.8429375858313108 -0.36658307813065766 0.0
160 1.7602462899376807 -0.3645589432045553 0.3645589432045553
161 1.6691240093456345 -0.3915343460104452 0.7585504754591506
162 1.5290307609232368 -0.4097025575917263 1.1193282033315104
163 0.42007606894252414 -1.1476691633947824 1.5677452323373064
164 0.42035759078531176 -0.8143920286997116 1.7919984656256271
165 1.1225897682477093 -0.41089637320714717 1.5334861414548564
166 0.7777036206605025 -0.40142045698534795 1.7112688310079094
167 0.3685129186671834 -0.3685129186671834 1.7793377723120152
168 1.234661392490494 -1.234661392490494 0.8231075949936627
169 1.306664941214332 -0.8711099608095549 1.306664941214332
170 0.879863966876685 -1.3197959503150274 1.3197959503150274
171 0.0 -1.6213496947479509 -0.32250650613260073
172 0.33414972440761714 -1.613417593056203 -0.33414972440761714
173 0.0 -1.5811587427781035 -1.0564964950836642
174 0.4175833318711697 -1.5584422109371014 -1.1408588790659318
175 0.37129492346018866 -1.582842674238897 -0.7193390403578577
176 0.7065952428735387 -1.5548010619276793 -0.36471706928286163
177 1.0718525201672418 -1.4641777716588245 -0.3923252514915828
178 0.0 -1.0613217037243838 -1.588380177835868
179 0.37224014947036166 -0.7211703015147369 -1.5868722043271606
180 0.4240071931604602 -1.1584091944890482 -1.5824163876495085
181 0.0 -0.30641606809456734 -1.5404576001537416
182 0.31348048504987225 0.0 -1.5759728225019893
183 0.32383050615871517 -0.32383050615871517 -1.5635919997570287
184 0.7227281358565082 -0.3730442431594847 -1.5903000826115417
185 1.082560671100279 0.0 -1.6201665388036972
186 1.1557102161079766 -0.423019298508723 -1.5787295146166995
187 1.6107678242903076 -1.179163886577683 -0.43160393771262445
188 1.81871395518459 -0.8265331561375824 -0.42662437005051335
189 1.6835598849231526 -0.4511085115745926 -1.23245137334856
190 1.7189921165244086 0.0 -1.148593811013292
191 1.8287059655566875 -0.4289682433783571 -0.8310741274351667
192 1.8756810769087908 -0.3884662703710967 -0.3884662703710967
193 1.8553778822764826 0.0 -0.3690576069474716
194 0.9473888007502014 -1.4210832011253018 -1.4210832011253018
195 1.4684041172610374 -0.978936078174025 -1.4684041172610374
196 1.4037680278412523 -1.4037680278412523 -0.9358453518941683
197 1.8238999469098143 0.3777420472108065 -0.3777420472108065
198 1.7078431996576176 0.45761520614724327 -1.2502279935103742
199 1.7906458245392176 0.42004029534160064 -0.8137773071251153
200 1.789548617331504 0.8132786700889044 -0.4197829182359424
201 1.6525641747048707 1.2097609386520958 -0.4428032360527749
202 0.7554037156532857 0.3899101106002762 -1.6621998394801636
203 1.222128494055154 0.4473300755130057 -1.6694585695681599
204 0.0 0.29843679432711784 -1.5003430820241588
205 0.3250458583016301 0.3250458583016301 -1.5694602390099974
206 0.36897318318811917 0.7148409491808859 -1.5729450178236601
207 0.0 0.9559066341434862 -1.430615377229313
208 0.406230521469597 1.1098424242401386 -1.5160729457097357
209 1.1263930278576588 1.5386814906992348 -0.412288462841576
210 0.7149770582333018 1.573244513894952 -0.369043437403953
211 0.4083721058554343 1.5240654474463766 -1.1156933415909422
212 0.0 1.4849918270258586 -0.9922398163034293
213 0.36810937225194285 1.5692625629182384 -0.7131674198902375
214 0.32156284895306675 1.5526427821956497 -0.32156284895306675
215 0.0 1.5122604027312314 -0.30080729680178425
216 1.4726243746343923 0.9817495830895949 -1.4726243746343923
217 0.9287012510462173 1.3930518765693258 -1.3930518765693258
218 1.4092684005627656 1.4092684005627656 -0.9395122670418439
219 -0.3016717144725647 1.4565998889280194 -0.3016717144725647
220 -0.36542434769559634 1.3637822319226807 -0.9983578842270842
221 -0.3377062975960047 1.4396532390281693 -0.6542651371896882
222 -0.623793137572127 1.3726022677086196 -0.32197783280970205
223 -0.9273292702016394 1.2667553407683234 -0.3394260705666839
224 -0.3231768775558594 0.6261161418540302 -1.3777138355556904
225 -0.35470198914180695 0.9690638558811607 -1.3237658450229677
226 -0.2941170976013604 0.0 -1.478626500080752
227 -0.2949028748734021 0.2949028748734021 -1.4239170402043668
228 -0.6142728437267473 0.3170638262337761 -1.3516536933586658
229 -0.9094035291457988 0.0 -1.3610185623079358
230 -0.9376454985241067 0.34320207220394744 -1.2808475707280542
231 -1.3549916909784818 0.9919227616299162 -0.36306892934856555
232 -1.5421225249304733 0.7008333520772236 -0.3617430046454975
233 -1.3636539776379077 0.36538998206356565 -0.9982639955743421
234 -1.4936431086394903 0.0 -0.998020417868282
235 -1.538821337719518 0.3609686294831594 -0.6993330937893858
236 -1.6572426556484805 0.34322619205640276 -0.34322619205640276
237 -1.7197651076560183 0.0 -0.342082548900791
238 -0.7356631286026033 1.103494692903905 -1.103494692903905
239 -1.0951747809784753 0.730116520652317 -1.0951747809784753
240 -1.086894158245239 1.086894158245239 -0.7245961054968261
241 -1.7407499798715713 -0.36052112518174845 -0.36052112518174845
242 -1.557665392961084 -0.41737518412182983 -1.1402902088392541
243 -1.6998733758936229 -0.3987473709589761 -0.7725248395474058
244 -1.6892199473507905 -0.7676832799980924 -0.3962483456295626
245 -1.5175923993846103 -1.1109547415298942 -0.4066376578547162
246 -0.67800664409909 -0.3499607429912811 -1.4918943495179378
247 -1.0697640637290498 -0.3915608233805074 -1.4613248871095572
248 -0.3112252128178857 -0.3112252128178857 -1.502728259474785
249 -0.3711321921974425 -0.7190237682036111 -1.582148945424328
250 -0.43617646358160783 -1.1916562595706686 -1.6278327231522765
251 -1.0510367600605632 -1.435742914554019 -0.3847061544934558
252 -0.7016692827076707 -1.5439619172063557 -0.36217447962744126
253 -0.42888840484947177 -1.6006333176753986 -1.171744912825927
254 -0.37405084440108205 -1.5945912573636603 -0.7246783041066036
255 -0.3319630824448698 -1.6028595516911652 -0.3319630824448698
256 -1.4643694828086171 -0.9762463218724114 -1.4643694828086171
257 -0.996933661783123 -1.4954004926746844 -1.4954004926746844
258 -1.410345340318079 -1.410345340318079 -0.9402302268787195
259 1.8571108310407953 0.18290945193899746 0.0
260 1.856625212701168 0.18465285819757518 0.18465285819757518
261 1.8453149347965132 0.0 0.18174765756404263
262 1.8465035306269897 0.5601307222849461 0.0
263 1.863187296019716 0.5751506230159044 0.19660682423671658
264 1.8639753071041643 0.37832178134647315 0.19092188932564272
265 1.8520326942517635 0.1896986401760564 0.37589784871655496
266 1.8401949418447778 0.19418063029168628 0.5680530720307896
267 1.8062691503720427 0.0 0.5479257564676111
268 1.7807712757707521 0.9518420774807651 0.0
269 1.7824605320251519 0.9940194285426988 0.21620574872674772
270 1.8406370005829893 0.7987713885236203 0.21189001712905886
271 1.560088765620663 1.2803317617549428 0.0
272 1.521296934891528 1.3063672940024427 0.21492964088908534
273 1.6743254500589135 1.1708075055485212 0.21839196840638547
274 1.7895570853531118 1.0466277790469216 0.4478397763148213
275 1.7931636558481172 1.1010283194851576 0.6921353363629595
276 1.8637764649477895 0.887614720534891 0.6738432945808309
277 1.8069179140683191 0.20800835126180384 0.7841384970047927
278 1.7401158239170356 0.21106949512862222 0.9704051819441417
279 1.7154321326497428 0.0 0.9169175778691031
280 1.8548657548912832 0.6706216516775878 0.8833710370431613
281 1.7769259097031844 0.6858678002944328 1.0910581094087515
282 1.7633223199187982 0.44127448058889224 1.0312842985259218
283 1.6283998759422191 0.21240162971136933 1.138693075901311
284 1.480409353617262 0.20915302163840113 1.2712563319788608
285 1.4949917766040948 0.0 1.2269080435222388
286 1.8790889288734969 0.612858164704403 0.4140118300486358
287 1.8838911087289423 0.6490334323032398 0.6490334323032398
288 1.8690705756238892 0.41180452804221596 0.6095907144568004
289 1.1980463020571928 1.4598236428743274 0.0
290 1.0326240445740178 1.4767147545428816 0.1926164605620876
291 1.230702751793095 1.4331837092531374 0.20248095746004222
292 0.817978809245856 1.530330715731171 0.0
293 0.6642650193579666 1.5306892439939885 0.17620952421711839
294 0.8401435956197276 1.5065327270527658 0.18273674529203887
295 0.8799887091987771 1.5046323641547554 0.3765368687672496
296 0.7342492206797575 1.5417459684360821 0.5574140474012189
297 0.9423865250392318 1.534795460348858 0.5924089353096263
298 0.47430937479989355 1.5635884630729917 0.0
299 0.3169143139666665 1.561423330159073 0.15993231836007782
300 0.4793059981657118 1.5527008247085021 0.16384374173643945
301 0.15332098452674892 1.5566940798960236 0.0
302 0.0 1.5347744126044358 0.15116208573407833
303 0.1546874537890405 1.555332690740071 0.1546874537890405
304 0.15799798610778884 1.5425383947190507 0.3130813327093225
305 0.0 1.5167739784255252 0.4601083561372977
306 0.1618409097991644 1.533720552604109 0.4734469439798155
307 0.5686839653933158 1.572917322494933 0.749094430522246
308 0.39563779573764124 1.5809592136319386 0.9246286939211364
309 0.6156048408197866 1.5948907228503733 0.9792858820305865
310 0.177841629894162 1.544866948723694 0.6704176420040602
311 0.0 1.552457783486586 0.8298059733670632
312 0.18985492283430566 1.5652169692792477 0.8728698612925799
313 0.20409897077008224 1.5647466506427958 1.0941822109853452
314 0.0 1.5237622402006938 1.2505193527982756
315 0.21308350718911206 1.508229786370033 1.2951462791809207
316 0.5018823053383038 1.5388250297906805 0.33904290367471807
317 0.3398666652789986 1.5425638633173768 0.5031017125830052
318 0.5320540518389729 1.5443455571551232 0.5320540518389729
319 1.2131229150423544 0.1995886407149183 1.4127115557572727
320 1.0323894771911777 0.19257270645885574 1.47637930901748
321 1.1765432717185658 0.0 1.4336221245958853
322 0.9365452926297617 0.5887369831109824 1.525282275740744
323 0.731862710728189 0.5556022999266549 1.5367348741198266
324 0.8833459632295967 0.3779733984717864 1.5103727026575748
325 0.8513503589015283 0.18517428984757878 1.526628524647833
326 0.6781284983213023 0.17988708808234274 1.5626353460994786
327 0.8391546583987044 0.0 1.569947943004052
328 0.6064457012736335 0.964715795094377 1.5711614963680103
329 0.39087650631980836 0.9135012817698697 1.5619332144605071
330 0.5624350383726336 0.740863081103601 1.555633477414055
331 0.21189289251044408 1.2879095850258613 1.4998024775363052
332 0.0 1.2430849636724515 1.514703410840284
333 0.2022468887797735 1.0842531302093084 1.5505474654136062
334 0.1887325190099096 0.867709539632815 1.5559635589062024
335 0.0 0.8315585120566986 1.555736552761464
336 0.17808716466782182 0.671343245554168 1.546999849534461
337 0.4901698709579842 0.16755739767825226 1.5878940922842142
338 0.32383632920400257 0.16342554632688833 1.5955278044821541
339 0.497884703342576 0.0 1.6413059059087896
340 0.1632778840404715 0.47765064664046425 1.5473383512817753
341 0.0 0.47133436690009384 1.5537811763592506
342 0.1601980477797935 0.3174408708102956 1.5640176533059402
343 0.1587648680067431 0.1587648680067431 1.5963297817848945
344 0.0 0.15719341591266422 1.5960115355715458
345 0.1618116930028614 0.0 1.6429016897655084
346 0.5308051101838317 0.5308051101838317 1.5407203662753681
347 0.3399232069643192 0.5031854107553274 1.5428204908994756
348 0.5057552945034843 0.3416592730475701 1.5507000303716842
349 1.3988171778381833 1.3988171778381833 0.43279554101142437
350 1.1266706759353347 1.5656277637162683 0.897432813217201
351 1.2721262789318748 1.493032134116286 0.6666393611034851
352 1.5857921358161202 1.3511617083106062 0.708056733748138
353 1.71150871033973 1.2316507922486832 0.981053167529471
354 0.6849105307779823 1.5339529753440826 1.3069925596316472
355 0.9091797855223405 1.5861210928097316 1.14141826375729
356 0.44114433874518694 1.4258009162958198 1.4258009162958198
357 0.6795290403987303 1.2967232360202519 1.5219003745910142
358 0.897020310577389 1.1261528047129128 1.564908127019254
359 1.7015071048097261 0.975320151549878 1.2244533498399077
360 1.5650417464639852 0.6987916777695917 1.3334815023795106
361 1.111103213159178 0.8850327816798025 1.5439951318802294
362 1.2567257440383093 0.6585689337315117 1.4749572826966781
363 1.3772361496493228 0.4261183476522354 1.3772361496493228
364 1.2483983664493683 1.498078039739242 1.2483983664493683
365 1.2390100143387364 1.2390100143387364 1.4868120172064836
366 1.5380387557687347 1.2816989631406122 1.2816989631406122
367 -0.14837894272817725 1.5065166874524405 0.0
368 -0.14960140725941967 1.5041941255857663 0.14960140725941967
369 -0.4357097436229035 1.4363425320544936 0.0
370 -0.4431464283689645 1.4355627249155116 0.15148312192831698
371 -0.2981186284152964 1.46881778779998 0.15044698610173807
372 -0.15314785378889667 1.4951864283702208 0.30347054001744994
373 -0.15791439186680756 1.4965100521163308 0.46196036794744394
374 -0.7285712670131178 1.363060969192215 0.0
375 -0.7708533294760326 1.3822824748864422 0.1676656577047104
376 -0.6097804669010235 1.4051385737354873 0.1617564117005208
377 -1.0492468585597459 1.2785109963671595 0.0
378 -1.129963624007132 1.3158705102561752 0.18590688624904309
379 -0.9486840320814115 1.3566754666765217 0.17695904081593689
380 -0.8404747514411848 1.4370701567577429 0.35962930873708526
381 -0.9358904622083544 1.5242158017076688 0.5883253394993145
382 -0.7182594941093504 1.508171405764435 0.5452752558936188
383 -0.17525698821717747 1.5224147956285865 0.6606742012835686
384 -0.1888222079583713 1.5567029796280534 0.8681218901730829
385 -0.5638313708779357 1.5594955795994636 0.7427023889908131
386 -0.6216607928630165 1.6105803033918646 0.9889195105288481
387 -0.3948418790818134 1.577778749622002 0.9227685900941598
388 -0.20425968092270835 1.5659787522653428 1.0950437841204999
389 -0.21381092700269028 1.5133785482076194 1.299567621204929
390 -0.47143821983209294 1.4454801951795737 0.3184766254059724
391 -0.5133934412346869 1.490181077097272 0.5133934412346869
392 -0.3270580198931041 1.484428848828362 0.48414118456469546
393 -1.363791227503894 1.1192345355306297 0.0
394 -1.519165013239802 1.0623082863640965 0.1981534937331802
395 -1.3884014430713785 1.1922473480192535 0.196154095052125
396 -1.5773846385780999 0.843129654997709 0.0
397 -1.656420525787089 0.7188279508359927 0.19068342832985785
398 -1.6084129577497575 0.8969588388622596 0.19509443353396064
399 -1.6519188486380587 0.966129647311389 0.4133955679420701
400 -1.716019260337877 0.8172460511459264 0.6204220804894799
401 -1.6967077936290393 1.0418030304061563 0.6549047632228828
402 -1.6708910715143659 0.5068592652130016 0.0
403 -1.691150018295648 0.34324429353074926 0.1732198679861895
404 -1.679869531496678 0.5185619339986771 0.17726280896458402
405 -1.7134065664276017 0.16875581724883476 0.0
406 -1.7038451186784909 0.0 0.16781409684189863
407 -1.699827373556859 0.16905834350547053 0.16905834350547053
408 -1.6775160527325137 0.17182337820738533 0.3404770754678261
409 -1.6386150950137743 0.0 0.49706845478135864
410 -1.6515642646100575 0.17427598705803735 0.5098243304741955
411 -1.6896932458889729 0.6109039818102323 0.8047084113606122
412 -1.5997362514773221 0.4003367821501771 0.9356105003010743
413 -1.6478969313004745 0.6360644736008134 1.0118324576996611
414 -1.6157562814263808 0.18600225141588644 0.701181106335432
415 -1.544380371347182 0.0 0.8254885066288876
416 -1.5651178310874776 0.18984289774505742 0.8728145751939766
417 -1.4853031655040936 0.19373669675943866 1.0386296726995226
418 -1.3678147123376645 0.0 1.122536524198926
419 -1.3754939748536394 0.19433052107047905 1.1811634537831603
420 -1.6877369977774757 0.550449413579221 0.3718520567887841
421 -1.6687331355882982 0.36766501505699645 0.5442513715788687
422 -1.6969701436353979 0.5846358909687249 0.5846358909687249
423 -0.21258161375768572 1.2920957126737707 1.5046773264314566
424 -0.2028101490302848 1.0872727894654977 1.5548657605382818
425 -0.6121828817986733 0.973842331336929 1.5860252131356023
426 -0.5680680080553455 0.7482830656176743 1.5712136522215132
427 -0.39345076630138004 0.9195174780742098 1.5722198960667522
428 -0.18942685880924795 0.8709018102112679 1.5616878899909372
429 -0.1791802906613518 0.6754640520910394 1.556495568951789
430 -0.9368014667256849 0.5888980208798676 1.5256994876055525
431 -0.8795358990693308 0.3763431166128123 1.503858135157883
432 -0.7377956680106612 0.5601063751626078 1.5491926510074707
433 -1.1598556206871642 0.19082485697702506 1.3506804776641894
434 -1.1013512331288544 0.0 1.3420003604781745
435 -1.0018884082212514 0.18688330964573885 1.4327609381167707
436 -0.835547043607809 0.18173696506565507 1.4982902598439933
437 -0.7971316373538455 0.0 1.4913284003632648
438 -0.6710404947563888 0.17800685398988697 1.5463022102244472
439 -0.16464617856978533 0.48165343471284866 1.5603052917434215
440 -0.1613648054597228 0.3197528626171525 1.5754087384897506
441 -0.4877703012485435 0.16673713988624306 1.580120741061712
442 -0.4801947168573967 0.0 1.5829898357450636
443 -0.32346775249609283 0.1632395423352992 1.5937118427369108
444 -0.15879376634435086 0.15879376634435086 1.596620345292719
445 -0.159697327227757 0.0 1.6214341737891447
446 -0.5376910455166601 0.5376910455166601 1.5607075529180696
447 -0.5112617786365188 0.34537913794347297 1.567583501894648
448 -0.34446330737178193 0.5099060824882208 1.5634267919576728
449 -1.3429381314501292 1.3429381314501292 0.4155065038907221
450 -1.6834793538460397 1.2114800628079774 0.9649864722180057
451 -1.5600598262362704 1.3292366964597977 0.6965672486754128
452 -1.2756718626743875 1.4971934116163597 0.6684973729376814
453 -1.1553161001938146 1.6054336027075744 0.9202499009671297
454 -1.4990311131578566 0.6693179073076583 1.2772376618091499
455 -1.6484986762732108 0.9449352131576069 1.18630696319961
456 -1.3164015588589246 0.4072960597575232 1.3164015588589246
457 -1.2362427931915616 0.6478351398526092 1.4509174492916201
458 -1.1157217960711234 0.8887116453835223 1.5504131400794436
459 -0.9351852349082261 1.631489228414783 1.1740664763098956
460 -0.6987219957730231 1.564885683881851 1.333348530484697
461 -0.9108254380024946 1.1434842773516927 1.588992036655791
462 -0.6900144453846113 1.3167321943957413 1.545383906312318
463 -0.4454859461458118 1.4398332120011563 1.4398332120011563
464 -1.5533097658793773 1.294424804899481 1.294424804899481
465 -1.2626928482347939 1.2626928482347939 1.5152314178817528
466 -1.2885089348810792 1.5462107218572951 1.2885089348810792
467 -1.7262251764233474 -0.1700183401364039 0.0
468 -1.6977450286716693 -0.16885124143006355 0.16885124143006355
469 -1.684666700362409 -0.5110380565386611 0.0
470 -1.6403442446544878 -0.5063608024212282 0.17309203067531104
471 -1.6765645904884716 -0.34028396191654775 0.1717259225337172
472 -1.6589841410033628 -0.16992520520763546 0.3367157456742355
473 -1.6163160939561865 -0.17055653764615275 0.49894350955240546
474 -1.5696876503973711 -0.8390155291018279 0.0
475 -1.5062456028329092 -0.8399834759156362 0.18270191820565107
476 -1.5789316825657165 -0.6852005322437226 0.18176308590911594
477 -1.3638309014743053 -1.1192670951166943 0.0
478 -1.2966537705548018 -1.1134618355216235 0.18319193503317824
479 -1.410451455404788 -0.9862880302880516 0.1839733545689486
480 -1.4325714616944638 -0.8378436762655304 0.3585035024650546
481 -1.355813460329599 -0.8324889983652978 0.523324461964301
482 -1.4388722709023007 -0.6852561091107711 0.5202203428043444
483 -1.5610428108554646 -0.17970375898484775 0.6774373943242996
484 -1.4991426168528512 -0.1818403527603454 0.836022374989142
485 -1.4414512693411765 -0.5211527726517293 0.6864843449113808
486 -1.3625767491085479 -0.525934993991688 0.8366417551168598
487 -1.4374463674925082 -0.35972345612846135 0.8406947794073245
488 -1.414211720679184 -0.18446382775322503 0.9889174753615654
489 -1.3069309896556343 -0.1846439060192618 1.1222870836363723
490 -1.5792203794837558 -0.5150571048355965 0.3479430426702209
491 -1.5114267073221417 -0.5207129323891391 0.5207129323891391
492 -1.5729028435104069 -0.346551126306107 0.5129966629679507
493 -1.0893064356283904 -1.327323732258866 0.0
494 -0.9515492488073078 -1.3607728996545032 0.1774934927371229
495 -1.0940638736489328 -1.274064365511099 0.18000049186216618
496 -0.7910178136375376 -1.4798902406971757 0.0
497 -0.6532475227229225 -1.5053012390508684 0.17328691383790376
498 -0.8023410558038111 -1.438745787182821 0.17451444481180048
499 -0.811581016090906 -1.3876667395605666 0.34726601756975956
500 -0.6764237333539898 -1.42032641571961 0.5135151394754284
501 -0.8187945477868567 -1.333510318230991 0.5147157704441344
502 -0.48012256711571855 -1.5827519899218618 0.0
503 -0.326981060873255 -1.6110217635084965 0.16501255014564553
504 -0.48390207092351756 -1.567589697346808 0.16541484195386563
505 -0.1609947631881078 -1.6346072621615972 0.0
506 0.0 -1.6702529707849456 0.16450555905408196
507 -0.16362145244477758 -1.6451611792692435 0.16362145244477758
508 -0.17016597850428755 -1.661334816880051 0.33719285064534077
509 0.0 -1.7187020811126357 0.5213625764145556
510 -0.1762861622217697 -1.670614126395786 0.5157048664234449
511 -0.5280618414476241 -1.4605609939908877 0.6955852608331446
512 -0.36924035507197833 -1.4754756691215531 0.8629363294693384
513 -0.5334039565766372 -1.3819271153600363 0.848523158783399
514 -0.18895895953664696 -1.6414404851502458 0.7123271427701756
515 0.0 -1.6396671182684683 0.87642033396684
516 -0.19003237479943327 -1.5666799328037284 0.8736857077814394
517 -0.18862064714282284 -1.446080422381396 1.0112023394802607
518 0.0 -1.3887952778847632 1.1397548293630204
519 -0.18509664373441057 -1.3101355197312277 1.125038875996817
520 -0.503097752159964 -1.5425517202351453 0.3398639898443133
521 -0.35207893919016503 -1.5979921072401353 0.5211794370170767
522 -0.5202183022420922 -1.509990988775527 0.5202183022420922
523 -1.1054222188015321 -0.18186921978879927 1.2872914385903313
524 -0.9601899505458511 -0.17910525201621025 1.373129625041597
525 -0.8139767161184972 -0.5116871548460549 1.3256638709645518
526 -0.6705367250914346 -0.5090459469856123 1.4079651206724848
527 -0.8129375098923812 -0.3478464453902196 1.389986115314073
528 -0.8077938845923099 -0.1757004708562054 1.4485237168935503
529 -0.6562904970424506 -0.17409412337238622 1.5123132717861665
530 -0.5213562617599625 -0.8293580439846405 1.350714305744603
531 -0.3614312359157336 -0.8446859607636618 1.4442706148688453
532 -0.518339207900094 -0.6827781991193045 1.4336692585845563
533 -0.18346815206932304 -1.1151407147147083 1.2986088667840314
534 0.0 -1.1359875384707983 1.384204820650675
535 -0.18584294165672216 -0.9963109565458924 1.4247848453412533
536 -0.1878149638006212 -0.8634910222706985 1.548398977686035
537 0.0 -0.8808594801816545 1.6479721766970794
538 -0.18844537739194547 -0.7103910689126032 1.6369791220752667
539 -0.4854053978549913 -0.16592873226704435 1.5724596905771007
540 -0.32783208256721413 -0.16544202229786867 1.6152147111566704
541 -0.17758807413934657 -0.5195134598098301 1.682951977611191
542 0.0 -0.5315358386598033 1.752238832278889
543 -0.17178786259315762 -0.3404066994072932 1.6771693128790015
544 -0.16415163480395212 -0.16415163480395212 1.6504919926938568
545 0.0 -0.16542364829949496 1.679574487324655
546 -0.5159044810141638 -0.5159044810141638 1.4974696469594344
547 -0.35114148239159587 -0.5197917277504278 1.5937372416453972
548 -0.5034371607780663 -0.34009327484238877 1.5435923834968444
549 -1.158944694413007 -1.158944694413007 0.35857873635493864
550 -0.8798091041055762 -1.2225875666946764 0.7007988902667508
551 -1.017007474596717 -1.1936117234244055 0.5329480448056458
552 -1.2030000503156606 -1.0250067246333796 0.5371399359897705
553 -1.2256226698588102 -0.8819932514570202 0.7025386404386101
554 -0.543174505806229 -1.2165153138557954 1.0365222985605758
555 -0.7094649853265151 -1.237706112427289 0.8906888435522566
556 -0.3608857174066995 -1.1664009743843966 1.1664009743843966
557 -0.5369009997566199 -1.0245507703664778 1.2024649191864274
558 -0.698465781443688 -0.8768800321394115 1.2185173121916526
559 -1.2284703480831873 -0.7041709568418235 0.884042522442283
560 -1.2099863546796266 -0.5402593232897803 1.0309593502808365
561 -0.8715146012135758 -0.694192027033689 1.2110614798874912
562 -1.0175946646021234 -0.5332557532277838 1.1943008794943828
563 -1.1687776435852888 -0.36162106141655426 1.1687776435852888
564 -0.9019614910561304 -1.0823537892673565 0.9019614910561304
565 -0.8973244378830039 -0.8973244378830039 1.0767893254596046
566 -1.0789806356457436 -0.8991505297047864 0.8991505297047864
567 0.1634546460917507 -1.6595828724158495 0.0
568 0.16764902783014693 -1.6856571568540062 0.16764902783014693
569 0.4979808032283855 -1.6416227047762328 0.0
570 0.5134313380116654 -1.663249083075907 0.17550898980299
571 0.3421231226943158 -1.6856260573259163 0.17265406378219456
572 0.17605089162659357 -1.7187893747789729 0.3488541160107942
573 0.1837281988028343 -1.741140203342428 0.5374756874146478
574 0.8275579755662612 -1.5482520754112936 0.0
575 0.8600718954710223 -1.542267851473193 0.18707128128447617
576 0.6991700632540668 -1.6111221641326094 0.1854687821916753
577 1.149747465017772 -1.4009713396599939 0.0
578 1.17205900737686 -1.3648916224559813 0.1928326150791213
579 1.019492758759808 -1.4579362226949597 0.19016706786253484
580 0.8931125102544525 -1.5270718518466788 0.3821523896303839
581 0.924156783695747 -1.505106024524052 0.580949240828305
582 0.7621259883482615 -1.6002804454984563 0.5785770278401747
583 0.19842690155923137 -1.7236861928162608 0.7480188723679629
584 0.20046262274591892 -1.6526698077877835 0.921639423926276
585 0.597252509652385 -1.6519347748552689 0.7867261182344112
586 0.6125587459111014 -1.5869989907055866 0.9744402447944851
587 0.4089084895329344 -1.633988590129804 0.9556430823429801
588 0.2002379512532125 -1.535145730391737 1.0734831410405723
589 0.198128516717304 -1.4023766286948927 1.2042481119775887
590 0.5477100075316532 -1.6793376847355153 0.3700014711617707
591 0.5789406943034993 -1.6804392072828487 0.5789406943034993
592 0.3812584796245482 -1.730430234366659 0.5643736607073351
593 1.4600361415599765 -1.198220695221584 0.0
594 1.520403818086846 -1.0631745468708442 0.19831507822621158
595 1.393530542687361 -1.196651805710794 0.196878736976567
596 1.6956672752132702 -0.9063530414688287 0.0
597 1.7041925355849503 -0.7395593142643687 0.1961828353129579
598 1.6265361946963648 -0.9070655701527095 0.19729271391268055
599 1.5579839956246582 -0.9111915693985991 0.3898882074303566
600 1.5857395180294922 -0.7552009404605878 0.5733197951965475
601 1.5025045353038946 -0.9225594318339204 0.5799451034699741
602 1.8162202725308656 -0.5509443963726616 0.0
603 1.8028912952849516 -0.365923863801559 0.18466522117147482
604 1.766391911066313 -0.5452706822928517 0.1863928037369452
605 1.8555028334641306 -0.18275107800107684 0.0
606 1.8285962381216336 -0.18186520335315548 0.18186520335315548
607 1.7970464561545743 -0.1840665502956735 0.3647375659235451
608 1.766195926283487 -0.18637212307546122 0.5452101833992703
609 1.6098370392738897 -0.5820321882393533 0.7666772709042865
610 1.6121025242700078 -0.4034314634468241 0.9428429516903202
611 1.55520361641782 -0.600286189524138 0.954917426893682
612 1.722742940789728 -0.19831831649438927 0.7476095343340525
613 1.6648598411258284 -0.2019412278748985 0.9284374033232351
614 1.5742137238698148 -0.2053338159771615 1.1008022622957887
615 1.4538927897666059 -0.20540674738035145 1.2484860423862545
616 1.7075297132676193 -0.5569047372754112 0.3762129032797582
617 1.7151203927838437 -0.37788532605312253 0.5593804103772486
618 1.6552348478149792 -0.5702573516948741 0.5702573516948741
619 0.19917118863486666 -1.2105855928659581 1.4097567815008247
620 0.2029391753150323 -1.087964504200695 1.5558549543893914
621 0.6469427858196665 -1.0291373534214967 1.676080139241163
622 0.6379299618202408 -0.8403081685841184 1.7644441351385813
623 0.4260632080384343 -0.9957346639289907 1.702538436910663
624 0.20512304289718536 -0.943065996544313 1.6910916121625874
625 0.20471472851719735 -0.7717223782624931 1.7783070150187812
626 1.0036194678405157 -0.6309015723401418 1.6345210401806574
627 0.9552076938184679 -0.40872219187933584 1.6332441491408292
628 0.8227815444025954 -0.6246244161728675 1.7276424587988488
629 1.2277243584478323 -0.20199093829386844 1.4297152967417008
630 1.0661869265964796 -0.19887698061815157 1.5247117030431439
631 0.8954353146229376 -0.19476305701413862 1.6056809972385264
632 0.7233598126139626 -0.19188559491163218 1.6668634542518614
633 0.18994496663097052 -0.5556621257713996 1.8000547546793715
634 0.18076637847230953 -0.3581981016045274 1.7648267939163738
635 0.52618977115264 -0.17987027347670015 1.7045797355939056
636 0.3479575385601439 -0.1755984295447232 1.7143719758574234
637 0.16934937423733318 -0.16934937423733318 1.7027535941402896
638 0.6178516552967934 -0.6178516552967934 1.7933825624305644
639 0.5755266513931433 -0.3887928005331617 1.764626501184186
640 0.40057736945019745 -0.592971247789045 1.8181135065698708
641 1.26354886256137 -1.26354886256137 0.39094337861346967
642 1.4087207936266941 -1.0137559166632042 0.8074922367632994
643 1.3436855681021296 -1.1448767127949109 0.5999560680412057
644 1.1434903439620165 -1.3420584550933592 0.5992295615234796
645 1.022169625708895 -1.4204125299602315 0.8141940518897088
646 1.4288910672945965 -0.6380003527195056 1.2174753877701165
647 1.448332027863415 -0.83019777520603 1.042261297754675
648 1.3495014152815519 -0.41753719097523595 1.3495014152815519
649 1.238321027949504 -0.648924208692867 1.453356571356177
650 1.101856157016087 -0.8776671762853226 1.531145371839881
651 0.8427074992043607 -1.4701560250694032 1.057966472543679
652 0.6433832780924408 -1.4409468819168216 1.2277474497334322
653 0.8859014081838174 -1.1121937193185254 1.5455105052329268
654 0.6575698568954973 -1.2548192381043328 1.4727197103184861
655 0.4151742224593769 -1.3418641809816099 1.3418641809816099
656 1.3001524867082546 -1.0834604055902122 1.0834604055902122
657 1.1241770035112544 -1.1241770035112544 1.3490124042135052
658 1.0896394320408378 -1.3075673184490053 1.0896394320408378
659 0.0 -1.6359515434451646 -0.16112716333823313
660 0.16314235278583472 -1.6403439859971087 -0.16314235278583472
661 0.0 -1.605196301144315 -0.48693097449090084
662 0.1691917673680335 -1.6033825518268683 -0.4949510312710373
663 0.166083091743317 -1.6214734886110276 -0.3291023954445141
664 0.3320141694788301 -1.6358196752897736 -0.16755253238176612
665 0.49928303256176515 -1.6174159709839262 -0.17067259861862544
666 0.0 -1.5907512565986834 -0.8502742611797115
667 0.19238106412377387 -1.5860431830747328 -0.884483953590139
668 0.18312137271054213 -1.5907307893758582 -0.690320927480312
669 0.0 -1.5375872868959493 -1.2618652754032877
670 0.2136433882206024 -1.5121926892697295 -1.2985493010491271
671 0.20469044946608822 -1.5692812855065088 -1.0973531503825635
672 0.3953539102317757 -1.5798248139083784 -0.9239652368719377
673 0.6066018497235739 -1.571566041130631 -0.9649641914070569
674 0.5680238097051798 -1.5710914044444841 -0.7482248456924395
675 0.6844905653509433 -1.5772956808876222 -0.1815747530528902
676 0.8520910107574127 -1.5279566502992807 -0.18533538648658723
677 0.7366587053547204 -1.5468053041207608 -0.5592432364108836
678 0.9311552308878198 -1.516503879538413 -0.5853486486505932
679 0.8853697517649977 -1.5138330399286544 -0.37883935389848816
680 1.0261284065087204 -1.4674255997710188 -0.19140482228985842
681 1.199858562304459 -1.39726488983405 -0.19740632752959092
682 0.35079627152260473 -1.5921704218712571 -0.5192807150588796
683 0.5417337583207277 -1.5724419726377137 -0.5417337583207277
684 0.5186827128436585 -1.5903368828784206 -0.350392295520072
685 0.0 -1.2691912379527008 -1.5465139980907345
686 0.20631907004886624 -1.106084246200424 -1.5817672798868558
687 0.21485518841830553 -1.3059147632468797 -1.5207699516651854
688 0.0 -0.8443543410097233 -1.579675864952338
689 0.18038181208186554 -0.6799934817754029 -1.566932893057736
690 0.19243911365532979 -0.8847508399357806 -1.5865217596135637
691 0.4011015336912802 -0.9373977694301674 -1.6027921804307022
692 0.5826983435527119 -0.767554758692701 -1.6116795516280564
693 0.6254604132073996 -0.994963833629647 -1.6204242468370464
694 0.0 -0.46687915227011517 -1.5390943019982124
695 0.15918271025345596 -0.3154289260145013 -1.5541048869691199
696 0.16371085259652174 -0.47891724629042737 -1.551441471894911
697 0.0 -0.15233599985815058 -1.5466933627265622
698 0.1539069278953095 0.0 -1.5626432627545086
699 0.1553936256098631 -0.1553936256098631 -1.562433021706167
700 0.3189088755572391 -0.16093888336908457 -1.5712504501839728
701 0.48235150341584787 0.0 -1.5900998081792537
702 0.48763562438305563 -0.16669110257051714 -1.5796844584345124
703 0.7657262551780779 -0.5813102133156383 -1.607840136014743
704 0.9343642929634561 -0.3998035446167447 -1.597605446987416
705 0.9906369869171882 -0.6227404436555547 -1.6133774305727429
706 0.6911262210124823 -0.1833349928561521 -1.5925864555814073
707 0.8681179288640362 0.0 -1.6241344108197537
708 0.8930120832656311 -0.1942359882920386 -1.6013356955971922
709 1.1110403807146807 -0.20724354308745363 -1.5888548515942542
710 1.293520700693228 0.0 -1.5761595342157284
711 1.3191529990502306 -0.21703320472373666 -1.5361862037739673
712 0.3451994017299134 -0.510995716659594 -1.566767727309227
713 0.5136931960043498 -0.3470216640809085 -1.575038488579154
714 0.5469021614785324 -0.5469021614785324 -1.5874438327433822
715 1.4589385494880405 -1.2528189344879184 -0.20611961500012213
716 1.6063205336618038 -1.1232536285354624 -0.20952169318435268
717 1.7349397918491611 -1.0652780281363277 -0.6696617637128333
718 1.8171740578396938 -0.8654205447099138 -0.656994321470745
719 1.7369133850959708 -1.0158389545205047 -0.43466559867025034
720 1.7239994293554948 -0.961417600438463 -0.20911463717224732
721 1.8025146842777247 -0.7822276509375302 -0.20750146129085534
722 1.7677348516167464 -0.6823201842921558 -1.0854146673245906
723 1.7739237257978178 -0.4439275008676759 -1.0374845622563988
724 1.8261338506289269 -0.6602337101020568 -0.8696876036208054
725 1.5809362886310692 -0.2233555205369732 -1.357580768094096
726 1.622741057953663 0.0 -1.3317491692694328
727 1.6972150230236445 -0.22137758801550825 -1.1868135238676984
728 1.7740166187982056 -0.2151815338571251 -0.9893105367329165
729 1.7771558098349742 0.0 -0.9499095706764411
730 1.8209309696581928 -0.20962150289791043 -0.7902196677448337
731 1.8501968642924418 -0.5711405833826649 -0.1952360508674373
732 1.8687327103779245 -0.37928736778651495 -0.19140917712277636
733 1.8533005644140195 -0.1955635588026782 -0.5720986701313205
734 1.837679091361084 0.0 -0.5574538578989392
735 1.8697417938130039 -0.1915125347773431 -0.3794921764238566
736 1.8707976980265113 -0.18606239950143394 -0.18606239950143394
737 1.8630742660527262 0.0 -0.1834967990221518
738 1.855842221619782 -0.6393701001773044 -0.6393701001773044
739 1.8622763141392649 -0.41030757673360246 -0.6073747902607673
740 1.8633285166480045 -0.6077179623632128 -0.4105394041258729
741 0.4419286953902746 -1.4283359968239973 -1.4283359968239973
742 0.9179379507400129 -1.1524135915193474 -1.6014002607006914
743 0.6859328147203289 -1.3089433509342137 -1.5362425232843482
744 0.6756123119768297 -1.5131283132101436 -1.2892490701613812
745 0.8847232142156186 -1.5434550720456308 -1.1107145706012251
746 1.3234924451014254 -0.6935570569051598 -1.5533180805412659
747 1.1565344709340997 -0.9212203761062716 -1.6071266573847152
748 1.4627896416293116 -0.45258869019129383 -1.4627896416293116
749 1.602917812634399 -0.715703354334345 -1.3657535064556086
750 1.6843804452169517 -0.9655029864129531 -1.2121285140219076
751 1.0893956393439717 -1.5138301679968897 -0.8677419357802871
752 1.2334245587002493 -1.4476098258845027 -0.6463582848643562
753 1.6536232822419057 -1.1899947767428154 -0.9478726863282404
754 1.5271663092780805 -1.3012100342247133 -0.681880282046638
755 1.3574511995152265 -1.3574511995152265 -0.41999686277713266
756 1.2438694810051478 -1.2438694810051478 -1.4926433772061776
757 1.5069750866133604 -1.2558125721778004 -1.2558125721778004
758 1.2132200804999436 -1.455864096599932 -1.2132200804999436
759 1.8513298771052067 0.184126204327844 -0.184126204327844
760 1.8209749293072046 0.19215250051918584 -0.5621200119412463
761 1.8380568646127553 0.18826713419558386 -0.37306124420539394
762 1.8398229481833472 0.3734196973886988 -0.18844802930225146
763 1.8291806394772367 0.5646530473084711 -0.19301838159329116
764 1.77051829824413 0.21475720075067437 -0.9873596387828394
765 1.799036834841918 0.2071010990378462 -0.7807183872304356
766 1.6167370301499977 0.2284134683588262 -1.3883235617911713
767 1.7151202901062754 0.2237130757325947 -1.1993341608134354
768 1.7649107698944897 0.44167199296087706 -1.0322133082142924
769 1.747204770942438 0.6743958689365949 -1.0728089020058431
770 1.778900795675048 0.6431567279843914 -0.8471930847440095
771 1.8070002693175566 0.78417423627156 -0.20801783181400726
772 1.7616415356483603 0.9824093611614151 -0.21368048288298197
773 1.7721045470466068 0.8439564035000554 -0.6406995628400146
774 1.7188130311463106 1.05537596472037 -0.6634370664259406
775 1.7429066023604058 1.0193441054464856 -0.43616541172515555
776 1.673055763063054 1.1699196500456395 -0.21822635577577296
777 1.5392134623669778 1.3217525649375297 -0.217460897429448
778 1.8068180769869195 0.3980886945391986 -0.5892872836416402
779 1.7951573489511823 0.6184631002904796 -0.6184631002904796
780 1.8108478566293433 0.5906015819262347 -0.3989765590882452
781 1.1541172941410196 0.2152787255333008 -1.650457439652411
782 1.3666180057055783 0.22484236902390542 -1.591460374729484
783 0.7096754390779069 0.1882555423276073 -1.6353300710809668
784 0.92462485038134 0.20111197259105432 -1.6580232291341015
785 0.9870197796487433 0.4223342110589832 -1.6876374537493422
786 0.7995717243380032 0.607004404632806 -1.6789074441677347
787 1.041068567359876 0.6544430604504954 -1.6955116278103715
788 0.31949149633037355 0.16123290571792026 -1.574120997924215
789 0.49406983819719763 0.168890544410335 -1.6005279470071614
790 0.0 0.15022067324463328 -1.5252160911940775
791 0.15424753130971788 0.15424753130971788 -1.5509094114325261
792 0.1571181411693974 0.31133787361420967 -1.5339484459969064
793 0.0 0.44873787628239237 -1.479290529720269
794 0.16052180486557727 0.46958805440504403 -1.5212197680361361
795 0.5894279511405929 0.7764192807655104 -1.6302929063078395
796 0.39051679391175964 0.9126606128104717 -1.5604958122408785
797 0.6200051452003322 0.9862857554408853 -1.6062909006412174
798 0.17452424132387417 0.6579119321529575 -1.516049601731534
799 0.0 0.7775357557955284 -1.454667084554643
800 0.18263042197078594 0.8396547675119876 -1.50565616791924
801 0.1923598657096967 1.0312484299795042 -1.4747475425851932
802 0.0 1.1315182517242799 -1.3787589789931787
803 0.19905179487798444 1.2098599037592632 -1.4089116986372479
804 0.5266754279868123 0.3557917155067023 -1.6148434055978884
805 0.34614498551322004 0.5123954562321165 -1.5710594791133359
806 0.5612512412860674 0.5612512412860674 -1.6290936192142078
807 1.2648494241073152 1.4729483513770325 -0.20809892726971727
808 1.065566800606293 1.5238248854213812 -0.1987613078580992
809 0.9672692058904107 1.575320048293395 -0.6080508424029843
810 0.7543958120361269 1.584048942857568 -0.5727085723567861
811 0.9165669969917392 1.5671750707410343 -0.39218828998033484
812 0.8645498171438839 1.5502975925609277 -0.18804525863363136
813 0.6779965509897271 1.5623312952232018 -0.17985208642511105
814 0.6076287575647421 1.5742265234408745 -0.9665977658761324
815 0.3918169033409778 1.5656910185710018 -0.9156990446702269
816 0.5728899318206909 1.5845505631945809 -0.7546347063475565
817 0.2014753643987709 1.4260660048940177 -1.224590640495247
818 0.0 1.4096623611084316 -1.1568800019911416
819 0.19691378122202563 1.5096606243040327 -1.0556621412545781
820 0.18743898033464604 1.5452992650616415 -0.8617624148114098
821 0.0 1.51574605464165 -0.8101831454794389
822 0.17799673465252636 1.546214306004042 -0.6710023474323006
823 0.48324893741320724 1.5654738862699913 -0.16519157782073934
824 0.3166216190781657 1.5599812349068796 -0.15978460849016327
825 0.16193819499045417 1.5346424968611594 -0.473731540603548
826 0.0 1.5102839197899407 -0.458139618373776
827 0.1571645700342428 1.5344017321963797 -0.31142987485574486
828 0.15373327036818285 1.5457386827512523 -0.15373327036818285
829 0.0 1.5244276247051358 -0.15014301607363734
830 0.5427844185686521 1.5754916298677517 -0.5427844185686521
831 0.3431163459744067 1.557313294550774 -0.5079121870726572
832 0.510973544551637 1.566699745245854 -0.3451844235252979
833 1.5242843232924064 0.4716152109127767 -1.5242843232924064
834 1.179363015007621 0.9394041142359122 -1.6388493277001155
835 1.3761970959773675 0.7211761662412401 -1.6151749407275304
836 1.6261752600640889 0.7260878126063053 -1.3855698314898295
837 1.660028895651144 0.9515444452197597 -1.194604440008135
838 0.6670936740068266 1.2729932295155335 -1.4940496314367409
839 0.9105961323878199 1.1431963985176716 -1.5885919986457882
840 0.4227645131437987 1.3663963861178778 -1.3663963861178778
841 0.6622121103021649 1.4831166864277168 -1.263677899768576
842 0.8828257686478115 1.5401448593841953 -1.108332446559239
843 1.6307604607135908 1.1735420341547864 -0.934767498289459
844 1.5538266170259074 1.3239257396107167 -0.6937841186203586
845 1.1107718108207054 1.5435346133692258 -0.8847688080633104
846 1.281264708798205 1.5037574604237143 -0.6714282229865164
847 1.4262750486155957 1.4262750486155957 -0.44129103579545165
848 1.2276306847648275 1.2276306847648275 -1.4731568217177928
849 1.1994383209559467 1.439325985147136 -1.1994383209559467
850 1.4803297918827174 1.2336081599022644 -1.2336081599022644
851 -0.1489664141210436 1.4978094734221923 -0.1489664141210436
852 -0.15643508006248516 1.4824910323220486 -0.4576328116217978
853 -0.15223501580085694 1.4862743676573154 -0.30166170345640536
854 -0.2976139217098484 1.466331119353514 -0.15019228345835203
855 -0.44184676203631457 1.431352485539676 -0.15103885001065862
856 -0.17856206252323517 1.472115477220419 -0.820950230944499
857 -0.17067468748567324 1.4826094645965544 -0.6434000948035683
858 -0.18954177669328381 1.3415986865496605 -1.1520569098563767
859 -0.18630689255463195 1.4283417746624933 -0.9987982146508607
860 -0.3547311843081196 1.4174973681391752 -0.8290275478569726
861 -0.52340876323994 1.3560318655686838 -0.8326231023287437
862 -0.502097205371371 1.3887456653691825 -0.6613835504652321
863 -0.6021619695812355 1.3875830024454805 -0.15973545357560437
864 -0.749755056359756 1.3444493721886566 -0.16307664484946516
865 -0.6450699728599162 1.3544910937668047 -0.48971255849063694
866 -0.7973573340537818 1.298597108580968 -0.5012397745271862
867 -0.7742687014764048 1.3238689708350801 -0.3313005148712139
868 -0.9056357421545671 1.29511381195151 -0.168929197541873
869 -1.0619529093522775 1.2366703555835803 -0.17471744623130286
870 -0.3189458859106927 1.447610043061152 -0.4721328621365347
871 -0.48385019943623886 1.40442855992783 -0.48385019943623886
872 -0.46251496384730534 1.4181205343376464 -0.3124485853911409
873 -0.17938282029729802 0.9616780044755406 -1.3752576320399568
874 -0.18604646416966425 1.1308119948028497 -1.3168584589725139
875 -0.16335957631283296 0.6158239891054157 -1.4190648744806977
876 -0.17039125779526107 0.7833844460647467 -1.4047530827037713
877 -0.3402806447027764 0.7952557906950141 -1.3597533558705133
878 -0.48508454660212946 0.6389737610075671 -1.3416905217248074
879 -0.5086156499470399 0.8090906574250868 -1.3177063073721267
880 -0.1498164354727231 0.296869159126884 -1.4626617058205158
881 -0.15174926637155994 0.44392500328841444 -1.4380849005697984
882 -0.1491206575495233 0.0 -1.5140474444125818
883 -0.14842011030729937 0.14842011030729937 -1.4923165639471216
884 -0.29500117059278624 0.14887374615967516 -1.4534582058551697
885 -0.43801941407023826 0.0 -1.4439564951275972
886 -0.4373767893934985 0.14951085527230507 -1.416872111341385
887 -0.6323198433323035 0.4800331456908566 -1.3277189021967053
888 -0.7731615916421917 0.3308267955314106 -1.3219759996300884
889 -0.7938545521146816 0.49903783374807986 -1.2928923858627615
890 -0.5996504225363666 0.15906921570829505 -1.381795556267626
891 -0.743254525560809 0.0 -1.390531413791227
892 -0.7552686823445847 0.16427589468303913 -1.3543363225078406
893 -0.922095584980962 0.17199946951867587 -1.3186523813726987
894 -1.0783033218533369 0.0 -1.3139163993315177
895 -1.0854856748438322 0.17858916658089197 -1.2640748414247243
896 -0.3075009578060249 0.4551910331250871 -1.395664576452848
897 -0.4514471019894009 0.304971772636714 -1.3841852816458253
898 -0.4681473163808069 0.4681473163808069 -1.3588492102407754
899 -1.2921204788697673 1.1095690096993427 -0.1825514691704245
900 -1.4206263302605875 0.9934030268669828 -0.185300522443013
901 -1.3919118539310225 0.8546539321199308 -0.5372579218110916
902 -1.477654581484692 0.7037260009763983 -0.5342419813569202
903 -1.4608922186161166 0.8544071551064351 -0.3655908211925021
904 -1.5234184462081786 0.8495602040684578 -0.18478491942391587
905 -1.594880859654831 0.692121911269161 -0.18359911952440047
906 -1.3942176883821236 0.538147940688178 -0.8560697476939454
907 -1.4609662979079001 0.3656093596642465 -0.8544504806003617
908 -1.4763711508127662 0.5337779605000195 -0.7031147731931248
909 -1.3102350135214973 0.18511070027006965 -1.1251243132514277
910 -1.3795736628726398 0.0 -1.1321868455053836
911 -1.4283299829053695 0.18630535448743651 -0.998789969015137
912 -1.5233364000291192 0.18477496753143074 -0.8495144496214125
913 -1.580643286553147 0.0 -0.8448714386285153
914 -1.5945249246755018 0.183558145085202 -0.6919674480710548
915 -1.6499425341466416 0.5093237155932385 -0.17410485918653387
916 -1.684665844828044 0.3419282331476133 -0.17255571184397459
917 -1.6554360304164575 0.17468454264502034 -0.5110195127945558
918 -1.6905890810892326 0.0 -0.5128345910912031
919 -1.6923020158017559 0.17333786393792036 -0.34347810872505813
920 -1.712270582499416 0.17029589757975241 -0.17029589757975241
921 -1.7313750628813767 0.0 -0.17052555968078528
922 -1.5471639173965497 0.5330250262294165 -0.5330250262294165
923 -1.6062416809229174 0.3538965333684125 -0.5238700061057119
924 -1.607291979665607 0.5242125573016375 -0.3541279413118457
925 -0.372338251230051 1.20341614557687 -1.20341614557687
926 -0.7101963156639939 0.8916069829756473 -1.2389819640163342
927 -0.5499015371281454 1.0493592743275666 -1.2315814418357014
928 -0.5558130189077121 1.2448210324931244 -1.0606399633447374
929 -0.7167303246129672 1.2503809519608582 -0.8998100218780432
930 -1.02680958529037 0.5380846990187552 -1.205115979322709
931 -0.8831797680755894 0.7034837426496422 -1.2272714598733372
932 -1.1717724850844193 0.3625476686011063 -1.1717724850844193
933 -1.2358734776469196 0.551817932593215 -1.0530162696599537
934 -1.267574706706096 0.726585949333213 -0.9121831412935429
935 -0.8821985980028888 1.22590802054758 -0.7027022061834896
936 -1.0161544116986834 1.1926105253984862 -0.5325010095429172
937 -1.263189643546118 0.909027523982092 -0.72407238917607
938 -1.224267652125001 1.0431276173679054 -0.5466359275082476
939 -1.1535619774932717 1.1535619774932717 -0.3569133179440864
940 -0.9270390243422393 0.9270390243422393 -1.1124468292106873
941 -1.1160188782496014 0.9300157318746678 -0.9300157318746678
942 -0.925788544064385 1.110946252877262 -0.925788544064385
943 -1.7399446578535047 -0.17304825550161484 -0.17304825550161484
944 -1.7152013405280555 -0.1809910840462341 -0.5294685734009998
945 -1.7361908088093803 -0.17783327288958486 -0.35238599837816026
946 -1.7348907582340107 -0.35212213359001643 -0.17770011226716545
947 -1.713282124027991 -0.5288761270226499 -0.18078856492112708
948 -1.6121013132449482 -0.1955418171629839 -0.8990157130290196
949 -1.673141711336135 -0.19260833383337828 -0.7260843542411956
950 -1.3998925547240333 -0.19777756542419778 -1.2021149892998355
951 -1.5214211623353835 -0.19844777633038074 -1.0638859463672041
952 -1.6466044274507143 -0.4120656247872736 -0.9630214922881406
953 -1.6755465929527749 -0.6467368446393539 -1.0288097483134209
954 -1.717870640238473 -0.62109144184005 -0.8181277620613593
955 -1.6667465437533888 -0.7233090775906156 -0.19187213643637818
956 -1.5970128961052417 -0.8906014006146041 -0.19371164899590232
957 -1.7066482637951363 -0.8127831583935752 -0.617034022263279
958 -1.64560166593583 -1.0104231316970036 -0.6351785342388263
959 -1.6215063390810502 -0.9483428007260429 -0.4057847844757827
960 -1.4967183640147486 -1.0466119918437073 -0.1952256472334363
961 -1.3721166694434401 -1.1782632958793673 -0.19385337356407284
962 -1.730061425545048 -0.38117722151439326 -0.5642533750231046
963 -1.7317476658475126 -0.5966173555574931 -0.5966173555574931
964 -1.727994866686893 -0.5635793742083471 -0.3807219052163611
965 -0.9795219140859587 -0.18271126372238441 -1.4007755005603473
966 -1.1582891926158922 -0.19056714092398033 -1.3488563335398727
967 -0.6269085727529291 -0.1662999828580414 -1.4446074703858676
968 -0.7963661820077745 -0.17321487055245852 -1.428031734298684
969 -0.8702051550688295 -0.37235060046744434 -1.4879041356826173
970 -0.7446263234107839 -0.5652919486242459 -1.5635353770578515
971 -0.9618014286343698 -0.6046136539280892 -1.5664150825624588
972 -0.3027179583304481 -0.15276805985516415 -1.491478490444581
973 -0.452139270966252 -0.15455719357696138 -1.4646948329440335
974 -0.15134328364089694 -0.15134328364089694 -1.5217081334317701
975 -0.1558291599944406 -0.3087836895132972 -1.5213640896932477
976 -0.1613821759336065 -0.47210497088402686 -1.5293732614361666
977 -0.5840255787730809 -0.7693030487308836 -1.6153505383204627
978 -0.40724951683728067 -0.9517659660174953 -1.6273593747297237
979 -0.641666797554947 -1.0207444681178035 -1.6624112656727503
980 -0.17959199674401266 -0.6770160791462373 -1.560071959474468
981 -0.19348363077042283 -0.8895530725866806 -1.595133050218196
982 -0.20908354220964723 -1.1209046847831263 -1.6029614022190561
983 -0.21861736138588214 -1.328781687040599 -1.5473990484264812
984 -0.4867817190168162 -0.3288418135402953 -1.492525010943918
985 -0.3372017437535145 -0.4991568520822857 -1.53046849750557
986 -0.5326237501127853 -0.5326237501127853 -1.5459991692177324
987 -1.1483978165804372 -1.33733758217976 -0.18893976559932274
988 -0.9922097430297213 -1.418919862298602 -0.18507793794056315
989 -0.9360469110700353 -1.5244705984352374 -0.5884236873652022
990 -0.741850881424328 -1.5577076194345132 -0.5631849387597132
991 -0.8759379372582287 -1.4977062269238488 -0.37480359086647624
992 -0.8299602374625776 -1.488272083973377 -0.18052179806696592
993 -0.6696167571915242 -1.5430214416858379 -0.17762917924922805
994 -0.6247699498392909 -1.618635414866853 -0.9938654650275618
995 -0.4021377935788921 -1.6069330502734906 -0.9398195694623385
996 -0.5772942159406212 -1.596732328827161 -0.7604362145761129
997 -0.21713121221981702 -1.5368799122023007 -1.3197486999824837
998 -0.20712262516221983 -1.5879278213510424 -1.1103921351979058
999 -0.19358792093504362 -1.5959928474410252 -0.8900325531298644
1000 -0.18342652819435568 -1.593381600782872 -0.6914712859201478
1001 -0.4898234172200144 -1.58677176331957 -0.1674389675376223
1002 -0.3271210171734753 -1.6117113222401025 -0.16508317975931983
1003 -0.16891452696506123 -1.6007552228988582 -0.4941399963992126
1004 -0.16539824459619568 -1.6147873083313136 -0.32774533474516665
1005 -0.16179679724851118 -1.626814857013838 -0.16179679724851118
1006 -0.5439164127848757 -1.578777367909794 -0.5439164127848757
1007 -0.3506835109518192 -1.5916586318092398 -0.5191137965520957
1008 -0.5152461949278827 -1.579800150007244 -0.3480707810926816
1009 -1.3504345006816645 -0.4178258886027384 -1.3504345006816645
1010 -1.1661695533758927 -0.928895058092771 -1.6205156209024203
1011 -1.2811882744293168 -0.6713881686619688 -1.5036677531589635
1012 -1.5375135525690868 -0.6865003297328731 -1.3100263214326116
1013 -1.6454613975065089 -0.9431942159095407 -1.184121250222113
1014 -0.7180146864273454 -1.3701641465503929 -1.6080943642885823
1015 -0.9543412628722119 -1.1981156693598454 -1.6649081192567903
1016 -0.45766048534614173 -1.4791819412553617 -1.4791819412553617
1017 -0.7070438947378955 -1.5835237411229606 -1.3492289404657494
1018 -0.9235828543397236 -1.6112481486640549 -1.1595004143551162
1019 -1.6173928922218435 -1.1639223481877596 -0.9271050801365344
1020 -1.481101148235302 -1.2619605763150663 -0.6613121718064231
1021 -1.1139659367671477 -1.5479731883400396 -0.8873130417023958
1022 -1.2243527692852094 -1.4369627122017614 -0.6416043449451327
1023 -1.3050693370869635 -1.3050693370869635 -0.4037898581392123
1024 -1.2866581764766465 -1.2866581764766465 -1.543989811771976
1025 -1.2588344510710334 -1.5106013412852402 -1.2588344510710334
1026 -1.5232382516519096 -1.2693652097099248 -1.2693652097099248
1027 1.8583174993158127 0.09129328461286 0.0
1028 1.8556199383489924 0.09138130591276344 0.09138130591276344
1029 1.8528623512786038 0.0 0.09102529037476582
1030 1.8554929222883203 0.27523637499805215 0.0
1031 1.85862185435301 0.27683320240091663 0.09286967071201048
1032 1.857476697207889 0.18383928934819263 0.0921393255848787
1033 1.8514698184482297 0.09184135697045834 0.1832447729679675
1034 1.846336907117937 0.09225582933176221 0.27500341584350235
1035 1.8367930183772343 0.0 0.272462506284529
1036 1.8508038843535963 0.46360223890199276 0.0
1037 1.858060934290866 0.4695016139713255 0.09605331011460437
1038 1.8590256816483133 0.37353927390908115 0.0949315629972035
1039 1.8392339114512408 0.6580884163529448 0.0
1040 1.847708266105856 0.6664648245702269 0.09888099855969427
1041 1.8547815893292248 0.5675826055282667 0.09753928151172192
1042 1.8651033491373465 0.47589579967046763 0.19388661645021188
1043 1.871622582067955 0.48224261601735846 0.29300884111893954
1044 1.868205675811634 0.3830183683677911 0.2883565986819267
1045 1.8403237877681888 0.09397654659556137 0.3697814496199017
1046 1.8330923073530156 0.09476254552118563 0.4631924502460558
1047 1.817718253788791 0.0 0.4553147198758022
1048 1.8625091619287457 0.2874773446528432 0.3818504726264078
1049 1.860699069921055 0.2912987283719693 0.47942806188433557
1050 1.8475593780363608 0.19206283483647785 0.4714193173563048
1051 1.8236463021402096 0.0959019385708876 0.5580548813324475
1052 1.810544663599784 0.09689217045664057 0.6530599844886229
1053 1.7920043115415436 0.0 0.6411893952898592
1054 1.8609029422578218 0.2806465642322847 0.1878214610013421
1055 1.8623436335392047 0.2843726850801731 0.2843726850801731
1056 1.8548659760549602 0.1872121482927161 0.2797361170591699
1057 1.8083709079515153 0.855295741207671 0.0
1058 1.8121260578657015 0.8759590455018957 0.10606833875531435
1059 1.8335042421461207 0.7774547035582817 0.10486727442282982
1060 1.7427591500330812 1.0445696354929441 0.0
1061 1.7384697052520053 1.0634545342878103 0.10773241043230668
1062 1.7808118462729992 0.9723239571947012 0.10717560952678629
1063 1.8169576259520166 0.8981148782222252 0.21463918329522916
1064 1.8230462804860859 0.9214110125557108 0.3256648413387421
1065 1.848532478716651 0.8209104305187701 0.321864439617779
1066 1.6322019370145697 1.2105234582131295 0.0
1067 1.6163065271166521 1.2257659813549528 0.10819098776756782
1068 1.6825752089973274 1.1501548288834196 0.10862760927624217
1069 1.4784241458273815 1.3399655391801977 0.0
1070 1.4530735457992094 1.3471102886994348 0.10596325709977457
1071 1.5389109728914248 1.2918644845436666 0.1073805350555805
1072 1.6030586572651613 1.24384575306103 0.2174533331145248
1073 1.5939327231990126 1.2655443463218916 0.3283883768771208
1074 1.6694889256956582 1.1943411019637564 0.3306745084693714
1075 1.8294706513751817 0.947492943316852 0.4431027574494941
1076 1.8347308880487894 0.9725643895975984 0.5621147869839374
1077 1.8623798553030513 0.8662918041431951 0.5529359442504439
1078 1.7356717580352816 1.138546868887463 0.4491952380855792
1079 1.736889145109187 1.1676465909537792 0.5692425541554076
1080 1.7930646973171434 1.0742820169973148 0.5678875085621109
1081 1.8357283119795247 0.9970130410323764 0.6854777830448272
1082 1.8289165034393915 1.0182717660041964 0.8106447374351948
1083 1.8570906979015762 0.9059377790689905 0.7967787754271242
1084 1.7349020284886343 1.0864180051929624 0.2181125621554152
1085 1.7340124148414358 1.1116165731989163 0.33186695184294557
1086 1.7853279148334102 1.0195353683077086 0.33000235849295206
1087 1.7903313494197486 0.10239800083998579 0.7591482454957428
1088 1.7636057602765989 0.10322832255508871 0.8525049412031714
1089 1.7482529114229906 0.0 0.8268620464525221
1090 1.8228169131307455 0.31738687365555796 0.8094904656227163
1091 1.7931414714430465 0.3203227142646724 0.9062964097748725
1092 1.7785872856385332 0.21010645320289642 0.879148572665191
1093 1.7277539673211169 0.10398239710023627 0.9433543347549014
1094 1.6822307170813848 0.10424729836070078 1.02905209011917
1095 1.673720129979662 0.0 1.0031892393489208
1096 1.8487328262924045 0.5488841752996961 0.8599438459921422
1097 1.817314658197685 0.5567788980006607 0.96333229727029
1098 1.8065323593291336 0.4375470408551089 0.935613075318404
1099 1.8526231031670775 0.7948619683128132 0.9037583686308652
1100 1.820515631734635 0.8069211544151268 1.013594477319508
1101 1.822998800436288 0.6807244667207509 0.9900994422543017
1102 1.772315425811612 0.5613159374875225 1.0618504693361854
1103 1.7136439995016974 0.5616242636648593 1.1520197358368378
1104 1.7070887510046735 0.44179790008726466 1.1197973023248746
1105 1.6251781562412155 0.10492203665930445 1.1109200315096617
1106 1.560176624396821 0.10443381082329768 1.1831984830887243
1107 1.5628075439926128 0.0 1.1590570687201787
1108 1.6328830204212292 0.3234240023130312 1.168153484561248
1109 1.5585190700390932 0.32109231480924694 1.2374267552298461
1110 1.558470648705293 0.21140501352600552 1.2092490121162807
1111 1.4868392470718799 0.10374712813453912 1.2481520057712434
1112 1.4077410153609005 0.10265744880692876 1.3050835665539717
1113 1.4207866784353846 0.0 1.2877259837800281
1114 1.751959959694537 0.3238345818047448 1.0004801515323853
1115 1.6982446168454592 0.325021470234243 1.0886870504925898
1116 1.6898729492640323 0.21245148868849842 1.058220215563605
1117 1.8560674754476592 0.6868127412653411 0.20457728405201872
1118 1.872987836752832 0.7283805262305284 0.42571703263116967
1119 1.864803330161538 0.70773341795693 0.3137394957292866
1120 1.8715621803015328 0.593894471024477 0.30377007587362004
1121 1.8776059463650334 0.4988954093769368 0.40108352816169734
1122 1.8796831315240552 0.7685194412915234 0.6632182962778189
1123 1.878892321899971 0.7500969433967809 0.5445255822477207
1124 1.8720534419941963 0.7841962023618266 0.7841962023618266
1125 1.8751972788108597 0.6616355297232314 0.7666853741750803
1126 1.8696930194645511 0.5418595138112633 0.746424370701815
1127 1.872401885504632 0.3999718662101048 0.4975126474196695
1128 1.8555544638768513 0.3011718906334666 0.5888148138384067
1129 1.8583575410910433 0.4223916687748558 0.7226909951807611
1130 1.8438665037983595 0.3102170281107918 0.6997874370357678
1131 1.8276065370238876 0.20144029600534083 0.6762811547813421
1132 1.884161901437549 0.6315213102768255 0.5301108881216852
1133 1.879433535150188 0.5287805574053889 0.6299364867693632
1134 1.8810540380717806 0.5139719362198928 0.5139719362198928
1135 1.2950101199975643 1.4288234842715182 0.0
1136 1.211801113418585 1.443536882322948 0.10072562060238102
1137 1.309319526326894 1.4123101743516207 0.10299064802472688
1138 1.1005045074115563 1.4838585543330736 0.0
1139 1.0165707237693067 1.4871534293058895 0.09601111486049499
1140 1.1132744921923836 1.4679741937478066 0.09826204087797494
1141 1.1309964198613687 1.4576193211520427 0.1977246299504646
1142 1.0543797078735295 1.473846326546751 0.2919237151496266
1143 1.1553096137270322 1.455093852774042 0.2997842390470097
1144 0.9096914358174707 1.5177284688439883 0.0
1145 0.8282892092561275 1.517012128590433 0.09129920147458552
1146 0.9196618989574801 1.5034063976066647 0.09316561259837347
1147 0.7289190483387821 1.5411698407457655 0.0
1148 0.6532229960829553 1.5405233628452966 0.08811023314414759
1149 0.7392784120181831 1.5293702157823392 0.08951792146344792
1150 0.7508243887400187 1.518977284478727 0.179438441011353
1151 0.6766476551861638 1.5236804415661391 0.26530156063134464
1152 0.7646840945297567 1.5129561892392245 0.2702710526853355
1153 0.9799025975149089 1.4938245500547342 0.3866047087033835
1154 0.9084486496299459 1.5162752212215034 0.4802245891976552
1155 1.0130643045124732 1.5069460292501766 0.49388172473770314
1156 0.7839949516257988 1.5137798808344898 0.366641595952977
1157 0.7108618975874036 1.5282320248645063 0.4537282849661841
1158 0.8072718130893887 1.5229084535359876 0.4665803396735832
1159 0.8361319419707589 1.5395095302231852 0.5748669739781967
1160 0.7613097614136398 1.5606163125197046 0.6695773964115492
1161 0.8687350392216883 1.5603337963335662 0.6915987571118779
1162 0.9347150865607069 1.4926474818917195 0.18765622572581164
1163 0.8574406965246513 1.5014808298025069 0.277535690194491
1164 0.9544365005884364 1.4888269760458241 0.2849417144496393
1165 0.5574940260457453 1.5580914245797874 0.0
1166 0.4771110127845775 1.5591329155611047 0.08199170470529867
1167 0.559665166282878 1.551616703340983 0.08303551584558831
1168 0.39238431907690724 1.5664860109972587 0.0
1169 0.31458009687846183 1.5655983717921385 0.07994763166925475
1170 0.3951977894509763 1.5640022356596475 0.08085181114853235
1171 0.39771193371637875 1.5586896544998865 0.16203341404470237
1172 0.31878501215312544 1.554901848718312 0.23999831184853956
1173 0.3998542896963533 1.551866826521816 0.242949996845878
1174 0.231865735658033 1.5631118213851625 0.0
1175 0.15419116569645042 1.5579177781416553 0.0772798353865966
1176 0.2328854902231748 1.5635626721669342 0.07812646244401415
1177 0.07601884219522237 1.547399081193859 0.0
1178 0.0 1.5369898324070972 0.07550746859386212
1179 0.07627574864690065 1.5488813449088163 0.07627574864690065
1180 0.0767198274710477 1.5466283352595733 0.15307382023542865
1181 0.0 1.5297317659510445 0.22691427217112833
1182 0.07701424263073771 1.5413035639354598 0.22957009812236864
1183 0.23878619497474504 1.5470487819470957 0.3171749812767939
1184 0.1597304143160207 1.5365358174498207 0.3920592078212767
1185 0.2412954975585276 1.5412985507783432 0.39713126583985864
1186 0.078362251675805 1.5345521946310046 0.3083419009304962
1187 0.0 1.5185061880251198 0.38036599907009916
1188 0.07903061394982544 1.5287728889091834 0.38629590961848786
1189 0.08025799711506788 1.526165183281326 0.4670225411858907
1190 0.0 1.519861689742109 0.5438152081964867
1191 0.08178430709621066 1.5282363898073024 0.55123193207407
1192 0.2353240267281148 1.5603796002998807 0.15748955498422204
1193 0.15640605235240074 1.5496444413635655 0.2337050355365006
1194 0.23732553910177043 1.5542340386800302 0.23732553910177043
1195 0.6769736781451743 1.5778551828688945 0.769719336635491
1196 0.5926335389901266 1.5870888788260729 0.8619730376989996
1197 0.7058323971396813 1.5924466787698706 0.8866142816301892
1198 0.4651638756564699 1.5667489886403914 0.7287781835397665
1199 0.3807228122417479 1.5719180248719007 0.8141050171639251
1200 0.4840296161451524 1.57986252636561 0.8374623459012862
1201 0.5031081255952181 1.5885283710893954 0.9517378068425255
1202 0.4094059688314304 1.5819276729207141 1.0376955149913192
1203 0.5201997503834697 1.5872483410347544 1.0670485906512845
1204 0.2703455087843783 1.5526488544573485 0.6895121693733735
1205 0.18373366919710876 1.555337130279009 0.7687969149105115
1206 0.2792941708674437 1.56346689826344 0.7902134099646343
1207 0.08788535269555232 1.5365915427541912 0.6515557994912545
1208 0.0 1.5398454397848578 0.7282926533351161
1209 0.0905698971542986 1.547342709591537 0.747966090479656
1210 0.09378757928975054 1.558358594552367 0.8508643956713915
1211 0.0 1.5616903561576627 0.9360411770344114
1212 0.09699701737765044 1.5652334848369835 0.9574826881597629
1213 0.3104137429847348 1.5671976309741882 1.1211626005801472
1214 0.20958864279615508 1.5450804247819088 1.1988592655626191
1215 0.3179456255841593 1.543245658192724 1.2253000326085646
1216 0.10091524883027267 1.5631154641341218 1.0684959516594563
1217 0.0 1.551339416395711 1.1505517256232192
1218 0.10359264957214126 1.5476101948941847 1.1736684208554762
1219 0.10573895111112293 1.5153848138557993 1.2721150579353508
1220 0.0 1.4782105035143445 1.339771905074594
1221 0.1068530546730075 1.4652753348926089 1.3584222802196013
1222 0.29074859179062 1.5729632342412005 0.8982616790071465
1223 0.19740201474188845 1.57016703861109 0.9832588318509634
1224 0.30160908868341174 1.5759143876837483 1.0102652877788472
1225 0.5708678551393553 1.5427338414698581 0.17004139314866265
1226 0.4104758779360202 1.5448367228205409 0.32999925486077253
1227 0.4901585400603489 1.5446552050674913 0.25071036045745304
1228 0.5825095173354932 1.534851485342923 0.2582275156003297
1229 0.5953832788047491 1.530993209247851 0.34798404625490215
1230 0.24983578676647414 1.5392668565304755 0.48844867947555615
1231 0.32954964967500133 1.5427319707899858 0.4099166279357986
1232 0.16934437249669515 1.5364099850953485 0.5685277973616081
1233 0.25963419859814973 1.543212521089216 0.5856827122299227
1234 0.3519999480797918 1.548661600914314 0.6022542857419734
1235 0.6122432131591311 1.5335872015833032 0.4444520072472035
1236 0.6310855971603185 1.5435405895998118 0.5446153891055155
1237 0.45016283801531387 1.5532924944688653 0.620110018398535
1238 0.5493212618145841 1.5568779019145949 0.6365386353009422
1239 0.6532960096364834 1.5595651187772013 0.6532960096364834
1240 0.42117502055489037 1.5414323571370867 0.42117502055489037
1241 0.4344296772091215 1.5440842001029544 0.5175362459472183
1242 0.5155249933251643 1.5380835703491 0.4327413938584825
1243 1.2785847907315873 0.10057306372068056 1.379157854452268
1244 1.1921124325470505 0.0990890858792589 1.420083085583838
1245 1.2600416804188348 0.0 1.390241756679681
1246 1.1464675007606369 0.2974898531302793 1.4439573538909163
1247 1.052338931279656 0.2913586899688258 1.4709936624981899
1248 1.1225040496333438 0.1962399649849076 1.4466744209654774
1249 1.1047012558336713 0.0975053328895638 1.4566694438233692
1250 1.0180273733143208 0.09614868969273024 1.4892843792885255
1251 1.0923746828703789 0.0 1.472896754895262
1252 1.008961035709511 0.4918813290427382 1.500842364752249
1253 0.9073785370526025 0.4796589057404127 1.5144891156605516
1254 0.9799672184896466 0.38663020386298197 1.493923062293355
1255 0.8605205426138671 0.6850592077812112 1.5455797503950786
1256 0.7548765344041816 0.6639193271080387 1.5474287776660065
1257 0.8323721808391844 0.5722820201017849 1.5325869528129992
1258 0.8081155556902895 0.4670679990999898 1.5245001636869997
1259 0.7125466056448903 0.45480359889169686 1.5318538602937737
1260 0.7891282930518794 0.3690422446932868 1.5236916142661154
1261 0.9294871656987 0.09416095338168291 1.51946813604955
1262 0.8438069055751123 0.09300965872407788 1.5454327976763245
1263 0.9236687223390662 0.0 1.5410481625728314
1264 0.7739460184738617 0.2735446004839257 1.5312812534791362
1265 0.686093008949459 0.26900491654326003 1.5449495624778884
1266 0.7643231853511736 0.18266449900275597 1.546286420579849
1267 0.7579572201661053 0.09177970545934715 1.5680116969663485
1268 0.6727159559241441 0.09073954847226036 1.586494432796029
1269 0.7543271718214032 0.0 1.5948908042884278
1270 0.957974466062584 0.2859979543851883 1.4943458538705743
1271 0.864793075772697 0.2799155021831786 1.514355721954376
1272 0.9412783926932696 0.1889738949009735 1.5031284321968026
1273 0.6955965752923952 0.8737568017655604 1.5693533770579557
1274 0.5844981830245582 0.850140333282113 1.5653021723223428
1275 0.668887091172082 0.7605248840865707 1.5590073848242596
1276 0.5130628051755263 1.0524090847305734 1.5654718899060995
1277 0.40425300489008464 1.0246346219464297 1.5620168341030862
1278 0.49614241699248623 0.9385606628223908 1.5665346381774292
1279 0.4780876645942808 0.8271816512515349 1.560468120991277
1280 0.3769134016091333 0.8059593000996164 1.5561898335342523
1281 0.46077665048954947 0.7219046618514885 1.5519720875246081
1282 0.31522183652724073 1.214803084225868 1.5300249207531087
1283 0.20789445490709849 1.1891684119872423 1.5325909286510049
1284 0.3071658248074057 1.1094316625258198 1.5507997433543788
1285 0.10656072625572463 1.3547059107026644 1.461266636958389
1286 0.0 1.3352234852189544 1.4731920955453959
1287 0.1051339412452264 1.264836357394832 1.506714189139189
1288 0.10281990250789792 1.1649134673876669 1.536065831084234
1289 0.0 1.1425578496968205 1.5405609224451833
1290 0.10016078605833033 1.0605076602283565 1.5514292973792838
1291 0.2774286858298765 0.7849353503180776 1.553024059100763
1292 0.18327867844850224 0.7668930968167997 1.5514855552882436
1293 0.269415513765673 0.6871402310129497 1.547307705248188
1294 0.09645943810356243 0.9521761038712097 1.5565586090180623
1295 0.0 0.9333955237266256 1.5572763502807039
1296 0.09359849221337802 0.8491489503833761 1.5552167555922893
1297 0.09080502901128028 0.74990791288798 1.5513598231814254
1298 0.0 0.7342526295455089 1.5524467507369493
1299 0.08853838123248131 0.6563971583459355 1.5480091236848643
1300 0.2983677799239162 0.999408248486742 1.5589784752703926
1301 0.1957591284845418 0.9750756204264249 1.5570992598812436
1302 0.2880269461337511 0.8898532118075457 1.5582390062457305
1303 0.5782674875925147 0.08579547561962637 1.6031898120564168
1304 0.49347741914382265 0.08480427771522003 1.6126160718504967
1305 0.5835287832541927 0.0 1.6308536965546447
1306 0.405180887647925 0.24618641818455192 1.5725397838271895
1307 0.3229829694757371 0.24315875739092618 1.5753777536477258
1308 0.40646536173598374 0.16559968326211694 1.5929955843423076
1309 0.40885376350527974 0.08364562797838271 1.618045994306962
1310 0.3255078047948243 0.08272480789926931 1.6199832546599409
1311 0.4125391745772823 0.0 1.6469487044843054
1312 0.2428558171788929 0.39969928601520477 1.5512652447032345
1313 0.16151722979168315 0.39644495653989603 1.5537241906803387
1314 0.24107536219838926 0.3202156368363651 1.5618798460518968
1315 0.08280593794783767 0.5581177952451835 1.5473267691213866
1316 0.0 0.554715758307453 1.5503266864194098
1317 0.08152469813818694 0.47439349426227606 1.5502524402351656
1318 0.08047892941294019 0.39337517056910676 1.5567891892254568
1319 0.0 0.390861271669626 1.5604056649141012
1320 0.07999986519597019 0.31478562676785776 1.5666212504274553
1321 0.24125067808619452 0.08093274520036381 1.6197254475968133
1322 0.1601117907065496 0.08024722281180734 1.6177386305185173
1323 0.24426906727127454 0.0 1.6467282911244094
1324 0.07894351647811275 0.2353210290062885 1.5799145604887104
1325 0.0 0.23462605462521507 1.5817203803261848
1326 0.07916598210488118 0.15795446513558556 1.5959414293295657
1327 0.07954605009049764 0.07954605009049764 1.6152892004601835
1328 0.0 0.07923621411113042 1.6128901910656683
1329 0.08046743110852841 0.0 1.6379521887955368
1330 0.24079655673210168 0.24079655673210168 1.5769655734753898
1331 0.15929895719592796 0.23802767151568216 1.5783068482381093
1332 0.2407475389216742 0.161119216322637 1.5963416646350506
1333 0.6482233199153921 0.6482233199153921 1.547455462770278
1334 0.44761240845442846 0.6165967410056308 1.544492205417773
1335 0.5455042602326843 0.6321155970048127 1.5460598145265287
1336 0.6293855762448436 0.5431483019836814 1.5393825937621448
1337 0.6138627086536805 0.4456276642537814 1.537643820766793
1338 0.25969475886836674 0.5858193240611282 1.5435724789367724
1339 0.3508199484444564 0.6002353654511282 1.5434700657044207
1340 0.17027769128447998 0.5716611620363973 1.544877702585386
1341 0.25070853158469647 0.49015496446978024 1.5446439371732659
1342 0.3307255975315735 0.4113793531441846 1.5482369754413483
1343 0.6003270806938095 0.350873553311082 1.5437059060760403
1344 0.5909531230174934 0.26197058116936134 1.5570995007606763
1345 0.4134104458107708 0.33235848049146105 1.5558810459152845
1346 0.4970058494267409 0.254212679113781 1.5662333908769286
1347 0.5836745357831176 0.17385605147750438 1.5773430762483798
1348 0.4337409016314984 0.5167157073297067 1.5416360996562795
1349 0.42224144643550765 0.42224144643550765 1.5453353031301944
1350 0.5168217582968625 0.4338299228117346 1.541952505751646
1351 1.3811296151027164 1.3811296151027164 0.20995823277887377
1352 1.2419779850714059 1.4489466588760582 0.41628749115666847
1353 1.3101838698705202 1.4145004575606386 0.3135136539098699
1354 1.4602371265640863 1.3525475507513764 0.3236508512082472
1355 1.5440358276390607 1.323484542610244 0.4436069450910381
1356 1.10538633325014 1.522319566782054 0.6309810500687522
1357 1.1732446536278218 1.4863540681874454 0.5249852977081462
1358 0.954920206077091 1.5806931364586443 0.8452044475119117
1359 1.0331244047241601 1.5551909790756286 0.7389336979254115
1360 1.204131311530951 1.5336461845658549 0.7829535259029529
1361 1.2980547452948432 1.5271272234978532 0.941727322930899
1362 1.371392688452196 1.4880380461305394 0.818453120883622
1363 1.6303437981360303 1.2869020818646224 0.575842958653062
1364 1.7049167856646374 1.2379737837740477 0.7066651491398254
1365 1.5301074520344666 1.4101643286089778 0.8415922043535137
1366 1.5996668917684014 1.3597133020750871 0.9864600646144963
1367 1.6605835706800034 1.303795290590899 0.8477573085662347
1368 1.7613882267838163 1.1701026997763218 0.8369062921605043
1369 1.7908087661710206 1.0818541794063348 0.9575543151924517
1370 1.337146409955369 1.4464191054619666 0.5487768192115094
1371 1.4372310866379834 1.4372310866379834 0.6929909034023399
1372 1.493693618749301 1.380849473255516 0.5667129463918191
1373 0.7589546309166819 1.5973278777826685 1.061116245584443
1374 0.8539659314704694 1.5970787785352492 0.9648190158761594
1375 0.5503335708015307 1.5581208567020142 1.229893336963035
1376 0.6565680577413398 1.584051377002248 1.150211021070738
1377 0.800328073976144 1.5676793787203553 1.2308522300356628
1378 0.8214692606531467 1.4935217209006408 1.3764465051238348
1379 0.9455354776190584 1.5333026168988644 1.3033038159583106
1380 0.32634684349373994 1.4724008147283845 1.3638141911726047
1381 0.43656193309945546 1.5195146810665738 1.3024660157892765
1382 0.2153865513467976 1.4168377244497197 1.4168377244497197
1383 0.3252797246727777 1.359354666526632 1.4675862235879407
1384 0.43357925909802947 1.2935673207164962 1.509133068309307
1385 0.8180226646072256 1.3706714197868497 1.4872554291423092
1386 0.7914264680981394 1.217162142430205 1.5502429493032115
1387 0.9381436652899475 1.2931151160698233 1.5213158798000188
1388 0.5446024668889999 1.217085383951558 1.541894783985725
1389 0.6478793566283939 1.1349896899976426 1.5630888144772441
1390 0.74764450466878 1.0453032335645227 1.5735241097824724
1391 0.8410768021187827 0.9502567521624518 1.5729736541938966
1392 0.563460732336588 1.4851217104983352 1.3729251473800044
1393 0.5612683397680566 1.367583176382693 1.4793431892729794
1394 0.6924125024157104 1.4360315097395786 1.4360315097395786
1395 1.7857484175809335 0.9548485217429499 1.0787971476479163
1396 1.7483086969672 0.830691682209344 1.1614138752925944
1397 1.5855859644628207 0.9777768365429698 1.3477445451660879
1398 1.5116223017408008 0.8314249717433023 1.3931282050880813
1399 1.6438482755584156 0.8392136441576261 1.2906556935531903
1400 1.685339451686957 0.6985506066874179 1.2237582945347245
1401 1.60615354377046 0.5672988787722626 1.267807649917521
1402 1.2810934629235342 0.9294220614626089 1.5071727214642918
1403 1.1887307800241476 0.7729397505542323 1.5140312421093998
1404 1.3534727931674047 0.8077584494410474 1.468593953865077
1405 0.9419469077410597 0.8337217190255618 1.559218249335626
1406 1.0213135763772394 0.7304861004956686 1.5374118097746712
1407 1.0949180879225147 0.6250055243810217 1.5079028744340832
1408 1.162839505624806 0.5203293636664527 1.4731720485493818
1409 1.5166008638308643 0.4357247831192875 1.2999684104860696
1410 1.4306746268116468 0.3170985399194404 1.3251652263967466
1411 1.2287357885725467 0.4118489577654371 1.433497724511816
1412 1.2902403698087401 0.3087413774989733 1.3929690598603017
1413 1.3502381409812256 0.205262135292035 1.3502381409812256
1414 1.4179649950696713 0.6837013560740892 1.4179649950696713
1415 1.3201161913623594 0.5417874655249072 1.4279971635117616
1416 1.471570574890075 0.5583193807962753 1.360397760081967
1417 1.0254723468579015 1.5863892194921456 1.0254723468579015
1418 1.109340551224238 1.4781767850220797 1.3542874238125615
1419 1.0809362939642584 1.5555100654962932 1.202137348432389
1420 1.2002481824104434 1.5530655721392221 1.079237596123194
1421 1.3660908416022264 1.4910599720426616 1.1190091118022096
1422 1.069242554414609 1.1891324367331806 1.5386823119327024
1423 1.1047651218392454 1.348701721146415 1.4720801057913961
1424 1.0107628352365012 1.0107628352365012 1.5636338417077684
1425 1.185206577782141 1.0657125056804133 1.533602432231748
1426 1.35258064983165 1.107942477554271 1.4763138764315524
1427 1.5199565726010331 1.3925655522888463 1.1406954020462088
1428 1.6402143322483511 1.267598938744722 1.139797961411403
1429 1.509975675805646 1.1332049491687868 1.3834211771739564
1430 1.6349484837380952 1.1361386814751868 1.2635293584149119
1431 1.7293132497585217 1.117861174857231 1.117861174857231
1432 1.2640578124472681 1.3904635936919953 1.3904635936919953
1433 1.4004828160644385 1.2731661964222165 1.4004828160644385
1434 1.405671611124888 1.405671611124888 1.2778832828408069
1435 -0.0747639733318423 1.5218556386717215 0.0
1436 -0.07499001894840868 1.5227728795064206 0.07499001894840868
1437 -0.2210207987150561 1.490001195144357 0.0
1438 -0.22187371348557 1.4896310457497821 0.0744323243467548
1439 -0.14912631395888104 1.506743493739753 0.07474135721394023
1440 -0.0754166063670158 1.520356134799208 0.15047359237280894
1441 -0.07572925522169958 1.515586818493206 0.22573970681418803
1442 -0.36437342112316956 1.4546602379815905 0.0
1443 -0.36726429503020064 1.4534549378506885 0.0751370180097228
1444 -0.295654219163454 1.471408295466995 0.07513779431593554
1445 -0.5073318047701668 1.4178974078623072 0.0
1446 -0.5116086131205353 1.4183846298015044 0.07590553720478946
1447 -0.439313689108233 1.4356164804237876 0.07549622059682198
1448 -0.37042317060993846 1.451741109253468 0.15091558961867724
1449 -0.37399283106433273 1.4514964146725995 0.22723666962897981
1450 -0.30066146196921445 1.466502643573855 0.22635393936232107
1451 -0.07710445669671513 1.5099210488397437 0.30339269533035707
1452 -0.07786828803392286 1.5062887873756114 0.3806145448344336
1453 -0.2285041640408413 1.4804335262623167 0.3035175628934018
1454 -0.2319394268456265 1.4815357355717462 0.3817327679685902
1455 -0.15526059594166997 1.493538145033489 0.3810880132716538
1456 -0.07922371868013853 1.506497613768661 0.4610040587874085
1457 -0.08091193118566244 1.5119350153819777 0.5453520576123269
1458 -0.2242024914885251 1.48663525318346 0.15004651714411243
1459 -0.22642038927058852 1.4828167140689585 0.22642038927058852
1460 -0.1513492218642479 1.4995422289553921 0.22614901880210292
1461 -0.6532884924985878 1.3812624656190118 0.0
1462 -0.6693003049733303 1.3846041426339812 0.0810443956729399
1463 -0.5937297514734493 1.4002179329966897 0.08008546413803674
1464 -0.8058852116508818 1.344538246909828 0.0
1465 -0.8282004217054242 1.3538908308628752 0.08390018084894534
1466 -0.7476578833991167 1.3693358122718067 0.08241151395877991
1467 -0.6887824960959098 1.393461615267959 0.16461113830194748
1468 -0.7128675402455705 1.4104351912609423 0.2519569347729891
1469 -0.6293048611376191 1.417073570489323 0.24673928963334407
1470 -0.9666833391445592 1.3034215966045857 0.0
1471 -0.9990437332856169 1.3173484429708069 0.0881795791132091
1472 -0.9137946776781216 1.3368011263905721 0.08630432069906133
1473 -1.1318909438057665 1.2488492075621576 0.0
1474 -1.1716359783390582 1.2637964832669422 0.09216050492788401
1475 -1.085841295727053 1.2934894524972307 0.09025576654179984
1476 -1.0391289401734505 1.3392212333888065 0.18166404557832136
1477 -1.0874494170253592 1.3696250278846718 0.2821756108593125
1478 -0.9914643948568828 1.3859012510860933 0.2745044953197395
1479 -0.7446899263622615 1.4378876109464651 0.3482602821936077
1480 -0.7815987541250105 1.4744765401568316 0.45174203567505977
1481 -0.6833598551088361 1.4691073169464495 0.43617430632530013
1482 -0.9402244182044749 1.4333366622731138 0.3709503253053871
1483 -0.9926566152965492 1.4765893321549137 0.48393271685836425
1484 -0.8855268632158986 1.4780168818206916 0.4681076627551467
1485 -0.8245688393359643 1.518219222065292 0.566916977706321
1486 -0.8705290588679843 1.563556032526445 0.6930269736584606
1487 -0.756726809301427 1.5512216742419351 0.6655466571530951
1488 -0.8582644182883972 1.3705633311956122 0.17230775851000413
1489 -0.8955904588199562 1.3970329443167173 0.2673735556252983
1490 -0.8020387608811703 1.4044654389541353 0.2596032378286938
1491 -0.08715527769577588 1.523826877928655 0.6461432411345082
1492 -0.09004365052639227 1.5383520415139222 0.7436201141092443
1493 -0.2655226422215492 1.5249501577871196 0.6772115204693561
1494 -0.27621664192810413 1.5462391322482705 0.7815060866794141
1495 -0.18194583894005836 1.5402028394678693 0.761316095570157
1496 -0.09345550084796962 1.5528408351887728 0.8478516969236343
1497 -0.09683689195452636 1.5626495530747142 0.9559020486234084
1498 -0.45841211596363174 1.54400794355092 0.7182001154176464
1499 -0.4817156348180271 1.5723097397932722 0.8334587226395125
1500 -0.37720511795013373 1.5573942640538432 0.8065830813104108
1501 -0.6763974386216047 1.5765121136356426 0.7690641520719783
1502 -0.7125910330455495 1.6076950115822064 0.8951039785366568
1503 -0.5937301952351776 1.590025754341727 0.8635681011786485
1504 -0.5046890039957419 1.593519882978621 0.9547283801711103
1505 -0.5247978147722597 1.6012780864694613 1.0764802716972013
1506 -0.4108367351580525 1.5874560946289442 1.0413219882554343
1507 -0.10089796230175384 1.5628477063833144 1.0683129209881286
1508 -0.103677336072138 1.5488753588928483 1.1746278892263449
1509 -0.3114141215562583 1.5722482801893107 1.1247758009173152
1510 -0.3196287067157976 1.55141500363981 1.2317862969240123
1511 -0.21011134458858838 1.5489337648136612 1.2018491503131699
1512 -0.10588722755159358 1.5175098194831549 1.2738989293533824
1513 -0.10702937263145029 1.4676931820603427 1.3606638094288925
1514 -0.28929708867425186 1.565110535721244 0.8937772905588203
1515 -0.3015571416958269 1.5756429634853295 1.0100912869269805
1516 -0.19703356332599092 1.5672363174159272 0.9814235764749585
1517 -0.5252040491472534 1.4193303283798928 0.15643975641703795
1518 -0.5601225844010455 1.4403224000275985 0.327375205615321
1519 -0.541110854998825 1.425770351923348 0.2398754142075936
1520 -0.45606710976246395 1.4372215872601997 0.23327299258574247
1521 -0.3864239713020519 1.4543167419416727 0.31066289018302273
1522 -0.612645364775802 1.4984385506763604 0.5287018040380078
1523 -0.5849434926204196 1.465205060099136 0.42463404057982224
1524 -0.6440765201195844 1.5375561151228114 0.6440765201195844
1525 -0.5376212098862805 1.5237177940420954 0.6229809312667111
1526 -0.43838980700240643 1.5126695039303255 0.6038923881067778
1527 -0.31433276578056174 1.4714966552528501 0.39098881617859976
1528 -0.24160984577531985 1.4885858932652145 0.47236631566941006
1529 -0.34218970433244356 1.5055003792436674 0.5854694499110471
1530 -0.2529742595426628 1.5036272068447474 0.570659224606319
1531 -0.16600539792919186 1.5061164844028967 0.5573180959211536
1532 -0.4903737257120402 1.4630440436722636 0.41162894587800986
1533 -0.41777069800532807 1.4848735431706959 0.4976903974457269
1534 -0.4002989108796525 1.4650291770478239 0.4002989108796525
1535 -1.290995915133097 1.1700904928961655 0.0
1536 -1.3736970525314505 1.1531729034028417 0.09585240933590264
1537 -1.298064919946828 1.2034054395356892 0.09465948041113863
1538 -1.4297851581565253 1.0604009435984352 0.0
1539 -1.5013492302782012 1.0262745212286204 0.09692760044350947
1540 -1.442168310077489 1.0937039628458818 0.09653466800799881
1541 -1.458889582530299 1.1319820414501114 0.19789693965939295
1542 -1.5415932365019038 1.1028453897029318 0.30534229840881427
1543 -1.4803424042183582 1.1753563579014301 0.3049860463169281
1544 -1.5369174687334588 0.9211928797316445 0.0
1545 -1.5914818670211246 0.8689497152572113 0.09578105598623064
1546 -1.5519217113170853 0.9493396265542712 0.09617209103921896
1547 -1.6097568517919085 0.7613582886472766 0.0
1548 -1.6451860965251215 0.6976027868225738 0.09409641815662331
1549 -1.6222230522355867 0.7841623104857798 0.09495283371393151
1550 -1.6366643781542873 0.8089966478478074 0.19334094556628226
1551 -1.6697682922361534 0.7415234643850054 0.29073821632024766
1552 -1.65385624010636 0.8358983362790239 0.2954411173191481
1553 -1.6169839528204142 1.0606913478899465 0.4184786024806439
1554 -1.6756270739307446 1.003921406411607 0.5306934466545044
1555 -1.6423529625222069 1.104093397803659 0.5382595647185476
1556 -1.6738618609456122 0.8669022922783883 0.405413886042405
1557 -1.7015002626059519 0.7914581593254926 0.5051711935497216
1558 -1.6944782813033143 0.8982185050008936 0.5191449625381748
1559 -1.7129086148601347 0.9303077236253394 0.639615782036164
1560 -1.725048151648229 0.841523945522498 0.7401263467509684
1561 -1.724802092382758 0.9603047866403196 0.7644973057424382
1562 -1.56951612503942 0.9828512213850844 0.19732018163285558
1563 -1.628600132753046 0.9300338735404212 0.3010325892431861
1564 -1.5914883728156752 1.0202492416624682 0.30458974264502287
1565 -1.6550625205254375 0.5921908389772386 0.0
1566 -1.675960515380824 0.5128614827508394 0.08813543624367104
1567 -1.6634375256613279 0.5999987222332943 0.089019661055971
1568 -1.683937992560401 0.42180450890710397 0.0
1569 -1.6942469288293236 0.34042981431889696 0.08651709906146761
1570 -1.685911918932994 0.426002372874078 0.08715398800254227
1571 -1.6860939748631516 0.4302201488502971 0.17527771635524056
1572 -1.686669265171631 0.34579988610808404 0.26033654575797077
1573 -1.6853524843554057 0.43424822865136586 0.26384762774783266
1574 -1.7049282090142905 0.25290220956612075 0.0
1575 -1.708047753879531 0.1690499190207854 0.08472696768998175
1576 -1.7017619014648404 0.253469631707509 0.08503185682937066
1577 -1.720276776686629 0.0845117787701874 0.0
1578 -1.7159776819185333 0.0 0.08430057778737045
1579 -1.7130074313701336 0.08435825293844784 0.08435825293844784
1580 -1.702673871518464 0.08446039858724928 0.168518051936916
1581 -1.689461386590217 0.0 0.2506079231877656
1582 -1.690216878852282 0.08445498722790769 0.25175005352965635
1583 -1.6791286212461138 0.2591726511919782 0.34425390796970834
1584 -1.6650391926277854 0.1730889687506645 0.42484785544177284
1585 -1.6696727354737728 0.2613929100644378 0.43020818169338393
1586 -1.675971545792456 0.08558386253160744 0.3367576900564989
1587 -1.6565690313617074 0.0 0.41494894101284946
1588 -1.6610495269334207 0.0858687152728633 0.4197200529804936
1589 -1.6450723013030666 0.08651108638724708 0.5034093655165355
1590 -1.6193261873026128 0.0 0.5794041744913095
1591 -1.6277188502701219 0.08710815892400528 0.5871150645882204
1592 -1.6957495734669374 0.2557394481919858 0.17115248471504432
1593 -1.6893245742620973 0.17050400772563112 0.254770480971242
1594 -1.6879588190864199 0.2577447969557325 0.2577447969557325
1595 -1.7104853411196135 0.7338782198539467 0.8344198227986032
1596 -1.674613762588313 0.6253161330815695 0.9095091845004277
1597 -1.6968403124290987 0.7521035908155249 0.9447367216135736
1598 -1.666901291839654 0.4948988452335166 0.7753643400537218
1599 -1.6269241945241628 0.3940454558333962 0.8425930158892568
1600 -1.6499118190383362 0.5054909342521258 0.874594465937945
1601 -1.623054510227851 0.5140430144282553 0.972423513525774
1602 -1.5627369245929805 0.40443936571410205 1.0251069789855933
1603 -1.5848334511959212 0.5194083020266576 1.0654251491692635
1604 -1.628690707646835 0.2835858325255784 0.7232814166860115
1605 -1.593338535290992 0.1882228165604489 0.7875808572254721
1606 -1.6077538091760186 0.28720548390985434 0.8125970695917738
1607 -1.6060946399117435 0.09186058231068882 0.6810269665357107
1608 -1.5733434783604783 0.0 0.7441360456428333
1609 -1.5824841921729214 0.09262681734626158 0.764953043128947
1610 -1.5537606623735267 0.09351085932921042 0.84835392292246
1611 -1.5099371873893646 0.0 0.9050215214297457
1612 -1.5190534405845144 0.09413525483662996 0.9292334887025995
1613 -1.4979809090186662 0.29670403508657295 1.0716454251725713
1614 -1.4342294726935387 0.19455181996918638 1.1128477616460262
1615 -1.4443340815638483 0.297567468067998 1.1467666134958503
1616 -1.4763007882254222 0.0953104647804271 1.0091522039444034
1617 -1.42179324644312 0.0 1.05447373791043
1618 -1.4273072800351556 0.09553991268619004 1.0824337336114047
1619 -1.3710397439498925 0.09566699041153215 1.1509421813913288
1620 -1.3078219110630238 0.0 1.1853406866731822
1621 -1.308792358807726 0.0954417631561006 1.2133505956516253
1622 -1.579981450944724 0.2920458481911583 0.9022695254605851
1623 -1.5292960864995655 0.19226370264334205 0.9576649149990584
1624 -1.5435647169429307 0.29541779124517525 0.9895270105755035
1625 -1.6705580191955927 0.6181674684697521 0.1841302791731356
1626 -1.6844073216088882 0.4475609389171593 0.359813534208388
1627 -1.683301317029358 0.5341544917791035 0.27321377519489615
1628 -1.6790527524500143 0.6372370341694433 0.28248832213899233
1629 -1.6891100447926843 0.6568728526397393 0.3839228968530334
1630 -1.6586376240816005 0.26921065312023607 0.5263280722078559
1631 -1.6754504325632684 0.3579002143945448 0.4451810195119139
1632 -1.6352583682638167 0.18023952260790604 0.6051053086383509
1633 -1.6455882129189816 0.27685815857832907 0.6245365136590038
1634 -1.659653853225356 0.377227710573341 0.6454177241580964
1635 -1.7002263213853517 0.6787693748539368 0.4927460274408147
1636 -1.7096129259084971 0.6989852431024758 0.6032115482657137
1637 -1.6776584984675296 0.486205601057059 0.6697597819185311
1638 -1.696923077202739 0.5987341234819777 0.6937969242449693
1639 -1.7143616558208494 0.7181397014699171 0.7181397014699171
1640 -1.6836793681573494 0.4600420441468979 0.4600420441468979
1641 -1.6821374709128665 0.47327110688738294 0.5638080564553063
1642 -1.6928733802893652 0.5674064497522341 0.47629166602830786
1643 -0.10673183954771713 1.356881273016785 1.463613112564502
1644 -0.10528715484275973 1.266679626336452 1.5089099510276744
1645 -0.3167897276024818 1.2208454286741988 1.5376351562766806
1646 -0.3085557174388844 1.1144517225987158 1.5578169469691976
1647 -0.20850194631014796 1.1926432982576967 1.5370693348401607
1648 -0.102957278571631 1.1664698900532795 1.5381181446185035
1649 -0.10029509143877884 1.061929692646239 1.5535096055540036
1650 -0.5173347693024688 1.0611718596023538 1.5785066289048226
1651 -0.5001026546373015 0.9460523086513913 1.5790388088218659
1652 -0.4067969324066602 1.031082554745134 1.5718464644523016
1653 -0.7023417836183843 0.8822296319425653 1.5845714155609498
1654 -0.6752602566117002 0.7677711756822673 1.573861628711163
1655 -0.5898983223118842 0.8579947224775439 1.5797638935094886
1656 -0.48218772388910314 0.8342755255948491 1.5738506286306946
1657 -0.4653942423066157 0.729139101912038 1.56752490167883
1658 -0.37981125375995156 0.8121558186667318 1.5681544069268039
1659 -0.0966076674701489 0.9536393143514954 1.558950575021656
1660 -0.0937824264884834 0.8508176481684772 1.5582729764758425
1661 -0.27921858262200505 0.7899995464063801 1.5630437611844452
1662 -0.2716209035246853 0.6927650445483698 1.559973704022717
1663 -0.18415387963009472 0.7705552017063095 1.5588942839123614
1664 -0.09104086875819999 0.7518555813631105 1.5553890307271336
1665 -0.08883484346961588 0.6585950409738214 1.553192483054258
1666 -0.29972429274279294 1.003952003515214 1.5660662857792764
1667 -0.2895202561424493 0.8944667617732748 1.5663178819731776
1668 -0.19634805829176674 0.9780090779954947 1.5617837012866127
1669 -0.865280696063492 0.6888487593254563 1.5541294553889484
1670 -0.8361834840143928 0.5749024107521904 1.539604430876298
1671 -0.761001102771309 0.6693059289214595 1.5599835901553842
1672 -1.0014548132854564 0.48822195020514214 1.4896767634905985
1673 -0.9697366397288383 0.38259389460967463 1.47832693084833
1674 -0.9059725440384316 0.4789156689950887 1.5121423981334066
1675 -0.810891833055112 0.4686726091147378 1.5297375771575241
1676 -0.7897890055715531 0.3693512322603329 1.5249673537555386
1677 -0.7179027672388046 0.45822232483868675 1.543368695602784
1678 -1.1121649179742754 0.2885888853240977 1.4007538032983733
1679 -1.0817987241112546 0.18912372192301105 1.3942137164815027
1680 -1.028917677587464 0.28487410065035734 1.43825467059652
1681 -1.2033348309138796 0.09465392635991576 1.2979887572737954
1682 -1.1735297973458663 0.0 1.2947906028281253
1683 -1.1300649897211816 0.09393166597245975 1.3461701545086318
1684 -1.0539365468134927 0.09302463747447719 1.3897306220706287
1685 -1.0270782197088588 0.0 1.3848546662192165
1686 -0.976641774259068 0.09223998229878608 1.4287408931150394
1687 -0.7703075058520769 0.27225859931882573 1.524082319657792
1688 -0.7534742019620841 0.1800717160629754 1.5243380667772126
1689 -0.6856736991377781 0.2688405125930293 1.5440053573895856
1690 -0.8959794648738008 0.0907664825683834 1.4646918189635112
1691 -0.8746645493872691 0.0 1.459289639349776
1692 -0.8167839452859824 0.09003101953826412 1.4959402314918107
1693 -0.7364541042664186 0.08917593100978262 1.5235274749616514
1694 -0.718851124354614 0.0 1.5198830039719387
1695 -0.6559615740185623 0.08847962727423285 1.5469818667805124
1696 -0.9432210615583767 0.2815934074396283 1.4713319953259383
1697 -0.9190617758535364 0.1845136197599345 1.4676506939439633
1698 -0.8565295972281981 0.2772407863333823 1.4998853863704238
1699 -0.08313510663815236 0.5603364151685265 1.553477674946539
1700 -0.08188567721553872 0.4764940371624191 1.5571167244130704
1701 -0.2456538920667404 0.4043044404145572 1.5691382212537501
1702 -0.24346062651544229 0.3233839362649879 1.5773335043201608
1703 -0.16287997533253215 0.3997898231984786 1.5668331990213664
1704 -0.08083626305786375 0.3951217915113492 1.5637014724705431
1705 -0.08030730922612946 0.31599536582795057 1.5726418649595513
1706 -0.40770083045237004 0.24771752617105527 1.5823198855885594
1707 -0.4053670609307719 0.16515222012603858 1.5886911872209644
1708 -0.3251254872384614 0.24477175871331067 1.5858280718972286
1709 -0.5656189134627249 0.08391885198668901 1.5681228826214892
1710 -0.560256018979699 0.0 1.5658106777091299
1711 -0.48434884024383235 0.08323552804168237 1.5827851363786765
1712 -0.4026539116007373 0.08237722701887502 1.5935099708313907
1713 -0.3999102222711044 0.0 1.596531100723484
1714 -0.3216388060973674 0.08174153754662326 1.6007280693468513
1715 -0.07913382341924884 0.23588831087075424 1.583723216609905
1716 -0.07918247032694492 0.1579873629564408 1.5962738225619602
1717 -0.23913462307400918 0.0802228688904205 1.6055185314590406
1718 -0.23955690866951063 0.0 1.6149614981838512
1719 -0.1591925204367917 0.07978648918415879 1.6084505011389632
1720 -0.07932041412681987 0.07932041412681987 1.6107073596905979
1721 -0.0799360673446768 0.0 1.6271360309033642
1722 -0.24226118937202432 0.24226118937202432 1.586557385261619
1723 -0.2407020185774632 0.16108875203536388 1.5960398296822285
1724 -0.16002739557481668 0.23911611863562335 1.5855240912267465
1725 -0.6548277860366278 0.6548277860366278 1.56322181498871
1726 -0.6205808130079467 0.450504606784092 1.5544717718737426
1727 -0.6363272650428301 0.5491388531272601 1.5563609220083852
1728 -0.5517986970597649 0.6394094203217233 1.5638994109199178
1729 -0.453016656039439 0.6240412206169335 1.5631396292012592
1730 -0.5925897527032482 0.26269610204950655 1.5614118483350599
1731 -0.6054759060295898 0.3538828905524663 1.5569458086821533
1732 -0.5793863625212442 0.17257875595464856 1.5657545624625346
1733 -0.4995225521364105 0.2554999431149913 1.5741643716155687
1734 -0.41831000230482634 0.3362974451885257 1.574320655169816
1735 -0.354910007085331 0.6072332509873055 1.5614647182524217
1736 -0.26232989964600406 0.5917636734807633 1.5592352162219203
1737 -0.33521444928897076 0.41696289716406326 1.569250789672688
1738 -0.2535961524401747 0.49580049112526625 1.5624348995273443
1739 -0.1715596583181981 0.5759650186288814 1.556508599568432
1740 -0.5236502101775939 0.439561853994554 1.5623253873474137
1741 -0.4282125473788284 0.4282125473788284 1.5671885654382016
1742 -0.4397389552856139 0.523861191015543 1.5629548547150671
1743 -1.2652700268391293 1.2652700268391293 0.19234534971829184
1744 -1.4693474709249985 1.2594647291741994 0.42214871649121577
1745 -1.3667725432872342 1.2659757940870617 0.30293511169917536
1746 -1.2321599205013938 1.3302642563515485 0.2948433176145445
1747 -1.1970141546812345 1.3964898580331973 0.4012164670556718
1748 -1.6472253456749106 1.196082888654722 0.6827528207568664
1749 -1.5685334155089241 1.2381124276980509 0.5540113218853053
1750 -1.7207796372957493 1.039548542319308 0.920109393205019
1751 -1.7002410021472985 1.1294821644831672 0.8078527897762542
1752 -1.6375661881156331 1.2857233576156342 0.836006527312257
1753 -1.6048604763640661 1.3641278374364905 0.9896627712668523
1754 -1.5343897479622264 1.4141109409556105 0.8439475597664591
1755 -1.1557847978548919 1.4642346171609137 0.5171726325896221
1756 -1.1067078577757112 1.5241395482516495 0.631735407986662
1757 -1.390074834508472 1.5083092232698032 0.829602706901774
1758 -1.3307354948333174 1.5655752646805716 0.9654369198379632
1759 -1.2242918045037516 1.5593236690981618 0.7960623363008213
1760 -1.0459789500739962 1.5745412846891347 0.7481278053214521
1761 -0.9729196076451214 1.6104878044716193 0.8611358040389135
1762 -1.4567271530566446 1.3466757149699555 0.5526877310280963
1763 -1.432423597261382 1.432423597261382 0.6906728722679164
1764 -1.3148967288016586 1.422351162212403 0.5396453515120143
1765 -1.6563364618932002 0.7869919792891981 1.100316066798069
1766 -1.70292205166789 0.9105608537406761 1.0287605095541383
1767 -1.5101843793372622 0.5334022444244293 1.1920549665601268
1768 -1.5886183112234786 0.658460990745281 1.1535271622957188
1769 -1.5821542417395222 0.8077177477821839 1.2422170650066664
1770 -1.4749929630168732 0.8112780429248762 1.3593701923548327
1771 -1.5571254684344997 0.9602262184139532 1.3235531868073591
1772 -1.3475977967833561 0.2986851697446895 1.2482151468960654
1773 -1.4260524987474428 0.40970991811510926 1.2223540446783923
1774 -1.2733425085178331 0.1935725220045616 1.2733425085178331
1775 -1.2345615917046742 0.29541801306893517 1.332857148154045
1776 -1.1920283092965753 0.3995453061402426 1.3906731494452753
1777 -1.335746107321726 0.7971790862320355 1.4493595046863048
1778 -1.1828664911600058 0.7691266567503217 1.5065621694629554
1779 -1.2805946076034795 0.9290601463070365 1.5065858313176292
1780 -1.1426702514709832 0.5113043390360359 1.4476201290318766
1781 -1.0871738220134037 0.6205849115252658 1.4972376009734107
1782 -1.0224098294328487 0.7312701864397616 1.5390620300725095
1783 -0.9483816041128129 0.8394170995999628 1.5698696946870758
1784 -1.4064253798121087 0.5336030500959964 1.3001740922699165
1785 -1.2807721664031906 0.5256403265793737 1.3854379127348677
1786 -1.3780203824368709 0.6644412291175997 1.3780203824368709
1787 -0.8721859821014851 1.6311537399994924 0.9854042063049632
1788 -0.7743925276925716 1.6298191254672312 1.082700412014479
1789 -0.9737883551212425 1.579118148980332 1.3422469163833948
1790 -0.8418645820761791 1.5306026647765318 1.4106207222713998
1791 -0.8203971515507011 1.6069906063113921 1.26171715867009
1792 -0.6680700859650076 1.6118014379916565 1.1703608889656842
1793 -0.5579567338319532 1.5797037837519519 1.2469296907585057
1794 -0.9581562767795413 1.3207000280472743 1.5537688022913492
1795 -0.8043702103963567 1.237068771462492 1.5755970991127688
1796 -0.8353679006449347 1.3997349412942401 1.5187909813745009
1797 -0.8501132323434145 0.9604661989273248 1.589873498102919
1798 -0.7566290211817815 1.0578647438871525 1.5924333015971166
1799 -0.6555019123360712 1.1483432905578914 1.5814791697841413
1800 -0.550283471081429 1.2297813733918377 1.557979012876838
1801 -0.4408797817895549 1.5345435555006062 1.3153481540468364
1802 -0.32846531074159296 1.481958844670764 1.3726673354691015
1803 -0.437189725909373 1.3043390118933325 1.5216998014790777
1804 -0.327238985313437 1.3675424811760124 1.476425950464684
1805 -0.216185167766796 1.4220911159179586 1.4220911159179586
1806 -0.7054761123093224 1.4631248325388102 1.4631248325388102
1807 -0.5686102987905572 1.3854725510889385 1.4986944982749195
1808 -0.5717846874611539 1.5070612810189692 1.393207248084322
1809 -1.689736563049507 1.0922780472731026 1.0922780472731026
1810 -1.511794147378325 1.134569673792568 1.3850872385046402
1811 -1.6201598992235668 1.1258619766870301 1.2521003679058138
1812 -1.6384050354452262 1.2662006686147618 1.138540666698606
1813 -1.544593596881428 1.4151376914816596 1.1591849699873868
1814 -1.1981569825711067 1.077357233777561 1.5503596563773552
1815 -1.3632851688121284 1.1167108946403308 1.4879976380714754
1816 -1.0223726501654624 1.0223726501654624 1.5815940385868315
1817 -1.0887353065038543 1.2108108329911846 1.5667331529011783
1818 -1.1328136956046186 1.3829435332431637 1.5094543373086693
1819 -1.4042227854628366 1.5326802021292998 1.1502442180859962
1820 -1.2388478805614314 1.6030117942387823 1.1139456223914705
1821 -1.1440091587260741 1.5243720951292443 1.3966109998226663
1822 -1.1168511221519122 1.607192923272843 1.2420791623653558
1823 -1.0557988938602216 1.633303899713717 1.0557988938602216
1824 -1.4239828597549484 1.2945298725044982 1.4239828597549484
1825 -1.2981937188801802 1.4280130907681985 1.4280130907681985
1826 -1.4398205236785941 1.4398205236785941 1.3089277487987216
1827 -1.727203249207807 -0.08485205454516766 0.0
1828 -1.7163422149099599 -0.08452247669381277 0.08452247669381277
1829 -1.7217375271513857 -0.25539563637183305 0.0
1830 -1.7071756393322843 -0.2542759831378947 0.08530236481457117
1831 -1.7135133675199137 -0.16959086498743475 0.08499808708302145
1832 -1.7023302191644212 -0.08444335186134164 0.16848403977157095
1833 -1.6861003859791308 -0.0842492986222763 0.2511369207925877
1834 -1.701179421876118 -0.4261232621257512 0.0
1835 -1.6823219878400635 -0.4250952559915953 0.08696840487219626
1836 -1.696527312223808 -0.34088801818655673 0.08663354735048713
1837 -1.6636401317676923 -0.595259957354929 0.0
1838 -1.6413046306714998 -0.5920154294986056 0.08783520851129333
1839 -1.6638837345681416 -0.5091658612504476 0.0875003423165906
1840 -1.6603781988380004 -0.4236585661898529 0.17260443564657948
1841 -1.636341391927902 -0.4216200216332643 0.25617477557574087
1842 -1.6543448963110488 -0.3391727640626914 0.25534729581624366
1843 -1.6677723599849248 -0.08516516927110158 0.3351102045250052
1844 -1.648850920964903 -0.0852381027561069 0.4166376647311517
1845 -1.64666443019155 -0.2541618197655148 0.33759811966487024
1846 -1.6239108612378907 -0.25422873398227536 0.4184171688274322
1847 -1.6381011781962214 -0.17028863038097647 0.41797440903175315
1848 -1.6288389387350053 -0.085657406077653 0.49844178643559506
1849 -1.6076538254134287 -0.08603436944633173 0.5798776486408984
1850 -1.68911346390025 -0.2547386429874435 0.17048270029701984
1851 -1.6685967053072492 -0.2547882769102096 0.2547882769102096
1852 -1.6791853496747233 -0.16948065291642717 0.2532413638529824
1853 -1.6065492146340685 -0.7598411892577782 0.0
1854 -1.5771268231738864 -0.7623633580380967 0.09231323693756963
1855 -1.6097234283587467 -0.6825656696275773 0.09206813086451646
1856 -1.5268894579979213 -0.9151823214060486 0.0
1857 -1.4956083159484181 -0.9148916661066254 0.09268236797739857
1858 -1.5390083298917048 -0.8402991436786016 0.09262301133505535
1859 -1.5449671254163828 -0.7636710630351925 0.18250864922818386
1860 -1.5108344676162313 -0.7636117258850714 0.26989203316009736
1861 -1.54586945599961 -0.6865015222948518 0.2691650873902892
1862 -1.4235805351681583 -1.0557992815697006 0.0
1863 -1.3904872747324057 -1.0545103730506253 0.09307528566372918
1864 -1.4449915109553788 -0.9877501790908162 0.0932891275350991
1865 -1.2996269259441846 -1.1779131851105684 0.0
1866 -1.2670916333265758 -1.1746908344136 0.09240079891297562
1867 -1.3307068034785043 -1.1170840217771296 0.09285268028932595
1868 -1.3558458488926513 -1.0520283168101154 0.18391915835081704
1869 -1.319915825128409 -1.0479815024812007 0.2719343226472085
1870 -1.3743465686535934 -0.9831982530832721 0.2722158674198602
1871 -1.4738470696375554 -0.7633135284023878 0.35696976069244896
1872 -1.4368879160341868 -0.7616735664510121 0.4402258391694293
1873 -1.4753771512117646 -0.6862762880921036 0.4380358045153252
1874 -1.38700301377272 -0.9098309810928575 0.35895908665490206
1875 -1.3484440158274793 -0.9065092395830484 0.4419347762444307
1876 -1.3945111376978359 -0.8354959193456697 0.4416602796509518
1877 -1.3989090864541922 -0.7597696202165859 0.5223654791431793
1878 -1.3603937230217877 -0.7574159433726851 0.6029777796491024
1879 -1.4016071980619933 -0.6837409252946941 0.6013550486056364
1880 -1.4610309617074482 -0.9149164142289548 0.18368138443184112
1881 -1.4245508622103638 -0.9132312630775783 0.272640119724993
1882 -1.4701872195155237 -0.839570062102518 0.2717513381353191
1883 -1.581013583307639 -0.09042607128788446 0.6703919295508776
1884 -1.554294112263814 -0.09097678040078537 0.7513263114881652
1885 -1.5371028925814374 -0.2676386630215258 0.6826083998138348
1886 -1.506298611653609 -0.26908175816696395 0.7613191962438534
1887 -1.5321761906840745 -0.18099764217699477 0.757348555220275
1888 -1.5230669291850365 -0.09166360097341404 0.8315951327238373
1889 -1.4866937207869193 -0.09212993337248424 0.9094384409988219
1890 -1.4768394801256024 -0.4384699663306365 0.6869564949518439
1891 -1.441149802068469 -0.44153157243849644 0.7639327307875728
1892 -1.475172195943445 -0.3572907098804926 0.7639998186267705
1893 -1.403409380241436 -0.6021282690582808 0.6846200772515517
1894 -1.3640763355376833 -0.6046100523364611 0.759466283201222
1895 -1.403726449253135 -0.5241643265815462 0.76238600604154
1896 -1.4014168653937638 -0.44384741573249786 0.8396333601692584
1897 -1.3573015449640937 -0.4448377148248404 0.912463830139253
1898 -1.3948633796406946 -0.360993364680778 0.914987137437432
1899 -1.4428346709347595 -0.09314988123349051 0.9862758319403416
1900 -1.3938498898094187 -0.09330036960700394 1.0570604952586613
1901 -1.382274204841662 -0.2737860887968731 0.9888696304701455
1902 -1.330161674875842 -0.2740452134767371 1.056116461399105
1903 -1.3634876718929552 -0.18495576413873144 1.0579577623993295
1904 -1.3383167994437273 -0.09338368270136352 1.123472359821481
1905 -1.2775120207926862 -0.093160690385326 1.1843513304073603
1906 -1.4703572600197778 -0.27178276864563433 0.8396671660052195
1907 -1.4290475768946882 -0.2735007312078299 0.9161139544154596
1908 -1.459727101852826 -0.18351746266051727 0.9140999203871993
1909 -1.6122114623069632 -0.5965771118635578 0.17769927367362728
1910 -1.54723199340551 -0.6016983300389341 0.35167500829399456
1911 -1.5804558396317263 -0.5998173615528979 0.265900114038037
1912 -1.6107361999902605 -0.5111277271584267 0.26143585440725053
1913 -1.6070917817200767 -0.42701756132576324 0.3432978272889649
1914 -1.4766662273999678 -0.603743623072973 0.5210197628964931
1915 -1.5116864005508859 -0.6034999106713412 0.438104891824533
1916 -1.4405829034135467 -0.6034548035342784 0.6034548035342784
1917 -1.4772779974820418 -0.5212356168905745 0.6039937488488495
1918 -1.5108424218977985 -0.4378602966648634 0.603162975020163
1919 -1.6023363525860725 -0.342281999501094 0.425754004523994
1920 -1.5968398761280733 -0.25918036570459846 0.5067180687478315
1921 -1.542041121983153 -0.35049515953292254 0.5996796678863991
1922 -1.5680613973256265 -0.2638148399418005 0.5951134011539179
1923 -1.5899628860453483 -0.17524701729510977 0.5883443262274617
1924 -1.5458048157146969 -0.5181129508603052 0.43491377418049154
1925 -1.5441353706560246 -0.43444407409683744 0.5175533969652374
1926 -1.5762863746155664 -0.43069839760088924 0.43069839760088924
1927 -1.1614997413160466 -1.2815174814006722 0.0
1928 -1.0926749972820675 -1.3016299799552573 0.09082378783053961
1929 -1.1631295786347515 -1.254620972928991 0.09149139429423937
1930 -1.0159025407409719 -1.3697860075037847 0.0
1931 -0.9475471088372492 -1.3861779602616002 0.08949210534509582
1932 -1.0204063741648257 -1.3455174217275405 0.09006513088508207
1933 -1.0233430998122581 -1.318876566060933 0.17890431142791932
1934 -0.9539226896902654 -1.333424231812163 0.26411040867006985
1935 -1.024528186855471 -1.2903767518023632 0.26584856494689224
1936 -0.8666957549661128 -1.4459945090680608 0.0
1937 -0.7975150783789088 -1.4606492914728315 0.08790708487597891
1938 -0.8718971463109509 -1.4253235339039336 0.08832684256128898
1939 -0.7145370974252645 -1.5107617603841481 0.0
1940 -0.6458611014085168 -1.5231614959043192 0.08711722117115046
1941 -0.7219251845478267 -1.4934710081098093 0.08741664969820327
1942 -0.7281934876418718 -1.4731931767554056 0.17402991450018274
1943 -0.6597677841409434 -1.485670216937954 0.25868326217537685
1944 -0.7334224483257924 -1.4511038485818968 0.2592218912228917
1945 -0.8836219473332104 -1.3470483303555465 0.3486187366162939
1946 -0.8154598134078361 -1.3610692354222573 0.43106878309576824
1947 -0.8864370411990427 -1.318586365608863 0.4321493244098201
1948 -0.7390107455515891 -1.4269219412913363 0.3456043672392926
1949 -0.6713886435098455 -1.4433712506245695 0.4285333322820832
1950 -0.7435605287285681 -1.4027178907472124 0.42975701422592477
1951 -0.7479302232572915 -1.3771100574540938 0.5142255218444851
1952 -0.6803786439856857 -1.3947148247810106 0.5983978980750709
1953 -0.7513812201398802 -1.3495547650121038 0.5981735448722235
1954 -0.8772928396608323 -1.4009498368317286 0.1761279618934868
1955 -0.8073819679544855 -1.4138220312208254 0.26133272264199364
1956 -0.8811444835768766 -1.3744986451528367 0.2630607899775864
1957 -0.5590163689181785 -1.5623460878837738 0.0
1958 -0.4822027764193528 -1.5757720961050667 0.08286672617658081
1959 -0.5601505977289611 -1.5529625143462884 0.08310753757029364
1960 -0.4007057612963452 -1.5997070705409677 0.0
1961 -0.32394886538017786 -1.6122247440818354 0.08232861781809903
1962 -0.4031567930155912 -1.5955001329175598 0.08248010935847608
1963 -0.40586323373644345 -1.590635759041623 0.16535436787883004
1964 -0.3301863880605094 -1.6105130594103887 0.24858187401804455
1965 -0.4086263578419367 -1.5859119322163362 0.24827987321139033
1966 -0.24105256653062346 -1.625044404469328 0.0
1967 -0.16222080247895396 -1.6390476784117485 0.08130424888631449
1968 -0.24230598120309058 -1.6268106144735426 0.0812867694001979
1969 -0.08070523644761277 -1.6427928276763177 0.0
1970 0.0 -1.6588379077574686 0.08149348068629854
1971 -0.08124120475323995 -1.6497115887085283 0.08124120475323995
1972 -0.08228273437445652 -1.6587733925000896 0.16417310759553352
1973 0.0 -1.6838572719656966 0.24977663131065925
1974 -0.08343799403529857 -1.6698635626509888 0.24871852041263945
1975 -0.2527210474378645 -1.6373299497171232 0.3356843702703756
1976 -0.17341323059469674 -1.668158447903754 0.4256437579769433
1977 -0.25676802202682597 -1.6401308115588673 0.4225964041868479
1978 -0.085883913808517 -1.6818473895263537 0.3379383399117593
1979 0.0 -1.710998713325066 0.42858286659203065
1980 -0.08747500297274963 -1.692121651577847 0.42757147076816915
1981 -0.08927075207778402 -1.6975493857779638 0.5194679033563254
1982 0.0 -1.71784895597028 0.6146561848003482
1983 -0.0906938593420263 -1.694721898364918 0.6112829354114007
1984 -0.24571319061817457 -1.6292677611205821 0.1644424565661504
1985 -0.16682688023320674 -1.6528922233836174 0.24927604390589725
1986 -0.2493495652499492 -1.6329788328231682 0.2493495652499492
1987 -0.6060957878468597 -1.4126566675227392 0.6891311476648077
1988 -0.5320608828787333 -1.42487364369246 0.7738713813553406
1989 -0.6103718240785638 -1.3770756173951377 0.7667037933165738
1990 -0.4478588782820168 -1.5084628908719742 0.7016662231904893
1991 -0.3682529108449732 -1.5204326340739385 0.787440449230949
1992 -0.45130447339647894 -1.4730483460467552 0.7808416890197455
1993 -0.4524976993631639 -1.4287295249717147 0.8559972421110891
1994 -0.36798794836488524 -1.4218901607158012 0.9327158680149241
1995 -0.45130568401717536 -1.377036797360562 0.9257311133433863
1996 -0.27865324465210956 -1.600361859330883 0.7107009252232408
1997 -0.19021915989714033 -1.6102379252063497 0.7959341579844312
1998 -0.28003345235389365 -1.5676053381348263 0.7923050760474493
1999 -0.09591612089755269 -1.6770018628192496 0.7110935203502629
2000 0.0 -1.679432490070754 0.7943124112909155
2001 -0.09647690853635517 -1.648261130443091 0.7967487914506927
2002 -0.09664792442451554 -1.6058856067420741 0.8768141627187367
2003 0.0 -1.5874987226870823 0.951510116628154
2004 -0.09617570596155581 -1.5519800450436236 0.9493753103891989
2005 -0.27809217603045705 -1.4040145106875048 1.004422498441482
2006 -0.18700246119816533 -1.3785758537705661 1.069664988996949
2007 -0.2757204360059571 -1.3382928762093262 1.0625724402033692
2008 -0.0960108193437166 -1.4871488519317897 1.0165675948221453
2009 0.0 -1.4582596014012366 1.0815190299856672
2010 -0.09499255515134711 -1.4191300965701725 1.0762323645353575
2011 -0.09415249178988493 -1.3493348926369846 1.1327216819294506
2012 0.0 -1.3206187871584858 1.1969390990945932
2013 -0.09345982727044164 -1.2816140832078218 1.18815425593738
2014 -0.2813533363940162 -1.5221344710676665 0.8692352344239451
2015 -0.18990036273129302 -1.5104977047516108 0.9458931261233141
2016 -0.2806650145447001 -1.4664811212129354 0.940111330617374
2017 -0.569207779480112 -1.5382475932499617 0.16954691517921908
2018 -0.41928466302532214 -1.5779888163316453 0.3370810169616661
2019 -0.49361983023138467 -1.555562900113019 0.25248076989747087
2020 -0.5775845289113689 -1.5218746573716984 0.25604425938343683
2021 -0.5851544665500319 -1.5046904179902907 0.34200560580571127
2022 -0.2656417484733057 -1.6366491943684767 0.5193505819750546
2023 -0.3431653272250317 -1.606471504669371 0.4268527485897693
2024 -0.1832571904443725 -1.6626367507119173 0.6152363098812101
2025 -0.273281644446436 -1.6243301451452041 0.6164686146364337
2026 -0.3595501619344262 -1.581879578187177 0.615172323591204
2027 -0.5930560762166676 -1.485525994831567 0.4305232917561779
2028 -0.5990779057801635 -1.4652545836333302 0.5169933337554803
2029 -0.4449204464765818 -1.5352035569944162 0.6128884993414137
2030 -0.5252240135135966 -1.4885818500690364 0.6086153950874659
2031 -0.6037826293881948 -1.441365497764744 0.6037826293881948
2032 -0.4285893547659318 -1.5685676194431717 0.4285893547659318
2033 -0.43751276784021575 -1.5550423638304902 0.5212091330330687
2034 -0.5120748989706942 -1.5277901151112907 0.42984531964437556
2035 -1.1753085778441523 -0.09244939041027352 1.267757968254426
2036 -1.1046417909153077 -0.09181847474902932 1.3158852135752337
2037 -1.0331409594896244 -0.26808344074082346 1.301224400230448
2038 -0.9608499847766663 -0.2660283531282749 1.3431074307012882
2039 -1.0334996606724387 -0.1806799158439746 1.3319662620902715
2040 -1.0314063047402704 -0.09103602857063907 1.3600220334212572
2041 -0.9571155136681572 -0.09039580362576802 1.4001756937439398
2042 -0.8862506688422197 -0.43205846551703203 1.3183091343592517
2043 -0.8138208005415462 -0.4302023672771918 1.3583335886716885
2044 -0.886370028046493 -0.34970294738004365 1.3512376757511444
2045 -0.74263838229796 -0.591213383819528 1.3338517661174882
2046 -0.6713962479502489 -0.5904978163267726 1.3763017234536539
2047 -0.7422004261782215 -0.5102861063730579 1.3665601947270676
2048 -0.7410690176280404 -0.42831699108039223 1.3980176853696062
2049 -0.6686603796250532 -0.42679193849296143 1.4375059478770575
2050 -0.7394501523225282 -0.34580985937854125 1.4277703716644794
2051 -0.8797710927633039 -0.0891245064045251 1.4381953746144154
2052 -0.8037086043122206 -0.08858977392432633 1.471992737523531
2053 -0.7361612410316316 -0.2601898940792206 1.4565226527717379
2054 -0.6617460194233469 -0.25945889319056636 1.490124822500409
2055 -0.7323149693323352 -0.17501490148287074 1.4815312610799105
2056 -0.7265374077374648 -0.08797513568474086 1.5030124699732994
2057 -0.6490846816116527 -0.08755203501720356 1.5307638011579843
2058 -0.8863989026292562 -0.26462946759238726 1.3826950215736975
2059 -0.811206733692418 -0.2625707196290877 1.4205196517761216
2060 -0.8842920895063843 -0.17753315244600174 1.4121269460998966
2061 -0.5977841198962498 -0.7508920533819913 1.3486761732782413
2062 -0.5206127100770095 -0.7572202544163887 1.3942151228003483
2063 -0.5950311142187413 -0.6765506094251849 1.386867699362687
2064 -0.44126465719102465 -0.9051346722346818 1.3463993294257064
2065 -0.3600235999850171 -0.9125291359621226 1.391116249102211
2066 -0.44219712836429437 -0.8365114847699775 1.396206199591576
2067 -0.44190294881879694 -0.7645752818304941 1.4423619667931957
2068 -0.3614904603339389 -0.7729802048948149 1.4925120117502901
2069 -0.44023973419573137 -0.689729212863764 1.4828003514612202
2070 -0.27166677560423447 -1.0469504286934166 1.3186172042976512
2071 -0.18460351737555072 -1.055942890361562 1.3608909206032747
2072 -0.2730559906696195 -0.9862326379608588 1.3785881307509706
2073 -0.09315109237778713 -1.1842293109917579 1.277380403369545
2074 0.0 -1.194526864611639 1.3179572965449446
2075 -0.0935027662997887 -1.1249050205119637 1.3400234314344603
2076 -0.09413461114358933 -1.0665121595504832 1.4063129430507073
2077 0.0 -1.0779154419269263 1.4534007253755197
2078 -0.0951208744120059 -1.0071448111719554 1.4733641494105247
2079 -0.27615459540937654 -0.7813305370394489 1.5458918006950133
2080 -0.18877094663837082 -0.789874398277134 1.597978550733671
2081 -0.2761104744798269 -0.704215627998988 1.5857582167074284
2082 -0.09545818753067892 -0.9422925000660177 1.5404015047507449
2083 0.0 -0.9525229822061567 1.589188586812785
2084 -0.09625049174501116 -0.8732085539672639 1.5992819323903966
2085 -0.09650893540040903 -0.7970132833961331 1.6488082938623052
2086 0.0 -0.801936979132696 1.6955532843252772
2087 -0.0964041774512861 -0.7147118261123881 1.6855350660192234
2088 -0.2753197656414053 -0.9222069649196778 1.4385520734205628
2089 -0.1871860685977387 -0.9323732353433328 1.4889077772770862
2090 -0.2764401798765725 -0.8540561403640086 1.4955540686711628
2091 -0.5620708147468912 -0.08339243329049416 1.5582861274252449
2092 -0.48320427132305177 -0.08303883344765112 1.5790448431750004
2093 -0.40999283526704333 -0.24911013987270764 1.5912153415828438
2094 -0.33158518252134367 -0.24963496088356524 1.6173358020432305
2095 -0.4069707503470094 -0.1658055856631301 1.5949762742153692
2096 -0.40347455846990193 -0.0825451196221649 1.596757695318523
2097 -0.3238273844748046 -0.0822977445658685 1.611620159400403
2098 -0.2581671847564849 -0.42489918758549244 1.6490681001089924
2099 -0.17505715441552974 -0.4296787783183991 1.6839722667227008
2100 -0.25437403935652675 -0.33788000675140356 1.6480393591727465
2101 -0.09161510126727582 -0.6174921702193147 1.7119363920003072
2102 0.0 -0.6254253689825062 1.7479468094718777
2103 -0.0904404832451417 -0.5262745873245348 1.7197926891943303
2104 -0.08871676643814425 -0.433641120533261 1.7161423977856196
2105 0.0 -0.4369114038728109 1.7442480979414128
2106 -0.0870040047742651 -0.3423457040470153 1.7037819053540282
2107 -0.24195939842520495 -0.08117050072946932 1.6244837031069368
2108 -0.16187383292047736 -0.08113034949174075 1.6355419649606364
2109 -0.08423554875158631 -0.2510959340990146 1.6858252066879478
2110 0.0 -0.2528339949831012 1.7044683436495087
2111 -0.08262731181015824 -0.16486061936645996 1.6657198787385847
2112 -0.08104053122812738 -0.08104053122812738 1.6456366437230279
2113 0.0 -0.08130817195843386 1.6550658619467915
2114 -0.2507423019995306 -0.2507423019995306 1.6420998017307404
2115 -0.16805630297772947 -0.251113071833376 1.665073133862983
2116 -0.2463912108554719 -0.1648962185849587 1.633763557667917
2117 -0.5952846925511375 -0.5952846925511375 1.4210790033163534
2118 -0.4396865328683788 -0.6056786588352795 1.517143872725135
2119 -0.5180610351229096 -0.600315129275004 1.4682806464864293
2120 -0.5936416152390771 -0.5123019139201259 1.4519582334317385
2121 -0.5905781246029732 -0.42872444687738354 1.4793190581122593
2122 -0.27236768164609754 -0.6144068977490986 1.618897737377246
2123 -0.3565948546188899 -0.6101159407531507 1.5688773860464136
2124 -0.1837864007534238 -0.6170129899498192 1.667438114885136
2125 -0.2661404894080722 -0.5203256598617739 1.6397219943096586
2126 -0.34375236577178253 -0.42758294770176886 1.6092196281616935
2127 -0.585143657731248 -0.34199928836847443 1.5046626237462342
2128 -0.5791198406511158 -0.2567248658360838 1.5259200427844446
2129 -0.4201551582295645 -0.337780845585468 1.5812649478434764
2130 -0.49499456491406335 -0.2531839306090751 1.5598951536792323
2131 -0.571359614736039 -0.1701878709826509 1.5440627903059883
2132 -0.43483621426276514 -0.5180205536997016 1.545529146141909
2133 -0.42807063324957517 -0.42807063324957517 1.566669182711093
2134 -0.5104364521257109 -0.4284699764880954 1.5229017620618976
2135 -1.1985537123792036 -1.1985537123792036 0.18220318831044754
2136 -1.0590533953070522 -1.2355387109484666 0.3549746341985095
2137 -1.1287424431903799 -1.2186126993905757 0.27009656875316423
2138 -1.2284517083160658 -1.1378558448303622 0.27227731293220947
2139 -1.2522889065918181 -1.0734109799063491 0.35978702454983064
2140 -0.919143860024389 -1.2658295481984017 0.5246693762326391
2141 -0.9874645141626405 -1.2509938939657614 0.44185528597205315
2142 -0.7822027130080221 -1.2947913887490767 0.6923313672523662
2143 -0.8508468571707121 -1.2808035032335123 0.608561187464383
2144 -0.9489129276974079 -1.2085863702008197 0.6170047364443793
2145 -0.9743631608091127 -1.1463125987856777 0.7068919198649303
2146 -1.0429479624915114 -1.1316570821689875 0.6224358799694352
2147 -1.270562833167208 -1.002911138750053 0.448767101664146
2148 -1.283356521909227 -0.93187054213893 0.5319340718444555
2149 -1.1344167007263226 -1.0454912581567584 0.6239537298836713
2150 -1.1482009820919454 -0.9759682824217194 0.7080564215045551
2151 -1.2164426864196294 -0.9550812580773613 0.6210155249469875
2152 -1.2919080177269517 -0.8582236649583989 0.6138373883096199
2153 -1.2969785230648305 -0.7835239933396347 0.6935008388014884
2154 -1.0879247238285883 -1.1768308198222117 0.446494015194746
2155 -1.113304161978765 -1.113304161978765 0.5368027898533626
2156 -1.1834413787844846 -1.0940358745668652 0.4490020859930557
2157 -0.6223777068801835 -1.3098823318456094 0.8701641293926773
2158 -0.6987299101634372 -1.3067578814629282 0.7894318490273837
2159 -0.45504304408020624 -1.288331468941475 1.0169367046435422
2160 -0.5404528403489475 -1.3039091010680812 0.9467941761846134
2161 -0.6285915401840846 -1.2312825542766483 0.9667326739811389
2162 -0.6295412070612136 -1.1445753505132437 1.0548535846635014
2163 -0.714318657806799 -1.1583559720813725 0.9846000013390241
2164 -0.27412535691528084 -1.2367896515827987 1.145578881410222
2165 -0.3632750846611872 -1.2644295861742532 1.0838174753234315
2166 -0.1837949939458889 -1.2090247945344383 1.2090247945344383
2167 -0.2725873648590617 -1.1391515620290167 1.2298505902688308
2168 -0.3590453923708673 -1.071198348350369 1.249707552381923
2169 -0.6260781271890932 -1.0490508791755868 1.1382790893407762
2170 -0.6193749827768439 -0.9525582115240189 1.2132291990840198
2171 -0.7079392633354259 -0.9758067943628247 1.1480109956434525
2172 -0.44742977608545786 -0.9999224644153524 1.2667765570123293
2173 -0.529863737065231 -0.9282436190008134 1.2783615840361173
2174 -0.6098953291148842 -0.8527121588917751 1.2836113939353355
2175 -0.6859982318841326 -0.7750474750667753 1.2829472205856225
2176 -0.4527189158330197 -1.1932378816688445 1.1030922805645962
2177 -0.4498821383353099 -1.0961802049919527 1.185760945641321
2178 -0.5409553368526266 -1.1219163524227749 1.1219163524227749
2179 -1.2990251671199642 -0.6945951895125619 0.784760401417722
2180 -1.2972131512743585 -0.6163580703370474 0.8617479028249304
2181 -1.1499471900358664 -0.7091332484427475 0.9774525552923755
2182 -1.1373325284239073 -0.6255574982048192 1.0481785179319048
2183 -1.2215173924997607 -0.6236062522335974 0.9590656271902623
2184 -1.29131842783329 -0.5352341751014434 0.9376518394349284
2185 -1.2803752890133533 -0.45223289434698816 1.0106565418184406
2186 -0.969622187606912 -0.7034523854246618 1.140734968667073
2187 -0.9445794469586265 -0.6141870088499132 1.2030670168402033
2188 -1.0423135730921997 -0.6220572736168608 1.1309687340611214
2189 -0.7714545672291041 -0.6828181319505734 1.2769998286226163
2190 -0.8435555498746834 -0.6033461401396579 1.2698276950146759
2191 -0.9164968816575447 -0.523158417449107 1.2621841738713573
2192 -0.9899078320417326 -0.442948583913096 1.2540892717782528
2193 -1.2632710554470814 -0.3629422346926339 1.0828244300312795
2194 -1.240051277170146 -0.2748482723092699 1.1485999686154313
2195 -1.06639820691827 -0.35743647590215005 1.244107494269965
2196 -1.1394830099757676 -0.27266667697643426 1.2302084280373444
2197 -1.210516841836477 -0.1840218137977934 1.210516841836477
2198 -1.1175217212475455 -0.5388363738991002 1.1175217212475455
2199 -1.0936740812382433 -0.44885360278238035 1.1830500194098856
2200 -1.1920086265102419 -0.4522525318275889 1.1019558920060954
2201 -0.7976057107658121 -1.2338832001089424 0.7976057107658121
2202 -0.8110347061647685 -1.0806894899649557 0.9901144437768244
2203 -0.8075664400327678 -1.1621200370847342 0.8981156283906547
2204 -0.8943233369529306 -1.1572129875613435 0.8041564923610883
2205 -0.9859368114462073 -1.076129690457927 0.8076126726503374
2206 -0.7994457706039447 -0.8890844208447785 1.1504340726984554
2207 -0.807948148859606 -0.986346362156942 1.0765767066099288
2208 -0.7867227543959355 -0.7867227543959355 1.2170474417247448
2209 -0.8866986922477541 -0.7973005742738957 1.1473470503619039
2210 -0.9819682290151087 -0.8043618786576561 1.071798064603659
2211 -1.0754908281842874 -0.9853514936739997 0.8071332199664795
2212 -1.1551415020205709 -0.8927224407642546 0.8027170006129403
2213 -1.0746334333989458 -0.806489763234223 0.9845659590973533
2214 -1.155683848746287 -0.8030938816584205 0.8931415799709015
2215 -1.2297563121626525 -0.7949380114297966 0.7949380114297966
2216 -0.9036891282245474 -0.9940580410470025 0.9940580410470025
2217 -0.9919103988484486 -0.9017367262258621 0.9919103988484486
2218 -0.9934342682014686 -0.9934342682014686 0.9031220620013348
2219 0.08133380124036292 -1.6555875579653503 0.0
2220 0.08205686565662457 -1.6662746769696781 0.08205686565662457
2221 0.24639242926366206 -1.661042834935557 0.0
2222 0.2492700022272659 -1.6735661393074497 0.08362300050881344
2223 0.16543197814077282 -1.6714927775176989 0.08291367394917021
2224 0.08331106916213962 -1.679504040276429 0.16622487360727337
2225 0.08468317342371046 -1.69478362111732 0.252430248849005
2226 0.4140037101288455 -1.652795458145433 0.0
2227 0.42066557801501664 -1.6647914589667971 0.08606215616137047
2228 0.3358973502599266 -1.671689817234079 0.08536521510333948
2229 0.5815369415664917 -1.625286871965079 0.0
2230 0.58953193790389 -1.6344193941530991 0.08746674175994086
2231 0.5056551213864267 -1.652411121416705 0.08689702036736975
2232 0.42802021039544413 -1.6774721030523823 0.1743814306059116
2233 0.43553998597868804 -1.6903658989812937 0.2646324947523529
2234 0.34861778888749007 -1.700413833059604 0.26245801284151704
2235 0.08738301957973113 -1.7112040759666307 0.34383706172368966
2236 0.08917941422385325 -1.7250918840233809 0.4359025093581903
2237 0.26550841309501033 -1.7201767762109743 0.352669575228785
2238 0.271343332059653 -1.733232027528686 0.4465848804821464
2239 0.1801332184539114 -1.7328017538309683 0.4421380062886002
2240 0.09116791242751515 -1.733625293188291 0.5305075091204494
2241 0.09274960644684235 -1.7331359614702648 0.6251388142306752
2242 0.25459548599816806 -1.6881642227674534 0.17038689312064548
2243 0.2602348763420247 -1.7042662344444075 0.2602348763420247
2244 0.1717910811585178 -1.7020766779109107 0.25669365170438685
2245 0.7463486971949101 -1.5780217370064993 0.0
2246 0.7634720316008936 -1.5794203736122636 0.09244748426754662
2247 0.6819761978649501 -1.6083332522205673 0.09198861974082913
2248 0.9082428666928022 -1.5153116772671587 0.0
2249 0.9237007836898159 -1.510008916589644 0.09357476858355544
2250 0.844267090324179 -1.5462756262897186 0.09306038315662035
2251 0.7803724929164768 -1.5787554426160384 0.18650009993956423
2252 0.7966462368221988 -1.5761944877060343 0.28156779849874103
2253 0.7159422740299699 -1.6121643692531882 0.28070828468303366
2254 1.0692139859857053 -1.4416681702187015 0.0
2255 1.0831707950148783 -1.4282791761192704 0.09560496866139259
2256 1.0047476638203099 -1.4698573339758514 0.09489447325335065
2257 1.2299861332453776 -1.3570805705461342 0.0
2258 1.2389431591627305 -1.3363980250394611 0.09745486587673065
2259 1.1616400054483105 -1.3837833397560475 0.09655619983319602
2260 1.096169509057291 -1.4127346714815467 0.1916360712865051
2261 1.1082402152290198 -1.395810703396206 0.28757048816718617
2262 1.0333118493310265 -1.444396987101763 0.2860907050015292
2263 0.8137026174979249 -1.571141049819724 0.38053462677518685
2264 0.8292281435395825 -1.5643288037935623 0.4792704794175092
2265 0.7477361486230479 -1.6075053851568772 0.4772643483543028
2266 0.9707020291948867 -1.4797986306768687 0.382974773397274
2267 0.9860924142163342 -1.4668249996155394 0.480732585399205
2268 0.9088931072898748 -1.5170170574682817 0.4804595386328732
2269 0.8443274993988884 -1.5545994199077702 0.5805016771419924
2270 0.8581501449885025 -1.5413222825152069 0.6831721375267044
2271 0.7748425823082021 -1.588357374191166 0.6814796094658774
2272 0.9402874944213673 -1.501546065728526 0.18877495916915854
2273 0.9559692276613839 -1.4912178793816806 0.28539930160151344
2274 0.8768837422973369 -1.535527919728359 0.28382899904940867
2275 0.09831916129664546 -1.7190167315190876 0.7289089453376841
2276 0.09900123189001583 -1.6913879690579576 0.8175957652164617
2277 0.29931375756885065 -1.7190193574965522 0.7633952538460654
2278 0.30181738841957634 -1.689550106429853 0.853938866496605
2279 0.20020670066004265 -1.6947841766179639 0.8377250314787439
2280 0.09929183487945865 -1.6498163768066099 0.9008003801740824
2281 0.09893228851220308 -1.5964628077990133 0.9765862509117493
2282 0.4995294520608691 -1.6824979427044853 0.7826191708970718
2283 0.5064930657195498 -1.6531827551527083 0.8763283420100214
2284 0.40571214731827304 -1.675093314014835 0.8675400686167173
2285 0.6926262002080152 -1.6143372705173997 0.7875162603384812
2286 0.7036016355820596 -1.5874138000752147 0.883812164493155
2287 0.6062776623167605 -1.6236282154790949 0.8818181285634813
2288 0.511145859155453 -1.613906947085529 0.9669429178741794
2289 0.5134470100671418 -1.5666441868485426 1.0531971767814006
2290 0.40984843025219475 -1.5836373254880787 1.0388169940777
2291 0.09894015204736183 -1.5325224233368686 1.047583523249105
2292 0.09807348779055083 -1.4651573270919045 1.1111382517807473
2293 0.3037116749172736 -1.5333606458685722 1.0969558499655345
2294 0.30287208460544796 -1.4700816490127047 1.1672095644072567
2295 0.19930006631364558 -1.469233385028624 1.1400080077799981
2296 0.0974232456690211 -1.3962093008490926 1.1720711857473667
2297 0.0969388111653544 -1.3293213696986406 1.2323825585332862
2298 0.30444732515083245 -1.6470740108354514 0.9405836285396726
2299 0.30503284979983364 -1.5938036178356454 1.021733466754046
2300 0.2009150077994944 -1.5981099444276026 1.0007570395295358
2301 0.6071673990280343 -1.6408310355627276 0.1808537465819896
2302 0.6412289861346203 -1.6488827588773014 0.37477951617823274
2303 0.6246404699356566 -1.6458621268051636 0.2769042425825423
2304 0.5306560909399622 -1.672276673727363 0.27142438408218034
2305 0.45209268130255126 -1.7014626528271748 0.3634567972861599
2306 0.6719915389997494 -1.6435903797852958 0.5799164727173949
2307 0.6580679988764067 -1.6483721487755971 0.47771806484647733
2308 0.6838854612071049 -1.6325890481574088 0.6838854612071049
2309 0.5895306075941642 -1.670838613516909 0.6831321387170121
2310 0.49310917262440856 -1.701479358376512 0.679269615983286
2311 0.36872212298886714 -1.7261114009177871 0.4586420572741718
2312 0.2825184862155105 -1.7406287058273968 0.5523459361263816
2313 0.39191163426201653 -1.7242573535709103 0.6705411823326081
2314 0.29221913233007685 -1.7368906960194839 0.659187791564581
2315 0.1917650609227069 -1.7398260718691114 0.6437991773209281
2316 0.5640575971363774 -1.6828819826759407 0.47348057603737426
2317 0.48113456505958 -1.7100863937393684 0.5731757972798882
2318 0.46701130891597753 -1.7091857483941488 0.46701130891597753
2319 1.3863324166884714 -1.2564984611850685 0.0
2320 1.4262983758115737 -1.1973299615969972 0.09952276995971353
2321 1.3546286083201684 -1.2558443038965472 0.09878430442362122
2322 1.5289260229327368 -1.1339288201175943 0.0
2323 1.5559364290239286 -1.0635885918846544 0.10045176796073388
2324 1.494063428169616 -1.133059907580699 0.10000838044589741
2325 1.4594264975044349 -1.132398644677515 0.1979697716485381
2326 1.4863437481316377 -1.063320278869638 0.2943990707366635
2327 1.426540678237237 -1.132639078089824 0.293901600147413
2328 1.6474978153830822 -0.98747218883198 0.0
2329 1.661457726405034 -0.9071565615597331 0.09999245282600742
2330 1.6130856635037585 -0.9867547636092201 0.0999624015523846
2331 1.7361547352802909 -0.8211400352844965 0.0
2332 1.7375547164891525 -0.7367695454269426 0.0993794413398629
2333 1.70303402454421 -0.8232253226102861 0.09968290508439279
2334 1.668407242679994 -0.8246870186636883 0.19709076472548193
2335 1.6710404561004535 -0.7420884166363491 0.29095972409141174
2336 1.6344562177870445 -0.826093102917599 0.29197554145406185
2337 1.5091404344988124 -0.9899493429305204 0.390568489485953
2338 1.528588604800392 -0.9158259888676112 0.4841244020337716
2339 1.47985854413171 -0.9948543860814957 0.4850041580502142
2340 1.6013994720720408 -0.8293736213144777 0.38786329877437653
2341 1.611208320466172 -0.7494585805429274 0.4783637406323673
2342 1.5724315576651444 -0.8335232965369551 0.48175295670950685
2343 1.5463939877660589 -0.8398709996003039 0.5774376935466423
2344 1.5625308048779734 -0.7622437012352407 0.6703988031842555
2345 1.5228861862644523 -0.8478856215659321 0.6750005646985201
2346 1.5767303751724229 -0.987368877777064 0.19822715998362161
2347 1.5910712542404695 -0.9086025058579945 0.2940957020092791
2348 1.5414754124222134 -0.9881876282782315 0.2950179261018651
2349 1.7957044882237907 -0.6425133396766417 0.0
2350 1.7922200392932561 -0.5484381155357043 0.09424929379787207
2351 1.7699361163221947 -0.6384125594411345 0.09471898447348248
2352 1.8316947116635272 -0.45881564032308664 0.0
2353 1.8239391744971711 -0.3664892430597909 0.09313986264747126
2354 1.8100680522893247 -0.4573745974978541 0.09357229612140773
2355 1.7862883577639912 -0.4557855342725785 0.1856934125668987
2356 1.7812622657530215 -0.365193284389008 0.27493692742896486
2357 1.7622093710929312 -0.4540511881125102 0.27587983313514414
2358 1.8506646933082938 -0.2745201748842386 0.0
2359 1.84298848022019 -0.1824053529123037 0.09142064386780487
2360 1.8350496129368434 -0.27332222513368953 0.09169183763470308
2361 1.858024491827544 -0.0912788900780025 0.0
2362 1.848813204280694 -0.09104610351743057 0.09104610351743057
2363 1.8377489133846505 -0.09116073742843517 0.18188677938457878
2364 1.8258277146826105 -0.09123104747870418 0.27194866567620457
2365 1.7794947561133632 -0.27466411321239953 0.3648309106594869
2366 1.7817227289425037 -0.18521879311775385 0.4546205781429328
2367 1.7617945183760473 -0.2758148865401555 0.45394429708577827
2368 1.8130633691506928 -0.09258448721044173 0.36430393681447965
2369 1.8004205248855831 -0.09307356277824942 0.45493682508506833
2370 1.7867558045961895 -0.09396194054321957 0.5467660024500334
2371 1.7711032232999533 -0.09478144276600828 0.6388335326875366
2372 1.8169651006560672 -0.27402020881884565 0.1833868022045354
2373 1.8128643455184636 -0.18297291182709371 0.2734017655814299
2374 1.7980071418208097 -0.2745487511030534 0.2745487511030534
2375 1.5766293935660654 -0.6764477571975633 0.7691213643125094
2376 1.5846032887619885 -0.5917053968704196 0.8606230744760213
2377 1.5516031324078188 -0.6877289977475696 0.863874134660249
2378 1.640432548984491 -0.48704034135093455 0.7630523216778196
2379 1.643237184465048 -0.39799650627501904 0.8510416033764456
2380 1.6150029930418168 -0.49479575959914907 0.8560898006118055
2381 1.5846421520499803 -0.5018773081844898 0.9494094495699726
2382 1.574318595190071 -0.4074367246658763 1.0327041958751104
2383 1.5482374114336044 -0.5074144317183918 1.0408229797152124
2384 1.6964373996910798 -0.29538181194267654 0.7533668854416774
2385 1.6970368598834398 -0.2004728125877059 0.8388385237956525
2386 1.6709974363486224 -0.29850318163114364 0.8445619051390465
2387 1.7482973850217818 -0.09999386826244591 0.7413247234229772
2388 1.7228021063946692 -0.10083998110190054 0.8327809658471182
2389 1.689897835140972 -0.10170408002298585 0.9226848719351659
2390 1.648912348175377 -0.10218256971856621 1.0086706187704748
2391 1.551689693066532 -0.30734209652691175 1.1100683265393068
2392 1.51764414346276 -0.20586693816976612 1.1775708979511488
2393 1.4972276862812868 -0.30846481947281695 1.1887628668084698
2394 1.5975936244281912 -0.10314117020660132 1.0920641240307059
2395 1.5392792376299769 -0.1030349988540736 1.1673504336202178
2396 1.4731017516174123 -0.10278856741321765 1.2366198360766818
2397 1.401213791369209 -0.10218146057083503 1.299032330798374
2398 1.6387526260950254 -0.3029091894574105 0.9358315905607268
2399 1.6237843216069479 -0.2041428005488117 1.0168346653445537
2400 1.5990584799987742 -0.3060385606433699 1.025102180738106
2401 1.738260107967156 -0.6432197134951503 0.19159245909318112
2402 1.7354346824085154 -0.4611193301785627 0.3707137094778135
2403 1.7364485024696938 -0.5510194508575365 0.2818400045147679
2404 1.706193962925529 -0.6475377137889184 0.2870546319210178
2405 1.6758885380450526 -0.6517311812132465 0.38091774086159186
2406 1.7414748901756805 -0.2826558289585872 0.5526144520278047
2407 1.7371675369956696 -0.37108387204198334 0.4615797639561201
2408 1.746305809123482 -0.1924792628934893 0.6461969167163021
2409 1.7202158473949056 -0.2894137112359478 0.6528593238810935
2410 1.6930589011244943 -0.38482044427265755 0.6584085113325149
2411 1.6471516894388218 -0.6575807634944826 0.47736436105876096
2412 1.6222987776460585 -0.6632863429452522 0.5724040468946655
2413 1.6633875505224576 -0.48206970878242394 0.6640624919204814
2414 1.632722230475875 -0.5760818075295221 0.6675480325942965
2415 1.5992280164115733 -0.669910649476256 0.669910649476256
2416 1.710147533226269 -0.4672741032867859 0.4672741032867859
2417 1.6863408189191689 -0.4744537231705195 0.5652169077002361
2418 1.6802156110690147 -0.5631638997903022 0.4727303896444049
2419 0.09697785501955972 -1.2328789228311572 1.3298567778507169
2420 0.09755098794073358 -1.1736080164580247 1.398040023554457
2421 0.30724038779462015 -1.1840441474599492 1.4912845352545696
2422 0.3100115262232946 -1.1197098608080058 1.5651669439639868
2423 0.20112410602188058 -1.1504416213374775 1.482680144402699
2424 0.09837074988784214 -1.1145061271826129 1.469598239205107
2425 0.09950987061748824 -1.053615733374149 1.541347015432626
2426 0.5347116722256767 -1.0968158593551889 1.6315275315808655
2427 0.5366059327431917 -1.015106152307684 1.6942953311457105
2428 0.42419583220003165 -1.075182449851448 1.6390750911869585
2429 0.7524157757376468 -0.9451288651473425 1.6975446408849895
2430 0.7443876728823219 -0.8463690749993187 1.7349802298653214
2431 0.6448629114921194 -0.9379395632341083 1.7269605715203975
2432 0.5349352627692133 -0.9255386966438894 1.746017490440466
2433 0.5295181554844164 -0.8296028554681969 1.7835048635303372
2434 0.4249417955817018 -0.9086590996445046 1.7544881644028296
2435 0.09987040484016385 -0.9858466402287244 1.611601119562555
2436 0.10066505725693992 -0.9132585973195346 1.6726336081541453
2437 0.31318987859087466 -0.8861153140398517 1.7532124158809514
2438 0.31168783639739905 -0.7949551564885559 1.7900861912105686
2439 0.20579112862893176 -0.8610919571640743 1.7420573204534786
2440 0.10081866909785155 -0.8326049619335699 1.7224380011552007
2441 0.10052563601462167 -0.7452670909766785 1.7575948368228032
2442 0.31328508282631523 -1.0493750229475582 1.6369217241689793
2443 0.3144466538289517 -0.9714763448621647 1.7011708382041013
2444 0.20459675600690005 -1.0190958160932728 1.6273951555602888
2445 0.9313847660867085 -0.741474117580894 1.6728588836676026
2446 0.9148989973206056 -0.629021798695709 1.6845376367836051
2447 0.8383732930374548 -0.7373553252891976 1.7185895983596056
2448 1.066399799481523 -0.519883456441921 1.5862832559234439
2449 1.0402234374567823 -0.4104033197220839 1.5857813953714157
2450 0.9815138035105178 -0.5188483281632578 1.6382269489377326
2451 0.8930090212831252 -0.5161340278775696 1.6846506536521193
2452 0.8676640651361551 -0.4057701352959826 1.6753327332050088
2453 0.8021001031585164 -0.5119637237731757 1.7243786295962669
2454 1.1753495872931683 -0.3049842894531216 1.48033387674629
2455 1.1477491809068627 -0.20065340445425559 1.4792101482791071
2456 1.0952503333735792 -0.30323947241180516 1.5309766191795655
2457 1.2824653678384217 -0.1008783086535687 1.3833436764919904
2458 1.2019015340798895 -0.09990276175075016 1.4317441815763916
2459 1.1194858341315643 -0.09881027865744019 1.4761645275237152
2460 1.0367439061148231 -0.09791639275409349 1.5166650182230967
2461 0.8386044765592973 -0.29639757945494477 1.6592104402463628
2462 0.8101100280315462 -0.19360703069540053 1.6389168345654677
2463 0.7510217086972768 -0.29446230967960485 1.6911565124965828
2464 0.9509299861976166 -0.09633320115000203 1.554521532909142
2465 0.8668889699243642 -0.09555390778578458 1.587707610844743
2466 0.7815391895027242 -0.09463520461191398 1.6167965132772433
2467 0.695785845081772 -0.09385133927643788 1.64090112612846
2468 1.0118652523426996 -0.3020867492146275 1.5784101748858435
2469 0.9814807213397185 -0.19704503590174657 1.5673275721091635
2470 0.9259794207017019 -0.2997202473266946 1.621500302715412
2471 0.0950976527144256 -0.6409648097869693 1.7770119797246056
2472 0.09357689055146565 -0.5445253905222937 1.7794337941752831
2473 0.2816983933950983 -0.4636275466636707 1.7993759928783566
2474 0.2740523219514375 -0.3640182804244709 1.7755310808884313
2475 0.18582537561201554 -0.45610943831522277 1.7875577837920278
2476 0.09143328882944089 -0.4469192849773732 1.7686909682239775
2477 0.0892770888840515 -0.3512898966958701 1.7482952537412666
2478 0.4498359005862599 -0.2733186399265262 1.745849499397652
2479 0.43696669446572317 -0.17802635356323385 1.7125346470253184
2480 0.3584539585392351 -0.2698632044956991 1.748390612998238
2481 0.5987509061385152 -0.08883452705201185 1.65997807809875
2482 0.5117069946700246 -0.08793703703830476 1.6721878077316836
2483 0.4241950476442473 -0.08678423512925505 1.6787593973970154
2484 0.337633005354371 -0.08580631584547928 1.6803278042422167
2485 0.08599568856120982 -0.25634269697041995 1.7210512852537665
2486 0.08394503142695141 -0.16748977511916047 1.692284361017026
2487 0.2498228316223339 -0.08380845905726288 1.6772777634424554
2488 0.16544355913184802 -0.08291947828354866 1.6716097896163045
2489 0.08193790489718066 -0.08193790489718066 1.6638590192495313
2490 0.26641084795569064 -0.26641084795569064 1.7447123884496243
2491 0.2580061157509348 -0.17266944186608138 1.7107793257145985
2492 0.17512715985001528 -0.26167848686531997 1.7351299755453433
2493 0.7362711398965175 -0.7362711398965175 1.7576454942436752
2494 0.7023916689355494 -0.509894402130315 1.7593970024104135
2495 0.7217423877305231 -0.6228505500624636 1.7652734838341455
2496 0.630571426092256 -0.7306891302525533 1.7871558723557521
2497 0.523426997412221 -0.7210331408665512 1.8060913914336012
2498 0.6521530599855777 -0.28910062318215685 1.7183549161022549
2499 0.6776581524955376 -0.3960712943709525 1.742558225257698
2500 0.6252921684903971 -0.18625247594138955 1.689812065001845
2501 0.5511070779480899 -0.2818848247467194 1.7367246450449343
2502 0.47213179123258686 -0.37956710169244123 1.776880368158505
2503 0.4124240035080406 -0.7056368190124734 1.8145037265274548
2504 0.30481784589106403 -0.6876079641337097 1.8117748700686203
2505 0.3855922341094344 -0.47962626730220553 1.8050860252335628
2506 0.29442764401569294 -0.5756292794634287 1.814002389110596
2507 0.19827485863428837 -0.6656540574074055 1.7988874865330078
2508 0.5983064524143612 -0.5022297105370551 1.7850644224962828
2509 0.4919380634117622 -0.4919380634117622 1.8004136324400577
2510 0.5096267440745818 -0.6071185413875426 1.811355542123059
2511 1.2854827669206563 -1.2854827669206563 0.19541807449425033
2512 1.3636140602233464 -1.1688343615388384 0.39177113426429583
2513 1.32688096052082 -1.2290261359905954 0.29409343490331585
2514 1.2194620259224838 -1.316555357848852 0.2918048407885477
2515 1.15725287609531 -1.3501025851087072 0.387889239756418
2516 1.4282192312267032 -1.0370582192674673 0.5919777226228283
2517 1.397766289716475 -1.1033184229319442 0.49369579391541957
2518 1.4792269286591386 -0.8936229625913374 0.7909499637501586
2519 1.4558859552724175 -0.9671553726353866 0.6917498925608169
2520 1.3781541986827321 -1.0820478930878643 0.7035721145826449
2521 1.3271955436124032 -1.1281132618239063 0.81843626847877
2522 1.2904849316135178 -1.1893255043945676 0.7097946335975035
2523 1.0955584116364097 -1.3879353270757049 0.490223464569952
2524 1.0361625924427158 -1.4269857889460797 0.5914664773347762
2525 1.1902956702092162 -1.2915376159798617 0.7103736327750985
2526 1.1323425768177209 -1.3321712213233883 0.8215045993803699
2527 1.085350330000215 -1.3823603593579799 0.7057194340650271
2528 0.9737976732193195 -1.46588479558749 0.6965007431948488
2529 0.9060493629449089 -1.4997965276945076 0.8019486302131388
2530 1.304694113032604 -1.2061283225198132 0.49500582693515915
2531 1.2475731532066403 -1.2475731532066403 0.6015433805593325
2532 1.2028006057285014 -1.3010944525102528 0.4936401022677806
2533 1.5047460011278182 -0.7149652627954075 0.9996134478610796
2534 1.4983308254558068 -0.8011649119680824 0.9051639104484405
2535 1.4803964224150528 -0.5228810370165646 1.168542021731243
2536 1.4992910018590686 -0.6214360186615836 1.088664836991611
2537 1.4456165524670492 -0.7380128404115267 1.1350154767188114
2538 1.3719690077026914 -0.7546126384535782 1.26442215025289
2539 1.3853617080155776 -0.8543053600945263 1.1775543722680006
2540 1.4012937796460443 -0.31058649059445065 1.2979511581129595
2541 1.446714744825428 -0.41564625436929437 1.2400648793690854
2542 1.345380879518999 -0.20452373824254574 1.345380879518999
2543 1.2923277755170806 -0.3092408724216812 1.395222664409604
2544 1.240433571217179 -0.4157698328918589 1.4471448771046402
2545 1.2796822784353998 -0.7637199493217408 1.3885271033638489
2546 1.1753914998612585 -0.7642662476426081 1.4970416198557772
2547 1.211709666130646 -0.8790847259647084 1.4255445117634788
2548 1.184937494597003 -0.5302174286011175 1.5011674335750234
2549 1.1258697834231346 -0.6426734950632411 1.5505290317044855
2550 1.057985357902052 -0.7567152893597897 1.59261486523753
2551 0.9795941751112417 -0.8670434956676817 1.6215363118918034
2552 1.3960017140482042 -0.5296482723135137 1.290537903697637
2553 1.2962025407335855 -0.5319730899037426 1.4021292698441152
2554 1.341117405837561 -0.646647690326553 1.341117405837561
2555 0.8161366466882476 -1.5263308180998483 0.9220791219648946
2556 0.7280466302292044 -1.5322775979194263 1.0179028830038568
2557 0.8643238116748736 -1.4016078652344504 1.1913635697901699
2558 0.7626094899740524 -1.3865081657901763 1.2778216027395226
2559 0.7477567020178542 -1.4647027889818511 1.1500008985442922
2560 0.6296614480377425 -1.5191358642097625 1.1030745838715363
2561 0.5250682341078641 -1.4865888802015337 1.1734300010803789
2562 0.8876922790635039 -1.2235741144409011 1.43950272274961
2563 0.7749892093647694 -1.191882713624057 1.5180457136983496
2564 0.7723562309767544 -1.2941531543046405 1.4042288159627148
2565 0.8728449328363793 -0.9861486952548404 1.6323861032542977
2566 0.7689242158659081 -1.0750550083515673 1.6183102861119876
2567 0.6556652743398248 -1.1486294768487506 1.5818733007564671
2568 0.5391630911002275 -1.2049293891244466 1.5264946606540108
2569 0.4123529653668046 -1.4352519932457153 1.230239476188689
2570 0.30434123352585113 -1.3731166368934116 1.2718520234423327
2571 0.4180932384480879 -1.247365363818516 1.455231814111943
2572 0.30581519528160384 -1.2780117580921941 1.379766808431199
2573 0.19820439649377453 -1.3038115163096267 1.3038115163096267
2574 0.6521035224228025 -1.3524325493029499 1.3524325493029499
2575 0.5353715634911812 -1.3044832417356813 1.4110866764877519
2576 0.5304799904141443 -1.3981938856359897 1.2925644631903481
2577 1.4348929263908088 -0.9275422441327742 0.9275422441327742
2578 1.3125471380960534 -0.9850389888659511 1.2025395746274712
2579 1.3805973323260028 -0.9593880470231951 1.066960383702619
2580 1.3596760413299054 -1.0507918831948406 0.9448496758124282
2581 1.2726706546330855 -1.166005230016613 0.9551125277051962
2582 1.1210935819172536 -1.0080634656306149 1.4506431842498078
2583 1.2236816702831743 -1.0023571619777611 1.3356232993565613
2584 1.0024312248390446 -1.0024312248390446 1.5507449744886452
2585 1.0119329343869286 -1.1253969186971646 1.4562115027827116
2586 1.008487881066475 -1.2311660768989876 1.3437923747792775
2587 1.1690411350529943 -1.2759842823515481 0.957599335532919
2588 1.0589516155413545 -1.3702343571607125 0.9521867333074663
2589 0.9932035041360957 -1.3234262111813808 1.2125068478328724
2590 0.9697674182736659 -1.395533657939068 1.0785035522529838
2591 0.9398508645459877 -1.4539341641093806 0.9398508645459877
2592 1.2214414328019452 -1.1104013025472226 1.2214414328019452
2593 1.1137252225653567 -1.2250977448218927 1.2250977448218927
2594 1.2018660412653543 -1.2018660412653543 1.0926054920594128
2595 0.0 -1.6425584559767545 -0.08069372250433812
2596 0.08109772540599025 -1.6467980481890698 -0.08109772540599025
2597 0.0 -1.6290351424571201 -0.2416445365910494
2598 0.08149071221691631 -1.6308921684758884 -0.24291390995556666
2599 0.08129478380578713 -1.6388568677410043 -0.16220191745166807
2600 0.1632569095456102 -1.6495163042367824 -0.08182354052791033
2601 0.24576189224194436 -1.6500131484463685 -0.08244612932308587
2602 0.0 -1.613128368104665 -0.40406762132489876
2603 0.08340595427299433 -1.6134097319186322 -0.40768225581468504
2604 0.0828382573112739 -1.6222049116497306 -0.325954208600341
2605 0.0 -1.5986174870202532 -0.5719944830492936
2606 0.0855270192514009 -1.5981733876889028 -0.576458072953097
2607 0.08440612750139956 -1.6050449510165488 -0.4911605768188697
2608 0.16757995831847097 -1.6120449530271619 -0.41132595809258204
2609 0.25185034687088537 -1.6087186813378656 -0.4145027489822197
2610 0.24984568418270717 -1.6187010368437593 -0.331865082112972
2611 0.33097523168621423 -1.6471934778240584 -0.08411430404231457
2612 0.41456154309923554 -1.6406346329175199 -0.08481335798630882
2613 0.3330616368938714 -1.624537337704791 -0.25074651426098016
2614 0.41656153277556845 -1.616708987692475 -0.25310125633713176
2615 0.41555028303212116 -1.6286006835001656 -0.16930100748486543
2616 0.4986531369815366 -1.6295296031381934 -0.0856937267474506
2617 0.5821019586100011 -1.613820506331575 -0.08636438234835248
2618 0.1646240684397754 -1.6310671405321568 -0.24598455869339297
2619 0.24876263798236786 -1.629135073146241 -0.24876263798236786
2620 0.24726476193123836 -1.6395558743191228 -0.16548083874504715
2621 0.0 -1.5919392204145377 -0.7529311766159642
2622 0.09309363429600369 -1.5904595330598235 -0.7688082230489749
2623 0.09111092499160671 -1.5929875969161291 -0.67546923070263
2624 0.0 -1.5882796218278878 -0.9519781695606849
2625 0.09820137123874007 -1.5846680514034042 -0.9693711771420788
2626 0.09560321126059303 -1.5885268290641585 -0.8673362633891819
2627 0.1876276535991025 -1.5883003783957752 -0.7850905164482396
2628 0.28321709755778357 -1.5854271346894686 -0.8013126365162906
2629 0.27638456573354553 -1.5873323781315138 -0.7049146936346911
2630 0.0 -1.5655034643644639 -1.1610564995366681
2631 0.10416896321950375 -1.5562199647938697 -1.1801978525401668
2632 0.1016835859981025 -1.575016536792861 -1.0766311459224802
2633 0.0 -1.4945485694954395 -1.3545798649238077
2634 0.10772620916782187 -1.4772488975457065 -1.3695226883778846
2635 0.10636440812758302 -1.5243484744038134 -1.2796397522922491
2636 0.20992023548877212 -1.5475249149581327 -1.2007559951116693
2637 0.3171527284745167 -1.5393970912574146 -1.2222443627828978
2638 0.30974789616866094 -1.5638359449138068 -1.118757673076876
2639 0.3831091589506861 -1.5817707084641612 -0.8192077763524278
2640 0.4833275468296415 -1.5775709868285868 -0.8362476338333851
2641 0.46832643086611303 -1.577400998470766 -0.7337329991685065
2642 0.40720586233097217 -1.5734265527089553 -1.032119043660075
2643 0.5142552379621946 -1.5691102748938655 -1.0548550369316707
2644 0.49917612486110446 -1.576113356496073 -0.9442995772357962
2645 0.5872248943611995 -1.5726043801007392 -0.8541062776628142
2646 0.6943025392858718 -1.5664338690428128 -0.8721313297569409
2647 0.6709188346885101 -1.5637428673712914 -0.7628349772588242
2648 0.19875943421672965 -1.5809641691254428 -0.9900201341046878
2649 0.3018612524703777 -1.5772319492388962 -1.0111099318242855
2650 0.2926260412625686 -1.5831203221064702 -0.904062019791387
2651 0.6744522122364479 -1.5905891193410995 -0.09097374406762739
2652 0.7569682770289055 -1.5659658369026046 -0.09165995607582869
2653 0.6949546786235231 -1.5649043390274007 -0.27247942026215916
2654 0.7800622924425866 -1.5433825311469498 -0.2757063452042154
2655 0.7681312435928598 -1.553990424410625 -0.1835745813661103
2656 0.8396585813809283 -1.5378351397018184 -0.09255240456435408
2657 0.9219238409677373 -1.5071040805193643 -0.09339475682331798
2658 0.720271861055496 -1.5484618438680993 -0.4597344678836573
2659 0.8118685868280416 -1.5315802112662575 -0.4692371452471303
2660 0.7950841712481375 -1.5351915462076409 -0.3718275594235019
2661 0.7559069882166146 -1.5495411149963396 -0.6648256186280239
2662 0.8561382911238525 -1.5377087945855499 -0.6815705034616973
2663 0.8324216932054387 -1.5326781163673215 -0.5723160614088255
2664 0.9064346702946497 -1.5129137247148978 -0.4791599584127021
2665 1.002961202177174 -1.4919175361135895 -0.4889563339364151
2666 0.9776693089300496 -1.4904199858420457 -0.3857236008412452
2667 1.0068834115846068 -1.4729817448383142 -0.09509618624696375
2668 1.0900277857288883 -1.4373208684292345 -0.09621019397335771
2669 1.047438468681654 -1.4641436361324405 -0.29000191001860687
2670 1.137692214375714 -1.4329050220109445 -0.2952128076352305
2671 1.1127036814454017 -1.4340437832602764 -0.1945266313798581
2672 1.1740271569212843 -1.3985393173006746 -0.09758582714232691
2673 1.2573757277465347 -1.3562804934720303 -0.0989047657254955
2674 0.8675605707696854 -1.519201935460913 -0.28081128265780747
2675 0.956990377869317 -1.4928107731731775 -0.28570416032263285
2676 0.9386076172239008 -1.4988634681062796 -0.18843770194597695
2677 0.17587501889372129 -1.595660553541098 -0.5904526712544281
2678 0.3604490665709881 -1.5858344057407643 -0.6167103044142013
2679 0.26776307104406455 -1.5915288746690033 -0.6040198191565156
2680 0.25950592697866043 -1.5988456963727202 -0.5073545667310152
2681 0.3421530146729579 -1.601732531528127 -0.42559356428120637
2682 0.5539782669868133 -1.5700767146053605 -0.6419350470602977
2683 0.4574569959611852 -1.5784610775548087 -0.6301578944914573
2684 0.6536841849271096 -1.5604917808634564 -0.6536841849271096
2685 0.63796765014451 -1.5603730576020525 -0.5505544756267343
2686 0.6246801991719216 -1.564740184851292 -0.45348051630811725
2687 0.42609125557394556 -1.6036056057499728 -0.3425531301598422
2688 0.508796540068624 -1.6033898416634087 -0.26024347947585336
2689 0.6120713454877706 -1.573905594725778 -0.35773773127640224
2690 0.6018783015210667 -1.5858862002991636 -0.2668137324287133
2691 0.5919296954826312 -1.5996521169843814 -0.17631497230013032
2692 0.4454471569202145 -1.5832433948802132 -0.5306613738761143
2693 0.5293931865955954 -1.5794597218371074 -0.4443826166194512
2694 0.43498597688863294 -1.5919782203456663 -0.43498597688863294
2695 0.0 -1.3591600523246252 -1.4996020275492385
2696 0.10694153629158168 -1.286583016057082 -1.5326195159280758
2697 0.10801243297899651 -1.3731614500718656 -1.4811738830508623
2698 0.0 -1.1684981309225624 -1.575537342750046
2699 0.1022514216300192 -1.082643419398924 -1.583811963327737
2700 0.1048592238250642 -1.1880182633343006 -1.5665320318634088
2701 0.21157029699248295 -1.2101944431882472 -1.5596891128605421
2702 0.3132721286196727 -1.131486612143274 -1.5816288708813262
2703 0.32024680774732345 -1.234168336974705 -1.5544151447220287
2704 0.0 -0.9520084402113447 -1.5883301253574014
2705 0.09519694992069487 -0.8636505588206788 -1.5817764591808638
2706 0.09838188400863282 -0.9711530654602641 -1.5875809722283485
2707 0.0 -0.7411183600029372 -1.5669631181439927
2708 0.08920665969390805 -0.6613515755936656 -1.5596933349958246
2709 0.09195863017711586 -0.7594348592696548 -1.571068538878551
2710 0.186361840321808 -0.7797939731054253 -1.5775850511572809
2711 0.2744144898956836 -0.6998900447292873 -1.5760178347288707
2712 0.2833669427314341 -0.801736596906403 -1.5862659562378718
2713 0.4139049586520267 -1.049098821035317 -1.5993115828761655
2714 0.5105897165094533 -0.9658908538043153 -1.6121509659621907
2715 0.5258883215318528 -1.0787171503194262 -1.604605471851279
2716 0.3868293332830617 -0.8271626781637443 -1.5971304633847927
2717 0.4747634854124723 -0.7438180147192555 -1.5990820644952901
2718 0.4928809700543845 -0.8527768542742722 -1.6087531600837794
2719 0.6049835430555596 -0.879935859273385 -1.620162528587957
2720 0.6963402380654433 -0.7917391228339498 -1.6229937575742828
2721 0.7221306741521066 -0.9070869678142461 -1.6292176419663529
2722 0.1998435112076591 -0.9954199182818226 -1.5895870900247044
2723 0.29460325005813087 -0.9101705649145513 -1.5938171124939453
2724 0.30502759292548537 -1.0217158584064345 -1.5937761505469243
2725 0.0 -0.5526146429610339 -1.5444544624127623
2726 0.08125976743452051 -0.47285185835168797 -1.5452145869314227
2727 0.0829307584855675 -0.5589590943723424 -1.5496591883192365
2728 0.0 -0.3852907716549076 -1.538166982267851
2729 0.07905014904221153 -0.31104865803697124 -1.5480231502343127
2730 0.0798713610444644 -0.39040542044537907 -1.54503635062959
2731 0.1612536721162377 -0.39579805273079477 -1.5511888826113034
2732 0.2406427636285313 -0.3196410247097739 -1.559077125020886
2733 0.2437278701730416 -0.40113453662265425 -1.556835568350725
2734 0.0 -0.22903211601230478 -1.5440091094084367
2735 0.0771714656723372 -0.15397494302355966 -1.55573310598737
2736 0.07756371890970121 -0.23120802013482533 -1.552300357750925
2737 0.0 -0.07598655208446524 -1.5467418008897351
2738 0.07634395652578267 0.0 -1.5540169354239985
2739 0.0766568724797094 -0.0766568724797094 -1.5566205753353881
2740 0.15480482645155755 -0.07758739906525282 -1.564118087970114
2741 0.23283651042867354 0.0 -1.5696562532978133
2742 0.23380840258462438 -0.07843607330846435 -1.5697589848554623
2743 0.32128240918720685 -0.24187848516078791 -1.5670831217306438
2744 0.4018943527022892 -0.163737390138454 -1.5750811495782602
2745 0.4047653881757043 -0.24593396223230454 -1.570927196782378
2746 0.3163812505356776 -0.08040537826732529 -1.574562331244964
2747 0.39640728434456374 0.0 -1.5825465886200782
2748 0.3990692337552825 -0.08164385324016113 -1.5793235449098297
2749 0.4850066665082021 -0.0833485757294748 -1.5849348217852521
2750 0.5720832463018103 0.0 -1.5988655636921147
2751 0.5741106650082219 -0.0851787427436859 -1.5916654297235815
2752 0.15730521410219162 -0.2350485809142362 -1.5585531823393348
2753 0.2363737851329813 -0.15819210111315762 -1.5673403073002312
2754 0.2386981284517894 -0.2386981284517894 -1.5632230631946418
2755 0.7905121916473524 -0.695261143285452 -1.6204786593564595
2756 0.8764327872556675 -0.6025750710078269 -1.6137125743575005
2757 0.9047380663985882 -0.7202607170002657 -1.6249987833988542
2758 0.7428034137744325 -0.47411588684489964 -1.5969008452435638
2759 0.8265141480880575 -0.38652604293472426 -1.595878246417509
2760 0.8496573824508462 -0.4910780033220194 -1.6028683144426539
2761 0.960995551936484 -0.5080019595355887 -1.6039803060953775
2762 1.0448223828716896 -0.4122177591949274 -1.5927923141939322
2763 1.0738758121834036 -0.5235281076559845 -1.597403919839388
2764 0.7056607328245191 -0.27667707448582823 -1.5890123149693502
2765 0.7900152312061107 -0.18880460409755517 -1.5982634669181084
2766 0.8057889447388008 -0.2847992104120935 -1.5942836785598546
2767 0.6782870371625993 -0.09149100589143996 -1.5996329488244196
2768 0.7650029776892507 0.0 -1.617462899319667
2769 0.7766031419564163 -0.09403750730409734 -1.6065851450318211
2770 0.8796650222662915 -0.09696216394049537 -1.611106957524167
2771 0.9745486469785177 0.0 -1.625936188421441
2772 0.9853260250960926 -0.09981766434084056 -1.6107500501402199
2773 1.130947824042093 -0.3131229555817237 -1.5808757353099725
2774 1.217048097563579 -0.21276847609488625 -1.5685220489004335
2775 1.2373101524115928 -0.32106205825574347 -1.5583722106673366
2776 1.0953790786897806 -0.10345425466308619 -1.6024431111131485
2777 1.1898008178293442 0.0 -1.6042606909817188
2778 1.2014987207124324 -0.10604906268621982 -1.5843074894794762
2779 1.3045094370937385 -0.10843159094172385 -1.5539740514602816
2780 1.3908928831401361 0.0 -1.5346138110028706
2781 1.400525799014403 -0.11016490376530864 -1.5106907027797116
2782 0.9116933010703123 -0.2950961280282181 -1.59648360494758
2783 1.001392020094083 -0.20104248841670652 -1.5991239455433965
2784 1.0211636959015145 -0.30486274787742845 -1.5929148313999937
2785 0.1716021642560879 -0.5761077207859533 -1.5568942430146056
2786 0.33386416860695645 -0.4152833247400476 -1.5629296748429864
2787 0.2529780192142974 -0.494591991887317 -1.558626510025473
2788 0.26336826764747495 -0.5941060235666836 -1.5654070630357078
2789 0.3580584756870641 -0.6126201231140251 -1.5753167442307983
2790 0.500066689327194 -0.25577826292397154 -1.575879131790738
2791 0.4168193223563244 -0.33509902331117924 -1.5687104421214941
2792 0.5867867285241702 -0.17478306389320006 -1.5857535779425533
2793 0.6004639578306687 -0.2661867513296798 -1.582159553009481
2794 0.6154398576800395 -0.35970652775466044 -1.5825675264178893
2795 0.45995778451974956 -0.6336027902227425 -1.587090079707446
2796 0.564301335162486 -0.6538971395286559 -1.599334196228359
2797 0.634057534767414 -0.46028790190009766 -1.5882291538510365
2798 0.6534989736442421 -0.563957725248008 -1.59836034227455
2799 0.6749358381141848 -0.6749358381141848 -1.6112242766050957
2800 0.4290158953589218 -0.4290158953589218 -1.5701286889263546
2801 0.5291497144488871 -0.4441782415115585 -1.578733315719968
2802 0.4435385942822296 -0.5283877024520915 -1.5764598311210534
2803 1.3827726736326293 -1.2819360045250878 -0.10083666910754152
2804 1.460545934014246 -1.2260796455642555 -0.1019124605844028
2805 1.5359742276391777 -1.2195266911790443 -0.3164475364601332
2806 1.6096759528393147 -1.1515513051502155 -0.31882739460419757
2807 1.5360079006839635 -1.1918197099495855 -0.2083579638088835
2808 1.5338414836619063 -1.1632265785734097 -0.10267101098223591
2809 1.600404532030857 -1.0939855709505604 -0.1033226433265791
2810 1.6788455714606234 -1.1286260345248544 -0.5502195369357687
2811 1.7379055021838028 -1.0412343910569595 -0.5504178556569855
2812 1.6792732818736915 -1.1015512168314034 -0.4345992023951982
2813 1.7740513383261063 -0.9877249102746134 -0.7863264280514928
2814 1.8085364763498235 -0.882251750332364 -0.7759467432417617
2815 1.7823147416473595 -0.9680032873331249 -0.6655326661466084
2816 1.7850644885739126 -0.9462369473533767 -0.5468982679058888
2817 1.8202633233898435 -0.8467011678337134 -0.5404316507382088
2818 1.7832765780436068 -0.9235687778912801 -0.43191442750516895
2819 1.6608703173762291 -1.0159855328751626 -0.10292360123725831
2820 1.7114890602651258 -0.9344736892082182 -0.1030035169724616
2821 1.7776929799071362 -0.8984883741912854 -0.31756303087165194
2822 1.8128099062891243 -0.8050464775461517 -0.3156444646438614
2823 1.76779722947706 -0.8738150911150119 -0.20883181211653937
2824 1.7538614175228007 -0.8477946479315689 -0.10265796143497156
2825 1.7878605192739567 -0.7581005476097041 -0.1022566817107496
2826 1.6758770808916237 -1.074347981489915 -0.3207406208506383
2827 1.7322050250772474 -0.9891988320763949 -0.3201830537233122
2828 1.6698783727247655 -1.0456993540960604 -0.20993776269903075
2829 1.789952021966165 -0.7933742104353225 -0.9965778115308425
2830 1.801443151346676 -0.6726753897121241 -0.9783922287685074
2831 1.8148236542139407 -0.7786442366302776 -0.885318801369379
2832 1.73040818204761 -0.5671185038226921 -1.1632896782249176
2833 1.7340161960779945 -0.4487667754202589 -1.137460871564529
2834 1.772771220345794 -0.5614602936966543 -1.0621235503199613
2835 1.80541212360898 -0.5531322647322722 -0.9570229353020948
2836 1.8049083772350876 -0.437153707983997 -0.9347720060325836
2837 1.8297840696719954 -0.5432583366156898 -0.8511297726911325
2838 1.6325021112530789 -0.33633459603422466 -1.296167515218854
2839 1.6447263536012775 -0.22310551521680055 -1.2761765644712217
2840 1.689491007878729 -0.33463630695299706 -1.2086504564664486
2841 1.5302121037087968 -0.11158847329596078 -1.418623630412836
2842 1.5570095446584076 0.0 -1.411191192936939
2843 1.6006420958412444 -0.11168794537931019 -1.3436857053515427
2844 1.65970988991087 -0.11109628612178378 -1.2586819936935703
2845 1.6764600480629999 0.0 -1.2433475104491662
2846 1.7072268091911906 -0.11021912469830102 -1.1670058777108723
2847 1.802719322456647 -0.3220336797865562 -0.9111372838080847
2848 1.8001130061600152 -0.21264931001286275 -0.8897886501159059
2849 1.8252325442949047 -0.3178074806938044 -0.8105632175715062
2850 1.7457647845265043 -0.10818448415677956 -1.067917071143654
2851 1.7518956716761886 0.0 -1.0500458558199082
2852 1.7749903121828254 -0.10682524883831651 -0.9691453973286783
2853 1.798125298036282 -0.10524883873765678 -0.8691912535134487
2854 1.7968295752251182 0.0 -0.8498370973612435
2855 1.8166492236701068 -0.10390325164759091 -0.7703077261521099
2856 1.736417448887914 -0.3323272434252041 -1.1131583589913885
2857 1.7402067972309958 -0.21877947975827625 -1.0897399197336393
2858 1.7737184837723934 -0.3278564559956764 -1.01290564752964
2859 1.8160646863110956 -0.6550510460838992 -0.09718757713299703
2860 1.8352785162454106 -0.5616144607610315 -0.09651365361741346
2861 1.870065373310533 -0.48184138532477166 -0.29276505482475607
2862 1.874704143045887 -0.3843506800876309 -0.28935963380411744
2863 1.8619847464477928 -0.4751000636478574 -0.19356242244572963
2864 1.8489496635043985 -0.46719934483653586 -0.0955822988026289
2865 1.857926563150446 -0.37331842492905554 -0.09487543626482334
2866 1.8689226839189201 -0.2925861629383238 -0.481546959767618
2867 1.8632210783422054 -0.19369094519377358 -0.47541552346182514
2868 1.874229685659225 -0.2892864015470867 -0.38425340712863487
2869 1.8331964354695456 -0.09810439094767566 -0.6612304351178244
2870 1.8261039540253867 0.0 -0.653390442465358
2871 1.845686544512565 -0.09706099116107489 -0.5647994264929912
2872 1.8558104490593048 -0.09593697025089695 -0.4689329531545909
2873 1.8475418602160663 0.0 -0.4627851443917122
2874 1.863171267199761 -0.09514325825231616 -0.3743722581072568
2875 1.8630282337160524 -0.2774895124013653 -0.09308984406223744
2876 1.8650208192117108 -0.1845859506818306 -0.09251354848339853
2877 1.867307364572607 -0.09330365919233026 -0.27812686932027714
2878 1.860695045270497 0.0 -0.2760080370479092
2879 1.86778898156812 -0.09265086197595129 -0.18485992289433134
2880 1.8645704478279286 -0.09182208003243446 -0.09182208003243446
2881 1.8623661434291492 0.0 -0.0914921817439859
2882 1.875217046481137 -0.28633840555115087 -0.28633840555115087
2883 1.8724327268628254 -0.18898516542695556 -0.28238539454000966
2884 1.8714278539232858 -0.28223384760461195 -0.18888374331657076
2885 1.831743577363346 -0.7673105504610139 -0.7673105504610139
2886 1.8487923155197188 -0.5358022385473789 -0.7380803299278305
2887 1.8442662961269156 -0.6507219915349031 -0.7540390610108031
2888 1.8418279311664465 -0.7530421212364034 -0.6498616506467692
2889 1.8462840178216522 -0.7370789599107631 -0.5350753037206353
2890 1.844417242783696 -0.31030968590946867 -0.6999964544577073
2891 1.8482034520031723 -0.4200837153590689 -0.7187422024507252
2892 1.839111222201134 -0.20270835186999464 -0.6805383083969851
2893 1.8589066129658103 -0.3017159722535219 -0.5898785363430268
2894 1.8714603551582492 -0.39977074184003675 -0.49726247502939297
2895 1.8460257356764718 -0.7178953169916221 -0.41958873567242944
2896 1.8408025877829275 -0.6986246142764656 -0.309701546692408
2897 1.872589147464269 -0.497562404469169 -0.4000118680473418
2898 1.8593574890873947 -0.5900216108497379 -0.3017891531903376
2899 1.830766054269809 -0.6774502915338855 -0.20178854059538742
2900 1.8619915264508529 -0.5238732303252817 -0.6240903860816994
2901 1.8699160816056644 -0.5109286440365961 -0.5109286440365961
2902 1.8622058184293018 -0.6241622110936098 -0.5239335215937371
2903 0.21700105064552036 -1.4274580881549952 -1.4274580881549952
2904 0.43836665118646917 -1.3078503239439687 -1.5257962540130154
2905 0.32799063505891035 -1.37068365018103 -1.479817218741641
2906 0.32674373913068366 -1.474191515238743 -1.365472831091666
2907 0.4343091991610566 -1.5116737264793718 -1.2957450692867991
2908 0.6621386833701127 -1.1599699408307331 -1.5974911980443764
2909 0.5532073521810716 -1.236315704701638 -1.5662571924493378
2910 0.8721013619816022 -0.9853086016704219 -1.6309954842743846
2911 0.7695332848163221 -1.0759065651266868 -1.619592158274508
2912 0.8039477689540759 -1.2364190841552511 -1.5747696225324581
2913 0.9447200231296903 -1.3021798127105317 -1.5319802566785385
2914 0.81880172994033 -1.37197681465234 -1.488671855845929
2915 0.543869808986453 -1.5398204610307884 -1.2154480295897234
2916 0.6450193269067472 -1.5561886402067708 -1.1299793370454378
2917 0.8111870858719722 -1.474827593062466 -1.3592177855350247
2918 0.9257773741720369 -1.501262410648156 -1.276069711867954
2919 0.7836607928551365 -1.5350315761974147 -1.205219041842598
2920 0.7420003954155825 -1.561645279760058 -1.0374120424755537
2921 0.832366251846882 -1.556683267802647 -0.9404154877379989
2922 0.5637858204455612 -1.3737172551779566 -1.4859785499917613
2923 0.6898987602898048 -1.4308181248172003 -1.4308181248172003
2924 0.5602442812750236 -1.476644063293931 -1.3650879614071212
2925 1.074992860830827 -0.7688797653649736 -1.6182167337157947
2926 0.9848770429029374 -0.8717193872497665 -1.6302811188463624
2927 1.2387172064984433 -0.5542819389109954 -1.5692995945215769
2928 1.15964426859512 -0.6619527818413674 -1.597042687689473
2929 1.2451075217592122 -0.8095971884081389 -1.5858356823994768
2930 1.40302467071974 -0.8373312254736547 -1.5223605224606096
2931 1.321009218932697 -0.9583805920527293 -1.5541325572254905
2932 1.389716155078717 -0.3325449196068655 -1.50036508801816
2933 1.316499537573851 -0.4412657037346952 -1.5358868106424897
2934 1.4615270517310042 -0.22218018756851995 -1.4615270517310042
2935 1.5240032637617749 -0.33778414792208616 -1.4116110625048046
2936 1.5865282022863447 -0.45581515436281933 -1.3599072732346205
2937 1.5442177854085999 -0.8493531930035004 -1.423168571391095
2938 1.6537431486882825 -0.8442651520499662 -1.2984245822833322
2939 1.5908036540271402 -0.980994407908135 -1.3521795696972643
2940 1.6480104338208283 -0.5820828742915984 -1.3008471346003114
2941 1.6989235262573688 -0.7041810234695979 -1.2336219596334557
2942 1.7350046194667605 -0.8243703806347109 -1.1525758821888696
2943 1.7501000390982768 -0.9357871572407718 -1.0572614326240388
2944 1.3966644824073517 -0.5732035672793515 -1.510801043351394
2945 1.5358924764253281 -0.5827233508467666 -1.4198603317491858
2946 1.475566506645882 -0.7114751246180988 -1.475566506645882
2947 0.930006843809336 -1.539453689966537 -0.8231535112586242
2948 1.0075561507877413 -1.5167023733561171 -0.7206462154650797
2949 1.2500940256405741 -1.4707026998727375 -0.9069322418377707
2950 1.3210344219288426 -1.4333965002371405 -0.7883990884059909
2951 1.1652373881031246 -1.4841087988200734 -0.7576638135664313
2952 1.0805533870053785 -1.488120048629795 -0.6168058083215986
2953 1.148825277590546 -1.455417776423087 -0.5140584945395692
2954 1.5409607731703967 -1.3098132317656608 -0.9502580016453527
2955 1.5986607767516379 -1.2551770526837438 -0.816144626105384
2956 1.471574221799361 -1.3562194417933142 -0.8093976612866228
2957 1.7374013251627862 -1.049589950887008 -0.9289970920165979
2958 1.700806200311904 -1.1298576296351746 -0.8081213381252684
2959 1.6437829443427086 -1.193583292992149 -0.6813259915583544
2960 1.5729747309170254 -1.2416181533317716 -0.5555800095497332
2961 1.2151921892473385 -1.4176971602286348 -0.40730939985693043
2962 1.2757942120766435 -1.3773727018284607 -0.305284559109051
2963 1.4918197417134973 -1.2787270432303486 -0.4286050792357174
2964 1.4113120158127326 -1.3072305693425497 -0.3128069591772371
2965 1.3322159771427657 -1.3322159771427657 -0.2025224201856487
2966 1.3865236672827537 -1.3865236672827537 -0.6685412650144158
2967 1.4431953381926663 -1.3341661887909784 -0.5475537098504368
2968 1.2984318948973121 -1.4045408086488769 -0.5328880367470779
2969 1.0433759480086136 -1.0433759480086136 -1.6140858023815843
2970 1.36775522346303 -1.1203724607179908 -1.4928766105086122
2971 1.2127793062261847 -1.0905053157013753 -1.5692802661197267
2972 1.0851316705654404 -1.2068031357976403 -1.561547378303834
2973 1.101336845591457 -1.3445164676617105 -1.4675119879519005
2974 1.6103646820838902 -1.119055202530825 -1.2445303774436476
2975 1.5059657614994637 -1.130195592918671 -1.3797473429137683
2976 1.6867902300037834 -1.0903734812145975 -1.0903734812145975
2977 1.5927969155396846 -1.230953565078507 -1.1068472220858614
2978 1.4706013212453006 -1.3473468768993677 -1.103655325176133
2979 1.0881483579569062 -1.4499385600001056 -1.328415908709936
2980 1.0496018199471553 -1.5104185184709997 -1.1672894654259836
2981 1.3186873003213548 -1.439319984638837 -1.0801793407433733
2982 1.1587328382426842 -1.4993466390990813 -1.0419078830701332
2983 0.9931318166065262 -1.5363589395917256 -0.9931318166065262
2984 1.3883899623066964 -1.2621726930060875 -1.3883899623066964
2985 1.3707385765236921 -1.3707385765236921 -1.2461259786579015
2986 1.2457038803529576 -1.3702742683882538 -1.3702742683882538
2987 1.8590355562333827 0.09154951041214615 -0.09154951041214615
2988 1.8532306174959976 0.0926002870337391 -0.2760302023928552
2989 1.8573574997100184 0.09213341284471796 -0.18382749206248047
2990 1.8551356303473185 0.18360758788533668 -0.09202319797907545
2991 1.8511616171462 0.2757220342782591 -0.09249690539064763
2992 1.8384126625637451 0.09503758371802015 -0.4645368170061759
2993 1.8465896376967066 0.0942965136261904 -0.37104046451992534
2994 1.8183897185870375 0.09731200235604005 -0.6558896807625065
2995 1.8288862934771732 0.0961774993124194 -0.5596583735997257
2996 1.8297847785283707 0.1902150782716978 -0.46688398838882983
2997 1.82229697592408 0.2852867507615251 -0.46953337133770623
2998 1.8303968736058787 0.28252082923456495 -0.3752668312012542
2999 1.8470817543242282 0.3711393469019912 -0.09432164367204653
3000 1.84295992606932 0.4656858361344614 -0.09527265658544498
3001 1.831965347052493 0.3755883986539863 -0.28276292231566647
3002 1.8264166062432476 0.47059483603746677 -0.28593169281192715
3003 1.8347268307281626 0.4681449919062601 -0.1907288287723235
3004 1.8377894972981368 0.5623828472797124 -0.0966457011259619
3005 1.830303025316971 0.6601867876302211 -0.09794954870857461
3006 1.8454709986831146 0.18626391056575886 -0.2783192413798562
3007 1.838236049405763 0.2806915500268131 -0.2806915500268131
3008 1.845327273049437 0.2782975658242064 -0.18624940429684625
3009 1.7909018017242346 0.1048260291596485 -0.8656995058465452
3010 1.804973633782801 0.10323546628848676 -0.7653569646179676
3011 1.7492312580098552 0.10839930040749297 -1.070037578008238
3012 1.7729402520689115 0.10670186890756465 -0.9680260637131594
3013 1.7867576084440735 0.21107162233463153 -0.8831871305086572
3014 1.7837011250093577 0.3186363122482133 -0.9015250338315132
3015 1.7945382448937037 0.3124630230821715 -0.7969322585128884
3016 1.6740828632056084 0.11205837230520634 -1.2695820930373762
3017 1.7164230706260701 0.11081283836328813 -1.1732921491598045
3018 1.5525793033752202 0.11321956852559117 -1.439359734849629
3019 1.6195303990316166 0.11300591382492041 -1.3595418065131897
3020 1.6723125905989873 0.22684756118377292 -1.2975812857376756
3021 1.6689963202462579 0.34385327852455716 -1.3251430417217005
3022 1.713001349154113 0.33929298387102175 -1.225469595829524
3023 1.780268608856524 0.43118588920360196 -0.9220109340546856
3024 1.7752048673506766 0.543877531230149 -0.9410105043043703
3025 1.7860384612715041 0.5302703743485616 -0.8307813663675276
3026 1.7417166575764411 0.4507596698832529 -1.1425121355995957
3027 1.733408311158057 0.5681017566471086 -1.1653065545109482
3028 1.7585715166877098 0.5569630581285372 -1.0536160568037511
3029 1.766281415542674 0.6595456751734055 -0.9592953346839345
3030 1.7513791955838705 0.7762772797356402 -0.9751019158482301
3031 1.766983507835675 0.7581185760954419 -0.861981117319142
3032 1.7474260765021388 0.21968709037425796 -1.0942607254367247
3033 1.7455542212681041 0.3340759003399666 -1.1190156340122794
3034 1.7682616105368953 0.32684780037406785 -1.0097894271324022
3035 1.816623485639294 0.7702968125405371 -0.10390177956092848
3036 1.7979209216067245 0.8690924605065377 -0.1052368760663681
3037 1.7980686339098073 0.7985000606480829 -0.31307773053004373
3038 1.7798781108807669 0.8995927914321044 -0.3179533776990743
3039 1.788565909138928 0.8840809663005059 -0.21128523886522751
3040 1.7704851664962584 0.9666855860404341 -0.10655411309987492
3041 1.732899052265407 1.0600468613443907 -0.10738719885219396
3042 1.7810903034354317 0.8284797153016665 -0.5288012786012047
3043 1.7613806379416859 0.9336824796199923 -0.5396421396421673
3044 1.7707522617418219 0.9170823653834383 -0.4288810041024382
3045 1.761548607927044 0.8593298299273894 -0.7557867498154109
3046 1.737111371921369 0.9671581294749704 -0.7699532424463985
3047 1.7504822638689708 0.9507145658669276 -0.6536461270798203
3048 1.7319899858728711 1.037690217328261 -0.5485443327301777
3049 1.6912406974156104 1.1369588211085795 -0.5542818763070309
3050 1.7039553446919364 1.1177418849167138 -0.4409869684187895
3051 1.6823769426222015 1.1500193003034567 -0.10861480913380894
3052 1.6214095638874122 1.2296359953468903 -0.10853257061684807
3053 1.6636219026047194 1.1901438732694967 -0.3295124312929887
3054 1.6017311938356458 1.2717361449345337 -0.329995048901112
3055 1.61181099978943 1.2506368732916022 -0.21864057978565357
3056 1.5489464113415785 1.300288900737294 -0.10808077747978659
3057 1.4672176029680317 1.360222911244355 -0.10699469172367689
3058 1.7525194199672482 1.000799638798816 -0.32393799317693245
3059 1.7140765974668528 1.0988363965380243 -0.32805150110685294
3060 1.72338030503558 1.0792029535043337 -0.2166640465726759
3061 1.810442270102702 0.1995484363849716 -0.6699297492576253
3062 1.7990957779099979 0.40892188457504786 -0.6996448688770295
3063 1.8041174098566441 0.30352953432135854 -0.6847017914553172
3064 1.8131192387373019 0.29428430137993816 -0.575349033298325
3065 1.8150074980311874 0.38771160283104256 -0.4822624845780272
3066 1.7878709126818748 0.6308237174592997 -0.7309814786716654
3067 1.794108799075379 0.5199542980964347 -0.7162494149461732
3068 1.777861281812224 0.7447394578854108 -0.7447394578854108
3069 1.7864214083550944 0.7303888403505119 -0.6303122813699226
3070 1.7941949276605569 0.7162837994543901 -0.5199792591958259
3071 1.8173259684635175 0.4828785213229602 -0.38820686132909843
3072 1.8197218894941174 0.5774442229852349 -0.2953559663999279
3073 1.8025029178016587 0.7009698611159174 -0.40969630363745446
3074 1.811104746737279 0.6873536377561921 -0.30470510255097505
3075 1.8204334998590017 0.6736268691028404 -0.20064967794807292
3076 1.8012993243768542 0.5067974168726475 -0.6037479627750217
3077 1.8026412672608962 0.6041977465902025 -0.5071749738827565
3078 1.8088920465594753 0.49425467252177907 -0.49425467252177907
3079 1.3301064320588925 0.11055922820403635 -1.5844660240287796
3080 1.425854779204071 0.11215727310761697 -1.5380120523116878
3081 1.1179471625053652 0.10558572160063996 -1.635458229938099
3082 1.226092436322149 0.10821980198324996 -1.6167369937002538
3083 1.263429395976544 0.22087701198790852 -1.6282979027578162
3084 1.1894207568497084 0.3293122236920894 -1.6626111069008456
3085 1.2991416047658655 0.3371063243753679 -1.6362479291412335
3086 0.8958449979512035 0.0987456217513696 -1.6407405916220366
3087 1.0048328276507554 0.1017937853608598 -1.6426385645940367
3088 0.6875195634512395 0.09273633872368804 -1.6214064052566353
3089 0.7892340706397579 0.09556696422249844 -1.6327151737354029
3090 0.8150811464558669 0.19479507113937147 -1.64897380138519
3091 0.7324290803378662 0.2871724694175661 -1.6492894876552011
3092 0.8413665399244888 0.2973738071267823 -1.6646752863093732
3093 1.105638209106829 0.4362116590435641 -1.68550374744486
3094 1.0156757752515602 0.5369070471147436 -1.6952460785056085
3095 1.1356843910956578 0.5536605754774234 -1.689344966573081
3096 0.8694411817754486 0.4066012183016499 -1.678764086186147
3097 0.7780424626836262 0.496608234908107 -1.6726587994278717
3098 0.8950875390524199 0.5173353525257122 -1.688571752135132
3099 0.91928396494408 0.6320366016737624 -1.6926113618827177
3100 0.8190061105779488 0.720321749385765 -1.6788886219558252
3101 0.9402086411278288 0.7484987922352244 -1.6887074333630534
3102 1.0393436084886851 0.20866176400220657 -1.6597288760355662
3103 0.9562345748201458 0.30951321040185187 -1.6744806826946799
3104 1.0736810333521292 0.3205415071896325 -1.67483670745814
3105 0.48824934910966467 0.08390583193859143 -1.595531460813034
3106 0.5797252541343927 0.08601175921932087 -1.6072313266122937
3107 0.3166308226224368 0.0804688047124982 -1.575804398548497
3108 0.40051259876655315 0.08193914506219226 -1.5850356874489775
3109 0.40483932528494787 0.16493721322994948 -1.5866229161390024
3110 0.3222333841934588 0.2425944297234545 -1.5717215857077262
3111 0.40910285026159554 0.24856938825433533 -1.5877612378214334
3112 0.15420569145307816 0.07728711562263339 -1.5580645435830418
3113 0.23339735126323782 0.07829817727384196 -1.5669992401335007
3114 0.0 0.07544478976760897 -1.5357139755885292
3115 0.07622478489078333 0.07622478489078333 -1.5478464575099131
3116 0.0763304957278189 0.15229701325815226 -1.5387796274907648
3117 0.0 0.2244207047773465 -1.5129215000461695
3118 0.07635508534487473 0.22760523035733474 -1.5281116991687582
3119 0.23941934797996328 0.31801598589432084 -1.5511508557106675
3120 0.1587132153665671 0.38956248723098014 -1.5267508142242265
3121 0.24215855834718872 0.3985517168095856 -1.5468114358352822
3122 0.07747713881124643 0.30485913496398054 -1.5172192076409963
3123 0.0 0.3729343970596866 -1.4888375697276373
3124 0.07793363730975647 0.3809339673555225 -1.507552907647633
3125 0.07887096086107312 0.45895135551788985 -1.499789662898469
3126 0.0 0.5266613579599747 -1.4719198900037163
3127 0.07995233305368521 0.5388842992967589 -1.494003790713735
3128 0.23562891107546627 0.15769359747343847 -1.5624012184179814
3129 0.15567781098599248 0.2326168827965278 -1.5424291503409209
3130 0.23770860577117398 0.23770860577117398 -1.5567427246770122
3131 0.7096522025690823 0.8068748316773575 -1.654020594900932
3132 0.6059761951644141 0.881379650920928 -1.6228208781730835
3133 0.7279530312000096 0.9144005806950664 -1.6423536118950761
3134 0.4757479908668517 0.7453604519855093 -1.6023980419511556
3135 0.38017351554907536 0.8129304482149745 -1.5696501035799493
3136 0.4894676605058246 0.8468711862604227 -1.5976121892283128
3137 0.5021243127535473 0.9498767121222452 -1.5854220515303794
3138 0.3994017699399263 1.0123385023653761 -1.543271863585435
3139 0.5125026040215828 1.0512599841180565 -1.5637625881396393
3140 0.2688039167840785 0.6855803620753904 -1.5437951802680905
3141 0.17865669730528613 0.747553338027859 -1.512359689468945
3142 0.2751662337486524 0.7785341427009153 -1.5403590295123726
3143 0.08523059350567984 0.6318742064457543 -1.4901756111559161
3144 0.0 0.6910114702659144 -1.4610210009057807
3145 0.0869640165710237 0.7181871408799477 -1.4857379909433248
3146 0.08903492624827827 0.807747137623022 -1.4793893134365557
3147 0.0 0.8662231884830676 -1.4452060795231627
3148 0.09103941593658813 0.8986736608619073 -1.4690961239472415
3149 0.2963945704354504 1.070527690533299 -1.4964185031037536
3150 0.1962825224162914 1.1227474806239375 -1.446988152918139
3151 0.30166798896246827 1.1625692161467762 -1.4642372051092447
3152 0.09377244523103122 0.9928675722247062 -1.4524778063701762
3153 0.0 1.044985120667895 -1.4089993271367425
3154 0.09559828648085635 1.0830950882508343 -1.428179348469676
3155 0.09729419490739898 1.1705186129691008 -1.3943598256810141
3156 0.0 1.2133548921899768 -1.3387308237560613
3157 0.09847061374989567 1.2518563561341747 -1.3503269698840705
3158 0.28338986326800525 0.875527041506849 -1.533152174983618
3159 0.18782106222858075 0.9355361366769942 -1.493958617665822
3160 0.2907492057917656 0.9738891866385737 -1.5191712511548954
3161 0.598617027933986 0.17830689270034109 -1.6177242049273015
3162 0.4227688435673551 0.33988209991068774 -1.5911016211018885
3163 0.5100732121577046 0.26089648231775014 -1.6074130668576898
3164 0.6181205291407116 0.27401394111409394 -1.628682766613344
3165 0.6375325645965487 0.37261906631463526 -1.6393776275194536
3166 0.25076924759489383 0.49027366906125525 -1.545018015456314
3167 0.3352866963289028 0.41705276302499344 -1.5695890021951653
3168 0.167335435945834 0.5617833377999382 -1.5181835147930873
3169 0.25986564985131505 0.5862048198661078 -1.5445882199525978
3170 0.357492534747012 0.6116518265035212 -1.5728268262435223
3171 0.6584861583650605 0.47802162366115597 -1.649419582256666
3172 0.6771909886791275 0.5844035031979047 -1.6563074528096435
3173 0.4646011289295691 0.6399991076089102 -1.6031119975823316
3174 0.5759065460240408 0.6673449442973839 -1.6322255070029137
3175 0.6947986527835014 0.6947986527835014 -1.6586413011423176
3176 0.4358533266187044 0.4358533266187044 -1.595152579872318
3177 0.4500768360460462 0.5361767124462501 -1.599698565336494
3178 0.543812286829955 0.4564862810671345 -1.6224795200172835
3179 1.327594398642696 1.4320225421790447 -0.1044281435363486
3180 1.23113707507255 1.4665705084630811 -0.10233283709688074
3181 1.1982757899451086 1.5092090597707537 -0.31093326982564484
3182 1.0965346709695543 1.532771908138314 -0.3035950640451832
3183 1.1656695772942542 1.502305814682867 -0.2037863089286101
3184 1.1323844975513304 1.4931728261660087 -0.09994876606653218
3185 1.0343707927085155 1.5131933623335425 -0.09769226150724314
3186 1.049115220118864 1.5605722244303808 -0.5114570043115166
3187 0.9422446302525749 1.5726834816287907 -0.49808983773717924
3188 1.021062296093365 1.5565709580806761 -0.4028436015480379
3189 0.8818638743992442 1.5839144789458233 -0.7020506045465791
3190 0.7744084866303661 1.5874675172231334 -0.6810978192032393
3191 0.8595184398352279 1.5825694045488012 -0.59094592585702
3192 0.8365912590738415 1.5782192316639128 -0.48352615252701986
3193 0.7344122114477674 1.578861189205943 -0.46875995786150115
3194 0.814265710405735 1.5722283000795834 -0.3807979617392209
3195 0.9351088461831436 1.5286581116429647 -0.09473045322370008
3196 0.8410075127751893 1.5403057082699736 -0.09270109219394498
3197 0.7910794457940742 1.5651803826652047 -0.27960026382394737
3198 0.6962194041272698 1.5677522577325627 -0.2729752967310164
3199 0.7699191149925978 1.557607430044031 -0.18400186218105047
3200 0.7490050847174055 1.5494921120571734 -0.09069570713747115
3201 0.6600611176478489 1.5566499935546618 -0.0890325957813538
3202 0.9931094854459683 1.5491530250439578 -0.2964873192137029
3203 0.8905493954176908 1.559458106702348 -0.28825228626459265
3204 0.9640446027667733 1.539483816449206 -0.19354450804063547
3205 0.7022041134309794 1.584260814299819 -0.8820567008688394
3206 0.5911958345019728 1.5832386667572866 -0.8598819267114589
3207 0.6812997911898823 1.5879382630677752 -0.7746381288581166
3208 0.5095676915830155 1.5548074994534875 -1.0452398078704717
3209 0.4013600525226386 1.5508385862148912 -1.0173020378481796
3210 0.49775643820869886 1.5716307961662528 -0.9416139329533358
3211 0.48360278235709236 1.578469349823825 -0.83672384310407
3212 0.38046893024322076 1.5708698037597337 -0.813562137667024
3213 0.4685232276591937 1.5780638426696876 -0.7340413232170698
3214 0.3051245543264067 1.4810146949091332 -1.1758901405827262
3215 0.19997906023873546 1.4742389054051388 -1.1438918926484472
3216 0.3007232542872325 1.518272893352457 -1.086162173715933
3217 0.09924634911083058 1.360964624504805 -1.2617182753939744
3218 0.0 1.354291774115013 -1.2274585154950601
3219 0.09900012417638389 1.4188081418461245 -1.1910421597609326
3220 0.09806015927960296 1.4649582073714333 -1.1109872444220097
3221 0.0 1.4533255369531053 -1.0778596783923693
3222 0.09674416447405448 1.4985079193380106 -1.0243322915554713
3223 0.2787990636952298 1.560695327082971 -0.7888125918750982
3224 0.18294136433143024 1.548630133235541 -0.7654816731311249
3225 0.2713777963263611 1.5585774902861338 -0.692145003281694
3226 0.09422750937965359 1.520542145121755 -0.9301441571977481
3227 0.0 1.505285303243505 -0.9022332893745568
3228 0.09217637834428226 1.5315871514685835 -0.8362471773877669
3229 0.08982086408673481 1.5345458433837367 -0.7417802455931239
3230 0.0 1.518686400271169 -0.7182851729534487
3231 0.08763900043945375 1.5322843085945832 -0.6497294173211241
3232 0.29537963160038044 1.5433653319259755 -0.9893991916006231
3233 0.19275321322150535 1.533189731536008 -0.9601031656921574
3234 0.2877539277033546 1.5567619639988906 -0.889009727090466
3235 0.5634963201888735 1.5622382012503384 -0.08360393042636532
3236 0.47900651191073906 1.5653271449958173 -0.08231744693395597
3237 0.4022640873404648 1.5612194460106978 -0.24441418103777623
3238 0.31892234274573894 1.555571690725306 -0.24010170162263775
3239 0.3990169425177528 1.5638041696685052 -0.16256509291455448
3240 0.395714431323014 1.5660468549982955 -0.08095750868071604
3241 0.31428919828896573 1.5641506312561322 -0.07987370247437907
3242 0.24158519658538208 1.5431490315986263 -0.3976080610656767
3243 0.15934550905282963 1.5328331993495015 -0.3911144556698526
3244 0.2383288990863933 1.5440860518481518 -0.3165675641903863
3245 0.08170228466309412 1.5267037037515072 -0.550679095156016
3246 0.0 1.513263274886837 -0.5414542576096637
3247 0.08008617490078379 1.5228978567770437 -0.4660227050320917
3248 0.07866127274633711 1.521628330738238 -0.38449059660077944
3249 0.0 1.5097088439462512 -0.3781623790940264
3250 0.07781064558410573 1.5237502036150892 -0.30617142640683076
3251 0.23227607634107061 1.559471147198825 -0.07792202140851878
3252 0.1536284390514251 1.5522320967307963 -0.07699779962729232
3253 0.0763954728186419 1.5289199828722566 -0.2277256205085448
3254 0.0 1.517583784258425 -0.22511228931015587
3255 0.07618418619511455 1.5358301100523357 -0.15200509186252129
3256 0.07596713989002049 1.5426146303253918 -0.07596713989002049
3257 0.0 1.5310304715481375 -0.07521470396822197
3258 0.23639394355700352 1.5481330623104432 -0.23639394355700352
3259 0.15534761366873445 1.5391576117428545 -0.23212349539493304
3260 0.2343456515197838 1.5538922188890456 -0.15683478174109006
3261 0.6644284304157998 1.5861407213813457 -0.6644284304157998
3262 0.4559968149029153 1.5734227045776528 -0.6281464603470909
3263 0.5578525131463622 1.581057043698129 -0.6464244188262345
3264 0.6465461772996013 1.5813548466374057 -0.5579575884937444
3265 0.6291601744346887 1.5759619225181556 -0.456732710787629
3266 0.2612068738013623 1.5525601805204783 -0.5892303522690531
3267 0.35539126867027154 1.5635820803164173 -0.6080566654612977
3268 0.1697594542854342 1.5401758959162846 -0.56992132187971
3269 0.25100438927175356 1.5464667502211118 -0.49073338959624474
3270 0.3317895005768059 1.5532174609108962 -0.41270270927332137
3271 0.6110087967566074 1.5711733129338343 -0.35711670273902796
3272 0.5949849933084366 1.5677230561200302 -0.26375791651319475
3273 0.41461595824274994 1.5604180235425753 -0.3333276439080274
3274 0.4967522573807783 1.565434236640604 -0.25408296974822625
3275 0.5791107128032495 1.565009636741961 -0.17249664962890807
3276 0.44093063046711595 1.5671904005719548 -0.5252808341296716
3277 0.4268892802978111 1.5623456222524281 -0.4268892802978111
3278 0.5262647595736866 1.570125970291139 -0.44175655602573827
3279 1.506059564680392 0.22894998499941524 -1.506059564680392
3280 1.3849546558039811 0.46421056247405157 -1.615749590848541
3281 1.4508065740519664 0.3471632345713758 -1.5663195143986135
3282 1.5762624580003286 0.3493670151092551 -1.4600162453930883
3283 1.6325359134251813 0.4690333322208666 -1.399343206937165
3284 1.2151739571911584 0.6936504608938098 -1.673517245899823
3285 1.3046336795378195 0.5837772186171031 -1.652807512124008
3286 1.0088097142659207 0.8929023092867115 -1.669897213594214
3287 1.1153473013657123 0.7977429456710429 -1.6789633984916148
3288 1.2838111240457113 0.834763149616167 -1.635130664937698
3289 1.3369373977105623 0.9699363459329223 -1.5728716400882043
3290 1.4330111627609676 0.8552272943401106 -1.5548975495302946
3291 1.6748012189027828 0.5915454704408701 -1.321994279844261
3292 1.7006380978115991 0.7048916903908627 -1.2348669439355573
3293 1.5590893752616282 0.8575328891875887 -1.4368743967516342
3294 1.580728207065369 0.9747812230806729 -1.3436154621766494
3295 1.65049628755599 0.8426075719658315 -1.2958753325326846
3296 1.7130021154939328 0.8139161072734266 -1.137959462646056
3297 1.713665888389752 0.9163056364383501 -1.0352510209252983
3298 1.4580715754757485 0.5984055862656081 -1.57722637416313
3299 1.5171151826915705 0.7315086841589141 -1.5171151826915705
3300 1.583571688216887 0.6008130221534289 -1.4639375197756967
3301 0.7641923254255711 1.0684392165584498 -1.6083513502190288
3302 0.8785876753998018 0.9926369016624786 -1.6431261245369269
3303 0.5345912864146322 1.1947122546099724 -1.5135508305638
3304 0.648399244575262 1.13590045749411 -1.564343108237675
3305 0.7891726060291251 1.2136958499883361 -1.5458280934422648
3306 0.799894998746449 1.3402968659048462 -1.4542973331926539
3307 0.9279089606467308 1.279007840422907 -1.5047190415172849
3308 0.30905782672307575 1.2915628215229844 -1.3943968049256454
3309 0.418076508591627 1.2473154509245203 -1.4551735835137687
3310 0.20211766456805208 1.3295534477294484 -1.3295534477294484
3311 0.3103463565036229 1.4002103506562198 -1.2969476298503628
3312 0.4194623684093165 1.4599972618494603 -1.2514501112747103
3313 0.7949287474953097 1.4452681406588652 -1.3319754599732814
3314 0.7752079203817523 1.5184741239495603 -1.192219076862759
3315 0.9130262490240787 1.480584885562581 -1.2584938615096546
3316 0.5328829332102811 1.5087140899040645 -1.1908944024296106
3317 0.6393121279409081 1.5424193191530424 -1.119981160812902
3318 0.7429766266481755 1.563699897123812 -1.0387769393720918
3319 0.841557127157817 1.5738719534097914 -0.9507994280636599
3320 0.543629341816514 1.3246040964353953 -1.4328518238487369
3321 0.5431124952698274 1.4314895638305507 -1.3233447511419978
3322 0.6711801462812299 1.391996584996379 -1.391996584996379
3323 1.7017744392630643 1.028067219851769 -0.9099472197049444
3324 1.6812227177762868 1.1168481832011032 -0.7988164390080535
3325 1.5326286176233088 1.3027309180723332 -0.9451198452318809
3326 1.4878667910812005 1.371234857862357 -0.8183589269011744
3327 1.597925353676981 1.2545996405268014 -0.8157691796072752
3328 1.650254714009895 1.1982825728924742 -0.6840084533157345
3329 1.6081675051673037 1.2693973582461304 -0.5680102167677807
3330 1.2661226403508639 1.4895599429649629 -0.9185608611052758
3331 1.1997315524085972 1.5280424155031371 -0.7800927025982329
3332 1.3499986887541653 1.4648243555679146 -0.805685088817767
3333 0.9510691213444686 1.5743183805721976 -0.841795833972222
3334 1.040509787567012 1.5663084018387565 -0.7442160320080339
3335 1.126038744081025 1.5507617214960867 -0.6427699418620925
3336 1.2057583208496143 1.527544813355021 -0.5395340085957144
3337 1.5521733389052859 1.3304596854038109 -0.4459448808104273
3338 1.4860907601800943 1.3764945304502387 -0.329381119514968
3339 1.2814976980333217 1.4950521106185193 -0.42953375023524765
3340 1.3483901709399084 1.4557487369717492 -0.3226560325683923
3341 1.409846758582281 1.409846758582281 -0.21432379023958922
3342 1.4281070578644435 1.4281070578644435 -0.6885915628918066
3343 1.358259218652295 1.4692572701100826 -0.5574417043094001
3344 1.495588762924058 1.3826014448798225 -0.5674319711808606
3345 1.0490570717167598 1.0490570717167598 -1.6228744093418976
3346 1.0819973388746387 1.3209067197800328 -1.4417424351928028
3347 1.0744494897812729 1.1949232048941647 -1.5461752977991778
3348 1.2132684215262362 1.0909451177593084 -1.569913158670158
3349 1.3595913216962738 1.1136851452140353 -1.4839658801461855
3350 1.0428547865658193 1.500709270668414 -1.159785914232344
3351 1.0706467049103465 1.426617914951671 -1.3070498200091045
3352 1.0013025930460422 1.5489989992659283 -1.0013025930460422
3353 1.161532589864669 1.5029693880591444 -1.0444253600840825
3354 1.3125599710393163 1.4326321311303123 -1.0751602475112043
3355 1.4873189509490128 1.116201554246022 -1.3626633640023327
3356 1.5828159253629288 1.0999113527713071 -1.2232400045352736
3357 1.453466153939785 1.331647846971471 -1.0907957429281707
3358 1.5660412788278668 1.2102761352850182 -1.0882545177174077
3359 1.653311676198038 1.0687323034262255 -1.0687323034262255
3360 1.2240161376723642 1.346417751439601 -1.346417751439601
3361 1.3492982628907066 1.3492982628907066 -1.2266347844460965
3362 1.3658581634570806 1.2416892395064365 -1.3658581634570806
3363 -0.07474496225403919 1.5177966747613054 -0.07474496225403919
3364 -0.07520825970117549 1.505160016577768 -0.2241866824815136
3365 -0.0749847062623119 1.5116492729362991 -0.14961185165771076
3366 -0.14877055663393646 1.5031489903923536 -0.0745630534350881
3367 -0.22155231580096618 1.4874732238000943 -0.07432450455896239
3368 -0.07738441188815803 1.496928658480437 -0.37824939332505036
3369 -0.07658089741732216 1.4996682929013896 -0.30133258016003617
3370 -0.08021952616442098 1.4989966096227691 -0.5406851994926178
3371 -0.07872040205633249 1.4969266758555433 -0.45807525147697953
3372 -0.1541859979964145 1.4832009888988016 -0.37845040652063333
3373 -0.22990435019418587 1.4685364847555247 -0.3783833786312623
3374 -0.2271983606603384 1.4719734830446463 -0.3017830900826684
3375 -0.29544681042822385 1.4703760662147505 -0.07508508329787143
3376 -0.3671135949394234 1.4528585395782763 -0.07510618692816107
3377 -0.299609111542395 1.4613697120940805 -0.2255616739913618
3378 -0.3722812839398027 1.4448537619037523 -0.22619673988651812
3379 -0.36981698932532164 1.449365398551869 -0.1506686228702605
3380 -0.43896655221268666 1.4344820849779707 -0.07543656499242536
3381 -0.5105918245728045 1.4155656834216477 -0.07575467993038112
3382 -0.15054078628221607 1.4915323873472588 -0.22494103826946965
3383 -0.22552001443025738 1.4769202006565791 -0.22552001443025738
3384 -0.22359053772361595 1.4825775282483251 -0.1496369698171928
3385 -0.08783866075509691 1.5006808620763974 -0.7254103376757604
3386 -0.08584111477918492 1.500849993140696 -0.6364004291241
3387 -0.09184074691229246 1.482027140895176 -0.906583806528921
3388 -0.08998936739473341 1.495248146502048 -0.8164060666137525
3389 -0.17484431004340717 1.480087175186101 -0.7316011634580889
3390 -0.2603148941152725 1.4572223931853736 -0.7365149065035156
3391 -0.25459334831209857 1.4621810156443864 -0.6493365201147729
3392 -0.09525859501817271 1.4231045678463503 -1.0792465030062959
3393 -0.09412124836822082 1.4578805535664547 -0.9965607181499572
3394 -0.09615035791598465 1.318509314745669 -1.2223589568296842
3395 -0.09603354775930467 1.3762930156381843 -1.1553521279322985
3396 -0.18863623565549759 1.390619984114918 -1.0790102742179486
3397 -0.27952963346779935 1.3567819729955652 -1.0772523395277658
3398 -0.2766730936774046 1.3968499358188902 -0.9992970099689439
3399 -0.34671485278253933 1.4315068838943572 -0.7413853126202707
3400 -0.43028110390299584 1.404428508473156 -0.7444673025204656
3401 -0.4201535190741695 1.415146651605642 -0.6582598831574917
3402 -0.36115194751487173 1.3954761371303304 -0.9153890873556595
3403 -0.44673822423956727 1.3631004335899002 -0.9163622093503327
3404 -0.43949084227698837 1.3876612924210072 -0.8313919594544725
3405 -0.5135514941914315 1.3753049929044137 -0.7469498641898892
3406 -0.595885380126375 1.3443923775037225 -0.7485069973773474
3407 -0.583690240501242 1.360434978341028 -0.6636560315759875
3408 -0.18297360185262934 1.4554011464401897 -0.9113909513660239
3409 -0.27297476223948164 1.4262993770035197 -0.9143521766338596
3410 -0.2672646246783903 1.4459138936608396 -0.825708454937978
3411 -0.5910039061926531 1.393789457018733 -0.07971778745695535
3412 -0.6641193286198286 1.3738860818940672 -0.08041704036704016
3413 -0.613069300528579 1.38051420910197 -0.24037361388720105
3414 -0.6866045530199721 1.358472885054855 -0.24267450657172124
3415 -0.6754409053390705 1.3664705190777322 -0.16142265071161208
3416 -0.7389594018057993 1.353404538593578 -0.08145271307783583
3417 -0.8150005758737431 1.3323125392175794 -0.0825629810318096
3418 -0.6344526060519351 1.363965060046134 -0.4049578319125985
3419 -0.7098424103465351 1.3391090706587057 -0.4102688927868313
3420 -0.698709003880534 1.3491051574233819 -0.3267569309703242
3421 -0.6554355891341261 1.3435838131240252 -0.5764603024043602
3422 -0.7318672873810835 1.314505817509986 -0.5826385301289024
3423 -0.7211072291323578 1.3277228100453589 -0.49578387084226233
3424 -0.7860751961468587 1.3120239018681294 -0.41553547170977917
3425 -0.8622741249899505 1.2826437206314356 -0.42036959564148496
3426 -0.8505208274715207 1.296586921630743 -0.3355592255645441
3427 -0.8949239261695506 1.3091948790696832 -0.08452205228602327
3428 -0.9741731503146427 1.28455385884901 -0.08598440240010552
3429 -0.9166461456286952 1.2813178633746425 -0.2537897365733553
3430 -0.9934386885525817 1.2512200293715467 -0.25778134081896503
3431 -0.9835697218391972 1.2676169482735282 -0.1719509945972901
3432 -1.0547125223289442 1.2564078456196162 -0.08766832460566398
3433 -1.134612298921476 1.2238605332700205 -0.08924823434854452
3434 -0.7621467835014277 1.3346098331479597 -0.24669103583013663
3435 -0.8391249459353824 1.3089523032819426 -0.25051609047314927
3436 -0.8270129742453455 1.3206578681009908 -0.16603362415406997
3437 -0.16342803443639192 1.4827328493450778 -0.5486652970831504
3438 -0.32829024050310857 1.4443481943549665 -0.5616881632762122
3439 -0.24638563540034586 1.4644657738437306 -0.5557966091328148
3440 -0.23792793729304193 1.4659012339980204 -0.4651678940205551
3441 -0.3100385935614286 1.4513942009578202 -0.3856474280218271
3442 -0.4931266690750079 1.3976120483513537 -0.5714218596356745
3443 -0.4120051914351668 1.4216290584090419 -0.5675469524929152
3444 -0.574527812301126 1.3715276423175833 -0.574527812301126
3445 -0.5644058172255382 1.3804518623367645 -0.4870719521168478
3446 -0.5542493875734397 1.3883204403069243 -0.4023519534850635
3447 -0.3821408993987366 1.4381972885989023 -0.30721954402656604
3448 -0.45218477801856727 1.4249870479308013 -0.23128722530561324
3449 -0.5429902143029747 1.3962675143560963 -0.3173618382922889
3450 -0.532642654778828 1.4034575324774163 -0.23612144583568015
3451 -0.5217696507923121 1.410049086636192 -0.15541677031676238
3452 -0.4014913885494322 1.4270123383816515 -0.47829684966477776
3453 -0.47300526261647285 1.4112247369938442 -0.3970495306673593
3454 -0.3913561063814899 1.4322999610585712 -0.3913561063814899
3455 -0.09402404015407993 1.1311763170624185 -1.3474940037670993
3456 -0.09524152656835931 1.210804989043229 -1.3060465156115884
3457 -0.09053039857652599 0.9585406120716757 -1.402260487185593
3458 -0.09232958073380758 1.0460617974891349 -1.379346903705156
3459 -0.18319182240808188 1.047867912780147 -1.350483952788131
3460 -0.26725178830976437 0.9652688283385876 -1.3492842342784905
3461 -0.2724383603838269 1.0499239649823902 -1.3223623253662171
3462 -0.08599560970408782 0.7801736971502995 -1.428888542502147
3463 -0.08790700043201131 0.8677527758817202 -1.418548573427241
3464 -0.08247491265304566 0.6114444102850606 -1.4419951605709846
3465 -0.08405809640971876 0.6941887726517674 -1.4360917561839992
3466 -0.1668699990836301 0.6982342487755284 -1.4125832605343638
3467 -0.24334988207436567 0.6206602279443758 -1.397607518371793
3468 -0.2484434921663939 0.7029268764134193 -1.3907672146708858
3469 -0.3481100133870636 0.8823325186156685 -1.3450826449101827
3470 -0.42404041553979727 0.8021641364288783 -1.3388776612911593
3471 -0.4332525246138244 0.888699956977109 -1.3219524815909334
3472 -0.3317904182697115 0.7094721815323635 -1.3698872833151357
3473 -0.4035552092216396 0.6322550991723089 -1.3592407944754197
3474 -0.4137945809930138 0.7159425145913559 -1.3506168430982468
3475 -0.4972214768798336 0.7231981969255937 -1.3315727584607837
3476 -0.5681253790751185 0.6459587780512057 -1.3241572055639028
3477 -0.5814738665492403 0.7304043234151227 -1.3118781899643632
3478 -0.1751131785154279 0.8722382067575327 -1.3928780883562029
3479 -0.2553814336321656 0.7889955853230103 -1.381625284364199
3480 -0.2619033098202044 0.8772674053714405 -1.3684507848531375
3481 -0.07669861263937182 0.4463104272203019 -1.4584808545417103
3482 -0.07760593267516248 0.523069397147489 -1.4501585278407774
3483 -0.07567141365124033 0.297753918913046 -1.4818580554544603
3484 -0.07595079120568853 0.37124195939654736 -1.4691966148735092
3485 -0.15065935822245352 0.36979424919473664 -1.4492762767446512
3486 -0.2227487775791907 0.29587279685737616 -1.443145509607614
3487 -0.22381467655350576 0.36836081366032547 -1.4296380997791676
3488 -0.07488451584963432 0.1494119485853882 -1.5096294908763488
3489 -0.07475950970456273 0.22284901327597773 -1.4961790807733142
3490 -0.07515070139592861 0.0 -1.5297276692599044
3491 -0.0749177608292505 0.0749177608292505 -1.5213055815150185
3492 -0.1489215641746671 0.07463873765368187 -1.5046747414383046
3493 -0.22201655073666707 0.0 -1.496714010005643
3494 -0.2214206400023257 0.07428033107126501 -1.4865891697382259
3495 -0.29493550814266783 0.22204313678470872 -1.438573801717587
3496 -0.366045255756589 0.14913196576948418 -1.4345834380555418
3497 -0.36585045845389313 0.2222893939563179 -1.419895208260842
3498 -0.29480358016055286 0.07492161225495245 -1.4671748456997025
3499 -0.36590138858020016 0.0 -1.4607602260043746
3500 -0.3660347350674225 0.0748854676403636 -1.4485889325692973
3501 -0.4378787805303406 0.07524963102490873 -1.4309273973075631
3502 -0.5112089086461507 0.0 -1.4287331872951792
3503 -0.5103592178275879 0.07572016890085519 -1.4149208040671133
3504 -0.14913301035481855 0.22283751146733166 -1.4775843840074536
3505 -0.2221652892728991 0.14868312865032934 -1.4731270329513573
3506 -0.22263913974123437 0.22263913974123437 -1.4580534848374647
3507 -0.6424998302830676 0.5650832097003124 -1.3170666747646045
3508 -0.7123844930544778 0.48978671579747074 -1.3116622642780649
3509 -0.723191703569733 0.5757319099164548 -1.298923613486188
3510 -0.6228132088572934 0.39752864806537214 -1.338942338187867
3511 -0.692662226646656 0.32392910656813423 -1.337429712700746
3512 -0.7019343080625966 0.4056982327068109 -1.324190531915791
3513 -0.7832938374237587 0.4140651884408722 -1.307381586295441
3514 -0.8551623731414697 0.33739047227846736 -1.303662782935279
3515 -0.8652571507662754 0.4218238586224093 -1.2870810093886846
3516 -0.6066471396897781 0.2378555983733652 -1.366052737481292
3517 -0.676282826621208 0.16162386026818298 -1.368173792602227
3518 -0.6835375809136617 0.2415905115132928 -1.352404765600481
3519 -0.5929200328696438 0.0799762449351148 -1.3983083394367983
3520 -0.6634448983208813 0.0 -1.4027363815214242
3521 -0.6695197751618877 0.08107097093171044 -1.3850581680243828
3522 -0.7489666516701916 0.0825557745584945 -1.3717328220584224
3523 -0.8254398309008142 0.0 -1.377163158131903
3524 -0.8301848976111386 0.08410121659224642 -1.3571349293472525
3525 -0.9296753715322055 0.2573971087589861 -1.2995305400718877
3526 -1.0044168957752173 0.1755955682490067 -1.2944846226418387
3527 -1.0110411347586372 0.2623488921303619 -1.273390026888999
3528 -0.9152220358370449 0.08643912907484783 -1.3388892256553433
3529 -0.9941364295529662 0.0 -1.340437803963162
3530 -0.9984711982348607 0.08812904488920952 -1.3165934928795038
3531 -1.0812820614408265 0.08987680030892004 -1.2880583443933997
3532 -1.1603807345299777 0.0 -1.280282847670553
3533 -1.1612523428797605 0.0913437315404087 -1.2525960744201694
3534 -0.7638552015813632 0.24724401517072245 -1.3376014767761526
3535 -0.8380159389059422 0.1682426125931027 -1.338228513670021
3536 -0.8465059278052784 0.25271964160204385 -1.3204659083366856
3537 -0.15733524498345533 0.5282104091149441 -1.4274548237776319
3538 -0.3008470158817766 0.37421430851595405 -1.4083653561012617
3539 -0.2298694813270884 0.44941297665613006 -1.416252165128648
3540 -0.23651728738885264 0.5335355939822425 -1.405810333628118
3541 -0.31498566395283417 0.5389246989885169 -1.3858132799828644
3542 -0.4442608566845652 0.2272342322196628 -1.4000160939786277
3543 -0.3728245326081364 0.2997297151129486 -1.403134898054169
3544 -0.5174525389354545 0.15413085500744886 -1.3983823681495484
3545 -0.5245305210380273 0.23252532237372112 -1.3820829108603803
3546 -0.5316884569614329 0.31075629294107243 -1.3672057076872832
3547 -0.39614665594623377 0.5457014425943804 -1.3669089836538044
3548 -0.4763293324685247 0.5519575598471286 -1.350005294359585
3549 -0.5404956068196921 0.3923675300862332 -1.3538690626779366
3550 -0.5491545706178501 0.4739104037580121 -1.3431496036782091
3551 -0.5586857784824996 0.5586857784824996 -1.333709129745057
3552 -0.3793636065555518 0.3793636065555518 -1.388409354131533
3553 -0.45926040264948265 0.38551183620536966 -1.3702165539460778
3554 -0.38723938867219965 0.46131843658515614 -1.3763567570878559
3555 -1.253725068961577 1.162299007150136 -0.09142606181144095
3556 -1.3263889812742349 1.1134593539084034 -0.0925513957662205
3557 -1.3264181391330925 1.0531441838208 -0.27327395531229226
3558 -1.3879846233342483 0.9929548252924278 -0.27491714740955814
3559 -1.3594424274099728 1.0548189750895531 -0.1844070306958839
3560 -1.3937140272514301 1.0569574605316907 -0.0932912753516119
3561 -1.4535842770211016 0.9936239203245564 -0.09384387934042597
3562 -1.3768762499127025 0.9256231832082322 -0.45125306670447013
3563 -1.4272628311830184 0.8551184992726428 -0.45203317787504776
3564 -1.4111042838348746 0.9256406671342661 -0.36519654237981936
3565 -1.400565739673927 0.7797822079142307 -0.6207835317596962
3566 -1.4417899526010554 0.7033431318240392 -0.6185953298644356
3567 -1.43726011741363 0.7805986708740681 -0.5366861057348186
3568 -1.472082761196765 0.7803298464130981 -0.4510086428058443
3569 -1.5111842003504314 0.7029320487904668 -0.448666828293817
3570 -1.5044134124787358 0.7791440059906739 -0.36437301189404264
3571 -1.5071318947421584 0.9219408554496458 -0.09339648046178972
3572 -1.550882703767818 0.8467825564100451 -0.09333765351389353
3573 -1.5352507589397757 0.7759523010817053 -0.2742537039114523
3574 -1.570105982411894 0.6972646641711583 -0.27338512468029513
3575 -1.5623744877304062 0.7722754525165584 -0.18456499989758837
3576 -1.5871827014102715 0.7672242436610328 -0.09290183302040249
3577 -1.6164625908821284 0.6854232542905471 -0.09245357726244369
3578 -1.4438462784279589 0.9256009002674085 -0.27633300618293677
3579 -1.493108811985721 0.852659743850693 -0.27598819541668035
3580 -1.4758681878546829 0.9242076764263469 -0.18554672631115862
3581 -1.4013864784691485 0.6211473141324312 -0.7802391643367174
3582 -1.4371369405270342 0.5366401103559845 -0.7805317715614148
3583 -1.4415841918250494 0.618507048867001 -0.7032427562954531
3584 -1.381772816811042 0.45285785205053103 -0.9289149647605106
3585 -1.4150904513123388 0.3662281703018611 -0.9282554694315996
3586 -1.4284334626745208 0.4524039324842642 -0.855819861784399
3587 -1.4706420116981829 0.45056723387619246 -0.7795661258774168
3588 -1.5019756912774853 0.3637825892024541 -0.7778814967319315
3589 -1.5086035272398595 0.447900632869649 -0.7017316406360854
3590 -1.3396931088912865 0.27600891752778467 -1.0636841913635018
3591 -1.3724729044313906 0.1861746021116508 -1.0649295867193862
3592 -1.396191741724646 0.27654272563168614 -0.9988261423592663
3593 -1.276192717463668 0.09306448212508377 -1.1831282353385841
3594 -1.3122513926608523 0.0 -1.1893553347795967
3595 -1.344048612446468 0.09378363120905164 -1.128284025850721
3596 -1.4058704730918878 0.09410499345591745 -1.0661766015271792
3597 -1.4401159723472723 0.0 -1.0680627975864376
3598 -1.4606166173801711 0.0942978895485508 -0.9984310042391918
3599 -1.5327574714276466 0.27380830870084205 -0.7746921341864739
3600 -1.5612102653381152 0.1844274690383729 -0.7716999820503564
3601 -1.567389958727027 0.2729122136271308 -0.696058511616029
3602 -1.510241016005253 0.09358915170994987 -0.9238427632567819
3603 -1.5403260078042127 0.0 -0.9232358794282081
3604 -1.55214585215591 0.09341367428986708 -0.8474722359187502
3605 -1.5887850191538162 0.09299562074586355 -0.7679987839945455
3606 -1.6152403402688444 0.0 -0.7639517855458733
3607 -1.6203245857190947 0.09267446405565538 -0.6870608431120503
3608 -1.4471548937229495 0.2769662312183353 -0.9277219413653682
3609 -1.478881035541606 0.18592550270174896 -0.926094360469727
3610 -1.4926455148716842 0.27590255896914323 -0.8523951718413321
3611 -1.6431481376765749 0.5926803789363871 -0.08793386467734371
3612 -1.6620660151730238 0.5086096200647814 -0.08740475206229341
3613 -1.6547419561014525 0.4263611143558387 -0.2590554460891676
3614 -1.6730922770148429 0.3430163404211764 -0.2582409445209521
3615 -1.6684220920182111 0.42571102884787715 -0.1734406376900316
3616 -1.6781025412400903 0.4240290708346972 -0.0867502786496922
3617 -1.6919183144606862 0.3399619192655571 -0.08639818784694556
3618 -1.6574531557492154 0.25947989355760714 -0.42705968255180365
3619 -1.6758619375230293 0.1742140460228774 -0.4276093639870948
3620 -1.6756365962665447 0.2586336589072109 -0.34353797517532103
3621 -1.6511994897784894 0.08836473666628106 -0.5955844861835039
3622 -1.6697832807304842 0.0 -0.5974580112007034
3623 -1.6738488659793882 0.0880243887938766 -0.512215295902682
3624 -1.6926218422975587 0.0875008605608568 -0.42769786078362243
3625 -1.7072828452776867 0.0 -0.4276520901003706
3626 -1.707106079043872 0.08717375444860595 -0.3430136396429082
3627 -1.7044023188447617 0.2538629097684802 -0.08516379044031
3628 -1.7149581767978908 0.16973386151132452 -0.08506975622033645
3629 -1.717534321436084 0.08581995659567349 -0.25581886133699244
3630 -1.7278463184014776 0.0 -0.256301789954581
3631 -1.722932685674271 0.08546532827291982 -0.17052311935070325
3632 -1.723774689900998 0.08488849413995496 -0.08488849413995496
3633 -1.730360694473199 0.0 -0.08500716988437587
3634 -1.689700320942994 0.25801071756786187 -0.25801071756786187
3635 -1.7046409428201872 0.17204989314205435 -0.25708037371993525
3636 -1.6993640960811547 0.2562845617118716 -0.17151729950619135
3637 -1.4791687869714856 0.6196182861956911 -0.6196182861956911
3638 -1.5444358607440798 0.4475960790906369 -0.6165742469185448
3639 -1.5132966862746762 0.5339442766718874 -0.6187202004101426
3640 -1.5143846243014427 0.6191650102349839 -0.5343281394583682
3641 -1.5467093805945378 0.6174818882297063 -0.4482549724747296
3642 -1.6016420504074949 0.26946453875655585 -0.6078579892820385
3643 -1.5744971992423908 0.35787219884440324 -0.6123014127635295
3644 -1.6273452308682745 0.17936733009436606 -0.6021771588493294
3645 -1.631830100958633 0.2648595696142979 -0.5178213605783091
3646 -1.6339623647547785 0.34903776876506887 -0.43415729719486146
3647 -1.577117094799697 0.613320255954742 -0.35846768277685287
3648 -1.6029252497138011 0.6083449913247115 -0.2696804276370448
3649 -1.6337251944853608 0.4340942790951999 -0.3489871057978913
3650 -1.6308610903798848 0.5175138687775344 -0.2647022911545562
3651 -1.6250785806201298 0.601338415489505 -0.17911749803933832
3652 -1.5780009270194844 0.443972183197691 -0.5289042370982368
3653 -1.6080467315997329 0.43937647480855957 -0.43937647480855957
3654 -1.5790765665702433 0.5292647630689415 -0.44427481549118797
3655 -0.18943060021640185 1.2460964664391143 -1.2460964664391143
3656 -0.3662138613237138 1.0925852043458872 -1.2746584081225647
3657 -0.27997011000622923 1.1700042967873074 -1.2631598138336975
3658 -0.2825154316241732 1.2746437111004358 -1.1806412795339076
3659 -0.3720985102723102 1.2951407493263227 -1.1101418319152703
3660 -0.532169189829281 0.93228243439322 -1.2839237730315276
3661 -0.4525854557443644 1.011444451072953 -1.2813734713806761
3662 -0.6838673220233594 0.7726399523787779 -1.2789620136913005
3663 -0.6095368769540377 0.8522109966409043 -1.2828569804222643
3664 -0.6317310852586238 0.9715610889548827 -1.237432282409345
3665 -0.7282750472093904 1.0038371595376778 -1.180987982090493
3666 -0.6449156129732676 1.080614800937347 -1.1725277162016916
3667 -0.46166152710966246 1.3070699159399104 -1.0317277852001503
3668 -0.5431723782612281 1.310470321529487 -0.9515584080750372
3669 -0.6473874375333435 1.1770217658850526 -1.0847565679394264
3670 -0.7315152281775231 1.1862423359198957 -1.0083033486126733
3671 -0.6388407441032538 1.2513586532601013 -0.9824952792304152
3672 -0.6207938296044555 1.3065488370299168 -0.867949665128513
3673 -0.693588063659333 1.297141650145538 -0.7836225408324612
3674 -0.4628741083183294 1.1278363635848085 -1.2200040713404499
3675 -0.5576770232936796 1.156596356815475 -1.156596356815475
3676 -0.46607964066592444 1.2284529399304165 -1.1356469450826587
3677 -0.8399774328507961 0.6007869214899185 -1.2644414556690742
3678 -0.7683742017468985 0.6800916857104022 -1.2719008553843085
3679 -0.9837082898843597 0.440174509064275 -1.246235228141218
3680 -0.9119595213801539 0.5205683832988292 -1.2559353972002163
3681 -0.9556736488086967 0.6214007108543463 -1.217197187009544
3682 -1.064707780369102 0.6354222339158556 -1.1552677059905794
3683 -0.9932857260906517 0.720620074867762 -1.1685744985126338
3684 -1.1304560368358403 0.27050661425705075 -1.2204627290324581
3685 -1.0581650095832862 0.3546768641344897 -1.2345022807204622
3686 -1.2033873793055172 0.18293799853723064 -1.2033873793055172
3687 -1.241636797056709 0.27519969116553555 -1.1500685595724935
3688 -1.2743482029714153 0.36612473828849035 -1.092319309141103
3689 -1.1672888933911891 0.6420341470791919 -1.0757866426001983
3690 -1.2555013328224756 0.6409556553537684 -0.985747874401906
3691 -1.1866943001925496 0.7317939391441 -1.0086875172397498
3692 -1.3012492298395006 0.45960564103871054 -1.0271332615977902
3693 -1.3206653122430303 0.5473980652235726 -0.9589611923841063
3694 -1.333283776489158 0.6334966731421484 -0.8857098751514532
3695 -1.3391678487256975 0.7160596801500262 -0.8090111917243812
3696 -1.0998837077059138 0.45140208889882116 -1.189767101618498
3697 -1.2071630102218913 0.45800216169557484 -1.1159654067439737
3698 -1.1369996331163483 0.5482280547970746 -1.1369996331163483
3699 -0.7742735027404527 1.2816660530742 -0.6853131852715508
3700 -0.8411890105880199 1.2662652774264185 -0.6016534924600718
3701 -0.9871221087919013 1.1613231650798472 -0.7161484246239163
3702 -1.0546217716366886 1.1443238203669983 -0.6294028600386183
3703 -0.9498859294889637 1.2098256374392888 -0.6176374043071889
3704 -0.9075181063801971 1.249818754760144 -0.5180331170157515
3705 -0.9732146107371302 1.2329410506288727 -0.43547896048101287
3706 -1.1794121088116738 1.0024976707537185 -0.7273032598551309
3707 -1.2474184394617025 0.9794016486026174 -0.6368291952093079
3708 -1.156607281221581 1.0659423480484733 -0.636159029276245
3709 -1.3377293372239456 0.8081421655560417 -0.7152905009266624
3710 -1.329194656926747 0.8829934440053101 -0.6315537681998195
3711 -1.3134606522680907 0.9537297463422959 -0.5444118302597896
3712 -1.290408883707929 1.0185764995082223 -0.45577679402106663
3713 -1.041680522934453 1.215270746715662 -0.3491515765106081
3714 -1.1094370627637697 1.1977702282880114 -0.2654769878707765
3715 -1.2592866793886635 1.0794091853647578 -0.3617975093826835
3716 -1.2223465853061233 1.1322009624664524 -0.27092415718582175
3717 -1.1800903126731188 1.1800903126731188 -0.17939639687611048
3718 -1.1237324163491742 1.1237324163491742 -0.5418309899001374
3719 -1.192134569773242 1.1020723206271934 -0.4523003151726853
3720 -1.0847918483964767 1.173441923253892 -0.4452082551599287
3721 -0.7984040387367272 0.7984040387367272 -1.2351182006338801
3722 -1.0139347272826238 0.8305466694083247 -1.106688838014569
3723 -0.9102003094407708 0.8184327277868974 -1.1777570547984595
3724 -0.8215305897786853 0.9136455222820935 -1.1822150006891208
3725 -0.8341648117645645 1.0183517700790956 -1.111509949106196
3726 -1.1954885473858583 0.830754482759124 -0.9239036534149311
3727 -1.1119237680432967 0.8344753741630825 -1.0187309059090786
3728 -1.2705141857733762 0.8212846808290671 -0.8212846808290671
3729 -1.192930032793389 0.921926368911063 -0.8289765506563479
3730 -1.1072973768795307 1.0144922631200617 -0.8310033650124894
3731 -0.8346847050940367 1.1122026978292692 -1.018986457954745
3732 -0.8233120155502994 1.184778542809182 -0.9156266921858845
3733 -1.0093389346626191 1.1016726251780489 -0.8267821073007955
3734 -0.9085195644080579 1.1755822485507978 -0.816921437659252
3735 -0.8020452294529146 1.2407510640806358 -0.8020452294529146
3736 -1.0265116350698276 0.9331923955180248 -1.0265116350698276
3737 -1.0247717533894898 1.0247717533894898 -0.9316106848995359
3738 -0.9334093310570117 1.026750264162713 -1.026750264162713
3739 -1.734304045182525 -0.08540701962901684 -0.08540701962901684
3740 -1.7355173301599143 -0.08671851274612545 -0.2584973480244066
3741 -1.7371696034388402 -0.08617154440107185 -0.17193218405029342
3742 -1.73516879474157 -0.171734158820916 -0.08607229515381724
3743 -1.7325434682736902 -0.2580544049332483 -0.08656991792923475
3744 -1.718653050069497 -0.08884655575665508 -0.43427552130970865
3745 -1.7292570836744448 -0.08830490046358412 -0.34746450348397384
3746 -1.6847155988720168 -0.09015836740106599 -0.6076736823932343
3747 -1.7037653316219394 -0.08959763632929117 -0.521370047931322
3748 -1.7278086077305224 -0.17961415649238266 -0.44086396576026043
3749 -1.7343700210417772 -0.2715214887904311 -0.4468780960983832
3750 -1.7401789199204651 -0.26859573383334934 -0.35677040232007345
3751 -1.7260626607833909 -0.3468226390820659 -0.0881417765428576
3752 -1.7155179307077983 -0.4334833279143548 -0.0886844843268446
3753 -1.7397885670708444 -0.3566903724210718 -0.2685354830689609
3754 -1.7336398964996396 -0.44668997207562755 -0.27140718532561187
3755 -1.7263752942983954 -0.4404982445565127 -0.1794651565499418
3756 -1.7005243470570541 -0.5203782726870575 -0.08942719938530372
3757 -1.6807696323182546 -0.6062503798322972 -0.08994719709876417
3758 -1.7403352563515915 -0.1756525303160137 -0.2624635058692479
3759 -1.74191324180757 -0.26598342906682465 -0.26598342906682465
3760 -1.7393475012935062 -0.2623145405164293 -0.17555283591825216
3761 -1.6303309548874767 -0.09542740984032345 -0.7880815691031062
3762 -1.659085571137959 -0.09489139860174704 -0.703496534797812
3763 -1.5552933853891302 -0.09638103260079817 -0.9514021428404189
3764 -1.595875457828652 -0.09604547795410644 -0.8713486175383309
3765 -1.6457058940210347 -0.19440902968319868 -0.8134658329326018
3766 -1.6614127894081627 -0.2967910021003418 -0.8397175962825302
3767 -1.686907866360047 -0.2937225400928569 -0.7491349374507759
3768 -1.451352830826022 -0.09714945385170147 -1.1006692710344739
3769 -1.5064952264461517 -0.0972598276498061 -1.0297921603275055
3770 -1.318534992969604 -0.09615223046280277 -1.2223827625068011
3771 -1.3883638908785452 -0.09687581678248522 -1.1654852254896448
3772 -1.4648220293137901 -0.19870167024161353 -1.1365851473336446
3773 -1.4809001185780046 -0.30510094885369127 -1.1757991697243133
3774 -1.5386891590474443 -0.30476708981052414 -1.100767832305717
3775 -1.6770271531454537 -0.40618052840468005 -0.8685416145712227
3776 -1.6910396193588262 -0.5180914441508044 -0.896395719884636
3777 -1.7108469894510157 -0.5079462134894027 -0.7958058184984524
3778 -1.6071959670567926 -0.415945452664088 -1.0542707326484442
3779 -1.6246375419189305 -0.5324535688088246 -1.0921839731101057
3780 -1.6627811508574022 -0.5266249714565843 -0.9962250058466576
3781 -1.7013097362489986 -0.6352846544154357 -0.9240081894507077
3782 -1.7048405829517088 -0.7556496122905435 -0.9491909706611653
3783 -1.7183143216259231 -0.7372372186942882 -0.8382390057928827
3784 -1.5708374973949608 -0.19748630508265028 -0.9836786817805709
3785 -1.5883353131259745 -0.3039862888869968 -1.0182279219894617
3786 -1.629042239431288 -0.3011143088227172 -0.9302863444681919
3787 -1.653335303706927 -0.7010582680307055 -0.09456251205824559
3788 -1.6218914127261324 -0.7840020000995949 -0.09493342201148358
3789 -1.6785408598081604 -0.7454192532365439 -0.2922656861256651
3790 -1.6478066509737164 -0.8328407298386823 -0.29436043247524957
3791 -1.6353828491006122 -0.8083631931686557 -0.19318955714339275
3792 -1.5839958697789793 -0.8648623578661062 -0.09533052196770313
3793 -1.539767174895006 -0.9419044685925436 -0.09541887831282977
3794 -1.6988341497353114 -0.790218008599968 -0.5043796312734179
3795 -1.6712526809412636 -0.8859069491284255 -0.5120292304789775
3796 -1.6597103689935366 -0.8595731565243285 -0.4019863562805717
3797 -1.7109635402242516 -0.8346531009229823 -0.7340833896377567
3798 -1.688370245716187 -0.9400209077567298 -0.7483493379594571
3799 -1.6814618725667074 -0.9132285011936048 -0.6278732801361765
3800 -1.6339046999093043 -0.9789242068210218 -0.5174794142385053
3801 -1.5864836029087575 -1.0665344853796228 -0.5199491175291344
3802 -1.5741219722284776 -1.0325752173074536 -0.4073858382597127
3803 -1.4877089308013502 -1.0169504469008732 -0.09604697821987332
3804 -1.4307603229977155 -1.0850524340402237 -0.09577104961637968
3805 -1.506398106978296 -1.0776670317443922 -0.2983712236226276
3806 -1.4448102977253932 -1.1471447177044525 -0.29766558002094073
3807 -1.4373478245147482 -1.1152673541243068 -0.194974821332407
3808 -1.3680645736936328 -1.148444625095196 -0.09545939206463208
3809 -1.3011939243859199 -1.2063062659153814 -0.09488765847053857
3810 -1.609070817418899 -0.9188813969916776 -0.29742276492661374
3811 -1.5617508191226466 -1.001185504143273 -0.2988983697258308
3812 -1.5506049126091177 -0.9710087764821825 -0.19494265660325383
3813 -1.6969145705328788 -0.18703531994395087 -0.6279203548888712
3814 -1.7178674784431796 -0.3904592603464564 -0.6680562432866862
3815 -1.7081518757251983 -0.287384036402721 -0.6482807842754194
3816 -1.723755476189867 -0.2797798209971315 -0.5469916294965902
3817 -1.7375147430031403 -0.37115804021914794 -0.4616720194603011
3818 -1.7278683175099452 -0.6096526922610743 -0.7064490667219002
3819 -1.7250671191901044 -0.4999451892716814 -0.6886863915385548
3820 -1.724023077425481 -0.7221868349340653 -0.7221868349340653
3821 -1.723608017465267 -0.7047072181330821 -0.6081495086181096
3822 -1.7193040913183166 -0.6863856585263686 -0.4982749945134093
3823 -1.7369773416509195 -0.4615292274819656 -0.3710432435916634
3824 -1.7220042024504663 -0.5464359056194851 -0.279495574733613
3825 -1.7125518756783138 -0.6659890747428596 -0.389251061023802
3826 -1.7039760814563945 -0.6466959795387776 -0.28668148961562884
3827 -1.6934965073980235 -0.6266555467164734 -0.18665857821333118
3828 -1.733297479710336 -0.4876650279613882 -0.5809555403126656
3829 -1.7314524161507823 -0.5803371237340349 -0.48714591743195346
3830 -1.7370264288174067 -0.4746183888473383 -0.4746183888473383
3831 -1.1159519413118555 -0.09275858109584123 -1.3293582324239932
3832 -1.1993149682811366 -0.09433772527286864 -1.2936526935540051
3833 -0.9423347873169361 -0.08899982203565615 -1.3785527929787602
3834 -1.0293979681650318 -0.09085876478525924 -1.3573738219644365
3835 -1.069811029360856 -0.1870279924698867 -1.3787640694469032
3836 -1.0219171663201483 -0.2829358849944214 -1.4284691277429962
3837 -1.1154995322006702 -0.28945416401346147 -1.4049536962141318
3838 -0.7683322791818387 -0.0846903747779704 -1.407200979176293
3839 -0.8532027080818495 -0.08643301745907367 -1.3947630224103582
3840 -0.6057343362540268 -0.0817047071379893 -1.4285288519732593
3841 -0.6854262433422129 -0.08299705716144355 -1.4179644158977218
3842 -0.7101830217268539 -0.16972561914943868 -1.4367565758430407
3843 -0.6506846561368088 -0.2551219285677873 -1.4652167588020002
3844 -0.7382386907479198 -0.2609241509125177 -1.4606329650282317
3845 -0.9699294997219319 -0.38266998439823074 -1.4786209386335296
3846 -0.9141850455206458 -0.4832569657235146 -1.5258497359194207
3847 -1.01922011589363 -0.4968827610278415 -1.5161028769214715
3848 -0.7724581510723082 -0.3612463176309019 -1.4915040019772878
3849 -0.7094052241222122 -0.4527985207526847 -1.5251004249759326
3850 -0.8099243028564429 -0.46811340394812617 -1.527912343209412
3851 -0.8519085461771554 -0.5857138849315161 -1.5685578553871053
3852 -0.782368411575689 -0.688098630293096 -1.6037846450805735
3853 -0.8957836293975007 -0.7131321021510972 -1.608915731548598
3854 -0.8872087159895506 -0.17811870319355286 -1.4167845099268972
3855 -0.8307449958846699 -0.26889484805535213 -1.4547334769983513
3856 -0.9261808538686509 -0.27650614810839474 -1.444750948949101
3857 -0.44505383706344864 -0.07648266715432635 -1.4543744914052035
3858 -0.5197322102288515 -0.07711080620677309 -1.440906504886553
3859 -0.2985938174142795 -0.07588486611273575 -1.4860380520246497
3860 -0.37134584580190233 -0.07597204487726986 -1.4696077471585747
3861 -0.37695427563604533 -0.1535764533120943 -1.477337439093308
3862 -0.30678712803572405 -0.23096566657302198 -1.4963811169284043
3863 -0.38273927466960356 -0.23255097661797533 -1.4854420694544228
3864 -0.15039069880576714 -0.07537506052885663 -1.5195185941969
3865 -0.22390184267917718 -0.07511270404376433 -1.5032476394603536
3866 -0.07555745620938062 -0.07555745620938062 -1.534295453896273
3867 -0.07615339911114444 -0.1519436645012698 -1.5352094598501937
3868 -0.07663151134588901 -0.22842922267367408 -1.533643875633449
3869 -0.23330760053047053 -0.3098978726044534 -1.5115540463209702
3870 -0.15835954616934805 -0.38869440418063417 -1.5233486732394756
3871 -0.23748918858622203 -0.39086672996727095 -1.5169853805692468
3872 -0.07819493036459917 -0.3076835205233477 -1.53127557508743
3873 -0.07912991037460722 -0.38678126334175894 -1.5306936848461652
3874 -0.08065326748100594 -0.4693226256309487 -1.53368154167752
3875 -0.08248769880200447 -0.5559728412136862 -1.5413800947459306
3876 -0.22722834639756276 -0.15207155704206446 -1.50669900247067
3877 -0.1535719751224051 -0.22947030094798868 -1.5215648884319275
3878 -0.23038462454507128 -0.23038462454507128 -1.5087783085280155
3879 -0.6996072392960009 -0.7954537045099492 -1.630608314817037
3880 -0.6139423837478021 -0.8929663049327935 -1.6441545497855115
3881 -0.7351868119365318 -0.9234871192801076 -1.6586739312166396
3882 -0.47451104321714765 -0.7434225103084757 -1.598231797363826
3883 -0.3893570549468632 -0.8325677414337332 -1.607566852057678
3884 -0.49814312740585587 -0.8618813769998884 -1.6259287314333966
3885 -0.5212490696412622 -0.986055325129491 -1.6458071205856248
3886 -0.4233628780784237 -1.0730712135188336 -1.635856591029264
3887 -0.5413406682057231 -1.110413445306984 -1.6517541135127072
3888 -0.27320813029919505 -0.6968132426541968 -1.5690894679364138
3889 -0.18648139450438703 -0.7802942237515539 -1.578597097888062
3890 -0.28419362695093386 -0.8040755535485197 -1.5908936697647613
3891 -0.08895346371387199 -0.6594744560949038 -1.5552664448525884
3892 -0.09193145108996646 -0.7592104024004667 -1.5706041973735327
3893 -0.09540424592067309 -0.8655312000215957 -1.5852208545435416
3894 -0.09881402338200154 -0.9754188251718416 -1.5945543723967237
3895 -0.3198509437934212 -1.1552481938890242 -1.6148435844303417
3896 -0.21494911968472497 -1.229521506130428 -1.584597680094643
3897 -0.3280740005966007 -1.2643328018445459 -1.5924068024411466
3898 -0.10289870896334315 -1.0894969316602903 -1.593838048108626
3899 -0.10566851338051807 -1.1971872304230602 -1.5786223179195598
3900 -0.10786344788038504 -1.2976742705274364 -1.5458317788331817
3901 -0.10898456772014012 -1.3855201935423842 -1.4945047612625242
3902 -0.29753428419277783 -0.9192259334265723 -1.6096741417703786
3903 -0.2018054050850502 -1.0051921056864013 -1.6051923061293136
3904 -0.309948307922939 -1.038198211689224 -1.6194869989700569
3905 -0.5378701606285639 -0.16021254415183264 -1.4535596839936848
3906 -0.39751810195542964 -0.3195819401095408 -1.496069793368919
3907 -0.46846858852148787 -0.23961620392609273 -1.4763028378149725
3908 -0.5578442364807901 -0.2472933522825722 -1.4698610571531678
3909 -0.5800718063913967 -0.33903494016778607 -1.4916206552596225
3910 -0.24802537199201904 -0.48490917571858555 -1.528112684043983
3911 -0.3232630093973761 -0.40209687031751284 -1.5133021080827633
3912 -0.16994460933319744 -0.5705429297307607 -1.541855751349212
3913 -0.26011511101228796 -0.586767554244489 -1.546070966020787
3914 -0.353264140928542 -0.6044172564052293 -1.5542235532148472
3915 -0.6071831187484673 -0.44077868091325306 -1.5209123431933578
3916 -0.6360205196599096 -0.5488741374423716 -1.5556106688710285
3917 -0.4540016435818748 -0.6253980643887452 -1.5665383410175349
3918 -0.5576063878701483 -0.6461392155065655 -1.580359479212141
3919 -0.6676948989877194 -0.6676948989877194 -1.5939385195788005
3920 -0.4133543949966788 -0.4133543949966788 -1.5128101343077305
3921 -0.4323470901695532 -0.5150552591848943 -1.536682105099236
3922 -0.5080403151599606 -0.4264586139666655 -1.515752818854401
3923 -1.1920086427527385 -1.2857716548362605 -0.09376301208352189
3924 -1.11819801750606 -1.3320338314071425 -0.09294527626889917
3925 -1.1014797048291936 -1.3872959494224488 -0.28581624459325516
3926 -1.019751560022455 -1.4254419726652119 -0.28233629849702085
3927 -1.0707796922693404 -1.3800124746109648 -0.1871973374048161
3928 -1.0426499289249627 -1.3748479817952497 -0.09202843562478534
3929 -0.9667053802787925 -1.4142048239196665 -0.09130152888729884
3930 -0.99626646114162 -1.4819590237314544 -0.4856925625898341
3931 -0.9037231410832849 -1.5083879603181036 -0.47772658845595706
3932 -0.9635962704522821 -1.4689661694879828 -0.38017131130240045
3933 -0.8692845134341938 -1.5613207062028334 -0.6920361927686395
3934 -0.7670772682442107 -1.572439181079336 -0.6746499600421911
3935 -0.8382412336252881 -1.543393217044806 -0.5763171782459809
3936 -0.8111732929749695 -1.5302685478718887 -0.4688352850101206
3937 -0.7201837562420385 -1.5482724335228162 -0.4596782324235165
3938 -0.7885425825931621 -1.5225606928149482 -0.3687683324481823
3939 -0.8878989826250213 -1.45148234630586 -0.08994789578159663
3940 -0.8107068960580427 -1.4848101125891326 -0.08936116927867795
3941 -0.7678107321507401 -1.5191423591543765 -0.2713761360095917
3942 -0.6852350574544633 -1.5430176206426987 -0.2686685289583423
3943 -0.7500350675422943 -1.5173804250965846 -0.17924980227331924
3944 -0.7323936308874202 -1.5151274365635812 -0.08868425543649852
3945 -0.6537825739549361 -1.541843038959406 -0.08818571201898542
3946 -0.9361592064044627 -1.4603161965299016 -0.27948512981873813
3947 -0.8517812014253864 -1.4915703795143997 -0.2757038295364966
3948 -0.9113084275277785 -1.4552693640381251 -0.1829570341174551
3949 -0.7136116436059748 -1.6099976373951517 -0.8963859937891766
3950 -0.6007820012998847 -1.6089106844791712 -0.873824805018289
3951 -0.6845711352586997 -1.5955629423729936 -0.778357648342915
3952 -0.5294845329262937 -1.6155783348056134 -1.0860938018793194
3953 -0.41629409999949446 -1.6085431258916862 -1.0551544270833288
3954 -0.5109863212120895 -1.6134032172978254 -0.9666411173573517
3955 -0.49179292958256243 -1.6052018187789006 -0.8508943394537442
3956 -0.3877307251275256 -1.6008521055933131 -0.8290901371953896
3957 -0.4738244616221049 -1.5959192768179558 -0.742346834156752
3958 -0.3243098581665616 -1.5741363939355917 -1.2498265357690301
3959 -0.21293538763470884 -1.5697525151576195 -1.218002841310072
3960 -0.31568800970370736 -1.5938260212884223 -1.1402123711667782
3961 -0.1086577364260384 -1.490022925573467 -1.3813651891474286
3962 -0.10720344346716676 -1.5363730065041683 -1.2897339463277344
3963 -0.10487667716950164 -1.5667927740482832 -1.1882160036111362
3964 -0.10224284473669784 -1.5836791124975576 -1.0825526068022362
3965 -0.2852751431604886 -1.596947912817248 -0.8071355121907998
3966 -0.18833887048571551 -1.5943209517412298 -0.7880664617425872
3967 -0.2774820033070463 -1.5936351837486524 -0.7077136917222083
3968 -0.09859796777120595 -1.591067899454081 -0.9732860842627977
3969 -0.09586007764608521 -1.592794877589504 -0.8696666195356486
3970 -0.09322974782686834 -1.592784966634087 -0.7699323085204287
3971 -0.09115215258017642 -1.5937084219681013 -0.6757748797511658
3972 -0.30647259859615555 -1.6013263382307048 -1.0265560277663641
3973 -0.20056521949270856 -1.5953276725722476 -0.9990147450429516
3974 -0.2958911069930731 -1.6007844776569224 -0.9141493719160837
3975 -0.5652379973542292 -1.567066830124174 -0.08386233682821863
3976 -0.4853163403798162 -1.5859467932413391 -0.08340179329929809
3977 -0.4117788708295585 -1.5981470900019001 -0.25019532851632387
3978 -0.32968694533562404 -1.6080769837272568 -0.24820586697170344
3979 -0.40845975378356647 -1.6008118905379394 -0.1664122265252615
3980 -0.4046205444727582 -1.6012929551766104 -0.08277957195554086
3981 -0.32418390208738374 -1.6133944718865 -0.08238835023055267
3982 -0.2509624912967916 -1.6030474171680098 -0.41304149002135865
3983 -0.16711023063599065 -1.6075263808336986 -0.4101730088319572
3984 -0.24844937126541247 -1.6096546001427339 -0.3300103872741588
3985 -0.0854919200302293 -1.597517517278639 -0.5762215017551783
3986 -0.08432133204433291 -1.6034325026758558 -0.490667150727218
3987 -0.08327592654248103 -1.6108944677788228 -0.40704668969765917
3988 -0.08265554229963672 -1.6186268403704642 -0.32523525664564445
3989 -0.24176562723474834 -1.6231827487192292 -0.08110549600281404
3990 -0.16140819326850656 -1.6308372317890805 -0.08089697324420257
3991 -0.08124085983092347 -1.6258918158159916 -0.2421691303562463
3992 -0.08094877921081921 -1.6318816107787886 -0.1615115581675477
3993 -0.08062630228101889 -1.6372251695640834 -0.08062630228101889
3994 -0.24670756834161675 -1.6156765166014957 -0.24670756834161675
3995 -0.16365554939929183 -1.621471219371392 -0.2445373782718579
3996 -0.24434948696902384 -1.6202253552745876 -0.16352980398315153
3997 -0.6621244661538885 -1.5806406383488694 -0.6621244661538885
3998 -0.46037960962077396 -1.5885455924865297 -0.6341838643343027
3999 -0.559424106704971 -1.5855112300773473 -0.6482455389768365
4000 -0.6418061801141479 -1.5697615254092594 -0.5538670571567428
4001 -0.6245076926393146 -1.5643080791048998 -0.45335528686819443
4002 -0.26801842789120245 -1.5930466634887226 -0.6045958530211825
4003 -0.3615931870187387 -1.590868086608952 -0.6186678372116398
4004 -0.17583722878130598 -1.595317695345123 -0.5903258012022572
4005 -0.2591299627689199 -1.5965293378766643 -0.5066195270309202
4006 -0.34099395557982604 -1.596306588818818 -0.4241518464838927
4007 -0.6080796158900575 -1.5636410959989728 -0.35540468252206664
4008 -0.594082596244874 -1.5653453344997663 -0.2633578822736261
4009 -0.42320467107765697 -1.5927418693574384 -0.34023248043577636
4010 -0.5025532044166564 -1.5837149811364293 -0.2570500863105135
4011 -0.5798913732288041 -1.567119321577702 -0.17272918082705188
4012 -0.4461811722797858 -1.5858522901256487 -0.5315358066637189
4013 -0.4338655061952027 -1.5878774790913492 -0.4338655061952027
4014 -0.5286746760632313 -1.5773160251022045 -0.44377948533910005
4015 -1.286243823888767 -0.19553376977318812 -1.286243823888767
4016 -1.2161827405436947 -0.40764141388534203 -1.4188527813495824
4017 -1.2524367059930834 -0.29969534583381613 -1.3521554756036132
4018 -1.3765151156634952 -0.30509448142425155 -1.2749998711809893
4019 -1.4656015627917818 -0.4210725038581781 -1.2562538894879656
4020 -1.1251291028980037 -0.6422506968419727 -1.5495089788756922
4021 -1.1741085825741269 -0.5253718752166582 -1.487448557985455
4022 -0.9936180196953794 -0.8794560676692967 -1.6447501833125109
4023 -1.0653431696344242 -0.7619779034333508 -1.6036907844391264
4024 -1.231636129941946 -0.800837783498438 -1.5686777956611326
4025 -1.3266955784427257 -0.962505995960394 -1.5608224094384557
4026 -1.3816987522330624 -0.8246038245708319 -1.499220703833845
4027 -1.5512743916568075 -0.5479153761284475 -1.224489120913535
4028 -1.620156180717324 -0.6715330148093366 -1.1764274328295956
4029 -1.5105097185884229 -0.8308130269374057 -1.3921028358749528
4030 -1.57149977858219 -0.969090365687392 -1.3357713184799855
4031 -1.6046213275793022 -0.8191875928168778 -1.2598569364521073
4032 -1.668215003672334 -0.7926359515864357 -1.1082070664049808
4033 -1.6890554305450869 -0.9031463027600769 -1.0203834777351442
4034 -1.3205073312677456 -0.5419479928325727 -1.4284202676893203
4035 -1.4225182986770832 -0.6858968262456584 -1.4225182986770832
4036 -1.4487488316901218 -0.549660726057245 -1.3393001322412492
4037 -0.7959197004571054 -1.1127981699191376 -1.6751261198327594
4038 -0.8939680203665149 -1.010013765010022 -1.6718902960895228
4039 -0.5746291338488646 -1.284189408827525 -1.626907181065682
4040 -0.6878487191904614 -1.2050101559371749 -1.6595198288372026
4041 -0.8407100342447755 -1.2929570436315658 -1.6467793983796997
4042 -0.8610270417066007 -1.4427291672872227 -1.5654421299333425
4043 -0.9908369848766719 -1.365746345799901 -1.6067646088301142
4044 -0.33686171259450254 -1.4077561749357093 -1.5198414507859603
4045 -0.4534069502212908 -1.352722487261288 -1.5781461119788414
4046 -0.220908025008269 -1.4531586188101673 -1.4531586188101673
4047 -0.3353195668296451 -1.5128836489077584 -1.4013114970695064
4048 -0.44859685462357163 -1.561403903545375 -1.3383717489725708
4049 -0.8532336735625928 -1.5512729270677401 -1.429670669716134
4050 -0.8205625658514583 -1.607314619171461 -1.2619715550452604
4051 -0.9724356044636191 -1.5769244966294245 -1.3403823167614324
4052 -0.5643442248003846 -1.5977882391221983 -1.26120454695262
4053 -0.6705343469803886 -1.617746771470315 -1.1746779131420308
4054 -0.770563146962051 -1.6217596495165854 -1.0773464449416705
4055 -0.8608269785776936 -1.6099102420979818 -0.9725706936350993
4056 -0.5880833386495691 -1.4329204468943915 -1.5500198748350422
4057 -0.5840634051636329 -1.5394244772286008 -1.4231255003135532
4058 -0.7239013647283636 -1.5013379539892993 -1.5013379539892993
4059 -1.6766376773039808 -1.0128817285274656 -0.896506468610482
4060 -1.636781003142964 -1.0873252367635133 -0.7777003953979843
4061 -1.528215879662367 -1.2989801006146866 -0.9423986600923514
4062 -1.4525519123602255 -1.3386882663303334 -0.7989349795243121
4063 -1.5579196064337766 -1.2231894147644806 -0.7953455374558647
4064 -1.575455637974684 -1.1439694850275939 -0.653005239161011
4065 -1.5013608168791226 -1.1850901405462364 -0.5302857322399659
4066 -1.269405584595422 -1.493422240412172 -0.9209426083358648
4067 -1.1749929741175225 -1.496534036105999 -0.7640071171530733
4068 -1.3198564365012502 -1.4321183199253997 -0.7876960615795489
4069 -0.9533031546091928 -1.578016407931653 -0.8437731875136152
4070 -1.0216638977445651 -1.5379391582989643 -0.7307366649603513
4071 -1.0812499428559361 -1.4890793336949018 -0.6172034191195573
4072 -1.133084120992294 -1.435475702043765 -0.5070148862371994
4073 -1.4190117527439472 -1.2163190043397756 -0.40768708692825245
4074 -1.3399363596692935 -1.2411187254893288 -0.29698706838954914
4075 -1.1807365409739852 -1.3774996711868193 -0.3957605193225736
4076 -1.2235285115653949 -1.3209456162964164 -0.2927779093797578
4077 -1.2638408783531592 -1.2638408783531592 -0.19212809169470613
4078 -1.3612026373760295 -1.3612026373760295 -0.6563322030526506
4079 -1.2676818472143592 -1.3712778419824414 -0.5202679427675291
4080 -1.3929671361846683 -1.2877325792376417 -0.5284969421206863
4081 -1.071290901323235 -1.071290901323235 -1.6572697859737604
4082 -1.1524910170642944 -1.4069656867268228 -1.53567402227467
4083 -1.1280110286628935 -1.2544903844667645 -1.623252469986891
4084 -1.2420498243947002 -1.1168247420737007 -1.607154961297271
4085 -1.3916203742723208 -1.1399211762183517 -1.5189249302944035
4086 -1.0954635212490487 -1.5764153199422977 -1.2182934554904337
4087 -1.1400379627455077 -1.5190805462890182 -1.3917629477361892
4088 -1.0284810778554387 -1.5910436779311956 -1.0284810778554387
4089 -1.19540719954902 -1.5468015644718298 -1.0748846874641333
4090 -1.3487675816144407 -1.4721519911335879 -1.1048190702748721
4091 -1.5162835075957992 -1.1379388441034268 -1.3892003352229052
4092 -1.6008713437448299 -1.1124582063498336 -1.2371936865203084
4093 -1.4848847162147283 -1.3604331480223137 -1.1143747123355665
4094 -1.58491073081489 -1.2248589229385427 -1.1013670497108807
4095 -1.6525563351759385 -1.0682440365361754 -1.0682440365361754
4096 -1.2940650795631605 -1.423471587519477 -1.423471587519477
4097 -1.4065501079009721 -1.4065501079009721 -1.2786819162736107
4098 -1.4225023017130876 -1.293183910648261 -1.4225023017130876
$EndNodes
$Elements
8192
1 2 2 1 2 1 1027 1029
2 2 2 1 2 1027 259 1028
3 2 2 1 2 1029 1028 261
4 2 2 1 2 1027 1028 1029
5 2 2 1 2 259 1030 1032
6 2 2 1 2 1030 67 1031
7 2 2 1 2 1032 1031 260
8 2 2 1 2 1030 1031 1032
9 2 2 1 2 261 1033 1035
10 2 2 1 2 1033 260 1034
11 2 2 1 2 1035 1034 69
12 2 2 1 2 1033 1034 1035
13 2 2 1 2 259 1032 1028
14 2 2 1 2 1032 260 1033
15 2 2 1 2 1028 1033 261
16 2 2 1 2 1032 1033 1028
17 2 2 1 2 67 1036 1038
18 2 2 1 2 1036 262 1037
19 2 2 1 2 1038 1037 264
20 2 2 1 2 1036 1037 1038
21 2 2 1 2 262 1039 1041
22 2 2 1 2 1039 19 1040
23 2 2 1 2 1041 1040 263
24 2 2 1 2 1039 1040 1041
25 2 2 1 2 264 1042 1044
26 2 2 1 2 1042 263 1043
27 2 2 1 2 1044 1043 68
28 2 2 1 2 1042 1043 1044
29 2 2 1 2 262 1041 1037
30 2 2 1 2 1041 263 1042
31 2 2 1 2 1037 1042 264
32 2 2 1 2 1041 1042 1037
33 2 2 1 2 69 1045 1047
34 2 2 1 2 1045 265 1046
35 2 2 1 2 1047 1046 267
36 2 2 1 2 1045 1046 1047
37 2 2 1 2 265 1048 1050
38 2 2 1 2 1048 68 1049
39 2 2 1 2 1050 1049 266
40 2 2 1 2 1048 1049 1050
41 2 2 1 2 267 1051 1053
42 2 2 1 2 1051 266 1052
43 2 2 1 2 1053 1052 21
44 2 2 1 2 1051 1052 1053
45 2 2 1 2 265 1050 1046
46 2 2 1 2 1050 266 1051
47 2 2 1 2 1046 1051 267
48 2 2 1 2 1050 1051 1046
49 2 2 1 2 67 1038 1031
50 2 2 1 2 1038 264 1054
51 2 2 1 2 1031 1054 260
52 2 2 1 2 1038 1054 1031
53 2 2 1 2 264 1044 1055
54 2 2 1 2 1044 68 1048
55 2 2 1 2 1055 1048 265
56 2 2 1 2 1044 1048 1055
57 2 2 1 2 260 1056 1034
58 2 2 1 2 1056 265 1045
59 2 2 1 2 1034 1045 69
60 2 2 1 2 1056 1045 1034
61 2 2 1 2 264 1055 1054
62 2 2 1 2 1055 265 1056
63 2 2 1 2 1054 1056 260
64 2 2 1 2 1055 1056 1054
65 2 2 1 2 19 1057 1059
66 2 2 1 2 1057 268 1058
67 2 2 1 2 1059 1058 270
68 2 2 1 2 1057 1058 1059
69 2 2 1 2 268 1060 1062
70 2 2 1 2 1060 70 1061
71 2 2 1 2 1062 1061 269
72 2 2 1 2 1060 1061 1062
73 2 2 1 2 270 1063 1065
74 2 2 1 2 1063 269 1064
75 2 2 1 2 1065 1064 72
76 2 2 1 2 1063 1064 1065
77 2 2 1 2 268 1062 1058
78 2 2 1 2 1062 269 1063
79 2 2 1 2 1058 1063 270
80 2 2 1 2 1062 1063 1058
81 2 2 1 2 70 1066 1068
82 2 2 1 2 1066 271 1067
83 2 2 1 2 1068 1067 273
84 2 2 1 2 1066 1067 1068
85 2 2 1 2 271 1069 1071
86 2 2 1 2 1069 7 1070
87 2 2 1 2 1071 1070 272
88 2 2 1 2 1069 1070 1071
89 2 2 1 2 273 1072 1074
90 2 2 1 2 1072 272 1073
91 2 2 1 2 1074 1073 71
92 2 2 1 2 1072 1073 1074
93 2 2 1 2 271 1071 1067
94 2 2 1 2 1071 272 1072
95 2 2 1 2 1067 1072 273
96 2 2 1 2 1071 1072 1067
97 2 2 1 2 72 1075 1077
98 2 2 1 2 1075 274 1076
99 2 2 1 2 1077 1076 276
100 2 2 1 2 1075 1076 1077
101 2 2 1 2 274 1078 1080
102 2 2 1 2 1078 71 1079
103 2 2 1 2 1080 1079 275
104 2 2 1 2 1078 1079 1080
105 2 2 1 2 276 1081 1083
106 2 2 1 2 1081 275 1082
107 2 2 1 2 1083 1082 20
108 2 2 1 2 1081 1082 1083
109 2 2 1 2 274 1080 1076
110 2 2 1 2 1080 275 1081
111 2 2 1 2 1076 1081 276
112 2 2 1 2 1080 1081 1076
113 2 2 1 2 70 1068 1061
114 2 2 1 2 1068 273 1084
115 2 2 1 2 1061 1084 269
116 2 2 1 2 1068 1084 1061
117 2 2 1 2 273 1074 1085
118 2 2 1 2 1074 71 1078
119 2 2 1 2 1085 1078 274
120 2 2 1 2 1074 1078 1085
121 2 2 1 2 269 1086 1064
122 2 2 1 2 1086 274 1075
123 2 2 1 2 1064 1075 72
124 2 2 1 2 1086 1075 1064
125 2 2 1 2 273 1085 1084
126 2 2 1 2 1085 274 1086
127 2 2 1 2 1084 1086 269
128 2 2 1 2 1085 1086 1084
129 2 2 1 2 21 1087 1089
130 2 2 1 2 1087 277 1088
131 2 2 1 2 1089 1088 279
132 2 2 1 2 1087 1088 1089
133 2 2 1 2 277 1090 1092
134 2 2 1 2 1090 73 1091
135 2 2 1 2 1092 1091 278
136 2 2 1 2 1090 1091 1092
137 2 2 1 2 279 1093 1095
138 2 2 1 2 1093 278 1094
139 2 2 1 2 1095 1094 75
140 2 2 1 2 1093 1094 1095
141 2 2 1 2 277 1092 1088
142 2 2 1 2 1092 278 1093
143 2 2 1 2 1088 1093 279
144 2 2 1 2 1092 1093 1088
145 2 2 1 2 73 1096 1098
146 2 2 1 2 1096 280 1097
147 2 2 1 2 1098 1097 282
148 2 2 1 2 1096 1097 1098
149 2 2 1 2 280 1099 1101
150 2 2 1 2 1099 20 1100
151 2 2 1 2 1101 1100 281
152 2 2 1 2 1099 1100 1101
153 2 2 1 2 282 1102 1104
154 2 2 1 2 1102 281 1103
155 2 2 1 2 1104 1103 74
156 2 2 1 2 1102 1103 1104
157 2 2 1 2 280 1101 1097
158 2 2 1 2 1101 281 1102
159 2 2 1 2 1097 1102 282
160 2 2 1 2 1101 1102 1097
161 2 2 1 2 75 1105 1107
162 2 2 1 2 1105 283 1106
163 2 2 1 2 1107 1106 285
164 2 2 1 2 1105 1106 1107
165 2 2 1 2 283 1108 1110
166 2 2 1 2 1108 74 1109
167 2 2 1 2 1110 1109 284
168 2 2 1 2 1108 1109 1110
169 2 2 1 2 285 1111 1113
170 2 2 1 2 1111 284 1112
171 2 2 1 2 1113 1112 9
172 2 2 1 2 1111 1112 1113
173 2 2 1 2 283 1110 1106
174 2 2 1 2 1110 284 1111
175 2 2 1 2 1106 1111 285
176 2 2 1 2 1110 1111 1106
177 2 2 1 2 73 1098 1091
178 2 2 1 2 1098 282 1114
179 2 2 1 2 1091 1114 278
180 2 2 1 2 1098 1114 1091
181 2 2 1 2 282 1104 1115
182 2 2 1 2 1104 74 1108
183 2 2 1 2 1115 1108 283
184 2 2 1 2 1104 1108 1115
185 2 2 1 2 278 1116 1094
186 2 2 1 2 1116 283 1105
187 2 2 1 2 1094 1105 75
188 2 2 1 2 1116 1105 1094
189 2 2 1 2 282 1115 1114
190 2 2 1 2 1115 283 1116
191 2 2 1 2 1114 1116 278
192 2 2 1 2 1115 1116 1114
193 2 2 1 2 19 1059 1040
194 2 2 1 2 1059 270 1117
195 2 2 1 2 1040 1117 263
196 2 2 1 2 1059 1117 1040
197 2 2 1 2 270 1065 1119
198 2 2 1 2 1065 72 1118
199 2 2 1 2 1119 1118 286
200 2 2 1 2 1065 1118 1119
201 2 2 1 2 263 1120 1043
202 2 2 1 2 1120 286 1121
203 2 2 1 2 1043 1121 68
204 2 2 1 2 1120 1121 1043
205 2 2 1 2 270 1119 1117
206 2 2 1 2 1119 286 1120
207 2 2 1 2 1117 1120 263
208 2 2 1 2 1119 1120 1117
209 2 2 1 2 72 1077 1123
210 2 2 1 2 1077 276 1122
211 2 2 1 2 1123 1122 287
212 2 2 1 2 1077 1122 1123
213 2 2 1 2 276 1083 1124
214 2 2 1 2 1083 20 1099
215 2 2 1 2 1124 1099 280
216 2 2 1 2 1083 1099 1124
217 2 2 1 2 287 1125 1126
218 2 2 1 2 1125 280 1096
219 2 2 1 2 1126 1096 73
220 2 2 1 2 1125 1096 1126
221 2 2 1 2 276 1124 1122
222 2 2 1 2 1124 280 1125
223 2 2 1 2 1122 1125 287
224 2 2 1 2 1124 1125 1122
225 2 2 1 2 68 1127 1049
226 2 2 1 2 1127 288 1128
227 2 2 1 2 1049 1128 266
228 2 2 1 2 1127 1128 1049
229 2 2 1 2 288 1129 1130
230 2 2 1 2 1129 73 1090
231 2 2 1 2 1130 1090 277
232 2 2 1 2 1129 1090 1130
233 2 2 1 2 266 1131 1052
234 2 2 1 2 1131 277 1087
235 2 2 1 2 1052 1087 21
236 2 2 1 2 1131 1087 1052
237 2 2 1 2 288 1130 1128
238 2 2 1 2 1130 277 1131
239 2 2 1 2 1128 1131 266
240 2 2 1 2 1130 1131 1128
241 2 2 1 2 72 1123 1118
242 2 2 1 2 1123 287 1132
243 2 2 1 2 1118 1132 286
244 2 2 1 2 1123 1132 1118
245 2 2 1 2 287 1126 1133
246 2 2 1 2 1126 73 1129
247 2 2 1 2 1133 1129 288
248 2 2 1 2 1126 1129 1133
249 2 2 1 2 286 1134 1121
250 2 2 1 2 1134 288 1127
251 2 2 1 2 1121 1127 68
252 2 2 1 2 1134 1127 1121
253 2 2 1 2 287 1133 1132
254 2 2 1 2 1133 288 1134
255 2 2 1 2 1132 1134 286
256 2 2 1 2 1133 1134 1132
257 2 2 1 2 7 1135 1137
258 2 2 1 2 1135 289 1136
259 2 2 1 2 1137 1136 291
260 2 2 1 2 1135 1136 1137
261 2 2 1 2 289 1138 1140
262 2 2 1 2 1138 76 1139
263 2 2 1 2 1140 1139 290
264 2 2 1 2 1138 1139 1140
265 2 2 1 2 291 1141 1143
266 2 2 1 2 1141 290 1142
267 2 2 1 2 1143 1142 78
268 2 2 1 2 1141 1142 1143
269 2 2 1 2 289 1140 1136
270 2 2 1 2 1140 290 1141
271 2 2 1 2 1136 1141 291
272 2 2 1 2 1140 1141 1136
273 2 2 1 2 76 1144 1146
274 2 2 1 2 1144 292 1145
275 2 2 1 2 1146 1145 294
276 2 2 1 2 1144 1145 1146
277 2 2 1 2 292 1147 1149
278 2 2 1 2 1147 22 1148
279 2 2 1 2 1149 1148 293
280 2 2 1 2 1147 1148 1149
281 2 2 1 2 294 1150 1152
282 2 2 1 2 1150 293 1151
283 2 2 1 2 1152 1151 77
284 2 2 1 2 1150 1151 1152
285 2 2 1 2 292 1149 1145
286 2 2 1 2 1149 293 1150
287 2 2 1 2 1145 1150 294
288 2 2 1 2 1149 1150 1145
289 2 2 1 2 78 1153 1155
290 2 2 1 2 1153 295 1154
291 2 2 1 2 1155 1154 297
292 2 2 1 2 1153 1154 1155
293 2 2 1 2 295 1156 1158
294 2 2 1 2 1156 77 1157
295 2 2 1 2 1158 1157 296
296 2 2 1 2 1156 1157 1158
297 2 2 1 2 297 1159 1161
298 2 2 1 2 1159 296 1160
299 2 2 1 2 1161 1160 24
300 2 2 1 2 1159 1160 1161
301 2 2 1 2 295 1158 1154
302 2 2 1 2 1158 296 1159
303 2 2 1 2 1154 1159 297
304 2 2 1 2 1158 1159 1154
305 2 2 1 2 76 1146 1139
306 2 2 1 2 1146 294 1162
307 2 2 1 2 1139 1162 290
308 2 2 1 2 1146 1162 1139
309 2 2 1 2 294 1152 1163
310 2 2 1 2 1152 77 1156
311 2 2 1 2 1163 1156 295
312 2 2 1 2 1152 1156 1163
313 2 2 1 2 290 1164 1142
314 2 2 1 2 1164 295 1153
315 2 2 1 2 1142 1153 78
316 2 2 1 2 1164 1153 1142
317 2 2 1 2 294 1163 1162
318 2 2 1 2 1163 295 1164
319 2 2 1 2 1162 1164 290
320 2 2 1 2 1163 1164 1162
321 2 2 1 2 22 1165 1167
322 2 2 1 2 1165 298 1166
323 2 2 1 2 1167 1166 300
324 2 2 1 2 1165 1166 1167
325 2 2 1 2 298 1168 1170
326 2 2 1 2 1168 79 1169
327 2 2 1 2 1170 1169 299
328 2 2 1 2 1168 1169 1170
329 2 2 1 2 300 1171 1173
330 2 2 1 2 1171 299 1172
331 2 2 1 2 1173 1172 81
332 2 2 1 2 1171 1172 1173
333 2 2 1 2 298 1170 1166
334 2 2 1 2 1170 299 1171
335 2 2 1 2 1166 1171 300
336 2 2 1 2 1170 1171 1166
337 2 2 1 2 79 1174 1176
338 2 2 1 2 1174 301 1175
339 2 2 1 2 1176 1175 303
340 2 2 1 2 1174 1175 1176
341 2 2 1 2 301 1177 1179
342 2 2 1 2 1177 2 1178
343 2 2 1 2 1179 1178 302
344 2 2 1 2 1177 1178 1179
345 2 2 1 2 303 1180 1182
346 2 2 1 2 1180 302 1181
347 2 2 1 2 1182 1181 80
348 2 2 1 2 1180 1181 1182
349 2 2 1 2 301 1179 1175
350 2 2 1 2 1179 302 1180
351 2 2 1 2 1175 1180 303
352 2 2 1 2 1179 1180 1175
353 2 2 1 2 81 1183 1185
354 2 2 1 2 1183 304 1184
355 2 2 1 2 1185 1184 306
356 2 2 1 2 1183 1184 1185
357 2 2 1 2 304 1186 1188
358 2 2 1 2 1186 80 1187
359 2 2 1 2 1188 1187 305
360 2 2 1 2 1186 1187 1188
361 2 2 1 2 306 1189 1191
362 2 2 1 2 1189 305 1190
363 2 2 1 2 1191 1190 23
364 2 2 1 2 1189 1190 1191
365 2 2 1 2 304 1188 1184
366 2 2 1 2 1188 305 1189
367 2 2 1 2 1184 1189 306
368 2 2 1 2 1188 1189 1184
369 2 2 1 2 79 1176 1169
370 2 2 1 2 1176 303 1192
371 2 2 1 2 1169 1192 299
372 2 2 1 2 1176 1192 1169
373 2 2 1 2 303 1182 1193
374 2 2 1 2 1182 80 1186
375 2 2 1 2 1193 1186 304
376 2 2 1 2 1182 1186 1193
377 2 2 1 2 299 1194 1172
378 2 2 1 2 1194 304 1183
379 2 2 1 2 1172 1183 81
380 2 2 1 2 1194 1183 1172
381 2 2 1 2 303 1193 1192
382 2 2 1 2 1193 304 1194
383 2 2 1 2 1192 1194 299
384 2 2 1 2 1193 1194 1192
385 2 2 1 2 24 1195 1197
386 2 2 1 2 1195 307 1196
387 2 2 1 2 1197 1196 309
388 2 2 1 2 1195 1196 1197
389 2 2 1 2 307 1198 1200
390 2 2 1 2 1198 82 1199
391 2 2 1 2 1200 1199 308
392 2 2 1 2 1198 1199 1200
393 2 2 1 2 309 1201 1203
394 2 2 1 2 1201 308 1202
395 2 2 1 2 1203 1202 84
396 2 2 1 2 1201 1202 1203
397 2 2 1 2 307 1200 1196
398 2 2 1 2 1200 308 1201
399 2 2 1 2 1196 1201 309
400 2 2 1 2 1200 1201 1196
401 2 2 1 2 82 1204 1206
402 2 2 1 2 1204 310 1205
403 2 2 1 2 1206 1205 312
404 2 2 1 2 1204 1205 1206
405 2 2 1 2 310 1207 1209
406 2 2 1 2 1207 23 1208
407 2 2 1 2 1209 1208 311
408 2 2 1 2 1207 1208 1209
409 2 2 1 2 312 1210 1212
410 2 2 1 2 1210 311 1211
411 2 2 1 2 1212 1211 83
412 2 2 1 2 1210 1211 1212
413 2 2 1 2 310 1209 1205
414 2 2 1 2 1209 311 1210
415 2 2 1 2 1205 1210 312
416 2 2 1 2 1209 1210 1205
417 2 2 1 2 84 1213 1215
418 2 2 1 2 1213 313 1214
419 2 2 1 2 1215 1214 315
420 2 2 1 2 1213 1214 1215
421 2 2 1 2 313 1216 1218
422 2 2 1 2 1216 83 1217
423 2 2 1 2 1218 1217 314
424 2 2 1 2 1216 1217 1218
425 2 2 1 2 315 1219 1221
426 2 2 1 2 1219 314 1220
427 2 2 1 2 1221 1220 8
428 2 2 1 2 1219 1220 1221
429 2 2 1 2 313 1218 1214
430 2 2 1 2 1218 314 1219
431 2 2 1 2 1214 1219 315
432 2 2 1 2 1218 1219 1214
433 2 2 1 2 82 1206 1199
434 2 2 1 2 1206 312 1222
435 2 2 1 2 1199 1222 308
436 2 2 1 2 1206 1222 1199
437 2 2 1 2 312 1212 1223
438 2 2 1 2 1212 83 1216
439 2 2 1 2 1223 1216 313
440 2 2 1 2 1212 1216 1223
441 2 2 1 2 308 1224 1202
442 2 2 1 2 1224 313 1213
443 2 2 1 2 1202 1213 84
444 2 2 1 2 1224 1213 1202
445 2 2 1 2 312 1223 1222
446 2 2 1 2 1223 313 1224
447 2 2 1 2 1222 1224 308
448 2 2 1 2 1223 1224 1222
449 2 2 1 2 22 1167 1148
450 2 2 1 2 1167 300 1225
451 2 2 1 2 1148 1225 293
452 2 2 1 2 1167 1225 1148
453 2 2 1 2 300 1173 1227
454 2 2 1 2 1173 81 1226
455 2 2 1 2 1227 1226 316
456 2 2 1 2 1173 1226 1227
457 2 2 1 2 293 1228 1151
458 2 2 1 2 1228 316 1229
459 2 2 1 2 1151 1229 77
460 2 2 1 2 1228 1229 1151
461 2 2 1 2 300 1227 1225
462 2 2 1 2 1227 316 1228
463 2 2 1 2 1225 1228 293
464 2 2 1 2 1227 1228 1225
465 2 2 1 2 81 1185 1231
466 2 2 1 2 1185 306 1230
467 2 2 1 2 1231 1230 317
468 2 2 1 2 1185 1230 1231
469 2 2 1 2 306 1191 1232
470 2 2 1 2 1191 23 1207
471 2 2 1 2 1232 1207 310
472 2 2 1 2 1191 1207 1232
473 2 2 1 2 317 1233 1234
474 2 2 1 2 1233 310 1204
475 2 2 1 2 1234 1204 82
476 2 2 1 2 1233 1204 1234
477 2 2 1 2 306 1232 1230
478 2 2 1 2 1232 310 1233
479 2 2 1 2 1230 1233 317
480 2 2 1 2 1232 1233 1230
481 2 2 1 2 77 1235 1157
482 2 2 1 2 1235 318 1236
483 2 2 1 2 1157 1236 296
484 2 2 1 2 1235 1236 1157
485 2 2 1 2 318 1237 1238
486 2 2 1 2 1237 82 1198
487 2 2 1 2 1238 1198 307
488 2 2 1 2 1237 1198 1238
489 2 2 1 2 296 1239 1160
490 2 2 1 2 1239 307 1195
491 2 2 1 2 1160 1195 24
492 2 2 1 2 1239 1195 1160
493 2 2 1 2 318 1238 1236
494 2 2 1 2 1238 307 1239
495 2 2 1 2 1236 1239 296
496 2 2 1 2 1238 1239 1236
497 2 2 1 2 81 1231 1226
498 2 2 1 2 1231 317 1240
499 2 2 1 2 1226 1240 316
500 2 2 1 2 1231 1240 1226
501 2 2 1 2 317 1234 1241
502 2 2 1 2 1234 82 1237
503 2 2 1 2 1241 1237 318
504 2 2 1 2 1234 1237 1241
505 2 2 1 2 316 1242 1229
506 2 2 1 2 1242 318 1235
507 2 2 1 2 1229 1235 77
508 2 2 1 2 1242 1235 1229
509 2 2 1 2 317 1241 1240
510 2 2 1 2 1241 318 1242
511 2 2 1 2 1240 1242 316
512 2 2 1 2 1241 1242 1240
513 2 2 1 2 9 1243 1245
514 2 2 1 2 1243 319 1244
515 2 2 1 2 1245 1244 321
516 2 2 1 2 1243 1244 1245
517 2 2 1 2 319 1246 1248
518 2 2 1 2 1246 85 1247
519 2 2 1 2 1248 1247 320
520 2 2 1 2 1246 1247 1248
521 2 2 1 2 321 1249 1251
522 2 2 1 2 1249 320 1250
523 2 2 1 2 1251 1250 87
524 2 2 1 2 1249 1250 1251
525 2 2 1 2 319 1248 1244
526 2 2 1 2 1248 320 1249
527 2 2 1 2 1244 1249 321
528 2 2 1 2 1248 1249 1244
529 2 2 1 2 85 1252 1254
530 2 2 1 2 1252 322 1253
531 2 2 1 2 1254 1253 324
532 2 2 1 2 1252 1253 1254
533 2 2 1 2 322 1255 1257
534 2 2 1 2 1255 25 1256
535 2 2 1 2 1257 1256 323
536 2 2 1 2 1255 1256 1257
537 2 2 1 2 324 1258 1260
538 2 2 1 2 1258 323 1259
539 2 2 1 2 1260 1259 86
540 2 2 1 2 1258 1259 1260
541 2 2 1 2 322 1257 1253
542 2 2 1 2 1257 323 1258
543 2 2 1 2 1253 1258 324
544 2 2 1 2 1257 1258 1253
545 2 2 1 2 87 1261 1263
546 2 2 1 2 1261 325 1262
547 2 2 1 2 1263 1262 327
548 2 2 1 2 1261 1262 1263
549 2 2 1 2 325 1264 1266
550 2 2 1 2 1264 86 1265
551 2 2 1 2 1266 1265 326
552 2 2 1 2 1264 1265 1266
553 2 2 1 2 327 1267 1269
554 2 2 1 2 1267 326 1268
555 2 2 1 2 1269 1268 27
556 2 2 1 2 1267 1268 1269
557 2 2 1 2 325 1266 1262
558 2 2 1 2 1266 326 1267
559 2 2 1 2 1262 1267 327
560 2 2 1 2 1266 1267 1262
561 2 2 1 2 85 1254 1247
562 2 2 1 2 1254 324 1270
563 2 2 1 2 1247 1270 320
564 2 2 1 2 1254 1270 1247
565 2 2 1 2 324 1260 1271
566 2 2 1 2 1260 86 1264
567 2 2 1 2 1271 1264 325
568 2 2 1 2 1260 1264 1271
569 2 2 1 2 320 1272 1250
570 2 2 1 2 1272 325 1261
571 2 2 1 2 1250 1261 87
572 2 2 1 2 1272 1261 1250
573 2 2 1 2 324 1271 1270
574 2 2 1 2 1271 325 1272
575 2 2 1 2 1270 1272 320
576 2 2 1 2 1271 1272 1270
577 2 2 1 2 25 1273 1275
578 2 2 1 2 1273 328 1274
579 2 2 1 2 1275 1274 330
580 2 2 1 2 1273 1274 1275
581 2 2 1 2 328 1276 1278
582 2 2 1 2 1276 88 1277
583 2 2 1 2 1278 1277 329
584 2 2 1 2 1276 1277 1278
585 2 2 1 2 330 1279 1281
586 2 2 1 2 1279 329 1280
587 2 2 1 2 1281 1280 90
588 2 2 1 2 1279 1280 1281
589 2 2 1 2 328 1278 1274
590 2 2 1 2 1278 329 1279
591 2 2 1 2 1274 1279 330
592 2 2 1 2 1278 1279 1274
593 2 2 1 2 88 1282 1284
594 2 2 1 2 1282 331 1283
595 2 2 1 2 1284 1283 333
596 2 2 1 2 1282 1283 1284
597 2 2 1 2 331 1285 1287
598 2 2 1 2 1285 8 1286
599 2 2 1 2 1287 1286 332
600 2 2 1 2 1285 1286 1287
601 2 2 1 2 333 1288 1290
602 2 2 1 2 1288 332 1289
603 2 2 1 2 1290 1289 89
604 2 2 1 2 1288 1289 1290
605 2 2 1 2 331 1287 1283
606 2 2 1 2 1287 332 1288
607 2 2 1 2 1283 1288 333
608 2 2 1 2 1287 1288 1283
609 2 2 1 2 90 1291 1293
610 2 2 1 2 1291 334 1292
611 2 2 1 2 1293 1292 336
612 2 2 1 2 1291 1292 1293
613 2 2 1 2 334 1294 1296
614 2 2 1 2 1294 89 1295
615 2 2 1 2 1296 1295 335
616 2 2 1 2 1294 1295 1296
617 2 2 1 2 336 1297 1299
618 2 2 1 2 1297 335 1298
619 2 2 1 2 1299 1298 26
620 2 2 1 2 1297 1298 1299
621 2 2 1 2 334 1296 1292
622 2 2 1 2 1296 335 1297
623 2 2 1 2 1292 1297 336
624 2 2 1 2 1296 1297 1292
625 2 2 1 2 88 1284 1277
626 2 2 1 2 1284 333 1300
627 2 2 1 2 1277 1300 329
628 2 2 1 2 1284 1300 1277
629 2 2 1 2 333 1290 1301
630 2 2 1 2 1290 89 1294
631 2 2 1 2 1301 1294 334
632 2 2 1 2 1290 1294 1301
633 2 2 1 2 329 1302 1280
634 2 2 1 2 1302 334 1291
635 2 2 1 2 1280 1291 90
636 2 2 1 2 1302 1291 1280
637 2 2 1 2 333 1301 1300
638 2 2 1 2 1301 334 1302
639 2 2 1 2 1300 1302 329
640 2 2 1 2 1301 1302 1300
641 2 2 1 2 27 1303 1305
642 2 2 1 2 1303 337 1304
643 2 2 1 2 1305 1304 339
644 2 2 1 2 1303 1304 1305
645 2 2 1 2 337 1306 1308
646 2 2 1 2 1306 91 1307
647 2 2 1 2 1308 1307 338
648 2 2 1 2 1306 1307 1308
649 2 2 1 2 339 1309 1311
650 2 2 1 2 1309 338 1310
651 2 2 1 2 1311 1310 93
652 2 2 1 2 1309 1310 1311
653 2 2 1 2 337 1308 1304
654 2 2 1 2 1308 338 1309
655 2 2 1 2 1304 1309 339
656 2 2 1 2 1308 1309 1304
657 2 2 1 2 91 1312 1314
658 2 2 1 2 1312 340 1313
659 2 2 1 2 1314 1313 342
660 2 2 1 2 1312 1313 1314
661 2 2 1 2 340 1315 1317
662 2 2 1 2 1315 26 1316
663 2 2 1 2 1317 1316 341
664 2 2 1 2 1315 1316 1317
665 2 2 1 2 342 1318 1320
666 2 2 1 2 1318 341 1319
667 2 2 1 2 1320 1319 92
668 2 2 1 2 1318 1319 1320
669 2 2 1 2 340 1317 1313
670 2 2 1 2 1317 341 1318
671 2 2 1 2 1313 1318 342
672 2 2 1 2 1317 1318 1313
673 2 2 1 2 93 1321 1323
674 2 2 1 2 1321 343 1322
675 2 2 1 2 1323 1322 345
676 2 2 1 2 1321 1322 1323
677 2 2 1 2 343 1324 1326
678 2 2 1 2 1324 92 1325
679 2 2 1 2 1326 1325 344
680 2 2 1 2 1324 1325 1326
681 2 2 1 2 345 1327 1329
682 2 2 1 2 1327 344 1328
683 2 2 1 2 1329 1328 3
684 2 2 1 2 1327 1328 1329
685 2 2 1 2 343 1326 1322
686 2 2 1 2 1326 344 1327
687 2 2 1 2 1322 1327 345
688 2 2 1 2 1326 1327 1322
689 2 2 1 2 91 1314 1307
690 2 2 1 2 1314 342 1330
691 2 2 1 2 1307 1330 338
692 2 2 1 2 1314 1330 1307
693 2 2 1 2 342 1320 1331
694 2 2 1 2 1320 92 1324
695 2 2 1 2 1331 1324 343
696 2 2 1 2 1320 1324 1331
697 2 2 1 2 338 1332 1310
698 2 2 1 2 1332 343 1321
699 2 2 1 2 1310 1321 93
700 2 2 1 2 1332 1321 1310
701 2 2 1 2 342 1331 1330
702 2 2 1 2 1331 343 1332
703 2 2 1 2 1330 1332 338
704 2 2 1 2 1331 1332 1330
705 2 2 1 2 25 1275 1256
706 2 2 1 2 1275 330 1333
707 2 2 1 2 1256 1333 323
708 2 2 1 2 1275 1333 1256
709 2 2 1 2 330 1281 1335
710 2 2 1 2 1281 90 1334
711 2 2 1 2 1335 1334 346
712 2 2 1 2 1281 1334 1335
713 2 2 1 2 323 1336 1259
714 2 2 1 2 1336 346 1337
715 2 2 1 2 1259 1337 86
716 2 2 1 2 1336 1337 1259
717 2 2 1 2 330 1335 1333
718 2 2 1 2 1335 346 1336
719 2 2 1 2 1333 1336 323
720 2 2 1 2 1335 1336 1333
721 2 2 1 2 90 1293 1339
722 2 2 1 2 1293 336 1338
723 2 2 1 2 1339 1338 347
724 2 2 1 2 1293 1338 1339
725 2 2 1 2 336 1299 1340
726 2 2 1 2 1299 26 1315
727 2 2 1 2 1340 1315 340
728 2 2 1 2 1299 1315 1340
729 2 2 1 2 347 1341 1342
730 2 2 1 2 1341 340 1312
731 2 2 1 2 1342 1312 91
732 2 2 1 2 1341 1312 1342
733 2 2 1 2 336 1340 1338
734 2 2 1 2 1340 340 1341
735 2 2 1 2 1338 1341 347
736 2 2 1 2 1340 1341 1338
737 2 2 1 2 86 1343 1265
738 2 2 1 2 1343 348 1344
739 2 2 1 2 1265 1344 326
740 2 2 1 2 1343 1344 1265
741 2 2 1 2 348 1345 1346
742 2 2 1 2 1345 91 1306
743 2 2 1 2 1346 1306 337
744 2 2 1 2 1345 1306 1346
745 2 2 1 2 326 1347 1268
746 2 2 1 2 1347 337 1303
747 2 2 1 2 1268 1303 27
748 2 2 1 2 1347 1303 1268
749 2 2 1 2 348 1346 1344
750 2 2 1 2 1346 337 1347
751 2 2 1 2 1344 1347 326
752 2 2 1 2 1346 1347 1344
753 2 2 1 2 90 1339 1334
754 2 2 1 2 1339 347 1348
755 2 2 1 2 1334 1348 346
756 2 2 1 2 1339 1348 1334
757 2 2 1 2 347 1342 1349
758 2 2 1 2 1342 91 1345
759 2 2 1 2 1349 1345 348
760 2 2 1 2 1342 1345 1349
761 2 2 1 2 346 1350 1337
762 2 2 1 2 1350 348 1343
763 2 2 1 2 1337 1343 86
764 2 2 1 2 1350 1343 1337
765 2 2 1 2 347 1349 1348
766 2 2 1 2 1349 348 1350
767 2 2 1 2 1348 1350 346
768 2 2 1 2 1349 1350 1348
769 2 2 1 2 7 1137 1070
770 2 2 1 2 1137 291 1351
771 2 2 1 2 1070 1351 272
772 2 2 1 2 1137 1351 1070
773 2 2 1 2 291 1143 1353
774 2 2 1 2 1143 78 1352
775 2 2 1 2 1353 1352 349
776 2 2 1 2 1143 1352 1353
777 2 2 1 2 272 1354 1073
778 2 2 1 2 1354 349 1355
779 2 2 1 2 1073 1355 71
780 2 2 1 2 1354 1355 1073
781 2 2 1 2 291 1353 1351
782 2 2 1 2 1353 349 1354
783 2 2 1 2 1351 1354 272
784 2 2 1 2 1353 1354 1351
785 2 2 1 2 78 1155 1357
786 2 2 1 2 1155 297 1356
787 2 2 1 2 1357 1356 351
788 2 2 1 2 1155 1356 1357
789 2 2 1 2 297 1161 1359
790 2 2 1 2 1161 24 1358
791 2 2 1 2 1359 1358 350
792 2 2 1 2 1161 1358 1359
793 2 2 1 2 351 1360 1362
794 2 2 1 2 1360 350 1361
795 2 2 1 2 1362 1361 94
796 2 2 1 2 1360 1361 1362
797 2 2 1 2 297 1359 1356
798 2 2 1 2 1359 350 1360
799 2 2 1 2 1356 1360 351
800 2 2 1 2 1359 1360 1356
801 2 2 1 2 71 1363 1079
802 2 2 1 2 1363 352 1364
803 2 2 1 2 1079 1364 275
804 2 2 1 2 1363 1364 1079
805 2 2 1 2 352 1365 1367
806 2 2 1 2 1365 94 1366
807 2 2 1 2 1367 1366 353
808 2 2 1 2 1365 1366 1367
809 2 2 1 2 275 1368 1082
810 2 2 1 2 1368 353 1369
811 2 2 1 2 1082 1369 20
812 2 2 1 2 1368 1369 1082
813 2 2 1 2 352 1367 1364
814 2 2 1 2 1367 353 1368
815 2 2 1 2 1364 1368 275
816 2 2 1 2 1367 1368 1364
817 2 2 1 2 78 1357 1352
818 2 2 1 2 1357 351 1370
819 2 2 1 2 1352 1370 349
820 2 2 1 2 1357 1370 1352
821 2 2 1 2 351 1362 1371
822 2 2 1 2 1362 94 1365
823 2 2 1 2 1371 1365 352
824 2 2 1 2 1362 1365 1371
825 2 2 1 2 349 1372 1355
826 2 2 1 2 1372 352 1363
827 2 2 1 2 1355 1363 71
828 2 2 1 2 1372 1363 1355
829 2 2 1 2 351 1371 1370
830 2 2 1 2 1371 352 1372
831 2 2 1 2 1370 1372 349
832 2 2 1 2 1371 1372 1370
833 2 2 1 2 24 1197 1374
834 2 2 1 2 1197 309 1373
835 2 2 1 2 1374 1373 355
836 2 2 1 2 1197 1373 1374
837 2 2 1 2 309 1203 1376
838 2 2 1 2 1203 84 1375
839 2 2 1 2 1376 1375 354
840 2 2 1 2 1203 1375 1376
841 2 2 1 2 355 1377 1379
842 2 2 1 2 1377 354 1378
843 2 2 1 2 1379 1378 95
844 2 2 1 2 1377 1378 1379
845 2 2 1 2 309 1376 1373
846 2 2 1 2 1376 354 1377
847 2 2 1 2 1373 1377 355
848 2 2 1 2 1376 1377 1373
849 2 2 1 2 84 1215 1381
850 2 2 1 2 1215 315 1380
851 2 2 1 2 1381 1380 356
852 2 2 1 2 1215 1380 1381
853 2 2 1 2 315 1221 1382
854 2 2 1 2 1221 8 1285
855 2 2 1 2 1382 1285 331
856 2 2 1 2 1221 1285 1382
857 2 2 1 2 356 1383 1384
858 2 2 1 2 1383 331 1282
859 2 2 1 2 1384 1282 88
860 2 2 1 2 1383 1282 1384
861 2 2 1 2 315 1382 1380
862 2 2 1 2 1382 331 1383
863 2 2 1 2 1380 1383 356
864 2 2 1 2 1382 1383 1380
865 2 2 1 2 95 1385 1387
866 2 2 1 2 1385 357 1386
867 2 2 1 2 1387 1386 358
868 2 2 1 2 1385 1386 1387
869 2 2 1 2 357 1388 1389
870 2 2 1 2 1388 88 1276
871 2 2 1 2 1389 1276 328
872 2 2 1 2 1388 1276 1389
873 2 2 1 2 358 1390 1391
874 2 2 1 2 1390 328 1273
875 2 2 1 2 1391 1273 25
876 2 2 1 2 1390 1273 1391
877 2 2 1 2 357 1389 1386
878 2 2 1 2 1389 328 1390
879 2 2 1 2 1386 1390 358
880 2 2 1 2 1389 1390 1386
881 2 2 1 2 84 1381 1375
882 2 2 1 2 1381 356 1392
883 2 2 1 2 1375 1392 354
884 2 2 1 2 1381 1392 1375
885 2 2 1 2 356 1384 1393
886 2 2 1 2 1384 88 1388
887 2 2 1 2 1393 1388 357
888 2 2 1 2 1384 1388 1393
889 2 2 1 2 354 1394 1378
890 2 2 1 2 1394 357 1385
891 2 2 1 2 1378 1385 95
892 2 2 1 2 1394 1385 1378
893 2 2 1 2 356 1393 1392
894 2 2 1 2 1393 357 1394
895 2 2 1 2 1392 1394 354
896 2 2 1 2 1393 1394 1392
897 2 2 1 2 20 1395 1100
898 2 2 1 2 1395 359 1396
899 2 2 1 2 1100 1396 281
900 2 2 1 2 1395 1396 1100
901 2 2 1 2 359 1397 1399
902 2 2 1 2 1397 96 1398
903 2 2 1 2 1399 1398 360
904 2 2 1 2 1397 1398 1399
905 2 2 1 2 281 1400 1103
906 2 2 1 2 1400 360 1401
907 2 2 1 2 1103 1401 74
908 2 2 1 2 1400 1401 1103
909 2 2 1 2 359 1399 1396
910 2 2 1 2 1399 360 1400
911 2 2 1 2 1396 1400 281
912 2 2 1 2 1399 1400 1396
913 2 2 1 2 96 1402 1404
914 2 2 1 2 1402 361 1403
915 2 2 1 2 1404 1403 362
916 2 2 1 2 1402 1403 1404
917 2 2 1 2 361 1405 1406
918 2 2 1 2 1405 25 1255
919 2 2 1 2 1406 1255 322
920 2 2 1 2 1405 1255 1406
921 2 2 1 2 362 1407 1408
922 2 2 1 2 1407 322 1252
923 2 2 1 2 1408 1252 85
924 2 2 1 2 1407 1252 1408
925 2 2 1 2 361 1406 1403
926 2 2 1 2 1406 322 1407
927 2 2 1 2 1403 1407 362
928 2 2 1 2 1406 1407 1403
929 2 2 1 2 74 1409 1109
930 2 2 1 2 1409 363 1410
931 2 2 1 2 1109 1410 284
932 2 2 1 2 1409 1410 1109
933 2 2 1 2 363 1411 1412
934 2 2 1 2 1411 85 1246
935 2 2 1 2 1412 1246 319
936 2 2 1 2 1411 1246 1412
937 2 2 1 2 284 1413 1112
938 2 2 1 2 1413 319 1243
939 2 2 1 2 1112 1243 9
940 2 2 1 2 1413 1243 1112
941 2 2 1 2 363 1412 1410
942 2 2 1 2 1412 319 1413
943 2 2 1 2 1410 1413 284
944 2 2 1 2 1412 1413 1410
945 2 2 1 2 96 1404 1398
946 2 2 1 2 1404 362 1414
947 2 2 1 2 1398 1414 360
948 2 2 1 2 1404 1414 1398
949 2 2 1 2 362 1408 1415
950 2 2 1 2 1408 85 1411
951 2 2 1 2 1415 1411 363
952 2 2 1 2 1408 1411 1415
953 2 2 1 2 360 1416 1401
954 2 2 1 2 1416 363 1409
955 2 2 1 2 1401 1409 74
956 2 2 1 2 1416 1409 1401
957 2 2 1 2 362 1415 1414
958 2 2 1 2 1415 363 1416
959 2 2 1 2 1414 1416 360
960 2 2 1 2 1415 1416 1414
961 2 2 1 2 24 1374 1358
962 2 2 1 2 1374 355 1417
963 2 2 1 2 1358 1417 350
964 2 2 1 2 1374 1417 1358
965 2 2 1 2 355 1379 1419
966 2 2 1 2 1379 95 1418
967 2 2 1 2 1419 1418 364
968 2 2 1 2 1379 1418 1419
969 2 2 1 2 350 1420 1361
970 2 2 1 2 1420 364 1421
971 2 2 1 2 1361 1421 94
972 2 2 1 2 1420 1421 1361
973 2 2 1 2 355 1419 1417
974 2 2 1 2 1419 364 1420
975 2 2 1 2 1417 1420 350
976 2 2 1 2 1419 1420 1417
977 2 2 1 2 95 1387 1423
978 2 2 1 2 1387 358 1422
979 2 2 1 2 1423 1422 365
980 2 2 1 2 1387 1422 1423
981 2 2 1 2 358 1391 1424
982 2 2 1 2 1391 25 1405
983 2 2 1 2 1424 1405 361
984 2 2 1 2 1391 1405 1424
985 2 2 1 2 365 1425 1426
986 2 2 1 2 1425 361 1402
987 2 2 1 2 1426 1402 96
988 2 2 1 2 1425 1402 1426
989 2 2 1 2 358 1424 1422
990 2 2 1 2 1424 361 1425
991 2 2 1 2 1422 1425 365
992 2 2 1 2 1424 1425 1422
993 2 2 1 2 94 1427 1366
994 2 2 1 2 1427 366 1428
995 2 2 1 2 1366 1428 353
996 2 2 1 2 1427 1428 1366
997 2 2 1 2 366 1429 1430
998 2 2 1 2 1429 96 1397
999 2 2 1 2 1430 1397 359
1000 2 2 1 2 1429 1397 1430
1001 2 2 1 2 353 1431 1369
1002 2 2 1 2 1431 359 1395
1003 2 2 1 2 1369 1395 20
1004 2 2 1 2 1431 1395 1369
1005 2 2 1 2 366 1430 1428
1006 2 2 1 2 1430 359 1431
1007 2 2 1 2 1428 1431 353
1008 2 2 1 2 1430 1431 1428
1009 2 2 1 2 95 1423 1418
1010 2 2 1 2 1423 365 1432
1011 2 2 1 2 1418 1432 364
1012 2 2 1 2 1423 1432 1418
1013 2 2 1 2 365 1426 1433
1014 2 2 1 2 1426 96 1429
1015 2 2 1 2 1433 1429 366
1016 2 2 1 2 1426 1429 1433
1017 2 2 1 2 364 1434 1421
1018 2 2 1 2 1434 366 1427
1019 2 2 1 2 1421 1427 94
1020 2 2 1 2 1434 1427 1421
1021 2 2 1 2 365 1433 1432
1022 2 2 1 2 1433 366 1434
1023 2 2 1 2 1432 1434 364
1024 2 2 1 2 1433 1434 1432
1025 2 2 1 2 2 1435 1178
1026 2 2 1 2 1435 367 1436
1027 2 2 1 2 1178 1436 302
1028 2 2 1 2 1435 1436 1178
1029 2 2 1 2 367 1437 1439
1030 2 2 1 2 1437 97 1438
1031 2 2 1 2 1439 1438 368
1032 2 2 1 2 1437 1438 1439
1033 2 2 1 2 302 1440 1181
1034 2 2 1 2 1440 368 1441
1035 2 2 1 2 1181 1441 80
1036 2 2 1 2 1440 1441 1181
1037 2 2 1 2 367 1439 1436
1038 2 2 1 2 1439 368 1440
1039 2 2 1 2 1436 1440 302
1040 2 2 1 2 1439 1440 1436
1041 2 2 1 2 97 1442 1444
1042 2 2 1 2 1442 369 1443
1043 2 2 1 2 1444 1443 371
1044 2 2 1 2 1442 1443 1444
1045 2 2 1 2 369 1445 1447
1046 2 2 1 2 1445 28 1446
1047 2 2 1 2 1447 1446 370
1048 2 2 1 2 1445 1446 1447
1049 2 2 1 2 371 1448 1450
1050 2 2 1 2 1448 370 1449
1051 2 2 1 2 1450 1449 98
1052 2 2 1 2 1448 1449 1450
1053 2 2 1 2 369 1447 1443
1054 2 2 1 2 1447 370 1448
1055 2 2 1 2 1443 1448 371
1056 2 2 1 2 1447 1448 1443
1057 2 2 1 2 80 1451 1187
1058 2 2 1 2 1451 372 1452
1059 2 2 1 2 1187 1452 305
1060 2 2 1 2 1451 1452 1187
1061 2 2 1 2 372 1453 1455
1062 2 2 1 2 1453 98 1454
1063 2 2 1 2 1455 1454 373
1064 2 2 1 2 1453 1454 1455
1065 2 2 1 2 305 1456 1190
1066 2 2 1 2 1456 373 1457
1067 2 2 1 2 1190 1457 23
1068 2 2 1 2 1456 1457 1190
1069 2 2 1 2 372 1455 1452
1070 2 2 1 2 1455 373 1456
1071 2 2 1 2 1452 1456 305
1072 2 2 1 2 1455 1456 1452
1073 2 2 1 2 97 1444 1438
1074 2 2 1 2 1444 371 1458
1075 2 2 1 2 1438 1458 368
1076 2 2 1 2 1444 1458 1438
1077 2 2 1 2 371 1450 1459
1078 2 2 1 2 1450 98 1453
1079 2 2 1 2 1459 1453 372
1080 2 2 1 2 1450 1453 1459
1081 2 2 1 2 368 1460 1441
1082 2 2 1 2 1460 372 1451
1083 2 2 1 2 1441 1451 80
1084 2 2 1 2 1460 1451 1441
1085 2 2 1 2 371 1459 1458
1086 2 2 1 2 1459 372 1460
1087 2 2 1 2 1458 1460 368
1088 2 2 1 2 1459 1460 1458
1089 2 2 1 2 28 1461 1463
1090 2 2 1 2 1461 374 1462
1091 2 2 1 2 1463 1462 376
1092 2 2 1 2 1461 1462 1463
1093 2 2 1 2 374 1464 1466
1094 2 2 1 2 1464 99 1465
1095 2 2 1 2 1466 1465 375
1096 2 2 1 2 1464 1465 1466
1097 2 2 1 2 376 1467 1469
1098 2 2 1 2 1467 375 1468
1099 2 2 1 2 1469 1468 101
1100 2 2 1 2 1467 1468 1469
1101 2 2 1 2 374 1466 1462
1102 2 2 1 2 1466 375 1467
1103 2 2 1 2 1462 1467 376
1104 2 2 1 2 1466 1467 1462
1105 2 2 1 2 99 1470 1472
1106 2 2 1 2 1470 377 1471
1107 2 2 1 2 1472 1471 379
1108 2 2 1 2 1470 1471 1472
1109 2 2 1 2 377 1473 1475
1110 2 2 1 2 1473 10 1474
1111 2 2 1 2 1475 1474 378
1112 2 2 1 2 1473 1474 1475
1113 2 2 1 2 379 1476 1478
1114 2 2 1 2 1476 378 1477
1115 2 2 1 2 1478 1477 100
1116 2 2 1 2 1476 1477 1478
1117 2 2 1 2 377 1475 1471
1118 2 2 1 2 1475 378 1476
1119 2 2 1 2 1471 1476 379
1120 2 2 1 2 1475 1476 1471
1121 2 2 1 2 101 1479 1481
1122 2 2 1 2 1479 380 1480
1123 2 2 1 2 1481 1480 382
1124 2 2 1 2 1479 1480 1481
1125 2 2 1 2 380 1482 1484
1126 2 2 1 2 1482 100 1483
1127 2 2 1 2 1484 1483 381
1128 2 2 1 2 1482 1483 1484
1129 2 2 1 2 382 1485 1487
1130 2 2 1 2 1485 381 1486
1131 2 2 1 2 1487 1486 29
1132 2 2 1 2 1485 1486 1487
1133 2 2 1 2 380 1484 1480
1134 2 2 1 2 1484 381 1485
1135 2 2 1 2 1480 1485 382
1136 2 2 1 2 1484 1485 1480
1137 2 2 1 2 99 1472 1465
1138 2 2 1 2 1472 379 1488
1139 2 2 1 2 1465 1488 375
1140 2 2 1 2 1472 1488 1465
1141 2 2 1 2 379 1478 1489
1142 2 2 1 2 1478 100 1482
1143 2 2 1 2 1489 1482 380
1144 2 2 1 2 1478 1482 1489
1145 2 2 1 2 375 1490 1468
1146 2 2 1 2 1490 380 1479
1147 2 2 1 2 1468 1479 101
1148 2 2 1 2 1490 1479 1468
1149 2 2 1 2 379 1489 1488
1150 2 2 1 2 1489 380 1490
1151 2 2 1 2 1488 1490 375
1152 2 2 1 2 1489 1490 1488
1153 2 2 1 2 23 1491 1208
1154 2 2 1 2 1491 383 1492
1155 2 2 1 2 1208 1492 311
1156 2 2 1 2 1491 1492 1208
1157 2 2 1 2 383 1493 1495
1158 2 2 1 2 1493 102 1494
1159 2 2 1 2 1495 1494 384
1160 2 2 1 2 1493 1494 1495
1161 2 2 1 2 311 1496 1211
1162 2 2 1 2 1496 384 1497
1163 2 2 1 2 1211 1497 83
1164 2 2 1 2 1496 1497 1211
1165 2 2 1 2 383 1495 1492
1166 2 2 1 2 1495 384 1496
1167 2 2 1 2 1492 1496 311
1168 2 2 1 2 1495 1496 1492
1169 2 2 1 2 102 1498 1500
1170 2 2 1 2 1498 385 1499
1171 2 2 1 2 1500 1499 387
1172 2 2 1 2 1498 1499 1500
1173 2 2 1 2 385 1501 1503
1174 2 2 1 2 1501 29 1502
1175 2 2 1 2 1503 1502 386
1176 2 2 1 2 1501 1502 1503
1177 2 2 1 2 387 1504 1506
1178 2 2 1 2 1504 386 1505
1179 2 2 1 2 1506 1505 103
1180 2 2 1 2 1504 1505 1506
1181 2 2 1 2 385 1503 1499
1182 2 2 1 2 1503 386 1504
1183 2 2 1 2 1499 1504 387
1184 2 2 1 2 1503 1504 1499
1185 2 2 1 2 83 1507 1217
1186 2 2 1 2 1507 388 1508
1187 2 2 1 2 1217 1508 314
1188 2 2 1 2 1507 1508 1217
1189 2 2 1 2 388 1509 1511
1190 2 2 1 2 1509 103 1510
1191 2 2 1 2 1511 1510 389
1192 2 2 1 2 1509 1510 1511
1193 2 2 1 2 314 1512 1220
1194 2 2 1 2 1512 389 1513
1195 2 2 1 2 1220 1513 8
1196 2 2 1 2 1512 1513 1220
1197 2 2 1 2 388 1511 1508
1198 2 2 1 2 1511 389 1512
1199 2 2 1 2 1508 1512 314
1200 2 2 1 2 1511 1512 1508
1201 2 2 1 2 102 1500 1494
1202 2 2 1 2 1500 387 1514
1203 2 2 1 2 1494 1514 384
1204 2 2 1 2 1500 1514 1494
1205 2 2 1 2 387 1506 1515
1206 2 2 1 2 1506 103 1509
1207 2 2 1 2 1515 1509 388
1208 2 2 1 2 1506 1509 1515
1209 2 2 1 2 384 1516 1497
1210 2 2 1 2 1516 388 1507
1211 2 2 1 2 1497 1507 83
1212 2 2 1 2 1516 1507 1497
1213 2 2 1 2 387 1515 1514
1214 2 2 1 2 1515 388 1516
1215 2 2 1 2 1514 1516 384
1216 2 2 1 2 1515 1516 1514
1217 2 2 1 2 28 1463 1446
1218 2 2 1 2 1463 376 1517
1219 2 2 1 2 1446 1517 370
1220 2 2 1 2 1463 1517 1446
1221 2 2 1 2 376 1469 1519
1222 2 2 1 2 1469 101 1518
1223 2 2 1 2 1519 1518 390
1224 2 2 1 2 1469 1518 1519
1225 2 2 1 2 370 1520 1449
1226 2 2 1 2 1520 390 1521
1227 2 2 1 2 1449 1521 98
1228 2 2 1 2 1520 1521 1449
1229 2 2 1 2 376 1519 1517
1230 2 2 1 2 1519 390 1520
1231 2 2 1 2 1517 1520 370
1232 2 2 1 2 1519 1520 1517
1233 2 2 1 2 101 1481 1523
1234 2 2 1 2 1481 382 1522
1235 2 2 1 2 1523 1522 391
1236 2 2 1 2 1481 1522 1523
1237 2 2 1 2 382 1487 1524
1238 2 2 1 2 1487 29 1501
1239 2 2 1 2 1524 1501 385
1240 2 2 1 2 1487 1501 1524
1241 2 2 1 2 391 1525 1526
1242 2 2 1 2 1525 385 1498
1243 2 2 1 2 1526 1498 102
1244 2 2 1 2 1525 1498 1526
1245 2 2 1 2 382 1524 1522
1246 2 2 1 2 1524 385 1525
1247 2 2 1 2 1522 1525 391
1248 2 2 1 2 1524 1525 1522
1249 2 2 1 2 98 1527 1454
1250 2 2 1 2 1527 392 1528
1251 2 2 1 2 1454 1528 373
1252 2 2 1 2 1527 1528 1454
1253 2 2 1 2 392 1529 1530
1254 2 2 1 2 1529 102 1493
1255 2 2 1 2 1530 1493 383
1256 2 2 1 2 1529 1493 1530
1257 2 2 1 2 373 1531 1457
1258 2 2 1 2 1531 383 1491
1259 2 2 1 2 1457 1491 23
1260 2 2 1 2 1531 1491 1457
1261 2 2 1 2 392 1530 1528
1262 2 2 1 2 1530 383 1531
1263 2 2 1 2 1528 1531 373
1264 2 2 1 2 1530 1531 1528
1265 2 2 1 2 101 1523 1518
1266 2 2 1 2 1523 391 1532
1267 2 2 1 2 1518 1532 390
1268 2 2 1 2 1523 1532 1518
1269 2 2 1 2 391 1526 1533
1270 2 2 1 2 1526 102 1529
1271 2 2 1 2 1533 1529 392
1272 2 2 1 2 1526 1529 1533
1273 2 2 1 2 390 1534 1521
1274 2 2 1 2 1534 392 1527
1275 2 2 1 2 1521 1527 98
1276 2 2 1 2 1534 1527 1521
1277 2 2 1 2 391 1533 1532
1278 2 2 1 2 1533 392 1534
1279 2 2 1 2 1532 1534 390
1280 2 2 1 2 1533 1534 1532
1281 2 2 1 2 10 1535 1537
1282 2 2 1 2 1535 393 1536
1283 2 2 1 2 1537 1536 395
1284 2 2 1 2 1535 1536 1537
1285 2 2 1 2 393 1538 1540
1286 2 2 1 2 1538 104 1539
1287 2 2 1 2 1540 1539 394
1288 2 2 1 2 1538 1539 1540
1289 2 2 1 2 395 1541 1543
1290 2 2 1 2 1541 394 1542
1291 2 2 1 2 1543 1542 106
1292 2 2 1 2 1541 1542 1543
1293 2 2 1 2 393 1540 1536
1294 2 2 1 2 1540 394 1541
1295 2 2 1 2 1536 1541 395
1296 2 2 1 2 1540 1541 1536
1297 2 2 1 2 104 1544 1546
1298 2 2 1 2 1544 396 1545
1299 2 2 1 2 1546 1545 398
1300 2 2 1 2 1544 1545 1546
1301 2 2 1 2 396 1547 1549
1302 2 2 1 2 1547 30 1548
1303 2 2 1 2 1549 1548 397
1304 2 2 1 2 1547 1548 1549
1305 2 2 1 2 398 1550 1552
1306 2 2 1 2 1550 397 1551
1307 2 2 1 2 1552 1551 105
1308 2 2 1 2 1550 1551 1552
1309 2 2 1 2 396 1549 1545
1310 2 2 1 2 1549 397 1550
1311 2 2 1 2 1545 1550 398
1312 2 2 1 2 1549 1550 1545
1313 2 2 1 2 106 1553 1555
1314 2 2 1 2 1553 399 1554
1315 2 2 1 2 1555 1554 401
1316 2 2 1 2 1553 1554 1555
1317 2 2 1 2 399 1556 1558
1318 2 2 1 2 1556 105 1557
1319 2 2 1 2 1558 1557 400
1320 2 2 1 2 1556 1557 1558
1321 2 2 1 2 401 1559 1561
1322 2 2 1 2 1559 400 1560
1323 2 2 1 2 1561 1560 32
1324 2 2 1 2 1559 1560 1561
1325 2 2 1 2 399 1558 1554
1326 2 2 1 2 1558 400 1559
1327 2 2 1 2 1554 1559 401
1328 2 2 1 2 1558 1559 1554
1329 2 2 1 2 104 1546 1539
1330 2 2 1 2 1546 398 1562
1331 2 2 1 2 1539 1562 394
1332 2 2 1 2 1546 1562 1539
1333 2 2 1 2 398 1552 1563
1334 2 2 1 2 1552 105 1556
1335 2 2 1 2 1563 1556 399
1336 2 2 1 2 1552 1556 1563
1337 2 2 1 2 394 1564 1542
1338 2 2 1 2 1564 399 1553
1339 2 2 1 2 1542 1553 106
1340 2 2 1 2 1564 1553 1542
1341 2 2 1 2 398 1563 1562
1342 2 2 1 2 1563 399 1564
1343 2 2 1 2 1562 1564 394
1344 2 2 1 2 1563 1564 1562
1345 2 2 1 2 30 1565 1567
1346 2 2 1 2 1565 402 1566
1347 2 2 1 2 1567 1566 404
1348 2 2 1 2 1565 1566 1567
1349 2 2 1 2 402 1568 1570
1350 2 2 1 2 1568 107 1569
1351 2 2 1 2 1570 1569 403
1352 2 2 1 2 1568 1569 1570
1353 2 2 1 2 404 1571 1573
1354 2 2 1 2 1571 403 1572
1355 2 2 1 2 1573 1572 109
1356 2 2 1 2 1571 1572 1573
1357 2 2 1 2 402 1570 1566
1358 2 2 1 2 1570 403 1571
1359 2 2 1 2 1566 1571 404
1360 2 2 1 2 1570 1571 1566
1361 2 2 1 2 107 1574 1576
1362 2 2 1 2 1574 405 1575
1363 2 2 1 2 1576 1575 407
1364 2 2 1 2 1574 1575 1576
1365 2 2 1 2 405 1577 1579
1366 2 2 1 2 1577 4 1578
1367 2 2 1 2 1579 1578 406
1368 2 2 1 2 1577 1578 1579
1369 2 2 1 2 407 1580 1582
1370 2 2 1 2 1580 406 1581
1371 2 2 1 2 1582 1581 108
1372 2 2 1 2 1580 1581 1582
1373 2 2 1 2 405 1579 1575
1374 2 2 1 2 1579 406 1580
1375 2 2 1 2 1575 1580 407
1376 2 2 1 2 1579 1580 1575
1377 2 2 1 2 109 1583 1585
1378 2 2 1 2 1583 408 1584
1379 2 2 1 2 1585 1584 410
1380 2 2 1 2 1583 1584 1585
1381 2 2 1 2 408 1586 1588
1382 2 2 1 2 1586 108 1587
1383 2 2 1 2 1588 1587 409
1384 2 2 1 2 1586 1587 1588
1385 2 2 1 2 410 1589 1591
1386 2 2 1 2 1589 409 1590
1387 2 2 1 2 1591 1590 31
1388 2 2 1 2 1589 1590 1591
1389 2 2 1 2 408 1588 1584
1390 2 2 1 2 1588 409 1589
1391 2 2 1 2 1584 1589 410
1392 2 2 1 2 1588 1589 1584
1393 2 2 1 2 107 1576 1569
1394 2 2 1 2 1576 407 1592
1395 2 2 1 2 1569 1592 403
1396 2 2 1 2 1576 1592 1569
1397 2 2 1 2 407 1582 1593
1398 2 2 1 2 1582 108 1586
1399 2 2 1 2 1593 1586 408
1400 2 2 1 2 1582 1586 1593
1401 2 2 1 2 403 1594 1572
1402 2 2 1 2 1594 408 1583
1403 2 2 1 2 1572 1583 109
1404 2 2 1 2 1594 1583 1572
1405 2 2 1 2 407 1593 1592
1406 2 2 1 2 1593 408 1594
1407 2 2 1 2 1592 1594 403
1408 2 2 1 2 1593 1594 1592
1409 2 2 1 2 32 1595 1597
1410 2 2 1 2 1595 411 1596
1411 2 2 1 2 1597 1596 413
1412 2 2 1 2 1595 1596 1597
1413 2 2 1 2 411 1598 1600
1414 2 2 1 2 1598 110 1599
1415 2 2 1 2 1600 1599 412
1416 2 2 1 2 1598 1599 1600
1417 2 2 1 2 413 1601 1603
1418 2 2 1 2 1601 412 1602
1419 2 2 1 2 1603 1602 112
1420 2 2 1 2 1601 1602 1603
1421 2 2 1 2 411 1600 1596
1422 2 2 1 2 1600 412 1601
1423 2 2 1 2 1596 1601 413
1424 2 2 1 2 1600 1601 1596
1425 2 2 1 2 110 1604 1606
1426 2 2 1 2 1604 414 1605
1427 2 2 1 2 1606 1605 416
1428 2 2 1 2 1604 1605 1606
1429 2 2 1 2 414 1607 1609
1430 2 2 1 2 1607 31 1608
1431 2 2 1 2 1609 1608 415
1432 2 2 1 2 1607 1608 1609
1433 2 2 1 2 416 1610 1612
1434 2 2 1 2 1610 415 1611
1435 2 2 1 2 1612 1611 111
1436 2 2 1 2 1610 1611 1612
1437 2 2 1 2 414 1609 1605
1438 2 2 1 2 1609 415 1610
1439 2 2 1 2 1605 1610 416
1440 2 2 1 2 1609 1610 1605
1441 2 2 1 2 112 1613 1615
1442 2 2 1 2 1613 417 1614
1443 2 2 1 2 1615 1614 419
1444 2 2 1 2 1613 1614 1615
1445 2 2 1 2 417 1616 1618
1446 2 2 1 2 1616 111 1617
1447 2 2 1 2 1618 1617 418
1448 2 2 1 2 1616 1617 1618
1449 2 2 1 2 419 1619 1621
1450 2 2 1 2 1619 418 1620
1451 2 2 1 2 1621 1620 11
1452 2 2 1 2 1619 1620 1621
1453 2 2 1 2 417 1618 1614
1454 2 2 1 2 1618 418 1619
1455 2 2 1 2 1614 1619 419
1456 2 2 1 2 1618 1619 1614
1457 2 2 1 2 110 1606 1599
1458 2 2 1 2 1606 416 1622
1459 2 2 1 2 1599 1622 412
1460 2 2 1 2 1606 1622 1599
1461 2 2 1 2 416 1612 1623
1462 2 2 1 2 1612 111 1616
1463 2 2 1 2 1623 1616 417
1464 2 2 1 2 1612 1616 1623
1465 2 2 1 2 412 1624 1602
1466 2 2 1 2 1624 417 1613
1467 2 2 1 2 1602 1613 112
1468 2 2 1 2 1624 1613 1602
1469 2 2 1 2 416 1623 1622
1470 2 2 1 2 1623 417 1624
1471 2 2 1 2 1622 1624 412
1472 2 2 1 2 1623 1624 1622
1473 2 2 1 2 30 1567 1548
1474 2 2 1 2 1567 404 1625
1475 2 2 1 2 1548 1625 397
1476 2 2 1 2 1567 1625 1548
1477 2 2 1 2 404 1573 1627
1478 2 2 1 2 1573 109 1626
1479 2 2 1 2 1627 1626 420
1480 2 2 1 2 1573 1626 1627
1481 2 2 1 2 397 1628 1551
1482 2 2 1 2 1628 420 1629
1483 2 2 1 2 1551 1629 105
1484 2 2 1 2 1628 1629 1551
1485 2 2 1 2 404 1627 1625
1486 2 2 1 2 1627 420 1628
1487 2 2 1 2 1625 1628 397
1488 2 2 1 2 1627 1628 1625
1489 2 2 1 2 109 1585 1631
1490 2 2 1 2 1585 410 1630
1491 2 2 1 2 1631 1630 421
1492 2 2 1 2 1585 1630 1631
1493 2 2 1 2 410 1591 1632
1494 2 2 1 2 1591 31 1607
1495 2 2 1 2 1632 1607 414
1496 2 2 1 2 1591 1607 1632
1497 2 2 1 2 421 1633 1634
1498 2 2 1 2 1633 414 1604
1499 2 2 1 2 1634 1604 110
1500 2 2 1 2 1633 1604 1634
1501 2 2 1 2 410 1632 1630
1502 2 2 1 2 1632 414 1633
1503 2 2 1 2 1630 1633 421
1504 2 2 1 2 1632 1633 1630
1505 2 2 1 2 105 1635 1557
1506 2 2 1 2 1635 422 1636
1507 2 2 1 2 1557 1636 400
1508 2 2 1 2 1635 1636 1557
1509 2 2 1 2 422 1637 1638
1510 2 2 1 2 1637 110 1598
1511 2 2 1 2 1638 1598 411
1512 2 2 1 2 1637 1598 1638
1513 2 2 1 2 400 1639 1560
1514 2 2 1 2 1639 411 1595
1515 2 2 1 2 1560 1595 32
1516 2 2 1 2 1639 1595 1560
1517 2 2 1 2 422 1638 1636
1518 2 2 1 2 1638 411 1639
1519 2 2 1 2 1636 1639 400
1520 2 2 1 2 1638 1639 1636
1521 2 2 1 2 109 1631 1626
1522 2 2 1 2 1631 421 1640
1523 2 2 1 2 1626 1640 420
1524 2 2 1 2 1631 1640 1626
1525 2 2 1 2 421 1634 1641
1526 2 2 1 2 1634 110 1637
1527 2 2 1 2 1641 1637 422
1528 2 2 1 2 1634 1637 1641
1529 2 2 1 2 420 1642 1629
1530 2 2 1 2 1642 422 1635
1531 2 2 1 2 1629 1635 105
1532 2 2 1 2 1642 1635 1629
1533 2 2 1 2 421 1641 1640
1534 2 2 1 2 1641 422 1642
1535 2 2 1 2 1640 1642 420
1536 2 2 1 2 1641 1642 1640
1537 2 2 1 2 8 1643 1286
1538 2 2 1 2 1643 423 1644
1539 2 2 1 2 1286 1644 332
1540 2 2 1 2 1643 1644 1286
1541 2 2 1 2 423 1645 1647
1542 2 2 1 2 1645 113 1646
1543 2 2 1 2 1647 1646 424
1544 2 2 1 2 1645 1646 1647
1545 2 2 1 2 332 1648 1289
1546 2 2 1 2 1648 424 1649
1547 2 2 1 2 1289 1649 89
1548 2 2 1 2 1648 1649 1289
1549 2 2 1 2 423 1647 1644
1550 2 2 1 2 1647 424 1648
1551 2 2 1 2 1644 1648 332
1552 2 2 1 2 1647 1648 1644
1553 2 2 1 2 113 1650 1652
1554 2 2 1 2 1650 425 1651
1555 2 2 1 2 1652 1651 427
1556 2 2 1 2 1650 1651 1652
1557 2 2 1 2 425 1653 1655
1558 2 2 1 2 1653 33 1654
1559 2 2 1 2 1655 1654 426
1560 2 2 1 2 1653 1654 1655
1561 2 2 1 2 427 1656 1658
1562 2 2 1 2 1656 426 1657
1563 2 2 1 2 1658 1657 114
1564 2 2 1 2 1656 1657 1658
1565 2 2 1 2 425 1655 1651
1566 2 2 1 2 1655 426 1656
1567 2 2 1 2 1651 1656 427
1568 2 2 1 2 1655 1656 1651
1569 2 2 1 2 89 1659 1295
1570 2 2 1 2 1659 428 1660
1571 2 2 1 2 1295 1660 335
1572 2 2 1 2 1659 1660 1295
1573 2 2 1 2 428 1661 1663
1574 2 2 1 2 1661 114 1662
1575 2 2 1 2 1663 1662 429
1576 2 2 1 2 1661 1662 1663
1577 2 2 1 2 335 1664 1298
1578 2 2 1 2 1664 429 1665
1579 2 2 1 2 1298 1665 26
1580 2 2 1 2 1664 1665 1298
1581 2 2 1 2 428 1663 1660
1582 2 2 1 2 1663 429 1664
1583 2 2 1 2 1660 1664 335
1584 2 2 1 2 1663 1664 1660
1585 2 2 1 2 113 1652 1646
1586 2 2 1 2 1652 427 1666
1587 2 2 1 2 1646 1666 424
1588 2 2 1 2 1652 1666 1646
1589 2 2 1 2 427 1658 1667
1590 2 2 1 2 1658 114 1661
1591 2 2 1 2 1667 1661 428
1592 2 2 1 2 1658 1661 1667
1593 2 2 1 2 424 1668 1649
1594 2 2 1 2 1668 428 1659
1595 2 2 1 2 1649 1659 89
1596 2 2 1 2 1668 1659 1649
1597 2 2 1 2 427 1667 1666
1598 2 2 1 2 1667 428 1668
1599 2 2 1 2 1666 1668 424
1600 2 2 1 2 1667 1668 1666
1601 2 2 1 2 33 1669 1671
1602 2 2 1 2 1669 430 1670
1603 2 2 1 2 1671 1670 432
1604 2 2 1 2 1669 1670 1671
1605 2 2 1 2 430 1672 1674
1606 2 2 1 2 1672 115 1673
1607 2 2 1 2 1674 1673 431
1608 2 2 1 2 1672 1673 1674
1609 2 2 1 2 432 1675 1677
1610 2 2 1 2 1675 431 1676
1611 2 2 1 2 1677 1676 117
1612 2 2 1 2 1675 1676 1677
1613 2 2 1 2 430 1674 1670
1614 2 2 1 2 1674 431 1675
1615 2 2 1 2 1670 1675 432
1616 2 2 1 2 1674 1675 1670
1617 2 2 1 2 115 1678 1680
1618 2 2 1 2 1678 433 1679
1619 2 2 1 2 1680 1679 435
1620 2 2 1 2 1678 1679 1680
1621 2 2 1 2 433 1681 1683
1622 2 2 1 2 1681 11 1682
1623 2 2 1 2 1683 1682 434
1624 2 2 1 2 1681 1682 1683
1625 2 2 1 2 435 1684 1686
1626 2 2 1 2 1684 434 1685
1627 2 2 1 2 1686 1685 116
1628 2 2 1 2 1684 1685 1686
1629 2 2 1 2 433 1683 1679
1630 2 2 1 2 1683 434 1684
1631 2 2 1 2 1679 1684 435
1632 2 2 1 2 1683 1684 1679
1633 2 2 1 2 117 1687 1689
1634 2 2 1 2 1687 436 1688
1635 2 2 1 2 1689 1688 438
1636 2 2 1 2 1687 1688 1689
1637 2 2 1 2 436 1690 1692
1638 2 2 1 2 1690 116 1691
1639 2 2 1 2 1692 1691 437
1640 2 2 1 2 1690 1691 1692
1641 2 2 1 2 438 1693 1695
1642 2 2 1 2 1693 437 1694
1643 2 2 1 2 1695 1694 34
1644 2 2 1 2 1693 1694 1695
1645 2 2 1 2 436 1692 1688
1646 2 2 1 2 1692 437 1693
1647 2 2 1 2 1688 1693 438
1648 2 2 1 2 1692 1693 1688
1649 2 2 1 2 115 1680 1673
1650 2 2 1 2 1680 435 1696
1651 2 2 1 2 1673 1696 431
1652 2 2 1 2 1680 1696 1673
1653 2 2 1 2 435 1686 1697
1654 2 2 1 2 1686 116 1690
1655 2 2 1 2 1697 1690 436
1656 2 2 1 2 1686 1690 1697
1657 2 2 1 2 431 1698 1676
1658 2 2 1 2 1698 436 1687
1659 2 2 1 2 1676 1687 117
1660 2 2 1 2 1698 1687 1676
1661 2 2 1 2 435 1697 1696
1662 2 2 1 2 1697 436 1698
1663 2 2 1 2 1696 1698 431
1664 2 2 1 2 1697 1698 1696
1665 2 2 1 2 26 1699 1316
1666 2 2 1 2 1699 439 1700
1667 2 2 1 2 1316 1700 341
1668 2 2 1 2 1699 1700 1316
1669 2 2 1 2 439 1701 1703
1670 2 2 1 2 1701 118 1702
1671 2 2 1 2 1703 1702 440
1672 2 2 1 2 1701 1702 1703
1673 2 2 1 2 341 1704 1319
1674 2 2 1 2 1704 440 1705
1675 2 2 1 2 1319 1705 92
1676 2 2 1 2 1704 1705 1319
1677 2 2 1 2 439 1703 1700
1678 2 2 1 2 1703 440 1704
1679 2 2 1 2 1700 1704 341
1680 2 2 1 2 1703 1704 1700
1681 2 2 1 2 118 1706 1708
1682 2 2 1 2 1706 441 1707
1683 2 2 1 2 1708 1707 443
1684 2 2 1 2 1706 1707 1708
1685 2 2 1 2 441 1709 1711
1686 2 2 1 2 1709 34 1710
1687 2 2 1 2 1711 1710 442
1688 2 2 1 2 1709 1710 1711
1689 2 2 1 2 443 1712 1714
1690 2 2 1 2 1712 442 1713
1691 2 2 1 2 1714 1713 119
1692 2 2 1 2 1712 1713 1714
1693 2 2 1 2 441 1711 1707
1694 2 2 1 2 1711 442 1712
1695 2 2 1 2 1707 1712 443
1696 2 2 1 2 1711 1712 1707
1697 2 2 1 2 92 1715 1325
1698 2 2 1 2 1715 444 1716
1699 2 2 1 2 1325 1716 344
1700 2 2 1 2 1715 1716 1325
1701 2 2 1 2 444 1717 1719
1702 2 2 1 2 1717 119 1718
1703 2 2 1 2 1719 1718 445
1704 2 2 1 2 1717 1718 1719
1705 2 2 1 2 344 1720 1328
1706 2 2 1 2 1720 445 1721
1707 2 2 1 2 1328 1721 3
1708 2 2 1 2 1720 1721 1328
1709 2 2 1 2 444 1719 1716
1710 2 2 1 2 1719 445 1720
1711 2 2 1 2 1716 1720 344
1712 2 2 1 2 1719 1720 1716
1713 2 2 1 2 118 1708 1702
1714 2 2 1 2 1708 443 1722
1715 2 2 1 2 1702 1722 440
1716 2 2 1 2 1708 1722 1702
1717 2 2 1 2 443 1714 1723
1718 2 2 1 2 1714 119 1717
1719 2 2 1 2 1723 1717 444
1720 2 2 1 2 1714 1717 1723
1721 2 2 1 2 440 1724 1705
1722 2 2 1 2 1724 444 1715
1723 2 2 1 2 1705 1715 92
1724 2 2 1 2 1724 1715 1705
1725 2 2 1 2 443 1723 1722
1726 2 2 1 2 1723 444 1724
1727 2 2 1 2 1722 1724 440
1728 2 2 1 2 1723 1724 1722
1729 2 2 1 2 33 1671 1654
1730 2 2 1 2 1671 432 1725
1731 2 2 1 2 1654 1725 426
1732 2 2 1 2 1671 1725 1654
1733 2 2 1 2 432 1677 1727
1734 2 2 1 2 1677 117 1726
1735 2 2 1 2 1727 1726 446
1736 2 2 1 2 1677 1726 1727
1737 2 2 1 2 426 1728 1657
1738 2 2 1 2 1728 446 1729
1739 2 2 1 2 1657 1729 114
1740 2 2 1 2 1728 1729 1657
1741 2 2 1 2 432 1727 1725
1742 2 2 1 2 1727 446 1728
1743 2 2 1 2 1725 1728 426
1744 2 2 1 2 1727 1728 1725
1745 2 2 1 2 117 1689 1731
1746 2 2 1 2 1689 438 1730
1747 2 2 1 2 1731 1730 447
1748 2 2 1 2 1689 1730 1731
1749 2 2 1 2 438 1695 1732
1750 2 2 1 2 1695 34 1709
1751 2 2 1 2 1732 1709 441
1752 2 2 1 2 1695 1709 1732
1753 2 2 1 2 447 1733 1734
1754 2 2 1 2 1733 441 1706
1755 2 2 1 2 1734 1706 118
1756 2 2 1 2 1733 1706 1734
1757 2 2 1 2 438 1732 1730
1758 2 2 1 2 1732 441 1733
1759 2 2 1 2 1730 1733 447
1760 2 2 1 2 1732 1733 1730
1761 2 2 1 2 114 1735 1662
1762 2 2 1 2 1735 448 1736
1763 2 2 1 2 1662 1736 429
1764 2 2 1 2 1735 1736 1662
1765 2 2 1 2 448 1737 1738
1766 2 2 1 2 1737 118 1701
1767 2 2 1 2 1738 1701 439
1768 2 2 1 2 1737 1701 1738
1769 2 2 1 2 429 1739 1665
1770 2 2 1 2 1739 439 1699
1771 2 2 1 2 1665 1699 26
1772 2 2 1 2 1739 1699 1665
1773 2 2 1 2 448 1738 1736
1774 2 2 1 2 1738 439 1739
1775 2 2 1 2 1736 1739 429
1776 2 2 1 2 1738 1739 1736
1777 2 2 1 2 117 1731 1726
1778 2 2 1 2 1731 447 1740
1779 2 2 1 2 1726 1740 446
1780 2 2 1 2 1731 1740 1726
1781 2 2 1 2 447 1734 1741
1782 2 2 1 2 1734 118 1737
1783 2 2 1 2 1741 1737 448
1784 2 2 1 2 1734 1737 1741
1785 2 2 1 2 446 1742 1729
1786 2 2 1 2 1742 448 1735
1787 2 2 1 2 1729 1735 114
1788 2 2 1 2 1742 1735 1729
1789 2 2 1 2 447 1741 1740
1790 2 2 1 2 1741 448 1742
1791 2 2 1 2 1740 1742 446
1792 2 2 1 2 1741 1742 1740
1793 2 2 1 2 10 1537 1474
1794 2 2 1 2 1537 395 1743
1795 2 2 1 2 1474 1743 378
1796 2 2 1 2 1537 1743 1474
1797 2 2 1 2 395 1543 1745
1798 2 2 1 2 1543 106 1744
1799 2 2 1 2 1745 1744 449
1800 2 2 1 2 1543 1744 1745
1801 2 2 1 2 378 1746 1477
1802 2 2 1 2 1746 449 1747
1803 2 2 1 2 1477 1747 100
1804 2 2 1 2 1746 1747 1477
1805 2 2 1 2 395 1745 1743
1806 2 2 1 2 1745 449 1746
1807 2 2 1 2 1743 1746 378
1808 2 2 1 2 1745 1746 1743
1809 2 2 1 2 106 1555 1749
1810 2 2 1 2 1555 401 1748
1811 2 2 1 2 1749 1748 451
1812 2 2 1 2 1555 1748 1749
1813 2 2 1 2 401 1561 1751
1814 2 2 1 2 1561 32 1750
1815 2 2 1 2 1751 1750 450
1816 2 2 1 2 1561 1750 1751
1817 2 2 1 2 451 1752 1754
1818 2 2 1 2 1752 450 1753
1819 2 2 1 2 1754 1753 120
1820 2 2 1 2 1752 1753 1754
1821 2 2 1 2 401 1751 1748
1822 2 2 1 2 1751 450 1752
1823 2 2 1 2 1748 1752 451
1824 2 2 1 2 1751 1752 1748
1825 2 2 1 2 100 1755 1483
1826 2 2 1 2 1755 452 1756
1827 2 2 1 2 1483 1756 381
1828 2 2 1 2 1755 1756 1483
1829 2 2 1 2 452 1757 1759
1830 2 2 1 2 1757 120 1758
1831 2 2 1 2 1759 1758 453
1832 2 2 1 2 1757 1758 1759
1833 2 2 1 2 381 1760 1486
1834 2 2 1 2 1760 453 1761
1835 2 2 1 2 1486 1761 29
1836 2 2 1 2 1760 1761 1486
1837 2 2 1 2 452 1759 1756
1838 2 2 1 2 1759 453 1760
1839 2 2 1 2 1756 1760 381
1840 2 2 1 2 1759 1760 1756
1841 2 2 1 2 106 1749 1744
1842 2 2 1 2 1749 451 1762
1843 2 2 1 2 1744 1762 449
1844 2 2 1 2 1749 1762 1744
1845 2 2 1 2 451 1754 1763
1846 2 2 1 2 1754 120 1757
1847 2 2 1 2 1763 1757 452
1848 2 2 1 2 1754 1757 1763
1849 2 2 1 2 449 1764 1747
1850 2 2 1 2 1764 452 1755
1851 2 2 1 2 1747 1755 100
1852 2 2 1 2 1764 1755 1747
1853 2 2 1 2 451 1763 1762
1854 2 2 1 2 1763 452 1764
1855 2 2 1 2 1762 1764 449
1856 2 2 1 2 1763 1764 1762
1857 2 2 1 2 32 1597 1766
1858 2 2 1 2 1597 413 1765
1859 2 2 1 2 1766 1765 455
1860 2 2 1 2 1597 1765 1766
1861 2 2 1 2 413 1603 1768
1862 2 2 1 2 1603 112 1767
1863 2 2 1 2 1768 1767 454
1864 2 2 1 2 1603 1767 1768
1865 2 2 1 2 455 1769 1771
1866 2 2 1 2 1769 454 1770
1867 2 2 1 2 1771 1770 121
1868 2 2 1 2 1769 1770 1771
1869 2 2 1 2 413 1768 1765
1870 2 2 1 2 1768 454 1769
1871 2 2 1 2 1765 1769 455
1872 2 2 1 2 1768 1769 1765
1873 2 2 1 2 112 1615 1773
1874 2 2 1 2 1615 419 1772
1875 2 2 1 2 1773 1772 456
1876 2 2 1 2 1615 1772 1773
1877 2 2 1 2 419 1621 1774
1878 2 2 1 2 1621 11 1681
1879 2 2 1 2 1774 1681 433
1880 2 2 1 2 1621 1681 1774
1881 2 2 1 2 456 1775 1776
1882 2 2 1 2 1775 433 1678
1883 2 2 1 2 1776 1678 115
1884 2 2 1 2 1775 1678 1776
1885 2 2 1 2 419 1774 1772
1886 2 2 1 2 1774 433 1775
1887 2 2 1 2 1772 1775 456
1888 2 2 1 2 1774 1775 1772
1889 2 2 1 2 121 1777 1779
1890 2 2 1 2 1777 457 1778
1891 2 2 1 2 1779 1778 458
1892 2 2 1 2 1777 1778 1779
1893 2 2 1 2 457 1780 1781
1894 2 2 1 2 1780 115 1672
1895 2 2 1 2 1781 1672 430
1896 2 2 1 2 1780 1672 1781
1897 2 2 1 2 458 1782 1783
1898 2 2 1 2 1782 430 1669
1899 2 2 1 2 1783 1669 33
1900 2 2 1 2 1782 1669 1783
1901 2 2 1 2 457 1781 1778
1902 2 2 1 2 1781 430 1782
1903 2 2 1 2 1778 1782 458
1904 2 2 1 2 1781 1782 1778
1905 2 2 1 2 112 1773 1767
1906 2 2 1 2 1773 456 1784
1907 2 2 1 2 1767 1784 454
1908 2 2 1 2 1773 1784 1767
1909 2 2 1 2 456 1776 1785
1910 2 2 1 2 1776 115 1780
1911 2 2 1 2 1785 1780 457
1912 2 2 1 2 1776 1780 1785
1913 2 2 1 2 454 1786 1770
1914 2 2 1 2 1786 457 1777
1915 2 2 1 2 1770 1777 121
1916 2 2 1 2 1786 1777 1770
1917 2 2 1 2 456 1785 1784
1918 2 2 1 2 1785 457 1786
1919 2 2 1 2 1784 1786 454
1920 2 2 1 2 1785 1786 1784
1921 2 2 1 2 29 1787 1502
1922 2 2 1 2 1787 459 1788
1923 2 2 1 2 1502 1788 386
1924 2 2 1 2 1787 1788 1502
1925 2 2 1 2 459 1789 1791
1926 2 2 1 2 1789 122 1790
1927 2 2 1 2 1791 1790 460
1928 2 2 1 2 1789 1790 1791
1929 2 2 1 2 386 1792 1505
1930 2 2 1 2 1792 460 1793
1931 2 2 1 2 1505 1793 103
1932 2 2 1 2 1792 1793 1505
1933 2 2 1 2 459 1791 1788
1934 2 2 1 2 1791 460 1792
1935 2 2 1 2 1788 1792 386
1936 2 2 1 2 1791 1792 1788
1937 2 2 1 2 122 1794 1796
1938 2 2 1 2 1794 461 1795
1939 2 2 1 2 1796 1795 462
1940 2 2 1 2 1794 1795 1796
1941 2 2 1 2 461 1797 1798
1942 2 2 1 2 1797 33 1653
1943 2 2 1 2 1798 1653 425
1944 2 2 1 2 1797 1653 1798
1945 2 2 1 2 462 1799 1800
1946 2 2 1 2 1799 425 1650
1947 2 2 1 2 1800 1650 113
1948 2 2 1 2 1799 1650 1800
1949 2 2 1 2 461 1798 1795
1950 2 2 1 2 1798 425 1799
1951 2 2 1 2 1795 1799 462
1952 2 2 1 2 1798 1799 1795
1953 2 2 1 2 103 1801 1510
1954 2 2 1 2 1801 463 1802
1955 2 2 1 2 1510 1802 389
1956 2 2 1 2 1801 1802 1510
1957 2 2 1 2 463 1803 1804
1958 2 2 1 2 1803 113 1645
1959 2 2 1 2 1804 1645 423
1960 2 2 1 2 1803 1645 1804
1961 2 2 1 2 389 1805 1513
1962 2 2 1 2 1805 423 1643
1963 2 2 1 2 1513 1643 8
1964 2 2 1 2 1805 1643 1513
1965 2 2 1 2 463 1804 1802
1966 2 2 1 2 1804 423 1805
1967 2 2 1 2 1802 1805 389
1968 2 2 1 2 1804 1805 1802
1969 2 2 1 2 122 1796 1790
1970 2 2 1 2 1796 462 1806
1971 2 2 1 2 1790 1806 460
1972 2 2 1 2 1796 1806 1790
1973 2 2 1 2 462 1800 1807
1974 2 2 1 2 1800 113 1803
1975 2 2 1 2 1807 1803 463
1976 2 2 1 2 1800 1803 1807
1977 2 2 1 2 460 1808 1793
1978 2 2 1 2 1808 463 1801
1979 2 2 1 2 1793 1801 103
1980 2 2 1 2 1808 1801 1793
1981 2 2 1 2 462 1807 1806
1982 2 2 1 2 1807 463 1808
1983 2 2 1 2 1806 1808 460
1984 2 2 1 2 1807 1808 1806
1985 2 2 1 2 32 1766 1750
1986 2 2 1 2 1766 455 1809
1987 2 2 1 2 1750 1809 450
1988 2 2 1 2 1766 1809 1750
1989 2 2 1 2 455 1771 1811
1990 2 2 1 2 1771 121 1810
1991 2 2 1 2 1811 1810 464
1992 2 2 1 2 1771 1810 1811
1993 2 2 1 2 450 1812 1753
1994 2 2 1 2 1812 464 1813
1995 2 2 1 2 1753 1813 120
1996 2 2 1 2 1812 1813 1753
1997 2 2 1 2 455 1811 1809
1998 2 2 1 2 1811 464 1812
1999 2 2 1 2 1809 1812 450
2000 2 2 1 2 1811 1812 1809
2001 2 2 1 2 121 1779 1815
2002 2 2 1 2 1779 458 1814
2003 2 2 1 2 1815 1814 465
2004 2 2 1 2 1779 1814 1815
2005 2 2 1 2 458 1783 1816
2006 2 2 1 2 1783 33 1797
2007 2 2 1 2 1816 1797 461
2008 2 2 1 2 1783 1797 1816
2009 2 2 1 2 465 1817 1818
2010 2 2 1 2 1817 461 1794
2011 2 2 1 2 1818 1794 122
2012 2 2 1 2 1817 1794 1818
2013 2 2 1 2 458 1816 1814
2014 2 2 1 2 1816 461 1817
2015 2 2 1 2 1814 1817 465
2016 2 2 1 2 1816 1817 1814
2017 2 2 1 2 120 1819 1758
2018 2 2 1 2 1819 466 1820
2019 2 2 1 2 1758 1820 453
2020 2 2 1 2 1819 1820 1758
2021 2 2 1 2 466 1821 1822
2022 2 2 1 2 1821 122 1789
2023 2 2 1 2 1822 1789 459
2024 2 2 1 2 1821 1789 1822
2025 2 2 1 2 453 1823 1761
2026 2 2 1 2 1823 459 1787
2027 2 2 1 2 1761 1787 29
2028 2 2 1 2 1823 1787 1761
2029 2 2 1 2 466 1822 1820
2030 2 2 1 2 1822 459 1823
2031 2 2 1 2 1820 1823 453
2032 2 2 1 2 1822 1823 1820
2033 2 2 1 2 121 1815 1810
2034 2 2 1 2 1815 465 1824
2035 2 2 1 2 1810 1824 464
2036 2 2 1 2 1815 1824 1810
2037 2 2 1 2 465 1818 1825
2038 2 2 1 2 1818 122 1821
2039 2 2 1 2 1825 1821 466
2040 2 2 1 2 1818 1821 1825
2041 2 2 1 2 464 1826 1813
2042 2 2 1 2 1826 466 1819
2043 2 2 1 2 1813 1819 120
2044 2 2 1 2 1826 1819 1813
2045 2 2 1 2 465 1825 1824
2046 2 2 1 2 1825 466 1826
2047 2 2 1 2 1824 1826 464
2048 2 2 1 2 1825 1826 1824
2049 2 2 1 2 4 1827 1578
2050 2 2 1 2 1827 467 1828
2051 2 2 1 2 1578 1828 406
2052 2 2 1 2 1827 1828 1578
2053 2 2 1 2 467 1829 1831
2054 2 2 1 2 1829 123 1830
2055 2 2 1 2 1831 1830 468
2056 2 2 1 2 1829 1830 1831
2057 2 2 1 2 406 1832 1581
2058 2 2 1 2 1832 468 1833
2059 2 2 1 2 1581 1833 108
2060 2 2 1 2 1832 1833 1581
2061 2 2 1 2 467 1831 1828
2062 2 2 1 2 1831 468 1832
2063 2 2 1 2 1828 1832 406
2064 2 2 1 2 1831 1832 1828
2065 2 2 1 2 123 1834 1836
2066 2 2 1 2 1834 469 1835
2067 2 2 1 2 1836 1835 471
2068 2 2 1 2 1834 1835 1836
2069 2 2 1 2 469 1837 1839
2070 2 2 1 2 1837 35 1838
2071 2 2 1 2 1839 1838 470
2072 2 2 1 2 1837 1838 1839
2073 2 2 1 2 471 1840 1842
2074 2 2 1 2 1840 470 1841
2075 2 2 1 2 1842 1841 124
2076 2 2 1 2 1840 1841 1842
2077 2 2 1 2 469 1839 1835
2078 2 2 1 2 1839 470 1840
2079 2 2 1 2 1835 1840 471
2080 2 2 1 2 1839 1840 1835
2081 2 2 1 2 108 1843 1587
2082 2 2 1 2 1843 472 1844
2083 2 2 1 2 1587 1844 409
2084 2 2 1 2 1843 1844 1587
2085 2 2 1 2 472 1845 1847
2086 2 2 1 2 1845 124 1846
2087 2 2 1 2 1847 1846 473
2088 2 2 1 2 1845 1846 1847
2089 2 2 1 2 409 1848 1590
2090 2 2 1 2 1848 473 1849
2091 2 2 1 2 1590 1849 31
2092 2 2 1 2 1848 1849 1590
2093 2 2 1 2 472 1847 1844
2094 2 2 1 2 1847 473 1848
2095 2 2 1 2 1844 1848 409
2096 2 2 1 2 1847 1848 1844
2097 2 2 1 2 123 1836 1830
2098 2 2 1 2 1836 471 1850
2099 2 2 1 2 1830 1850 468
2100 2 2 1 2 1836 1850 1830
2101 2 2 1 2 471 1842 1851
2102 2 2 1 2 1842 124 1845
2103 2 2 1 2 1851 1845 472
2104 2 2 1 2 1842 1845 1851
2105 2 2 1 2 468 1852 1833
2106 2 2 1 2 1852 472 1843
2107 2 2 1 2 1833 1843 108
2108 2 2 1 2 1852 1843 1833
2109 2 2 1 2 471 1851 1850
2110 2 2 1 2 1851 472 1852
2111 2 2 1 2 1850 1852 468
2112 2 2 1 2 1851 1852 1850
2113 2 2 1 2 35 1853 1855
2114 2 2 1 2 1853 474 1854
2115 2 2 1 2 1855 1854 476
2116 2 2 1 2 1853 1854 1855
2117 2 2 1 2 474 1856 1858
2118 2 2 1 2 1856 125 1857
2119 2 2 1 2 1858 1857 475
2120 2 2 1 2 1856 1857 1858
2121 2 2 1 2 476 1859 1861
2122 2 2 1 2 1859 475 1860
2123 2 2 1 2 1861 1860 127
2124 2 2 1 2 1859 1860 1861
2125 2 2 1 2 474 1858 1854
2126 2 2 1 2 1858 475 1859
2127 2 2 1 2 1854 1859 476
2128 2 2 1 2 1858 1859 1854
2129 2 2 1 2 125 1862 1864
2130 2 2 1 2 1862 477 1863
2131 2 2 1 2 1864 1863 479
2132 2 2 1 2 1862 1863 1864
2133 2 2 1 2 477 1865 1867
2134 2 2 1 2 1865 12 1866
2135 2 2 1 2 1867 1866 478
2136 2 2 1 2 1865 1866 1867
2137 2 2 1 2 479 1868 1870
2138 2 2 1 2 1868 478 1869
2139 2 2 1 2 1870 1869 126
2140 2 2 1 2 1868 1869 1870
2141 2 2 1 2 477 1867 1863
2142 2 2 1 2 1867 478 1868
2143 2 2 1 2 1863 1868 479
2144 2 2 1 2 1867 1868 1863
2145 2 2 1 2 127 1871 1873
2146 2 2 1 2 1871 480 1872
2147 2 2 1 2 1873 1872 482
2148 2 2 1 2 1871 1872 1873
2149 2 2 1 2 480 1874 1876
2150 2 2 1 2 1874 126 1875
2151 2 2 1 2 1876 1875 481
2152 2 2 1 2 1874 1875 1876
2153 2 2 1 2 482 1877 1879
2154 2 2 1 2 1877 481 1878
2155 2 2 1 2 1879 1878 36
2156 2 2 1 2 1877 1878 1879
2157 2 2 1 2 480 1876 1872
2158 2 2 1 2 1876 481 1877
2159 2 2 1 2 1872 1877 482
2160 2 2 1 2 1876 1877 1872
2161 2 2 1 2 125 1864 1857
2162 2 2 1 2 1864 479 1880
2163 2 2 1 2 1857 1880 475
2164 2 2 1 2 1864 1880 1857
2165 2 2 1 2 479 1870 1881
2166 2 2 1 2 1870 126 1874
2167 2 2 1 2 1881 1874 480
2168 2 2 1 2 1870 1874 1881
2169 2 2 1 2 475 1882 1860
2170 2 2 1 2 1882 480 1871
2171 2 2 1 2 1860 1871 127
2172 2 2 1 2 1882 1871 1860
2173 2 2 1 2 479 1881 1880
2174 2 2 1 2 1881 480 1882
2175 2 2 1 2 1880 1882 475
2176 2 2 1 2 1881 1882 1880
2177 2 2 1 2 31 1883 1608
2178 2 2 1 2 1883 483 1884
2179 2 2 1 2 1608 1884 415
2180 2 2 1 2 1883 1884 1608
2181 2 2 1 2 483 1885 1887
2182 2 2 1 2 1885 128 1886
2183 2 2 1 2 1887 1886 484
2184 2 2 1 2 1885 1886 1887
2185 2 2 1 2 415 1888 1611
2186 2 2 1 2 1888 484 1889
2187 2 2 1 2 1611 1889 111
2188 2 2 1 2 1888 1889 1611
2189 2 2 1 2 483 1887 1884
2190 2 2 1 2 1887 484 1888
2191 2 2 1 2 1884 1888 415
2192 2 2 1 2 1887 1888 1884
2193 2 2 1 2 128 1890 1892
2194 2 2 1 2 1890 485 1891
2195 2 2 1 2 1892 1891 487
2196 2 2 1 2 1890 1891 1892
2197 2 2 1 2 485 1893 1895
2198 2 2 1 2 1893 36 1894
2199 2 2 1 2 1895 1894 486
2200 2 2 1 2 1893 1894 1895
2201 2 2 1 2 487 1896 1898
2202 2 2 1 2 1896 486 1897
2203 2 2 1 2 1898 1897 129
2204 2 2 1 2 1896 1897 1898
2205 2 2 1 2 485 1895 1891
2206 2 2 1 2 1895 486 1896
2207 2 2 1 2 1891 1896 487
2208 2 2 1 2 1895 1896 1891
2209 2 2 1 2 111 1899 1617
2210 2 2 1 2 1899 488 1900
2211 2 2 1 2 1617 1900 418
2212 2 2 1 2 1899 1900 1617
2213 2 2 1 2 488 1901 1903
2214 2 2 1 2 1901 129 1902
2215 2 2 1 2 1903 1902 489
2216 2 2 1 2 1901 1902 1903
2217 2 2 1 2 418 1904 1620
2218 2 2 1 2 1904 489 1905
2219 2 2 1 2 1620 1905 11
2220 2 2 1 2 1904 1905 1620
2221 2 2 1 2 488 1903 1900
2222 2 2 1 2 1903 489 1904
2223 2 2 1 2 1900 1904 418
2224 2 2 1 2 1903 1904 1900
2225 2 2 1 2 128 1892 1886
2226 2 2 1 2 1892 487 1906
2227 2 2 1 2 1886 1906 484
2228 2 2 1 2 1892 1906 1886
2229 2 2 1 2 487 1898 1907
2230 2 2 1 2 1898 129 1901
2231 2 2 1 2 1907 1901 488
2232 2 2 1 2 1898 1901 1907
2233 2 2 1 2 484 1908 1889
2234 2 2 1 2 1908 488 1899
2235 2 2 1 2 1889 1899 111
2236 2 2 1 2 1908 1899 1889
2237 2 2 1 2 487 1907 1906
2238 2 2 1 2 1907 488 1908
2239 2 2 1 2 1906 1908 484
2240 2 2 1 2 1907 1908 1906
2241 2 2 1 2 35 1855 1838
2242 2 2 1 2 1855 476 1909
2243 2 2 1 2 1838 1909 470
2244 2 2 1 2 1855 1909 1838
2245 2 2 1 2 476 1861 1911
2246 2 2 1 2 1861 127 1910
2247 2 2 1 2 1911 1910 490
2248 2 2 1 2 1861 1910 1911
2249 2 2 1 2 470 1912 1841
2250 2 2 1 2 1912 490 1913
2251 2 2 1 2 1841 1913 124
2252 2 2 1 2 1912 1913 1841
2253 2 2 1 2 476 1911 1909
2254 2 2 1 2 1911 490 1912
2255 2 2 1 2 1909 1912 470
2256 2 2 1 2 1911 1912 1909
2257 2 2 1 2 127 1873 1915
2258 2 2 1 2 1873 482 1914
2259 2 2 1 2 1915 1914 491
2260 2 2 1 2 1873 1914 1915
2261 2 2 1 2 482 1879 1916
2262 2 2 1 2 1879 36 1893
2263 2 2 1 2 1916 1893 485
2264 2 2 1 2 1879 1893 1916
2265 2 2 1 2 491 1917 1918
2266 2 2 1 2 1917 485 1890
2267 2 2 1 2 1918 1890 128
2268 2 2 1 2 1917 1890 1918
2269 2 2 1 2 482 1916 1914
2270 2 2 1 2 1916 485 1917
2271 2 2 1 2 1914 1917 491
2272 2 2 1 2 1916 1917 1914
2273 2 2 1 2 124 1919 1846
2274 2 2 1 2 1919 492 1920
2275 2 2 1 2 1846 1920 473
2276 2 2 1 2 1919 1920 1846
2277 2 2 1 2 492 1921 1922
2278 2 2 1 2 1921 128 1885
2279 2 2 1 2 1922 1885 483
2280 2 2 1 2 1921 1885 1922
2281 2 2 1 2 473 1923 1849
2282 2 2 1 2 1923 483 1883
2283 2 2 1 2 1849 1883 31
2284 2 2 1 2 1923 1883 1849
2285 2 2 1 2 492 1922 1920
2286 2 2 1 2 1922 483 1923
2287 2 2 1 2 1920 1923 473
2288 2 2 1 2 1922 1923 1920
2289 2 2 1 2 127 1915 1910
2290 2 2 1 2 1915 491 1924
2291 2 2 1 2 1910 1924 490
2292 2 2 1 2 1915 1924 1910
2293 2 2 1 2 491 1918 1925
2294 2 2 1 2 1918 128 1921
2295 2 2 1 2 1925 1921 492
2296 2 2 1 2 1918 1921 1925
2297 2 2 1 2 490 1926 1913
2298 2 2 1 2 1926 492 1919
2299 2 2 1 2 1913 1919 124
2300 2 2 1 2 1926 1919 1913
2301 2 2 1 2 491 1925 1924
2302 2 2 1 2 1925 492 1926
2303 2 2 1 2 1924 1926 490
2304 2 2 1 2 1925 1926 1924
2305 2 2 1 2 12 1927 1929
2306 2 2 1 2 1927 493 1928
2307 2 2 1 2 1929 1928 495
2308 2 2 1 2 1927 1928 1929
2309 2 2 1 2 493 1930 1932
2310 2 2 1 2 1930 130 1931
2311 2 2 1 2 1932 1931 494
2312 2 2 1 2 1930 1931 1932
2313 2 2 1 2 495 1933 1935
2314 2 2 1 2 1933 494 1934
2315 2 2 1 2 1935 1934 132
2316 2 2 1 2 1933 1934 1935
2317 2 2 1 2 493 1932 1928
2318 2 2 1 2 1932 494 1933
2319 2 2 1 2 1928 1933 495
2320 2 2 1 2 1932 1933 1928
2321 2 2 1 2 130 1936 1938
2322 2 2 1 2 1936 496 1937
2323 2 2 1 2 1938 1937 498
2324 2 2 1 2 1936 1937 1938
2325 2 2 1 2 496 1939 1941
2326 2 2 1 2 1939 37 1940
2327 2 2 1 2 1941 1940 497
2328 2 2 1 2 1939 1940 1941
2329 2 2 1 2 498 1942 1944
2330 2 2 1 2 1942 497 1943
2331 2 2 1 2 1944 1943 131
2332 2 2 1 2 1942 1943 1944
2333 2 2 1 2 496 1941 1937
2334 2 2 1 2 1941 497 1942
2335 2 2 1 2 1937 1942 498
2336 2 2 1 2 1941 1942 1937
2337 2 2 1 2 132 1945 1947
2338 2 2 1 2 1945 499 1946
2339 2 2 1 2 1947 1946 501
2340 2 2 1 2 1945 1946 1947
2341 2 2 1 2 499 1948 1950
2342 2 2 1 2 1948 131 1949
2343 2 2 1 2 1950 1949 500
2344 2 2 1 2 1948 1949 1950
2345 2 2 1 2 501 1951 1953
2346 2 2 1 2 1951 500 1952
2347 2 2 1 2 1953 1952 39
2348 2 2 1 2 1951 1952 1953
2349 2 2 1 2 499 1950 1946
2350 2 2 1 2 1950 500 1951
2351 2 2 1 2 1946 1951 501
2352 2 2 1 2 1950 1951 1946
2353 2 2 1 2 130 1938 1931
2354 2 2 1 2 1938 498 1954
2355 2 2 1 2 1931 1954 494
2356 2 2 1 2 1938 1954 1931
2357 2 2 1 2 498 1944 1955
2358 2 2 1 2 1944 131 1948
2359 2 2 1 2 1955 1948 499
2360 2 2 1 2 1944 1948 1955
2361 2 2 1 2 494 1956 1934
2362 2 2 1 2 1956 499 1945
2363 2 2 1 2 1934 1945 132
2364 2 2 1 2 1956 1945 1934
2365 2 2 1 2 498 1955 1954
2366 2 2 1 2 1955 499 1956
2367 2 2 1 2 1954 1956 494
2368 2 2 1 2 1955 1956 1954
2369 2 2 1 2 37 1957 1959
2370 2 2 1 2 1957 502 1958
2371 2 2 1 2 1959 1958 504
2372 2 2 1 2 1957 1958 1959
2373 2 2 1 2 502 1960 1962
2374 2 2 1 2 1960 133 1961
2375 2 2 1 2 1962 1961 503
2376 2 2 1 2 1960 1961 1962
2377 2 2 1 2 504 1963 1965
2378 2 2 1 2 1963 503 1964
2379 2 2 1 2 1965 1964 135
2380 2 2 1 2 1963 1964 1965
2381 2 2 1 2 502 1962 1958
2382 2 2 1 2 1962 503 1963
2383 2 2 1 2 1958 1963 504
2384 2 2 1 2 1962 1963 1958
2385 2 2 1 2 133 1966 1968
2386 2 2 1 2 1966 505 1967
2387 2 2 1 2 1968 1967 507
2388 2 2 1 2 1966 1967 1968
2389 2 2 1 2 505 1969 1971
2390 2 2 1 2 1969 5 1970
2391 2 2 1 2 1971 1970 506
2392 2 2 1 2 1969 1970 1971
2393 2 2 1 2 507 1972 1974
2394 2 2 1 2 1972 506 1973
2395 2 2 1 2 1974 1973 134
2396 2 2 1 2 1972 1973 1974
2397 2 2 1 2 505 1971 1967
2398 2 2 1 2 1971 506 1972
2399 2 2 1 2 1967 1972 507
2400 2 2 1 2 1971 1972 1967
2401 2 2 1 2 135 1975 1977
2402 2 2 1 2 1975 508 1976
2403 2 2 1 2 1977 1976 510
2404 2 2 1 2 1975 1976 1977
2405 2 2 1 2 508 1978 1980
2406 2 2 1 2 1978 134 1979
2407 2 2 1 2 1980 1979 509
2408 2 2 1 2 1978 1979 1980
2409 2 2 1 2 510 1981 1983
2410 2 2 1 2 1981 509 1982
2411 2 2 1 2 1983 1982 38
2412 2 2 1 2 1981 1982 1983
2413 2 2 1 2 508 1980 1976
2414 2 2 1 2 1980 509 1981
2415 2 2 1 2 1976 1981 510
2416 2 2 1 2 1980 1981 1976
2417 2 2 1 2 133 1968 1961
2418 2 2 1 2 1968 507 1984
2419 2 2 1 2 1961 1984 503
2420 2 2 1 2 1968 1984 1961
2421 2 2 1 2 507 1974 1985
2422 2 2 1 2 1974 134 1978
2423 2 2 1 2 1985 1978 508
2424 2 2 1 2 1974 1978 1985
2425 2 2 1 2 503 1986 1964
2426 2 2 1 2 1986 508 1975
2427 2 2 1 2 1964 1975 135
2428 2 2 1 2 1986 1975 1964
2429 2 2 1 2 507 1985 1984
2430 2 2 1 2 1985 508 1986
2431 2 2 1 2 1984 1986 503
2432 2 2 1 2 1985 1986 1984
2433 2 2 1 2 39 1987 1989
2434 2 2 1 2 1987 511 1988
2435 2 2 1 2 1989 1988 513
2436 2 2 1 2 1987 1988 1989
2437 2 2 1 2 511 1990 1992
2438 2 2 1 2 1990 136 1991
2439 2 2 1 2 1992 1991 512
2440 2 2 1 2 1990 1991 1992
2441 2 2 1 2 513 1993 1995
2442 2 2 1 2 1993 512 1994
2443 2 2 1 2 1995 1994 138
2444 2 2 1 2 1993 1994 1995
2445 2 2 1 2 511 1992 1988
2446 2 2 1 2 1992 512 1993
2447 2 2 1 2 1988 1993 513
2448 2 2 1 2 1992 1993 1988
2449 2 2 1 2 136 1996 1998
2450 2 2 1 2 1996 514 1997
2451 2 2 1 2 1998 1997 516
2452 2 2 1 2 1996 1997 1998
2453 2 2 1 2 514 1999 2001
2454 2 2 1 2 1999 38 2000
2455 2 2 1 2 2001 2000 515
2456 2 2 1 2 1999 2000 2001
2457 2 2 1 2 516 2002 2004
2458 2 2 1 2 2002 515 2003
2459 2 2 1 2 2004 2003 137
2460 2 2 1 2 2002 2003 2004
2461 2 2 1 2 514 2001 1997
2462 2 2 1 2 2001 515 2002
2463 2 2 1 2 1997 2002 516
2464 2 2 1 2 2001 2002 1997
2465 2 2 1 2 138 2005 2007
2466 2 2 1 2 2005 517 2006
2467 2 2 1 2 2007 2006 519
2468 2 2 1 2 2005 2006 2007
2469 2 2 1 2 517 2008 2010
2470 2 2 1 2 2008 137 2009
2471 2 2 1 2 2010 2009 518
2472 2 2 1 2 2008 2009 2010
2473 2 2 1 2 519 2011 2013
2474 2 2 1 2 2011 518 2012
2475 2 2 1 2 2013 2012 13
2476 2 2 1 2 2011 2012 2013
2477 2 2 1 2 517 2010 2006
2478 2 2 1 2 2010 518 2011
2479 2 2 1 2 2006 2011 519
2480 2 2 1 2 2010 2011 2006
2481 2 2 1 2 136 1998 1991
2482 2 2 1 2 1998 516 2014
2483 2 2 1 2 1991 2014 512
2484 2 2 1 2 1998 2014 1991
2485 2 2 1 2 516 2004 2015
2486 2 2 1 2 2004 137 2008
2487 2 2 1 2 2015 2008 517
2488 2 2 1 2 2004 2008 2015
2489 2 2 1 2 512 2016 1994
2490 2 2 1 2 2016 517 2005
2491 2 2 1 2 1994 2005 138
2492 2 2 1 2 2016 2005 1994
2493 2 2 1 2 516 2015 2014
2494 2 2 1 2 2015 517 2016
2495 2 2 1 2 2014 2016 512
2496 2 2 1 2 2015 2016 2014
2497 2 2 1 2 37 1959 1940
2498 2 2 1 2 1959 504 2017
2499 2 2 1 2 1940 2017 497
2500 2 2 1 2 1959 2017 1940
2501 2 2 1 2 504 1965 2019
2502 2 2 1 2 1965 135 2018
2503 2 2 1 2 2019 2018 520
2504 2 2 1 2 1965 2018 2019
2505 2 2 1 2 497 2020 1943
2506 2 2 1 2 2020 520 2021
2507 2 2 1 2 1943 2021 131
2508 2 2 1 2 2020 2021 1943
2509 2 2 1 2 504 2019 2017
2510 2 2 1 2 2019 520 2020
2511 2 2 1 2 2017 2020 497
2512 2 2 1 2 2019 2020 2017
2513 2 2 1 2 135 1977 2023
2514 2 2 1 2 1977 510 2022
2515 2 2 1 2 2023 2022 521
2516 2 2 1 2 1977 2022 2023
2517 2 2 1 2 510 1983 2024
2518 2 2 1 2 1983 38 1999
2519 2 2 1 2 2024 1999 514
2520 2 2 1 2 1983 1999 2024
2521 2 2 1 2 521 2025 2026
2522 2 2 1 2 2025 514 1996
2523 2 2 1 2 2026 1996 136
2524 2 2 1 2 2025 1996 2026
2525 2 2 1 2 510 2024 2022
2526 2 2 1 2 2024 514 2025
2527 2 2 1 2 2022 2025 521
2528 2 2 1 2 2024 2025 2022
2529 2 2 1 2 131 2027 1949
2530 2 2 1 2 2027 522 2028
2531 2 2 1 2 1949 2028 500
2532 2 2 1 2 2027 2028 1949
2533 2 2 1 2 522 2029 2030
2534 2 2 1 2 2029 136 1990
2535 2 2 1 2 2030 1990 511
2536 2 2 1 2 2029 1990 2030
2537 2 2 1 2 500 2031 1952
2538 2 2 1 2 2031 511 1987
2539 2 2 1 2 1952 1987 39
2540 2 2 1 2 2031 1987 1952
2541 2 2 1 2 522 2030 2028
2542 2 2 1 2 2030 511 2031
2543 2 2 1 2 2028 2031 500
2544 2 2 1 2 2030 2031 2028
2545 2 2 1 2 135 2023 2018
2546 2 2 1 2 2023 521 2032
2547 2 2 1 2 2018 2032 520
2548 2 2 1 2 2023 2032 2018
2549 2 2 1 2 521 2026 2033
2550 2 2 1 2 2026 136 2029
2551 2 2 1 2 2033 2029 522
2552 2 2 1 2 2026 2029 2033
2553 2 2 1 2 520 2034 2021
2554 2 2 1 2 2034 522 2027
2555 2 2 1 2 2021 2027 131
2556 2 2 1 2 2034 2027 2021
2557 2 2 1 2 521 2033 2032
2558 2 2 1 2 2033 522 2034
2559 2 2 1 2 2032 2034 520
2560 2 2 1 2 2033 2034 2032
2561 2 2 1 2 11 2035 1682
2562 2 2 1 2 2035 523 2036
2563 2 2 1 2 1682 2036 434
2564 2 2 1 2 2035 2036 1682
2565 2 2 1 2 523 2037 2039
2566 2 2 1 2 2037 139 2038
2567 2 2 1 2 2039 2038 524
2568 2 2 1 2 2037 2038 2039
2569 2 2 1 2 434 2040 1685
2570 2 2 1 2 2040 524 2041
2571 2 2 1 2 1685 2041 116
2572 2 2 1 2 2040 2041 1685
2573 2 2 1 2 523 2039 2036
2574 2 2 1 2 2039 524 2040
2575 2 2 1 2 2036 2040 434
2576 2 2 1 2 2039 2040 2036
2577 2 2 1 2 139 2042 2044
2578 2 2 1 2 2042 525 2043
2579 2 2 1 2 2044 2043 527
2580 2 2 1 2 2042 2043 2044
2581 2 2 1 2 525 2045 2047
2582 2 2 1 2 2045 40 2046
2583 2 2 1 2 2047 2046 526
2584 2 2 1 2 2045 2046 2047
2585 2 2 1 2 527 2048 2050
2586 2 2 1 2 2048 526 2049
2587 2 2 1 2 2050 2049 140
2588 2 2 1 2 2048 2049 2050
2589 2 2 1 2 525 2047 2043
2590 2 2 1 2 2047 526 2048
2591 2 2 1 2 2043 2048 527
2592 2 2 1 2 2047 2048 2043
2593 2 2 1 2 116 2051 1691
2594 2 2 1 2 2051 528 2052
2595 2 2 1 2 1691 2052 437
2596 2 2 1 2 2051 2052 1691
2597 2 2 1 2 528 2053 2055
2598 2 2 1 2 2053 140 2054
2599 2 2 1 2 2055 2054 529
2600 2 2 1 2 2053 2054 2055
2601 2 2 1 2 437 2056 1694
2602 2 2 1 2 2056 529 2057
2603 2 2 1 2 1694 2057 34
2604 2 2 1 2 2056 2057 1694
2605 2 2 1 2 528 2055 2052
2606 2 2 1 2 2055 529 2056
2607 2 2 1 2 2052 2056 437
2608 2 2 1 2 2055 2056 2052
2609 2 2 1 2 139 2044 2038
2610 2 2 1 2 2044 527 2058
2611 2 2 1 2 2038 2058 524
2612 2 2 1 2 2044 2058 2038
2613 2 2 1 2 527 2050 2059
2614 2 2 1 2 2050 140 2053
2615 2 2 1 2 2059 2053 528
2616 2 2 1 2 2050 2053 2059
2617 2 2 1 2 524 2060 2041
2618 2 2 1 2 2060 528 2051
2619 2 2 1 2 2041 2051 116
2620 2 2 1 2 2060 2051 2041
2621 2 2 1 2 527 2059 2058
2622 2 2 1 2 2059 528 2060
2623 2 2 1 2 2058 2060 524
2624 2 2 1 2 2059 2060 2058
2625 2 2 1 2 40 2061 2063
2626 2 2 1 2 2061 530 2062
2627 2 2 1 2 2063 2062 532
2628 2 2 1 2 2061 2062 2063
2629 2 2 1 2 530 2064 2066
2630 2 2 1 2 2064 141 2065
2631 2 2 1 2 2066 2065 531
2632 2 2 1 2 2064 2065 2066
2633 2 2 1 2 532 2067 2069
2634 2 2 1 2 2067 531 2068
2635 2 2 1 2 2069 2068 143
2636 2 2 1 2 2067 2068 2069
2637 2 2 1 2 530 2066 2062
2638 2 2 1 2 2066 531 2067
2639 2 2 1 2 2062 2067 532
2640 2 2 1 2 2066 2067 2062
2641 2 2 1 2 141 2070 2072
2642 2 2 1 2 2070 533 2071
2643 2 2 1 2 2072 2071 535
2644 2 2 1 2 2070 2071 2072
2645 2 2 1 2 533 2073 2075
2646 2 2 1 2 2073 13 2074
2647 2 2 1 2 2075 2074 534
2648 2 2 1 2 2073 2074 2075
2649 2 2 1 2 535 2076 2078
2650 2 2 1 2 2076 534 2077
2651 2 2 1 2 2078 2077 142
2652 2 2 1 2 2076 2077 2078
2653 2 2 1 2 533 2075 2071
2654 2 2 1 2 2075 534 2076
2655 2 2 1 2 2071 2076 535
2656 2 2 1 2 2075 2076 2071
2657 2 2 1 2 143 2079 2081
2658 2 2 1 2 2079 536 2080
2659 2 2 1 2 2081 2080 538
2660 2 2 1 2 2079 2080 2081
2661 2 2 1 2 536 2082 2084
2662 2 2 1 2 2082 142 2083
2663 2 2 1 2 2084 2083 537
2664 2 2 1 2 2082 2083 2084
2665 2 2 1 2 538 2085 2087
2666 2 2 1 2 2085 537 2086
2667 2 2 1 2 2087 2086 41
2668 2 2 1 2 2085 2086 2087
2669 2 2 1 2 536 2084 2080
2670 2 2 1 2 2084 537 2085
2671 2 2 1 2 2080 2085 538
2672 2 2 1 2 2084 2085 2080
2673 2 2 1 2 141 2072 2065
2674 2 2 1 2 2072 535 2088
2675 2 2 1 2 2065 2088 531
2676 2 2 1 2 2072 2088 2065
2677 2 2 1 2 535 2078 2089
2678 2 2 1 2 2078 142 2082
2679 2 2 1 2 2089 2082 536
2680 2 2 1 2 2078 2082 2089
2681 2 2 1 2 531 2090 2068
2682 2 2 1 2 2090 536 2079
2683 2 2 1 2 2068 2079 143
2684 2 2 1 2 2090 2079 2068
2685 2 2 1 2 535 2089 2088
2686 2 2 1 2 2089 536 2090
2687 2 2 1 2 2088 2090 531
2688 2 2 1 2 2089 2090 2088
2689 2 2 1 2 34 2091 1710
2690 2 2 1 2 2091 539 2092
2691 2 2 1 2 1710 2092 442
2692 2 2 1 2 2091 2092 1710
2693 2 2 1 2 539 2093 2095
2694 2 2 1 2 2093 144 2094
2695 2 2 1 2 2095 2094 540
2696 2 2 1 2 2093 2094 2095
2697 2 2 1 2 442 2096 1713
2698 2 2 1 2 2096 540 2097
2699 2 2 1 2 1713 2097 119
2700 2 2 1 2 2096 2097 1713
2701 2 2 1 2 539 2095 2092
2702 2 2 1 2 2095 540 2096
2703 2 2 1 2 2092 2096 442
2704 2 2 1 2 2095 2096 2092
2705 2 2 1 2 144 2098 2100
2706 2 2 1 2 2098 541 2099
2707 2 2 1 2 2100 2099 543
2708 2 2 1 2 2098 2099 2100
2709 2 2 1 2 541 2101 2103
2710 2 2 1 2 2101 41 2102
2711 2 2 1 2 2103 2102 542
2712 2 2 1 2 2101 2102 2103
2713 2 2 1 2 543 2104 2106
2714 2 2 1 2 2104 542 2105
2715 2 2 1 2 2106 2105 145
2716 2 2 1 2 2104 2105 2106
2717 2 2 1 2 541 2103 2099
2718 2 2 1 2 2103 542 2104
2719 2 2 1 2 2099 2104 543
2720 2 2 1 2 2103 2104 2099
2721 2 2 1 2 119 2107 1718
2722 2 2 1 2 2107 544 2108
2723 2 2 1 2 1718 2108 445
2724 2 2 1 2 2107 2108 1718
2725 2 2 1 2 544 2109 2111
2726 2 2 1 2 2109 145 2110
2727 2 2 1 2 2111 2110 545
2728 2 2 1 2 2109 2110 2111
2729 2 2 1 2 445 2112 1721
2730 2 2 1 2 2112 545 2113
2731 2 2 1 2 1721 2113 3
2732 2 2 1 2 2112 2113 1721
2733 2 2 1 2 544 2111 2108
2734 2 2 1 2 2111 545 2112
2735 2 2 1 2 2108 2112 445
2736 2 2 1 2 2111 2112 2108
2737 2 2 1 2 144 2100 2094
2738 2 2 1 2 2100 543 2114
2739 2 2 1 2 2094 2114 540
2740 2 2 1 2 2100 2114 2094
2741 2 2 1 2 543 2106 2115
2742 2 2 1 2 2106 145 2109
2743 2 2 1 2 2115 2109 544
2744 2 2 1 2 2106 2109 2115
2745 2 2 1 2 540 2116 2097
2746 2 2 1 2 2116 544 2107
2747 2 2 1 2 2097 2107 119
2748 2 2 1 2 2116 2107 2097
2749 2 2 1 2 543 2115 2114
2750 2 2 1 2 2115 544 2116
2751 2 2 1 2 2114 2116 540
2752 2 2 1 2 2115 2116 2114
2753 2 2 1 2 40 2063 2046
2754 2 2 1 2 2063 532 2117
2755 2 2 1 2 2046 2117 526
2756 2 2 1 2 2063 2117 2046
2757 2 2 1 2 532 2069 2119
2758 2 2 1 2 2069 143 2118
2759 2 2 1 2 2119 2118 546
2760 2 2 1 2 2069 2118 2119
2761 2 2 1 2 526 2120 2049
2762 2 2 1 2 2120 546 2121
2763 2 2 1 2 2049 2121 140
2764 2 2 1 2 2120 2121 2049
2765 2 2 1 2 532 2119 2117
2766 2 2 1 2 2119 546 2120
2767 2 2 1 2 2117 2120 526
2768 2 2 1 2 2119 2120 2117
2769 2 2 1 2 143 2081 2123
2770 2 2 1 2 2081 538 2122
2771 2 2 1 2 2123 2122 547
2772 2 2 1 2 2081 2122 2123
2773 2 2 1 2 538 2087 2124
2774 2 2 1 2 2087 41 2101
2775 2 2 1 2 2124 2101 541
2776 2 2 1 2 2087 2101 2124
2777 2 2 1 2 547 2125 2126
2778 2 2 1 2 2125 541 2098
2779 2 2 1 2 2126 2098 144
2780 2 2 1 2 2125 2098 2126
2781 2 2 1 2 538 2124 2122
2782 2 2 1 2 2124 541 2125
2783 2 2 1 2 2122 2125 547
2784 2 2 1 2 2124 2125 2122
2785 2 2 1 2 140 2127 2054
2786 2 2 1 2 2127 548 2128
2787 2 2 1 2 2054 2128 529
2788 2 2 1 2 2127 2128 2054
2789 2 2 1 2 548 2129 2130
2790 2 2 1 2 2129 144 2093
2791 2 2 1 2 2130 2093 539
2792 2 2 1 2 2129 2093 2130
2793 2 2 1 2 529 2131 2057
2794 2 2 1 2 2131 539 2091
2795 2 2 1 2 2057 2091 34
2796 2 2 1 2 2131 2091 2057
2797 2 2 1 2 548 2130 2128
2798 2 2 1 2 2130 539 2131
2799 2 2 1 2 2128 2131 529
2800 2 2 1 2 2130 2131 2128
2801 2 2 1 2 143 2123 2118
2802 2 2 1 2 2123 547 2132
2803 2 2 1 2 2118 2132 546
2804 2 2 1 2 2123 2132 2118
2805 2 2 1 2 547 2126 2133
2806 2 2 1 2 2126 144 2129
2807 2 2 1 2 2133 2129 548
2808 2 2 1 2 2126 2129 2133
2809 2 2 1 2 546 2134 2121
2810 2 2 1 2 2134 548 2127
2811 2 2 1 2 2121 2127 140
2812 2 2 1 2 2134 2127 2121
2813 2 2 1 2 547 2133 2132
2814 2 2 1 2 2133 548 2134
2815 2 2 1 2 2132 2134 546
2816 2 2 1 2 2133 2134 2132
2817 2 2 1 2 12 1929 1866
2818 2 2 1 2 1929 495 2135
2819 2 2 1 2 1866 2135 478
2820 2 2 1 2 1929 2135 1866
2821 2 2 1 2 495 1935 2137
2822 2 2 1 2 1935 132 2136
2823 2 2 1 2 2137 2136 549
2824 2 2 1 2 1935 2136 2137
2825 2 2 1 2 478 2138 1869
2826 2 2 1 2 2138 549 2139
2827 2 2 1 2 1869 2139 126
2828 2 2 1 2 2138 2139 1869
2829 2 2 1 2 495 2137 2135
2830 2 2 1 2 2137 549 2138
2831 2 2 1 2 2135 2138 478
2832 2 2 1 2 2137 2138 2135
2833 2 2 1 2 132 1947 2141
2834 2 2 1 2 1947 501 2140
2835 2 2 1 2 2141 2140 551
2836 2 2 1 2 1947 2140 2141
2837 2 2 1 2 501 1953 2143
2838 2 2 1 2 1953 39 2142
2839 2 2 1 2 2143 2142 550
2840 2 2 1 2 1953 2142 2143
2841 2 2 1 2 551 2144 2146
2842 2 2 1 2 2144 550 2145
2843 2 2 1 2 2146 2145 146
2844 2 2 1 2 2144 2145 2146
2845 2 2 1 2 501 2143 2140
2846 2 2 1 2 2143 550 2144
2847 2 2 1 2 2140 2144 551
2848 2 2 1 2 2143 2144 2140
2849 2 2 1 2 126 2147 1875
2850 2 2 1 2 2147 552 2148
2851 2 2 1 2 1875 2148 481
2852 2 2 1 2 2147 2148 1875
2853 2 2 1 2 552 2149 2151
2854 2 2 1 2 2149 146 2150
2855 2 2 1 2 2151 2150 553
2856 2 2 1 2 2149 2150 2151
2857 2 2 1 2 481 2152 1878
2858 2 2 1 2 2152 553 2153
2859 2 2 1 2 1878 2153 36
2860 2 2 1 2 2152 2153 1878
2861 2 2 1 2 552 2151 2148
2862 2 2 1 2 2151 553 2152
2863 2 2 1 2 2148 2152 481
2864 2 2 1 2 2151 2152 2148
2865 2 2 1 2 132 2141 2136
2866 2 2 1 2 2141 551 2154
2867 2 2 1 2 2136 2154 549
2868 2 2 1 2 2141 2154 2136
2869 2 2 1 2 551 2146 2155
2870 2 2 1 2 2146 146 2149
2871 2 2 1 2 2155 2149 552
2872 2 2 1 2 2146 2149 2155
2873 2 2 1 2 549 2156 2139
2874 2 2 1 2 2156 552 2147
2875 2 2 1 2 2139 2147 126
2876 2 2 1 2 2156 2147 2139
2877 2 2 1 2 551 2155 2154
2878 2 2 1 2 2155 552 2156
2879 2 2 1 2 2154 2156 549
2880 2 2 1 2 2155 2156 2154
2881 2 2 1 2 39 1989 2158
2882 2 2 1 2 1989 513 2157
2883 2 2 1 2 2158 2157 555
2884 2 2 1 2 1989 2157 2158
2885 2 2 1 2 513 1995 2160
2886 2 2 1 2 1995 138 2159
2887 2 2 1 2 2160 2159 554
2888 2 2 1 2 1995 2159 2160
2889 2 2 1 2 555 2161 2163
2890 2 2 1 2 2161 554 2162
2891 2 2 1 2 2163 2162 147
2892 2 2 1 2 2161 2162 2163
2893 2 2 1 2 513 2160 2157
2894 2 2 1 2 2160 554 2161
2895 2 2 1 2 2157 2161 555
2896 2 2 1 2 2160 2161 2157
2897 2 2 1 2 138 2007 2165
2898 2 2 1 2 2007 519 2164
2899 2 2 1 2 2165 2164 556
2900 2 2 1 2 2007 2164 2165
2901 2 2 1 2 519 2013 2166
2902 2 2 1 2 2013 13 2073
2903 2 2 1 2 2166 2073 533
2904 2 2 1 2 2013 2073 2166
2905 2 2 1 2 556 2167 2168
2906 2 2 1 2 2167 533 2070
2907 2 2 1 2 2168 2070 141
2908 2 2 1 2 2167 2070 2168
2909 2 2 1 2 519 2166 2164
2910 2 2 1 2 2166 533 2167
2911 2 2 1 2 2164 2167 556
2912 2 2 1 2 2166 2167 2164
2913 2 2 1 2 147 2169 2171
2914 2 2 1 2 2169 557 2170
2915 2 2 1 2 2171 2170 558
2916 2 2 1 2 2169 2170 2171
2917 2 2 1 2 557 2172 2173
2918 2 2 1 2 2172 141 2064
2919 2 2 1 2 2173 2064 530
2920 2 2 1 2 2172 2064 2173
2921 2 2 1 2 558 2174 2175
2922 2 2 1 2 2174 530 2061
2923 2 2 1 2 2175 2061 40
2924 2 2 1 2 2174 2061 2175
2925 2 2 1 2 557 2173 2170
2926 2 2 1 2 2173 530 2174
2927 2 2 1 2 2170 2174 558
2928 2 2 1 2 2173 2174 2170
2929 2 2 1 2 138 2165 2159
2930 2 2 1 2 2165 556 2176
2931 2 2 1 2 2159 2176 554
2932 2 2 1 2 2165 2176 2159
2933 2 2 1 2 556 2168 2177
2934 2 2 1 2 2168 141 2172
2935 2 2 1 2 2177 2172 557
2936 2 2 1 2 2168 2172 2177
2937 2 2 1 2 554 2178 2162
2938 2 2 1 2 2178 557 2169
2939 2 2 1 2 2162 2169 147
2940 2 2 1 2 2178 2169 2162
2941 2 2 1 2 556 2177 2176
2942 2 2 1 2 2177 557 2178
2943 2 2 1 2 2176 2178 554
2944 2 2 1 2 2177 2178 2176
2945 2 2 1 2 36 2179 1894
2946 2 2 1 2 2179 559 2180
2947 2 2 1 2 1894 2180 486
2948 2 2 1 2 2179 2180 1894
2949 2 2 1 2 559 2181 2183
2950 2 2 1 2 2181 148 2182
2951 2 2 1 2 2183 2182 560
2952 2 2 1 2 2181 2182 2183
2953 2 2 1 2 486 2184 1897
2954 2 2 1 2 2184 560 2185
2955 2 2 1 2 1897 2185 129
2956 2 2 1 2 2184 2185 1897
2957 2 2 1 2 559 2183 2180
2958 2 2 1 2 2183 560 2184
2959 2 2 1 2 2180 2184 486
2960 2 2 1 2 2183 2184 2180
2961 2 2 1 2 148 2186 2188
2962 2 2 1 2 2186 561 2187
2963 2 2 1 2 2188 2187 562
2964 2 2 1 2 2186 2187 2188
2965 2 2 1 2 561 2189 2190
2966 2 2 1 2 2189 40 2045
2967 2 2 1 2 2190 2045 525
2968 2 2 1 2 2189 2045 2190
2969 2 2 1 2 562 2191 2192
2970 2 2 1 2 2191 525 2042
2971 2 2 1 2 2192 2042 139
2972 2 2 1 2 2191 2042 2192
2973 2 2 1 2 561 2190 2187
2974 2 2 1 2 2190 525 2191
2975 2 2 1 2 2187 2191 562
2976 2 2 1 2 2190 2191 2187
2977 2 2 1 2 129 2193 1902
2978 2 2 1 2 2193 563 2194
2979 2 2 1 2 1902 2194 489
2980 2 2 1 2 2193 2194 1902
2981 2 2 1 2 563 2195 2196
2982 2 2 1 2 2195 139 2037
2983 2 2 1 2 2196 2037 523
2984 2 2 1 2 2195 2037 2196
2985 2 2 1 2 489 2197 1905
2986 2 2 1 2 2197 523 2035
2987 2 2 1 2 1905 2035 11
2988 2 2 1 2 2197 2035 1905
2989 2 2 1 2 563 2196 2194
2990 2 2 1 2 2196 523 2197
2991 2 2 1 2 2194 2197 489
2992 2 2 1 2 2196 2197 2194
2993 2 2 1 2 148 2188 2182
2994 2 2 1 2 2188 562 2198
2995 2 2 1 2 2182 2198 560
2996 2 2 1 2 2188 2198 2182
2997 2 2 1 2 562 2192 2199
2998 2 2 1 2 2192 139 2195
2999 2 2 1 2 2199 2195 563
3000 2 2 1 2 2192 2195 2199
3001 2 2 1 2 560 2200 2185
3002 2 2 1 2 2200 563 2193
3003 2 2 1 2 2185 2193 129
3004 2 2 1 2 2200 2193 2185
3005 2 2 1 2 562 2199 2198
3006 2 2 1 2 2199 563 2200
3007 2 2 1 2 2198 2200 560
3008 2 2 1 2 2199 2200 2198
3009 2 2 1 2 39 2158 2142
3010 2 2 1 2 2158 555 2201
3011 2 2 1 2 2142 2201 550
3012 2 2 1 2 2158 2201 2142
3013 2 2 1 2 555 2163 2203
3014 2 2 1 2 2163 147 2202
3015 2 2 1 2 2203 2202 564
3016 2 2 1 2 2163 2202 2203
3017 2 2 1 2 550 2204 2145
3018 2 2 1 2 2204 564 2205
3019 2 2 1 2 2145 2205 146
3020 2 2 1 2 2204 2205 2145
3021 2 2 1 2 555 2203 2201
3022 2 2 1 2 2203 564 2204
3023 2 2 1 2 2201 2204 550
3024 2 2 1 2 2203 2204 2201
3025 2 2 1 2 147 2171 2207
3026 2 2 1 2 2171 558 2206
3027 2 2 1 2 2207 2206 565
3028 2 2 1 2 2171 2206 2207
3029 2 2 1 2 558 2175 2208
3030 2 2 1 2 2175 40 2189
3031 2 2 1 2 2208 2189 561
3032 2 2 1 2 2175 2189 2208
3033 2 2 1 2 565 2209 2210
3034 2 2 1 2 2209 561 2186
3035 2 2 1 2 2210 2186 148
3036 2 2 1 2 2209 2186 2210
3037 2 2 1 2 558 2208 2206
3038 2 2 1 2 2208 561 2209
3039 2 2 1 2 2206 2209 565
3040 2 2 1 2 2208 2209 2206
3041 2 2 1 2 146 2211 2150
3042 2 2 1 2 2211 566 2212
3043 2 2 1 2 2150 2212 553
3044 2 2 1 2 2211 2212 2150
3045 2 2 1 2 566 2213 2214
3046 2 2 1 2 2213 148 2181
3047 2 2 1 2 2214 2181 559
3048 2 2 1 2 2213 2181 2214
3049 2 2 1 2 553 2215 2153
3050 2 2 1 2 2215 559 2179
3051 2 2 1 2 2153 2179 36
3052 2 2 1 2 2215 2179 2153
3053 2 2 1 2 566 2214 2212
3054 2 2 1 2 2214 559 2215
3055 2 2 1 2 2212 2215 553
3056 2 2 1 2 2214 2215 2212
3057 2 2 1 2 147 2207 2202
3058 2 2 1 2 2207 565 2216
3059 2 2 1 2 2202 2216 564
3060 2 2 1 2 2207 2216 2202
3061 2 2 1 2 565 2210 2217
3062 2 2 1 2 2210 148 2213
3063 2 2 1 2 2217 2213 566
3064 2 2 1 2 2210 2213 2217
3065 2 2 1 2 564 2218 2205
3066 2 2 1 2 2218 566 2211
3067 2 2 1 2 2205 2211 146
3068 2 2 1 2 2218 2211 2205
3069 2 2 1 2 565 2217 2216
3070 2 2 1 2 2217 566 2218
3071 2 2 1 2 2216 2218 564
3072 2 2 1 2 2217 2218 2216
3073 2 2 1 2 5 2219 1970
3074 2 2 1 2 2219 567 2220
3075 2 2 1 2 1970 2220 506
3076 2 2 1 2 2219 2220 1970
3077 2 2 1 2 567 2221 2223
3078 2 2 1 2 2221 149 2222
3079 2 2 1 2 2223 2222 568
3080 2 2 1 2 2221 2222 2223
3081 2 2 1 2 506 2224 1973
3082 2 2 1 2 2224 568 2225
3083 2 2 1 2 1973 2225 134
3084 2 2 1 2 2224 2225 1973
3085 2 2 1 2 567 2223 2220
3086 2 2 1 2 2223 568 2224
3087 2 2 1 2 2220 2224 506
3088 2 2 1 2 2223 2224 2220
3089 2 2 1 2 149 2226 2228
3090 2 2 1 2 2226 569 2227
3091 2 2 1 2 2228 2227 571
3092 2 2 1 2 2226 2227 2228
3093 2 2 1 2 569 2229 2231
3094 2 2 1 2 2229 42 2230
3095 2 2 1 2 2231 2230 570
3096 2 2 1 2 2229 2230 2231
3097 2 2 1 2 571 2232 2234
3098 2 2 1 2 2232 570 2233
3099 2 2 1 2 2234 2233 150
3100 2 2 1 2 2232 2233 2234
3101 2 2 1 2 569 2231 2227
3102 2 2 1 2 2231 570 2232
3103 2 2 1 2 2227 2232 571
3104 2 2 1 2 2231 2232 2227
3105 2 2 1 2 134 2235 1979
3106 2 2 1 2 2235 572 2236
3107 2 2 1 2 1979 2236 509
3108 2 2 1 2 2235 2236 1979
3109 2 2 1 2 572 2237 2239
3110 2 2 1 2 2237 150 2238
3111 2 2 1 2 2239 2238 573
3112 2 2 1 2 2237 2238 2239
3113 2 2 1 2 509 2240 1982
3114 2 2 1 2 2240 573 2241
3115 2 2 1 2 1982 2241 38
3116 2 2 1 2 2240 2241 1982
3117 2 2 1 2 572 2239 2236
3118 2 2 1 2 2239 573 2240
3119 2 2 1 2 2236 2240 509
3120 2 2 1 2 2239 2240 2236
3121 2 2 1 2 149 2228 2222
3122 2 2 1 2 2228 571 2242
3123 2 2 1 2 2222 2242 568
3124 2 2 1 2 2228 2242 2222
3125 2 2 1 2 571 2234 2243
3126 2 2 1 2 2234 150 2237
3127 2 2 1 2 2243 2237 572
3128 2 2 1 2 2234 2237 2243
3129 2 2 1 2 568 2244 2225
3130 2 2 1 2 2244 572 2235
3131 2 2 1 2 2225 2235 134
3132 2 2 1 2 2244 2235 2225
3133 2 2 1 2 571 2243 2242
3134 2 2 1 2 2243 572 2244
3135 2 2 1 2 2242 2244 568
3136 2 2 1 2 2243 2244 2242
3137 2 2 1 2 42 2245 2247
3138 2 2 1 2 2245 574 2246
3139 2 2 1 2 2247 2246 576
3140 2 2 1 2 2245 2246 2247
3141 2 2 1 2 574 2248 2250
3142 2 2 1 2 2248 151 2249
3143 2 2 1 2 2250 2249 575
3144 2 2 1 2 2248 2249 2250
3145 2 2 1 2 576 2251 2253
3146 2 2 1 2 2251 575 2252
3147 2 2 1 2 2253 2252 153
3148 2 2 1 2 2251 2252 2253
3149 2 2 1 2 574 2250 2246
3150 2 2 1 2 2250 575 2251
3151 2 2 1 2 2246 2251 576
3152 2 2 1 2 2250 2251 2246
3153 2 2 1 2 151 2254 2256
3154 2 2 1 2 2254 577 2255
3155 2 2 1 2 2256 2255 579
3156 2 2 1 2 2254 2255 2256
3157 2 2 1 2 577 2257 2259
3158 2 2 1 2 2257 14 2258
3159 2 2 1 2 2259 2258 578
3160 2 2 1 2 2257 2258 2259
3161 2 2 1 2 579 2260 2262
3162 2 2 1 2 2260 578 2261
3163 2 2 1 2 2262 2261 152
3164 2 2 1 2 2260 2261 2262
3165 2 2 1 2 577 2259 2255
3166 2 2 1 2 2259 578 2260
3167 2 2 1 2 2255 2260 579
3168 2 2 1 2 2259 2260 2255
3169 2 2 1 2 153 2263 2265
3170 2 2 1 2 2263 580 2264
3171 2 2 1 2 2265 2264 582
3172 2 2 1 2 2263 2264 2265
3173 2 2 1 2 580 2266 2268
3174 2 2 1 2 2266 152 2267
3175 2 2 1 2 2268 2267 581
3176 2 2 1 2 2266 2267 2268
3177 2 2 1 2 582 2269 2271
3178 2 2 1 2 2269 581 2270
3179 2 2 1 2 2271 2270 43
3180 2 2 1 2 2269 2270 2271
3181 2 2 1 2 580 2268 2264
3182 2 2 1 2 2268 581 2269
3183 2 2 1 2 2264 2269 582
3184 2 2 1 2 2268 2269 2264
3185 2 2 1 2 151 2256 2249
3186 2 2 1 2 2256 579 2272
3187 2 2 1 2 2249 2272 575
3188 2 2 1 2 2256 2272 2249
3189 2 2 1 2 579 2262 2273
3190 2 2 1 2 2262 152 2266
3191 2 2 1 2 2273 2266 580
3192 2 2 1 2 2262 2266 2273
3193 2 2 1 2 575 2274 2252
3194 2 2 1 2 2274 580 2263
3195 2 2 1 2 2252 2263 153
3196 2 2 1 2 2274 2263 2252
3197 2 2 1 2 579 2273 2272
3198 2 2 1 2 2273 580 2274
3199 2 2 1 2 2272 2274 575
3200 2 2 1 2 2273 2274 2272
3201 2 2 1 2 38 2275 2000
3202 2 2 1 2 2275 583 2276
3203 2 2 1 2 2000 2276 515
3204 2 2 1 2 2275 2276 2000
3205 2 2 1 2 583 2277 2279
3206 2 2 1 2 2277 154 2278
3207 2 2 1 2 2279 2278 584
3208 2 2 1 2 2277 2278 2279
3209 2 2 1 2 515 2280 2003
3210 2 2 1 2 2280 584 2281
3211 2 2 1 2 2003 2281 137
3212 2 2 1 2 2280 2281 2003
3213 2 2 1 2 583 2279 2276
3214 2 2 1 2 2279 584 2280
3215 2 2 1 2 2276 2280 515
3216 2 2 1 2 2279 2280 2276
3217 2 2 1 2 154 2282 2284
3218 2 2 1 2 2282 585 2283
3219 2 2 1 2 2284 2283 587
3220 2 2 1 2 2282 2283 2284
3221 2 2 1 2 585 2285 2287
3222 2 2 1 2 2285 43 2286
3223 2 2 1 2 2287 2286 586
3224 2 2 1 2 2285 2286 2287
3225 2 2 1 2 587 2288 2290
3226 2 2 1 2 2288 586 2289
3227 2 2 1 2 2290 2289 155
3228 2 2 1 2 2288 2289 2290
3229 2 2 1 2 585 2287 2283
3230 2 2 1 2 2287 586 2288
3231 2 2 1 2 2283 2288 587
3232 2 2 1 2 2287 2288 2283
3233 2 2 1 2 137 2291 2009
3234 2 2 1 2 2291 588 2292
3235 2 2 1 2 2009 2292 518
3236 2 2 1 2 2291 2292 2009
3237 2 2 1 2 588 2293 2295
3238 2 2 1 2 2293 155 2294
3239 2 2 1 2 2295 2294 589
3240 2 2 1 2 2293 2294 2295
3241 2 2 1 2 518 2296 2012
3242 2 2 1 2 2296 589 2297
3243 2 2 1 2 2012 2297 13
3244 2 2 1 2 2296 2297 2012
3245 2 2 1 2 588 2295 2292
3246 2 2 1 2 2295 589 2296
3247 2 2 1 2 2292 2296 518
3248 2 2 1 2 2295 2296 2292
3249 2 2 1 2 154 2284 2278
3250 2 2 1 2 2284 587 2298
3251 2 2 1 2 2278 2298 584
3252 2 2 1 2 2284 2298 2278
3253 2 2 1 2 587 2290 2299
3254 2 2 1 2 2290 155 2293
3255 2 2 1 2 2299 2293 588
3256 2 2 1 2 2290 2293 2299
3257 2 2 1 2 584 2300 2281
3258 2 2 1 2 2300 588 2291
3259 2 2 1 2 2281 2291 137
3260 2 2 1 2 2300 2291 2281
3261 2 2 1 2 587 2299 2298
3262 2 2 1 2 2299 588 2300
3263 2 2 1 2 2298 2300 584
3264 2 2 1 2 2299 2300 2298
3265 2 2 1 2 42 2247 2230
3266 2 2 1 2 2247 576 2301
3267 2 2 1 2 2230 2301 570
3268 2 2 1 2 2247 2301 2230
3269 2 2 1 2 576 2253 2303
3270 2 2 1 2 2253 153 2302
3271 2 2 1 2 2303 2302 590
3272 2 2 1 2 2253 2302 2303
3273 2 2 1 2 570 2304 2233
3274 2 2 1 2 2304 590 2305
3275 2 2 1 2 2233 2305 150
3276 2 2 1 2 2304 2305 2233
3277 2 2 1 2 576 2303 2301
3278 2 2 1 2 2303 590 2304
3279 2 2 1 2 2301 2304 570
3280 2 2 1 2 2303 2304 2301
3281 2 2 1 2 153 2265 2307
3282 2 2 1 2 2265 582 2306
3283 2 2 1 2 2307 2306 591
3284 2 2 1 2 2265 2306 2307
3285 2 2 1 2 582 2271 2308
3286 2 2 1 2 2271 43 2285
3287 2 2 1 2 2308 2285 585
3288 2 2 1 2 2271 2285 2308
3289 2 2 1 2 591 2309 2310
3290 2 2 1 2 2309 585 2282
3291 2 2 1 2 2310 2282 154
3292 2 2 1 2 2309 2282 2310
3293 2 2 1 2 582 2308 2306
3294 2 2 1 2 2308 585 2309
3295 2 2 1 2 2306 2309 591
3296 2 2 1 2 2308 2309 2306
3297 2 2 1 2 150 2311 2238
3298 2 2 1 2 2311 592 2312
3299 2 2 1 2 2238 2312 573
3300 2 2 1 2 2311 2312 2238
3301 2 2 1 2 592 2313 2314
3302 2 2 1 2 2313 154 2277
3303 2 2 1 2 2314 2277 583
3304 2 2 1 2 2313 2277 2314
3305 2 2 1 2 573 2315 2241
3306 2 2 1 2 2315 583 2275
3307 2 2 1 2 2241 2275 38
3308 2 2 1 2 2315 2275 2241
3309 2 2 1 2 592 2314 2312
3310 2 2 1 2 2314 583 2315
3311 2 2 1 2 2312 2315 573
3312 2 2 1 2 2314 2315 2312
3313 2 2 1 2 153 2307 2302
3314 2 2 1 2 2307 591 2316
3315 2 2 1 2 2302 2316 590
3316 2 2 1 2 2307 2316 2302
3317 2 2 1 2 591 2310 2317
3318 2 2 1 2 2310 154 2313
3319 2 2 1 2 2317 2313 592
3320 2 2 1 2 2310 2313 2317
3321 2 2 1 2 590 2318 2305
3322 2 2 1 2 2318 592 2311
3323 2 2 1 2 2305 2311 150
3324 2 2 1 2 2318 2311 2305
3325 2 2 1 2 591 2317 2316
3326 2 2 1 2 2317 592 2318
3327 2 2 1 2 2316 2318 590
3328 2 2 1 2 2317 2318 2316
3329 2 2 1 2 14 2319 2321
3330 2 2 1 2 2319 593 2320
3331 2 2 1 2 2321 2320 595
3332 2 2 1 2 2319 2320 2321
3333 2 2 1 2 593 2322 2324
3334 2 2 1 2 2322 156 2323
3335 2 2 1 2 2324 2323 594
3336 2 2 1 2 2322 2323 2324
3337 2 2 1 2 595 2325 2327
3338 2 2 1 2 2325 594 2326
3339 2 2 1 2 2327 2326 158
3340 2 2 1 2 2325 2326 2327
3341 2 2 1 2 593 2324 2320
3342 2 2 1 2 2324 594 2325
3343 2 2 1 2 2320 2325 595
3344 2 2 1 2 2324 2325 2320
3345 2 2 1 2 156 2328 2330
3346 2 2 1 2 2328 596 2329
3347 2 2 1 2 2330 2329 598
3348 2 2 1 2 2328 2329 2330
3349 2 2 1 2 596 2331 2333
3350 2 2 1 2 2331 44 2332
3351 2 2 1 2 2333 2332 597
3352 2 2 1 2 2331 2332 2333
3353 2 2 1 2 598 2334 2336
3354 2 2 1 2 2334 597 2335
3355 2 2 1 2 2336 2335 157
3356 2 2 1 2 2334 2335 2336
3357 2 2 1 2 596 2333 2329
3358 2 2 1 2 2333 597 2334
3359 2 2 1 2 2329 2334 598
3360 2 2 1 2 2333 2334 2329
3361 2 2 1 2 158 2337 2339
3362 2 2 1 2 2337 599 2338
3363 2 2 1 2 2339 2338 601
3364 2 2 1 2 2337 2338 2339
3365 2 2 1 2 599 2340 2342
3366 2 2 1 2 2340 157 2341
3367 2 2 1 2 2342 2341 600
3368 2 2 1 2 2340 2341 2342
3369 2 2 1 2 601 2343 2345
3370 2 2 1 2 2343 600 2344
3371 2 2 1 2 2345 2344 45
3372 2 2 1 2 2343 2344 2345
3373 2 2 1 2 599 2342 2338
3374 2 2 1 2 2342 600 2343
3375 2 2 1 2 2338 2343 601
3376 2 2 1 2 2342 2343 2338
3377 2 2 1 2 156 2330 2323
3378 2 2 1 2 2330 598 2346
3379 2 2 1 2 2323 2346 594
3380 2 2 1 2 2330 2346 2323
3381 2 2 1 2 598 2336 2347
3382 2 2 1 2 2336 157 2340
3383 2 2 1 2 2347 2340 599
3384 2 2 1 2 2336 2340 2347
3385 2 2 1 2 594 2348 2326
3386 2 2 1 2 2348 599 2337
3387 2 2 1 2 2326 2337 158
3388 2 2 1 2 2348 2337 2326
3389 2 2 1 2 598 2347 2346
3390 2 2 1 2 2347 599 2348
3391 2 2 1 2 2346 2348 594
3392 2 2 1 2 2347 2348 2346
3393 2 2 1 2 44 2349 2351
3394 2 2 1 2 2349 602 2350
3395 2 2 1 2 2351 2350 604
3396 2 2 1 2 2349 2350 2351
3397 2 2 1 2 602 2352 2354
3398 2 2 1 2 2352 159 2353
3399 2 2 1 2 2354 2353 603
3400 2 2 1 2 2352 2353 2354
3401 2 2 1 2 604 2355 2357
3402 2 2 1 2 2355 603 2356
3403 2 2 1 2 2357 2356 160
3404 2 2 1 2 2355 2356 2357
3405 2 2 1 2 602 2354 2350
3406 2 2 1 2 2354 603 2355
3407 2 2 1 2 2350 2355 604
3408 2 2 1 2 2354 2355 2350
3409 2 2 1 2 159 2358 2360
3410 2 2 1 2 2358 605 2359
3411 2 2 1 2 2360 2359 606
3412 2 2 1 2 2358 2359 2360
3413 2 2 1 2 605 2361 2362
3414 2 2 1 2 2361 1 1029
3415 2 2 1 2 2362 1029 261
3416 2 2 1 2 2361 1029 2362
3417 2 2 1 2 606 2363 2364
3418 2 2 1 2 2363 261 1035
3419 2 2 1 2 2364 1035 69
3420 2 2 1 2 2363 1035 2364
3421 2 2 1 2 605 2362 2359
3422 2 2 1 2 2362 261 2363
3423 2 2 1 2 2359 2363 606
3424 2 2 1 2 2362 2363 2359
3425 2 2 1 2 160 2365 2367
3426 2 2 1 2 2365 607 2366
3427 2 2 1 2 2367 2366 608
3428 2 2 1 2 2365 2366 2367
3429 2 2 1 2 607 2368 2369
3430 2 2 1 2 2368 69 1047
3431 2 2 1 2 2369 1047 267
3432 2 2 1 2 2368 1047 2369
3433 2 2 1 2 608 2370 2371
3434 2 2 1 2 2370 267 1053
3435 2 2 1 2 2371 1053 21
3436 2 2 1 2 2370 1053 2371
3437 2 2 1 2 607 2369 2366
3438 2 2 1 2 2369 267 2370
3439 2 2 1 2 2366 2370 608
3440 2 2 1 2 2369 2370 2366
3441 2 2 1 2 159 2360 2353
3442 2 2 1 2 2360 606 2372
3443 2 2 1 2 2353 2372 603
3444 2 2 1 2 2360 2372 2353
3445 2 2 1 2 606 2364 2373
3446 2 2 1 2 2364 69 2368
3447 2 2 1 2 2373 2368 607
3448 2 2 1 2 2364 2368 2373
3449 2 2 1 2 603 2374 2356
3450 2 2 1 2 2374 607 2365
3451 2 2 1 2 2356 2365 160
3452 2 2 1 2 2374 2365 2356
3453 2 2 1 2 606 2373 2372
3454 2 2 1 2 2373 607 2374
3455 2 2 1 2 2372 2374 603
3456 2 2 1 2 2373 2374 2372
3457 2 2 1 2 45 2375 2377
3458 2 2 1 2 2375 609 2376
3459 2 2 1 2 2377 2376 611
3460 2 2 1 2 2375 2376 2377
3461 2 2 1 2 609 2378 2380
3462 2 2 1 2 2378 161 2379
3463 2 2 1 2 2380 2379 610
3464 2 2 1 2 2378 2379 2380
3465 2 2 1 2 611 2381 2383
3466 2 2 1 2 2381 610 2382
3467 2 2 1 2 2383 2382 162
3468 2 2 1 2 2381 2382 2383
3469 2 2 1 2 609 2380 2376
3470 2 2 1 2 2380 610 2381
3471 2 2 1 2 2376 2381 611
3472 2 2 1 2 2380 2381 2376
3473 2 2 1 2 161 2384 2386
3474 2 2 1 2 2384 612 2385
3475 2 2 1 2 2386 2385 613
3476 2 2 1 2 2384 2385 2386
3477 2 2 1 2 612 2387 2388
3478 2 2 1 2 2387 21 1089
3479 2 2 1 2 2388 1089 279
3480 2 2 1 2 2387 1089 2388
3481 2 2 1 2 613 2389 2390
3482 2 2 1 2 2389 279 1095
3483 2 2 1 2 2390 1095 75
3484 2 2 1 2 2389 1095 2390
3485 2 2 1 2 612 2388 2385
3486 2 2 1 2 2388 279 2389
3487 2 2 1 2 2385 2389 613
3488 2 2 1 2 2388 2389 2385
3489 2 2 1 2 162 2391 2393
3490 2 2 1 2 2391 614 2392
3491 2 2 1 2 2393 2392 615
3492 2 2 1 2 2391 2392 2393
3493 2 2 1 2 614 2394 2395
3494 2 2 1 2 2394 75 1107
3495 2 2 1 2 2395 1107 285
3496 2 2 1 2 2394 1107 2395
3497 2 2 1 2 615 2396 2397
3498 2 2 1 2 2396 285 1113
3499 2 2 1 2 2397 1113 9
3500 2 2 1 2 2396 1113 2397
3501 2 2 1 2 614 2395 2392
3502 2 2 1 2 2395 285 2396
3503 2 2 1 2 2392 2396 615
3504 2 2 1 2 2395 2396 2392
3505 2 2 1 2 161 2386 2379
3506 2 2 1 2 2386 613 2398
3507 2 2 1 2 2379 2398 610
3508 2 2 1 2 2386 2398 2379
3509 2 2 1 2 613 2390 2399
3510 2 2 1 2 2390 75 2394
3511 2 2 1 2 2399 2394 614
3512 2 2 1 2 2390 2394 2399
3513 2 2 1 2 610 2400 2382
3514 2 2 1 2 2400 614 2391
3515 2 2 1 2 2382 2391 162
3516 2 2 1 2 2400 2391 2382
3517 2 2 1 2 613 2399 2398
3518 2 2 1 2 2399 614 2400
3519 2 2 1 2 2398 2400 610
3520 2 2 1 2 2399 2400 2398
3521 2 2 1 2 44 2351 2332
3522 2 2 1 2 2351 604 2401
3523 2 2 1 2 2332 2401 597
3524 2 2 1 2 2351 2401 2332
3525 2 2 1 2 604 2357 2403
3526 2 2 1 2 2357 160 2402
3527 2 2 1 2 2403 2402 616
3528 2 2 1 2 2357 2402 2403
3529 2 2 1 2 597 2404 2335
3530 2 2 1 2 2404 616 2405
3531 2 2 1 2 2335 2405 157
3532 2 2 1 2 2404 2405 2335
3533 2 2 1 2 604 2403 2401
3534 2 2 1 2 2403 616 2404
3535 2 2 1 2 2401 2404 597
3536 2 2 1 2 2403 2404 2401
3537 2 2 1 2 160 2367 2407
3538 2 2 1 2 2367 608 2406
3539 2 2 1 2 2407 2406 617
3540 2 2 1 2 2367 2406 2407
3541 2 2 1 2 608 2371 2408
3542 2 2 1 2 2371 21 2387
3543 2 2 1 2 2408 2387 612
3544 2 2 1 2 2371 2387 2408
3545 2 2 1 2 617 2409 2410
3546 2 2 1 2 2409 612 2384
3547 2 2 1 2 2410 2384 161
3548 2 2 1 2 2409 2384 2410
3549 2 2 1 2 608 2408 2406
3550 2 2 1 2 2408 612 2409
3551 2 2 1 2 2406 2409 617
3552 2 2 1 2 2408 2409 2406
3553 2 2 1 2 157 2411 2341
3554 2 2 1 2 2411 618 2412
3555 2 2 1 2 2341 2412 600
3556 2 2 1 2 2411 2412 2341
3557 2 2 1 2 618 2413 2414
3558 2 2 1 2 2413 161 2378
3559 2 2 1 2 2414 2378 609
3560 2 2 1 2 2413 2378 2414
3561 2 2 1 2 600 2415 2344
3562 2 2 1 2 2415 609 2375
3563 2 2 1 2 2344 2375 45
3564 2 2 1 2 2415 2375 2344
3565 2 2 1 2 618 2414 2412
3566 2 2 1 2 2414 609 2415
3567 2 2 1 2 2412 2415 600
3568 2 2 1 2 2414 2415 2412
3569 2 2 1 2 160 2407 2402
3570 2 2 1 2 2407 617 2416
3571 2 2 1 2 2402 2416 616
3572 2 2 1 2 2407 2416 2402
3573 2 2 1 2 617 2410 2417
3574 2 2 1 2 2410 161 2413
3575 2 2 1 2 2417 2413 618
3576 2 2 1 2 2410 2413 2417
3577 2 2 1 2 616 2418 2405
3578 2 2 1 2 2418 618 2411
3579 2 2 1 2 2405 2411 157
3580 2 2 1 2 2418 2411 2405
3581 2 2 1 2 617 2417 2416
3582 2 2 1 2 2417 618 2418
3583 2 2 1 2 2416 2418 616
3584 2 2 1 2 2417 2418 2416
3585 2 2 1 2 13 2419 2074
3586 2 2 1 2 2419 619 2420
3587 2 2 1 2 2074 2420 534
3588 2 2 1 2 2419 2420 2074
3589 2 2 1 2 619 2421 2423
3590 2 2 1 2 2421 163 2422
3591 2 2 1 2 2423 2422 620
3592 2 2 1 2 2421 2422 2423
3593 2 2 1 2 534 2424 2077
3594 2 2 1 2 2424 620 2425
3595 2 2 1 2 2077 2425 142
3596 2 2 1 2 2424 2425 2077
3597 2 2 1 2 619 2423 2420
3598 2 2 1 2 2423 620 2424
3599 2 2 1 2 2420 2424 534
3600 2 2 1 2 2423 2424 2420
3601 2 2 1 2 163 2426 2428
3602 2 2 1 2 2426 621 2427
3603 2 2 1 2 2428 2427 623
3604 2 2 1 2 2426 2427 2428
3605 2 2 1 2 621 2429 2431
3606 2 2 1 2 2429 46 2430
3607 2 2 1 2 2431 2430 622
3608 2 2 1 2 2429 2430 2431
3609 2 2 1 2 623 2432 2434
3610 2 2 1 2 2432 622 2433
3611 2 2 1 2 2434 2433 164
3612 2 2 1 2 2432 2433 2434
3613 2 2 1 2 621 2431 2427
3614 2 2 1 2 2431 622 2432
3615 2 2 1 2 2427 2432 623
3616 2 2 1 2 2431 2432 2427
3617 2 2 1 2 142 2435 2083
3618 2 2 1 2 2435 624 2436
3619 2 2 1 2 2083 2436 537
3620 2 2 1 2 2435 2436 2083
3621 2 2 1 2 624 2437 2439
3622 2 2 1 2 2437 164 2438
3623 2 2 1 2 2439 2438 625
3624 2 2 1 2 2437 2438 2439
3625 2 2 1 2 537 2440 2086
3626 2 2 1 2 2440 625 2441
3627 2 2 1 2 2086 2441 41
3628 2 2 1 2 2440 2441 2086
3629 2 2 1 2 624 2439 2436
3630 2 2 1 2 2439 625 2440
3631 2 2 1 2 2436 2440 537
3632 2 2 1 2 2439 2440 2436
3633 2 2 1 2 163 2428 2422
3634 2 2 1 2 2428 623 2442
3635 2 2 1 2 2422 2442 620
3636 2 2 1 2 2428 2442 2422
3637 2 2 1 2 623 2434 2443
3638 2 2 1 2 2434 164 2437
3639 2 2 1 2 2443 2437 624
3640 2 2 1 2 2434 2437 2443
3641 2 2 1 2 620 2444 2425
3642 2 2 1 2 2444 624 2435
3643 2 2 1 2 2425 2435 142
3644 2 2 1 2 2444 2435 2425
3645 2 2 1 2 623 2443 2442
3646 2 2 1 2 2443 624 2444
3647 2 2 1 2 2442 2444 620
3648 2 2 1 2 2443 2444 2442
3649 2 2 1 2 46 2445 2447
3650 2 2 1 2 2445 626 2446
3651 2 2 1 2 2447 2446 628
3652 2 2 1 2 2445 2446 2447
3653 2 2 1 2 626 2448 2450
3654 2 2 1 2 2448 165 2449
3655 2 2 1 2 2450 2449 627
3656 2 2 1 2 2448 2449 2450
3657 2 2 1 2 628 2451 2453
3658 2 2 1 2 2451 627 2452
3659 2 2 1 2 2453 2452 166
3660 2 2 1 2 2451 2452 2453
3661 2 2 1 2 626 2450 2446
3662 2 2 1 2 2450 627 2451
3663 2 2 1 2 2446 2451 628
3664 2 2 1 2 2450 2451 2446
3665 2 2 1 2 165 2454 2456
3666 2 2 1 2 2454 629 2455
3667 2 2 1 2 2456 2455 630
3668 2 2 1 2 2454 2455 2456
3669 2 2 1 2 629 2457 2458
3670 2 2 1 2 2457 9 1245
3671 2 2 1 2 2458 1245 321
3672 2 2 1 2 2457 1245 2458
3673 2 2 1 2 630 2459 2460
3674 2 2 1 2 2459 321 1251
3675 2 2 1 2 2460 1251 87
3676 2 2 1 2 2459 1251 2460
3677 2 2 1 2 629 2458 2455
3678 2 2 1 2 2458 321 2459
3679 2 2 1 2 2455 2459 630
3680 2 2 1 2 2458 2459 2455
3681 2 2 1 2 166 2461 2463
3682 2 2 1 2 2461 631 2462
3683 2 2 1 2 2463 2462 632
3684 2 2 1 2 2461 2462 2463
3685 2 2 1 2 631 2464 2465
3686 2 2 1 2 2464 87 1263
3687 2 2 1 2 2465 1263 327
3688 2 2 1 2 2464 1263 2465
3689 2 2 1 2 632 2466 2467
3690 2 2 1 2 2466 327 1269
3691 2 2 1 2 2467 1269 27
3692 2 2 1 2 2466 1269 2467
3693 2 2 1 2 631 2465 2462
3694 2 2 1 2 2465 327 2466
3695 2 2 1 2 2462 2466 632
3696 2 2 1 2 2465 2466 2462
3697 2 2 1 2 165 2456 2449
3698 2 2 1 2 2456 630 2468
3699 2 2 1 2 2449 2468 627
3700 2 2 1 2 2456 2468 2449
3701 2 2 1 2 630 2460 2469
3702 2 2 1 2 2460 87 2464
3703 2 2 1 2 2469 2464 631
3704 2 2 1 2 2460 2464 2469
3705 2 2 1 2 627 2470 2452
3706 2 2 1 2 2470 631 2461
3707 2 2 1 2 2452 2461 166
3708 2 2 1 2 2470 2461 2452
3709 2 2 1 2 630 2469 2468
3710 2 2 1 2 2469 631 2470
3711 2 2 1 2 2468 2470 627
3712 2 2 1 2 2469 2470 2468
3713 2 2 1 2 41 2471 2102
3714 2 2 1 2 2471 633 2472
3715 2 2 1 2 2102 2472 542
3716 2 2 1 2 2471 2472 2102
3717 2 2 1 2 633 2473 2475
3718 2 2 1 2 2473 167 2474
3719 2 2 1 2 2475 2474 634
3720 2 2 1 2 2473 2474 2475
3721 2 2 1 2 542 2476 2105
3722 2 2 1 2 2476 634 2477
3723 2 2 1 2 2105 2477 145
3724 2 2 1 2 2476 2477 2105
3725 2 2 1 2 633 2475 2472
3726 2 2 1 2 2475 634 2476
3727 2 2 1 2 2472 2476 542
3728 2 2 1 2 2475 2476 2472
3729 2 2 1 2 167 2478 2480
3730 2 2 1 2 2478 635 2479
3731 2 2 1 2 2480 2479 636
3732 2 2 1 2 2478 2479 2480
3733 2 2 1 2 635 2481 2482
3734 2 2 1 2 2481 27 1305
3735 2 2 1 2 2482 1305 339
3736 2 2 1 2 2481 1305 2482
3737 2 2 1 2 636 2483 2484
3738 2 2 1 2 2483 339 1311
3739 2 2 1 2 2484 1311 93
3740 2 2 1 2 2483 1311 2484
3741 2 2 1 2 635 2482 2479
3742 2 2 1 2 2482 339 2483
3743 2 2 1 2 2479 2483 636
3744 2 2 1 2 2482 2483 2479
3745 2 2 1 2 145 2485 2110
3746 2 2 1 2 2485 637 2486
3747 2 2 1 2 2110 2486 545
3748 2 2 1 2 2485 2486 2110
3749 2 2 1 2 637 2487 2488
3750 2 2 1 2 2487 93 1323
3751 2 2 1 2 2488 1323 345
3752 2 2 1 2 2487 1323 2488
3753 2 2 1 2 545 2489 2113
3754 2 2 1 2 2489 345 1329
3755 2 2 1 2 2113 1329 3
3756 2 2 1 2 2489 1329 2113
3757 2 2 1 2 637 2488 2486
3758 2 2 1 2 2488 345 2489
3759 2 2 1 2 2486 2489 545
3760 2 2 1 2 2488 2489 2486
3761 2 2 1 2 167 2480 2474
3762 2 2 1 2 2480 636 2490
3763 2 2 1 2 2474 2490 634
3764 2 2 1 2 2480 2490 2474
3765 2 2 1 2 636 2484 2491
3766 2 2 1 2 2484 93 2487
3767 2 2 1 2 2491 2487 637
3768 2 2 1 2 2484 2487 2491
3769 2 2 1 2 634 2492 2477
3770 2 2 1 2 2492 637 2485
3771 2 2 1 2 2477 2485 145
3772 2 2 1 2 2492 2485 2477
3773 2 2 1 2 636 2491 2490
3774 2 2 1 2 2491 637 2492
3775 2 2 1 2 2490 2492 634
3776 2 2 1 2 2491 2492 2490
3777 2 2 1 2 46 2447 2430
3778 2 2 1 2 2447 628 2493
3779 2 2 1 2 2430 2493 622
3780 2 2 1 2 2447 2493 2430
3781 2 2 1 2 628 2453 2495
3782 2 2 1 2 2453 166 2494
3783 2 2 1 2 2495 2494 638
3784 2 2 1 2 2453 2494 2495
3785 2 2 1 2 622 2496 2433
3786 2 2 1 2 2496 638 2497
3787 2 2 1 2 2433 2497 164
3788 2 2 1 2 2496 2497 2433
3789 2 2 1 2 628 2495 2493
3790 2 2 1 2 2495 638 2496
3791 2 2 1 2 2493 2496 622
3792 2 2 1 2 2495 2496 2493
3793 2 2 1 2 166 2463 2499
3794 2 2 1 2 2463 632 2498
3795 2 2 1 2 2499 2498 639
3796 2 2 1 2 2463 2498 2499
3797 2 2 1 2 632 2467 2500
3798 2 2 1 2 2467 27 2481
3799 2 2 1 2 2500 2481 635
3800 2 2 1 2 2467 2481 2500
3801 2 2 1 2 639 2501 2502
3802 2 2 1 2 2501 635 2478
3803 2 2 1 2 2502 2478 167
3804 2 2 1 2 2501 2478 2502
3805 2 2 1 2 632 2500 2498
3806 2 2 1 2 2500 635 2501
3807 2 2 1 2 2498 2501 639
3808 2 2 1 2 2500 2501 2498
3809 2 2 1 2 164 2503 2438
3810 2 2 1 2 2503 640 2504
3811 2 2 1 2 2438 2504 625
3812 2 2 1 2 2503 2504 2438
3813 2 2 1 2 640 2505 2506
3814 2 2 1 2 2505 167 2473
3815 2 2 1 2 2506 2473 633
3816 2 2 1 2 2505 2473 2506
3817 2 2 1 2 625 2507 2441
3818 2 2 1 2 2507 633 2471
3819 2 2 1 2 2441 2471 41
3820 2 2 1 2 2507 2471 2441
3821 2 2 1 2 640 2506 2504
3822 2 2 1 2 2506 633 2507
3823 2 2 1 2 2504 2507 625
3824 2 2 1 2 2506 2507 2504
3825 2 2 1 2 166 2499 2494
3826 2 2 1 2 2499 639 2508
3827 2 2 1 2 2494 2508 638
3828 2 2 1 2 2499 2508 2494
3829 2 2 1 2 639 2502 2509
3830 2 2 1 2 2502 167 2505
3831 2 2 1 2 2509 2505 640
3832 2 2 1 2 2502 2505 2509
3833 2 2 1 2 638 2510 2497
3834 2 2 1 2 2510 640 2503
3835 2 2 1 2 2497 2503 164
3836 2 2 1 2 2510 2503 2497
3837 2 2 1 2 639 2509 2508
3838 2 2 1 2 2509 640 2510
3839 2 2 1 2 2508 2510 638
3840 2 2 1 2 2509 2510 2508
3841 2 2 1 2 14 2321 2258
3842 2 2 1 2 2321 595 2511
3843 2 2 1 2 2258 2511 578
3844 2 2 1 2 2321 2511 2258
3845 2 2 1 2 595 2327 2513
3846 2 2 1 2 2327 158 2512
3847 2 2 1 2 2513 2512 641
3848 2 2 1 2 2327 2512 2513
3849 2 2 1 2 578 2514 2261
3850 2 2 1 2 2514 641 2515
3851 2 2 1 2 2261 2515 152
3852 2 2 1 2 2514 2515 2261
3853 2 2 1 2 595 2513 2511
3854 2 2 1 2 2513 641 2514
3855 2 2 1 2 2511 2514 578
3856 2 2 1 2 2513 2514 2511
3857 2 2 1 2 158 2339 2517
3858 2 2 1 2 2339 601 2516
3859 2 2 1 2 2517 2516 643
3860 2 2 1 2 2339 2516 2517
3861 2 2 1 2 601 2345 2519
3862 2 2 1 2 2345 45 2518
3863 2 2 1 2 2519 2518 642
3864 2 2 1 2 2345 2518 2519
3865 2 2 1 2 643 2520 2522
3866 2 2 1 2 2520 642 2521
3867 2 2 1 2 2522 2521 168
3868 2 2 1 2 2520 2521 2522
3869 2 2 1 2 601 2519 2516
3870 2 2 1 2 2519 642 2520
3871 2 2 1 2 2516 2520 643
3872 2 2 1 2 2519 2520 2516
3873 2 2 1 2 152 2523 2267
3874 2 2 1 2 2523 644 2524
3875 2 2 1 2 2267 2524 581
3876 2 2 1 2 2523 2524 2267
3877 2 2 1 2 644 2525 2527
3878 2 2 1 2 2525 168 2526
3879 2 2 1 2 2527 2526 645
3880 2 2 1 2 2525 2526 2527
3881 2 2 1 2 581 2528 2270
3882 2 2 1 2 2528 645 2529
3883 2 2 1 2 2270 2529 43
3884 2 2 1 2 2528 2529 2270
3885 2 2 1 2 644 2527 2524
3886 2 2 1 2 2527 645 2528
3887 2 2 1 2 2524 2528 581
3888 2 2 1 2 2527 2528 2524
3889 2 2 1 2 158 2517 2512
3890 2 2 1 2 2517 643 2530
3891 2 2 1 2 2512 2530 641
3892 2 2 1 2 2517 2530 2512
3893 2 2 1 2 643 2522 2531
3894 2 2 1 2 2522 168 2525
3895 2 2 1 2 2531 2525 644
3896 2 2 1 2 2522 2525 2531
3897 2 2 1 2 641 2532 2515
3898 2 2 1 2 2532 644 2523
3899 2 2 1 2 2515 2523 152
3900 2 2 1 2 2532 2523 2515
3901 2 2 1 2 643 2531 2530
3902 2 2 1 2 2531 644 2532
3903 2 2 1 2 2530 2532 641
3904 2 2 1 2 2531 2532 2530
3905 2 2 1 2 45 2377 2534
3906 2 2 1 2 2377 611 2533
3907 2 2 1 2 2534 2533 647
3908 2 2 1 2 2377 2533 2534
3909 2 2 1 2 611 2383 2536
3910 2 2 1 2 2383 162 2535
3911 2 2 1 2 2536 2535 646
3912 2 2 1 2 2383 2535 2536
3913 2 2 1 2 647 2537 2539
3914 2 2 1 2 2537 646 2538
3915 2 2 1 2 2539 2538 169
3916 2 2 1 2 2537 2538 2539
3917 2 2 1 2 611 2536 2533
3918 2 2 1 2 2536 646 2537
3919 2 2 1 2 2533 2537 647
3920 2 2 1 2 2536 2537 2533
3921 2 2 1 2 162 2393 2541
3922 2 2 1 2 2393 615 2540
3923 2 2 1 2 2541 2540 648
3924 2 2 1 2 2393 2540 2541
3925 2 2 1 2 615 2397 2542
3926 2 2 1 2 2397 9 2457
3927 2 2 1 2 2542 2457 629
3928 2 2 1 2 2397 2457 2542
3929 2 2 1 2 648 2543 2544
3930 2 2 1 2 2543 629 2454
3931 2 2 1 2 2544 2454 165
3932 2 2 1 2 2543 2454 2544
3933 2 2 1 2 615 2542 2540
3934 2 2 1 2 2542 629 2543
3935 2 2 1 2 2540 2543 648
3936 2 2 1 2 2542 2543 2540
3937 2 2 1 2 169 2545 2547
3938 2 2 1 2 2545 649 2546
3939 2 2 1 2 2547 2546 650
3940 2 2 1 2 2545 2546 2547
3941 2 2 1 2 649 2548 2549
3942 2 2 1 2 2548 165 2448
3943 2 2 1 2 2549 2448 626
3944 2 2 1 2 2548 2448 2549
3945 2 2 1 2 650 2550 2551
3946 2 2 1 2 2550 626 2445
3947 2 2 1 2 2551 2445 46
3948 2 2 1 2 2550 2445 2551
3949 2 2 1 2 649 2549 2546
3950 2 2 1 2 2549 626 2550
3951 2 2 1 2 2546 2550 650
3952 2 2 1 2 2549 2550 2546
3953 2 2 1 2 162 2541 2535
3954 2 2 1 2 2541 648 2552
3955 2 2 1 2 2535 2552 646
3956 2 2 1 2 2541 2552 2535
3957 2 2 1 2 648 2544 2553
3958 2 2 1 2 2544 165 2548
3959 2 2 1 2 2553 2548 649
3960 2 2 1 2 2544 2548 2553
3961 2 2 1 2 646 2554 2538
3962 2 2 1 2 2554 649 2545
3963 2 2 1 2 2538 2545 169
3964 2 2 1 2 2554 2545 2538
3965 2 2 1 2 648 2553 2552
3966 2 2 1 2 2553 649 2554
3967 2 2 1 2 2552 2554 646
3968 2 2 1 2 2553 2554 2552
3969 2 2 1 2 43 2555 2286
3970 2 2 1 2 2555 651 2556
3971 2 2 1 2 2286 2556 586
3972 2 2 1 2 2555 2556 2286
3973 2 2 1 2 651 2557 2559
3974 2 2 1 2 2557 170 2558
3975 2 2 1 2 2559 2558 652
3976 2 2 1 2 2557 2558 2559
3977 2 2 1 2 586 2560 2289
3978 2 2 1 2 2560 652 2561
3979 2 2 1 2 2289 2561 155
3980 2 2 1 2 2560 2561 2289
3981 2 2 1 2 651 2559 2556
3982 2 2 1 2 2559 652 2560
3983 2 2 1 2 2556 2560 586
3984 2 2 1 2 2559 2560 2556
3985 2 2 1 2 170 2562 2564
3986 2 2 1 2 2562 653 2563
3987 2 2 1 2 2564 2563 654
3988 2 2 1 2 2562 2563 2564
3989 2 2 1 2 653 2565 2566
3990 2 2 1 2 2565 46 2429
3991 2 2 1 2 2566 2429 621
3992 2 2 1 2 2565 2429 2566
3993 2 2 1 2 654 2567 2568
3994 2 2 1 2 2567 621 2426
3995 2 2 1 2 2568 2426 163
3996 2 2 1 2 2567 2426 2568
3997 2 2 1 2 653 2566 2563
3998 2 2 1 2 2566 621 2567
3999 2 2 1 2 2563 2567 654
4000 2 2 1 2 2566 2567 2563
4001 2 2 1 2 155 2569 2294
4002 2 2 1 2 2569 655 2570
4003 2 2 1 2 2294 2570 589
4004 2 2 1 2 2569 2570 2294
4005 2 2 1 2 655 2571 2572
4006 2 2 1 2 2571 163 2421
4007 2 2 1 2 2572 2421 619
4008 2 2 1 2 2571 2421 2572
4009 2 2 1 2 589 2573 2297
4010 2 2 1 2 2573 619 2419
4011 2 2 1 2 2297 2419 13
4012 2 2 1 2 2573 2419 2297
4013 2 2 1 2 655 2572 2570
4014 2 2 1 2 2572 619 2573
4015 2 2 1 2 2570 2573 589
4016 2 2 1 2 2572 2573 2570
4017 2 2 1 2 170 2564 2558
4018 2 2 1 2 2564 654 2574
4019 2 2 1 2 2558 2574 652
4020 2 2 1 2 2564 2574 2558
4021 2 2 1 2 654 2568 2575
4022 2 2 1 2 2568 163 2571
4023 2 2 1 2 2575 2571 655
4024 2 2 1 2 2568 2571 2575
4025 2 2 1 2 652 2576 2561
4026 2 2 1 2 2576 655 2569
4027 2 2 1 2 2561 2569 155
4028 2 2 1 2 2576 2569 2561
4029 2 2 1 2 654 2575 2574
4030 2 2 1 2 2575 655 2576
4031 2 2 1 2 2574 2576 652
4032 2 2 1 2 2575 2576 2574
4033 2 2 1 2 45 2534 2518
4034 2 2 1 2 2534 647 2577
4035 2 2 1 2 2518 2577 642
4036 2 2 1 2 2534 2577 2518
4037 2 2 1 2 647 2539 2579
4038 2 2 1 2 2539 169 2578
4039 2 2 1 2 2579 2578 656
4040 2 2 1 2 2539 2578 2579
4041 2 2 1 2 642 2580 2521
4042 2 2 1 2 2580 656 2581
4043 2 2 1 2 2521 2581 168
4044 2 2 1 2 2580 2581 2521
4045 2 2 1 2 647 2579 2577
4046 2 2 1 2 2579 656 2580
4047 2 2 1 2 2577 2580 642
4048 2 2 1 2 2579 2580 2577
4049 2 2 1 2 169 2547 2583
4050 2 2 1 2 2547 650 2582
4051 2 2 1 2 2583 2582 657
4052 2 2 1 2 2547 2582 2583
4053 2 2 1 2 650 2551 2584
4054 2 2 1 2 2551 46 2565
4055 2 2 1 2 2584 2565 653
4056 2 2 1 2 2551 2565 2584
4057 2 2 1 2 657 2585 2586
4058 2 2 1 2 2585 653 2562
4059 2 2 1 2 2586 2562 170
4060 2 2 1 2 2585 2562 2586
4061 2 2 1 2 650 2584 2582
4062 2 2 1 2 2584 653 2585
4063 2 2 1 2 2582 2585 657
4064 2 2 1 2 2584 2585 2582
4065 2 2 1 2 168 2587 2526
4066 2 2 1 2 2587 658 2588
4067 2 2 1 2 2526 2588 645
4068 2 2 1 2 2587 2588 2526
4069 2 2 1 2 658 2589 2590
4070 2 2 1 2 2589 170 2557
4071 2 2 1 2 2590 2557 651
4072 2 2 1 2 2589 2557 2590
4073 2 2 1 2 645 2591 2529
4074 2 2 1 2 2591 651 2555
4075 2 2 1 2 2529 2555 43
4076 2 2 1 2 2591 2555 2529
4077 2 2 1 2 658 2590 2588
4078 2 2 1 2 2590 651 2591
4079 2 2 1 2 2588 2591 645
4080 2 2 1 2 2590 2591 2588
4081 2 2 1 2 169 2583 2578
4082 2 2 1 2 2583 657 2592
4083 2 2 1 2 2578 2592 656
4084 2 2 1 2 2583 2592 2578
4085 2 2 1 2 657 2586 2593
4086 2 2 1 2 2586 170 2589
4087 2 2 1 2 2593 2589 658
4088 2 2 1 2 2586 2589 2593
4089 2 2 1 2 656 2594 2581
4090 2 2 1 2 2594 658 2587
4091 2 2 1 2 2581 2587 168
4092 2 2 1 2 2594 2587 2581
4093 2 2 1 2 657 2593 2592
4094 2 2 1 2 2593 658 2594
4095 2 2 1 2 2592 2594 656
4096 2 2 1 2 2593 2594 2592
4097 2 2 1 2 5 2595 2219
4098 2 2 1 2 2595 659 2596
4099 2 2 1 2 2219 2596 567
4100 2 2 1 2 2595 2596 2219
4101 2 2 1 2 659 2597 2599
4102 2 2 1 2 2597 171 2598
4103 2 2 1 2 2599 2598 660
4104 2 2 1 2 2597 2598 2599
4105 2 2 1 2 567 2600 2221
4106 2 2 1 2 2600 660 2601
4107 2 2 1 2 2221 2601 149
4108 2 2 1 2 2600 2601 2221
4109 2 2 1 2 659 2599 2596
4110 2 2 1 2 2599 660 2600
4111 2 2 1 2 2596 2600 567
4112 2 2 1 2 2599 2600 2596
4113 2 2 1 2 171 2602 2604
4114 2 2 1 2 2602 661 2603
4115 2 2 1 2 2604 2603 663
4116 2 2 1 2 2602 2603 2604
4117 2 2 1 2 661 2605 2607
4118 2 2 1 2 2605 47 2606
4119 2 2 1 2 2607 2606 662
4120 2 2 1 2 2605 2606 2607
4121 2 2 1 2 663 2608 2610
4122 2 2 1 2 2608 662 2609
4123 2 2 1 2 2610 2609 172
4124 2 2 1 2 2608 2609 2610
4125 2 2 1 2 661 2607 2603
4126 2 2 1 2 2607 662 2608
4127 2 2 1 2 2603 2608 663
4128 2 2 1 2 2607 2608 2603
4129 2 2 1 2 149 2611 2226
4130 2 2 1 2 2611 664 2612
4131 2 2 1 2 2226 2612 569
4132 2 2 1 2 2611 2612 2226
4133 2 2 1 2 664 2613 2615
4134 2 2 1 2 2613 172 2614
4135 2 2 1 2 2615 2614 665
4136 2 2 1 2 2613 2614 2615
4137 2 2 1 2 569 2616 2229
4138 2 2 1 2 2616 665 2617
4139 2 2 1 2 2229 2617 42
4140 2 2 1 2 2616 2617 2229
4141 2 2 1 2 664 2615 2612
4142 2 2 1 2 2615 665 2616
4143 2 2 1 2 2612 2616 569
4144 2 2 1 2 2615 2616 2612
4145 2 2 1 2 171 2604 2598
4146 2 2 1 2 2604 663 2618
4147 2 2 1 2 2598 2618 660
4148 2 2 1 2 2604 2618 2598
4149 2 2 1 2 663 2610 2619
4150 2 2 1 2 2610 172 2613
4151 2 2 1 2 2619 2613 664
4152 2 2 1 2 2610 2613 2619
4153 2 2 1 2 660 2620 2601
4154 2 2 1 2 2620 664 2611
4155 2 2 1 2 2601 2611 149
4156 2 2 1 2 2620 2611 2601
4157 2 2 1 2 663 2619 2618
4158 2 2 1 2 2619 664 2620
4159 2 2 1 2 2618 2620 660
4160 2 2 1 2 2619 2620 2618
4161 2 2 1 2 47 2621 2623
4162 2 2 1 2 2621 666 2622
4163 2 2 1 2 2623 2622 668
4164 2 2 1 2 2621 2622 2623
4165 2 2 1 2 666 2624 2626
4166 2 2 1 2 2624 173 2625
4167 2 2 1 2 2626 2625 667
4168 2 2 1 2 2624 2625 2626
4169 2 2 1 2 668 2627 2629
4170 2 2 1 2 2627 667 2628
4171 2 2 1 2 2629 2628 175
4172 2 2 1 2 2627 2628 2629
4173 2 2 1 2 666 2626 2622
4174 2 2 1 2 2626 667 2627
4175 2 2 1 2 2622 2627 668
4176 2 2 1 2 2626 2627 2622
4177 2 2 1 2 173 2630 2632
4178 2 2 1 2 2630 669 2631
4179 2 2 1 2 2632 2631 671
4180 2 2 1 2 2630 2631 2632
4181 2 2 1 2 669 2633 2635
4182 2 2 1 2 2633 15 2634
4183 2 2 1 2 2635 2634 670
4184 2 2 1 2 2633 2634 2635
4185 2 2 1 2 671 2636 2638
4186 2 2 1 2 2636 670 2637
4187 2 2 1 2 2638 2637 174
4188 2 2 1 2 2636 2637 2638
4189 2 2 1 2 669 2635 2631
4190 2 2 1 2 2635 670 2636
4191 2 2 1 2 2631 2636 671
4192 2 2 1 2 2635 2636 2631
4193 2 2 1 2 175 2639 2641
4194 2 2 1 2 2639 672 2640
4195 2 2 1 2 2641 2640 674
4196 2 2 1 2 2639 2640 2641
4197 2 2 1 2 672 2642 2644
4198 2 2 1 2 2642 174 2643
4199 2 2 1 2 2644 2643 673
4200 2 2 1 2 2642 2643 2644
4201 2 2 1 2 674 2645 2647
4202 2 2 1 2 2645 673 2646
4203 2 2 1 2 2647 2646 48
4204 2 2 1 2 2645 2646 2647
4205 2 2 1 2 672 2644 2640
4206 2 2 1 2 2644 673 2645
4207 2 2 1 2 2640 2645 674
4208 2 2 1 2 2644 2645 2640
4209 2 2 1 2 173 2632 2625
4210 2 2 1 2 2632 671 2648
4211 2 2 1 2 2625 2648 667
4212 2 2 1 2 2632 2648 2625
4213 2 2 1 2 671 2638 2649
4214 2 2 1 2 2638 174 2642
4215 2 2 1 2 2649 2642 672
4216 2 2 1 2 2638 2642 2649
4217 2 2 1 2 667 2650 2628
4218 2 2 1 2 2650 672 2639
4219 2 2 1 2 2628 2639 175
4220 2 2 1 2 2650 2639 2628
4221 2 2 1 2 671 2649 2648
4222 2 2 1 2 2649 672 2650
4223 2 2 1 2 2648 2650 667
4224 2 2 1 2 2649 2650 2648
4225 2 2 1 2 42 2651 2245
4226 2 2 1 2 2651 675 2652
4227 2 2 1 2 2245 2652 574
4228 2 2 1 2 2651 2652 2245
4229 2 2 1 2 675 2653 2655
4230 2 2 1 2 2653 176 2654
4231 2 2 1 2 2655 2654 676
4232 2 2 1 2 2653 2654 2655
4233 2 2 1 2 574 2656 2248
4234 2 2 1 2 2656 676 2657
4235 2 2 1 2 2248 2657 151
4236 2 2 1 2 2656 2657 2248
4237 2 2 1 2 675 2655 2652
4238 2 2 1 2 2655 676 2656
4239 2 2 1 2 2652 2656 574
4240 2 2 1 2 2655 2656 2652
4241 2 2 1 2 176 2658 2660
4242 2 2 1 2 2658 677 2659
4243 2 2 1 2 2660 2659 679
4244 2 2 1 2 2658 2659 2660
4245 2 2 1 2 677 2661 2663
4246 2 2 1 2 2661 48 2662
4247 2 2 1 2 2663 2662 678
4248 2 2 1 2 2661 2662 2663
4249 2 2 1 2 679 2664 2666
4250 2 2 1 2 2664 678 2665
4251 2 2 1 2 2666 2665 177
4252 2 2 1 2 2664 2665 2666
4253 2 2 1 2 677 2663 2659
4254 2 2 1 2 2663 678 2664
4255 2 2 1 2 2659 2664 679
4256 2 2 1 2 2663 2664 2659
4257 2 2 1 2 151 2667 2254
4258 2 2 1 2 2667 680 2668
4259 2 2 1 2 2254 2668 577
4260 2 2 1 2 2667 2668 2254
4261 2 2 1 2 680 2669 2671
4262 2 2 1 2 2669 177 2670
4263 2 2 1 2 2671 2670 681
4264 2 2 1 2 2669 2670 2671
4265 2 2 1 2 577 2672 2257
4266 2 2 1 2 2672 681 2673
4267 2 2 1 2 2257 2673 14
4268 2 2 1 2 2672 2673 2257
4269 2 2 1 2 680 2671 2668
4270 2 2 1 2 2671 681 2672
4271 2 2 1 2 2668 2672 577
4272 2 2 1 2 2671 2672 2668
4273 2 2 1 2 176 2660 2654
4274 2 2 1 2 2660 679 2674
4275 2 2 1 2 2654 2674 676
4276 2 2 1 2 2660 2674 2654
4277 2 2 1 2 679 2666 2675
4278 2 2 1 2 2666 177 2669
4279 2 2 1 2 2675 2669 680
4280 2 2 1 2 2666 2669 2675
4281 2 2 1 2 676 2676 2657
4282 2 2 1 2 2676 680 2667
4283 2 2 1 2 2657 2667 151
4284 2 2 1 2 2676 2667 2657
4285 2 2 1 2 679 2675 2674
4286 2 2 1 2 2675 680 2676
4287 2 2 1 2 2674 2676 676
4288 2 2 1 2 2675 2676 2674
4289 2 2 1 2 47 2623 2606
4290 2 2 1 2 2623 668 2677
4291 2 2 1 2 2606 2677 662
4292 2 2 1 2 2623 2677 2606
4293 2 2 1 2 668 2629 2679
4294 2 2 1 2 2629 175 2678
4295 2 2 1 2 2679 2678 682
4296 2 2 1 2 2629 2678 2679
4297 2 2 1 2 662 2680 2609
4298 2 2 1 2 2680 682 2681
4299 2 2 1 2 2609 2681 172
4300 2 2 1 2 2680 2681 2609
4301 2 2 1 2 668 2679 2677
4302 2 2 1 2 2679 682 2680
4303 2 2 1 2 2677 2680 662
4304 2 2 1 2 2679 2680 2677
4305 2 2 1 2 175 2641 2683
4306 2 2 1 2 2641 674 2682
4307 2 2 1 2 2683 2682 683
4308 2 2 1 2 2641 2682 2683
4309 2 2 1 2 674 2647 2684
4310 2 2 1 2 2647 48 2661
4311 2 2 1 2 2684 2661 677
4312 2 2 1 2 2647 2661 2684
4313 2 2 1 2 683 2685 2686
4314 2 2 1 2 2685 677 2658
4315 2 2 1 2 2686 2658 176
4316 2 2 1 2 2685 2658 2686
4317 2 2 1 2 674 2684 2682
4318 2 2 1 2 2684 677 2685
4319 2 2 1 2 2682 2685 683
4320 2 2 1 2 2684 2685 2682
4321 2 2 1 2 172 2687 2614
4322 2 2 1 2 2687 684 2688
4323 2 2 1 2 2614 2688 665
4324 2 2 1 2 2687 2688 2614
4325 2 2 1 2 684 2689 2690
4326 2 2 1 2 2689 176 2653
4327 2 2 1 2 2690 2653 675
4328 2 2 1 2 2689 2653 2690
4329 2 2 1 2 665 2691 2617
4330 2 2 1 2 2691 675 2651
4331 2 2 1 2 2617 2651 42
4332 2 2 1 2 2691 2651 2617
4333 2 2 1 2 684 2690 2688
4334 2 2 1 2 2690 675 2691
4335 2 2 1 2 2688 2691 665
4336 2 2 1 2 2690 2691 2688
4337 2 2 1 2 175 2683 2678
4338 2 2 1 2 2683 683 2692
4339 2 2 1 2 2678 2692 682
4340 2 2 1 2 2683 2692 2678
4341 2 2 1 2 683 2686 2693
4342 2 2 1 2 2686 176 2689
4343 2 2 1 2 2693 2689 684
4344 2 2 1 2 2686 2689 2693
4345 2 2 1 2 682 2694 2681
4346 2 2 1 2 2694 684 2687
4347 2 2 1 2 2681 2687 172
4348 2 2 1 2 2694 2687 2681
4349 2 2 1 2 683 2693 2692
4350 2 2 1 2 2693 684 2694
4351 2 2 1 2 2692 2694 682
4352 2 2 1 2 2693 2694 2692
4353 2 2 1 2 15 2695 2697
4354 2 2 1 2 2695 685 2696
4355 2 2 1 2 2697 2696 687
4356 2 2 1 2 2695 2696 2697
4357 2 2 1 2 685 2698 2700
4358 2 2 1 2 2698 178 2699
4359 2 2 1 2 2700 2699 686
4360 2 2 1 2 2698 2699 2700
4361 2 2 1 2 687 2701 2703
4362 2 2 1 2 2701 686 2702
4363 2 2 1 2 2703 2702 180
4364 2 2 1 2 2701 2702 2703
4365 2 2 1 2 685 2700 2696
4366 2 2 1 2 2700 686 2701
4367 2 2 1 2 2696 2701 687
4368 2 2 1 2 2700 2701 2696
4369 2 2 1 2 178 2704 2706
4370 2 2 1 2 2704 688 2705
4371 2 2 1 2 2706 2705 690
4372 2 2 1 2 2704 2705 2706
4373 2 2 1 2 688 2707 2709
4374 2 2 1 2 2707 49 2708
4375 2 2 1 2 2709 2708 689
4376 2 2 1 2 2707 2708 2709
4377 2 2 1 2 690 2710 2712
4378 2 2 1 2 2710 689 2711
4379 2 2 1 2 2712 2711 179
4380 2 2 1 2 2710 2711 2712
4381 2 2 1 2 688 2709 2705
4382 2 2 1 2 2709 689 2710
4383 2 2 1 2 2705 2710 690
4384 2 2 1 2 2709 2710 2705
4385 2 2 1 2 180 2713 2715
4386 2 2 1 2 2713 691 2714
4387 2 2 1 2 2715 2714 693
4388 2 2 1 2 2713 2714 2715
4389 2 2 1 2 691 2716 2718
4390 2 2 1 2 2716 179 2717
4391 2 2 1 2 2718 2717 692
4392 2 2 1 2 2716 2717 2718
4393 2 2 1 2 693 2719 2721
4394 2 2 1 2 2719 692 2720
4395 2 2 1 2 2721 2720 51
4396 2 2 1 2 2719 2720 2721
4397 2 2 1 2 691 2718 2714
4398 2 2 1 2 2718 692 2719
4399 2 2 1 2 2714 2719 693
4400 2 2 1 2 2718 2719 2714
4401 2 2 1 2 178 2706 2699
4402 2 2 1 2 2706 690 2722
4403 2 2 1 2 2699 2722 686
4404 2 2 1 2 2706 2722 2699
4405 2 2 1 2 690 2712 2723
4406 2 2 1 2 2712 179 2716
4407 2 2 1 2 2723 2716 691
4408 2 2 1 2 2712 2716 2723
4409 2 2 1 2 686 2724 2702
4410 2 2 1 2 2724 691 2713
4411 2 2 1 2 2702 2713 180
4412 2 2 1 2 2724 2713 2702
4413 2 2 1 2 690 2723 2722
4414 2 2 1 2 2723 691 2724
4415 2 2 1 2 2722 2724 686
4416 2 2 1 2 2723 2724 2722
4417 2 2 1 2 49 2725 2727
4418 2 2 1 2 2725 694 2726
4419 2 2 1 2 2727 2726 696
4420 2 2 1 2 2725 2726 2727
4421 2 2 1 2 694 2728 2730
4422 2 2 1 2 2728 181 2729
4423 2 2 1 2 2730 2729 695
4424 2 2 1 2 2728 2729 2730
4425 2 2 1 2 696 2731 2733
4426 2 2 1 2 2731 695 2732
4427 2 2 1 2 2733 2732 183
4428 2 2 1 2 2731 2732 2733
4429 2 2 1 2 694 2730 2726
4430 2 2 1 2 2730 695 2731
4431 2 2 1 2 2726 2731 696
4432 2 2 1 2 2730 2731 2726
4433 2 2 1 2 181 2734 2736
4434 2 2 1 2 2734 697 2735
4435 2 2 1 2 2736 2735 699
4436 2 2 1 2 2734 2735 2736
4437 2 2 1 2 697 2737 2739
4438 2 2 1 2 2737 6 2738
4439 2 2 1 2 2739 2738 698
4440 2 2 1 2 2737 2738 2739
4441 2 2 1 2 699 2740 2742
4442 2 2 1 2 2740 698 2741
4443 2 2 1 2 2742 2741 182
4444 2 2 1 2 2740 2741 2742
4445 2 2 1 2 697 2739 2735
4446 2 2 1 2 2739 698 2740
4447 2 2 1 2 2735 2740 699
4448 2 2 1 2 2739 2740 2735
4449 2 2 1 2 183 2743 2745
4450 2 2 1 2 2743 700 2744
4451 2 2 1 2 2745 2744 702
4452 2 2 1 2 2743 2744 2745
4453 2 2 1 2 700 2746 2748
4454 2 2 1 2 2746 182 2747
4455 2 2 1 2 2748 2747 701
4456 2 2 1 2 2746 2747 2748
4457 2 2 1 2 702 2749 2751
4458 2 2 1 2 2749 701 2750
4459 2 2 1 2 2751 2750 50
4460 2 2 1 2 2749 2750 2751
4461 2 2 1 2 700 2748 2744
4462 2 2 1 2 2748 701 2749
4463 2 2 1 2 2744 2749 702
4464 2 2 1 2 2748 2749 2744
4465 2 2 1 2 181 2736 2729
4466 2 2 1 2 2736 699 2752
4467 2 2 1 2 2729 2752 695
4468 2 2 1 2 2736 2752 2729
4469 2 2 1 2 699 2742 2753
4470 2 2 1 2 2742 182 2746
4471 2 2 1 2 2753 2746 700
4472 2 2 1 2 2742 2746 2753
4473 2 2 1 2 695 2754 2732
4474 2 2 1 2 2754 700 2743
4475 2 2 1 2 2732 2743 183
4476 2 2 1 2 2754 2743 2732
4477 2 2 1 2 699 2753 2752
4478 2 2 1 2 2753 700 2754
4479 2 2 1 2 2752 2754 695
4480 2 2 1 2 2753 2754 2752
4481 2 2 1 2 51 2755 2757
4482 2 2 1 2 2755 703 2756
4483 2 2 1 2 2757 2756 705
4484 2 2 1 2 2755 2756 2757
4485 2 2 1 2 703 2758 2760
4486 2 2 1 2 2758 184 2759
4487 2 2 1 2 2760 2759 704
4488 2 2 1 2 2758 2759 2760
4489 2 2 1 2 705 2761 2763
4490 2 2 1 2 2761 704 2762
4491 2 2 1 2 2763 2762 186
4492 2 2 1 2 2761 2762 2763
4493 2 2 1 2 703 2760 2756
4494 2 2 1 2 2760 704 2761
4495 2 2 1 2 2756 2761 705
4496 2 2 1 2 2760 2761 2756
4497 2 2 1 2 184 2764 2766
4498 2 2 1 2 2764 706 2765
4499 2 2 1 2 2766 2765 708
4500 2 2 1 2 2764 2765 2766
4501 2 2 1 2 706 2767 2769
4502 2 2 1 2 2767 50 2768
4503 2 2 1 2 2769 2768 707
4504 2 2 1 2 2767 2768 2769
4505 2 2 1 2 708 2770 2772
4506 2 2 1 2 2770 707 2771
4507 2 2 1 2 2772 2771 185
4508 2 2 1 2 2770 2771 2772
4509 2 2 1 2 706 2769 2765
4510 2 2 1 2 2769 707 2770
4511 2 2 1 2 2765 2770 708
4512 2 2 1 2 2769 2770 2765
4513 2 2 1 2 186 2773 2775
4514 2 2 1 2 2773 709 2774
4515 2 2 1 2 2775 2774 711
4516 2 2 1 2 2773 2774 2775
4517 2 2 1 2 709 2776 2778
4518 2 2 1 2 2776 185 2777
4519 2 2 1 2 2778 2777 710
4520 2 2 1 2 2776 2777 2778
4521 2 2 1 2 711 2779 2781
4522 2 2 1 2 2779 710 2780
4523 2 2 1 2 2781 2780 16
4524 2 2 1 2 2779 2780 2781
4525 2 2 1 2 709 2778 2774
4526 2 2 1 2 2778 710 2779
4527 2 2 1 2 2774 2779 711
4528 2 2 1 2 2778 2779 2774
4529 2 2 1 2 184 2766 2759
4530 2 2 1 2 2766 708 2782
4531 2 2 1 2 2759 2782 704
4532 2 2 1 2 2766 2782 2759
4533 2 2 1 2 708 2772 2783
4534 2 2 1 2 2772 185 2776
4535 2 2 1 2 2783 2776 709
4536 2 2 1 2 2772 2776 2783
4537 2 2 1 2 704 2784 2762
4538 2 2 1 2 2784 709 2773
4539 2 2 1 2 2762 2773 186
4540 2 2 1 2 2784 2773 2762
4541 2 2 1 2 708 2783 2782
4542 2 2 1 2 2783 709 2784
4543 2 2 1 2 2782 2784 704
4544 2 2 1 2 2783 2784 2782
4545 2 2 1 2 49 2727 2708
4546 2 2 1 2 2727 696 2785
4547 2 2 1 2 2708 2785 689
4548 2 2 1 2 2727 2785 2708
4549 2 2 1 2 696 2733 2787
4550 2 2 1 2 2733 183 2786
4551 2 2 1 2 2787 2786 712
4552 2 2 1 2 2733 2786 2787
4553 2 2 1 2 689 2788 2711
4554 2 2 1 2 2788 712 2789
4555 2 2 1 2 2711 2789 179
4556 2 2 1 2 2788 2789 2711
4557 2 2 1 2 696 2787 2785
4558 2 2 1 2 2787 712 2788
4559 2 2 1 2 2785 2788 689
4560 2 2 1 2 2787 2788 2785
4561 2 2 1 2 183 2745 2791
4562 2 2 1 2 2745 702 2790
4563 2 2 1 2 2791 2790 713
4564 2 2 1 2 2745 2790 2791
4565 2 2 1 2 702 2751 2792
4566 2 2 1 2 2751 50 2767
4567 2 2 1 2 2792 2767 706
4568 2 2 1 2 2751 2767 2792
4569 2 2 1 2 713 2793 2794
4570 2 2 1 2 2793 706 2764
4571 2 2 1 2 2794 2764 184
4572 2 2 1 2 2793 2764 2794
4573 2 2 1 2 702 2792 2790
4574 2 2 1 2 2792 706 2793
4575 2 2 1 2 2790 2793 713
4576 2 2 1 2 2792 2793 2790
4577 2 2 1 2 179 2795 2717
4578 2 2 1 2 2795 714 2796
4579 2 2 1 2 2717 2796 692
4580 2 2 1 2 2795 2796 2717
4581 2 2 1 2 714 2797 2798
4582 2 2 1 2 2797 184 2758
4583 2 2 1 2 2798 2758 703
4584 2 2 1 2 2797 2758 2798
4585 2 2 1 2 692 2799 2720
4586 2 2 1 2 2799 703 2755
4587 2 2 1 2 2720 2755 51
4588 2 2 1 2 2799 2755 2720
4589 2 2 1 2 714 2798 2796
4590 2 2 1 2 2798 703 2799
4591 2 2 1 2 2796 2799 692
4592 2 2 1 2 2798 2799 2796
4593 2 2 1 2 183 2791 2786
4594 2 2 1 2 2791 713 2800
4595 2 2 1 2 2786 2800 712
4596 2 2 1 2 2791 2800 2786
4597 2 2 1 2 713 2794 2801
4598 2 2 1 2 2794 184 2797
4599 2 2 1 2 2801 2797 714
4600 2 2 1 2 2794 2797 2801
4601 2 2 1 2 712 2802 2789
4602 2 2 1 2 2802 714 2795
4603 2 2 1 2 2789 2795 179
4604 2 2 1 2 2802 2795 2789
4605 2 2 1 2 713 2801 2800
4606 2 2 1 2 2801 714 2802
4607 2 2 1 2 2800 2802 712
4608 2 2 1 2 2801 2802 2800
4609 2 2 1 2 14 2803 2319
4610 2 2 1 2 2803 715 2804
4611 2 2 1 2 2319 2804 593
4612 2 2 1 2 2803 2804 2319
4613 2 2 1 2 715 2805 2807
4614 2 2 1 2 2805 187 2806
4615 2 2 1 2 2807 2806 716
4616 2 2 1 2 2805 2806 2807
4617 2 2 1 2 593 2808 2322
4618 2 2 1 2 2808 716 2809
4619 2 2 1 2 2322 2809 156
4620 2 2 1 2 2808 2809 2322
4621 2 2 1 2 715 2807 2804
4622 2 2 1 2 2807 716 2808
4623 2 2 1 2 2804 2808 593
4624 2 2 1 2 2807 2808 2804
4625 2 2 1 2 187 2810 2812
4626 2 2 1 2 2810 717 2811
4627 2 2 1 2 2812 2811 719
4628 2 2 1 2 2810 2811 2812
4629 2 2 1 2 717 2813 2815
4630 2 2 1 2 2813 52 2814
4631 2 2 1 2 2815 2814 718
4632 2 2 1 2 2813 2814 2815
4633 2 2 1 2 719 2816 2818
4634 2 2 1 2 2816 718 2817
4635 2 2 1 2 2818 2817 188
4636 2 2 1 2 2816 2817 2818
4637 2 2 1 2 717 2815 2811
4638 2 2 1 2 2815 718 2816
4639 2 2 1 2 2811 2816 719
4640 2 2 1 2 2815 2816 2811
4641 2 2 1 2 156 2819 2328
4642 2 2 1 2 2819 720 2820
4643 2 2 1 2 2328 2820 596
4644 2 2 1 2 2819 2820 2328
4645 2 2 1 2 720 2821 2823
4646 2 2 1 2 2821 188 2822
4647 2 2 1 2 2823 2822 721
4648 2 2 1 2 2821 2822 2823
4649 2 2 1 2 596 2824 2331
4650 2 2 1 2 2824 721 2825
4651 2 2 1 2 2331 2825 44
4652 2 2 1 2 2824 2825 2331
4653 2 2 1 2 720 2823 2820
4654 2 2 1 2 2823 721 2824
4655 2 2 1 2 2820 2824 596
4656 2 2 1 2 2823 2824 2820
4657 2 2 1 2 187 2812 2806
4658 2 2 1 2 2812 719 2826
4659 2 2 1 2 2806 2826 716
4660 2 2 1 2 2812 2826 2806
4661 2 2 1 2 719 2818 2827
4662 2 2 1 2 2818 188 2821
4663 2 2 1 2 2827 2821 720
4664 2 2 1 2 2818 2821 2827
4665 2 2 1 2 716 2828 2809
4666 2 2 1 2 2828 720 2819
4667 2 2 1 2 2809 2819 156
4668 2 2 1 2 2828 2819 2809
4669 2 2 1 2 719 2827 2826
4670 2 2 1 2 2827 720 2828
4671 2 2 1 2 2826 2828 716
4672 2 2 1 2 2827 2828 2826
4673 2 2 1 2 52 2829 2831
4674 2 2 1 2 2829 722 2830
4675 2 2 1 2 2831 2830 724
4676 2 2 1 2 2829 2830 2831
4677 2 2 1 2 722 2832 2834
4678 2 2 1 2 2832 189 2833
4679 2 2 1 2 2834 2833 723
4680 2 2 1 2 2832 2833 2834
4681 2 2 1 2 724 2835 2837
4682 2 2 1 2 2835 723 2836
4683 2 2 1 2 2837 2836 191
4684 2 2 1 2 2835 2836 2837
4685 2 2 1 2 722 2834 2830
4686 2 2 1 2 2834 723 2835
4687 2 2 1 2 2830 2835 724
4688 2 2 1 2 2834 2835 2830
4689 2 2 1 2 189 2838 2840
4690 2 2 1 2 2838 725 2839
4691 2 2 1 2 2840 2839 727
4692 2 2 1 2 2838 2839 2840
4693 2 2 1 2 725 2841 2843
4694 2 2 1 2 2841 16 2842
4695 2 2 1 2 2843 2842 726
4696 2 2 1 2 2841 2842 2843
4697 2 2 1 2 727 2844 2846
4698 2 2 1 2 2844 726 2845
4699 2 2 1 2 2846 2845 190
4700 2 2 1 2 2844 2845 2846
4701 2 2 1 2 725 2843 2839
4702 2 2 1 2 2843 726 2844
4703 2 2 1 2 2839 2844 727
4704 2 2 1 2 2843 2844 2839
4705 2 2 1 2 191 2847 2849
4706 2 2 1 2 2847 728 2848
4707 2 2 1 2 2849 2848 730
4708 2 2 1 2 2847 2848 2849
4709 2 2 1 2 728 2850 2852
4710 2 2 1 2 2850 190 2851
4711 2 2 1 2 2852 2851 729
4712 2 2 1 2 2850 2851 2852
4713 2 2 1 2 730 2853 2855
4714 2 2 1 2 2853 729 2854
4715 2 2 1 2 2855 2854 53
4716 2 2 1 2 2853 2854 2855
4717 2 2 1 2 728 2852 2848
4718 2 2 1 2 2852 729 2853
4719 2 2 1 2 2848 2853 730
4720 2 2 1 2 2852 2853 2848
4721 2 2 1 2 189 2840 2833
4722 2 2 1 2 2840 727 2856
4723 2 2 1 2 2833 2856 723
4724 2 2 1 2 2840 2856 2833
4725 2 2 1 2 727 2846 2857
4726 2 2 1 2 2846 190 2850
4727 2 2 1 2 2857 2850 728
4728 2 2 1 2 2846 2850 2857
4729 2 2 1 2 723 2858 2836
4730 2 2 1 2 2858 728 2847
4731 2 2 1 2 2836 2847 191
4732 2 2 1 2 2858 2847 2836
4733 2 2 1 2 727 2857 2856
4734 2 2 1 2 2857 728 2858
4735 2 2 1 2 2856 2858 723
4736 2 2 1 2 2857 2858 2856
4737 2 2 1 2 44 2859 2349
4738 2 2 1 2 2859 731 2860
4739 2 2 1 2 2349 2860 602
4740 2 2 1 2 2859 2860 2349
4741 2 2 1 2 731 2861 2863
4742 2 2 1 2 2861 192 2862
4743 2 2 1 2 2863 2862 732
4744 2 2 1 2 2861 2862 2863
4745 2 2 1 2 602 2864 2352
4746 2 2 1 2 2864 732 2865
4747 2 2 1 2 2352 2865 159
4748 2 2 1 2 2864 2865 2352
4749 2 2 1 2 731 2863 2860
4750 2 2 1 2 2863 732 2864
4751 2 2 1 2 2860 2864 602
4752 2 2 1 2 2863 2864 2860
4753 2 2 1 2 192 2866 2868
4754 2 2 1 2 2866 733 2867
4755 2 2 1 2 2868 2867 735
4756 2 2 1 2 2866 2867 2868
4757 2 2 1 2 733 2869 2871
4758 2 2 1 2 2869 53 2870
4759 2 2 1 2 2871 2870 734
4760 2 2 1 2 2869 2870 2871
4761 2 2 1 2 735 2872 2874
4762 2 2 1 2 2872 734 2873
4763 2 2 1 2 2874 2873 193
4764 2 2 1 2 2872 2873 2874
4765 2 2 1 2 733 2871 2867
4766 2 2 1 2 2871 734 2872
4767 2 2 1 2 2867 2872 735
4768 2 2 1 2 2871 2872 2867
4769 2 2 1 2 159 2875 2358
4770 2 2 1 2 2875 736 2876
4771 2 2 1 2 2358 2876 605
4772 2 2 1 2 2875 2876 2358
4773 2 2 1 2 736 2877 2879
4774 2 2 1 2 2877 193 2878
4775 2 2 1 2 2879 2878 737
4776 2 2 1 2 2877 2878 2879
4777 2 2 1 2 605 2880 2361
4778 2 2 1 2 2880 737 2881
4779 2 2 1 2 2361 2881 1
4780 2 2 1 2 2880 2881 2361
4781 2 2 1 2 736 2879 2876
4782 2 2 1 2 2879 737 2880
4783 2 2 1 2 2876 2880 605
4784 2 2 1 2 2879 2880 2876
4785 2 2 1 2 192 2868 2862
4786 2 2 1 2 2868 735 2882
4787 2 2 1 2 2862 2882 732
4788 2 2 1 2 2868 2882 2862
4789 2 2 1 2 735 2874 2883
4790 2 2 1 2 2874 193 2877
4791 2 2 1 2 2883 2877 736
4792 2 2 1 2 2874 2877 2883
4793 2 2 1 2 732 2884 2865
4794 2 2 1 2 2884 736 2875
4795 2 2 1 2 2865 2875 159
4796 2 2 1 2 2884 2875 2865
4797 2 2 1 2 735 2883 2882
4798 2 2 1 2 2883 736 2884
4799 2 2 1 2 2882 2884 732
4800 2 2 1 2 2883 2884 2882
4801 2 2 1 2 52 2831 2814
4802 2 2 1 2 2831 724 2885
4803 2 2 1 2 2814 2885 718
4804 2 2 1 2 2831 2885 2814
4805 2 2 1 2 724 2837 2887
4806 2 2 1 2 2837 191 2886
4807 2 2 1 2 2887 2886 738
4808 2 2 1 2 2837 2886 2887
4809 2 2 1 2 718 2888 2817
4810 2 2 1 2 2888 738 2889
4811 2 2 1 2 2817 2889 188
4812 2 2 1 2 2888 2889 2817
4813 2 2 1 2 724 2887 2885
4814 2 2 1 2 2887 738 2888
4815 2 2 1 2 2885 2888 718
4816 2 2 1 2 2887 2888 2885
4817 2 2 1 2 191 2849 2891
4818 2 2 1 2 2849 730 2890
4819 2 2 1 2 2891 2890 739
4820 2 2 1 2 2849 2890 2891
4821 2 2 1 2 730 2855 2892
4822 2 2 1 2 2855 53 2869
4823 2 2 1 2 2892 2869 733
4824 2 2 1 2 2855 2869 2892
4825 2 2 1 2 739 2893 2894
4826 2 2 1 2 2893 733 2866
4827 2 2 1 2 2894 2866 192
4828 2 2 1 2 2893 2866 2894
4829 2 2 1 2 730 2892 2890
4830 2 2 1 2 2892 733 2893
4831 2 2 1 2 2890 2893 739
4832 2 2 1 2 2892 2893 2890
4833 2 2 1 2 188 2895 2822
4834 2 2 1 2 2895 740 2896
4835 2 2 1 2 2822 2896 721
4836 2 2 1 2 2895 2896 2822
4837 2 2 1 2 740 2897 2898
4838 2 2 1 2 2897 192 2861
4839 2 2 1 2 2898 2861 731
4840 2 2 1 2 2897 2861 2898
4841 2 2 1 2 721 2899 2825
4842 2 2 1 2 2899 731 2859
4843 2 2 1 2 2825 2859 44
4844 2 2 1 2 2899 2859 2825
4845 2 2 1 2 740 2898 2896
4846 2 2 1 2 2898 731 2899
4847 2 2 1 2 2896 2899 721
4848 2 2 1 2 2898 2899 2896
4849 2 2 1 2 191 2891 2886
4850 2 2 1 2 2891 739 2900
4851 2 2 1 2 2886 2900 738
4852 2 2 1 2 2891 2900 2886
4853 2 2 1 2 739 2894 2901
4854 2 2 1 2 2894 192 2897
4855 2 2 1 2 2901 2897 740
4856 2 2 1 2 2894 2897 2901
4857 2 2 1 2 738 2902 2889
4858 2 2 1 2 2902 740 2895
4859 2 2 1 2 2889 2895 188
4860 2 2 1 2 2902 2895 2889
4861 2 2 1 2 739 2901 2900
4862 2 2 1 2 2901 740 2902
4863 2 2 1 2 2900 2902 738
4864 2 2 1 2 2901 2902 2900
4865 2 2 1 2 15 2697 2634
4866 2 2 1 2 2697 687 2903
4867 2 2 1 2 2634 2903 670
4868 2 2 1 2 2697 2903 2634
4869 2 2 1 2 687 2703 2905
4870 2 2 1 2 2703 180 2904
4871 2 2 1 2 2905 2904 741
4872 2 2 1 2 2703 2904 2905
4873 2 2 1 2 670 2906 2637
4874 2 2 1 2 2906 741 2907
4875 2 2 1 2 2637 2907 174
4876 2 2 1 2 2906 2907 2637
4877 2 2 1 2 687 2905 2903
4878 2 2 1 2 2905 741 2906
4879 2 2 1 2 2903 2906 670
4880 2 2 1 2 2905 2906 2903
4881 2 2 1 2 180 2715 2909
4882 2 2 1 2 2715 693 2908
4883 2 2 1 2 2909 2908 743
4884 2 2 1 2 2715 2908 2909
4885 2 2 1 2 693 2721 2911
4886 2 2 1 2 2721 51 2910
4887 2 2 1 2 2911 2910 742
4888 2 2 1 2 2721 2910 2911
4889 2 2 1 2 743 2912 2914
4890 2 2 1 2 2912 742 2913
4891 2 2 1 2 2914 2913 194
4892 2 2 1 2 2912 2913 2914
4893 2 2 1 2 693 2911 2908
4894 2 2 1 2 2911 742 2912
4895 2 2 1 2 2908 2912 743
4896 2 2 1 2 2911 2912 2908
4897 2 2 1 2 174 2915 2643
4898 2 2 1 2 2915 744 2916
4899 2 2 1 2 2643 2916 673
4900 2 2 1 2 2915 2916 2643
4901 2 2 1 2 744 2917 2919
4902 2 2 1 2 2917 194 2918
4903 2 2 1 2 2919 2918 745
4904 2 2 1 2 2917 2918 2919
4905 2 2 1 2 673 2920 2646
4906 2 2 1 2 2920 745 2921
4907 2 2 1 2 2646 2921 48
4908 2 2 1 2 2920 2921 2646
4909 2 2 1 2 744 2919 2916
4910 2 2 1 2 2919 745 2920
4911 2 2 1 2 2916 2920 673
4912 2 2 1 2 2919 2920 2916
4913 2 2 1 2 180 2909 2904
4914 2 2 1 2 2909 743 2922
4915 2 2 1 2 2904 2922 741
4916 2 2 1 2 2909 2922 2904
4917 2 2 1 2 743 2914 2923
4918 2 2 1 2 2914 194 2917
4919 2 2 1 2 2923 2917 744
4920 2 2 1 2 2914 2917 2923
4921 2 2 1 2 741 2924 2907
4922 2 2 1 2 2924 744 2915
4923 2 2 1 2 2907 2915 174
4924 2 2 1 2 2924 2915 2907
4925 2 2 1 2 743 2923 2922
4926 2 2 1 2 2923 744 2924
4927 2 2 1 2 2922 2924 741
4928 2 2 1 2 2923 2924 2922
4929 2 2 1 2 51 2757 2926
4930 2 2 1 2 2757 705 2925
4931 2 2 1 2 2926 2925 747
4932 2 2 1 2 2757 2925 2926
4933 2 2 1 2 705 2763 2928
4934 2 2 1 2 2763 186 2927
4935 2 2 1 2 2928 2927 746
4936 2 2 1 2 2763 2927 2928
4937 2 2 1 2 747 2929 2931
4938 2 2 1 2 2929 746 2930
4939 2 2 1 2 2931 2930 195
4940 2 2 1 2 2929 2930 2931
4941 2 2 1 2 705 2928 2925
4942 2 2 1 2 2928 746 2929
4943 2 2 1 2 2925 2929 747
4944 2 2 1 2 2928 2929 2925
4945 2 2 1 2 186 2775 2933
4946 2 2 1 2 2775 711 2932
4947 2 2 1 2 2933 2932 748
4948 2 2 1 2 2775 2932 2933
4949 2 2 1 2 711 2781 2934
4950 2 2 1 2 2781 16 2841
4951 2 2 1 2 2934 2841 725
4952 2 2 1 2 2781 2841 2934
4953 2 2 1 2 748 2935 2936
4954 2 2 1 2 2935 725 2838
4955 2 2 1 2 2936 2838 189
4956 2 2 1 2 2935 2838 2936
4957 2 2 1 2 711 2934 2932
4958 2 2 1 2 2934 725 2935
4959 2 2 1 2 2932 2935 748
4960 2 2 1 2 2934 2935 2932
4961 2 2 1 2 195 2937 2939
4962 2 2 1 2 2937 749 2938
4963 2 2 1 2 2939 2938 750
4964 2 2 1 2 2937 2938 2939
4965 2 2 1 2 749 2940 2941
4966 2 2 1 2 2940 189 2832
4967 2 2 1 2 2941 2832 722
4968 2 2 1 2 2940 2832 2941
4969 2 2 1 2 750 2942 2943
4970 2 2 1 2 2942 722 2829
4971 2 2 1 2 2943 2829 52
4972 2 2 1 2 2942 2829 2943
4973 2 2 1 2 749 2941 2938
4974 2 2 1 2 2941 722 2942
4975 2 2 1 2 2938 2942 750
4976 2 2 1 2 2941 2942 2938
4977 2 2 1 2 186 2933 2927
4978 2 2 1 2 2933 748 2944
4979 2 2 1 2 2927 2944 746
4980 2 2 1 2 2933 2944 2927
4981 2 2 1 2 748 2936 2945
4982 2 2 1 2 2936 189 2940
4983 2 2 1 2 2945 2940 749
4984 2 2 1 2 2936 2940 2945
4985 2 2 1 2 746 2946 2930
4986 2 2 1 2 2946 749 2937
4987 2 2 1 2 2930 2937 195
4988 2 2 1 2 2946 2937 2930
4989 2 2 1 2 748 2945 2944
4990 2 2 1 2 2945 749 2946
4991 2 2 1 2 2944 2946 746
4992 2 2 1 2 2945 2946 2944
4993 2 2 1 2 48 2947 2662
4994 2 2 1 2 2947 751 2948
4995 2 2 1 2 2662 2948 678
4996 2 2 1 2 2947 2948 2662
4997 2 2 1 2 751 2949 2951
4998 2 2 1 2 2949 196 2950
4999 2 2 1 2 2951 2950 752
5000 2 2 1 2 2949 2950 2951
5001 2 2 1 2 678 2952 2665
5002 2 2 1 2 2952 752 2953
5003 2 2 1 2 2665 2953 177
5004 2 2 1 2 2952 2953 2665
5005 2 2 1 2 751 2951 2948
5006 2 2 1 2 2951 752 2952
5007 2 2 1 2 2948 2952 678
5008 2 2 1 2 2951 2952 2948
5009 2 2 1 2 196 2954 2956
5010 2 2 1 2 2954 753 2955
5011 2 2 1 2 2956 2955 754
5012 2 2 1 2 2954 2955 2956
5013 2 2 1 2 753 2957 2958
5014 2 2 1 2 2957 52 2813
5015 2 2 1 2 2958 2813 717
5016 2 2 1 2 2957 2813 2958
5017 2 2 1 2 754 2959 2960
5018 2 2 1 2 2959 717 2810
5019 2 2 1 2 2960 2810 187
5020 2 2 1 2 2959 2810 2960
5021 2 2 1 2 753 2958 2955
5022 2 2 1 2 2958 717 2959
5023 2 2 1 2 2955 2959 754
5024 2 2 1 2 2958 2959 2955
5025 2 2 1 2 177 2961 2670
5026 2 2 1 2 2961 755 2962
5027 2 2 1 2 2670 2962 681
5028 2 2 1 2 2961 2962 2670
5029 2 2 1 2 755 2963 2964
5030 2 2 1 2 2963 187 2805
5031 2 2 1 2 2964 2805 715
5032 2 2 1 2 2963 2805 2964
5033 2 2 1 2 681 2965 2673
5034 2 2 1 2 2965 715 2803
5035 2 2 1 2 2673 2803 14
5036 2 2 1 2 2965 2803 2673
5037 2 2 1 2 755 2964 2962
5038 2 2 1 2 2964 715 2965
5039 2 2 1 2 2962 2965 681
5040 2 2 1 2 2964 2965 2962
5041 2 2 1 2 196 2956 2950
5042 2 2 1 2 2956 754 2966
5043 2 2 1 2 2950 2966 752
5044 2 2 1 2 2956 2966 2950
5045 2 2 1 2 754 2960 2967
5046 2 2 1 2 2960 187 2963
5047 2 2 1 2 2967 2963 755
5048 2 2 1 2 2960 2963 2967
5049 2 2 1 2 752 2968 2953
5050 2 2 1 2 2968 755 2961
5051 2 2 1 2 2953 2961 177
5052 2 2 1 2 2968 2961 2953
5053 2 2 1 2 754 2967 2966
5054 2 2 1 2 2967 755 2968
5055 2 2 1 2 2966 2968 752
5056 2 2 1 2 2967 2968 2966
5057 2 2 1 2 51 2926 2910
5058 2 2 1 2 2926 747 2969
5059 2 2 1 2 2910 2969 742
5060 2 2 1 2 2926 2969 2910
5061 2 2 1 2 747 2931 2971
5062 2 2 1 2 2931 195 2970
5063 2 2 1 2 2971 2970 756
5064 2 2 1 2 2931 2970 2971
5065 2 2 1 2 742 2972 2913
5066 2 2 1 2 2972 756 2973
5067 2 2 1 2 2913 2973 194
5068 2 2 1 2 2972 2973 2913
5069 2 2 1 2 747 2971 2969
5070 2 2 1 2 2971 756 2972
5071 2 2 1 2 2969 2972 742
5072 2 2 1 2 2971 2972 2969
5073 2 2 1 2 195 2939 2975
5074 2 2 1 2 2939 750 2974
5075 2 2 1 2 2975 2974 757
5076 2 2 1 2 2939 2974 2975
5077 2 2 1 2 750 2943 2976
5078 2 2 1 2 2943 52 2957
5079 2 2 1 2 2976 2957 753
5080 2 2 1 2 2943 2957 2976
5081 2 2 1 2 757 2977 2978
5082 2 2 1 2 2977 753 2954
5083 2 2 1 2 2978 2954 196
5084 2 2 1 2 2977 2954 2978
5085 2 2 1 2 750 2976 2974
5086 2 2 1 2 2976 753 2977
5087 2 2 1 2 2974 2977 757
5088 2 2 1 2 2976 2977 2974
5089 2 2 1 2 194 2979 2918
5090 2 2 1 2 2979 758 2980
5091 2 2 1 2 2918 2980 745
5092 2 2 1 2 2979 2980 2918
5093 2 2 1 2 758 2981 2982
5094 2 2 1 2 2981 196 2949
5095 2 2 1 2 2982 2949 751
5096 2 2 1 2 2981 2949 2982
5097 2 2 1 2 745 2983 2921
5098 2 2 1 2 2983 751 2947
5099 2 2 1 2 2921 2947 48
5100 2 2 1 2 2983 2947 2921
5101 2 2 1 2 758 2982 2980
5102 2 2 1 2 2982 751 2983
5103 2 2 1 2 2980 2983 745
5104 2 2 1 2 2982 2983 2980
5105 2 2 1 2 195 2975 2970
5106 2 2 1 2 2975 757 2984
5107 2 2 1 2 2970 2984 756
5108 2 2 1 2 2975 2984 2970
5109 2 2 1 2 757 2978 2985
5110 2 2 1 2 2978 196 2981
5111 2 2 1 2 2985 2981 758
5112 2 2 1 2 2978 2981 2985
5113 2 2 1 2 756 2986 2973
5114 2 2 1 2 2986 758 2979
5115 2 2 1 2 2973 2979 194
5116 2 2 1 2 2986 2979 2973
5117 2 2 1 2 757 2985 2984
5118 2 2 1 2 2985 758 2986
5119 2 2 1 2 2984 2986 756
5120 2 2 1 2 2985 2986 2984
5121 2 2 1 2 1 2881 1027
5122 2 2 1 2 2881 737 2987
5123 2 2 1 2 1027 2987 259
5124 2 2 1 2 2881 2987 1027
5125 2 2 1 2 737 2878 2989
5126 2 2 1 2 2878 193 2988
5127 2 2 1 2 2989 2988 759
5128 2 2 1 2 2878 2988 2989
5129 2 2 1 2 259 2990 1030
5130 2 2 1 2 2990 759 2991
5131 2 2 1 2 1030 2991 67
5132 2 2 1 2 2990 2991 1030
5133 2 2 1 2 737 2989 2987
5134 2 2 1 2 2989 759 2990
5135 2 2 1 2 2987 2990 259
5136 2 2 1 2 2989 2990 2987
5137 2 2 1 2 193 2873 2993
5138 2 2 1 2 2873 734 2992
5139 2 2 1 2 2993 2992 761
5140 2 2 1 2 2873 2992 2993
5141 2 2 1 2 734 2870 2995
5142 2 2 1 2 2870 53 2994
5143 2 2 1 2 2995 2994 760
5144 2 2 1 2 2870 2994 2995
5145 2 2 1 2 761 2996 2998
5146 2 2 1 2 2996 760 2997
5147 2 2 1 2 2998 2997 197
5148 2 2 1 2 2996 2997 2998
5149 2 2 1 2 734 2995 2992
5150 2 2 1 2 2995 760 2996
5151 2 2 1 2 2992 2996 761
5152 2 2 1 2 2995 2996 2992
5153 2 2 1 2 67 2999 1036
5154 2 2 1 2 2999 762 3000
5155 2 2 1 2 1036 3000 262
5156 2 2 1 2 2999 3000 1036
5157 2 2 1 2 762 3001 3003
5158 2 2 1 2 3001 197 3002
5159 2 2 1 2 3003 3002 763
5160 2 2 1 2 3001 3002 3003
5161 2 2 1 2 262 3004 1039
5162 2 2 1 2 3004 763 3005
5163 2 2 1 2 1039 3005 19
5164 2 2 1 2 3004 3005 1039
5165 2 2 1 2 762 3003 3000
5166 2 2 1 2 3003 763 3004
5167 2 2 1 2 3000 3004 262
5168 2 2 1 2 3003 3004 3000
5169 2 2 1 2 193 2993 2988
5170 2 2 1 2 2993 761 3006
5171 2 2 1 2 2988 3006 759
5172 2 2 1 2 2993 3006 2988
5173 2 2 1 2 761 2998 3007
5174 2 2 1 2 2998 197 3001
5175 2 2 1 2 3007 3001 762
5176 2 2 1 2 2998 3001 3007
5177 2 2 1 2 759 3008 2991
5178 2 2 1 2 3008 762 2999
5179 2 2 1 2 2991 2999 67
5180 2 2 1 2 3008 2999 2991
5181 2 2 1 2 761 3007 3006
5182 2 2 1 2 3007 762 3008
5183 2 2 1 2 3006 3008 759
5184 2 2 1 2 3007 3008 3006
5185 2 2 1 2 53 2854 3010
5186 2 2 1 2 2854 729 3009
5187 2 2 1 2 3010 3009 765
5188 2 2 1 2 2854 3009 3010
5189 2 2 1 2 729 2851 3012
5190 2 2 1 2 2851 190 3011
5191 2 2 1 2 3012 3011 764
5192 2 2 1 2 2851 3011 3012
5193 2 2 1 2 765 3013 3015
5194 2 2 1 2 3013 764 3014
5195 2 2 1 2 3015 3014 199
5196 2 2 1 2 3013 3014 3015
5197 2 2 1 2 729 3012 3009
5198 2 2 1 2 3012 764 3013
5199 2 2 1 2 3009 3013 765
5200 2 2 1 2 3012 3013 3009
5201 2 2 1 2 190 2845 3017
5202 2 2 1 2 2845 726 3016
5203 2 2 1 2 3017 3016 767
5204 2 2 1 2 2845 3016 3017
5205 2 2 1 2 726 2842 3019
5206 2 2 1 2 2842 16 3018
5207 2 2 1 2 3019 3018 766
5208 2 2 1 2 2842 3018 3019
5209 2 2 1 2 767 3020 3022
5210 2 2 1 2 3020 766 3021
5211 2 2 1 2 3022 3021 198
5212 2 2 1 2 3020 3021 3022
5213 2 2 1 2 726 3019 3016
5214 2 2 1 2 3019 766 3020
5215 2 2 1 2 3016 3020 767
5216 2 2 1 2 3019 3020 3016
5217 2 2 1 2 199 3023 3025
5218 2 2 1 2 3023 768 3024
5219 2 2 1 2 3025 3024 770
5220 2 2 1 2 3023 3024 3025
5221 2 2 1 2 768 3026 3028
5222 2 2 1 2 3026 198 3027
5223 2 2 1 2 3028 3027 769
5224 2 2 1 2 3026 3027 3028
5225 2 2 1 2 770 3029 3031
5226 2 2 1 2 3029 769 3030
5227 2 2 1 2 3031 3030 54
5228 2 2 1 2 3029 3030 3031
5229 2 2 1 2 768 3028 3024
5230 2 2 1 2 3028 769 3029
5231 2 2 1 2 3024 3029 770
5232 2 2 1 2 3028 3029 3024
5233 2 2 1 2 190 3017 3011
5234 2 2 1 2 3017 767 3032
5235 2 2 1 2 3011 3032 764
5236 2 2 1 2 3017 3032 3011
5237 2 2 1 2 767 3022 3033
5238 2 2 1 2 3022 198 3026
5239 2 2 1 2 3033 3026 768
5240 2 2 1 2 3022 3026 3033
5241 2 2 1 2 764 3034 3014
5242 2 2 1 2 3034 768 3023
5243 2 2 1 2 3014 3023 199
5244 2 2 1 2 3034 3023 3014
5245 2 2 1 2 767 3033 3032
5246 2 2 1 2 3033 768 3034
5247 2 2 1 2 3032 3034 764
5248 2 2 1 2 3033 3034 3032
5249 2 2 1 2 19 3035 1057
5250 2 2 1 2 3035 771 3036
5251 2 2 1 2 1057 3036 268
5252 2 2 1 2 3035 3036 1057
5253 2 2 1 2 771 3037 3039
5254 2 2 1 2 3037 200 3038
5255 2 2 1 2 3039 3038 772
5256 2 2 1 2 3037 3038 3039
5257 2 2 1 2 268 3040 1060
5258 2 2 1 2 3040 772 3041
5259 2 2 1 2 1060 3041 70
5260 2 2 1 2 3040 3041 1060
5261 2 2 1 2 771 3039 3036
5262 2 2 1 2 3039 772 3040
5263 2 2 1 2 3036 3040 268
5264 2 2 1 2 3039 3040 3036
5265 2 2 1 2 200 3042 3044
5266 2 2 1 2 3042 773 3043
5267 2 2 1 2 3044 3043 775
5268 2 2 1 2 3042 3043 3044
5269 2 2 1 2 773 3045 3047
5270 2 2 1 2 3045 54 3046
5271 2 2 1 2 3047 3046 774
5272 2 2 1 2 3045 3046 3047
5273 2 2 1 2 775 3048 3050
5274 2 2 1 2 3048 774 3049
5275 2 2 1 2 3050 3049 201
5276 2 2 1 2 3048 3049 3050
5277 2 2 1 2 773 3047 3043
5278 2 2 1 2 3047 774 3048
5279 2 2 1 2 3043 3048 775
5280 2 2 1 2 3047 3048 3043
5281 2 2 1 2 70 3051 1066
5282 2 2 1 2 3051 776 3052
5283 2 2 1 2 1066 3052 271
5284 2 2 1 2 3051 3052 1066
5285 2 2 1 2 776 3053 3055
5286 2 2 1 2 3053 201 3054
5287 2 2 1 2 3055 3054 777
5288 2 2 1 2 3053 3054 3055
5289 2 2 1 2 271 3056 1069
5290 2 2 1 2 3056 777 3057
5291 2 2 1 2 1069 3057 7
5292 2 2 1 2 3056 3057 1069
5293 2 2 1 2 776 3055 3052
5294 2 2 1 2 3055 777 3056
5295 2 2 1 2 3052 3056 271
5296 2 2 1 2 3055 3056 3052
5297 2 2 1 2 200 3044 3038
5298 2 2 1 2 3044 775 3058
5299 2 2 1 2 3038 3058 772
5300 2 2 1 2 3044 3058 3038
5301 2 2 1 2 775 3050 3059
5302 2 2 1 2 3050 201 3053
5303 2 2 1 2 3059 3053 776
5304 2 2 1 2 3050 3053 3059
5305 2 2 1 2 772 3060 3041
5306 2 2 1 2 3060 776 3051
5307 2 2 1 2 3041 3051 70
5308 2 2 1 2 3060 3051 3041
5309 2 2 1 2 775 3059 3058
5310 2 2 1 2 3059 776 3060
5311 2 2 1 2 3058 3060 772
5312 2 2 1 2 3059 3060 3058
5313 2 2 1 2 53 3010 2994
5314 2 2 1 2 3010 765 3061
5315 2 2 1 2 2994 3061 760
5316 2 2 1 2 3010 3061 2994
5317 2 2 1 2 765 3015 3063
5318 2 2 1 2 3015 199 3062
5319 2 2 1 2 3063 3062 778
5320 2 2 1 2 3015 3062 3063
5321 2 2 1 2 760 3064 2997
5322 2 2 1 2 3064 778 3065
5323 2 2 1 2 2997 3065 197
5324 2 2 1 2 3064 3065 2997
5325 2 2 1 2 765 3063 3061
5326 2 2 1 2 3063 778 3064
5327 2 2 1 2 3061 3064 760
5328 2 2 1 2 3063 3064 3061
5329 2 2 1 2 199 3025 3067
5330 2 2 1 2 3025 770 3066
5331 2 2 1 2 3067 3066 779
5332 2 2 1 2 3025 3066 3067
5333 2 2 1 2 770 3031 3068
5334 2 2 1 2 3031 54 3045
5335 2 2 1 2 3068 3045 773
5336 2 2 1 2 3031 3045 3068
5337 2 2 1 2 779 3069 3070
5338 2 2 1 2 3069 773 3042
5339 2 2 1 2 3070 3042 200
5340 2 2 1 2 3069 3042 3070
5341 2 2 1 2 770 3068 3066
5342 2 2 1 2 3068 773 3069
5343 2 2 1 2 3066 3069 779
5344 2 2 1 2 3068 3069 3066
5345 2 2 1 2 197 3071 3002
5346 2 2 1 2 3071 780 3072
5347 2 2 1 2 3002 3072 763
5348 2 2 1 2 3071 3072 3002
5349 2 2 1 2 780 3073 3074
5350 2 2 1 2 3073 200 3037
5351 2 2 1 2 3074 3037 771
5352 2 2 1 2 3073 3037 3074
5353 2 2 1 2 763 3075 3005
5354 2 2 1 2 3075 771 3035
5355 2 2 1 2 3005 3035 19
5356 2 2 1 2 3075 3035 3005
5357 2 2 1 2 780 3074 3072
5358 2 2 1 2 3074 771 3075
5359 2 2 1 2 3072 3075 763
5360 2 2 1 2 3074 3075 3072
5361 2 2 1 2 199 3067 3062
5362 2 2 1 2 3067 779 3076
5363 2 2 1 2 3062 3076 778
5364 2 2 1 2 3067 3076 3062
5365 2 2 1 2 779 3070 3077
5366 2 2 1 2 3070 200 3073
5367 2 2 1 2 3077 3073 780
5368 2 2 1 2 3070 3073 3077
5369 2 2 1 2 778 3078 3065
5370 2 2 1 2 3078 780 3071
5371 2 2 1 2 3065 3071 197
5372 2 2 1 2 3078 3071 3065
5373 2 2 1 2 779 3077 3076
5374 2 2 1 2 3077 780 3078
5375 2 2 1 2 3076 3078 778
5376 2 2 1 2 3077 3078 3076
5377 2 2 1 2 16 2780 3080
5378 2 2 1 2 2780 710 3079
5379 2 2 1 2 3080 3079 782
5380 2 2 1 2 2780 3079 3080
5381 2 2 1 2 710 2777 3082
5382 2 2 1 2 2777 185 3081
5383 2 2 1 2 3082 3081 781
5384 2 2 1 2 2777 3081 3082
5385 2 2 1 2 782 3083 3085
5386 2 2 1 2 3083 781 3084
5387 2 2 1 2 3085 3084 203
5388 2 2 1 2 3083 3084 3085
5389 2 2 1 2 710 3082 3079
5390 2 2 1 2 3082 781 3083
5391 2 2 1 2 3079 3083 782
5392 2 2 1 2 3082 3083 3079
5393 2 2 1 2 185 2771 3087
5394 2 2 1 2 2771 707 3086
5395 2 2 1 2 3087 3086 784
5396 2 2 1 2 2771 3086 3087
5397 2 2 1 2 707 2768 3089
5398 2 2 1 2 2768 50 3088
5399 2 2 1 2 3089 3088 783
5400 2 2 1 2 2768 3088 3089
5401 2 2 1 2 784 3090 3092
5402 2 2 1 2 3090 783 3091
5403 2 2 1 2 3092 3091 202
5404 2 2 1 2 3090 3091 3092
5405 2 2 1 2 707 3089 3086
5406 2 2 1 2 3089 783 3090
5407 2 2 1 2 3086 3090 784
5408 2 2 1 2 3089 3090 3086
5409 2 2 1 2 203 3093 3095
5410 2 2 1 2 3093 785 3094
5411 2 2 1 2 3095 3094 787
5412 2 2 1 2 3093 3094 3095
5413 2 2 1 2 785 3096 3098
5414 2 2 1 2 3096 202 3097
5415 2 2 1 2 3098 3097 786
5416 2 2 1 2 3096 3097 3098
5417 2 2 1 2 787 3099 3101
5418 2 2 1 2 3099 786 3100
5419 2 2 1 2 3101 3100 56
5420 2 2 1 2 3099 3100 3101
5421 2 2 1 2 785 3098 3094
5422 2 2 1 2 3098 786 3099
5423 2 2 1 2 3094 3099 787
5424 2 2 1 2 3098 3099 3094
5425 2 2 1 2 185 3087 3081
5426 2 2 1 2 3087 784 3102
5427 2 2 1 2 3081 3102 781
5428 2 2 1 2 3087 3102 3081
5429 2 2 1 2 784 3092 3103
5430 2 2 1 2 3092 202 3096
5431 2 2 1 2 3103 3096 785
5432 2 2 1 2 3092 3096 3103
5433 2 2 1 2 781 3104 3084
5434 2 2 1 2 3104 785 3093
5435 2 2 1 2 3084 3093 203
5436 2 2 1 2 3104 3093 3084
5437 2 2 1 2 784 3103 3102
5438 2 2 1 2 3103 785 3104
5439 2 2 1 2 3102 3104 781
5440 2 2 1 2 3103 3104 3102
5441 2 2 1 2 50 2750 3106
5442 2 2 1 2 2750 701 3105
5443 2 2 1 2 3106 3105 789
5444 2 2 1 2 2750 3105 3106
5445 2 2 1 2 701 2747 3108
5446 2 2 1 2 2747 182 3107
5447 2 2 1 2 3108 3107 788
5448 2 2 1 2 2747 3107 3108
5449 2 2 1 2 789 3109 3111
5450 2 2 1 2 3109 788 3110
5451 2 2 1 2 3111 3110 205
5452 2 2 1 2 3109 3110 3111
5453 2 2 1 2 701 3108 3105
5454 2 2 1 2 3108 788 3109
5455 2 2 1 2 3105 3109 789
5456 2 2 1 2 3108 3109 3105
5457 2 2 1 2 182 2741 3113
5458 2 2 1 2 2741 698 3112
5459 2 2 1 2 3113 3112 791
5460 2 2 1 2 2741 3112 3113
5461 2 2 1 2 698 2738 3115
5462 2 2 1 2 2738 6 3114
5463 2 2 1 2 3115 3114 790
5464 2 2 1 2 2738 3114 3115
5465 2 2 1 2 791 3116 3118
5466 2 2 1 2 3116 790 3117
5467 2 2 1 2 3118 3117 204
5468 2 2 1 2 3116 3117 3118
5469 2 2 1 2 698 3115 3112
5470 2 2 1 2 3115 790 3116
5471 2 2 1 2 3112 3116 791
5472 2 2 1 2 3115 3116 3112
5473 2 2 1 2 205 3119 3121
5474 2 2 1 2 3119 792 3120
5475 2 2 1 2 3121 3120 794
5476 2 2 1 2 3119 3120 3121
5477 2 2 1 2 792 3122 3124
5478 2 2 1 2 3122 204 3123
5479 2 2 1 2 3124 3123 793
5480 2 2 1 2 3122 3123 3124
5481 2 2 1 2 794 3125 3127
5482 2 2 1 2 3125 793 3126
5483 2 2 1 2 3127 3126 55
5484 2 2 1 2 3125 3126 3127
5485 2 2 1 2 792 3124 3120
5486 2 2 1 2 3124 793 3125
5487 2 2 1 2 3120 3125 794
5488 2 2 1 2 3124 3125 3120
5489 2 2 1 2 182 3113 3107
5490 2 2 1 2 3113 791 3128
5491 2 2 1 2 3107 3128 788
5492 2 2 1 2 3113 3128 3107
5493 2 2 1 2 791 3118 3129
5494 2 2 1 2 3118 204 3122
5495 2 2 1 2 3129 3122 792
5496 2 2 1 2 3118 3122 3129
5497 2 2 1 2 788 3130 3110
5498 2 2 1 2 3130 792 3119
5499 2 2 1 2 3110 3119 205
5500 2 2 1 2 3130 3119 3110
5501 2 2 1 2 791 3129 3128
5502 2 2 1 2 3129 792 3130
5503 2 2 1 2 3128 3130 788
5504 2 2 1 2 3129 3130 3128
5505 2 2 1 2 56 3131 3133
5506 2 2 1 2 3131 795 3132
5507 2 2 1 2 3133 3132 797
5508 2 2 1 2 3131 3132 3133
5509 2 2 1 2 795 3134 3136
5510 2 2 1 2 3134 206 3135
5511 2 2 1 2 3136 3135 796
5512 2 2 1 2 3134 3135 3136
5513 2 2 1 2 797 3137 3139
5514 2 2 1 2 3137 796 3138
5515 2 2 1 2 3139 3138 208
5516 2 2 1 2 3137 3138 3139
5517 2 2 1 2 795 3136 3132
5518 2 2 1 2 3136 796 3137
5519 2 2 1 2 3132 3137 797
5520 2 2 1 2 3136 3137 3132
5521 2 2 1 2 206 3140 3142
5522 2 2 1 2 3140 798 3141
5523 2 2 1 2 3142 3141 800
5524 2 2 1 2 3140 3141 3142
5525 2 2 1 2 798 3143 3145
5526 2 2 1 2 3143 55 3144
5527 2 2 1 2 3145 3144 799
5528 2 2 1 2 3143 3144 3145
5529 2 2 1 2 800 3146 3148
5530 2 2 1 2 3146 799 3147
5531 2 2 1 2 3148 3147 207
5532 2 2 1 2 3146 3147 3148
5533 2 2 1 2 798 3145 3141
5534 2 2 1 2 3145 799 3146
5535 2 2 1 2 3141 3146 800
5536 2 2 1 2 3145 3146 3141
5537 2 2 1 2 208 3149 3151
5538 2 2 1 2 3149 801 3150
5539 2 2 1 2 3151 3150 803
5540 2 2 1 2 3149 3150 3151
5541 2 2 1 2 801 3152 3154
5542 2 2 1 2 3152 207 3153
5543 2 2 1 2 3154 3153 802
5544 2 2 1 2 3152 3153 3154
5545 2 2 1 2 803 3155 3157
5546 2 2 1 2 3155 802 3156
5547 2 2 1 2 3157 3156 17
5548 2 2 1 2 3155 3156 3157
5549 2 2 1 2 801 3154 3150
5550 2 2 1 2 3154 802 3155
5551 2 2 1 2 3150 3155 803
5552 2 2 1 2 3154 3155 3150
5553 2 2 1 2 206 3142 3135
5554 2 2 1 2 3142 800 3158
5555 2 2 1 2 3135 3158 796
5556 2 2 1 2 3142 3158 3135
5557 2 2 1 2 800 3148 3159
5558 2 2 1 2 3148 207 3152
5559 2 2 1 2 3159 3152 801
5560 2 2 1 2 3148 3152 3159
5561 2 2 1 2 796 3160 3138
5562 2 2 1 2 3160 801 3149
5563 2 2 1 2 3138 3149 208
5564 2 2 1 2 3160 3149 3138
5565 2 2 1 2 800 3159 3158
5566 2 2 1 2 3159 801 3160
5567 2 2 1 2 3158 3160 796
5568 2 2 1 2 3159 3160 3158
5569 2 2 1 2 50 3106 3088
5570 2 2 1 2 3106 789 3161
5571 2 2 1 2 3088 3161 783
5572 2 2 1 2 3106 3161 3088
5573 2 2 1 2 789 3111 3163
5574 2 2 1 2 3111 205 3162
5575 2 2 1 2 3163 3162 804
5576 2 2 1 2 3111 3162 3163
5577 2 2 1 2 783 3164 3091
5578 2 2 1 2 3164 804 3165
5579 2 2 1 2 3091 3165 202
5580 2 2 1 2 3164 3165 3091
5581 2 2 1 2 789 3163 3161
5582 2 2 1 2 3163 804 3164
5583 2 2 1 2 3161 3164 783
5584 2 2 1 2 3163 3164 3161
5585 2 2 1 2 205 3121 3167
5586 2 2 1 2 3121 794 3166
5587 2 2 1 2 3167 3166 805
5588 2 2 1 2 3121 3166 3167
5589 2 2 1 2 794 3127 3168
5590 2 2 1 2 3127 55 3143
5591 2 2 1 2 3168 3143 798
5592 2 2 1 2 3127 3143 3168
5593 2 2 1 2 805 3169 3170
5594 2 2 1 2 3169 798 3140
5595 2 2 1 2 3170 3140 206
5596 2 2 1 2 3169 3140 3170
5597 2 2 1 2 794 3168 3166
5598 2 2 1 2 3168 798 3169
5599 2 2 1 2 3166 3169 805
5600 2 2 1 2 3168 3169 3166
5601 2 2 1 2 202 3171 3097
5602 2 2 1 2 3171 806 3172
5603 2 2 1 2 3097 3172 786
5604 2 2 1 2 3171 3172 3097
5605 2 2 1 2 806 3173 3174
5606 2 2 1 2 3173 206 3134
5607 2 2 1 2 3174 3134 795
5608 2 2 1 2 3173 3134 3174
5609 2 2 1 2 786 3175 3100
5610 2 2 1 2 3175 795 3131
5611 2 2 1 2 3100 3131 56
5612 2 2 1 2 3175 3131 3100
5613 2 2 1 2 806 3174 3172
5614 2 2 1 2 3174 795 3175
5615 2 2 1 2 3172 3175 786
5616 2 2 1 2 3174 3175 3172
5617 2 2 1 2 205 3167 3162
5618 2 2 1 2 3167 805 3176
5619 2 2 1 2 3162 3176 804
5620 2 2 1 2 3167 3176 3162
5621 2 2 1 2 805 3170 3177
5622 2 2 1 2 3170 206 3173
5623 2 2 1 2 3177 3173 806
5624 2 2 1 2 3170 3173 3177
5625 2 2 1 2 804 3178 3165
5626 2 2 1 2 3178 806 3171
5627 2 2 1 2 3165 3171 202
5628 2 2 1 2 3178 3171 3165
5629 2 2 1 2 805 3177 3176
5630 2 2 1 2 3177 806 3178
5631 2 2 1 2 3176 3178 804
5632 2 2 1 2 3177 3178 3176
5633 2 2 1 2 7 3179 1135
5634 2 2 1 2 3179 807 3180
5635 2 2 1 2 1135 3180 289
5636 2 2 1 2 3179 3180 1135
5637 2 2 1 2 807 3181 3183
5638 2 2 1 2 3181 209 3182
5639 2 2 1 2 3183 3182 808
5640 2 2 1 2 3181 3182 3183
5641 2 2 1 2 289 3184 1138
5642 2 2 1 2 3184 808 3185
5643 2 2 1 2 1138 3185 76
5644 2 2 1 2 3184 3185 1138
5645 2 2 1 2 807 3183 3180
5646 2 2 1 2 3183 808 3184
5647 2 2 1 2 3180 3184 289
5648 2 2 1 2 3183 3184 3180
5649 2 2 1 2 209 3186 3188
5650 2 2 1 2 3186 809 3187
5651 2 2 1 2 3188 3187 811
5652 2 2 1 2 3186 3187 3188
5653 2 2 1 2 809 3189 3191
5654 2 2 1 2 3189 57 3190
5655 2 2 1 2 3191 3190 810
5656 2 2 1 2 3189 3190 3191
5657 2 2 1 2 811 3192 3194
5658 2 2 1 2 3192 810 3193
5659 2 2 1 2 3194 3193 210
5660 2 2 1 2 3192 3193 3194
5661 2 2 1 2 809 3191 3187
5662 2 2 1 2 3191 810 3192
5663 2 2 1 2 3187 3192 811
5664 2 2 1 2 3191 3192 3187
5665 2 2 1 2 76 3195 1144
5666 2 2 1 2 3195 812 3196
5667 2 2 1 2 1144 3196 292
5668 2 2 1 2 3195 3196 1144
5669 2 2 1 2 812 3197 3199
5670 2 2 1 2 3197 210 3198
5671 2 2 1 2 3199 3198 813
5672 2 2 1 2 3197 3198 3199
5673 2 2 1 2 292 3200 1147
5674 2 2 1 2 3200 813 3201
5675 2 2 1 2 1147 3201 22
5676 2 2 1 2 3200 3201 1147
5677 2 2 1 2 812 3199 3196
5678 2 2 1 2 3199 813 3200
5679 2 2 1 2 3196 3200 292
5680 2 2 1 2 3199 3200 3196
5681 2 2 1 2 209 3188 3182
5682 2 2 1 2 3188 811 3202
5683 2 2 1 2 3182 3202 808
5684 2 2 1 2 3188 3202 3182
5685 2 2 1 2 811 3194 3203
5686 2 2 1 2 3194 210 3197
5687 2 2 1 2 3203 3197 812
5688 2 2 1 2 3194 3197 3203
5689 2 2 1 2 808 3204 3185
5690 2 2 1 2 3204 812 3195
5691 2 2 1 2 3185 3195 76
5692 2 2 1 2 3204 3195 3185
5693 2 2 1 2 811 3203 3202
5694 2 2 1 2 3203 812 3204
5695 2 2 1 2 3202 3204 808
5696 2 2 1 2 3203 3204 3202
5697 2 2 1 2 57 3205 3207
5698 2 2 1 2 3205 814 3206
5699 2 2 1 2 3207 3206 816
5700 2 2 1 2 3205 3206 3207
5701 2 2 1 2 814 3208 3210
5702 2 2 1 2 3208 211 3209
5703 2 2 1 2 3210 3209 815
5704 2 2 1 2 3208 3209 3210
5705 2 2 1 2 816 3211 3213
5706 2 2 1 2 3211 815 3212
5707 2 2 1 2 3213 3212 213
5708 2 2 1 2 3211 3212 3213
5709 2 2 1 2 814 3210 3206
5710 2 2 1 2 3210 815 3211
5711 2 2 1 2 3206 3211 816
5712 2 2 1 2 3210 3211 3206
5713 2 2 1 2 211 3214 3216
5714 2 2 1 2 3214 817 3215
5715 2 2 1 2 3216 3215 819
5716 2 2 1 2 3214 3215 3216
5717 2 2 1 2 817 3217 3219
5718 2 2 1 2 3217 17 3218
5719 2 2 1 2 3219 3218 818
5720 2 2 1 2 3217 3218 3219
5721 2 2 1 2 819 3220 3222
5722 2 2 1 2 3220 818 3221
5723 2 2 1 2 3222 3221 212
5724 2 2 1 2 3220 3221 3222
5725 2 2 1 2 817 3219 3215
5726 2 2 1 2 3219 818 3220
5727 2 2 1 2 3215 3220 819
5728 2 2 1 2 3219 3220 3215
5729 2 2 1 2 213 3223 3225
5730 2 2 1 2 3223 820 3224
5731 2 2 1 2 3225 3224 822
5732 2 2 1 2 3223 3224 3225
5733 2 2 1 2 820 3226 3228
5734 2 2 1 2 3226 212 3227
5735 2 2 1 2 3228 3227 821
5736 2 2 1 2 3226 3227 3228
5737 2 2 1 2 822 3229 3231
5738 2 2 1 2 3229 821 3230
5739 2 2 1 2 3231 3230 58
5740 2 2 1 2 3229 3230 3231
5741 2 2 1 2 820 3228 3224
5742 2 2 1 2 3228 821 3229
5743 2 2 1 2 3224 3229 822
5744 2 2 1 2 3228 3229 3224
5745 2 2 1 2 211 3216 3209
5746 2 2 1 2 3216 819 3232
5747 2 2 1 2 3209 3232 815
5748 2 2 1 2 3216 3232 3209
5749 2 2 1 2 819 3222 3233
5750 2 2 1 2 3222 212 3226
5751 2 2 1 2 3233 3226 820
5752 2 2 1 2 3222 3226 3233
5753 2 2 1 2 815 3234 3212
5754 2 2 1 2 3234 820 3223
5755 2 2 1 2 3212 3223 213
5756 2 2 1 2 3234 3223 3212
5757 2 2 1 2 819 3233 3232
5758 2 2 1 2 3233 820 3234
5759 2 2 1 2 3232 3234 815
5760 2 2 1 2 3233 3234 3232
5761 2 2 1 2 22 3235 1165
5762 2 2 1 2 3235 823 3236
5763 2 2 1 2 1165 3236 298
5764 2 2 1 2 3235 3236 1165
5765 2 2 1 2 823 3237 3239
5766 2 2 1 2 3237 214 3238
5767 2 2 1 2 3239 3238 824
5768 2 2 1 2 3237 3238 3239
5769 2 2 1 2 298 3240 1168
5770 2 2 1 2 3240 824 3241
5771 2 2 1 2 1168 3241 79
5772 2 2 1 2 3240 3241 1168
5773 2 2 1 2 823 3239 3236
5774 2 2 1 2 3239 824 3240
5775 2 2 1 2 3236 3240 298
5776 2 2 1 2 3239 3240 3236
5777 2 2 1 2 214 3242 3244
5778 2 2 1 2 3242 825 3243
5779 2 2 1 2 3244 3243 827
5780 2 2 1 2 3242 3243 3244
5781 2 2 1 2 825 3245 3247
5782 2 2 1 2 3245 58 3246
5783 2 2 1 2 3247 3246 826
5784 2 2 1 2 3245 3246 3247
5785 2 2 1 2 827 3248 3250
5786 2 2 1 2 3248 826 3249
5787 2 2 1 2 3250 3249 215
5788 2 2 1 2 3248 3249 3250
5789 2 2 1 2 825 3247 3243
5790 2 2 1 2 3247 826 3248
5791 2 2 1 2 3243 3248 827
5792 2 2 1 2 3247 3248 3243
5793 2 2 1 2 79 3251 1174
5794 2 2 1 2 3251 828 3252
5795 2 2 1 2 1174 3252 301
5796 2 2 1 2 3251 3252 1174
5797 2 2 1 2 828 3253 3255
5798 2 2 1 2 3253 215 3254
5799 2 2 1 2 3255 3254 829
5800 2 2 1 2 3253 3254 3255
5801 2 2 1 2 301 3256 1177
5802 2 2 1 2 3256 829 3257
5803 2 2 1 2 1177 3257 2
5804 2 2 1 2 3256 3257 1177
5805 2 2 1 2 828 3255 3252
5806 2 2 1 2 3255 829 3256
5807 2 2 1 2 3252 3256 301
5808 2 2 1 2 3255 3256 3252
5809 2 2 1 2 214 3244 3238
5810 2 2 1 2 3244 827 3258
5811 2 2 1 2 3238 3258 824
5812 2 2 1 2 3244 3258 3238
5813 2 2 1 2 827 3250 3259
5814 2 2 1 2 3250 215 3253
5815 2 2 1 2 3259 3253 828
5816 2 2 1 2 3250 3253 3259
5817 2 2 1 2 824 3260 3241
5818 2 2 1 2 3260 828 3251
5819 2 2 1 2 3241 3251 79
5820 2 2 1 2 3260 3251 3241
5821 2 2 1 2 827 3259 3258
5822 2 2 1 2 3259 828 3260
5823 2 2 1 2 3258 3260 824
5824 2 2 1 2 3259 3260 3258
5825 2 2 1 2 57 3207 3190
5826 2 2 1 2 3207 816 3261
5827 2 2 1 2 3190 3261 810
5828 2 2 1 2 3207 3261 3190
5829 2 2 1 2 816 3213 3263
5830 2 2 1 2 3213 213 3262
5831 2 2 1 2 3263 3262 830
5832 2 2 1 2 3213 3262 3263
5833 2 2 1 2 810 3264 3193
5834 2 2 1 2 3264 830 3265
5835 2 2 1 2 3193 3265 210
5836 2 2 1 2 3264 3265 3193
5837 2 2 1 2 816 3263 3261
5838 2 2 1 2 3263 830 3264
5839 2 2 1 2 3261 3264 810
5840 2 2 1 2 3263 3264 3261
5841 2 2 1 2 213 3225 3267
5842 2 2 1 2 3225 822 3266
5843 2 2 1 2 3267 3266 831
5844 2 2 1 2 3225 3266 3267
5845 2 2 1 2 822 3231 3268
5846 2 2 1 2 3231 58 3245
5847 2 2 1 2 3268 3245 825
5848 2 2 1 2 3231 3245 3268
5849 2 2 1 2 831 3269 3270
5850 2 2 1 2 3269 825 3242
5851 2 2 1 2 3270 3242 214
5852 2 2 1 2 3269 3242 3270
5853 2 2 1 2 822 3268 3266
5854 2 2 1 2 3268 825 3269
5855 2 2 1 2 3266 3269 831
5856 2 2 1 2 3268 3269 3266
5857 2 2 1 2 210 3271 3198
5858 2 2 1 2 3271 832 3272
5859 2 2 1 2 3198 3272 813
5860 2 2 1 2 3271 3272 3198
5861 2 2 1 2 832 3273 3274
5862 2 2 1 2 3273 214 3237
5863 2 2 1 2 3274 3237 823
5864 2 2 1 2 3273 3237 3274
5865 2 2 1 2 813 3275 3201
5866 2 2 1 2 3275 823 3235
5867 2 2 1 2 3201 3235 22
5868 2 2 1 2 3275 3235 3201
5869 2 2 1 2 832 3274 3272
5870 2 2 1 2 3274 823 3275
5871 2 2 1 2 3272 3275 813
5872 2 2 1 2 3274 3275 3272
5873 2 2 1 2 213 3267 3262
5874 2 2 1 2 3267 831 3276
5875 2 2 1 2 3262 3276 830
5876 2 2 1 2 3267 3276 3262
5877 2 2 1 2 831 3270 3277
5878 2 2 1 2 3270 214 3273
5879 2 2 1 2 3277 3273 832
5880 2 2 1 2 3270 3273 3277
5881 2 2 1 2 830 3278 3265
5882 2 2 1 2 3278 832 3271
5883 2 2 1 2 3265 3271 210
5884 2 2 1 2 3278 3271 3265
5885 2 2 1 2 831 3277 3276
5886 2 2 1 2 3277 832 3278
5887 2 2 1 2 3276 3278 830
5888 2 2 1 2 3277 3278 3276
5889 2 2 1 2 16 3080 3018
5890 2 2 1 2 3080 782 3279
5891 2 2 1 2 3018 3279 766
5892 2 2 1 2 3080 3279 3018
5893 2 2 1 2 782 3085 3281
5894 2 2 1 2 3085 203 3280
5895 2 2 1 2 3281 3280 833
5896 2 2 1 2 3085 3280 3281
5897 2 2 1 2 766 3282 3021
5898 2 2 1 2 3282 833 3283
5899 2 2 1 2 3021 3283 198
5900 2 2 1 2 3282 3283 3021
5901 2 2 1 2 782 3281 3279
5902 2 2 1 2 3281 833 3282
5903 2 2 1 2 3279 3282 766
5904 2 2 1 2 3281 3282 3279
5905 2 2 1 2 203 3095 3285
5906 2 2 1 2 3095 787 3284
5907 2 2 1 2 3285 3284 835
5908 2 2 1 2 3095 3284 3285
5909 2 2 1 2 787 3101 3287
5910 2 2 1 2 3101 56 3286
5911 2 2 1 2 3287 3286 834
5912 2 2 1 2 3101 3286 3287
5913 2 2 1 2 835 3288 3290
5914 2 2 1 2 3288 834 3289
5915 2 2 1 2 3290 3289 216
5916 2 2 1 2 3288 3289 3290
5917 2 2 1 2 787 3287 3284
5918 2 2 1 2 3287 834 3288
5919 2 2 1 2 3284 3288 835
5920 2 2 1 2 3287 3288 3284
5921 2 2 1 2 198 3291 3027
5922 2 2 1 2 3291 836 3292
5923 2 2 1 2 3027 3292 769
5924 2 2 1 2 3291 3292 3027
5925 2 2 1 2 836 3293 3295
5926 2 2 1 2 3293 216 3294
5927 2 2 1 2 3295 3294 837
5928 2 2 1 2 3293 3294 3295
5929 2 2 1 2 769 3296 3030
5930 2 2 1 2 3296 837 3297
5931 2 2 1 2 3030 3297 54
5932 2 2 1 2 3296 3297 3030
5933 2 2 1 2 836 3295 3292
5934 2 2 1 2 3295 837 3296
5935 2 2 1 2 3292 3296 769
5936 2 2 1 2 3295 3296 3292
5937 2 2 1 2 203 3285 3280
5938 2 2 1 2 3285 835 3298
5939 2 2 1 2 3280 3298 833
5940 2 2 1 2 3285 3298 3280
5941 2 2 1 2 835 3290 3299
5942 2 2 1 2 3290 216 3293
5943 2 2 1 2 3299 3293 836
5944 2 2 1 2 3290 3293 3299
5945 2 2 1 2 833 3300 3283
5946 2 2 1 2 3300 836 3291
5947 2 2 1 2 3283 3291 198
5948 2 2 1 2 3300 3291 3283
5949 2 2 1 2 835 3299 3298
5950 2 2 1 2 3299 836 3300
5951 2 2 1 2 3298 3300 833
5952 2 2 1 2 3299 3300 3298
5953 2 2 1 2 56 3133 3302
5954 2 2 1 2 3133 797 3301
5955 2 2 1 2 3302 3301 839
5956 2 2 1 2 3133 3301 3302
5957 2 2 1 2 797 3139 3304
5958 2 2 1 2 3139 208 3303
5959 2 2 1 2 3304 3303 838
5960 2 2 1 2 3139 3303 3304
5961 2 2 1 2 839 3305 3307
5962 2 2 1 2 3305 838 3306
5963 2 2 1 2 3307 3306 217
5964 2 2 1 2 3305 3306 3307
5965 2 2 1 2 797 3304 3301
5966 2 2 1 2 3304 838 3305
5967 2 2 1 2 3301 3305 839
5968 2 2 1 2 3304 3305 3301
5969 2 2 1 2 208 3151 3309
5970 2 2 1 2 3151 803 3308
5971 2 2 1 2 3309 3308 840
5972 2 2 1 2 3151 3308 3309
5973 2 2 1 2 803 3157 3310
5974 2 2 1 2 3157 17 3217
5975 2 2 1 2 3310 3217 817
5976 2 2 1 2 3157 3217 3310
5977 2 2 1 2 840 3311 3312
5978 2 2 1 2 3311 817 3214
5979 2 2 1 2 3312 3214 211
5980 2 2 1 2 3311 3214 3312
5981 2 2 1 2 803 3310 3308
5982 2 2 1 2 3310 817 3311
5983 2 2 1 2 3308 3311 840
5984 2 2 1 2 3310 3311 3308
5985 2 2 1 2 217 3313 3315
5986 2 2 1 2 3313 841 3314
5987 2 2 1 2 3315 3314 842
5988 2 2 1 2 3313 3314 3315
5989 2 2 1 2 841 3316 3317
5990 2 2 1 2 3316 211 3208
5991 2 2 1 2 3317 3208 814
5992 2 2 1 2 3316 3208 3317
5993 2 2 1 2 842 3318 3319
5994 2 2 1 2 3318 814 3205
5995 2 2 1 2 3319 3205 57
5996 2 2 1 2 3318 3205 3319
5997 2 2 1 2 841 3317 3314
5998 2 2 1 2 3317 814 3318
5999 2 2 1 2 3314 3318 842
6000 2 2 1 2 3317 3318 3314
6001 2 2 1 2 208 3309 3303
6002 2 2 1 2 3309 840 3320
6003 2 2 1 2 3303 3320 838
6004 2 2 1 2 3309 3320 3303
6005 2 2 1 2 840 3312 3321
6006 2 2 1 2 3312 211 3316
6007 2 2 1 2 3321 3316 841
6008 2 2 1 2 3312 3316 3321
6009 2 2 1 2 838 3322 3306
6010 2 2 1 2 3322 841 3313
6011 2 2 1 2 3306 3313 217
6012 2 2 1 2 3322 3313 3306
6013 2 2 1 2 840 3321 3320
6014 2 2 1 2 3321 841 3322
6015 2 2 1 2 3320 3322 838
6016 2 2 1 2 3321 3322 3320
6017 2 2 1 2 54 3323 3046
6018 2 2 1 2 3323 843 3324
6019 2 2 1 2 3046 3324 774
6020 2 2 1 2 3323 3324 3046
6021 2 2 1 2 843 3325 3327
6022 2 2 1 2 3325 218 3326
6023 2 2 1 2 3327 3326 844
6024 2 2 1 2 3325 3326 3327
6025 2 2 1 2 774 3328 3049
6026 2 2 1 2 3328 844 3329
6027 2 2 1 2 3049 3329 201
6028 2 2 1 2 3328 3329 3049
6029 2 2 1 2 843 3327 3324
6030 2 2 1 2 3327 844 3328
6031 2 2 1 2 3324 3328 774
6032 2 2 1 2 3327 3328 3324
6033 2 2 1 2 218 3330 3332
6034 2 2 1 2 3330 845 3331
6035 2 2 1 2 3332 3331 846
6036 2 2 1 2 3330 3331 3332
6037 2 2 1 2 845 3333 3334
6038 2 2 1 2 3333 57 3189
6039 2 2 1 2 3334 3189 809
6040 2 2 1 2 3333 3189 3334
6041 2 2 1 2 846 3335 3336
6042 2 2 1 2 3335 809 3186
6043 2 2 1 2 3336 3186 209
6044 2 2 1 2 3335 3186 3336
6045 2 2 1 2 845 3334 3331
6046 2 2 1 2 3334 809 3335
6047 2 2 1 2 3331 3335 846
6048 2 2 1 2 3334 3335 3331
6049 2 2 1 2 201 3337 3054
6050 2 2 1 2 3337 847 3338
6051 2 2 1 2 3054 3338 777
6052 2 2 1 2 3337 3338 3054
6053 2 2 1 2 847 3339 3340
6054 2 2 1 2 3339 209 3181
6055 2 2 1 2 3340 3181 807
6056 2 2 1 2 3339 3181 3340
6057 2 2 1 2 777 3341 3057
6058 2 2 1 2 3341 807 3179
6059 2 2 1 2 3057 3179 7
6060 2 2 1 2 3341 3179 3057
6061 2 2 1 2 847 3340 3338
6062 2 2 1 2 3340 807 3341
6063 2 2 1 2 3338 3341 777
6064 2 2 1 2 3340 3341 3338
6065 2 2 1 2 218 3332 3326
6066 2 2 1 2 3332 846 3342
6067 2 2 1 2 3326 3342 844
6068 2 2 1 2 3332 3342 3326
6069 2 2 1 2 846 3336 3343
6070 2 2 1 2 3336 209 3339
6071 2 2 1 2 3343 3339 847
6072 2 2 1 2 3336 3339 3343
6073 2 2 1 2 844 3344 3329
6074 2 2 1 2 3344 847 3337
6075 2 2 1 2 3329 3337 201
6076 2 2 1 2 3344 3337 3329
6077 2 2 1 2 846 3343 3342
6078 2 2 1 2 3343 847 3344
6079 2 2 1 2 3342 3344 844
6080 2 2 1 2 3343 3344 3342
6081 2 2 1 2 56 3302 3286
6082 2 2 1 2 3302 839 3345
6083 2 2 1 2 3286 3345 834
6084 2 2 1 2 3302 3345 3286
6085 2 2 1 2 839 3307 3347
6086 2 2 1 2 3307 217 3346
6087 2 2 1 2 3347 3346 848
6088 2 2 1 2 3307 3346 3347
6089 2 2 1 2 834 3348 3289
6090 2 2 1 2 3348 848 3349
6091 2 2 1 2 3289 3349 216
6092 2 2 1 2 3348 3349 3289
6093 2 2 1 2 839 3347 3345
6094 2 2 1 2 3347 848 3348
6095 2 2 1 2 3345 3348 834
6096 2 2 1 2 3347 3348 3345
6097 2 2 1 2 217 3315 3351
6098 2 2 1 2 3315 842 3350
6099 2 2 1 2 3351 3350 849
6100 2 2 1 2 3315 3350 3351
6101 2 2 1 2 842 3319 3352
6102 2 2 1 2 3319 57 3333
6103 2 2 1 2 3352 3333 845
6104 2 2 1 2 3319 3333 3352
6105 2 2 1 2 849 3353 3354
6106 2 2 1 2 3353 845 3330
6107 2 2 1 2 3354 3330 218
6108 2 2 1 2 3353 3330 3354
6109 2 2 1 2 842 3352 3350
6110 2 2 1 2 3352 845 3353
6111 2 2 1 2 3350 3353 849
6112 2 2 1 2 3352 3353 3350
6113 2 2 1 2 216 3355 3294
6114 2 2 1 2 3355 850 3356
6115 2 2 1 2 3294 3356 837
6116 2 2 1 2 3355 3356 3294
6117 2 2 1 2 850 3357 3358
6118 2 2 1 2 3357 218 3325
6119 2 2 1 2 3358 3325 843
6120 2 2 1 2 3357 3325 3358
6121 2 2 1 2 837 3359 3297
6122 2 2 1 2 3359 843 3323
6123 2 2 1 2 3297 3323 54
6124 2 2 1 2 3359 3323 3297
6125 2 2 1 2 850 3358 3356
6126 2 2 1 2 3358 843 3359
6127 2 2 1 2 3356 3359 837
6128 2 2 1 2 3358 3359 3356
6129 2 2 1 2 217 3351 3346
6130 2 2 1 2 3351 849 3360
6131 2 2 1 2 3346 3360 848
6132 2 2 1 2 3351 3360 3346
6133 2 2 1 2 849 3354 3361
6134 2 2 1 2 3354 218 3357
6135 2 2 1 2 3361 3357 850
6136 2 2 1 2 3354 3357 3361
6137 2 2 1 2 848 3362 3349
6138 2 2 1 2 3362 850 3355
6139 2 2 1 2 3349 3355 216
6140 2 2 1 2 3362 3355 3349
6141 2 2 1 2 849 3361 3360
6142 2 2 1 2 3361 850 3362
6143 2 2 1 2 3360 3362 848
6144 2 2 1 2 3361 3362 3360
6145 2 2 1 2 2 3257 1435
6146 2 2 1 2 3257 829 3363
6147 2 2 1 2 1435 3363 367
6148 2 2 1 2 3257 3363 1435
6149 2 2 1 2 829 3254 3365
6150 2 2 1 2 3254 215 3364
6151 2 2 1 2 3365 3364 851
6152 2 2 1 2 3254 3364 3365
6153 2 2 1 2 367 3366 1437
6154 2 2 1 2 3366 851 3367
6155 2 2 1 2 1437 3367 97
6156 2 2 1 2 3366 3367 1437
6157 2 2 1 2 829 3365 3363
6158 2 2 1 2 3365 851 3366
6159 2 2 1 2 3363 3366 367
6160 2 2 1 2 3365 3366 3363
6161 2 2 1 2 215 3249 3369
6162 2 2 1 2 3249 826 3368
6163 2 2 1 2 3369 3368 853
6164 2 2 1 2 3249 3368 3369
6165 2 2 1 2 826 3246 3371
6166 2 2 1 2 3246 58 3370
6167 2 2 1 2 3371 3370 852
6168 2 2 1 2 3246 3370 3371
6169 2 2 1 2 853 3372 3374
6170 2 2 1 2 3372 852 3373
6171 2 2 1 2 3374 3373 219
6172 2 2 1 2 3372 3373 3374
6173 2 2 1 2 826 3371 3368
6174 2 2 1 2 3371 852 3372
6175 2 2 1 2 3368 3372 853
6176 2 2 1 2 3371 3372 3368
6177 2 2 1 2 97 3375 1442
6178 2 2 1 2 3375 854 3376
6179 2 2 1 2 1442 3376 369
6180 2 2 1 2 3375 3376 1442
6181 2 2 1 2 854 3377 3379
6182 2 2 1 2 3377 219 3378
6183 2 2 1 2 3379 3378 855
6184 2 2 1 2 3377 3378 3379
6185 2 2 1 2 369 3380 1445
6186 2 2 1 2 3380 855 3381
6187 2 2 1 2 1445 3381 28
6188 2 2 1 2 3380 3381 1445
6189 2 2 1 2 854 3379 3376
6190 2 2 1 2 3379 855 3380
6191 2 2 1 2 3376 3380 369
6192 2 2 1 2 3379 3380 3376
6193 2 2 1 2 215 3369 3364
6194 2 2 1 2 3369 853 3382
6195 2 2 1 2 3364 3382 851
6196 2 2 1 2 3369 3382 3364
6197 2 2 1 2 853 3374 3383
6198 2 2 1 2 3374 219 3377
6199 2 2 1 2 3383 3377 854
6200 2 2 1 2 3374 3377 3383
6201 2 2 1 2 851 3384 3367
6202 2 2 1 2 3384 854 3375
6203 2 2 1 2 3367 3375 97
6204 2 2 1 2 3384 3375 3367
6205 2 2 1 2 853 3383 3382
6206 2 2 1 2 3383 854 3384
6207 2 2 1 2 3382 3384 851
6208 2 2 1 2 3383 3384 3382
6209 2 2 1 2 58 3230 3386
6210 2 2 1 2 3230 821 3385
6211 2 2 1 2 3386 3385 857
6212 2 2 1 2 3230 3385 3386
6213 2 2 1 2 821 3227 3388
6214 2 2 1 2 3227 212 3387
6215 2 2 1 2 3388 3387 856
6216 2 2 1 2 3227 3387 3388
6217 2 2 1 2 857 3389 3391
6218 2 2 1 2 3389 856 3390
6219 2 2 1 2 3391 3390 221
6220 2 2 1 2 3389 3390 3391
6221 2 2 1 2 821 3388 3385
6222 2 2 1 2 3388 856 3389
6223 2 2 1 2 3385 3389 857
6224 2 2 1 2 3388 3389 3385
6225 2 2 1 2 212 3221 3393
6226 2 2 1 2 3221 818 3392
6227 2 2 1 2 3393 3392 859
6228 2 2 1 2 3221 3392 3393
6229 2 2 1 2 818 3218 3395
6230 2 2 1 2 3218 17 3394
6231 2 2 1 2 3395 3394 858
6232 2 2 1 2 3218 3394 3395
6233 2 2 1 2 859 3396 3398
6234 2 2 1 2 3396 858 3397
6235 2 2 1 2 3398 3397 220
6236 2 2 1 2 3396 3397 3398
6237 2 2 1 2 818 3395 3392
6238 2 2 1 2 3395 858 3396
6239 2 2 1 2 3392 3396 859
6240 2 2 1 2 3395 3396 3392
6241 2 2 1 2 221 3399 3401
6242 2 2 1 2 3399 860 3400
6243 2 2 1 2 3401 3400 862
6244 2 2 1 2 3399 3400 3401
6245 2 2 1 2 860 3402 3404
6246 2 2 1 2 3402 220 3403
6247 2 2 1 2 3404 3403 861
6248 2 2 1 2 3402 3403 3404
6249 2 2 1 2 862 3405 3407
6250 2 2 1 2 3405 861 3406
6251 2 2 1 2 3407 3406 59
6252 2 2 1 2 3405 3406 3407
6253 2 2 1 2 860 3404 3400
6254 2 2 1 2 3404 861 3405
6255 2 2 1 2 3400 3405 862
6256 2 2 1 2 3404 3405 3400
6257 2 2 1 2 212 3393 3387
6258 2 2 1 2 3393 859 3408
6259 2 2 1 2 3387 3408 856
6260 2 2 1 2 3393 3408 3387
6261 2 2 1 2 859 3398 3409
6262 2 2 1 2 3398 220 3402
6263 2 2 1 2 3409 3402 860
6264 2 2 1 2 3398 3402 3409
6265 2 2 1 2 856 3410 3390
6266 2 2 1 2 3410 860 3399
6267 2 2 1 2 3390 3399 221
6268 2 2 1 2 3410 3399 3390
6269 2 2 1 2 859 3409 3408
6270 2 2 1 2 3409 860 3410
6271 2 2 1 2 3408 3410 856
6272 2 2 1 2 3409 3410 3408
6273 2 2 1 2 28 3411 1461
6274 2 2 1 2 3411 863 3412
6275 2 2 1 2 1461 3412 374
6276 2 2 1 2 3411 3412 1461
6277 2 2 1 2 863 3413 3415
6278 2 2 1 2 3413 222 3414
6279 2 2 1 2 3415 3414 864
6280 2 2 1 2 3413 3414 3415
6281 2 2 1 2 374 3416 1464
6282 2 2 1 2 3416 864 3417
6283 2 2 1 2 1464 3417 99
6284 2 2 1 2 3416 3417 1464
6285 2 2 1 2 863 3415 3412
6286 2 2 1 2 3415 864 3416
6287 2 2 1 2 3412 3416 374
6288 2 2 1 2 3415 3416 3412
6289 2 2 1 2 222 3418 3420
6290 2 2 1 2 3418 865 3419
6291 2 2 1 2 3420 3419 867
6292 2 2 1 2 3418 3419 3420
6293 2 2 1 2 865 3421 3423
6294 2 2 1 2 3421 59 3422
6295 2 2 1 2 3423 3422 866
6296 2 2 1 2 3421 3422 3423
6297 2 2 1 2 867 3424 3426
6298 2 2 1 2 3424 866 3425
6299 2 2 1 2 3426 3425 223
6300 2 2 1 2 3424 3425 3426
6301 2 2 1 2 865 3423 3419
6302 2 2 1 2 3423 866 3424
6303 2 2 1 2 3419 3424 867
6304 2 2 1 2 3423 3424 3419
6305 2 2 1 2 99 3427 1470
6306 2 2 1 2 3427 868 3428
6307 2 2 1 2 1470 3428 377
6308 2 2 1 2 3427 3428 1470
6309 2 2 1 2 868 3429 3431
6310 2 2 1 2 3429 223 3430
6311 2 2 1 2 3431 3430 869
6312 2 2 1 2 3429 3430 3431
6313 2 2 1 2 377 3432 1473
6314 2 2 1 2 3432 869 3433
6315 2 2 1 2 1473 3433 10
6316 2 2 1 2 3432 3433 1473
6317 2 2 1 2 868 3431 3428
6318 2 2 1 2 3431 869 3432
6319 2 2 1 2 3428 3432 377
6320 2 2 1 2 3431 3432 3428
6321 2 2 1 2 222 3420 3414
6322 2 2 1 2 3420 867 3434
6323 2 2 1 2 3414 3434 864
6324 2 2 1 2 3420 3434 3414
6325 2 2 1 2 867 3426 3435
6326 2 2 1 2 3426 223 3429
6327 2 2 1 2 3435 3429 868
6328 2 2 1 2 3426 3429 3435
6329 2 2 1 2 864 3436 3417
6330 2 2 1 2 3436 868 3427
6331 2 2 1 2 3417 3427 99
6332 2 2 1 2 3436 3427 3417
6333 2 2 1 2 867 3435 3434
6334 2 2 1 2 3435 868 3436
6335 2 2 1 2 3434 3436 864
6336 2 2 1 2 3435 3436 3434
6337 2 2 1 2 58 3386 3370
6338 2 2 1 2 3386 857 3437
6339 2 2 1 2 3370 3437 852
6340 2 2 1 2 3386 3437 3370
6341 2 2 1 2 857 3391 3439
6342 2 2 1 2 3391 221 3438
6343 2 2 1 2 3439 3438 870
6344 2 2 1 2 3391 3438 3439
6345 2 2 1 2 852 3440 3373
6346 2 2 1 2 3440 870 3441
6347 2 2 1 2 3373 3441 219
6348 2 2 1 2 3440 3441 3373
6349 2 2 1 2 857 3439 3437
6350 2 2 1 2 3439 870 3440
6351 2 2 1 2 3437 3440 852
6352 2 2 1 2 3439 3440 3437
6353 2 2 1 2 221 3401 3443
6354 2 2 1 2 3401 862 3442
6355 2 2 1 2 3443 3442 871
6356 2 2 1 2 3401 3442 3443
6357 2 2 1 2 862 3407 3444
6358 2 2 1 2 3407 59 3421
6359 2 2 1 2 3444 3421 865
6360 2 2 1 2 3407 3421 3444
6361 2 2 1 2 871 3445 3446
6362 2 2 1 2 3445 865 3418
6363 2 2 1 2 3446 3418 222
6364 2 2 1 2 3445 3418 3446
6365 2 2 1 2 862 3444 3442
6366 2 2 1 2 3444 865 3445
6367 2 2 1 2 3442 3445 871
6368 2 2 1 2 3444 3445 3442
6369 2 2 1 2 219 3447 3378
6370 2 2 1 2 3447 872 3448
6371 2 2 1 2 3378 3448 855
6372 2 2 1 2 3447 3448 3378
6373 2 2 1 2 872 3449 3450
6374 2 2 1 2 3449 222 3413
6375 2 2 1 2 3450 3413 863
6376 2 2 1 2 3449 3413 3450
6377 2 2 1 2 855 3451 3381
6378 2 2 1 2 3451 863 3411
6379 2 2 1 2 3381 3411 28
6380 2 2 1 2 3451 3411 3381
6381 2 2 1 2 872 3450 3448
6382 2 2 1 2 3450 863 3451
6383 2 2 1 2 3448 3451 855
6384 2 2 1 2 3450 3451 3448
6385 2 2 1 2 221 3443 3438
6386 2 2 1 2 3443 871 3452
6387 2 2 1 2 3438 3452 870
6388 2 2 1 2 3443 3452 3438
6389 2 2 1 2 871 3446 3453
6390 2 2 1 2 3446 222 3449
6391 2 2 1 2 3453 3449 872
6392 2 2 1 2 3446 3449 3453
6393 2 2 1 2 870 3454 3441
6394 2 2 1 2 3454 872 3447
6395 2 2 1 2 3441 3447 219
6396 2 2 1 2 3454 3447 3441
6397 2 2 1 2 871 3453 3452
6398 2 2 1 2 3453 872 3454
6399 2 2 1 2 3452 3454 870
6400 2 2 1 2 3453 3454 3452
6401 2 2 1 2 17 3156 3456
6402 2 2 1 2 3156 802 3455
6403 2 2 1 2 3456 3455 874
6404 2 2 1 2 3156 3455 3456
6405 2 2 1 2 802 3153 3458
6406 2 2 1 2 3153 207 3457
6407 2 2 1 2 3458 3457 873
6408 2 2 1 2 3153 3457 3458
6409 2 2 1 2 874 3459 3461
6410 2 2 1 2 3459 873 3460
6411 2 2 1 2 3461 3460 225
6412 2 2 1 2 3459 3460 3461
6413 2 2 1 2 802 3458 3455
6414 2 2 1 2 3458 873 3459
6415 2 2 1 2 3455 3459 874
6416 2 2 1 2 3458 3459 3455
6417 2 2 1 2 207 3147 3463
6418 2 2 1 2 3147 799 3462
6419 2 2 1 2 3463 3462 876
6420 2 2 1 2 3147 3462 3463
6421 2 2 1 2 799 3144 3465
6422 2 2 1 2 3144 55 3464
6423 2 2 1 2 3465 3464 875
6424 2 2 1 2 3144 3464 3465
6425 2 2 1 2 876 3466 3468
6426 2 2 1 2 3466 875 3467
6427 2 2 1 2 3468 3467 224
6428 2 2 1 2 3466 3467 3468
6429 2 2 1 2 799 3465 3462
6430 2 2 1 2 3465 875 3466
6431 2 2 1 2 3462 3466 876
6432 2 2 1 2 3465 3466 3462
6433 2 2 1 2 225 3469 3471
6434 2 2 1 2 3469 877 3470
6435 2 2 1 2 3471 3470 879
6436 2 2 1 2 3469 3470 3471
6437 2 2 1 2 877 3472 3474
6438 2 2 1 2 3472 224 3473
6439 2 2 1 2 3474 3473 878
6440 2 2 1 2 3472 3473 3474
6441 2 2 1 2 879 3475 3477
6442 2 2 1 2 3475 878 3476
6443 2 2 1 2 3477 3476 61
6444 2 2 1 2 3475 3476 3477
6445 2 2 1 2 877 3474 3470
6446 2 2 1 2 3474 878 3475
6447 2 2 1 2 3470 3475 879
6448 2 2 1 2 3474 3475 3470
6449 2 2 1 2 207 3463 3457
6450 2 2 1 2 3463 876 3478
6451 2 2 1 2 3457 3478 873
6452 2 2 1 2 3463 3478 3457
6453 2 2 1 2 876 3468 3479
6454 2 2 1 2 3468 224 3472
6455 2 2 1 2 3479 3472 877
6456 2 2 1 2 3468 3472 3479
6457 2 2 1 2 873 3480 3460
6458 2 2 1 2 3480 877 3469
6459 2 2 1 2 3460 3469 225
6460 2 2 1 2 3480 3469 3460
6461 2 2 1 2 876 3479 3478
6462 2 2 1 2 3479 877 3480
6463 2 2 1 2 3478 3480 873
6464 2 2 1 2 3479 3480 3478
6465 2 2 1 2 55 3126 3482
6466 2 2 1 2 3126 793 3481
6467 2 2 1 2 3482 3481 881
6468 2 2 1 2 3126 3481 3482
6469 2 2 1 2 793 3123 3484
6470 2 2 1 2 3123 204 3483
6471 2 2 1 2 3484 3483 880
6472 2 2 1 2 3123 3483 3484
6473 2 2 1 2 881 3485 3487
6474 2 2 1 2 3485 880 3486
6475 2 2 1 2 3487 3486 227
6476 2 2 1 2 3485 3486 3487
6477 2 2 1 2 793 3484 3481
6478 2 2 1 2 3484 880 3485
6479 2 2 1 2 3481 3485 881
6480 2 2 1 2 3484 3485 3481
6481 2 2 1 2 204 3117 3489
6482 2 2 1 2 3117 790 3488
6483 2 2 1 2 3489 3488 883
6484 2 2 1 2 3117 3488 3489
6485 2 2 1 2 790 3114 3491
6486 2 2 1 2 3114 6 3490
6487 2 2 1 2 3491 3490 882
6488 2 2 1 2 3114 3490 3491
6489 2 2 1 2 883 3492 3494
6490 2 2 1 2 3492 882 3493
6491 2 2 1 2 3494 3493 226
6492 2 2 1 2 3492 3493 3494
6493 2 2 1 2 790 3491 3488
6494 2 2 1 2 3491 882 3492
6495 2 2 1 2 3488 3492 883
6496 2 2 1 2 3491 3492 3488
6497 2 2 1 2 227 3495 3497
6498 2 2 1 2 3495 884 3496
6499 2 2 1 2 3497 3496 886
6500 2 2 1 2 3495 3496 3497
6501 2 2 1 2 884 3498 3500
6502 2 2 1 2 3498 226 3499
6503 2 2 1 2 3500 3499 885
6504 2 2 1 2 3498 3499 3500
6505 2 2 1 2 886 3501 3503
6506 2 2 1 2 3501 885 3502
6507 2 2 1 2 3503 3502 60
6508 2 2 1 2 3501 3502 3503
6509 2 2 1 2 884 3500 3496
6510 2 2 1 2 3500 885 3501
6511 2 2 1 2 3496 3501 886
6512 2 2 1 2 3500 3501 3496
6513 2 2 1 2 204 3489 3483
6514 2 2 1 2 3489 883 3504
6515 2 2 1 2 3483 3504 880
6516 2 2 1 2 3489 3504 3483
6517 2 2 1 2 883 3494 3505
6518 2 2 1 2 3494 226 3498
6519 2 2 1 2 3505 3498 884
6520 2 2 1 2 3494 3498 3505
6521 2 2 1 2 880 3506 3486
6522 2 2 1 2 3506 884 3495
6523 2 2 1 2 3486 3495 227
6524 2 2 1 2 3506 3495 3486
6525 2 2 1 2 883 3505 3504
6526 2 2 1 2 3505 884 3506
6527 2 2 1 2 3504 3506 880
6528 2 2 1 2 3505 3506 3504
6529 2 2 1 2 61 3507 3509
6530 2 2 1 2 3507 887 3508
6531 2 2 1 2 3509 3508 889
6532 2 2 1 2 3507 3508 3509
6533 2 2 1 2 887 3510 3512
6534 2 2 1 2 3510 228 3511
6535 2 2 1 2 3512 3511 888
6536 2 2 1 2 3510 3511 3512
6537 2 2 1 2 889 3513 3515
6538 2 2 1 2 3513 888 3514
6539 2 2 1 2 3515 3514 230
6540 2 2 1 2 3513 3514 3515
6541 2 2 1 2 887 3512 3508
6542 2 2 1 2 3512 888 3513
6543 2 2 1 2 3508 3513 889
6544 2 2 1 2 3512 3513 3508
6545 2 2 1 2 228 3516 3518
6546 2 2 1 2 3516 890 3517
6547 2 2 1 2 3518 3517 892
6548 2 2 1 2 3516 3517 3518
6549 2 2 1 2 890 3519 3521
6550 2 2 1 2 3519 60 3520
6551 2 2 1 2 3521 3520 891
6552 2 2 1 2 3519 3520 3521
6553 2 2 1 2 892 3522 3524
6554 2 2 1 2 3522 891 3523
6555 2 2 1 2 3524 3523 229
6556 2 2 1 2 3522 3523 3524
6557 2 2 1 2 890 3521 3517
6558 2 2 1 2 3521 891 3522
6559 2 2 1 2 3517 3522 892
6560 2 2 1 2 3521 3522 3517
6561 2 2 1 2 230 3525 3527
6562 2 2 1 2 3525 893 3526
6563 2 2 1 2 3527 3526 895
6564 2 2 1 2 3525 3526 3527
6565 2 2 1 2 893 3528 3530
6566 2 2 1 2 3528 229 3529
6567 2 2 1 2 3530 3529 894
6568 2 2 1 2 3528 3529 3530
6569 2 2 1 2 895 3531 3533
6570 2 2 1 2 3531 894 3532
6571 2 2 1 2 3533 3532 18
6572 2 2 1 2 3531 3532 3533
6573 2 2 1 2 893 3530 3526
6574 2 2 1 2 3530 894 3531
6575 2 2 1 2 3526 3531 895
6576 2 2 1 2 3530 3531 3526
6577 2 2 1 2 228 3518 3511
6578 2 2 1 2 3518 892 3534
6579 2 2 1 2 3511 3534 888
6580 2 2 1 2 3518 3534 3511
6581 2 2 1 2 892 3524 3535
6582 2 2 1 2 3524 229 3528
6583 2 2 1 2 3535 3528 893
6584 2 2 1 2 3524 3528 3535
6585 2 2 1 2 888 3536 3514
6586 2 2 1 2 3536 893 3525
6587 2 2 1 2 3514 3525 230
6588 2 2 1 2 3536 3525 3514
6589 2 2 1 2 892 3535 3534
6590 2 2 1 2 3535 893 3536
6591 2 2 1 2 3534 3536 888
6592 2 2 1 2 3535 3536 3534
6593 2 2 1 2 55 3482 3464
6594 2 2 1 2 3482 881 3537
6595 2 2 1 2 3464 3537 875
6596 2 2 1 2 3482 3537 3464
6597 2 2 1 2 881 3487 3539
6598 2 2 1 2 3487 227 3538
6599 2 2 1 2 3539 3538 896
6600 2 2 1 2 3487 3538 3539
6601 2 2 1 2 875 3540 3467
6602 2 2 1 2 3540 896 3541
6603 2 2 1 2 3467 3541 224
6604 2 2 1 2 3540 3541 3467
6605 2 2 1 2 881 3539 3537
6606 2 2 1 2 3539 896 3540
6607 2 2 1 2 3537 3540 875
6608 2 2 1 2 3539 3540 3537
6609 2 2 1 2 227 3497 3543
6610 2 2 1 2 3497 886 3542
6611 2 2 1 2 3543 3542 897
6612 2 2 1 2 3497 3542 3543
6613 2 2 1 2 886 3503 3544
6614 2 2 1 2 3503 60 3519
6615 2 2 1 2 3544 3519 890
6616 2 2 1 2 3503 3519 3544
6617 2 2 1 2 897 3545 3546
6618 2 2 1 2 3545 890 3516
6619 2 2 1 2 3546 3516 228
6620 2 2 1 2 3545 3516 3546
6621 2 2 1 2 886 3544 3542
6622 2 2 1 2 3544 890 3545
6623 2 2 1 2 3542 3545 897
6624 2 2 1 2 3544 3545 3542
6625 2 2 1 2 224 3547 3473
6626 2 2 1 2 3547 898 3548
6627 2 2 1 2 3473 3548 878
6628 2 2 1 2 3547 3548 3473
6629 2 2 1 2 898 3549 3550
6630 2 2 1 2 3549 228 3510
6631 2 2 1 2 3550 3510 887
6632 2 2 1 2 3549 3510 3550
6633 2 2 1 2 878 3551 3476
6634 2 2 1 2 3551 887 3507
6635 2 2 1 2 3476 3507 61
6636 2 2 1 2 3551 3507 3476
6637 2 2 1 2 898 3550 3548
6638 2 2 1 2 3550 887 3551
6639 2 2 1 2 3548 3551 878
6640 2 2 1 2 3550 3551 3548
6641 2 2 1 2 227 3543 3538
6642 2 2 1 2 3543 897 3552
6643 2 2 1 2 3538 3552 896
6644 2 2 1 2 3543 3552 3538
6645 2 2 1 2 897 3546 3553
6646 2 2 1 2 3546 228 3549
6647 2 2 1 2 3553 3549 898
6648 2 2 1 2 3546 3549 3553
6649 2 2 1 2 896 3554 3541
6650 2 2 1 2 3554 898 3547
6651 2 2 1 2 3541 3547 224
6652 2 2 1 2 3554 3547 3541
6653 2 2 1 2 897 3553 3552
6654 2 2 1 2 3553 898 3554
6655 2 2 1 2 3552 3554 896
6656 2 2 1 2 3553 3554 3552
6657 2 2 1 2 10 3555 1535
6658 2 2 1 2 3555 899 3556
6659 2 2 1 2 1535 3556 393
6660 2 2 1 2 3555 3556 1535
6661 2 2 1 2 899 3557 3559
6662 2 2 1 2 3557 231 3558
6663 2 2 1 2 3559 3558 900
6664 2 2 1 2 3557 3558 3559
6665 2 2 1 2 393 3560 1538
6666 2 2 1 2 3560 900 3561
6667 2 2 1 2 1538 3561 104
6668 2 2 1 2 3560 3561 1538
6669 2 2 1 2 899 3559 3556
6670 2 2 1 2 3559 900 3560
6671 2 2 1 2 3556 3560 393
6672 2 2 1 2 3559 3560 3556
6673 2 2 1 2 231 3562 3564
6674 2 2 1 2 3562 901 3563
6675 2 2 1 2 3564 3563 903
6676 2 2 1 2 3562 3563 3564
6677 2 2 1 2 901 3565 3567
6678 2 2 1 2 3565 62 3566
6679 2 2 1 2 3567 3566 902
6680 2 2 1 2 3565 3566 3567
6681 2 2 1 2 903 3568 3570
6682 2 2 1 2 3568 902 3569
6683 2 2 1 2 3570 3569 232
6684 2 2 1 2 3568 3569 3570
6685 2 2 1 2 901 3567 3563
6686 2 2 1 2 3567 902 3568
6687 2 2 1 2 3563 3568 903
6688 2 2 1 2 3567 3568 3563
6689 2 2 1 2 104 3571 1544
6690 2 2 1 2 3571 904 3572
6691 2 2 1 2 1544 3572 396
6692 2 2 1 2 3571 3572 1544
6693 2 2 1 2 904 3573 3575
6694 2 2 1 2 3573 232 3574
6695 2 2 1 2 3575 3574 905
6696 2 2 1 2 3573 3574 3575
6697 2 2 1 2 396 3576 1547
6698 2 2 1 2 3576 905 3577
6699 2 2 1 2 1547 3577 30
6700 2 2 1 2 3576 3577 1547
6701 2 2 1 2 904 3575 3572
6702 2 2 1 2 3575 905 3576
6703 2 2 1 2 3572 3576 396
6704 2 2 1 2 3575 3576 3572
6705 2 2 1 2 231 3564 3558
6706 2 2 1 2 3564 903 3578
6707 2 2 1 2 3558 3578 900
6708 2 2 1 2 3564 3578 3558
6709 2 2 1 2 903 3570 3579
6710 2 2 1 2 3570 232 3573
6711 2 2 1 2 3579 3573 904
6712 2 2 1 2 3570 3573 3579
6713 2 2 1 2 900 3580 3561
6714 2 2 1 2 3580 904 3571
6715 2 2 1 2 3561 3571 104
6716 2 2 1 2 3580 3571 3561
6717 2 2 1 2 903 3579 3578
6718 2 2 1 2 3579 904 3580
6719 2 2 1 2 3578 3580 900
6720 2 2 1 2 3579 3580 3578
6721 2 2 1 2 62 3581 3583
6722 2 2 1 2 3581 906 3582
6723 2 2 1 2 3583 3582 908
6724 2 2 1 2 3581 3582 3583
6725 2 2 1 2 906 3584 3586
6726 2 2 1 2 3584 233 3585
6727 2 2 1 2 3586 3585 907
6728 2 2 1 2 3584 3585 3586
6729 2 2 1 2 908 3587 3589
6730 2 2 1 2 3587 907 3588
6731 2 2 1 2 3589 3588 235
6732 2 2 1 2 3587 3588 3589
6733 2 2 1 2 906 3586 3582
6734 2 2 1 2 3586 907 3587
6735 2 2 1 2 3582 3587 908
6736 2 2 1 2 3586 3587 3582
6737 2 2 1 2 233 3590 3592
6738 2 2 1 2 3590 909 3591
6739 2 2 1 2 3592 3591 911
6740 2 2 1 2 3590 3591 3592
6741 2 2 1 2 909 3593 3595
6742 2 2 1 2 3593 18 3594
6743 2 2 1 2 3595 3594 910
6744 2 2 1 2 3593 3594 3595
6745 2 2 1 2 911 3596 3598
6746 2 2 1 2 3596 910 3597
6747 2 2 1 2 3598 3597 234
6748 2 2 1 2 3596 3597 3598
6749 2 2 1 2 909 3595 3591
6750 2 2 1 2 3595 910 3596
6751 2 2 1 2 3591 3596 911
6752 2 2 1 2 3595 3596 3591
6753 2 2 1 2 235 3599 3601
6754 2 2 1 2 3599 912 3600
6755 2 2 1 2 3601 3600 914
6756 2 2 1 2 3599 3600 3601
6757 2 2 1 2 912 3602 3604
6758 2 2 1 2 3602 234 3603
6759 2 2 1 2 3604 3603 913
6760 2 2 1 2 3602 3603 3604
6761 2 2 1 2 914 3605 3607
6762 2 2 1 2 3605 913 3606
6763 2 2 1 2 3607 3606 63
6764 2 2 1 2 3605 3606 3607
6765 2 2 1 2 912 3604 3600
6766 2 2 1 2 3604 913 3605
6767 2 2 1 2 3600 3605 914
6768 2 2 1 2 3604 3605 3600
6769 2 2 1 2 233 3592 3585
6770 2 2 1 2 3592 911 3608
6771 2 2 1 2 3585 3608 907
6772 2 2 1 2 3592 3608 3585
6773 2 2 1 2 911 3598 3609
6774 2 2 1 2 3598 234 3602
6775 2 2 1 2 3609 3602 912
6776 2 2 1 2 3598 3602 3609
6777 2 2 1 2 907 3610 3588
6778 2 2 1 2 3610 912 3599
6779 2 2 1 2 3588 3599 235
6780 2 2 1 2 3610 3599 3588
6781 2 2 1 2 911 3609 3608
6782 2 2 1 2 3609 912 3610
6783 2 2 1 2 3608 3610 907
6784 2 2 1 2 3609 3610 3608
6785 2 2 1 2 30 3611 1565
6786 2 2 1 2 3611 915 3612
6787 2 2 1 2 1565 3612 402
6788 2 2 1 2 3611 3612 1565
6789 2 2 1 2 915 3613 3615
6790 2 2 1 2 3613 236 3614
6791 2 2 1 2 3615 3614 916
6792 2 2 1 2 3613 3614 3615
6793 2 2 1 2 402 3616 1568
6794 2 2 1 2 3616 916 3617
6795 2 2 1 2 1568 3617 107
6796 2 2 1 2 3616 3617 1568
6797 2 2 1 2 915 3615 3612
6798 2 2 1 2 3615 916 3616
6799 2 2 1 2 3612 3616 402
6800 2 2 1 2 3615 3616 3612
6801 2 2 1 2 236 3618 3620
6802 2 2 1 2 3618 917 3619
6803 2 2 1 2 3620 3619 919
6804 2 2 1 2 3618 3619 3620
6805 2 2 1 2 917 3621 3623
6806 2 2 1 2 3621 63 3622
6807 2 2 1 2 3623 3622 918
6808 2 2 1 2 3621 3622 3623
6809 2 2 1 2 919 3624 3626
6810 2 2 1 2 3624 918 3625
6811 2 2 1 2 3626 3625 237
6812 2 2 1 2 3624 3625 3626
6813 2 2 1 2 917 3623 3619
6814 2 2 1 2 3623 918 3624
6815 2 2 1 2 3619 3624 919
6816 2 2 1 2 3623 3624 3619
6817 2 2 1 2 107 3627 1574
6818 2 2 1 2 3627 920 3628
6819 2 2 1 2 1574 3628 405
6820 2 2 1 2 3627 3628 1574
6821 2 2 1 2 920 3629 3631
6822 2 2 1 2 3629 237 3630
6823 2 2 1 2 3631 3630 921
6824 2 2 1 2 3629 3630 3631
6825 2 2 1 2 405 3632 1577
6826 2 2 1 2 3632 921 3633
6827 2 2 1 2 1577 3633 4
6828 2 2 1 2 3632 3633 1577
6829 2 2 1 2 920 3631 3628
6830 2 2 1 2 3631 921 3632
6831 2 2 1 2 3628 3632 405
6832 2 2 1 2 3631 3632 3628
6833 2 2 1 2 236 3620 3614
6834 2 2 1 2 3620 919 3634
6835 2 2 1 2 3614 3634 916
6836 2 2 1 2 3620 3634 3614
6837 2 2 1 2 919 3626 3635
6838 2 2 1 2 3626 237 3629
6839 2 2 1 2 3635 3629 920
6840 2 2 1 2 3626 3629 3635
6841 2 2 1 2 916 3636 3617
6842 2 2 1 2 3636 920 3627
6843 2 2 1 2 3617 3627 107
6844 2 2 1 2 3636 3627 3617
6845 2 2 1 2 919 3635 3634
6846 2 2 1 2 3635 920 3636
6847 2 2 1 2 3634 3636 916
6848 2 2 1 2 3635 3636 3634
6849 2 2 1 2 62 3583 3566
6850 2 2 1 2 3583 908 3637
6851 2 2 1 2 3566 3637 902
6852 2 2 1 2 3583 3637 3566
6853 2 2 1 2 908 3589 3639
6854 2 2 1 2 3589 235 3638
6855 2 2 1 2 3639 3638 922
6856 2 2 1 2 3589 3638 3639
6857 2 2 1 2 902 3640 3569
6858 2 2 1 2 3640 922 3641
6859 2 2 1 2 3569 3641 232
6860 2 2 1 2 3640 3641 3569
6861 2 2 1 2 908 3639 3637
6862 2 2 1 2 3639 922 3640
6863 2 2 1 2 3637 3640 902
6864 2 2 1 2 3639 3640 3637
6865 2 2 1 2 235 3601 3643
6866 2 2 1 2 3601 914 3642
6867 2 2 1 2 3643 3642 923
6868 2 2 1 2 3601 3642 3643
6869 2 2 1 2 914 3607 3644
6870 2 2 1 2 3607 63 3621
6871 2 2 1 2 3644 3621 917
6872 2 2 1 2 3607 3621 3644
6873 2 2 1 2 923 3645 3646
6874 2 2 1 2 3645 917 3618
6875 2 2 1 2 3646 3618 236
6876 2 2 1 2 3645 3618 3646
6877 2 2 1 2 914 3644 3642
6878 2 2 1 2 3644 917 3645
6879 2 2 1 2 3642 3645 923
6880 2 2 1 2 3644 3645 3642
6881 2 2 1 2 232 3647 3574
6882 2 2 1 2 3647 924 3648
6883 2 2 1 2 3574 3648 905
6884 2 2 1 2 3647 3648 3574
6885 2 2 1 2 924 3649 3650
6886 2 2 1 2 3649 236 3613
6887 2 2 1 2 3650 3613 915
6888 2 2 1 2 3649 3613 3650
6889 2 2 1 2 905 3651 3577
6890 2 2 1 2 3651 915 3611
6891 2 2 1 2 3577 3611 30
6892 2 2 1 2 3651 3611 3577
6893 2 2 1 2 924 3650 3648
6894 2 2 1 2 3650 915 3651
6895 2 2 1 2 3648 3651 905
6896 2 2 1 2 3650 3651 3648
6897 2 2 1 2 235 3643 3638
6898 2 2 1 2 3643 923 3652
6899 2 2 1 2 3638 3652 922
6900 2 2 1 2 3643 3652 3638
6901 2 2 1 2 923 3646 3653
6902 2 2 1 2 3646 236 3649
6903 2 2 1 2 3653 3649 924
6904 2 2 1 2 3646 3649 3653
6905 2 2 1 2 922 3654 3641
6906 2 2 1 2 3654 924 3647
6907 2 2 1 2 3641 3647 232
6908 2 2 1 2 3654 3647 3641
6909 2 2 1 2 923 3653 3652
6910 2 2 1 2 3653 924 3654
6911 2 2 1 2 3652 3654 922
6912 2 2 1 2 3653 3654 3652
6913 2 2 1 2 17 3456 3394
6914 2 2 1 2 3456 874 3655
6915 2 2 1 2 3394 3655 858
6916 2 2 1 2 3456 3655 3394
6917 2 2 1 2 874 3461 3657
6918 2 2 1 2 3461 225 3656
6919 2 2 1 2 3657 3656 925
6920 2 2 1 2 3461 3656 3657
6921 2 2 1 2 858 3658 3397
6922 2 2 1 2 3658 925 3659
6923 2 2 1 2 3397 3659 220
6924 2 2 1 2 3658 3659 3397
6925 2 2 1 2 874 3657 3655
6926 2 2 1 2 3657 925 3658
6927 2 2 1 2 3655 3658 858
6928 2 2 1 2 3657 3658 3655
6929 2 2 1 2 225 3471 3661
6930 2 2 1 2 3471 879 3660
6931 2 2 1 2 3661 3660 927
6932 2 2 1 2 3471 3660 3661
6933 2 2 1 2 879 3477 3663
6934 2 2 1 2 3477 61 3662
6935 2 2 1 2 3663 3662 926
6936 2 2 1 2 3477 3662 3663
6937 2 2 1 2 927 3664 3666
6938 2 2 1 2 3664 926 3665
6939 2 2 1 2 3666 3665 238
6940 2 2 1 2 3664 3665 3666
6941 2 2 1 2 879 3663 3660
6942 2 2 1 2 3663 926 3664
6943 2 2 1 2 3660 3664 927
6944 2 2 1 2 3663 3664 3660
6945 2 2 1 2 220 3667 3403
6946 2 2 1 2 3667 928 3668
6947 2 2 1 2 3403 3668 861
6948 2 2 1 2 3667 3668 3403
6949 2 2 1 2 928 3669 3671
6950 2 2 1 2 3669 238 3670
6951 2 2 1 2 3671 3670 929
6952 2 2 1 2 3669 3670 3671
6953 2 2 1 2 861 3672 3406
6954 2 2 1 2 3672 929 3673
6955 2 2 1 2 3406 3673 59
6956 2 2 1 2 3672 3673 3406
6957 2 2 1 2 928 3671 3668
6958 2 2 1 2 3671 929 3672
6959 2 2 1 2 3668 3672 861
6960 2 2 1 2 3671 3672 3668
6961 2 2 1 2 225 3661 3656
6962 2 2 1 2 3661 927 3674
6963 2 2 1 2 3656 3674 925
6964 2 2 1 2 3661 3674 3656
6965 2 2 1 2 927 3666 3675
6966 2 2 1 2 3666 238 3669
6967 2 2 1 2 3675 3669 928
6968 2 2 1 2 3666 3669 3675
6969 2 2 1 2 925 3676 3659
6970 2 2 1 2 3676 928 3667
6971 2 2 1 2 3659 3667 220
6972 2 2 1 2 3676 3667 3659
6973 2 2 1 2 927 3675 3674
6974 2 2 1 2 3675 928 3676
6975 2 2 1 2 3674 3676 925
6976 2 2 1 2 3675 3676 3674
6977 2 2 1 2 61 3509 3678
6978 2 2 1 2 3509 889 3677
6979 2 2 1 2 3678 3677 931
6980 2 2 1 2 3509 3677 3678
6981 2 2 1 2 889 3515 3680
6982 2 2 1 2 3515 230 3679
6983 2 2 1 2 3680 3679 930
6984 2 2 1 2 3515 3679 3680
6985 2 2 1 2 931 3681 3683
6986 2 2 1 2 3681 930 3682
6987 2 2 1 2 3683 3682 239
6988 2 2 1 2 3681 3682 3683
6989 2 2 1 2 889 3680 3677
6990 2 2 1 2 3680 930 3681
6991 2 2 1 2 3677 3681 931
6992 2 2 1 2 3680 3681 3677
6993 2 2 1 2 230 3527 3685
6994 2 2 1 2 3527 895 3684
6995 2 2 1 2 3685 3684 932
6996 2 2 1 2 3527 3684 3685
6997 2 2 1 2 895 3533 3686
6998 2 2 1 2 3533 18 3593
6999 2 2 1 2 3686 3593 909
7000 2 2 1 2 3533 3593 3686
7001 2 2 1 2 932 3687 3688
7002 2 2 1 2 3687 909 3590
7003 2 2 1 2 3688 3590 233
7004 2 2 1 2 3687 3590 3688
7005 2 2 1 2 895 3686 3684
7006 2 2 1 2 3686 909 3687
7007 2 2 1 2 3684 3687 932
7008 2 2 1 2 3686 3687 3684
7009 2 2 1 2 239 3689 3691
7010 2 2 1 2 3689 933 3690
7011 2 2 1 2 3691 3690 934
7012 2 2 1 2 3689 3690 3691
7013 2 2 1 2 933 3692 3693
7014 2 2 1 2 3692 233 3584
7015 2 2 1 2 3693 3584 906
7016 2 2 1 2 3692 3584 3693
7017 2 2 1 2 934 3694 3695
7018 2 2 1 2 3694 906 3581
7019 2 2 1 2 3695 3581 62
7020 2 2 1 2 3694 3581 3695
7021 2 2 1 2 933 3693 3690
7022 2 2 1 2 3693 906 3694
7023 2 2 1 2 3690 3694 934
7024 2 2 1 2 3693 3694 3690
7025 2 2 1 2 230 3685 3679
7026 2 2 1 2 3685 932 3696
7027 2 2 1 2 3679 3696 930
7028 2 2 1 2 3685 3696 3679
7029 2 2 1 2 932 3688 3697
7030 2 2 1 2 3688 233 3692
7031 2 2 1 2 3697 3692 933
7032 2 2 1 2 3688 3692 3697
7033 2 2 1 2 930 3698 3682
7034 2 2 1 2 3698 933 3689
7035 2 2 1 2 3682 3689 239
7036 2 2 1 2 3698 3689 3682
7037 2 2 1 2 932 3697 3696
7038 2 2 1 2 3697 933 3698
7039 2 2 1 2 3696 3698 930
7040 2 2 1 2 3697 3698 3696
7041 2 2 1 2 59 3699 3422
7042 2 2 1 2 3699 935 3700
7043 2 2 1 2 3422 3700 866
7044 2 2 1 2 3699 3700 3422
7045 2 2 1 2 935 3701 3703
7046 2 2 1 2 3701 240 3702
7047 2 2 1 2 3703 3702 936
7048 2 2 1 2 3701 3702 3703
7049 2 2 1 2 866 3704 3425
7050 2 2 1 2 3704 936 3705
7051 2 2 1 2 3425 3705 223
7052 2 2 1 2 3704 3705 3425
7053 2 2 1 2 935 3703 3700
7054 2 2 1 2 3703 936 3704
7055 2 2 1 2 3700 3704 866
7056 2 2 1 2 3703 3704 3700
7057 2 2 1 2 240 3706 3708
7058 2 2 1 2 3706 937 3707
7059 2 2 1 2 3708 3707 938
7060 2 2 1 2 3706 3707 3708
7061 2 2 1 2 937 3709 3710
7062 2 2 1 2 3709 62 3565
7063 2 2 1 2 3710 3565 901
7064 2 2 1 2 3709 3565 3710
7065 2 2 1 2 938 3711 3712
7066 2 2 1 2 3711 901 3562
7067 2 2 1 2 3712 3562 231
7068 2 2 1 2 3711 3562 3712
7069 2 2 1 2 937 3710 3707
7070 2 2 1 2 3710 901 3711
7071 2 2 1 2 3707 3711 938
7072 2 2 1 2 3710 3711 3707
7073 2 2 1 2 223 3713 3430
7074 2 2 1 2 3713 939 3714
7075 2 2 1 2 3430 3714 869
7076 2 2 1 2 3713 3714 3430
7077 2 2 1 2 939 3715 3716
7078 2 2 1 2 3715 231 3557
7079 2 2 1 2 3716 3557 899
7080 2 2 1 2 3715 3557 3716
7081 2 2 1 2 869 3717 3433
7082 2 2 1 2 3717 899 3555
7083 2 2 1 2 3433 3555 10
7084 2 2 1 2 3717 3555 3433
7085 2 2 1 2 939 3716 3714
7086 2 2 1 2 3716 899 3717
7087 2 2 1 2 3714 3717 869
7088 2 2 1 2 3716 3717 3714
7089 2 2 1 2 240 3708 3702
7090 2 2 1 2 3708 938 3718
7091 2 2 1 2 3702 3718 936
7092 2 2 1 2 3708 3718 3702
7093 2 2 1 2 938 3712 3719
7094 2 2 1 2 3712 231 3715
7095 2 2 1 2 3719 3715 939
7096 2 2 1 2 3712 3715 3719
7097 2 2 1 2 936 3720 3705
7098 2 2 1 2 3720 939 3713
7099 2 2 1 2 3705 3713 223
7100 2 2 1 2 3720 3713 3705
7101 2 2 1 2 938 3719 3718
7102 2 2 1 2 3719 939 3720
7103 2 2 1 2 3718 3720 936
7104 2 2 1 2 3719 3720 3718
7105 2 2 1 2 61 3678 3662
7106 2 2 1 2 3678 931 3721
7107 2 2 1 2 3662 3721 926
7108 2 2 1 2 3678 3721 3662
7109 2 2 1 2 931 3683 3723
7110 2 2 1 2 3683 239 3722
7111 2 2 1 2 3723 3722 940
7112 2 2 1 2 3683 3722 3723
7113 2 2 1 2 926 3724 3665
7114 2 2 1 2 3724 940 3725
7115 2 2 1 2 3665 3725 238
7116 2 2 1 2 3724 3725 3665
7117 2 2 1 2 931 3723 3721
7118 2 2 1 2 3723 940 3724
7119 2 2 1 2 3721 3724 926
7120 2 2 1 2 3723 3724 3721
7121 2 2 1 2 239 3691 3727
7122 2 2 1 2 3691 934 3726
7123 2 2 1 2 3727 3726 941
7124 2 2 1 2 3691 3726 3727
7125 2 2 1 2 934 3695 3728
7126 2 2 1 2 3695 62 3709
7127 2 2 1 2 3728 3709 937
7128 2 2 1 2 3695 3709 3728
7129 2 2 1 2 941 3729 3730
7130 2 2 1 2 3729 937 3706
7131 2 2 1 2 3730 3706 240
7132 2 2 1 2 3729 3706 3730
7133 2 2 1 2 934 3728 3726
7134 2 2 1 2 3728 937 3729
7135 2 2 1 2 3726 3729 941
7136 2 2 1 2 3728 3729 3726
7137 2 2 1 2 238 3731 3670
7138 2 2 1 2 3731 942 3732
7139 2 2 1 2 3670 3732 929
7140 2 2 1 2 3731 3732 3670
7141 2 2 1 2 942 3733 3734
7142 2 2 1 2 3733 240 3701
7143 2 2 1 2 3734 3701 935
7144 2 2 1 2 3733 3701 3734
7145 2 2 1 2 929 3735 3673
7146 2 2 1 2 3735 935 3699
7147 2 2 1 2 3673 3699 59
7148 2 2 1 2 3735 3699 3673
7149 2 2 1 2 942 3734 3732
7150 2 2 1 2 3734 935 3735
7151 2 2 1 2 3732 3735 929
7152 2 2 1 2 3734 3735 3732
7153 2 2 1 2 239 3727 3722
7154 2 2 1 2 3727 941 3736
7155 2 2 1 2 3722 3736 940
7156 2 2 1 2 3727 3736 3722
7157 2 2 1 2 941 3730 3737
7158 2 2 1 2 3730 240 3733
7159 2 2 1 2 3737 3733 942
7160 2 2 1 2 3730 3733 3737
7161 2 2 1 2 940 3738 3725
7162 2 2 1 2 3738 942 3731
7163 2 2 1 2 3725 3731 238
7164 2 2 1 2 3738 3731 3725
7165 2 2 1 2 941 3737 3736
7166 2 2 1 2 3737 942 3738
7167 2 2 1 2 3736 3738 940
7168 2 2 1 2 3737 3738 3736
7169 2 2 1 2 4 3633 1827
7170 2 2 1 2 3633 921 3739
7171 2 2 1 2 1827 3739 467
7172 2 2 1 2 3633 3739 1827
7173 2 2 1 2 921 3630 3741
7174 2 2 1 2 3630 237 3740
7175 2 2 1 2 3741 3740 943
7176 2 2 1 2 3630 3740 3741
7177 2 2 1 2 467 3742 1829
7178 2 2 1 2 3742 943 3743
7179 2 2 1 2 1829 3743 123
7180 2 2 1 2 3742 3743 1829
7181 2 2 1 2 921 3741 3739
7182 2 2 1 2 3741 943 3742
7183 2 2 1 2 3739 3742 467
7184 2 2 1 2 3741 3742 3739
7185 2 2 1 2 237 3625 3745
7186 2 2 1 2 3625 918 3744
7187 2 2 1 2 3745 3744 945
7188 2 2 1 2 3625 3744 3745
7189 2 2 1 2 918 3622 3747
7190 2 2 1 2 3622 63 3746
7191 2 2 1 2 3747 3746 944
7192 2 2 1 2 3622 3746 3747
7193 2 2 1 2 945 3748 3750
7194 2 2 1 2 3748 944 3749
7195 2 2 1 2 3750 3749 241
7196 2 2 1 2 3748 3749 3750
7197 2 2 1 2 918 3747 3744
7198 2 2 1 2 3747 944 3748
7199 2 2 1 2 3744 3748 945
7200 2 2 1 2 3747 3748 3744
7201 2 2 1 2 123 3751 1834
7202 2 2 1 2 3751 946 3752
7203 2 2 1 2 1834 3752 469
7204 2 2 1 2 3751 3752 1834
7205 2 2 1 2 946 3753 3755
7206 2 2 1 2 3753 241 3754
7207 2 2 1 2 3755 3754 947
7208 2 2 1 2 3753 3754 3755
7209 2 2 1 2 469 3756 1837
7210 2 2 1 2 3756 947 3757
7211 2 2 1 2 1837 3757 35
7212 2 2 1 2 3756 3757 1837
7213 2 2 1 2 946 3755 3752
7214 2 2 1 2 3755 947 3756
7215 2 2 1 2 3752 3756 469
7216 2 2 1 2 3755 3756 3752
7217 2 2 1 2 237 3745 3740
7218 2 2 1 2 3745 945 3758
7219 2 2 1 2 3740 3758 943
7220 2 2 1 2 3745 3758 3740
7221 2 2 1 2 945 3750 3759
7222 2 2 1 2 3750 241 3753
7223 2 2 1 2 3759 3753 946
7224 2 2 1 2 3750 3753 3759
7225 2 2 1 2 943 3760 3743
7226 2 2 1 2 3760 946 3751
7227 2 2 1 2 3743 3751 123
7228 2 2 1 2 3760 3751 3743
7229 2 2 1 2 945 3759 3758
7230 2 2 1 2 3759 946 3760
7231 2 2 1 2 3758 3760 943
7232 2 2 1 2 3759 3760 3758
7233 2 2 1 2 63 3606 3762
7234 2 2 1 2 3606 913 3761
7235 2 2 1 2 3762 3761 949
7236 2 2 1 2 3606 3761 3762
7237 2 2 1 2 913 3603 3764
7238 2 2 1 2 3603 234 3763
7239 2 2 1 2 3764 3763 948
7240 2 2 1 2 3603 3763 3764
7241 2 2 1 2 949 3765 3767
7242 2 2 1 2 3765 948 3766
7243 2 2 1 2 3767 3766 243
7244 2 2 1 2 3765 3766 3767
7245 2 2 1 2 913 3764 3761
7246 2 2 1 2 3764 948 3765
7247 2 2 1 2 3761 3765 949
7248 2 2 1 2 3764 3765 3761
7249 2 2 1 2 234 3597 3769
7250 2 2 1 2 3597 910 3768
7251 2 2 1 2 3769 3768 951
7252 2 2 1 2 3597 3768 3769
7253 2 2 1 2 910 3594 3771
7254 2 2 1 2 3594 18 3770
7255 2 2 1 2 3771 3770 950
7256 2 2 1 2 3594 3770 3771
7257 2 2 1 2 951 3772 3774
7258 2 2 1 2 3772 950 3773
7259 2 2 1 2 3774 3773 242
7260 2 2 1 2 3772 3773 3774
7261 2 2 1 2 910 3771 3768
7262 2 2 1 2 3771 950 3772
7263 2 2 1 2 3768 3772 951
7264 2 2 1 2 3771 3772 3768
7265 2 2 1 2 243 3775 3777
7266 2 2 1 2 3775 952 3776
7267 2 2 1 2 3777 3776 954
7268 2 2 1 2 3775 3776 3777
7269 2 2 1 2 952 3778 3780
7270 2 2 1 2 3778 242 3779
7271 2 2 1 2 3780 3779 953
7272 2 2 1 2 3778 3779 3780
7273 2 2 1 2 954 3781 3783
7274 2 2 1 2 3781 953 3782
7275 2 2 1 2 3783 3782 64
7276 2 2 1 2 3781 3782 3783
7277 2 2 1 2 952 3780 3776
7278 2 2 1 2 3780 953 3781
7279 2 2 1 2 3776 3781 954
7280 2 2 1 2 3780 3781 3776
7281 2 2 1 2 234 3769 3763
7282 2 2 1 2 3769 951 3784
7283 2 2 1 2 3763 3784 948
7284 2 2 1 2 3769 3784 3763
7285 2 2 1 2 951 3774 3785
7286 2 2 1 2 3774 242 3778
7287 2 2 1 2 3785 3778 952
7288 2 2 1 2 3774 3778 3785
7289 2 2 1 2 948 3786 3766
7290 2 2 1 2 3786 952 3775
7291 2 2 1 2 3766 3775 243
7292 2 2 1 2 3786 3775 3766
7293 2 2 1 2 951 3785 3784
7294 2 2 1 2 3785 952 3786
7295 2 2 1 2 3784 3786 948
7296 2 2 1 2 3785 3786 3784
7297 2 2 1 2 35 3787 1853
7298 2 2 1 2 3787 955 3788
7299 2 2 1 2 1853 3788 474
7300 2 2 1 2 3787 3788 1853
7301 2 2 1 2 955 3789 3791
7302 2 2 1 2 3789 244 3790
7303 2 2 1 2 3791 3790 956
7304 2 2 1 2 3789 3790 3791
7305 2 2 1 2 474 3792 1856
7306 2 2 1 2 3792 956 3793
7307 2 2 1 2 1856 3793 125
7308 2 2 1 2 3792 3793 1856
7309 2 2 1 2 955 3791 3788
7310 2 2 1 2 3791 956 3792
7311 2 2 1 2 3788 3792 474
7312 2 2 1 2 3791 3792 3788
7313 2 2 1 2 244 3794 3796
7314 2 2 1 2 3794 957 3795
7315 2 2 1 2 3796 3795 959
7316 2 2 1 2 3794 3795 3796
7317 2 2 1 2 957 3797 3799
7318 2 2 1 2 3797 64 3798
7319 2 2 1 2 3799 3798 958
7320 2 2 1 2 3797 3798 3799
7321 2 2 1 2 959 3800 3802
7322 2 2 1 2 3800 958 3801
7323 2 2 1 2 3802 3801 245
7324 2 2 1 2 3800 3801 3802
7325 2 2 1 2 957 3799 3795
7326 2 2 1 2 3799 958 3800
7327 2 2 1 2 3795 3800 959
7328 2 2 1 2 3799 3800 3795
7329 2 2 1 2 125 3803 1862
7330 2 2 1 2 3803 960 3804
7331 2 2 1 2 1862 3804 477
7332 2 2 1 2 3803 3804 1862
7333 2 2 1 2 960 3805 3807
7334 2 2 1 2 3805 245 3806
7335 2 2 1 2 3807 3806 961
7336 2 2 1 2 3805 3806 3807
7337 2 2 1 2 477 3808 1865
7338 2 2 1 2 3808 961 3809
7339 2 2 1 2 1865 3809 12
7340 2 2 1 2 3808 3809 1865
7341 2 2 1 2 960 3807 3804
7342 2 2 1 2 3807 961 3808
7343 2 2 1 2 3804 3808 477
7344 2 2 1 2 3807 3808 3804
7345 2 2 1 2 244 3796 3790
7346 2 2 1 2 3796 959 3810
7347 2 2 1 2 3790 3810 956
7348 2 2 1 2 3796 3810 3790
7349 2 2 1 2 959 3802 3811
7350 2 2 1 2 3802 245 3805
7351 2 2 1 2 3811 3805 960
7352 2 2 1 2 3802 3805 3811
7353 2 2 1 2 956 3812 3793
7354 2 2 1 2 3812 960 3803
7355 2 2 1 2 3793 3803 125
7356 2 2 1 2 3812 3803 3793
7357 2 2 1 2 959 3811 3810
7358 2 2 1 2 3811 960 3812
7359 2 2 1 2 3810 3812 956
7360 2 2 1 2 3811 3812 3810
7361 2 2 1 2 63 3762 3746
7362 2 2 1 2 3762 949 3813
7363 2 2 1 2 3746 3813 944
7364 2 2 1 2 3762 3813 3746
7365 2 2 1 2 949 3767 3815
7366 2 2 1 2 3767 243 3814
7367 2 2 1 2 3815 3814 962
7368 2 2 1 2 3767 3814 3815
7369 2 2 1 2 944 3816 3749
7370 2 2 1 2 3816 962 3817
7371 2 2 1 2 3749 3817 241
7372 2 2 1 2 3816 3817 3749
7373 2 2 1 2 949 3815 3813
7374 2 2 1 2 3815 962 3816
7375 2 2 1 2 3813 3816 944
7376 2 2 1 2 3815 3816 3813
7377 2 2 1 2 243 3777 3819
7378 2 2 1 2 3777 954 3818
7379 2 2 1 2 3819 3818 963
7380 2 2 1 2 3777 3818 3819
7381 2 2 1 2 954 3783 3820
7382 2 2 1 2 3783 64 3797
7383 2 2 1 2 3820 3797 957
7384 2 2 1 2 3783 3797 3820
7385 2 2 1 2 963 3821 3822
7386 2 2 1 2 3821 957 3794
7387 2 2 1 2 3822 3794 244
7388 2 2 1 2 3821 3794 3822
7389 2 2 1 2 954 3820 3818
7390 2 2 1 2 3820 957 3821
7391 2 2 1 2 3818 3821 963
7392 2 2 1 2 3820 3821 3818
7393 2 2 1 2 241 3823 3754
7394 2 2 1 2 3823 964 3824
7395 2 2 1 2 3754 3824 947
7396 2 2 1 2 3823 3824 3754
7397 2 2 1 2 964 3825 3826
7398 2 2 1 2 3825 244 3789
7399 2 2 1 2 3826 3789 955
7400 2 2 1 2 3825 3789 3826
7401 2 2 1 2 947 3827 3757
7402 2 2 1 2 3827 955 3787
7403 2 2 1 2 3757 3787 35
7404 2 2 1 2 3827 3787 3757
7405 2 2 1 2 964 3826 3824
7406 2 2 1 2 3826 955 3827
7407 2 2 1 2 3824 3827 947
7408 2 2 1 2 3826 3827 3824
7409 2 2 1 2 243 3819 3814
7410 2 2 1 2 3819 963 3828
7411 2 2 1 2 3814 3828 962
7412 2 2 1 2 3819 3828 3814
7413 2 2 1 2 963 3822 3829
7414 2 2 1 2 3822 244 3825
7415 2 2 1 2 3829 3825 964
7416 2 2 1 2 3822 3825 3829
7417 2 2 1 2 962 3830 3817
7418 2 2 1 2 3830 964 3823
7419 2 2 1 2 3817 3823 241
7420 2 2 1 2 3830 3823 3817
7421 2 2 1 2 963 3829 3828
7422 2 2 1 2 3829 964 3830
7423 2 2 1 2 3828 3830 962
7424 2 2 1 2 3829 3830 3828
7425 2 2 1 2 18 3532 3832
7426 2 2 1 2 3532 894 3831
7427 2 2 1 2 3832 3831 966
7428 2 2 1 2 3532 3831 3832
7429 2 2 1 2 894 3529 3834
7430 2 2 1 2 3529 229 3833
7431 2 2 1 2 3834 3833 965
7432 2 2 1 2 3529 3833 3834
7433 2 2 1 2 966 3835 3837
7434 2 2 1 2 3835 965 3836
7435 2 2 1 2 3837 3836 247
7436 2 2 1 2 3835 3836 3837
7437 2 2 1 2 894 3834 3831
7438 2 2 1 2 3834 965 3835
7439 2 2 1 2 3831 3835 966
7440 2 2 1 2 3834 3835 3831
7441 2 2 1 2 229 3523 3839
7442 2 2 1 2 3523 891 3838
7443 2 2 1 2 3839 3838 968
7444 2 2 1 2 3523 3838 3839
7445 2 2 1 2 891 3520 3841
7446 2 2 1 2 3520 60 3840
7447 2 2 1 2 3841 3840 967
7448 2 2 1 2 3520 3840 3841
7449 2 2 1 2 968 3842 3844
7450 2 2 1 2 3842 967 3843
7451 2 2 1 2 3844 3843 246
7452 2 2 1 2 3842 3843 3844
7453 2 2 1 2 891 3841 3838
7454 2 2 1 2 3841 967 3842
7455 2 2 1 2 3838 3842 968
7456 2 2 1 2 3841 3842 3838
7457 2 2 1 2 247 3845 3847
7458 2 2 1 2 3845 969 3846
7459 2 2 1 2 3847 3846 971
7460 2 2 1 2 3845 3846 3847
7461 2 2 1 2 969 3848 3850
7462 2 2 1 2 3848 246 3849
7463 2 2 1 2 3850 3849 970
7464 2 2 1 2 3848 3849 3850
7465 2 2 1 2 971 3851 3853
7466 2 2 1 2 3851 970 3852
7467 2 2 1 2 3853 3852 65
7468 2 2 1 2 3851 3852 3853
7469 2 2 1 2 969 3850 3846
7470 2 2 1 2 3850 970 3851
7471 2 2 1 2 3846 3851 971
7472 2 2 1 2 3850 3851 3846
7473 2 2 1 2 229 3839 3833
7474 2 2 1 2 3839 968 3854
7475 2 2 1 2 3833 3854 965
7476 2 2 1 2 3839 3854 3833
7477 2 2 1 2 968 3844 3855
7478 2 2 1 2 3844 246 3848
7479 2 2 1 2 3855 3848 969
7480 2 2 1 2 3844 3848 3855
7481 2 2 1 2 965 3856 3836
7482 2 2 1 2 3856 969 3845
7483 2 2 1 2 3836 3845 247
7484 2 2 1 2 3856 3845 3836
7485 2 2 1 2 968 3855 3854
7486 2 2 1 2 3855 969 3856
7487 2 2 1 2 3854 3856 965
7488 2 2 1 2 3855 3856 3854
7489 2 2 1 2 60 3502 3858
7490 2 2 1 2 3502 885 3857
7491 2 2 1 2 3858 3857 973
7492 2 2 1 2 3502 3857 3858
7493 2 2 1 2 885 3499 3860
7494 2 2 1 2 3499 226 3859
7495 2 2 1 2 3860 3859 972
7496 2 2 1 2 3499 3859 3860
7497 2 2 1 2 973 3861 3863
7498 2 2 1 2 3861 972 3862
7499 2 2 1 2 3863 3862 248
7500 2 2 1 2 3861 3862 3863
7501 2 2 1 2 885 3860 3857
7502 2 2 1 2 3860 972 3861
7503 2 2 1 2 3857 3861 973
7504 2 2 1 2 3860 3861 3857
7505 2 2 1 2 226 3493 3865
7506 2 2 1 2 3493 882 3864
7507 2 2 1 2 3865 3864 974
7508 2 2 1 2 3493 3864 3865
7509 2 2 1 2 882 3490 3866
7510 2 2 1 2 3490 6 2737
7511 2 2 1 2 3866 2737 697
7512 2 2 1 2 3490 2737 3866
7513 2 2 1 2 974 3867 3868
7514 2 2 1 2 3867 697 2734
7515 2 2 1 2 3868 2734 181
7516 2 2 1 2 3867 2734 3868
7517 2 2 1 2 882 3866 3864
7518 2 2 1 2 3866 697 3867
7519 2 2 1 2 3864 3867 974
7520 2 2 1 2 3866 3867 3864
7521 2 2 1 2 248 3869 3871
7522 2 2 1 2 3869 975 3870
7523 2 2 1 2 3871 3870 976
7524 2 2 1 2 3869 3870 3871
7525 2 2 1 2 975 3872 3873
7526 2 2 1 2 3872 181 2728
7527 2 2 1 2 3873 2728 694
7528 2 2 1 2 3872 2728 3873
7529 2 2 1 2 976 3874 3875
7530 2 2 1 2 3874 694 2725
7531 2 2 1 2 3875 2725 49
7532 2 2 1 2 3874 2725 3875
7533 2 2 1 2 975 3873 3870
7534 2 2 1 2 3873 694 3874
7535 2 2 1 2 3870 3874 976
7536 2 2 1 2 3873 3874 3870
7537 2 2 1 2 226 3865 3859
7538 2 2 1 2 3865 974 3876
7539 2 2 1 2 3859 3876 972
7540 2 2 1 2 3865 3876 3859
7541 2 2 1 2 974 3868 3877
7542 2 2 1 2 3868 181 3872
7543 2 2 1 2 3877 3872 975
7544 2 2 1 2 3868 3872 3877
7545 2 2 1 2 972 3878 3862
7546 2 2 1 2 3878 975 3869
7547 2 2 1 2 3862 3869 248
7548 2 2 1 2 3878 3869 3862
7549 2 2 1 2 974 3877 3876
7550 2 2 1 2 3877 975 3878
7551 2 2 1 2 3876 3878 972
7552 2 2 1 2 3877 3878 3876
7553 2 2 1 2 65 3879 3881
7554 2 2 1 2 3879 977 3880
7555 2 2 1 2 3881 3880 979
7556 2 2 1 2 3879 3880 3881
7557 2 2 1 2 977 3882 3884
7558 2 2 1 2 3882 249 3883
7559 2 2 1 2 3884 3883 978
7560 2 2 1 2 3882 3883 3884
7561 2 2 1 2 979 3885 3887
7562 2 2 1 2 3885 978 3886
7563 2 2 1 2 3887 3886 250
7564 2 2 1 2 3885 3886 3887
7565 2 2 1 2 977 3884 3880
7566 2 2 1 2 3884 978 3885
7567 2 2 1 2 3880 3885 979
7568 2 2 1 2 3884 3885 3880
7569 2 2 1 2 249 3888 3890
7570 2 2 1 2 3888 980 3889
7571 2 2 1 2 3890 3889 981
7572 2 2 1 2 3888 3889 3890
7573 2 2 1 2 980 3891 3892
7574 2 2 1 2 3891 49 2707
7575 2 2 1 2 3892 2707 688
7576 2 2 1 2 3891 2707 3892
7577 2 2 1 2 981 3893 3894
7578 2 2 1 2 3893 688 2704
7579 2 2 1 2 3894 2704 178
7580 2 2 1 2 3893 2704 3894
7581 2 2 1 2 980 3892 3889
7582 2 2 1 2 3892 688 3893
7583 2 2 1 2 3889 3893 981
7584 2 2 1 2 3892 3893 3889
7585 2 2 1 2 250 3895 3897
7586 2 2 1 2 3895 982 3896
7587 2 2 1 2 3897 3896 983
7588 2 2 1 2 3895 3896 3897
7589 2 2 1 2 982 3898 3899
7590 2 2 1 2 3898 178 2698
7591 2 2 1 2 3899 2698 685
7592 2 2 1 2 3898 2698 3899
7593 2 2 1 2 983 3900 3901
7594 2 2 1 2 3900 685 2695
7595 2 2 1 2 3901 2695 15
7596 2 2 1 2 3900 2695 3901
7597 2 2 1 2 982 3899 3896
7598 2 2 1 2 3899 685 3900
7599 2 2 1 2 3896 3900 983
7600 2 2 1 2 3899 3900 3896
7601 2 2 1 2 249 3890 3883
7602 2 2 1 2 3890 981 3902
7603 2 2 1 2 3883 3902 978
7604 2 2 1 2 3890 3902 3883
7605 2 2 1 2 981 3894 3903
7606 2 2 1 2 3894 178 3898
7607 2 2 1 2 3903 3898 982
7608 2 2 1 2 3894 3898 3903
7609 2 2 1 2 978 3904 3886
7610 2 2 1 2 3904 982 3895
7611 2 2 1 2 3886 3895 250
7612 2 2 1 2 3904 3895 3886
7613 2 2 1 2 981 3903 3902
7614 2 2 1 2 3903 982 3904
7615 2 2 1 2 3902 3904 978
7616 2 2 1 2 3903 3904 3902
7617 2 2 1 2 60 3858 3840
7618 2 2 1 2 3858 973 3905
7619 2 2 1 2 3840 3905 967
7620 2 2 1 2 3858 3905 3840
7621 2 2 1 2 973 3863 3907
7622 2 2 1 2 3863 248 3906
7623 2 2 1 2 3907 3906 984
7624 2 2 1 2 3863 3906 3907
7625 2 2 1 2 967 3908 3843
7626 2 2 1 2 3908 984 3909
7627 2 2 1 2 3843 3909 246
7628 2 2 1 2 3908 3909 3843
7629 2 2 1 2 973 3907 3905
7630 2 2 1 2 3907 984 3908
7631 2 2 1 2 3905 3908 967
7632 2 2 1 2 3907 3908 3905
7633 2 2 1 2 248 3871 3911
7634 2 2 1 2 3871 976 3910
7635 2 2 1 2 3911 3910 985
7636 2 2 1 2 3871 3910 3911
7637 2 2 1 2 976 3875 3912
7638 2 2 1 2 3875 49 3891
7639 2 2 1 2 3912 3891 980
7640 2 2 1 2 3875 3891 3912
7641 2 2 1 2 985 3913 3914
7642 2 2 1 2 3913 980 3888
7643 2 2 1 2 3914 3888 249
7644 2 2 1 2 3913 3888 3914
7645 2 2 1 2 976 3912 3910
7646 2 2 1 2 3912 980 3913
7647 2 2 1 2 3910 3913 985
7648 2 2 1 2 3912 3913 3910
7649 2 2 1 2 246 3915 3849
7650 2 2 1 2 3915 986 3916
7651 2 2 1 2 3849 3916 970
7652 2 2 1 2 3915 3916 3849
7653 2 2 1 2 986 3917 3918
7654 2 2 1 2 3917 249 3882
7655 2 2 1 2 3918 3882 977
7656 2 2 1 2 3917 3882 3918
7657 2 2 1 2 970 3919 3852
7658 2 2 1 2 3919 977 3879
7659 2 2 1 2 3852 3879 65
7660 2 2 1 2 3919 3879 3852
7661 2 2 1 2 986 3918 3916
7662 2 2 1 2 3918 977 3919
7663 2 2 1 2 3916 3919 970
7664 2 2 1 2 3918 3919 3916
7665 2 2 1 2 248 3911 3906
7666 2 2 1 2 3911 985 3920
7667 2 2 1 2 3906 3920 984
7668 2 2 1 2 3911 3920 3906
7669 2 2 1 2 985 3914 3921
7670 2 2 1 2 3914 249 3917
7671 2 2 1 2 3921 3917 986
7672 2 2 1 2 3914 3917 3921
7673 2 2 1 2 984 3922 3909
7674 2 2 1 2 3922 986 3915
7675 2 2 1 2 3909 3915 246
7676 2 2 1 2 3922 3915 3909
7677 2 2 1 2 985 3921 3920
7678 2 2 1 2 3921 986 3922
7679 2 2 1 2 3920 3922 984
7680 2 2 1 2 3921 3922 3920
7681 2 2 1 2 12 3923 1927
7682 2 2 1 2 3923 987 3924
7683 2 2 1 2 1927 3924 493
7684 2 2 1 2 3923 3924 1927
7685 2 2 1 2 987 3925 3927
7686 2 2 1 2 3925 251 3926
7687 2 2 1 2 3927 3926 988
7688 2 2 1 2 3925 3926 3927
7689 2 2 1 2 493 3928 1930
7690 2 2 1 2 3928 988 3929
7691 2 2 1 2 1930 3929 130
7692 2 2 1 2 3928 3929 1930
7693 2 2 1 2 987 3927 3924
7694 2 2 1 2 3927 988 3928
7695 2 2 1 2 3924 3928 493
7696 2 2 1 2 3927 3928 3924
7697 2 2 1 2 251 3930 3932
7698 2 2 1 2 3930 989 3931
7699 2 2 1 2 3932 3931 991
7700 2 2 1 2 3930 3931 3932
7701 2 2 1 2 989 3933 3935
7702 2 2 1 2 3933 66 3934
7703 2 2 1 2 3935 3934 990
7704 2 2 1 2 3933 3934 3935
7705 2 2 1 2 991 3936 3938
7706 2 2 1 2 3936 990 3937
7707 2 2 1 2 3938 3937 252
7708 2 2 1 2 3936 3937 3938
7709 2 2 1 2 989 3935 3931
7710 2 2 1 2 3935 990 3936
7711 2 2 1 2 3931 3936 991
7712 2 2 1 2 3935 3936 3931
7713 2 2 1 2 130 3939 1936
7714 2 2 1 2 3939 992 3940
7715 2 2 1 2 1936 3940 496
7716 2 2 1 2 3939 3940 1936
7717 2 2 1 2 992 3941 3943
7718 2 2 1 2 3941 252 3942
7719 2 2 1 2 3943 3942 993
7720 2 2 1 2 3941 3942 3943
7721 2 2 1 2 496 3944 1939
7722 2 2 1 2 3944 993 3945
7723 2 2 1 2 1939 3945 37
7724 2 2 1 2 3944 3945 1939
7725 2 2 1 2 992 3943 3940
7726 2 2 1 2 3943 993 3944
7727 2 2 1 2 3940 3944 496
7728 2 2 1 2 3943 3944 3940
7729 2 2 1 2 251 3932 3926
7730 2 2 1 2 3932 991 3946
7731 2 2 1 2 3926 3946 988
7732 2 2 1 2 3932 3946 3926
7733 2 2 1 2 991 3938 3947
7734 2 2 1 2 3938 252 3941
7735 2 2 1 2 3947 3941 992
7736 2 2 1 2 3938 3941 3947
7737 2 2 1 2 988 3948 3929
7738 2 2 1 2 3948 992 3939
7739 2 2 1 2 3929 3939 130
7740 2 2 1 2 3948 3939 3929
7741 2 2 1 2 991 3947 3946
7742 2 2 1 2 3947 992 3948
7743 2 2 1 2 3946 3948 988
7744 2 2 1 2 3947 3948 3946
7745 2 2 1 2 66 3949 3951
7746 2 2 1 2 3949 994 3950
7747 2 2 1 2 3951 3950 996
7748 2 2 1 2 3949 3950 3951
7749 2 2 1 2 994 3952 3954
7750 2 2 1 2 3952 253 3953
7751 2 2 1 2 3954 3953 995
7752 2 2 1 2 3952 3953 3954
7753 2 2 1 2 996 3955 3957
7754 2 2 1 2 3955 995 3956
7755 2 2 1 2 3957 3956 254
7756 2 2 1 2 3955 3956 3957
7757 2 2 1 2 994 3954 3950
7758 2 2 1 2 3954 995 3955
7759 2 2 1 2 3950 3955 996
7760 2 2 1 2 3954 3955 3950
7761 2 2 1 2 253 3958 3960
7762 2 2 1 2 3958 997 3959
7763 2 2 1 2 3960 3959 998
7764 2 2 1 2 3958 3959 3960
7765 2 2 1 2 997 3961 3962
7766 2 2 1 2 3961 15 2633
7767 2 2 1 2 3962 2633 669
7768 2 2 1 2 3961 2633 3962
7769 2 2 1 2 998 3963 3964
7770 2 2 1 2 3963 669 2630
7771 2 2 1 2 3964 2630 173
7772 2 2 1 2 3963 2630 3964
7773 2 2 1 2 997 3962 3959
7774 2 2 1 2 3962 669 3963
7775 2 2 1 2 3959 3963 998
7776 2 2 1 2 3962 3963 3959
7777 2 2 1 2 254 3965 3967
7778 2 2 1 2 3965 999 3966
7779 2 2 1 2 3967 3966 1000
7780 2 2 1 2 3965 3966 3967
7781 2 2 1 2 999 3968 3969
7782 2 2 1 2 3968 173 2624
7783 2 2 1 2 3969 2624 666
7784 2 2 1 2 3968 2624 3969
7785 2 2 1 2 1000 3970 3971
7786 2 2 1 2 3970 666 2621
7787 2 2 1 2 3971 2621 47
7788 2 2 1 2 3970 2621 3971
7789 2 2 1 2 999 3969 3966
7790 2 2 1 2 3969 666 3970
7791 2 2 1 2 3966 3970 1000
7792 2 2 1 2 3969 3970 3966
7793 2 2 1 2 253 3960 3953
7794 2 2 1 2 3960 998 3972
7795 2 2 1 2 3953 3972 995
7796 2 2 1 2 3960 3972 3953
7797 2 2 1 2 998 3964 3973
7798 2 2 1 2 3964 173 3968
7799 2 2 1 2 3973 3968 999
7800 2 2 1 2 3964 3968 3973
7801 2 2 1 2 995 3974 3956
7802 2 2 1 2 3974 999 3965
7803 2 2 1 2 3956 3965 254
7804 2 2 1 2 3974 3965 3956
7805 2 2 1 2 998 3973 3972
7806 2 2 1 2 3973 999 3974
7807 2 2 1 2 3972 3974 995
7808 2 2 1 2 3973 3974 3972
7809 2 2 1 2 37 3975 1957
7810 2 2 1 2 3975 1001 3976
7811 2 2 1 2 1957 3976 502
7812 2 2 1 2 3975 3976 1957
7813 2 2 1 2 1001 3977 3979
7814 2 2 1 2 3977 255 3978
7815 2 2 1 2 3979 3978 1002
7816 2 2 1 2 3977 3978 3979
7817 2 2 1 2 502 3980 1960
7818 2 2 1 2 3980 1002 3981
7819 2 2 1 2 1960 3981 133
7820 2 2 1 2 3980 3981 1960
7821 2 2 1 2 1001 3979 3976
7822 2 2 1 2 3979 1002 3980
7823 2 2 1 2 3976 3980 502
7824 2 2 1 2 3979 3980 3976
7825 2 2 1 2 255 3982 3984
7826 2 2 1 2 3982 1003 3983
7827 2 2 1 2 3984 3983 1004
7828 2 2 1 2 3982 3983 3984
7829 2 2 1 2 1003 3985 3986
7830 2 2 1 2 3985 47 2605
7831 2 2 1 2 3986 2605 661
7832 2 2 1 2 3985 2605 3986
7833 2 2 1 2 1004 3987 3988
7834 2 2 1 2 3987 661 2602
7835 2 2 1 2 3988 2602 171
7836 2 2 1 2 3987 2602 3988
7837 2 2 1 2 1003 3986 3983
7838 2 2 1 2 3986 661 3987
7839 2 2 1 2 3983 3987 1004
7840 2 2 1 2 3986 3987 3983
7841 2 2 1 2 133 3989 1966
7842 2 2 1 2 3989 1005 3990
7843 2 2 1 2 1966 3990 505
7844 2 2 1 2 3989 3990 1966
7845 2 2 1 2 1005 3991 3992
7846 2 2 1 2 3991 171 2597
7847 2 2 1 2 3992 2597 659
7848 2 2 1 2 3991 2597 3992
7849 2 2 1 2 505 3993 1969
7850 2 2 1 2 3993 659 2595
7851 2 2 1 2 1969 2595 5
7852 2 2 1 2 3993 2595 1969
7853 2 2 1 2 1005 3992 3990
7854 2 2 1 2 3992 659 3993
7855 2 2 1 2 3990 3993 505
7856 2 2 1 2 3992 3993 3990
7857 2 2 1 2 255 3984 3978
7858 2 2 1 2 3984 1004 3994
7859 2 2 1 2 3978 3994 1002
7860 2 2 1 2 3984 3994 3978
7861 2 2 1 2 1004 3988 3995
7862 2 2 1 2 3988 171 3991
7863 2 2 1 2 3995 3991 1005
7864 2 2 1 2 3988 3991 3995
7865 2 2 1 2 1002 3996 3981
7866 2 2 1 2 3996 1005 3989
7867 2 2 1 2 3981 3989 133
7868 2 2 1 2 3996 3989 3981
7869 2 2 1 2 1004 3995 3994
7870 2 2 1 2 3995 1005 3996
7871 2 2 1 2 3994 3996 1002
7872 2 2 1 2 3995 3996 3994
7873 2 2 1 2 66 3951 3934
7874 2 2 1 2 3951 996 3997
7875 2 2 1 2 3934 3997 990
7876 2 2 1 2 3951 3997 3934
7877 2 2 1 2 996 3957 3999
7878 2 2 1 2 3957 254 3998
7879 2 2 1 2 3999 3998 1006
7880 2 2 1 2 3957 3998 3999
7881 2 2 1 2 990 4000 3937
7882 2 2 1 2 4000 1006 4001
7883 2 2 1 2 3937 4001 252
7884 2 2 1 2 4000 4001 3937
7885 2 2 1 2 996 3999 3997
7886 2 2 1 2 3999 1006 4000
7887 2 2 1 2 3997 4000 990
7888 2 2 1 2 3999 4000 3997
7889 2 2 1 2 254 3967 4003
7890 2 2 1 2 3967 1000 4002
7891 2 2 1 2 4003 4002 1007
7892 2 2 1 2 3967 4002 4003
7893 2 2 1 2 1000 3971 4004
7894 2 2 1 2 3971 47 3985
7895 2 2 1 2 4004 3985 1003
7896 2 2 1 2 3971 3985 4004
7897 2 2 1 2 1007 4005 4006
7898 2 2 1 2 4005 1003 3982
7899 2 2 1 2 4006 3982 255
7900 2 2 1 2 4005 3982 4006
7901 2 2 1 2 1000 4004 4002
7902 2 2 1 2 4004 1003 4005
7903 2 2 1 2 4002 4005 1007
7904 2 2 1 2 4004 4005 4002
7905 2 2 1 2 252 4007 3942
7906 2 2 1 2 4007 1008 4008
7907 2 2 1 2 3942 4008 993
7908 2 2 1 2 4007 4008 3942
7909 2 2 1 2 1008 4009 4010
7910 2 2 1 2 4009 255 3977
7911 2 2 1 2 4010 3977 1001
7912 2 2 1 2 4009 3977 4010
7913 2 2 1 2 993 4011 3945
7914 2 2 1 2 4011 1001 3975
7915 2 2 1 2 3945 3975 37
7916 2 2 1 2 4011 3975 3945
7917 2 2 1 2 1008 4010 4008
7918 2 2 1 2 4010 1001 4011
7919 2 2 1 2 4008 4011 993
7920 2 2 1 2 4010 4011 4008
7921 2 2 1 2 254 4003 3998
7922 2 2 1 2 4003 1007 4012
7923 2 2 1 2 3998 4012 1006
7924 2 2 1 2 4003 4012 3998
7925 2 2 1 2 1007 4006 4013
7926 2 2 1 2 4006 255 4009
7927 2 2 1 2 4013 4009 1008
7928 2 2 1 2 4006 4009 4013
7929 2 2 1 2 1006 4014 4001
7930 2 2 1 2 4014 1008 4007
7931 2 2 1 2 4001 4007 252
7932 2 2 1 2 4014 4007 4001
7933 2 2 1 2 1007 4013 4012
7934 2 2 1 2 4013 1008 4014
7935 2 2 1 2 4012 4014 1006
7936 2 2 1 2 4013 4014 4012
7937 2 2 1 2 18 3832 3770
7938 2 2 1 2 3832 966 4015
7939 2 2 1 2 3770 4015 950
7940 2 2 1 2 3832 4015 3770
7941 2 2 1 2 966 3837 4017
7942 2 2 1 2 3837 247 4016
7943 2 2 1 2 4017 4016 1009
7944 2 2 1 2 3837 4016 4017
7945 2 2 1 2 950 4018 3773
7946 2 2 1 2 4018 1009 4019
7947 2 2 1 2 3773 4019 242
7948 2 2 1 2 4018 4019 3773
7949 2 2 1 2 966 4017 4015
7950 2 2 1 2 4017 1009 4018
7951 2 2 1 2 4015 4018 950
7952 2 2 1 2 4017 4018 4015
7953 2 2 1 2 247 3847 4021
7954 2 2 1 2 3847 971 4020
7955 2 2 1 2 4021 4020 1011
7956 2 2 1 2 3847 4020 4021
7957 2 2 1 2 971 3853 4023
7958 2 2 1 2 3853 65 4022
7959 2 2 1 2 4023 4022 1010
7960 2 2 1 2 3853 4022 4023
7961 2 2 1 2 1011 4024 4026
7962 2 2 1 2 4024 1010 4025
7963 2 2 1 2 4026 4025 256
7964 2 2 1 2 4024 4025 4026
7965 2 2 1 2 971 4023 4020
7966 2 2 1 2 4023 1010 4024
7967 2 2 1 2 4020 4024 1011
7968 2 2 1 2 4023 4024 4020
7969 2 2 1 2 242 4027 3779
7970 2 2 1 2 4027 1012 4028
7971 2 2 1 2 3779 4028 953
7972 2 2 1 2 4027 4028 3779
7973 2 2 1 2 1012 4029 4031
7974 2 2 1 2 4029 256 4030
7975 2 2 1 2 4031 4030 1013
7976 2 2 1 2 4029 4030 4031
7977 2 2 1 2 953 4032 3782
7978 2 2 1 2 4032 1013 4033
7979 2 2 1 2 3782 4033 64
7980 2 2 1 2 4032 4033 3782
7981 2 2 1 2 1012 4031 4028
7982 2 2 1 2 4031 1013 4032
7983 2 2 1 2 4028 4032 953
7984 2 2 1 2 4031 4032 4028
7985 2 2 1 2 247 4021 4016
7986 2 2 1 2 4021 1011 4034
7987 2 2 1 2 4016 4034 1009
7988 2 2 1 2 4021 4034 4016
7989 2 2 1 2 1011 4026 4035
7990 2 2 1 2 4026 256 4029
7991 2 2 1 2 4035 4029 1012
7992 2 2 1 2 4026 4029 4035
7993 2 2 1 2 1009 4036 4019
7994 2 2 1 2 4036 1012 4027
7995 2 2 1 2 4019 4027 242
7996 2 2 1 2 4036 4027 4019
7997 2 2 1 2 1011 4035 4034
7998 2 2 1 2 4035 1012 4036
7999 2 2 1 2 4034 4036 1009
8000 2 2 1 2 4035 4036 4034
8001 2 2 1 2 65 3881 4038
8002 2 2 1 2 3881 979 4037
8003 2 2 1 2 4038 4037 1015
8004 2 2 1 2 3881 4037 4038
8005 2 2 1 2 979 3887 4040
8006 2 2 1 2 3887 250 4039
8007 2 2 1 2 4040 4039 1014
8008 2 2 1 2 3887 4039 4040
8009 2 2 1 2 1015 4041 4043
8010 2 2 1 2 4041 1014 4042
8011 2 2 1 2 4043 4042 257
8012 2 2 1 2 4041 4042 4043
8013 2 2 1 2 979 4040 4037
8014 2 2 1 2 4040 1014 4041
8015 2 2 1 2 4037 4041 1015
8016 2 2 1 2 4040 4041 4037
8017 2 2 1 2 250 3897 4045
8018 2 2 1 2 3897 983 4044
8019 2 2 1 2 4045 4044 1016
8020 2 2 1 2 3897 4044 4045
8021 2 2 1 2 983 3901 4046
8022 2 2 1 2 3901 15 3961
8023 2 2 1 2 4046 3961 997
8024 2 2 1 2 3901 3961 4046
8025 2 2 1 2 1016 4047 4048
8026 2 2 1 2 4047 997 3958
8027 2 2 1 2 4048 3958 253
8028 2 2 1 2 4047 3958 4048
8029 2 2 1 2 983 4046 4044
8030 2 2 1 2 4046 997 4047
8031 2 2 1 2 4044 4047 1016
8032 2 2 1 2 4046 4047 4044
8033 2 2 1 2 257 4049 4051
8034 2 2 1 2 4049 1017 4050
8035 2 2 1 2 4051 4050 1018
8036 2 2 1 2 4049 4050 4051
8037 2 2 1 2 1017 4052 4053
8038 2 2 1 2 4052 253 3952
8039 2 2 1 2 4053 3952 994
8040 2 2 1 2 4052 3952 4053
8041 2 2 1 2 1018 4054 4055
8042 2 2 1 2 4054 994 3949
8043 2 2 1 2 4055 3949 66
8044 2 2 1 2 4054 3949 4055
8045 2 2 1 2 1017 4053 4050
8046 2 2 1 2 4053 994 4054
8047 2 2 1 2 4050 4054 1018
8048 2 2 1 2 4053 4054 4050
8049 2 2 1 2 250 4045 4039
8050 2 2 1 2 4045 1016 4056
8051 2 2 1 2 4039 4056 1014
8052 2 2 1 2 4045 4056 4039
8053 2 2 1 2 1016 4048 4057
8054 2 2 1 2 4048 253 4052
8055 2 2 1 2 4057 4052 1017
8056 2 2 1 2 4048 4052 4057
8057 2 2 1 2 1014 4058 4042
8058 2 2 1 2 4058 1017 4049
8059 2 2 1 2 4042 4049 257
8060 2 2 1 2 4058 4049 4042
8061 2 2 1 2 1016 4057 4056
8062 2 2 1 2 4057 1017 4058
8063 2 2 1 2 4056 4058 1014
8064 2 2 1 2 4057 4058 4056
8065 2 2 1 2 64 4059 3798
8066 2 2 1 2 4059 1019 4060
8067 2 2 1 2 3798 4060 958
8068 2 2 1 2 4059 4060 3798
8069 2 2 1 2 1019 4061 4063
8070 2 2 1 2 4061 258 4062
8071 2 2 1 2 4063 4062 1020
8072 2 2 1 2 4061 4062 4063
8073 2 2 1 2 958 4064 3801
8074 2 2 1 2 4064 1020 4065
8075 2 2 1 2 3801 4065 245
8076 2 2 1 2 4064 4065 3801
8077 2 2 1 2 1019 4063 4060
8078 2 2 1 2 4063 1020 4064
8079 2 2 1 2 4060 4064 958
8080 2 2 1 2 4063 4064 4060
8081 2 2 1 2 258 4066 4068
8082 2 2 1 2 4066 1021 4067
8083 2 2 1 2 4068 4067 1022
8084 2 2 1 2 4066 4067 4068
8085 2 2 1 2 1021 4069 4070
8086 2 2 1 2 4069 66 3933
8087 2 2 1 2 4070 3933 989
8088 2 2 1 2 4069 3933 4070
8089 2 2 1 2 1022 4071 4072
8090 2 2 1 2 4071 989 3930
8091 2 2 1 2 4072 3930 251
8092 2 2 1 2 4071 3930 4072
8093 2 2 1 2 1021 4070 4067
8094 2 2 1 2 4070 989 4071
8095 2 2 1 2 4067 4071 1022
8096 2 2 1 2 4070 4071 4067
8097 2 2 1 2 245 4073 3806
8098 2 2 1 2 4073 1023 4074
8099 2 2 1 2 3806 4074 961
8100 2 2 1 2 4073 4074 3806
8101 2 2 1 2 1023 4075 4076
8102 2 2 1 2 4075 251 3925
8103 2 2 1 2 4076 3925 987
8104 2 2 1 2 4075 3925 4076
8105 2 2 1 2 961 4077 3809
8106 2 2 1 2 4077 987 3923
8107 2 2 1 2 3809 3923 12
8108 2 2 1 2 4077 3923 3809
8109 2 2 1 2 1023 4076 4074
8110 2 2 1 2 4076 987 4077
8111 2 2 1 2 4074 4077 961
8112 2 2 1 2 4076 4077 4074
8113 2 2 1 2 258 4068 4062
8114 2 2 1 2 4068 1022 4078
8115 2 2 1 2 4062 4078 1020
8116 2 2 1 2 4068 4078 4062
8117 2 2 1 2 1022 4072 4079
8118 2 2 1 2 4072 251 4075
8119 2 2 1 2 4079 4075 1023
8120 2 2 1 2 4072 4075 4079
8121 2 2 1 2 1020 4080 4065
8122 2 2 1 2 4080 1023 4073
8123 2 2 1 2 4065 4073 245
8124 2 2 1 2 4080 4073 4065
8125 2 2 1 2 1022 4079 4078
8126 2 2 1 2 4079 1023 4080
8127 2 2 1 2 4078 4080 1020
8128 2 2 1 2 4079 4080 4078
8129 2 2 1 2 65 4038 4022
8130 2 2 1 2 4038 1015 4081
8131 2 2 1 2 4022 4081 1010
8132 2 2 1 2 4038 4081 4022
8133 2 2 1 2 1015 4043 4083
8134 2 2 1 2 4043 257 4082
8135 2 2 1 2 4083 4082 1024
8136 2 2 1 2 4043 4082 4083
8137 2 2 1 2 1010 4084 4025
8138 2 2 1 2 4084 1024 4085
8139 2 2 1 2 4025 4085 256
8140 2 2 1 2 4084 4085 4025
8141 2 2 1 2 1015 4083 4081
8142 2 2 1 2 4083 1024 4084
8143 2 2 1 2 4081 4084 1010
8144 2 2 1 2 4083 4084 4081
8145 2 2 1 2 257 4051 4087
8146 2 2 1 2 4051 1018 4086
8147 2 2 1 2 4087 4086 1025
8148 2 2 1 2 4051 4086 4087
8149 2 2 1 2 1018 4055 4088
8150 2 2 1 2 4055 66 4069
8151 2 2 1 2 4088 4069 1021
8152 2 2 1 2 4055 4069 4088
8153 2 2 1 2 1025 4089 4090
8154 2 2 1 2 4089 1021 4066
8155 2 2 1 2 4090 4066 258
8156 2 2 1 2 4089 4066 4090
8157 2 2 1 2 1018 4088 4086
8158 2 2 1 2 4088 1021 4089
8159 2 2 1 2 4086 4089 1025
8160 2 2 1 2 4088 4089 4086
8161 2 2 1 2 256 4091 4030
8162 2 2 1 2 4091 1026 4092
8163 2 2 1 2 4030 4092 1013
8164 2 2 1 2 4091 4092 4030
8165 2 2 1 2 1026 4093 4094
8166 2 2 1 2 4093 258 4061
8167 2 2 1 2 4094 4061 1019
8168 2 2 1 2 4093 4061 4094
8169 2 2 1 2 1013 4095 4033
8170 2 2 1 2 4095 1019 4059
8171 2 2 1 2 4033 4059 64
8172 2 2 1 2 4095 4059 4033
8173 2 2 1 2 1026 4094 4092
8174 2 2 1 2 4094 1019 4095
8175 2 2 1 2 4092 4095 1013
8176 2 2 1 2 4094 4095 4092
8177 2 2 1 2 257 4087 4082
8178 2 2 1 2 4087 1025 4096
8179 2 2 1 2 4082 4096 1024
8180 2 2 1 2 4087 4096 4082
8181 2 2 1 2 1025 4090 4097
8182 2 2 1 2 4090 258 4093
8183 2 2 1 2 4097 4093 1026
8184 2 2 1 2 4090 4093 4097
8185 2 2 1 2 1024 4098 4085
8186 2 2 1 2 4098 1026 4091
8187 2 2 1 2 4085 4091 256
8188 2 2 1 2 4098 4091 4085
8189 2 2 1 2 1025 4097 4096
8190 2 2 1 2 4097 1026 4098
8191 2 2 1 2 4096 4098 1024
8192 2 2 1 2 4097 4098 4096
$EndElements
