$MeshFormat
2.2 0 8
$EndMeshFormat
$Nodes
4098
1 1.678617935338912 0.0 0.0
2 0.0 1.5076164817282476 0.0
3 0.0 0.0 1.6271272579553515
4 -1.6903774103243545 0.0 0.0
5 0.0 -1.6914761033157841 0.0
6 0.0 0.0 -1.53507647737164
7 1.3053609967408946 1.3053609967408946 0.0
8 0.0 1.3059890828187966 1.3059890828187966
9 1.3443921965211223 0.0 1.3443921965211223
10 -1.272065196057825 1.272065196057825 0.0
11 -1.192337061463456 0.0 1.192337061463456
12 -1.1795181023182981 -1.1795181023182981 0.0
13 0.0 -1.2857470857879323 1.2857470857879323
14 1.365571318518515 -1.365571318518515 0.0
15 0.0 -1.312925320453131 -1.312925320453131
16 1.3689383827860655 0.0 -1.3689383827860655
17 0.0 1.3906839342894162 -1.3906839342894162
18 -1.3265723110821603 0.0 -1.3265723110821603
19 1.6332320915826457 0.6765068828365086 0.0
20 1.6570936016895992 0.8285468008447996 0.8285468008447996
21 1.653010777753758 0.0 0.6846994828945044
22 0.6401101223794754 1.5453625388608312 0.0
23 0.0 1.5175250329721923 0.6285794498977603
24 0.782239889481768 1.564479778963536 0.782239889481768
25 0.8055028986716715 0.8055028986716715 1.611005797343343
26 0.0 0.6451376599890288 1.557500088343156
27 0.7016329715328937 0.0 1.693891835682848
28 -0.6043854273263222 1.4591154955518657 0.0
29 -0.7786911891088744 1.5573823782177487 0.7786911891088744
30 -1.7259105219086464 0.7148955456169881 0.0
31 -1.5643531070456218 0.0 0.6479762732787866
32 -1.706117692719662 0.853058846359831 0.853058846359831
33 -0.7624617853092344 0.7624617853092344 1.5249235706184687
34 -0.6162599348919114 0.0 1.4877830927632132
35 -1.5388766815258685 -0.6374235923077167 0.0
36 -1.301756956435384 -0.650878478217692 0.650878478217692
37 -0.6333451993932682 -1.5290305700391202 0.0
38 0.0 -1.680532014690978 0.6960991524871843
39 -0.6661675199830526 -1.3323350399661051 0.6661675199830526
40 -0.655140504393878 -0.655140504393878 1.310281008787756
41 0.0 -0.6931726737544645 1.673466870044449
42 0.7053682304315483 -1.7029095483749543 0.0
43 0.8141176345438693 -1.6282352690877386 0.8141176345438693
44 1.66370527483952 -0.6891292886301866 0.0
45 1.5581242470724104 -0.7790621235362052 0.7790621235362052
46 0.8792123583883227 -0.8792123583883227 1.7584247167766454
47 0.0 -1.5892845797638147 -0.6583032274085969
48 0.8077452962953428 -1.6154905925906855 -0.8077452962953428
49 0.0 -0.6493644716368263 -1.5677045143488653
50 0.6685043182372202 0.0 -1.613912191593277
51 0.827405332433472 -0.827405332433472 -1.654810664866944
52 1.6619289581410321 -0.8309644790705161 -0.8309644790705161
53 1.6640865932857105 0.0 -0.6892872359021819
54 1.5242442703356354 0.7621221351678177 -0.7621221351678177
55 0.0 0.6663841866601231 -1.6087937411858335
56 0.844402678416345 0.844402678416345 -1.68880535683269
57 0.7857817929070885 1.571563585814177 -0.7857817929070885
58 0.0 1.5947519630693565 -0.6605678917244446
59 -0.7166270646135623 1.4332541292271246 -0.7166270646135623
60 -0.618605772387494 0.0 -1.4934464454601721
61 -0.7155917129878402 0.7155917129878402 -1.4311834259756804
62 -1.571797941844636 0.785898970922318 -0.785898970922318
63 -1.7153434153816591 0.0 -0.7105185067784686
64 -1.6688710432863876 -0.8344355216431938 -0.8344355216431938
65 -0.8179865282869639 -0.8179865282869639 -1.6359730565739279
66 -0.7870589292451013 -1.5741178584902027 -0.7870589292451013
67 1.6653057774253817 0.3312499145987045 0.0
68 1.6668092286534912 0.3452074941984566 0.3452074941984566
69 1.6734327962306477 0.0 0.3328664791489989
70 1.5281848433405387 1.0211004671121982 0.0
71 1.5154157200263991 1.1093613016478971 0.406054418378502
72 1.6310802402774038 0.7412610955488597 0.38261023841957675
73 1.6392995160260229 0.384538272967577 0.744996429467811
74 1.5293896212546805 0.40979871392773226 1.1195909073269483
75 1.5566239323787228 0.0 1.0401028588893977
76 0.9894597823176703 1.4808312121423661 0.0
77 0.6823274172336671 1.5014018330818928 0.35219095856458504
78 1.063428045397135 1.4526697251093177 0.38924167971218265
79 0.30514750703973265 1.5340801130645982 0.0
80 0.0 1.5067094402963852 0.29970314172263346
81 0.3125844255255095 1.5092911189805758 0.3125844255255095
82 0.3584318727632234 1.5280070589972088 0.6944184342310638
83 0.0 1.4873551130604472 0.9938189135470344
84 0.405410757983509 1.5130135467294654 1.1076027887459565
85 1.0906191977432995 0.3991943322290517 1.4898135299723512
86 0.716559793762229 0.3698603841204532 1.5767271850648272
87 1.048586695083462 0.0 1.5693208905162692
88 0.4068319890861656 1.1114856643277113 1.518317653413877
89 0.0 0.9877722504699812 1.478305642254433
90 0.3686050885805601 0.7141278103658038 1.5713758182031212
91 0.3330325604545934 0.3330325604545934 1.6080234483226343
92 0.0 0.3180496271047749 1.5989434507997344
93 0.3368022604085326 0.0 1.6932193047890702
94 1.4377104234493026 1.4377104234493026 0.9584736156328685
95 0.9765146365565346 1.4647719548348017 1.4647719548348017
96 1.4573913217852597 0.9715942145235066 1.4573913217852597
97 -0.2969044203291792 1.4926393177076152 0.0
98 -0.3065414884902021 1.480113237886164 0.3065414884902021
99 -0.9289343301702128 1.3902484716705468 0.0
100 -1.0515846404146945 1.436491333035997 0.3849066926213023
101 -0.6624857268213558 1.4577419278749977 0.34194944724706383
102 -0.3524212146183417 1.5023834223384636 0.682773510509606
103 -0.3975853381744194 1.483808682411387 1.0862233442369675
104 -1.57096963067933 1.0496883480398986 0.0
105 -1.709054593041115 0.7766973375724352 0.40090105266943965
106 -1.5745284617599051 1.1526348319715207 0.42189362978838446
107 -1.7368335113266316 0.3454776654823043 0.0
108 -1.6374847693308523 0.0 0.325715972015733
109 -1.7000973752089965 0.3521016950832334 0.3521016950832334
110 -1.627186409916059 0.38169684413882315 0.7394915045206212
111 -1.4270437454818328 0.0 0.9535201461073056
112 -1.4752200337446413 0.3952840167000902 1.079936017044551
113 -0.39258773218084914 1.072569630746323 1.4651573629271721
114 -0.3558905465053281 0.6894949217452092 1.5171733001817804
115 -1.015926975547675 0.37185508144034124 1.3877820569880162
116 -0.9092120132588695 0.0 1.3607319385279153
117 -0.6706596634183231 0.34616851641037455 1.4757279607973404
118 -0.32170217319867644 0.32170217319867644 1.5533154991622866
119 -0.31184578708422167 0.0 1.5677546408615763
120 -1.4812461059055337 1.4812461059055337 0.9874974039370227
121 -1.4285421360198773 0.9523614240132516 1.4285421360198773
122 -0.9578885754990702 1.4368328632486052 1.4368328632486052
123 -1.6305800170353812 -0.32434253139047076 0.0
124 -1.5491740982156381 -0.3208444609790132 0.3208444609790132
125 -1.3897933773194282 -0.9286302458465576 0.0
126 -1.263202187845055 -0.9247281817347451 0.33847400611030987
127 -1.4227135454073594 -0.6465667201887636 0.3337326732120134
128 -1.4493364789169871 -0.33997774116514784 0.6586657845834833
129 -1.3026222524985305 -0.34903658059979126 0.9535856718987392
130 -0.9225052193854129 -1.3806266274212002 0.0
131 -0.6549564004473676 -1.4411743033969877 0.3380631008889599
132 -0.9237218301163399 -1.261827485969174 0.338105655852834
133 -0.32362187034948836 -1.626957009323614 0.0
134 0.0 -1.7040510660511552 0.3389568316840652
135 -0.3314485483211694 -1.6003751611716825 0.3314485483211694
136 -0.35789202489279104 -1.5257056694738775 0.6933725442268669
137 0.0 -1.5313535029878067 1.0232176977993397
138 -0.3655431193017251 -1.36422549359125 0.9986823742895247
139 -0.9254828669650738 -0.33875024007647103 1.264233107041545
140 -0.6443224454214063 -0.33257426558887776 1.4177752149745726
141 -0.35956972270474946 -0.982362751292828 1.3419324739975775
142 0.0 -1.015738116580913 1.5201595186339851
143 -0.3498688906799898 -0.6778286913470211 1.4915027800435035
144 -0.32280379813216464 -0.32280379813216464 1.5586346148724375
145 0.0 -0.3336836999750825 1.6775412427634053
146 -1.02646514162841 -1.02646514162841 0.6843100944189401
147 -0.7086121538738541 -1.0629182308107812 1.0629182308107812
148 -1.0324622911765688 -0.6883081941177127 1.0324622911765688
149 0.3435346950400552 -1.7270655392902794 0.0
150 0.3631694962597455 -1.7535374466209654 0.3631694962597455
151 1.0602577487986196 -1.5867878567627527 0.0
152 1.120874776156774 -1.5311434186913497 0.41026864253457557
153 0.771982244241648 -1.6986794423565694 0.3984673042988641
154 0.4017140051162118 -1.7125202365055774 0.7782723346865026
155 0.41674964258238445 -1.555330840153629 1.1385811975712443
156 1.571462280376194 -1.0500175260433207 0.0
157 1.61170581988406 -0.7324561920672555 0.3780654886133516
158 1.4978545790003321 -1.0965056541779339 0.40134892482239826
159 1.6842771732338016 -0.33502355985145377 0.0
160 1.6580645679661699 -0.3433964156709369 0.3433964156709369
161 1.629953874578409 -0.3823460214681368 0.7407492071380948
162 1.5458229331337643 -0.4142020065747015 1.1316209265590627
163 0.42533309314381423 -1.1620316206093262 1.5873647137531404
164 0.41927185479378537 -0.8122885464356716 1.7873699367884173
165 1.190895288392937 -0.43589792879901024 1.6267932171919472
166 0.8215583243982412 -0.42405655478364407 1.8077672728381542
167 0.37242622063230174 -0.37242622063230174 1.7982328656677151
168 1.297626103327828 -1.297626103327828 0.8650840688852187
169 1.3649670320732112 -0.9099780213821409 1.3649670320732112
170 0.913270500088207 -1.3699057501323104 1.3699057501323104
171 0.0 -1.6608245003495508 -0.33035853316666675
172 0.34366529933655765 -1.6593628531506541 -0.34366529933655765
173 0.0 -1.490910502255279 -0.99619454865651
174 0.40810281501309786 -1.5230604403407642 -1.114957625327666
175 0.37161644550240147 -1.5842133334560502 -0.7199619504562341
176 0.7382643361770688 -1.6244861332541896 -0.38106342741787697
177 1.1282534822283294 -1.5412229186321527 -0.4129694364038232
178 0.0 -1.0093070328955203 -1.5105347217302423
179 0.3763884013959715 -0.7292070382724665 -1.6045563409971655
180 0.41785220373803705 -1.1415934506669392 -1.5594456544049762
181 0.0 -0.3090300432087622 -1.5535989404767676
182 0.3142143486653155 0.0 -1.5796622040377417
183 0.3256710197763462 -0.3256710197763462 -1.5724787856318634
184 0.7209712814344238 -0.3721374230210226 -1.5864342780386147
185 1.0415877221097478 0.0 -1.5588461872310688
186 1.118440985856811 -0.40937781345730484 -1.5278187993141157
187 1.5605504081982242 -1.142402186573451 -0.41814822162477305
188 1.6622032525927166 -0.7554052667771898 -0.3899109112302976
189 1.5575751913108296 -0.41735101466248825 -1.1402241766483414
190 1.5805487548964783 0.0 -1.0560889142117726
191 1.6612585434427336 -0.38968930631829723 -0.7549759340428466
192 1.691417261562792 -0.3503039846856345 -0.3503039846856345
193 1.6800740258044615 0.0 -0.33418750184583806
194 0.9879306442809305 -1.4818959664213955 -1.4818959664213955
195 1.461241275027879 -0.974160850018586 -1.461241275027879
196 1.4515515452634127 -1.4515515452634127 -0.9677010301756086
197 1.6412575436738432 0.3399155669684291 -0.3399155669684291
198 1.5235015999544645 0.4082210233753222 -1.1152805765791425
199 1.6063223547798364 0.3768026636362676 -0.7300096212962632
200 1.5863151717874493 0.7209171523805334 -0.3721094837020178
201 1.4715408685214528 1.0772426811717366 -0.39429818734971617
202 0.7642161319238964 0.3944587382169115 -1.681590791108954
203 1.1481913339696093 0.4202671966380195 -1.5684585306076286
204 0.0 0.3105584447463616 -1.5612827338865667
205 0.3396914020977695 0.3396914020977695 -1.6401751799319353
206 0.3991909245063545 0.7733841709385949 -1.7017642594978417
207 0.0 1.0532873474575157 -1.5763559139475656
208 0.43522063014772555 1.1890448740657293 -1.6242655042134548
209 1.073393352901818 1.4662825883172386 -0.3928892354154204
210 0.7149424026810351 1.573168257381751 -0.36902554955148786
211 0.42505362725042484 1.5863217328400288 -1.1612681055896037
212 0.0 1.5809927715092158 -1.056385596627285
213 0.380869426576995 1.6236591011824217 -0.7378884829943533
214 0.32579444894294324 1.573074754367845 -0.32579444894294324
215 0.0 1.5357595617836186 -0.30548157016032573
216 1.330155745550167 0.8867704970334448 -1.330155745550167
217 0.9211513509163245 1.3817270263744865 -1.3817270263744865
218 1.277480022967307 1.277480022967307 -0.8516533486448714
219 -0.31209476218101023 1.5069268152060014 -0.31209476218101023
220 -0.3959520144372251 1.4777130352389698 -1.0817610208017445
221 -0.3595046482471406 1.5325803367571011 -0.6964968070779879
222 -0.6594755559989722 1.451118310127173 -0.3403957137745375
223 -0.9957374295965087 1.36020262432785 -0.36446519473134115
224 -0.35636177577837475 0.6904078715100563 -1.5191821663299567
225 -0.39115987263867563 1.0686686459310328 -1.4598285185697086
226 -0.30147515602989516 0.0 -1.515617957803894
227 -0.3135831640149017 0.3135831640149017 -1.514113454993285
228 -0.6660287498037806 0.34377821834563044 -1.4655380402194649
229 -0.9659761909269068 0.0 -1.4456855339388677
230 -1.0187632227150822 0.372893219955024 -1.3916564426701064
231 -1.4892342392285176 1.0901951274864587 -0.39903911174205864
232 -1.684256748087889 0.7654277033365665 -0.395084104406838
233 -1.5133545033920837 0.40550211704591155 -1.107852386346172
234 -1.6016563151483112 0.0 -1.0701925350706418
235 -1.6837761448131934 0.39497136701417285 -0.7652092882634586
236 -1.737619718363255 0.3598728267964889 -0.3598728267964889
237 -1.7218423954374533 0.0 -0.3424957471311251
238 -0.8107586335062479 1.2161379502593717 -1.2161379502593717
239 -1.213805688088704 0.8092037920591361 -1.213805688088704
240 -1.2063709726108658 1.2063709726108658 -0.8042473150739106
241 -1.6793770530051098 -0.34781037584643826 -0.34781037584643826
242 -1.5952889206981626 -0.42745637799539 -1.1678325427027725
243 -1.6895971515949464 -0.3963368282205631 -0.7678547043243543
244 -1.5933837051432715 -0.7241295196509316 -0.3737675831417412
245 -1.4498834809108 -1.0613883730815261 -0.388495107829274
246 -0.6972760939844532 -0.3599068859348735 -1.5342950894701128
247 -1.1046460943434124 -0.40432853272095065 -1.5089746270643631
248 -0.31815380802402243 -0.31815380802402243 -1.5361824765044823
249 -0.3675488081118725 -0.7120813946173375 -1.5668728592447205
250 -0.40685738995325577 -1.111555060787158 -1.5184124507404138
251 -1.0404767771944752 -1.4213177096954146 -0.3808409325009392
252 -0.6958830148857996 -1.5312297406954347 -0.3591878325145959
253 -0.40030249917846433 -1.4939492653308277 -1.0936467661523632
254 -0.3664293430932061 -1.5621005424369663 -0.7099125664396261
255 -0.33396062553970973 -1.61250454295314 -0.33396062553970973
256 -1.4974777650230782 -0.9983185100153856 -1.4974777650230782
257 -0.9786500574727458 -1.4679750862091185 -1.4679750862091185
258 -1.4270406939317364 -1.4270406939317364 -0.9513604626211577
259 1.6726567075019974 0.1647423064566455 0.0
260 1.6744980377784422 0.16653918443355098 0.16653918443355098
261 1.67621422572819 0.0 0.16509269141921193
262 1.6541504318325704 0.5017810476840634 0.0
263 1.6576001258590682 0.5116875512922111 0.17491290182996425
264 1.669026169718 0.33875392621084155 0.1709537827255638
265 1.6728059932210244 0.1713409397022493 0.3395210981553353
266 1.6656142457471659 0.17575856595810485 0.5141614443122046
267 1.6679587736792072 0.0 0.5059697623893572
268 1.5939687769087 0.8519940616155632 0.0
269 1.5877915752213438 0.8854589742041821 0.1925931375056717
270 1.631735519373162 0.708115530710394 0.18784174556991048
271 1.4315714937113813 1.1748603624438352 0.0
272 1.4076515779689627 1.2087778136098728 0.1988737643590899
273 1.5136699105605238 1.0584657195199787 0.19743673565566275
274 1.5898324634056509 0.9298182404181998 0.39785834194226866
275 1.612412468504154 0.9900444863044972 0.6223679821996569
276 1.6425137063701098 0.7822393789564641 0.593846348052051
277 1.644090622647578 0.18926403744148435 0.7134772087570334
278 1.6029522847491604 0.19443207446713487 0.8939136016982452
279 1.6187186411788737 0.0 0.8652231396812416
280 1.6475758486663448 0.5956765517844645 0.7846502002668976
281 1.6227756539551255 0.6263680224773566 0.9964076314777687
282 1.601350935937679 0.4007408597476249 0.9365548533057573
283 1.530214231181246 0.19959470724128175 1.0700346858498289
284 1.4259544056657072 0.20145959760038054 1.2244948080653266
285 1.4639939656240506 0.0 1.201468797488801
286 1.6541234363187638 0.5394864701717929 0.36444612092266393
287 1.6521651081459134 0.5691997726955044 0.5691997726955044
288 1.6581027957986834 0.36532287660750024 0.5407843240998795
289 1.155361310468844 1.4078118301342315 0.0
290 1.016707450737421 1.4539530639895064 0.18964752139674565
291 1.1869155967194405 1.3821924871772375 0.19527689045779706
292 0.8154552654447381 1.5256094973478924 0.0
293 0.6581005769135392 1.5164843024873216 0.17457428310319337
294 0.8348223774586219 1.4969907995188423 0.18157934542275572
295 0.8706511970287618 1.4886667922504455 0.3725414566013653
296 0.7237871050222656 1.5197780532079022 0.5494716076017959
297 0.9327783191527541 1.5191472837410174 0.5863689645882634
298 0.46884821603696325 1.5455854353227385 0.0
299 0.3083241153857516 1.5190997875362846 0.15559723372150994
300 0.4699905089449047 1.5225235103183958 0.1606593780608678
301 0.14964531648056148 1.519374395934793 0.0
302 0.0 1.5053558603103994 0.14826461123390253
303 0.1504463459088383 1.5126897124670577 0.1504463459088383
304 0.15472893069694515 1.5106225228151502 0.30660352720090717
305 0.0 1.5115139462734835 0.45851274282830784
306 0.1598161664760424 1.514532632490006 0.46752379055794446
307 0.557812231855408 1.5428473028567018 0.7347737259851731
308 0.3847364027255964 1.5373975066628605 0.8991515001564331
309 0.6042992330027448 1.5656004901751837 0.9613012571724388
310 0.1753537161636275 1.5232550477539042 0.6610388410015777
311 0.0 1.514995136564225 0.8097817714048685
312 0.184690754770374 1.5226421265245502 0.8491272761946439
313 0.19474460448229114 1.4930303981674422 1.0440331036746953
314 0.0 1.4192521395068243 1.1647501297314495
315 0.20042205583020384 1.4186105646381855 1.2181885088079816
316 0.4911223001843094 1.5058336988042609 0.33177406125456915
317 0.3331057540632267 1.511877896172039 0.4930935936388179
318 0.5212609255530193 1.513017317909665 0.5212609255530193
319 1.213658873027221 0.19967681902261777 1.413335692049839
320 1.0523649055380764 0.19629874433934927 1.5049453780754092
321 1.2042211284288646 0.0 1.467347690578103
322 0.9622628575968086 0.60490372030011 1.5671665778969186
323 0.7524163184163238 0.5712058161817127 1.5798924845026638
324 0.9032753441026095 0.38650094728230083 1.5444485847065665
325 0.8780463567831959 0.19098084457304879 1.574499382319963
326 0.7026435508272529 0.18639019393971043 1.6191262436979639
327 0.8801856332270335 0.0 1.6467114977152986
328 0.6150110055658516 0.9783412265602751 1.5933522321261266
329 0.38973802355740467 0.9108405808939829 1.5573838644434608
330 0.5747659813735096 0.7571059177002948 1.5897395099893907
331 0.19977685104781673 1.2142668792823479 1.4140437303301647
332 0.0 1.1565476523910898 1.4092573919490405
333 0.19430381646299985 1.0416700226277689 1.4896510495395336
334 0.18621988426155084 0.8561575445012856 1.5352486968050807
335 0.0 0.8147783777942991 1.5243431296243557
336 0.17997839242256183 0.6784726924254096 1.5634284846776811
337 0.5076858292856891 0.17354497171966557 1.6446366388934142
338 0.33377424082585544 0.16844076077222786 1.6444914718697123
339 0.5180832937568458 0.0 1.7078917349479337
340 0.16749880716134244 0.48999847114806233 1.5873388465179625
341 0.0 0.4799088842777085 1.5820475720081106
342 0.1646667824595611 0.3262959039884497 1.6076460247122153
343 0.16221909843616455 0.16221909843616455 1.6310609598903612
344 0.0 0.15872587472737396 1.611570851029287
345 0.16367552244521086 0.0 1.6618254676671242
346 0.54477599376888 0.54477599376888 1.5812723965052418
347 0.3489297519360833 0.5165177221075768 1.5836987888501768
348 0.5209411709465297 0.3519179802969222 1.5972615578878115
349 1.327905290854939 1.327905290854939 0.4108553268238313
350 1.1266745267547824 1.565633114836138 0.8974358805303068
351 1.2444734373110784 1.4605773520531853 0.65214828975618
352 1.4926658467289247 1.2718141866463464 0.6664758136591192
353 1.616372746336639 1.1631882219282024 0.9265203227549471
354 0.6767321832571562 1.5156364216495162 1.2913860842170264
355 0.9130656462192308 1.5929002202311766 1.1462967184265158
356 0.42430085813361124 1.3713619311829057 1.3713619311829057
357 0.6800800135270657 1.297774640177337 1.5231343560113095
358 0.9267236394213015 1.163443473265725 1.6167274449981794
359 1.6255892039189639 0.9318032844190721 1.1698206493382526
360 1.510754932183458 0.6745525965325796 1.2872268495373407
361 1.1520269442067486 0.9176299725589173 1.6008629734700033
362 1.2698336347804482 0.6654379341243742 1.4903413702771429
363 1.3465402087387066 0.41662099048237533 1.3465402087387066
364 1.2739808904393815 1.528777068527258 1.2739808904393815
365 1.2849197502009102 1.2849197502009102 1.5419037002410925
366 1.5403187478348452 1.2835989565290378 1.2835989565290378
367 -0.14773212103840555 1.499949396625787 0.0
368 -0.148865038257529 1.4967901716578018 0.148865038257529
369 -0.44901411401675134 1.4802011634910888 0.0
370 -0.4538565645227934 1.4702579661652173 0.15514422524992272
371 -0.3014451380477189 1.4852073591104433 0.15212572503562038
372 -0.15321077828159899 1.4958007618079605 0.3035952282145632
373 -0.15822616180749938 1.4994646077124194 0.46287241500543735
374 -0.7638184444670243 1.429003800095464 0.0
375 -0.7961566505104507 1.4276560056021699 0.17316929607678938
376 -0.6291155634255926 1.4496931166050624 0.16688543108284412
377 -1.0999283670899964 1.3402665931933868 0.0
378 -1.1589979600152067 1.3496817106578383 0.19068375064263138
379 -0.9768554000325623 1.3969622244057418 0.1822138760218916
380 -0.8502744093260721 1.4538259199364214 0.3638224676451415
381 -0.9306971064935693 1.515757766110548 0.5850606596169787
382 -0.7136381362357022 1.498467670752226 0.5417668969818382
383 -0.17346299435238235 1.5068308076186676 0.6539113014084298
384 -0.18259185310423448 1.5053381954194442 0.8394774447399763
385 -0.549695988150448 1.5203986651352341 0.7240826685154204
386 -0.5960789050544806 1.544303508874622 0.9482246038201413
387 -0.3782097615834349 1.5113172040251115 0.8838983576609911
388 -0.19228786539540532 1.4741955444530732 1.0308624336034042
389 -0.19747945767202474 1.39778251346694 1.200303055794915
390 -0.47777858861973427 1.464920446578653 0.32275981495313416
391 -0.5109767700065979 1.483166422361904 0.5109767700065979
392 -0.32716503921616064 1.4849145809029922 0.4842996043516581
393 -1.4341042762659992 1.176938963368191 0.0
394 -1.560932542552147 1.0915151151830638 0.20360147455535157
395 -1.4217824583599206 1.2209122756960165 0.20087018266390408
396 -1.6698283764837598 0.8925418623572006 0.0
397 -1.7160909747870992 0.7447228162475159 0.1975525570373141
398 -1.6614768452285205 0.9265508181292372 0.20153088321493232
399 -1.665892066691425 0.9743019254113902 0.41689239008797163
400 -1.7107680069142983 0.8147451665561222 0.6185235041450671
401 -1.687030672948846 1.03586113888654 0.6511695340623059
402 -1.7443188897157558 0.5291333503489161 0.0
403 -1.7228907390867567 0.3496865494904427 0.1764709831479085
404 -1.7339476562373488 0.5352554071683222 0.18296922849022887
405 -1.716033690421927 0.16901456637782913 0.0
406 -1.6660233443283867 0.0 0.1640889772086989
407 -1.6974948288580114 0.1688263575114372 0.1688263575114372
408 -1.671972755249794 0.17125559341728575 0.3393519799956902
409 -1.6049163872097965 0.0 0.4868460635271691
410 -1.639890480811098 0.17304414871068355 0.5062207292478089
411 -1.6701245032171057 0.6038289563011058 0.7953888902782409
412 -1.5675595658063286 0.3922845105398492 0.9167918700732055
413 -1.6206197167367213 0.6255358617724645 0.9950838549642568
414 -1.5938677064592264 0.18348248759322502 0.6916822385990018
415 -1.507697147752339 0.0 0.8058809151148714
416 -1.5320522003989907 0.18583216128740127 0.8543749639202108
417 -1.4422562454024146 0.1881218375846544 1.00852820279472
418 -1.3201628269115964 0.0 1.0834296324867547
419 -1.3258559170682518 0.18731762983961245 1.1385382872286391
420 -1.7164493221851782 0.5598138359705822 0.378178123528004
421 -1.6694028531373453 0.3678125711326224 0.5444697975733348
422 -1.6974120319594346 0.5847881292240653 0.5847881292240653
423 -0.19604547367458883 1.1915871346840625 1.3876326083586512
424 -0.19036736832610887 1.020566577031737 1.459471847682764
425 -0.5864543252735561 0.9329141083935863 1.5193684336671422
426 -0.547240104873495 0.7208476758011352 1.513605962011148
427 -0.37537702501554127 0.877278086440162 1.4999976561329444
428 -0.1825580381784626 0.8393219785075107 1.5050594157341828
429 -0.17684912340214642 0.666676145356471 1.536245286423247
430 -0.9055131283992931 0.5692293491585975 1.4747424775578906
431 -0.8402322305814731 0.35952553689981964 1.4366554869663122
432 -0.7095022344924783 0.5386270778776248 1.4897832763274557
433 -1.1081248524550795 0.18231386968418362 1.2904387221392633
434 -1.0528502630968946 0.0 1.2829017574997947
435 -0.9543785259585252 0.17802124081124554 1.3648189368699326
436 -0.7964940061936691 0.17324267315170672 1.4282609466861411
437 -0.7639893533296721 0.0 1.4293235480878868
438 -0.6429711760246435 0.1705609082382952 1.4816210919706982
439 -0.1650264538114915 0.4827658861398728 1.5639090527119863
440 -0.16187479257661794 0.3207634289550879 1.5803877558051114
441 -0.4724246797389196 0.16149146372731732 1.530408950963438
442 -0.46521728712043925 0.0 1.5336158667968998
443 -0.317389411658702 0.16017207867378438 1.5637641162572578
444 -0.15811775641549794 0.15811775641549794 1.589823282467936
445 -0.15723353340531168 0.0 1.5964188553099192
446 -0.5193476805395507 0.5193476805395507 1.5074639132770216
447 -0.4943993947046162 0.33398787837855076 1.5158816224293798
448 -0.33810975109157976 0.5005009675648782 1.5345896998782023
449 -1.3482401374296573 1.3482401374296573 0.41714695024976817
450 -1.674567053406019 1.205066515607548 0.9598778563378557
451 -1.5514653878998848 1.3219138729179944 0.6927298290039315
452 -1.270237194218749 1.4908150081693772 0.6656494136060669
453 -1.1434992467007548 1.5890128381455224 0.9108373616154257
454 -1.4741813787032012 0.6582224923317122 1.2560646411474365
455 -1.6378025493855355 0.9388040908910026 1.1786097232874724
456 -1.272578256083824 0.39373708269179314 1.272578256083824
457 -1.2103261922697042 0.6342539203096661 1.420500407662789
458 -1.1018727662194427 0.8776804060998649 1.5311684520801518
459 -0.9095748077018421 1.586810233748644 1.1419141893568823
460 -0.6629044294322946 1.4846672319980172 1.264999029918148
461 -0.8895614758459167 1.1167887049777232 1.551895722560027
462 -0.6560812562689794 1.2519785897923381 1.4693857809108706
463 -0.41283012815811354 1.334287949102194 1.334287949102194
464 -1.559061278927357 1.2992177324394643 1.2992177324394643
465 -1.262243644341189 1.262243644341189 1.514692373209427
466 -1.2836607306809311 1.5403928768171173 1.2836607306809311
467 -1.6625132996944554 -0.1637432679868567 0.0
468 -1.6310669034829925 -0.16221968956320507 0.16221968956320507
469 -1.5906751466807707 -0.48252603044223463 0.0
470 -1.546573586643694 -0.47741457007478955 0.1631971847210295
471 -1.5913263827376698 -0.32298358756493517 0.16299520619617225
472 -1.5956245347726854 -0.16343545414581323 0.32385596206914
473 -1.5600334573393821 -0.1646174941218983 0.48156952166386296
474 -1.4723432210421559 -0.7869838475886902 0.0
475 -1.4147991326575353 -0.7889867966664771 0.1716098058152456
476 -1.483655286836847 -0.6438539446842144 0.17079508020424808
477 -1.291612493405112 -1.059998979306898 0.0
478 -1.2286836436359252 -1.0550945643206555 0.17358907931526982
479 -1.328270603631404 -0.9288213304506555 0.17325402996961742
480 -1.3496902945323792 -0.7893703793689675 0.3377623460826331
481 -1.2853572174240455 -0.7892278501312572 0.4961293672927883
482 -1.3622063039327108 -0.6487443051868192 0.49250197167100096
483 -1.5121515319072139 -0.17407550423905854 0.656220307652772
484 -1.454726055128648 -0.17645279112242318 0.8112527239872421
485 -1.37800520197638 -0.4982140201428605 0.6562684556069629
486 -1.311762907855592 -0.5063215833624868 0.805441324493105
487 -1.3876314708456394 -0.34725719151244455 0.8115603890781797
488 -1.3704355601575964 -0.1787538495257263 0.9583060686598586
489 -1.2618981145092403 -0.17828163744339856 1.0836164770658419
490 -1.489995115349898 -0.4859566025751082 0.3282844121908338
491 -1.4332206975917774 -0.49376959437620827 0.49376959437620827
492 -1.500794308210415 -0.33066375333351783 0.48947872088206507
493 -1.0557937555267098 -1.2864884134030663 0.0
494 -0.9262350526662468 -1.3245720701877457 0.17277160882565823
495 -1.052913663042396 -1.2261439303063364 0.17323026726394028
496 -0.7812286667478531 -1.4615760350028983 0.0
497 -0.6471991642285132 -1.4913637938724962 0.17168246630335715
498 -0.7889315235780455 -1.4147000177954074 0.1715977835557951
499 -0.7923581169801823 -1.3547988222423875 0.3390407640362558
500 -0.6608049061721526 -1.3875306521544761 0.501657920659414
501 -0.7950832806184541 -1.2948935253946672 0.4998102447762131
502 -0.480351816618203 -1.583507724251172 0.0
503 -0.32798509159964684 -1.6159685801440795 0.16551923903503876
504 -0.4826653441873178 -1.5635833493549505 0.16499208501625182
505 -0.16371708208823263 -1.6622474298039727 0.0
506 0.0 -1.698074450618882 0.16724573564639938
507 -0.16517551073383846 -1.660786736488566 0.16517551073383846
508 -0.16976209718211702 -1.6573917131626852 0.3363925385292402
509 0.0 -1.7030081500603318 0.5166018744770768
510 -0.17391751202976338 -1.648167098101655 0.5087756530610495
511 -0.5170826306247707 -1.4301937039994317 0.6811229826972721
512 -0.3648390847392603 -1.4578882976440068 0.8526503029997299
513 -0.525883429032527 -1.3624431561451131 0.836559727112586
514 -0.18558949524084553 -1.6121707690068097 0.6996251206994579
515 0.0 -1.6238221264385946 0.8679510093847231
516 -0.1879153103222243 -1.5492262624152195 0.8639523716688878
517 -0.18928975792814223 -1.4512102319844875 1.0147894674099731
518 0.0 -1.413883968137952 1.1603445853434822
519 -0.18836846035066138 -1.33329381734546 1.1449253569947986
520 -0.49776748577868424 -1.5262085512576375 0.33626316755580754
521 -0.346304639561079 -1.5717841061215698 0.5126317907512218
522 -0.5103138041596008 -1.4812420908831443 0.5103138041596008
523 -1.0620823127660202 -0.1747387362845469 1.2368210490505671
524 -0.922571617492022 -0.17208826436891653 1.3193331366160208
525 -0.7885961176511622 -0.49573224365403723 1.2843283613051995
526 -0.6504083422806052 -0.49376524526441967 1.365700379797439
527 -0.7854829753220995 -0.3360989713914129 1.3430434888628051
528 -0.778130275300495 -0.16924844117477644 1.3953313835428913
529 -0.6340528391511288 -0.16819514178741551 1.4610702546862084
530 -0.5155749137238311 -0.8201612473783155 1.3357361611021465
531 -0.3570152499869006 -0.8343655430843089 1.4266244402195276
532 -0.5060537149061674 -0.6665952311827888 1.3996889357312954
533 -0.1868615192542464 -1.135765994171685 1.3226275134259313
534 0.0 -1.1541428084190977 1.4063270810906792
535 -0.18639614087775108 -0.9992766782469718 1.429026006504277
536 -0.18458034937131956 -0.8486196804793475 1.521731913602387
537 0.0 -0.8629078633670066 1.6143870638580076
538 -0.18231863333170592 -0.68729480450886 1.5837575877945351
539 -0.4697943719469053 -0.16059233149819563 1.521888128996829
540 -0.3176650144802924 -0.16031116295070397 1.5651219996235928
541 -0.17062219572869428 -0.49913558471168035 1.616938317044054
542 0.0 -0.5130836136170956 1.6914099983411743
543 -0.16557372886775645 -0.32809306607366784 1.6165005657798428
544 -0.15971681770091298 -0.15971681770091298 1.6059013303689293
545 0.0 -0.16258328405064076 1.6507357851431657
546 -0.49964884985685337 -0.49964884985685337 1.4502858849529707
547 -0.33841333473690627 -0.5009503598339039 1.5359675848213767
548 -0.4866967871783333 -0.3287844384608646 1.4922646008089255
549 -1.105267777427858 -1.105267777427858 0.3419710404426568
550 -0.8538127219095252 -1.1864628511130553 0.6800918576741934
551 -0.9777144793130761 -1.1474954647040734 0.5123571194348389
552 -1.1468399200880004 -0.9771559276824291 0.5120644185384228
553 -1.1753845864803523 -0.8458404847078222 0.6737416903960582
554 -0.5437214449444765 -1.2177402605908003 1.037566004785167
555 -0.6986318125715396 -1.218806963895465 0.8770884738191538
556 -0.3666589541483419 -1.1850603688575083 1.1850603688575083
557 -0.539050296074953 -1.028652202846008 1.2072785690490717
558 -0.6903673462314864 -0.866712954069422 1.2043890846250376
559 -1.1861268588244411 -0.6798992636797727 0.8535709322148769
560 -1.170352871552314 -0.5225629594496705 0.9971899529184013
561 -0.8488225825892017 -0.6761170362252675 1.1795285260866009
562 -0.9845593944119335 -0.5159440981050234 1.155529005373065
563 -1.1282047849074006 -0.3490677752544451 1.1282047849074006
564 -0.8823389283442808 -1.058806714013137 0.8823389283442808
565 -0.8798347139878169 -0.8798347139878169 1.0558016567853803
566 -1.047683981863091 -0.873069984885909 0.873069984885909
567 0.16883528370523188 -1.7142134028995013 0.0
568 0.17184420555979069 -1.727838322207456 0.17184420555979069
569 0.5232504764040591 -1.724925653320688 0.0
570 0.5381251001901229 -1.743243961183797 0.1839501910572031
571 0.3542712971640333 -1.745479595648123 0.1787846979036593
572 0.1780138496614134 -1.7379537844687656 0.3527438207642118
573 0.18335755400481485 -1.737627707366326 0.536391408741585
574 0.8859815009346066 -1.6575548035283072 0.0
575 0.9226113377516334 -1.6544126288881407 0.20067402038089008
576 0.7428975520608887 -1.7118849543336694 0.19706836936443775
577 1.2223679165631425 -1.4894596158978188 0.0
578 1.251036109118975 -1.4568624053732329 0.2058262962542578
579 1.0962439126615926 -1.5676950085672297 0.20448354217503875
580 0.9523233678604813 -1.6283124379270457 0.40748802256173944
581 0.9764230742777411 -1.5902282789102544 0.6138052046325134
582 0.7952516955263623 -1.669836427384484 0.6037248032699919
583 0.19694524936193838 -1.710815440841799 0.742433421014585
584 0.2000658341859224 -1.6493985721619129 0.9198151637482612
585 0.609208143442122 -1.6850027434171695 0.8024745817576643
586 0.6265056807122088 -1.6231322948181137 0.9966266141059048
587 0.4127023124382292 -1.649148616147619 0.9645094686075951
588 0.20238768709693974 -1.5516269108138974 1.0850079552503102
589 0.20243059790219214 -1.4328272584598318 1.2303966605576395
590 0.5684152477180817 -1.7428221740426788 0.3839887440331608
591 0.5938305672172387 -1.7236587053798154 0.5938305672172387
592 0.3848329143091688 -1.7466536370700627 0.5696648657446767
593 1.4833309058289188 -1.2173382141944582 0.0
594 1.5389141413281047 -1.0761182821406106 0.2007294869233706
595 1.4459965511479738 -1.2417053885635636 0.20429116258441013
596 1.630065658489321 -0.8712882467935021 0.0
597 1.6411918850001943 -0.7122192590935023 0.18893034124306923
598 1.6037190559675567 -0.8943412047080394 0.19452508092780926
599 1.5673691446487539 -0.9166805016933606 0.3922368573136337
600 1.5836668827128655 -0.7542138577004297 0.5725704395541263
601 1.5315095914117254 -0.9403689541710621 0.5911406372406632
602 1.6794805539603743 -0.5094648562269017 0.0
603 1.6712614370995025 -0.3392076072946696 0.17118273504590728
604 1.6628746435984694 -0.5133157516188265 0.17546947828598625
605 1.68301880898556 -0.16576288437349096 0.0
606 1.6752049885853328 -0.16660949506286074 0.16660949506286074
607 1.6681748706546538 -0.1708665864923649 0.33858114228131403
608 1.6617999591141082 -0.1753560756753211 0.5129840053407974
609 1.6009714377619764 -0.5788268542073047 0.7624550701434292
610 1.60091183066919 -0.40063097288968214 0.936298041284678
611 1.5710575281520625 -0.6064055710401873 0.9646519571118749
612 1.6469851922560066 -0.1895972538245718 0.7147333496390055
613 1.6156759479535976 -0.1959754068889399 0.9010091688652078
614 1.55552091476124 -0.20289560459112374 1.087730919921261
615 1.4657886988067745 -0.20708740774284337 1.258701291063931
616 1.6403472414169116 -0.5349934132470092 0.36141086933090355
617 1.6454850407293944 -0.3625428592346804 0.5366690882025077
618 1.6197676228094608 -0.5580382724323079 0.5580382724323079
619 0.20284458482522755 -1.2329129211076548 1.4357575059328824
620 0.20370815058454667 -1.0920870093628503 1.561750385771822
621 0.658835258309848 -1.048055545157226 1.706890803467074
622 0.649760349430823 -0.8558916525739955 1.797165686539533
623 0.4269254712189716 -0.997749823468918 1.7059840200539635
624 0.20265742404359732 -0.9317301599244218 1.6707643622193296
625 0.20044235730338597 -0.7556166271139344 1.741193966263978
626 1.0608244296673364 -0.6668621146758292 1.7276865443431655
627 1.016648079093743 -0.43501181360467517 1.7382968517323052
628 0.8615707440758436 -0.6540716994335868 1.8090904066219702
629 1.2765624033196432 -0.21002600124608264 1.4865884045657258
630 1.1251361782196652 -0.20987284717782087 1.6090126934167794
631 0.9508573110214238 -0.20681770492462573 1.7050628788695235
632 0.7649121459252505 -0.20290817877427486 1.7626139571519186
633 0.18597785506653525 -0.544056797743155 1.7624595598154877
634 0.1784937491403215 -0.35369476686247764 1.7426390554020066
635 0.547933522849373 -0.18730305681555817 1.7750181221798835
636 0.35517480191020945 -0.17924065587821916 1.7499311250597522
637 0.16924905090515063 -0.16924905090515063 1.7017448752405637
638 0.6342670478033915 -0.6342670478033915 1.8410300493708476
639 0.5965214378279965 -0.4029756742451669 1.8289987703744386
640 0.4010862567120612 -0.5937245492425581 1.8204232097000943
641 1.3380525023755208 -1.3380525023755208 0.41399488499439563
642 1.4589529855018448 -1.0499044437175227 0.8362858097397892
643 1.4063927185100409 -1.1983058467619796 0.6279548322535332
644 1.2134399443872845 -1.4241548655937448 0.6358856370320353
645 1.0747257585696524 -1.4934448210439173 0.85605685987119
646 1.4777322738985734 -0.659807968257044 1.2590901534512555
647 1.4927662856992732 -0.8556679169197913 1.0742374650601008
648 1.4030066763198181 -0.43409177635272034 1.4030066763198181
649 1.3039234545259704 -0.6833022106758885 1.5303509174181953
650 1.1550529870537751 -0.9200403220986072 1.6050679792420464
651 0.8748207096620698 -1.5261795324943368 1.0982825964918728
652 0.6629426772344857 -1.4847528933031586 1.2650720169589944
653 0.916667775858729 -1.1508189665279545 1.5991843610482328
654 0.6754527328563101 -1.2889445504995871 1.512770913439336
655 0.4256155511735026 -1.375611085884192 1.375611085884192
656 1.3568130148860922 -1.130677512405077 1.130677512405077
657 1.17373921952785 -1.17373921952785 1.4084870634334201
658 1.1404100483538513 -1.3684920580246214 1.1404100483538513
659 0.0 -1.681094504739113 -0.16557335694777223
660 0.16855646204645586 -1.6947811165983186 -0.16855646204645586
661 0.0 -1.6290088746211657 -0.4941544396832596
662 0.17182189651302307 -1.6283075422429465 -0.5026451711984067
663 0.17056385304793142 -1.6652192762644464 -0.3379812600133574
664 0.3446156807653041 -1.6979067848042804 -0.1739119450875565
665 0.5216461523711645 -1.6898607864128883 -0.17831710388351782
666 0.0 -1.544594706658191 -0.8256030712394494
667 0.18751051754521247 -1.5458890377904277 -0.8620913116034034
668 0.18246817622215866 -1.5850566304822036 -0.6878585431118827
669 0.0 -1.4173253148696896 -1.1631688256181067
670 0.2008915776423874 -1.421933894499925 -1.2210423168575373
671 0.19516186525316973 -1.4962293726219114 -1.0462700542634942
672 0.3906067529115645 -1.56085528626263 -0.9128708522602719
673 0.6145936864106916 -1.5922710540636769 -0.9776773676529851
674 0.5773343828967343 -1.596843426211485 -0.7604891241795945
675 0.722030992951107 -1.6638014083727832 -0.19153309903462745
676 0.9054966703754738 -1.6237228674601702 -0.19695146791559598
677 0.7654878806499124 -1.6073396070970043 -0.5811292484513935
678 0.9791500140393499 -1.59466944466927 -0.6155194306299202
679 0.9331405579025469 -1.5955130663028145 -0.39927992270748747
680 1.0896685227273157 -1.5582918038056892 -0.20325702770192433
681 1.257621856024405 -1.4645316700794138 -0.20690981405500875
682 0.3561304730956728 -1.6163809356605718 -0.5271768879432386
683 0.5542882764846095 -1.608882846044467 -0.5542882764846095
684 0.5361486654394133 -1.643889368665637 -0.3621912914609989
685 0.0 -1.1745761435958282 -1.4312251720430462
686 0.19891433210910867 -1.066387169335602 -1.5249980622548103
687 0.20303521596579518 -1.2340715992975302 -1.4371068152633255
688 0.0 -0.8301147506264742 -1.5530354651074971
689 0.1821448836867664 -0.6866398126077585 -1.5822482669230427
690 0.1904551737805429 -0.8756295524944779 -1.5701656056003424
691 0.40103465347773837 -0.937241466455167 -1.6025249286894687
692 0.5905633889491022 -0.7779149271883359 -1.6334334024468238
693 0.6336539082313011 -1.007997801963472 -1.6416517101947732
694 0.0 -0.47472734015168705 -1.5649663101844984
695 0.16010310551001256 -0.3172527377012243 -1.5630907294885763
696 0.16619426632537737 -0.48618218716367934 -1.5749760817861413
697 0.0 -0.1517899900672342 -1.5411496322860856
698 0.1530963635110305 0.0 -1.5544134644507968
699 0.15453727728154143 -0.15453727728154143 -1.5538227141661918
700 0.31857861382394487 -0.16077221521197219 -1.5696232646871426
701 0.48630611185722794 0.0 -1.603136405099822
702 0.48890168587491717 -0.16712388716509527 -1.5837858356967796
703 0.7689864886258441 -0.5837852583962577 -1.6146858385809648
704 0.9198829929316651 -0.3936071658306869 -1.5728448648627806
705 0.9857253044518914 -0.6196528309801461 -1.6053781354320373
706 0.6892519475491848 -0.18283780449669332 -1.5882675013282603
707 0.8560909673209159 0.0 -1.6016335483789244
708 0.8774016605630754 -0.19084061891450527 -1.5733433228562206
709 1.069170972336766 -0.19943359784168949 -1.528979068689011
710 1.2158268444683547 0.0 -1.4814892964891948
711 1.2452016050217987 -0.20486637642456734 -1.450067981446366
712 0.3498069784542859 -0.5178162730062614 -1.5876802853167755
713 0.5161705575967082 -0.3486952275016376 -1.58263434518859
714 0.5525173805920727 -0.5525173805920727 -1.603742625432725
715 1.4675266910374782 -1.2601937388269864 -0.20733295221049183
716 1.5640194991876657 -1.0936737349412722 -0.20400412419314592
717 1.6335472401044269 -1.0030215405638 -0.6305256995406268
718 1.6616970934324629 -0.7913753762536186 -0.6007820492922089
719 1.6263116443728884 -0.951153197804964 -0.40698732049133346
720 1.6291049542938567 -0.9084980826270594 -0.19760429477637784
721 1.666251535530443 -0.7230942615212615 -0.19181515219624512
722 1.632046932848461 -0.6299466025553242 -1.0021003302931366
723 1.6246661012744064 -0.4065755204659684 -0.9501907970340768
724 1.66077097353732 -0.6004472131715384 -0.7909343160367046
725 1.4650960494636402 -0.2069895498748838 -1.2581064995887563
726 1.4921421125493364 0.0 -1.2245693846715118
727 1.5649166367392215 -0.20412114304142817 -1.0943010773607724
728 1.6305401016914336 -0.19777837275008414 -0.9092984169797047
729 1.6354628126477595 0.0 -0.8741730857936306
730 1.6664108181068813 -0.19183348845040016 -0.7231633845285188
731 1.6862572903393245 -0.5205337827150526 -0.17793685659400144
732 1.6918784724554763 -0.3433921442422502 -0.17329448155212648
733 1.6849111065352456 -0.1777948048941405 -0.520118226825817
734 1.6762143430356664 0.0 -0.5084740619749295
735 1.6904357843211069 -0.17314671095491327 -0.343099329019408
736 1.6890294454809343 -0.1679844227872818 -0.1679844227872818
737 1.6802538532404538 0.0 -0.165490560001935
738 1.6735927723662045 -0.576581977744776 -0.576581977744776
739 1.6817162177148195 -0.37052552341734063 -0.5484857575954137
740 1.6823139896052477 -0.5486807187694437 -0.37065722800593415
741 0.4301901475062631 -1.390396413655792 -1.390396413655792
742 0.945919959816546 -1.1875432509389388 -1.650216628510699
743 0.6948401533400472 -1.3259409364274133 -1.5561917545548822
744 0.6846613152348993 -1.5333948222618399 -1.3065169896908784
745 0.9247468032647815 -1.6132787304811889 -1.1609616793131556
746 1.2928991309019318 -0.677525073469433 -1.5174122102315102
747 1.1709181451505712 -0.9326774784274726 -1.6271142901318467
748 1.3806039374114307 -0.4271603448121256 -1.3806039374114307
749 1.523762115261038 -0.6803603082478579 -1.2983095175052752
750 1.6205502073360143 -0.9289148833674108 -1.166194442766218
751 1.1511282982991553 -1.5996142101776507 -0.9169141694922687
752 1.2871484088434648 -1.510662870193608 -0.6745114908224659
753 1.6191782316619678 -1.1652071296922752 -0.9281284537847477
754 1.523225041446168 -1.2978519079883664 -0.6801205046049026
755 1.3863990443032446 -1.3863990443032446 -0.4289533571243835
756 1.2916855559769 -1.2916855559769 -1.55002266717228
757 1.5351315744706602 -1.2792763120588835 -1.2792763120588835
758 1.280306644207168 -1.5363679730486017 -1.280306644207168
759 1.6682126356776317 0.16591406232764833 -0.16591406232764833
760 1.6554122153105106 0.1746820296328508 -0.5110121612668529
761 1.6621983920965675 0.17025443215025793 -0.3373681262045148
762 1.6548511997150595 0.33587690317217445 -0.16950187934262673
763 1.6403029424718976 0.5063480527765201 -0.1730876723958345
764 1.6131548863725844 0.19566961161498234 -0.8996032560009087
765 1.6407492402353612 0.18887938496718598 -0.7120271669138294
766 1.4689157014491994 0.207529192340959 -1.2613865091082404
767 1.5576781705810692 0.20317698796544442 -1.0892394267083705
768 1.5772059864855437 0.39469854410970645 -0.9224336078718335
769 1.534790364224695 0.5924069682791211 -0.9423833959455736
770 1.5673060647127346 0.5666552304555104 -0.7464220955604806
771 1.614773451468186 0.7007545928783292 -0.18588911022802002
772 1.5742685323309535 0.8779176193609465 -0.1909528433389005
773 1.5548852318893929 0.7405067327137832 -0.5621645122451842
774 1.5058718065202745 0.9246269848743416 -0.5812448216459328
775 1.5422834252391502 0.9020090441543085 -0.3859591123559329
776 1.5048810736701383 1.0523199393217844 -0.19629035674323184
777 1.4052295696773223 1.206697987939135 -0.19853158173818702
778 1.6249112698776766 0.3580099260719975 -0.5299590260806519
779 1.5911886855430388 0.5481923287577185 -0.5481923287577185
780 1.6166602187690333 0.5272679751348316 -0.3561920063786692
781 1.0979582349182762 0.2048033165276507 -1.5701465929398655
782 1.2660057630519885 0.2082891735467526 -1.4742949365987412
783 0.7158141434354462 0.18988395590145027 -1.6494757034088992
784 0.9083524157015164 0.19757261126416728 -1.628843746576838
785 0.9629986822095041 0.4120558646216074 -1.6465654260610527
786 0.8090651179647219 0.6142114275563622 -1.6988412771750347
787 1.0095394472659815 0.6346230269824915 -1.644162474248473
788 0.3257637689053737 0.16439823795473307 -1.6050242178171235
789 0.5048927703131325 0.17259020538103115 -1.635588588197732
790 0.0 0.15181846450415135 -1.5414387380957963
791 0.15608376598573503 0.15608376598573503 -1.56937216163963
792 0.16377171514485322 0.3245222809527604 -1.598907459539283
793 0.0 0.48172620432170987 -1.5880384733174313
794 0.1722815239451461 0.5039897583202783 -1.6326633014886311
795 0.6206813851886347 0.8175876181985701 -1.716736468625652
796 0.42196266912949537 0.9861514644051029 -1.6861527810436436
797 0.6503135478684311 1.0344994614933627 -1.6848130093617937
798 0.1911009368183746 0.7204018514831846 -1.6600473203970176
799 0.0 0.8599533256007692 -1.6088595124797151
800 0.20072490336081042 0.9228452754286881 -1.6548321223752196
801 0.2099151501890557 1.1253629662440714 -1.6093370139897452
802 0.0 1.2345524081803994 -1.5043064618909434
803 0.2146746596181693 1.3048174882542454 -1.5194921478724148
804 0.5467599268781514 0.36935965115723535 -1.6764246354520922
805 0.37031476144401226 0.5481737684521365 -1.6807596255066637
806 0.5889185639218683 0.5889185639218683 -1.7094010741490837
807 1.1975689437109878 1.3945985725094279 -0.19702962879844005
808 1.0354482118918242 1.4807534843878982 -0.1931432554935531
809 0.935219467422304 1.5231230019655406 -0.5879035345432368
810 0.7499950093283905 1.5748083204075312 -0.5693676505280061
811 0.8977346396058186 1.534974913943586 -0.3841301446797472
812 0.857619713684017 1.5378706363613157 -0.18653791565393632
813 0.6791848013184831 1.5650694222423804 -0.18016729348702035
814 0.6179418852150331 1.6009454680013446 -0.9830035827863114
815 0.40634885314896946 1.6237603440714814 -0.949661062242484
816 0.5822768546931704 1.6105137597845094 -0.7669995558446808
817 0.21379757073503466 1.5132840109955252 -1.2994864402604904
818 0.0 1.5090824596492016 -1.238471968245647
819 0.2076860100764391 1.5922470722234066 -1.1134124627808935
820 0.19697249004141149 1.623896179732328 -0.9055933209114235
821 0.0 1.606060415546996 -0.8584571771196252
822 0.18611039845664207 1.6166957284442982 -0.7015887931301169
823 0.48356126766363 1.5664856729767482 -0.16529834334648402
824 0.31499577114496696 1.5519707513714012 -0.1589641165849451
825 0.16723852453109633 1.5848722216084157 -0.4892370442874869
826 0.0 1.5653002695874372 -0.47482864562902805
827 0.1592300156817977 1.5545667310805122 -0.3155226642127813
828 0.1523731224885604 1.5320628324505379 -0.1523731224885604
829 0.0 1.5163386550513756 -0.14934632210072496
830 0.5512939123518854 1.6001913739489277 -0.5512939123518854
831 0.35272181739016095 1.6009099593896368 -0.522131084108252
832 0.5167991620815755 1.5845617140255939 -0.3491198766425726
833 1.3759606694805249 0.42572371271462517 -1.3759606694805249
834 1.1210525109298133 0.8929577472252352 -1.5578207307458922
835 1.2609345716283562 0.6607745089028535 -1.479896976925911
836 1.4396663362956847 0.6428115140324235 -1.2266563709155045
837 1.4563083559987235 0.8347698828062569 -1.0480012924200472
838 0.6898359906981775 1.3163916551034989 -1.5449842320703284
839 0.9108407850355107 1.143503544590206 -1.589018810516326
840 0.44514051082003236 1.4387167474775082 -1.4387167474775082
841 0.6764777636590704 1.5150666133578752 -1.2909005835468224
842 0.8712900716035157 1.5200201132189377 -1.0938501015916093
843 1.432683664771828 1.0310002865294836 -0.8212279837671038
844 1.382877170991999 1.1782696095788605 -0.6174551322034034
845 1.0525561854545193 1.4626378603941468 -0.8383980152828887
846 1.183549325958009 1.3890737147971528 -0.6202218911424283
847 1.3038146766162815 1.3038146766162815 -0.403401664838617
848 1.1605509351127272 1.1605509351127272 -1.3926611221352725
849 1.131953615220885 1.358344338265062 -1.131953615220885
850 1.3340205307034572 1.1116837755862143 -1.1116837755862143
851 -0.14984542477672236 1.506647643388779 -0.14984542477672236
852 -0.16305231912113077 1.5452007363043965 -0.4769907824450427
853 -0.1558527861571367 1.521594752526214 -0.3088305059992912
854 -0.3041428004527329 1.4984986269088583 -0.15348711322028943
855 -0.4583937098278606 1.4849559446673861 -0.156695181979922
856 -0.19065813167639264 1.5718388471359883 -0.876562664092291
857 -0.18064748456843055 1.5692407252785932 -0.6809949993733593
858 -0.20498037550789874 1.4508748801846467 -1.2458945046767478
859 -0.20021593779161512 1.5349769618272822 -1.073365126050143
860 -0.38137026254627526 1.5239464906370725 -0.8912846334639871
861 -0.56632382137267 1.4672149225364117 -0.9008911011637416
862 -0.5374958763815528 1.4866544973628983 -0.7080121683185185
863 -0.6327115676009613 1.4579795154853081 -0.16783934279934085
864 -0.793222526590828 1.4223945791827026 -0.17253110486977333
865 -0.6875190075864311 1.443623810983745 -0.5219382491536463
866 -0.8570353767344576 1.3957903372139788 -0.5387549604795212
867 -0.8248985575262098 1.4104374906452872 -0.35296443767368696
868 -0.9624024221967625 1.3762935931363516 -0.17951794670478716
869 -1.133059684830781 1.3194759494484136 -0.18641626461763258
870 -0.3350383223321922 1.5206493064915911 -0.49595435788882747
871 -0.5120067029950888 1.4861559164357596 -0.5120067029950888
872 -0.484247947223117 1.4847561946010235 -0.3271301426225374
873 -0.19791634627230786 1.0610369299624065 -1.5173468967950776
874 -0.20365057037732698 1.23781179480579 -1.441462365183117
875 -0.17989763669464992 0.6781682639025871 -1.5627269793268503
876 -0.18870060067851263 0.8675627931114017 -1.5557004152742768
877 -0.3762895260239951 0.8794106547254427 -1.5036439884406905
878 -0.5338580933084884 0.7032203274977633 -1.4765927893505324
879 -0.5606423775446023 0.8918532292019692 -1.4524956067465713
880 -0.15718194151927165 0.31146429736844866 -1.5345713304507018
881 -0.1637029860126652 0.47889423350527277 -1.5513669225034468
882 -0.15003630032476997 0.0 -1.5233441215238441
883 -0.15154218352919327 0.15154218352919327 -1.5237080079585934
884 -0.30687585733676714 0.15486636339741944 -1.5119642817982482
885 -0.4570666321965532 0.0 -1.5067467583993395
886 -0.463020792252249 0.15827688239810164 -1.4999452724117432
887 -0.6905698839306869 0.524254358293807 -1.4500299142133797
888 -0.8386601792210977 0.3588528745229171 -1.4339675441208999
889 -0.8656009212873486 0.5441394868857259 -1.4097404081730744
890 -0.6423695280021734 0.1704013091194253 -1.4802346932746546
891 -0.7879613969659371 0.0 -1.4741720872930117
892 -0.8116503543160447 0.17653927832829328 -1.455439079791019
893 -0.9928559010970393 0.1851984664916311 -1.4198439073630076
894 -1.149071218376773 0.0 -1.4001473307437697
895 -1.1743012406230586 0.19320151775190528 -1.367502758374964
896 -0.3346344138893873 0.49535645568169256 -1.5188160741342838
897 -0.486748916611537 0.32881965411643227 -1.492424435247696
898 -0.5117923857013192 0.5117923857013192 -1.4855338368569828
899 -1.3895037028356632 1.1931938799372046 -0.19630982289845836
900 -1.5346114512148392 1.0731095350189064 -0.20016826212490285
901 -1.5508191959917557 0.952225329584057 -0.5985938664076986
902 -1.63797636719143 0.7800784926469738 -0.5922058854545807
903 -1.6068863623525484 0.9397922638930419 -0.40212610984539043
904 -1.6466146995542796 0.9182626898455536 -0.19972816092433862
905 -1.7132883967741686 0.7435065964659265 -0.1972299305210715
906 -1.5590662310592622 0.6017771031255686 -0.9572891279336935
907 -1.6180989067354479 0.4049320685987916 -0.9463499537935145
908 -1.6395700248381864 0.5927820680276097 -0.7808374645587657
909 -1.4325690839258318 0.20239412286657835 -1.2301749610592534
910 -1.482414798257862 0.0 -1.2165863841407742
911 -1.5653191670018451 0.2041736473955813 -1.0945825551658632
912 -1.658153090574442 0.20112772429463205 -0.9246972698219939
913 -1.677772895031476 0.0 -0.8967882959907226
914 -1.7082903237529428 0.19665456352706645 -0.741337609465316
915 -1.7429505797890936 0.5380345357620027 -0.18391923293268925
916 -1.741911070717472 0.3535470114380381 -0.178419183661454
917 -1.7303568040838238 0.1825903154095545 -0.5341469405865299
918 -1.7261288164636448 0.0 -0.5236154519533136
919 -1.7332737602605996 0.17753448759019533 -0.351793939567594
920 -1.7278296306884762 0.17184334113448246 -0.17184334113448246
921 -1.7092340661695173 0.0 -0.1683448618429079
922 -1.6926391253308648 0.5831437794222907 -0.5831437794222907
923 -1.7211675445535843 0.37921766979284804 -0.5613526673994397
924 -1.7261495559319908 0.5629775326748352 -0.38031533559056724
925 -0.40737076715292475 1.3166430169565635 -1.3166430169565635
926 -0.7813853630461429 0.9809803722165714 -1.3631757169218575
927 -0.6053206740718646 1.1551138165513126 -1.3557003539938441
928 -0.608574149434681 1.3629869673378268 -1.1613223181016041
929 -0.7844480327218686 1.3685187360368132 -0.9848253621287927
930 -1.1261179189589863 0.5901257936848322 -1.32166929310008
931 -0.9686164599463787 0.7715370721409073 -1.345994756476343
932 -1.286945511493149 0.39818232698550277 -1.286945511493149
933 -1.374487474295377 0.6137091297444555 -1.1711212345397943
934 -1.4212247812385483 0.8146596420936082 -1.0227541450422764
935 -0.9643411553753689 1.340053769746428 -0.7681316417072657
936 -1.1099766736328143 1.302725106225123 -0.5816672077332168
937 -1.4162423977481151 1.0191686788765442 -0.8118036922082198
938 -1.3577238480369411 1.1568379187247795 -0.606224164857671
939 -1.255280916033927 1.255280916033927 -0.38838526705529713
940 -1.0247798206623462 1.0247798206623462 -1.2297357847948156
941 -1.2458845723484795 1.038237143623733 -1.038237143623733
942 -1.0242527220922846 1.2291032665107415 -1.0242527220922846
943 -1.687500567611262 -0.16783236642903637 -0.16783236642903637
944 -1.712449457578552 -0.1807007004822581 -0.5286190897252283
945 -1.7046952654921037 -0.17460727058550177 -0.3459935048688022
946 -1.6593212662649064 -0.33678417030893854 -0.1699597360255213
947 -1.6215295445879725 -0.5005528589642118 -0.17110667019279474
948 -1.6680676793228397 -0.2023303265655669 -0.9302263088468979
949 -1.703269587929667 -0.19607658764194769 -0.7391587876097857
950 -1.470792971931157 -0.20779441411409535 -1.2629985578170615
951 -1.5914966457385165 -0.20758812760253081 -1.1128877111796796
952 -1.6636951194038179 -0.4163426002042568 -0.9730170342619929
953 -1.6717294959194287 -0.6452635001788587 -1.0264659957405697
954 -1.6809147673970282 -0.6077301468682911 -0.8005277025256783
955 -1.5659398872307482 -0.6795625523509787 -0.18026749947072981
956 -1.4987718775945724 -0.8358156259369014 -0.18179538348474106
957 -1.6307537546399724 -0.7766387576025819 -0.5895945695974019
958 -1.5835849053284021 -0.9723439471848605 -0.6112409581435416
959 -1.5329485535837046 -0.8965495167280016 -0.38362304447169576
960 -1.4126803840767825 -0.9878466558338865 -0.18426408664860322
961 -1.309596820065426 -1.1245762841065998 -0.18502053595882625
962 -1.6906019892441349 -0.3724832884148979 -0.5513838203468683
963 -1.664019691401923 -0.5732838839392607 -0.5732838839392607
964 -1.6425693912286174 -0.5357181594973726 -0.3619004663350954
965 -1.0249377310368708 -0.1911827243285812 -1.4657228619291183
966 -1.214886814523918 -0.19987884568550923 -1.4147656602094274
967 -0.6533358433322465 -0.17331034263829817 -1.505504759336862
968 -0.8319851387316032 -0.1809622273809173 -1.4919031061542785
969 -0.8963119159891761 -0.38352137789656937 -1.5325422963696667
970 -0.7544958313816684 -0.5727845032350852 -1.5842589593184795
971 -0.9794620479345214 -0.6157155833365937 -1.595177631271115
972 -0.3092767284449446 -0.1560779744401915 -1.5237932715150317
973 -0.46781228406354447 -0.1599147837593751 -1.515467200606788
974 -0.15234814609077518 -0.15234814609077518 -1.5318117027886244
975 -0.1582082274154235 -0.31349793693578343 -1.5445909860031017
976 -0.16417688302662178 -0.48028056464551006 -1.55585791054241
977 -0.5774548271123567 -0.7606477783646988 -1.5971765616692708
978 -0.3908700057863982 -0.9134860896426726 -1.561907238483745
979 -0.6199094462918087 -0.9861335204618392 -1.6060429667536478
980 -0.17947707476592215 -0.6765828525636214 -1.5590736602250759
981 -0.18727881663869667 -0.8610260522194878 -1.5439788308531421
982 -0.19532926384387628 -1.0471674843651946 -1.4975127518723903
983 -0.19940355767782517 -1.2119979588691017 -1.411401516546927
984 -0.49980617160676166 -0.3376403867872485 -1.5324593808779612
985 -0.3421151269027265 -0.5064300910594469 -1.5527690290578042
986 -0.538785905104583 -0.538785905104583 -1.5638855036064878
987 -1.117952681750403 -1.301883471753138 -0.18393079000273468
988 -0.9750515654209179 -1.3943826319589385 -0.1818774048345703
989 -0.9340587349062385 -1.5212326024861313 -0.5871738675798929
990 -0.7358695639067784 -1.5451482977370643 -0.5586441502748953
991 -0.8686730206646395 -1.4852844441039854 -0.37169501808888233
992 -0.8202598836679005 -1.4708775569760109 -0.17841190746033334
993 -0.6645867697165694 -1.5314306646601568 -0.17629487490690918
994 -0.6029402053454119 -1.5620795617174237 -0.9591393563720115
995 -0.3846386212915082 -1.5370067743799254 -0.8989229792196956
996 -0.5654463081916633 -1.5639623186497702 -0.7448296523233026
997 -0.19793532100532216 -1.4010091670304319 -1.2030738460251096
998 -0.1929513155676685 -1.4792819563590236 -1.0344192147749434
999 -0.1859905049603002 -1.5333576298295233 -0.8551029588425255
1000 -0.1812144050037138 -1.5741654251002626 -0.6831321449992328
1001 -0.4895336638998044 -1.5858331140621564 -0.1673399196051002
1002 -0.329961450521018 -1.625706016392925 -0.16651661798031342
1003 -0.17032059149881226 -1.6140800990156434 -0.49825327626997534
1004 -0.1681678893771007 -1.6418274214335438 -0.3332335317817136
1005 -0.1648994590929305 -1.6580111258561607 -0.1648994590929305
1006 -0.5385806422877951 -1.563289705645623 -0.5385806422877951
1007 -0.3497066676260008 -1.5872250013050735 -0.5176677837466295
1008 -0.5131212728722312 -1.5732849108549358 -0.3466353056113436
1009 -1.3957563474858325 -0.43184851680463193 -1.3957563474858325
1010 -1.1827130720161476 -0.9420725524493272 -1.643504585331834
1011 -1.3133883137298719 -0.6882621331278649 -1.541459357806815
1012 -1.567419542208489 -0.6998533643868652 -1.3355074845291217
1013 -1.6580569542449553 -0.9504141095392944 -1.193185374372928
1014 -0.6802298265595722 -1.2980605235300129 -1.5234698832614129
1015 -0.9393456083560662 -1.1792895645406654 -1.6387472605275333
1016 -0.4195973184322232 -1.3561598518926024 -1.3561598518926024
1017 -0.6708746567486974 -1.5025176713718689 -1.2802083562943667
1018 -0.9101889689222199 -1.5878816764726673 -1.1426852302939923
1019 -1.6096771837944637 -1.1583699029446057 -0.9226823622463565
1020 -1.4591405478586834 -1.2432492196055516 -0.6515067561894423
1021 -1.1228095452779572 -1.5602623153331305 -0.8943572868703625
1022 -1.2253989708997322 -1.43819058765337 -0.6421525917563506
1023 -1.2748688581970589 -1.2748688581970589 -0.3944457974520533
1024 -1.3041353563029592 -1.3041353563029592 -1.5649624275635512
1025 -1.2755686015940666 -1.53068232191288 -1.2755686015940666
1026 -1.553340011481885 -1.2944500095682374 -1.2944500095682374
1027 1.6757784270251697 0.08232571503137966 0.0
1028 1.6759317984746762 0.08253243738133352 0.08253243738133352
1029 1.6774553495241078 0.0 0.08240809695106002
1030 1.6692282366631919 0.24760661891232888 0.0
1031 1.671401730200335 0.24894762341576912 0.08351485158083594
1032 1.6739465274998733 0.1656748321446153 0.08303539115232614
1033 1.6757278785398593 0.0831237542977163 0.16585113708010277
1034 1.675106761760219 0.08369998071839459 0.24949947087700333
1035 1.6749213374458003 0.0 0.24845111063907244
1036 1.6604917807114161 0.4159315385730504 0.0
1037 1.663373275610427 0.4203072262718445 0.08598884252390314
1038 1.6679761138132096 0.3351511453564445 0.08517557400599939
1039 1.645414148864977 0.5887385963957569 0.0
1040 1.6477815553759332 0.5943516438058525 0.08818182425909214
1041 1.6568959468695792 0.5070275249785943 0.0871328684342772
1042 1.6643061411057403 0.42466081157611 0.17301276445916572
1043 1.663674659784896 0.42866271641689735 0.2604538910424512
1044 1.6685676989714788 0.34208871423838516 0.2575425781944026
1045 1.6738323308415128 0.08547462304078987 0.3363278515623893
1046 1.6715634103687564 0.08641223528745773 0.42237673939529113
1047 1.6713480884602285 0.0 0.4186509020999517
1048 1.6704300876106386 0.2578300369364272 0.3424705400015083
1049 1.6674484265739205 0.26104468698822547 0.42963506585637035
1050 1.6701439197660188 0.1736196301068791 0.426150366750153
1051 1.6675789400467902 0.08769466583667467 0.510296632854824
1052 1.6609752328647807 0.08888789027000052 0.5991105779484014
1053 1.6622565633554187 0.0 0.5947649086611875
1054 1.6723371023160034 0.25220856571580197 0.16878945737097184
1055 1.672016903663868 0.25531052799892523 0.25531052799892523
1056 1.6741687285016122 0.1689743239206329 0.25248479699271387
1057 1.6164584824052275 0.7645279238684114 0.0
1058 1.615221302718874 0.7807777524430978 0.09454300353882039
1059 1.6333407750198576 0.6925800545551818 0.09341892499769548
1060 1.5647845057461742 0.9378957389271266 0.0
1061 1.5600375448560897 0.9543042341919568 0.09667502664240081
1062 1.5910154748871421 0.8686950649715747 0.09575298684386578
1063 1.6128086333086382 0.7972048487045971 0.1905228404451534
1064 1.6116467025169656 0.814564630609532 0.2879009015225603
1065 1.630331504311152 0.7240100742084551 0.28387152623394846
1066 1.483785374176098 1.1004502333081592 0.0
1067 1.4735202703092607 1.117480496353703 0.09863327955786115
1068 1.5202743715894564 1.0392111451311041 0.09814941379536658
1069 1.371883579720636 1.2434027987036518 0.0
1070 1.3561549723872937 1.2572593601028004 0.09889561228449326
1071 1.4184790256880389 1.1907658777125167 0.09897715945017606
1072 1.4648828842806116 1.1366323659377116 0.19870992515812075
1073 1.461012612257276 1.1600089667751412 0.3010036454821347
1074 1.511334924666431 1.0811987977759545 0.29934905566290104
1075 1.6137537805733049 0.8357719858445171 0.3908555458263732
1076 1.6206248407168935 0.8590698610054779 0.4965181504570763
1077 1.635202961356383 0.7606197626655543 0.48548768979869905
1078 1.5575438173695664 1.0217004616290466 0.40309537943050544
1079 1.5676204565281484 1.0538534869244245 0.5137669696037236
1080 1.5987976282195488 0.9578904449929235 0.5063605363170132
1081 1.6315379951399631 0.8861140548299746 0.6092312465649973
1082 1.6438746268965307 0.9152474245114667 0.728627202385064
1083 1.6510419903825333 0.8054217899033763 0.7083742419054847
1084 1.5548814885226698 0.9736868234247554 0.19548030940118707
1085 1.5532183266948174 0.9957156125137274 0.29726536397027187
1086 1.586396038737342 0.9059326615563981 0.2932315290303679
1087 1.6489749650446122 0.09431312249013517 0.6992093681349759
1088 1.632841156387511 0.09557433830696849 0.7892949690762721
1089 1.6389066439227458 0.0 0.7751451135497166
1090 1.6402946694305092 0.28560630157324224 0.7284345927179374
1091 1.6231667616695882 0.2899588186891785 0.8203871428968719
1092 1.6267683880704287 0.1921719214794469 0.8041050995793682
1093 1.610200055396158 0.0969075833352765 0.8791698533534501
1094 1.5803927287729023 0.0979364308656244 0.9667558820792916
1095 1.5914820115100468 0.0 0.953897608068832
1096 1.6419307738737423 0.4874851605920141 0.7637492256625926
1097 1.6295173449138698 0.4992425871224191 0.8637836492632882
1098 1.623738071602873 0.3932737682138461 0.8409429052508638
1099 1.6539215693163907 0.7096097159613599 0.8068265243877719
1100 1.6497129663074912 0.7312149744949199 0.9184979918125712
1101 1.6392031073186768 0.6120934697321002 0.8902770983224578
1102 1.6097781550189545 0.5098382156311752 0.964469227395705
1103 1.580548741717687 0.518004044895987 1.0625446968216996
1104 1.5703611413707035 0.4064125278945837 1.0301082288473884
1105 1.5415566211317977 0.09952340283041398 1.0537590131549128
1106 1.4958140656299002 0.10012556316642317 1.1343875467435067
1107 1.5140244447861815 0.0 1.122877056544886
1108 1.5256110901215199 0.30217672580915367 1.0914118701234354
1109 1.4760461113654624 0.30410090692803365 1.1719452044374286
1110 1.4820869776282704 0.20104364353124887 1.1499813711963578
1111 1.4422029352756585 0.10063254182771697 1.210681309320095
1112 1.3820517342791938 0.1007840956625963 1.2812676386165975
1113 1.4071747181823313 0.0 1.2753888221398721
1114 1.5991018047134387 0.29558007951441867 0.9131884590412428
1115 1.5667944294901532 0.2998636497807034 1.0044187917629528
1116 1.5708357469599112 0.1974860850172706 0.9836775856355878
1117 1.6469664045305716 0.6094377095825916 0.18152999199693381
1118 1.644504100997003 0.6395261832287753 0.37378427787335433
1119 1.6453151769466654 0.624432890569755 0.2768122222766907
1120 1.6560585556379468 0.5255096679329668 0.26879204890550157
1121 1.661311356466765 0.44142415020127246 0.35487990518817963
1122 1.6488818095003677 0.6741549709846729 0.5817834751613964
1123 1.6456350931396224 0.6569753034395679 0.47692483321928303
1124 1.6526669618559902 0.692296024346266 0.692296024346266
1125 1.6512653519404639 0.5826244727368467 0.6751294962509992
1126 1.649971361760393 0.47818153599462887 0.6587064414086125
1127 1.663240617504352 0.3552920229838217 0.4419367707950692
1128 1.6619231819784572 0.26974392643710476 0.5273706636267848
1129 1.6506198666619787 0.37517434862558885 0.6419045246819053
1130 1.6533025470662417 0.2781560387708955 0.6274642712326828
1131 1.6572568638248961 0.18266421488587972 0.6132455552834113
1132 1.6527582690590208 0.55396092387319 0.46500523824033846
1133 1.6548389197924964 0.46559063146336893 0.5546583030508659
1134 1.6583716815054164 0.4531270696451159 0.4531270696451159
1135 1.2328596453175038 1.3602510025509431 0.0
1136 1.169513477928137 1.3931624761429755 0.09721064749217614
1137 1.2473319212582876 1.3454466444326258 0.09811472317433807
1138 1.0738918337611583 1.447975517794951 0.0
1139 1.0019981598800034 1.465835051887542 0.09463479339788192
1140 1.0870397982245155 1.4333808800630028 0.09594646229500103
1141 1.1034359635595896 1.4220996210895405 0.1929064175071368
1142 1.0363783956314057 1.4486835054843246 0.2869397327113763
1143 1.1255303796143354 1.4175873869895876 0.2920570073752521
1144 0.903019572407625 1.5065971372312401 0.0
1145 0.8247110975659628 1.5104588151212093 0.09090479969263753
1146 0.9126017087383238 1.4918648352609463 0.09245038567903019
1147 0.7275757359993282 1.5383296454332873 0.0
1148 0.6490727003346828 1.5307355452068017 0.08755041891808656
1149 0.7363076043496767 1.5232244056367026 0.08915819159276718
1150 0.7458884837454818 1.5089915572201487 0.17825881617433065
1151 0.6686430004707902 1.5056554979520964 0.26216307729806626
1152 0.7577139705100316 1.4991655371897752 0.26780752196770385
1153 0.9672971624271058 1.4746080397137713 0.3816314383267578
1154 0.8981979995879549 1.4991660465131527 0.4748058853364857
1155 0.9997249543243781 1.4871035762990767 0.48737862197469833
1156 0.7752591973408433 1.496912413699585 0.36255624962995897
1157 0.70050831995778 1.5059735961046976 0.4471198128605656
1158 0.7975500316330109 1.5045684311008085 0.4609614241848954
1159 0.8265715037181162 1.5219065837691093 0.5682938723750597
1160 0.7516354952437349 1.5407849398490365 0.6610688099168625
1161 0.8607598343147194 1.5460095418863442 0.6852497075716247
1162 0.9260880708941602 1.478870991711923 0.1859242399875495
1163 0.8499822348857207 1.488420174743723 0.27512154154591417
1164 0.9436817805632861 1.4720506716155217 0.2817309525388124
1165 0.5536947552626272 1.5474731740689793 0.0
1166 0.46942578478811925 1.5340186515600764 0.08067099542047021
1167 0.5535430691751363 1.5346437904206773 0.08212720222876196
1168 0.38593793317242586 1.540750595870028 0.0
1169 0.3066905147327067 1.526333596035245 0.07794256709691834
1170 0.3868469478848007 1.5309536325860256 0.0791433484919529
1171 0.38819007536998723 1.5213721368748865 0.1581540755458578
1172 0.3102138033260488 1.5130950261172216 0.23354544998058074
1173 0.38990121410839734 1.5132381354590232 0.23690254469890476
1174 0.2264567678758175 1.5266475225189335 0.0
1175 0.14999135474227246 1.5154836988557592 0.075174911296246
1176 0.22653338890707772 1.52091549608845 0.07599551300428281
1177 0.07432511793854284 1.5129225319213633 0.0
1178 0.0 1.5059389913460657 0.07398203858984122
1179 0.07438163852768084 1.5104188993621508 0.07438163852768084
1180 0.0748587540395537 1.5091101473539288 0.14936054780914546
1181 0.0 1.505620072223304 0.22333764027080175
1182 0.07538976481340266 1.508792519693972 0.22472772716364456
1183 0.2331224583657679 1.5103545466580162 0.30965195192788614
1184 0.15715785163591162 1.5117889042364 0.3857448381331178
1185 0.23648263016157164 1.5105558903512988 0.38921010634450215
1186 0.07708495233262475 1.5095390988053878 0.30331594903259945
1187 0.0 1.508692244401487 0.37790773416432655
1188 0.0781303236114343 1.511357619146088 0.3818953557342635
1189 0.07963116007283497 1.5142454132417706 0.4633749666276402
1190 0.0 1.514768471308489 0.5419928255010329
1191 0.08122204226277799 1.5177298071917658 0.547442227893954
1192 0.2286445859636141 1.5160897619214984 0.15301936905305885
1193 0.15250602513221412 1.5110036380696383 0.22787753726275464
1194 0.23093259268671945 1.5123669266813131 0.23093259268671945
1195 0.6667303514143609 1.5539805675126273 0.7580726701391143
1196 0.5815205842638226 1.5573280811380625 0.8458094784114729
1197 0.6966179555652057 1.5716577394388682 0.8750397838736625
1198 0.45538988802831704 1.5338285792260085 0.7134651523213968
1199 0.371798412699608 1.5350712060042655 0.795021846392907
1200 0.4731954902655105 1.5445001664763733 0.8187172687979177
1201 0.49089915419332786 1.5499794062306453 0.928641897484888
1202 0.39627789853505513 1.5312013541199363 1.0044206223317826
1203 0.5065970078717296 1.5457432644379927 1.0391462565662628
1204 0.26552351668393726 1.5249551800012158 0.677213750772574
1205 0.18016995247367984 1.5251696549002913 0.7538852526410995
1206 0.27311917583688283 1.528899759618054 0.7727423547526369
1207 0.08700556412256749 1.5212092789389298 0.6450333093438899
1208 0.0 1.5182699672230524 0.7180882147901726
1209 0.08908979002944309 1.5220557981450338 0.7357427141211381
1210 0.09139345792796866 1.5185782779178174 0.8291443273949399
1211 0.0 1.5054272016982153 0.9023183400352353
1212 0.09347696926705346 1.5084307364649179 0.9227353812991431
1213 0.29729537144945645 1.5009664113295786 1.0737812333621612
1214 0.19833012257753388 1.462082992431905 1.1344598730165945
1215 0.30277828172689797 1.4696263482524499 1.1668480665255518
1216 0.09611348791674294 1.4887391253150322 1.0176546550624248
1217 0.0 1.4589862734089654 1.08205796667716
1218 0.09764031014554429 1.458685920651571 1.1062305008479878
1219 0.09885203948721648 1.4166858842790617 1.1892605952479505
1220 0.0 1.3679942366962057 1.2398777036641149
1221 0.09940691011643932 1.3631663966673697 1.2637594865509305
1222 0.28251555417267205 1.5284221226251453 0.872825881886063
1223 0.1901939420413404 1.5128328813021508 0.947355443769009
1224 0.2909277638169998 1.5201042209212619 0.974487281926537
1225 0.5628614452360695 1.521097031137521 0.1676565661141441
1226 0.40057577834698094 1.5075774385926082 0.3220401379843854
1227 0.479854369018218 1.5121832798977826 0.24543989748465683
1228 0.5730337310953634 1.5098837824082452 0.2540268825354124
1229 0.5848991596722726 1.5040339113162902 0.3418563864313651
1230 0.24563942258949248 1.5134125768887952 0.4802444563441393
1231 0.3222386796104805 1.5085068782518876 0.4008227381418224
1232 0.16741113159722487 1.5188702784151116 0.5620374654176478
1233 0.25551942576705905 1.518755153806083 0.5764006094679011
1234 0.3452614029860095 1.5190146475846373 0.5907249725004953
1235 0.6012018030331875 1.5059299488892202 0.43643660293101105
1236 0.6199333844486196 1.5162639522279318 0.5349912324258211
1237 0.440922485551408 1.5214085428932278 0.607381213058529
1238 0.538569372645081 1.5264050624025418 0.6240796366518555
1239 0.6424277819965685 1.5336202048635639 0.6424277819965685
1240 0.4116519690004642 1.5065795309050427 0.4116519690004642
1241 0.42523169108319964 1.5113919928370003 0.5065786814445686
1242 0.5046702781503679 1.505698216996032 0.42362974139643506
1243 1.278416841852905 0.10055985291651647 1.3789766947694213
1244 1.2050884950395386 0.10016766381837626 1.435540593080585
1245 1.2764947380075147 0.0 1.4083949083097407
1246 1.1513796700638752 0.2987644819563053 1.4501441520201808
1247 1.0661299026486968 0.29517696489152134 1.490271131838685
1248 1.1345198495003728 0.1983406078698412 1.462160289654102
1249 1.1276379461259531 0.09952981653210842 1.4869139789090047
1250 1.0475144111301034 0.09893362467898441 1.532421318394166
1251 1.1281273700147654 0.0 1.5211036729971903
1252 1.0287037624013977 0.5015061592397774 1.530209921641175
1253 0.9288254116647263 0.49099616355281206 1.550285706431262
1254 0.9975010417694186 0.39354789002763135 1.5206527145445792
1255 0.8883820961472805 0.7072397518193313 1.5956218479666118
1256 0.7777877345836436 0.6840698920191496 1.594394670593847
1257 0.8560922884928183 0.588590339189729 1.5762610788183018
1258 0.8289623952393779 0.4791168843951554 1.5638274728585138
1259 0.7316343916919633 0.46698693359613574 1.5728893497747838
1260 0.8093205360568194 0.37848531085825254 1.562679889823773
1261 0.9624989280370749 0.09750518354354243 1.573433723568228
1262 0.877394539974747 0.09671189722463852 1.6069485679960502
1263 0.9658562846821371 0.0 1.6114338580715155
1264 0.796107064885044 0.28137723278922044 1.5751277157864694
1265 0.7071984426288594 0.2772799832637761 1.5924749418412827
1266 0.7906874408020658 0.1889652545022836 1.5996234002420349
1267 0.7899024932566029 0.09564790234046101 1.6340979621749667
1268 0.7013834846413618 0.09460637902490032 1.654102275766554
1269 0.7919301954505676 0.0 1.674395717859
1270 0.9771850541095114 0.29173316871354066 1.5243124799293384
1271 0.88654528674547 0.2869562397059644 1.55244643529912
1272 0.9660339806440823 0.1939439015556924 1.54266065602502
1273 0.7138046147643361 0.8966283898390592 1.6104330046033954
1274 0.59535208895192 0.865927111531366 1.594369230218685
1275 0.6870663493537669 0.7811947077442213 1.6013786581376839
1276 0.5117643198790298 1.0497455945912824 1.5615099144703122
1277 0.39920911594892766 1.0118501944323601 1.5425274565594962
1278 0.4985459321994317 0.9431074315494207 1.5741235676785392
1279 0.48368007360599546 0.836857571513376 1.5787216268409434
1280 0.3792847407003327 0.8110299682851533 1.565980554081286
1281 0.4688602040268703 0.7345692683950668 1.5791988348969064
1282 0.3024197295862966 1.1654662769545723 1.467886006540869
1283 0.19758386474230058 1.13019123465751 1.4565816047723623
1284 0.2974547411618663 1.0743568501486511 1.5017710272378053
1285 0.09914696161758318 1.26045476275397 1.3596017243715532
1286 0.0 1.234808220254615 1.3624009236890207
1287 0.09833560521055111 1.1830475222708075 1.4092846697598174
1288 0.09704564762235032 1.0994931828295604 1.4498020298811587
1289 0.0 1.0734896788330834 1.4474332746454024
1290 0.09567809060870308 1.0130446455108806 1.4819950873908518
1291 0.2780914158505575 0.7868104275812433 1.5567339698611704
1292 0.18317836324614659 0.7664733478484878 1.5506363698360779
1293 0.2727450518239769 0.6956321679417905 1.5664299147324254
1294 0.09346634381055291 0.9226304946652225 1.5082592742823073
1295 0.0 0.901133878930446 1.5034510477319407
1296 0.09201766805163339 0.8348073178854301 1.5289500480219833
1297 0.0905047410067274 0.7474280023234277 1.546229548451941
1298 0.0 0.729370240570534 1.542123806568911
1299 0.08927653875879826 0.6618696381444295 1.560915103775633
1300 0.2922031705528334 0.9787593652335639 1.5267682502909425
1301 0.19052930635637166 0.9490258923967663 1.5155004224317437
1302 0.2854503589624642 0.881892899758106 1.5442995513190818
1303 0.6022098408284562 0.0893477168010953 1.6695676347908766
1304 0.5124990637263255 0.08807315439973686 1.6747761800475283
1305 0.6100462670190572 0.0 1.704965098874997
1306 0.4183102244859928 0.25416375499346633 1.6234958016023169
1307 0.3330553476337353 0.250741779371453 1.624506661287017
1308 0.42015036057952165 0.17117514352828428 1.646629041905281
1309 0.42294437389043454 0.08652836518045759 1.6738098339144831
1310 0.33508167707024084 0.08515791928145319 1.6676303848975829
1311 0.4267096464857338 0.0 1.7035203994644712
1312 0.25003102492070484 0.4115084551128526 1.59709758474226
1313 0.1660618375202627 0.4075997219836281 1.5974413035490642
1314 0.24831998101726763 0.32983852076597536 1.6088163061793435
1315 0.08428113662238958 0.5680607371669111 1.5748925990060076
1316 0.0 0.5620352502146968 1.5707832958899157
1317 0.08340137137079791 0.4853138851712708 1.5859387699588008
1318 0.08248926254699589 0.403201533137279 1.5956771927397835
1319 0.0 0.39861263963727467 1.591350860471302
1320 0.08192867281032175 0.32237515097906677 1.604392701532121
1321 0.24689717074078846 0.08282698299034716 1.6576352595603125
1322 0.1628369063831521 0.08161303705898584 1.6452726733470768
1323 0.24901327485212793 0.0 1.6787111407321416
1324 0.08059012678346983 0.24022937422215457 1.612868547249684
1325 0.0 0.23813741550403514 1.6053920525689864
1326 0.08044224813928176 0.16050091139286035 1.6216702308297806
1327 0.08036351997359037 0.08036351997359037 1.6318890224797418
1328 0.0 0.07951225296401014 1.6185090909986999
1329 0.08077532331266286 0.0 1.6442194785887818
1330 0.24777886912231656 0.24777886912231656 1.6226924161348124
1331 0.1633764274064555 0.2441203086362925 1.618705726360376
1332 0.24717602218460266 0.16542145006552567 1.6389674614302592
1333 0.6659975150984362 0.6659975150984362 1.5898864808890594
1334 0.45770606073268033 0.6305009871392538 1.5793204786593191
1335 0.5589054844848094 0.647644573561502 1.5840413589288243
1336 0.6464592624047909 0.5578825825207525 1.5811422658582146
1337 0.6306428927937909 0.4578090757627259 1.5796759333070034
1338 0.26513557883395455 0.5980927233721808 1.5759115989033328
1339 0.3583683550372656 0.6131503111658697 1.5766800917346582
1340 0.17368725394011011 0.5831078438362878 1.5758116275318474
1341 0.2574000530152803 0.5032374169428768 1.5858711660309506
1342 0.3404878712842466 0.4235223438638785 1.5939374392127568
1343 0.6177037171356591 0.3610296871404941 1.5883889083354386
1344 0.6099602560996524 0.27039647741384093 1.6071813029889142
1345 0.42614059462256726 0.34259279594815245 1.6037912945523525
1346 0.513269242079939 0.2625312142429299 1.6174848372165676
1347 0.6050732467089496 0.1802299724903204 1.6351717229516576
1348 0.4450851150576277 0.5302300732623012 1.581956597156385
1349 0.4343911068158961 0.4343911068158961 1.5898010922310855
1350 0.5312596885980283 0.4459493935723254 1.5850284839749982
1351 1.3050192767428084 1.3050192767428084 0.1983879992805066
1352 1.2022570923709357 1.402606501918597 0.402973800441103
1353 1.253421878135468 1.3532190869624652 0.29993108749206115
1354 1.3672643233720783 1.266431306371446 0.3030441111487658
1355 1.4335419009326709 1.2287736547989017 0.41186164980713047
1356 1.091363065460271 1.5030069569690006 0.6229762322333172
1357 1.148260662278345 1.454702479520897 0.5138058492478562
1358 0.9518677846458014 1.57564041940929 0.8425027346850303
1359 1.0264882899066148 1.5452014503672133 0.7341872716097002
1360 1.1929153770654122 1.519360969212104 0.7756606705872605
1361 1.2935968180421538 1.5218825894848182 0.9384931358423242
1362 1.344856473398099 1.4592447632632046 0.8026161923289151
1363 1.5037902501296598 1.1870077990863812 0.5311438163032408
1364 1.5671712686187858 1.1379540406587327 0.6495714791349267
1365 1.4738862653867675 1.3583502473055773 0.8106693352835697
1366 1.5469759845783628 1.3149261480911112 0.9539673775564915
1367 1.5638537752963229 1.2278485849219878 0.798375035707151
1368 1.6185610928293146 1.0752216210338845 0.7690433842108847
1369 1.6495331916173885 0.9965075060674117 0.8820135658949333
1370 1.288698790308624 1.394012306812636 0.5288934837665921
1371 1.382842576305791 1.382842576305791 0.6667663503292632
1372 1.4099014764020845 1.3033875800193473 0.534921894145218
1373 0.7527548490052068 1.5842795556828209 1.0524481526084495
1374 0.8507508355848072 1.5910659374830243 0.9611865692713977
1375 0.5356596178841083 1.5165755225556723 1.197099777061243
1376 0.6460180720839921 1.5585982360660815 1.1317289922358842
1377 0.7988579317984826 1.5647996701975033 1.2285912475252605
1378 0.8258786006055371 1.5015383872680397 1.3838347554918948
1379 0.9579659281321752 1.5534601284382383 1.3204376559582867
1380 0.30949707821646855 1.3963786051778504 1.293398467959057
1381 0.4193656606180417 1.4596606568972779 1.251161587237117
1382 0.20197626585783704 1.3286233106082193 1.3286233106082193
1383 0.30923531388856773 1.292304546224402 1.3951975856051106
1384 0.41967397164915005 1.2520814215375116 1.4607337764310353
1385 0.8285619994235889 1.3883310344178086 1.5064171022882618
1386 0.8066710294303465 1.2406072806451391 1.5801039340858734
1387 0.9651095610872309 1.3302842712471956 1.5650444120144966
1388 0.5382801827165717 1.202956252837984 1.5239949440455411
1389 0.6528720763833789 1.1437362033553846 1.5751343663581518
1390 0.7654841151446217 1.0702453048289802 1.6110701052623706
1391 0.8698291323891354 0.9827414145749445 1.6267459825924622
1392 0.5494909801755784 1.448301429981958 1.3388865304120001
1393 0.5502463334594094 1.340727019835686 1.4502923257028746
1394 0.6881182362496928 1.4271254002974538 1.4271254002974538
1395 1.653665433801694 0.8842230962533658 0.9990038549584037
1396 1.6288284250824312 0.7739218061485774 1.0820422827177705
1397 1.5616448272455863 0.9630131529987354 1.3273946317506193
1398 1.493662999951647 0.8215469671879442 1.3765767094946741
1399 1.5789520109349298 0.8060829522703882 1.2397028564379864
1400 1.5813749266607824 0.6554587049590691 1.1482675975651646
1401 1.5194914874027423 0.5366895465573028 1.1994014763940029
1402 1.3170361715207282 0.9554981810321518 1.5494583715757266
1403 1.2196269994741364 0.7930291741277162 1.5533823233604473
1404 1.368755848044792 0.8168794430604248 1.4851769262771002
1405 0.9770844482779106 0.864822124428418 1.6173819250073433
1406 1.0544894622961427 0.7542148789001941 1.5873523960854712
1407 1.119339672162936 0.6389459508227485 1.5415358717154029
1408 1.1739596973785678 0.5253052543814614 1.487259939085358
1409 1.4494324826996323 0.4164270700565685 1.2423944134401148
1410 1.384234271439974 0.3068053756976666 1.2821497546139022
1411 1.2247771589077354 0.4105221000985615 1.4288794113891188
1412 1.2739999299694251 0.3048552056781965 1.3754355593250163
1413 1.3264523355202822 0.2016462359403797 1.3264523355202822
1414 1.4047651674480572 0.6773367842572805 1.4047651674480572
1415 1.3107690063687356 0.5379512973901451 1.417886118934739
1416 1.428590139664414 0.5420124428953609 1.3206643699163578
1417 1.0310833543496338 1.5950693577939223 1.0310833543496338
1418 1.1378295432634935 1.5161378661478289 1.389066900316221
1419 1.0978665674447545 1.5798733984304982 1.220965945625141
1420 1.2120404142031846 1.568324174055379 1.0898409197352876
1421 1.374730229981802 1.5004896862340014 1.1260859137415333
1422 1.1113824053876706 1.2359972603078506 1.5993232236248383
1423 1.1426884899732934 1.3949987220771722 1.5226123272302792
1424 1.0515758124736525 1.0515758124736525 1.6267708607632094
1425 1.2316772719047873 1.1074979638465563 1.5937333586626068
1426 1.3911679638313825 1.1395505922203721 1.5184311336310528
1427 1.5100477817231184 1.3834872397303466 1.1332590631415171
1428 1.5971041631280114 1.2342823144770017 1.1098403626309385
1429 1.5212556117796432 1.1416703035959173 1.3937557160368212
1430 1.602530886761404 1.1136114359674367 1.2384762231530222
1431 1.6422356517798524 1.0615725493038366 1.0615725493038366
1432 1.3023598031244294 1.4325957834368728 1.4325957834368728
1433 1.4342036919091785 1.3038215380992528 1.4342036919091785
1434 1.4282491693084027 1.4282491693084027 1.2984083357349112
1435 -0.07385810025988367 1.5034161686831198 0.0
1436 -0.07396428021725647 1.5019438792853046 0.07396428021725647
1437 -0.2219997396604126 1.4966006789351898 0.0
1438 -0.22252980564225588 1.49403596253834 0.07465242461659133
1439 -0.14827199567778968 1.498111626717463 0.07431317719576414
1440 -0.0744719027307456 1.5013114437403077 0.14858868987288149
1441 -0.07501860813172839 1.5013644765593286 0.22362135420040868
1442 -0.37256416041941204 1.4873595022067099 0.0
1443 -0.3747201111171247 1.4829614617733455 0.07666237126398982
1444 -0.2991949670309958 1.4890298460716143 0.07603764274613452
1445 -0.5262691540186898 1.4708237534191921 0.0
1446 -0.5288115918158446 1.4660781985618112 0.07845788152797299
1447 -0.45146674424843236 1.4753309866623376 0.07758472763527166
1448 -0.3771670270092699 1.4781712419951396 0.1536631312023556
1449 -0.37984017377343776 1.474190424484162 0.230789493568452
1450 -0.3038143729942194 1.4818812435541755 0.2287276184706926
1451 -0.07670640485567426 1.5021260797929983 0.30182643021276956
1452 -0.0777421139986265 1.5038480693449026 0.3799978153001548
1453 -0.22970484406164104 1.4882124959128984 0.30511240242404075
1454 -0.2330862826878599 1.4888613892431632 0.383620297230306
1455 -0.15561378807433573 1.4969356968685998 0.3819549253643482
1456 -0.07922418336449755 1.5065064500854823 0.4610067627929656
1457 -0.08079395652855241 1.5097305195505404 0.5445569001978605
1458 -0.2249278685128564 1.491445061714403 0.15053197248135983
1459 -0.22740431902325273 1.4892604247587085 0.22740431902325273
1460 -0.1509793802168167 1.495877901108058 0.22559639405353474
1461 -0.6834982774037771 1.445135689260789 0.0
1462 -0.6965064244096373 1.4408863606407498 0.08433873678101574
1463 -0.6163757501734669 1.4536249475714043 0.08314007831605201
1464 -0.8455784567778234 1.4107624255466487 0.0
1465 -0.8624984916359728 1.4099591944838972 0.08737471937190003
1466 -0.7787917876360669 1.4263575744896722 0.08584328702047726
1467 -0.7114397359254068 1.4392990083336623 0.17002595946864912
1468 -0.7295568087885796 1.4434555356314482 0.25785561399220464
1469 -0.64399729292604 1.4501581024218284 0.2524999319012393
1470 -1.0138408466081574 1.367006134768333 0.0
1471 -1.0377767557445008 1.3684221699036163 0.09159830994992055
1472 -0.9505636442066173 1.3905908858104932 0.0897770052709517
1473 -1.1864126467059641 1.3090046366999804 0.0
1474 -1.2142699834778459 1.309784065381284 0.09551408190343812
1475 -1.1263911499931492 1.341793757186965 0.09362629425551536
1476 -1.0678036803081876 1.3761770137214533 0.1866770609004756
1477 -1.105510373664257 1.3923725119081953 0.2868621382439381
1478 -1.0100585645983955 1.4118927876872533 0.27965262086742526
1479 -0.7542095732575953 1.4562686603561852 0.3527122222518645
1480 -0.7836538319774884 1.4783534195219565 0.4529298127123817
1481 -0.6856405385551493 1.474010397971137 0.43763001887953673
1482 -0.949907168309457 1.4480976495952718 0.3747704976299403
1483 -0.9942515826419365 1.478961866353591 0.48471028371165426
1484 -0.8873780833497126 1.481106719885916 0.4690862556878759
1485 -0.8193856122231313 1.5086757192555444 0.5633533462550779
1486 -0.8590289186378091 1.5429006466451594 0.6838717280073503
1487 -0.7454352352659332 1.5280749663879674 0.6556156367888806
1488 -0.8853728204427324 1.4138527664423048 0.17775012325502806
1489 -0.9141615842637403 1.426002071670072 0.27291786194630413
1490 -0.8200013170832814 1.435920015230997 0.2654173430530158
1491 -0.0865106303870862 1.5125558347774344 0.6413640182069036
1492 -0.08856765199344803 1.5131353233649754 0.7314306683118268
1493 -0.26163187142900246 1.5026046753666147 0.6672881678611825
1494 -0.26907464748743104 1.5062588066263887 0.7612990778349964
1495 -0.17818044500164082 1.5083281317556672 0.7455605551951777
1496 -0.09083906735585244 1.5093666177029073 0.8241147573529168
1497 -0.09288678743484455 1.4989070171703422 0.9169095435313043
1498 -0.44775580612784216 1.5081157267825824 0.701504738730444
1499 -0.4655363184337563 1.5195007900821098 0.8054654598260502
1500 -0.3656065467837736 1.5095063978873569 0.781781691231187
1501 -0.6598438237554016 1.5379298055562243 0.7502426854993876
1502 -0.690457558852372 1.557759109502057 0.8673015506496851
1503 -0.573688844839941 1.536354468063975 0.8344183778788
1504 -0.4828602841533351 1.524597241879948 0.9134346365560306
1505 -0.4977517830712717 1.5187544618092776 1.0210026787380058
1506 -0.3892138969717889 1.5039063452406516 0.986515942629589
1507 -0.09546944855491848 1.478763349625552 1.0108355324937814
1508 -0.09694341543504635 1.4482747441521864 1.0983349279694983
1509 -0.2922461426842519 1.4754741786629841 1.0555442622832127
1510 -0.2971950157364563 1.442526271053861 1.1453312553174049
1511 -0.19564259372789294 1.4422706201524802 1.1190870511886841
1512 -0.09809176133019575 1.4057900510846817 1.1801139063352808
1513 -0.09858026863098536 1.3518306666487814 1.253250398017796
1514 -0.27821575653892616 1.5051600199580062 0.859541747238694
1515 -0.2862944046044113 1.4958948130473178 0.9589674512784563
1516 -0.18793154201286918 1.4948373914511321 0.936086436144731
1517 -0.5403849273427722 1.4603556800871487 0.16096160443203264
1518 -0.5678989893955647 1.460318969737905 0.3319202860225877
1519 -0.5531596887471635 1.4575177651842994 0.24521668385576464
1520 -0.46507016504271975 1.465593256962099 0.23787795006389514
1521 -0.3910534677701481 1.4717399732117882 0.3143847419822908
1522 -0.6089003341159616 1.4892787681385078 0.5254699107113361
1523 -0.5872682338894731 1.4710282254370037 0.4263216638987152
1524 -0.6338716043988306 1.5131946765660313 0.6338716043988306
1525 -0.5295820791204051 1.5009334128247203 0.6136654037558839
1526 -0.43298151728540113 1.4940081327199113 0.5964423403624932
1527 -0.3162664557869867 1.4805489039730382 0.3933940734370693
1528 -0.24209352930626168 1.4915659228192844 0.4733119551433636
1529 -0.3393169025891332 1.492861179234763 0.5805542299758343
1530 -0.2518045925120754 1.4966749454829786 0.5680206902276463
1531 -0.16567511098701096 1.5031198914341917 0.5562092471004519
1532 -0.4928748138704116 1.4705061117663305 0.4137284064082075
1533 -0.4168353295796359 1.4815489829871815 0.49657609267096986
1534 -0.40271513052571384 1.4738721495951568 0.40271513052571384
1535 -1.3552609155478317 1.2283368940890744 0.0
1536 -1.425184950536619 1.1963952781784986 0.0994450785247474
1537 -1.3453003831489658 1.2471963258642167 0.09810405728474907
1538 -1.5066186823093366 1.1173845687583732 0.0
1539 -1.5639079104655265 1.0690376427350303 0.1009664094262448
1540 -1.4989188995152003 1.1367421742170147 0.1003333919657686
1541 -1.4958640324371897 1.1606712676864828 0.20291248749096524
1542 -1.564222519080904 1.119034225625153 0.3098244646446324
1543 -1.4996891393969556 1.1907172015359853 0.30897193786097027
1544 -1.6256841242538296 0.9743975655306439 0.0
1545 -1.6649008175465005 0.909036490655364 0.10019967033330066
1546 -1.6205429269295324 0.99131651155315 0.10042452577672986
1547 -1.703113263024355 0.8055125827638485 0.0
1548 -1.7214733451704645 0.7299506150508955 0.09845966731348905
1549 -1.698541251292941 0.8210535722777109 0.09941993165983551
1550 -1.6940186659859156 0.8373466426389273 0.200116270055322
1551 -1.7114915701557043 0.7600522565127864 0.2980030275265492
1552 -1.691707630823899 0.855029330714552 0.3022028036704081
1553 -1.626768831930486 1.0671099252630238 0.42101094828919855
1554 -1.6752699663728312 1.0037074519301128 0.5305803459272102
1555 -1.6395327056966862 1.102197443028879 0.537335262667807
1556 -1.6928065409467628 0.8767138465665062 0.4100023389597547
1557 -1.7091736825521042 0.7950274745702706 0.5074494128353708
1558 -1.697827160445389 0.8999936975481296 0.5201709737629513
1559 -1.7048706222838341 0.925942162899389 0.6366143219097514
1560 -1.7111174600324275 0.8347281870613875 0.7341494284351137
1561 -1.710426627181491 0.9523010695159467 0.7581255576655441
1562 -1.6169134957899685 1.012532065684437 0.20327899763749085
1563 -1.6610680045506365 0.948575085693267 0.30703399334348075
1564 -1.6185667657071061 1.0376082813418115 0.30977218749534224
1565 -1.7391793248161878 0.622288312811163 0.0
1566 -1.7403268869129018 0.5325582670367937 0.0915203359369152
1567 -1.7359895136464574 0.6261680850227123 0.09290231566712354
1568 -1.742974917654956 0.4365924888130808 0.0
1569 -1.7310838778990114 0.3478315664002972 0.08839818612000314
1570 -1.7381556668398477 0.43920351364911947 0.08985475245360772
1571 -1.730785609819381 0.4416235712750719 0.1799236304217716
1572 -1.7124659820699955 0.3510887129988196 0.2643182559295456
1573 -1.7213263825243887 0.44351726981787304 0.2694794630943468
1574 -1.72743510782887 0.2562407926282071 0.0
1575 -1.707676145703599 0.16901313999519546 0.08470853422765963
1576 -1.720399502558461 0.25624561692673686 0.0859631209659526
1577 -1.703515292165968 0.08368833983822763 0.0
1578 -1.6788147772679909 0.0 0.08247488135360621
1579 -1.6936065009161878 0.08340284050502592 0.08340284050502592
1580 -1.6822245938848737 0.08344602104340758 0.1664941338584313
1581 -1.652200769550895 0.0 0.24508083276294954
1582 -1.6695151322209445 0.08342058402840101 0.2486666232978298
1583 -1.687012751522321 0.2603895627020156 0.34587030746655717
1584 -1.6569079746744615 0.17224368886989092 0.42277311118055977
1585 -1.6723519970735667 0.26181235752352044 0.43089852072608137
1586 -1.655386358208002 0.08453267531495201 0.332621450251161
1587 -1.621832492166765 0.0 0.4062478909023422
1588 -1.6400607778919798 0.0847836922882083 0.41441653931830225
1589 -1.6230483369371271 0.08535288982510071 0.49666980159655805
1590 -1.5860763136842104 0.0 0.5675071794776603
1591 -1.6038258250165176 0.0858295121597801 0.5784968962462799
1592 -1.7113639396998044 0.25809428257716976 0.17272844712118082
1593 -1.685598160979899 0.17012789977767542 0.2542084929917455
1594 -1.700171133993307 0.259609570308283 0.259609570308283
1595 -1.6910737174328516 0.7255497253072524 0.8249503212439515
1596 -1.6498897713835528 0.6160839680773791 0.8960811943688516
1597 -1.6746440655972885 0.7422653775066166 0.9323786880906717
1598 -1.647841127451372 0.48923992986048254 0.7664984450816653
1599 -1.6007654943463365 0.3877097476484211 0.8290452807527565
1600 -1.6240372593927979 0.49756362857574793 0.8608787349434492
1601 -1.5924759369236738 0.5043583723542265 0.9541029189285666
1602 -1.5260527421456866 0.3949454277087733 1.0010432924793722
1603 -1.5514397217459 0.5084639467703468 1.0429757749755528
1604 -1.6093245771052824 0.280213823201377 0.7146811574298767
1605 -1.5658399758004913 0.18497438177774791 0.7739884293915222
1606 -1.581398962917089 0.2824975141137542 0.7992767025571446
1607 -1.5794377178986032 0.09033593966642206 0.6697237205845347
1608 -1.5386065821269608 0.0 0.7277067173005876
1609 -1.5522760742229165 0.09085865951089808 0.7503508171684306
1610 -1.5195257942900808 0.09145048284328831 0.8296616717008609
1611 -1.4706914254856334 0.0 0.8814985169998764
1612 -1.4806217279165501 0.09175365392046017 0.9057240890428174
1613 -1.4555403697580072 0.28829786704125593 1.041283750022561
1614 -1.387421463306566 0.18820235944787403 1.0765284769951737
1615 -1.3987043912506534 0.2881666572801484 1.110537733970505
1616 -1.4336760130426287 0.09255859526559963 0.9800152650756944
1617 -1.3767095777493654 0.0 1.0210374103957598
1618 -1.381025953448944 0.09244197157505188 1.0473351463387552
1619 -1.321794437008974 0.09223080241791701 1.1096023870899772
1620 -1.2583122733510608 0.0 1.140467766693781
1621 -1.2575503159493198 0.09170501233752004 1.1658453036117997
1622 -1.5472710969897048 0.2859996233701551 0.8835898406307436
1623 -1.4909247031663266 0.18743963731006713 0.9336362603241267
1624 -1.5054392689044445 0.28812108672340514 0.9650860783552514
1625 -1.72978481810026 0.6400835467644136 0.19065830567178946
1626 -1.710328149437389 0.45444831698278826 0.36535059436653994
1627 -1.7255395512512437 0.5475577620707555 0.28006939118745844
1628 -1.7229244197719935 0.6538872860019322 0.28986940869100336
1629 -1.7167562511916588 0.6676241015106736 0.39020668616588056
1630 -1.6548508901726564 0.2685960347768328 0.5251264448425282
1631 -1.6857445012951975 0.3600991749454177 0.44791623860520263
1632 -1.6189948196070598 0.17844694089562496 0.5990872017627076
1633 -1.634193971177709 0.27494116089803494 0.6202121511258889
1634 -1.6503551218469015 0.3751141739811691 0.6418015688783818
1635 -1.711691502474107 0.6833465383187753 0.4960687747505791
1636 -1.7073902868897017 0.6980765041409613 0.6024273230744758
1637 -1.6681194847437721 0.48344108020535553 0.6659515886794556
1638 -1.6859376920317732 0.5948580933602752 0.6893054852718922
1639 -1.7016183543679233 0.7128015800355785 0.7128015800355785
1640 -1.6978182907497807 0.46390530871761926 0.46390530871761926
1641 -1.6840229061668448 0.47380157603455114 0.5644400045597266
1642 -1.7070763054217497 0.5721668951696496 0.4802876736166737
1643 -0.09822306665138926 1.2487092912697786 1.3469323579211678
1644 -0.09736284548196793 1.1713445283836892 1.3953436829736303
1645 -0.2941375272885235 1.1335482949823814 1.427685822270905
1646 -0.28893314538031994 1.043578269291807 1.4587477235897583
1647 -0.19369235888418562 1.1079315940932557 1.4278935544845162
1648 -0.09604607446093007 1.0881683691604533 1.4348690242910342
1649 -0.09467459981777317 1.0024196323432522 1.4664516289779725
1650 -0.4905959871177061 1.006324505629288 1.496920492746994
1651 -0.4772068930580993 0.902740024864285 1.5067470588064356
1652 -0.3846468184085558 0.9749400563394909 1.486259343209384
1653 -0.6778561021443384 0.8514725358127874 1.5293286379571258
1654 -0.6514583824559081 0.7407084354645466 1.5183854533277887
1655 -0.566871150367948 0.8245021844346329 1.518096495195662
1656 -0.4629138890254906 0.800928163324036 1.5109412354351157
1657 -0.4491950387648423 0.7037596028799954 1.5129633007160828
1658 -0.3655909042062123 0.7817482424845804 1.5094418132372296
1659 -0.09250221163694898 0.9131132961958157 1.4927011467982632
1660 -0.09110326127776502 0.8265115907439753 1.5137564193371837
1661 -0.2703910383098819 0.7650235726120419 1.513627859369908
1662 -0.2656174694104859 0.6774533757938751 1.5254947694839662
1663 -0.17975665785203782 0.7521559036793334 1.5216710448001747
1664 -0.08966130666270745 0.7404625501291062 1.5318198822798024
1665 -0.08850698224009991 0.6561643755788782 1.547460142260037
1666 -0.2836589513865549 0.9501397766377888 1.4821245096979818
1667 -0.2772031614234719 0.8564133558578083 1.4996818338798812
1668 -0.18666555300572663 0.9297805487710543 1.4847675134265415
1669 -0.8385475076371471 0.6675665051805539 1.506114012817701
1670 -0.8055599455150854 0.5538477661130823 1.4832195148094398
1671 -0.7346474464096839 0.6461276991037097 1.5059609726913414
1672 -0.9640564407231772 0.46998976823883515 1.4340462089620123
1673 -0.9276783653000317 0.36600048320801915 1.4142106778309127
1674 -0.869757786387421 0.45977180530732437 1.4516970007065544
1675 -0.7772025675430968 0.4492011638207485 1.466183187657261
1676 -0.7544544629723383 0.35282674691259047 1.4567415066703513
1677 -0.688177110862134 0.4392490599428529 1.4794635964701346
1678 -1.063322149628898 0.27591497352816596 1.3392371231570641
1679 -1.0316345702040743 0.1803538544027486 1.329562548113248
1680 -0.981851302011058 0.2718429401355154 1.3724637565366713
1681 -1.1512500174185976 0.09055695187334811 1.2418069692919458
1682 -1.1234804783577992 0.0 1.2395696889235444
1683 -1.0789871620713356 0.08968604692484378 1.2853245856565934
1684 -1.0050755730495482 0.08871197331572567 1.3253020834937614
1685 -0.9812701046984336 0.0 1.3230895731566101
1686 -0.9310542560951409 0.0879344201373924 1.3620503693906776
1687 -0.7350281120499913 0.25978939933258344 1.4542807145409795
1688 -0.7196924289086595 0.17199825869769422 1.4559948607398079
1689 -0.6560468062057812 0.25722433263397215 1.477291289944191
1690 -0.8546882970952584 0.08658351386504694 1.397191571455942
1691 -0.83681712705574 0.0 1.3961450299984695
1692 -0.7803050227407191 0.08601008522954982 1.429129065391054
1693 -0.7052067156773049 0.08539223973436456 1.458884946988047
1694 -0.6905282986912473 0.0 1.45999942044293
1695 -0.6300533904631783 0.08498499204691402 1.485881503971355
1696 -0.8990260305682582 0.2683992264828906 1.402392098009875
1697 -0.8753166962125761 0.17573122536240435 1.397794131329264
1698 -0.8162984733077742 0.2642188096651289 1.4294358945597805
1699 -0.08364063507163734 0.5637437120571642 1.5629240709064043
1700 -0.08279026387241348 0.4817578410748294 1.5743181088309222
1701 -0.244284030386777 0.40204988155003707 1.5603880960195142
1702 -0.24199566855749857 0.3214380615759958 1.567842329904989
1703 -0.16353655574143688 0.4014014035358142 1.5731492116582708
1704 -0.08186600208326177 0.40015508118993276 1.583620805321477
1705 -0.0812326142715503 0.31963628107150444 1.5907619273338196
1706 -0.39768521625804276 0.24163207579669724 1.5434484771381944
1707 -0.39505341714375963 0.16095029714516496 1.5482705497993143
1708 -0.3197014677142054 0.24068826833695106 1.5593719410748086
1709 -0.5455807326914429 0.08094585888797337 1.512568994578416
1710 -0.5411272456226293 0.0 1.5123493376087158
1711 -0.46920393945920197 0.08063287121832137 1.5332936916551276
1712 -0.39195352516792115 0.08018808111225378 1.5511630024270477
1713 -0.38872139462582755 0.0 1.5518627968855057
1714 -0.3147516124262563 0.07999122076461293 1.5664519682689295
1715 -0.07976913204266109 0.23778208867123252 1.5964377926677291
1716 -0.07941378611230573 0.15844889150926894 1.600937017981252
1717 -0.23538265582528928 0.07896419052420979 1.5803283148780527
1718 -0.23470472709700924 0.0 1.5822507470504015
1719 -0.15765910926351306 0.07901795122988824 1.592957210604051
1720 -0.07906710422219926 0.07906710422219926 1.605563562445634
1721 -0.0791528004520957 0.0 1.6111922670297052
1722 -0.2402666058768993 0.2402666058768993 1.5734949497022361
1723 -0.23791101882671808 0.1592208879042874 1.5775333510363552
1724 -0.16005753104880194 0.23916114766047697 1.5858226683536973
1725 -0.6310956393328375 0.6310956393328375 1.506567821015091
1726 -0.5964921960202242 0.4330177095153433 1.4941330144613163
1727 -0.6123688317607857 0.5284631610769717 1.497762192453383
1728 -0.532493097400962 0.6170386130824639 1.5091837762242677
1729 -0.43916530243976626 0.6049606515201892 1.5153453606217766
1730 -0.5697072704276142 0.2525522565449148 1.501118907423569
1731 -0.58175084119565 0.34001628671510575 1.4959381948595982
1732 -0.5578251544736428 0.1661564327823492 1.507486777687918
1733 -0.48340486738540916 0.24725593587364933 1.523372100116625
1734 -0.40792293161382664 0.32794683124879415 1.5352286424389476
1735 -0.3467342653778216 0.5932449663033805 1.5254946639655296
1736 -0.2587303278200191 0.5836437609218932 1.5378400982351037
1737 -0.3298595638658091 0.4103021206230786 1.5441827826201064
1738 -0.2515265126050297 0.4917541819173243 1.5496836117938069
1739 -0.1709495848530948 0.5739168624473069 1.55097358857511
1740 -0.5060891134489447 0.4248207384823406 1.5099313527121034
1741 -0.4172194971371652 0.4172194971371652 1.526955782107869
1742 -0.4276375495871266 0.5094447816299922 1.5199430847593156
1743 -1.295383931150426 1.295383931150426 0.19692324165698707
1744 -1.4740516115276372 1.2634969266546021 0.42350023269612547
1745 -1.3834652187271392 1.2814374180048536 0.3066349208033175
1746 -1.2489397107209945 1.3483800502406478 0.2988585504872466
1747 -1.2042478356984987 1.4049289914697993 0.403641059889603
1748 -1.6369631228626693 1.1886312857896295 0.6784992669910199
1749 -1.5638160496581301 1.2343888033059167 0.5523451322683204
1750 -1.7063139403514869 1.0308095998968645 0.9123745134161171
1751 -1.6872091291671028 1.120824998774099 0.8016608235021996
1752 -1.627823271081197 1.2780737761248853 0.8310325956965687
1753 -1.6003897092127215 1.3603276952959955 0.9869058015029059
1754 -1.5274134156768489 1.4076814742405235 0.8401104260680727
1755 -1.1559012182176271 1.4643821071829108 0.5172247265655894
1756 -1.1013974425011774 1.516826133170434 0.6287040954894518
1757 -1.3836142500971127 1.5012991265372688 0.8257470020269165
1758 -1.3241141906859166 1.5577854747235553 0.9606332218031575
1759 -1.2160859052003825 1.5488721958767377 0.7907266742087784
1760 -1.0354102146038087 1.5586318724360568 0.7405686045633727
1761 -0.9567446935590161 1.5837132367998878 0.8468193101196346
1762 -1.4530252745198238 1.3432535024335552 0.5512832244636624
1763 -1.4259242930022857 1.4259242930022857 0.6875390973503883
1764 -1.3132277022371432 1.4205457414353924 0.5389603681157048
1765 -1.635607736721195 0.7771429293971176 1.0865458275527595
1766 -1.6861518189255549 0.9015937272486947 1.0186293628205294
1767 -1.4756526090046285 0.5212055060318239 1.1647975211168133
1768 -1.5616987030787883 0.6473031740915272 1.1339803026291309
1769 -1.565812200983687 0.7993748466887005 1.229386228816123
1770 -1.4618368550248242 0.8040418988808616 1.3472453744742012
1771 -1.5523025635457044 0.9572520973061698 1.3194537283728043
1772 -1.2990002704206218 0.287913884391246 1.2032015911805258
1773 -1.3835446750059268 0.3974972702640063 1.1859180717204847
1774 -1.2213830657950946 0.18567368857796104 1.2213830657950946
1775 -1.1848912585399343 0.28353240830802695 1.2792320726173898
1776 -1.1476793663711031 0.38468038066828775 1.338933703618582
1777 -1.3219824801213451 0.7889648936585396 1.434425196592509
1778 -1.164866099079516 0.7574223930108991 1.4836359052170454
1779 -1.2739083874366144 0.9242093522699649 1.49871966937328
1780 -1.1059930990424747 0.49489261644498994 1.4011547694386524
1781 -1.0580194734514687 0.6039429096148646 1.4570867198401856
1782 -0.9989930351595873 0.7145215177346411 1.5038120765856693
1783 -0.9274356839797492 0.820877765380172 1.5351976121607671
1784 -1.3716120628068547 0.5203947473985265 1.2679908186416649
1785 -1.2452733474462574 0.5110712944914055 1.347038101331749
1786 -1.3538591209028121 0.6527913736326376 1.3538591209028121
1787 -0.8491386499531666 1.5880508435964107 0.959365106263089
1788 -0.7459858959401687 1.5700333320039053 1.0429842851118702
1789 -0.9484616529012755 1.5380477717068322 1.3073371869969939
1790 -0.8095957862624228 1.4719344348578205 1.3565514182208933
1791 -0.7886177874393824 1.5447413170434947 1.2128425752868037
1792 -0.6358917221124392 1.534167168445115 1.1139891110412856
1793 -0.5246530211019733 1.4854133167273482 1.17250207711488
1794 -0.9364151315476871 1.2907325459012522 1.5185128487418085
1795 -0.7760447740585021 1.1935061030807994 1.5201133495305514
1796 -0.8046824537951567 1.3483186825276519 1.4630014545098597
1797 -0.8277252359357281 0.9351720228185558 1.548003684988629
1798 -0.7305159280121559 1.021355279083858 1.5374745860219845
1799 -0.6254021791154635 1.0956129688898955 1.5088598528780974
1800 -0.5181060027716456 1.1578707068902407 1.4668772027213703
1801 -0.4098558218068942 1.4265603368910826 1.2227893428244743
1802 -0.3028793641154732 1.3665210231965743 1.2657428231014605
1803 -0.4064425259157099 1.2126059036305488 1.41467988460186
1804 -0.3016140216545802 1.2604549153454527 1.3608120932422232
1805 -0.1985964611760013 1.306390563277647 1.306390563277647
1806 -0.6692195114280807 1.3879303189795276 1.3879303189795276
1807 -0.5328173577459859 1.2982596788538117 1.4043545189698026
1808 -0.5354314625766018 1.4112445533850977 1.3046291914992754
1809 -1.6815386774725152 1.0869787771705224 1.0869787771705224
1810 -1.5163112000323633 1.137959626693949 1.389225706693323
1811 -1.6200901222610464 1.125813488121804 1.2520464425121012
1812 -1.6376210458917293 1.2655947817459174 1.1379958661336587
1813 -1.5464934607422778 1.4168783234275648 1.160610777809565
1814 -1.1930904124652468 1.0728014818741034 1.5438037492611802
1815 -1.3658523478367912 1.1188137538593093 1.4907996610176601
1816 -1.0074803156847143 1.0074803156847143 1.558555836780885
1817 -1.0776012222831675 1.1984283285299902 1.5507107654838357
1818 -1.1221220621894568 1.3698911440032784 1.495207923715641
1819 -1.4025637862776352 1.5308694387427273 1.1488852782935768
1820 -1.2293528084503282 1.5907256105837333 1.1054078558275393
1821 -1.1308885467173622 1.5068891102557926 1.3805933037089588
1822 -1.1005386170468583 1.583718583456467 1.223937601440094
1823 -1.0378389377720787 1.6055201366428926 1.0378389377720787
1824 -1.4302636308387673 1.3002396643988792 1.4302636308387673
1825 -1.2974942881750602 1.4272437169925667 1.4272437169925667
1826 -1.4438449934955404 1.4438449934955404 1.3125863577232182
1827 -1.6767602021963128 -0.0823739465527198 0.0
1828 -1.6634396437723102 -0.08191725245753811 0.08191725245753811
1829 -1.64727968669858 -0.2443508590782934 0.0
1830 -1.6304885390142887 -0.24285379119812484 0.0814705440826072
1831 -1.6473395304984535 -0.16304146859944504 0.08171556261114722
1832 -1.6488753849833002 -0.08179174800644344 0.16319347610374424
1833 -1.6336145760472978 -0.0816267426278945 0.24331940007958985
1834 -1.61188569502008 -0.40375634792142945 0.0
1835 -1.591824021454561 -0.40222789976286527 0.08229007109446938
1836 -1.6116984679702282 -0.3238431192366221 0.08230174341053374
1837 -1.5664731610317186 -0.5604930593027967 0.0
1838 -1.544741361577549 -0.5571852437072841 0.08266757861681771
1839 -1.5695645797523852 -0.4803032113570381 0.08254028521528584
1840 -1.5698575280597213 -0.40056150455696216 0.16319436912982493
1841 -1.547114444898132 -0.3986297901800106 0.24220599544011803
1842 -1.5702381846025382 -0.32192925821937546 0.24236546751511132
1843 -1.6171580395614822 -0.08258053765720241 0.3249401263560953
1844 -1.6007733998343756 -0.08275271330441249 0.40448926133385527
1845 -1.572946175136603 -0.2427834444808041 0.3224844487582664
1846 -1.5539011024088665 -0.24326846961164375 0.4003784415926123
1847 -1.5780092030808799 -0.16404177562286737 0.40264146860004985
1848 -1.5833861792366244 -0.08326713569234014 0.48453276565764425
1849 -1.564551430179135 -0.08372772398759598 0.5643306974228242
1850 -1.6117565290143396 -0.24307228602584352 0.16267504295018956
1851 -1.5922772558352571 -0.24313459153263714 0.24313459153263714
1852 -1.6134742164686233 -0.16284840963142863 0.243331333970539
1853 -1.5075714924557497 -0.7130282130694763 0.0
1854 -1.4804125408405384 -0.7156128849838658 0.08665230445636422
1855 -1.512352978840027 -0.6412780018786852 0.08649902804182437
1856 -1.4330839190505487 -0.8589574451093921 0.0
1857 -1.4046536531339593 -0.8592529924544816 0.08704593667493941
1858 -1.4444022860122552 -0.7886442071102493 0.08692928213007593
1859 -1.4510036024821888 -0.7172252699401787 0.17140863592348693
1860 -1.4202478990393865 -0.7178271164816926 0.25370985457320305
1861 -1.4534685002068075 -0.6454673996740384 0.2530763347181993
1862 -1.3425732493911189 -0.9957201838211446 0.0
1863 -1.3118547460233474 -0.994877452498468 0.08781184657654625
1864 -1.3594942735654654 -0.9293069903915125 0.08776939774963285
1865 -1.237164424793066 -1.1213004740223969 0.0
1866 -1.2057915475439935 -1.1178609674776803 0.08793058006631337
1867 -1.2603045102535304 -1.057983642450515 0.08794022203228098
1868 -1.2802007953634953 -0.993333784238965 0.1736579811013181
1869 -1.2478162007812432 -0.9907361303042874 0.25708007047695564
1870 -1.2960319550229145 -0.927172507417091 0.25670414645561207
1871 -1.3877128469538575 -0.7187041392823491 0.3361078181664914
1872 -1.3562648392133256 -0.7189364358960508 0.415524983066579
1873 -1.3921855323315622 -0.6475794468413177 0.41333641990360614
1874 -1.3082628257261488 -0.8581798586147724 0.3385809723295759
1875 -1.275399534745868 -0.8574041256711473 0.4179954090747206
1876 -1.3173242232709823 -0.7892507870644148 0.4172141542026909
1877 -1.3249922530466816 -0.7196242204980203 0.49476425582313543
1878 -1.2940052356229346 -0.7204533361793832 0.5735518994435512
1879 -1.3324129247335228 -0.6499861354105387 0.5716674687628611
1880 -1.3735213677057827 -0.8601167788666295 0.1726796440179971
1881 -1.34105079123877 -0.8597021983714314 0.2566593148617554
1882 -1.3825888370140702 -0.7895458349424826 0.2555595379705047
1883 -1.5394624433937183 -0.0880495538565235 0.6527731379376801
1884 -1.5136481809311662 -0.08859767084882944 0.7316785772374829
1885 -1.4820651059779082 -0.258055544224908 0.6581667989138221
1886 -1.4554686824345107 -0.2600016152152538 0.7356285393191061
1887 -1.4859952133300405 -0.17554223302409738 0.734521483052992
1888 -1.4823958219721705 -0.08921586865694787 0.8093886924469113
1889 -1.4451538753457074 -0.08955572246455328 0.8840277382096882
1890 -1.4144532238818563 -0.4199476421086681 0.6579373330868548
1891 -1.3849276996027848 -0.4243065530325732 0.7341302049116485
1892 -1.4209052256452452 -0.34414710237878865 0.7358946553249817
1893 -1.3404164595435448 -0.5751013595643301 0.6538904705938907
1894 -1.308143839961915 -0.5798186618575374 0.7283251781043775
1895 -1.3470044577999742 -0.5029838149026296 0.7315793965759237
1896 -1.350531670931424 -0.4277313958537095 0.8091464237948514
1897 -1.3105979302378736 -0.4295312198709714 0.881066710366902
1898 -1.3483926151511316 -0.3489666401447187 0.8845037564874015
1899 -1.3997448604443077 -0.0903679888861443 0.9568210097450246
1900 -1.3489814503132593 -0.09029700316181696 1.0230334058123376
1901 -1.33808390757697 -0.2650333474026596 0.957256190261654
1902 -1.2864671694762162 -0.2650430972030754 1.0214240722731407
1903 -1.3191173881911393 -0.17893697871346365 1.0235299585915942
1904 -1.2917987307341527 -0.09013779311075185 1.0844219911425508
1905 -1.2299025687720493 -0.08968884092565711 1.1402137278463922
1906 -1.422771600887796 -0.2629869728629526 0.8124927393320013
1907 -1.3836595138847056 -0.26481405861410695 0.8870172059519217
1908 -1.4160511134854283 -0.17802650030584063 0.8867494536877767
1909 -1.516838251468411 -0.5612855412467596 0.16718715991549693
1910 -1.4575718605813286 -0.5668306744958008 0.3312958873289586
1911 -1.4873037528158446 -0.5644641188137219 0.25022795801437
1912 -1.518491697700588 -0.4818561910754445 0.2464638060540702
1913 -1.520435923374466 -0.40399238396736226 0.32478689454057624
1914 -1.398486768210835 -0.5717794939658556 0.4934353009955675
1915 -1.427133889565718 -0.5697446074497265 0.41360055768145243
1916 -1.369825794594393 -0.5738149146393464 0.5738149146393464
1917 -1.406275698264234 -0.49618350936814243 0.5749640435702581
1918 -1.4413358338193862 -0.41771645185678136 0.5754143495902424
1919 -1.524878081374907 -0.32573580312649003 0.40517270204125705
1920 -1.531419772430698 -0.2485621398860953 0.4859585993117375
1921 -1.476113732692327 -0.33551032514837653 0.5740413665785228
1922 -1.50785487251168 -0.25368553331239624 0.5722637156666059
1923 -1.5375213064427065 -0.16946686324983798 0.5689390268406557
1924 -1.4613264656131355 -0.4897980389063705 0.4111457035251909
1925 -1.4677662952730548 -0.41295755622095315 0.49195649973804795
1926 -1.494018059315173 -0.40821972104578313 0.40821972104578313
1927 -1.1189688701863287 -1.2345918963891969 0.0
1928 -1.0550723053951023 -1.2568364309046793 0.08769822998553177
1929 -1.11642445815273 -1.2042420428628333 0.08781758471010323
1930 -0.9902365835887231 -1.335179470393739 0.0
1931 -0.9254119417713371 -1.3537961605101052 0.08740152569536766
1932 -0.991119367484801 -1.3068992998538143 0.08748014302470378
1933 -0.9905401607889565 -1.2766003953575829 0.1731695903750755
1934 -0.9254079049692286 -1.293565336198428 0.25621558498340674
1935 -0.9885551883018502 -1.2450693394522134 0.2565141511503631
1936 -0.8527799442701918 -1.4227773815579356 0.0
1937 -0.786216498627575 -1.4399559366312142 0.08666168496304257
1938 -0.8558596006723416 -1.3991063461066289 0.08670217183643981
1939 -0.7080225226804949 -1.4969878493513602 0.0
1940 -0.6412543794395431 -1.5122972690447438 0.08649584172010463
1941 -0.7143840114855211 -1.4778703287364385 0.08650350232779536
1942 -0.7189227214823891 -1.4544376815728375 0.17181430742669648
1943 -0.6515756240218651 -1.4672230472005765 0.2554712612944526
1944 -0.7217634938752312 -1.4280361694942572 0.25510113349417063
1945 -0.8587732528867306 -1.30916743291217 0.3388150864346292
1946 -0.793556402837315 -1.3245106487351055 0.4194901910118449
1947 -0.8591100856437907 -1.2779371718883314 0.4188270862445406
1948 -0.7244551629118203 -1.3988172346115124 0.338797330997537
1949 -0.6579090787070068 -1.4143924817767122 0.41992960792881584
1950 -0.7262957421481437 -1.3701480809192161 0.41977845451843454
1951 -0.7286090894600619 -1.3415354452159303 0.5009416354596857
1952 -0.663676342450034 -1.3604766138000293 0.5837081040606659
1953 -0.7311994918761812 -1.3133063909319211 0.5821068990557399
1954 -0.8585234889540818 -1.370977041407768 0.17235977031982472
1955 -0.7911808290100255 -1.3854519064475677 0.2560887514879393
1956 -0.8592956355310929 -1.3404165932342087 0.25653793778461503
1957 -0.5573912043030593 -1.557804057060039 0.0
1958 -0.48196282633903104 -1.5749879723722322 0.08282549066618056
1959 -0.5581246248747399 -1.5473457035985274 0.08280695123550934
1960 -0.4023916004844613 -1.6064373178433764 0.0
1961 -0.3259729838615519 -1.6222983521396834 0.08284302887083114
1962 -0.4042790748090326 -1.5999415829479886 0.08270971214989051
1963 -0.4059496107991317 -1.5909742830399858 0.165389559104378
1964 -0.3297899951309091 -1.6085796181394476 0.2482834483383358
1965 -0.4072151920188306 -1.5804350835641368 0.24742245404369057
1966 -0.24407927486295486 -1.6454488146368134 0.0
1967 -0.16446781770589794 -1.6617510865739424 0.0824304415969349
1968 -0.24473816577707605 -1.6431399830746505 0.08210269819247386
1969 -0.08241387818740152 -1.6775730292932896 0.0
1970 0.0 -1.6948773303625946 0.0832639839863989
1971 -0.0826853907337508 -1.6790377213715733 0.0826853907337508
1972 -0.08334682750337534 -1.6802249082137026 0.1662962197778614
1973 0.0 -1.7012841701060355 0.2523616674560366
1974 -0.08401899795128683 -1.6814913262409894 0.2504504224796692
1975 -0.25159901415176983 -1.6300605167888902 0.33419399564236724
1976 -0.17196060914742867 -1.654184873162332 0.42207829039633993
1977 -0.2542093472843146 -1.623787026811747 0.41838526162659545
1978 -0.08589973449710851 -1.6821572028852034 0.3380005915838338
1979 0.0 -1.7052070721995076 0.42713213601197053
1980 -0.08692950012419753 -1.6815694120846978 0.4249050924047834
1981 -0.08822843106763179 -1.6777288807482125 0.5134026210867614
1982 0.0 -1.6954260404183688 0.6066331373273219
1983 -0.08930664739088777 -1.6688002043458985 0.6019330301401759
1984 -0.247227889929375 -1.6393113845390956 0.1654561623223054
1985 -0.16747292911423967 -1.6592931653055203 0.2502413829987856
1986 -0.24964300802680833 -1.6349005760705464 0.24964300802680833
1987 -0.5926567914937714 -1.38133375094144 0.6738510035589277
1988 -0.522279057249504 -1.398677646251579 0.7596439213870159
1989 -0.5982466242916094 -1.3497196413753296 0.7514730170837202
1990 -0.43898027803760636 -1.4785582944889448 0.6877560068191825
1991 -0.3621147683932651 -1.4950896379391425 0.7743151717184753
1992 -0.44347743680059104 -1.4475010625792342 0.7672994424083691
1993 -0.44672294876594876 -1.4104961578425537 0.845073052679734
1994 -0.36597190154039544 -1.4141002394533746 0.9276059211478648
1995 -0.44826843049616727 -1.3677694426396718 0.9195010121435043
1996 -0.27347641171291753 -1.5706302622760773 0.6974974903800425
1997 -0.18722595361893718 -1.5848999189311945 0.7834096829525595
1998 -0.2754885543454059 -1.5421633549735434 0.7794460917654855
1999 -0.09432342779873713 -1.6491551435334908 0.6992857686201446
2000 0.0 -1.6568836716612605 0.7836476144452552
2001 -0.09503822906299182 -1.6236819903038986 0.7848675428796399
2002 -0.09562092519722554 -1.5888211608467218 0.8674969686563605
2003 0.0 -1.581606783671928 0.9479786242878101
2004 -0.09576742890322848 -1.5453917092363834 0.9453451017715544
2005 -0.278924756303378 -1.4082179902717888 1.0074296393464053
2006 -0.18911135696367448 -1.3941225624171922 1.0817279958223969
2007 -0.27856675228182165 -1.3521083367192823 1.0735415844374605
2008 -0.09636090662934481 -1.4925714898017373 1.0202743373784693
2009 0.0 -1.474789632963746 1.0937785369238964
2010 -0.09608397400711403 -1.4354352201002776 1.0885977577387413
2011 -0.09586679485548755 -1.3739032168416625 1.1533459714717782
2012 0.0 -1.3504397841289544 1.223967275276106
2013 -0.09556019348507842 -1.310416393239736 1.2148561997546574
2014 -0.2781353786482002 -1.5047251718778172 0.8592934214303595
2015 -0.18906636883583003 -1.50386398459039 0.941739005080041
2016 -0.2793457119820387 -1.459587735143962 0.9356922145060107
2017 -0.5659127539463354 -1.5293429976352315 0.16856544332512946
2018 -0.4157773737179944 -1.5647890411176675 0.3342613558799503
2019 -0.4905734096230709 -1.5459625992616302 0.2509225613865647
2020 -0.5723314693542919 -1.5080333963728147 0.2537155686438771
2021 -0.5774575868257521 -1.4848983428518583 0.33750700558407054
2022 -0.2616267077958055 -1.6119120695454647 0.5115008605946715
2023 -0.33912034634505717 -1.5875355982561035 0.4218213218411166
2024 -0.1801282454261199 -1.634248784238739 0.6047317256835426
2025 -0.26829760033736694 -1.5947060073532455 0.6052256101037714
2026 -0.352687183965336 -1.5516851690498166 0.6034301119307058
2027 -0.5827143528972365 -1.4596213638220064 0.4230158182735414
2028 -0.5866200775933796 -1.4347846068962813 0.5062424546736504
2029 -0.43603662872322296 -1.5045498328901352 0.6006508290468764
2030 -0.5141657371478108 -1.4572406526606472 0.5958013632340369
2031 -0.5901605007992043 -1.4088464003303232 0.5901605007992043
2032 -0.4228387058933814 -1.5475211760073653 0.4228387058933814
2033 -0.4298050319471681 -1.5276469214024346 0.5120269042211077
2034 -0.5042753535017346 -1.5045199480052875 0.4232982342044823
2035 -1.1278285469732692 -0.0887146266270246 1.2165431736002936
2036 -1.058664331091414 -0.08799680127208555 1.2611153686919618
2037 -0.9944261678127562 -0.25803757578409364 1.25246374359685
2038 -0.9251558452187053 -0.2561457977727245 1.2932129988624521
2039 -0.9926162217119052 -0.17353253438668872 1.2792760064028856
2040 -0.9880341152546073 -0.08720782637423859 1.3028310573072632
2041 -0.9172325284551742 -0.08662901221152687 1.3418303992714387
2042 -0.856528654965109 -0.4175686059780864 1.2740972609431955
2043 -0.7872385288650888 -0.41615043324551354 1.3139655994813155
2044 -0.8555243044133541 -0.3375332664034063 1.3042145335079836
2045 -0.721792279781729 -0.574617830584138 1.296410110365867
2046 -0.6529100252928947 -0.5742390508888892 1.3384066351490351
2047 -0.7196336766746096 -0.49477075724157 1.3250096640236433
2048 -0.7174705206773095 -0.4146777254148154 1.353499407988563
2049 -0.6476422364154091 -0.4133764971758061 1.3923205192232209
2050 -0.7151956908621058 -0.3344670638153961 1.3809385448738551
2051 -0.8440720414967643 -0.08550804258864002 1.3798367733464452
2052 -0.7723684304793 -0.08513526454155886 1.4145931924306148
2053 -0.7112777519476325 -0.251395037696923 1.407289735428721
2054 -0.6399659379054072 -0.2509193090021049 1.441080265898095
2055 -0.7065311217263726 -0.16885285681960094 1.4293684925187524
2056 -0.6995476535760099 -0.08470699386690098 1.4471778541170996
2057 -0.6261938957278111 -0.08446440262646956 1.4767794946357002
2058 -0.8542790467973677 -0.2550402630900752 1.3325912086959046
2059 -0.7828077347149147 -0.2533785553033215 1.3707896206227936
2060 -0.8505592360442008 -0.17076084283562923 1.3582589177548974
2061 -0.5869657144995268 -0.7373027752926469 1.3242684897921737
2062 -0.5113499695041042 -0.7437477927621757 1.369409249383599
2063 -0.5811975184439795 -0.660821805622639 1.3546250708889689
2064 -0.4398656290303162 -0.902264945699702 1.342130574730018
2065 -0.3588169326440245 -0.9094706722777544 1.3864537365741834
2066 -0.4373310409033856 -0.8273062281415537 1.380841872134708
2067 -0.4336576483850084 -0.750309360048818 1.4154494789216638
2068 -0.35405277341387664 -0.7570760929187971 1.4618034916483318
2069 -0.42913314086568477 -0.6723283712765639 1.445391505293764
2070 -0.2750568624795729 -1.0600151580831232 1.3350720205626962
2071 -0.1867953518360959 -1.0684803113618007 1.3770490505199062
2072 -0.2743232926920838 -0.9908099212266207 1.3849864065110502
2073 -0.09523569411999949 -1.2107308411601905 1.30596653528019
2074 0.0 -1.2203741630902645 1.3464753957481423
2075 -0.09516023315172718 -1.1448455298344347 1.3637772144113443
2076 -0.09508130263365246 -1.0772378424128173 1.4204559291360372
2077 0.0 -1.0862854710252443 1.4646864031659437
2078 -0.0951732868941726 -1.0076997572842694 1.474175986693176
2079 -0.2697259143231792 -0.7631417220458477 1.5099045473751718
2080 -0.1838996035796712 -0.7694912342584517 1.5567417933846721
2081 -0.2677481117352353 -0.682887547118202 1.5377314786479381
2082 -0.09451741249117365 -0.9330058659185778 1.5252202895614233
2083 0.0 -0.9414909184092575 1.5707827003380919
2084 -0.09438420868850492 -0.8562771669216503 1.5682720879845735
2085 -0.09385745328020986 -0.7751161765456815 1.6035090094730022
2086 0.0 -0.7799381081374446 1.6490405795391887
2087 -0.09318157795120487 -0.6908204343239381 1.6291909883586089
2088 -0.27400326710019485 -0.9177972411165848 1.4316733384278117
2089 -0.18583629139197186 -0.9256499992085004 1.4781714345870944
2090 -0.2724356383706591 -0.8416841933337508 1.47388931521526
2091 -0.5433446050698715 -0.08061409264318994 1.5063695503795271
2092 -0.46793804978289477 -0.0804153276074047 1.5291569389730202
2093 -0.39628310258660693 -0.24078015668308317 1.5380067606184933
2094 -0.32034522043521557 -0.2411729196235559 1.5625119014175344
2095 -0.3940731519036783 -0.1605509233520894 1.544428750851762
2096 -0.3914427571643463 -0.08008358528948331 1.5491416290266442
2097 -0.3148337532944847 -0.08001209610905868 1.566860765935508
2098 -0.24821666433970735 -0.4085223268116119 1.5855081793767392
2099 -0.16829476807144256 -0.41308046268516707 1.6189211061555844
2100 -0.24501194546448665 -0.3254445225508472 1.5873841946072789
2101 -0.08820621255561283 -0.5945160226248266 1.6482372795062907
2102 0.0 -0.6037411695536866 1.6873435319469818
2103 -0.08699376431951338 -0.5062180759579157 1.6542507792297818
2104 -0.08545223062396728 -0.4176843062205158 1.6529930231552354
2105 0.0 -0.42266157557230116 1.6873595944854778
2106 -0.08407962304527536 -0.330838767963892 1.6465143268428095
2107 -0.235912295056915 -0.07914186943198043 1.5838842432937372
2108 -0.15841428395454413 -0.07939644098024069 1.600587349927831
2109 -0.08181301224275446 -0.2438746471650627 1.637342432238952
2110 0.0 -0.24691125265081337 1.664540458106854
2111 -0.08072796152486046 -0.16107097575385534 1.6274300511065625
2112 -0.07970243112977081 -0.07970243112977081 1.6184647271344472
2113 0.0 -0.08046630273114096 1.637929220146158
2114 -0.24229372131659938 -0.24229372131659938 1.5867704354701822
2115 -0.16265331486072443 -0.243039819482227 1.6115412508166314
2116 -0.2390924038854176 -0.1600115245840454 1.5853668441620852
2117 -0.5789103193728568 -0.5789103193728568 1.3819896764660373
2118 -0.42630409783494055 -0.5872440362187402 1.4709676135145742
2119 -0.5033019661053 -0.5832127188936037 1.4264507192586997
2120 -0.5756672960998848 -0.49679040350704445 1.4079957483320884
2121 -0.571841176351193 -0.41512254148880356 1.4323855137004078
2122 -0.26265484272720463 -0.5924966799419515 1.5611666113703928
2123 -0.34478338009451304 -0.5899070992688172 1.5169115345005104
2124 -0.17692685380287748 -0.5939839216601792 1.6052035317533264
2125 -0.25592716802348775 -0.5003578105479254 1.576796553139457
2126 -0.3309935462475002 -0.4117126462737653 1.5494913328682183
2127 -0.5662262083729052 -0.33094259462700115 1.4560175113707976
2128 -0.5602623042299518 -0.2483652860601961 1.476232412068427
2129 -0.40557039494083086 -0.3260555255939409 1.5263748090236928
2130 -0.47873638753652326 -0.24486806303242853 1.508660142435654
2131 -0.5525933222621805 -0.16459805455182175 1.493348085987464
2132 -0.42019001176361237 -0.5005725268809778 1.4934724588185795
2133 -0.4130966498973231 -0.4130966498973231 1.5118668289912922
2134 -0.49359940936548463 -0.41433664552092053 1.4726679631616084
2135 -1.1437916678002498 -1.1437916678002498 0.17387830556416023
2136 -1.016758281586806 -1.186195353458752 0.340798113366077
2137 -1.0803867232312667 -1.1664069063100984 0.2585255375410931
2138 -1.167579954673152 -1.0814732616170524 0.2587855351088197
2139 -1.187866242981346 -1.0181904999433864 0.3412781658256342
2140 -0.8880018432880786 -1.2229412837059808 0.506892765621072
2141 -0.9510166859419836 -1.2048190594290291 0.4255461778162475
2142 -0.7613886094544816 -1.2603375041006615 0.673908704518381
2143 -0.8248580511226494 -1.2416818286916314 0.5899729085795292
2144 -0.916318420832858 -1.167072259063666 0.5958110478239739
2145 -0.9426238915055425 -1.1089721843053915 0.6838653586036447
2146 -1.0033728970071378 -1.088715914686667 0.5988173087698059
2147 -1.2052994231431977 -0.9513958581537113 0.42571584390919837
2148 -1.2196328525262192 -0.8855995260017433 0.5055214652545535
2149 -1.0875544344231025 -1.0023024636634636 0.598178469494808
2150 -1.1041643776961192 -0.9385372665750201 0.6809005480903799
2151 -1.1626595056229576 -0.912853779091173 0.5935582590777084
2152 -1.23149535401851 -0.8180911037030075 0.5851329053257122
2153 -1.240811538729926 -0.7495926837016498 0.6634680741438586
2154 -1.0415030789210729 -1.1266155602206527 0.4274421578624119
2155 -1.065418414048648 -1.065418414048648 0.5137136791134784
2156 -1.1271332691633134 -1.0419816764807057 0.4276385785718438
2157 -0.6135329768837747 -1.2912673406205604 0.8577980586096825
2158 -0.6842541744718923 -1.2796855013776445 0.7730770220380324
2159 -0.4561234032618487 -1.2913902141515756 1.0193511067980279
2160 -0.5370395395750718 -1.2956740921802277 0.9408145734274413
2161 -0.6239226679185623 -1.2221371862575368 0.9595522538176684
2162 -0.6281286283435555 -1.1420071266023124 1.0524866804684656
2163 -0.7072277763150743 -1.1468572315214107 0.9748260974238119
2164 -0.27911125781221624 -1.2592848731213624 1.1664151252243928
2165 -0.3673527056612171 -1.278622314636355 1.0959829033535426
2166 -0.18787697393139566 -1.2358765324807066 1.2358765324807066
2167 -0.27783147182263096 -1.1610668574869918 1.2535107773355103
2168 -0.36399529767207334 -1.0859662036015671 1.2669363879830295
2169 -0.6256049476234912 -1.0482580237510868 1.137418796700549
2170 -0.6170378036796742 -0.9489637829424348 1.2086511421669281
2171 -0.7026077072128404 -0.9684579030689106 1.1393652185696101
2172 -0.4502071234794576 -1.006129320103507 1.2746398659771
2173 -0.5287936729863275 -0.9263690235460166 1.2757799225347963
2174 -0.6036291528339018 -0.8439512380427708 1.270423335449383
2175 -0.67387884337807 -0.7613548720476998 1.2602816580865104
2176 -0.45696672226483304 -1.204433887338521 1.11344246104169
2177 -0.45482921643258356 -1.108234226747177 1.1988000318884227
2178 -0.5437544843415716 -1.1277216548696682 1.1277216548696682
2179 -1.2480123040705478 -0.6673183590290187 0.7539427730165086
2180 -1.2500887280993003 -0.5939673641486376 0.8304428140636524
2181 -1.114205743982567 -0.6870927165266454 0.9470724055973686
2182 -1.1016453980200203 -0.6059288043482376 1.0152888550398866
2183 -1.181088168608868 -0.6029664177571369 0.9273229117726902
2184 -1.2471316799376158 -0.516919360528527 0.9055669682288812
2185 -1.2378608156026853 -0.4372166381546649 0.9770979976609943
2186 -0.9430092458400794 -0.6841449297905756 1.1094255435316471
2187 -0.9163148184130088 -0.5958087054487731 1.167067670828642
2188 -1.0104599433174737 -0.6030468888305599 1.096405757744217
2189 -0.7524549106936635 -0.6660014449616956 1.2455494241914233
2190 -0.8190883637674332 -0.5858461873504419 1.2329965574059194
2191 -0.8870933042871355 -0.5063741497529366 1.2216900589923065
2192 -0.9560952218803836 -0.4278186422108632 1.211252928553543
2193 -1.2210511005514393 -0.35081229257738183 1.0466352065081928
2194 -1.196834886354043 -0.2652696761899594 1.1085707004320018
2195 -1.0283615186572819 -0.3446872986072202 1.1997322049871197
2196 -1.0976576800212579 -0.26265830157083553 1.1850529733574409
2197 -1.1653411083357694 -0.17715423448693163 1.1653411083357694
2198 -1.0812508672642767 -0.5213476261933729 1.0812508672642767
2199 -1.0565158840066053 -0.4336035470423416 1.1428552239856815
2200 -1.152275172481846 -0.4371775107388529 1.0652241831890805
2201 -0.7792092018856477 -1.205424096893526 0.7792092018856477
2202 -0.7993088778230439 -1.0650650298108912 0.9757995051951078
2203 -0.792814730446307 -1.140891743730957 0.881709868730133
2204 -0.8712220271259594 -1.1273209623207492 0.7833842867036823
2205 -0.9575892829421285 -1.0451889478868135 0.7843922968692272
2206 -0.7871901348641278 -0.8754546097875656 1.1327977283007424
2207 -0.7972148876287561 -0.9732431535115955 1.0622748246842109
2208 -0.7712403223920118 -0.7712403223920118 1.1930963685458325
2209 -0.8670134271105572 -0.7796000032277893 1.1218752287744598
2210 -0.9575638699888159 -0.7843714802987264 1.0451612101725254
2211 -1.041267438689304 -0.9539964443572139 0.781449286791626
2212 -1.1150992673610558 -0.8617767935025386 0.7748913338461401
2213 -1.0444908282413108 -0.783868372775567 0.9569496742932845
2214 -1.1186527033071165 -0.7773606446963716 0.8645229782819079
2215 -1.1839390850762805 -0.7653208791337107 0.7653208791337107
2216 -0.8862863427379836 -0.9749149770117822 0.9749149770117822
2217 -0.9681335341848695 -0.8801213947135175 0.9681335341848695
2218 -0.9681734888115907 -0.9681734888115907 0.8801577171014459
2219 0.0837026437046397 -1.7038064540556312 0.0
2220 0.08416924413095644 -1.7091693541156956 0.08416924413095644
2221 0.255460873223946 -1.7221773182849842 0.0
2222 0.2578495594520951 -1.7311681625490338 0.08650119809282585
2223 0.17038465827934807 -1.7215337017333272 0.08539593228156424
2224 0.0850290748598398 -1.71413806357638 0.16965269277738873
2225 0.08588133065584033 -1.718762614469126 0.25600180995186395
2226 0.4328916873431268 -1.728200490007594 0.0
2227 0.43952053405041797 -1.7394102806803486 0.08991961029011442
2228 0.34913611327262184 -1.7375763307894019 0.08872972468165659
2229 0.6142295728218577 -1.7166566553638976 0.0
2230 0.6230228175958167 -1.727269568632801 0.09243566360621504
2231 0.5312925784522852 -1.7361907913710282 0.09130282688369881
2232 0.44580881735969524 -1.7471881846998487 0.1816287583151487
2233 0.45131197645896903 -1.7515782692003374 0.2742154982018028
2234 0.35895901850813133 -1.7508540872815685 0.2702434405020868
2235 0.08798040617109466 -1.7229025772885762 0.34618767459190425
2236 0.08916372216186481 -1.7247883358445164 0.4358258076971927
2237 0.26986791069674426 -1.7484211035489807 0.3584602096930279
2238 0.2738712006106686 -1.7493790347197071 0.45074532130138756
2239 0.18085999764135155 -1.7397930476159422 0.44392188992597087
2240 0.09061014988444234 -1.7230190258457885 0.5272618801537721
2241 0.09180850198506915 -1.7155503128763372 0.6187957045417163
2242 0.2622208400399955 -1.738726194944136 0.17549012729244573
2243 0.26639827585725095 -1.7446300543552549 0.26639827585725095
2244 0.17497184106845134 -1.733591103597168 0.2614464064514297
2245 0.7961440279966586 -1.6833051182221663 0.0
2246 0.8159810028206225 -1.6880474555604512 0.0988057031541797
2247 0.7252515209778325 -1.710391273278981 0.0978258282159272
2248 0.9742504690708724 -1.625438708637203 0.0
2249 0.9929938978737283 -1.6232850143515232 0.10059445205539591
2250 0.9057699642741581 -1.658918172736845 0.09983961342700871
2251 0.8336714722675341 -1.686583504855756 0.19923794637300182
2252 0.8488267536904879 -1.6794355993210577 0.3000105558733795
2253 0.7583659813242688 -1.707694402598631 0.2973418688928958
2254 1.1432400811785481 -1.54148080511116 0.0
2255 1.160908747303078 -1.530785169595455 0.1024664299623429
2256 1.0798721025778053 -1.5797577709160784 0.10198968163357243
2257 1.2967683708596482 -1.4307634151525148 0.0
2258 1.310231380724392 -1.4132937549194036 0.10306237419501166
2259 1.2382429345982322 -1.4750352393437043 0.10292348031606255
2260 1.1758303660598595 -1.515400959603579 0.2055626524814309
2261 1.1878293047495332 -1.4960518799026319 0.30822257515309853
2262 1.1096424727142618 -1.5510944207078154 0.30722419134551504
2263 0.8633246300038251 -1.666953917009974 0.40374076327113406
2264 0.8754554541851309 -1.6515360628912419 0.5059885611756889
2265 0.7841681946704997 -1.6858280800291376 0.5005181615450526
2266 1.0383836062139447 -1.5829766420362588 0.40967744408556184
2267 1.0504535280913376 -1.5625629745496477 0.5121094464583097
2268 0.9647456670614638 -1.6102395554685272 0.5099843473084925
2269 0.8871062789131364 -1.6333649058886952 0.6099134317890794
2270 0.8980287360465604 -1.612948164480093 0.7149194284335325
2271 0.8053138122908025 -1.6508206460203425 0.7082792748206497
2272 1.0110260938943478 -1.6145086078914033 0.20297665418948097
2273 1.0260569962666177 -1.6005478982210648 0.3063236155145001
2274 0.9385870275833498 -1.6435777246516545 0.303801067016944
2275 0.09717966850917252 -1.6990937872905334 0.7204610855819364
2276 0.09799283409113234 -1.6741599823703688 0.8092679721750915
2277 0.29867181468056003 -1.715332549845805 0.7617579881281722
2278 0.30162533392946006 -1.688475000433093 0.85339548231833
2279 0.1990208745079081 -1.6847459541597156 0.8327631783172352
2280 0.09867540408314733 -1.639573866693296 0.8952079656886177
2281 0.09890916215430536 -1.5960896195222758 0.9763579646414504
2282 0.5054368450775951 -1.7023950209575958 0.7918743589662429
2283 0.5130632401247137 -1.6746276667617788 0.8876959804494824
2284 0.4080766042133205 -1.6848556195369893 0.872596020504107
2285 0.7123573172908267 -1.6603255361737652 0.8099505481732322
2286 0.7236862472760974 -1.6327272106187996 0.9090409633427021
2287 0.6188305397818947 -1.65724516577207 0.9000760252375765
2288 0.5192400070163008 -1.639463647251199 0.9822547487539302
2289 0.5235117194707535 -1.5973539157403835 1.0738421962696298
2290 0.41556151993430046 -1.6057124669223795 1.0532976025475418
2291 0.09964407660902078 -1.5434257841338432 1.055036713456972
2292 0.09946898569034986 -1.4860052037086562 1.1269487540039158
2293 0.30815021682330734 -1.555769680640135 1.1129871220938357
2294 0.3088756352872772 -1.4992217056071317 1.1903460703198545
2295 0.2026907121248043 -1.4942291118976863 1.1594026996522206
2296 0.09937933831377405 -1.4242428027630514 1.1956043765153719
2297 0.09920995697467973 -1.3604655793474243 1.2612556223727445
2298 0.30543693315747056 -1.6524278355991957 0.9436410017297784
2299 0.3076857208385426 -1.6076649296973688 1.0306194838666627
2300 0.20170882302037976 -1.6044240770174434 1.0047110307175882
2301 0.640811595780277 -1.731752323968579 0.19087516578717942
2302 0.6708317888169175 -1.7250046311144356 0.39208148522000946
2303 0.6568702111746714 -1.7307841147568714 0.2911917447793501
2304 0.5538483928085224 -1.7453634545765901 0.283286975236032
2305 0.4655754434360148 -1.7522053814219967 0.37429617103908364
2306 0.6952994236837499 -1.7005979651736327 0.6000307531629027
2307 0.6844609381971163 -1.714482924827409 0.49687776250603166
2308 0.7048575534082192 -1.6826541686880494 0.7048575534082192
2309 0.6023660529341794 -1.7072166359970358 0.6980055059579308
2310 0.49966597785497163 -1.7241036967097916 0.6883017711698093
2311 0.3744168830279834 -1.752770474556573 0.4657255933496622
2312 0.2833742082514012 -1.7459009071613092 0.5540189402377567
2313 0.3940587342587961 -1.7337037507549862 0.674214762917012
2314 0.29192224350108886 -1.7351260496025651 0.6585180698733273
2315 0.19056705396020518 -1.7289569190755205 0.6397771938940606
2316 0.5817376629556107 -1.7356309649975432 0.48832155644605635
2317 0.4893593037120828 -1.739319408124784 0.5829739316832713
2318 0.47772879492909304 -1.748410011281381 0.47772879492909304
2319 1.4279762501054623 -1.2942422317096633 0.0
2320 1.4657820992154194 -1.2304752317792853 0.10227782429344505
2321 1.4095456324400364 -1.3067565845794493 0.10278904786058708
2322 1.5312077134254893 -1.135621037117968 0.0
2323 1.5565472150451065 -1.064006105757387 0.10049120050728819
2324 1.515057122695431 -1.148980994417246 0.1014136389841342
2325 1.4961427783791401 -1.1608875523211757 0.2029502991043423
2326 1.5190185655207735 -1.0866956225489883 0.30087094905414125
2327 1.475085353559043 -1.1711823857861756 0.30390296777286724
2328 1.6042603742749302 -0.9615566639603231 0.0
2329 1.6183656339438965 -0.88362826240039 0.09739901698101752
2330 1.5915403468775582 -0.973575089215367 0.09862724518661328
2331 1.6495885884704038 -0.7801972970587832 0.0
2332 1.6538206271106675 -0.7012640580988775 0.09459027013013546
2333 1.6389199124516836 -0.7922333636414288 0.09593014333202562
2334 1.6251926872748428 -0.8033262369862458 0.19198578222828797
2335 1.6267508035800178 -0.7224199292623437 0.28324805856565755
2336 1.6094526772551196 -0.8134557179835995 0.28750896583971974
2337 1.5361490175398775 -1.0076661361618053 0.39755836348333745
2338 1.549029532623366 -0.9280727980339606 0.4905983165508859
2339 1.5160370693167282 -1.0191758758650975 0.4968611934516306
2340 1.5922325510150783 -0.8246260223262755 0.38564304561283574
2341 1.5971510075884425 -0.7429197775701729 0.4741901594225306
2342 1.5758440215223644 -0.8353321944248903 0.4827984486705822
2343 1.5602599040694989 -0.8474017977528289 0.5826153538276008
2344 1.5710312076753588 -0.7663904217159132 0.6740458735934666
2345 1.5455436535836433 -0.8605004452699709 0.6850432083136724
2346 1.5749899910121272 -0.9862790267902939 0.19800835820570944
2347 1.5860880563861262 -0.9057567841182703 0.29317460116774335
2348 1.55605013589136 -0.997530989386506 0.2978073346494976
2349 1.6733615863287707 -0.598738349416382 0.0
2350 1.672016896839079 -0.5116546941456416 0.0879280491737696
2351 1.665532217691476 -0.6007542736274241 0.08913175950972345
2352 1.6828894521385112 -0.4215418632041871 0.0
2353 1.6781408065591932 -0.3371935657411253 0.08569463631874107
2354 1.6759975253699488 -0.42349716774679125 0.0866414588911798
2355 1.6678487504889494 -0.4255647362439426 0.1733810360335173
2356 1.6643695032460615 -0.3412280027558877 0.2568945888131176
2357 1.659384252557975 -0.4275572493079228 0.25978221328993156
2358 1.6841841956639816 -0.24982512586029407 0.0
2359 1.679137808382564 -0.16618862668627246 0.0832929023879566
2360 1.679120040448468 -0.25009723033452463 0.08390051202570721
2361 1.6810866589091957 -0.08258649174168771 0.0
2362 1.678543197525292 -0.08266103755994388 0.08266103755994388
2363 1.6760175464819733 -0.08313812315029467 0.16587980626809595
2364 1.6737050960619242 -0.08362994375442363 0.24929069919865163
2365 1.663661744035165 -0.2567853465378252 0.3410828984016592
2366 1.665175146801621 -0.1731031018520658 0.4248825452193157
2367 1.6595846058998376 -0.2598135792827743 0.4276088723865463
2368 1.6714795691354103 -0.0853544787370693 0.3358551045164209
2369 1.6691560080921035 -0.08628778352531022 0.4217684282072632
2370 1.665932650101719 -0.08760809071681902 0.5097928508775528
2371 1.6608066381281 -0.08887886784139493 0.5990497661505291
2372 1.673640342193908 -0.2524051099770844 0.16892099374094835
2373 1.6714716848709625 -0.16870211054314296 0.2520780503476642
2374 1.668335610475123 -0.25474840873704585 0.25474840873704585
2375 1.5815846496097168 -0.6785737938240188 0.771538668787717
2376 1.5882449448625566 -0.5930652246478413 0.8626009154231418
2377 1.5676286460643267 -0.6948321095003006 0.872796536564026
2378 1.6169827545620827 -0.48007815574496787 0.7521445765907306
2379 1.6180202009815934 -0.3918888844294989 0.8379815885112981
2380 1.604980719986833 -0.49172519054725483 0.8507771381719929
2381 1.5880489500174573 -0.5029562865464082 0.9514505704494811
2382 1.577202338613175 -0.4081830430913056 1.0345958421670143
2383 1.5648158883766103 -0.5128478093093665 1.0519680790672437
2384 1.639954882075018 -0.28554713817307287 0.7282836973522933
2385 1.6342488055885445 -0.19305559134816738 0.807802640002092
2386 1.6279580915591068 -0.2908147309635809 0.822808795145773
2387 1.651189804716018 -0.09443980024428754 0.7001485192318648
2388 1.637688698645202 -0.09585807726215191 0.7916382103042462
2389 1.618034824582584 -0.09737910769357087 0.8834476403610985
2390 1.5914507421654327 -0.09862169241132233 0.9735202763318778
2391 1.5525226503170177 -0.30750707978923897 1.1106642185306355
2392 1.5144269369095755 -0.20543052725920008 1.1750746020796519
2393 1.5125775912766435 -0.3116272681215444 1.200950323155099
2394 1.556258300852422 -0.1004725481119186 1.0638086132161488
2395 1.5142024246860832 -0.10135642791660279 1.148332813068836
2396 1.4645027951319698 -0.102188558338884 1.2294012986282108
2397 1.4083137514387298 -0.10269921474537061 1.3056145366933591
2398 1.6100510691955428 -0.29760395595349554 0.9194411828706925
2399 1.589547109243073 -0.1998384848081418 0.9953948818011958
2400 1.585108701376134 -0.3033687582412903 1.0161594505842386
2401 1.6540991989686042 -0.6120771039826718 0.18231617446774195
2402 1.6501641951090147 -0.438462257350575 0.3524987118312829
2403 1.6516496561001377 -0.5241106115263102 0.26807644791654395
2404 1.641104882286882 -0.6228349921844513 0.276103871051622
2405 1.6278894773062937 -0.6330649729050918 0.3700078901376204
2406 1.6547606629313925 -0.2685813901466874 0.5250978134348804
2407 1.6515696602552736 -0.3527989393207948 0.43883570104937947
2408 1.6561181687151736 -0.1825387069741298 0.6128241965127204
2409 1.6487501533697377 -0.2773901318896703 0.6257365388232639
2410 1.6388205069010067 -0.372492436695452 0.6373159076587537
2411 1.6148758074153267 -0.6446954905232369 0.4680104224394205
2412 1.603468229599735 -0.6555873632496478 0.5657599674837201
2413 1.6259288138494763 -0.4712137165792661 0.6491081044048119
2414 1.6108459421337418 -0.5683630838575231 0.6586037841663197
2415 1.5927194471504336 -0.6671842340957433 0.6671842340957433
2416 1.6416485914527514 -0.4485577171438138 0.4485577171438138
2417 1.6338001214768776 -0.45967134392677433 0.5476066534719245
2418 1.6295663495802757 -0.546187604942435 0.4584801678508225
2419 0.09912777777344871 -1.2602108786518984 1.3593386564253471
2420 0.09922416982164262 -1.1937375887963404 1.4220190245423108
2421 0.3117247610253723 -1.2013260416699236 1.5130508026952958
2422 0.3124189071114356 -1.1284049185434744 1.57732117910986
2423 0.20349634702716607 -1.1640109782997257 1.50016822529884
2424 0.09931154041801019 -1.1251649542370281 1.4836530685946576
2425 0.09957156037799568 -1.0542689077964993 1.542302552080909
2426 0.5419746338632832 -1.1117138537768498 1.653688487640133
2427 0.5420369887784627 -1.0253801691579039 1.7114435069713294
2428 0.4270995864684749 -1.0825424128475936 1.6502950771723202
2429 0.7724341380490054 -0.9702744464383435 1.742708584487349
2430 0.7655845086728715 -0.8704698855776208 1.7843847167638025
2431 0.656237032038578 -0.9544829827228066 1.7574207784409719
2432 0.5392774514516038 -0.9330515004042489 1.760190303328139
2433 0.5337318159122237 -0.8362044510635063 1.797697169853403
2434 0.424412253561692 -0.9075267723937399 1.752301805667772
2435 0.09899610451141787 -0.977216195173209 1.597492601719897
2436 0.09896196453974518 -0.8978077138810001 1.644335306894439
2437 0.3100225197310789 -0.8771538328982751 1.7354817890052394
2438 0.30782567748198525 -0.7851047780442977 1.7679050325787375
2439 0.202184764970385 -0.8460018472955246 1.7115288314294599
2440 0.09846170785823628 -0.8131401381985521 1.6821704629830498
2441 0.0977537860963803 -0.724717422184817 1.7091316855522145
2442 0.31350301211370857 -1.0501049956257853 1.6380604096807456
2443 0.3127027889191098 -0.9660887107820509 1.6917364489547115
2444 0.20366035656344816 -1.0144316133285833 1.6199468853741694
2445 0.9760805817072102 -0.777056394265549 1.7531369759727593
2446 0.9636814046162002 -0.6625612360233778 1.7743571702435808
2447 0.8733608482418656 -0.7681271310743677 1.7903109293534432
2448 1.1323613405364037 -0.5520405460930254 1.6844018866294292
2449 1.1067583373942442 -0.4366535875284613 1.6872113407701506
2450 1.0418489013574117 -0.550742698405899 1.7389311702192396
2451 0.945055646018119 -0.5462155090515295 1.7828359779775218
2452 0.9212633946631538 -0.43083629634591764 1.7788252193440208
2453 0.8441156336172069 -0.538781358311848 1.814704865123254
2454 1.237996496839515 -0.32124015358153674 1.5592366504210518
2455 1.2033447584434893 -0.21037281187435974 1.5508612928494199
2456 1.1604304335073905 -0.3212857387073333 1.6220874879005804
2457 1.3105521609673296 -0.10308760666457269 1.4136397676319024
2458 1.2405369397355286 -0.10311415937103335 1.4777679328420488
2459 1.165628529822327 -0.10288301676649061 1.537008719121606
2460 1.0870460388499077 -0.10266723175705898 1.5902526078017216
2461 0.8913147850797484 -0.31502758715760504 1.763499764534933
2462 0.8595594069296058 -0.20542486665213835 1.738956849786314
2463 0.7947698284644603 -0.3116151725617315 1.789668868127537
2464 1.0020105648658604 -0.10150787828830803 1.638024903930973
2465 0.9157474952006375 -0.100939399101017 1.6771920259510484
2466 0.8256458936752498 -0.09997600777340353 1.7080415416470482
2467 0.733370819788819 -0.09892100293496323 1.7295393583636314
2468 1.0760965583934803 -0.32126264877019267 1.6786046887126926
2469 1.0403307632341812 -0.2088599481723463 1.6613052644626791
2470 0.9858397497963504 -0.31909578876983974 1.7263228717462253
2471 0.09227292226036882 -0.6219259295780015 1.7242285543394864
2472 0.09086613716481341 -0.5287514741442471 1.7278868133399756
2473 0.27981194163967726 -0.46052276857557367 1.787326098097214
2474 0.2736234024913827 -0.3634485551866842 1.7727521960860604
2475 0.18259118040423175 -0.4481710878355552 1.7564462587974674
2476 0.08903842840287324 -0.43521338088965333 1.722364645930916
2477 0.08733427265229984 -0.3436452509991731 1.7102494747029933
2478 0.46233823289521736 -0.28091501108796596 1.7943720619020005
2479 0.45069837584871475 -0.18362083295003273 1.7663510601023802
2480 0.3641956439840666 -0.27418585067224827 1.7763961872020815
2481 0.6278260702300823 -0.09314830499297831 1.7405861147869817
2482 0.5330993622181597 -0.09161332334474949 1.7420951112571599
2483 0.4384378291941038 -0.08969810437356075 1.7351254570780015
2484 0.3458962691032749 -0.0879063481524771 1.7214523140231746
2485 0.08461308042137039 -0.2522213101270851 1.693380833910392
2486 0.08313266627632475 -0.16586891854098998 1.675907538988708
2487 0.25353195436211445 -0.08505276430853467 1.7021803276032745
2488 0.16637398376041013 -0.08338580241963094 1.6810106204843411
2489 0.0816987351950777 -0.0816987351950777 1.6590023577755213
2490 0.2675218359853562 -0.2675218359853562 1.751988197950817
2491 0.2605246332059648 -0.17435494843643654 1.7274790368085633
2492 0.173941181594568 -0.2599063745578606 1.7233795056403098
2493 0.7602842224800778 -0.7602842224800778 1.8149701456103284
2494 0.7327016903375401 -0.5318976674377559 1.8353195441433954
2495 0.7490332777353231 -0.6464020916376142 1.8320229020402647
2496 0.644351279374947 -0.7466568518991478 1.8262105213540067
2497 0.5288026099452081 -0.7284381750124855 1.8246400096124695
2498 0.6849347991672627 -0.3036328270586972 1.8047313607400768
2499 0.7099305798664772 -0.4149335806641655 1.8255448809293906
2500 0.6569125483835855 -0.19567107150693452 1.7752641178757043
2501 0.5730400190574197 -0.2931032676014234 1.805842754550471
2502 0.4833755200577116 -0.3886064200387585 1.819196436225228
2503 0.4117334876743834 -0.7044553809967541 1.8114657279077337
2504 0.30097560789186634 -0.6789406453268912 1.7889373940297109
2505 0.3877614312347852 -0.4823244645900155 1.8152407614304442
2506 0.291325618551914 -0.5695645748784982 1.7948904554428562
2507 0.19388098180025462 -0.6509028077408117 1.7590231784278163
2508 0.6172918549697688 -0.5181664151996153 1.841707914325044
2509 0.5012143624414261 -0.5012143624414261 1.8343633843981981
2510 0.5167842838057453 -0.6156453212946651 1.8367954339865669
2511 1.3557520434520907 -1.3557520434520907 0.206100354388808
2512 1.4260725274070831 -1.2223712124286277 0.4097156724197429
2513 1.3941926587505302 -1.2913737307211384 0.30901257922036196
2514 1.2973217743349605 -1.4006142844527103 0.31043588546757517
2515 1.235497799761867 -1.4413865869858837 0.41411545580888964
2516 1.4768033087941757 -1.0723360784821203 0.6121151713879038
2517 1.4536091266556819 -1.1473976307631109 0.5134196733078631
2518 1.5152316727244264 -0.9153739633577516 0.8102018786940592
2519 1.4974438089398103 -0.9947625497662997 0.7114956979965854
2520 1.4342750144840593 -1.1261107494462026 0.7322227845027331
2521 1.38673618367816 -1.1787226735258494 0.8551529524013366
2522 1.3551890266144002 -1.2489575299518916 0.7453832857997315
2523 1.1681900209507243 -1.479950481501952 0.5227235291736925
2524 1.0995505666462644 -1.514282646638368 0.627649854423477
2525 1.2568887685876196 -1.3637948657312937 0.7501166835118125
2526 1.1926932296147554 -1.4031721750014121 0.8652884682053893
2527 1.1473203278483042 -1.4612886704542511 0.7460137340726162
2528 1.0261027083735157 -1.5446210237320164 0.7339114876026611
2529 0.9473637664156987 -1.5681848533237681 0.8385162065798222
2530 1.3739366969788454 -1.2701398335611989 0.5212767222991056
2531 1.317695919087757 -1.317695919087757 0.6353545326620189
2532 1.2776735511261028 -1.382086076089391 0.5243686272179123
2533 1.5368456028217397 -0.7302170728308031 1.0209374410799874
2534 1.5307764078539294 -0.8185137255439076 0.9247647687777936
2535 1.5161180370877332 -0.535498032465315 1.196738663655723
2536 1.5329036847668467 -0.6353680250678405 1.1130716705637949
2537 1.4915558953156585 -0.7614656881563051 1.1710844225499029
2538 1.4281718316348877 -0.785525407632696 1.3162193082700573
2539 1.4387635433282735 -0.8872364523013915 1.2229458135759004
2540 1.4373715492749553 -0.31858286367501115 1.3313682641846112
2541 1.4836004599713535 -0.42624365056987473 1.2716818101195864
2542 1.3782889836765486 -0.20952640223401217 1.3782889836765486
2543 1.344953582402302 -0.32183369193805295 1.4520385279158459
2544 1.3049460592592226 -0.4373931966858257 1.5224080098878887
2545 1.3414590055405247 -0.8005885687353608 1.4555583199307103
2546 1.236832379326771 -0.8042165028609859 1.5752960174171615
2547 1.2700045722032363 -0.9213771685872105 1.4941269335583949
2548 1.2532085191722602 -0.5607662864635042 1.5876582731479845
2549 1.190367079400455 -0.6794900996459173 1.6393536287864088
2550 1.1133640396035835 -0.796324434075399 1.6759779392502063
2551 1.0233156437911246 -0.9057415769783691 1.693909087143983
2552 1.4479834592927534 -0.5493703409066659 1.3385925814701378
2553 1.359661354832167 -0.5580171535101478 1.4707739900024792
2554 1.4012596877413046 -0.6756465442037316 1.4012596877413046
2555 0.8463081950857958 -1.582757354435203 0.9561672308221846
2556 0.7507705650600277 -1.580103348128434 1.0496738682911655
2557 0.897765060252572 -1.45583698214254 1.2374581986151754
2558 0.7889692270807722 -1.4344330752320886 1.3219897411646648
2559 0.7730078351338451 -1.5141646059072458 1.1888354896543263
2560 0.6468508927868015 -1.5606075186766604 1.1331879720623512
2561 0.5382943592378662 -1.5240350810364067 1.2029879347305783
2562 0.9198772143007228 -1.2679370705688555 1.4916945723333126
2563 0.7983429844935357 -1.2277992922518488 1.563790993509352
2564 0.7978760254288421 -1.3369138923718515 1.4506266170159252
2565 0.9031699005796516 -1.020410138781235 1.6890995629577203
2566 0.790035987867166 -1.1045719825303164 1.6627430105375178
2567 0.6704053802503166 -1.1744519823302413 1.6174356233357847
2568 0.5501250315233666 -1.2294272904008827 1.557530434063839
2569 0.4223948582823228 -1.470204201750235 1.260199083898411
2570 0.3116978571428541 -1.4063080062088407 1.3025955954670354
2571 0.426710531568218 -1.273074731919805 1.4852255043866025
2572 0.3126251308009942 -1.3064707025786393 1.4104916486032488
2573 0.2029047812179703 -1.3347311923758678 1.3347311923758678
2574 0.6719096301800437 -1.3935095008678997 1.3935095008678997
2575 0.5491769370566674 -1.3381213347726757 1.4474737019307173
2576 0.545162683284454 -1.436893274428979 1.3283402273493023
2577 1.4806403154546786 -0.9571142317947718 0.9571142317947718
2578 1.3688080008991215 -1.0272615817159494 1.2540850864492528
2579 1.4333427628500781 -0.9960412654490447 1.1077233806118714
2580 1.4146530655145808 -1.093279511879508 0.9830536463900188
2581 1.3318231188156175 -1.2201999915239312 0.9995052065020978
2582 1.1716385644161393 -1.0535124371080256 1.516046051185002
2583 1.2792672549742898 -1.0478891089464264 1.3962938183524296
2584 1.0440734811817693 -1.0440734811817693 1.6151648749762992
2585 1.0531126302848977 -1.1711939288562792 1.5154707133588026
2586 1.0502621721616505 -1.2821643001284977 1.3994558833740889
2587 1.2268904399407343 -1.3391256052429559 1.004985568797525
2588 1.1105802585597897 -1.4370394306307406 0.9986101092382821
2589 1.0356264467070815 -1.3799540364660083 1.2642969474029324
2590 1.0121310254855096 -1.4564965637057727 1.1256172209567206
2591 0.9815826623365043 -1.5184925837759378 0.9815826623365043
2592 1.276391727083067 -1.1603561155300606 1.276391727083067
2593 1.1636899421887847 -1.2800589364076638 1.2800589364076638
2594 1.2578171493685977 -1.2578171493685977 1.143470135789634
2595 0.0 -1.6871765124201772 -0.08288566706023974
2596 0.08358987304742133 -1.6974044474581245 -0.08358987304742133
2597 0.0 -1.6724554923773103 -0.2480853370757214
2598 0.08386473100910583 -1.678403946820522 -0.2499905714723258
2599 0.08378880683088898 -1.6891349615084592 -0.16717807087630307
2600 0.16880288230713025 -1.7055517426047042 -0.08460315413374146
2601 0.25488159607233196 -1.7112416452357015 -0.08550553074016225
2602 0.0 -1.6462085233052801 -0.4123537688437574
2603 0.0852148678956973 -1.6484014644455045 -0.41652409441848165
2604 0.08500197397609643 -1.6645765393857452 -0.33446805927766105
2605 0.0 -1.6098423280664989 -0.5760107953964864
2606 0.08618147609847733 -1.6104026869857002 -0.5808691577330739
2607 0.08572141398820134 -1.6300560965017683 -0.4988142494687483
2608 0.17125492593610067 -1.6473965133210233 -0.4203461869519787
2609 0.25738093478514623 -1.6440458516475183 -0.42360515413048117
2610 0.2567227714354084 -1.6632563322567149 -0.3409997811304135
2611 0.3443898589403891 -1.713955230381623 -0.08752350789640158
2612 0.43295251836450094 -1.713417242533823 -0.08857588829056554
2613 0.3443071881862539 -1.6793885001740698 -0.25921276337272187
2614 0.43159355505073926 -1.6750494814810735 -0.2622346578247418
2615 0.432576592983917 -1.6953292146965622 -0.17623776471086353
2616 0.5229905650410883 -1.7090609577935518 -0.08987612279632612
2617 0.6133832329166586 -1.7005447669075289 -0.09100547295903341
2618 0.1696944875282404 -1.6813039864703179 -0.25356087978475816
2619 0.25675861852429177 -1.6815003819028012 -0.25675861852429177
2620 0.25603581401533587 -1.6977147072078955 -0.1713508262200784
2621 0.0 -1.5676091495293036 -0.7414239100923096
2622 0.09168730916487278 -1.5664331511454934 -0.7571941708823565
2623 0.09080158114203755 -1.5875790148433278 -0.673175847641155
2624 0.0 -1.5194546745576263 -0.9107260837050155
2625 0.09417897365987744 -1.5197589279068535 -0.9296650485333848
2626 0.09292943496458596 -1.5440998132231776 -0.8430790955478624
2627 0.18497468885525864 -1.5658425752644676 -0.7739897142961558
2628 0.28000924533918464 -1.5674698291620264 -0.792236586584963
2629 0.27569349524907566 -1.5833634207743665 -0.7031521287188567
2630 0.0 -1.4573931010601704 -1.0808763895343707
2631 0.09755098697680457 -1.4573514876859812 -1.1052185006449469
2632 0.09625682870652867 -1.4909593864524953 -1.0191723548686384
2633 0.0 -1.3694197921017792 -1.2411697517702365
2634 0.09968507350852777 -1.3669808496911469 -1.2672957761826191
2635 0.09882625203182477 -1.4163163145237545 -1.1889503537525987
2636 0.19849461291607623 -1.4632956096746947 -1.1354007673504962
2637 0.30389464211728706 -1.4750449424610694 -1.1711503003437822
2638 0.29850111554934877 -1.50705389727251 -1.0781361796917635
2639 0.3809266222187934 -1.5727595099793468 -0.8145408269434437
2640 0.48480640159527744 -1.5823979378006627 -0.8388063309460538
2641 0.47169112112088185 -1.588733832617243 -0.7390045023534515
2642 0.3999617845710433 -1.5454357368790588 -1.0137579361677178
2643 0.5122240868236063 -1.562912768507639 -1.0506886816840324
2644 0.4988460834621641 -1.5750712740903663 -0.9436752325647115
2645 0.5958181989649447 -1.595617485623267 -0.8666050587574267
2646 0.7135480810035422 -1.6098542321681486 -0.8963061511646063
2647 0.6894183943126047 -1.6068606826955827 -0.7838689837816794
2648 0.1915074846041964 -1.523281007876269 -0.9538981952582938
2649 0.29315275143408004 -1.5317298321171349 -0.9819400671363137
2650 0.28668695578522585 -1.5509895969210372 -0.8857133397176871
2651 0.7143989143989605 -1.6847971131180952 -0.09636197023539052
2652 0.805305630787758 -1.6659629529372946 -0.09751304114796445
2653 0.729471510736424 -1.6426296094722963 -0.28601285876211713
2654 0.8225240803323837 -1.627394772611888 -0.29071410094802247
2655 0.813734955626202 -1.6462503505736548 -0.19447334692875518
2656 0.8961763413563147 -1.6413474472452476 -0.09878214448758596
2657 0.9853518873228725 -1.6107923281091572 -0.09982028429302497
2658 0.7499245268072746 -1.6122100255870373 -0.47866114438987095
2659 0.850322937737448 -1.6041238763931975 -0.49146267550635575
2660 0.8349356034918276 -1.6121388482633956 -0.3904644048375428
2661 0.7850967362080058 -1.6093774643807444 -0.690498211378829
2662 0.8963642140154611 -1.6099585187738568 -0.7135943047583956
2663 0.8710527465939467 -1.6038066929338277 -0.5988761240595817
2664 0.9534182444629895 -1.5913331591484186 -0.5039964393885056
2665 1.05630470452577 -1.5712666738657077 -0.5149619693399374
2666 1.03154196317895 -1.5725468152817375 -0.4069781845680297
2667 1.0749184909119944 -1.5725110733632064 -0.10152183245446467
2668 1.1590499549734314 -1.52833414858438 -0.10230236554771707
2669 1.106725904954283 -1.5470175472180567 -0.3064166878535371
2670 1.1953512081541313 -1.5055255961040248 -0.3101743879498934
2671 1.175817307825352 -1.5153841302532964 -0.20556036959658666
2672 1.2396139916535998 -1.4766684870815354 -0.10303744338413862
2673 1.3146319857669995 -1.4180405101231643 -0.10340852435616482
2674 0.9177365531698989 -1.6070660594706399 -0.2970522028323137
2675 1.013311044967018 -1.5806654690405892 -0.3025183825698669
2676 0.9984844026304732 -1.59448076822898 -0.2004587463471491
2677 0.17707439037748582 -1.6065420862210835 -0.59447923569132
2678 0.36336648360334967 -1.5986698955086422 -0.6217018588749936
2679 0.2695213989310127 -1.60198001564338 -0.6079862544388381
2680 0.2633454346032264 -1.6225013419805077 -0.5148611071403303
2681 0.34970623768209597 -1.6370916910059037 -0.4349887850286913
2682 0.5647117257280545 -1.6004973188800788 -0.6543726890271123
2683 0.46309766387912515 -1.5979242726496232 -0.6379280487356306
2684 0.6724078345413309 -1.605189361139194 -0.6724078345413309
2685 0.657530171033161 -1.6082200456531144 -0.5674365752556868
2686 0.6459343668882581 -1.617979026686533 -0.4689097726899911
2687 0.43897357100248996 -1.652088537436582 -0.35290977892000075
2688 0.5289057542117197 -1.6667607711837336 -0.27052910731722674
2689 0.6357987115477448 -1.634919126016218 -0.3716056801128168
2690 0.628503763307156 -1.6560414996619097 -0.27861684747511256
2691 0.6212927347133621 -1.679003851193689 -0.1850611857239944
2692 0.4534016779065849 -1.6115159803383412 -0.5401375978671673
2693 0.5442017491452277 -1.6236414919801314 -0.456813203073533
2694 0.44539571890634855 -1.630076190055304 -0.44539571890634855
2695 0.0 -1.2477699478629538 -1.3767019862965932
2696 0.09984237833978617 -1.2011750785445394 -1.4308788041253946
2697 0.10015814498805062 -1.2733099312284142 -1.3734680762164648
2698 0.0 -1.0945542168227054 -1.475835516234119
2699 0.09779498095878057 -1.035458391653141 -1.514784423793794
2700 0.09894615237478163 -1.121025235738981 -1.4781943969309008
2701 0.2016898322796679 -1.1536776085401814 -1.486850659345832
2702 0.30509668530341577 -1.1019582761836098 -1.5403532003062907
2703 0.30917741634102275 -1.1915090752654824 -1.5006864916065052
2704 0.0 -0.9205952584520631 -1.535920397865366
2705 0.09386301511386094 -0.8515487683503726 -1.5596120234789885
2706 0.09555675290074622 -0.9432654643699001 -1.5419920466235328
2707 0.0 -0.7393270517016843 -1.5631757149533911
2708 0.0900332697883443 -0.6674798163576718 -1.5741458238498665
2709 0.09188739533914889 -0.7588465706115664 -1.5698515262655264
2710 0.18656745822702572 -0.7806543402437541 -1.579325642111747
2711 0.2772526526499442 -0.7071287363077953 -1.5923179766065036
2712 0.2843329092886607 -0.8044696282644406 -1.5916733613847915
2713 0.410844369569184 -1.0413413387163308 -1.5874855936767227
2714 0.5137728169531552 -0.9719123765767098 -1.6222013807847808
2715 0.5270056209783753 -1.0810089868665764 -1.6080146078449518
2716 0.38926675366874813 -0.8323746489233661 -1.6071940185888816
2717 0.4805756188528532 -0.7529239583938233 -1.6186582927153095
2718 0.49770936697419565 -0.8611308898054264 -1.624512946472018
2719 0.6132379913145595 -0.8919417809302388 -1.6422681675212984
2720 0.7064654669511369 -0.8032515120342685 -1.6465931165904237
2721 0.7346205828147135 -0.922775864273801 -1.6573964470885145
2722 0.1952039338263104 -0.9723101975313431 -1.5526831532193752
2723 0.2928984906819914 -0.9049037465609925 -1.5845942859778106
2724 0.3001305018284328 -1.0053126353867328 -1.5681887375437844
2725 0.0 -0.5610091699219157 -1.5679155935820501
2726 0.08256453275008466 -0.4804443081414869 -1.5700256645628783
2727 0.08420754518791825 -0.5675647257675601 -1.5735174561194276
2728 0.0 -0.3907297264450459 -1.559880506939891
2729 0.0795803521174118 -0.3131349153941845 -1.5584060102880892
2730 0.08088406266947078 -0.39535543254641525 -1.564626110995705
2731 0.16312028300771975 -0.40037965975008877 -1.5691448523887914
2732 0.2419827531646138 -0.3214209063150024 -1.5677586536152737
2733 0.2463431856161121 -0.40543890012295203 -1.5735411511030721
2734 0.0 -0.22948203495327757 -1.5470422165352995
2735 0.07674022459018769 -0.15311451721105382 -1.5470395296464674
2736 0.07755296265965937 -0.23117595706060445 -1.552085090471033
2737 0.0 -0.07550144622678379 -1.5368672443090083
2738 0.07583948152126059 0.0 -1.5437481108018343
2739 0.07603333187332394 -0.07603333187332394 -1.5439587472949388
2740 0.1536636195255441 -0.0770154319036712 -1.5525875534511988
2741 0.23239178997433746 0.0 -1.5666581915211921
2742 0.23271086093281418 -0.07806787928075262 -1.5623902339887838
2743 0.32178071455381185 -0.24225363594332477 -1.5695136498490365
2744 0.40244961730948353 -0.16396361271910717 -1.5772573105766399
2745 0.4058758045822992 -0.24660864715986833 -1.5752368126335143
2746 0.3160666598312748 -0.08032542793985151 -1.5729966800817745
2747 0.39884417904283515 0.0 -1.5922752175930606
2748 0.4000139814621042 -0.0818371350985467 -1.583062400655091
2749 0.4870791643569298 -0.08370473525432728 -1.5917074586072821
2750 0.5763571788499874 0.0 -1.6108104049665228
2751 0.5762684361828264 -0.08549888352312733 -1.5976476383694054
2752 0.1572140713877733 -0.23491239365682726 -1.5576501558985745
2753 0.23550047838649538 -0.1576076444693501 -1.5615496107403966
2754 0.2387446590428309 -0.2387446590428309 -1.5635277898949804
2755 0.7978711020894979 -0.7017333578083922 -1.6355637617161862
2756 0.8765866976810575 -0.6026808892597872 -1.613995958539822
2757 0.9109043319341524 -0.7251696724215169 -1.6360740043556694
2758 0.742956710068064 -0.47421373266366856 -1.5972304061695548
2759 0.8196533629770143 -0.3833175411486006 -1.582631071233168
2760 0.8454098591774185 -0.48862305466711337 -1.5948554134657957
2761 0.9501069657335132 -0.502246029535148 -1.5858063636711972
2762 1.0201331655490893 -0.40247702813112063 -1.5551545336107697
2763 1.0539581244060763 -0.5138179817059961 -1.5677761061120723
2764 0.7032467115558233 -0.27573057950417335 -1.5835764031407271
2765 0.7828361331395587 -0.18708888177386843 -1.583739582172652
2766 0.7980633727871425 -0.28206867308444705 -1.5789983444156124
2767 0.6780281645736169 -0.09145608776347043 -1.5990224386713494
2768 0.762041213964415 0.0 -1.6112007760584703
2769 0.7711206607488034 -0.09337364330619143 -1.5952433510186295
2770 0.8654408654390726 -0.09539428867970252 -1.5850554067074631
2771 0.9496440833295297 0.0 -1.5843854342140653
2772 0.9589704582315153 -0.09714773473399353 -1.5676655993418642
2773 1.0903072367478714 -0.30187088847516014 -1.5240669975800962
2774 1.159387187869246 -0.20268800030229572 -1.4942091204333703
2775 1.181743252701315 -0.30664334265957693 -1.4883865953608921
2776 1.0536060730279992 -0.09950895823571088 -1.5413328831970925
2777 1.1307297452125729 0.0 -1.5246125697557629
2778 1.1429195458758434 -0.10087863139298558 -1.5070644397606174
2779 1.2286077542165952 -0.10212259846110337 -1.4635574992304856
2780 1.2956276618180824 0.0 -1.429504836673365
2781 1.3083470988363322 -0.10291415719464586 -1.4112612560309779
2782 0.8957467474866049 -0.28993456085160063 -1.5685592894766653
2783 0.9739882726851646 -0.1955408292657636 -1.555362873156274
2784 0.9940751969226046 -0.2967756270096084 -1.5506594398726097
2785 0.1741703734349316 -0.5847297864978822 -1.5801948237662098
2786 0.33729460523487065 -0.4195503388796433 -1.5789886943712166
2787 0.2566049039603138 -0.5016828377894601 -1.5809721617603756
2788 0.26715812104720377 -0.602655173216813 -1.5879331757401676
2789 0.3629919605225304 -0.621061068636918 -1.5970221409646859
2790 0.5015482737497338 -0.2565360760278244 -1.5805481049963077
2791 0.4192435755979869 -0.3370479850074549 -1.577834182722204
2792 0.5876617542410743 -0.17504370318231702 -1.5881182789385389
2793 0.6010823462198309 -0.2664608840136226 -1.5837889415591577
2794 0.6167707392262542 -0.360484388944292 -1.5859898103182006
2795 0.4659999598219002 -0.641926030440222 -1.607938681045739
2796 0.5712958175368068 -0.6620021567101854 -1.6191578509835736
2797 0.6369582527870072 -0.4623936499403478 -1.5954950637617338
2798 0.6585699166983724 -0.5683338568488303 -1.6107631073936068
2799 0.6825297484226537 -0.6825297484226537 -1.6293526555596842
2800 0.43301189864757694 -0.43301189864757694 -1.5847534137266148
2801 0.5331325241831821 -0.4475214870538844 -1.5906161425381853
2802 0.4488808215807736 -0.5347518999416527 -1.5954475964552106
2803 1.417722127825622 -1.3143368210315332 -0.10338530679408889
2804 1.4756731350966648 -1.238778426827872 -0.10296799074484575
2805 1.5153701943061204 -1.2031675829704211 -0.3122026113356993
2806 1.560837127492642 -1.11661233934734 -0.3091539224911657
2807 1.5200469355657462 -1.179435273118734 -0.20619287455968396
2808 1.5260832486466667 -1.157342929403223 -0.10215169667176965
2809 1.5682579084369808 -1.072011162816479 -0.10124724672698998
2810 1.6009964847947555 -1.0762909612645792 -0.524705523530176
2811 1.6285911478414443 -0.9757406889917868 -0.5157965414174928
2812 1.598016211040964 -1.0482490972668768 -0.4135697138932012
2813 1.654754019080886 -0.921304659968516 -0.73344935911237
2814 1.6627711191067542 -0.8111435679720737 -0.713406586762024
2815 1.6509698598280866 -0.8966678074627618 -0.6164872830056395
2816 1.6479489631734137 -0.873553984345483 -0.5048895652374228
2817 1.6611872484498849 -0.7727064349314233 -0.4932023599712789
2818 1.64711147340697 -0.8530481189934533 -0.39893486957263813
2819 1.6035483733851519 -0.9809206243137181 -0.09937137874056012
2820 1.6306046070621532 -0.8903107464591347 -0.09813560204286802
2821 1.6485285551118496 -0.8332055973848359 -0.29448939178863803
2822 1.6643289412810358 -0.7391079158427324 -0.28979112252167466
2823 1.6504546888116352 -0.8158131431803175 -0.19497000998396768
2824 1.6513341310011391 -0.7982342414413103 -0.09665677906068845
2825 1.6664239189018952 -0.7066081899847892 -0.09531111539927684
2826 1.5979468313679048 -1.0243895404876258 -0.30582580585598224
2827 1.6268479906512117 -0.9290332893741854 -0.3007087209939888
2828 1.6004975954909026 -1.0022522173912776 -0.20121518422582732
2829 1.6540326292769452 -0.7331296119576451 -0.9209030173192999
2830 1.6496646694881063 -0.6159999129657143 -0.8959589379740156
2831 1.6622992447039517 -0.7132041305711416 -0.8109133752039136
2832 1.5986870610473598 -0.5239486402965531 -1.0747384207508064
2833 1.595785769154128 -0.41299247118025445 -1.0467859965309592
2834 1.626632435825533 -0.5151761911934486 -0.9745671624044203
2835 1.6464078951297063 -0.504417421262108 -0.8727370863954786
2836 1.6458885630484617 -0.39863867736449243 -0.8524147669721325
2837 1.660067088278404 -0.4928697872040393 -0.7721853889304594
2838 1.5122066153302738 -0.31155083817747226 -1.2006557771528013
2839 1.5196435700652335 -0.20613815842552857 -1.1791222936388692
2840 1.5590097834543843 -0.3087919817305203 -1.115305069763979
2841 1.4173806929592383 -0.10336040815724147 -1.3140202848019968
2842 1.4347106460029113 0.0 -1.3003459323663704
2843 1.478060532176968 -0.10313457606419754 -1.2407825671276531
2844 1.5301878887888987 -0.10242644967435184 -1.160455784649206
2845 1.5407718469542881 0.0 -1.1427142819742202
2846 1.5730372976641145 -0.1015558056685267 -1.0752782010857382
2847 1.6482052935628477 -0.2944316450807275 -0.833042213298335
2848 1.6513647999408965 -0.19507752240291595 -0.8162630074668317
2849 1.663878456135827 -0.2897126845442584 -0.7389078609566249
2850 1.6080918368088157 -0.09965293571268542 -0.9836999461302957
2851 1.6118535211721206 0.0 -0.9661078210645575
2852 1.6341656017356514 -0.09834991540531143 -0.8922550509288806
2853 1.6534657238995305 -0.0967815466046756 -0.7992646267572594
2854 1.6524570610643305 0.0 -0.7815539835563201
2855 1.6669882898738495 -0.09534339459680023 -0.7068474983303124
2856 1.5970142966962393 -0.30564733110209663 -1.023791724124125
2857 1.601982312781254 -0.2014018434647684 -1.003181966489712
2858 1.6263974197540723 -0.30062543687711096 -0.9287759848410814
2859 1.677738233119589 -0.605156959960664 -0.0897849703093431
2860 1.684160734239276 -0.5153708356646051 -0.08856666947366096
2861 1.6904771100588456 -0.4355686406452231 -0.26464990522242593
2862 1.69267715815371 -0.3470316205991616 -0.2612638609931119
2863 1.6902696245311986 -0.43128559872943545 -0.17571179556376998
2864 1.6877198253906471 -0.42645920127195897 -0.08724744855403997
2865 1.6889994251001241 -0.3393754185931196 -0.08624913410769415
2866 1.6895978910675902 -0.26451226051767307 -0.43534210091950204
2867 1.688682461334139 -0.1755468021856955 -0.43088062154722107
2868 1.6920848557216288 -0.2611724394130807 -0.34691018712208077
2869 1.6767117914298713 -0.08973003978751538 -0.6047867244136256
2870 1.6716214103928106 0.0 -0.5981157045104017
2871 1.6820891494809187 -0.08845772894390626 -0.5147369090171305
2872 1.6851047302845767 -0.08711226001605026 -0.4257984095022546
2873 1.6788040562007223 0.0 -0.42051852479455243
2874 1.6863819682708634 -0.08611547308819757 -0.3388494856094378
2875 1.688411305061654 -0.25148112159309266 -0.08436476820729887
2876 1.6864577788876478 -0.16691310316435 -0.0836560063486434
2877 1.6862826829160078 -0.0842584074447406 -0.25116407308540367
2878 1.6804688223432263 0.0 -0.24927400228968616
2879 1.6852317814563205 -0.08359519127803654 -0.16679176301679569
2880 1.6834034383799998 -0.08290038353116089 -0.08290038353116089
2881 1.6795934288863543 0.0 -0.08251313405468431
2882 1.6926741117448212 -0.25846480394588184 -0.25846480394588184
2883 1.6904845245679003 -0.1706210818385134 -0.25494541544020943
2884 1.6913870117896628 -0.25508152137690265 -0.17071217012940557
2885 1.6665128119438808 -0.6980959992902659 -0.6980959992902659
2886 1.6702828100590883 -0.4840680378884454 -0.6668152378027595
2887 1.668330368288053 -0.5886456104904343 -0.6821066279862009
2888 1.6687703671043397 -0.6822865240754887 -0.5888008575426675
2889 1.6709868247166044 -0.6670962966141423 -0.4842720697996021
2890 1.676105813398302 -0.2819925212375916 -0.6361186067117883
2891 1.6732013613073706 -0.38030696438751466 -0.6506861732490407
2892 1.67778408618223 -0.18492674222098232 -0.6208413771187156
2893 1.68440896462225 -0.27339355559272394 -0.534505976644627
2894 1.6876982773941436 -0.3605165295093614 -0.44843537305330217
2895 1.6739571046033996 -0.6509800719540163 -0.38047873955182865
2896 1.6767911355464649 -0.6363787013708208 -0.28210782166723963
2897 1.68807496043778 -0.4485354608494791 -0.36059699440373016
2898 1.6852858640635058 -0.5347842392293745 -0.273535883650326
2899 1.6784709443574202 -0.6210955397245492 -0.18500244829410092
2900 1.677866231337902 -0.47206938924160247 -0.5623764497495185
2901 1.6837633409732717 -0.4600649885546161 -0.4600649885546161
2902 1.6782046338708891 -0.5624898733416578 -0.4721645991421781
2903 0.20368753080016133 -1.3398802099440996 -1.3398802099440996
2904 0.42854817017751284 -1.2785572572076056 -1.4916216618011844
2905 0.3139161772364732 -1.3118660280897403 -1.4163165488936906
2906 0.3119256562838658 -1.4073357827830808 -1.3035475755687052
2907 0.42277119853845246 -1.4715141064874744 -1.2613218808186606
2908 0.6706412659113302 -1.1748652194407152 -1.618004726571524
2909 0.5519741497135131 -1.233559726185249 -1.5627657127592274
2910 0.8917660563930206 -1.0075259646943313 -1.667772204484731
2911 0.7860577528438571 -1.099009897999799 -1.6543702495736279
2912 0.8244688651520717 -1.2679791878669604 -1.6149662623660543
2913 0.9802051469284655 -1.3510916709658698 -1.5895237698195261
2914 0.8424247861154311 -1.4115593951212777 -1.5316211775083337
2915 0.5406791807955358 -1.5307870591196364 -1.2083175680643248
2916 0.6535310461481872 -1.5767242121495217 -1.1448906218152815
2917 0.8362755570084491 -1.5204412007545234 -1.4012558021337798
2918 0.9678458821084215 -1.5694816946778947 -1.3340559516473693
2919 0.8081352380561889 -1.5829720199915367 -1.2428591377409446
2920 0.7641895298175502 -1.6083454664646575 -1.0684353079386635
2921 0.8678732249350978 -1.6230880634969735 -0.98053161130832
2922 0.5606458405210538 -1.3660663983334205 -1.4777024588840861
2923 0.698963239826336 -1.4496174361936338 -1.4496174361936338
2924 0.5564465709130912 -1.4666343824324062 -1.3558344823993809
2925 1.0776969753218963 -0.7708138609214841 -1.6222873126738258
2926 0.9995769780455518 -0.8847303702424871 -1.65461413268191
2927 1.2024425536667438 -0.538050320588914 -1.5233441515184782
2928 1.1444558894240182 -0.6532828904649779 -1.5761255059726613
2929 1.2395612720334024 -0.8059908908749903 -1.5787716814477677
2930 1.3825637927172219 -0.8251200844939836 -1.5001593213157023
2931 1.3289856318217832 -0.9641674095840074 -1.5635165969302383
2932 1.310593386175196 -0.31361164699005284 -1.4149425794747177
2933 1.2576784790915005 -0.4215499993042422 -1.4672635522723705
2934 1.364376753986226 -0.20741147606933305 -1.364376753986226
2935 1.4225283990023463 -0.3152929882616627 -1.3176197666416878
2936 1.4813813922084924 -0.42560610456633546 -1.2697797157312445
2937 1.5004797788826465 -0.8252963430892917 -1.3828591300343083
2938 1.580924945305782 -0.807090170191692 -1.2412518917209916
2939 1.5590336150776567 -0.9614029074300154 -1.3251751072123892
2940 1.5404272364081235 -0.5440841241075471 -1.2159269840882838
2941 1.5909885479427481 -0.6594434220866829 -1.1552482380364626
2942 1.6297880995678673 -0.7743777860416381 -1.0826798012893382
2943 1.651321163895437 -0.8829696035258806 -0.997587646682205
2944 1.3389849282572415 -0.5495313635293583 -1.4484078689793878
2945 1.4536936986788156 -0.5515368270899487 -1.343871429119637
2946 1.423116509330706 -0.6861852659719717 -1.423116509330706
2947 0.9780494563670423 -1.618979316761555 -0.8656762577095324
2948 1.0621541220662913 -1.598890222195969 -0.7596969634985231
2949 1.3136895462971956 -1.5455211551337957 -0.9530702338103305
2950 1.3729885116157245 -1.4897696038398827 -0.8194055150881165
2951 1.2260385390015291 -1.5615484037864078 -0.7971981027415365
2952 1.1372575577423853 -1.566212083997453 -0.6491739099695658
2953 1.2036340310446632 -1.5248536041653304 -0.5385834643829431
2954 1.5543562257569632 -1.3211993366872519 -0.9585185208147385
2955 1.579270279193942 -1.2399527424808037 -0.8062454338506148
2956 1.4953936953887974 -1.3781717379783995 -0.8224988871240764
2957 1.6513285190337654 -0.9975920900305352 -0.8829735363547668
2958 1.6300346390981206 -1.0828435792489977 -0.7744949268746457
2959 1.592022349205546 -1.155998901571327 -0.6598719188495155
2960 1.5428622406952393 -1.2178490400926807 -0.5449441758798351
2961 1.2652219736370551 -1.4760641279262159 -0.42407843576339765
2962 1.3201171594793768 -1.4252246337773697 -0.3158905889281017
2963 1.4856874944412664 -1.2734707309537927 -0.42684326294215585
2964 1.4285051192390874 -1.3231557156808358 -0.3166176844749458
2965 1.3712230147045132 -1.3712230147045132 -0.20845223921410722
2966 1.4200569240838319 -1.4200569240838319 -0.6847100232194457
2967 1.4557918019123162 -1.345811026844665 -0.5523328553050835
2968 1.340466904833423 -1.450010953890417 -0.5501395799412395
2969 1.0707105249900755 -1.0707105249900755 -1.6563719531253234
2970 1.3950598264091019 -1.1427385425042949 -1.522679021348038
2971 1.2441147422539847 -1.1186814722227691 -1.6098268693939028
2972 1.125632957654088 -1.2518456698865694 -1.6198303317801188
2973 1.152673392603659 -1.4071883315216067 -1.5359170344751594
2974 1.595050164686499 -1.1084130228068991 -1.2326949327589822
2975 1.5173324027402266 -1.1387260178227583 -1.3901613200776193
2976 1.6367425951511734 -1.0580217323900416 -1.0580217323900416
2977 1.5931353473504575 -1.2312151137040366 -1.1070824010380333
2978 1.5111675588262399 -1.384513165765444 -1.134099432278289
2979 1.1460244773150792 -1.527057471724739 -1.399071308892819
2980 1.1082026707016392 -1.5947474596900464 -1.2324609947152083
2981 1.3826092135997008 -1.5090894343146268 -1.1325398435913439
2982 1.2254746403341021 -1.5857074406147667 -1.1019206896760256
2983 1.0477083656224297 -1.62078798271629 -1.0477083656224297
2984 1.4333325204837024 -1.3030295640760927 -1.4333325204837024
2985 1.4285777799858865 -1.4285777799858865 -1.2987070727144419
2986 1.3064306368752796 -1.437073700562808 -1.437073700562808
2987 1.675285669997672 0.08250061833110894 -0.08250061833110894
2988 1.6733736307818758 0.08361338144437737 -0.24924132896513929
2989 1.6744648065935177 0.08306110016187922 -0.16572612757157967
2990 1.6706714699934186 0.16535069120359241 -0.0828729333458029
2991 1.6659151945256323 0.2481304290858103 -0.08324070611102669
2992 1.669902571479552 0.08632637746119863 -0.42195707256702025
2993 1.6718226590657805 0.08537199870124204 -0.33592404254387326
2994 1.662623393278567 0.08897609236905007 -0.5997050662457085
2995 1.6670453636218558 0.08766660611178893 -0.5101333528766018
2996 1.6590185972417437 0.17246309841004487 -0.4233116531412098
2997 1.6469862101728843 0.2578412578504085 -0.4243627674446648
2998 1.6518282279463936 0.2549588493303785 -0.3386567982762507
2999 1.660732752446687 0.3336957163259467 -0.08480569013475138
3000 1.6551483906011528 0.4182289323282412 -0.08556365333022674
3001 1.6481665102000802 0.3379060751761258 -0.25439366505311656
3002 1.6396113465419642 0.42246255873580396 -0.25668669802269023
3003 1.6479682172118026 0.42049206169956466 -0.17131435735208408
3004 1.6483289730063035 0.5044059411895461 -0.08668234828669702
3005 1.6394726964661226 0.591354654347459 -0.0877371716691975
3006 1.665284289778201 0.16807761500405535 -0.2511449166871712
3007 1.656731265483217 0.25297647004403795 -0.25297647004403795
3008 1.6615876438596777 0.25058741798444034 -0.16770451148454601
3009 1.6428188471999705 0.09615835788137836 -0.7941180598775208
3010 1.6541470391272284 0.09460893926529684 -0.7014024655002566
3011 1.6026676148767918 0.0993167984180916 -0.9803818478101652
3012 1.6260316082521211 0.09786038266140659 -0.8878138873392211
3013 1.629511159396599 0.1924959280435 -0.8054608404620451
3014 1.6131708778452345 0.2881731767367259 -0.8153349851241514
3015 1.6244991914213147 0.28285601033602586 -0.7214200161270086
3016 1.530539929660519 0.10245001429467365 -1.1607227635404247
3017 1.5704865464818258 0.10139112833267336 -1.0735345888098045
3018 1.4236087664950594 0.10381458128510579 -1.3197941852099535
3019 1.4813639792712696 0.10336508057210121 -1.2435557008909914
3020 1.5178217009095416 0.2058910236631116 -1.1777086683783897
3021 1.5024324591805989 0.3095371275442572 -1.1928953316363415
3022 1.5419124902350023 0.30540553277332216 -1.1030737816673986
3023 1.594002514707533 0.3860717356233164 -0.8255426962872746
3024 1.573986177686091 0.4822292526652831 -0.8343473781946941
3025 1.5871032689677984 0.4712070108312442 -0.7382460405812058
3026 1.5542188535573367 0.40223487230734345 -1.019519388439342
3027 1.5333887379874107 0.5025479744536137 -1.0308407635337968
3028 1.5566075518408833 0.49299837632547777 -0.9326130300635239
3029 1.5529390323721701 0.5798816732125052 -0.8434257167029644
3030 1.5308808179455524 0.6785440868264188 -0.8523367311191336
3031 1.5466951650248455 0.6636045729700083 -0.7545186588262245
3032 1.589477900529841 0.19982978386162226 -0.9953515424131861
3033 1.5730652594478192 0.30106380337001104 -1.0084388082570626
3034 1.5964426550076287 0.2950885587874911 -0.9116699160597698
3035 1.6254886139101379 0.6892505288046968 -0.09296982064605165
3036 1.6084542592393987 0.7775066483599015 -0.09414691130393564
3037 1.6014251711040801 0.7111731288418199 -0.2788383873271556
3038 1.5834899164273306 0.8003335202647921 -0.28287103729330726
3039 1.5973517701228463 0.7895645831312426 -0.18869690436215525
3040 1.5855163606738427 0.8656925464830936 -0.09542203053374168
3041 1.5559220810796686 0.9517867277893372 -0.09641999267123569
3042 1.5705175872501334 0.7305311589488533 -0.46628276320502504
3043 1.550051533960318 0.8216599686584932 -0.47489628778902404
3044 1.5669902079567293 0.8115528735973844 -0.37952928160944327
3045 1.5396617522495748 0.7510875747353375 -0.6605869098992245
3046 1.516068719526115 0.8440899130782747 -0.6719788064478402
3047 1.5329012652611176 0.8325428888942314 -0.5723993872517675
3048 1.524211389148804 0.9132034599281613 -0.48273807944622715
3049 1.491826909311168 1.0029002771163005 -0.4889266321948672
3050 1.510815303266144 0.9910480049223486 -0.3910019487913895
3051 1.517644349088978 1.037413345506563 -0.09797961867712045
3052 1.4724845235207924 1.1166950121913228 -0.09856394959708858
3053 1.4893954097360729 1.0655034169709845 -0.29500351122472546
3054 1.4429828604271635 1.1456937763269577 -0.29728908410020577
3055 1.4590158100790966 1.1320799839675482 -0.19791406230246814
3056 1.419192667014553 1.1913649558272787 -0.09902695517509372
3057 1.3587798195106793 1.2596927940995848 -0.09908702541109445
3058 1.5594079902385285 0.8905207757411744 -0.28824302267154495
3059 1.528232154391584 0.9796978245236582 -0.29248334235985857
3060 1.5435309238641992 0.9665789535787492 -0.1940533119691036
3061 1.6494319289460522 0.1818017441262907 -0.6103500436463327
3062 1.6163883846080562 0.3673937722242878 -0.6285923480500946
3063 1.6336420036659172 0.27484829640878417 -0.6200026674514427
3064 1.6407687916902067 0.26631039331137835 -0.520657835401082
3065 1.6330486938243096 0.34884259556534575 -0.4339145272815181
3066 1.5795129151446228 0.5573076903029183 -0.6457930928365924
3067 1.5978325582301804 0.46307108393781327 -0.6378914342341567
3068 1.560408325207576 0.653649225664228 -0.653649225664228
3069 1.573999207220055 0.6435387811057648 -0.555362260291563
3070 1.5879728072162798 0.633955195306584 -0.46021360956363905
3071 1.6291895861601926 0.43288913049810535 -0.3480182348838745
3072 1.6290689754448906 0.5169451849461685 -0.26441141602601
3073 1.6028434512218988 0.6233249002247679 -0.36431510362047087
3074 1.616770796962104 0.6135996776066567 -0.27200983950666124
3075 1.6293435457073402 0.6029166083093761 -0.17958758599985694
3076 1.6081942524314503 0.45246710634483267 -0.5390242423967365
3077 1.6037465952793806 0.5375335051781386 -0.4512157534323544
3078 1.6186106348965472 0.4422629149222466 -0.4422629149222466
3079 1.2415821735730026 0.1032010398217842 -1.4790130493701146
3080 1.318861088074976 0.10374118416800103 -1.4226022722429772
3081 1.069966434794046 0.10105413019074706 -1.5652666514398448
3082 1.1578965794775269 0.1022005640325283 -1.5268132968307802
3083 1.184755204995394 0.20712292309317373 -1.526903222070687
3084 1.1243260499097585 0.3112896000162118 -1.5716196035698746
3085 1.20937109547681 0.31381232292647104 -1.523183418403281
3086 0.8820531771788971 0.09722540126639789 -1.6154808645205279
3087 0.9758351731796908 0.09885620118370166 -1.595234992371674
3088 0.6917267616460014 0.09330382825796193 -1.6313284183364203
3089 0.7866201905385638 0.09525045408259757 -1.6273077517014236
3090 0.8123804186250247 0.19414962807861058 -1.6435100147952353
3091 0.7401648527013669 0.2902055287431924 -1.666708959902439
3092 0.8379721473451236 0.29617408810265833 -1.6579593531568515
3093 1.0580227209345427 0.4174257389109909 -1.612915731681875
3094 0.9875689284342204 0.5220491913933479 -1.6483334485037247
3095 1.081813599213319 0.5273978797242262 -1.6092114789375453
3096 0.8645654169064544 0.40432102732675607 -1.669349695510471
3097 0.7874003255204538 0.5025811630820785 -1.6927766109466287
3098 0.8885367683565034 0.5135491918213919 -1.6762138029187352
3099 0.9110169608491326 0.6263527766823067 -1.6773899225957938
3100 0.8283990668117857 0.7285829217737056 -1.6981433346421437
3101 0.9306096590403811 0.7408570559387747 -1.6714667149791558
3102 1.0047590381965947 0.20171846114695602 -1.6045007402099836
3103 0.9363455815846112 0.3030755576437419 -1.6396526856235512
3104 1.0326330793911431 0.30828686859494114 -1.610805940475816
3105 0.4952257928781931 0.08510473639066823 -1.618329515818285
3106 0.5868969940368757 0.08707580457749144 -1.6271142710853557
3107 0.31963098155213754 0.08123126744755677 -1.5907355527507663
3108 0.40570858739456145 0.08300216996388839 -1.6055989042674645
3109 0.413797332580463 0.1685868309106821 -1.6217306212711577
3110 0.33251035814176744 0.2503314822964304 -1.6218484272537754
3111 0.422463833241352 0.256687472407577 -1.6396162930010396
3112 0.15439983714866845 0.07738442046710009 -1.5600261542197056
3113 0.2345493083759864 0.07868462614199609 -1.5747333292762153
3114 0.0 0.07548217883752133 -1.5364750475906583
3115 0.07618485590440804 0.07618485590440804 -1.5470356459057675
3116 0.0770941604216666 0.15382070114848673 -1.5541746758514756
3117 0.0 0.2299060583935941 -1.5499007503769737
3118 0.07819169178270287 0.23307993095480709 -1.564868121766382
3119 0.2500137046919955 0.33208826043319817 -1.6197896086695476
3120 0.16799431870386866 0.41234300800851187 -1.6160309163530708
3121 0.25642411875211324 0.42203039800689435 -1.6379340958128805
3122 0.08063482847278444 0.3172840973912385 -1.579055608413703
3123 0.0 0.3943915126631786 -1.5744991769710022
3124 0.08242370482848944 0.4028810917635217 -1.5944090403403217
3125 0.08466136223141958 0.4926457917070751 -1.6098984282091366
3126 0.0 0.572526772027428 -1.6001051350549993
3127 0.08687405478196727 0.5855371863484458 -1.6233443378291688
3128 0.2393245233556755 0.16016686950390913 -1.5869059750840684
3129 0.15974931374936438 0.23870060323886005 -1.5827689040164363
3130 0.2446705703740491 0.2446705703740491 -1.6023363106131383
3131 0.7332091179932608 0.8336590537214953 -1.708925833161131
3132 0.6371981146354138 0.9267912771597517 -1.7064340352219831
3133 0.7507681351657187 0.9430592213225696 -1.6938273564882884
3134 0.5087950622752488 0.7971357207299528 -1.7137060527754326
3135 0.4115369024374241 0.8799952255282003 -1.699142405027654
3136 0.5231653878533885 0.905174597569804 -1.7076008653016725
3137 0.5354085267368737 1.012840999931135 -1.6905146062558103
3138 0.4299919501993697 1.0898735049658643 -1.66147105059331
3139 0.5444638447146555 1.116819794194608 -1.6612836389092636
3140 0.2930629310131527 0.7474526143763875 -1.6831195982042433
3141 0.19630743631149 0.8214093370570978 -1.6617762328448986
3142 0.30062987233315025 0.8505789999690359 -1.6829024843670073
3143 0.09349520565005565 0.6931455765666416 -1.63467446944899
3144 0.0 0.7625422225967609 -1.612260069811164
3145 0.09585039495435536 0.7915747664237849 -1.6375574501472427
3146 0.09826167575807786 0.8914545187615485 -1.6326994266441515
3147 0.0 0.9573460481671918 -1.597235386230653
3148 0.10031413614008457 0.9902268268504896 -1.6187615777671822
3149 0.3208819042794394 1.1589718509941684 -1.6200486337164335
3150 0.21298597650397244 1.2182922125939446 -1.5701254546001782
3151 0.32470354486206143 1.251343727018154 -1.5760472718802154
3152 0.10292095294725574 1.0897324521295442 -1.594182593810497
3153 0.0 1.146230746155457 -1.5455132500300528
3154 0.10438110236942214 1.1826013147753225 -1.559389192654204
3155 0.1056097974216085 1.270561246861071 -1.5135338635892515
3156 0.0 1.3165874235749064 -1.452630370103901
3157 0.10626216387079424 1.3509102887902529 -1.4571724526610472
3158 0.30932328689249194 0.9556478101195848 -1.6734531877867893
3159 0.20590159086345314 1.0255951945240875 -1.6377740196527824
3160 0.31631065698872346 1.0595094408632266 -1.6527304183776217
3161 0.6092467563432349 0.181473113763987 -1.6464503656227198
3162 0.4413368196236306 0.3548096963717851 -1.660982685549378
3163 0.5255430005486647 0.2688090981485803 -1.6561635979745137
3164 0.632278973408778 0.2802904048958914 -1.6659887823405874
3165 0.6548824043959726 0.3827595382932878 -1.6839917237832605
3166 0.26909792586247616 0.526107681522813 -1.65794309855368
3167 0.35493758541171716 0.4414958968493251 -1.661581376856777
3168 0.18178791766494978 0.6103036250526968 -1.6493064856676634
3169 0.2816448265297168 0.6353342771410475 -1.6740391872388594
3170 0.3852751990453944 0.6591865739780818 -1.69505964361952
3171 0.6784444628050912 0.4925101606983429 -1.6994124602448109
3172 0.6990407285997001 0.6032594312403792 -1.7097486351014899
3173 0.49574365780086677 0.682898681986261 -1.710569682378874
3174 0.6059027860356089 0.7021037767118624 -1.7172403907528528
3175 0.7178242293435892 0.7178242293435892 -1.7136085526074358
3176 0.4594468949947787 0.4594468949947787 -1.681501218657432
3177 0.4780005699932482 0.5694422677202451 -1.6989473014558685
3178 0.5681187616318802 0.47688959404276127 -1.6949985831664973
3179 1.2531485544886263 1.3517208121407365 -0.09857225765211013
3180 1.1774214744591618 1.4025827387020784 -0.09786796481057822
3181 1.1376181513944177 1.432811740878751 -0.2951935894843334
3182 1.055359415697044 1.4752157940791717 -0.2921949646297388
3183 1.1184429959608775 1.4414405668229966 -0.19552999780862262
3184 1.0968605667340794 1.446330637589936 -0.09681328243999467
3185 1.013358618146346 1.4824544017018224 -0.09570774409179274
3186 1.0056743969680468 1.4959534478503627 -0.4902790508823156
3187 0.9164981383114591 1.5297104772882641 -0.4844797140161086
3188 0.986956063520592 1.504577292938555 -0.3893875395453385
3189 0.862158706903806 1.5485220549990557 -0.6863633480952497
3190 0.7679442953582665 1.5742165084251456 -0.6754125166086139
3191 0.8433110507154682 1.5527279061471313 -0.57980283674431
3192 0.824719473295598 1.5558232522340534 -0.4766645951790099
3193 0.7323516164155616 1.5744312607920259 -0.4674447231398967
3194 0.8067495808772965 1.557715750428209 -0.3772829828226076
3195 0.9248849728175422 1.511944755741639 -0.09369473191534294
3196 0.8372790822541922 1.5334770857818947 -0.09229012133314358
3197 0.7873710932485968 1.5578432679328635 -0.2782895783351758
3198 0.6973756920674505 1.570355995890478 -0.27342865675187505
3199 0.7685564783285259 1.5548507080052112 -0.18367620760411763
3200 0.7484167554803415 1.5482750154970515 -0.09062446738586745
3201 0.6600766977946009 1.5566867368723523 -0.08903469731539493
3202 0.9683207184321885 1.510484988972122 -0.28908677054687765
3203 0.8783299668594193 1.5380604312645592 -0.2842971118106068
3204 0.9475787089097721 1.5131894136347792 -0.19023876542576437
3205 0.7048012524252055 1.5901202865802342 -0.8853190341550287
3206 0.600851600435362 1.6090970728737266 -0.8739260354993226
3207 0.6841806049166482 1.594652714480586 -0.7779136151913698
3208 0.5245662539821078 1.6005715415706097 -1.0760052875885016
3209 0.4168411403916359 1.6106568672643486 -1.0565409758995674
3210 0.5116635491076427 1.6155415165441482 -0.9679222403590597
3211 0.49672114642062526 1.621287415289021 -0.8594210822327989
3212 0.3941569429817375 1.6273844996395497 -0.8428314104479636
3213 0.4809549041407251 1.6199357883943126 -0.7535181894973211
3214 0.32078755062049275 1.5570398044879366 -1.2362522538674439
3215 0.2114641134435248 1.5589063313093077 -1.2095870670927658
3216 0.31528180079919627 1.5917751789941694 -1.1387452124405524
3217 0.10624751062587483 1.4569715127962746 -1.3507240021703997
3218 0.0 1.4552905336181277 -1.3189984552451537
3219 0.10554623057871061 1.5126228631737946 -1.2697964923672342
3220 0.10420546223862366 1.556765237593889 -1.180611373637563
3221 0.0 1.551116994894441 -1.1503867665952996
3222 0.1025532653112989 1.588487337281905 -1.0858393561400976
3223 0.29084098601037434 1.6281050652551434 -0.8228830791524565
3224 0.19185162168080905 1.6240569951514319 -0.8027648689176975
3225 0.2824844518227619 1.6223652558417034 -0.7204723617062573
3226 0.09968179898247786 1.608557601196035 -0.9839848629442048
3227 0.0 1.5989767002255875 -0.9583897516100532
3228 0.09731297198040482 1.6169359247303896 -0.8828476406165536
3229 0.09457625218885654 1.6157893397582619 -0.7810523344351574
3230 0.0 1.6039174864393877 -0.7585964745219741
3231 0.09192835800960768 1.6072796333443096 -0.6815294353583384
3232 0.3090481773948594 1.6147837963703402 -1.0351831479490747
3233 0.20290032200519326 1.61390144955054 -1.010645883517805
3234 0.3006221910353482 1.6263798596010701 -0.928765956881002
3235 0.5623310087883788 1.559007489849073 -0.08343103734834247
3236 0.47634699403212244 1.5566362077653522 -0.08186040779899798
3237 0.40454350883640516 1.5700660651276188 -0.24579914916121362
3238 0.32023592339911433 1.5619787955404876 -0.2410906350017753
3239 0.39817778875208426 1.5605154066664502 -0.16222320991323447
3240 0.3918534991528526 1.5507671477047615 -0.08016761722127025
3241 0.3099908964294914 1.5427588952262967 -0.07878132868063174
3242 0.2470321334049047 1.5779418723729348 -0.4065727907683603
3243 0.1631132815709946 1.5690775016694691 -0.40036247468393943
3244 0.24144724626487948 1.5642892097596695 -0.32070960308863794
3245 0.0851799854195922 1.5916886505908623 -0.5741190407304735
3246 0.0 1.5810537431836484 -0.5657100750168537
3247 0.0828588632813322 1.5756225773356036 -0.48215702210885314
3248 0.0806137411651873 1.5593969957657496 -0.3940341206374261
3249 0.0 1.549660384703139 -0.38816971909317827
3250 0.07888800607398608 1.5448479371385515 -0.31041065351341585
3251 0.22840938498966193 1.5335106880218294 -0.0766248563667683
3252 0.15091245634815262 1.524790331702031 -0.0756365627803322
3253 0.07657374379677398 1.5324877605268221 -0.22825702462996658
3254 0.0 1.5245542389813742 -0.22614625859507587
3255 0.07557014646600381 1.52345141636489 -0.15077994042240916
3256 0.07470888904136128 1.5170641598118109 -0.07470888904136128
3257 0.0 1.5108761613078225 -0.07422458619683876
3258 0.23702157341364782 1.5522433813708376 -0.23702157341364782
3259 0.15563692494239087 1.5420240584071774 -0.23255579005664243
3260 0.23255290770384915 1.5420049461874774 -0.15563499594064364
3261 0.6676707407564222 1.5938808484246734 -0.6676707407564222
3262 0.4674854547851205 1.6130643999680612 -0.6439723350908564
3263 0.5668708146119777 1.606616575506967 -0.6568745828863196
3264 0.6504608526367491 1.590929554577473 -0.5613358820906128
3265 0.6335743503950442 1.5870188417503144 -0.4599371389033759
3266 0.27088996954091615 1.610114519158715 -0.6110734754251884
3267 0.3668319046827514 1.6139163879753171 -0.6276310208204868
3268 0.17661651472445836 1.6023879196853332 -0.5929420423813606
3269 0.25878618770075074 1.5944113003633722 -0.5059474196428749
3270 0.33896630112425674 1.5868144611306034 -0.42162970975012387
3271 0.6153617637064257 1.5823667123414078 -0.35966088411988995
3272 0.59836245534225 1.5766223143553288 -0.26525515150090007
3273 0.4200771256722646 1.5809712702692944 -0.3377181118484861
3274 0.5001183220110937 1.5760418438265773 -0.2558046724379021
3275 0.5805783542128669 1.5689758437185415 -0.17293380822469742
3276 0.4510743633880604 1.6032440556397114 -0.5373650671625584
3277 0.4350322331504323 1.592147510771684 -0.4350322331504323
3278 0.533812857621809 1.5926459368214105 -0.4480925717623501
3279 1.3769487455755538 0.20932266029689725 -1.3769487455755538
3280 1.271038740940374 0.4260281059640345 -1.4828502269158197
3281 1.3260516243592997 0.3173106459226121 -1.4316315996094693
3282 1.4248487775426364 0.3158072831498206 -1.3197690218923541
3283 1.4603197627511941 0.41955502405709766 -1.2517265458954503
3284 1.1431598313763125 0.6525430694238701 -1.574340596510368
3285 1.2091061754762698 0.5410320545935577 -1.531786125965006
3286 0.988806517561683 0.8751973840884772 -1.636785634703749
3287 1.0697805173655612 0.7651516797500815 -1.6103704477313012
3288 1.195528846734286 0.7773600079207307 -1.5226896242746906
3289 1.2359597700200824 0.8966779634605645 -1.4540741203616108
3290 1.3018056237222808 0.776923258007067 -1.4125321748300799
3291 1.4839035457691796 0.5241197648793077 -1.1713103484798355
3292 1.495686536238138 0.6199420159882558 -1.086047563245029
3293 1.3892522107135623 0.7641187740526619 -1.280350545567632
3294 1.4028923925009584 0.8651159358707541 -1.1924554151113034
3295 1.452817470791256 0.7416890366870535 -1.1406692261384723
3296 1.4985835177528313 0.712037219429705 -0.9955196664194009
3297 1.4949000017515588 0.7993304335442966 -0.9030912988813311
3298 1.3215987525192623 0.5423959218539333 -1.4296008807759257
3299 1.3614708393443047 0.6564615222178267 -1.3614708393443047
3300 1.4139719667611108 0.5364662534138576 -1.3071505568424386
3301 0.7834311404190257 1.095337555805278 -1.6488421704508402
3302 0.8833041636459525 0.9979656359601184 -1.6519468549777392
3303 0.5633157168448207 1.258906022659946 -1.5948762966533534
3304 0.6754180967428618 1.1832335270417875 -1.6295294198111323
3305 0.8041495275250196 1.2367293756407678 -1.5751648264012628
3306 0.810490429260597 1.3580504739825068 -1.473560994504328
3307 0.9239990547469952 1.2736185182876922 -1.4983786459532928
3308 0.3295660135392048 1.3772672086579323 -1.4869249588780509
3309 0.4439606627439301 1.3245398458493645 -1.545266991251302
3310 0.21603207266585367 1.4210840385814805 -1.4210840385814805
3311 0.32823347492188387 1.4809128555440776 -1.3716984859544057
3312 0.4386286419502633 1.5267081493976236 -1.3086319634787535
3313 0.8014243909875141 1.4570779369732403 -1.34285950178912
3314 0.7787643350376513 1.5254404145240401 -1.1976886099860906
3315 0.9027292383042814 1.463887010277502 -1.2443007046353418
3316 0.5500640453902018 1.5573577683005724 -1.2292909977180333
3317 0.6509309862961947 1.5704512472370868 -1.1403356979776926
3318 0.7451699546982656 1.5683160677047863 -1.041843494250393
3319 0.8308605616669471 1.5538673406739358 -0.9387143443269057
3320 0.5682760282728727 1.3846580694872594 -1.4978134565722723
3321 0.5636669283918208 1.485665184463194 -1.373427563490433
3322 0.6894317331744725 1.429849532177437 -1.429849532177437
3323 1.484555863160357 0.8968422510887086 -0.7937993714163551
3324 1.4711798781030827 0.977315234114084 -0.699016649573365
3325 1.3643885723084008 1.1597272535384577 -0.8413719419489529
3326 1.332830757329714 1.2283518961757949 -0.7330857539448217
3327 1.4108211790734242 1.107696138646363 -0.720249186344627
3328 1.4530099326887629 1.055059237703939 -0.6022531359997562
3329 1.4290330342709412 1.1279986398937132 -0.5047393141301608
3330 1.172522546552084 1.3794418975742027 -0.8506548147087624
3331 1.1204087301072052 1.4270126170031268 -0.7285152020293908
3332 1.2332817815940986 1.3381799597334247 -0.7360279310033585
3333 0.9220724081902362 1.5263197046921995 -0.8161307042941451
3334 0.9946639857972087 1.4972954378483028 -0.7114252009317309
3335 1.0640232007776038 1.4653549526808491 -0.607369981271733
3336 1.129987512216235 1.4315526864667087 -0.5056292638308597
3337 1.3967903977828062 1.1972717650979925 -0.40130281318690525
3338 1.3570970226901293 1.257013823837304 -0.3007906035092594
3339 1.194851713287524 1.3939670578949548 -0.40049165766824185
3340 1.2538933374517955 1.353728083778868 -0.30004390290395166
3341 1.3087723446928765 1.3087723446928765 -0.19895853770476357
3342 1.2921110354772312 1.2921110354772312 -0.6230182481413599
3343 1.24569443152552 1.3474935967455022 -0.5112441111552487
3344 1.346769520692404 1.2450250572817212 -0.5109693939921623
3345 1.0233348690623043 1.0233348690623043 -1.583082575736974
3346 1.0489015634366845 1.280503263503705 -1.3976428961642338
3347 1.0443964669883241 1.1615004571018805 -1.5029278097519616
3348 1.1490670412871886 1.0332166043631628 -1.4868395454005758
3349 1.2539860936031848 1.0271804934798088 -1.368699952249796
3350 1.0073744244340288 1.4496516267243404 -1.1203272812928324
3351 1.035567688915683 1.3798757427417878 -1.2642252156539633
3352 0.9676703357330654 1.49697043838667 -0.9676703357330654
3353 1.0969134329390517 1.4193551911017364 -0.9863211907914835
3354 1.2114083654480803 1.322227240319358 -0.9923037017508496
3355 1.3404468744768265 1.005977153535609 -1.228100970592435
3356 1.4027162572097367 0.9747586635306934 -1.0840544458367802
3357 1.3120934875955552 1.2021239456080899 -0.9846985337178356
3358 1.3892046241296554 1.0736123155515622 -0.965369322432262
3359 1.449168926880387 0.936770524018891 -0.936770524018891
3360 1.1555927933342252 1.271152072667648 -1.271152072667648
3361 1.2430698757286724 1.2430698757286724 -1.1300635233897018
3362 1.258104289503325 1.1437311722757497 -1.258104289503325
3363 -0.07417323067671233 1.5061868985201534 -0.07417323067671233
3364 -0.07585782664923484 1.5181599477315277 -0.22612296261502118
3365 -0.07494807319865864 1.5109107710897602 -0.1495387602133583
3366 -0.148714012910346 1.50257768352256 -0.07453471400570848
3367 -0.22332204130122177 1.4993549289657095 -0.07491819716170649
3368 -0.0796733059522629 1.5412051611659687 -0.38943734151782405
3369 -0.07805062448642605 1.5284496621342794 -0.307115701862707
3370 -0.08403612908817895 1.5703143438021434 -0.566409369303676
3371 -0.08181250911377776 1.5557253788344578 -0.47606827083325004
3372 -0.1593185463082515 1.532573829692455 -0.39104827546037113
3373 -0.23849369435923326 1.523401759274428 -0.39251997527526766
3374 -0.23378509726202523 1.5146476537090086 -0.31053212207145714
3375 -0.30050776464856077 1.495563361169826 -0.07637127815863143
3376 -0.37660834790467324 1.490434192228856 -0.07704867748387703
3377 -0.30795205032310713 1.5020631275286864 -0.23184268202778993
3378 -0.3852180950098435 1.4950625716074626 -0.23405709874636405
3379 -0.38090226198199634 1.492810159300716 -0.15518491826374575
3380 -0.4538687209840987 1.4831803149960776 -0.07799750822918487
3381 -0.5314589893520077 1.473417848204073 -0.07885066641670149
3382 -0.15269191463137013 1.51284539946405 -0.22815529705115617
3383 -0.2302288162820229 1.5077579273804407 -0.2302288162820229
3384 -0.2266458206263161 1.5028364078060272 -0.15168170426860977
3385 -0.09311102586789657 1.5907566596197769 -0.7689518503075313
3386 -0.0905655031423508 1.5834514162546798 -0.6714256357445145
3387 -0.0979847977961437 1.5811732222484165 -0.9672333245811714
3388 -0.09573465182282505 1.5907108232708354 -0.8685287250711787
3389 -0.1859627304892433 1.5742065177379032 -0.7781239775660829
3390 -0.27772308340761903 1.5546720736880344 -0.7857682961438739
3391 -0.2702698063330215 1.5522140799907511 -0.6893190914054922
3392 -0.10218811500719865 1.5266273160821824 -1.1577555363826726
3393 -0.10069079198733968 1.5596387649604482 -1.066119390824735
3394 -0.10386396542748402 1.424285970960417 -1.320422005532933
3395 -0.10334929709456422 1.4811377802980619 -1.2433658143900341
3396 -0.20333592114842336 1.4989855711169773 -1.1630933329130249
3397 -0.3026627547492907 1.4690656029795153 -1.1664028482302244
3398 -0.2985982677743112 1.5075443933934003 -1.0784870773039106
3399 -0.3710253612840157 1.5318794522788528 -0.793368819529994
3400 -0.46177887040164395 1.5072365584262513 -0.7989643674577036
3401 -0.44850194387228753 1.5106288423052494 -0.702673722261893
3402 -0.3898796302209439 1.506478710886975 -0.9882033347523775
3403 -0.48396199572464743 1.4766786686682456 -0.992716672943598
3404 -0.4740086397658135 1.4966487999347164 -0.8966898372022875
3405 -0.5527960823937347 1.480403076951631 -0.8040302936296903
3406 -0.6434775564142706 1.4517663141099384 -0.8082887576956677
3407 -0.6267769294086436 1.4608592010249477 -0.7126456137034521
3408 -0.19602924836435417 1.5592478363905034 -0.9764210867218494
3409 -0.2936050853750447 1.5340932873058217 -0.9834551981326494
3410 -0.2863764649751341 1.5493098273791237 -0.8847540848691196
3411 -0.6188447320772098 1.4594476518055877 -0.08347310788248179
3412 -0.698045257294061 1.444069796193912 -0.08452507134598315
3413 -0.6461251063610267 1.4549495292291805 -0.25333420986068783
3414 -0.7264271237326293 1.437263336251806 -0.25674945357812484
3415 -0.7124785688456013 1.4414006497185303 -0.17027422865444874
3416 -0.7787031828579897 1.4261952947913588 -0.08583352044933895
3417 -0.8601780039745138 1.4061658047612615 -0.08713964422661906
3418 -0.6731977848888613 1.4472605965049758 -0.42968806939480236
3419 -0.7561530869735594 1.4264735986661485 -0.4370351577310503
3420 -0.7415787341213236 1.431880352596174 -0.3468053079158161
3421 -0.7022408858449061 1.4395304478073032 -0.6176258966188369
3422 -0.787348544560522 1.4141556264065063 -0.6268070818459841
3423 -0.7716506574073787 1.420784784613803 -0.5305340654089966
3424 -0.8408519021035381 1.4034507117115722 -0.44449156199222106
3425 -0.9264664930308973 1.378130683992585 -0.4516641909616875
3426 -0.9096222392600574 1.3866847947219174 -0.3588767309435604
3427 -0.9454739758564813 1.3831451493123288 -0.08929630607202649
3428 -1.0298962864213095 1.3580309090939984 -0.09090274833937101
3429 -0.9792276446661902 1.3687963227735067 -0.27111653408494935
3430 -1.064605205146585 1.3408531109185884 -0.2762479057720032
3431 -1.0472491094324203 1.34968644388377 -0.18308364110813014
3432 -1.1159124529486522 1.329311192601967 -0.09275529879988838
3433 -1.2017702363475344 1.2963010922078175 -0.0945308558602831
3434 -0.8091352363653825 1.4168922131227693 -0.26190021910033384
3435 -0.8936821255881917 1.3940561323517682 -0.26680383334155816
3436 -0.8770656439649481 1.40058702779159 -0.17608234939893766
3437 -0.17179185408071515 1.558615241098755 -0.5767445529203034
3438 -0.3472760850693634 1.5278784579276803 -0.594171992665488
3439 -0.2598409839290757 1.5444416107607057 -0.5861491784894525
3440 -0.24897680275805453 1.5339745578107333 -0.4867692979504612
3441 -0.3232434233009217 1.5132104190240345 -0.40207250777723724
3442 -0.5248072780982176 1.487400744941218 -0.6081324933484895
3443 -0.4371770128729851 1.5084847426406744 -0.6022217353420476
3444 -0.6133889847560868 1.464298037577254 -0.6133889847560868
3445 -0.5993305831399841 1.465872594506516 -0.5172113897200848
3446 -0.5857587439826536 1.4672471555088087 -0.4252258643788748
3447 -0.39781363899363764 1.4971820547565389 -0.3198195350758584
3448 -0.47121848536153205 1.4849686920645995 -0.2410227439976039
3449 -0.5714248838891653 1.4693856007945647 -0.33398106783529524
3450 -0.5584918525781242 1.4715674576485143 -0.24758044166205967
3451 -0.5451434609043672 1.473215312478695 -0.16237900369330435
3452 -0.42332221367055567 1.5046051777136455 -0.5043039202491334
3453 -0.4977723205645308 1.485117963140039 -0.4178394658149967
3454 -0.4099823173901633 1.5004688764463021 -0.4099823173901633
3455 -0.10277042357287788 1.2364015527263887 -1.472841725394086
3456 -0.10359120159829684 1.3169543605138945 -1.4205455621121914
3457 -0.09985203658313653 1.0572386045787352 -1.5466469569023713
3458 -0.10140924971625527 1.1489312655501742 -1.5149915497445932
3459 -0.2013686455979234 1.1518404019804764 -1.4844828819317342
3460 -0.29483290308781457 1.0648872088720134 -1.488534053968056
3461 -0.2996251844820737 1.1546966486540122 -1.4543218331360859
3462 -0.0952135928014615 0.8638015472009415 -1.5820529944798576
3463 -0.09724697739028536 0.9599501082031886 -1.5692670705308942
3464 -0.0906812645218071 0.672283856094419 -1.5854753935295538
3465 -0.09289411182843625 0.7671604786579767 -1.5870507885951564
3466 -0.18454560596226546 0.7721943024600152 -1.5622103147302056
3467 -0.26825998286124314 0.684193066755352 -1.5406712578993103
3468 -0.27477516385729966 0.7774276796787171 -1.5381698508834791
3469 -0.384598969756239 0.974818777375119 -1.4860744580025853
3470 -0.4682217415329565 0.8857426678914273 -1.4783770775040261
3471 -0.47810451342927107 0.9807016379047714 -1.4588061513340425
3472 -0.36672350726792746 0.7841701037583201 -1.5141180740508442
3473 -0.4447412119572586 0.6967817355508723 -1.4979620742418356
3474 -0.4567651848381923 0.7902897476957581 -1.4908719937870862
3475 -0.547860611513905 0.7968517548753512 -1.4671857505099053
3476 -0.6240697560417571 0.7095675565272465 -1.4545494615686516
3477 -0.6394275818148575 0.8032014801285987 -1.4426290619434563
3478 -0.19373671107507812 0.9650019654936502 -1.541012629971183
3479 -0.28269857999636305 0.8733913363313548 -1.5294123007367906
3480 -0.28961649107707016 0.9700950623891739 -1.5132527908597437
3481 -0.0825081398427918 0.48011615693144594 -1.5689533117159589
3482 -0.08449856470872344 0.5695262176285354 -1.5789554996467219
3483 -0.07899154333228153 0.31081805470923685 -1.5468754864182823
3484 -0.08052606325249473 0.3936055573586627 -1.5577009490165035
3485 -0.16037312300860554 0.3936367399522342 -1.5427183903215669
3486 -0.23521063590458482 0.3124256368632608 -1.5238834381345847
3487 -0.2394172250714543 0.3940399494334983 -1.529300901872397
3488 -0.07596649010358028 0.15157073775250915 -1.5314414799583846
3489 -0.07683663910052756 0.22904068358209048 -1.5377491440680473
3490 -0.07508526677070297 0.0 -1.5283957168645708
3491 -0.07526360547100643 0.07526360547100643 -1.5283284206657974
3492 -0.1506551359694478 0.07550759510298113 -1.5221904162603668
3493 -0.2253694914592385 0.0 -1.5193177003050362
3494 -0.22601509628368788 0.07582164056105987 -1.5174357473139974
3495 -0.3100553792188916 0.2334261798868676 -1.5123222986435032
3496 -0.3843643193049035 0.1565954089231715 -1.5063784545290637
3497 -0.38779451889542693 0.23562252443018364 -1.5050618810112246
3498 -0.3040291032215884 0.07726619389555395 -1.5130883158353172
3499 -0.3786347318367835 0.0 -1.511594581800215
3500 -0.38119453542161663 0.07798694580649794 -1.5085841103739412
3501 -0.45997745784185345 0.079047296926453 -1.5031428236203068
3502 -0.5369793298889076 0.0 -1.5007566897368962
3503 -0.5397580516614581 0.0800819685620124 -1.496426183325116
3504 -0.1542130497816695 0.23042820745973522 -1.5279165466145006
3505 -0.22885511239999407 0.15316026293133758 -1.5174857143927292
3506 -0.2320509948391413 0.2320509948391413 -1.5196912909313895
3507 -0.7032270764889198 0.6184932583646762 -1.4415520496365564
3508 -0.777210480711147 0.5343566185708306 -1.4310216868691263
3509 -0.7905429591661568 0.6293501508730334 -1.4198931100391903
3510 -0.6781248501971215 0.432832912155148 -1.4578529478720097
3511 -0.7513400472360527 0.3513702651410627 -1.4507280242207938
3512 -0.7639342510430798 0.44153245110330214 -1.4411526700119863
3513 -0.8521358287370449 0.4504564770529893 -1.4222845097027266
3514 -0.9279385589291435 0.36610313839277353 -1.4146073332045392
3515 -0.9416174803700391 0.4590504898621659 -1.400667970232205
3516 -0.6541732786678478 0.25648975567077736 -1.473072466093395
3517 -0.7260109820805107 0.1735083206344235 -1.4687777949155603
3518 -0.7380293267081458 0.26085015298340036 -1.460218730415473
3519 -0.6304994133924392 0.08504515401996221 -1.4869333786711303
3520 -0.702196680637402 0.0 -1.4846701412681018
3521 -0.7138792140244631 0.08644237729189638 -1.4768260371821416
3522 -0.7997701953579431 0.08815565793127988 -1.4647795394228895
3523 -0.8759611144475247 0.0 -1.461452827466294
3524 -0.8873072761054209 0.08988795342621633 -1.4505150610806254
3525 -1.006116466429098 0.2785611811000698 -1.4063823943609028
3526 -1.0835673236718495 0.18943291449648714 -1.39649307373289
3527 -1.096585534465389 0.2845462862021479 -1.381131820667537
3528 -0.9792767480048186 0.09248884522690544 -1.432595627616535
3529 -1.0573818936821384 0.0 -1.4257144405773738
3530 -1.07006742033249 0.09444841262089206 -1.41100094328482
3531 -1.1615612065849692 0.09654965002537283 -1.3836894719882604
3532 -1.2394573204218133 0.0 -1.367530415263678
3533 -1.2511488487150078 0.09841496144645319 -1.3495638101614609
3534 -0.8252356014997447 0.26711157187150486 -1.445085870946626
3535 -0.9012940033338394 0.1809465080501305 -1.4392773197557545
3536 -0.9150330587758804 0.27317803582003514 -1.4273614861117982
3537 -0.17181003780855358 0.5768055998543312 -1.558780216530801
3538 -0.32392097665516245 0.40291529546185734 -1.5163822725597125
3539 -0.24911995018765393 0.48704916247212593 -1.534856505496578
3540 -0.25896340837224846 0.5841695439301979 -1.5392254813185526
3541 -0.3455452759637394 0.591210664951238 -1.5202635772579105
3542 -0.4747495013137448 0.2428288173591968 -1.4960961166099114
3543 -0.3995509018283221 0.32121619556617964 -1.5037202889585253
3544 -0.5517571983516554 0.16434900273832298 -1.491088514633399
3545 -0.5637686668854266 0.24991966292507323 -1.485471309922875
3546 -0.5754675535216198 0.3363438895443588 -1.4797810888353866
3547 -0.43499407401593193 0.5992146851359973 -1.5009524848525941
3548 -0.5228837063637606 0.6059035103983121 -1.4819489874100589
3549 -0.5884050715224887 0.42714694012399296 -1.4738758513588575
3550 -0.600330955834102 0.5180746931554809 -1.4683193558730347
3551 -0.6125250429582243 0.6125250429582243 -1.462235613388639
3552 -0.410683617737434 0.410683617737434 -1.50303552212707
3553 -0.49905680019980897 0.4189176822253552 -1.488950244889807
3554 -0.42269932572159813 0.5035618735896598 -1.5023912602699787
3555 -1.331335466260414 1.2342497800573742 -0.09708568620303984
3556 -1.4114972621756743 1.184904919879355 -0.09848999319118147
3557 -1.4432033816666818 1.1458688649011832 -0.2973345167654986
3558 -1.5134752213799625 1.0827299515895705 -0.2997729827419206
3559 -1.4656342276594647 1.137215348517071 -0.1988118441498586
3560 -1.4864502864762739 1.1272862935153143 -0.09949877827205326
3561 -1.5533758525498345 1.0618382633521428 -0.10028645630080778
3562 -1.5253835386109469 1.0254591628783067 -0.49992437573264004
3563 -1.5809785856229779 0.9472144905500931 -0.5007170078262289
3564 -1.5528776529949606 1.0186396024465274 -0.40188776698449197
3565 -1.5659403328781136 0.8718565474248496 -0.6940837854532638
3566 -1.6077198810450224 0.7842881233774732 -0.6897870305937993
3567 -1.5988651120504833 0.8683688959653655 -0.5970308924495734
3568 -1.6271232109073575 0.8625145533463744 -0.49850908547602074
3569 -1.6633384194689103 0.7737070588469933 -0.49384103729334194
3570 -1.6506511998678426 0.8548813628557845 -0.39979220092925244
3571 -1.6125957560778392 0.9864550780455884 -0.09993204214622209
3572 -1.6596300580839125 0.9061586539491389 -0.09988245722667505
3573 -1.6705158458121379 0.8443184978110979 -0.2984171513930014
3574 -1.7008966916155643 0.7553472018795465 -0.2961582589420621
3575 -1.6852358281550328 0.833005321071345 -0.19907874385652174
3576 -1.6959970598530085 0.8198237419932096 -0.09927101367571527
3577 -1.7215233879363612 0.7299718345184218 -0.09846252950946523
3578 -1.5760690774347448 1.0103644541339665 -0.3016386942477694
3579 -1.6288358346002163 0.9301684742306188 -0.30107615668243415
3580 -1.5959200539150933 0.9993857018729281 -0.200639693907021
3581 -1.569375280305495 0.6956062836373728 -0.8737689966681222
3582 -1.6033907850590194 0.5987208202457689 -0.8708268604579941
3583 -1.6089878375960205 0.6903310432632617 -0.7849066659952706
3584 -1.5405877708815396 0.5049073627217954 -1.035680408159744
3585 -1.570842313701726 0.40653705623284425 -1.0304238629805964
3586 -1.5909586601646404 0.5038778305646436 -0.9531938702258196
3587 -1.6320931821241633 0.5000317579998491 -0.8651490634286301
3588 -1.65542471942088 0.4009483603216428 -0.8573535949672362
3589 -1.6643063848097697 0.4941284237941279 -0.7741573109473334
3590 -1.477121767561824 0.30432251790775683 -1.172799249654067
3591 -1.50372999923017 0.2039794981643113 -1.1667746309943854
3592 -1.5414273513378398 0.3053094416499314 -1.1027267165769241
3593 -1.381509845175067 0.10074457919446833 -1.2807652659805986
3594 -1.4082571774616306 0.0 -1.2763699060432434
3595 -1.458375918943131 0.10176104352160988 -1.2242579902179227
3596 -1.5270131061971195 0.10221393870642015 -1.1580481098462447
3597 -1.5472804079476132 0.0 -1.1475413597903648
3598 -1.5851750513932414 0.10233942304415924 -1.0835751829910358
3599 -1.6743839492972554 0.29910814060224233 -0.8462735294452605
3600 -1.6876747534665426 0.19936685675992877 -0.8342108720857733
3601 -1.6983547303636242 0.29571565544804407 -0.7542183482999
3602 -1.6337543461417976 0.10124323319088219 -0.9993981845459067
3603 -1.6450626727973754 0.0 -0.9860126205358807
3604 -1.6700081442767891 0.10050704747508951 -0.9118250930265093
3605 -1.6963596423946208 0.09929223655239294 -0.8199990098536808
3606 -1.7007270711294573 0.0 -0.8043839980490446
3607 -1.713831818415337 0.09802261019367493 -0.7267104038849883
3608 -1.5962988186539697 0.3055103981049818 -1.0233330554071427
3609 -1.6173528124517933 0.2033342287001876 -1.0128071714388545
3610 -1.6406533017877547 0.30326051285078803 -0.9369169968193307
3611 -1.7386553561104345 0.6271296492818964 -0.09304497951166889
3612 -1.7452229826419465 0.5340565236438221 -0.09177781189115752
3613 -1.7414363249465052 0.44869880125188943 -0.2726277425501132
3614 -1.7408484914361315 0.3569076774567228 -0.2686990818572483
3615 -1.7447368362080329 0.44518333649756325 -0.18137392864845042
3616 -1.7453054317334133 0.4410101423204907 -0.09022436282100413
3617 -1.7406453078426243 0.3497527714884932 -0.08888644268256479
3618 -1.7338947857263238 0.27144708909554927 -0.44675564688028563
3619 -1.7331230424932873 0.18016661798196953 -0.44221998561963843
3620 -1.7365315076160548 0.2680327575937908 -0.3560226121127705
3621 -1.7250348916986304 0.09231607379284325 -0.6222167739155327
3622 -1.7232697597955946 0.0 -0.6165957794231695
3623 -1.729490263936902 0.09095045944839847 -0.5292421468320047
3624 -1.7302166405027324 0.08944434085477714 -0.43719745151743855
3625 -1.7253094894572403 0.0 -0.43216752940335723
3626 -1.7283321137313792 0.08825766666617751 -0.34727864666427993
3627 -1.73256357738645 0.25805740009338257 -0.0865709227203255
3628 -1.7228015006282003 0.17051013562623496 -0.08545882089563214
3629 -1.7243380982578789 0.08615992059187758 -0.25683225269553445
3630 -1.7163747566510201 0.0 -0.2546001445137198
3631 -1.7189145752724637 0.08526601164994164 -0.1701254365362156
3632 -1.711942136317029 0.084305791736063 -0.084305791736063
3633 -1.7005481798570081 0.0 -0.08354257495757622
3634 -1.7371559399914196 0.26525700744042235 -0.26525700744042235
3635 -1.7314240251341229 0.17475311722542283 -0.2611195849330879
3636 -1.735856665308361 0.2617880804290801 -0.17520050485360752
3637 -1.6420307778121652 0.6878405665331044 -0.6878405665331044
3638 -1.6900039595948555 0.48978346410440804 -0.6746883733809023
3639 -1.6692475609455066 0.5889692283074126 -0.6824816275682271
3640 -1.6693421833940874 0.6825203145097105 -0.5890026144340873
3641 -1.6915027970007601 0.6752867436779723 -0.4902178452031182
3642 -1.716443162813883 0.28877898469999014 -0.6514275080374521
3643 -1.705919073554674 0.3877434715014904 -0.6634096645585545
3644 -1.722747116831437 0.18988260444832075 -0.6374793403093217
3645 -1.7276976270168574 0.2804196647962978 -0.5482425746186577
3646 -1.7313038298857681 0.3698313002016037 -0.4600217285415411
3647 -1.7099621562530105 0.6649819666555684 -0.3886624359150566
3648 -1.7235911427088468 0.6541403218557929 -0.2899815799396366
3649 -1.7347320174535943 0.460932626295877 -0.3705636101772755
3650 -1.736463442901485 0.5510241918380546 -0.28184242947085353
3651 -1.7332201540831516 0.6413547465213126 -0.19103695122992934
3652 -1.709811717905219 0.4810572847312412 -0.5730837331942323
3653 -1.7244043287068087 0.4711695749899462 -0.4711695749899462
3654 -1.7116302943840367 0.5736932720029012 -0.48156894309327886
3655 -0.2060350925452737 1.3553227434734783 -1.3553227434734783
3656 -0.4023641907982986 1.2004383450582397 -1.400484670554638
3657 -0.3062987532617486 1.2800325627934623 -1.3819485092140569
3658 -0.30745234368102264 1.3871532400305648 -1.2848534550924768
3659 -0.4052432492940721 1.4105056350966396 -1.209027907188844
3660 -0.5863721148592703 1.0272380159337495 -1.4146950114720211
3661 -0.4984727701861316 1.1139940778399708 -1.4112910077316354
3662 -0.7510444701212058 0.8485373477298154 -1.4045960626338023
3663 -0.67083968457459 0.9379202108893735 -1.411877450961307
3664 -0.6956635415265938 1.0698850250104284 -1.3626629179214829
3665 -0.8024780207976677 1.1061167893582082 -1.3013172730347946
3666 -0.7100851939054479 1.1898123646333547 -1.2910132023010923
3667 -0.5030222398751327 1.4241716023118318 -1.1241612977845372
3668 -0.5916870639396101 1.4275179813228118 -1.0365490278487475
3669 -0.7115778127466001 1.293726947984667 -1.1923133833394628
3670 -0.8044889734834688 1.304578281308501 -1.108888639141905
3671 -0.6994841856141691 1.3701467800328853 -1.075760925716999
3672 -0.6755801931231377 1.4218545248877374 -0.9445480519068534
3673 -0.7537170354161263 1.4095942682524008 -0.8515568379959785
3674 -0.5084347717997031 1.2388492115706913 -1.3400889798314244
3675 -0.6127012612647085 1.2707140817989653 -1.2707140817989653
3676 -0.5101558369964876 1.3446252165951271 -1.243042749031851
3677 -0.9182030606903342 0.6567371557382715 -1.3821966748781864
3678 -0.8415262280713804 0.7448388945352715 -1.3929904555344341
3679 -1.0737092385613165 0.48044673590893805 -1.3602551606361841
3680 -0.9957801862897898 0.5684152306599993 -1.3713718147262373
3681 -1.0476761640546695 0.6812228357455177 -1.3343765221254558
3682 -1.1737817299404276 0.7005180414008071 -1.2736190638259788
3683 -1.093999938908102 0.7936873521620853 -1.2870621175781534
3684 -1.2326411201624063 0.2949584637916984 -1.3307837690370066
3685 -1.1547365391522928 0.387045811285459 -1.3471669147103453
3686 -1.3090119211239806 0.19899495792451702 -1.3090119211239806
3687 -1.362420767325357 0.30197057246872633 -1.261944952923267
3688 -1.4086953630869883 0.4047231517538401 -1.2074762158486518
3689 -1.2962169334668723 0.7129473586356756 -1.1946081821139485
3690 -1.4029216977347698 0.716216361284227 -1.1014939174818899
3691 -1.3239699193319396 0.8164471358959167 -1.12537148835581
3692 -1.447456492596424 0.511246542092077 -1.142541086033795
3693 -1.4758856500310022 0.6117348141339957 -1.0716697483123365
3694 -1.4948182715355889 0.7102481997219388 -0.9930183866350104
3695 -1.5038409172022178 0.8041111853103574 -0.9084926387288548
3696 -1.2073925039740314 0.4955246582854039 -1.306061604426619
3697 -1.3346813219585663 0.5063830861743923 -1.2338500862938928
3698 -1.2554924222738715 0.6053618210844568 -1.2554924222738715
3699 -0.8400061395473681 1.3904742311615237 -0.7434934569029639
3700 -0.9117019817644805 1.3724104194635292 -0.6520873127288338
3701 -1.0875402438791264 1.2794624564929793 -0.7890009001240355
3702 -1.162104369730747 1.2609484725236528 -0.693548942040884
3703 -1.0380401904273961 1.3221036295874686 -0.6749573068495127
3704 -0.9830307555957701 1.3538135120523016 -0.5611375496130139
3705 -1.0535784251934441 1.334751940781111 -0.4714389121644524
3706 -1.3170796656053392 1.1195147880046676 -0.8121981512033357
3707 -1.3926630230837953 1.0934393925944927 -0.7109791262753287
3708 -1.2842614210762016 1.1835898467145947 -0.7063715681487643
3709 -1.5014854880747077 0.9070696890013188 -0.8028517256920088
3710 -1.4877634656344756 0.9883318290063362 -0.7068961780842141
3711 -1.462572158064054 1.0620025585913186 -0.6062165502131395
3712 -1.4263256855338533 1.125861610433991 -0.5037830693745131
3713 -1.1259312824746324 1.3135614233708481 -0.37739083496655296
3714 -1.1952045946340355 1.2903665545474143 -0.2860002845788452
3715 -1.3785211362521697 1.1816120991706331 -0.3960539898425227
3716 -1.3239489373241862 1.2263103436571374 -0.2934435734622595
3717 -1.263853589584022 1.263853589584022 -0.19213002404597804
3718 -1.2376908612335848 1.2376908612335848 -0.5967784276538725
3719 -1.3103867488000553 1.2113908964521454 -0.49716563423969135
3720 -1.1836437161588114 1.2803720462961496 -0.4857779438341416
3721 -0.8769297117072833 0.8769297117072833 -1.3565961531457658
3722 -1.1221207497930612 0.9191653331692435 -1.2247716497773828
3723 -1.0023980709132412 0.9013349907669231 -1.2970566890487965
3724 -0.9051133434347337 1.00660007512282 -1.3024938879277606
3725 -0.9210093264962832 1.124371904291694 -1.2272287384727862
3726 -1.3384340541081736 0.9300884502484078 -1.0343755405683337
3727 -1.2382563677842546 0.9292853300860014 -1.1344752828877562
3728 -1.4267465514001976 0.9222762714588795 -0.9222762714588795
3729 -1.3363056372043525 1.032730646388686 -0.9286093964440898
3730 -1.2349348775585747 1.1314321743187852 -0.9267926216121726
3731 -0.9215130023996747 1.2278998777606693 -1.1249867938681073
3732 -0.9061062569882687 1.3039227297895017 -1.0077043200937161
3733 -1.1189038972572158 1.2212605215960846 -0.9165303054029252
3734 -1.0005341312587 1.2946448374430732 -0.8996589759380185
3735 -0.877261272686178 1.3571090726448964 -0.877261272686178
3736 -1.1402796977897103 1.0366179070815547 -1.1402796977897103
3737 -1.1393359001925027 1.1393359001925027 -1.0357599092659113
3738 -1.0339242313859638 1.1373166545245603 -1.1373166545245603
3739 -1.6886307164265286 -0.08315780450643125 -0.08315780450643125
3740 -1.7074414777405091 -0.08531564794980205 -0.25431557854978426
3741 -1.6989125841344073 -0.08427382155862824 -0.16814578756301635
3742 -1.6758945198521213 -0.16586763000325405 -0.08313202046770352
3743 -1.6619719926635619 -0.24754310725020742 -0.08304367632918926
3744 -1.7186229634076688 -0.08884500041290637 -0.4342679189022598
3745 -1.7141473641222131 -0.08753331924891745 -0.3444284649148315
3746 -1.7184187667523725 -0.09196200867700087 -0.61983035034828
3747 -1.7203572280688362 -0.09047017122378109 -0.5264473421368304
3748 -1.7098937110010872 -0.1777518153451579 -0.4362928388524611
3749 -1.6991147236662898 -0.26600215282693707 -0.43779420974345373
3750 -1.6931824114329606 -0.26134184658054693 -0.3471352073129462
3751 -1.646066789596159 -0.33074884304256824 -0.0840567694554926
3752 -1.6280746828114692 -0.41138784909525467 -0.08416406561903729
3753 -1.6703534645316978 -0.3424548307854111 -0.25781821020304874
3754 -1.6535393384691717 -0.4260512476772592 -0.2588671722341073
3755 -1.6419013403458005 -0.41894405031511034 -0.1706836758252329
3756 -1.6072308114383727 -0.49182947301704066 -0.08452107756142614
3757 -1.5832557161363017 -0.5710772974612743 -0.08472869286710889
3758 -1.6971338739000184 -0.17129220254981253 -0.25594821736075185
3759 -1.6848903996282583 -0.2572762611471119 -0.2572762611471119
3760 -1.6744781273779583 -0.2525314580676426 -0.16900555163684952
3761 -1.6958485322641563 -0.09926231997886095 -0.8197519456165739
3762 -1.7101213788992273 -0.09781039160698123 -0.7251370785619493
3763 -1.640490902426766 -0.10166069542470774 -1.003519062410555
3764 -1.6730347383558706 -0.10068919870341529 -0.913477614564904
3765 -1.6898413737250844 -0.19962280197084725 -0.8352818238030069
3766 -1.6844404171160015 -0.3009046051416652 -0.8513563078117724
3767 -1.6960222562269345 -0.29530952761984935 -0.7531825253593947
3768 -1.540983718112553 -0.10314909195705044 -1.1686430684987965
3769 -1.5957775088766861 -0.10302392118886086 -1.0908226852764653
3770 -1.4000797859293563 -0.10209876488738319 -1.297981021041973
3771 -1.4751145145952569 -0.1029290119024105 -1.2383094835304238
3772 -1.5367625399288294 -0.2084603298816104 -1.192405249858288
3773 -1.5368941520975963 -0.3166370629660846 -1.2202570891315114
3774 -1.5909409042502949 -0.3151165565818714 -1.1381483779233514
3775 -1.6808173388494407 -0.407098521669792 -0.8705045726573165
3776 -1.6799964830222467 -0.5147081086055723 -0.8905419125386167
3777 -1.684676802811024 -0.5001763502041067 -0.7836326744781454
3778 -1.6358378251582562 -0.4233580214343859 -1.0730589036891793
3779 -1.6417637613374225 -0.5380664617860534 -1.103697299551369
3780 -1.6666188840963405 -0.527840432767516 -0.9985243137359898
3781 -1.6809619507155993 -0.6276866047333094 -0.9129569857401472
3782 -1.68137921191024 -0.7452506482416025 -0.9361285636686375
3783 -1.6766378461507923 -0.7193560612846283 -0.8179081228295325
3784 -1.6355579621182335 -0.2056229872427257 -1.0242074707411057
3785 -1.633485164959342 -0.312627371024503 -1.0471719613434338
3786 -1.6642349054363248 -0.307619367465908 -0.950383586772569
3787 -1.5531356530450584 -0.6585709435340992 -0.0888315930772616
3788 -1.5214046153015743 -0.7354279404885158 -0.08905167464440578
3789 -1.5788008748269617 -0.7011259584453724 -0.274899069772921
3790 -1.5484677944652532 -0.7826325056474762 -0.27661476507783445
3791 -1.5344214826686144 -0.7584583940566165 -0.18126288096459087
3792 -1.4854950759583636 -0.8110808863227065 -0.08940239281768039
3793 -1.4456275963877 -0.8843175222585978 -0.0895850788056918
3794 -1.6107711381037686 -0.7492552238021488 -0.4782339422769583
3795 -1.5862621825782448 -0.8408547113858477 -0.4859903077169617
3796 -1.5654682071102228 -0.810764620962283 -0.37916064887329054
3797 -1.6513708607554853 -0.8055822215374427 -0.7085153426785009
3798 -1.6350792418427802 -0.9103504856656927 -0.7247287561770874
3799 -1.6103605439726112 -0.8746122466092865 -0.6013233921281483
3800 -1.5564234491543472 -0.9325027282959846 -0.49294006854877964
3801 -1.5198563824948963 -1.0217434594238008 -0.4981129230710952
3802 -1.4947552905420483 -0.9805131344224044 -0.3868455861578096
3803 -1.400444159593157 -0.9572990283730076 -0.09041313586935325
3804 -1.352165181307444 -1.0254478668573095 -0.09051011311049827
3805 -1.4286544282299194 -1.0220497290370014 -0.2829725873327774
3806 -1.3787435285193201 -1.094689287791016 -0.2840542407283043
3807 -1.3635297591634004 -1.057990418766808 -0.1849614732356497
3808 -1.2995826891609719 -1.0909563648769054 -0.09068093409515314
3809 -1.2434248708501492 -1.1527499358786504 -0.09067493497149869
3810 -1.5137706263296498 -0.8644589490958584 -0.27980735233882825
3811 -1.4739057859853135 -0.9448710314942425 -0.2820859967968313
3812 -1.4581256737889596 -0.913097085498522 -0.18331613049744305
3813 -1.7107638844300286 -0.18856180271493925 -0.6330451067463173
3814 -1.6923690493858967 -0.38466364579839707 -0.6581402369943046
3815 -1.7017399320782882 -0.28630527386841564 -0.6458473122199069
3816 -1.7022409368852403 -0.2762878326968018 -0.5401645167914179
3817 -1.6860112021898659 -0.3601561460771957 -0.44798710323592267
3818 -1.674165663598249 -0.5907045078380783 -0.684492422600385
3819 -1.6830459141075147 -0.48776693887508094 -0.6719105619058986
3820 -1.664332885444515 -0.6971828362128222 -0.6971828362128222
3821 -1.6488967410717144 -0.6741610758449426 -0.5817887435447442
3822 -1.633587475463831 -0.6521656179198113 -0.47343328878475455
3823 -1.662380755968447 -0.44170829848233856 -0.35510834424163457
3824 -1.6324625889690645 -0.5180220651748959 -0.26496222766805655
3825 -1.6197366703012799 -0.6298944526592887 -0.3681548141391097
3826 -1.6075985694656918 -0.6101186178019469 -0.27046667944098857
3827 -1.5958970278960898 -0.5905401754007694 -0.1759010832916659
3828 -1.6777233808149847 -0.4720291981001116 -0.5623285700267954
3829 -1.6531230196600541 -0.5540831786419086 -0.465107861196948
3830 -1.6705610360983458 -0.45645764178956155 -0.45645764178956155
3831 -1.1799545830220997 -0.09807851828278565 -1.4056002599743713
3832 -1.270432367049786 -0.09993179672581926 -1.370364163775605
3833 -0.9935234281918125 -0.09383438825291592 -1.4534372658822465
3834 -1.0866663808724855 -0.09591350299218127 -1.4328884884380066
3835 -1.1206434799768823 -0.195914693887351 -1.4442765333754
3836 -1.0617271604776197 -0.29395798766554754 -1.4841168353104814
3837 -1.1601450138191456 -0.30103894749908056 -1.4611839613182263
3838 -0.80866362881119 -0.08913594762185549 -1.4810678675365734
3839 -0.8987635463881324 -0.09104852171788012 -1.4692430632467084
3840 -0.6352579277847029 -0.08568700804995857 -1.4981555840093927
3841 -0.7204744458874346 -0.08724098230774012 -1.4904698160527725
3842 -0.741245587257627 -0.17714921701898645 -1.4995986094083809
3843 -0.673739936304261 -0.2641614955600576 -1.517132817620396
3844 -0.7651174029410239 -0.27042420183710736 -1.5138135061984315
3845 -1.000226598791592 -0.3946232144336326 -1.5248077234226272
3846 -0.9359293997253502 -0.4947514773500948 -1.5621428445012733
3847 -1.0455074103718118 -0.5096981512037101 -1.555205561575522
3848 -0.7949108569615774 -0.3717465075921169 -1.5348569016037288
3849 -0.724319490971135 -0.462317985422062 -1.557163558902866
3850 -0.827828841776699 -0.47846172246446583 -1.5616890380428075
3851 -0.8650428858640647 -0.5947441560310973 -1.592741169175508
3852 -0.7864791875946797 -0.6917140872904105 -1.6122113649750343
3853 -0.9039520349402934 -0.7196349584489651 -1.6235869933892586
3854 -0.9275386246919952 -0.18621545755194716 -1.481187382561731
3855 -0.8615573249098506 -0.2788681570400598 -1.5086895366306878
3856 -0.9612857842380762 -0.28698653002896485 -1.4995111842229907
3857 -0.4622305553519195 -0.07943449257016577 -1.510505635200384
3858 -0.5428759449896913 -0.08054455922596397 -1.5050702363389081
3859 -0.3052443320474988 -0.07757503309908843 -1.5191362517666716
3860 -0.3828504463170528 -0.07832572147420244 -1.51513740700577
3861 -0.38777577299355326 -0.15798528295300515 -1.519748426914896
3862 -0.31357666485142777 -0.2360771909919294 -1.52949767807215
3863 -0.3931070706483766 -0.23885041135019847 -1.5256803238841112
3864 -0.15110283388287074 -0.0757319790415549 -1.5267138695685263
3865 -0.22682489007853215 -0.07609330336169064 -1.522872596765449
3866 -0.07540641767650401 -0.07540641767650401 -1.5312284139774917
3867 -0.07620162603077674 -0.15203988837285098 -1.5361816872767187
3868 -0.07706920917261888 -0.22973394670390457 -1.5424036218468888
3869 -0.2377214094188471 -0.31576064767684925 -1.5401502458007283
3870 -0.16120587875378448 -0.39568074365160183 -1.5507291316392662
3871 -0.24212342624956945 -0.39849389536434393 -1.5465870261314367
3872 -0.07910757740165227 -0.3112746286942532 -1.549147758232797
3873 -0.08040359169003776 -0.3930069252431163 -1.5553318518402444
3874 -0.08205008998271299 -0.4774507576275342 -1.5602431547996718
3875 -0.08364354614265965 -0.5637633328788231 -1.562978467707301
3876 -0.23040784719916282 -0.1541994237681192 -1.5277815424005423
3877 -0.15523200576037452 -0.23195075175793692 -1.5380121883409261
3878 -0.23418860107647319 -0.23418860107647319 -1.5336903758504856
3879 -0.6939322214051753 -0.7890012069500898 -1.6173812770739349
3880 -0.599889817957223 -0.8725271430814215 -1.6065213930066955
3881 -0.722469931062501 -0.9075131171708303 -1.6299830482333313
3882 -0.46894645969267434 -0.7347044062480567 -1.5794893582677771
3883 -0.37974527346706327 -0.8120147320658054 -1.5678819892824112
3884 -0.4854861261451578 -0.8399823823634094 -1.5846165444908054
3885 -0.5009311663630405 -0.9476196177300615 -1.581654776076538
3886 -0.4001618607784876 -1.014265056725129 -1.546208823041316
3887 -0.5136390230772537 -1.05359103935376 -1.5672300624310136
3888 -0.2716647041678714 -0.6928767574325194 -1.5602252599622746
3889 -0.18363350196549091 -0.7683777850962568 -1.5544891974246047
3890 -0.27826664836915016 -0.78730621696927 -1.5577149077785928
3891 -0.08934405591423636 -0.6623701902027825 -1.5620955768221074
3892 -0.09112688051892882 -0.7525659043559478 -1.5568584998894555
3893 -0.09303095701604677 -0.8440001290111173 -1.5457866865024397
3894 -0.09466535982370908 -0.9344662923676774 -1.5276077044030072
3895 -0.29784063138041106 -1.0757506211743861 -1.5037192858120052
3896 -0.19802657131269588 -1.1327235420705604 -1.4598452227180416
3897 -0.3018157835800872 -1.1631387875930106 -1.4649545711730978
3898 -0.09684521967985989 -1.02540226937893 -1.5000732026500636
3899 -0.09797375203330527 -1.1100082805984997 -1.4636673364859472
3900 -0.09886958212723056 -1.1894716457291907 -1.4169372944736298
3901 -0.099213983535483 -1.2613068120174822 -1.360520795552965
3902 -0.2863134045186674 -0.8845592609108817 -1.5489686674135823
3903 -0.19178465325600225 -0.9552787714654649 -1.5254856514396635
3904 -0.2931249750045753 -0.9818470276239117 -1.5315846996375861
3905 -0.5590220503422393 -0.16651294583369336 -1.5107213121683163
3906 -0.4074668517773553 -0.3275801690055721 -1.533512174023162
3907 -0.48308869352510814 -0.24709421664200332 -1.5223757294342737
3908 -0.5767457813933405 -0.2556724411017594 -1.5196646456284362
3909 -0.5961631342658382 -0.3484398488756754 -1.532998561862925
3910 -0.25206427000546594 -0.4928055400734992 -1.552996796642378
3911 -0.32984950786994033 -0.41028961228049304 -1.5441357071450141
3912 -0.17185697308138548 -0.5769631723020499 -1.5592060459857096
3913 -0.2621352292906128 -0.5913245361777734 -1.5580781354846878
3914 -0.3548053787105131 -0.6070542370769682 -1.5610043944730279
3915 -0.619493904016601 -0.449715575770737 -1.5517492105082804
3916 -0.6434883769270935 -0.5553187624023651 -1.5738759261690936
3917 -0.454772906425696 -0.6264604973038669 -1.5691995930921219
3918 -0.5581034958268787 -0.6467152507747602 -1.5817683749649523
3919 -0.669096385352488 -0.669096385352488 -1.5972841840504866
3920 -0.42184184374957867 -0.42184184374957867 -1.543872822023698
3921 -0.437862937659909 -0.5216262904774963 -1.5562869650037223
3922 -0.5183640027211719 -0.43512451184327966 -1.546553836125936
3923 -1.1502512017179642 -1.2407295870732111 -0.09047838535524684
3924 -1.085628547410289 -1.2932360197857895 -0.0902380827766994
3925 -1.0818619810746202 -1.3625877422877306 -0.2807257612131102
3926 -1.0051774875507111 -1.4050698590756718 -0.2783012081504968
3927 -1.047875695690022 -1.3504939833413754 -0.18319318304278237
3928 -1.017878293195313 -1.3421838704345064 -0.08984199238931011
3929 -0.9481638244997717 -1.3870801609555432 -0.0895503517188367
3930 -0.9918413474311617 -1.4753766108429016 -0.4835352634117397
3931 -0.898872140330317 -1.5002912426413828 -0.4751622499600603
3932 -0.9553007175577362 -1.4563199119909853 -0.37689843518342414
3933 -0.8658620407132402 -1.5551736077062448 -0.6893115669930044
3934 -0.7604551930312741 -1.5588645244496198 -0.6688257973890205
3935 -0.8338818114325653 -1.5353665269076673 -0.5733199385539808
3936 -0.8055827011620829 -1.5197219644360918 -0.4656040806193088
3937 -0.7143455058166784 -1.5357211893226488 -0.4559517992559884
3938 -0.7819015795861853 -1.5097378848113052 -0.365662613545073
3939 -0.8743069968797269 -1.4292630085809652 -0.08857097054437174
3940 -0.8008320453007841 -1.46672431815963 -0.08827270165318744
3941 -0.7605990715746652 -1.5048738179602839 -0.2688272362620382
3942 -0.6796917155872914 -1.5305350804030506 -0.26649508279740175
3943 -0.7427980440225121 -1.502739352565317 -0.17752023642885936
3944 -0.7255021447460129 -1.5008707864628803 -0.0878497775116139
3945 -0.6494077001170566 -1.5315255893332174 -0.08759560549159238
3946 -0.9249977405112066 -1.4429054085897401 -0.2761529361888479
3947 -0.8428594578844651 -1.4759473434847323 -0.2728160470211531
3948 -0.8984519045943617 -1.434738769359207 -0.1803759197176442
3949 -0.6987042223590262 -1.5763646197695398 -0.8776603974105134
3950 -0.5843240559747854 -1.5648358553051382 -0.8498870691447272
3951 -0.6733119006343896 -1.5693205015209657 -0.7655558941745811
3952 -0.5025436064101643 -1.533375410088438 -1.0308318036782735
3953 -0.3931431720390521 -1.5190889010327981 -0.9964752285826111
3954 -0.49004530910961414 -1.5472834506875108 -0.927026664881766
3955 -0.4765528257204256 -1.5554584390628763 -0.8245260910936336
3956 -0.3755402700426111 -1.5505204851512977 -0.8030231132949707
3957 -0.4634807830446296 -1.561080053915683 -0.7261412608538527
3958 -0.2983940559422946 -1.4483461768577508 -1.149952120915456
3959 -0.1958967418184286 -1.444144191327156 -1.1205407930952054
3960 -0.29373707282624123 -1.4830014941871186 -1.0609292529708134
3961 -0.0988354787499891 -1.3553303615684593 -1.2564948828184703
3962 -0.09806471231138873 -1.4054024013879605 -1.179788487331544
3963 -0.09689169435382054 -1.4475020631470514 -1.0977489462422432
3964 -0.09570002813609706 -1.4823348862687402 -1.0132769212024295
3965 -0.2770047807141423 -1.550651071456959 -0.7837359858416714
3966 -0.18364814077452843 -1.5546131174624431 -0.7684390382747035
3967 -0.27282479533604015 -1.5668878978267708 -0.6958355525744535
3968 -0.09372664542885041 -1.5124597416794663 -0.9251999993774084
3969 -0.09255328366324672 -1.5378497466607055 -0.8396665567861332
3970 -0.09136201032070086 -1.5608755783670851 -0.7545077097914458
3971 -0.09049179674905247 -1.5821627302892098 -0.6708791985221543
3972 -0.28909478820290846 -1.510526881408287 -0.9683475742527894
3973 -0.1896712811742769 -1.5086755535924612 -0.9447520715882588
3974 -0.2832498190704327 -1.5323945294432089 -0.875094377894372
3975 -0.5633685940702262 -1.5618840931316176 -0.083584980159692
3976 -0.4854282660295414 -1.5863125508111837 -0.08342102776376299
3977 -0.41285476872792165 -1.6023227367317683 -0.25084904012515097
3978 -0.3322393568018883 -1.6205265944563767 -0.2501274580744622
3979 -0.4099885415170297 -1.6068034271805758 -0.1670350760673609
3980 -0.40637915043724976 -1.6082526693590462 -0.08313935756447174
3981 -0.3270714895044727 -1.6277653815640711 -0.08312220395341992
3982 -0.253084271479408 -1.6166004952553605 -0.4165335785944246
3983 -0.1693642956891773 -1.6292094879859216 -0.4157056242885324
3984 -0.2513111653856449 -1.6281956012603118 -0.33381165181794353
3985 -0.08587195598083966 -1.604618937951856 -0.578782970559531
3986 -0.08534936177305516 -1.6229812484177237 -0.4966492718064938
3987 -0.08474566869937457 -1.6393252473318232 -0.41423068277358643
3988 -0.08440205497163819 -1.6528284463281224 -0.3321074818021149
3989 -0.2451097060779709 -1.645634455981177 -0.08222733940278061
3990 -0.164412609864125 -1.661193277196198 -0.08240277170479167
3991 -0.08312079723351742 -1.663515430872321 -0.24777299529388777
3992 -0.08287116898458537 -1.6706359014690537 -0.16534717089442663
3993 -0.08249082600691185 -1.6750868237255443 -0.08249082600691185
3994 -0.249976223450368 -1.6370827885516377 -0.249976223450368
3995 -0.16669320384084188 -1.6515677805295579 -0.24907630198058073
3996 -0.2477704359392513 -1.6429088825838372 -0.16581925881883358
3997 -0.6538230333833296 -1.5608232434867124 -0.6538230333833296
3998 -0.4541041062718618 -1.566891889808949 -0.6255392091817119
3999 -0.5513911455028311 -1.5627443345429628 -0.6389371605897616
4000 -0.635441399897624 -1.554194228908923 -0.5483743676233566
4001 -0.6193587192635044 -1.5514105908180296 -0.44961743971373946
4002 -0.2665079407431305 -1.5840686371253434 -0.6011884967697801
4003 -0.3578474439041562 -1.5743882872223676 -0.6122590583003018
4004 -0.1757777628857522 -1.5947781793614828 -0.5901261605875802
4005 -0.2598413778753039 -1.600912447713189 -0.5080103997068072
4006 -0.3418493194021469 -1.6003108325394622 -0.42521580711637963
4007 -0.6038365780443448 -1.5527303728402557 -0.3529247514750813
4008 -0.5906334371461934 -1.556257162018037 -0.2618288638482506
4009 -0.4233520204496801 -1.593296422580226 -0.34035094094852647
4010 -0.5014350472420002 -1.580191290006405 -0.25647816199339024
4011 -0.5772679718292415 -1.5600297471999736 -0.17194776210684581
4012 -0.4429235030844717 -1.5742736255050334 -0.5276549440653997
4013 -0.4326639279417121 -1.5834798973042752 -0.4326639279417121
4014 -0.5252283655347143 -1.5670338590174078 -0.4408865873397999
4015 -1.351238543180095 -0.20541421564383244 -1.351238543180095
4016 -1.2574110327853107 -0.4214603563692134 -1.4669515375374553
4017 -1.3038963150410006 -0.3120091060871616 -1.4077122888250764
4018 -1.4325505420536777 -0.3175143227767812 -1.3269027966309705
4019 -1.510265044352235 -0.433904479812038 -1.2945376044162669
4020 -1.150309000313015 -0.656623986644491 -1.5841863123756736
4021 -1.206960109606394 -0.5400717663654253 -1.5290673292277486
4022 -0.9988443831029935 -0.8840819469504315 -1.6534014577483012
4023 -1.0815312405211546 -0.7735562874381349 -1.6280591390114894
4024 -1.2574063958677426 -0.8175941956744538 -1.6015001877323893
4025 -1.3543346160639609 -0.9825578751294195 -1.593339009324297
4026 -1.4142769177374457 -0.844046615431719 -1.5345698420871439
4027 -1.5820889167111658 -0.5587991708820926 -1.248812381129853
4028 -1.636510898786275 -0.6783118261745081 -1.1883029169474226
4029 -1.5425417730008173 -0.8484313499166545 -1.4216239394055321
4030 -1.6000355575271983 -0.9866874082259166 -1.3600266671505508
4031 -1.6261163763146906 -0.8301611957027301 -1.2767336199307624
4032 -1.669845130659002 -0.7934104903913499 -1.109289971331376
4033 -1.6768904102395514 -0.896641606162642 -1.0130344082483747
4034 -1.3584227794289567 -0.5575088311117428 -1.469434197206851
4035 -1.4575339372481904 -0.7027803456964963 -1.4575339372481904
4036 -1.4867355848552528 -0.5640730423045994 -1.3744170982912745
4037 -0.7741734787394035 -1.0823941533880521 -1.6293581058156719
4038 -0.8845290975722777 -0.999349578224976 -1.6542377144918574
4039 -0.5380189772043305 -1.2023725070224858 -1.5232554111911016
4040 -0.6563428992218511 -1.1498165763402177 -1.5835081543178136
4041 -0.8123105651416751 -1.2492805176992492 -1.5911506337177925
4042 -0.8296782288614128 -1.3902013784248228 -1.5084465305222206
4043 -0.9728294969440469 -1.340925248872358 -1.577563241959782
4044 -0.3066914701158116 -1.281673739441442 -1.3837203560310494
4045 -0.41740206031874266 -1.2453032600113023 -1.4528260722569084
4046 -0.20027599895932463 -1.317438757680554 -1.317438757680554
4047 -0.3053656561262504 -1.3777385926485406 -1.2761331191784686
4048 -0.4133784668465453 -1.4388213941388677 -1.2332990210670547
4049 -0.8228929097947847 -1.4961100720633944 -1.3788319588217273
4050 -0.794289180301185 -1.555850418332293 -1.2215648065546352
4051 -0.9560451591813747 -1.550345364234851 -1.3177901133092722
4052 -0.5292263137684651 -1.498361359633553 -1.1827225369903478
4053 -0.6408188781439514 -1.5460545397608496 -1.122620766363472
4054 -0.7499626460989532 -1.5784029678593856 -1.048544293610692
4055 -0.8504183860130042 -1.5904441935275653 -0.9608109645114478
4056 -0.5468244350456771 -1.332389242037913 -1.4412731779012529
4057 -0.5435124792765653 -1.4325438075394161 -1.3243193498493877
4058 -0.6844858882993261 -1.4195920786245113 -1.4195920786245113
4059 -1.6505645190161558 -0.997130546270123 -0.8825650217620928
4060 -1.6013213622243752 -1.0637691456411715 -0.7608520957720092
4061 -1.5364338729779334 -1.3059653766649941 -0.9474664165476426
4062 -1.4531932985853524 -1.339279375127518 -0.7992877558253025
4063 -1.5425555328138165 -1.2111264224624472 -0.7875019058972691
4064 -1.533217521867857 -1.1132995538873054 -0.6354981063384666
4065 -1.4550877501855417 -1.1485647733627553 -0.5139419281532165
4066 -1.285573411924353 -1.512443263484057 -0.9326722251361368
4067 -1.1835813904447297 -1.5074727035134083 -0.7695915005013977
4068 -1.3287458096728957 -1.4417637887958734 -0.7930012781497523
4069 -0.9525402558590379 -1.5767535706699545 -0.8430979421763307
4070 -1.0246810533946518 -1.54248096684402 -0.7328946606204484
4071 -1.0825784921412505 -1.4909089895461025 -0.617961786938934
4072 -1.1273574404173803 -1.4282207148222907 -0.5044524001459956
4073 -1.3710075352250646 -1.1751717467897438 -0.39389530573778697
4074 -1.2924964703598298 -1.1971774334031522 -0.28647236480002963
4075 -1.163254999395534 -1.3571049286337589 -0.38990103777562324
4076 -1.1923742780905475 -1.2873108887451776 -0.2853230186609262
4077 -1.2186252148748 -1.2186252148748 -0.18525444226019272
4078 -1.354696851677494 -1.354696851677494 -0.6531953029740999
4079 -1.254836580732056 -1.357382849843642 -0.5149961307732704
4080 -1.365987322499414 -1.262791010867677 -0.5182606998854979
4081 -1.0732396389430212 -1.0732396389430212 -1.6602844517140116
4082 -1.1525867697934364 -1.407082582045154 -1.5358016111031543
4083 -1.1283149925751668 -1.2548284306342952 -1.6236898860748965
4084 -1.258819147967506 -1.1319033605848996 -1.628853689519199
4085 -1.4206490129053206 -1.1636994712953044 -1.5506090905203749
4086 -1.0965738437323553 -1.5780131178961403 -1.2195282739838456
4087 -1.1407150670055508 -1.5199827758136948 -1.392589559350607
4088 -1.0291814446015537 -1.592127134017683 -1.0291814446015537
4089 -1.2091426548076203 -1.5645746075744238 -1.0872353162192454
4090 -1.3719950747580467 -1.497504320731747 -1.1238454597948648
4091 -1.5489496636183666 -1.1624541063478615 -1.419128666349416
4092 -1.6244272651672675 -1.1288274031606296 -1.2553982957650682
4093 -1.5095829919952755 -1.3830614050876213 -1.1329102482378377
4094 -1.6016352113975525 -1.2377840226775383 -1.112989024046182
4095 -1.6548931805098384 -1.0697546180752793 -1.0697546180752793
4096 -1.3120045832680747 -1.4432050415948825 -1.4432050415948825
4097 -1.4345319930800489 -1.4345319930800489 -1.304119993709135
4098 -1.4522420011252395 -1.3202200010229446 -1.4522420011252395
$EndNodes
$Elements
8192
1 2 2 1 2 1 1027 1029
2 2 2 1 2 1027 259 1028
3 2 2 1 2 1029 1028 261
4 2 2 1 2 1027 1028 1029
5 2 2 1 2 259 1030 1032
6 2 2 1 2 1030 67 1031
7 2 2 1 2 1032 1031 260
8 2 2 1 2 1030 1031 1032
9 2 2 1 2 261 1033 1035
10 2 2 1 2 1033 260 1034
11 2 2 1 2 1035 1034 69
12 2 2 1 2 1033 1034 1035
13 2 2 1 2 259 1032 1028
14 2 2 1 2 1032 260 1033
15 2 2 1 2 1028 1033 261
16 2 2 1 2 1032 1033 1028
17 2 2 1 2 67 1036 1038
18 2 2 1 2 1036 262 1037
19 2 2 1 2 1038 1037 264
20 2 2 1 2 1036 1037 1038
21 2 2 1 2 262 1039 1041
22 2 2 1 2 1039 19 1040
23 2 2 1 2 1041 1040 263
24 2 2 1 2 1039 1040 1041
25 2 2 1 2 264 1042 1044
26 2 2 1 2 1042 263 1043
27 2 2 1 2 1044 1043 68
28 2 2 1 2 1042 1043 1044
29 2 2 1 2 262 1041 1037
30 2 2 1 2 1041 263 1042
31 2 2 1 2 1037 1042 264
32 2 2 1 2 1041 1042 1037
33 2 2 1 2 69 1045 1047
34 2 2 1 2 1045 265 1046
35 2 2 1 2 1047 1046 267
36 2 2 1 2 1045 1046 1047
37 2 2 1 2 265 1048 1050
38 2 2 1 2 1048 68 1049
39 2 2 1 2 1050 1049 266
40 2 2 1 2 1048 1049 1050
41 2 2 1 2 267 1051 1053
42 2 2 1 2 1051 266 1052
43 2 2 1 2 1053 1052 21
44 2 2 1 2 1051 1052 1053
45 2 2 1 2 265 1050 1046
46 2 2 1 2 1050 266 1051
47 2 2 1 2 1046 1051 267
48 2 2 1 2 1050 1051 1046
49 2 2 1 2 67 1038 1031
50 2 2 1 2 1038 264 1054
51 2 2 1 2 1031 1054 260
52 2 2 1 2 1038 1054 1031
53 2 2 1 2 264 1044 1055
54 2 2 1 2 1044 68 1048
55 2 2 1 2 1055 1048 265
56 2 2 1 2 1044 1048 1055
57 2 2 1 2 260 1056 1034
58 2 2 1 2 1056 265 1045
59 2 2 1 2 1034 1045 69
60 2 2 1 2 1056 1045 1034
61 2 2 1 2 264 1055 1054
62 2 2 1 2 1055 265 1056
63 2 2 1 2 1054 1056 260
64 2 2 1 2 1055 1056 1054
65 2 2 1 2 19 1057 1059
66 2 2 1 2 1057 268 1058
67 2 2 1 2 1059 1058 270
68 2 2 1 2 1057 1058 1059
69 2 2 1 2 268 1060 1062
70 2 2 1 2 1060 70 1061
71 2 2 1 2 1062 1061 269
72 2 2 1 2 1060 1061 1062
73 2 2 1 2 270 1063 1065
74 2 2 1 2 1063 269 1064
75 2 2 1 2 1065 1064 72
76 2 2 1 2 1063 1064 1065
77 2 2 1 2 268 1062 1058
78 2 2 1 2 1062 269 1063
79 2 2 1 2 1058 1063 270
80 2 2 1 2 1062 1063 1058
81 2 2 1 2 70 1066 1068
82 2 2 1 2 1066 271 1067
83 2 2 1 2 1068 1067 273
84 2 2 1 2 1066 1067 1068
85 2 2 1 2 271 1069 1071
86 2 2 1 2 1069 7 1070
87 2 2 1 2 1071 1070 272
88 2 2 1 2 1069 1070 1071
89 2 2 1 2 273 1072 1074
90 2 2 1 2 1072 272 1073
91 2 2 1 2 1074 1073 71
92 2 2 1 2 1072 1073 1074
93 2 2 1 2 271 1071 1067
94 2 2 1 2 1071 272 1072
95 2 2 1 2 1067 1072 273
96 2 2 1 2 1071 1072 1067
97 2 2 1 2 72 1075 1077
98 2 2 1 2 1075 274 1076
99 2 2 1 2 1077 1076 276
100 2 2 1 2 1075 1076 1077
101 2 2 1 2 274 1078 1080
102 2 2 1 2 1078 71 1079
103 2 2 1 2 1080 1079 275
104 2 2 1 2 1078 1079 1080
105 2 2 1 2 276 1081 1083
106 2 2 1 2 1081 275 1082
107 2 2 1 2 1083 1082 20
108 2 2 1 2 1081 1082 1083
109 2 2 1 2 274 1080 1076
110 2 2 1 2 1080 275 1081
111 2 2 1 2 1076 1081 276
112 2 2 1 2 1080 1081 1076
113 2 2 1 2 70 1068 1061
114 2 2 1 2 1068 273 1084
115 2 2 1 2 1061 1084 269
116 2 2 1 2 1068 1084 1061
117 2 2 1 2 273 1074 1085
118 2 2 1 2 1074 71 1078
119 2 2 1 2 1085 1078 274
120 2 2 1 2 1074 1078 1085
121 2 2 1 2 269 1086 1064
122 2 2 1 2 1086 274 1075
123 2 2 1 2 1064 1075 72
124 2 2 1 2 1086 1075 1064
125 2 2 1 2 273 1085 1084
126 2 2 1 2 1085 274 1086
127 2 2 1 2 1084 1086 269
128 2 2 1 2 1085 1086 1084
129 2 2 1 2 21 1087 1089
130 2 2 1 2 1087 277 1088
131 2 2 1 2 1089 1088 279
132 2 2 1 2 1087 1088 1089
133 2 2 1 2 277 1090 1092
134 2 2 1 2 1090 73 1091
135 2 2 1 2 1092 1091 278
136 2 2 1 2 1090 1091 1092
137 2 2 1 2 279 1093 1095
138 2 2 1 2 1093 278 1094
139 2 2 1 2 1095 1094 75
140 2 2 1 2 1093 1094 1095
141 2 2 1 2 277 1092 1088
142 2 2 1 2 1092 278 1093
143 2 2 1 2 1088 1093 279
144 2 2 1 2 1092 1093 1088
145 2 2 1 2 73 1096 1098
146 2 2 1 2 1096 280 1097
147 2 2 1 2 1098 1097 282
148 2 2 1 2 1096 1097 1098
149 2 2 1 2 280 1099 1101
150 2 2 1 2 1099 20 1100
151 2 2 1 2 1101 1100 281
152 2 2 1 2 1099 1100 1101
153 2 2 1 2 282 1102 1104
154 2 2 1 2 1102 281 1103
155 2 2 1 2 1104 1103 74
156 2 2 1 2 1102 1103 1104
157 2 2 1 2 280 1101 1097
158 2 2 1 2 1101 281 1102
159 2 2 1 2 1097 1102 282
160 2 2 1 2 1101 1102 1097
161 2 2 1 2 75 1105 1107
162 2 2 1 2 1105 283 1106
163 2 2 1 2 1107 1106 285
164 2 2 1 2 1105 1106 1107
165 2 2 1 2 283 1108 1110
166 2 2 1 2 1108 74 1109
167 2 2 1 2 1110 1109 284
168 2 2 1 2 1108 1109 1110
169 2 2 1 2 285 1111 1113
170 2 2 1 2 1111 284 1112
171 2 2 1 2 1113 1112 9
172 2 2 1 2 1111 1112 1113
173 2 2 1 2 283 1110 1106
174 2 2 1 2 1110 284 1111
175 2 2 1 2 1106 1111 285
176 2 2 1 2 1110 1111 1106
177 2 2 1 2 73 1098 1091
178 2 2 1 2 1098 282 1114
179 2 2 1 2 1091 1114 278
180 2 2 1 2 1098 1114 1091
181 2 2 1 2 282 1104 1115
182 2 2 1 2 1104 74 1108
183 2 2 1 2 1115 1108 283
184 2 2 1 2 1104 1108 1115
185 2 2 1 2 278 1116 1094
186 2 2 1 2 1116 283 1105
187 2 2 1 2 1094 1105 75
188 2 2 1 2 1116 1105 1094
189 2 2 1 2 282 1115 1114
190 2 2 1 2 1115 283 1116
191 2 2 1 2 1114 1116 278
192 2 2 1 2 1115 1116 1114
193 2 2 1 2 19 1059 1040
194 2 2 1 2 1059 270 1117
195 2 2 1 2 1040 1117 263
196 2 2 1 2 1059 1117 1040
197 2 2 1 2 270 1065 1119
198 2 2 1 2 1065 72 1118
199 2 2 1 2 1119 1118 286
200 2 2 1 2 1065 1118 1119
201 2 2 1 2 263 1120 1043
202 2 2 1 2 1120 286 1121
203 2 2 1 2 1043 1121 68
204 2 2 1 2 1120 1121 1043
205 2 2 1 2 270 1119 1117
206 2 2 1 2 1119 286 1120
207 2 2 1 2 1117 1120 263
208 2 2 1 2 1119 1120 1117
209 2 2 1 2 72 1077 1123
210 2 2 1 2 1077 276 1122
211 2 2 1 2 1123 1122 287
212 2 2 1 2 1077 1122 1123
213 2 2 1 2 276 1083 1124
214 2 2 1 2 1083 20 1099
215 2 2 1 2 1124 1099 280
216 2 2 1 2 1083 1099 1124
217 2 2 1 2 287 1125 1126
218 2 2 1 2 1125 280 1096
219 2 2 1 2 1126 1096 73
220 2 2 1 2 1125 1096 1126
221 2 2 1 2 276 1124 1122
222 2 2 1 2 1124 280 1125
223 2 2 1 2 1122 1125 287
224 2 2 1 2 1124 1125 1122
225 2 2 1 2 68 1127 1049
226 2 2 1 2 1127 288 1128
227 2 2 1 2 1049 1128 266
228 2 2 1 2 1127 1128 1049
229 2 2 1 2 288 1129 1130
230 2 2 1 2 1129 73 1090
231 2 2 1 2 1130 1090 277
232 2 2 1 2 1129 1090 1130
233 2 2 1 2 266 1131 1052
234 2 2 1 2 1131 277 1087
235 2 2 1 2 1052 1087 21
236 2 2 1 2 1131 1087 1052
237 2 2 1 2 288 1130 1128
238 2 2 1 2 1130 277 1131
239 2 2 1 2 1128 1131 266
240 2 2 1 2 1130 1131 1128
241 2 2 1 2 72 1123 1118
242 2 2 1 2 1123 287 1132
243 2 2 1 2 1118 1132 286
244 2 2 1 2 1123 1132 1118
245 2 2 1 2 287 1126 1133
246 2 2 1 2 1126 73 1129
247 2 2 1 2 1133 1129 288
248 2 2 1 2 1126 1129 1133
249 2 2 1 2 286 1134 1121
250 2 2 1 2 1134 288 1127
251 2 2 1 2 1121 1127 68
252 2 2 1 2 1134 1127 1121
253 2 2 1 2 287 1133 1132
254 2 2 1 2 1133 288 1134
255 2 2 1 2 1132 1134 286
256 2 2 1 2 1133 1134 1132
257 2 2 1 2 7 1135 1137
258 2 2 1 2 1135 289 1136
259 2 2 1 2 1137 1136 291
260 2 2 1 2 1135 1136 1137
261 2 2 1 2 289 1138 1140
262 2 2 1 2 1138 76 1139
263 2 2 1 2 1140 1139 290
264 2 2 1 2 1138 1139 1140
265 2 2 1 2 291 1141 1143
266 2 2 1 2 1141 290 1142
267 2 2 1 2 1143 1142 78
268 2 2 1 2 1141 1142 1143
269 2 2 1 2 289 1140 1136
270 2 2 1 2 1140 290 1141
271 2 2 1 2 1136 1141 291
272 2 2 1 2 1140 1141 1136
273 2 2 1 2 76 1144 1146
274 2 2 1 2 1144 292 1145
275 2 2 1 2 1146 1145 294
276 2 2 1 2 1144 1145 1146
277 2 2 1 2 292 1147 1149
278 2 2 1 2 1147 22 1148
279 2 2 1 2 1149 1148 293
280 2 2 1 2 1147 1148 1149
281 2 2 1 2 294 1150 1152
282 2 2 1 2 1150 293 1151
283 2 2 1 2 1152 1151 77
284 2 2 1 2 1150 1151 1152
285 2 2 1 2 292 1149 1145
286 2 2 1 2 1149 293 1150
287 2 2 1 2 1145 1150 294
288 2 2 1 2 1149 1150 1145
289 2 2 1 2 78 1153 1155
290 2 2 1 2 1153 295 1154
291 2 2 1 2 1155 1154 297
292 2 2 1 2 1153 1154 1155
293 2 2 1 2 295 1156 1158
294 2 2 1 2 1156 77 1157
295 2 2 1 2 1158 1157 296
296 2 2 1 2 1156 1157 1158
297 2 2 1 2 297 1159 1161
298 2 2 1 2 1159 296 1160
299 2 2 1 2 1161 1160 24
300 2 2 1 2 1159 1160 1161
301 2 2 1 2 295 1158 1154
302 2 2 1 2 1158 296 1159
303 2 2 1 2 1154 1159 297
304 2 2 1 2 1158 1159 1154
305 2 2 1 2 76 1146 1139
306 2 2 1 2 1146 294 1162
307 2 2 1 2 1139 1162 290
308 2 2 1 2 1146 1162 1139
309 2 2 1 2 294 1152 1163
310 2 2 1 2 1152 77 1156
311 2 2 1 2 1163 1156 295
312 2 2 1 2 1152 1156 1163
313 2 2 1 2 290 1164 1142
314 2 2 1 2 1164 295 1153
315 2 2 1 2 1142 1153 78
316 2 2 1 2 1164 1153 1142
317 2 2 1 2 294 1163 1162
318 2 2 1 2 1163 295 1164
319 2 2 1 2 1162 1164 290
320 2 2 1 2 1163 1164 1162
321 2 2 1 2 22 1165 1167
322 2 2 1 2 1165 298 1166
323 2 2 1 2 1167 1166 300
324 2 2 1 2 1165 1166 1167
325 2 2 1 2 298 1168 1170
326 2 2 1 2 1168 79 1169
327 2 2 1 2 1170 1169 299
328 2 2 1 2 1168 1169 1170
329 2 2 1 2 300 1171 1173
330 2 2 1 2 1171 299 1172
331 2 2 1 2 1173 1172 81
332 2 2 1 2 1171 1172 1173
333 2 2 1 2 298 1170 1166
334 2 2 1 2 1170 299 1171
335 2 2 1 2 1166 1171 300
336 2 2 1 2 1170 1171 1166
337 2 2 1 2 79 1174 1176
338 2 2 1 2 1174 301 1175
339 2 2 1 2 1176 1175 303
340 2 2 1 2 1174 1175 1176
341 2 2 1 2 301 1177 1179
342 2 2 1 2 1177 2 1178
343 2 2 1 2 1179 1178 302
344 2 2 1 2 1177 1178 1179
345 2 2 1 2 303 1180 1182
346 2 2 1 2 1180 302 1181
347 2 2 1 2 1182 1181 80
348 2 2 1 2 1180 1181 1182
349 2 2 1 2 301 1179 1175
350 2 2 1 2 1179 302 1180
351 2 2 1 2 1175 1180 303
352 2 2 1 2 1179 1180 1175
353 2 2 1 2 81 1183 1185
354 2 2 1 2 1183 304 1184
355 2 2 1 2 1185 1184 306
356 2 2 1 2 1183 1184 1185
357 2 2 1 2 304 1186 1188
358 2 2 1 2 1186 80 1187
359 2 2 1 2 1188 1187 305
360 2 2 1 2 1186 1187 1188
361 2 2 1 2 306 1189 1191
362 2 2 1 2 1189 305 1190
363 2 2 1 2 1191 1190 23
364 2 2 1 2 1189 1190 1191
365 2 2 1 2 304 1188 1184
366 2 2 1 2 1188 305 1189
367 2 2 1 2 1184 1189 306
368 2 2 1 2 1188 1189 1184
369 2 2 1 2 79 1176 1169
370 2 2 1 2 1176 303 1192
371 2 2 1 2 1169 1192 299
372 2 2 1 2 1176 1192 1169
373 2 2 1 2 303 1182 1193
374 2 2 1 2 1182 80 1186
375 2 2 1 2 1193 1186 304
376 2 2 1 2 1182 1186 1193
377 2 2 1 2 299 1194 1172
378 2 2 1 2 1194 304 1183
379 2 2 1 2 1172 1183 81
380 2 2 1 2 1194 1183 1172
381 2 2 1 2 303 1193 1192
382 2 2 1 2 1193 304 1194
383 2 2 1 2 1192 1194 299
384 2 2 1 2 1193 1194 1192
385 2 2 1 2 24 1195 1197
386 2 2 1 2 1195 307 1196
387 2 2 1 2 1197 1196 309
388 2 2 1 2 1195 1196 1197
389 2 2 1 2 307 1198 1200
390 2 2 1 2 1198 82 1199
391 2 2 1 2 1200 1199 308
392 2 2 1 2 1198 1199 1200
393 2 2 1 2 309 1201 1203
394 2 2 1 2 1201 308 1202
395 2 2 1 2 1203 1202 84
396 2 2 1 2 1201 1202 1203
397 2 2 1 2 307 1200 1196
398 2 2 1 2 1200 308 1201
399 2 2 1 2 1196 1201 309
400 2 2 1 2 1200 1201 1196
401 2 2 1 2 82 1204 1206
402 2 2 1 2 1204 310 1205
403 2 2 1 2 1206 1205 312
404 2 2 1 2 1204 1205 1206
405 2 2 1 2 310 1207 1209
406 2 2 1 2 1207 23 1208
407 2 2 1 2 1209 1208 311
408 2 2 1 2 1207 1208 1209
409 2 2 1 2 312 1210 1212
410 2 2 1 2 1210 311 1211
411 2 2 1 2 1212 1211 83
412 2 2 1 2 1210 1211 1212
413 2 2 1 2 310 1209 1205
414 2 2 1 2 1209 311 1210
415 2 2 1 2 1205 1210 312
416 2 2 1 2 1209 1210 1205
417 2 2 1 2 84 1213 1215
418 2 2 1 2 1213 313 1214
419 2 2 1 2 1215 1214 315
420 2 2 1 2 1213 1214 1215
421 2 2 1 2 313 1216 1218
422 2 2 1 2 1216 83 1217
423 2 2 1 2 1218 1217 314
424 2 2 1 2 1216 1217 1218
425 2 2 1 2 315 1219 1221
426 2 2 1 2 1219 314 1220
427 2 2 1 2 1221 1220 8
428 2 2 1 2 1219 1220 1221
429 2 2 1 2 313 1218 1214
430 2 2 1 2 1218 314 1219
431 2 2 1 2 1214 1219 315
432 2 2 1 2 1218 1219 1214
433 2 2 1 2 82 1206 1199
434 2 2 1 2 1206 312 1222
435 2 2 1 2 1199 1222 308
436 2 2 1 2 1206 1222 1199
437 2 2 1 2 312 1212 1223
438 2 2 1 2 1212 83 1216
439 2 2 1 2 1223 1216 313
440 2 2 1 2 1212 1216 1223
441 2 2 1 2 308 1224 1202
442 2 2 1 2 1224 313 1213
443 2 2 1 2 1202 1213 84
444 2 2 1 2 1224 1213 1202
445 2 2 1 2 312 1223 1222
446 2 2 1 2 1223 313 1224
447 2 2 1 2 1222 1224 308
448 2 2 1 2 1223 1224 1222
449 2 2 1 2 22 1167 1148
450 2 2 1 2 1167 300 1225
451 2 2 1 2 1148 1225 293
452 2 2 1 2 1167 1225 1148
453 2 2 1 2 300 1173 1227
454 2 2 1 2 1173 81 1226
455 2 2 1 2 1227 1226 316
456 2 2 1 2 1173 1226 1227
457 2 2 1 2 293 1228 1151
458 2 2 1 2 1228 316 1229
459 2 2 1 2 1151 1229 77
460 2 2 1 2 1228 1229 1151
461 2 2 1 2 300 1227 1225
462 2 2 1 2 1227 316 1228
463 2 2 1 2 1225 1228 293
464 2 2 1 2 1227 1228 1225
465 2 2 1 2 81 1185 1231
466 2 2 1 2 1185 306 1230
467 2 2 1 2 1231 1230 317
468 2 2 1 2 1185 1230 1231
469 2 2 1 2 306 1191 1232
470 2 2 1 2 1191 23 1207
471 2 2 1 2 1232 1207 310
472 2 2 1 2 1191 1207 1232
473 2 2 1 2 317 1233 1234
474 2 2 1 2 1233 310 1204
475 2 2 1 2 1234 1204 82
476 2 2 1 2 1233 1204 1234
477 2 2 1 2 306 1232 1230
478 2 2 1 2 1232 310 1233
479 2 2 1 2 1230 1233 317
480 2 2 1 2 1232 1233 1230
481 2 2 1 2 77 1235 1157
482 2 2 1 2 1235 318 1236
483 2 2 1 2 1157 1236 296
484 2 2 1 2 1235 1236 1157
485 2 2 1 2 318 1237 1238
486 2 2 1 2 1237 82 1198
487 2 2 1 2 1238 1198 307
488 2 2 1 2 1237 1198 1238
489 2 2 1 2 296 1239 1160
490 2 2 1 2 1239 307 1195
491 2 2 1 2 1160 1195 24
492 2 2 1 2 1239 1195 1160
493 2 2 1 2 318 1238 1236
494 2 2 1 2 1238 307 1239
495 2 2 1 2 1236 1239 296
496 2 2 1 2 1238 1239 1236
497 2 2 1 2 81 1231 1226
498 2 2 1 2 1231 317 1240
499 2 2 1 2 1226 1240 316
500 2 2 1 2 1231 1240 1226
501 2 2 1 2 317 1234 1241
502 2 2 1 2 1234 82 1237
503 2 2 1 2 1241 1237 318
504 2 2 1 2 1234 1237 1241
505 2 2 1 2 316 1242 1229
506 2 2 1 2 1242 318 1235
507 2 2 1 2 1229 1235 77
508 2 2 1 2 1242 1235 1229
509 2 2 1 2 317 1241 1240
510 2 2 1 2 1241 318 1242
511 2 2 1 2 1240 1242 316
512 2 2 1 2 1241 1242 1240
513 2 2 1 2 9 1243 1245
514 2 2 1 2 1243 319 1244
515 2 2 1 2 1245 1244 321
516 2 2 1 2 1243 1244 1245
517 2 2 1 2 319 1246 1248
518 2 2 1 2 1246 85 1247
519 2 2 1 2 1248 1247 320
520 2 2 1 2 1246 1247 1248
521 2 2 1 2 321 1249 1251
522 2 2 1 2 1249 320 1250
523 2 2 1 2 1251 1250 87
524 2 2 1 2 1249 1250 1251
525 2 2 1 2 319 1248 1244
526 2 2 1 2 1248 320 1249
527 2 2 1 2 1244 1249 321
528 2 2 1 2 1248 1249 1244
529 2 2 1 2 85 1252 1254
530 2 2 1 2 1252 322 1253
531 2 2 1 2 1254 1253 324
532 2 2 1 2 1252 1253 1254
533 2 2 1 2 322 1255 1257
534 2 2 1 2 1255 25 1256
535 2 2 1 2 1257 1256 323
536 2 2 1 2 1255 1256 1257
537 2 2 1 2 324 1258 1260
538 2 2 1 2 1258 323 1259
539 2 2 1 2 1260 1259 86
540 2 2 1 2 1258 1259 1260
541 2 2 1 2 322 1257 1253
542 2 2 1 2 1257 323 1258
543 2 2 1 2 1253 1258 324
544 2 2 1 2 1257 1258 1253
545 2 2 1 2 87 1261 1263
546 2 2 1 2 1261 325 1262
547 2 2 1 2 1263 1262 327
548 2 2 1 2 1261 1262 1263
549 2 2 1 2 325 1264 1266
550 2 2 1 2 1264 86 1265
551 2 2 1 2 1266 1265 326
552 2 2 1 2 1264 1265 1266
553 2 2 1 2 327 1267 1269
554 2 2 1 2 1267 326 1268
555 2 2 1 2 1269 1268 27
556 2 2 1 2 1267 1268 1269
557 2 2 1 2 325 1266 1262
558 2 2 1 2 1266 326 1267
559 2 2 1 2 1262 1267 327
560 2 2 1 2 1266 1267 1262
561 2 2 1 2 85 1254 1247
562 2 2 1 2 1254 324 1270
563 2 2 1 2 1247 1270 320
564 2 2 1 2 1254 1270 1247
565 2 2 1 2 324 1260 1271
566 2 2 1 2 1260 86 1264
567 2 2 1 2 1271 1264 325
568 2 2 1 2 1260 1264 1271
569 2 2 1 2 320 1272 1250
570 2 2 1 2 1272 325 1261
571 2 2 1 2 1250 1261 87
572 2 2 1 2 1272 1261 1250
573 2 2 1 2 324 1271 1270
574 2 2 1 2 1271 325 1272
575 2 2 1 2 1270 1272 320
576 2 2 1 2 1271 1272 1270
577 2 2 1 2 25 1273 1275
578 2 2 1 2 1273 328 1274
579 2 2 1 2 1275 1274 330
580 2 2 1 2 1273 1274 1275
581 2 2 1 2 328 1276 1278
582 2 2 1 2 1276 88 1277
583 2 2 1 2 1278 1277 329
584 2 2 1 2 1276 1277 1278
585 2 2 1 2 330 1279 1281
586 2 2 1 2 1279 329 1280
587 2 2 1 2 1281 1280 90
588 2 2 1 2 1279 1280 1281
589 2 2 1 2 328 1278 1274
590 2 2 1 2 1278 329 1279
591 2 2 1 2 1274 1279 330
592 2 2 1 2 1278 1279 1274
593 2 2 1 2 88 1282 1284
594 2 2 1 2 1282 331 1283
595 2 2 1 2 1284 1283 333
596 2 2 1 2 1282 1283 1284
597 2 2 1 2 331 1285 1287
598 2 2 1 2 1285 8 1286
599 2 2 1 2 1287 1286 332
600 2 2 1 2 1285 1286 1287
601 2 2 1 2 333 1288 1290
602 2 2 1 2 1288 332 1289
603 2 2 1 2 1290 1289 89
604 2 2 1 2 1288 1289 1290
605 2 2 1 2 331 1287 1283
606 2 2 1 2 1287 332 1288
607 2 2 1 2 1283 1288 333
608 2 2 1 2 1287 1288 1283
609 2 2 1 2 90 1291 1293
610 2 2 1 2 1291 334 1292
611 2 2 1 2 1293 1292 336
612 2 2 1 2 1291 1292 1293
613 2 2 1 2 334 1294 1296
614 2 2 1 2 1294 89 1295
615 2 2 1 2 1296 1295 335
616 2 2 1 2 1294 1295 1296
617 2 2 1 2 336 1297 1299
618 2 2 1 2 1297 335 1298
619 2 2 1 2 1299 1298 26
620 2 2 1 2 1297 1298 1299
621 2 2 1 2 334 1296 1292
622 2 2 1 2 1296 335 1297
623 2 2 1 2 1292 1297 336
624 2 2 1 2 1296 1297 1292
625 2 2 1 2 88 1284 1277
626 2 2 1 2 1284 333 1300
627 2 2 1 2 1277 1300 329
628 2 2 1 2 1284 1300 1277
629 2 2 1 2 333 1290 1301
630 2 2 1 2 1290 89 1294
631 2 2 1 2 1301 1294 334
632 2 2 1 2 1290 1294 1301
633 2 2 1 2 329 1302 1280
634 2 2 1 2 1302 334 1291
635 2 2 1 2 1280 1291 90
636 2 2 1 2 1302 1291 1280
637 2 2 1 2 333 1301 1300
638 2 2 1 2 1301 334 1302
639 2 2 1 2 1300 1302 329
640 2 2 1 2 1301 1302 1300
641 2 2 1 2 27 1303 1305
642 2 2 1 2 1303 337 1304
643 2 2 1 2 1305 1304 339
644 2 2 1 2 1303 1304 1305
645 2 2 1 2 337 1306 1308
646 2 2 1 2 1306 91 1307
647 2 2 1 2 1308 1307 338
648 2 2 1 2 1306 1307 1308
649 2 2 1 2 339 1309 1311
650 2 2 1 2 1309 338 1310
651 2 2 1 2 1311 1310 93
652 2 2 1 2 1309 1310 1311
653 2 2 1 2 337 1308 1304
654 2 2 1 2 1308 338 1309
655 2 2 1 2 1304 1309 339
656 2 2 1 2 1308 1309 1304
657 2 2 1 2 91 1312 1314
658 2 2 1 2 1312 340 1313
659 2 2 1 2 1314 1313 342
660 2 2 1 2 1312 1313 1314
661 2 2 1 2 340 1315 1317
662 2 2 1 2 1315 26 1316
663 2 2 1 2 1317 1316 341
664 2 2 1 2 1315 1316 1317
665 2 2 1 2 342 1318 1320
666 2 2 1 2 1318 341 1319
667 2 2 1 2 1320 1319 92
668 2 2 1 2 1318 1319 1320
669 2 2 1 2 340 1317 1313
670 2 2 1 2 1317 341 1318
671 2 2 1 2 1313 1318 342
672 2 2 1 2 1317 1318 1313
673 2 2 1 2 93 1321 1323
674 2 2 1 2 1321 343 1322
675 2 2 1 2 1323 1322 345
676 2 2 1 2 1321 1322 1323
677 2 2 1 2 343 1324 1326
678 2 2 1 2 1324 92 1325
679 2 2 1 2 1326 1325 344
680 2 2 1 2 1324 1325 1326
681 2 2 1 2 345 1327 1329
682 2 2 1 2 1327 344 1328
683 2 2 1 2 1329 1328 3
684 2 2 1 2 1327 1328 1329
685 2 2 1 2 343 1326 1322
686 2 2 1 2 1326 344 1327
687 2 2 1 2 1322 1327 345
688 2 2 1 2 1326 1327 1322
689 2 2 1 2 91 1314 1307
690 2 2 1 2 1314 342 1330
691 2 2 1 2 1307 1330 338
692 2 2 1 2 1314 1330 1307
693 2 2 1 2 342 1320 1331
694 2 2 1 2 1320 92 1324
695 2 2 1 2 1331 1324 343
696 2 2 1 2 1320 1324 1331
697 2 2 1 2 338 1332 1310
698 2 2 1 2 1332 343 1321
699 2 2 1 2 1310 1321 93
700 2 2 1 2 1332 1321 1310
701 2 2 1 2 342 1331 1330
702 2 2 1 2 1331 343 1332
703 2 2 1 2 1330 1332 338
704 2 2 1 2 1331 1332 1330
705 2 2 1 2 25 1275 1256
706 2 2 1 2 1275 330 1333
707 2 2 1 2 1256 1333 323
708 2 2 1 2 1275 1333 1256
709 2 2 1 2 330 1281 1335
710 2 2 1 2 1281 90 1334
711 2 2 1 2 1335 1334 346
712 2 2 1 2 1281 1334 1335
713 2 2 1 2 323 1336 1259
714 2 2 1 2 1336 346 1337
715 2 2 1 2 1259 1337 86
716 2 2 1 2 1336 1337 1259
717 2 2 1 2 330 1335 1333
718 2 2 1 2 1335 346 1336
719 2 2 1 2 1333 1336 323
720 2 2 1 2 1335 1336 1333
721 2 2 1 2 90 1293 1339
722 2 2 1 2 1293 336 1338
723 2 2 1 2 1339 1338 347
724 2 2 1 2 1293 1338 1339
725 2 2 1 2 336 1299 1340
726 2 2 1 2 1299 26 1315
727 2 2 1 2 1340 1315 340
728 2 2 1 2 1299 1315 1340
729 2 2 1 2 347 1341 1342
730 2 2 1 2 1341 340 1312
731 2 2 1 2 1342 1312 91
732 2 2 1 2 1341 1312 1342
733 2 2 1 2 336 1340 1338
734 2 2 1 2 1340 340 1341
735 2 2 1 2 1338 1341 347
736 2 2 1 2 1340 1341 1338
737 2 2 1 2 86 1343 1265
738 2 2 1 2 1343 348 1344
739 2 2 1 2 1265 1344 326
740 2 2 1 2 1343 1344 1265
741 2 2 1 2 348 1345 1346
742 2 2 1 2 1345 91 1306
743 2 2 1 2 1346 1306 337
744 2 2 1 2 1345 1306 1346
745 2 2 1 2 326 1347 1268
746 2 2 1 2 1347 337 1303
747 2 2 1 2 1268 1303 27
748 2 2 1 2 1347 1303 1268
749 2 2 1 2 348 1346 1344
750 2 2 1 2 1346 337 1347
751 2 2 1 2 1344 1347 326
752 2 2 1 2 1346 1347 1344
753 2 2 1 2 90 1339 1334
754 2 2 1 2 1339 347 1348
755 2 2 1 2 1334 1348 346
756 2 2 1 2 1339 1348 1334
757 2 2 1 2 347 1342 1349
758 2 2 1 2 1342 91 1345
759 2 2 1 2 1349 1345 348
760 2 2 1 2 1342 1345 1349
761 2 2 1 2 346 1350 1337
762 2 2 1 2 1350 348 1343
763 2 2 1 2 1337 1343 86
764 2 2 1 2 1350 1343 1337
765 2 2 1 2 347 1349 1348
766 2 2 1 2 1349 348 1350
767 2 2 1 2 1348 1350 346
768 2 2 1 2 1349 1350 1348
769 2 2 1 2 7 1137 1070
770 2 2 1 2 1137 291 1351
771 2 2 1 2 1070 1351 272
772 2 2 1 2 1137 1351 1070
773 2 2 1 2 291 1143 1353
774 2 2 1 2 1143 78 1352
775 2 2 1 2 1353 1352 349
776 2 2 1 2 1143 1352 1353
777 2 2 1 2 272 1354 1073
778 2 2 1 2 1354 349 1355
779 2 2 1 2 1073 1355 71
780 2 2 1 2 1354 1355 1073
781 2 2 1 2 291 1353 1351
782 2 2 1 2 1353 349 1354
783 2 2 1 2 1351 1354 272
784 2 2 1 2 1353 1354 1351
785 2 2 1 2 78 1155 1357
786 2 2 1 2 1155 297 1356
787 2 2 1 2 1357 1356 351
788 2 2 1 2 1155 1356 1357
789 2 2 1 2 297 1161 1359
790 2 2 1 2 1161 24 1358
791 2 2 1 2 1359 1358 350
792 2 2 1 2 1161 1358 1359
793 2 2 1 2 351 1360 1362
794 2 2 1 2 1360 350 1361
795 2 2 1 2 1362 1361 94
796 2 2 1 2 1360 1361 1362
797 2 2 1 2 297 1359 1356
798 2 2 1 2 1359 350 1360
799 2 2 1 2 1356 1360 351
800 2 2 1 2 1359 1360 1356
801 2 2 1 2 71 1363 1079
802 2 2 1 2 1363 352 1364
803 2 2 1 2 1079 1364 275
804 2 2 1 2 1363 1364 1079
805 2 2 1 2 352 1365 1367
806 2 2 1 2 1365 94 1366
807 2 2 1 2 1367 1366 353
808 2 2 1 2 1365 1366 1367
809 2 2 1 2 275 1368 1082
810 2 2 1 2 1368 353 1369
811 2 2 1 2 1082 1369 20
812 2 2 1 2 1368 1369 1082
813 2 2 1 2 352 1367 1364
814 2 2 1 2 1367 353 1368
815 2 2 1 2 1364 1368 275
816 2 2 1 2 1367 1368 1364
817 2 2 1 2 78 1357 1352
818 2 2 1 2 1357 351 1370
819 2 2 1 2 1352 1370 349
820 2 2 1 2 1357 1370 1352
821 2 2 1 2 351 1362 1371
822 2 2 1 2 1362 94 1365
823 2 2 1 2 1371 1365 352
824 2 2 1 2 1362 1365 1371
825 2 2 1 2 349 1372 1355
826 2 2 1 2 1372 352 1363
827 2 2 1 2 1355 1363 71
828 2 2 1 2 1372 1363 1355
829 2 2 1 2 351 1371 1370
830 2 2 1 2 1371 352 1372
831 2 2 1 2 1370 1372 349
832 2 2 1 2 1371 1372 1370
833 2 2 1 2 24 1197 1374
834 2 2 1 2 1197 309 1373
835 2 2 1 2 1374 1373 355
836 2 2 1 2 1197 1373 1374
837 2 2 1 2 309 1203 1376
838 2 2 1 2 1203 84 1375
839 2 2 1 2 1376 1375 354
840 2 2 1 2 1203 1375 1376
841 2 2 1 2 355 1377 1379
842 2 2 1 2 1377 354 1378
843 2 2 1 2 1379 1378 95
844 2 2 1 2 1377 1378 1379
845 2 2 1 2 309 1376 1373
846 2 2 1 2 1376 354 1377
847 2 2 1 2 1373 1377 355
848 2 2 1 2 1376 1377 1373
849 2 2 1 2 84 1215 1381
850 2 2 1 2 1215 315 1380
851 2 2 1 2 1381 1380 356
852 2 2 1 2 1215 1380 1381
853 2 2 1 2 315 1221 1382
854 2 2 1 2 1221 8 1285
855 2 2 1 2 1382 1285 331
856 2 2 1 2 1221 1285 1382
857 2 2 1 2 356 1383 1384
858 2 2 1 2 1383 331 1282
859 2 2 1 2 1384 1282 88
860 2 2 1 2 1383 1282 1384
861 2 2 1 2 315 1382 1380
862 2 2 1 2 1382 331 1383
863 2 2 1 2 1380 1383 356
864 2 2 1 2 1382 1383 1380
865 2 2 1 2 95 1385 1387
866 2 2 1 2 1385 357 1386
867 2 2 1 2 1387 1386 358
868 2 2 1 2 1385 1386 1387
869 2 2 1 2 357 1388 1389
870 2 2 1 2 1388 88 1276
871 2 2 1 2 1389 1276 328
872 2 2 1 2 1388 1276 1389
873 2 2 1 2 358 1390 1391
874 2 2 1 2 1390 328 1273
875 2 2 1 2 1391 1273 25
876 2 2 1 2 1390 1273 1391
877 2 2 1 2 357 1389 1386
878 2 2 1 2 1389 328 1390
879 2 2 1 2 1386 1390 358
880 2 2 1 2 1389 1390 1386
881 2 2 1 2 84 1381 1375
882 2 2 1 2 1381 356 1392
883 2 2 1 2 1375 1392 354
884 2 2 1 2 1381 1392 1375
885 2 2 1 2 356 1384 1393
886 2 2 1 2 1384 88 1388
887 2 2 1 2 1393 1388 357
888 2 2 1 2 1384 1388 1393
889 2 2 1 2 354 1394 1378
890 2 2 1 2 1394 357 1385
891 2 2 1 2 1378 1385 95
892 2 2 1 2 1394 1385 1378
893 2 2 1 2 356 1393 1392
894 2 2 1 2 1393 357 1394
895 2 2 1 2 1392 1394 354
896 2 2 1 2 1393 1394 1392
897 2 2 1 2 20 1395 1100
898 2 2 1 2 1395 359 1396
899 2 2 1 2 1100 1396 281
900 2 2 1 2 1395 1396 1100
901 2 2 1 2 359 1397 1399
902 2 2 1 2 1397 96 1398
903 2 2 1 2 1399 1398 360
904 2 2 1 2 1397 1398 1399
905 2 2 1 2 281 1400 1103
906 2 2 1 2 1400 360 1401
907 2 2 1 2 1103 1401 74
908 2 2 1 2 1400 1401 1103
909 2 2 1 2 359 1399 1396
910 2 2 1 2 1399 360 1400
911 2 2 1 2 1396 1400 281
912 2 2 1 2 1399 1400 1396
913 2 2 1 2 96 1402 1404
914 2 2 1 2 1402 361 1403
915 2 2 1 2 1404 1403 362
916 2 2 1 2 1402 1403 1404
917 2 2 1 2 361 1405 1406
918 2 2 1 2 1405 25 1255
919 2 2 1 2 1406 1255 322
920 2 2 1 2 1405 1255 1406
921 2 2 1 2 362 1407 1408
922 2 2 1 2 1407 322 1252
923 2 2 1 2 1408 1252 85
924 2 2 1 2 1407 1252 1408
925 2 2 1 2 361 1406 1403
926 2 2 1 2 1406 322 1407
927 2 2 1 2 1403 1407 362
928 2 2 1 2 1406 1407 1403
929 2 2 1 2 74 1409 1109
930 2 2 1 2 1409 363 1410
931 2 2 1 2 1109 1410 284
932 2 2 1 2 1409 1410 1109
933 2 2 1 2 363 1411 1412
934 2 2 1 2 1411 85 1246
935 2 2 1 2 1412 1246 319
936 2 2 1 2 1411 1246 1412
937 2 2 1 2 284 1413 1112
938 2 2 1 2 1413 319 1243
939 2 2 1 2 1112 1243 9
940 2 2 1 2 1413 1243 1112
941 2 2 1 2 363 1412 1410
942 2 2 1 2 1412 319 1413
943 2 2 1 2 1410 1413 284
944 2 2 1 2 1412 1413 1410
945 2 2 1 2 96 1404 1398
946 2 2 1 2 1404 362 1414
947 2 2 1 2 1398 1414 360
948 2 2 1 2 1404 1414 1398
949 2 2 1 2 362 1408 1415
950 2 2 1 2 1408 85 1411
951 2 2 1 2 1415 1411 363
952 2 2 1 2 1408 1411 1415
953 2 2 1 2 360 1416 1401
954 2 2 1 2 1416 363 1409
955 2 2 1 2 1401 1409 74
956 2 2 1 2 1416 1409 1401
957 2 2 1 2 362 1415 1414
958 2 2 1 2 1415 363 1416
959 2 2 1 2 1414 1416 360
960 2 2 1 2 1415 1416 1414
961 2 2 1 2 24 1374 1358
962 2 2 1 2 1374 355 1417
963 2 2 1 2 1358 1417 350
964 2 2 1 2 1374 1417 1358
965 2 2 1 2 355 1379 1419
966 2 2 1 2 1379 95 1418
967 2 2 1 2 1419 1418 364
968 2 2 1 2 1379 1418 1419
969 2 2 1 2 350 1420 1361
970 2 2 1 2 1420 364 1421
971 2 2 1 2 1361 1421 94
972 2 2 1 2 1420 1421 1361
973 2 2 1 2 355 1419 1417
974 2 2 1 2 1419 364 1420
975 2 2 1 2 1417 1420 350
976 2 2 1 2 1419 1420 1417
977 2 2 1 2 95 1387 1423
978 2 2 1 2 1387 358 1422
979 2 2 1 2 1423 1422 365
980 2 2 1 2 1387 1422 1423
981 2 2 1 2 358 1391 1424
982 2 2 1 2 1391 25 1405
983 2 2 1 2 1424 1405 361
984 2 2 1 2 1391 1405 1424
985 2 2 1 2 365 1425 1426
986 2 2 1 2 1425 361 1402
987 2 2 1 2 1426 1402 96
988 2 2 1 2 1425 1402 1426
989 2 2 1 2 358 1424 1422
990 2 2 1 2 1424 361 1425
991 2 2 1 2 1422 1425 365
992 2 2 1 2 1424 1425 1422
993 2 2 1 2 94 1427 1366
994 2 2 1 2 1427 366 1428
995 2 2 1 2 1366 1428 353
996 2 2 1 2 1427 1428 1366
997 2 2 1 2 366 1429 1430
998 2 2 1 2 1429 96 1397
999 2 2 1 2 1430 1397 359
1000 2 2 1 2 1429 1397 1430
1001 2 2 1 2 353 1431 1369
1002 2 2 1 2 1431 359 1395
1003 2 2 1 2 1369 1395 20
1004 2 2 1 2 1431 1395 1369
1005 2 2 1 2 366 1430 1428
1006 2 2 1 2 1430 359 1431
1007 2 2 1 2 1428 1431 353
1008 2 2 1 2 1430 1431 1428
1009 2 2 1 2 95 1423 1418
1010 2 2 1 2 1423 365 1432
1011 2 2 1 2 1418 1432 364
1012 2 2 1 2 1423 1432 1418
1013 2 2 1 2 365 1426 1433
1014 2 2 1 2 1426 96 1429
1015 2 2 1 2 1433 1429 366
1016 2 2 1 2 1426 1429 1433
1017 2 2 1 2 364 1434 1421
1018 2 2 1 2 1434 366 1427
1019 2 2 1 2 1421 1427 94
1020 2 2 1 2 1434 1427 1421
1021 2 2 1 2 365 1433 1432
1022 2 2 1 2 1433 366 1434
1023 2 2 1 2 1432 1434 364
1024 2 2 1 2 1433 1434 1432
1025 2 2 1 2 2 1435 1178
1026 2 2 1 2 1435 367 1436
1027 2 2 1 2 1178 1436 302
1028 2 2 1 2 1435 1436 1178
1029 2 2 1 2 367 1437 1439
1030 2 2 1 2 1437 97 1438
1031 2 2 1 2 1439 1438 368
1032 2 2 1 2 1437 1438 1439
1033 2 2 1 2 302 1440 1181
1034 2 2 1 2 1440 368 1441
1035 2 2 1 2 1181 1441 80
1036 2 2 1 2 1440 1441 1181
1037 2 2 1 2 367 1439 1436
1038 2 2 1 2 1439 368 1440
1039 2 2 1 2 1436 1440 302
1040 2 2 1 2 1439 1440 1436
1041 2 2 1 2 97 1442 1444
1042 2 2 1 2 1442 369 1443
1043 2 2 1 2 1444 1443 371
1044 2 2 1 2 1442 1443 1444
1045 2 2 1 2 369 1445 1447
1046 2 2 1 2 1445 28 1446
1047 2 2 1 2 1447 1446 370
1048 2 2 1 2 1445 1446 1447
1049 2 2 1 2 371 1448 1450
1050 2 2 1 2 1448 370 1449
1051 2 2 1 2 1450 1449 98
1052 2 2 1 2 1448 1449 1450
1053 2 2 1 2 369 1447 1443
1054 2 2 1 2 1447 370 1448
1055 2 2 1 2 1443 1448 371
1056 2 2 1 2 1447 1448 1443
1057 2 2 1 2 80 1451 1187
1058 2 2 1 2 1451 372 1452
1059 2 2 1 2 1187 1452 305
1060 2 2 1 2 1451 1452 1187
1061 2 2 1 2 372 1453 1455
1062 2 2 1 2 1453 98 1454
1063 2 2 1 2 1455 1454 373
1064 2 2 1 2 1453 1454 1455
1065 2 2 1 2 305 1456 1190
1066 2 2 1 2 1456 373 1457
1067 2 2 1 2 1190 1457 23
1068 2 2 1 2 1456 1457 1190
1069 2 2 1 2 372 1455 1452
1070 2 2 1 2 1455 373 1456
1071 2 2 1 2 1452 1456 305
1072 2 2 1 2 1455 1456 1452
1073 2 2 1 2 97 1444 1438
1074 2 2 1 2 1444 371 1458
1075 2 2 1 2 1438 1458 368
1076 2 2 1 2 1444 1458 1438
1077 2 2 1 2 371 1450 1459
1078 2 2 1 2 1450 98 1453
1079 2 2 1 2 1459 1453 372
1080 2 2 1 2 1450 1453 1459
1081 2 2 1 2 368 1460 1441
1082 2 2 1 2 1460 372 1451
1083 2 2 1 2 1441 1451 80
1084 2 2 1 2 1460 1451 1441
1085 2 2 1 2 371 1459 1458
1086 2 2 1 2 1459 372 1460
1087 2 2 1 2 1458 1460 368
1088 2 2 1 2 1459 1460 1458
1089 2 2 1 2 28 1461 1463
1090 2 2 1 2 1461 374 1462
1091 2 2 1 2 1463 1462 376
1092 2 2 1 2 1461 1462 1463
1093 2 2 1 2 374 1464 1466
1094 2 2 1 2 1464 99 1465
1095 2 2 1 2 1466 1465 375
1096 2 2 1 2 1464 1465 1466
1097 2 2 1 2 376 1467 1469
1098 2 2 1 2 1467 375 1468
1099 2 2 1 2 1469 1468 101
1100 2 2 1 2 1467 1468 1469
1101 2 2 1 2 374 1466 1462
1102 2 2 1 2 1466 375 1467
1103 2 2 1 2 1462 1467 376
1104 2 2 1 2 1466 1467 1462
1105 2 2 1 2 99 1470 1472
1106 2 2 1 2 1470 377 1471
1107 2 2 1 2 1472 1471 379
1108 2 2 1 2 1470 1471 1472
1109 2 2 1 2 377 1473 1475
1110 2 2 1 2 1473 10 1474
1111 2 2 1 2 1475 1474 378
1112 2 2 1 2 1473 1474 1475
1113 2 2 1 2 379 1476 1478
1114 2 2 1 2 1476 378 1477
1115 2 2 1 2 1478 1477 100
1116 2 2 1 2 1476 1477 1478
1117 2 2 1 2 377 1475 1471
1118 2 2 1 2 1475 378 1476
1119 2 2 1 2 1471 1476 379
1120 2 2 1 2 1475 1476 1471
1121 2 2 1 2 101 1479 1481
1122 2 2 1 2 1479 380 1480
1123 2 2 1 2 1481 1480 382
1124 2 2 1 2 1479 1480 1481
1125 2 2 1 2 380 1482 1484
1126 2 2 1 2 1482 100 1483
1127 2 2 1 2 1484 1483 381
1128 2 2 1 2 1482 1483 1484
1129 2 2 1 2 382 1485 1487
1130 2 2 1 2 1485 381 1486
1131 2 2 1 2 1487 1486 29
1132 2 2 1 2 1485 1486 1487
1133 2 2 1 2 380 1484 1480
1134 2 2 1 2 1484 381 1485
1135 2 2 1 2 1480 1485 382
1136 2 2 1 2 1484 1485 1480
1137 2 2 1 2 99 1472 1465
1138 2 2 1 2 1472 379 1488
1139 2 2 1 2 1465 1488 375
1140 2 2 1 2 1472 1488 1465
1141 2 2 1 2 379 1478 1489
1142 2 2 1 2 1478 100 1482
1143 2 2 1 2 1489 1482 380
1144 2 2 1 2 1478 1482 1489
1145 2 2 1 2 375 1490 1468
1146 2 2 1 2 1490 380 1479
1147 2 2 1 2 1468 1479 101
1148 2 2 1 2 1490 1479 1468
1149 2 2 1 2 379 1489 1488
1150 2 2 1 2 1489 380 1490
1151 2 2 1 2 1488 1490 375
1152 2 2 1 2 1489 1490 1488
1153 2 2 1 2 23 1491 1208
1154 2 2 1 2 1491 383 1492
1155 2 2 1 2 1208 1492 311
1156 2 2 1 2 1491 1492 1208
1157 2 2 1 2 383 1493 1495
1158 2 2 1 2 1493 102 1494
1159 2 2 1 2 1495 1494 384
1160 2 2 1 2 1493 1494 1495
1161 2 2 1 2 311 1496 1211
1162 2 2 1 2 1496 384 1497
1163 2 2 1 2 1211 1497 83
1164 2 2 1 2 1496 1497 1211
1165 2 2 1 2 383 1495 1492
1166 2 2 1 2 1495 384 1496
1167 2 2 1 2 1492 1496 311
1168 2 2 1 2 1495 1496 1492
1169 2 2 1 2 102 1498 1500
1170 2 2 1 2 1498 385 1499
1171 2 2 1 2 1500 1499 387
1172 2 2 1 2 1498 1499 1500
1173 2 2 1 2 385 1501 1503
1174 2 2 1 2 1501 29 1502
1175 2 2 1 2 1503 1502 386
1176 2 2 1 2 1501 1502 1503
1177 2 2 1 2 387 1504 1506
1178 2 2 1 2 1504 386 1505
1179 2 2 1 2 1506 1505 103
1180 2 2 1 2 1504 1505 1506
1181 2 2 1 2 385 1503 1499
1182 2 2 1 2 1503 386 1504
1183 2 2 1 2 1499 1504 387
1184 2 2 1 2 1503 1504 1499
1185 2 2 1 2 83 1507 1217
1186 2 2 1 2 1507 388 1508
1187 2 2 1 2 1217 1508 314
1188 2 2 1 2 1507 1508 1217
1189 2 2 1 2 388 1509 1511
1190 2 2 1 2 1509 103 1510
1191 2 2 1 2 1511 1510 389
1192 2 2 1 2 1509 1510 1511
1193 2 2 1 2 314 1512 1220
1194 2 2 1 2 1512 389 1513
1195 2 2 1 2 1220 1513 8
1196 2 2 1 2 1512 1513 1220
1197 2 2 1 2 388 1511 1508
1198 2 2 1 2 1511 389 1512
1199 2 2 1 2 1508 1512 314
1200 2 2 1 2 1511 1512 1508
1201 2 2 1 2 102 1500 1494
1202 2 2 1 2 1500 387 1514
1203 2 2 1 2 1494 1514 384
1204 2 2 1 2 1500 1514 1494
1205 2 2 1 2 387 1506 1515
1206 2 2 1 2 1506 103 1509
1207 2 2 1 2 1515 1509 388
1208 2 2 1 2 1506 1509 1515
1209 2 2 1 2 384 1516 1497
1210 2 2 1 2 1516 388 1507
1211 2 2 1 2 1497 1507 83
1212 2 2 1 2 1516 1507 1497
1213 2 2 1 2 387 1515 1514
1214 2 2 1 2 1515 388 1516
1215 2 2 1 2 1514 1516 384
1216 2 2 1 2 1515 1516 1514
1217 2 2 1 2 28 1463 1446
1218 2 2 1 2 1463 376 1517
1219 2 2 1 2 1446 1517 370
1220 2 2 1 2 1463 1517 1446
1221 2 2 1 2 376 1469 1519
1222 2 2 1 2 1469 101 1518
1223 2 2 1 2 1519 1518 390
1224 2 2 1 2 1469 1518 1519
1225 2 2 1 2 370 1520 1449
1226 2 2 1 2 1520 390 1521
1227 2 2 1 2 1449 1521 98
1228 2 2 1 2 1520 1521 1449
1229 2 2 1 2 376 1519 1517
1230 2 2 1 2 1519 390 1520
1231 2 2 1 2 1517 1520 370
1232 2 2 1 2 1519 1520 1517
1233 2 2 1 2 101 1481 1523
1234 2 2 1 2 1481 382 1522
1235 2 2 1 2 1523 1522 391
1236 2 2 1 2 1481 1522 1523
1237 2 2 1 2 382 1487 1524
1238 2 2 1 2 1487 29 1501
1239 2 2 1 2 1524 1501 385
1240 2 2 1 2 1487 1501 1524
1241 2 2 1 2 391 1525 1526
1242 2 2 1 2 1525 385 1498
1243 2 2 1 2 1526 1498 102
1244 2 2 1 2 1525 1498 1526
1245 2 2 1 2 382 1524 1522
1246 2 2 1 2 1524 385 1525
1247 2 2 1 2 1522 1525 391
1248 2 2 1 2 1524 1525 1522
1249 2 2 1 2 98 1527 1454
1250 2 2 1 2 1527 392 1528
1251 2 2 1 2 1454 1528 373
1252 2 2 1 2 1527 1528 1454
1253 2 2 1 2 392 1529 1530
1254 2 2 1 2 1529 102 1493
1255 2 2 1 2 1530 1493 383
1256 2 2 1 2 1529 1493 1530
1257 2 2 1 2 373 1531 1457
1258 2 2 1 2 1531 383 1491
1259 2 2 1 2 1457 1491 23
1260 2 2 1 2 1531 1491 1457
1261 2 2 1 2 392 1530 1528
1262 2 2 1 2 1530 383 1531
1263 2 2 1 2 1528 1531 373
1264 2 2 1 2 1530 1531 1528
1265 2 2 1 2 101 1523 1518
1266 2 2 1 2 1523 391 1532
1267 2 2 1 2 1518 1532 390
1268 2 2 1 2 1523 1532 1518
1269 2 2 1 2 391 1526 1533
1270 2 2 1 2 1526 102 1529
1271 2 2 1 2 1533 1529 392
1272 2 2 1 2 1526 1529 1533
1273 2 2 1 2 390 1534 1521
1274 2 2 1 2 1534 392 1527
1275 2 2 1 2 1521 1527 98
1276 2 2 1 2 1534 1527 1521
1277 2 2 1 2 391 1533 1532
1278 2 2 1 2 1533 392 1534
1279 2 2 1 2 1532 1534 390
1280 2 2 1 2 1533 1534 1532
1281 2 2 1 2 10 1535 1537
1282 2 2 1 2 1535 393 1536
1283 2 2 1 2 1537 1536 395
1284 2 2 1 2 1535 1536 1537
1285 2 2 1 2 393 1538 1540
1286 2 2 1 2 1538 104 1539
1287 2 2 1 2 1540 1539 394
1288 2 2 1 2 1538 1539 1540
1289 2 2 1 2 395 1541 1543
1290 2 2 1 2 1541 394 1542
1291 2 2 1 2 1543 1542 106
1292 2 2 1 2 1541 1542 1543
1293 2 2 1 2 393 1540 1536
1294 2 2 1 2 1540 394 1541
1295 2 2 1 2 1536 1541 395
1296 2 2 1 2 1540 1541 1536
1297 2 2 1 2 104 1544 1546
1298 2 2 1 2 1544 396 1545
1299 2 2 1 2 1546 1545 398
1300 2 2 1 2 1544 1545 1546
1301 2 2 1 2 396 1547 1549
1302 2 2 1 2 1547 30 1548
1303 2 2 1 2 1549 1548 397
1304 2 2 1 2 1547 1548 1549
1305 2 2 1 2 398 1550 1552
1306 2 2 1 2 1550 397 1551
1307 2 2 1 2 1552 1551 105
1308 2 2 1 2 1550 1551 1552
1309 2 2 1 2 396 1549 1545
1310 2 2 1 2 1549 397 1550
1311 2 2 1 2 1545 1550 398
1312 2 2 1 2 1549 1550 1545
1313 2 2 1 2 106 1553 1555
1314 2 2 1 2 1553 399 1554
1315 2 2 1 2 1555 1554 401
1316 2 2 1 2 1553 1554 1555
1317 2 2 1 2 399 1556 1558
1318 2 2 1 2 1556 105 1557
1319 2 2 1 2 1558 1557 400
1320 2 2 1 2 1556 1557 1558
1321 2 2 1 2 401 1559 1561
1322 2 2 1 2 1559 400 1560
1323 2 2 1 2 1561 1560 32
1324 2 2 1 2 1559 1560 1561
1325 2 2 1 2 399 1558 1554
1326 2 2 1 2 1558 400 1559
1327 2 2 1 2 1554 1559 401
1328 2 2 1 2 1558 1559 1554
1329 2 2 1 2 104 1546 1539
1330 2 2 1 2 1546 398 1562
1331 2 2 1 2 1539 1562 394
1332 2 2 1 2 1546 1562 1539
1333 2 2 1 2 398 1552 1563
1334 2 2 1 2 1552 105 1556
1335 2 2 1 2 1563 1556 399
1336 2 2 1 2 1552 1556 1563
1337 2 2 1 2 394 1564 1542
1338 2 2 1 2 1564 399 1553
1339 2 2 1 2 1542 1553 106
1340 2 2 1 2 1564 1553 1542
1341 2 2 1 2 398 1563 1562
1342 2 2 1 2 1563 399 1564
1343 2 2 1 2 1562 1564 394
1344 2 2 1 2 1563 1564 1562
1345 2 2 1 2 30 1565 1567
1346 2 2 1 2 1565 402 1566
1347 2 2 1 2 1567 1566 404
1348 2 2 1 2 1565 1566 1567
1349 2 2 1 2 402 1568 1570
1350 2 2 1 2 1568 107 1569
1351 2 2 1 2 1570 1569 403
1352 2 2 1 2 1568 1569 1570
1353 2 2 1 2 404 1571 1573
1354 2 2 1 2 1571 403 1572
1355 2 2 1 2 1573 1572 109
1356 2 2 1 2 1571 1572 1573
1357 2 2 1 2 402 1570 1566
1358 2 2 1 2 1570 403 1571
1359 2 2 1 2 1566 1571 404
1360 2 2 1 2 1570 1571 1566
1361 2 2 1 2 107 1574 1576
1362 2 2 1 2 1574 405 1575
1363 2 2 1 2 1576 1575 407
1364 2 2 1 2 1574 1575 1576
1365 2 2 1 2 405 1577 1579
1366 2 2 1 2 1577 4 1578
1367 2 2 1 2 1579 1578 406
1368 2 2 1 2 1577 1578 1579
1369 2 2 1 2 407 1580 1582
1370 2 2 1 2 1580 406 1581
1371 2 2 1 2 1582 1581 108
1372 2 2 1 2 1580 1581 1582
1373 2 2 1 2 405 1579 1575
1374 2 2 1 2 1579 406 1580
1375 2 2 1 2 1575 1580 407
1376 2 2 1 2 1579 1580 1575
1377 2 2 1 2 109 1583 1585
1378 2 2 1 2 1583 408 1584
1379 2 2 1 2 1585 1584 410
1380 2 2 1 2 1583 1584 1585
1381 2 2 1 2 408 1586 1588
1382 2 2 1 2 1586 108 1587
1383 2 2 1 2 1588 1587 409
1384 2 2 1 2 1586 1587 1588
1385 2 2 1 2 410 1589 1591
1386 2 2 1 2 1589 409 1590
1387 2 2 1 2 1591 1590 31
1388 2 2 1 2 1589 1590 1591
1389 2 2 1 2 408 1588 1584
1390 2 2 1 2 1588 409 1589
1391 2 2 1 2 1584 1589 410
1392 2 2 1 2 1588 1589 1584
1393 2 2 1 2 107 1576 1569
1394 2 2 1 2 1576 407 1592
1395 2 2 1 2 1569 1592 403
1396 2 2 1 2 1576 1592 1569
1397 2 2 1 2 407 1582 1593
1398 2 2 1 2 1582 108 1586
1399 2 2 1 2 1593 1586 408
1400 2 2 1 2 1582 1586 1593
1401 2 2 1 2 403 1594 1572
1402 2 2 1 2 1594 408 1583
1403 2 2 1 2 1572 1583 109
1404 2 2 1 2 1594 1583 1572
1405 2 2 1 2 407 1593 1592
1406 2 2 1 2 1593 408 1594
1407 2 2 1 2 1592 1594 403
1408 2 2 1 2 1593 1594 1592
1409 2 2 1 2 32 1595 1597
1410 2 2 1 2 1595 411 1596
1411 2 2 1 2 1597 1596 413
1412 2 2 1 2 1595 1596 1597
1413 2 2 1 2 411 1598 1600
1414 2 2 1 2 1598 110 1599
1415 2 2 1 2 1600 1599 412
1416 2 2 1 2 1598 1599 1600
1417 2 2 1 2 413 1601 1603
1418 2 2 1 2 1601 412 1602
1419 2 2 1 2 1603 1602 112
1420 2 2 1 2 1601 1602 1603
1421 2 2 1 2 411 1600 1596
1422 2 2 1 2 1600 412 1601
1423 2 2 1 2 1596 1601 413
1424 2 2 1 2 1600 1601 1596
1425 2 2 1 2 110 1604 1606
1426 2 2 1 2 1604 414 1605
1427 2 2 1 2 1606 1605 416
1428 2 2 1 2 1604 1605 1606
1429 2 2 1 2 414 1607 1609
1430 2 2 1 2 1607 31 1608
1431 2 2 1 2 1609 1608 415
1432 2 2 1 2 1607 1608 1609
1433 2 2 1 2 416 1610 1612
1434 2 2 1 2 1610 415 1611
1435 2 2 1 2 1612 1611 111
1436 2 2 1 2 1610 1611 1612
1437 2 2 1 2 414 1609 1605
1438 2 2 1 2 1609 415 1610
1439 2 2 1 2 1605 1610 416
1440 2 2 1 2 1609 1610 1605
1441 2 2 1 2 112 1613 1615
1442 2 2 1 2 1613 417 1614
1443 2 2 1 2 1615 1614 419
1444 2 2 1 2 1613 1614 1615
1445 2 2 1 2 417 1616 1618
1446 2 2 1 2 1616 111 1617
1447 2 2 1 2 1618 1617 418
1448 2 2 1 2 1616 1617 1618
1449 2 2 1 2 419 1619 1621
1450 2 2 1 2 1619 418 1620
1451 2 2 1 2 1621 1620 11
1452 2 2 1 2 1619 1620 1621
1453 2 2 1 2 417 1618 1614
1454 2 2 1 2 1618 418 1619
1455 2 2 1 2 1614 1619 419
1456 2 2 1 2 1618 1619 1614
1457 2 2 1 2 110 1606 1599
1458 2 2 1 2 1606 416 1622
1459 2 2 1 2 1599 1622 412
1460 2 2 1 2 1606 1622 1599
1461 2 2 1 2 416 1612 1623
1462 2 2 1 2 1612 111 1616
1463 2 2 1 2 1623 1616 417
1464 2 2 1 2 1612 1616 1623
1465 2 2 1 2 412 1624 1602
1466 2 2 1 2 1624 417 1613
1467 2 2 1 2 1602 1613 112
1468 2 2 1 2 1624 1613 1602
1469 2 2 1 2 416 1623 1622
1470 2 2 1 2 1623 417 1624
1471 2 2 1 2 1622 1624 412
1472 2 2 1 2 1623 1624 1622
1473 2 2 1 2 30 1567 1548
1474 2 2 1 2 1567 404 1625
1475 2 2 1 2 1548 1625 397
1476 2 2 1 2 1567 1625 1548
1477 2 2 1 2 404 1573 1627
1478 2 2 1 2 1573 109 1626
1479 2 2 1 2 1627 1626 420
1480 2 2 1 2 1573 1626 1627
1481 2 2 1 2 397 1628 1551
1482 2 2 1 2 1628 420 1629
1483 2 2 1 2 1551 1629 105
1484 2 2 1 2 1628 1629 1551
1485 2 2 1 2 404 1627 1625
1486 2 2 1 2 1627 420 1628
1487 2 2 1 2 1625 1628 397
1488 2 2 1 2 1627 1628 1625
1489 2 2 1 2 109 1585 1631
1490 2 2 1 2 1585 410 1630
1491 2 2 1 2 1631 1630 421
1492 2 2 1 2 1585 1630 1631
1493 2 2 1 2 410 1591 1632
1494 2 2 1 2 1591 31 1607
1495 2 2 1 2 1632 1607 414
1496 2 2 1 2 1591 1607 1632
1497 2 2 1 2 421 1633 1634
1498 2 2 1 2 1633 414 1604
1499 2 2 1 2 1634 1604 110
1500 2 2 1 2 1633 1604 1634
1501 2 2 1 2 410 1632 1630
1502 2 2 1 2 1632 414 1633
1503 2 2 1 2 1630 1633 421
1504 2 2 1 2 1632 1633 1630
1505 2 2 1 2 105 1635 1557
1506 2 2 1 2 1635 422 1636
1507 2 2 1 2 1557 1636 400
1508 2 2 1 2 1635 1636 1557
1509 2 2 1 2 422 1637 1638
1510 2 2 1 2 1637 110 1598
1511 2 2 1 2 1638 1598 411
1512 2 2 1 2 1637 1598 1638
1513 2 2 1 2 400 1639 1560
1514 2 2 1 2 1639 411 1595
1515 2 2 1 2 1560 1595 32
1516 2 2 1 2 1639 1595 1560
1517 2 2 1 2 422 1638 1636
1518 2 2 1 2 1638 411 1639
1519 2 2 1 2 1636 1639 400
1520 2 2 1 2 1638 1639 1636
1521 2 2 1 2 109 1631 1626
1522 2 2 1 2 1631 421 1640
1523 2 2 1 2 1626 1640 420
1524 2 2 1 2 1631 1640 1626
1525 2 2 1 2 421 1634 1641
1526 2 2 1 2 1634 110 1637
1527 2 2 1 2 1641 1637 422
1528 2 2 1 2 1634 1637 1641
1529 2 2 1 2 420 1642 1629
1530 2 2 1 2 1642 422 1635
1531 2 2 1 2 1629 1635 105
1532 2 2 1 2 1642 1635 1629
1533 2 2 1 2 421 1641 1640
1534 2 2 1 2 1641 422 1642
1535 2 2 1 2 1640 1642 420
1536 2 2 1 2 1641 1642 1640
1537 2 2 1 2 8 1643 1286
1538 2 2 1 2 1643 423 1644
1539 2 2 1 2 1286 1644 332
1540 2 2 1 2 1643 1644 1286
1541 2 2 1 2 423 1645 1647
1542 2 2 1 2 1645 113 1646
1543 2 2 1 2 1647 1646 424
1544 2 2 1 2 1645 1646 1647
1545 2 2 1 2 332 1648 1289
1546 2 2 1 2 1648 424 1649
1547 2 2 1 2 1289 1649 89
1548 2 2 1 2 1648 1649 1289
1549 2 2 1 2 423 1647 1644
1550 2 2 1 2 1647 424 1648
1551 2 2 1 2 1644 1648 332
1552 2 2 1 2 1647 1648 1644
1553 2 2 1 2 113 1650 1652
1554 2 2 1 2 1650 425 1651
1555 2 2 1 2 1652 1651 427
1556 2 2 1 2 1650 1651 1652
1557 2 2 1 2 425 1653 1655
1558 2 2 1 2 1653 33 1654
1559 2 2 1 2 1655 1654 426
1560 2 2 1 2 1653 1654 1655
1561 2 2 1 2 427 1656 1658
1562 2 2 1 2 1656 426 1657
1563 2 2 1 2 1658 1657 114
1564 2 2 1 2 1656 1657 1658
1565 2 2 1 2 425 1655 1651
1566 2 2 1 2 1655 426 1656
1567 2 2 1 2 1651 1656 427
1568 2 2 1 2 1655 1656 1651
1569 2 2 1 2 89 1659 1295
1570 2 2 1 2 1659 428 1660
1571 2 2 1 2 1295 1660 335
1572 2 2 1 2 1659 1660 1295
1573 2 2 1 2 428 1661 1663
1574 2 2 1 2 1661 114 1662
1575 2 2 1 2 1663 1662 429
1576 2 2 1 2 1661 1662 1663
1577 2 2 1 2 335 1664 1298
1578 2 2 1 2 1664 429 1665
1579 2 2 1 2 1298 1665 26
1580 2 2 1 2 1664 1665 1298
1581 2 2 1 2 428 1663 1660
1582 2 2 1 2 1663 429 1664
1583 2 2 1 2 1660 1664 335
1584 2 2 1 2 1663 1664 1660
1585 2 2 1 2 113 1652 1646
1586 2 2 1 2 1652 427 1666
1587 2 2 1 2 1646 1666 424
1588 2 2 1 2 1652 1666 1646
1589 2 2 1 2 427 1658 1667
1590 2 2 1 2 1658 114 1661
1591 2 2 1 2 1667 1661 428
1592 2 2 1 2 1658 1661 1667
1593 2 2 1 2 424 1668 1649
1594 2 2 1 2 1668 428 1659
1595 2 2 1 2 1649 1659 89
1596 2 2 1 2 1668 1659 1649
1597 2 2 1 2 427 1667 1666
1598 2 2 1 2 1667 428 1668
1599 2 2 1 2 1666 1668 424
1600 2 2 1 2 1667 1668 1666
1601 2 2 1 2 33 1669 1671
1602 2 2 1 2 1669 430 1670
1603 2 2 1 2 1671 1670 432
1604 2 2 1 2 1669 1670 1671
1605 2 2 1 2 430 1672 1674
1606 2 2 1 2 1672 115 1673
1607 2 2 1 2 1674 1673 431
1608 2 2 1 2 1672 1673 1674
1609 2 2 1 2 432 1675 1677
1610 2 2 1 2 1675 431 1676
1611 2 2 1 2 1677 1676 117
1612 2 2 1 2 1675 1676 1677
1613 2 2 1 2 430 1674 1670
1614 2 2 1 2 1674 431 1675
1615 2 2 1 2 1670 1675 432
1616 2 2 1 2 1674 1675 1670
1617 2 2 1 2 115 1678 1680
1618 2 2 1 2 1678 433 1679
1619 2 2 1 2 1680 1679 435
1620 2 2 1 2 1678 1679 1680
1621 2 2 1 2 433 1681 1683
1622 2 2 1 2 1681 11 1682
1623 2 2 1 2 1683 1682 434
1624 2 2 1 2 1681 1682 1683
1625 2 2 1 2 435 1684 1686
1626 2 2 1 2 1684 434 1685
1627 2 2 1 2 1686 1685 116
1628 2 2 1 2 1684 1685 1686
1629 2 2 1 2 433 1683 1679
1630 2 2 1 2 1683 434 1684
1631 2 2 1 2 1679 1684 435
1632 2 2 1 2 1683 1684 1679
1633 2 2 1 2 117 1687 1689
1634 2 2 1 2 1687 436 1688
1635 2 2 1 2 1689 1688 438
1636 2 2 1 2 1687 1688 1689
1637 2 2 1 2 436 1690 1692
1638 2 2 1 2 1690 116 1691
1639 2 2 1 2 1692 1691 437
1640 2 2 1 2 1690 1691 1692
1641 2 2 1 2 438 1693 1695
1642 2 2 1 2 1693 437 1694
1643 2 2 1 2 1695 1694 34
1644 2 2 1 2 1693 1694 1695
1645 2 2 1 2 436 1692 1688
1646 2 2 1 2 1692 437 1693
1647 2 2 1 2 1688 1693 438
1648 2 2 1 2 1692 1693 1688
1649 2 2 1 2 115 1680 1673
1650 2 2 1 2 1680 435 1696
1651 2 2 1 2 1673 1696 431
1652 2 2 1 2 1680 1696 1673
1653 2 2 1 2 435 1686 1697
1654 2 2 1 2 1686 116 1690
1655 2 2 1 2 1697 1690 436
1656 2 2 1 2 1686 1690 1697
1657 2 2 1 2 431 1698 1676
1658 2 2 1 2 1698 436 1687
1659 2 2 1 2 1676 1687 117
1660 2 2 1 2 1698 1687 1676
1661 2 2 1 2 435 1697 1696
1662 2 2 1 2 1697 436 1698
1663 2 2 1 2 1696 1698 431
1664 2 2 1 2 1697 1698 1696
1665 2 2 1 2 26 1699 1316
1666 2 2 1 2 1699 439 1700
1667 2 2 1 2 1316 1700 341
1668 2 2 1 2 1699 1700 1316
1669 2 2 1 2 439 1701 1703
1670 2 2 1 2 1701 118 1702
1671 2 2 1 2 1703 1702 440
1672 2 2 1 2 1701 1702 1703
1673 2 2 1 2 341 1704 1319
1674 2 2 1 2 1704 440 1705
1675 2 2 1 2 1319 1705 92
1676 2 2 1 2 1704 1705 1319
1677 2 2 1 2 439 1703 1700
1678 2 2 1 2 1703 440 1704
1679 2 2 1 2 1700 1704 341
1680 2 2 1 2 1703 1704 1700
1681 2 2 1 2 118 1706 1708
1682 2 2 1 2 1706 441 1707
1683 2 2 1 2 1708 1707 443
1684 2 2 1 2 1706 1707 1708
1685 2 2 1 2 441 1709 1711
1686 2 2 1 2 1709 34 1710
1687 2 2 1 2 1711 1710 442
1688 2 2 1 2 1709 1710 1711
1689 2 2 1 2 443 1712 1714
1690 2 2 1 2 1712 442 1713
1691 2 2 1 2 1714 1713 119
1692 2 2 1 2 1712 1713 1714
1693 2 2 1 2 441 1711 1707
1694 2 2 1 2 1711 442 1712
1695 2 2 1 2 1707 1712 443
1696 2 2 1 2 1711 1712 1707
1697 2 2 1 2 92 1715 1325
1698 2 2 1 2 1715 444 1716
1699 2 2 1 2 1325 1716 344
1700 2 2 1 2 1715 1716 1325
1701 2 2 1 2 444 1717 1719
1702 2 2 1 2 1717 119 1718
1703 2 2 1 2 1719 1718 445
1704 2 2 1 2 1717 1718 1719
1705 2 2 1 2 344 1720 1328
1706 2 2 1 2 1720 445 1721
1707 2 2 1 2 1328 1721 3
1708 2 2 1 2 1720 1721 1328
1709 2 2 1 2 444 1719 1716
1710 2 2 1 2 1719 445 1720
1711 2 2 1 2 1716 1720 344
1712 2 2 1 2 1719 1720 1716
1713 2 2 1 2 118 1708 1702
1714 2 2 1 2 1708 443 1722
1715 2 2 1 2 1702 1722 440
1716 2 2 1 2 1708 1722 1702
1717 2 2 1 2 443 1714 1723
1718 2 2 1 2 1714 119 1717
1719 2 2 1 2 1723 1717 444
1720 2 2 1 2 1714 1717 1723
1721 2 2 1 2 440 1724 1705
1722 2 2 1 2 1724 444 1715
1723 2 2 1 2 1705 1715 92
1724 2 2 1 2 1724 1715 1705
1725 2 2 1 2 443 1723 1722
1726 2 2 1 2 1723 444 1724
1727 2 2 1 2 1722 1724 440
1728 2 2 1 2 1723 1724 1722
1729 2 2 1 2 33 1671 1654
1730 2 2 1 2 1671 432 1725
1731 2 2 1 2 1654 1725 426
1732 2 2 1 2 1671 1725 1654
1733 2 2 1 2 432 1677 1727
1734 2 2 1 2 1677 117 1726
1735 2 2 1 2 1727 1726 446
1736 2 2 1 2 1677 1726 1727
1737 2 2 1 2 426 1728 1657
1738 2 2 1 2 1728 446 1729
1739 2 2 1 2 1657 1729 114
1740 2 2 1 2 1728 1729 1657
1741 2 2 1 2 432 1727 1725
1742 2 2 1 2 1727 446 1728
1743 2 2 1 2 1725 1728 426
1744 2 2 1 2 1727 1728 1725
1745 2 2 1 2 117 1689 1731
1746 2 2 1 2 1689 438 1730
1747 2 2 1 2 1731 1730 447
1748 2 2 1 2 1689 1730 1731
1749 2 2 1 2 438 1695 1732
1750 2 2 1 2 1695 34 1709
1751 2 2 1 2 1732 1709 441
1752 2 2 1 2 1695 1709 1732
1753 2 2 1 2 447 1733 1734
1754 2 2 1 2 1733 441 1706
1755 2 2 1 2 1734 1706 118
1756 2 2 1 2 1733 1706 1734
1757 2 2 1 2 438 1732 1730
1758 2 2 1 2 1732 441 1733
1759 2 2 1 2 1730 1733 447
1760 2 2 1 2 1732 1733 1730
1761 2 2 1 2 114 1735 1662
1762 2 2 1 2 1735 448 1736
1763 2 2 1 2 1662 1736 429
1764 2 2 1 2 1735 1736 1662
1765 2 2 1 2 448 1737 1738
1766 2 2 1 2 1737 118 1701
1767 2 2 1 2 1738 1701 439
1768 2 2 1 2 1737 1701 1738
1769 2 2 1 2 429 1739 1665
1770 2 2 1 2 1739 439 1699
1771 2 2 1 2 1665 1699 26
1772 2 2 1 2 1739 1699 1665
1773 2 2 1 2 448 1738 1736
1774 2 2 1 2 1738 439 1739
1775 2 2 1 2 1736 1739 429
1776 2 2 1 2 1738 1739 1736
1777 2 2 1 2 117 1731 1726
1778 2 2 1 2 1731 447 1740
1779 2 2 1 2 1726 1740 446
1780 2 2 1 2 1731 1740 1726
1781 2 2 1 2 447 1734 1741
1782 2 2 1 2 1734 118 1737
1783 2 2 1 2 1741 1737 448
1784 2 2 1 2 1734 1737 1741
1785 2 2 1 2 446 1742 1729
1786 2 2 1 2 1742 448 1735
1787 2 2 1 2 1729 1735 114
1788 2 2 1 2 1742 1735 1729
1789 2 2 1 2 447 1741 1740
1790 2 2 1 2 1741 448 1742
1791 2 2 1 2 1740 1742 446
1792 2 2 1 2 1741 1742 1740
1793 2 2 1 2 10 1537 1474
1794 2 2 1 2 1537 395 1743
1795 2 2 1 2 1474 1743 378
1796 2 2 1 2 1537 1743 1474
1797 2 2 1 2 395 1543 1745
1798 2 2 1 2 1543 106 1744
1799 2 2 1 2 1745 1744 449
1800 2 2 1 2 1543 1744 1745
1801 2 2 1 2 378 1746 1477
1802 2 2 1 2 1746 449 1747
1803 2 2 1 2 1477 1747 100
1804 2 2 1 2 1746 1747 1477
1805 2 2 1 2 395 1745 1743
1806 2 2 1 2 1745 449 1746
1807 2 2 1 2 1743 1746 378
1808 2 2 1 2 1745 1746 1743
1809 2 2 1 2 106 1555 1749
1810 2 2 1 2 1555 401 1748
1811 2 2 1 2 1749 1748 451
1812 2 2 1 2 1555 1748 1749
1813 2 2 1 2 401 1561 1751
1814 2 2 1 2 1561 32 1750
1815 2 2 1 2 1751 1750 450
1816 2 2 1 2 1561 1750 1751
1817 2 2 1 2 451 1752 1754
1818 2 2 1 2 1752 450 1753
1819 2 2 1 2 1754 1753 120
1820 2 2 1 2 1752 1753 1754
1821 2 2 1 2 401 1751 1748
1822 2 2 1 2 1751 450 1752
1823 2 2 1 2 1748 1752 451
1824 2 2 1 2 1751 1752 1748
1825 2 2 1 2 100 1755 1483
1826 2 2 1 2 1755 452 1756
1827 2 2 1 2 1483 1756 381
1828 2 2 1 2 1755 1756 1483
1829 2 2 1 2 452 1757 1759
1830 2 2 1 2 1757 120 1758
1831 2 2 1 2 1759 1758 453
1832 2 2 1 2 1757 1758 1759
1833 2 2 1 2 381 1760 1486
1834 2 2 1 2 1760 453 1761
1835 2 2 1 2 1486 1761 29
1836 2 2 1 2 1760 1761 1486
1837 2 2 1 2 452 1759 1756
1838 2 2 1 2 1759 453 1760
1839 2 2 1 2 1756 1760 381
1840 2 2 1 2 1759 1760 1756
1841 2 2 1 2 106 1749 1744
1842 2 2 1 2 1749 451 1762
1843 2 2 1 2 1744 1762 449
1844 2 2 1 2 1749 1762 1744
1845 2 2 1 2 451 1754 1763
1846 2 2 1 2 1754 120 1757
1847 2 2 1 2 1763 1757 452
1848 2 2 1 2 1754 1757 1763
1849 2 2 1 2 449 1764 1747
1850 2 2 1 2 1764 452 1755
1851 2 2 1 2 1747 1755 100
1852 2 2 1 2 1764 1755 1747
1853 2 2 1 2 451 1763 1762
1854 2 2 1 2 1763 452 1764
1855 2 2 1 2 1762 1764 449
1856 2 2 1 2 1763 1764 1762
1857 2 2 1 2 32 1597 1766
1858 2 2 1 2 1597 413 1765
1859 2 2 1 2 1766 1765 455
1860 2 2 1 2 1597 1765 1766
1861 2 2 1 2 413 1603 1768
1862 2 2 1 2 1603 112 1767
1863 2 2 1 2 1768 1767 454
1864 2 2 1 2 1603 1767 1768
1865 2 2 1 2 455 1769 1771
1866 2 2 1 2 1769 454 1770
1867 2 2 1 2 1771 1770 121
1868 2 2 1 2 1769 1770 1771
1869 2 2 1 2 413 1768 1765
1870 2 2 1 2 1768 454 1769
1871 2 2 1 2 1765 1769 455
1872 2 2 1 2 1768 1769 1765
1873 2 2 1 2 112 1615 1773
1874 2 2 1 2 1615 419 1772
1875 2 2 1 2 1773 1772 456
1876 2 2 1 2 1615 1772 1773
1877 2 2 1 2 419 1621 1774
1878 2 2 1 2 1621 11 1681
1879 2 2 1 2 1774 1681 433
1880 2 2 1 2 1621 1681 1774
1881 2 2 1 2 456 1775 1776
1882 2 2 1 2 1775 433 1678
1883 2 2 1 2 1776 1678 115
1884 2 2 1 2 1775 1678 1776
1885 2 2 1 2 419 1774 1772
1886 2 2 1 2 1774 433 1775
1887 2 2 1 2 1772 1775 456
1888 2 2 1 2 1774 1775 1772
1889 2 2 1 2 121 1777 1779
1890 2 2 1 2 1777 457 1778
1891 2 2 1 2 1779 1778 458
1892 2 2 1 2 1777 1778 1779
1893 2 2 1 2 457 1780 1781
1894 2 2 1 2 1780 115 1672
1895 2 2 1 2 1781 1672 430
1896 2 2 1 2 1780 1672 1781
1897 2 2 1 2 458 1782 1783
1898 2 2 1 2 1782 430 1669
1899 2 2 1 2 1783 1669 33
1900 2 2 1 2 1782 1669 1783
1901 2 2 1 2 457 1781 1778
1902 2 2 1 2 1781 430 1782
1903 2 2 1 2 1778 1782 458
1904 2 2 1 2 1781 1782 1778
1905 2 2 1 2 112 1773 1767
1906 2 2 1 2 1773 456 1784
1907 2 2 1 2 1767 1784 454
1908 2 2 1 2 1773 1784 1767
1909 2 2 1 2 456 1776 1785
1910 2 2 1 2 1776 115 1780
1911 2 2 1 2 1785 1780 457
1912 2 2 1 2 1776 1780 1785
1913 2 2 1 2 454 1786 1770
1914 2 2 1 2 1786 457 1777
1915 2 2 1 2 1770 1777 121
1916 2 2 1 2 1786 1777 1770
1917 2 2 1 2 456 1785 1784
1918 2 2 1 2 1785 457 1786
1919 2 2 1 2 1784 1786 454
1920 2 2 1 2 1785 1786 1784
1921 2 2 1 2 29 1787 1502
1922 2 2 1 2 1787 459 1788
1923 2 2 1 2 1502 1788 386
1924 2 2 1 2 1787 1788 1502
1925 2 2 1 2 459 1789 1791
1926 2 2 1 2 1789 122 1790
1927 2 2 1 2 1791 1790 460
1928 2 2 1 2 1789 1790 1791
1929 2 2 1 2 386 1792 1505
1930 2 2 1 2 1792 460 1793
1931 2 2 1 2 1505 1793 103
1932 2 2 1 2 1792 1793 1505
1933 2 2 1 2 459 1791 1788
1934 2 2 1 2 1791 460 1792
1935 2 2 1 2 1788 1792 386
1936 2 2 1 2 1791 1792 1788
1937 2 2 1 2 122 1794 1796
1938 2 2 1 2 1794 461 1795
1939 2 2 1 2 1796 1795 462
1940 2 2 1 2 1794 1795 1796
1941 2 2 1 2 461 1797 1798
1942 2 2 1 2 1797 33 1653
1943 2 2 1 2 1798 1653 425
1944 2 2 1 2 1797 1653 1798
1945 2 2 1 2 462 1799 1800
1946 2 2 1 2 1799 425 1650
1947 2 2 1 2 1800 1650 113
1948 2 2 1 2 1799 1650 1800
1949 2 2 1 2 461 1798 1795
1950 2 2 1 2 1798 425 1799
1951 2 2 1 2 1795 1799 462
1952 2 2 1 2 1798 1799 1795
1953 2 2 1 2 103 1801 1510
1954 2 2 1 2 1801 463 1802
1955 2 2 1 2 1510 1802 389
1956 2 2 1 2 1801 1802 1510
1957 2 2 1 2 463 1803 1804
1958 2 2 1 2 1803 113 1645
1959 2 2 1 2 1804 1645 423
1960 2 2 1 2 1803 1645 1804
1961 2 2 1 2 389 1805 1513
1962 2 2 1 2 1805 423 1643
1963 2 2 1 2 1513 1643 8
1964 2 2 1 2 1805 1643 1513
1965 2 2 1 2 463 1804 1802
1966 2 2 1 2 1804 423 1805
1967 2 2 1 2 1802 1805 389
1968 2 2 1 2 1804 1805 1802
1969 2 2 1 2 122 1796 1790
1970 2 2 1 2 1796 462 1806
1971 2 2 1 2 1790 1806 460
1972 2 2 1 2 1796 1806 1790
1973 2 2 1 2 462 1800 1807
1974 2 2 1 2 1800 113 1803
1975 2 2 1 2 1807 1803 463
1976 2 2 1 2 1800 1803 1807
1977 2 2 1 2 460 1808 1793
1978 2 2 1 2 1808 463 1801
1979 2 2 1 2 1793 1801 103
1980 2 2 1 2 1808 1801 1793
1981 2 2 1 2 462 1807 1806
1982 2 2 1 2 1807 463 1808
1983 2 2 1 2 1806 1808 460
1984 2 2 1 2 1807 1808 1806
1985 2 2 1 2 32 1766 1750
1986 2 2 1 2 1766 455 1809
1987 2 2 1 2 1750 1809 450
1988 2 2 1 2 1766 1809 1750
1989 2 2 1 2 455 1771 1811
1990 2 2 1 2 1771 121 1810
1991 2 2 1 2 1811 1810 464
1992 2 2 1 2 1771 1810 1811
1993 2 2 1 2 450 1812 1753
1994 2 2 1 2 1812 464 1813
1995 2 2 1 2 1753 1813 120
1996 2 2 1 2 1812 1813 1753
1997 2 2 1 2 455 1811 1809
1998 2 2 1 2 1811 464 1812
1999 2 2 1 2 1809 1812 450
2000 2 2 1 2 1811 1812 1809
2001 2 2 1 2 121 1779 1815
2002 2 2 1 2 1779 458 1814
2003 2 2 1 2 1815 1814 465
2004 2 2 1 2 1779 1814 1815
2005 2 2 1 2 458 1783 1816
2006 2 2 1 2 1783 33 1797
2007 2 2 1 2 1816 1797 461
2008 2 2 1 2 1783 1797 1816
2009 2 2 1 2 465 1817 1818
2010 2 2 1 2 1817 461 1794
2011 2 2 1 2 1818 1794 122
2012 2 2 1 2 1817 1794 1818
2013 2 2 1 2 458 1816 1814
2014 2 2 1 2 1816 461 1817
2015 2 2 1 2 1814 1817 465
2016 2 2 1 2 1816 1817 1814
2017 2 2 1 2 120 1819 1758
2018 2 2 1 2 1819 466 1820
2019 2 2 1 2 1758 1820 453
2020 2 2 1 2 1819 1820 1758
2021 2 2 1 2 466 1821 1822
2022 2 2 1 2 1821 122 1789
2023 2 2 1 2 1822 1789 459
2024 2 2 1 2 1821 1789 1822
2025 2 2 1 2 453 1823 1761
2026 2 2 1 2 1823 459 1787
2027 2 2 1 2 1761 1787 29
2028 2 2 1 2 1823 1787 1761
2029 2 2 1 2 466 1822 1820
2030 2 2 1 2 1822 459 1823
2031 2 2 1 2 1820 1823 453
2032 2 2 1 2 1822 1823 1820
2033 2 2 1 2 121 1815 1810
2034 2 2 1 2 1815 465 1824
2035 2 2 1 2 1810 1824 464
2036 2 2 1 2 1815 1824 1810
2037 2 2 1 2 465 1818 1825
2038 2 2 1 2 1818 122 1821
2039 2 2 1 2 1825 1821 466
2040 2 2 1 2 1818 1821 1825
2041 2 2 1 2 464 1826 1813
2042 2 2 1 2 1826 466 1819
2043 2 2 1 2 1813 1819 120
2044 2 2 1 2 1826 1819 1813
2045 2 2 1 2 465 1825 1824
2046 2 2 1 2 1825 466 1826
2047 2 2 1 2 1824 1826 464
2048 2 2 1 2 1825 1826 1824
2049 2 2 1 2 4 1827 1578
2050 2 2 1 2 1827 467 1828
2051 2 2 1 2 1578 1828 406
2052 2 2 1 2 1827 1828 1578
2053 2 2 1 2 467 1829 1831
2054 2 2 1 2 1829 123 1830
2055 2 2 1 2 1831 1830 468
2056 2 2 1 2 1829 1830 1831
2057 2 2 1 2 406 1832 1581
2058 2 2 1 2 1832 468 1833
2059 2 2 1 2 1581 1833 108
2060 2 2 1 2 1832 1833 1581
2061 2 2 1 2 467 1831 1828
2062 2 2 1 2 1831 468 1832
2063 2 2 1 2 1828 1832 406
2064 2 2 1 2 1831 1832 1828
2065 2 2 1 2 123 1834 1836
2066 2 2 1 2 1834 469 1835
2067 2 2 1 2 1836 1835 471
2068 2 2 1 2 1834 1835 1836
2069 2 2 1 2 469 1837 1839
2070 2 2 1 2 1837 35 1838
2071 2 2 1 2 1839 1838 470
2072 2 2 1 2 1837 1838 1839
2073 2 2 1 2 471 1840 1842
2074 2 2 1 2 1840 470 1841
2075 2 2 1 2 1842 1841 124
2076 2 2 1 2 1840 1841 1842
2077 2 2 1 2 469 1839 1835
2078 2 2 1 2 1839 470 1840
2079 2 2 1 2 1835 1840 471
2080 2 2 1 2 1839 1840 1835
2081 2 2 1 2 108 1843 1587
2082 2 2 1 2 1843 472 1844
2083 2 2 1 2 1587 1844 409
2084 2 2 1 2 1843 1844 1587
2085 2 2 1 2 472 1845 1847
2086 2 2 1 2 1845 124 1846
2087 2 2 1 2 1847 1846 473
2088 2 2 1 2 1845 1846 1847
2089 2 2 1 2 409 1848 1590
2090 2 2 1 2 1848 473 1849
2091 2 2 1 2 1590 1849 31
2092 2 2 1 2 1848 1849 1590
2093 2 2 1 2 472 1847 1844
2094 2 2 1 2 1847 473 1848
2095 2 2 1 2 1844 1848 409
2096 2 2 1 2 1847 1848 1844
2097 2 2 1 2 123 1836 1830
2098 2 2 1 2 1836 471 1850
2099 2 2 1 2 1830 1850 468
2100 2 2 1 2 1836 1850 1830
2101 2 2 1 2 471 1842 1851
2102 2 2 1 2 1842 124 1845
2103 2 2 1 2 1851 1845 472
2104 2 2 1 2 1842 1845 1851
2105 2 2 1 2 468 1852 1833
2106 2 2 1 2 1852 472 1843
2107 2 2 1 2 1833 1843 108
2108 2 2 1 2 1852 1843 1833
2109 2 2 1 2 471 1851 1850
2110 2 2 1 2 1851 472 1852
2111 2 2 1 2 1850 1852 468
2112 2 2 1 2 1851 1852 1850
2113 2 2 1 2 35 1853 1855
2114 2 2 1 2 1853 474 1854
2115 2 2 1 2 1855 1854 476
2116 2 2 1 2 1853 1854 1855
2117 2 2 1 2 474 1856 1858
2118 2 2 1 2 1856 125 1857
2119 2 2 1 2 1858 1857 475
2120 2 2 1 2 1856 1857 1858
2121 2 2 1 2 476 1859 1861
2122 2 2 1 2 1859 475 1860
2123 2 2 1 2 1861 1860 127
2124 2 2 1 2 1859 1860 1861
2125 2 2 1 2 474 1858 1854
2126 2 2 1 2 1858 475 1859
2127 2 2 1 2 1854 1859 476
2128 2 2 1 2 1858 1859 1854
2129 2 2 1 2 125 1862 1864
2130 2 2 1 2 1862 477 1863
2131 2 2 1 2 1864 1863 479
2132 2 2 1 2 1862 1863 1864
2133 2 2 1 2 477 1865 1867
2134 2 2 1 2 1865 12 1866
2135 2 2 1 2 1867 1866 478
2136 2 2 1 2 1865 1866 1867
2137 2 2 1 2 479 1868 1870
2138 2 2 1 2 1868 478 1869
2139 2 2 1 2 1870 1869 126
2140 2 2 1 2 1868 1869 1870
2141 2 2 1 2 477 1867 1863
2142 2 2 1 2 1867 478 1868
2143 2 2 1 2 1863 1868 479
2144 2 2 1 2 1867 1868 1863
2145 2 2 1 2 127 1871 1873
2146 2 2 1 2 1871 480 1872
2147 2 2 1 2 1873 1872 482
2148 2 2 1 2 1871 1872 1873
2149 2 2 1 2 480 1874 1876
2150 2 2 1 2 1874 126 1875
2151 2 2 1 2 1876 1875 481
2152 2 2 1 2 1874 1875 1876
2153 2 2 1 2 482 1877 1879
2154 2 2 1 2 1877 481 1878
2155 2 2 1 2 1879 1878 36
2156 2 2 1 2 1877 1878 1879
2157 2 2 1 2 480 1876 1872
2158 2 2 1 2 1876 481 1877
2159 2 2 1 2 1872 1877 482
2160 2 2 1 2 1876 1877 1872
2161 2 2 1 2 125 1864 1857
2162 2 2 1 2 1864 479 1880
2163 2 2 1 2 1857 1880 475
2164 2 2 1 2 1864 1880 1857
2165 2 2 1 2 479 1870 1881
2166 2 2 1 2 1870 126 1874
2167 2 2 1 2 1881 1874 480
2168 2 2 1 2 1870 1874 1881
2169 2 2 1 2 475 1882 1860
2170 2 2 1 2 1882 480 1871
2171 2 2 1 2 1860 1871 127
2172 2 2 1 2 1882 1871 1860
2173 2 2 1 2 479 1881 1880
2174 2 2 1 2 1881 480 1882
2175 2 2 1 2 1880 1882 475
2176 2 2 1 2 1881 1882 1880
2177 2 2 1 2 31 1883 1608
2178 2 2 1 2 1883 483 1884
2179 2 2 1 2 1608 1884 415
2180 2 2 1 2 1883 1884 1608
2181 2 2 1 2 483 1885 1887
2182 2 2 1 2 1885 128 1886
2183 2 2 1 2 1887 1886 484
2184 2 2 1 2 1885 1886 1887
2185 2 2 1 2 415 1888 1611
2186 2 2 1 2 1888 484 1889
2187 2 2 1 2 1611 1889 111
2188 2 2 1 2 1888 1889 1611
2189 2 2 1 2 483 1887 1884
2190 2 2 1 2 1887 484 1888
2191 2 2 1 2 1884 1888 415
2192 2 2 1 2 1887 1888 1884
2193 2 2 1 2 128 1890 1892
2194 2 2 1 2 1890 485 1891
2195 2 2 1 2 1892 1891 487
2196 2 2 1 2 1890 1891 1892
2197 2 2 1 2 485 1893 1895
2198 2 2 1 2 1893 36 1894
2199 2 2 1 2 1895 1894 486
2200 2 2 1 2 1893 1894 1895
2201 2 2 1 2 487 1896 1898
2202 2 2 1 2 1896 486 1897
2203 2 2 1 2 1898 1897 129
2204 2 2 1 2 1896 1897 1898
2205 2 2 1 2 485 1895 1891
2206 2 2 1 2 1895 486 1896
2207 2 2 1 2 1891 1896 487
2208 2 2 1 2 1895 1896 1891
2209 2 2 1 2 111 1899 1617
2210 2 2 1 2 1899 488 1900
2211 2 2 1 2 1617 1900 418
2212 2 2 1 2 1899 1900 1617
2213 2 2 1 2 488 1901 1903
2214 2 2 1 2 1901 129 1902
2215 2 2 1 2 1903 1902 489
2216 2 2 1 2 1901 1902 1903
2217 2 2 1 2 418 1904 1620
2218 2 2 1 2 1904 489 1905
2219 2 2 1 2 1620 1905 11
2220 2 2 1 2 1904 1905 1620
2221 2 2 1 2 488 1903 1900
2222 2 2 1 2 1903 489 1904
2223 2 2 1 2 1900 1904 418
2224 2 2 1 2 1903 1904 1900
2225 2 2 1 2 128 1892 1886
2226 2 2 1 2 1892 487 1906
2227 2 2 1 2 1886 1906 484
2228 2 2 1 2 1892 1906 1886
2229 2 2 1 2 487 1898 1907
2230 2 2 1 2 1898 129 1901
2231 2 2 1 2 1907 1901 488
2232 2 2 1 2 1898 1901 1907
2233 2 2 1 2 484 1908 1889
2234 2 2 1 2 1908 488 1899
2235 2 2 1 2 1889 1899 111
2236 2 2 1 2 1908 1899 1889
2237 2 2 1 2 487 1907 1906
2238 2 2 1 2 1907 488 1908
2239 2 2 1 2 1906 1908 484
2240 2 2 1 2 1907 1908 1906
2241 2 2 1 2 35 1855 1838
2242 2 2 1 2 1855 476 1909
2243 2 2 1 2 1838 1909 470
2244 2 2 1 2 1855 1909 1838
2245 2 2 1 2 476 1861 1911
2246 2 2 1 2 1861 127 1910
2247 2 2 1 2 1911 1910 490
2248 2 2 1 2 1861 1910 1911
2249 2 2 1 2 470 1912 1841
2250 2 2 1 2 1912 490 1913
2251 2 2 1 2 1841 1913 124
2252 2 2 1 2 1912 1913 1841
2253 2 2 1 2 476 1911 1909
2254 2 2 1 2 1911 490 1912
2255 2 2 1 2 1909 1912 470
2256 2 2 1 2 1911 1912 1909
2257 2 2 1 2 127 1873 1915
2258 2 2 1 2 1873 482 1914
2259 2 2 1 2 1915 1914 491
2260 2 2 1 2 1873 1914 1915
2261 2 2 1 2 482 1879 1916
2262 2 2 1 2 1879 36 1893
2263 2 2 1 2 1916 1893 485
2264 2 2 1 2 1879 1893 1916
2265 2 2 1 2 491 1917 1918
2266 2 2 1 2 1917 485 1890
2267 2 2 1 2 1918 1890 128
2268 2 2 1 2 1917 1890 1918
2269 2 2 1 2 482 1916 1914
2270 2 2 1 2 1916 485 1917
2271 2 2 1 2 1914 1917 491
2272 2 2 1 2 1916 1917 1914
2273 2 2 1 2 124 1919 1846
2274 2 2 1 2 1919 492 1920
2275 2 2 1 2 1846 1920 473
2276 2 2 1 2 1919 1920 1846
2277 2 2 1 2 492 1921 1922
2278 2 2 1 2 1921 128 1885
2279 2 2 1 2 1922 1885 483
2280 2 2 1 2 1921 1885 1922
2281 2 2 1 2 473 1923 1849
2282 2 2 1 2 1923 483 1883
2283 2 2 1 2 1849 1883 31
2284 2 2 1 2 1923 1883 1849
2285 2 2 1 2 492 1922 1920
2286 2 2 1 2 1922 483 1923
2287 2 2 1 2 1920 1923 473
2288 2 2 1 2 1922 1923 1920
2289 2 2 1 2 127 1915 1910
2290 2 2 1 2 1915 491 1924
2291 2 2 1 2 1910 1924 490
2292 2 2 1 2 1915 1924 1910
2293 2 2 1 2 491 1918 1925
2294 2 2 1 2 1918 128 1921
2295 2 2 1 2 1925 1921 492
2296 2 2 1 2 1918 1921 1925
2297 2 2 1 2 490 1926 1913
2298 2 2 1 2 1926 492 1919
2299 2 2 1 2 1913 1919 124
2300 2 2 1 2 1926 1919 1913
2301 2 2 1 2 491 1925 1924
2302 2 2 1 2 1925 492 1926
2303 2 2 1 2 1924 1926 490
2304 2 2 1 2 1925 1926 1924
2305 2 2 1 2 12 1927 1929
2306 2 2 1 2 1927 493 1928
2307 2 2 1 2 1929 1928 495
2308 2 2 1 2 1927 1928 1929
2309 2 2 1 2 493 1930 1932
2310 2 2 1 2 1930 130 1931
2311 2 2 1 2 1932 1931 494
2312 2 2 1 2 1930 1931 1932
2313 2 2 1 2 495 1933 1935
2314 2 2 1 2 1933 494 1934
2315 2 2 1 2 1935 1934 132
2316 2 2 1 2 1933 1934 1935
2317 2 2 1 2 493 1932 1928
2318 2 2 1 2 1932 494 1933
2319 2 2 1 2 1928 1933 495
2320 2 2 1 2 1932 1933 1928
2321 2 2 1 2 130 1936 1938
2322 2 2 1 2 1936 496 1937
2323 2 2 1 2 1938 1937 498
2324 2 2 1 2 1936 1937 1938
2325 2 2 1 2 496 1939 1941
2326 2 2 1 2 1939 37 1940
2327 2 2 1 2 1941 1940 497
2328 2 2 1 2 1939 1940 1941
2329 2 2 1 2 498 1942 1944
2330 2 2 1 2 1942 497 1943
2331 2 2 1 2 1944 1943 131
2332 2 2 1 2 1942 1943 1944
2333 2 2 1 2 496 1941 1937
2334 2 2 1 2 1941 497 1942
2335 2 2 1 2 1937 1942 498
2336 2 2 1 2 1941 1942 1937
2337 2 2 1 2 132 1945 1947
2338 2 2 1 2 1945 499 1946
2339 2 2 1 2 1947 1946 501
2340 2 2 1 2 1945 1946 1947
2341 2 2 1 2 499 1948 1950
2342 2 2 1 2 1948 131 1949
2343 2 2 1 2 1950 1949 500
2344 2 2 1 2 1948 1949 1950
2345 2 2 1 2 501 1951 1953
2346 2 2 1 2 1951 500 1952
2347 2 2 1 2 1953 1952 39
2348 2 2 1 2 1951 1952 1953
2349 2 2 1 2 499 1950 1946
2350 2 2 1 2 1950 500 1951
2351 2 2 1 2 1946 1951 501
2352 2 2 1 2 1950 1951 1946
2353 2 2 1 2 130 1938 1931
2354 2 2 1 2 1938 498 1954
2355 2 2 1 2 1931 1954 494
2356 2 2 1 2 1938 1954 1931
2357 2 2 1 2 498 1944 1955
2358 2 2 1 2 1944 131 1948
2359 2 2 1 2 1955 1948 499
2360 2 2 1 2 1944 1948 1955
2361 2 2 1 2 494 1956 1934
2362 2 2 1 2 1956 499 1945
2363 2 2 1 2 1934 1945 132
2364 2 2 1 2 1956 1945 1934
2365 2 2 1 2 498 1955 1954
2366 2 2 1 2 1955 499 1956
2367 2 2 1 2 1954 1956 494
2368 2 2 1 2 1955 1956 1954
2369 2 2 1 2 37 1957 1959
2370 2 2 1 2 1957 502 1958
2371 2 2 1 2 1959 1958 504
2372 2 2 1 2 1957 1958 1959
2373 2 2 1 2 502 1960 1962
2374 2 2 1 2 1960 133 1961
2375 2 2 1 2 1962 1961 503
2376 2 2 1 2 1960 1961 1962
2377 2 2 1 2 504 1963 1965
2378 2 2 1 2 1963 503 1964
2379 2 2 1 2 1965 1964 135
2380 2 2 1 2 1963 1964 1965
2381 2 2 1 2 502 1962 1958
2382 2 2 1 2 1962 503 1963
2383 2 2 1 2 1958 1963 504
2384 2 2 1 2 1962 1963 1958
2385 2 2 1 2 133 1966 1968
2386 2 2 1 2 1966 505 1967
2387 2 2 1 2 1968 1967 507
2388 2 2 1 2 1966 1967 1968
2389 2 2 1 2 505 1969 1971
2390 2 2 1 2 1969 5 1970
2391 2 2 1 2 1971 1970 506
2392 2 2 1 2 1969 1970 1971
2393 2 2 1 2 507 1972 1974
2394 2 2 1 2 1972 506 1973
2395 2 2 1 2 1974 1973 134
2396 2 2 1 2 1972 1973 1974
2397 2 2 1 2 505 1971 1967
2398 2 2 1 2 1971 506 1972
2399 2 2 1 2 1967 1972 507
2400 2 2 1 2 1971 1972 1967
2401 2 2 1 2 135 1975 1977
2402 2 2 1 2 1975 508 1976
2403 2 2 1 2 1977 1976 510
2404 2 2 1 2 1975 1976 1977
2405 2 2 1 2 508 1978 1980
2406 2 2 1 2 1978 134 1979
2407 2 2 1 2 1980 1979 509
2408 2 2 1 2 1978 1979 1980
2409 2 2 1 2 510 1981 1983
2410 2 2 1 2 1981 509 1982
2411 2 2 1 2 1983 1982 38
2412 2 2 1 2 1981 1982 1983
2413 2 2 1 2 508 1980 1976
2414 2 2 1 2 1980 509 1981
2415 2 2 1 2 1976 1981 510
2416 2 2 1 2 1980 1981 1976
2417 2 2 1 2 133 1968 1961
2418 2 2 1 2 1968 507 1984
2419 2 2 1 2 1961 1984 503
2420 2 2 1 2 1968 1984 1961
2421 2 2 1 2 507 1974 1985
2422 2 2 1 2 1974 134 1978
2423 2 2 1 2 1985 1978 508
2424 2 2 1 2 1974 1978 1985
2425 2 2 1 2 503 1986 1964
2426 2 2 1 2 1986 508 1975
2427 2 2 1 2 1964 1975 135
2428 2 2 1 2 1986 1975 1964
2429 2 2 1 2 507 1985 1984
2430 2 2 1 2 1985 508 1986
2431 2 2 1 2 1984 1986 503
2432 2 2 1 2 1985 1986 1984
2433 2 2 1 2 39 1987 1989
2434 2 2 1 2 1987 511 1988
2435 2 2 1 2 1989 1988 513
2436 2 2 1 2 1987 1988 1989
2437 2 2 1 2 511 1990 1992
2438 2 2 1 2 1990 136 1991
2439 2 2 1 2 1992 1991 512
2440 2 2 1 2 1990 1991 1992
2441 2 2 1 2 513 1993 1995
2442 2 2 1 2 1993 512 1994
2443 2 2 1 2 1995 1994 138
2444 2 2 1 2 1993 1994 1995
2445 2 2 1 2 511 1992 1988
2446 2 2 1 2 1992 512 1993
2447 2 2 1 2 1988 1993 513
2448 2 2 1 2 1992 1993 1988
2449 2 2 1 2 136 1996 1998
2450 2 2 1 2 1996 514 1997
2451 2 2 1 2 1998 1997 516
2452 2 2 1 2 1996 1997 1998
2453 2 2 1 2 514 1999 2001
2454 2 2 1 2 1999 38 2000
2455 2 2 1 2 2001 2000 515
2456 2 2 1 2 1999 2000 2001
2457 2 2 1 2 516 2002 2004
2458 2 2 1 2 2002 515 2003
2459 2 2 1 2 2004 2003 137
2460 2 2 1 2 2002 2003 2004
2461 2 2 1 2 514 2001 1997
2462 2 2 1 2 2001 515 2002
2463 2 2 1 2 1997 2002 516
2464 2 2 1 2 2001 2002 1997
2465 2 2 1 2 138 2005 2007
2466 2 2 1 2 2005 517 2006
2467 2 2 1 2 2007 2006 519
2468 2 2 1 2 2005 2006 2007
2469 2 2 1 2 517 2008 2010
2470 2 2 1 2 2008 137 2009
2471 2 2 1 2 2010 2009 518
2472 2 2 1 2 2008 2009 2010
2473 2 2 1 2 519 2011 2013
2474 2 2 1 2 2011 518 2012
2475 2 2 1 2 2013 2012 13
2476 2 2 1 2 2011 2012 2013
2477 2 2 1 2 517 2010 2006
2478 2 2 1 2 2010 518 2011
2479 2 2 1 2 2006 2011 519
2480 2 2 1 2 2010 2011 2006
2481 2 2 1 2 136 1998 1991
2482 2 2 1 2 1998 516 2014
2483 2 2 1 2 1991 2014 512
2484 2 2 1 2 1998 2014 1991
2485 2 2 1 2 516 2004 2015
2486 2 2 1 2 2004 137 2008
2487 2 2 1 2 2015 2008 517
2488 2 2 1 2 2004 2008 2015
2489 2 2 1 2 512 2016 1994
2490 2 2 1 2 2016 517 2005
2491 2 2 1 2 1994 2005 138
2492 2 2 1 2 2016 2005 1994
2493 2 2 1 2 516 2015 2014
2494 2 2 1 2 2015 517 2016
2495 2 2 1 2 2014 2016 512
2496 2 2 1 2 2015 2016 2014
2497 2 2 1 2 37 1959 1940
2498 2 2 1 2 1959 504 2017
2499 2 2 1 2 1940 2017 497
2500 2 2 1 2 1959 2017 1940
2501 2 2 1 2 504 1965 2019
2502 2 2 1 2 1965 135 2018
2503 2 2 1 2 2019 2018 520
2504 2 2 1 2 1965 2018 2019
2505 2 2 1 2 497 2020 1943
2506 2 2 1 2 2020 520 2021
2507 2 2 1 2 1943 2021 131
2508 2 2 1 2 2020 2021 1943
2509 2 2 1 2 504 2019 2017
2510 2 2 1 2 2019 520 2020
2511 2 2 1 2 2017 2020 497
2512 2 2 1 2 2019 2020 2017
2513 2 2 1 2 135 1977 2023
2514 2 2 1 2 1977 510 2022
2515 2 2 1 2 2023 2022 521
2516 2 2 1 2 1977 2022 2023
2517 2 2 1 2 510 1983 2024
2518 2 2 1 2 1983 38 1999
2519 2 2 1 2 2024 1999 514
2520 2 2 1 2 1983 1999 2024
2521 2 2 1 2 521 2025 2026
2522 2 2 1 2 2025 514 1996
2523 2 2 1 2 2026 1996 136
2524 2 2 1 2 2025 1996 2026
2525 2 2 1 2 510 2024 2022
2526 2 2 1 2 2024 514 2025
2527 2 2 1 2 2022 2025 521
2528 2 2 1 2 2024 2025 2022
2529 2 2 1 2 131 2027 1949
2530 2 2 1 2 2027 522 2028
2531 2 2 1 2 1949 2028 500
2532 2 2 1 2 2027 2028 1949
2533 2 2 1 2 522 2029 2030
2534 2 2 1 2 2029 136 1990
2535 2 2 1 2 2030 1990 511
2536 2 2 1 2 2029 1990 2030
2537 2 2 1 2 500 2031 1952
2538 2 2 1 2 2031 511 1987
2539 2 2 1 2 1952 1987 39
2540 2 2 1 2 2031 1987 1952
2541 2 2 1 2 522 2030 2028
2542 2 2 1 2 2030 511 2031
2543 2 2 1 2 2028 2031 500
2544 2 2 1 2 2030 2031 2028
2545 2 2 1 2 135 2023 2018
2546 2 2 1 2 2023 521 2032
2547 2 2 1 2 2018 2032 520
2548 2 2 1 2 2023 2032 2018
2549 2 2 1 2 521 2026 2033
2550 2 2 1 2 2026 136 2029
2551 2 2 1 2 2033 2029 522
2552 2 2 1 2 2026 2029 2033
2553 2 2 1 2 520 2034 2021
2554 2 2 1 2 2034 522 2027
2555 2 2 1 2 2021 2027 131
2556 2 2 1 2 2034 2027 2021
2557 2 2 1 2 521 2033 2032
2558 2 2 1 2 2033 522 2034
2559 2 2 1 2 2032 2034 520
2560 2 2 1 2 2033 2034 2032
2561 2 2 1 2 11 2035 1682
2562 2 2 1 2 2035 523 2036
2563 2 2 1 2 1682 2036 434
2564 2 2 1 2 2035 2036 1682
2565 2 2 1 2 523 2037 2039
2566 2 2 1 2 2037 139 2038
2567 2 2 1 2 2039 2038 524
2568 2 2 1 2 2037 2038 2039
2569 2 2 1 2 434 2040 1685
2570 2 2 1 2 2040 524 2041
2571 2 2 1 2 1685 2041 116
2572 2 2 1 2 2040 2041 1685
2573 2 2 1 2 523 2039 2036
2574 2 2 1 2 2039 524 2040
2575 2 2 1 2 2036 2040 434
2576 2 2 1 2 2039 2040 2036
2577 2 2 1 2 139 2042 2044
2578 2 2 1 2 2042 525 2043
2579 2 2 1 2 2044 2043 527
2580 2 2 1 2 2042 2043 2044
2581 2 2 1 2 525 2045 2047
2582 2 2 1 2 2045 40 2046
2583 2 2 1 2 2047 2046 526
2584 2 2 1 2 2045 2046 2047
2585 2 2 1 2 527 2048 2050
2586 2 2 1 2 2048 526 2049
2587 2 2 1 2 2050 2049 140
2588 2 2 1 2 2048 2049 2050
2589 2 2 1 2 525 2047 2043
2590 2 2 1 2 2047 526 2048
2591 2 2 1 2 2043 2048 527
2592 2 2 1 2 2047 2048 2043
2593 2 2 1 2 116 2051 1691
2594 2 2 1 2 2051 528 2052
2595 2 2 1 2 1691 2052 437
2596 2 2 1 2 2051 2052 1691
2597 2 2 1 2 528 2053 2055
2598 2 2 1 2 2053 140 2054
2599 2 2 1 2 2055 2054 529
2600 2 2 1 2 2053 2054 2055
2601 2 2 1 2 437 2056 1694
2602 2 2 1 2 2056 529 2057
2603 2 2 1 2 1694 2057 34
2604 2 2 1 2 2056 2057 1694
2605 2 2 1 2 528 2055 2052
2606 2 2 1 2 2055 529 2056
2607 2 2 1 2 2052 2056 437
2608 2 2 1 2 2055 2056 2052
2609 2 2 1 2 139 2044 2038
2610 2 2 1 2 2044 527 2058
2611 2 2 1 2 2038 2058 524
2612 2 2 1 2 2044 2058 2038
2613 2 2 1 2 527 2050 2059
2614 2 2 1 2 2050 140 2053
2615 2 2 1 2 2059 2053 528
2616 2 2 1 2 2050 2053 2059
2617 2 2 1 2 524 2060 2041
2618 2 2 1 2 2060 528 2051
2619 2 2 1 2 2041 2051 116
2620 2 2 1 2 2060 2051 2041
2621 2 2 1 2 527 2059 2058
2622 2 2 1 2 2059 528 2060
2623 2 2 1 2 2058 2060 524
2624 2 2 1 2 2059 2060 2058
2625 2 2 1 2 40 2061 2063
2626 2 2 1 2 2061 530 2062
2627 2 2 1 2 2063 2062 532
2628 2 2 1 2 2061 2062 2063
2629 2 2 1 2 530 2064 2066
2630 2 2 1 2 2064 141 2065
2631 2 2 1 2 2066 2065 531
2632 2 2 1 2 2064 2065 2066
2633 2 2 1 2 532 2067 2069
2634 2 2 1 2 2067 531 2068
2635 2 2 1 2 2069 2068 143
2636 2 2 1 2 2067 2068 2069
2637 2 2 1 2 530 2066 2062
2638 2 2 1 2 2066 531 2067
2639 2 2 1 2 2062 2067 532
2640 2 2 1 2 2066 2067 2062
2641 2 2 1 2 141 2070 2072
2642 2 2 1 2 2070 533 2071
2643 2 2 1 2 2072 2071 535
2644 2 2 1 2 2070 2071 2072
2645 2 2 1 2 533 2073 2075
2646 2 2 1 2 2073 13 2074
2647 2 2 1 2 2075 2074 534
2648 2 2 1 2 2073 2074 2075
2649 2 2 1 2 535 2076 2078
2650 2 2 1 2 2076 534 2077
2651 2 2 1 2 2078 2077 142
2652 2 2 1 2 2076 2077 2078
2653 2 2 1 2 533 2075 2071
2654 2 2 1 2 2075 534 2076
2655 2 2 1 2 2071 2076 535
2656 2 2 1 2 2075 2076 2071
2657 2 2 1 2 143 2079 2081
2658 2 2 1 2 2079 536 2080
2659 2 2 1 2 2081 2080 538
2660 2 2 1 2 2079 2080 2081
2661 2 2 1 2 536 2082 2084
2662 2 2 1 2 2082 142 2083
2663 2 2 1 2 2084 2083 537
2664 2 2 1 2 2082 2083 2084
2665 2 2 1 2 538 2085 2087
2666 2 2 1 2 2085 537 2086
2667 2 2 1 2 2087 2086 41
2668 2 2 1 2 2085 2086 2087
2669 2 2 1 2 536 2084 2080
2670 2 2 1 2 2084 537 2085
2671 2 2 1 2 2080 2085 538
2672 2 2 1 2 2084 2085 2080
2673 2 2 1 2 141 2072 2065
2674 2 2 1 2 2072 535 2088
2675 2 2 1 2 2065 2088 531
2676 2 2 1 2 2072 2088 2065
2677 2 2 1 2 535 2078 2089
2678 2 2 1 2 2078 142 2082
2679 2 2 1 2 2089 2082 536
2680 2 2 1 2 2078 2082 2089
2681 2 2 1 2 531 2090 2068
2682 2 2 1 2 2090 536 2079
2683 2 2 1 2 2068 2079 143
2684 2 2 1 2 2090 2079 2068
2685 2 2 1 2 535 2089 2088
2686 2 2 1 2 2089 536 2090
2687 2 2 1 2 2088 2090 531
2688 2 2 1 2 2089 2090 2088
2689 2 2 1 2 34 2091 1710
2690 2 2 1 2 2091 539 2092
2691 2 2 1 2 1710 2092 442
2692 2 2 1 2 2091 2092 1710
2693 2 2 1 2 539 2093 2095
2694 2 2 1 2 2093 144 2094
2695 2 2 1 2 2095 2094 540
2696 2 2 1 2 2093 2094 2095
2697 2 2 1 2 442 2096 1713
2698 2 2 1 2 2096 540 2097
2699 2 2 1 2 1713 2097 119
2700 2 2 1 2 2096 2097 1713
2701 2 2 1 2 539 2095 2092
2702 2 2 1 2 2095 540 2096
2703 2 2 1 2 2092 2096 442
2704 2 2 1 2 2095 2096 2092
2705 2 2 1 2 144 2098 2100
2706 2 2 1 2 2098 541 2099
2707 2 2 1 2 2100 2099 543
2708 2 2 1 2 2098 2099 2100
2709 2 2 1 2 541 2101 2103
2710 2 2 1 2 2101 41 2102
2711 2 2 1 2 2103 2102 542
2712 2 2 1 2 2101 2102 2103
2713 2 2 1 2 543 2104 2106
2714 2 2 1 2 2104 542 2105
2715 2 2 1 2 2106 2105 145
2716 2 2 1 2 2104 2105 2106
2717 2 2 1 2 541 2103 2099
2718 2 2 1 2 2103 542 2104
2719 2 2 1 2 2099 2104 543
2720 2 2 1 2 2103 2104 2099
2721 2 2 1 2 119 2107 1718
2722 2 2 1 2 2107 544 2108
2723 2 2 1 2 1718 2108 445
2724 2 2 1 2 2107 2108 1718
2725 2 2 1 2 544 2109 2111
2726 2 2 1 2 2109 145 2110
2727 2 2 1 2 2111 2110 545
2728 2 2 1 2 2109 2110 2111
2729 2 2 1 2 445 2112 1721
2730 2 2 1 2 2112 545 2113
2731 2 2 1 2 1721 2113 3
2732 2 2 1 2 2112 2113 1721
2733 2 2 1 2 544 2111 2108
2734 2 2 1 2 2111 545 2112
2735 2 2 1 2 2108 2112 445
2736 2 2 1 2 2111 2112 2108
2737 2 2 1 2 144 2100 2094
2738 2 2 1 2 2100 543 2114
2739 2 2 1 2 2094 2114 540
2740 2 2 1 2 2100 2114 2094
2741 2 2 1 2 543 2106 2115
2742 2 2 1 2 2106 145 2109
2743 2 2 1 2 2115 2109 544
2744 2 2 1 2 2106 2109 2115
2745 2 2 1 2 540 2116 2097
2746 2 2 1 2 2116 544 2107
2747 2 2 1 2 2097 2107 119
2748 2 2 1 2 2116 2107 2097
2749 2 2 1 2 543 2115 2114
2750 2 2 1 2 2115 544 2116
2751 2 2 1 2 2114 2116 540
2752 2 2 1 2 2115 2116 2114
2753 2 2 1 2 40 2063 2046
2754 2 2 1 2 2063 532 2117
2755 2 2 1 2 2046 2117 526
2756 2 2 1 2 2063 2117 2046
2757 2 2 1 2 532 2069 2119
2758 2 2 1 2 2069 143 2118
2759 2 2 1 2 2119 2118 546
2760 2 2 1 2 2069 2118 2119
2761 2 2 1 2 526 2120 2049
2762 2 2 1 2 2120 546 2121
2763 2 2 1 2 2049 2121 140
2764 2 2 1 2 2120 2121 2049
2765 2 2 1 2 532 2119 2117
2766 2 2 1 2 2119 546 2120
2767 2 2 1 2 2117 2120 526
2768 2 2 1 2 2119 2120 2117
2769 2 2 1 2 143 2081 2123
2770 2 2 1 2 2081 538 2122
2771 2 2 1 2 2123 2122 547
2772 2 2 1 2 2081 2122 2123
2773 2 2 1 2 538 2087 2124
2774 2 2 1 2 2087 41 2101
2775 2 2 1 2 2124 2101 541
2776 2 2 1 2 2087 2101 2124
2777 2 2 1 2 547 2125 2126
2778 2 2 1 2 2125 541 2098
2779 2 2 1 2 2126 2098 144
2780 2 2 1 2 2125 2098 2126
2781 2 2 1 2 538 2124 2122
2782 2 2 1 2 2124 541 2125
2783 2 2 1 2 2122 2125 547
2784 2 2 1 2 2124 2125 2122
2785 2 2 1 2 140 2127 2054
2786 2 2 1 2 2127 548 2128
2787 2 2 1 2 2054 2128 529
2788 2 2 1 2 2127 2128 2054
2789 2 2 1 2 548 2129 2130
2790 2 2 1 2 2129 144 2093
2791 2 2 1 2 2130 2093 539
2792 2 2 1 2 2129 2093 2130
2793 2 2 1 2 529 2131 2057
2794 2 2 1 2 2131 539 2091
2795 2 2 1 2 2057 2091 34
2796 2 2 1 2 2131 2091 2057
2797 2 2 1 2 548 2130 2128
2798 2 2 1 2 2130 539 2131
2799 2 2 1 2 2128 2131 529
2800 2 2 1 2 2130 2131 2128
2801 2 2 1 2 143 2123 2118
2802 2 2 1 2 2123 547 2132
2803 2 2 1 2 2118 2132 546
2804 2 2 1 2 2123 2132 2118
2805 2 2 1 2 547 2126 2133
2806 2 2 1 2 2126 144 2129
2807 2 2 1 2 2133 2129 548
2808 2 2 1 2 2126 2129 2133
2809 2 2 1 2 546 2134 2121
2810 2 2 1 2 2134 548 2127
2811 2 2 1 2 2121 2127 140
2812 2 2 1 2 2134 2127 2121
2813 2 2 1 2 547 2133 2132
2814 2 2 1 2 2133 548 2134
2815 2 2 1 2 2132 2134 546
2816 2 2 1 2 2133 2134 2132
2817 2 2 1 2 12 1929 1866
2818 2 2 1 2 1929 495 2135
2819 2 2 1 2 1866 2135 478
2820 2 2 1 2 1929 2135 1866
2821 2 2 1 2 495 1935 2137
2822 2 2 1 2 1935 132 2136
2823 2 2 1 2 2137 2136 549
2824 2 2 1 2 1935 2136 2137
2825 2 2 1 2 478 2138 1869
2826 2 2 1 2 2138 549 2139
2827 2 2 1 2 1869 2139 126
2828 2 2 1 2 2138 2139 1869
2829 2 2 1 2 495 2137 2135
2830 2 2 1 2 2137 549 2138
2831 2 2 1 2 2135 2138 478
2832 2 2 1 2 2137 2138 2135
2833 2 2 1 2 132 1947 2141
2834 2 2 1 2 1947 501 2140
2835 2 2 1 2 2141 2140 551
2836 2 2 1 2 1947 2140 2141
2837 2 2 1 2 501 1953 2143
2838 2 2 1 2 1953 39 2142
2839 2 2 1 2 2143 2142 550
2840 2 2 1 2 1953 2142 2143
2841 2 2 1 2 551 2144 2146
2842 2 2 1 2 2144 550 2145
2843 2 2 1 2 2146 2145 146
2844 2 2 1 2 2144 2145 2146
2845 2 2 1 2 501 2143 2140
2846 2 2 1 2 2143 550 2144
2847 2 2 1 2 2140 2144 551
2848 2 2 1 2 2143 2144 2140
2849 2 2 1 2 126 2147 1875
2850 2 2 1 2 2147 552 2148
2851 2 2 1 2 1875 2148 481
2852 2 2 1 2 2147 2148 1875
2853 2 2 1 2 552 2149 2151
2854 2 2 1 2 2149 146 2150
2855 2 2 1 2 2151 2150 553
2856 2 2 1 2 2149 2150 2151
2857 2 2 1 2 481 2152 1878
2858 2 2 1 2 2152 553 2153
2859 2 2 1 2 1878 2153 36
2860 2 2 1 2 2152 2153 1878
2861 2 2 1 2 552 2151 2148
2862 2 2 1 2 2151 553 2152
2863 2 2 1 2 2148 2152 481
2864 2 2 1 2 2151 2152 2148
2865 2 2 1 2 132 2141 2136
2866 2 2 1 2 2141 551 2154
2867 2 2 1 2 2136 2154 549
2868 2 2 1 2 2141 2154 2136
2869 2 2 1 2 551 2146 2155
2870 2 2 1 2 2146 146 2149
2871 2 2 1 2 2155 2149 552
2872 2 2 1 2 2146 2149 2155
2873 2 2 1 2 549 2156 2139
2874 2 2 1 2 2156 552 2147
2875 2 2 1 2 2139 2147 126
2876 2 2 1 2 2156 2147 2139
2877 2 2 1 2 551 2155 2154
2878 2 2 1 2 2155 552 2156
2879 2 2 1 2 2154 2156 549
2880 2 2 1 2 2155 2156 2154
2881 2 2 1 2 39 1989 2158
2882 2 2 1 2 1989 513 2157
2883 2 2 1 2 2158 2157 555
2884 2 2 1 2 1989 2157 2158
2885 2 2 1 2 513 1995 2160
2886 2 2 1 2 1995 138 2159
2887 2 2 1 2 2160 2159 554
2888 2 2 1 2 1995 2159 2160
2889 2 2 1 2 555 2161 2163
2890 2 2 1 2 2161 554 2162
2891 2 2 1 2 2163 2162 147
2892 2 2 1 2 2161 2162 2163
2893 2 2 1 2 513 2160 2157
2894 2 2 1 2 2160 554 2161
2895 2 2 1 2 2157 2161 555
2896 2 2 1 2 2160 2161 2157
2897 2 2 1 2 138 2007 2165
2898 2 2 1 2 2007 519 2164
2899 2 2 1 2 2165 2164 556
2900 2 2 1 2 2007 2164 2165
2901 2 2 1 2 519 2013 2166
2902 2 2 1 2 2013 13 2073
2903 2 2 1 2 2166 2073 533
2904 2 2 1 2 2013 2073 2166
2905 2 2 1 2 556 2167 2168
2906 2 2 1 2 2167 533 2070
2907 2 2 1 2 2168 2070 141
2908 2 2 1 2 2167 2070 2168
2909 2 2 1 2 519 2166 2164
2910 2 2 1 2 2166 533 2167
2911 2 2 1 2 2164 2167 556
2912 2 2 1 2 2166 2167 2164
2913 2 2 1 2 147 2169 2171
2914 2 2 1 2 2169 557 2170
2915 2 2 1 2 2171 2170 558
2916 2 2 1 2 2169 2170 2171
2917 2 2 1 2 557 2172 2173
2918 2 2 1 2 2172 141 2064
2919 2 2 1 2 2173 2064 530
2920 2 2 1 2 2172 2064 2173
2921 2 2 1 2 558 2174 2175
2922 2 2 1 2 2174 530 2061
2923 2 2 1 2 2175 2061 40
2924 2 2 1 2 2174 2061 2175
2925 2 2 1 2 557 2173 2170
2926 2 2 1 2 2173 530 2174
2927 2 2 1 2 2170 2174 558
2928 2 2 1 2 2173 2174 2170
2929 2 2 1 2 138 2165 2159
2930 2 2 1 2 2165 556 2176
2931 2 2 1 2 2159 2176 554
2932 2 2 1 2 2165 2176 2159
2933 2 2 1 2 556 2168 2177
2934 2 2 1 2 2168 141 2172
2935 2 2 1 2 2177 2172 557
2936 2 2 1 2 2168 2172 2177
2937 2 2 1 2 554 2178 2162
2938 2 2 1 2 2178 557 2169
2939 2 2 1 2 2162 2169 147
2940 2 2 1 2 2178 2169 2162
2941 2 2 1 2 556 2177 2176
2942 2 2 1 2 2177 557 2178
2943 2 2 1 2 2176 2178 554
2944 2 2 1 2 2177 2178 2176
2945 2 2 1 2 36 2179 1894
2946 2 2 1 2 2179 559 2180
2947 2 2 1 2 1894 2180 486
2948 2 2 1 2 2179 2180 1894
2949 2 2 1 2 559 2181 2183
2950 2 2 1 2 2181 148 2182
2951 2 2 1 2 2183 2182 560
2952 2 2 1 2 2181 2182 2183
2953 2 2 1 2 486 2184 1897
2954 2 2 1 2 2184 560 2185
2955 2 2 1 2 1897 2185 129
2956 2 2 1 2 2184 2185 1897
2957 2 2 1 2 559 2183 2180
2958 2 2 1 2 2183 560 2184
2959 2 2 1 2 2180 2184 486
2960 2 2 1 2 2183 2184 2180
2961 2 2 1 2 148 2186 2188
2962 2 2 1 2 2186 561 2187
2963 2 2 1 2 2188 2187 562
2964 2 2 1 2 2186 2187 2188
2965 2 2 1 2 561 2189 2190
2966 2 2 1 2 2189 40 2045
2967 2 2 1 2 2190 2045 525
2968 2 2 1 2 2189 2045 2190
2969 2 2 1 2 562 2191 2192
2970 2 2 1 2 2191 525 2042
2971 2 2 1 2 2192 2042 139
2972 2 2 1 2 2191 2042 2192
2973 2 2 1 2 561 2190 2187
2974 2 2 1 2 2190 525 2191
2975 2 2 1 2 2187 2191 562
2976 2 2 1 2 2190 2191 2187
2977 2 2 1 2 129 2193 1902
2978 2 2 1 2 2193 563 2194
2979 2 2 1 2 1902 2194 489
2980 2 2 1 2 2193 2194 1902
2981 2 2 1 2 563 2195 2196
2982 2 2 1 2 2195 139 2037
2983 2 2 1 2 2196 2037 523
2984 2 2 1 2 2195 2037 2196
2985 2 2 1 2 489 2197 1905
2986 2 2 1 2 2197 523 2035
2987 2 2 1 2 1905 2035 11
2988 2 2 1 2 2197 2035 1905
2989 2 2 1 2 563 2196 2194
2990 2 2 1 2 2196 523 2197
2991 2 2 1 2 2194 2197 489
2992 2 2 1 2 2196 2197 2194
2993 2 2 1 2 148 2188 2182
2994 2 2 1 2 2188 562 2198
2995 2 2 1 2 2182 2198 560
2996 2 2 1 2 2188 2198 2182
2997 2 2 1 2 562 2192 2199
2998 2 2 1 2 2192 139 2195
2999 2 2 1 2 2199 2195 563
3000 2 2 1 2 2192 2195 2199
3001 2 2 1 2 560 2200 2185
3002 2 2 1 2 2200 563 2193
3003 2 2 1 2 2185 2193 129
3004 2 2 1 2 2200 2193 2185
3005 2 2 1 2 562 2199 2198
3006 2 2 1 2 2199 563 2200
3007 2 2 1 2 2198 2200 560
3008 2 2 1 2 2199 2200 2198
3009 2 2 1 2 39 2158 2142
3010 2 2 1 2 2158 555 2201
3011 2 2 1 2 2142 2201 550
3012 2 2 1 2 2158 2201 2142
3013 2 2 1 2 555 2163 2203
3014 2 2 1 2 2163 147 2202
3015 2 2 1 2 2203 2202 564
3016 2 2 1 2 2163 2202 2203
3017 2 2 1 2 550 2204 2145
3018 2 2 1 2 2204 564 2205
3019 2 2 1 2 2145 2205 146
3020 2 2 1 2 2204 2205 2145
3021 2 2 1 2 555 2203 2201
3022 2 2 1 2 2203 564 2204
3023 2 2 1 2 2201 2204 550
3024 2 2 1 2 2203 2204 2201
3025 2 2 1 2 147 2171 2207
3026 2 2 1 2 2171 558 2206
3027 2 2 1 2 2207 2206 565
3028 2 2 1 2 2171 2206 2207
3029 2 2 1 2 558 2175 2208
3030 2 2 1 2 2175 40 2189
3031 2 2 1 2 2208 2189 561
3032 2 2 1 2 2175 2189 2208
3033 2 2 1 2 565 2209 2210
3034 2 2 1 2 2209 561 2186
3035 2 2 1 2 2210 2186 148
3036 2 2 1 2 2209 2186 2210
3037 2 2 1 2 558 2208 2206
3038 2 2 1 2 2208 561 2209
3039 2 2 1 2 2206 2209 565
3040 2 2 1 2 2208 2209 2206
3041 2 2 1 2 146 2211 2150
3042 2 2 1 2 2211 566 2212
3043 2 2 1 2 2150 2212 553
3044 2 2 1 2 2211 2212 2150
3045 2 2 1 2 566 2213 2214
3046 2 2 1 2 2213 148 2181
3047 2 2 1 2 2214 2181 559
3048 2 2 1 2 2213 2181 2214
3049 2 2 1 2 553 2215 2153
3050 2 2 1 2 2215 559 2179
3051 2 2 1 2 2153 2179 36
3052 2 2 1 2 2215 2179 2153
3053 2 2 1 2 566 2214 2212
3054 2 2 1 2 2214 559 2215
3055 2 2 1 2 2212 2215 553
3056 2 2 1 2 2214 2215 2212
3057 2 2 1 2 147 2207 2202
3058 2 2 1 2 2207 565 2216
3059 2 2 1 2 2202 2216 564
3060 2 2 1 2 2207 2216 2202
3061 2 2 1 2 565 2210 2217
3062 2 2 1 2 2210 148 2213
3063 2 2 1 2 2217 2213 566
3064 2 2 1 2 2210 2213 2217
3065 2 2 1 2 564 2218 2205
3066 2 2 1 2 2218 566 2211
3067 2 2 1 2 2205 2211 146
3068 2 2 1 2 2218 2211 2205
3069 2 2 1 2 565 2217 2216
3070 2 2 1 2 2217 566 2218
3071 2 2 1 2 2216 2218 564
3072 2 2 1 2 2217 2218 2216
3073 2 2 1 2 5 2219 1970
3074 2 2 1 2 2219 567 2220
3075 2 2 1 2 1970 2220 506
3076 2 2 1 2 2219 2220 1970
3077 2 2 1 2 567 2221 2223
3078 2 2 1 2 2221 149 2222
3079 2 2 1 2 2223 2222 568
3080 2 2 1 2 2221 2222 2223
3081 2 2 1 2 506 2224 1973
3082 2 2 1 2 2224 568 2225
3083 2 2 1 2 1973 2225 134
3084 2 2 1 2 2224 2225 1973
3085 2 2 1 2 567 2223 2220
3086 2 2 1 2 2223 568 2224
3087 2 2 1 2 2220 2224 506
3088 2 2 1 2 2223 2224 2220
3089 2 2 1 2 149 2226 2228
3090 2 2 1 2 2226 569 2227
3091 2 2 1 2 2228 2227 571
3092 2 2 1 2 2226 2227 2228
3093 2 2 1 2 569 2229 2231
3094 2 2 1 2 2229 42 2230
3095 2 2 1 2 2231 2230 570
3096 2 2 1 2 2229 2230 2231
3097 2 2 1 2 571 2232 2234
3098 2 2 1 2 2232 570 2233
3099 2 2 1 2 2234 2233 150
3100 2 2 1 2 2232 2233 2234
3101 2 2 1 2 569 2231 2227
3102 2 2 1 2 2231 570 2232
3103 2 2 1 2 2227 2232 571
3104 2 2 1 2 2231 2232 2227
3105 2 2 1 2 134 2235 1979
3106 2 2 1 2 2235 572 2236
3107 2 2 1 2 1979 2236 509
3108 2 2 1 2 2235 2236 1979
3109 2 2 1 2 572 2237 2239
3110 2 2 1 2 2237 150 2238
3111 2 2 1 2 2239 2238 573
3112 2 2 1 2 2237 2238 2239
3113 2 2 1 2 509 2240 1982
3114 2 2 1 2 2240 573 2241
3115 2 2 1 2 1982 2241 38
3116 2 2 1 2 2240 2241 1982
3117 2 2 1 2 572 2239 2236
3118 2 2 1 2 2239 573 2240
3119 2 2 1 2 2236 2240 509
3120 2 2 1 2 2239 2240 2236
3121 2 2 1 2 149 2228 2222
3122 2 2 1 2 2228 571 2242
3123 2 2 1 2 2222 2242 568
3124 2 2 1 2 2228 2242 2222
3125 2 2 1 2 571 2234 2243
3126 2 2 1 2 2234 150 2237
3127 2 2 1 2 2243 2237 572
3128 2 2 1 2 2234 2237 2243
3129 2 2 1 2 568 2244 2225
3130 2 2 1 2 2244 572 2235
3131 2 2 1 2 2225 2235 134
3132 2 2 1 2 2244 2235 2225
3133 2 2 1 2 571 2243 2242
3134 2 2 1 2 2243 572 2244
3135 2 2 1 2 2242 2244 568
3136 2 2 1 2 2243 2244 2242
3137 2 2 1 2 42 2245 2247
3138 2 2 1 2 2245 574 2246
3139 2 2 1 2 2247 2246 576
3140 2 2 1 2 2245 2246 2247
3141 2 2 1 2 574 2248 2250
3142 2 2 1 2 2248 151 2249
3143 2 2 1 2 2250 2249 575
3144 2 2 1 2 2248 2249 2250
3145 2 2 1 2 576 2251 2253
3146 2 2 1 2 2251 575 2252
3147 2 2 1 2 2253 2252 153
3148 2 2 1 2 2251 2252 2253
3149 2 2 1 2 574 2250 2246
3150 2 2 1 2 2250 575 2251
3151 2 2 1 2 2246 2251 576
3152 2 2 1 2 2250 2251 2246
3153 2 2 1 2 151 2254 2256
3154 2 2 1 2 2254 577 2255
3155 2 2 1 2 2256 2255 579
3156 2 2 1 2 2254 2255 2256
3157 2 2 1 2 577 2257 2259
3158 2 2 1 2 2257 14 2258
3159 2 2 1 2 2259 2258 578
3160 2 2 1 2 2257 2258 2259
3161 2 2 1 2 579 2260 2262
3162 2 2 1 2 2260 578 2261
3163 2 2 1 2 2262 2261 152
3164 2 2 1 2 2260 2261 2262
3165 2 2 1 2 577 2259 2255
3166 2 2 1 2 2259 578 2260
3167 2 2 1 2 2255 2260 579
3168 2 2 1 2 2259 2260 2255
3169 2 2 1 2 153 2263 2265
3170 2 2 1 2 2263 580 2264
3171 2 2 1 2 2265 2264 582
3172 2 2 1 2 2263 2264 2265
3173 2 2 1 2 580 2266 2268
3174 2 2 1 2 2266 152 2267
3175 2 2 1 2 2268 2267 581
3176 2 2 1 2 2266 2267 2268
3177 2 2 1 2 582 2269 2271
3178 2 2 1 2 2269 581 2270
3179 2 2 1 2 2271 2270 43
3180 2 2 1 2 2269 2270 2271
3181 2 2 1 2 580 2268 2264
3182 2 2 1 2 2268 581 2269
3183 2 2 1 2 2264 2269 582
3184 2 2 1 2 2268 2269 2264
3185 2 2 1 2 151 2256 2249
3186 2 2 1 2 2256 579 2272
3187 2 2 1 2 2249 2272 575
3188 2 2 1 2 2256 2272 2249
3189 2 2 1 2 579 2262 2273
3190 2 2 1 2 2262 152 2266
3191 2 2 1 2 2273 2266 580
3192 2 2 1 2 2262 2266 2273
3193 2 2 1 2 575 2274 2252
3194 2 2 1 2 2274 580 2263
3195 2 2 1 2 2252 2263 153
3196 2 2 1 2 2274 2263 2252
3197 2 2 1 2 579 2273 2272
3198 2 2 1 2 2273 580 2274
3199 2 2 1 2 2272 2274 575
3200 2 2 1 2 2273 2274 2272
3201 2 2 1 2 38 2275 2000
3202 2 2 1 2 2275 583 2276
3203 2 2 1 2 2000 2276 515
3204 2 2 1 2 2275 2276 2000
3205 2 2 1 2 583 2277 2279
3206 2 2 1 2 2277 154 2278
3207 2 2 1 2 2279 2278 584
3208 2 2 1 2 2277 2278 2279
3209 2 2 1 2 515 2280 2003
3210 2 2 1 2 2280 584 2281
3211 2 2 1 2 2003 2281 137
3212 2 2 1 2 2280 2281 2003
3213 2 2 1 2 583 2279 2276
3214 2 2 1 2 2279 584 2280
3215 2 2 1 2 2276 2280 515
3216 2 2 1 2 2279 2280 2276
3217 2 2 1 2 154 2282 2284
3218 2 2 1 2 2282 585 2283
3219 2 2 1 2 2284 2283 587
3220 2 2 1 2 2282 2283 2284
3221 2 2 1 2 585 2285 2287
3222 2 2 1 2 2285 43 2286
3223 2 2 1 2 2287 2286 586
3224 2 2 1 2 2285 2286 2287
3225 2 2 1 2 587 2288 2290
3226 2 2 1 2 2288 586 2289
3227 2 2 1 2 2290 2289 155
3228 2 2 1 2 2288 2289 2290
3229 2 2 1 2 585 2287 2283
3230 2 2 1 2 2287 586 2288
3231 2 2 1 2 2283 2288 587
3232 2 2 1 2 2287 2288 2283
3233 2 2 1 2 137 2291 2009
3234 2 2 1 2 2291 588 2292
3235 2 2 1 2 2009 2292 518
3236 2 2 1 2 2291 2292 2009
3237 2 2 1 2 588 2293 2295
3238 2 2 1 2 2293 155 2294
3239 2 2 1 2 2295 2294 589
3240 2 2 1 2 2293 2294 2295
3241 2 2 1 2 518 2296 2012
3242 2 2 1 2 2296 589 2297
3243 2 2 1 2 2012 2297 13
3244 2 2 1 2 2296 2297 2012
3245 2 2 1 2 588 2295 2292
3246 2 2 1 2 2295 589 2296
3247 2 2 1 2 2292 2296 518
3248 2 2 1 2 2295 2296 2292
3249 2 2 1 2 154 2284 2278
3250 2 2 1 2 2284 587 2298
3251 2 2 1 2 2278 2298 584
3252 2 2 1 2 2284 2298 2278
3253 2 2 1 2 587 2290 2299
3254 2 2 1 2 2290 155 2293
3255 2 2 1 2 2299 2293 588
3256 2 2 1 2 2290 2293 2299
3257 2 2 1 2 584 2300 2281
3258 2 2 1 2 2300 588 2291
3259 2 2 1 2 2281 2291 137
3260 2 2 1 2 2300 2291 2281
3261 2 2 1 2 587 2299 2298
3262 2 2 1 2 2299 588 2300
3263 2 2 1 2 2298 2300 584
3264 2 2 1 2 2299 2300 2298
3265 2 2 1 2 42 2247 2230
3266 2 2 1 2 2247 576 2301
3267 2 2 1 2 2230 2301 570
3268 2 2 1 2 2247 2301 2230
3269 2 2 1 2 576 2253 2303
3270 2 2 1 2 2253 153 2302
3271 2 2 1 2 2303 2302 590
3272 2 2 1 2 2253 2302 2303
3273 2 2 1 2 570 2304 2233
3274 2 2 1 2 2304 590 2305
3275 2 2 1 2 2233 2305 150
3276 2 2 1 2 2304 2305 2233
3277 2 2 1 2 576 2303 2301
3278 2 2 1 2 2303 590 2304
3279 2 2 1 2 2301 2304 570
3280 2 2 1 2 2303 2304 2301
3281 2 2 1 2 153 2265 2307
3282 2 2 1 2 2265 582 2306
3283 2 2 1 2 2307 2306 591
3284 2 2 1 2 2265 2306 2307
3285 2 2 1 2 582 2271 2308
3286 2 2 1 2 2271 43 2285
3287 2 2 1 2 2308 2285 585
3288 2 2 1 2 2271 2285 2308
3289 2 2 1 2 591 2309 2310
3290 2 2 1 2 2309 585 2282
3291 2 2 1 2 2310 2282 154
3292 2 2 1 2 2309 2282 2310
3293 2 2 1 2 582 2308 2306
3294 2 2 1 2 2308 585 2309
3295 2 2 1 2 2306 2309 591
3296 2 2 1 2 2308 2309 2306
3297 2 2 1 2 150 2311 2238
3298 2 2 1 2 2311 592 2312
3299 2 2 1 2 2238 2312 573
3300 2 2 1 2 2311 2312 2238
3301 2 2 1 2 592 2313 2314
3302 2 2 1 2 2313 154 2277
3303 2 2 1 2 2314 2277 583
3304 2 2 1 2 2313 2277 2314
3305 2 2 1 2 573 2315 2241
3306 2 2 1 2 2315 583 2275
3307 2 2 1 2 2241 2275 38
3308 2 2 1 2 2315 2275 2241
3309 2 2 1 2 592 2314 2312
3310 2 2 1 2 2314 583 2315
3311 2 2 1 2 2312 2315 573
3312 2 2 1 2 2314 2315 2312
3313 2 2 1 2 153 2307 2302
3314 2 2 1 2 2307 591 2316
3315 2 2 1 2 2302 2316 590
3316 2 2 1 2 2307 2316 2302
3317 2 2 1 2 591 2310 2317
3318 2 2 1 2 2310 154 2313
3319 2 2 1 2 2317 2313 592
3320 2 2 1 2 2310 2313 2317
3321 2 2 1 2 590 2318 2305
3322 2 2 1 2 2318 592 2311
3323 2 2 1 2 2305 2311 150
3324 2 2 1 2 2318 2311 2305
3325 2 2 1 2 591 2317 2316
3326 2 2 1 2 2317 592 2318
3327 2 2 1 2 2316 2318 590
3328 2 2 1 2 2317 2318 2316
3329 2 2 1 2 14 2319 2321
3330 2 2 1 2 2319 593 2320
3331 2 2 1 2 2321 2320 595
3332 2 2 1 2 2319 2320 2321
3333 2 2 1 2 593 2322 2324
3334 2 2 1 2 2322 156 2323
3335 2 2 1 2 2324 2323 594
3336 2 2 1 2 2322 2323 2324
3337 2 2 1 2 595 2325 2327
3338 2 2 1 2 2325 594 2326
3339 2 2 1 2 2327 2326 158
3340 2 2 1 2 2325 2326 2327
3341 2 2 1 2 593 2324 2320
3342 2 2 1 2 2324 594 2325
3343 2 2 1 2 2320 2325 595
3344 2 2 1 2 2324 2325 2320
3345 2 2 1 2 156 2328 2330
3346 2 2 1 2 2328 596 2329
3347 2 2 1 2 2330 2329 598
3348 2 2 1 2 2328 2329 2330
3349 2 2 1 2 596 2331 2333
3350 2 2 1 2 2331 44 2332
3351 2 2 1 2 2333 2332 597
3352 2 2 1 2 2331 2332 2333
3353 2 2 1 2 598 2334 2336
3354 2 2 1 2 2334 597 2335
3355 2 2 1 2 2336 2335 157
3356 2 2 1 2 2334 2335 2336
3357 2 2 1 2 596 2333 2329
3358 2 2 1 2 2333 597 2334
3359 2 2 1 2 2329 2334 598
3360 2 2 1 2 2333 2334 2329
3361 2 2 1 2 158 2337 2339
3362 2 2 1 2 2337 599 2338
3363 2 2 1 2 2339 2338 601
3364 2 2 1 2 2337 2338 2339
3365 2 2 1 2 599 2340 2342
3366 2 2 1 2 2340 157 2341
3367 2 2 1 2 2342 2341 600
3368 2 2 1 2 2340 2341 2342
3369 2 2 1 2 601 2343 2345
3370 2 2 1 2 2343 600 2344
3371 2 2 1 2 2345 2344 45
3372 2 2 1 2 2343 2344 2345
3373 2 2 1 2 599 2342 2338
3374 2 2 1 2 2342 600 2343
3375 2 2 1 2 2338 2343 601
3376 2 2 1 2 2342 2343 2338
3377 2 2 1 2 156 2330 2323
3378 2 2 1 2 2330 598 2346
3379 2 2 1 2 2323 2346 594
3380 2 2 1 2 2330 2346 2323
3381 2 2 1 2 598 2336 2347
3382 2 2 1 2 2336 157 2340
3383 2 2 1 2 2347 2340 599
3384 2 2 1 2 2336 2340 2347
3385 2 2 1 2 594 2348 2326
3386 2 2 1 2 2348 599 2337
3387 2 2 1 2 2326 2337 158
3388 2 2 1 2 2348 2337 2326
3389 2 2 1 2 598 2347 2346
3390 2 2 1 2 2347 599 2348
3391 2 2 1 2 2346 2348 594
3392 2 2 1 2 2347 2348 2346
3393 2 2 1 2 44 2349 2351
3394 2 2 1 2 2349 602 2350
3395 2 2 1 2 2351 2350 604
3396 2 2 1 2 2349 2350 2351
3397 2 2 1 2 602 2352 2354
3398 2 2 1 2 2352 159 2353
3399 2 2 1 2 2354 2353 603
3400 2 2 1 2 2352 2353 2354
3401 2 2 1 2 604 2355 2357
3402 2 2 1 2 2355 603 2356
3403 2 2 1 2 2357 2356 160
3404 2 2 1 2 2355 2356 2357
3405 2 2 1 2 602 2354 2350
3406 2 2 1 2 2354 603 2355
3407 2 2 1 2 2350 2355 604
3408 2 2 1 2 2354 2355 2350
3409 2 2 1 2 159 2358 2360
3410 2 2 1 2 2358 605 2359
3411 2 2 1 2 2360 2359 606
3412 2 2 1 2 2358 2359 2360
3413 2 2 1 2 605 2361 2362
3414 2 2 1 2 2361 1 1029
3415 2 2 1 2 2362 1029 261
3416 2 2 1 2 2361 1029 2362
3417 2 2 1 2 606 2363 2364
3418 2 2 1 2 2363 261 1035
3419 2 2 1 2 2364 1035 69
3420 2 2 1 2 2363 1035 2364
3421 2 2 1 2 605 2362 2359
3422 2 2 1 2 2362 261 2363
3423 2 2 1 2 2359 2363 606
3424 2 2 1 2 2362 2363 2359
3425 2 2 1 2 160 2365 2367
3426 2 2 1 2 2365 607 2366
3427 2 2 1 2 2367 2366 608
3428 2 2 1 2 2365 2366 2367
3429 2 2 1 2 607 2368 2369
3430 2 2 1 2 2368 69 1047
3431 2 2 1 2 2369 1047 267
3432 2 2 1 2 2368 1047 2369
3433 2 2 1 2 608 2370 2371
3434 2 2 1 2 2370 267 1053
3435 2 2 1 2 2371 1053 21
3436 2 2 1 2 2370 1053 2371
3437 2 2 1 2 607 2369 2366
3438 2 2 1 2 2369 267 2370
3439 2 2 1 2 2366 2370 608
3440 2 2 1 2 2369 2370 2366
3441 2 2 1 2 159 2360 2353
3442 2 2 1 2 2360 606 2372
3443 2 2 1 2 2353 2372 603
3444 2 2 1 2 2360 2372 2353
3445 2 2 1 2 606 2364 2373
3446 2 2 1 2 2364 69 2368
3447 2 2 1 2 2373 2368 607
3448 2 2 1 2 2364 2368 2373
3449 2 2 1 2 603 2374 2356
3450 2 2 1 2 2374 607 2365
3451 2 2 1 2 2356 2365 160
3452 2 2 1 2 2374 2365 2356
3453 2 2 1 2 606 2373 2372
3454 2 2 1 2 2373 607 2374
3455 2 2 1 2 2372 2374 603
3456 2 2 1 2 2373 2374 2372
3457 2 2 1 2 45 2375 2377
3458 2 2 1 2 2375 609 2376
3459 2 2 1 2 2377 2376 611
3460 2 2 1 2 2375 2376 2377
3461 2 2 1 2 609 2378 2380
3462 2 2 1 2 2378 161 2379
3463 2 2 1 2 2380 2379 610
3464 2 2 1 2 2378 2379 2380
3465 2 2 1 2 611 2381 2383
3466 2 2 1 2 2381 610 2382
3467 2 2 1 2 2383 2382 162
3468 2 2 1 2 2381 2382 2383
3469 2 2 1 2 609 2380 2376
3470 2 2 1 2 2380 610 2381
3471 2 2 1 2 2376 2381 611
3472 2 2 1 2 2380 2381 2376
3473 2 2 1 2 161 2384 2386
3474 2 2 1 2 2384 612 2385
3475 2 2 1 2 2386 2385 613
3476 2 2 1 2 2384 2385 2386
3477 2 2 1 2 612 2387 2388
3478 2 2 1 2 2387 21 1089
3479 2 2 1 2 2388 1089 279
3480 2 2 1 2 2387 1089 2388
3481 2 2 1 2 613 2389 2390
3482 2 2 1 2 2389 279 1095
3483 2 2 1 2 2390 1095 75
3484 2 2 1 2 2389 1095 2390
3485 2 2 1 2 612 2388 2385
3486 2 2 1 2 2388 279 2389
3487 2 2 1 2 2385 2389 613
3488 2 2 1 2 2388 2389 2385
3489 2 2 1 2 162 2391 2393
3490 2 2 1 2 2391 614 2392
3491 2 2 1 2 2393 2392 615
3492 2 2 1 2 2391 2392 2393
3493 2 2 1 2 614 2394 2395
3494 2 2 1 2 2394 75 1107
3495 2 2 1 2 2395 1107 285
3496 2 2 1 2 2394 1107 2395
3497 2 2 1 2 615 2396 2397
3498 2 2 1 2 2396 285 1113
3499 2 2 1 2 2397 1113 9
3500 2 2 1 2 2396 1113 2397
3501 2 2 1 2 614 2395 2392
3502 2 2 1 2 2395 285 2396
3503 2 2 1 2 2392 2396 615
3504 2 2 1 2 2395 2396 2392
3505 2 2 1 2 161 2386 2379
3506 2 2 1 2 2386 613 2398
3507 2 2 1 2 2379 2398 610
3508 2 2 1 2 2386 2398 2379
3509 2 2 1 2 613 2390 2399
3510 2 2 1 2 2390 75 2394
3511 2 2 1 2 2399 2394 614
3512 2 2 1 2 2390 2394 2399
3513 2 2 1 2 610 2400 2382
3514 2 2 1 2 2400 614 2391
3515 2 2 1 2 2382 2391 162
3516 2 2 1 2 2400 2391 2382
3517 2 2 1 2 613 2399 2398
3518 2 2 1 2 2399 614 2400
3519 2 2 1 2 2398 2400 610
3520 2 2 1 2 2399 2400 2398
3521 2 2 1 2 44 2351 2332
3522 2 2 1 2 2351 604 2401
3523 2 2 1 2 2332 2401 597
3524 2 2 1 2 2351 2401 2332
3525 2 2 1 2 604 2357 2403
3526 2 2 1 2 2357 160 2402
3527 2 2 1 2 2403 2402 616
3528 2 2 1 2 2357 2402 2403
3529 2 2 1 2 597 2404 2335
3530 2 2 1 2 2404 616 2405
3531 2 2 1 2 2335 2405 157
3532 2 2 1 2 2404 2405 2335
3533 2 2 1 2 604 2403 2401
3534 2 2 1 2 2403 616 2404
3535 2 2 1 2 2401 2404 597
3536 2 2 1 2 2403 2404 2401
3537 2 2 1 2 160 2367 2407
3538 2 2 1 2 2367 608 2406
3539 2 2 1 2 2407 2406 617
3540 2 2 1 2 2367 2406 2407
3541 2 2 1 2 608 2371 2408
3542 2 2 1 2 2371 21 2387
3543 2 2 1 2 2408 2387 612
3544 2 2 1 2 2371 2387 2408
3545 2 2 1 2 617 2409 2410
3546 2 2 1 2 2409 612 2384
3547 2 2 1 2 2410 2384 161
3548 2 2 1 2 2409 2384 2410
3549 2 2 1 2 608 2408 2406
3550 2 2 1 2 2408 612 2409
3551 2 2 1 2 2406 2409 617
3552 2 2 1 2 2408 2409 2406
3553 2 2 1 2 157 2411 2341
3554 2 2 1 2 2411 618 2412
3555 2 2 1 2 2341 2412 600
3556 2 2 1 2 2411 2412 2341
3557 2 2 1 2 618 2413 2414
3558 2 2 1 2 2413 161 2378
3559 2 2 1 2 2414 2378 609
3560 2 2 1 2 2413 2378 2414
3561 2 2 1 2 600 2415 2344
3562 2 2 1 2 2415 609 2375
3563 2 2 1 2 2344 2375 45
3564 2 2 1 2 2415 2375 2344
3565 2 2 1 2 618 2414 2412
3566 2 2 1 2 2414 609 2415
3567 2 2 1 2 2412 2415 600
3568 2 2 1 2 2414 2415 2412
3569 2 2 1 2 160 2407 2402
3570 2 2 1 2 2407 617 2416
3571 2 2 1 2 2402 2416 616
3572 2 2 1 2 2407 2416 2402
3573 2 2 1 2 617 2410 2417
3574 2 2 1 2 2410 161 2413
3575 2 2 1 2 2417 2413 618
3576 2 2 1 2 2410 2413 2417
3577 2 2 1 2 616 2418 2405
3578 2 2 1 2 2418 618 2411
3579 2 2 1 2 2405 2411 157
3580 2 2 1 2 2418 2411 2405
3581 2 2 1 2 617 2417 2416
3582 2 2 1 2 2417 618 2418
3583 2 2 1 2 2416 2418 616
3584 2 2 1 2 2417 2418 2416
3585 2 2 1 2 13 2419 2074
3586 2 2 1 2 2419 619 2420
3587 2 2 1 2 2074 2420 534
3588 2 2 1 2 2419 2420 2074
3589 2 2 1 2 619 2421 2423
3590 2 2 1 2 2421 163 2422
3591 2 2 1 2 2423 2422 620
3592 2 2 1 2 2421 2422 2423
3593 2 2 1 2 534 2424 2077
3594 2 2 1 2 2424 620 2425
3595 2 2 1 2 2077 2425 142
3596 2 2 1 2 2424 2425 2077
3597 2 2 1 2 619 2423 2420
3598 2 2 1 2 2423 620 2424
3599 2 2 1 2 2420 2424 534
3600 2 2 1 2 2423 2424 2420
3601 2 2 1 2 163 2426 2428
3602 2 2 1 2 2426 621 2427
3603 2 2 1 2 2428 2427 623
3604 2 2 1 2 2426 2427 2428
3605 2 2 1 2 621 2429 2431
3606 2 2 1 2 2429 46 2430
3607 2 2 1 2 2431 2430 622
3608 2 2 1 2 2429 2430 2431
3609 2 2 1 2 623 2432 2434
3610 2 2 1 2 2432 622 2433
3611 2 2 1 2 2434 2433 164
3612 2 2 1 2 2432 2433 2434
3613 2 2 1 2 621 2431 2427
3614 2 2 1 2 2431 622 2432
3615 2 2 1 2 2427 2432 623
3616 2 2 1 2 2431 2432 2427
3617 2 2 1 2 142 2435 2083
3618 2 2 1 2 2435 624 2436
3619 2 2 1 2 2083 2436 537
3620 2 2 1 2 2435 2436 2083
3621 2 2 1 2 624 2437 2439
3622 2 2 1 2 2437 164 2438
3623 2 2 1 2 2439 2438 625
3624 2 2 1 2 2437 2438 2439
3625 2 2 1 2 537 2440 2086
3626 2 2 1 2 2440 625 2441
3627 2 2 1 2 2086 2441 41
3628 2 2 1 2 2440 2441 2086
3629 2 2 1 2 624 2439 2436
3630 2 2 1 2 2439 625 2440
3631 2 2 1 2 2436 2440 537
3632 2 2 1 2 2439 2440 2436
3633 2 2 1 2 163 2428 2422
3634 2 2 1 2 2428 623 2442
3635 2 2 1 2 2422 2442 620
3636 2 2 1 2 2428 2442 2422
3637 2 2 1 2 623 2434 2443
3638 2 2 1 2 2434 164 2437
3639 2 2 1 2 2443 2437 624
3640 2 2 1 2 2434 2437 2443
3641 2 2 1 2 620 2444 2425
3642 2 2 1 2 2444 624 2435
3643 2 2 1 2 2425 2435 142
3644 2 2 1 2 2444 2435 2425
3645 2 2 1 2 623 2443 2442
3646 2 2 1 2 2443 624 2444
3647 2 2 1 2 2442 2444 620
3648 2 2 1 2 2443 2444 2442
3649 2 2 1 2 46 2445 2447
3650 2 2 1 2 2445 626 2446
3651 2 2 1 2 2447 2446 628
3652 2 2 1 2 2445 2446 2447
3653 2 2 1 2 626 2448 2450
3654 2 2 1 2 2448 165 2449
3655 2 2 1 2 2450 2449 627
3656 2 2 1 2 2448 2449 2450
3657 2 2 1 2 628 2451 2453
3658 2 2 1 2 2451 627 2452
3659 2 2 1 2 2453 2452 166
3660 2 2 1 2 2451 2452 2453
3661 2 2 1 2 626 2450 2446
3662 2 2 1 2 2450 627 2451
3663 2 2 1 2 2446 2451 628
3664 2 2 1 2 2450 2451 2446
3665 2 2 1 2 165 2454 2456
3666 2 2 1 2 2454 629 2455
3667 2 2 1 2 2456 2455 630
3668 2 2 1 2 2454 2455 2456
3669 2 2 1 2 629 2457 2458
3670 2 2 1 2 2457 9 1245
3671 2 2 1 2 2458 1245 321
3672 2 2 1 2 2457 1245 2458
3673 2 2 1 2 630 2459 2460
3674 2 2 1 2 2459 321 1251
3675 2 2 1 2 2460 1251 87
3676 2 2 1 2 2459 1251 2460
3677 2 2 1 2 629 2458 2455
3678 2 2 1 2 2458 321 2459
3679 2 2 1 2 2455 2459 630
3680 2 2 1 2 2458 2459 2455
3681 2 2 1 2 166 2461 2463
3682 2 2 1 2 2461 631 2462
3683 2 2 1 2 2463 2462 632
3684 2 2 1 2 2461 2462 2463
3685 2 2 1 2 631 2464 2465
3686 2 2 1 2 2464 87 1263
3687 2 2 1 2 2465 1263 327
3688 2 2 1 2 2464 1263 2465
3689 2 2 1 2 632 2466 2467
3690 2 2 1 2 2466 327 1269
3691 2 2 1 2 2467 1269 27
3692 2 2 1 2 2466 1269 2467
3693 2 2 1 2 631 2465 2462
3694 2 2 1 2 2465 327 2466
3695 2 2 1 2 2462 2466 632
3696 2 2 1 2 2465 2466 2462
3697 2 2 1 2 165 2456 2449
3698 2 2 1 2 2456 630 2468
3699 2 2 1 2 2449 2468 627
3700 2 2 1 2 2456 2468 2449
3701 2 2 1 2 630 2460 2469
3702 2 2 1 2 2460 87 2464
3703 2 2 1 2 2469 2464 631
3704 2 2 1 2 2460 2464 2469
3705 2 2 1 2 627 2470 2452
3706 2 2 1 2 2470 631 2461
3707 2 2 1 2 2452 2461 166
3708 2 2 1 2 2470 2461 2452
3709 2 2 1 2 630 2469 2468
3710 2 2 1 2 2469 631 2470
3711 2 2 1 2 2468 2470 627
3712 2 2 1 2 2469 2470 2468
3713 2 2 1 2 41 2471 2102
3714 2 2 1 2 2471 633 2472
3715 2 2 1 2 2102 2472 542
3716 2 2 1 2 2471 2472 2102
3717 2 2 1 2 633 2473 2475
3718 2 2 1 2 2473 167 2474
3719 2 2 1 2 2475 2474 634
3720 2 2 1 2 2473 2474 2475
3721 2 2 1 2 542 2476 2105
3722 2 2 1 2 2476 634 2477
3723 2 2 1 2 2105 2477 145
3724 2 2 1 2 2476 2477 2105
3725 2 2 1 2 633 2475 2472
3726 2 2 1 2 2475 634 2476
3727 2 2 1 2 2472 2476 542
3728 2 2 1 2 2475 2476 2472
3729 2 2 1 2 167 2478 2480
3730 2 2 1 2 2478 635 2479
3731 2 2 1 2 2480 2479 636
3732 2 2 1 2 2478 2479 2480
3733 2 2 1 2 635 2481 2482
3734 2 2 1 2 2481 27 1305
3735 2 2 1 2 2482 1305 339
3736 2 2 1 2 2481 1305 2482
3737 2 2 1 2 636 2483 2484
3738 2 2 1 2 2483 339 1311
3739 2 2 1 2 2484 1311 93
3740 2 2 1 2 2483 1311 2484
3741 2 2 1 2 635 2482 2479
3742 2 2 1 2 2482 339 2483
3743 2 2 1 2 2479 2483 636
3744 2 2 1 2 2482 2483 2479
3745 2 2 1 2 145 2485 2110
3746 2 2 1 2 2485 637 2486
3747 2 2 1 2 2110 2486 545
3748 2 2 1 2 2485 2486 2110
3749 2 2 1 2 637 2487 2488
3750 2 2 1 2 2487 93 1323
3751 2 2 1 2 2488 1323 345
3752 2 2 1 2 2487 1323 2488
3753 2 2 1 2 545 2489 2113
3754 2 2 1 2 2489 345 1329
3755 2 2 1 2 2113 1329 3
3756 2 2 1 2 2489 1329 2113
3757 2 2 1 2 637 2488 2486
3758 2 2 1 2 2488 345 2489
3759 2 2 1 2 2486 2489 545
3760 2 2 1 2 2488 2489 2486
3761 2 2 1 2 167 2480 2474
3762 2 2 1 2 2480 636 2490
3763 2 2 1 2 2474 2490 634
3764 2 2 1 2 2480 2490 2474
3765 2 2 1 2 636 2484 2491
3766 2 2 1 2 2484 93 2487
3767 2 2 1 2 2491 2487 637
3768 2 2 1 2 2484 2487 2491
3769 2 2 1 2 634 2492 2477
3770 2 2 1 2 2492 637 2485
3771 2 2 1 2 2477 2485 145
3772 2 2 1 2 2492 2485 2477
3773 2 2 1 2 636 2491 2490
3774 2 2 1 2 2491 637 2492
3775 2 2 1 2 2490 2492 634
3776 2 2 1 2 2491 2492 2490
3777 2 2 1 2 46 2447 2430
3778 2 2 1 2 2447 628 2493
3779 2 2 1 2 2430 2493 622
3780 2 2 1 2 2447 2493 2430
3781 2 2 1 2 628 2453 2495
3782 2 2 1 2 2453 166 2494
3783 2 2 1 2 2495 2494 638
3784 2 2 1 2 2453 2494 2495
3785 2 2 1 2 622 2496 2433
3786 2 2 1 2 2496 638 2497
3787 2 2 1 2 2433 2497 164
3788 2 2 1 2 2496 2497 2433
3789 2 2 1 2 628 2495 2493
3790 2 2 1 2 2495 638 2496
3791 2 2 1 2 2493 2496 622
3792 2 2 1 2 2495 2496 2493
3793 2 2 1 2 166 2463 2499
3794 2 2 1 2 2463 632 2498
3795 2 2 1 2 2499 2498 639
3796 2 2 1 2 2463 2498 2499
3797 2 2 1 2 632 2467 2500
3798 2 2 1 2 2467 27 2481
3799 2 2 1 2 2500 2481 635
3800 2 2 1 2 2467 2481 2500
3801 2 2 1 2 639 2501 2502
3802 2 2 1 2 2501 635 2478
3803 2 2 1 2 2502 2478 167
3804 2 2 1 2 2501 2478 2502
3805 2 2 1 2 632 2500 2498
3806 2 2 1 2 2500 635 2501
3807 2 2 1 2 2498 2501 639
3808 2 2 1 2 2500 2501 2498
3809 2 2 1 2 164 2503 2438
3810 2 2 1 2 2503 640 2504
3811 2 2 1 2 2438 2504 625
3812 2 2 1 2 2503 2504 2438
3813 2 2 1 2 640 2505 2506
3814 2 2 1 2 2505 167 2473
3815 2 2 1 2 2506 2473 633
3816 2 2 1 2 2505 2473 2506
3817 2 2 1 2 625 2507 2441
3818 2 2 1 2 2507 633 2471
3819 2 2 1 2 2441 2471 41
3820 2 2 1 2 2507 2471 2441
3821 2 2 1 2 640 2506 2504
3822 2 2 1 2 2506 633 2507
3823 2 2 1 2 2504 2507 625
3824 2 2 1 2 2506 2507 2504
3825 2 2 1 2 166 2499 2494
3826 2 2 1 2 2499 639 2508
3827 2 2 1 2 2494 2508 638
3828 2 2 1 2 2499 2508 2494
3829 2 2 1 2 639 2502 2509
3830 2 2 1 2 2502 167 2505
3831 2 2 1 2 2509 2505 640
3832 2 2 1 2 2502 2505 2509
3833 2 2 1 2 638 2510 2497
3834 2 2 1 2 2510 640 2503
3835 2 2 1 2 2497 2503 164
3836 2 2 1 2 2510 2503 2497
3837 2 2 1 2 639 2509 2508
3838 2 2 1 2 2509 640 2510
3839 2 2 1 2 2508 2510 638
3840 2 2 1 2 2509 2510 2508
3841 2 2 1 2 14 2321 2258
3842 2 2 1 2 2321 595 2511
3843 2 2 1 2 2258 2511 578
3844 2 2 1 2 2321 2511 2258
3845 2 2 1 2 595 2327 2513
3846 2 2 1 2 2327 158 2512
3847 2 2 1 2 2513 2512 641
3848 2 2 1 2 2327 2512 2513
3849 2 2 1 2 578 2514 2261
3850 2 2 1 2 2514 641 2515
3851 2 2 1 2 2261 2515 152
3852 2 2 1 2 2514 2515 2261
3853 2 2 1 2 595 2513 2511
3854 2 2 1 2 2513 641 2514
3855 2 2 1 2 2511 2514 578
3856 2 2 1 2 2513 2514 2511
3857 2 2 1 2 158 2339 2517
3858 2 2 1 2 2339 601 2516
3859 2 2 1 2 2517 2516 643
3860 2 2 1 2 2339 2516 2517
3861 2 2 1 2 601 2345 2519
3862 2 2 1 2 2345 45 2518
3863 2 2 1 2 2519 2518 642
3864 2 2 1 2 2345 2518 2519
3865 2 2 1 2 643 2520 2522
3866 2 2 1 2 2520 642 2521
3867 2 2 1 2 2522 2521 168
3868 2 2 1 2 2520 2521 2522
3869 2 2 1 2 601 2519 2516
3870 2 2 1 2 2519 642 2520
3871 2 2 1 2 2516 2520 643
3872 2 2 1 2 2519 2520 2516
3873 2 2 1 2 152 2523 2267
3874 2 2 1 2 2523 644 2524
3875 2 2 1 2 2267 2524 581
3876 2 2 1 2 2523 2524 2267
3877 2 2 1 2 644 2525 2527
3878 2 2 1 2 2525 168 2526
3879 2 2 1 2 2527 2526 645
3880 2 2 1 2 2525 2526 2527
3881 2 2 1 2 581 2528 2270
3882 2 2 1 2 2528 645 2529
3883 2 2 1 2 2270 2529 43
3884 2 2 1 2 2528 2529 2270
3885 2 2 1 2 644 2527 2524
3886 2 2 1 2 2527 645 2528
3887 2 2 1 2 2524 2528 581
3888 2 2 1 2 2527 2528 2524
3889 2 2 1 2 158 2517 2512
3890 2 2 1 2 2517 643 2530
3891 2 2 1 2 2512 2530 641
3892 2 2 1 2 2517 2530 2512
3893 2 2 1 2 643 2522 2531
3894 2 2 1 2 2522 168 2525
3895 2 2 1 2 2531 2525 644
3896 2 2 1 2 2522 2525 2531
3897 2 2 1 2 641 2532 2515
3898 2 2 1 2 2532 644 2523
3899 2 2 1 2 2515 2523 152
3900 2 2 1 2 2532 2523 2515
3901 2 2 1 2 643 2531 2530
3902 2 2 1 2 2531 644 2532
3903 2 2 1 2 2530 2532 641
3904 2 2 1 2 2531 2532 2530
3905 2 2 1 2 45 2377 2534
3906 2 2 1 2 2377 611 2533
3907 2 2 1 2 2534 2533 647
3908 2 2 1 2 2377 2533 2534
3909 2 2 1 2 611 2383 2536
3910 2 2 1 2 2383 162 2535
3911 2 2 1 2 2536 2535 646
3912 2 2 1 2 2383 2535 2536
3913 2 2 1 2 647 2537 2539
3914 2 2 1 2 2537 646 2538
3915 2 2 1 2 2539 2538 169
3916 2 2 1 2 2537 2538 2539
3917 2 2 1 2 611 2536 2533
3918 2 2 1 2 2536 646 2537
3919 2 2 1 2 2533 2537 647
3920 2 2 1 2 2536 2537 2533
3921 2 2 1 2 162 2393 2541
3922 2 2 1 2 2393 615 2540
3923 2 2 1 2 2541 2540 648
3924 2 2 1 2 2393 2540 2541
3925 2 2 1 2 615 2397 2542
3926 2 2 1 2 2397 9 2457
3927 2 2 1 2 2542 2457 629
3928 2 2 1 2 2397 2457 2542
3929 2 2 1 2 648 2543 2544
3930 2 2 1 2 2543 629 2454
3931 2 2 1 2 2544 2454 165
3932 2 2 1 2 2543 2454 2544
3933 2 2 1 2 615 2542 2540
3934 2 2 1 2 2542 629 2543
3935 2 2 1 2 2540 2543 648
3936 2 2 1 2 2542 2543 2540
3937 2 2 1 2 169 2545 2547
3938 2 2 1 2 2545 649 2546
3939 2 2 1 2 2547 2546 650
3940 2 2 1 2 2545 2546 2547
3941 2 2 1 2 649 2548 2549
3942 2 2 1 2 2548 165 2448
3943 2 2 1 2 2549 2448 626
3944 2 2 1 2 2548 2448 2549
3945 2 2 1 2 650 2550 2551
3946 2 2 1 2 2550 626 2445
3947 2 2 1 2 2551 2445 46
3948 2 2 1 2 2550 2445 2551
3949 2 2 1 2 649 2549 2546
3950 2 2 1 2 2549 626 2550
3951 2 2 1 2 2546 2550 650
3952 2 2 1 2 2549 2550 2546
3953 2 2 1 2 162 2541 2535
3954 2 2 1 2 2541 648 2552
3955 2 2 1 2 2535 2552 646
3956 2 2 1 2 2541 2552 2535
3957 2 2 1 2 648 2544 2553
3958 2 2 1 2 2544 165 2548
3959 2 2 1 2 2553 2548 649
3960 2 2 1 2 2544 2548 2553
3961 2 2 1 2 646 2554 2538
3962 2 2 1 2 2554 649 2545
3963 2 2 1 2 2538 2545 169
3964 2 2 1 2 2554 2545 2538
3965 2 2 1 2 648 2553 2552
3966 2 2 1 2 2553 649 2554
3967 2 2 1 2 2552 2554 646
3968 2 2 1 2 2553 2554 2552
3969 2 2 1 2 43 2555 2286
3970 2 2 1 2 2555 651 2556
3971 2 2 1 2 2286 2556 586
3972 2 2 1 2 2555 2556 2286
3973 2 2 1 2 651 2557 2559
3974 2 2 1 2 2557 170 2558
3975 2 2 1 2 2559 2558 652
3976 2 2 1 2 2557 2558 2559
3977 2 2 1 2 586 2560 2289
3978 2 2 1 2 2560 652 2561
3979 2 2 1 2 2289 2561 155
3980 2 2 1 2 2560 2561 2289
3981 2 2 1 2 651 2559 2556
3982 2 2 1 2 2559 652 2560
3983 2 2 1 2 2556 2560 586
3984 2 2 1 2 2559 2560 2556
3985 2 2 1 2 170 2562 2564
3986 2 2 1 2 2562 653 2563
3987 2 2 1 2 2564 2563 654
3988 2 2 1 2 2562 2563 2564
3989 2 2 1 2 653 2565 2566
3990 2 2 1 2 2565 46 2429
3991 2 2 1 2 2566 2429 621
3992 2 2 1 2 2565 2429 2566
3993 2 2 1 2 654 2567 2568
3994 2 2 1 2 2567 621 2426
3995 2 2 1 2 2568 2426 163
3996 2 2 1 2 2567 2426 2568
3997 2 2 1 2 653 2566 2563
3998 2 2 1 2 2566 621 2567
3999 2 2 1 2 2563 2567 654
4000 2 2 1 2 2566 2567 2563
4001 2 2 1 2 155 2569 2294
4002 2 2 1 2 2569 655 2570
4003 2 2 1 2 2294 2570 589
4004 2 2 1 2 2569 2570 2294
4005 2 2 1 2 655 2571 2572
4006 2 2 1 2 2571 163 2421
4007 2 2 1 2 2572 2421 619
4008 2 2 1 2 2571 2421 2572
4009 2 2 1 2 589 2573 2297
4010 2 2 1 2 2573 619 2419
4011 2 2 1 2 2297 2419 13
4012 2 2 1 2 2573 2419 2297
4013 2 2 1 2 655 2572 2570
4014 2 2 1 2 2572 619 2573
4015 2 2 1 2 2570 2573 589
4016 2 2 1 2 2572 2573 2570
4017 2 2 1 2 170 2564 2558
4018 2 2 1 2 2564 654 2574
4019 2 2 1 2 2558 2574 652
4020 2 2 1 2 2564 2574 2558
4021 2 2 1 2 654 2568 2575
4022 2 2 1 2 2568 163 2571
4023 2 2 1 2 2575 2571 655
4024 2 2 1 2 2568 2571 2575
4025 2 2 1 2 652 2576 2561
4026 2 2 1 2 2576 655 2569
4027 2 2 1 2 2561 2569 155
4028 2 2 1 2 2576 2569 2561
4029 2 2 1 2 654 2575 2574
4030 2 2 1 2 2575 655 2576
4031 2 2 1 2 2574 2576 652
4032 2 2 1 2 2575 2576 2574
4033 2 2 1 2 45 2534 2518
4034 2 2 1 2 2534 647 2577
4035 2 2 1 2 2518 2577 642
4036 2 2 1 2 2534 2577 2518
4037 2 2 1 2 647 2539 2579
4038 2 2 1 2 2539 169 2578
4039 2 2 1 2 2579 2578 656
4040 2 2 1 2 2539 2578 2579
4041 2 2 1 2 642 2580 2521
4042 2 2 1 2 2580 656 2581
4043 2 2 1 2 2521 2581 168
4044 2 2 1 2 2580 2581 2521
4045 2 2 1 2 647 2579 2577
4046 2 2 1 2 2579 656 2580
4047 2 2 1 2 2577 2580 642
4048 2 2 1 2 2579 2580 2577
4049 2 2 1 2 169 2547 2583
4050 2 2 1 2 2547 650 2582
4051 2 2 1 2 2583 2582 657
4052 2 2 1 2 2547 2582 2583
4053 2 2 1 2 650 2551 2584
4054 2 2 1 2 2551 46 2565
4055 2 2 1 2 2584 2565 653
4056 2 2 1 2 2551 2565 2584
4057 2 2 1 2 657 2585 2586
4058 2 2 1 2 2585 653 2562
4059 2 2 1 2 2586 2562 170
4060 2 2 1 2 2585 2562 2586
4061 2 2 1 2 650 2584 2582
4062 2 2 1 2 2584 653 2585
4063 2 2 1 2 2582 2585 657
4064 2 2 1 2 2584 2585 2582
4065 2 2 1 2 168 2587 2526
4066 2 2 1 2 2587 658 2588
4067 2 2 1 2 2526 2588 645
4068 2 2 1 2 2587 2588 2526
4069 2 2 1 2 658 2589 2590
4070 2 2 1 2 2589 170 2557
4071 2 2 1 2 2590 2557 651
4072 2 2 1 2 2589 2557 2590
4073 2 2 1 2 645 2591 2529
4074 2 2 1 2 2591 651 2555
4075 2 2 1 2 2529 2555 43
4076 2 2 1 2 2591 2555 2529
4077 2 2 1 2 658 2590 2588
4078 2 2 1 2 2590 651 2591
4079 2 2 1 2 2588 2591 645
4080 2 2 1 2 2590 2591 2588
4081 2 2 1 2 169 2583 2578
4082 2 2 1 2 2583 657 2592
4083 2 2 1 2 2578 2592 656
4084 2 2 1 2 2583 2592 2578
4085 2 2 1 2 657 2586 2593
4086 2 2 1 2 2586 170 2589
4087 2 2 1 2 2593 2589 658
4088 2 2 1 2 2586 2589 2593
4089 2 2 1 2 656 2594 2581
4090 2 2 1 2 2594 658 2587
4091 2 2 1 2 2581 2587 168
4092 2 2 1 2 2594 2587 2581
4093 2 2 1 2 657 2593 2592
4094 2 2 1 2 2593 658 2594
4095 2 2 1 2 2592 2594 656
4096 2 2 1 2 2593 2594 2592
4097 2 2 1 2 5 2595 2219
4098 2 2 1 2 2595 659 2596
4099 2 2 1 2 2219 2596 567
4100 2 2 1 2 2595 2596 2219
4101 2 2 1 2 659 2597 2599
4102 2 2 1 2 2597 171 2598
4103 2 2 1 2 2599 2598 660
4104 2 2 1 2 2597 2598 2599
4105 2 2 1 2 567 2600 2221
4106 2 2 1 2 2600 660 2601
4107 2 2 1 2 2221 2601 149
4108 2 2 1 2 2600 2601 2221
4109 2 2 1 2 659 2599 2596
4110 2 2 1 2 2599 660 2600
4111 2 2 1 2 2596 2600 567
4112 2 2 1 2 2599 2600 2596
4113 2 2 1 2 171 2602 2604
4114 2 2 1 2 2602 661 2603
4115 2 2 1 2 2604 2603 663
4116 2 2 1 2 2602 2603 2604
4117 2 2 1 2 661 2605 2607
4118 2 2 1 2 2605 47 2606
4119 2 2 1 2 2607 2606 662
4120 2 2 1 2 2605 2606 2607
4121 2 2 1 2 663 2608 2610
4122 2 2 1 2 2608 662 2609
4123 2 2 1 2 2610 2609 172
4124 2 2 1 2 2608 2609 2610
4125 2 2 1 2 661 2607 2603
4126 2 2 1 2 2607 662 2608
4127 2 2 1 2 2603 2608 663
4128 2 2 1 2 2607 2608 2603
4129 2 2 1 2 149 2611 2226
4130 2 2 1 2 2611 664 2612
4131 2 2 1 2 2226 2612 569
4132 2 2 1 2 2611 2612 2226
4133 2 2 1 2 664 2613 2615
4134 2 2 1 2 2613 172 2614
4135 2 2 1 2 2615 2614 665
4136 2 2 1 2 2613 2614 2615
4137 2 2 1 2 569 2616 2229
4138 2 2 1 2 2616 665 2617
4139 2 2 1 2 2229 2617 42
4140 2 2 1 2 2616 2617 2229
4141 2 2 1 2 664 2615 2612
4142 2 2 1 2 2615 665 2616
4143 2 2 1 2 2612 2616 569
4144 2 2 1 2 2615 2616 2612
4145 2 2 1 2 171 2604 2598
4146 2 2 1 2 2604 663 2618
4147 2 2 1 2 2598 2618 660
4148 2 2 1 2 2604 2618 2598
4149 2 2 1 2 663 2610 2619
4150 2 2 1 2 2610 172 2613
4151 2 2 1 2 2619 2613 664
4152 2 2 1 2 2610 2613 2619
4153 2 2 1 2 660 2620 2601
4154 2 2 1 2 2620 664 2611
4155 2 2 1 2 2601 2611 149
4156 2 2 1 2 2620 2611 2601
4157 2 2 1 2 663 2619 2618
4158 2 2 1 2 2619 664 2620
4159 2 2 1 2 2618 2620 660
4160 2 2 1 2 2619 2620 2618
4161 2 2 1 2 47 2621 2623
4162 2 2 1 2 2621 666 2622
4163 2 2 1 2 2623 2622 668
4164 2 2 1 2 2621 2622 2623
4165 2 2 1 2 666 2624 2626
4166 2 2 1 2 2624 173 2625
4167 2 2 1 2 2626 2625 667
4168 2 2 1 2 2624 2625 2626
4169 2 2 1 2 668 2627 2629
4170 2 2 1 2 2627 667 2628
4171 2 2 1 2 2629 2628 175
4172 2 2 1 2 2627 2628 2629
4173 2 2 1 2 666 2626 2622
4174 2 2 1 2 2626 667 2627
4175 2 2 1 2 2622 2627 668
4176 2 2 1 2 2626 2627 2622
4177 2 2 1 2 173 2630 2632
4178 2 2 1 2 2630 669 2631
4179 2 2 1 2 2632 2631 671
4180 2 2 1 2 2630 2631 2632
4181 2 2 1 2 669 2633 2635
4182 2 2 1 2 2633 15 2634
4183 2 2 1 2 2635 2634 670
4184 2 2 1 2 2633 2634 2635
4185 2 2 1 2 671 2636 2638
4186 2 2 1 2 2636 670 2637
4187 2 2 1 2 2638 2637 174
4188 2 2 1 2 2636 2637 2638
4189 2 2 1 2 669 2635 2631
4190 2 2 1 2 2635 670 2636
4191 2 2 1 2 2631 2636 671
4192 2 2 1 2 2635 2636 2631
4193 2 2 1 2 175 2639 2641
4194 2 2 1 2 2639 672 2640
4195 2 2 1 2 2641 2640 674
4196 2 2 1 2 2639 2640 2641
4197 2 2 1 2 672 2642 2644
4198 2 2 1 2 2642 174 2643
4199 2 2 1 2 2644 2643 673
4200 2 2 1 2 2642 2643 2644
4201 2 2 1 2 674 2645 2647
4202 2 2 1 2 2645 673 2646
4203 2 2 1 2 2647 2646 48
4204 2 2 1 2 2645 2646 2647
4205 2 2 1 2 672 2644 2640
4206 2 2 1 2 2644 673 2645
4207 2 2 1 2 2640 2645 674
4208 2 2 1 2 2644 2645 2640
4209 2 2 1 2 173 2632 2625
4210 2 2 1 2 2632 671 2648
4211 2 2 1 2 2625 2648 667
4212 2 2 1 2 2632 2648 2625
4213 2 2 1 2 671 2638 2649
4214 2 2 1 2 2638 174 2642
4215 2 2 1 2 2649 2642 672
4216 2 2 1 2 2638 2642 2649
4217 2 2 1 2 667 2650 2628
4218 2 2 1 2 2650 672 2639
4219 2 2 1 2 2628 2639 175
4220 2 2 1 2 2650 2639 2628
4221 2 2 1 2 671 2649 2648
4222 2 2 1 2 2649 672 2650
4223 2 2 1 2 2648 2650 667
4224 2 2 1 2 2649 2650 2648
4225 2 2 1 2 42 2651 2245
4226 2 2 1 2 2651 675 2652
4227 2 2 1 2 2245 2652 574
4228 2 2 1 2 2651 2652 2245
4229 2 2 1 2 675 2653 2655
4230 2 2 1 2 2653 176 2654
4231 2 2 1 2 2655 2654 676
4232 2 2 1 2 2653 2654 2655
4233 2 2 1 2 574 2656 2248
4234 2 2 1 2 2656 676 2657
4235 2 2 1 2 2248 2657 151
4236 2 2 1 2 2656 2657 2248
4237 2 2 1 2 675 2655 2652
4238 2 2 1 2 2655 676 2656
4239 2 2 1 2 2652 2656 574
4240 2 2 1 2 2655 2656 2652
4241 2 2 1 2 176 2658 2660
4242 2 2 1 2 2658 677 2659
4243 2 2 1 2 2660 2659 679
4244 2 2 1 2 2658 2659 2660
4245 2 2 1 2 677 2661 2663
4246 2 2 1 2 2661 48 2662
4247 2 2 1 2 2663 2662 678
4248 2 2 1 2 2661 2662 2663
4249 2 2 1 2 679 2664 2666
4250 2 2 1 2 2664 678 2665
4251 2 2 1 2 2666 2665 177
4252 2 2 1 2 2664 2665 2666
4253 2 2 1 2 677 2663 2659
4254 2 2 1 2 2663 678 2664
4255 2 2 1 2 2659 2664 679
4256 2 2 1 2 2663 2664 2659
4257 2 2 1 2 151 2667 2254
4258 2 2 1 2 2667 680 2668
4259 2 2 1 2 2254 2668 577
4260 2 2 1 2 2667 2668 2254
4261 2 2 1 2 680 2669 2671
4262 2 2 1 2 2669 177 2670
4263 2 2 1 2 2671 2670 681
4264 2 2 1 2 2669 2670 2671
4265 2 2 1 2 577 2672 2257
4266 2 2 1 2 2672 681 2673
4267 2 2 1 2 2257 2673 14
4268 2 2 1 2 2672 2673 2257
4269 2 2 1 2 680 2671 2668
4270 2 2 1 2 2671 681 2672
4271 2 2 1 2 2668 2672 577
4272 2 2 1 2 2671 2672 2668
4273 2 2 1 2 176 2660 2654
4274 2 2 1 2 2660 679 2674
4275 2 2 1 2 2654 2674 676
4276 2 2 1 2 2660 2674 2654
4277 2 2 1 2 679 2666 2675
4278 2 2 1 2 2666 177 2669
4279 2 2 1 2 2675 2669 680
4280 2 2 1 2 2666 2669 2675
4281 2 2 1 2 676 2676 2657
4282 2 2 1 2 2676 680 2667
4283 2 2 1 2 2657 2667 151
4284 2 2 1 2 2676 2667 2657
4285 2 2 1 2 679 2675 2674
4286 2 2 1 2 2675 680 2676
4287 2 2 1 2 2674 2676 676
4288 2 2 1 2 2675 2676 2674
4289 2 2 1 2 47 2623 2606
4290 2 2 1 2 2623 668 2677
4291 2 2 1 2 2606 2677 662
4292 2 2 1 2 2623 2677 2606
4293 2 2 1 2 668 2629 2679
4294 2 2 1 2 2629 175 2678
4295 2 2 1 2 2679 2678 682
4296 2 2 1 2 2629 2678 2679
4297 2 2 1 2 662 2680 2609
4298 2 2 1 2 2680 682 2681
4299 2 2 1 2 2609 2681 172
4300 2 2 1 2 2680 2681 2609
4301 2 2 1 2 668 2679 2677
4302 2 2 1 2 2679 682 2680
4303 2 2 1 2 2677 2680 662
4304 2 2 1 2 2679 2680 2677
4305 2 2 1 2 175 2641 2683
4306 2 2 1 2 2641 674 2682
4307 2 2 1 2 2683 2682 683
4308 2 2 1 2 2641 2682 2683
4309 2 2 1 2 674 2647 2684
4310 2 2 1 2 2647 48 2661
4311 2 2 1 2 2684 2661 677
4312 2 2 1 2 2647 2661 2684
4313 2 2 1 2 683 2685 2686
4314 2 2 1 2 2685 677 2658
4315 2 2 1 2 2686 2658 176
4316 2 2 1 2 2685 2658 2686
4317 2 2 1 2 674 2684 2682
4318 2 2 1 2 2684 677 2685
4319 2 2 1 2 2682 2685 683
4320 2 2 1 2 2684 2685 2682
4321 2 2 1 2 172 2687 2614
4322 2 2 1 2 2687 684 2688
4323 2 2 1 2 2614 2688 665
4324 2 2 1 2 2687 2688 2614
4325 2 2 1 2 684 2689 2690
4326 2 2 1 2 2689 176 2653
4327 2 2 1 2 2690 2653 675
4328 2 2 1 2 2689 2653 2690
4329 2 2 1 2 665 2691 2617
4330 2 2 1 2 2691 675 2651
4331 2 2 1 2 2617 2651 42
4332 2 2 1 2 2691 2651 2617
4333 2 2 1 2 684 2690 2688
4334 2 2 1 2 2690 675 2691
4335 2 2 1 2 2688 2691 665
4336 2 2 1 2 2690 2691 2688
4337 2 2 1 2 175 2683 2678
4338 2 2 1 2 2683 683 2692
4339 2 2 1 2 2678 2692 682
4340 2 2 1 2 2683 2692 2678
4341 2 2 1 2 683 2686 2693
4342 2 2 1 2 2686 176 2689
4343 2 2 1 2 2693 2689 684
4344 2 2 1 2 2686 2689 2693
4345 2 2 1 2 682 2694 2681
4346 2 2 1 2 2694 684 2687
4347 2 2 1 2 2681 2687 172
4348 2 2 1 2 2694 2687 2681
4349 2 2 1 2 683 2693 2692
4350 2 2 1 2 2693 684 2694
4351 2 2 1 2 2692 2694 682
4352 2 2 1 2 2693 2694 2692
4353 2 2 1 2 15 2695 2697
4354 2 2 1 2 2695 685 2696
4355 2 2 1 2 2697 2696 687
4356 2 2 1 2 2695 2696 2697
4357 2 2 1 2 685 2698 2700
4358 2 2 1 2 2698 178 2699
4359 2 2 1 2 2700 2699 686
4360 2 2 1 2 2698 2699 2700
4361 2 2 1 2 687 2701 2703
4362 2 2 1 2 2701 686 2702
4363 2 2 1 2 2703 2702 180
4364 2 2 1 2 2701 2702 2703
4365 2 2 1 2 685 2700 2696
4366 2 2 1 2 2700 686 2701
4367 2 2 1 2 2696 2701 687
4368 2 2 1 2 2700 2701 2696
4369 2 2 1 2 178 2704 2706
4370 2 2 1 2 2704 688 2705
4371 2 2 1 2 2706 2705 690
4372 2 2 1 2 2704 2705 2706
4373 2 2 1 2 688 2707 2709
4374 2 2 1 2 2707 49 2708
4375 2 2 1 2 2709 2708 689
4376 2 2 1 2 2707 2708 2709
4377 2 2 1 2 690 2710 2712
4378 2 2 1 2 2710 689 2711
4379 2 2 1 2 2712 2711 179
4380 2 2 1 2 2710 2711 2712
4381 2 2 1 2 688 2709 2705
4382 2 2 1 2 2709 689 2710
4383 2 2 1 2 2705 2710 690
4384 2 2 1 2 2709 2710 2705
4385 2 2 1 2 180 2713 2715
4386 2 2 1 2 2713 691 2714
4387 2 2 1 2 2715 2714 693
4388 2 2 1 2 2713 2714 2715
4389 2 2 1 2 691 2716 2718
4390 2 2 1 2 2716 179 2717
4391 2 2 1 2 2718 2717 692
4392 2 2 1 2 2716 2717 2718
4393 2 2 1 2 693 2719 2721
4394 2 2 1 2 2719 692 2720
4395 2 2 1 2 2721 2720 51
4396 2 2 1 2 2719 2720 2721
4397 2 2 1 2 691 2718 2714
4398 2 2 1 2 2718 692 2719
4399 2 2 1 2 2714 2719 693
4400 2 2 1 2 2718 2719 2714
4401 2 2 1 2 178 2706 2699
4402 2 2 1 2 2706 690 2722
4403 2 2 1 2 2699 2722 686
4404 2 2 1 2 2706 2722 2699
4405 2 2 1 2 690 2712 2723
4406 2 2 1 2 2712 179 2716
4407 2 2 1 2 2723 2716 691
4408 2 2 1 2 2712 2716 2723
4409 2 2 1 2 686 2724 2702
4410 2 2 1 2 2724 691 2713
4411 2 2 1 2 2702 2713 180
4412 2 2 1 2 2724 2713 2702
4413 2 2 1 2 690 2723 2722
4414 2 2 1 2 2723 691 2724
4415 2 2 1 2 2722 2724 686
4416 2 2 1 2 2723 2724 2722
4417 2 2 1 2 49 2725 2727
4418 2 2 1 2 2725 694 2726
4419 2 2 1 2 2727 2726 696
4420 2 2 1 2 2725 2726 2727
4421 2 2 1 2 694 2728 2730
4422 2 2 1 2 2728 181 2729
4423 2 2 1 2 2730 2729 695
4424 2 2 1 2 2728 2729 2730
4425 2 2 1 2 696 2731 2733
4426 2 2 1 2 2731 695 2732
4427 2 2 1 2 2733 2732 183
4428 2 2 1 2 2731 2732 2733
4429 2 2 1 2 694 2730 2726
4430 2 2 1 2 2730 695 2731
4431 2 2 1 2 2726 2731 696
4432 2 2 1 2 2730 2731 2726
4433 2 2 1 2 181 2734 2736
4434 2 2 1 2 2734 697 2735
4435 2 2 1 2 2736 2735 699
4436 2 2 1 2 2734 2735 2736
4437 2 2 1 2 697 2737 2739
4438 2 2 1 2 2737 6 2738
4439 2 2 1 2 2739 2738 698
4440 2 2 1 2 2737 2738 2739
4441 2 2 1 2 699 2740 2742
4442 2 2 1 2 2740 698 2741
4443 2 2 1 2 2742 2741 182
4444 2 2 1 2 2740 2741 2742
4445 2 2 1 2 697 2739 2735
4446 2 2 1 2 2739 698 2740
4447 2 2 1 2 2735 2740 699
4448 2 2 1 2 2739 2740 2735
4449 2 2 1 2 183 2743 2745
4450 2 2 1 2 2743 700 2744
4451 2 2 1 2 2745 2744 702
4452 2 2 1 2 2743 2744 2745
4453 2 2 1 2 700 2746 2748
4454 2 2 1 2 2746 182 2747
4455 2 2 1 2 2748 2747 701
4456 2 2 1 2 2746 2747 2748
4457 2 2 1 2 702 2749 2751
4458 2 2 1 2 2749 701 2750
4459 2 2 1 2 2751 2750 50
4460 2 2 1 2 2749 2750 2751
4461 2 2 1 2 700 2748 2744
4462 2 2 1 2 2748 701 2749
4463 2 2 1 2 2744 2749 702
4464 2 2 1 2 2748 2749 2744
4465 2 2 1 2 181 2736 2729
4466 2 2 1 2 2736 699 2752
4467 2 2 1 2 2729 2752 695
4468 2 2 1 2 2736 2752 2729
4469 2 2 1 2 699 2742 2753
4470 2 2 1 2 2742 182 2746
4471 2 2 1 2 2753 2746 700
4472 2 2 1 2 2742 2746 2753
4473 2 2 1 2 695 2754 2732
4474 2 2 1 2 2754 700 2743
4475 2 2 1 2 2732 2743 183
4476 2 2 1 2 2754 2743 2732
4477 2 2 1 2 699 2753 2752
4478 2 2 1 2 2753 700 2754
4479 2 2 1 2 2752 2754 695
4480 2 2 1 2 2753 2754 2752
4481 2 2 1 2 51 2755 2757
4482 2 2 1 2 2755 703 2756
4483 2 2 1 2 2757 2756 705
4484 2 2 1 2 2755 2756 2757
4485 2 2 1 2 703 2758 2760
4486 2 2 1 2 2758 184 2759
4487 2 2 1 2 2760 2759 704
4488 2 2 1 2 2758 2759 2760
4489 2 2 1 2 705 2761 2763
4490 2 2 1 2 2761 704 2762
4491 2 2 1 2 2763 2762 186
4492 2 2 1 2 2761 2762 2763
4493 2 2 1 2 703 2760 2756
4494 2 2 1 2 2760 704 2761
4495 2 2 1 2 2756 2761 705
4496 2 2 1 2 2760 2761 2756
4497 2 2 1 2 184 2764 2766
4498 2 2 1 2 2764 706 2765
4499 2 2 1 2 2766 2765 708
4500 2 2 1 2 2764 2765 2766
4501 2 2 1 2 706 2767 2769
4502 2 2 1 2 2767 50 2768
4503 2 2 1 2 2769 2768 707
4504 2 2 1 2 2767 2768 2769
4505 2 2 1 2 708 2770 2772
4506 2 2 1 2 2770 707 2771
4507 2 2 1 2 2772 2771 185
4508 2 2 1 2 2770 2771 2772
4509 2 2 1 2 706 2769 2765
4510 2 2 1 2 2769 707 2770
4511 2 2 1 2 2765 2770 708
4512 2 2 1 2 2769 2770 2765
4513 2 2 1 2 186 2773 2775
4514 2 2 1 2 2773 709 2774
4515 2 2 1 2 2775 2774 711
4516 2 2 1 2 2773 2774 2775
4517 2 2 1 2 709 2776 2778
4518 2 2 1 2 2776 185 2777
4519 2 2 1 2 2778 2777 710
4520 2 2 1 2 2776 2777 2778
4521 2 2 1 2 711 2779 2781
4522 2 2 1 2 2779 710 2780
4523 2 2 1 2 2781 2780 16
4524 2 2 1 2 2779 2780 2781
4525 2 2 1 2 709 2778 2774
4526 2 2 1 2 2778 710 2779
4527 2 2 1 2 2774 2779 711
4528 2 2 1 2 2778 2779 2774
4529 2 2 1 2 184 2766 2759
4530 2 2 1 2 2766 708 2782
4531 2 2 1 2 2759 2782 704
4532 2 2 1 2 2766 2782 2759
4533 2 2 1 2 708 2772 2783
4534 2 2 1 2 2772 185 2776
4535 2 2 1 2 2783 2776 709
4536 2 2 1 2 2772 2776 2783
4537 2 2 1 2 704 2784 2762
4538 2 2 1 2 2784 709 2773
4539 2 2 1 2 2762 2773 186
4540 2 2 1 2 2784 2773 2762
4541 2 2 1 2 708 2783 2782
4542 2 2 1 2 2783 709 2784
4543 2 2 1 2 2782 2784 704
4544 2 2 1 2 2783 2784 2782
4545 2 2 1 2 49 2727 2708
4546 2 2 1 2 2727 696 2785
4547 2 2 1 2 2708 2785 689
4548 2 2 1 2 2727 2785 2708
4549 2 2 1 2 696 2733 2787
4550 2 2 1 2 2733 183 2786
4551 2 2 1 2 2787 2786 712
4552 2 2 1 2 2733 2786 2787
4553 2 2 1 2 689 2788 2711
4554 2 2 1 2 2788 712 2789
4555 2 2 1 2 2711 2789 179
4556 2 2 1 2 2788 2789 2711
4557 2 2 1 2 696 2787 2785
4558 2 2 1 2 2787 712 2788
4559 2 2 1 2 2785 2788 689
4560 2 2 1 2 2787 2788 2785
4561 2 2 1 2 183 2745 2791
4562 2 2 1 2 2745 702 2790
4563 2 2 1 2 2791 2790 713
4564 2 2 1 2 2745 2790 2791
4565 2 2 1 2 702 2751 2792
4566 2 2 1 2 2751 50 2767
4567 2 2 1 2 2792 2767 706
4568 2 2 1 2 2751 2767 2792
4569 2 2 1 2 713 2793 2794
4570 2 2 1 2 2793 706 2764
4571 2 2 1 2 2794 2764 184
4572 2 2 1 2 2793 2764 2794
4573 2 2 1 2 702 2792 2790
4574 2 2 1 2 2792 706 2793
4575 2 2 1 2 2790 2793 713
4576 2 2 1 2 2792 2793 2790
4577 2 2 1 2 179 2795 2717
4578 2 2 1 2 2795 714 2796
4579 2 2 1 2 2717 2796 692
4580 2 2 1 2 2795 2796 2717
4581 2 2 1 2 714 2797 2798
4582 2 2 1 2 2797 184 2758
4583 2 2 1 2 2798 2758 703
4584 2 2 1 2 2797 2758 2798
4585 2 2 1 2 692 2799 2720
4586 2 2 1 2 2799 703 2755
4587 2 2 1 2 2720 2755 51
4588 2 2 1 2 2799 2755 2720
4589 2 2 1 2 714 2798 2796
4590 2 2 1 2 2798 703 2799
4591 2 2 1 2 2796 2799 692
4592 2 2 1 2 2798 2799 2796
4593 2 2 1 2 183 2791 2786
4594 2 2 1 2 2791 713 2800
4595 2 2 1 2 2786 2800 712
4596 2 2 1 2 2791 2800 2786
4597 2 2 1 2 713 2794 2801
4598 2 2 1 2 2794 184 2797
4599 2 2 1 2 2801 2797 714
4600 2 2 1 2 2794 2797 2801
4601 2 2 1 2 712 2802 2789
4602 2 2 1 2 2802 714 2795
4603 2 2 1 2 2789 2795 179
4604 2 2 1 2 2802 2795 2789
4605 2 2 1 2 713 2801 2800
4606 2 2 1 2 2801 714 2802
4607 2 2 1 2 2800 2802 712
4608 2 2 1 2 2801 2802 2800
4609 2 2 1 2 14 2803 2319
4610 2 2 1 2 2803 715 2804
4611 2 2 1 2 2319 2804 593
4612 2 2 1 2 2803 2804 2319
4613 2 2 1 2 715 2805 2807
4614 2 2 1 2 2805 187 2806
4615 2 2 1 2 2807 2806 716
4616 2 2 1 2 2805 2806 2807
4617 2 2 1 2 593 2808 2322
4618 2 2 1 2 2808 716 2809
4619 2 2 1 2 2322 2809 156
4620 2 2 1 2 2808 2809 2322
4621 2 2 1 2 715 2807 2804
4622 2 2 1 2 2807 716 2808
4623 2 2 1 2 2804 2808 593
4624 2 2 1 2 2807 2808 2804
4625 2 2 1 2 187 2810 2812
4626 2 2 1 2 2810 717 2811
4627 2 2 1 2 2812 2811 719
4628 2 2 1 2 2810 2811 2812
4629 2 2 1 2 717 2813 2815
4630 2 2 1 2 2813 52 2814
4631 2 2 1 2 2815 2814 718
4632 2 2 1 2 2813 2814 2815
4633 2 2 1 2 719 2816 2818
4634 2 2 1 2 2816 718 2817
4635 2 2 1 2 2818 2817 188
4636 2 2 1 2 2816 2817 2818
4637 2 2 1 2 717 2815 2811
4638 2 2 1 2 2815 718 2816
4639 2 2 1 2 2811 2816 719
4640 2 2 1 2 2815 2816 2811
4641 2 2 1 2 156 2819 2328
4642 2 2 1 2 2819 720 2820
4643 2 2 1 2 2328 2820 596
4644 2 2 1 2 2819 2820 2328
4645 2 2 1 2 720 2821 2823
4646 2 2 1 2 2821 188 2822
4647 2 2 1 2 2823 2822 721
4648 2 2 1 2 2821 2822 2823
4649 2 2 1 2 596 2824 2331
4650 2 2 1 2 2824 721 2825
4651 2 2 1 2 2331 2825 44
4652 2 2 1 2 2824 2825 2331
4653 2 2 1 2 720 2823 2820
4654 2 2 1 2 2823 721 2824
4655 2 2 1 2 2820 2824 596
4656 2 2 1 2 2823 2824 2820
4657 2 2 1 2 187 2812 2806
4658 2 2 1 2 2812 719 2826
4659 2 2 1 2 2806 2826 716
4660 2 2 1 2 2812 2826 2806
4661 2 2 1 2 719 2818 2827
4662 2 2 1 2 2818 188 2821
4663 2 2 1 2 2827 2821 720
4664 2 2 1 2 2818 2821 2827
4665 2 2 1 2 716 2828 2809
4666 2 2 1 2 2828 720 2819
4667 2 2 1 2 2809 2819 156
4668 2 2 1 2 2828 2819 2809
4669 2 2 1 2 719 2827 2826
4670 2 2 1 2 2827 720 2828
4671 2 2 1 2 2826 2828 716
4672 2 2 1 2 2827 2828 2826
4673 2 2 1 2 52 2829 2831
4674 2 2 1 2 2829 722 2830
4675 2 2 1 2 2831 2830 724
4676 2 2 1 2 2829 2830 2831
4677 2 2 1 2 722 2832 2834
4678 2 2 1 2 2832 189 2833
4679 2 2 1 2 2834 2833 723
4680 2 2 1 2 2832 2833 2834
4681 2 2 1 2 724 2835 2837
4682 2 2 1 2 2835 723 2836
4683 2 2 1 2 2837 2836 191
4684 2 2 1 2 2835 2836 2837
4685 2 2 1 2 722 2834 2830
4686 2 2 1 2 2834 723 2835
4687 2 2 1 2 2830 2835 724
4688 2 2 1 2 2834 2835 2830
4689 2 2 1 2 189 2838 2840
4690 2 2 1 2 2838 725 2839
4691 2 2 1 2 2840 2839 727
4692 2 2 1 2 2838 2839 2840
4693 2 2 1 2 725 2841 2843
4694 2 2 1 2 2841 16 2842
4695 2 2 1 2 2843 2842 726
4696 2 2 1 2 2841 2842 2843
4697 2 2 1 2 727 2844 2846
4698 2 2 1 2 2844 726 2845
4699 2 2 1 2 2846 2845 190
4700 2 2 1 2 2844 2845 2846
4701 2 2 1 2 725 2843 2839
4702 2 2 1 2 2843 726 2844
4703 2 2 1 2 2839 2844 727
4704 2 2 1 2 2843 2844 2839
4705 2 2 1 2 191 2847 2849
4706 2 2 1 2 2847 728 2848
4707 2 2 1 2 2849 2848 730
4708 2 2 1 2 2847 2848 2849
4709 2 2 1 2 728 2850 2852
4710 2 2 1 2 2850 190 2851
4711 2 2 1 2 2852 2851 729
4712 2 2 1 2 2850 2851 2852
4713 2 2 1 2 730 2853 2855
4714 2 2 1 2 2853 729 2854
4715 2 2 1 2 2855 2854 53
4716 2 2 1 2 2853 2854 2855
4717 2 2 1 2 728 2852 2848
4718 2 2 1 2 2852 729 2853
4719 2 2 1 2 2848 2853 730
4720 2 2 1 2 2852 2853 2848
4721 2 2 1 2 189 2840 2833
4722 2 2 1 2 2840 727 2856
4723 2 2 1 2 2833 2856 723
4724 2 2 1 2 2840 2856 2833
4725 2 2 1 2 727 2846 2857
4726 2 2 1 2 2846 190 2850
4727 2 2 1 2 2857 2850 728
4728 2 2 1 2 2846 2850 2857
4729 2 2 1 2 723 2858 2836
4730 2 2 1 2 2858 728 2847
4731 2 2 1 2 2836 2847 191
4732 2 2 1 2 2858 2847 2836
4733 2 2 1 2 727 2857 2856
4734 2 2 1 2 2857 728 2858
4735 2 2 1 2 2856 2858 723
4736 2 2 1 2 2857 2858 2856
4737 2 2 1 2 44 2859 2349
4738 2 2 1 2 2859 731 2860
4739 2 2 1 2 2349 2860 602
4740 2 2 1 2 2859 2860 2349
4741 2 2 1 2 731 2861 2863
4742 2 2 1 2 2861 192 2862
4743 2 2 1 2 2863 2862 732
4744 2 2 1 2 2861 2862 2863
4745 2 2 1 2 602 2864 2352
4746 2 2 1 2 2864 732 2865
4747 2 2 1 2 2352 2865 159
4748 2 2 1 2 2864 2865 2352
4749 2 2 1 2 731 2863 2860
4750 2 2 1 2 2863 732 2864
4751 2 2 1 2 2860 2864 602
4752 2 2 1 2 2863 2864 2860
4753 2 2 1 2 192 2866 2868
4754 2 2 1 2 2866 733 2867
4755 2 2 1 2 2868 2867 735
4756 2 2 1 2 2866 2867 2868
4757 2 2 1 2 733 2869 2871
4758 2 2 1 2 2869 53 2870
4759 2 2 1 2 2871 2870 734
4760 2 2 1 2 2869 2870 2871
4761 2 2 1 2 735 2872 2874
4762 2 2 1 2 2872 734 2873
4763 2 2 1 2 2874 2873 193
4764 2 2 1 2 2872 2873 2874
4765 2 2 1 2 733 2871 2867
4766 2 2 1 2 2871 734 2872
4767 2 2 1 2 2867 2872 735
4768 2 2 1 2 2871 2872 2867
4769 2 2 1 2 159 2875 2358
4770 2 2 1 2 2875 736 2876
4771 2 2 1 2 2358 2876 605
4772 2 2 1 2 2875 2876 2358
4773 2 2 1 2 736 2877 2879
4774 2 2 1 2 2877 193 2878
4775 2 2 1 2 2879 2878 737
4776 2 2 1 2 2877 2878 2879
4777 2 2 1 2 605 2880 2361
4778 2 2 1 2 2880 737 2881
4779 2 2 1 2 2361 2881 1
4780 2 2 1 2 2880 2881 2361
4781 2 2 1 2 736 2879 2876
4782 2 2 1 2 2879 737 2880
4783 2 2 1 2 2876 2880 605
4784 2 2 1 2 2879 2880 2876
4785 2 2 1 2 192 2868 2862
4786 2 2 1 2 2868 735 2882
4787 2 2 1 2 2862 2882 732
4788 2 2 1 2 2868 2882 2862
4789 2 2 1 2 735 2874 2883
4790 2 2 1 2 2874 193 2877
4791 2 2 1 2 2883 2877 736
4792 2 2 1 2 2874 2877 2883
4793 2 2 1 2 732 2884 2865
4794 2 2 1 2 2884 736 2875
4795 2 2 1 2 2865 2875 159
4796 2 2 1 2 2884 2875 2865
4797 2 2 1 2 735 2883 2882
4798 2 2 1 2 2883 736 2884
4799 2 2 1 2 2882 2884 732
4800 2 2 1 2 2883 2884 2882
4801 2 2 1 2 52 2831 2814
4802 2 2 1 2 2831 724 2885
4803 2 2 1 2 2814 2885 718
4804 2 2 1 2 2831 2885 2814
4805 2 2 1 2 724 2837 2887
4806 2 2 1 2 2837 191 2886
4807 2 2 1 2 2887 2886 738
4808 2 2 1 2 2837 2886 2887
4809 2 2 1 2 718 2888 2817
4810 2 2 1 2 2888 738 2889
4811 2 2 1 2 2817 2889 188
4812 2 2 1 2 2888 2889 2817
4813 2 2 1 2 724 2887 2885
4814 2 2 1 2 2887 738 2888
4815 2 2 1 2 2885 2888 718
4816 2 2 1 2 2887 2888 2885
4817 2 2 1 2 191 2849 2891
4818 2 2 1 2 2849 730 2890
4819 2 2 1 2 2891 2890 739
4820 2 2 1 2 2849 2890 2891
4821 2 2 1 2 730 2855 2892
4822 2 2 1 2 2855 53 2869
4823 2 2 1 2 2892 2869 733
4824 2 2 1 2 2855 2869 2892
4825 2 2 1 2 739 2893 2894
4826 2 2 1 2 2893 733 2866
4827 2 2 1 2 2894 2866 192
4828 2 2 1 2 2893 2866 2894
4829 2 2 1 2 730 2892 2890
4830 2 2 1 2 2892 733 2893
4831 2 2 1 2 2890 2893 739
4832 2 2 1 2 2892 2893 2890
4833 2 2 1 2 188 2895 2822
4834 2 2 1 2 2895 740 2896
4835 2 2 1 2 2822 2896 721
4836 2 2 1 2 2895 2896 2822
4837 2 2 1 2 740 2897 2898
4838 2 2 1 2 2897 192 2861
4839 2 2 1 2 2898 2861 731
4840 2 2 1 2 2897 2861 2898
4841 2 2 1 2 721 2899 2825
4842 2 2 1 2 2899 731 2859
4843 2 2 1 2 2825 2859 44
4844 2 2 1 2 2899 2859 2825
4845 2 2 1 2 740 2898 2896
4846 2 2 1 2 2898 731 2899
4847 2 2 1 2 2896 2899 721
4848 2 2 1 2 2898 2899 2896
4849 2 2 1 2 191 2891 2886
4850 2 2 1 2 2891 739 2900
4851 2 2 1 2 2886 2900 738
4852 2 2 1 2 2891 2900 2886
4853 2 2 1 2 739 2894 2901
4854 2 2 1 2 2894 192 2897
4855 2 2 1 2 2901 2897 740
4856 2 2 1 2 2894 2897 2901
4857 2 2 1 2 738 2902 2889
4858 2 2 1 2 2902 740 2895
4859 2 2 1 2 2889 2895 188
4860 2 2 1 2 2902 2895 2889
4861 2 2 1 2 739 2901 2900
4862 2 2 1 2 2901 740 2902
4863 2 2 1 2 2900 2902 738
4864 2 2 1 2 2901 2902 2900
4865 2 2 1 2 15 2697 2634
4866 2 2 1 2 2697 687 2903
4867 2 2 1 2 2634 2903 670
4868 2 2 1 2 2697 2903 2634
4869 2 2 1 2 687 2703 2905
4870 2 2 1 2 2703 180 2904
4871 2 2 1 2 2905 2904 741
4872 2 2 1 2 2703 2904 2905
4873 2 2 1 2 670 2906 2637
4874 2 2 1 2 2906 741 2907
4875 2 2 1 2 2637 2907 174
4876 2 2 1 2 2906 2907 2637
4877 2 2 1 2 687 2905 2903
4878 2 2 1 2 2905 741 2906
4879 2 2 1 2 2903 2906 670
4880 2 2 1 2 2905 2906 2903
4881 2 2 1 2 180 2715 2909
4882 2 2 1 2 2715 693 2908
4883 2 2 1 2 2909 2908 743
4884 2 2 1 2 2715 2908 2909
4885 2 2 1 2 693 2721 2911
4886 2 2 1 2 2721 51 2910
4887 2 2 1 2 2911 2910 742
4888 2 2 1 2 2721 2910 2911
4889 2 2 1 2 743 2912 2914
4890 2 2 1 2 2912 742 2913
4891 2 2 1 2 2914 2913 194
4892 2 2 1 2 2912 2913 2914
4893 2 2 1 2 693 2911 2908
4894 2 2 1 2 2911 742 2912
4895 2 2 1 2 2908 2912 743
4896 2 2 1 2 2911 2912 2908
4897 2 2 1 2 174 2915 2643
4898 2 2 1 2 2915 744 2916
4899 2 2 1 2 2643 2916 673
4900 2 2 1 2 2915 2916 2643
4901 2 2 1 2 744 2917 2919
4902 2 2 1 2 2917 194 2918
4903 2 2 1 2 2919 2918 745
4904 2 2 1 2 2917 2918 2919
4905 2 2 1 2 673 2920 2646
4906 2 2 1 2 2920 745 2921
4907 2 2 1 2 2646 2921 48
4908 2 2 1 2 2920 2921 2646
4909 2 2 1 2 744 2919 2916
4910 2 2 1 2 2919 745 2920
4911 2 2 1 2 2916 2920 673
4912 2 2 1 2 2919 2920 2916
4913 2 2 1 2 180 2909 2904
4914 2 2 1 2 2909 743 2922
4915 2 2 1 2 2904 2922 741
4916 2 2 1 2 2909 2922 2904
4917 2 2 1 2 743 2914 2923
4918 2 2 1 2 2914 194 2917
4919 2 2 1 2 2923 2917 744
4920 2 2 1 2 2914 2917 2923
4921 2 2 1 2 741 2924 2907
4922 2 2 1 2 2924 744 2915
4923 2 2 1 2 2907 2915 174
4924 2 2 1 2 2924 2915 2907
4925 2 2 1 2 743 2923 2922
4926 2 2 1 2 2923 744 2924
4927 2 2 1 2 2922 2924 741
4928 2 2 1 2 2923 2924 2922
4929 2 2 1 2 51 2757 2926
4930 2 2 1 2 2757 705 2925
4931 2 2 1 2 2926 2925 747
4932 2 2 1 2 2757 2925 2926
4933 2 2 1 2 705 2763 2928
4934 2 2 1 2 2763 186 2927
4935 2 2 1 2 2928 2927 746
4936 2 2 1 2 2763 2927 2928
4937 2 2 1 2 747 2929 2931
4938 2 2 1 2 2929 746 2930
4939 2 2 1 2 2931 2930 195
4940 2 2 1 2 2929 2930 2931
4941 2 2 1 2 705 2928 2925
4942 2 2 1 2 2928 746 2929
4943 2 2 1 2 2925 2929 747
4944 2 2 1 2 2928 2929 2925
4945 2 2 1 2 186 2775 2933
4946 2 2 1 2 2775 711 2932
4947 2 2 1 2 2933 2932 748
4948 2 2 1 2 2775 2932 2933
4949 2 2 1 2 711 2781 2934
4950 2 2 1 2 2781 16 2841
4951 2 2 1 2 2934 2841 725
4952 2 2 1 2 2781 2841 2934
4953 2 2 1 2 748 2935 2936
4954 2 2 1 2 2935 725 2838
4955 2 2 1 2 2936 2838 189
4956 2 2 1 2 2935 2838 2936
4957 2 2 1 2 711 2934 2932
4958 2 2 1 2 2934 725 2935
4959 2 2 1 2 2932 2935 748
4960 2 2 1 2 2934 2935 2932
4961 2 2 1 2 195 2937 2939
4962 2 2 1 2 2937 749 2938
4963 2 2 1 2 2939 2938 750
4964 2 2 1 2 2937 2938 2939
4965 2 2 1 2 749 2940 2941
4966 2 2 1 2 2940 189 2832
4967 2 2 1 2 2941 2832 722
4968 2 2 1 2 2940 2832 2941
4969 2 2 1 2 750 2942 2943
4970 2 2 1 2 2942 722 2829
4971 2 2 1 2 2943 2829 52
4972 2 2 1 2 2942 2829 2943
4973 2 2 1 2 749 2941 2938
4974 2 2 1 2 2941 722 2942
4975 2 2 1 2 2938 2942 750
4976 2 2 1 2 2941 2942 2938
4977 2 2 1 2 186 2933 2927
4978 2 2 1 2 2933 748 2944
4979 2 2 1 2 2927 2944 746
4980 2 2 1 2 2933 2944 2927
4981 2 2 1 2 748 2936 2945
4982 2 2 1 2 2936 189 2940
4983 2 2 1 2 2945 2940 749
4984 2 2 1 2 2936 2940 2945
4985 2 2 1 2 746 2946 2930
4986 2 2 1 2 2946 749 2937
4987 2 2 1 2 2930 2937 195
4988 2 2 1 2 2946 2937 2930
4989 2 2 1 2 748 2945 2944
4990 2 2 1 2 2945 749 2946
4991 2 2 1 2 2944 2946 746
4992 2 2 1 2 2945 2946 2944
4993 2 2 1 2 48 2947 2662
4994 2 2 1 2 2947 751 2948
4995 2 2 1 2 2662 2948 678
4996 2 2 1 2 2947 2948 2662
4997 2 2 1 2 751 2949 2951
4998 2 2 1 2 2949 196 2950
4999 2 2 1 2 2951 2950 752
5000 2 2 1 2 2949 2950 2951
5001 2 2 1 2 678 2952 2665
5002 2 2 1 2 2952 752 2953
5003 2 2 1 2 2665 2953 177
5004 2 2 1 2 2952 2953 2665
5005 2 2 1 2 751 2951 2948
5006 2 2 1 2 2951 752 2952
5007 2 2 1 2 2948 2952 678
5008 2 2 1 2 2951 2952 2948
5009 2 2 1 2 196 2954 2956
5010 2 2 1 2 2954 753 2955
5011 2 2 1 2 2956 2955 754
5012 2 2 1 2 2954 2955 2956
5013 2 2 1 2 753 2957 2958
5014 2 2 1 2 2957 52 2813
5015 2 2 1 2 2958 2813 717
5016 2 2 1 2 2957 2813 2958
5017 2 2 1 2 754 2959 2960
5018 2 2 1 2 2959 717 2810
5019 2 2 1 2 2960 2810 187
5020 2 2 1 2 2959 2810 2960
5021 2 2 1 2 753 2958 2955
5022 2 2 1 2 2958 717 2959
5023 2 2 1 2 2955 2959 754
5024 2 2 1 2 2958 2959 2955
5025 2 2 1 2 177 2961 2670
5026 2 2 1 2 2961 755 2962
5027 2 2 1 2 2670 2962 681
5028 2 2 1 2 2961 2962 2670
5029 2 2 1 2 755 2963 2964
5030 2 2 1 2 2963 187 2805
5031 2 2 1 2 2964 2805 715
5032 2 2 1 2 2963 2805 2964
5033 2 2 1 2 681 2965 2673
5034 2 2 1 2 2965 715 2803
5035 2 2 1 2 2673 2803 14
5036 2 2 1 2 2965 2803 2673
5037 2 2 1 2 755 2964 2962
5038 2 2 1 2 2964 715 2965
5039 2 2 1 2 2962 2965 681
5040 2 2 1 2 2964 2965 2962
5041 2 2 1 2 196 2956 2950
5042 2 2 1 2 2956 754 2966
5043 2 2 1 2 2950 2966 752
5044 2 2 1 2 2956 2966 2950
5045 2 2 1 2 754 2960 2967
5046 2 2 1 2 2960 187 2963
5047 2 2 1 2 2967 2963 755
5048 2 2 1 2 2960 2963 2967
5049 2 2 1 2 752 2968 2953
5050 2 2 1 2 2968 755 2961
5051 2 2 1 2 2953 2961 177
5052 2 2 1 2 2968 2961 2953
5053 2 2 1 2 754 2967 2966
5054 2 2 1 2 2967 755 2968
5055 2 2 1 2 2966 2968 752
5056 2 2 1 2 2967 2968 2966
5057 2 2 1 2 51 2926 2910
5058 2 2 1 2 2926 747 2969
5059 2 2 1 2 2910 2969 742
5060 2 2 1 2 2926 2969 2910
5061 2 2 1 2 747 2931 2971
5062 2 2 1 2 2931 195 2970
5063 2 2 1 2 2971 2970 756
5064 2 2 1 2 2931 2970 2971
5065 2 2 1 2 742 2972 2913
5066 2 2 1 2 2972 756 2973
5067 2 2 1 2 2913 2973 194
5068 2 2 1 2 2972 2973 2913
5069 2 2 1 2 747 2971 2969
5070 2 2 1 2 2971 756 2972
5071 2 2 1 2 2969 2972 742
5072 2 2 1 2 2971 2972 2969
5073 2 2 1 2 195 2939 2975
5074 2 2 1 2 2939 750 2974
5075 2 2 1 2 2975 2974 757
5076 2 2 1 2 2939 2974 2975
5077 2 2 1 2 750 2943 2976
5078 2 2 1 2 2943 52 2957
5079 2 2 1 2 2976 2957 753
5080 2 2 1 2 2943 2957 2976
5081 2 2 1 2 757 2977 2978
5082 2 2 1 2 2977 753 2954
5083 2 2 1 2 2978 2954 196
5084 2 2 1 2 2977 2954 2978
5085 2 2 1 2 750 2976 2974
5086 2 2 1 2 2976 753 2977
5087 2 2 1 2 2974 2977 757
5088 2 2 1 2 2976 2977 2974
5089 2 2 1 2 194 2979 2918
5090 2 2 1 2 2979 758 2980
5091 2 2 1 2 2918 2980 745
5092 2 2 1 2 2979 2980 2918
5093 2 2 1 2 758 2981 2982
5094 2 2 1 2 2981 196 2949
5095 2 2 1 2 2982 2949 751
5096 2 2 1 2 2981 2949 2982
5097 2 2 1 2 745 2983 2921
5098 2 2 1 2 2983 751 2947
5099 2 2 1 2 2921 2947 48
5100 2 2 1 2 2983 2947 2921
5101 2 2 1 2 758 2982 2980
5102 2 2 1 2 2982 751 2983
5103 2 2 1 2 2980 2983 745
5104 2 2 1 2 2982 2983 2980
5105 2 2 1 2 195 2975 2970
5106 2 2 1 2 2975 757 2984
5107 2 2 1 2 2970 2984 756
5108 2 2 1 2 2975 2984 2970
5109 2 2 1 2 757 2978 2985
5110 2 2 1 2 2978 196 2981
5111 2 2 1 2 2985 2981 758
5112 2 2 1 2 2978 2981 2985
5113 2 2 1 2 756 2986 2973
5114 2 2 1 2 2986 758 2979
5115 2 2 1 2 2973 2979 194
5116 2 2 1 2 2986 2979 2973
5117 2 2 1 2 757 2985 2984
5118 2 2 1 2 2985 758 2986
5119 2 2 1 2 2984 2986 756
5120 2 2 1 2 2985 2986 2984
5121 2 2 1 2 1 2881 1027
5122 2 2 1 2 2881 737 2987
5123 2 2 1 2 1027 2987 259
5124 2 2 1 2 2881 2987 1027
5125 2 2 1 2 737 2878 2989
5126 2 2 1 2 2878 193 2988
5127 2 2 1 2 2989 2988 759
5128 2 2 1 2 2878 2988 2989
5129 2 2 1 2 259 2990 1030
5130 2 2 1 2 2990 759 2991
5131 2 2 1 2 1030 2991 67
5132 2 2 1 2 2990 2991 1030
5133 2 2 1 2 737 2989 2987
5134 2 2 1 2 2989 759 2990
5135 2 2 1 2 2987 2990 259
5136 2 2 1 2 2989 2990 2987
5137 2 2 1 2 193 2873 2993
5138 2 2 1 2 2873 734 2992
5139 2 2 1 2 2993 2992 761
5140 2 2 1 2 2873 2992 2993
5141 2 2 1 2 734 2870 2995
5142 2 2 1 2 2870 53 2994
5143 2 2 1 2 2995 2994 760
5144 2 2 1 2 2870 2994 2995
5145 2 2 1 2 761 2996 2998
5146 2 2 1 2 2996 760 2997
5147 2 2 1 2 2998 2997 197
5148 2 2 1 2 2996 2997 2998
5149 2 2 1 2 734 2995 2992
5150 2 2 1 2 2995 760 2996
5151 2 2 1 2 2992 2996 761
5152 2 2 1 2 2995 2996 2992
5153 2 2 1 2 67 2999 1036
5154 2 2 1 2 2999 762 3000
5155 2 2 1 2 1036 3000 262
5156 2 2 1 2 2999 3000 1036
5157 2 2 1 2 762 3001 3003
5158 2 2 1 2 3001 197 3002
5159 2 2 1 2 3003 3002 763
5160 2 2 1 2 3001 3002 3003
5161 2 2 1 2 262 3004 1039
5162 2 2 1 2 3004 763 3005
5163 2 2 1 2 1039 3005 19
5164 2 2 1 2 3004 3005 1039
5165 2 2 1 2 762 3003 3000
5166 2 2 1 2 3003 763 3004
5167 2 2 1 2 3000 3004 262
5168 2 2 1 2 3003 3004 3000
5169 2 2 1 2 193 2993 2988
5170 2 2 1 2 2993 761 3006
5171 2 2 1 2 2988 3006 759
5172 2 2 1 2 2993 3006 2988
5173 2 2 1 2 761 2998 3007
5174 2 2 1 2 2998 197 3001
5175 2 2 1 2 3007 3001 762
5176 2 2 1 2 2998 3001 3007
5177 2 2 1 2 759 3008 2991
5178 2 2 1 2 3008 762 2999
5179 2 2 1 2 2991 2999 67
5180 2 2 1 2 3008 2999 2991
5181 2 2 1 2 761 3007 3006
5182 2 2 1 2 3007 762 3008
5183 2 2 1 2 3006 3008 759
5184 2 2 1 2 3007 3008 3006
5185 2 2 1 2 53 2854 3010
5186 2 2 1 2 2854 729 3009
5187 2 2 1 2 3010 3009 765
5188 2 2 1 2 2854 3009 3010
5189 2 2 1 2 729 2851 3012
5190 2 2 1 2 2851 190 3011
5191 2 2 1 2 3012 3011 764
5192 2 2 1 2 2851 3011 3012
5193 2 2 1 2 765 3013 3015
5194 2 2 1 2 3013 764 3014
5195 2 2 1 2 3015 3014 199
5196 2 2 1 2 3013 3014 3015
5197 2 2 1 2 729 3012 3009
5198 2 2 1 2 3012 764 3013
5199 2 2 1 2 3009 3013 765
5200 2 2 1 2 3012 3013 3009
5201 2 2 1 2 190 2845 3017
5202 2 2 1 2 2845 726 3016
5203 2 2 1 2 3017 3016 767
5204 2 2 1 2 2845 3016 3017
5205 2 2 1 2 726 2842 3019
5206 2 2 1 2 2842 16 3018
5207 2 2 1 2 3019 3018 766
5208 2 2 1 2 2842 3018 3019
5209 2 2 1 2 767 3020 3022
5210 2 2 1 2 3020 766 3021
5211 2 2 1 2 3022 3021 198
5212 2 2 1 2 3020 3021 3022
5213 2 2 1 2 726 3019 3016
5214 2 2 1 2 3019 766 3020
5215 2 2 1 2 3016 3020 767
5216 2 2 1 2 3019 3020 3016
5217 2 2 1 2 199 3023 3025
5218 2 2 1 2 3023 768 3024
5219 2 2 1 2 3025 3024 770
5220 2 2 1 2 3023 3024 3025
5221 2 2 1 2 768 3026 3028
5222 2 2 1 2 3026 198 3027
5223 2 2 1 2 3028 3027 769
5224 2 2 1 2 3026 3027 3028
5225 2 2 1 2 770 3029 3031
5226 2 2 1 2 3029 769 3030
5227 2 2 1 2 3031 3030 54
5228 2 2 1 2 3029 3030 3031
5229 2 2 1 2 768 3028 3024
5230 2 2 1 2 3028 769 3029
5231 2 2 1 2 3024 3029 770
5232 2 2 1 2 3028 3029 3024
5233 2 2 1 2 190 3017 3011
5234 2 2 1 2 3017 767 3032
5235 2 2 1 2 3011 3032 764
5236 2 2 1 2 3017 3032 3011
5237 2 2 1 2 767 3022 3033
5238 2 2 1 2 3022 198 3026
5239 2 2 1 2 3033 3026 768
5240 2 2 1 2 3022 3026 3033
5241 2 2 1 2 764 3034 3014
5242 2 2 1 2 3034 768 3023
5243 2 2 1 2 3014 3023 199
5244 2 2 1 2 3034 3023 3014
5245 2 2 1 2 767 3033 3032
5246 2 2 1 2 3033 768 3034
5247 2 2 1 2 3032 3034 764
5248 2 2 1 2 3033 3034 3032
5249 2 2 1 2 19 3035 1057
5250 2 2 1 2 3035 771 3036
5251 2 2 1 2 1057 3036 268
5252 2 2 1 2 3035 3036 1057
5253 2 2 1 2 771 3037 3039
5254 2 2 1 2 3037 200 3038
5255 2 2 1 2 3039 3038 772
5256 2 2 1 2 3037 3038 3039
5257 2 2 1 2 268 3040 1060
5258 2 2 1 2 3040 772 3041
5259 2 2 1 2 1060 3041 70
5260 2 2 1 2 3040 3041 1060
5261 2 2 1 2 771 3039 3036
5262 2 2 1 2 3039 772 3040
5263 2 2 1 2 3036 3040 268
5264 2 2 1 2 3039 3040 3036
5265 2 2 1 2 200 3042 3044
5266 2 2 1 2 3042 773 3043
5267 2 2 1 2 3044 3043 775
5268 2 2 1 2 3042 3043 3044
5269 2 2 1 2 773 3045 3047
5270 2 2 1 2 3045 54 3046
5271 2 2 1 2 3047 3046 774
5272 2 2 1 2 3045 3046 3047
5273 2 2 1 2 775 3048 3050
5274 2 2 1 2 3048 774 3049
5275 2 2 1 2 3050 3049 201
5276 2 2 1 2 3048 3049 3050
5277 2 2 1 2 773 3047 3043
5278 2 2 1 2 3047 774 3048
5279 2 2 1 2 3043 3048 775
5280 2 2 1 2 3047 3048 3043
5281 2 2 1 2 70 3051 1066
5282 2 2 1 2 3051 776 3052
5283 2 2 1 2 1066 3052 271
5284 2 2 1 2 3051 3052 1066
5285 2 2 1 2 776 3053 3055
5286 2 2 1 2 3053 201 3054
5287 2 2 1 2 3055 3054 777
5288 2 2 1 2 3053 3054 3055
5289 2 2 1 2 271 3056 1069
5290 2 2 1 2 3056 777 3057
5291 2 2 1 2 1069 3057 7
5292 2 2 1 2 3056 3057 1069
5293 2 2 1 2 776 3055 3052
5294 2 2 1 2 3055 777 3056
5295 2 2 1 2 3052 3056 271
5296 2 2 1 2 3055 3056 3052
5297 2 2 1 2 200 3044 3038
5298 2 2 1 2 3044 775 3058
5299 2 2 1 2 3038 3058 772
5300 2 2 1 2 3044 3058 3038
5301 2 2 1 2 775 3050 3059
5302 2 2 1 2 3050 201 3053
5303 2 2 1 2 3059 3053 776
5304 2 2 1 2 3050 3053 3059
5305 2 2 1 2 772 3060 3041
5306 2 2 1 2 3060 776 3051
5307 2 2 1 2 3041 3051 70
5308 2 2 1 2 3060 3051 3041
5309 2 2 1 2 775 3059 3058
5310 2 2 1 2 3059 776 3060
5311 2 2 1 2 3058 3060 772
5312 2 2 1 2 3059 3060 3058
5313 2 2 1 2 53 3010 2994
5314 2 2 1 2 3010 765 3061
5315 2 2 1 2 2994 3061 760
5316 2 2 1 2 3010 3061 2994
5317 2 2 1 2 765 3015 3063
5318 2 2 1 2 3015 199 3062
5319 2 2 1 2 3063 3062 778
5320 2 2 1 2 3015 3062 3063
5321 2 2 1 2 760 3064 2997
5322 2 2 1 2 3064 778 3065
5323 2 2 1 2 2997 3065 197
5324 2 2 1 2 3064 3065 2997
5325 2 2 1 2 765 3063 3061
5326 2 2 1 2 3063 778 3064
5327 2 2 1 2 3061 3064 760
5328 2 2 1 2 3063 3064 3061
5329 2 2 1 2 199 3025 3067
5330 2 2 1 2 3025 770 3066
5331 2 2 1 2 3067 3066 779
5332 2 2 1 2 3025 3066 3067
5333 2 2 1 2 770 3031 3068
5334 2 2 1 2 3031 54 3045
5335 2 2 1 2 3068 3045 773
5336 2 2 1 2 3031 3045 3068
5337 2 2 1 2 779 3069 3070
5338 2 2 1 2 3069 773 3042
5339 2 2 1 2 3070 3042 200
5340 2 2 1 2 3069 3042 3070
5341 2 2 1 2 770 3068 3066
5342 2 2 1 2 3068 773 3069
5343 2 2 1 2 3066 3069 779
5344 2 2 1 2 3068 3069 3066
5345 2 2 1 2 197 3071 3002
5346 2 2 1 2 3071 780 3072
5347 2 2 1 2 3002 3072 763
5348 2 2 1 2 3071 3072 3002
5349 2 2 1 2 780 3073 3074
5350 2 2 1 2 3073 200 3037
5351 2 2 1 2 3074 3037 771
5352 2 2 1 2 3073 3037 3074
5353 2 2 1 2 763 3075 3005
5354 2 2 1 2 3075 771 3035
5355 2 2 1 2 3005 3035 19
5356 2 2 1 2 3075 3035 3005
5357 2 2 1 2 780 3074 3072
5358 2 2 1 2 3074 771 3075
5359 2 2 1 2 3072 3075 763
5360 2 2 1 2 3074 3075 3072
5361 2 2 1 2 199 3067 3062
5362 2 2 1 2 3067 779 3076
5363 2 2 1 2 3062 3076 778
5364 2 2 1 2 3067 3076 3062
5365 2 2 1 2 779 3070 3077
5366 2 2 1 2 3070 200 3073
5367 2 2 1 2 3077 3073 780
5368 2 2 1 2 3070 3073 3077
5369 2 2 1 2 778 3078 3065
5370 2 2 1 2 3078 780 3071
5371 2 2 1 2 3065 3071 197
5372 2 2 1 2 3078 3071 3065
5373 2 2 1 2 779 3077 3076
5374 2 2 1 2 3077 780 3078
5375 2 2 1 2 3076 3078 778
5376 2 2 1 2 3077 3078 3076
5377 2 2 1 2 16 2780 3080
5378 2 2 1 2 2780 710 3079
5379 2 2 1 2 3080 3079 782
5380 2 2 1 2 2780 3079 3080
5381 2 2 1 2 710 2777 3082
5382 2 2 1 2 2777 185 3081
5383 2 2 1 2 3082 3081 781
5384 2 2 1 2 2777 3081 3082
5385 2 2 1 2 782 3083 3085
5386 2 2 1 2 3083 781 3084
5387 2 2 1 2 3085 3084 203
5388 2 2 1 2 3083 3084 3085
5389 2 2 1 2 710 3082 3079
5390 2 2 1 2 3082 781 3083
5391 2 2 1 2 3079 3083 782
5392 2 2 1 2 3082 3083 3079
5393 2 2 1 2 185 2771 3087
5394 2 2 1 2 2771 707 3086
5395 2 2 1 2 3087 3086 784
5396 2 2 1 2 2771 3086 3087
5397 2 2 1 2 707 2768 3089
5398 2 2 1 2 2768 50 3088
5399 2 2 1 2 3089 3088 783
5400 2 2 1 2 2768 3088 3089
5401 2 2 1 2 784 3090 3092
5402 2 2 1 2 3090 783 3091
5403 2 2 1 2 3092 3091 202
5404 2 2 1 2 3090 3091 3092
5405 2 2 1 2 707 3089 3086
5406 2 2 1 2 3089 783 3090
5407 2 2 1 2 3086 3090 784
5408 2 2 1 2 3089 3090 3086
5409 2 2 1 2 203 3093 3095
5410 2 2 1 2 3093 785 3094
5411 2 2 1 2 3095 3094 787
5412 2 2 1 2 3093 3094 3095
5413 2 2 1 2 785 3096 3098
5414 2 2 1 2 3096 202 3097
5415 2 2 1 2 3098 3097 786
5416 2 2 1 2 3096 3097 3098
5417 2 2 1 2 787 3099 3101
5418 2 2 1 2 3099 786 3100
5419 2 2 1 2 3101 3100 56
5420 2 2 1 2 3099 3100 3101
5421 2 2 1 2 785 3098 3094
5422 2 2 1 2 3098 786 3099
5423 2 2 1 2 3094 3099 787
5424 2 2 1 2 3098 3099 3094
5425 2 2 1 2 185 3087 3081
5426 2 2 1 2 3087 784 3102
5427 2 2 1 2 3081 3102 781
5428 2 2 1 2 3087 3102 3081
5429 2 2 1 2 784 3092 3103
5430 2 2 1 2 3092 202 3096
5431 2 2 1 2 3103 3096 785
5432 2 2 1 2 3092 3096 3103
5433 2 2 1 2 781 3104 3084
5434 2 2 1 2 3104 785 3093
5435 2 2 1 2 3084 3093 203
5436 2 2 1 2 3104 3093 3084
5437 2 2 1 2 784 3103 3102
5438 2 2 1 2 3103 785 3104
5439 2 2 1 2 3102 3104 781
5440 2 2 1 2 3103 3104 3102
5441 2 2 1 2 50 2750 3106
5442 2 2 1 2 2750 701 3105
5443 2 2 1 2 3106 3105 789
5444 2 2 1 2 2750 3105 3106
5445 2 2 1 2 701 2747 3108
5446 2 2 1 2 2747 182 3107
5447 2 2 1 2 3108 3107 788
5448 2 2 1 2 2747 3107 3108
5449 2 2 1 2 789 3109 3111
5450 2 2 1 2 3109 788 3110
5451 2 2 1 2 3111 3110 205
5452 2 2 1 2 3109 3110 3111
5453 2 2 1 2 701 3108 3105
5454 2 2 1 2 3108 788 3109
5455 2 2 1 2 3105 3109 789
5456 2 2 1 2 3108 3109 3105
5457 2 2 1 2 182 2741 3113
5458 2 2 1 2 2741 698 3112
5459 2 2 1 2 3113 3112 791
5460 2 2 1 2 2741 3112 3113
5461 2 2 1 2 698 2738 3115
5462 2 2 1 2 2738 6 3114
5463 2 2 1 2 3115 3114 790
5464 2 2 1 2 2738 3114 3115
5465 2 2 1 2 791 3116 3118
5466 2 2 1 2 3116 790 3117
5467 2 2 1 2 3118 3117 204
5468 2 2 1 2 3116 3117 3118
5469 2 2 1 2 698 3115 3112
5470 2 2 1 2 3115 790 3116
5471 2 2 1 2 3112 3116 791
5472 2 2 1 2 3115 3116 3112
5473 2 2 1 2 205 3119 3121
5474 2 2 1 2 3119 792 3120
5475 2 2 1 2 3121 3120 794
5476 2 2 1 2 3119 3120 3121
5477 2 2 1 2 792 3122 3124
5478 2 2 1 2 3122 204 3123
5479 2 2 1 2 3124 3123 793
5480 2 2 1 2 3122 3123 3124
5481 2 2 1 2 794 3125 3127
5482 2 2 1 2 3125 793 3126
5483 2 2 1 2 3127 3126 55
5484 2 2 1 2 3125 3126 3127
5485 2 2 1 2 792 3124 3120
5486 2 2 1 2 3124 793 3125
5487 2 2 1 2 3120 3125 794
5488 2 2 1 2 3124 3125 3120
5489 2 2 1 2 182 3113 3107
5490 2 2 1 2 3113 791 3128
5491 2 2 1 2 3107 3128 788
5492 2 2 1 2 3113 3128 3107
5493 2 2 1 2 791 3118 3129
5494 2 2 1 2 3118 204 3122
5495 2 2 1 2 3129 3122 792
5496 2 2 1 2 3118 3122 3129
5497 2 2 1 2 788 3130 3110
5498 2 2 1 2 3130 792 3119
5499 2 2 1 2 3110 3119 205
5500 2 2 1 2 3130 3119 3110
5501 2 2 1 2 791 3129 3128
5502 2 2 1 2 3129 792 3130
5503 2 2 1 2 3128 3130 788
5504 2 2 1 2 3129 3130 3128
5505 2 2 1 2 56 3131 3133
5506 2 2 1 2 3131 795 3132
5507 2 2 1 2 3133 3132 797
5508 2 2 1 2 3131 3132 3133
5509 2 2 1 2 795 3134 3136
5510 2 2 1 2 3134 206 3135
5511 2 2 1 2 3136 3135 796
5512 2 2 1 2 3134 3135 3136
5513 2 2 1 2 797 3137 3139
5514 2 2 1 2 3137 796 3138
5515 2 2 1 2 3139 3138 208
5516 2 2 1 2 3137 3138 3139
5517 2 2 1 2 795 3136 3132
5518 2 2 1 2 3136 796 3137
5519 2 2 1 2 3132 3137 797
5520 2 2 1 2 3136 3137 3132
5521 2 2 1 2 206 3140 3142
5522 2 2 1 2 3140 798 3141
5523 2 2 1 2 3142 3141 800
5524 2 2 1 2 3140 3141 3142
5525 2 2 1 2 798 3143 3145
5526 2 2 1 2 3143 55 3144
5527 2 2 1 2 3145 3144 799
5528 2 2 1 2 3143 3144 3145
5529 2 2 1 2 800 3146 3148
5530 2 2 1 2 3146 799 3147
5531 2 2 1 2 3148 3147 207
5532 2 2 1 2 3146 3147 3148
5533 2 2 1 2 798 3145 3141
5534 2 2 1 2 3145 799 3146
5535 2 2 1 2 3141 3146 800
5536 2 2 1 2 3145 3146 3141
5537 2 2 1 2 208 3149 3151
5538 2 2 1 2 3149 801 3150
5539 2 2 1 2 3151 3150 803
5540 2 2 1 2 3149 3150 3151
5541 2 2 1 2 801 3152 3154
5542 2 2 1 2 3152 207 3153
5543 2 2 1 2 3154 3153 802
5544 2 2 1 2 3152 3153 3154
5545 2 2 1 2 803 3155 3157
5546 2 2 1 2 3155 802 3156
5547 2 2 1 2 3157 3156 17
5548 2 2 1 2 3155 3156 3157
5549 2 2 1 2 801 3154 3150
5550 2 2 1 2 3154 802 3155
5551 2 2 1 2 3150 3155 803
5552 2 2 1 2 3154 3155 3150
5553 2 2 1 2 206 3142 3135
5554 2 2 1 2 3142 800 3158
5555 2 2 1 2 3135 3158 796
5556 2 2 1 2 3142 3158 3135
5557 2 2 1 2 800 3148 3159
5558 2 2 1 2 3148 207 3152
5559 2 2 1 2 3159 3152 801
5560 2 2 1 2 3148 3152 3159
5561 2 2 1 2 796 3160 3138
5562 2 2 1 2 3160 801 3149
5563 2 2 1 2 3138 3149 208
5564 2 2 1 2 3160 3149 3138
5565 2 2 1 2 800 3159 3158
5566 2 2 1 2 3159 801 3160
5567 2 2 1 2 3158 3160 796
5568 2 2 1 2 3159 3160 3158
5569 2 2 1 2 50 3106 3088
5570 2 2 1 2 3106 789 3161
5571 2 2 1 2 3088 3161 783
5572 2 2 1 2 3106 3161 3088
5573 2 2 1 2 789 3111 3163
5574 2 2 1 2 3111 205 3162
5575 2 2 1 2 3163 3162 804
5576 2 2 1 2 3111 3162 3163
5577 2 2 1 2 783 3164 3091
5578 2 2 1 2 3164 804 3165
5579 2 2 1 2 3091 3165 202
5580 2 2 1 2 3164 3165 3091
5581 2 2 1 2 789 3163 3161
5582 2 2 1 2 3163 804 3164
5583 2 2 1 2 3161 3164 783
5584 2 2 1 2 3163 3164 3161
5585 2 2 1 2 205 3121 3167
5586 2 2 1 2 3121 794 3166
5587 2 2 1 2 3167 3166 805
5588 2 2 1 2 3121 3166 3167
5589 2 2 1 2 794 3127 3168
5590 2 2 1 2 3127 55 3143
5591 2 2 1 2 3168 3143 798
5592 2 2 1 2 3127 3143 3168
5593 2 2 1 2 805 3169 3170
5594 2 2 1 2 3169 798 3140
5595 2 2 1 2 3170 3140 206
5596 2 2 1 2 3169 3140 3170
5597 2 2 1 2 794 3168 3166
5598 2 2 1 2 3168 798 3169
5599 2 2 1 2 3166 3169 805
5600 2 2 1 2 3168 3169 3166
5601 2 2 1 2 202 3171 3097
5602 2 2 1 2 3171 806 3172
5603 2 2 1 2 3097 3172 786
5604 2 2 1 2 3171 3172 3097
5605 2 2 1 2 806 3173 3174
5606 2 2 1 2 3173 206 3134
5607 2 2 1 2 3174 3134 795
5608 2 2 1 2 3173 3134 3174
5609 2 2 1 2 786 3175 3100
5610 2 2 1 2 3175 795 3131
5611 2 2 1 2 3100 3131 56
5612 2 2 1 2 3175 3131 3100
5613 2 2 1 2 806 3174 3172
5614 2 2 1 2 3174 795 3175
5615 2 2 1 2 3172 3175 786
5616 2 2 1 2 3174 3175 3172
5617 2 2 1 2 205 3167 3162
5618 2 2 1 2 3167 805 3176
5619 2 2 1 2 3162 3176 804
5620 2 2 1 2 3167 3176 3162
5621 2 2 1 2 805 3170 3177
5622 2 2 1 2 3170 206 3173
5623 2 2 1 2 3177 3173 806
5624 2 2 1 2 3170 3173 3177
5625 2 2 1 2 804 3178 3165
5626 2 2 1 2 3178 806 3171
5627 2 2 1 2 3165 3171 202
5628 2 2 1 2 3178 3171 3165
5629 2 2 1 2 805 3177 3176
5630 2 2 1 2 3177 806 3178
5631 2 2 1 2 3176 3178 804
5632 2 2 1 2 3177 3178 3176
5633 2 2 1 2 7 3179 1135
5634 2 2 1 2 3179 807 3180
5635 2 2 1 2 1135 3180 289
5636 2 2 1 2 3179 3180 1135
5637 2 2 1 2 807 3181 3183
5638 2 2 1 2 3181 209 3182
5639 2 2 1 2 3183 3182 808
5640 2 2 1 2 3181 3182 3183
5641 2 2 1 2 289 3184 1138
5642 2 2 1 2 3184 808 3185
5643 2 2 1 2 1138 3185 76
5644 2 2 1 2 3184 3185 1138
5645 2 2 1 2 807 3183 3180
5646 2 2 1 2 3183 808 3184
5647 2 2 1 2 3180 3184 289
5648 2 2 1 2 3183 3184 3180
5649 2 2 1 2 209 3186 3188
5650 2 2 1 2 3186 809 3187
5651 2 2 1 2 3188 3187 811
5652 2 2 1 2 3186 3187 3188
5653 2 2 1 2 809 3189 3191
5654 2 2 1 2 3189 57 3190
5655 2 2 1 2 3191 3190 810
5656 2 2 1 2 3189 3190 3191
5657 2 2 1 2 811 3192 3194
5658 2 2 1 2 3192 810 3193
5659 2 2 1 2 3194 3193 210
5660 2 2 1 2 3192 3193 3194
5661 2 2 1 2 809 3191 3187
5662 2 2 1 2 3191 810 3192
5663 2 2 1 2 3187 3192 811
5664 2 2 1 2 3191 3192 3187
5665 2 2 1 2 76 3195 1144
5666 2 2 1 2 3195 812 3196
5667 2 2 1 2 1144 3196 292
5668 2 2 1 2 3195 3196 1144
5669 2 2 1 2 812 3197 3199
5670 2 2 1 2 3197 210 3198
5671 2 2 1 2 3199 3198 813
5672 2 2 1 2 3197 3198 3199
5673 2 2 1 2 292 3200 1147
5674 2 2 1 2 3200 813 3201
5675 2 2 1 2 1147 3201 22
5676 2 2 1 2 3200 3201 1147
5677 2 2 1 2 812 3199 3196
5678 2 2 1 2 3199 813 3200
5679 2 2 1 2 3196 3200 292
5680 2 2 1 2 3199 3200 3196
5681 2 2 1 2 209 3188 3182
5682 2 2 1 2 3188 811 3202
5683 2 2 1 2 3182 3202 808
5684 2 2 1 2 3188 3202 3182
5685 2 2 1 2 811 3194 3203
5686 2 2 1 2 3194 210 3197
5687 2 2 1 2 3203 3197 812
5688 2 2 1 2 3194 3197 3203
5689 2 2 1 2 808 3204 3185
5690 2 2 1 2 3204 812 3195
5691 2 2 1 2 3185 3195 76
5692 2 2 1 2 3204 3195 3185
5693 2 2 1 2 811 3203 3202
5694 2 2 1 2 3203 812 3204
5695 2 2 1 2 3202 3204 808
5696 2 2 1 2 3203 3204 3202
5697 2 2 1 2 57 3205 3207
5698 2 2 1 2 3205 814 3206
5699 2 2 1 2 3207 3206 816
5700 2 2 1 2 3205 3206 3207
5701 2 2 1 2 814 3208 3210
5702 2 2 1 2 3208 211 3209
5703 2 2 1 2 3210 3209 815
5704 2 2 1 2 3208 3209 3210
5705 2 2 1 2 816 3211 3213
5706 2 2 1 2 3211 815 3212
5707 2 2 1 2 3213 3212 213
5708 2 2 1 2 3211 3212 3213
5709 2 2 1 2 814 3210 3206
5710 2 2 1 2 3210 815 3211
5711 2 2 1 2 3206 3211 816
5712 2 2 1 2 3210 3211 3206
5713 2 2 1 2 211 3214 3216
5714 2 2 1 2 3214 817 3215
5715 2 2 1 2 3216 3215 819
5716 2 2 1 2 3214 3215 3216
5717 2 2 1 2 817 3217 3219
5718 2 2 1 2 3217 17 3218
5719 2 2 1 2 3219 3218 818
5720 2 2 1 2 3217 3218 3219
5721 2 2 1 2 819 3220 3222
5722 2 2 1 2 3220 818 3221
5723 2 2 1 2 3222 3221 212
5724 2 2 1 2 3220 3221 3222
5725 2 2 1 2 817 3219 3215
5726 2 2 1 2 3219 818 3220
5727 2 2 1 2 3215 3220 819
5728 2 2 1 2 3219 3220 3215
5729 2 2 1 2 213 3223 3225
5730 2 2 1 2 3223 820 3224
5731 2 2 1 2 3225 3224 822
5732 2 2 1 2 3223 3224 3225
5733 2 2 1 2 820 3226 3228
5734 2 2 1 2 3226 212 3227
5735 2 2 1 2 3228 3227 821
5736 2 2 1 2 3226 3227 3228
5737 2 2 1 2 822 3229 3231
5738 2 2 1 2 3229 821 3230
5739 2 2 1 2 3231 3230 58
5740 2 2 1 2 3229 3230 3231
5741 2 2 1 2 820 3228 3224
5742 2 2 1 2 3228 821 3229
5743 2 2 1 2 3224 3229 822
5744 2 2 1 2 3228 3229 3224
5745 2 2 1 2 211 3216 3209
5746 2 2 1 2 3216 819 3232
5747 2 2 1 2 3209 3232 815
5748 2 2 1 2 3216 3232 3209
5749 2 2 1 2 819 3222 3233
5750 2 2 1 2 3222 212 3226
5751 2 2 1 2 3233 3226 820
5752 2 2 1 2 3222 3226 3233
5753 2 2 1 2 815 3234 3212
5754 2 2 1 2 3234 820 3223
5755 2 2 1 2 3212 3223 213
5756 2 2 1 2 3234 3223 3212
5757 2 2 1 2 819 3233 3232
5758 2 2 1 2 3233 820 3234
5759 2 2 1 2 3232 3234 815
5760 2 2 1 2 3233 3234 3232
5761 2 2 1 2 22 3235 1165
5762 2 2 1 2 3235 823 3236
5763 2 2 1 2 1165 3236 298
5764 2 2 1 2 3235 3236 1165
5765 2 2 1 2 823 3237 3239
5766 2 2 1 2 3237 214 3238
5767 2 2 1 2 3239 3238 824
5768 2 2 1 2 3237 3238 3239
5769 2 2 1 2 298 3240 1168
5770 2 2 1 2 3240 824 3241
5771 2 2 1 2 1168 3241 79
5772 2 2 1 2 3240 3241 1168
5773 2 2 1 2 823 3239 3236
5774 2 2 1 2 3239 824 3240
5775 2 2 1 2 3236 3240 298
5776 2 2 1 2 3239 3240 3236
5777 2 2 1 2 214 3242 3244
5778 2 2 1 2 3242 825 3243
5779 2 2 1 2 3244 3243 827
5780 2 2 1 2 3242 3243 3244
5781 2 2 1 2 825 3245 3247
5782 2 2 1 2 3245 58 3246
5783 2 2 1 2 3247 3246 826
5784 2 2 1 2 3245 3246 3247
5785 2 2 1 2 827 3248 3250
5786 2 2 1 2 3248 826 3249
5787 2 2 1 2 3250 3249 215
5788 2 2 1 2 3248 3249 3250
5789 2 2 1 2 825 3247 3243
5790 2 2 1 2 3247 826 3248
5791 2 2 1 2 3243 3248 827
5792 2 2 1 2 3247 3248 3243
5793 2 2 1 2 79 3251 1174
5794 2 2 1 2 3251 828 3252
5795 2 2 1 2 1174 3252 301
5796 2 2 1 2 3251 3252 1174
5797 2 2 1 2 828 3253 3255
5798 2 2 1 2 3253 215 3254
5799 2 2 1 2 3255 3254 829
5800 2 2 1 2 3253 3254 3255
5801 2 2 1 2 301 3256 1177
5802 2 2 1 2 3256 829 3257
5803 2 2 1 2 1177 3257 2
5804 2 2 1 2 3256 3257 1177
5805 2 2 1 2 828 3255 3252
5806 2 2 1 2 3255 829 3256
5807 2 2 1 2 3252 3256 301
5808 2 2 1 2 3255 3256 3252
5809 2 2 1 2 214 3244 3238
5810 2 2 1 2 3244 827 3258
5811 2 2 1 2 3238 3258 824
5812 2 2 1 2 3244 3258 3238
5813 2 2 1 2 827 3250 3259
5814 2 2 1 2 3250 215 3253
5815 2 2 1 2 3259 3253 828
5816 2 2 1 2 3250 3253 3259
5817 2 2 1 2 824 3260 3241
5818 2 2 1 2 3260 828 3251
5819 2 2 1 2 3241 3251 79
5820 2 2 1 2 3260 3251 3241
5821 2 2 1 2 827 3259 3258
5822 2 2 1 2 3259 828 3260
5823 2 2 1 2 3258 3260 824
5824 2 2 1 2 3259 3260 3258
5825 2 2 1 2 57 3207 3190
5826 2 2 1 2 3207 816 3261
5827 2 2 1 2 3190 3261 810
5828 2 2 1 2 3207 3261 3190
5829 2 2 1 2 816 3213 3263
5830 2 2 1 2 3213 213 3262
5831 2 2 1 2 3263 3262 830
5832 2 2 1 2 3213 3262 3263
5833 2 2 1 2 810 3264 3193
5834 2 2 1 2 3264 830 3265
5835 2 2 1 2 3193 3265 210
5836 2 2 1 2 3264 3265 3193
5837 2 2 1 2 816 3263 3261
5838 2 2 1 2 3263 830 3264
5839 2 2 1 2 3261 3264 810
5840 2 2 1 2 3263 3264 3261
5841 2 2 1 2 213 3225 3267
5842 2 2 1 2 3225 822 3266
5843 2 2 1 2 3267 3266 831
5844 2 2 1 2 3225 3266 3267
5845 2 2 1 2 822 3231 3268
5846 2 2 1 2 3231 58 3245
5847 2 2 1 2 3268 3245 825
5848 2 2 1 2 3231 3245 3268
5849 2 2 1 2 831 3269 3270
5850 2 2 1 2 3269 825 3242
5851 2 2 1 2 3270 3242 214
5852 2 2 1 2 3269 3242 3270
5853 2 2 1 2 822 3268 3266
5854 2 2 1 2 3268 825 3269
5855 2 2 1 2 3266 3269 831
5856 2 2 1 2 3268 3269 3266
5857 2 2 1 2 210 3271 3198
5858 2 2 1 2 3271 832 3272
5859 2 2 1 2 3198 3272 813
5860 2 2 1 2 3271 3272 3198
5861 2 2 1 2 832 3273 3274
5862 2 2 1 2 3273 214 3237
5863 2 2 1 2 3274 3237 823
5864 2 2 1 2 3273 3237 3274
5865 2 2 1 2 813 3275 3201
5866 2 2 1 2 3275 823 3235
5867 2 2 1 2 3201 3235 22
5868 2 2 1 2 3275 3235 3201
5869 2 2 1 2 832 3274 3272
5870 2 2 1 2 3274 823 3275
5871 2 2 1 2 3272 3275 813
5872 2 2 1 2 3274 3275 3272
5873 2 2 1 2 213 3267 3262
5874 2 2 1 2 3267 831 3276
5875 2 2 1 2 3262 3276 830
5876 2 2 1 2 3267 3276 3262
5877 2 2 1 2 831 3270 3277
5878 2 2 1 2 3270 214 3273
5879 2 2 1 2 3277 3273 832
5880 2 2 1 2 3270 3273 3277
5881 2 2 1 2 830 3278 3265
5882 2 2 1 2 3278 832 3271
5883 2 2 1 2 3265 3271 210
5884 2 2 1 2 3278 3271 3265
5885 2 2 1 2 831 3277 3276
5886 2 2 1 2 3277 832 3278
5887 2 2 1 2 3276 3278 830
5888 2 2 1 2 3277 3278 3276
5889 2 2 1 2 16 3080 3018
5890 2 2 1 2 3080 782 3279
5891 2 2 1 2 3018 3279 766
5892 2 2 1 2 3080 3279 3018
5893 2 2 1 2 782 3085 3281
5894 2 2 1 2 3085 203 3280
5895 2 2 1 2 3281 3280 833
5896 2 2 1 2 3085 3280 3281
5897 2 2 1 2 766 3282 3021
5898 2 2 1 2 3282 833 3283
5899 2 2 1 2 3021 3283 198
5900 2 2 1 2 3282 3283 3021
5901 2 2 1 2 782 3281 3279
5902 2 2 1 2 3281 833 3282
5903 2 2 1 2 3279 3282 766
5904 2 2 1 2 3281 3282 3279
5905 2 2 1 2 203 3095 3285
5906 2 2 1 2 3095 787 3284
5907 2 2 1 2 3285 3284 835
5908 2 2 1 2 3095 3284 3285
5909 2 2 1 2 787 3101 3287
5910 2 2 1 2 3101 56 3286
5911 2 2 1 2 3287 3286 834
5912 2 2 1 2 3101 3286 3287
5913 2 2 1 2 835 3288 3290
5914 2 2 1 2 3288 834 3289
5915 2 2 1 2 3290 3289 216
5916 2 2 1 2 3288 3289 3290
5917 2 2 1 2 787 3287 3284
5918 2 2 1 2 3287 834 3288
5919 2 2 1 2 3284 3288 835
5920 2 2 1 2 3287 3288 3284
5921 2 2 1 2 198 3291 3027
5922 2 2 1 2 3291 836 3292
5923 2 2 1 2 3027 3292 769
5924 2 2 1 2 3291 3292 3027
5925 2 2 1 2 836 3293 3295
5926 2 2 1 2 3293 216 3294
5927 2 2 1 2 3295 3294 837
5928 2 2 1 2 3293 3294 3295
5929 2 2 1 2 769 3296 3030
5930 2 2 1 2 3296 837 3297
5931 2 2 1 2 3030 3297 54
5932 2 2 1 2 3296 3297 3030
5933 2 2 1 2 836 3295 3292
5934 2 2 1 2 3295 837 3296
5935 2 2 1 2 3292 3296 769
5936 2 2 1 2 3295 3296 3292
5937 2 2 1 2 203 3285 3280
5938 2 2 1 2 3285 835 3298
5939 2 2 1 2 3280 3298 833
5940 2 2 1 2 3285 3298 3280
5941 2 2 1 2 835 3290 3299
5942 2 2 1 2 3290 216 3293
5943 2 2 1 2 3299 3293 836
5944 2 2 1 2 3290 3293 3299
5945 2 2 1 2 833 3300 3283
5946 2 2 1 2 3300 836 3291
5947 2 2 1 2 3283 3291 198
5948 2 2 1 2 3300 3291 3283
5949 2 2 1 2 835 3299 3298
5950 2 2 1 2 3299 836 3300
5951 2 2 1 2 3298 3300 833
5952 2 2 1 2 3299 3300 3298
5953 2 2 1 2 56 3133 3302
5954 2 2 1 2 3133 797 3301
5955 2 2 1 2 3302 3301 839
5956 2 2 1 2 3133 3301 3302
5957 2 2 1 2 797 3139 3304
5958 2 2 1 2 3139 208 3303
5959 2 2 1 2 3304 3303 838
5960 2 2 1 2 3139 3303 3304
5961 2 2 1 2 839 3305 3307
5962 2 2 1 2 3305 838 3306
5963 2 2 1 2 3307 3306 217
5964 2 2 1 2 3305 3306 3307
5965 2 2 1 2 797 3304 3301
5966 2 2 1 2 3304 838 3305
5967 2 2 1 2 3301 3305 839
5968 2 2 1 2 3304 3305 3301
5969 2 2 1 2 208 3151 3309
5970 2 2 1 2 3151 803 3308
5971 2 2 1 2 3309 3308 840
5972 2 2 1 2 3151 3308 3309
5973 2 2 1 2 803 3157 3310
5974 2 2 1 2 3157 17 3217
5975 2 2 1 2 3310 3217 817
5976 2 2 1 2 3157 3217 3310
5977 2 2 1 2 840 3311 3312
5978 2 2 1 2 3311 817 3214
5979 2 2 1 2 3312 3214 211
5980 2 2 1 2 3311 3214 3312
5981 2 2 1 2 803 3310 3308
5982 2 2 1 2 3310 817 3311
5983 2 2 1 2 3308 3311 840
5984 2 2 1 2 3310 3311 3308
5985 2 2 1 2 217 3313 3315
5986 2 2 1 2 3313 841 3314
5987 2 2 1 2 3315 3314 842
5988 2 2 1 2 3313 3314 3315
5989 2 2 1 2 841 3316 3317
5990 2 2 1 2 3316 211 3208
5991 2 2 1 2 3317 3208 814
5992 2 2 1 2 3316 3208 3317
5993 2 2 1 2 842 3318 3319
5994 2 2 1 2 3318 814 3205
5995 2 2 1 2 3319 3205 57
5996 2 2 1 2 3318 3205 3319
5997 2 2 1 2 841 3317 3314
5998 2 2 1 2 3317 814 3318
5999 2 2 1 2 3314 3318 842
6000 2 2 1 2 3317 3318 3314
6001 2 2 1 2 208 3309 3303
6002 2 2 1 2 3309 840 3320
6003 2 2 1 2 3303 3320 838
6004 2 2 1 2 3309 3320 3303
6005 2 2 1 2 840 3312 3321
6006 2 2 1 2 3312 211 3316
6007 2 2 1 2 3321 3316 841
6008 2 2 1 2 3312 3316 3321
6009 2 2 1 2 838 3322 3306
6010 2 2 1 2 3322 841 3313
6011 2 2 1 2 3306 3313 217
6012 2 2 1 2 3322 3313 3306
6013 2 2 1 2 840 3321 3320
6014 2 2 1 2 3321 841 3322
6015 2 2 1 2 3320 3322 838
6016 2 2 1 2 3321 3322 3320
6017 2 2 1 2 54 3323 3046
6018 2 2 1 2 3323 843 3324
6019 2 2 1 2 3046 3324 774
6020 2 2 1 2 3323 3324 3046
6021 2 2 1 2 843 3325 3327
6022 2 2 1 2 3325 218 3326
6023 2 2 1 2 3327 3326 844
6024 2 2 1 2 3325 3326 3327
6025 2 2 1 2 774 3328 3049
6026 2 2 1 2 3328 844 3329
6027 2 2 1 2 3049 3329 201
6028 2 2 1 2 3328 3329 3049
6029 2 2 1 2 843 3327 3324
6030 2 2 1 2 3327 844 3328
6031 2 2 1 2 3324 3328 774
6032 2 2 1 2 3327 3328 3324
6033 2 2 1 2 218 3330 3332
6034 2 2 1 2 3330 845 3331
6035 2 2 1 2 3332 3331 846
6036 2 2 1 2 3330 3331 3332
6037 2 2 1 2 845 3333 3334
6038 2 2 1 2 3333 57 3189
6039 2 2 1 2 3334 3189 809
6040 2 2 1 2 3333 3189 3334
6041 2 2 1 2 846 3335 3336
6042 2 2 1 2 3335 809 3186
6043 2 2 1 2 3336 3186 209
6044 2 2 1 2 3335 3186 3336
6045 2 2 1 2 845 3334 3331
6046 2 2 1 2 3334 809 3335
6047 2 2 1 2 3331 3335 846
6048 2 2 1 2 3334 3335 3331
6049 2 2 1 2 201 3337 3054
6050 2 2 1 2 3337 847 3338
6051 2 2 1 2 3054 3338 777
6052 2 2 1 2 3337 3338 3054
6053 2 2 1 2 847 3339 3340
6054 2 2 1 2 3339 209 3181
6055 2 2 1 2 3340 3181 807
6056 2 2 1 2 3339 3181 3340
6057 2 2 1 2 777 3341 3057
6058 2 2 1 2 3341 807 3179
6059 2 2 1 2 3057 3179 7
6060 2 2 1 2 3341 3179 3057
6061 2 2 1 2 847 3340 3338
6062 2 2 1 2 3340 807 3341
6063 2 2 1 2 3338 3341 777
6064 2 2 1 2 3340 3341 3338
6065 2 2 1 2 218 3332 3326
6066 2 2 1 2 3332 846 3342
6067 2 2 1 2 3326 3342 844
6068 2 2 1 2 3332 3342 3326
6069 2 2 1 2 846 3336 3343
6070 2 2 1 2 3336 209 3339
6071 2 2 1 2 3343 3339 847
6072 2 2 1 2 3336 3339 3343
6073 2 2 1 2 844 3344 3329
6074 2 2 1 2 3344 847 3337
6075 2 2 1 2 3329 3337 201
6076 2 2 1 2 3344 3337 3329
6077 2 2 1 2 846 3343 3342
6078 2 2 1 2 3343 847 3344
6079 2 2 1 2 3342 3344 844
6080 2 2 1 2 3343 3344 3342
6081 2 2 1 2 56 3302 3286
6082 2 2 1 2 3302 839 3345
6083 2 2 1 2 3286 3345 834
6084 2 2 1 2 3302 3345 3286
6085 2 2 1 2 839 3307 3347
6086 2 2 1 2 3307 217 3346
6087 2 2 1 2 3347 3346 848
6088 2 2 1 2 3307 3346 3347
6089 2 2 1 2 834 3348 3289
6090 2 2 1 2 3348 848 3349
6091 2 2 1 2 3289 3349 216
6092 2 2 1 2 3348 3349 3289
6093 2 2 1 2 839 3347 3345
6094 2 2 1 2 3347 848 3348
6095 2 2 1 2 3345 3348 834
6096 2 2 1 2 3347 3348 3345
6097 2 2 1 2 217 3315 3351
6098 2 2 1 2 3315 842 3350
6099 2 2 1 2 3351 3350 849
6100 2 2 1 2 3315 3350 3351
6101 2 2 1 2 842 3319 3352
6102 2 2 1 2 3319 57 3333
6103 2 2 1 2 3352 3333 845
6104 2 2 1 2 3319 3333 3352
6105 2 2 1 2 849 3353 3354
6106 2 2 1 2 3353 845 3330
6107 2 2 1 2 3354 3330 218
6108 2 2 1 2 3353 3330 3354
6109 2 2 1 2 842 3352 3350
6110 2 2 1 2 3352 845 3353
6111 2 2 1 2 3350 3353 849
6112 2 2 1 2 3352 3353 3350
6113 2 2 1 2 216 3355 3294
6114 2 2 1 2 3355 850 3356
6115 2 2 1 2 3294 3356 837
6116 2 2 1 2 3355 3356 3294
6117 2 2 1 2 850 3357 3358
6118 2 2 1 2 3357 218 3325
6119 2 2 1 2 3358 3325 843
6120 2 2 1 2 3357 3325 3358
6121 2 2 1 2 837 3359 3297
6122 2 2 1 2 3359 843 3323
6123 2 2 1 2 3297 3323 54
6124 2 2 1 2 3359 3323 3297
6125 2 2 1 2 850 3358 3356
6126 2 2 1 2 3358 843 3359
6127 2 2 1 2 3356 3359 837
6128 2 2 1 2 3358 3359 3356
6129 2 2 1 2 217 3351 3346
6130 2 2 1 2 3351 849 3360
6131 2 2 1 2 3346 3360 848
6132 2 2 1 2 3351 3360 3346
6133 2 2 1 2 849 3354 3361
6134 2 2 1 2 3354 218 3357
6135 2 2 1 2 3361 3357 850
6136 2 2 1 2 3354 3357 3361
6137 2 2 1 2 848 3362 3349
6138 2 2 1 2 3362 850 3355
6139 2 2 1 2 3349 3355 216
6140 2 2 1 2 3362 3355 3349
6141 2 2 1 2 849 3361 3360
6142 2 2 1 2 3361 850 3362
6143 2 2 1 2 3360 3362 848
6144 2 2 1 2 3361 3362 3360
6145 2 2 1 2 2 3257 1435
6146 2 2 1 2 3257 829 3363
6147 2 2 1 2 1435 3363 367
6148 2 2 1 2 3257 3363 1435
6149 2 2 1 2 829 3254 3365
6150 2 2 1 2 3254 215 3364
6151 2 2 1 2 3365 3364 851
6152 2 2 1 2 3254 3364 3365
6153 2 2 1 2 367 3366 1437
6154 2 2 1 2 3366 851 3367
6155 2 2 1 2 1437 3367 97
6156 2 2 1 2 3366 3367 1437
6157 2 2 1 2 829 3365 3363
6158 2 2 1 2 3365 851 3366
6159 2 2 1 2 3363 3366 367
6160 2 2 1 2 3365 3366 3363
6161 2 2 1 2 215 3249 3369
6162 2 2 1 2 3249 826 3368
6163 2 2 1 2 3369 3368 853
6164 2 2 1 2 3249 3368 3369
6165 2 2 1 2 826 3246 3371
6166 2 2 1 2 3246 58 3370
6167 2 2 1 2 3371 3370 852
6168 2 2 1 2 3246 3370 3371
6169 2 2 1 2 853 3372 3374
6170 2 2 1 2 3372 852 3373
6171 2 2 1 2 3374 3373 219
6172 2 2 1 2 3372 3373 3374
6173 2 2 1 2 826 3371 3368
6174 2 2 1 2 3371 852 3372
6175 2 2 1 2 3368 3372 853
6176 2 2 1 2 3371 3372 3368
6177 2 2 1 2 97 3375 1442
6178 2 2 1 2 3375 854 3376
6179 2 2 1 2 1442 3376 369
6180 2 2 1 2 3375 3376 1442
6181 2 2 1 2 854 3377 3379
6182 2 2 1 2 3377 219 3378
6183 2 2 1 2 3379 3378 855
6184 2 2 1 2 3377 3378 3379
6185 2 2 1 2 369 3380 1445
6186 2 2 1 2 3380 855 3381
6187 2 2 1 2 1445 3381 28
6188 2 2 1 2 3380 3381 1445
6189 2 2 1 2 854 3379 3376
6190 2 2 1 2 3379 855 3380
6191 2 2 1 2 3376 3380 369
6192 2 2 1 2 3379 3380 3376
6193 2 2 1 2 215 3369 3364
6194 2 2 1 2 3369 853 3382
6195 2 2 1 2 3364 3382 851
6196 2 2 1 2 3369 3382 3364
6197 2 2 1 2 853 3374 3383
6198 2 2 1 2 3374 219 3377
6199 2 2 1 2 3383 3377 854
6200 2 2 1 2 3374 3377 3383
6201 2 2 1 2 851 3384 3367
6202 2 2 1 2 3384 854 3375
6203 2 2 1 2 3367 3375 97
6204 2 2 1 2 3384 3375 3367
6205 2 2 1 2 853 3383 3382
6206 2 2 1 2 3383 854 3384
6207 2 2 1 2 3382 3384 851
6208 2 2 1 2 3383 3384 3382
6209 2 2 1 2 58 3230 3386
6210 2 2 1 2 3230 821 3385
6211 2 2 1 2 3386 3385 857
6212 2 2 1 2 3230 3385 3386
6213 2 2 1 2 821 3227 3388
6214 2 2 1 2 3227 212 3387
6215 2 2 1 2 3388 3387 856
6216 2 2 1 2 3227 3387 3388
6217 2 2 1 2 857 3389 3391
6218 2 2 1 2 3389 856 3390
6219 2 2 1 2 3391 3390 221
6220 2 2 1 2 3389 3390 3391
6221 2 2 1 2 821 3388 3385
6222 2 2 1 2 3388 856 3389
6223 2 2 1 2 3385 3389 857
6224 2 2 1 2 3388 3389 3385
6225 2 2 1 2 212 3221 3393
6226 2 2 1 2 3221 818 3392
6227 2 2 1 2 3393 3392 859
6228 2 2 1 2 3221 3392 3393
6229 2 2 1 2 818 3218 3395
6230 2 2 1 2 3218 17 3394
6231 2 2 1 2 3395 3394 858
6232 2 2 1 2 3218 3394 3395
6233 2 2 1 2 859 3396 3398
6234 2 2 1 2 3396 858 3397
6235 2 2 1 2 3398 3397 220
6236 2 2 1 2 3396 3397 3398
6237 2 2 1 2 818 3395 3392
6238 2 2 1 2 3395 858 3396
6239 2 2 1 2 3392 3396 859
6240 2 2 1 2 3395 3396 3392
6241 2 2 1 2 221 3399 3401
6242 2 2 1 2 3399 860 3400
6243 2 2 1 2 3401 3400 862
6244 2 2 1 2 3399 3400 3401
6245 2 2 1 2 860 3402 3404
6246 2 2 1 2 3402 220 3403
6247 2 2 1 2 3404 3403 861
6248 2 2 1 2 3402 3403 3404
6249 2 2 1 2 862 3405 3407
6250 2 2 1 2 3405 861 3406
6251 2 2 1 2 3407 3406 59
6252 2 2 1 2 3405 3406 3407
6253 2 2 1 2 860 3404 3400
6254 2 2 1 2 3404 861 3405
6255 2 2 1 2 3400 3405 862
6256 2 2 1 2 3404 3405 3400
6257 2 2 1 2 212 3393 3387
6258 2 2 1 2 3393 859 3408
6259 2 2 1 2 3387 3408 856
6260 2 2 1 2 3393 3408 3387
6261 2 2 1 2 859 3398 3409
6262 2 2 1 2 3398 220 3402
6263 2 2 1 2 3409 3402 860
6264 2 2 1 2 3398 3402 3409
6265 2 2 1 2 856 3410 3390
6266 2 2 1 2 3410 860 3399
6267 2 2 1 2 3390 3399 221
6268 2 2 1 2 3410 3399 3390
6269 2 2 1 2 859 3409 3408
6270 2 2 1 2 3409 860 3410
6271 2 2 1 2 3408 3410 856
6272 2 2 1 2 3409 3410 3408
6273 2 2 1 2 28 3411 1461
6274 2 2 1 2 3411 863 3412
6275 2 2 1 2 1461 3412 374
6276 2 2 1 2 3411 3412 1461
6277 2 2 1 2 863 3413 3415
6278 2 2 1 2 3413 222 3414
6279 2 2 1 2 3415 3414 864
6280 2 2 1 2 3413 3414 3415
6281 2 2 1 2 374 3416 1464
6282 2 2 1 2 3416 864 3417
6283 2 2 1 2 1464 3417 99
6284 2 2 1 2 3416 3417 1464
6285 2 2 1 2 863 3415 3412
6286 2 2 1 2 3415 864 3416
6287 2 2 1 2 3412 3416 374
6288 2 2 1 2 3415 3416 3412
6289 2 2 1 2 222 3418 3420
6290 2 2 1 2 3418 865 3419
6291 2 2 1 2 3420 3419 867
6292 2 2 1 2 3418 3419 3420
6293 2 2 1 2 865 3421 3423
6294 2 2 1 2 3421 59 3422
6295 2 2 1 2 3423 3422 866
6296 2 2 1 2 3421 3422 3423
6297 2 2 1 2 867 3424 3426
6298 2 2 1 2 3424 866 3425
6299 2 2 1 2 3426 3425 223
6300 2 2 1 2 3424 3425 3426
6301 2 2 1 2 865 3423 3419
6302 2 2 1 2 3423 866 3424
6303 2 2 1 2 3419 3424 867
6304 2 2 1 2 3423 3424 3419
6305 2 2 1 2 99 3427 1470
6306 2 2 1 2 3427 868 3428
6307 2 2 1 2 1470 3428 377
6308 2 2 1 2 3427 3428 1470
6309 2 2 1 2 868 3429 3431
6310 2 2 1 2 3429 223 3430
6311 2 2 1 2 3431 3430 869
6312 2 2 1 2 3429 3430 3431
6313 2 2 1 2 377 3432 1473
6314 2 2 1 2 3432 869 3433
6315 2 2 1 2 1473 3433 10
6316 2 2 1 2 3432 3433 1473
6317 2 2 1 2 868 3431 3428
6318 2 2 1 2 3431 869 3432
6319 2 2 1 2 3428 3432 377
6320 2 2 1 2 3431 3432 3428
6321 2 2 1 2 222 3420 3414
6322 2 2 1 2 3420 867 3434
6323 2 2 1 2 3414 3434 864
6324 2 2 1 2 3420 3434 3414
6325 2 2 1 2 867 3426 3435
6326 2 2 1 2 3426 223 3429
6327 2 2 1 2 3435 3429 868
6328 2 2 1 2 3426 3429 3435
6329 2 2 1 2 864 3436 3417
6330 2 2 1 2 3436 868 3427
6331 2 2 1 2 3417 3427 99
6332 2 2 1 2 3436 3427 3417
6333 2 2 1 2 867 3435 3434
6334 2 2 1 2 3435 868 3436
6335 2 2 1 2 3434 3436 864
6336 2 2 1 2 3435 3436 3434
6337 2 2 1 2 58 3386 3370
6338 2 2 1 2 3386 857 3437
6339 2 2 1 2 3370 3437 852
6340 2 2 1 2 3386 3437 3370
6341 2 2 1 2 857 3391 3439
6342 2 2 1 2 3391 221 3438
6343 2 2 1 2 3439 3438 870
6344 2 2 1 2 3391 3438 3439
6345 2 2 1 2 852 3440 3373
6346 2 2 1 2 3440 870 3441
6347 2 2 1 2 3373 3441 219
6348 2 2 1 2 3440 3441 3373
6349 2 2 1 2 857 3439 3437
6350 2 2 1 2 3439 870 3440
6351 2 2 1 2 3437 3440 852
6352 2 2 1 2 3439 3440 3437
6353 2 2 1 2 221 3401 3443
6354 2 2 1 2 3401 862 3442
6355 2 2 1 2 3443 3442 871
6356 2 2 1 2 3401 3442 3443
6357 2 2 1 2 862 3407 3444
6358 2 2 1 2 3407 59 3421
6359 2 2 1 2 3444 3421 865
6360 2 2 1 2 3407 3421 3444
6361 2 2 1 2 871 3445 3446
6362 2 2 1 2 3445 865 3418
6363 2 2 1 2 3446 3418 222
6364 2 2 1 2 3445 3418 3446
6365 2 2 1 2 862 3444 3442
6366 2 2 1 2 3444 865 3445
6367 2 2 1 2 3442 3445 871
6368 2 2 1 2 3444 3445 3442
6369 2 2 1 2 219 3447 3378
6370 2 2 1 2 3447 872 3448
6371 2 2 1 2 3378 3448 855
6372 2 2 1 2 3447 3448 3378
6373 2 2 1 2 872 3449 3450
6374 2 2 1 2 3449 222 3413
6375 2 2 1 2 3450 3413 863
6376 2 2 1 2 3449 3413 3450
6377 2 2 1 2 855 3451 3381
6378 2 2 1 2 3451 863 3411
6379 2 2 1 2 3381 3411 28
6380 2 2 1 2 3451 3411 3381
6381 2 2 1 2 872 3450 3448
6382 2 2 1 2 3450 863 3451
6383 2 2 1 2 3448 3451 855
6384 2 2 1 2 3450 3451 3448
6385 2 2 1 2 221 3443 3438
6386 2 2 1 2 3443 871 3452
6387 2 2 1 2 3438 3452 870
6388 2 2 1 2 3443 3452 3438
6389 2 2 1 2 871 3446 3453
6390 2 2 1 2 3446 222 3449
6391 2 2 1 2 3453 3449 872
6392 2 2 1 2 3446 3449 3453
6393 2 2 1 2 870 3454 3441
6394 2 2 1 2 3454 872 3447
6395 2 2 1 2 3441 3447 219
6396 2 2 1 2 3454 3447 3441
6397 2 2 1 2 871 3453 3452
6398 2 2 1 2 3453 872 3454
6399 2 2 1 2 3452 3454 870
6400 2 2 1 2 3453 3454 3452
6401 2 2 1 2 17 3156 3456
6402 2 2 1 2 3156 802 3455
6403 2 2 1 2 3456 3455 874
6404 2 2 1 2 3156 3455 3456
6405 2 2 1 2 802 3153 3458
6406 2 2 1 2 3153 207 3457
6407 2 2 1 2 3458 3457 873
6408 2 2 1 2 3153 3457 3458
6409 2 2 1 2 874 3459 3461
6410 2 2 1 2 3459 873 3460
6411 2 2 1 2 3461 3460 225
6412 2 2 1 2 3459 3460 3461
6413 2 2 1 2 802 3458 3455
6414 2 2 1 2 3458 873 3459
6415 2 2 1 2 3455 3459 874
6416 2 2 1 2 3458 3459 3455
6417 2 2 1 2 207 3147 3463
6418 2 2 1 2 3147 799 3462
6419 2 2 1 2 3463 3462 876
6420 2 2 1 2 3147 3462 3463
6421 2 2 1 2 799 3144 3465
6422 2 2 1 2 3144 55 3464
6423 2 2 1 2 3465 3464 875
6424 2 2 1 2 3144 3464 3465
6425 2 2 1 2 876 3466 3468
6426 2 2 1 2 3466 875 3467
6427 2 2 1 2 3468 3467 224
6428 2 2 1 2 3466 3467 3468
6429 2 2 1 2 799 3465 3462
6430 2 2 1 2 3465 875 3466
6431 2 2 1 2 3462 3466 876
6432 2 2 1 2 3465 3466 3462
6433 2 2 1 2 225 3469 3471
6434 2 2 1 2 3469 877 3470
6435 2 2 1 2 3471 3470 879
6436 2 2 1 2 3469 3470 3471
6437 2 2 1 2 877 3472 3474
6438 2 2 1 2 3472 224 3473
6439 2 2 1 2 3474 3473 878
6440 2 2 1 2 3472 3473 3474
6441 2 2 1 2 879 3475 3477
6442 2 2 1 2 3475 878 3476
6443 2 2 1 2 3477 3476 61
6444 2 2 1 2 3475 3476 3477
6445 2 2 1 2 877 3474 3470
6446 2 2 1 2 3474 878 3475
6447 2 2 1 2 3470 3475 879
6448 2 2 1 2 3474 3475 3470
6449 2 2 1 2 207 3463 3457
6450 2 2 1 2 3463 876 3478
6451 2 2 1 2 3457 3478 873
6452 2 2 1 2 3463 3478 3457
6453 2 2 1 2 876 3468 3479
6454 2 2 1 2 3468 224 3472
6455 2 2 1 2 3479 3472 877
6456 2 2 1 2 3468 3472 3479
6457 2 2 1 2 873 3480 3460
6458 2 2 1 2 3480 877 3469
6459 2 2 1 2 3460 3469 225
6460 2 2 1 2 3480 3469 3460
6461 2 2 1 2 876 3479 3478
6462 2 2 1 2 3479 877 3480
6463 2 2 1 2 3478 3480 873
6464 2 2 1 2 3479 3480 3478
6465 2 2 1 2 55 3126 3482
6466 2 2 1 2 3126 793 3481
6467 2 2 1 2 3482 3481 881
6468 2 2 1 2 3126 3481 3482
6469 2 2 1 2 793 3123 3484
6470 2 2 1 2 3123 204 3483
6471 2 2 1 2 3484 3483 880
6472 2 2 1 2 3123 3483 3484
6473 2 2 1 2 881 3485 3487
6474 2 2 1 2 3485 880 3486
6475 2 2 1 2 3487 3486 227
6476 2 2 1 2 3485 3486 3487
6477 2 2 1 2 793 3484 3481
6478 2 2 1 2 3484 880 3485
6479 2 2 1 2 3481 3485 881
6480 2 2 1 2 3484 3485 3481
6481 2 2 1 2 204 3117 3489
6482 2 2 1 2 3117 790 3488
6483 2 2 1 2 3489 3488 883
6484 2 2 1 2 3117 3488 3489
6485 2 2 1 2 790 3114 3491
6486 2 2 1 2 3114 6 3490
6487 2 2 1 2 3491 3490 882
6488 2 2 1 2 3114 3490 3491
6489 2 2 1 2 883 3492 3494
6490 2 2 1 2 3492 882 3493
6491 2 2 1 2 3494 3493 226
6492 2 2 1 2 3492 3493 3494
6493 2 2 1 2 790 3491 3488
6494 2 2 1 2 3491 882 3492
6495 2 2 1 2 3488 3492 883
6496 2 2 1 2 3491 3492 3488
6497 2 2 1 2 227 3495 3497
6498 2 2 1 2 3495 884 3496
6499 2 2 1 2 3497 3496 886
6500 2 2 1 2 3495 3496 3497
6501 2 2 1 2 884 3498 3500
6502 2 2 1 2 3498 226 3499
6503 2 2 1 2 3500 3499 885
6504 2 2 1 2 3498 3499 3500
6505 2 2 1 2 886 3501 3503
6506 2 2 1 2 3501 885 3502
6507 2 2 1 2 3503 3502 60
6508 2 2 1 2 3501 3502 3503
6509 2 2 1 2 884 3500 3496
6510 2 2 1 2 3500 885 3501
6511 2 2 1 2 3496 3501 886
6512 2 2 1 2 3500 3501 3496
6513 2 2 1 2 204 3489 3483
6514 2 2 1 2 3489 883 3504
6515 2 2 1 2 3483 3504 880
6516 2 2 1 2 3489 3504 3483
6517 2 2 1 2 883 3494 3505
6518 2 2 1 2 3494 226 3498
6519 2 2 1 2 3505 3498 884
6520 2 2 1 2 3494 3498 3505
6521 2 2 1 2 880 3506 3486
6522 2 2 1 2 3506 884 3495
6523 2 2 1 2 3486 3495 227
6524 2 2 1 2 3506 3495 3486
6525 2 2 1 2 883 3505 3504
6526 2 2 1 2 3505 884 3506
6527 2 2 1 2 3504 3506 880
6528 2 2 1 2 3505 3506 3504
6529 2 2 1 2 61 3507 3509
6530 2 2 1 2 3507 887 3508
6531 2 2 1 2 3509 3508 889
6532 2 2 1 2 3507 3508 3509
6533 2 2 1 2 887 3510 3512
6534 2 2 1 2 3510 228 3511
6535 2 2 1 2 3512 3511 888
6536 2 2 1 2 3510 3511 3512
6537 2 2 1 2 889 3513 3515
6538 2 2 1 2 3513 888 3514
6539 2 2 1 2 3515 3514 230
6540 2 2 1 2 3513 3514 3515
6541 2 2 1 2 887 3512 3508
6542 2 2 1 2 3512 888 3513
6543 2 2 1 2 3508 3513 889
6544 2 2 1 2 3512 3513 3508
6545 2 2 1 2 228 3516 3518
6546 2 2 1 2 3516 890 3517
6547 2 2 1 2 3518 3517 892
6548 2 2 1 2 3516 3517 3518
6549 2 2 1 2 890 3519 3521
6550 2 2 1 2 3519 60 3520
6551 2 2 1 2 3521 3520 891
6552 2 2 1 2 3519 3520 3521
6553 2 2 1 2 892 3522 3524
6554 2 2 1 2 3522 891 3523
6555 2 2 1 2 3524 3523 229
6556 2 2 1 2 3522 3523 3524
6557 2 2 1 2 890 3521 3517
6558 2 2 1 2 3521 891 3522
6559 2 2 1 2 3517 3522 892
6560 2 2 1 2 3521 3522 3517
6561 2 2 1 2 230 3525 3527
6562 2 2 1 2 3525 893 3526
6563 2 2 1 2 3527 3526 895
6564 2 2 1 2 3525 3526 3527
6565 2 2 1 2 893 3528 3530
6566 2 2 1 2 3528 229 3529
6567 2 2 1 2 3530 3529 894
6568 2 2 1 2 3528 3529 3530
6569 2 2 1 2 895 3531 3533
6570 2 2 1 2 3531 894 3532
6571 2 2 1 2 3533 3532 18
6572 2 2 1 2 3531 3532 3533
6573 2 2 1 2 893 3530 3526
6574 2 2 1 2 3530 894 3531
6575 2 2 1 2 3526 3531 895
6576 2 2 1 2 3530 3531 3526
6577 2 2 1 2 228 3518 3511
6578 2 2 1 2 3518 892 3534
6579 2 2 1 2 3511 3534 888
6580 2 2 1 2 3518 3534 3511
6581 2 2 1 2 892 3524 3535
6582 2 2 1 2 3524 229 3528
6583 2 2 1 2 3535 3528 893
6584 2 2 1 2 3524 3528 3535
6585 2 2 1 2 888 3536 3514
6586 2 2 1 2 3536 893 3525
6587 2 2 1 2 3514 3525 230
6588 2 2 1 2 3536 3525 3514
6589 2 2 1 2 892 3535 3534
6590 2 2 1 2 3535 893 3536
6591 2 2 1 2 3534 3536 888
6592 2 2 1 2 3535 3536 3534
6593 2 2 1 2 55 3482 3464
6594 2 2 1 2 3482 881 3537
6595 2 2 1 2 3464 3537 875
6596 2 2 1 2 3482 3537 3464
6597 2 2 1 2 881 3487 3539
6598 2 2 1 2 3487 227 3538
6599 2 2 1 2 3539 3538 896
6600 2 2 1 2 3487 3538 3539
6601 2 2 1 2 875 3540 3467
6602 2 2 1 2 3540 896 3541
6603 2 2 1 2 3467 3541 224
6604 2 2 1 2 3540 3541 3467
6605 2 2 1 2 881 3539 3537
6606 2 2 1 2 3539 896 3540
6607 2 2 1 2 3537 3540 875
6608 2 2 1 2 3539 3540 3537
6609 2 2 1 2 227 3497 3543
6610 2 2 1 2 3497 886 3542
6611 2 2 1 2 3543 3542 897
6612 2 2 1 2 3497 3542 3543
6613 2 2 1 2 886 3503 3544
6614 2 2 1 2 3503 60 3519
6615 2 2 1 2 3544 3519 890
6616 2 2 1 2 3503 3519 3544
6617 2 2 1 2 897 3545 3546
6618 2 2 1 2 3545 890 3516
6619 2 2 1 2 3546 3516 228
6620 2 2 1 2 3545 3516 3546
6621 2 2 1 2 886 3544 3542
6622 2 2 1 2 3544 890 3545
6623 2 2 1 2 3542 3545 897
6624 2 2 1 2 3544 3545 3542
6625 2 2 1 2 224 3547 3473
6626 2 2 1 2 3547 898 3548
6627 2 2 1 2 3473 3548 878
6628 2 2 1 2 3547 3548 3473
6629 2 2 1 2 898 3549 3550
6630 2 2 1 2 3549 228 3510
6631 2 2 1 2 3550 3510 887
6632 2 2 1 2 3549 3510 3550
6633 2 2 1 2 878 3551 3476
6634 2 2 1 2 3551 887 3507
6635 2 2 1 2 3476 3507 61
6636 2 2 1 2 3551 3507 3476
6637 2 2 1 2 898 3550 3548
6638 2 2 1 2 3550 887 3551
6639 2 2 1 2 3548 3551 878
6640 2 2 1 2 3550 3551 3548
6641 2 2 1 2 227 3543 3538
6642 2 2 1 2 3543 897 3552
6643 2 2 1 2 3538 3552 896
6644 2 2 1 2 3543 3552 3538
6645 2 2 1 2 897 3546 3553
6646 2 2 1 2 3546 228 3549
6647 2 2 1 2 3553 3549 898
6648 2 2 1 2 3546 3549 3553
6649 2 2 1 2 896 3554 3541
6650 2 2 1 2 3554 898 3547
6651 2 2 1 2 3541 3547 224
6652 2 2 1 2 3554 3547 3541
6653 2 2 1 2 897 3553 3552
6654 2 2 1 2 3553 898 3554
6655 2 2 1 2 3552 3554 896
6656 2 2 1 2 3553 3554 3552
6657 2 2 1 2 10 3555 1535
6658 2 2 1 2 3555 899 3556
6659 2 2 1 2 1535 3556 393
6660 2 2 1 2 3555 3556 1535
6661 2 2 1 2 899 3557 3559
6662 2 2 1 2 3557 231 3558
6663 2 2 1 2 3559 3558 900
6664 2 2 1 2 3557 3558 3559
6665 2 2 1 2 393 3560 1538
6666 2 2 1 2 3560 900 3561
6667 2 2 1 2 1538 3561 104
6668 2 2 1 2 3560 3561 1538
6669 2 2 1 2 899 3559 3556
6670 2 2 1 2 3559 900 3560
6671 2 2 1 2 3556 3560 393
6672 2 2 1 2 3559 3560 3556
6673 2 2 1 2 231 3562 3564
6674 2 2 1 2 3562 901 3563
6675 2 2 1 2 3564 3563 903
6676 2 2 1 2 3562 3563 3564
6677 2 2 1 2 901 3565 3567
6678 2 2 1 2 3565 62 3566
6679 2 2 1 2 3567 3566 902
6680 2 2 1 2 3565 3566 3567
6681 2 2 1 2 903 3568 3570
6682 2 2 1 2 3568 902 3569
6683 2 2 1 2 3570 3569 232
6684 2 2 1 2 3568 3569 3570
6685 2 2 1 2 901 3567 3563
6686 2 2 1 2 3567 902 3568
6687 2 2 1 2 3563 3568 903
6688 2 2 1 2 3567 3568 3563
6689 2 2 1 2 104 3571 1544
6690 2 2 1 2 3571 904 3572
6691 2 2 1 2 1544 3572 396
6692 2 2 1 2 3571 3572 1544
6693 2 2 1 2 904 3573 3575
6694 2 2 1 2 3573 232 3574
6695 2 2 1 2 3575 3574 905
6696 2 2 1 2 3573 3574 3575
6697 2 2 1 2 396 3576 1547
6698 2 2 1 2 3576 905 3577
6699 2 2 1 2 1547 3577 30
6700 2 2 1 2 3576 3577 1547
6701 2 2 1 2 904 3575 3572
6702 2 2 1 2 3575 905 3576
6703 2 2 1 2 3572 3576 396
6704 2 2 1 2 3575 3576 3572
6705 2 2 1 2 231 3564 3558
6706 2 2 1 2 3564 903 3578
6707 2 2 1 2 3558 3578 900
6708 2 2 1 2 3564 3578 3558
6709 2 2 1 2 903 3570 3579
6710 2 2 1 2 3570 232 3573
6711 2 2 1 2 3579 3573 904
6712 2 2 1 2 3570 3573 3579
6713 2 2 1 2 900 3580 3561
6714 2 2 1 2 3580 904 3571
6715 2 2 1 2 3561 3571 104
6716 2 2 1 2 3580 3571 3561
6717 2 2 1 2 903 3579 3578
6718 2 2 1 2 3579 904 3580
6719 2 2 1 2 3578 3580 900
6720 2 2 1 2 3579 3580 3578
6721 2 2 1 2 62 3581 3583
6722 2 2 1 2 3581 906 3582
6723 2 2 1 2 3583 3582 908
6724 2 2 1 2 3581 3582 3583
6725 2 2 1 2 906 3584 3586
6726 2 2 1 2 3584 233 3585
6727 2 2 1 2 3586 3585 907
6728 2 2 1 2 3584 3585 3586
6729 2 2 1 2 908 3587 3589
6730 2 2 1 2 3587 907 3588
6731 2 2 1 2 3589 3588 235
6732 2 2 1 2 3587 3588 3589
6733 2 2 1 2 906 3586 3582
6734 2 2 1 2 3586 907 3587
6735 2 2 1 2 3582 3587 908
6736 2 2 1 2 3586 3587 3582
6737 2 2 1 2 233 3590 3592
6738 2 2 1 2 3590 909 3591
6739 2 2 1 2 3592 3591 911
6740 2 2 1 2 3590 3591 3592
6741 2 2 1 2 909 3593 3595
6742 2 2 1 2 3593 18 3594
6743 2 2 1 2 3595 3594 910
6744 2 2 1 2 3593 3594 3595
6745 2 2 1 2 911 3596 3598
6746 2 2 1 2 3596 910 3597
6747 2 2 1 2 3598 3597 234
6748 2 2 1 2 3596 3597 3598
6749 2 2 1 2 909 3595 3591
6750 2 2 1 2 3595 910 3596
6751 2 2 1 2 3591 3596 911
6752 2 2 1 2 3595 3596 3591
6753 2 2 1 2 235 3599 3601
6754 2 2 1 2 3599 912 3600
6755 2 2 1 2 3601 3600 914
6756 2 2 1 2 3599 3600 3601
6757 2 2 1 2 912 3602 3604
6758 2 2 1 2 3602 234 3603
6759 2 2 1 2 3604 3603 913
6760 2 2 1 2 3602 3603 3604
6761 2 2 1 2 914 3605 3607
6762 2 2 1 2 3605 913 3606
6763 2 2 1 2 3607 3606 63
6764 2 2 1 2 3605 3606 3607
6765 2 2 1 2 912 3604 3600
6766 2 2 1 2 3604 913 3605
6767 2 2 1 2 3600 3605 914
6768 2 2 1 2 3604 3605 3600
6769 2 2 1 2 233 3592 3585
6770 2 2 1 2 3592 911 3608
6771 2 2 1 2 3585 3608 907
6772 2 2 1 2 3592 3608 3585
6773 2 2 1 2 911 3598 3609
6774 2 2 1 2 3598 234 3602
6775 2 2 1 2 3609 3602 912
6776 2 2 1 2 3598 3602 3609
6777 2 2 1 2 907 3610 3588
6778 2 2 1 2 3610 912 3599
6779 2 2 1 2 3588 3599 235
6780 2 2 1 2 3610 3599 3588
6781 2 2 1 2 911 3609 3608
6782 2 2 1 2 3609 912 3610
6783 2 2 1 2 3608 3610 907
6784 2 2 1 2 3609 3610 3608
6785 2 2 1 2 30 3611 1565
6786 2 2 1 2 3611 915 3612
6787 2 2 1 2 1565 3612 402
6788 2 2 1 2 3611 3612 1565
6789 2 2 1 2 915 3613 3615
6790 2 2 1 2 3613 236 3614
6791 2 2 1 2 3615 3614 916
6792 2 2 1 2 3613 3614 3615
6793 2 2 1 2 402 3616 1568
6794 2 2 1 2 3616 916 3617
6795 2 2 1 2 1568 3617 107
6796 2 2 1 2 3616 3617 1568
6797 2 2 1 2 915 3615 3612
6798 2 2 1 2 3615 916 3616
6799 2 2 1 2 3612 3616 402
6800 2 2 1 2 3615 3616 3612
6801 2 2 1 2 236 3618 3620
6802 2 2 1 2 3618 917 3619
6803 2 2 1 2 3620 3619 919
6804 2 2 1 2 3618 3619 3620
6805 2 2 1 2 917 3621 3623
6806 2 2 1 2 3621 63 3622
6807 2 2 1 2 3623 3622 918
6808 2 2 1 2 3621 3622 3623
6809 2 2 1 2 919 3624 3626
6810 2 2 1 2 3624 918 3625
6811 2 2 1 2 3626 3625 237
6812 2 2 1 2 3624 3625 3626
6813 2 2 1 2 917 3623 3619
6814 2 2 1 2 3623 918 3624
6815 2 2 1 2 3619 3624 919
6816 2 2 1 2 3623 3624 3619
6817 2 2 1 2 107 3627 1574
6818 2 2 1 2 3627 920 3628
6819 2 2 1 2 1574 3628 405
6820 2 2 1 2 3627 3628 1574
6821 2 2 1 2 920 3629 3631
6822 2 2 1 2 3629 237 3630
6823 2 2 1 2 3631 3630 921
6824 2 2 1 2 3629 3630 3631
6825 2 2 1 2 405 3632 1577
6826 2 2 1 2 3632 921 3633
6827 2 2 1 2 1577 3633 4
6828 2 2 1 2 3632 3633 1577
6829 2 2 1 2 920 3631 3628
6830 2 2 1 2 3631 921 3632
6831 2 2 1 2 3628 3632 405
6832 2 2 1 2 3631 3632 3628
6833 2 2 1 2 236 3620 3614
6834 2 2 1 2 3620 919 3634
6835 2 2 1 2 3614 3634 916
6836 2 2 1 2 3620 3634 3614
6837 2 2 1 2 919 3626 3635
6838 2 2 1 2 3626 237 3629
6839 2 2 1 2 3635 3629 920
6840 2 2 1 2 3626 3629 3635
6841 2 2 1 2 916 3636 3617
6842 2 2 1 2 3636 920 3627
6843 2 2 1 2 3617 3627 107
6844 2 2 1 2 3636 3627 3617
6845 2 2 1 2 919 3635 3634
6846 2 2 1 2 3635 920 3636
6847 2 2 1 2 3634 3636 916
6848 2 2 1 2 3635 3636 3634
6849 2 2 1 2 62 3583 3566
6850 2 2 1 2 3583 908 3637
6851 2 2 1 2 3566 3637 902
6852 2 2 1 2 3583 3637 3566
6853 2 2 1 2 908 3589 3639
6854 2 2 1 2 3589 235 3638
6855 2 2 1 2 3639 3638 922
6856 2 2 1 2 3589 3638 3639
6857 2 2 1 2 902 3640 3569
6858 2 2 1 2 3640 922 3641
6859 2 2 1 2 3569 3641 232
6860 2 2 1 2 3640 3641 3569
6861 2 2 1 2 908 3639 3637
6862 2 2 1 2 3639 922 3640
6863 2 2 1 2 3637 3640 902
6864 2 2 1 2 3639 3640 3637
6865 2 2 1 2 235 3601 3643
6866 2 2 1 2 3601 914 3642
6867 2 2 1 2 3643 3642 923
6868 2 2 1 2 3601 3642 3643
6869 2 2 1 2 914 3607 3644
6870 2 2 1 2 3607 63 3621
6871 2 2 1 2 3644 3621 917
6872 2 2 1 2 3607 3621 3644
6873 2 2 1 2 923 3645 3646
6874 2 2 1 2 3645 917 3618
6875 2 2 1 2 3646 3618 236
6876 2 2 1 2 3645 3618 3646
6877 2 2 1 2 914 3644 3642
6878 2 2 1 2 3644 917 3645
6879 2 2 1 2 3642 3645 923
6880 2 2 1 2 3644 3645 3642
6881 2 2 1 2 232 3647 3574
6882 2 2 1 2 3647 924 3648
6883 2 2 1 2 3574 3648 905
6884 2 2 1 2 3647 3648 3574
6885 2 2 1 2 924 3649 3650
6886 2 2 1 2 3649 236 3613
6887 2 2 1 2 3650 3613 915
6888 2 2 1 2 3649 3613 3650
6889 2 2 1 2 905 3651 3577
6890 2 2 1 2 3651 915 3611
6891 2 2 1 2 3577 3611 30
6892 2 2 1 2 3651 3611 3577
6893 2 2 1 2 924 3650 3648
6894 2 2 1 2 3650 915 3651
6895 2 2 1 2 3648 3651 905
6896 2 2 1 2 3650 3651 3648
6897 2 2 1 2 235 3643 3638
6898 2 2 1 2 3643 923 3652
6899 2 2 1 2 3638 3652 922
6900 2 2 1 2 3643 3652 3638
6901 2 2 1 2 923 3646 3653
6902 2 2 1 2 3646 236 3649
6903 2 2 1 2 3653 3649 924
6904 2 2 1 2 3646 3649 3653
6905 2 2 1 2 922 3654 3641
6906 2 2 1 2 3654 924 3647
6907 2 2 1 2 3641 3647 232
6908 2 2 1 2 3654 3647 3641
6909 2 2 1 2 923 3653 3652
6910 2 2 1 2 3653 924 3654
6911 2 2 1 2 3652 3654 922
6912 2 2 1 2 3653 3654 3652
6913 2 2 1 2 17 3456 3394
6914 2 2 1 2 3456 874 3655
6915 2 2 1 2 3394 3655 858
6916 2 2 1 2 3456 3655 3394
6917 2 2 1 2 874 3461 3657
6918 2 2 1 2 3461 225 3656
6919 2 2 1 2 3657 3656 925
6920 2 2 1 2 3461 3656 3657
6921 2 2 1 2 858 3658 3397
6922 2 2 1 2 3658 925 3659
6923 2 2 1 2 3397 3659 220
6924 2 2 1 2 3658 3659 3397
6925 2 2 1 2 874 3657 3655
6926 2 2 1 2 3657 925 3658
6927 2 2 1 2 3655 3658 858
6928 2 2 1 2 3657 3658 3655
6929 2 2 1 2 225 3471 3661
6930 2 2 1 2 3471 879 3660
6931 2 2 1 2 3661 3660 927
6932 2 2 1 2 3471 3660 3661
6933 2 2 1 2 879 3477 3663
6934 2 2 1 2 3477 61 3662
6935 2 2 1 2 3663 3662 926
6936 2 2 1 2 3477 3662 3663
6937 2 2 1 2 927 3664 3666
6938 2 2 1 2 3664 926 3665
6939 2 2 1 2 3666 3665 238
6940 2 2 1 2 3664 3665 3666
6941 2 2 1 2 879 3663 3660
6942 2 2 1 2 3663 926 3664
6943 2 2 1 2 3660 3664 927
6944 2 2 1 2 3663 3664 3660
6945 2 2 1 2 220 3667 3403
6946 2 2 1 2 3667 928 3668
6947 2 2 1 2 3403 3668 861
6948 2 2 1 2 3667 3668 3403
6949 2 2 1 2 928 3669 3671
6950 2 2 1 2 3669 238 3670
6951 2 2 1 2 3671 3670 929
6952 2 2 1 2 3669 3670 3671
6953 2 2 1 2 861 3672 3406
6954 2 2 1 2 3672 929 3673
6955 2 2 1 2 3406 3673 59
6956 2 2 1 2 3672 3673 3406
6957 2 2 1 2 928 3671 3668
6958 2 2 1 2 3671 929 3672
6959 2 2 1 2 3668 3672 861
6960 2 2 1 2 3671 3672 3668
6961 2 2 1 2 225 3661 3656
6962 2 2 1 2 3661 927 3674
6963 2 2 1 2 3656 3674 925
6964 2 2 1 2 3661 3674 3656
6965 2 2 1 2 927 3666 3675
6966 2 2 1 2 3666 238 3669
6967 2 2 1 2 3675 3669 928
6968 2 2 1 2 3666 3669 3675
6969 2 2 1 2 925 3676 3659
6970 2 2 1 2 3676 928 3667
6971 2 2 1 2 3659 3667 220
6972 2 2 1 2 3676 3667 3659
6973 2 2 1 2 927 3675 3674
6974 2 2 1 2 3675 928 3676
6975 2 2 1 2 3674 3676 925
6976 2 2 1 2 3675 3676 3674
6977 2 2 1 2 61 3509 3678
6978 2 2 1 2 3509 889 3677
6979 2 2 1 2 3678 3677 931
6980 2 2 1 2 3509 3677 3678
6981 2 2 1 2 889 3515 3680
6982 2 2 1 2 3515 230 3679
6983 2 2 1 2 3680 3679 930
6984 2 2 1 2 3515 3679 3680
6985 2 2 1 2 931 3681 3683
6986 2 2 1 2 3681 930 3682
6987 2 2 1 2 3683 3682 239
6988 2 2 1 2 3681 3682 3683
6989 2 2 1 2 889 3680 3677
6990 2 2 1 2 3680 930 3681
6991 2 2 1 2 3677 3681 931
6992 2 2 1 2 3680 3681 3677
6993 2 2 1 2 230 3527 3685
6994 2 2 1 2 3527 895 3684
6995 2 2 1 2 3685 3684 932
6996 2 2 1 2 3527 3684 3685
6997 2 2 1 2 895 3533 3686
6998 2 2 1 2 3533 18 3593
6999 2 2 1 2 3686 3593 909
7000 2 2 1 2 3533 3593 3686
7001 2 2 1 2 932 3687 3688
7002 2 2 1 2 3687 909 3590
7003 2 2 1 2 3688 3590 233
7004 2 2 1 2 3687 3590 3688
7005 2 2 1 2 895 3686 3684
7006 2 2 1 2 3686 909 3687
7007 2 2 1 2 3684 3687 932
7008 2 2 1 2 3686 3687 3684
7009 2 2 1 2 239 3689 3691
7010 2 2 1 2 3689 933 3690
7011 2 2 1 2 3691 3690 934
7012 2 2 1 2 3689 3690 3691
7013 2 2 1 2 933 3692 3693
7014 2 2 1 2 3692 233 3584
7015 2 2 1 2 3693 3584 906
7016 2 2 1 2 3692 3584 3693
7017 2 2 1 2 934 3694 3695
7018 2 2 1 2 3694 906 3581
7019 2 2 1 2 3695 3581 62
7020 2 2 1 2 3694 3581 3695
7021 2 2 1 2 933 3693 3690
7022 2 2 1 2 3693 906 3694
7023 2 2 1 2 3690 3694 934
7024 2 2 1 2 3693 3694 3690
7025 2 2 1 2 230 3685 3679
7026 2 2 1 2 3685 932 3696
7027 2 2 1 2 3679 3696 930
7028 2 2 1 2 3685 3696 3679
7029 2 2 1 2 932 3688 3697
7030 2 2 1 2 3688 233 3692
7031 2 2 1 2 3697 3692 933
7032 2 2 1 2 3688 3692 3697
7033 2 2 1 2 930 3698 3682
7034 2 2 1 2 3698 933 3689
7035 2 2 1 2 3682 3689 239
7036 2 2 1 2 3698 3689 3682
7037 2 2 1 2 932 3697 3696
7038 2 2 1 2 3697 933 3698
7039 2 2 1 2 3696 3698 930
7040 2 2 1 2 3697 3698 3696
7041 2 2 1 2 59 3699 3422
7042 2 2 1 2 3699 935 3700
7043 2 2 1 2 3422 3700 866
7044 2 2 1 2 3699 3700 3422
7045 2 2 1 2 935 3701 3703
7046 2 2 1 2 3701 240 3702
7047 2 2 1 2 3703 3702 936
7048 2 2 1 2 3701 3702 3703
7049 2 2 1 2 866 3704 3425
7050 2 2 1 2 3704 936 3705
7051 2 2 1 2 3425 3705 223
7052 2 2 1 2 3704 3705 3425
7053 2 2 1 2 935 3703 3700
7054 2 2 1 2 3703 936 3704
7055 2 2 1 2 3700 3704 866
7056 2 2 1 2 3703 3704 3700
7057 2 2 1 2 240 3706 3708
7058 2 2 1 2 3706 937 3707
7059 2 2 1 2 3708 3707 938
7060 2 2 1 2 3706 3707 3708
7061 2 2 1 2 937 3709 3710
7062 2 2 1 2 3709 62 3565
7063 2 2 1 2 3710 3565 901
7064 2 2 1 2 3709 3565 3710
7065 2 2 1 2 938 3711 3712
7066 2 2 1 2 3711 901 3562
7067 2 2 1 2 3712 3562 231
7068 2 2 1 2 3711 3562 3712
7069 2 2 1 2 937 3710 3707
7070 2 2 1 2 3710 901 3711
7071 2 2 1 2 3707 3711 938
7072 2 2 1 2 3710 3711 3707
7073 2 2 1 2 223 3713 3430
7074 2 2 1 2 3713 939 3714
7075 2 2 1 2 3430 3714 869
7076 2 2 1 2 3713 3714 3430
7077 2 2 1 2 939 3715 3716
7078 2 2 1 2 3715 231 3557
7079 2 2 1 2 3716 3557 899
7080 2 2 1 2 3715 3557 3716
7081 2 2 1 2 869 3717 3433
7082 2 2 1 2 3717 899 3555
7083 2 2 1 2 3433 3555 10
7084 2 2 1 2 3717 3555 3433
7085 2 2 1 2 939 3716 3714
7086 2 2 1 2 3716 899 3717
7087 2 2 1 2 3714 3717 869
7088 2 2 1 2 3716 3717 3714
7089 2 2 1 2 240 3708 3702
7090 2 2 1 2 3708 938 3718
7091 2 2 1 2 3702 3718 936
7092 2 2 1 2 3708 3718 3702
7093 2 2 1 2 938 3712 3719
7094 2 2 1 2 3712 231 3715
7095 2 2 1 2 3719 3715 939
7096 2 2 1 2 3712 3715 3719
7097 2 2 1 2 936 3720 3705
7098 2 2 1 2 3720 939 3713
7099 2 2 1 2 3705 3713 223
7100 2 2 1 2 3720 3713 3705
7101 2 2 1 2 938 3719 3718
7102 2 2 1 2 3719 939 3720
7103 2 2 1 2 3718 3720 936
7104 2 2 1 2 3719 3720 3718
7105 2 2 1 2 61 3678 3662
7106 2 2 1 2 3678 931 3721
7107 2 2 1 2 3662 3721 926
7108 2 2 1 2 3678 3721 3662
7109 2 2 1 2 931 3683 3723
7110 2 2 1 2 3683 239 3722
7111 2 2 1 2 3723 3722 940
7112 2 2 1 2 3683 3722 3723
7113 2 2 1 2 926 3724 3665
7114 2 2 1 2 3724 940 3725
7115 2 2 1 2 3665 3725 238
7116 2 2 1 2 3724 3725 3665
7117 2 2 1 2 931 3723 3721
7118 2 2 1 2 3723 940 3724
7119 2 2 1 2 3721 3724 926
7120 2 2 1 2 3723 3724 3721
7121 2 2 1 2 239 3691 3727
7122 2 2 1 2 3691 934 3726
7123 2 2 1 2 3727 3726 941
7124 2 2 1 2 3691 3726 3727
7125 2 2 1 2 934 3695 3728
7126 2 2 1 2 3695 62 3709
7127 2 2 1 2 3728 3709 937
7128 2 2 1 2 3695 3709 3728
7129 2 2 1 2 941 3729 3730
7130 2 2 1 2 3729 937 3706
7131 2 2 1 2 3730 3706 240
7132 2 2 1 2 3729 3706 3730
7133 2 2 1 2 934 3728 3726
7134 2 2 1 2 3728 937 3729
7135 2 2 1 2 3726 3729 941
7136 2 2 1 2 3728 3729 3726
7137 2 2 1 2 238 3731 3670
7138 2 2 1 2 3731 942 3732
7139 2 2 1 2 3670 3732 929
7140 2 2 1 2 3731 3732 3670
7141 2 2 1 2 942 3733 3734
7142 2 2 1 2 3733 240 3701
7143 2 2 1 2 3734 3701 935
7144 2 2 1 2 3733 3701 3734
7145 2 2 1 2 929 3735 3673
7146 2 2 1 2 3735 935 3699
7147 2 2 1 2 3673 3699 59
7148 2 2 1 2 3735 3699 3673
7149 2 2 1 2 942 3734 3732
7150 2 2 1 2 3734 935 3735
7151 2 2 1 2 3732 3735 929
7152 2 2 1 2 3734 3735 3732
7153 2 2 1 2 239 3727 3722
7154 2 2 1 2 3727 941 3736
7155 2 2 1 2 3722 3736 940
7156 2 2 1 2 3727 3736 3722
7157 2 2 1 2 941 3730 3737
7158 2 2 1 2 3730 240 3733
7159 2 2 1 2 3737 3733 942
7160 2 2 1 2 3730 3733 3737
7161 2 2 1 2 940 3738 3725
7162 2 2 1 2 3738 942 3731
7163 2 2 1 2 3725 3731 238
7164 2 2 1 2 3738 3731 3725
7165 2 2 1 2 941 3737 3736
7166 2 2 1 2 3737 942 3738
7167 2 2 1 2 3736 3738 940
7168 2 2 1 2 3737 3738 3736
7169 2 2 1 2 4 3633 1827
7170 2 2 1 2 3633 921 3739
7171 2 2 1 2 1827 3739 467
7172 2 2 1 2 3633 3739 1827
7173 2 2 1 2 921 3630 3741
7174 2 2 1 2 3630 237 3740
7175 2 2 1 2 3741 3740 943
7176 2 2 1 2 3630 3740 3741
7177 2 2 1 2 467 3742 1829
7178 2 2 1 2 3742 943 3743
7179 2 2 1 2 1829 3743 123
7180 2 2 1 2 3742 3743 1829
7181 2 2 1 2 921 3741 3739
7182 2 2 1 2 3741 943 3742
7183 2 2 1 2 3739 3742 467
7184 2 2 1 2 3741 3742 3739
7185 2 2 1 2 237 3625 3745
7186 2 2 1 2 3625 918 3744
7187 2 2 1 2 3745 3744 945
7188 2 2 1 2 3625 3744 3745
7189 2 2 1 2 918 3622 3747
7190 2 2 1 2 3622 63 3746
7191 2 2 1 2 3747 3746 944
7192 2 2 1 2 3622 3746 3747
7193 2 2 1 2 945 3748 3750
7194 2 2 1 2 3748 944 3749
7195 2 2 1 2 3750 3749 241
7196 2 2 1 2 3748 3749 3750
7197 2 2 1 2 918 3747 3744
7198 2 2 1 2 3747 944 3748
7199 2 2 1 2 3744 3748 945
7200 2 2 1 2 3747 3748 3744
7201 2 2 1 2 123 3751 1834
7202 2 2 1 2 3751 946 3752
7203 2 2 1 2 1834 3752 469
7204 2 2 1 2 3751 3752 1834
7205 2 2 1 2 946 3753 3755
7206 2 2 1 2 3753 241 3754
7207 2 2 1 2 3755 3754 947
7208 2 2 1 2 3753 3754 3755
7209 2 2 1 2 469 3756 1837
7210 2 2 1 2 3756 947 3757
7211 2 2 1 2 1837 3757 35
7212 2 2 1 2 3756 3757 1837
7213 2 2 1 2 946 3755 3752
7214 2 2 1 2 3755 947 3756
7215 2 2 1 2 3752 3756 469
7216 2 2 1 2 3755 3756 3752
7217 2 2 1 2 237 3745 3740
7218 2 2 1 2 3745 945 3758
7219 2 2 1 2 3740 3758 943
7220 2 2 1 2 3745 3758 3740
7221 2 2 1 2 945 3750 3759
7222 2 2 1 2 3750 241 3753
7223 2 2 1 2 3759 3753 946
7224 2 2 1 2 3750 3753 3759
7225 2 2 1 2 943 3760 3743
7226 2 2 1 2 3760 946 3751
7227 2 2 1 2 3743 3751 123
7228 2 2 1 2 3760 3751 3743
7229 2 2 1 2 945 3759 3758
7230 2 2 1 2 3759 946 3760
7231 2 2 1 2 3758 3760 943
7232 2 2 1 2 3759 3760 3758
7233 2 2 1 2 63 3606 3762
7234 2 2 1 2 3606 913 3761
7235 2 2 1 2 3762 3761 949
7236 2 2 1 2 3606 3761 3762
7237 2 2 1 2 913 3603 3764
7238 2 2 1 2 3603 234 3763
7239 2 2 1 2 3764 3763 948
7240 2 2 1 2 3603 3763 3764
7241 2 2 1 2 949 3765 3767
7242 2 2 1 2 3765 948 3766
7243 2 2 1 2 3767 3766 243
7244 2 2 1 2 3765 3766 3767
7245 2 2 1 2 913 3764 3761
7246 2 2 1 2 3764 948 3765
7247 2 2 1 2 3761 3765 949
7248 2 2 1 2 3764 3765 3761
7249 2 2 1 2 234 3597 3769
7250 2 2 1 2 3597 910 3768
7251 2 2 1 2 3769 3768 951
7252 2 2 1 2 3597 3768 3769
7253 2 2 1 2 910 3594 3771
7254 2 2 1 2 3594 18 3770
7255 2 2 1 2 3771 3770 950
7256 2 2 1 2 3594 3770 3771
7257 2 2 1 2 951 3772 3774
7258 2 2 1 2 3772 950 3773
7259 2 2 1 2 3774 3773 242
7260 2 2 1 2 3772 3773 3774
7261 2 2 1 2 910 3771 3768
7262 2 2 1 2 3771 950 3772
7263 2 2 1 2 3768 3772 951
7264 2 2 1 2 3771 3772 3768
7265 2 2 1 2 243 3775 3777
7266 2 2 1 2 3775 952 3776
7267 2 2 1 2 3777 3776 954
7268 2 2 1 2 3775 3776 3777
7269 2 2 1 2 952 3778 3780
7270 2 2 1 2 3778 242 3779
7271 2 2 1 2 3780 3779 953
7272 2 2 1 2 3778 3779 3780
7273 2 2 1 2 954 3781 3783
7274 2 2 1 2 3781 953 3782
7275 2 2 1 2 3783 3782 64
7276 2 2 1 2 3781 3782 3783
7277 2 2 1 2 952 3780 3776
7278 2 2 1 2 3780 953 3781
7279 2 2 1 2 3776 3781 954
7280 2 2 1 2 3780 3781 3776
7281 2 2 1 2 234 3769 3763
7282 2 2 1 2 3769 951 3784
7283 2 2 1 2 3763 3784 948
7284 2 2 1 2 3769 3784 3763
7285 2 2 1 2 951 3774 3785
7286 2 2 1 2 3774 242 3778
7287 2 2 1 2 3785 3778 952
7288 2 2 1 2 3774 3778 3785
7289 2 2 1 2 948 3786 3766
7290 2 2 1 2 3786 952 3775
7291 2 2 1 2 3766 3775 243
7292 2 2 1 2 3786 3775 3766
7293 2 2 1 2 951 3785 3784
7294 2 2 1 2 3785 952 3786
7295 2 2 1 2 3784 3786 948
7296 2 2 1 2 3785 3786 3784
7297 2 2 1 2 35 3787 1853
7298 2 2 1 2 3787 955 3788
7299 2 2 1 2 1853 3788 474
7300 2 2 1 2 3787 3788 1853
7301 2 2 1 2 955 3789 3791
7302 2 2 1 2 3789 244 3790
7303 2 2 1 2 3791 3790 956
7304 2 2 1 2 3789 3790 3791
7305 2 2 1 2 474 3792 1856
7306 2 2 1 2 3792 956 3793
7307 2 2 1 2 1856 3793 125
7308 2 2 1 2 3792 3793 1856
7309 2 2 1 2 955 3791 3788
7310 2 2 1 2 3791 956 3792
7311 2 2 1 2 3788 3792 474
7312 2 2 1 2 3791 3792 3788
7313 2 2 1 2 244 3794 3796
7314 2 2 1 2 3794 957 3795
7315 2 2 1 2 3796 3795 959
7316 2 2 1 2 3794 3795 3796
7317 2 2 1 2 957 3797 3799
7318 2 2 1 2 3797 64 3798
7319 2 2 1 2 3799 3798 958
7320 2 2 1 2 3797 3798 3799
7321 2 2 1 2 959 3800 3802
7322 2 2 1 2 3800 958 3801
7323 2 2 1 2 3802 3801 245
7324 2 2 1 2 3800 3801 3802
7325 2 2 1 2 957 3799 3795
7326 2 2 1 2 3799 958 3800
7327 2 2 1 2 3795 3800 959
7328 2 2 1 2 3799 3800 3795
7329 2 2 1 2 125 3803 1862
7330 2 2 1 2 3803 960 3804
7331 2 2 1 2 1862 3804 477
7332 2 2 1 2 3803 3804 1862
7333 2 2 1 2 960 3805 3807
7334 2 2 1 2 3805 245 3806
7335 2 2 1 2 3807 3806 961
7336 2 2 1 2 3805 3806 3807
7337 2 2 1 2 477 3808 1865
7338 2 2 1 2 3808 961 3809
7339 2 2 1 2 1865 3809 12
7340 2 2 1 2 3808 3809 1865
7341 2 2 1 2 960 3807 3804
7342 2 2 1 2 3807 961 3808
7343 2 2 1 2 3804 3808 477
7344 2 2 1 2 3807 3808 3804
7345 2 2 1 2 244 3796 3790
7346 2 2 1 2 3796 959 3810
7347 2 2 1 2 3790 3810 956
7348 2 2 1 2 3796 3810 3790
7349 2 2 1 2 959 3802 3811
7350 2 2 1 2 3802 245 3805
7351 2 2 1 2 3811 3805 960
7352 2 2 1 2 3802 3805 3811
7353 2 2 1 2 956 3812 3793
7354 2 2 1 2 3812 960 3803
7355 2 2 1 2 3793 3803 125
7356 2 2 1 2 3812 3803 3793
7357 2 2 1 2 959 3811 3810
7358 2 2 1 2 3811 960 3812
7359 2 2 1 2 3810 3812 956
7360 2 2 1 2 3811 3812 3810
7361 2 2 1 2 63 3762 3746
7362 2 2 1 2 3762 949 3813
7363 2 2 1 2 3746 3813 944
7364 2 2 1 2 3762 3813 3746
7365 2 2 1 2 949 3767 3815
7366 2 2 1 2 3767 243 3814
7367 2 2 1 2 3815 3814 962
7368 2 2 1 2 3767 3814 3815
7369 2 2 1 2 944 3816 3749
7370 2 2 1 2 3816 962 3817
7371 2 2 1 2 3749 3817 241
7372 2 2 1 2 3816 3817 3749
7373 2 2 1 2 949 3815 3813
7374 2 2 1 2 3815 962 3816
7375 2 2 1 2 3813 3816 944
7376 2 2 1 2 3815 3816 3813
7377 2 2 1 2 243 3777 3819
7378 2 2 1 2 3777 954 3818
7379 2 2 1 2 3819 3818 963
7380 2 2 1 2 3777 3818 3819
7381 2 2 1 2 954 3783 3820
7382 2 2 1 2 3783 64 3797
7383 2 2 1 2 3820 3797 957
7384 2 2 1 2 3783 3797 3820
7385 2 2 1 2 963 3821 3822
7386 2 2 1 2 3821 957 3794
7387 2 2 1 2 3822 3794 244
7388 2 2 1 2 3821 3794 3822
7389 2 2 1 2 954 3820 3818
7390 2 2 1 2 3820 957 3821
7391 2 2 1 2 3818 3821 963
7392 2 2 1 2 3820 3821 3818
7393 2 2 1 2 241 3823 3754
7394 2 2 1 2 3823 964 3824
7395 2 2 1 2 3754 3824 947
7396 2 2 1 2 3823 3824 3754
7397 2 2 1 2 964 3825 3826
7398 2 2 1 2 3825 244 3789
7399 2 2 1 2 3826 3789 955
7400 2 2 1 2 3825 3789 3826
7401 2 2 1 2 947 3827 3757
7402 2 2 1 2 3827 955 3787
7403 2 2 1 2 3757 3787 35
7404 2 2 1 2 3827 3787 3757
7405 2 2 1 2 964 3826 3824
7406 2 2 1 2 3826 955 3827
7407 2 2 1 2 3824 3827 947
7408 2 2 1 2 3826 3827 3824
7409 2 2 1 2 243 3819 3814
7410 2 2 1 2 3819 963 3828
7411 2 2 1 2 3814 3828 962
7412 2 2 1 2 3819 3828 3814
7413 2 2 1 2 963 3822 3829
7414 2 2 1 2 3822 244 3825
7415 2 2 1 2 3829 3825 964
7416 2 2 1 2 3822 3825 3829
7417 2 2 1 2 962 3830 3817
7418 2 2 1 2 3830 964 3823
7419 2 2 1 2 3817 3823 241
7420 2 2 1 2 3830 3823 3817
7421 2 2 1 2 963 3829 3828
7422 2 2 1 2 3829 964 3830
7423 2 2 1 2 3828 3830 962
7424 2 2 1 2 3829 3830 3828
7425 2 2 1 2 18 3532 3832
7426 2 2 1 2 3532 894 3831
7427 2 2 1 2 3832 3831 966
7428 2 2 1 2 3532 3831 3832
7429 2 2 1 2 894 3529 3834
7430 2 2 1 2 3529 229 3833
7431 2 2 1 2 3834 3833 965
7432 2 2 1 2 3529 3833 3834
7433 2 2 1 2 966 3835 3837
7434 2 2 1 2 3835 965 3836
7435 2 2 1 2 3837 3836 247
7436 2 2 1 2 3835 3836 3837
7437 2 2 1 2 894 3834 3831
7438 2 2 1 2 3834 965 3835
7439 2 2 1 2 3831 3835 966
7440 2 2 1 2 3834 3835 3831
7441 2 2 1 2 229 3523 3839
7442 2 2 1 2 3523 891 3838
7443 2 2 1 2 3839 3838 968
7444 2 2 1 2 3523 3838 3839
7445 2 2 1 2 891 3520 3841
7446 2 2 1 2 3520 60 3840
7447 2 2 1 2 3841 3840 967
7448 2 2 1 2 3520 3840 3841
7449 2 2 1 2 968 3842 3844
7450 2 2 1 2 3842 967 3843
7451 2 2 1 2 3844 3843 246
7452 2 2 1 2 3842 3843 3844
7453 2 2 1 2 891 3841 3838
7454 2 2 1 2 3841 967 3842
7455 2 2 1 2 3838 3842 968
7456 2 2 1 2 3841 3842 3838
7457 2 2 1 2 247 3845 3847
7458 2 2 1 2 3845 969 3846
7459 2 2 1 2 3847 3846 971
7460 2 2 1 2 3845 3846 3847
7461 2 2 1 2 969 3848 3850
7462 2 2 1 2 3848 246 3849
7463 2 2 1 2 3850 3849 970
7464 2 2 1 2 3848 3849 3850
7465 2 2 1 2 971 3851 3853
7466 2 2 1 2 3851 970 3852
7467 2 2 1 2 3853 3852 65
7468 2 2 1 2 3851 3852 3853
7469 2 2 1 2 969 3850 3846
7470 2 2 1 2 3850 970 3851
7471 2 2 1 2 3846 3851 971
7472 2 2 1 2 3850 3851 3846
7473 2 2 1 2 229 3839 3833
7474 2 2 1 2 3839 968 3854
7475 2 2 1 2 3833 3854 965
7476 2 2 1 2 3839 3854 3833
7477 2 2 1 2 968 3844 3855
7478 2 2 1 2 3844 246 3848
7479 2 2 1 2 3855 3848 969
7480 2 2 1 2 3844 3848 3855
7481 2 2 1 2 965 3856 3836
7482 2 2 1 2 3856 969 3845
7483 2 2 1 2 3836 3845 247
7484 2 2 1 2 3856 3845 3836
7485 2 2 1 2 968 3855 3854
7486 2 2 1 2 3855 969 3856
7487 2 2 1 2 3854 3856 965
7488 2 2 1 2 3855 3856 3854
7489 2 2 1 2 60 3502 3858
7490 2 2 1 2 3502 885 3857
7491 2 2 1 2 3858 3857 973
7492 2 2 1 2 3502 3857 3858
7493 2 2 1 2 885 3499 3860
7494 2 2 1 2 3499 226 3859
7495 2 2 1 2 3860 3859 972
7496 2 2 1 2 3499 3859 3860
7497 2 2 1 2 973 3861 3863
7498 2 2 1 2 3861 972 3862
7499 2 2 1 2 3863 3862 248
7500 2 2 1 2 3861 3862 3863
7501 2 2 1 2 885 3860 3857
7502 2 2 1 2 3860 972 3861
7503 2 2 1 2 3857 3861 973
7504 2 2 1 2 3860 3861 3857
7505 2 2 1 2 226 3493 3865
7506 2 2 1 2 3493 882 3864
7507 2 2 1 2 3865 3864 974
7508 2 2 1 2 3493 3864 3865
7509 2 2 1 2 882 3490 3866
7510 2 2 1 2 3490 6 2737
7511 2 2 1 2 3866 2737 697
7512 2 2 1 2 3490 2737 3866
7513 2 2 1 2 974 3867 3868
7514 2 2 1 2 3867 697 2734
7515 2 2 1 2 3868 2734 181
7516 2 2 1 2 3867 2734 3868
7517 2 2 1 2 882 3866 3864
7518 2 2 1 2 3866 697 3867
7519 2 2 1 2 3864 3867 974
7520 2 2 1 2 3866 3867 3864
7521 2 2 1 2 248 3869 3871
7522 2 2 1 2 3869 975 3870
7523 2 2 1 2 3871 3870 976
7524 2 2 1 2 3869 3870 3871
7525 2 2 1 2 975 3872 3873
7526 2 2 1 2 3872 181 2728
7527 2 2 1 2 3873 2728 694
7528 2 2 1 2 3872 2728 3873
7529 2 2 1 2 976 3874 3875
7530 2 2 1 2 3874 694 2725
7531 2 2 1 2 3875 2725 49
7532 2 2 1 2 3874 2725 3875
7533 2 2 1 2 975 3873 3870
7534 2 2 1 2 3873 694 3874
7535 2 2 1 2 3870 3874 976
7536 2 2 1 2 3873 3874 3870
7537 2 2 1 2 226 3865 3859
7538 2 2 1 2 3865 974 3876
7539 2 2 1 2 3859 3876 972
7540 2 2 1 2 3865 3876 3859
7541 2 2 1 2 974 3868 3877
7542 2 2 1 2 3868 181 3872
7543 2 2 1 2 3877 3872 975
7544 2 2 1 2 3868 3872 3877
7545 2 2 1 2 972 3878 3862
7546 2 2 1 2 3878 975 3869
7547 2 2 1 2 3862 3869 248
7548 2 2 1 2 3878 3869 3862
7549 2 2 1 2 974 3877 3876
7550 2 2 1 2 3877 975 3878
7551 2 2 1 2 3876 3878 972
7552 2 2 1 2 3877 3878 3876
7553 2 2 1 2 65 3879 3881
7554 2 2 1 2 3879 977 3880
7555 2 2 1 2 3881 3880 979
7556 2 2 1 2 3879 3880 3881
7557 2 2 1 2 977 3882 3884
7558 2 2 1 2 3882 249 3883
7559 2 2 1 2 3884 3883 978
7560 2 2 1 2 3882 3883 3884
7561 2 2 1 2 979 3885 3887
7562 2 2 1 2 3885 978 3886
7563 2 2 1 2 3887 3886 250
7564 2 2 1 2 3885 3886 3887
7565 2 2 1 2 977 3884 3880
7566 2 2 1 2 3884 978 3885
7567 2 2 1 2 3880 3885 979
7568 2 2 1 2 3884 3885 3880
7569 2 2 1 2 249 3888 3890
7570 2 2 1 2 3888 980 3889
7571 2 2 1 2 3890 3889 981
7572 2 2 1 2 3888 3889 3890
7573 2 2 1 2 980 3891 3892
7574 2 2 1 2 3891 49 2707
7575 2 2 1 2 3892 2707 688
7576 2 2 1 2 3891 2707 3892
7577 2 2 1 2 981 3893 3894
7578 2 2 1 2 3893 688 2704
7579 2 2 1 2 3894 2704 178
7580 2 2 1 2 3893 2704 3894
7581 2 2 1 2 980 3892 3889
7582 2 2 1 2 3892 688 3893
7583 2 2 1 2 3889 3893 981
7584 2 2 1 2 3892 3893 3889
7585 2 2 1 2 250 3895 3897
7586 2 2 1 2 3895 982 3896
7587 2 2 1 2 3897 3896 983
7588 2 2 1 2 3895 3896 3897
7589 2 2 1 2 982 3898 3899
7590 2 2 1 2 3898 178 2698
7591 2 2 1 2 3899 2698 685
7592 2 2 1 2 3898 2698 3899
7593 2 2 1 2 983 3900 3901
7594 2 2 1 2 3900 685 2695
7595 2 2 1 2 3901 2695 15
7596 2 2 1 2 3900 2695 3901
7597 2 2 1 2 982 3899 3896
7598 2 2 1 2 3899 685 3900
7599 2 2 1 2 3896 3900 983
7600 2 2 1 2 3899 3900 3896
7601 2 2 1 2 249 3890 3883
7602 2 2 1 2 3890 981 3902
7603 2 2 1 2 3883 3902 978
7604 2 2 1 2 3890 3902 3883
7605 2 2 1 2 981 3894 3903
7606 2 2 1 2 3894 178 3898
7607 2 2 1 2 3903 3898 982
7608 2 2 1 2 3894 3898 3903
7609 2 2 1 2 978 3904 3886
7610 2 2 1 2 3904 982 3895
7611 2 2 1 2 3886 3895 250
7612 2 2 1 2 3904 3895 3886
7613 2 2 1 2 981 3903 3902
7614 2 2 1 2 3903 982 3904
7615 2 2 1 2 3902 3904 978
7616 2 2 1 2 3903 3904 3902
7617 2 2 1 2 60 3858 3840
7618 2 2 1 2 3858 973 3905
7619 2 2 1 2 3840 3905 967
7620 2 2 1 2 3858 3905 3840
7621 2 2 1 2 973 3863 3907
7622 2 2 1 2 3863 248 3906
7623 2 2 1 2 3907 3906 984
7624 2 2 1 2 3863 3906 3907
7625 2 2 1 2 967 3908 3843
7626 2 2 1 2 3908 984 3909
7627 2 2 1 2 3843 3909 246
7628 2 2 1 2 3908 3909 3843
7629 2 2 1 2 973 3907 3905
7630 2 2 1 2 3907 984 3908
7631 2 2 1 2 3905 3908 967
7632 2 2 1 2 3907 3908 3905
7633 2 2 1 2 248 3871 3911
7634 2 2 1 2 3871 976 3910
7635 2 2 1 2 3911 3910 985
7636 2 2 1 2 3871 3910 3911
7637 2 2 1 2 976 3875 3912
7638 2 2 1 2 3875 49 3891
7639 2 2 1 2 3912 3891 980
7640 2 2 1 2 3875 3891 3912
7641 2 2 1 2 985 3913 3914
7642 2 2 1 2 3913 980 3888
7643 2 2 1 2 3914 3888 249
7644 2 2 1 2 3913 3888 3914
7645 2 2 1 2 976 3912 3910
7646 2 2 1 2 3912 980 3913
7647 2 2 1 2 3910 3913 985
7648 2 2 1 2 3912 3913 3910
7649 2 2 1 2 246 3915 3849
7650 2 2 1 2 3915 986 3916
7651 2 2 1 2 3849 3916 970
7652 2 2 1 2 3915 3916 3849
7653 2 2 1 2 986 3917 3918
7654 2 2 1 2 3917 249 3882
7655 2 2 1 2 3918 3882 977
7656 2 2 1 2 3917 3882 3918
7657 2 2 1 2 970 3919 3852
7658 2 2 1 2 3919 977 3879
7659 2 2 1 2 3852 3879 65
7660 2 2 1 2 3919 3879 3852
7661 2 2 1 2 986 3918 3916
7662 2 2 1 2 3918 977 3919
7663 2 2 1 2 3916 3919 970
7664 2 2 1 2 3918 3919 3916
7665 2 2 1 2 248 3911 3906
7666 2 2 1 2 3911 985 3920
7667 2 2 1 2 3906 3920 984
7668 2 2 1 2 3911 3920 3906
7669 2 2 1 2 985 3914 3921
7670 2 2 1 2 3914 249 3917
7671 2 2 1 2 3921 3917 986
7672 2 2 1 2 3914 3917 3921
7673 2 2 1 2 984 3922 3909
7674 2 2 1 2 3922 986 3915
7675 2 2 1 2 3909 3915 246
7676 2 2 1 2 3922 3915 3909
7677 2 2 1 2 985 3921 3920
7678 2 2 1 2 3921 986 3922
7679 2 2 1 2 3920 3922 984
7680 2 2 1 2 3921 3922 3920
7681 2 2 1 2 12 3923 1927
7682 2 2 1 2 3923 987 3924
7683 2 2 1 2 1927 3924 493
7684 2 2 1 2 3923 3924 1927
7685 2 2 1 2 987 3925 3927
7686 2 2 1 2 3925 251 3926
7687 2 2 1 2 3927 3926 988
7688 2 2 1 2 3925 3926 3927
7689 2 2 1 2 493 3928 1930
7690 2 2 1 2 3928 988 3929
7691 2 2 1 2 1930 3929 130
7692 2 2 1 2 3928 3929 1930
7693 2 2 1 2 987 3927 3924
7694 2 2 1 2 3927 988 3928
7695 2 2 1 2 3924 3928 493
7696 2 2 1 2 3927 3928 3924
7697 2 2 1 2 251 3930 3932
7698 2 2 1 2 3930 989 3931
7699 2 2 1 2 3932 3931 991
7700 2 2 1 2 3930 3931 3932
7701 2 2 1 2 989 3933 3935
7702 2 2 1 2 3933 66 3934
7703 2 2 1 2 3935 3934 990
7704 2 2 1 2 3933 3934 3935
7705 2 2 1 2 991 3936 3938
7706 2 2 1 2 3936 990 3937
7707 2 2 1 2 3938 3937 252
7708 2 2 1 2 3936 3937 3938
7709 2 2 1 2 989 3935 3931
7710 2 2 1 2 3935 990 3936
7711 2 2 1 2 3931 3936 991
7712 2 2 1 2 3935 3936 3931
7713 2 2 1 2 130 3939 1936
7714 2 2 1 2 3939 992 3940
7715 2 2 1 2 1936 3940 496
7716 2 2 1 2 3939 3940 1936
7717 2 2 1 2 992 3941 3943
7718 2 2 1 2 3941 252 3942
7719 2 2 1 2 3943 3942 993
7720 2 2 1 2 3941 3942 3943
7721 2 2 1 2 496 3944 1939
7722 2 2 1 2 3944 993 3945
7723 2 2 1 2 1939 3945 37
7724 2 2 1 2 3944 3945 1939
7725 2 2 1 2 992 3943 3940
7726 2 2 1 2 3943 993 3944
7727 2 2 1 2 3940 3944 496
7728 2 2 1 2 3943 3944 3940
7729 2 2 1 2 251 3932 3926
7730 2 2 1 2 3932 991 3946
7731 2 2 1 2 3926 3946 988
7732 2 2 1 2 3932 3946 3926
7733 2 2 1 2 991 3938 3947
7734 2 2 1 2 3938 252 3941
7735 2 2 1 2 3947 3941 992
7736 2 2 1 2 3938 3941 3947
7737 2 2 1 2 988 3948 3929
7738 2 2 1 2 3948 992 3939
7739 2 2 1 2 3929 3939 130
7740 2 2 1 2 3948 3939 3929
7741 2 2 1 2 991 3947 3946
7742 2 2 1 2 3947 992 3948
7743 2 2 1 2 3946 3948 988
7744 2 2 1 2 3947 3948 3946
7745 2 2 1 2 66 3949 3951
7746 2 2 1 2 3949 994 3950
7747 2 2 1 2 3951 3950 996
7748 2 2 1 2 3949 3950 3951
7749 2 2 1 2 994 3952 3954
7750 2 2 1 2 3952 253 3953
7751 2 2 1 2 3954 3953 995
7752 2 2 1 2 3952 3953 3954
7753 2 2 1 2 996 3955 3957
7754 2 2 1 2 3955 995 3956
7755 2 2 1 2 3957 3956 254
7756 2 2 1 2 3955 3956 3957
7757 2 2 1 2 994 3954 3950
7758 2 2 1 2 3954 995 3955
7759 2 2 1 2 3950 3955 996
7760 2 2 1 2 3954 3955 3950
7761 2 2 1 2 253 3958 3960
7762 2 2 1 2 3958 997 3959
7763 2 2 1 2 3960 3959 998
7764 2 2 1 2 3958 3959 3960
7765 2 2 1 2 997 3961 3962
7766 2 2 1 2 3961 15 2633
7767 2 2 1 2 3962 2633 669
7768 2 2 1 2 3961 2633 3962
7769 2 2 1 2 998 3963 3964
7770 2 2 1 2 3963 669 2630
7771 2 2 1 2 3964 2630 173
7772 2 2 1 2 3963 2630 3964
7773 2 2 1 2 997 3962 3959
7774 2 2 1 2 3962 669 3963
7775 2 2 1 2 3959 3963 998
7776 2 2 1 2 3962 3963 3959
7777 2 2 1 2 254 3965 3967
7778 2 2 1 2 3965 999 3966
7779 2 2 1 2 3967 3966 1000
7780 2 2 1 2 3965 3966 3967
7781 2 2 1 2 999 3968 3969
7782 2 2 1 2 3968 173 2624
7783 2 2 1 2 3969 2624 666
7784 2 2 1 2 3968 2624 3969
7785 2 2 1 2 1000 3970 3971
7786 2 2 1 2 3970 666 2621
7787 2 2 1 2 3971 2621 47
7788 2 2 1 2 3970 2621 3971
7789 2 2 1 2 999 3969 3966
7790 2 2 1 2 3969 666 3970
7791 2 2 1 2 3966 3970 1000
7792 2 2 1 2 3969 3970 3966
7793 2 2 1 2 253 3960 3953
7794 2 2 1 2 3960 998 3972
7795 2 2 1 2 3953 3972 995
7796 2 2 1 2 3960 3972 3953
7797 2 2 1 2 998 3964 3973
7798 2 2 1 2 3964 173 3968
7799 2 2 1 2 3973 3968 999
7800 2 2 1 2 3964 3968 3973
7801 2 2 1 2 995 3974 3956
7802 2 2 1 2 3974 999 3965
7803 2 2 1 2 3956 3965 254
7804 2 2 1 2 3974 3965 3956
7805 2 2 1 2 998 3973 3972
7806 2 2 1 2 3973 999 3974
7807 2 2 1 2 3972 3974 995
7808 2 2 1 2 3973 3974 3972
7809 2 2 1 2 37 3975 1957
7810 2 2 1 2 3975 1001 3976
7811 2 2 1 2 1957 3976 502
7812 2 2 1 2 3975 3976 1957
7813 2 2 1 2 1001 3977 3979
7814 2 2 1 2 3977 255 3978
7815 2 2 1 2 3979 3978 1002
7816 2 2 1 2 3977 3978 3979
7817 2 2 1 2 502 3980 1960
7818 2 2 1 2 3980 1002 3981
7819 2 2 1 2 1960 3981 133
7820 2 2 1 2 3980 3981 1960
7821 2 2 1 2 1001 3979 3976
7822 2 2 1 2 3979 1002 3980
7823 2 2 1 2 3976 3980 502
7824 2 2 1 2 3979 3980 3976
7825 2 2 1 2 255 3982 3984
7826 2 2 1 2 3982 1003 3983
7827 2 2 1 2 3984 3983 1004
7828 2 2 1 2 3982 3983 3984
7829 2 2 1 2 1003 3985 3986
7830 2 2 1 2 3985 47 2605
7831 2 2 1 2 3986 2605 661
7832 2 2 1 2 3985 2605 3986
7833 2 2 1 2 1004 3987 3988
7834 2 2 1 2 3987 661 2602
7835 2 2 1 2 3988 2602 171
7836 2 2 1 2 3987 2602 3988
7837 2 2 1 2 1003 3986 3983
7838 2 2 1 2 3986 661 3987
7839 2 2 1 2 3983 3987 1004
7840 2 2 1 2 3986 3987 3983
7841 2 2 1 2 133 3989 1966
7842 2 2 1 2 3989 1005 3990
7843 2 2 1 2 1966 3990 505
7844 2 2 1 2 3989 3990 1966
7845 2 2 1 2 1005 3991 3992
7846 2 2 1 2 3991 171 2597
7847 2 2 1 2 3992 2597 659
7848 2 2 1 2 3991 2597 3992
7849 2 2 1 2 505 3993 1969
7850 2 2 1 2 3993 659 2595
7851 2 2 1 2 1969 2595 5
7852 2 2 1 2 3993 2595 1969
7853 2 2 1 2 1005 3992 3990
7854 2 2 1 2 3992 659 3993
7855 2 2 1 2 3990 3993 505
7856 2 2 1 2 3992 3993 3990
7857 2 2 1 2 255 3984 3978
7858 2 2 1 2 3984 1004 3994
7859 2 2 1 2 3978 3994 1002
7860 2 2 1 2 3984 3994 3978
7861 2 2 1 2 1004 3988 3995
7862 2 2 1 2 3988 171 3991
7863 2 2 1 2 3995 3991 1005
7864 2 2 1 2 3988 3991 3995
7865 2 2 1 2 1002 3996 3981
7866 2 2 1 2 3996 1005 3989
7867 2 2 1 2 3981 3989 133
7868 2 2 1 2 3996 3989 3981
7869 2 2 1 2 1004 3995 3994
7870 2 2 1 2 3995 1005 3996
7871 2 2 1 2 3994 3996 1002
7872 2 2 1 2 3995 3996 3994
7873 2 2 1 2 66 3951 3934
7874 2 2 1 2 3951 996 3997
7875 2 2 1 2 3934 3997 990
7876 2 2 1 2 3951 3997 3934
7877 2 2 1 2 996 3957 3999
7878 2 2 1 2 3957 254 3998
7879 2 2 1 2 3999 3998 1006
7880 2 2 1 2 3957 3998 3999
7881 2 2 1 2 990 4000 3937
7882 2 2 1 2 4000 1006 4001
7883 2 2 1 2 3937 4001 252
7884 2 2 1 2 4000 4001 3937
7885 2 2 1 2 996 3999 3997
7886 2 2 1 2 3999 1006 4000
7887 2 2 1 2 3997 4000 990
7888 2 2 1 2 3999 4000 3997
7889 2 2 1 2 254 3967 4003
7890 2 2 1 2 3967 1000 4002
7891 2 2 1 2 4003 4002 1007
7892 2 2 1 2 3967 4002 4003
7893 2 2 1 2 1000 3971 4004
7894 2 2 1 2 3971 47 3985
7895 2 2 1 2 4004 3985 1003
7896 2 2 1 2 3971 3985 4004
7897 2 2 1 2 1007 4005 4006
7898 2 2 1 2 4005 1003 3982
7899 2 2 1 2 4006 3982 255
7900 2 2 1 2 4005 3982 4006
7901 2 2 1 2 1000 4004 4002
7902 2 2 1 2 4004 1003 4005
7903 2 2 1 2 4002 4005 1007
7904 2 2 1 2 4004 4005 4002
7905 2 2 1 2 252 4007 3942
7906 2 2 1 2 4007 1008 4008
7907 2 2 1 2 3942 4008 993
7908 2 2 1 2 4007 4008 3942
7909 2 2 1 2 1008 4009 4010
7910 2 2 1 2 4009 255 3977
7911 2 2 1 2 4010 3977 1001
7912 2 2 1 2 4009 3977 4010
7913 2 2 1 2 993 4011 3945
7914 2 2 1 2 4011 1001 3975
7915 2 2 1 2 3945 3975 37
7916 2 2 1 2 4011 3975 3945
7917 2 2 1 2 1008 4010 4008
7918 2 2 1 2 4010 1001 4011
7919 2 2 1 2 4008 4011 993
7920 2 2 1 2 4010 4011 4008
7921 2 2 1 2 254 4003 3998
7922 2 2 1 2 4003 1007 4012
7923 2 2 1 2 3998 4012 1006
7924 2 2 1 2 4003 4012 3998
7925 2 2 1 2 1007 4006 4013
7926 2 2 1 2 4006 255 4009
7927 2 2 1 2 4013 4009 1008
7928 2 2 1 2 4006 4009 4013
7929 2 2 1 2 1006 4014 4001
7930 2 2 1 2 4014 1008 4007
7931 2 2 1 2 4001 4007 252
7932 2 2 1 2 4014 4007 4001
7933 2 2 1 2 1007 4013 4012
7934 2 2 1 2 4013 1008 4014
7935 2 2 1 2 4012 4014 1006
7936 2 2 1 2 4013 4014 4012
7937 2 2 1 2 18 3832 3770
7938 2 2 1 2 3832 966 4015
7939 2 2 1 2 3770 4015 950
7940 2 2 1 2 3832 4015 3770
7941 2 2 1 2 966 3837 4017
7942 2 2 1 2 3837 247 4016
7943 2 2 1 2 4017 4016 1009
7944 2 2 1 2 3837 4016 4017
7945 2 2 1 2 950 4018 3773
7946 2 2 1 2 4018 1009 4019
7947 2 2 1 2 3773 4019 242
7948 2 2 1 2 4018 4019 3773
7949 2 2 1 2 966 4017 4015
7950 2 2 1 2 4017 1009 4018
7951 2 2 1 2 4015 4018 950
7952 2 2 1 2 4017 4018 4015
7953 2 2 1 2 247 3847 4021
7954 2 2 1 2 3847 971 4020
7955 2 2 1 2 4021 4020 1011
7956 2 2 1 2 3847 4020 4021
7957 2 2 1 2 971 3853 4023
7958 2 2 1 2 3853 65 4022
7959 2 2 1 2 4023 4022 1010
7960 2 2 1 2 3853 4022 4023
7961 2 2 1 2 1011 4024 4026
7962 2 2 1 2 4024 1010 4025
7963 2 2 1 2 4026 4025 256
7964 2 2 1 2 4024 4025 4026
7965 2 2 1 2 971 4023 4020
7966 2 2 1 2 4023 1010 4024
7967 2 2 1 2 4020 4024 1011
7968 2 2 1 2 4023 4024 4020
7969 2 2 1 2 242 4027 3779
7970 2 2 1 2 4027 1012 4028
7971 2 2 1 2 3779 4028 953
7972 2 2 1 2 4027 4028 3779
7973 2 2 1 2 1012 4029 4031
7974 2 2 1 2 4029 256 4030
7975 2 2 1 2 4031 4030 1013
7976 2 2 1 2 4029 4030 4031
7977 2 2 1 2 953 4032 3782
7978 2 2 1 2 4032 1013 4033
7979 2 2 1 2 3782 4033 64
7980 2 2 1 2 4032 4033 3782
7981 2 2 1 2 1012 4031 4028
7982 2 2 1 2 4031 1013 4032
7983 2 2 1 2 4028 4032 953
7984 2 2 1 2 4031 4032 4028
7985 2 2 1 2 247 4021 4016
7986 2 2 1 2 4021 1011 4034
7987 2 2 1 2 4016 4034 1009
7988 2 2 1 2 4021 4034 4016
7989 2 2 1 2 1011 4026 4035
7990 2 2 1 2 4026 256 4029
7991 2 2 1 2 4035 4029 1012
7992 2 2 1 2 4026 4029 4035
7993 2 2 1 2 1009 4036 4019
7994 2 2 1 2 4036 1012 4027
7995 2 2 1 2 4019 4027 242
7996 2 2 1 2 4036 4027 4019
7997 2 2 1 2 1011 4035 4034
7998 2 2 1 2 4035 1012 4036
7999 2 2 1 2 4034 4036 1009
8000 2 2 1 2 4035 4036 4034
8001 2 2 1 2 65 3881 4038
8002 2 2 1 2 3881 979 4037
8003 2 2 1 2 4038 4037 1015
8004 2 2 1 2 3881 4037 4038
8005 2 2 1 2 979 3887 4040
8006 2 2 1 2 3887 250 4039
8007 2 2 1 2 4040 4039 1014
8008 2 2 1 2 3887 4039 4040
8009 2 2 1 2 1015 4041 4043
8010 2 2 1 2 4041 1014 4042
8011 2 2 1 2 4043 4042 257
8012 2 2 1 2 4041 4042 4043
8013 2 2 1 2 979 4040 4037
8014 2 2 1 2 4040 1014 4041
8015 2 2 1 2 4037 4041 1015
8016 2 2 1 2 4040 4041 4037
8017 2 2 1 2 250 3897 4045
8018 2 2 1 2 3897 983 4044
8019 2 2 1 2 4045 4044 1016
8020 2 2 1 2 3897 4044 4045
8021 2 2 1 2 983 3901 4046
8022 2 2 1 2 3901 15 3961
8023 2 2 1 2 4046 3961 997
8024 2 2 1 2 3901 3961 4046
8025 2 2 1 2 1016 4047 4048
8026 2 2 1 2 4047 997 3958
8027 2 2 1 2 4048 3958 253
8028 2 2 1 2 4047 3958 4048
8029 2 2 1 2 983 4046 4044
8030 2 2 1 2 4046 997 4047
8031 2 2 1 2 4044 4047 1016
8032 2 2 1 2 4046 4047 4044
8033 2 2 1 2 257 4049 4051
8034 2 2 1 2 4049 1017 4050
8035 2 2 1 2 4051 4050 1018
8036 2 2 1 2 4049 4050 4051
8037 2 2 1 2 1017 4052 4053
8038 2 2 1 2 4052 253 3952
8039 2 2 1 2 4053 3952 994
8040 2 2 1 2 4052 3952 4053
8041 2 2 1 2 1018 4054 4055
8042 2 2 1 2 4054 994 3949
8043 2 2 1 2 4055 3949 66
8044 2 2 1 2 4054 3949 4055
8045 2 2 1 2 1017 4053 4050
8046 2 2 1 2 4053 994 4054
8047 2 2 1 2 4050 4054 1018
8048 2 2 1 2 4053 4054 4050
8049 2 2 1 2 250 4045 4039
8050 2 2 1 2 4045 1016 4056
8051 2 2 1 2 4039 4056 1014
8052 2 2 1 2 4045 4056 4039
8053 2 2 1 2 1016 4048 4057
8054 2 2 1 2 4048 253 4052
8055 2 2 1 2 4057 4052 1017
8056 2 2 1 2 4048 4052 4057
8057 2 2 1 2 1014 4058 4042
8058 2 2 1 2 4058 1017 4049
8059 2 2 1 2 4042 4049 257
8060 2 2 1 2 4058 4049 4042
8061 2 2 1 2 1016 4057 4056
8062 2 2 1 2 4057 1017 4058
8063 2 2 1 2 4056 4058 1014
8064 2 2 1 2 4057 4058 4056
8065 2 2 1 2 64 4059 3798
8066 2 2 1 2 4059 1019 4060
8067 2 2 1 2 3798 4060 958
8068 2 2 1 2 4059 4060 3798
8069 2 2 1 2 1019 4061 4063
8070 2 2 1 2 4061 258 4062
8071 2 2 1 2 4063 4062 1020
8072 2 2 1 2 4061 4062 4063
8073 2 2 1 2 958 4064 3801
8074 2 2 1 2 4064 1020 4065
8075 2 2 1 2 3801 4065 245
8076 2 2 1 2 4064 4065 3801
8077 2 2 1 2 1019 4063 4060
8078 2 2 1 2 4063 1020 4064
8079 2 2 1 2 4060 4064 958
8080 2 2 1 2 4063 4064 4060
8081 2 2 1 2 258 4066 4068
8082 2 2 1 2 4066 1021 4067
8083 2 2 1 2 4068 4067 1022
8084 2 2 1 2 4066 4067 4068
8085 2 2 1 2 1021 4069 4070
8086 2 2 1 2 4069 66 3933
8087 2 2 1 2 4070 3933 989
8088 2 2 1 2 4069 3933 4070
8089 2 2 1 2 1022 4071 4072
8090 2 2 1 2 4071 989 3930
8091 2 2 1 2 4072 3930 251
8092 2 2 1 2 4071 3930 4072
8093 2 2 1 2 1021 4070 4067
8094 2 2 1 2 4070 989 4071
8095 2 2 1 2 4067 4071 1022
8096 2 2 1 2 4070 4071 4067
8097 2 2 1 2 245 4073 3806
8098 2 2 1 2 4073 1023 4074
8099 2 2 1 2 3806 4074 961
8100 2 2 1 2 4073 4074 3806
8101 2 2 1 2 1023 4075 4076
8102 2 2 1 2 4075 251 3925
8103 2 2 1 2 4076 3925 987
8104 2 2 1 2 4075 3925 4076
8105 2 2 1 2 961 4077 3809
8106 2 2 1 2 4077 987 3923
8107 2 2 1 2 3809 3923 12
8108 2 2 1 2 4077 3923 3809
8109 2 2 1 2 1023 4076 4074
8110 2 2 1 2 4076 987 4077
8111 2 2 1 2 4074 4077 961
8112 2 2 1 2 4076 4077 4074
8113 2 2 1 2 258 4068 4062
8114 2 2 1 2 4068 1022 4078
8115 2 2 1 2 4062 4078 1020
8116 2 2 1 2 4068 4078 4062
8117 2 2 1 2 1022 4072 4079
8118 2 2 1 2 4072 251 4075
8119 2 2 1 2 4079 4075 1023
8120 2 2 1 2 4072 4075 4079
8121 2 2 1 2 1020 4080 4065
8122 2 2 1 2 4080 1023 4073
8123 2 2 1 2 4065 4073 245
8124 2 2 1 2 4080 4073 4065
8125 2 2 1 2 1022 4079 4078
8126 2 2 1 2 4079 1023 4080
8127 2 2 1 2 4078 4080 1020
8128 2 2 1 2 4079 4080 4078
8129 2 2 1 2 65 4038 4022
8130 2 2 1 2 4038 1015 4081
8131 2 2 1 2 4022 4081 1010
8132 2 2 1 2 4038 4081 4022
8133 2 2 1 2 1015 4043 4083
8134 2 2 1 2 4043 257 4082
8135 2 2 1 2 4083 4082 1024
8136 2 2 1 2 4043 4082 4083
8137 2 2 1 2 1010 4084 4025
8138 2 2 1 2 4084 1024 4085
8139 2 2 1 2 4025 4085 256
8140 2 2 1 2 4084 4085 4025
8141 2 2 1 2 1015 4083 4081
8142 2 2 1 2 4083 1024 4084
8143 2 2 1 2 4081 4084 1010
8144 2 2 1 2 4083 4084 4081
8145 2 2 1 2 257 4051 4087
8146 2 2 1 2 4051 1018 4086
8147 2 2 1 2 4087 4086 1025
8148 2 2 1 2 4051 4086 4087
8149 2 2 1 2 1018 4055 4088
8150 2 2 1 2 4055 66 4069
8151 2 2 1 2 4088 4069 1021
8152 2 2 1 2 4055 4069 4088
8153 2 2 1 2 1025 4089 4090
8154 2 2 1 2 4089 1021 4066
8155 2 2 1 2 4090 4066 258
8156 2 2 1 2 4089 4066 4090
8157 2 2 1 2 1018 4088 4086
8158 2 2 1 2 4088 1021 4089
8159 2 2 1 2 4086 4089 1025
8160 2 2 1 2 4088 4089 4086
8161 2 2 1 2 256 4091 4030
8162 2 2 1 2 4091 1026 4092
8163 2 2 1 2 4030 4092 1013
8164 2 2 1 2 4091 4092 4030
8165 2 2 1 2 1026 4093 4094
8166 2 2 1 2 4093 258 4061
8167 2 2 1 2 4094 4061 1019
8168 2 2 1 2 4093 4061 4094
8169 2 2 1 2 1013 4095 4033
8170 2 2 1 2 4095 1019 4059
8171 2 2 1 2 4033 4059 64
8172 2 2 1 2 4095 4059 4033
8173 2 2 1 2 1026 4094 4092
8174 2 2 1 2 4094 1019 4095
8175 2 2 1 2 4092 4095 1013
8176 2 2 1 2 4094 4095 4092
8177 2 2 1 2 257 4087 4082
8178 2 2 1 2 4087 1025 4096
8179 2 2 1 2 4082 4096 1024
8180 2 2 1 2 4087 4096 4082
8181 2 2 1 2 1025 4090 4097
8182 2 2 1 2 4090 258 4093
8183 2 2 1 2 4097 4093 1026
8184 2 2 1 2 4090 4093 4097
8185 2 2 1 2 1024 4098 4085
8186 2 2 1 2 4098 1026 4091
8187 2 2 1 2 4085 4091 256
8188 2 2 1 2 4098 4091 4085
8189 2 2 1 2 1025 4097 4096
8190 2 2 1 2 4097 1026 4098
8191 2 2 1 2 4096 4098 1024
8192 2 2 1 2 4097 4098 4096
$EndElements
