$MeshFormat
2.2 0 8
$EndMeshFormat
$Nodes
1026
1 1.845490435362093 0.0 0.0
2 0.0 1.229962971394634 0.0
3 0.0 0.0 1.297047417596703
4 -0.9377267035870993 0.0 0.0
5 0.0 -1.1816979001031518 0.0
6 0.0 0.0 -1.437578746091884
7 1.0720643472026439 1.0720643472026439 0.0
8 0.0 0.960558828443427 0.960558828443427
9 0.8352996160072492 0.0 0.8352996160072492
10 -0.8259775757943352 0.8259775757943352 0.0
11 -1.1505214236823733 0.0 1.1505214236823733
12 -0.8205855099831801 -0.8205855099831801 0.0
13 0.0 -0.9138625035302784 0.9138625035302784
14 1.0254434342182956 -1.0254434342182956 0.0
15 0.0 -0.9314288377292124 -0.9314288377292124
16 0.8941864610971442 0.0 -0.8941864610971442
17 0.0 0.9037394402984142 -0.9037394402984142
18 -1.1053444229316118 0.0 -1.1053444229316118
19 1.6367055723119313 0.6779456456632202 0.0
20 1.1426043942705748 0.5713021971352874 0.5713021971352874
21 1.495002044215233 0.0 0.619250122489451
22 0.48724815530477883 1.1763211047780693 0.0
23 0.0 1.1882258494375075 0.49217926199930684
24 0.48657844223177193 0.9731568844635439 0.48657844223177193
25 0.44914544531309447 0.44914544531309447 0.8982908906261889
26 0.0 0.5271986532315408 1.2727701386964163
27 0.41913159303821124 0.0 1.0118731763318904
28 -0.499384939346856 1.2056218934160454 0.0
29 -0.6331573649386971 1.2663147298773942 0.6331573649386971
30 -0.9209851985916196 0.38148456000152714 0.0
31 -1.056360187837308 0.0 0.4375587165532031
32 -1.0501115582870082 0.5250557791435041 0.5250557791435041
33 -0.7293098336544181 0.7293098336544181 1.4586196673088363
34 -0.6839005930795163 0.0 1.6510820871275718
35 -0.9076650237229514 -0.3759671629177435 0.0
36 -0.9897883265107752 -0.4948941632553876 0.4948941632553876
37 -0.5085505916107375 -1.2277497354195035 0.0
38 0.0 -1.1449313758008797 0.47424610384321114
39 -0.5607121026143272 -1.1214242052286545 0.5607121026143272
40 -0.6902443485526489 -0.6902443485526489 1.3804886971052979
41 0.0 -0.4938958168405561 1.1923699794158087
42 0.4461362792474454 -1.077068256025853 0.0
43 0.5228544207417425 -1.045708841483485 0.5228544207417425
44 1.6943639456116202 -0.7018285258683222 0.0
45 1.272474919518265 -0.6362374597591325 0.6362374597591325
46 0.47497751979837594 -0.47497751979837594 0.9499550395967519
47 0.0 -1.099758210399722 -0.4555347660787286
48 0.45552447941691443 -0.9110489588338289 -0.45552447941691443
49 0.0 -0.5430721008091751 -1.3110920311199594
50 0.4566228885187491 0.0 -1.102385170351942
51 0.47630441786311106 -0.47630441786311106 -0.9526088357262221
52 1.1878720292885296 -0.5939360146442648 -0.5939360146442648
53 1.468187552733301 0.0 -0.608143196449497
54 1.2557292413182801 0.6278646206591401 -0.6278646206591401
55 0.0 0.517924427791628 -1.250380177858873
56 0.5020512305516583 0.5020512305516583 -1.0041024611033167
57 0.5386544182899158 1.0773088365798316 -0.5386544182899158
58 0.0 1.1240326026182257 -0.46558954855399676
59 -0.5314005201641797 1.0628010403283594 -0.5314005201641797
60 -0.6697316579750859 0.0 -1.6168752518340717
61 -0.6988737399390552 0.6988737399390552 -1.3977474798781104
62 -0.9767457040720379 0.48837285203601893 -0.48837285203601893
63 -1.0114443486526399 0.0 -0.41895396679754476
64 -1.0049157144854 -0.5024578572427 -0.5024578572427
65 -0.7275271343087845 -0.7275271343087845 -1.455054268617569
66 -0.6438010428179585 -1.287602085635917 -0.6438010428179585
67 1.781693899307391 0.35440095145712713 0.0
68 1.700692741828076 0.3522249995473368 0.3522249995473368
69 1.7779002016482852 0.0 0.35364633807463175
70 1.3867846231365442 0.9266198605748043 0.0
71 1.178505932986079 0.8627262199671724 0.31577971301890667
72 1.4720028105518042 0.6689667307937328 0.34529469022549547
73 1.3636162089540553 0.3198699303303296 0.6197093312745644
74 1.0040647718833862 0.26903834477469274 0.7350264271086933
75 1.1323951169609585 0.0 0.7566422268374383
76 0.7618239058057721 1.1401500475652495 0.0
77 0.5009730431133754 1.102347386690829 0.2585828618531015
78 0.7492664374686873 1.0235169877852914 0.2742505503166041
79 0.2395081958817685 1.2040890118442285 0.0
80 0.0 1.2319134142649755 0.24504281363820363
81 0.243738894861176 1.176875491303362 0.243738894861176
82 0.25320847846446737 1.0794362105940118 0.4905608248334511
83 0.0 1.0993219268058652 0.7345434276879621
84 0.25381050028585395 0.9472336825612819 0.693423182275428
85 0.6321780711215907 0.23139323374594784 0.8635713048675386
86 0.4412551936232418 0.22775882324035554 0.9709434793765047
87 0.6153682605990842 0.0 0.9209636849740279
88 0.2515942794183371 0.6873683542645777 0.9389626336829148
89 0.0 0.7681880830822961 1.1496747119519202
90 0.24584646048342848 0.4762978047516652 1.0480516817663454
91 0.2294597927596111 0.2294597927596111 1.1079298873991459
92 0.0 0.2612335717175844 1.313309851764902
93 0.22238579832349328 0.0 1.1180089063996321
94 0.7861679997223968 0.7861679997223968 0.5241119998149313
95 0.48482585541590456 0.7272387831238568 0.7272387831238568
96 0.7256628470926678 0.48377523139511197 0.7256628470926678
97 -0.2478412482197174 1.2459820949527505 0.0
98 -0.26411147637147464 1.275243016468791 0.26411147637147464
99 -0.7064055355495111 1.0572105952821997 0.0
100 -0.7989732042331402 1.0914176939255222 0.2924444896923819
101 -0.5696151935807537 1.253388438150017 0.29401327863021537
102 -0.2979157936958696 1.2700249903689707 0.5771758448715082
103 -0.3219078124007253 1.2013763112328577 0.8794684988321323
104 -0.8831418785604959 0.590096537506043 0.0
105 -0.9661868834452505 0.4390935099586263 0.22664304594235257
106 -0.9378850067850882 0.6865794766237657 0.2513055301613224
107 -0.9397067095733397 0.1869192862437817 0.0
108 -0.9737311515885875 0.0 0.19368716855380655
109 -0.98352600405981 0.2036949049140945 0.2036949049140945
110 -1.0707402182449457 0.25116861823943937 0.4866088421802513
111 -1.1403376207266844 0.0 0.7619492381852901
112 -1.1241081593592528 0.30120387350554756 0.8229042858537051
113 -0.34338991828733223 0.9381587035679168 1.281548621855249
114 -0.3445380906886518 0.6675009106319695 1.4687774014267212
115 -1.0073991397796584 0.3687336769099457 1.3761328166896043
116 -1.0043830733453971 0.0 1.503165495492396
117 -0.7311143314357272 0.37737287218003573 1.6087531728688118
118 -0.3216445483195747 0.3216445483195747 1.5530372616329713
119 -0.3047951123977624 0.0 1.5323085055642078
120 -0.9665960109395995 0.9665960109395995 0.6443973406263998
121 -1.044026645201253 0.6960177634675021 1.044026645201253
122 -0.7331965597533713 1.0997948396300568 1.0997948396300568
123 -0.9288627263076582 -0.1847622838605796 0.0
124 -0.949798324589636 -0.19670967378213514 0.19670967378213514
125 -0.8709843658682171 -0.5819731472348296 0.0
126 -0.8691453048636095 -0.6362585223201034 0.23288678254350612
127 -0.9158937482170693 -0.4162372803279564 0.21484554635566777
128 -1.0350668481483387 -0.24280054639303456 0.47039671432366376
129 -1.1425074163617084 -0.3061339395606882 0.83637347680102
130 -0.7135220561788886 -1.067861221066254 0.0
131 -0.5367460981949589 -1.1810628671447472 0.27704752594507953
132 -0.7314564580901339 -0.9991881035133106 0.26773164542317657
133 -0.24761037612368303 -1.244821422546727 0.0
134 0.0 -1.181893622070807 0.235093258357023
135 -0.2547715589137784 -1.2301459056731596 0.2547715589137784
136 -0.27471674059983753 -1.1711266512801226 0.5322304832818822
137 0.0 -1.0590722338547458 0.7076494426752131
138 -0.28735066656947106 -1.0724072872260497 0.7850566206565787
139 -1.0435402358885255 -0.38196223620640596 1.4255024720949316
140 -0.7141116264776797 -0.36859673508496876 1.5713402069720874
141 -0.3023753775770636 -0.8261048944983609 1.1284802720754246
142 0.0 -0.7200679591215742 1.077657857132126
143 -0.30819670409447775 -0.5970938662417434 1.3138528551759836
144 -0.3010289965739693 -0.3010289965739693 1.4534965723928817
145 0.0 -0.2503917825095381 1.2588044967139873
146 -0.8616009935953716 -0.8616009935953716 0.5744006623969145
147 -0.6540339049506984 -0.9810508574260474 0.9810508574260474
148 -1.0449069939307334 -0.696604662620489 1.0449069939307334
149 0.22271293420601465 -1.1196535295411232 0.0
150 0.2343650892823903 -1.1316147541846562 0.2343650892823903
151 0.702249500352347 -1.0509906490562833 0.0
152 0.7884955673326309 -1.0771049757477973 0.28860940841516625
153 0.5005305686846093 -1.1013737603911056 0.25835447370795084
154 0.2560570425305295 -1.0915797344592124 0.49607957344057746
155 0.2636098298554018 -0.9838052783949468 0.7201954485395449
156 1.3934642819497298 -0.9310830659023643 0.0
157 1.575643017134593 -0.7160670825590157 0.3696060657000404
158 1.292242505382659 -0.9459871696402047 0.3462553357424542
159 1.8364141823639726 -0.36528549250359676 0.0
160 1.7464665637462229 -0.3617050684674105 0.3617050684674105
161 1.4139027882195676 -0.33166589205371505 0.6425625814809544
162 1.0636813248926271 -0.28501255200904607 0.7786687728835809
163 0.25849093414283986 -0.7062103653741791 0.964701299517019
164 0.24850473143876292 -0.4814478834551422 1.0593839797374065
165 0.6647161010208484 -0.24330297927817376 0.9080190802990222
166 0.45208898706677625 -0.23335080738374292 0.994782294767068
167 0.22945712296132253 -0.22945712296132253 1.1079169964726716
168 0.913497813146967 -0.913497813146967 0.6089985420979781
169 0.8227806698546731 -0.5485204465697822 0.8227806698546731
170 0.5343498128371342 -0.8015247192557011 0.8015247192557011
171 0.0 -1.1488177879662107 -0.22851406589222095
172 0.22235836391806385 -1.0736411557561643 -0.22235836391806385
173 0.0 -1.0372096474680719 -0.6930413294819724
174 0.24244370808016974 -0.9048122365305906 -0.6623685284504208
175 0.23372180820833813 -0.9963638836880113 -0.45280775632612735
176 0.45578634484518304 -1.002918007338264 -0.23525924012035002
177 0.696016231810478 -0.9507758540994318 -0.25475962228895366
178 0.0 -0.763861199267532 -1.14319907270036
179 0.25919024228261867 -0.50214976928897 -1.1049366697717231
180 0.2550946879519463 -0.6969316482256456 -0.9520263361775919
181 0.0 -0.2818385729745609 -1.4168981883194027
182 0.24764169693612303 0.0 -1.244978882904032
183 0.2516365843668282 -0.2516365843668282 -1.2150089095352765
184 0.47772708207453424 -0.24658419802362097 -1.0511966815689886
185 0.6633973129678924 0.0 -0.9928442415245489
186 0.6822599707209498 -0.24972448126909494 -0.9319844519900448
187 1.1743297549853386 -0.859669045489179 -0.3146607094961597
188 1.499289290450308 -0.68136735063068 -0.35169540940643645
189 1.069526490173218 -0.28657875932560684 -0.782947730847611
190 1.172583207614165 0.0 -0.7834950505106751
191 1.393056826319917 -0.3267759557675921 -0.6330889209129883
192 1.6994967556805933 -0.351977302705988 -0.351977302705988
193 1.7142635103095574 0.0 -0.3409882131482368
194 0.4857991739569008 -0.7286987609353511 -0.7286987609353511
195 0.7697294227440179 -0.513152948496012 -0.7697294227440179
196 0.7781913865803894 -0.7781913865803894 -0.5187942577202597
197 1.6468186680424197 0.341067313536183 -0.341067313536183
198 1.09390032776958 0.29310970942599934 -0.8007906183435806
199 1.3749192970826676 0.32252134939419513 -0.6248461352664241
200 1.507850604730658 0.6852581274582572 -0.35370367755726184
201 1.2909702839989277 0.9450558389488379 -0.34591444505008984
202 0.4868761562424448 0.2513065953944296 -1.0713284194704118
203 0.7100757681169021 0.2599057697425345 -0.9699815378594366
204 0.0 0.27323875018879173 -1.3736639596032219
205 0.25080547437516776 0.25080547437516776 -1.2109959555078957
206 0.2621751873279603 0.5079327395607606 -1.1176615903119613
207 0.0 0.7290598476910288 -1.0911151693824177
208 0.265877208680234 0.7263900426889923 -0.9922672513692263
209 0.8332072449901647 1.1381822632738094 -0.30497501828364476
210 0.5299186402447821 1.1660396427765336 -0.27352345685552
211 0.26520040189733923 0.9897413740685557 -0.7245409721712165
212 0.0 1.034450564241564 -0.6911977690097785
213 0.25857398029101475 1.1023095242946677 -0.5009558361602373
214 0.24349120562808954 1.1756795418918198 -0.24349120562808954
215 0.0 1.188742675243333 -0.23645561973787935
216 0.8545942032080768 0.5697294688053846 -0.8545942032080768
217 0.5509349100843735 0.8264023651265601 -0.8264023651265601
218 0.9370825903382162 0.9370825903382162 -0.6247217268921442
219 -0.24634103819112846 1.189439750740182 -0.24634103819112846
220 -0.27602024773380207 1.0301215884602977 -0.7541013407264955
221 -0.2608413888476175 1.1119755627901011 -0.5053486662048978
222 -0.5090859670500308 1.120199166587836 -0.26277043864665395
223 -0.703833442383167 0.9614543623284573 -0.2576209199452901
224 -0.315322721452096 0.6108996636381416 -1.3442313054545116
225 -0.30242271610785665 0.826234225769643 -1.1286569418774997
226 -0.31876499924846163 0.0 -1.6025398694292576
227 -0.3145220483839723 0.3145220483839723 -1.5186467897479057
228 -0.7098510415059285 0.3663975863077871 -1.5619651621988275
229 -0.9595337810757237 0.0 -1.4360437862301343
230 -1.0255195325831994 0.3753662010025944 -1.4008857335857938
231 -0.8585190251039964 0.6284795456406257 -0.23003947946337056
232 -0.9048180441057854 0.41120381332812994 -0.21224746584065746
233 -1.11552119803375 0.29890300415294185 -0.8166181938808083
234 -1.094136391334071 0.0 -0.7310785636595365
235 -1.0000773013999322 0.23459288223708602 -0.4544953569808326
236 -0.9354516959267919 0.19373838969889484 -0.19373838969889484
237 -0.951361722416528 0.0 -0.18923761244026063
238 -0.6535254409688185 0.9802881614532276 -0.9802881614532276
239 -1.0593752327199404 0.7062501551466269 -1.0593752327199404
240 -0.8531420333098768 0.8531420333098768 -0.5687613555399179
241 -0.9479945047143422 -0.19633609045392275 -0.19633609045392275
242 -1.082490272682914 -0.29005239437993263 -0.7924378783029814
243 -1.0173156464128472 -0.23863656269650263 -0.46232949916107835
244 -0.9219826278833828 -0.4190044339606613 -0.21627384377679287
245 -0.9017769352718944 -0.6601465337127774 -0.24163040155911691
246 -0.7084559532091548 -0.3656774958173376 -1.5588953923593285
247 -0.970623147765742 -0.35527272958347855 -1.3258958773492207
248 -0.32796556933433574 -0.32796556933433574 -1.5835578509567343
249 -0.34327540171544757 -0.665054603352057 -1.4633945161115847
250 -0.3434760407401564 -0.9383939944847048 -1.2818700352248613
251 -0.7926515205322051 -1.0827821133953548 -0.29013059286314963
252 -0.5672101761997698 -1.248096407647941 -0.29277190190200575
253 -0.3193521353071837 -1.1918383944720203 -0.8724862591648366
254 -0.28859628400747767 -1.2302956089373625 -0.5591204211846491
255 -0.25575566189237814 -1.2348975751885742 -0.25575566189237814
256 -1.053477994415618 -0.7023186629437456 -1.053477994415618
257 -0.7685918076846132 -1.1528877115269196 -1.1528877115269196
258 -0.9786757613672559 -0.9786757613672559 -0.6524505075781707
259 1.8215121173324667 0.17940328466815425 0.0
260 1.8179707487474301 0.18080843273016037 0.18080843273016037
261 1.8410772400902915 0.0 0.18133028106542762
262 1.7218619762465752 0.5223211201239831 0.0
263 1.7006798308799576 0.5249859025825173 0.17945874862234273
264 1.7718840628388437 0.3596304803168494 0.1814892352135023
265 1.7523692800640656 0.17949038942249854 0.35566966208400846
266 1.6298486610169107 0.1719845180962466 0.503120901912587
267 1.657824827938915 0.0 0.5028956635571828
268 1.5239896040168255 0.8145894144202305 0.0
269 1.4548728723029007 0.8113345990812646 0.1764705994926591
270 1.5852309974976047 0.6879342122323886 0.18248824896320884
271 1.2328671024561282 1.011787882896129 0.0
272 1.1438616016008738 0.9822562255429647 0.16160537605790906
273 1.3017159579282045 0.9102524324533195 0.16979035369016302
274 1.3294266409963253 0.7775191213848549 0.33269133150523744
275 1.1768922731121556 0.7226288116278321 0.4542634614843235
276 1.315507908005381 0.6265044151409785 0.4756182940652783
277 1.443156212216429 0.16613291726157473 0.626278778011901
278 1.2576254861889853 0.15254523450816745 0.7013362397887131
279 1.3121252604762015 0.0 0.7013455634868628
280 1.2600022021467476 0.4555503575893964 0.600070085423663
281 1.081901328062745 0.4175983252661165 0.6643030027966284
282 1.1769530675474353 0.29453455428580677 0.6883444988772578
283 1.0751678746254374 0.14024037471239362 0.7518338906523939
284 0.9195518017425839 0.12991476811299632 0.7896370336295875
285 0.9717392443514241 0.0 0.7974857880550826
286 1.6030804221752175 0.5228389728190475 0.3532000264073624
287 1.444418948933073 0.4976275877974624 0.4976275877974624
288 1.5542643992479959 0.3424445955827493 0.5069178007235468
289 0.9131639344319075 1.1126934735450673 0.0
290 0.7632294251728198 1.0914641772833495 0.14236599587826818
291 0.9073681030798553 1.0566525359070593 0.14928443282720397
292 0.6200909045462053 1.1601084857534054 0.0
293 0.4984448646643198 1.1485840302160468 0.13222242612723606
294 0.625659626934738 1.1219233341623225 0.13608507460245484
295 0.6221271497546873 1.063732561969507 0.2662009256425688
296 0.4964726320396002 1.0424725792385252 0.3769031160740312
297 0.6105049355062 0.9942843818744973 0.3837794463682974
298 0.3611908204112576 1.190686564019898 0.0
299 0.2431624997790988 1.1980512821355884 0.12271311396806657
300 0.3631689380886608 1.1764774733401488 0.12414398719526017
301 0.11987700993241157 1.2171317074008545 0.0
302 0.0 1.2366326141772326 0.12179768160755429
303 0.12115799838541957 1.2182047801398792 0.12115799838541957
304 0.12343348938857596 1.2050843258605226 0.24458996162377228
305 0.0 1.2156644726946146 0.36876778617117995
306 0.12439261849379753 1.178833681872717 0.3638962803200924
307 0.37105986208338776 1.0263107811557113 0.4887756521933502
308 0.2546064683733784 1.0174013867272313 0.595030224240915
309 0.3693594088640096 0.9569253773414651 0.5875659684774555
310 0.13050266180042505 1.1336448561336596 0.4919617912384325
311 0.0 1.1496238201864304 0.6144867340439375
312 0.1313544033748691 1.0829223603084048 0.6039100706072081
313 0.13308255520477374 1.0202916836373364 0.7134605527314288
314 0.0 1.036521879224482 0.8506515225093984
315 0.134110505566206 0.9492497182364349 0.8151392126702288
316 0.3722465317864957 1.141347830503228 0.25146840938068943
317 0.2501523223762606 1.1353744637055552 0.3702983394702743
318 0.37515387049372606 1.0889254788005651 0.37515387049372606
319 0.7298929958493167 0.12008540033539676 0.8499783961847135
320 0.6268398736288193 0.11692510786670426 0.8964188806056046
321 0.7191766712382739 0.0 0.876319309424462
322 0.5401118382955687 0.3395284955496182 0.8796403338451869
323 0.4468636455980523 0.33924186272703427 0.9383056932680527
324 0.5360173153606881 0.22935553538488668 0.9164992596022709
325 0.5279039823942083 0.11482258041646404 0.9466293980753486
326 0.4319780795433665 0.11459078778848274 0.9954222798564721
327 0.516668317319335 0.0 0.9666184342451208
328 0.3544976373639113 0.5639243041386408 0.9184219415025521
329 0.25015966742576295 0.5846377900583944 0.9996320759964088
330 0.34946083240960873 0.46032450213828874 0.9665702398526483
331 0.13508266959453916 0.8210481384273584 0.9561308080218975
332 0.0 0.8710830994050193 1.0614178277051178
333 0.13505293871201124 0.7240238523615229 1.0353978401348372
334 0.13371979765332162 0.6147851184854085 1.1024233308831903
335 0.0 0.6527947526284986 1.2212930820745267
336 0.13240793264712222 0.499144176989069 1.1501954801983456
337 0.32488838217843047 0.11105833932086269 1.0524684875156802
338 0.22629113355140074 0.11419889862409985 1.1149267791434123
339 0.3214729825709355 0.0 1.0597543996461032
340 0.12520940562867341 0.3662856970217713 1.1865741426586602
341 0.0 0.39518928666096953 1.3027644870266983
342 0.12276654428422193 0.24326837476523688 1.1985729236839524
343 0.11939174810483286 0.11939174810483286 1.2004457005627354
344 0.0 0.1289691147245985 1.3094453965379234
345 0.11776508075391559 0.0 1.195688930605022
346 0.34592384405742976 0.34592384405742976 1.0040821037592582
347 0.23905182327184274 0.3538663657567762 1.084992268178361
348 0.33691773914203743 0.22760230309621862 1.0330259593885818
349 0.9532722805330358 0.9532722805330358 0.29494347004095506
350 0.6349558987666044 0.8823382067871172 0.5057647018512406
351 0.7777158329268158 0.9127668762142843 0.4075507239876472
352 0.9671862945346377 0.8240834699974565 0.4318490129740235
353 0.9528093178080108 0.6856689329423404 0.5461594169167837
354 0.3741259582302565 0.8379074360688845 0.7139324361337808
355 0.4910136998471429 0.8566041596917607 0.6164369398496679
356 0.2553467558365425 0.8252936884115901 0.8252936884115901
357 0.36870428124041355 0.7035864257163298 0.8257648317779599
358 0.46996102269729784 0.5900066225653771 0.8198764455265164
359 0.9081553207016156 0.5205633185508075 0.653534634950807
360 0.8542853823493208 0.3814387168742891 0.7278871363590438
361 0.5809369722924602 0.46273672731696164 0.8072732096584246
362 0.6793974568263802 0.35602840225449445 0.7973754270137118
363 0.7930075506909208 0.2453573900613941 0.7930075506909208
364 0.6255985484607006 0.7507182581528408 0.6255985484607006
365 0.6054740604611559 0.6054740604611559 0.7265688725533872
366 0.7627245259273772 0.6356037716061477 0.6356037716061477
367 -0.12223586651274967 1.2410815801809596 0.0
368 -0.12464181884380914 1.2532334764877548 0.12464181884380914
369 -0.3752549659427278 1.2370498384233692 0.0
370 -0.38936653550530453 1.2613439913263071 0.1330992525198635
371 -0.25661925887722087 1.264352161200168 0.12950413155650561
372 -0.12868029498302982 1.2563090235826213 0.25498678330767455
373 -0.13185319323858896 1.249535439756587 0.3857213325744189
374 -0.6123797272340032 1.1456818877022994 0.0
375 -0.6524780595328584 1.1700137399072168 0.14191825968220237
376 -0.5343398584762111 1.2312981267587162 0.14174428803031072
377 -0.7771654657601372 0.9469788599939492 0.0
378 -0.8211110821285861 0.9562041075144584 0.13509302538587228
379 -0.7513251491285874 1.0744403435182535 0.1401454786152405
380 -0.6966510537696484 1.1911558762824457 0.2980888318995182
381 -0.7392826343025564 1.2040151263782903 0.464732492075734
382 -0.6037049490320838 1.267634537539504 0.4583098076216967
383 -0.14179665721645576 1.2317530451310632 0.5345372769676516
384 -0.14572779514641637 1.2014206134538292 0.6699926366773221
385 -0.46546778200461814 1.2874327076762075 0.6131337338587474
386 -0.48797542512390696 1.2642322264274035 0.7762568013034965
387 -0.3117884523307799 1.2458992334070669 0.7286678688541525
388 -0.1507203771217531 1.1555139371601997 0.8080175752841128
389 -0.1544866521292932 1.0934744477018403 0.9389877955725472
390 -0.41745578730301336 1.2799642615410296 0.28200918975938866
391 -0.44473741235161207 1.2908993822938648 0.44473741235161207
392 -0.281775861111047 1.27890524523264 0.4171103929040688
393 -0.8588734707784468 0.7048592414732703 0.0
394 -0.9045443129176544 0.6325217541356466 0.11798495507664722
395 -0.8823228624072256 0.7576678186639497 0.12465504374327581
396 -0.9035872851740319 0.4829774662290637 0.0
397 -0.9378047189925803 0.4069740950097414 0.10795798297443317
398 -0.9221691060217653 0.5142632845542029 0.1118556391223915
399 -0.9533891258308991 0.55759246324293 0.23858728863563736
400 -1.006631949192408 0.4794037016069637 0.36394503409138046
401 -0.9948899278771841 0.6108767494761823 0.38401317840100163
402 -0.9335199252424627 0.28318017340367524 0.0
403 -0.9559353694030895 0.19402143924670864 0.09791384365664503
404 -0.950286758892867 0.29334572138216924 0.10027594229482761
405 -0.9402936815456421 0.09261084426330478 0.0
406 -0.9489808158712543 0.0 0.09346645231418652
407 -0.9546104949300543 0.09494191673600205 0.09494191673600205
408 -0.9823249360289341 0.1006168547424081 0.1993775981061098
409 -1.011002011899306 0.0 0.30668410743000535
410 -1.020860567717579 0.1077230156282264 0.31513127681229225
411 -1.0629095103738984 0.38429203275281704 0.5062056237687468
412 -1.105687043970867 0.27670010780818594 0.6466643532211434
413 -1.0946541542475576 0.42252073243861127 0.6721334218089463
414 -1.069648938950994 0.12313559486450562 0.46418982554848404
415 -1.1024593333407378 0.0 0.5892767906035102
416 -1.109483970248258 0.13457622661373153 0.6187226041018988
417 -1.1368626483338002 0.14828758146666104 0.7949752668456109
418 -1.160014855753611 0.0 0.951999589163156
419 -1.1428627233019348 0.1614642540000393 0.9813984693018954
420 -0.9781304745368277 0.3190137721823825 0.21550740977017108
421 -1.02497530585203 0.22582853616452075 0.33429204715095107
422 -1.0188061360092007 0.3509965306603043 0.3509965306603043
423 -0.15875767677027805 0.9649475788754954 1.1237052556457736
424 -0.16030255055821913 0.8593879652336456 1.2289766975749936
425 -0.541119936232507 0.8607975098638194 1.4019174460963262
426 -0.5416212380960546 0.7134462682268667 1.4980647942890817
427 -0.3469791207965055 0.8109105215335052 1.3865203068842047
428 -0.1599058810148178 0.7351772716638301 1.3183087102270055
429 -0.1593934919435973 0.6008728613385677 1.3846124649884537
430 -0.887311053267598 0.5577870463850678 1.4450980996526657
431 -0.8893769711331684 0.3805539961633057 1.5206847096019018
432 -0.7356420917807257 0.5584714620991603 1.544670661229737
433 -1.093962746225238 0.17998385390670102 1.273946600131939
434 -1.1010445574064534 0.0 1.3416266750292167
435 -1.011611893941897 0.1886970417718481 1.4466661099987481
436 -0.8811755841734631 0.1916614720652507 1.5801106653177819
437 -0.8614948550295516 0.0 1.6117435111938678
438 -0.7143082304172709 0.18948448248540087 1.646005575083401
439 -0.15034116903234263 0.43980577667935844 1.4247407601302475
440 -0.1475027571211136 0.29228448359001713 1.4400732046737155
441 -0.5041992099535292 0.17235312192104452 1.6333418152667392
442 -0.491293815031987 0.0 1.6195786589443215
443 -0.3154205507404889 0.15917848363152481 1.5540636223506945
444 -0.14264823050462247 0.14264823050462247 1.4342821653955196
445 -0.1394275353790916 0.0 1.41563152342828
446 -0.5426522628375129 0.5426522628375129 1.575108033284788
447 -0.5290007881844009 0.3573625955020602 1.6219732096122303
448 -0.3367101541830085 0.49842915625308015 1.5282373039684698
449 -0.8960811286554452 0.8960811286554452 0.27724846606896947
450 -1.0295591083970193 0.7409002851480263 0.5901531311816819
451 -0.9682459968187442 0.8249863809882196 0.4323221704081432
452 -0.8887437271730303 1.043074862644726 0.46573328472140396
453 -0.8325087850807631 1.1568587834045585 0.6631225228284405
454 -1.0995103278485503 0.4909317393342536 0.9368291211233915
455 -1.0792710837853323 0.6186485110907743 0.7766744494869908
456 -1.1039287561251405 0.3415567458097934 1.1039287561251405
457 -1.0340646140204888 0.5418865918005745 1.2136308502183084
458 -0.9261665376722112 0.7377242162806699 1.2870061111697986
459 -0.6953214340386277 1.2130318011610455 0.8729325009548374
460 -0.5293316380574892 1.1855122744568332 1.0101064028507865
461 -0.7432245733118689 0.9330718913465555 1.296601828589051
462 -0.5477489400550489 1.0452515431247391 1.2267603994708796
463 -0.33867357230329664 1.0946101928651064 1.0946101928651064
464 -1.0226849442756596 0.8522374535630497 0.8522374535630497
465 -0.9246101206092534 0.9246101206092534 1.109532144731104
466 -0.8937910658063147 1.0725492789675777 0.8937910658063147
467 -0.9339693839883956 -0.09198795532164328 0.0
468 -0.9417535847458433 -0.09366321751503752 0.09366321751503752
469 -0.9205783888793546 -0.27925440126714257 0.0
470 -0.923268438288419 -0.28500538761020305 0.09742492123988708
471 -0.9335703739100902 -0.18948212753883925 0.09562305837745769
472 -0.9630122409845435 -0.09863870824454841 0.1954577966130599
473 -0.9977694155297014 -0.10528639634184346 0.30800322769163513
474 -0.8905859055576463 -0.47602808404138197 0.0
475 -0.8885038267374356 -0.4954892690432285 0.10777216754869336
476 -0.9074938503025223 -0.3938202495403489 0.10446866352475415
477 -0.8489560353952602 -0.6967202125948754 0.0
478 -0.8389062315115078 -0.7203851124958828 0.11852111901562495
479 -0.8654972706682994 -0.6052172834705162 0.11289182314283837
480 -0.8947854591863404 -0.5233179346647607 0.2239216190260262
481 -0.9178488215962376 -0.563572400259006 0.35427642133723153
482 -0.9420189259458008 -0.44863205508681187 0.3405843718681126
483 -1.0488727713721155 -0.12074388889381699 0.4551737032930236
484 -1.1008537944802108 -0.13352941879944905 0.6139098398184559
485 -1.0160138388873412 -0.3673370307070287 0.48387178217149146
486 -1.0739407453680383 -0.4145256550371184 0.6594150903309199
487 -1.0923800658871974 -0.27337001337465694 0.6388817275471549
488 -1.1469515998209054 -0.14960354185796243 0.8020301796905431
489 -1.1699470481494803 -0.16529074183400141 1.0046563063154788
490 -0.9347229846569827 -0.3048565738862195 0.2059436184844942
491 -0.9644977537156186 -0.3322863432192575 0.3322863432192575
492 -0.9830993338166192 -0.21660217782083163 0.32063434794763546
493 -0.7781550765249177 -0.9481847041997938 0.0
494 -0.7197665543153748 -1.0293096467867664 0.13425882038258072
495 -0.780444621825528 -0.9088470114696039 0.12840238964407594
496 -0.6226910141485797 -1.164972948675678 0.0
497 -0.5235777327306695 -1.2064985819367813 0.13888941986486134
498 -0.6326398266760744 -1.134440122252496 0.13760331385211458
499 -0.6457227614753283 -1.1040770807977436 0.27629721172108823
500 -0.5488430302192229 -1.1524377627004512 0.4166607280552756
501 -0.6614501317191595 -1.0772550672532777 0.4158049355341182
502 -0.37992914503465675 -1.2524585418789156 0.0
503 -0.252164022539506 -1.2424014014758467 0.12725577531341165
504 -0.3840181551577157 -1.2440180354477315 0.13127098696146833
505 -0.119857557845319 -1.216934207046209 0.0
506 0.0 -1.1862892731182348 0.11683929529696525
507 -0.12118461787333722 -1.2184724305456163 0.12118461787333722
508 -0.12398847417214862 -1.2105026565509 0.24568969320867856
509 0.0 -1.1684394195180097 0.3544422229068765
510 -0.12587160106176645 -1.1928495815871467 0.36822287350270144
511 -0.41955869453968514 -1.1604532193701058 0.552660353522527
512 -0.28224346035325304 -1.1278381487817568 0.659619492691915
513 -0.43158684806692443 -1.1181423771287002 0.6865555290617757
514 -0.13383677017026477 -1.1626074439545977 0.5045305304747081
515 0.0 -1.1092156597376506 0.5928881223007784
516 -0.1361588513390096 -1.122531570168372 0.6259988200872874
517 -0.13930895400150414 -1.0680270378431418 0.7468405094072397
518 0.0 -0.9936274736255314 0.8154489935891376
519 -0.14133216780983773 -1.0003654814723133 0.8590333136624755
520 -0.39950467944572315 -1.224924237636122 0.2698824507463222
521 -0.2657999237793464 -1.2063947400017898 0.3934613497562235
522 -0.41208880840862255 -1.1961332090593961 0.41208880840862255
523 -1.12722784307539 -0.1854567828088314 1.3126846258842215
524 -1.0335025671507538 -0.19278033231206665 1.4779710948906415
525 -0.8897043234776758 -0.5592915189336344 1.44899584241131
526 -0.7093814349673615 -0.5385353714783219 1.4895296265099383
527 -0.8973872439190566 -0.3839814981315026 1.5343809258753234
528 -0.8857424661175808 -0.19265479885718492 1.588299928611903
529 -0.7050999751033189 -0.18704180939490828 1.6247866685411898
530 -0.48560892595384236 -0.7724922447675289 1.2581011707213712
531 -0.3071070709833018 -0.7177272065420617 1.2271925449825662
532 -0.49327820870164274 -0.6497667972418163 1.3643532902135953
533 -0.1433478830084485 -0.8712850645079888 1.0146329475164373
534 0.0 -0.8219279195405561 1.0015220677393584
535 -0.1440552509951925 -0.7722855849945993 1.104415032823264
536 -0.14374425484413464 -0.660873186295559 1.1850677536278544
537 0.0 -0.6101390344764285 1.1414898464016274
538 -0.14421721578069568 -0.543662166151001 1.2527798481668304
539 -0.49015347524598357 -0.1675517930440251 1.587840978749974
540 -0.30458659366411117 -0.15371107557869415 1.5006851771638434
541 -0.1383003225079737 -0.4045816667990649 1.310633061353138
542 0.0 -0.3733370072049443 1.230727175801924
543 -0.138714281107545 -0.2748696553976195 1.3542710877230062
544 -0.13811947444232905 -0.13811947444232905 1.3887469769911756
545 0.0 -0.1260732156381515 1.2800428396879062
546 -0.5036141947665993 -0.5036141947665993 1.4617957358276847
547 -0.3068505673864069 -0.45422826575957104 1.3927126283483555
548 -0.5015196740131015 -0.3387979307474953 1.537713163215844
549 -0.8173405100461858 -0.8173405100461858 0.252886033886634
550 -0.7300015786882663 -1.0144142059987842 0.5814719282290168
551 -0.7875273655791726 -0.9242821902027665 0.41269231564182246
552 -0.8709176536190935 -0.7420585321898006 0.388865031713483
553 -0.9462873765990188 -0.6809755568534395 0.5424209778174861
554 -0.46318072109321035 -1.0373580392111967 0.883872752760875
555 -0.6084109092348297 -1.0614109459973227 0.7638217817071662
556 -0.29855637233811577 -0.9649493643202415 0.9649493643202415
557 -0.48361564582147076 -0.9228680570762158 1.083124912662889
558 -0.6851827182903857 -0.8602039784883614 1.1953441763827957
559 -1.0509349827683583 -0.6024059868838019 0.7562829778830473
560 -1.125467459686794 -0.502521607622633 0.958945691009996
561 -0.9171852587217464 -0.7305703117662804 1.2745256765770947
562 -1.07170572148043 -0.5616118692701916 1.2578083693311148
563 -1.1547992210241866 -0.35729612242476394 1.1547992210241866
564 -0.8004030418991619 -0.9604836502789943 0.8004030418991619
565 -0.8729555055611288 -0.8729555055611288 1.0475466066733545
566 -0.9586729858200085 -0.798894154850007 0.798894154850007
567 0.11307678410049854 -1.1480878558552223 0.0
568 0.11491383618919439 -1.155421733731235 0.11491383618919439
569 0.33254994499627016 -1.0962702510594413 0.0
570 0.3429399644316829 -1.1109461755879833 0.11722900856338159
571 0.22933665080068236 -1.1299319129472782 0.11573583341314966
572 0.11817792943940911 -1.153774159148607 0.23417579272483222
573 0.12060867689440698 -1.142974336988653 0.35282679493068936
574 0.5676598311297504 -1.0620168467023492 0.0
575 0.6054354070833942 -1.085657570495238 0.13168617406810143
576 0.4756167164435509 -1.0959803254844553 0.12616680522365836
577 0.8545146047383039 -1.0412290585400397 0.0
578 0.9138886101205168 -1.0642458271816022 0.15035721706108537
579 0.7528701200797489 -1.0766497452951231 0.14043366368883783
580 0.6378715415120081 -1.0906528180413895 0.27293776659402164
581 0.6563080974536349 -1.0688806151171366 0.41257251766350167
582 0.5173073352252753 -1.0862204222533793 0.39272002932642597
583 0.12855888322476208 -1.1167597248009902 0.4846342411589066
584 0.13085115803801603 -1.0787734653037675 0.6015963687509838
585 0.386350397289571 -1.0686027203690671 0.5089169880840752
586 0.39190021137181363 -1.015323418457297 0.6234232070854833
587 0.2620175129911882 -1.0470157446004953 0.6123502694423113
588 0.13339143229859574 -1.0226597230066417 0.7151164543764282
589 0.13439099487275397 -0.9512350540912575 0.8168440592185036
590 0.3633915557298982 -1.114197523251602 0.24548649536964404
591 0.3795148374231668 -1.1015836662142389 0.3795148374231668
592 0.24674627404958416 -1.119915321629557 0.3652563953158374
593 1.2093952907926342 -0.9925250648815749 0.0
594 1.3657847913212953 -0.9550539201245062 0.17814722280287076
595 1.185771440479328 -1.0182450200721722 0.16752642040715562
596 1.5604265008232667 -0.8340653415227631 0.0
597 1.666080300594167 -0.7230199516123714 0.19179544001314267
598 1.5332763100890296 -0.8550576095063005 0.18598064118207688
599 1.44669449291353 -0.8461035730406616 0.36203781561650444
600 1.4368320420613672 -0.6842844597812883 0.5194827036347716
601 1.3196052572250805 -0.810256639993697 0.5093486172313835
602 1.7862367452799663 -0.5418489928182509 0.0
603 1.8223339042289595 -0.36987003327155443 0.18665667439452022
604 1.7701189044333692 -0.5464211745496514 0.18678608267965457
605 1.8527729775739226 -0.18248221066348744 0.0
606 1.8439922087195064 -0.18339642783302074 0.18339642783302074
607 1.7734428949636125 -0.18164890212178594 0.359946868706768
608 1.6480273327997845 -0.17390276374750646 0.5087325086597225
609 1.3511187890299414 -0.4884933109161795 0.6434639286894566
610 1.2334309888153367 -0.30866825241388424 0.7213757789552258
611 1.1776531714558898 -0.45455715728245155 0.7230960141734383
612 1.4629210445270684 -0.1684082005768226 0.6348560165134121
613 1.2808073204003358 -0.15535710368141073 0.7142639838713029
614 1.1021663873596659 -0.14376194714018273 0.770713172064959
615 0.947429111537607 -0.1338532892825176 0.8135758222550893
616 1.679207460418771 -0.5476675353343381 0.3699727793809487
617 1.6000203457111846 -0.3525258125170584 0.521840939773998
618 1.5286659416910728 -0.5266521501076707 0.5266521501076707
619 0.1341736868668019 -0.8155232359457045 0.9496969228125065
620 0.13312509694277144 -0.7136886205789336 1.0206178344346346
621 0.37141226815316536 -0.5908315960137633 0.9622438641669286
622 0.3619392271399359 -0.47676156835287997 1.0010841076995924
623 0.25487950423871814 -0.5956683250449396 1.0184924315455253
624 0.13094658466555054 -0.6020350986290199 1.0795601890531878
625 0.12925349971372813 -0.48725276837835957 1.122793689157259
626 0.5724449263889161 -0.3598539244301456 0.9322988508190616
627 0.5558620558887618 -0.2378468675824814 0.9504304209281698
628 0.4649850184054947 -0.3529989188825879 0.9763561980306407
629 0.751583020292287 -0.12365394433202438 0.8752369646243114
630 0.6417704449503016 -0.11971012320430478 0.9177704994063106
631 0.5366659708339387 -0.11672837040059375 0.962341262579624
632 0.43673607124232333 -0.11585293983483395 1.0063862874503768
633 0.12216872113170997 -0.35739052469185406 1.1577584352286614
634 0.12040908276248173 -0.23859694057028555 1.1755569663231025
635 0.3267230867453373 -0.11168550622962942 1.0584119710210707
636 0.22615010896141766 -0.11412772989290727 1.1142319569936345
637 0.11811617348391105 -0.11811617348391105 1.1876202072289082
638 0.35431168052605216 -0.35431168052605216 1.0284287240691456
639 0.3415415563021114 -0.23072588880413825 1.047203079210133
640 0.24003674750359832 -0.3553243406580628 1.0894625757525522
641 1.036200914790448 -1.036200914790448 0.3206016787743105
642 1.1042025380653733 -0.7946158395777425 0.6329394592143719
643 1.104954461264477 -0.9414677521522614 0.4933625467758522
644 0.8728466076635183 -1.0244171942507383 0.45740262937003034
645 0.7147619220023413 -0.9932370953074274 0.5693330057699229
646 0.9449669608564663 -0.4219280728489614 0.8051516616147197
647 1.0352699979393887 -0.5934266677059805 0.7450100051785529
648 0.8456764316103338 -0.26165319852952584 0.8456764316103338
649 0.7424941762699622 -0.38909332468728375 0.871428947679668
650 0.6374350915833501 -0.5077394661116068 0.8857833067514705
651 0.5410536234463559 -0.9439019412385645 0.6792589291005031
652 0.40166288744916234 -0.8995802423830168 0.7664802653565728
653 0.5093938259337201 -0.6395120367000977 0.8886694411010626
654 0.3929621394508742 -0.7498769100481422 0.8800936997180455
655 0.2653062199843564 -0.8574831825534852 0.8574831825534852
656 0.8880227484415192 -0.7400189570345993 0.7400189570345993
657 0.6839700726032722 -0.6839700726032722 0.8207640871239267
658 0.7153325181575844 -0.8583990217891012 0.7153325181575844
659 0.0 -1.1685806178330187 -0.11509514498635603
660 0.1126037598825429 -1.1321946580387283 -0.1126037598825429
661 0.0 -1.1252361918738307 -0.34133666707988175
662 0.11398652997773707 -1.0802181226231737 -0.3334544667339845
663 0.11352698096081486 -1.1083668297463363 -0.2249596933053922
664 0.2232266207103222 -1.099828054867628 -0.11265237761915256
665 0.3309352291908719 -1.0720571101889518 -0.11312536548789949
666 0.0 -1.0716237588629949 -0.5727948326617165
667 0.1221791114598708 -1.0072786930858293 -0.5617260931701146
668 0.12008599174070995 -1.043157778948242 -0.45269359861601577
669 0.0 -0.9917052057340897 -0.8138714291003404
670 0.12885645958672529 -0.912060971206015 -0.7832045116192897
671 0.12571844973649218 -0.9638339792060165 -0.6739813080649254
672 0.23867298181697477 -0.953731553743602 -0.5577927332252006
673 0.34975929266339717 -0.9061459788989223 -0.5563866862355251
674 0.34473789707873914 -0.9535071200057397 -0.4541032531364389
675 0.45275152159666027 -1.0432912529094907 -0.12010135696477439
676 0.5701323766484646 -1.022352712859408 -0.12400753328067014
677 0.45657846380178707 -0.958704464390794 -0.3466169827573934
678 0.5668782447095202 -0.9232328067450672 -0.3563545620355472
679 0.5698051710097208 -0.974270797570311 -0.24381296334442293
680 0.7031762661697089 -1.0055845326800839 -0.13116421630172997
681 0.8517537975968386 -0.9918883054675331 -0.1401345078706945
682 0.2285433664459639 -1.0372971941541855 -0.33831078715549084
683 0.34340023908464024 -0.9967570620378925 -0.34340023908464024
684 0.33831139486165257 -1.0372990574465202 -0.2285437769773962
685 0.0 -0.855168103814704 -1.0420253494686016
686 0.1354547844113836 -0.7261781621758017 -1.038478633290215
687 0.13319226561672318 -0.8095580437207592 -0.9427503093374825
688 0.0 -0.6592929009754939 -1.2334502625520418
689 0.138246066769997 -0.521152455448339 -1.200909930206551
690 0.13668946684167688 -0.6284383579896945 -1.1269061124585515
691 0.25864321751149927 -0.6044643433353988 -1.033532140188574
692 0.3701669426968084 -0.4875994612329996 -1.0238410643073195
693 0.36899694010352363 -0.5869893639475944 -0.955986304051118
694 0.0 -0.4166156876575326 -1.3733978651199226
695 0.13428015108228603 -0.2660831931653261 -1.310980562447119
696 0.13402290137089487 -0.39206856385137556 -1.2700971503883387
697 0.0 -0.14169523605953924 -1.4386558748249612
698 0.13170098421928883 0.0 -1.337182532994225
699 0.13270364612911376 -0.13270364612911376 -1.3342925618679742
700 0.2510698418058447 -0.12670359179336466 -1.2370104195931884
701 0.3540671316564339 0.0 -1.1672029093772625
702 0.3571856903602259 -0.1220987015128058 -1.1570948790936144
703 0.4799080911836694 -0.36432794745035985 -1.0076910454427073
704 0.5783754168982799 -0.24748007124900226 -0.9889244734617106
705 0.5794489567748902 -0.3642568419948449 -0.943705798769735
706 0.46985259256194223 -0.12463775658025923 -1.082697852119901
707 0.558866920786378 0.0 -1.0455664684932378
708 0.5708868883750392 -0.12417164453250586 -1.0237056918203333
709 0.6766455655674193 -0.12621541652014678 -0.9676440283565353
710 0.7737068274609145 0.0 -0.9427644970326127
711 0.7875198593885361 -0.12956644073108933 -0.9170863001196256
712 0.2573432928949998 -0.3809430715158302 -1.1680123549658872
713 0.3672904664763812 -0.24812037587628016 -1.1261520021837963
714 0.37230724316885316 -0.37230724316885316 -1.0806628290813327
715 1.1147808351448887 -0.9572840052542733 -0.1574968298906154
716 1.2984215613158248 -0.9079487559011342 -0.16936064645441404
717 1.1993072085890384 -0.736391904951184 -0.4629153036378544
718 1.3485292970058065 -0.6422306953685313 -0.48755708714168156
719 1.3461796717075039 -0.7873171811780052 -0.3368838066085444
720 1.4763760739153828 -0.8233262251479541 -0.17907885685438976
721 1.6213827209355642 -0.7036227821779643 -0.18664995455539676
722 1.1419552046147594 -0.44077825639603274 -0.7011769482187267
723 1.2295541872192646 -0.30769807606476857 -0.7191084200218268
724 1.3054915935672962 -0.47199692291511425 -0.6217341927951355
725 0.983403171581304 -0.13893572363782344 -0.8444674479434805
726 1.0276687271708316 0.0 -0.8433859283869862
727 1.1309843393978154 -0.14752083957703294 -0.7908647349165037
728 1.2910702913436392 -0.15660196340037277 -0.7199873041518491
729 1.3224372147916061 0.0 -0.7068574179018624
730 1.4457831109397583 -0.1664353199706946 -0.6274187591923729
731 1.7366984398585308 -0.5361045514904655 -0.18325949605113287
732 1.7909244721373174 -0.3634950173286383 -0.18343949222760716
733 1.6025527647044289 -0.1691042067608504 -0.49469488279822343
734 1.601245809382642 0.0 -0.4857326059163792
735 1.720339154854648 -0.17620963135826245 -0.34916866715140754
736 1.8084816759972948 -0.17986468576767675 -0.17986468576767675
737 1.7992265760987693 0.0 -0.17720835043747346
738 1.4722938092501843 -0.5072309646501695 -0.5072309646501695
739 1.5593201235038376 -0.3435585022314555 -0.5085667071915042
740 1.6246180063462556 -0.52986337922388 -0.3579453125406928
741 0.25143236887493103 -0.8126421908711766 -0.8126421908711766
742 0.48633918874874044 -0.610568384007561 -0.8484491822386605
743 0.3729568079500919 -0.7117013845604742 -0.8352889604136106
744 0.36601452525527123 -0.8197407468632895 -0.6984536515774763
745 0.4748914551170186 -0.8284778937572413 -0.5961964715938144
746 0.7302942065373881 -0.38270010715636865 -0.8571104423963143
747 0.6151940806974483 -0.49002371882675005 -0.8548770757828018
748 0.8562209733678707 -0.26491569110323276 -0.8562209733678707
749 0.9172043354017949 -0.40953205104021984 -0.781496735102415
750 0.9595974623060586 -0.5500504462882531 -0.6905538765587007
751 0.6074614173868311 -0.844131724345904 -0.48386438057757836
752 0.7428345251696497 -0.871828398467267 -0.3892716796012554
753 0.9762073306294454 -0.7025068145461358 -0.5595713817251937
754 0.9596158115177696 -0.8176330995265855 -0.4284687897046852
755 0.9163740604757143 -0.9163740604757143 -0.28352712102474764
756 0.6241608071028673 -0.6241608071028673 -0.7489929685234408
757 0.7852278222730983 -0.6543565185609153 -0.6543565185609153
758 0.6213002953567647 -0.7455603544281176 -0.6213002953567647
759 1.7735335200248017 0.1763888755476557 -0.1763888755476557
760 1.5717981261501317 0.165858922816705 -0.4852011783472965
761 1.6849857404898352 0.17258847788111226 -0.34199316077629627
762 1.7341393590251033 0.3519696258362212 -0.17762314850264793
763 1.6809323648377834 0.5188900219260716 -0.1773749610216177
764 1.2833983486385625 0.15567138564735222 -0.7157089148318634
765 1.425012327186896 0.16404423377402247 -0.6184049733270759
766 0.997680708142319 0.14095286160442203 -0.856727846537897
767 1.1363827176990482 0.14822498133356365 -0.7946396651922463
768 1.2344547227179654 0.3089244436053871 -0.7219745127702086
769 1.1814116105195884 0.45600786061177057 -0.7254037499078179
770 1.3200459230178834 0.47725900100862284 -0.6286656233131283
771 1.594767663411925 0.6920727881014245 -0.18358608862594483
772 1.4919411810403371 0.8320063718393224 -0.18096684572118352
773 1.3902716206172936 0.6621102794300915 -0.5026489103269322
774 1.3006429136818403 0.7986134878604136 -0.5020294258214265
775 1.4116022547697171 0.8255797732854853 -0.353255921923736
776 1.3600276203589605 0.9510280964871777 -0.17739628164094065
777 1.2110688215563326 1.039968373682473 -0.17110044787385964
778 1.519645725370587 0.334817207487586 -0.4956270434789026
779 1.4595881523115966 0.5028536436392523 -0.5028536436392523
780 1.5865245555763376 0.5174393358657485 -0.3495523413386454
781 0.6894896871456169 0.12861124416954278 -0.9860118980021538
782 0.8042391710329678 0.13231717987171857 -0.9365563509046864
783 0.473616250055569 0.12563614167798598 -1.0913705804371925
784 0.5786217887086267 0.12585403611352536 -1.0375757975424929
785 0.5961048756293623 0.255066299124151 -1.0192388594610735
786 0.49641078665859706 0.3768561654159071 -1.0423427188802947
787 0.6092255586954283 0.3829751964833603 -0.9922007551787885
788 0.25037237278374247 0.12635161072853693 -1.2335740194207174
789 0.3580482136948266 0.12239354249334182 -1.1598890037198242
790 0.0 0.1393555974675226 -1.4149011255547908
791 0.13144766740486122 0.13144766740486122 -1.321664098984565
792 0.13206906673139723 0.2617018130454762 -1.289393689163294
793 0.0 0.39970590904101755 -1.31765379561032
794 0.13142809293550328 0.38447775059239364 -1.2455068843525805
795 0.38250081925916984 0.5038461620402287 -1.057955210791184
796 0.26520906445623144 0.6198091120870163 -1.059769108280103
797 0.38821728026554864 0.6175645097561158 -1.0057817900216643
798 0.13603909504972272 0.5128327342584439 -1.181738504093055
799 0.0 0.6277341334964007 -1.1744079613604
800 0.13545623000822507 0.6227684746509545 -1.1167389638271537
801 0.13576636869891537 0.727848577187467 -1.0408674276504641
802 0.0 0.8214092085832797 -1.0008900166091559
803 0.13533362945731167 0.8225735015902855 -0.9579071310475972
804 0.37027990558559887 0.2501398695009154 -1.1353179434360952
805 0.2577051070821194 0.38147866195694413 -1.1696545327588406
806 0.3792143954662324 0.3792143954662324 -1.1007116003033208
807 0.9659353582364469 1.1248555490747836 -0.15892019083833658
808 0.8070890245357352 1.1541860535052761 -0.15054717356374517
809 0.6863006403823749 1.1177272587270206 -0.4314266183446457
810 0.5390597388819737 1.1318952145404741 -0.40923362582947725
811 0.6769768627418579 1.1575163258546572 -0.2896704758368842
812 0.6529369272111568 1.1708365744540106 -0.1420180664134435
813 0.5121809990576903 1.1802366877507011 -0.1358662093094028
814 0.3984168116050483 1.0322064326367666 -0.6337896210317182
815 0.2633859896151559 1.0524841446133606 -0.6155484794392145
816 0.3944964380744819 1.0911337735375435 -0.5196472955204092
817 0.13389349459082614 0.947713689374536 -0.8138201947837098
818 0.0 0.9748932852541011 -0.8000742425293157
819 0.1323081534924269 1.0143546498489013 -0.7093089562064221
820 0.12975829384781712 1.0697635879190772 -0.5965718574037427
821 0.0 1.0834082988695983 -0.5790938005273037
822 0.12815260165952488 1.1132304557407358 -0.4831026631525751
823 0.36679053572516246 1.1882095560983001 -0.12538197735206835
824 0.24261642610545964 1.1953608003983214 -0.12243753528710581
825 0.12160931030699663 1.1524570569783985 -0.3557540327460388
826 0.0 1.158751502781094 -0.35150342549366903
827 0.12099800362230197 1.18130661579714 -0.23976391827800803
828 0.11974833778100516 1.204031095285746 -0.11974833778100516
829 0.0 1.2132217864806503 -0.11949191633396511
830 0.39203717983094305 1.1379311459407486 -0.39203717983094305
831 0.25208474667378133 1.1441452205772384 -0.3731588906005877
832 0.3817544098401222 1.1705000053727042 -0.2578913865384789
833 0.8931229335627905 0.27633319732204037 -0.8931229335627905
834 0.6698641905110545 0.5335703837900386 -0.9308469608590614
835 0.7833385827103972 0.41049724461649456 -0.9193660214784096
836 0.9787494657127213 0.43701197287980637 -0.8339357789915521
837 1.0530689186036177 0.6036291793208829 -0.7578186193590309
838 0.40527855864506657 0.7733799334719884 -0.9076780439783918
839 0.5311344146302218 0.6668059838359391 -0.9265972600547264
840 0.26926411253341526 0.8702752923629418 -0.8702752923629418
841 0.4099078684973658 0.9180460311863824 -0.7822138953710878
842 0.5550154737483481 0.968259263751976 -0.6967871574930685
843 1.1132646041019365 0.8011371624000655 -0.638133922167334
844 1.1217372044963434 0.9557673564340272 -0.5008560473978446
845 0.7388199282446252 1.0266682330099415 -0.5884960537515223
846 0.9058650555615122 1.0631693248739194 -0.4747054690140859
847 1.0711981313953676 1.0711981313953676 -0.3314298552754232
848 0.7092165966351487 0.7092165966351487 -0.8510599159621784
849 0.7365899203554185 0.8839079044265022 -0.7365899203554185
850 0.9109286493758192 0.7591072078131826 -0.7591072078131826
851 -0.12138957982221059 1.2205332571455247 -0.12138957982221059
852 -0.12244603989991801 1.1603865068018584 -0.3582017888121514
853 -0.12215621300558123 1.1926142437412917 -0.2420589711847339
854 -0.2477243952059538 1.2205275466503767 -0.12501529622863147
855 -0.37228201358701546 1.2059990731033006 -0.12725915870175333
856 -0.13093644208379876 1.079476570778596 -0.6019884674761656
857 -0.12897187930973267 1.1203473212597217 -0.4861911311942018
858 -0.13745874157568186 0.9729489211822847 -0.8354901796066028
859 -0.13442264191586054 1.0305656021428153 -0.7206448076785094
860 -0.2686956339764621 1.0737013570853522 -0.6279574292005156
861 -0.4109289156574812 1.0646224198957193 -0.6536935042382379
862 -0.39588365076954457 1.0949706513305364 -0.5214745904101156
863 -0.5043410334027194 1.1621707791876623 -0.13378650229837244
864 -0.6110843208252816 1.0957871167642588 -0.13291484987662977
865 -0.5172986957114003 1.086202281361553 -0.3927134705364934
866 -0.6284669067080318 1.0235377202096787 -0.3950708135016469
867 -0.6151192092022431 1.0517501648647978 -0.26320230990518395
868 -0.7007870956045402 1.0021678744652738 -0.13071856177687166
869 -0.7671724670758627 0.8933912599112416 -0.12621879283537887
870 -0.25369784559571723 1.1514666450037614 -0.3755467471134515
871 -0.38874852673766785 1.1283854676848086 -0.38874852673766785
872 -0.3806691674491215 1.1671725356912692 -0.25715825901530837
873 -0.14449914796048594 0.7746653332172476 -1.1078182165191575
874 -0.14187219630652692 0.8623156695208194 -1.0041878658273464
875 -0.14932607541433426 0.562921265558446 -1.297159268206862
876 -0.14640300345026763 0.6730969490108012 -1.206987219150478
877 -0.3108323033290206 0.726433292652851 -1.2420784847571102
878 -0.5007714247677495 0.659637176509391 -1.3850787019867672
879 -0.49119164217438216 0.7813730637859067 -1.2725647059602887
880 -0.1487242053021226 0.29470484750582543 -1.4519982346236588
881 -0.14604633561962216 0.42724173612448135 -1.3840398379513346
882 -0.15088641382311646 0.0 -1.5319754687213623
883 -0.14950124395108133 0.14950124395108133 -1.5031870156744236
884 -0.3193298309639435 0.16115132052055867 -1.5733244795478025
885 -0.49561833537910366 0.0 -1.6338346919943298
886 -0.4970460394337755 0.16990791525198456 -1.6101692828807326
887 -0.7124534195485028 0.5408675051881034 -1.4959800519372717
888 -0.883812857387824 0.3781731770172915 -1.511171012969696
889 -0.8903703715419105 0.5597102142503801 -1.4500805857922905
890 -0.6945700511135425 0.1842485373691221 -1.600522194390792
891 -0.8283447272568504 0.0 -1.5497239842971389
892 -0.8595990928655854 0.18696844361513779 -1.5414200290268398
893 -0.9984705587875194 0.18624577455819286 -1.427873206987403
894 -1.0536559586042225 0.0 -1.2838835003160243
895 -1.0905459331495537 0.179421703881426 -1.2699676370309798
896 -0.317454268429751 0.4699248335599032 -1.4408399903932794
897 -0.5090277811734393 0.3438699773721038 -1.56073382583293
898 -0.5114866198200866 0.5114866198200866 -1.484646317668699
899 -0.8339508049930929 0.7161297912742233 -0.11782101371886966
900 -0.8633435215885944 0.6037112288456532 -0.11261089717294781
901 -0.9064294484247144 0.5565607406084153 -0.3498687078162991
902 -0.9260576153028985 0.44103055643495115 -0.3348136035642309
903 -0.8848613758779261 0.5175138050523697 -0.22143809989978777
904 -0.8875289185667661 0.49494559492238305 -0.10765391485967593
905 -0.9070087683862734 0.39360974113718894 -0.10441282197885976
906 -1.0553462189070524 0.40734843572163026 -0.6479977831854221
907 -1.0590503807742786 0.2650292016465595 -0.6193887621695322
908 -0.9913492536439391 0.35841961722292326 -0.4721253901820719
909 -1.133323878354507 0.16011660090745386 -0.973207277447053
910 -1.1158778247047123 0.0 -0.915777263891179
911 -1.1070806137242195 0.14440293815475022 -0.7741495488526269
912 -1.057632218321948 0.12828680440964804 -0.5898065928395517
913 -1.054404603369058 0.0 -0.563591002298539
914 -1.0075189793878796 0.11598333279877165 -0.43722761950056327
915 -0.9234733951261802 0.2850686561034895 -0.09744654864850236
916 -0.9325967973493076 0.18928452555487055 -0.09552333759484896
917 -0.9665360569046748 0.10199059700775012 -0.29836174628477974
918 -0.9756564797098595 0.0 -0.29596215746000015
919 -0.9453681688778184 0.09683147422745873 -0.19187666720422014
920 -0.9373181929120427 0.09322209037007868 -0.09322209037007868
921 -0.9388251872945533 0.0 -0.09246621020369312
922 -0.9419583003558084 0.32452110736853657 -0.32452110736853657
923 -0.9552102320907732 0.2104574883032088 -0.3115384167033367
924 -0.9219721852162189 0.3006979460407214 -0.20313428799995004
925 -0.29258234215226725 0.9456409952336289 -0.9456409952336289
926 -0.6948209933962433 0.8723042290791975 -1.2121587511095322
927 -0.48291441829608817 0.9215299273248116 -1.08155441549484
928 -0.45164441412846745 1.01152086545224 -0.8618583922115942
929 -0.5911438184377104 1.0312874243782877 -0.7421440309348432
930 -1.0737664368625677 0.5626917573351704 -1.26022692976474
931 -0.9310506144023157 0.7416145551467521 -1.2937930510379405
932 -1.1354269646489021 0.35130232544300916 -1.1354269646489021
933 -1.1216439480403115 0.5008144083581701 -0.9556878980046423
934 -1.053385967759297 0.6038109149302682 -0.7580467770315075
935 -0.706943554510002 0.9823726488685589 -0.563105401126187
936 -0.763587610731673 0.8961852757201932 -0.4001470336672129
937 -0.9434799016362674 0.67895521728917 -0.5408117063084792
938 -0.8583656561088082 0.7313637015019316 -0.3832605605104691
939 -0.7996501737503035 0.7996501737503035 -0.24741262478846796
940 -0.8879027231956865 0.8879027231956865 -1.0654832678348238
941 -0.969062412031161 0.8075520100259674 -0.8075520100259674
942 -0.7983357923989773 0.9580029508787727 -0.7983357923989773
943 -0.9378296905762343 -0.09327296197572545 -0.09327296197572545
944 -0.9796804877553854 -0.10337762063735412 -0.3024193241832154
945 -0.9532345910000161 -0.09763721031638595 -0.19347327571011103
946 -0.9332383120602332 -0.18941473059957922 -0.09558904619097322
947 -0.9238045258045501 -0.28517087342558645 -0.09748149014430406
948 -1.0591481362177282 -0.1284706795405566 -0.5906519702341183
949 -1.0198247674062244 -0.11739994760830107 -0.44256789646944816
950 -1.0987755443306222 -0.15523559388327343 -0.9435399504473487
951 -1.0902879646060886 -0.14221257564456002 -0.7624069335654623
952 -1.0560951446392524 -0.2642896486585605 -0.6176603835344626
953 -1.051830929781802 -0.4059915847653981 -0.6458393450164038
954 -1.0099052823171906 -0.36512849874958764 -0.48096261101558363
955 -0.9086707751902927 -0.39433099333529303 -0.1046041484870527
956 -0.8929447509813092 -0.49796582597101713 -0.10831083493230975
957 -0.9551211711290896 -0.45487193734493997 -0.34532145285757576
958 -0.9511964702652551 -0.5840483369941077 -0.36714813327114726
959 -0.9109875872250142 -0.5327937973928866 -0.22797622977639073
960 -0.8771572795090162 -0.6133707914190413 -0.1144127056464582
961 -0.8594327428323484 -0.7380116273691472 -0.12142111546320117
962 -0.9767422819579374 -0.21520155508643835 -0.31856101811466264
963 -0.9660491069819259 -0.3328208115494497 -0.3328208115494497
964 -0.9365050086280611 -0.30543777466048466 -0.20633624439704162
965 -0.9646055233904363 -0.1799288935120161 -1.379444160911278
966 -1.046994329969997 -0.17225639097555304 -1.21925072094555
967 -0.692884394762527 -0.18380138345472044 -1.5966378771824832
968 -0.8427185145220183 -0.1832968070505868 -1.5111500324943983
969 -0.8558640324146827 -0.36621420194056314 -1.4633832332458248
970 -0.7199500590864314 -0.5465586684458269 -1.5117211837749325
971 -0.8694144170429872 -0.5465367505353856 -1.4159511675783727
972 -0.32620924792107636 -0.16462305106232147 -1.6072190739582304
973 -0.5037883536340119 -0.17221267670032245 -1.632010855611336
974 -0.15277336048956325 -0.15277336048956325 -1.53608709706792
975 -0.1550835463708689 -0.30730621683972276 -1.5140846447438652
976 -0.15487599650698425 -0.45307189222461264 -1.4677160381919105
977 -0.5379491964215539 -0.7086093005358374 -1.4879083307518153
978 -0.34575068151947713 -0.80803958701583 -1.381611492776128
979 -0.5443536167143481 -0.8659415526537493 -1.4102951693680972
980 -0.16088540465926449 -0.6064969922324911 -1.3975723475884188
981 -0.15948302940483403 -0.7332331849862567 -1.314822603543265
982 -0.15871456777220358 -0.8508747301631636 -1.2168022572222525
983 -0.15635202340997942 -0.9503257386416349 -1.1066777620516144
984 -0.5229723615930321 -0.35329013621352273 -1.6034894064767504
985 -0.33808505937387723 -0.5004644166267255 -1.534477630777751
986 -0.53509759355418 -0.53509759355418 -1.5531797726068248
987 -0.8095640219394901 -0.9427572711206448 -0.13319324918115474
988 -0.7473824318860482 -1.0688020197201182 -0.13941003937746027
989 -0.7444730633305823 -1.2124683954964428 -0.46799533216586053
990 -0.6046788271347463 -1.269679446265642 -0.4590491387909936
991 -0.6948261901218763 -1.1880356670389576 -0.29730799410390046
992 -0.6533310299482175 -1.1715432734924824 -0.14210378634496068
993 -0.5355682205128687 -1.2341286845970012 -0.14207013552150483
994 -0.49340696137230766 -1.2783040890883013 -0.7848971277159934
995 -0.3055492584486338 -1.2209675631776735 -0.7140865074359044
996 -0.46376366779726547 -1.2827193151429737 -0.6108890029723775
997 -0.1503531769082668 -1.0642172305112036 -0.9138640536029368
998 -0.1450078055610887 -1.1117178945717419 -0.7773922656263728
999 -0.13849738324114003 -1.1418110798159038 -0.6367503665131986
1000 -0.1336860396368453 -1.161298084501573 -0.5039623147602365
1001 -0.38766565468503483 -1.2558340267891004 -0.1325178313006273
1002 -0.25194899916976 -1.2413419904891718 -0.1271472627454729
1003 -0.12415713948370734 -1.1766021138598433 -0.36320741359389236
1004 -0.12217665000571137 -1.19281377069825 -0.24209946817710037
1005 -0.12008567532188248 -1.2074229159686043 -0.12008567532188248
1006 -0.43856102980239786 -1.2729717508507794 -0.43856102980239786
1007 -0.2714927825676545 -1.2322331029333353 -0.40188843984327244
1008 -0.4114062132542051 -1.2614156180306686 -0.2779224444613638
1009 -1.0690933589445843 -0.3307786364128192 -1.0690933589445843
1010 -0.9361330771867112 -0.7456629154814038 -1.3008556692575002
1011 -1.0204930607858278 -0.5347746157905098 -1.1977025847427833
1012 -1.0780279004219335 -0.48133982810381765 -0.9185251879124553
1013 -1.0633723518647877 -0.6095352058437002 -0.7652332656663131
1014 -0.5619612483159123 -1.072372430185769 -1.258590852593706
1015 -0.7650666636495755 -0.9604932674342034 -1.3347067235145231
1016 -0.33971598936590763 -1.097979337774142 -1.097979337774142
1017 -0.5447767651682704 -1.2201037979062375 -1.0395798381525132
1018 -0.7240995905408212 -1.263237098030998 -0.9090616735914657
1019 -1.0115203883644925 -0.7279191044593207 -0.5798131642746045
1020 -0.946618596351286 -0.8065589246388479 -0.4226655286651379
1021 -0.8553519654998155 -1.188601792466153 -0.6813179193219895
1022 -0.8886058680253979 -1.0429130641339917 -0.46566104163074384
1023 -0.8753151506166245 -0.8753151506166245 -0.27082345010381487
1024 -0.9616026255843535 -0.9616026255843535 -1.1539231507012242
1025 -0.9345518351698502 -1.1214622022038203 -0.9345518351698502
1026 -1.0433699715955989 -0.8694749763296657 -0.8694749763296657
$EndNodes
$Elements
2048
1 2 2 1 2 1 259 261
2 2 2 1 2 259 67 260
3 2 2 1 2 261 260 69
4 2 2 1 2 259 260 261
5 2 2 1 2 67 262 264
6 2 2 1 2 262 19 263
7 2 2 1 2 264 263 68
8 2 2 1 2 262 263 264
9 2 2 1 2 69 265 267
10 2 2 1 2 265 68 266
11 2 2 1 2 267 266 21
12 2 2 1 2 265 266 267
13 2 2 1 2 67 264 260
14 2 2 1 2 264 68 265
15 2 2 1 2 260 265 69
16 2 2 1 2 264 265 260
17 2 2 1 2 19 268 270
18 2 2 1 2 268 70 269
19 2 2 1 2 270 269 72
20 2 2 1 2 268 269 270
21 2 2 1 2 70 271 273
22 2 2 1 2 271 7 272
23 2 2 1 2 273 272 71
24 2 2 1 2 271 272 273
25 2 2 1 2 72 274 276
26 2 2 1 2 274 71 275
27 2 2 1 2 276 275 20
28 2 2 1 2 274 275 276
29 2 2 1 2 70 273 269
30 2 2 1 2 273 71 274
31 2 2 1 2 269 274 72
32 2 2 1 2 273 274 269
33 2 2 1 2 21 277 279
34 2 2 1 2 277 73 278
35 2 2 1 2 279 278 75
36 2 2 1 2 277 278 279
37 2 2 1 2 73 280 282
38 2 2 1 2 280 20 281
39 2 2 1 2 282 281 74
40 2 2 1 2 280 281 282
41 2 2 1 2 75 283 285
42 2 2 1 2 283 74 284
43 2 2 1 2 285 284 9
44 2 2 1 2 283 284 285
45 2 2 1 2 73 282 278
46 2 2 1 2 282 74 283
47 2 2 1 2 278 283 75
48 2 2 1 2 282 283 278
49 2 2 1 2 19 270 263
50 2 2 1 2 270 72 286
51 2 2 1 2 263 286 68
52 2 2 1 2 270 286 263
53 2 2 1 2 72 276 287
54 2 2 1 2 276 20 280
55 2 2 1 2 287 280 73
56 2 2 1 2 276 280 287
57 2 2 1 2 68 288 266
58 2 2 1 2 288 73 277
59 2 2 1 2 266 277 21
60 2 2 1 2 288 277 266
61 2 2 1 2 72 287 286
62 2 2 1 2 287 73 288
63 2 2 1 2 286 288 68
64 2 2 1 2 287 288 286
65 2 2 1 2 7 289 291
66 2 2 1 2 289 76 290
67 2 2 1 2 291 290 78
68 2 2 1 2 289 290 291
69 2 2 1 2 76 292 294
70 2 2 1 2 292 22 293
71 2 2 1 2 294 293 77
72 2 2 1 2 292 293 294
73 2 2 1 2 78 295 297
74 2 2 1 2 295 77 296
75 2 2 1 2 297 296 24
76 2 2 1 2 295 296 297
77 2 2 1 2 76 294 290
78 2 2 1 2 294 77 295
79 2 2 1 2 290 295 78
80 2 2 1 2 294 295 290
81 2 2 1 2 22 298 300
82 2 2 1 2 298 79 299
83 2 2 1 2 300 299 81
84 2 2 1 2 298 299 300
85 2 2 1 2 79 301 303
86 2 2 1 2 301 2 302
87 2 2 1 2 303 302 80
88 2 2 1 2 301 302 303
89 2 2 1 2 81 304 306
90 2 2 1 2 304 80 305
91 2 2 1 2 306 305 23
92 2 2 1 2 304 305 306
93 2 2 1 2 79 303 299
94 2 2 1 2 303 80 304
95 2 2 1 2 299 304 81
96 2 2 1 2 303 304 299
97 2 2 1 2 24 307 309
98 2 2 1 2 307 82 308
99 2 2 1 2 309 308 84
100 2 2 1 2 307 308 309
101 2 2 1 2 82 310 312
102 2 2 1 2 310 23 311
103 2 2 1 2 312 311 83
104 2 2 1 2 310 311 312
105 2 2 1 2 84 313 315
106 2 2 1 2 313 83 314
107 2 2 1 2 315 314 8
108 2 2 1 2 313 314 315
109 2 2 1 2 82 312 308
110 2 2 1 2 312 83 313
111 2 2 1 2 308 313 84
112 2 2 1 2 312 313 308
113 2 2 1 2 22 300 293
114 2 2 1 2 300 81 316
115 2 2 1 2 293 316 77
116 2 2 1 2 300 316 293
117 2 2 1 2 81 306 317
118 2 2 1 2 306 23 310
119 2 2 1 2 317 310 82
120 2 2 1 2 306 310 317
121 2 2 1 2 77 318 296
122 2 2 1 2 318 82 307
123 2 2 1 2 296 307 24
124 2 2 1 2 318 307 296
125 2 2 1 2 81 317 316
126 2 2 1 2 317 82 318
127 2 2 1 2 316 318 77
128 2 2 1 2 317 318 316
129 2 2 1 2 9 319 321
130 2 2 1 2 319 85 320
131 2 2 1 2 321 320 87
132 2 2 1 2 319 320 321
133 2 2 1 2 85 322 324
134 2 2 1 2 322 25 323
135 2 2 1 2 324 323 86
136 2 2 1 2 322 323 324
137 2 2 1 2 87 325 327
138 2 2 1 2 325 86 326
139 2 2 1 2 327 326 27
140 2 2 1 2 325 326 327
141 2 2 1 2 85 324 320
142 2 2 1 2 324 86 325
143 2 2 1 2 320 325 87
144 2 2 1 2 324 325 320
145 2 2 1 2 25 328 330
146 2 2 1 2 328 88 329
147 2 2 1 2 330 329 90
148 2 2 1 2 328 329 330
149 2 2 1 2 88 331 333
150 2 2 1 2 331 8 332
151 2 2 1 2 333 332 89
152 2 2 1 2 331 332 333
153 2 2 1 2 90 334 336
154 2 2 1 2 334 89 335
155 2 2 1 2 336 335 26
156 2 2 1 2 334 335 336
157 2 2 1 2 88 333 329
158 2 2 1 2 333 89 334
159 2 2 1 2 329 334 90
160 2 2 1 2 333 334 329
161 2 2 1 2 27 337 339
162 2 2 1 2 337 91 338
163 2 2 1 2 339 338 93
164 2 2 1 2 337 338 339
165 2 2 1 2 91 340 342
166 2 2 1 2 340 26 341
167 2 2 1 2 342 341 92
168 2 2 1 2 340 341 342
169 2 2 1 2 93 343 345
170 2 2 1 2 343 92 344
171 2 2 1 2 345 344 3
172 2 2 1 2 343 344 345
173 2 2 1 2 91 342 338
174 2 2 1 2 342 92 343
175 2 2 1 2 338 343 93
176 2 2 1 2 342 343 338
177 2 2 1 2 25 330 323
178 2 2 1 2 330 90 346
179 2 2 1 2 323 346 86
180 2 2 1 2 330 346 323
181 2 2 1 2 90 336 347
182 2 2 1 2 336 26 340
183 2 2 1 2 347 340 91
184 2 2 1 2 336 340 347
185 2 2 1 2 86 348 326
186 2 2 1 2 348 91 337
187 2 2 1 2 326 337 27
188 2 2 1 2 348 337 326
189 2 2 1 2 90 347 346
190 2 2 1 2 347 91 348
191 2 2 1 2 346 348 86
192 2 2 1 2 347 348 346
193 2 2 1 2 7 291 272
194 2 2 1 2 291 78 349
195 2 2 1 2 272 349 71
196 2 2 1 2 291 349 272
197 2 2 1 2 78 297 351
198 2 2 1 2 297 24 350
199 2 2 1 2 351 350 94
200 2 2 1 2 297 350 351
201 2 2 1 2 71 352 275
202 2 2 1 2 352 94 353
203 2 2 1 2 275 353 20
204 2 2 1 2 352 353 275
205 2 2 1 2 78 351 349
206 2 2 1 2 351 94 352
207 2 2 1 2 349 352 71
208 2 2 1 2 351 352 349
209 2 2 1 2 24 309 355
210 2 2 1 2 309 84 354
211 2 2 1 2 355 354 95
212 2 2 1 2 309 354 355
213 2 2 1 2 84 315 356
214 2 2 1 2 315 8 331
215 2 2 1 2 356 331 88
216 2 2 1 2 315 331 356
217 2 2 1 2 95 357 358
218 2 2 1 2 357 88 328
219 2 2 1 2 358 328 25
220 2 2 1 2 357 328 358
221 2 2 1 2 84 356 354
222 2 2 1 2 356 88 357
223 2 2 1 2 354 357 95
224 2 2 1 2 356 357 354
225 2 2 1 2 20 359 281
226 2 2 1 2 359 96 360
227 2 2 1 2 281 360 74
228 2 2 1 2 359 360 281
229 2 2 1 2 96 361 362
230 2 2 1 2 361 25 322
231 2 2 1 2 362 322 85
232 2 2 1 2 361 322 362
233 2 2 1 2 74 363 284
234 2 2 1 2 363 85 319
235 2 2 1 2 284 319 9
236 2 2 1 2 363 319 284
237 2 2 1 2 96 362 360
238 2 2 1 2 362 85 363
239 2 2 1 2 360 363 74
240 2 2 1 2 362 363 360
241 2 2 1 2 24 355 350
242 2 2 1 2 355 95 364
243 2 2 1 2 350 364 94
244 2 2 1 2 355 364 350
245 2 2 1 2 95 358 365
246 2 2 1 2 358 25 361
247 2 2 1 2 365 361 96
248 2 2 1 2 358 361 365
249 2 2 1 2 94 366 353
250 2 2 1 2 366 96 359
251 2 2 1 2 353 359 20
252 2 2 1 2 366 359 353
253 2 2 1 2 95 365 364
254 2 2 1 2 365 96 366
255 2 2 1 2 364 366 94
256 2 2 1 2 365 366 364
257 2 2 1 2 2 367 302
258 2 2 1 2 367 97 368
259 2 2 1 2 302 368 80
260 2 2 1 2 367 368 302
261 2 2 1 2 97 369 371
262 2 2 1 2 369 28 370
263 2 2 1 2 371 370 98
264 2 2 1 2 369 370 371
265 2 2 1 2 80 372 305
266 2 2 1 2 372 98 373
267 2 2 1 2 305 373 23
268 2 2 1 2 372 373 305
269 2 2 1 2 97 371 368
270 2 2 1 2 371 98 372
271 2 2 1 2 368 372 80
272 2 2 1 2 371 372 368
273 2 2 1 2 28 374 376
274 2 2 1 2 374 99 375
275 2 2 1 2 376 375 101
276 2 2 1 2 374 375 376
277 2 2 1 2 99 377 379
278 2 2 1 2 377 10 378
279 2 2 1 2 379 378 100
280 2 2 1 2 377 378 379
281 2 2 1 2 101 380 382
282 2 2 1 2 380 100 381
283 2 2 1 2 382 381 29
284 2 2 1 2 380 381 382
285 2 2 1 2 99 379 375
286 2 2 1 2 379 100 380
287 2 2 1 2 375 380 101
288 2 2 1 2 379 380 375
289 2 2 1 2 23 383 311
290 2 2 1 2 383 102 384
291 2 2 1 2 311 384 83
292 2 2 1 2 383 384 311
293 2 2 1 2 102 385 387
294 2 2 1 2 385 29 386
295 2 2 1 2 387 386 103
296 2 2 1 2 385 386 387
297 2 2 1 2 83 388 314
298 2 2 1 2 388 103 389
299 2 2 1 2 314 389 8
300 2 2 1 2 388 389 314
301 2 2 1 2 102 387 384
302 2 2 1 2 387 103 388
303 2 2 1 2 384 388 83
304 2 2 1 2 387 388 384
305 2 2 1 2 28 376 370
306 2 2 1 2 376 101 390
307 2 2 1 2 370 390 98
308 2 2 1 2 376 390 370
309 2 2 1 2 101 382 391
310 2 2 1 2 382 29 385
311 2 2 1 2 391 385 102
312 2 2 1 2 382 385 391
313 2 2 1 2 98 392 373
314 2 2 1 2 392 102 383
315 2 2 1 2 373 383 23
316 2 2 1 2 392 383 373
317 2 2 1 2 101 391 390
318 2 2 1 2 391 102 392
319 2 2 1 2 390 392 98
320 2 2 1 2 391 392 390
321 2 2 1 2 10 393 395
322 2 2 1 2 393 104 394
323 2 2 1 2 395 394 106
324 2 2 1 2 393 394 395
325 2 2 1 2 104 396 398
326 2 2 1 2 396 30 397
327 2 2 1 2 398 397 105
328 2 2 1 2 396 397 398
329 2 2 1 2 106 399 401
330 2 2 1 2 399 105 400
331 2 2 1 2 401 400 32
332 2 2 1 2 399 400 401
333 2 2 1 2 104 398 394
334 2 2 1 2 398 105 399
335 2 2 1 2 394 399 106
336 2 2 1 2 398 399 394
337 2 2 1 2 30 402 404
338 2 2 1 2 402 107 403
339 2 2 1 2 404 403 109
340 2 2 1 2 402 403 404
341 2 2 1 2 107 405 407
342 2 2 1 2 405 4 406
343 2 2 1 2 407 406 108
344 2 2 1 2 405 406 407
345 2 2 1 2 109 408 410
346 2 2 1 2 408 108 409
347 2 2 1 2 410 409 31
348 2 2 1 2 408 409 410
349 2 2 1 2 107 407 403
350 2 2 1 2 407 108 408
351 2 2 1 2 403 408 109
352 2 2 1 2 407 408 403
353 2 2 1 2 32 411 413
354 2 2 1 2 411 110 412
355 2 2 1 2 413 412 112
356 2 2 1 2 411 412 413
357 2 2 1 2 110 414 416
358 2 2 1 2 414 31 415
359 2 2 1 2 416 415 111
360 2 2 1 2 414 415 416
361 2 2 1 2 112 417 419
362 2 2 1 2 417 111 418
363 2 2 1 2 419 418 11
364 2 2 1 2 417 418 419
365 2 2 1 2 110 416 412
366 2 2 1 2 416 111 417
367 2 2 1 2 412 417 112
368 2 2 1 2 416 417 412
369 2 2 1 2 30 404 397
370 2 2 1 2 404 109 420
371 2 2 1 2 397 420 105
372 2 2 1 2 404 420 397
373 2 2 1 2 109 410 421
374 2 2 1 2 410 31 414
375 2 2 1 2 421 414 110
376 2 2 1 2 410 414 421
377 2 2 1 2 105 422 400
378 2 2 1 2 422 110 411
379 2 2 1 2 400 411 32
380 2 2 1 2 422 411 400
381 2 2 1 2 109 421 420
382 2 2 1 2 421 110 422
383 2 2 1 2 420 422 105
384 2 2 1 2 421 422 420
385 2 2 1 2 8 423 332
386 2 2 1 2 423 113 424
387 2 2 1 2 332 424 89
388 2 2 1 2 423 424 332
389 2 2 1 2 113 425 427
390 2 2 1 2 425 33 426
391 2 2 1 2 427 426 114
392 2 2 1 2 425 426 427
393 2 2 1 2 89 428 335
394 2 2 1 2 428 114 429
395 2 2 1 2 335 429 26
396 2 2 1 2 428 429 335
397 2 2 1 2 113 427 424
398 2 2 1 2 427 114 428
399 2 2 1 2 424 428 89
400 2 2 1 2 427 428 424
401 2 2 1 2 33 430 432
402 2 2 1 2 430 115 431
403 2 2 1 2 432 431 117
404 2 2 1 2 430 431 432
405 2 2 1 2 115 433 435
406 2 2 1 2 433 11 434
407 2 2 1 2 435 434 116
408 2 2 1 2 433 434 435
409 2 2 1 2 117 436 438
410 2 2 1 2 436 116 437
411 2 2 1 2 438 437 34
412 2 2 1 2 436 437 438
413 2 2 1 2 115 435 431
414 2 2 1 2 435 116 436
415 2 2 1 2 431 436 117
416 2 2 1 2 435 436 431
417 2 2 1 2 26 439 341
418 2 2 1 2 439 118 440
419 2 2 1 2 341 440 92
420 2 2 1 2 439 440 341
421 2 2 1 2 118 441 443
422 2 2 1 2 441 34 442
423 2 2 1 2 443 442 119
424 2 2 1 2 441 442 443
425 2 2 1 2 92 444 344
426 2 2 1 2 444 119 445
427 2 2 1 2 344 445 3
428 2 2 1 2 444 445 344
429 2 2 1 2 118 443 440
430 2 2 1 2 443 119 444
431 2 2 1 2 440 444 92
432 2 2 1 2 443 444 440
433 2 2 1 2 33 432 426
434 2 2 1 2 432 117 446
435 2 2 1 2 426 446 114
436 2 2 1 2 432 446 426
437 2 2 1 2 117 438 447
438 2 2 1 2 438 34 441
439 2 2 1 2 447 441 118
440 2 2 1 2 438 441 447
441 2 2 1 2 114 448 429
442 2 2 1 2 448 118 439
443 2 2 1 2 429 439 26
444 2 2 1 2 448 439 429
445 2 2 1 2 117 447 446
446 2 2 1 2 447 118 448
447 2 2 1 2 446 448 114
448 2 2 1 2 447 448 446
449 2 2 1 2 10 395 378
450 2 2 1 2 395 106 449
451 2 2 1 2 378 449 100
452 2 2 1 2 395 449 378
453 2 2 1 2 106 401 451
454 2 2 1 2 401 32 450
455 2 2 1 2 451 450 120
456 2 2 1 2 401 450 451
457 2 2 1 2 100 452 381
458 2 2 1 2 452 120 453
459 2 2 1 2 381 453 29
460 2 2 1 2 452 453 381
461 2 2 1 2 106 451 449
462 2 2 1 2 451 120 452
463 2 2 1 2 449 452 100
464 2 2 1 2 451 452 449
465 2 2 1 2 32 413 455
466 2 2 1 2 413 112 454
467 2 2 1 2 455 454 121
468 2 2 1 2 413 454 455
469 2 2 1 2 112 419 456
470 2 2 1 2 419 11 433
471 2 2 1 2 456 433 115
472 2 2 1 2 419 433 456
473 2 2 1 2 121 457 458
474 2 2 1 2 457 115 430
475 2 2 1 2 458 430 33
476 2 2 1 2 457 430 458
477 2 2 1 2 112 456 454
478 2 2 1 2 456 115 457
479 2 2 1 2 454 457 121
480 2 2 1 2 456 457 454
481 2 2 1 2 29 459 386
482 2 2 1 2 459 122 460
483 2 2 1 2 386 460 103
484 2 2 1 2 459 460 386
485 2 2 1 2 122 461 462
486 2 2 1 2 461 33 425
487 2 2 1 2 462 425 113
488 2 2 1 2 461 425 462
489 2 2 1 2 103 463 389
490 2 2 1 2 463 113 423
491 2 2 1 2 389 423 8
492 2 2 1 2 463 423 389
493 2 2 1 2 122 462 460
494 2 2 1 2 462 113 463
495 2 2 1 2 460 463 103
496 2 2 1 2 462 463 460
497 2 2 1 2 32 455 450
498 2 2 1 2 455 121 464
499 2 2 1 2 450 464 120
500 2 2 1 2 455 464 450
501 2 2 1 2 121 458 465
502 2 2 1 2 458 33 461
503 2 2 1 2 465 461 122
504 2 2 1 2 458 461 465
505 2 2 1 2 120 466 453
506 2 2 1 2 466 122 459
507 2 2 1 2 453 459 29
508 2 2 1 2 466 459 453
509 2 2 1 2 121 465 464
510 2 2 1 2 465 122 466
511 2 2 1 2 464 466 120
512 2 2 1 2 465 466 464
513 2 2 1 2 4 467 406
514 2 2 1 2 467 123 468
515 2 2 1 2 406 468 108
516 2 2 1 2 467 468 406
517 2 2 1 2 123 469 471
518 2 2 1 2 469 35 470
519 2 2 1 2 471 470 124
520 2 2 1 2 469 470 471
521 2 2 1 2 108 472 409
522 2 2 1 2 472 124 473
523 2 2 1 2 409 473 31
524 2 2 1 2 472 473 409
525 2 2 1 2 123 471 468
526 2 2 1 2 471 124 472
527 2 2 1 2 468 472 108
528 2 2 1 2 471 472 468
529 2 2 1 2 35 474 476
530 2 2 1 2 474 125 475
531 2 2 1 2 476 475 127
532 2 2 1 2 474 475 476
533 2 2 1 2 125 477 479
534 2 2 1 2 477 12 478
535 2 2 1 2 479 478 126
536 2 2 1 2 477 478 479
537 2 2 1 2 127 480 482
538 2 2 1 2 480 126 481
539 2 2 1 2 482 481 36
540 2 2 1 2 480 481 482
541 2 2 1 2 125 479 475
542 2 2 1 2 479 126 480
543 2 2 1 2 475 480 127
544 2 2 1 2 479 480 475
545 2 2 1 2 31 483 415
546 2 2 1 2 483 128 484
547 2 2 1 2 415 484 111
548 2 2 1 2 483 484 415
549 2 2 1 2 128 485 487
550 2 2 1 2 485 36 486
551 2 2 1 2 487 486 129
552 2 2 1 2 485 486 487
553 2 2 1 2 111 488 418
554 2 2 1 2 488 129 489
555 2 2 1 2 418 489 11
556 2 2 1 2 488 489 418
557 2 2 1 2 128 487 484
558 2 2 1 2 487 129 488
559 2 2 1 2 484 488 111
560 2 2 1 2 487 488 484
561 2 2 1 2 35 476 470
562 2 2 1 2 476 127 490
563 2 2 1 2 470 490 124
564 2 2 1 2 476 490 470
565 2 2 1 2 127 482 491
566 2 2 1 2 482 36 485
567 2 2 1 2 491 485 128
568 2 2 1 2 482 485 491
569 2 2 1 2 124 492 473
570 2 2 1 2 492 128 483
571 2 2 1 2 473 483 31
572 2 2 1 2 492 483 473
573 2 2 1 2 127 491 490
574 2 2 1 2 491 128 492
575 2 2 1 2 490 492 124
576 2 2 1 2 491 492 490
577 2 2 1 2 12 493 495
578 2 2 1 2 493 130 494
579 2 2 1 2 495 494 132
580 2 2 1 2 493 494 495
581 2 2 1 2 130 496 498
582 2 2 1 2 496 37 497
583 2 2 1 2 498 497 131
584 2 2 1 2 496 497 498
585 2 2 1 2 132 499 501
586 2 2 1 2 499 131 500
587 2 2 1 2 501 500 39
588 2 2 1 2 499 500 501
589 2 2 1 2 130 498 494
590 2 2 1 2 498 131 499
591 2 2 1 2 494 499 132
592 2 2 1 2 498 499 494
593 2 2 1 2 37 502 504
594 2 2 1 2 502 133 503
595 2 2 1 2 504 503 135
596 2 2 1 2 502 503 504
597 2 2 1 2 133 505 507
598 2 2 1 2 505 5 506
599 2 2 1 2 507 506 134
600 2 2 1 2 505 506 507
601 2 2 1 2 135 508 510
602 2 2 1 2 508 134 509
603 2 2 1 2 510 509 38
604 2 2 1 2 508 509 510
605 2 2 1 2 133 507 503
606 2 2 1 2 507 134 508
607 2 2 1 2 503 508 135
608 2 2 1 2 507 508 503
609 2 2 1 2 39 511 513
610 2 2 1 2 511 136 512
611 2 2 1 2 513 512 138
612 2 2 1 2 511 512 513
613 2 2 1 2 136 514 516
614 2 2 1 2 514 38 515
615 2 2 1 2 516 515 137
616 2 2 1 2 514 515 516
617 2 2 1 2 138 517 519
618 2 2 1 2 517 137 518
619 2 2 1 2 519 518 13
620 2 2 1 2 517 518 519
621 2 2 1 2 136 516 512
622 2 2 1 2 516 137 517
623 2 2 1 2 512 517 138
624 2 2 1 2 516 517 512
625 2 2 1 2 37 504 497
626 2 2 1 2 504 135 520
627 2 2 1 2 497 520 131
628 2 2 1 2 504 520 497
629 2 2 1 2 135 510 521
630 2 2 1 2 510 38 514
631 2 2 1 2 521 514 136
632 2 2 1 2 510 514 521
633 2 2 1 2 131 522 500
634 2 2 1 2 522 136 511
635 2 2 1 2 500 511 39
636 2 2 1 2 522 511 500
637 2 2 1 2 135 521 520
638 2 2 1 2 521 136 522
639 2 2 1 2 520 522 131
640 2 2 1 2 521 522 520
641 2 2 1 2 11 523 434
642 2 2 1 2 523 139 524
643 2 2 1 2 434 524 116
644 2 2 1 2 523 524 434
645 2 2 1 2 139 525 527
646 2 2 1 2 525 40 526
647 2 2 1 2 527 526 140
648 2 2 1 2 525 526 527
649 2 2 1 2 116 528 437
650 2 2 1 2 528 140 529
651 2 2 1 2 437 529 34
652 2 2 1 2 528 529 437
653 2 2 1 2 139 527 524
654 2 2 1 2 527 140 528
655 2 2 1 2 524 528 116
656 2 2 1 2 527 528 524
657 2 2 1 2 40 530 532
658 2 2 1 2 530 141 531
659 2 2 1 2 532 531 143
660 2 2 1 2 530 531 532
661 2 2 1 2 141 533 535
662 2 2 1 2 533 13 534
663 2 2 1 2 535 534 142
664 2 2 1 2 533 534 535
665 2 2 1 2 143 536 538
666 2 2 1 2 536 142 537
667 2 2 1 2 538 537 41
668 2 2 1 2 536 537 538
669 2 2 1 2 141 535 531
670 2 2 1 2 535 142 536
671 2 2 1 2 531 536 143
672 2 2 1 2 535 536 531
673 2 2 1 2 34 539 442
674 2 2 1 2 539 144 540
675 2 2 1 2 442 540 119
676 2 2 1 2 539 540 442
677 2 2 1 2 144 541 543
678 2 2 1 2 541 41 542
679 2 2 1 2 543 542 145
680 2 2 1 2 541 542 543
681 2 2 1 2 119 544 445
682 2 2 1 2 544 145 545
683 2 2 1 2 445 545 3
684 2 2 1 2 544 545 445
685 2 2 1 2 144 543 540
686 2 2 1 2 543 145 544
687 2 2 1 2 540 544 119
688 2 2 1 2 543 544 540
689 2 2 1 2 40 532 526
690 2 2 1 2 532 143 546
691 2 2 1 2 526 546 140
692 2 2 1 2 532 546 526
693 2 2 1 2 143 538 547
694 2 2 1 2 538 41 541
695 2 2 1 2 547 541 144
696 2 2 1 2 538 541 547
697 2 2 1 2 140 548 529
698 2 2 1 2 548 144 539
699 2 2 1 2 529 539 34
700 2 2 1 2 548 539 529
701 2 2 1 2 143 547 546
702 2 2 1 2 547 144 548
703 2 2 1 2 546 548 140
704 2 2 1 2 547 548 546
705 2 2 1 2 12 495 478
706 2 2 1 2 495 132 549
707 2 2 1 2 478 549 126
708 2 2 1 2 495 549 478
709 2 2 1 2 132 501 551
710 2 2 1 2 501 39 550
711 2 2 1 2 551 550 146
712 2 2 1 2 501 550 551
713 2 2 1 2 126 552 481
714 2 2 1 2 552 146 553
715 2 2 1 2 481 553 36
716 2 2 1 2 552 553 481
717 2 2 1 2 132 551 549
718 2 2 1 2 551 146 552
719 2 2 1 2 549 552 126
720 2 2 1 2 551 552 549
721 2 2 1 2 39 513 555
722 2 2 1 2 513 138 554
723 2 2 1 2 555 554 147
724 2 2 1 2 513 554 555
725 2 2 1 2 138 519 556
726 2 2 1 2 519 13 533
727 2 2 1 2 556 533 141
728 2 2 1 2 519 533 556
729 2 2 1 2 147 557 558
730 2 2 1 2 557 141 530
731 2 2 1 2 558 530 40
732 2 2 1 2 557 530 558
733 2 2 1 2 138 556 554
734 2 2 1 2 556 141 557
735 2 2 1 2 554 557 147
736 2 2 1 2 556 557 554
737 2 2 1 2 36 559 486
738 2 2 1 2 559 148 560
739 2 2 1 2 486 560 129
740 2 2 1 2 559 560 486
741 2 2 1 2 148 561 562
742 2 2 1 2 561 40 525
743 2 2 1 2 562 525 139
744 2 2 1 2 561 525 562
745 2 2 1 2 129 563 489
746 2 2 1 2 563 139 523
747 2 2 1 2 489 523 11
748 2 2 1 2 563 523 489
749 2 2 1 2 148 562 560
750 2 2 1 2 562 139 563
751 2 2 1 2 560 563 129
752 2 2 1 2 562 563 560
753 2 2 1 2 39 555 550
754 2 2 1 2 555 147 564
755 2 2 1 2 550 564 146
756 2 2 1 2 555 564 550
757 2 2 1 2 147 558 565
758 2 2 1 2 558 40 561
759 2 2 1 2 565 561 148
760 2 2 1 2 558 561 565
761 2 2 1 2 146 566 553
762 2 2 1 2 566 148 559
763 2 2 1 2 553 559 36
764 2 2 1 2 566 559 553
765 2 2 1 2 147 565 564
766 2 2 1 2 565 148 566
767 2 2 1 2 564 566 146
768 2 2 1 2 565 566 564
769 2 2 1 2 5 567 506
770 2 2 1 2 567 149 568
771 2 2 1 2 506 568 134
772 2 2 1 2 567 568 506
773 2 2 1 2 149 569 571
774 2 2 1 2 569 42 570
775 2 2 1 2 571 570 150
776 2 2 1 2 569 570 571
777 2 2 1 2 134 572 509
778 2 2 1 2 572 150 573
779 2 2 1 2 509 573 38
780 2 2 1 2 572 573 509
781 2 2 1 2 149 571 568
782 2 2 1 2 571 150 572
783 2 2 1 2 568 572 134
784 2 2 1 2 571 572 568
785 2 2 1 2 42 574 576
786 2 2 1 2 574 151 575
787 2 2 1 2 576 575 153
788 2 2 1 2 574 575 576
789 2 2 1 2 151 577 579
790 2 2 1 2 577 14 578
791 2 2 1 2 579 578 152
792 2 2 1 2 577 578 579
793 2 2 1 2 153 580 582
794 2 2 1 2 580 152 581
795 2 2 1 2 582 581 43
796 2 2 1 2 580 581 582
797 2 2 1 2 151 579 575
798 2 2 1 2 579 152 580
799 2 2 1 2 575 580 153
800 2 2 1 2 579 580 575
801 2 2 1 2 38 583 515
802 2 2 1 2 583 154 584
803 2 2 1 2 515 584 137
804 2 2 1 2 583 584 515
805 2 2 1 2 154 585 587
806 2 2 1 2 585 43 586
807 2 2 1 2 587 586 155
808 2 2 1 2 585 586 587
809 2 2 1 2 137 588 518
810 2 2 1 2 588 155 589
811 2 2 1 2 518 589 13
812 2 2 1 2 588 589 518
813 2 2 1 2 154 587 584
814 2 2 1 2 587 155 588
815 2 2 1 2 584 588 137
816 2 2 1 2 587 588 584
817 2 2 1 2 42 576 570
818 2 2 1 2 576 153 590
819 2 2 1 2 570 590 150
820 2 2 1 2 576 590 570
821 2 2 1 2 153 582 591
822 2 2 1 2 582 43 585
823 2 2 1 2 591 585 154
824 2 2 1 2 582 585 591
825 2 2 1 2 150 592 573
826 2 2 1 2 592 154 583
827 2 2 1 2 573 583 38
828 2 2 1 2 592 583 573
829 2 2 1 2 153 591 590
830 2 2 1 2 591 154 592
831 2 2 1 2 590 592 150
832 2 2 1 2 591 592 590
833 2 2 1 2 14 593 595
834 2 2 1 2 593 156 594
835 2 2 1 2 595 594 158
836 2 2 1 2 593 594 595
837 2 2 1 2 156 596 598
838 2 2 1 2 596 44 597
839 2 2 1 2 598 597 157
840 2 2 1 2 596 597 598
841 2 2 1 2 158 599 601
842 2 2 1 2 599 157 600
843 2 2 1 2 601 600 45
844 2 2 1 2 599 600 601
845 2 2 1 2 156 598 594
846 2 2 1 2 598 157 599
847 2 2 1 2 594 599 158
848 2 2 1 2 598 599 594
849 2 2 1 2 44 602 604
850 2 2 1 2 602 159 603
851 2 2 1 2 604 603 160
852 2 2 1 2 602 603 604
853 2 2 1 2 159 605 606
854 2 2 1 2 605 1 261
855 2 2 1 2 606 261 69
856 2 2 1 2 605 261 606
857 2 2 1 2 160 607 608
858 2 2 1 2 607 69 267
859 2 2 1 2 608 267 21
860 2 2 1 2 607 267 608
861 2 2 1 2 159 606 603
862 2 2 1 2 606 69 607
863 2 2 1 2 603 607 160
864 2 2 1 2 606 607 603
865 2 2 1 2 45 609 611
866 2 2 1 2 609 161 610
867 2 2 1 2 611 610 162
868 2 2 1 2 609 610 611
869 2 2 1 2 161 612 613
870 2 2 1 2 612 21 279
871 2 2 1 2 613 279 75
872 2 2 1 2 612 279 613
873 2 2 1 2 162 614 615
874 2 2 1 2 614 75 285
875 2 2 1 2 615 285 9
876 2 2 1 2 614 285 615
877 2 2 1 2 161 613 610
878 2 2 1 2 613 75 614
879 2 2 1 2 610 614 162
880 2 2 1 2 613 614 610
881 2 2 1 2 44 604 597
882 2 2 1 2 604 160 616
883 2 2 1 2 597 616 157
884 2 2 1 2 604 616 597
885 2 2 1 2 160 608 617
886 2 2 1 2 608 21 612
887 2 2 1 2 617 612 161
888 2 2 1 2 608 612 617
889 2 2 1 2 157 618 600
890 2 2 1 2 618 161 609
891 2 2 1 2 600 609 45
892 2 2 1 2 618 609 600
893 2 2 1 2 160 617 616
894 2 2 1 2 617 161 618
895 2 2 1 2 616 618 157
896 2 2 1 2 617 618 616
897 2 2 1 2 13 619 534
898 2 2 1 2 619 163 620
899 2 2 1 2 534 620 142
900 2 2 1 2 619 620 534
901 2 2 1 2 163 621 623
902 2 2 1 2 621 46 622
903 2 2 1 2 623 622 164
904 2 2 1 2 621 622 623
905 2 2 1 2 142 624 537
906 2 2 1 2 624 164 625
907 2 2 1 2 537 625 41
908 2 2 1 2 624 625 537
909 2 2 1 2 163 623 620
910 2 2 1 2 623 164 624
911 2 2 1 2 620 624 142
912 2 2 1 2 623 624 620
913 2 2 1 2 46 626 628
914 2 2 1 2 626 165 627
915 2 2 1 2 628 627 166
916 2 2 1 2 626 627 628
917 2 2 1 2 165 629 630
918 2 2 1 2 629 9 321
919 2 2 1 2 630 321 87
920 2 2 1 2 629 321 630
921 2 2 1 2 166 631 632
922 2 2 1 2 631 87 327
923 2 2 1 2 632 327 27
924 2 2 1 2 631 327 632
925 2 2 1 2 165 630 627
926 2 2 1 2 630 87 631
927 2 2 1 2 627 631 166
928 2 2 1 2 630 631 627
929 2 2 1 2 41 633 542
930 2 2 1 2 633 167 634
931 2 2 1 2 542 634 145
932 2 2 1 2 633 634 542
933 2 2 1 2 167 635 636
934 2 2 1 2 635 27 339
935 2 2 1 2 636 339 93
936 2 2 1 2 635 339 636
937 2 2 1 2 145 637 545
938 2 2 1 2 637 93 345
939 2 2 1 2 545 345 3
940 2 2 1 2 637 345 545
941 2 2 1 2 167 636 634
942 2 2 1 2 636 93 637
943 2 2 1 2 634 637 145
944 2 2 1 2 636 637 634
945 2 2 1 2 46 628 622
946 2 2 1 2 628 166 638
947 2 2 1 2 622 638 164
948 2 2 1 2 628 638 622
949 2 2 1 2 166 632 639
950 2 2 1 2 632 27 635
951 2 2 1 2 639 635 167
952 2 2 1 2 632 635 639
953 2 2 1 2 164 640 625
954 2 2 1 2 640 167 633
955 2 2 1 2 625 633 41
956 2 2 1 2 640 633 625
957 2 2 1 2 166 639 638
958 2 2 1 2 639 167 640
959 2 2 1 2 638 640 164
960 2 2 1 2 639 640 638
961 2 2 1 2 14 595 578
962 2 2 1 2 595 158 641
963 2 2 1 2 578 641 152
964 2 2 1 2 595 641 578
965 2 2 1 2 158 601 643
966 2 2 1 2 601 45 642
967 2 2 1 2 643 642 168
968 2 2 1 2 601 642 643
969 2 2 1 2 152 644 581
970 2 2 1 2 644 168 645
971 2 2 1 2 581 645 43
972 2 2 1 2 644 645 581
973 2 2 1 2 158 643 641
974 2 2 1 2 643 168 644
975 2 2 1 2 641 644 152
976 2 2 1 2 643 644 641
977 2 2 1 2 45 611 647
978 2 2 1 2 611 162 646
979 2 2 1 2 647 646 169
980 2 2 1 2 611 646 647
981 2 2 1 2 162 615 648
982 2 2 1 2 615 9 629
983 2 2 1 2 648 629 165
984 2 2 1 2 615 629 648
985 2 2 1 2 169 649 650
986 2 2 1 2 649 165 626
987 2 2 1 2 650 626 46
988 2 2 1 2 649 626 650
989 2 2 1 2 162 648 646
990 2 2 1 2 648 165 649
991 2 2 1 2 646 649 169
992 2 2 1 2 648 649 646
993 2 2 1 2 43 651 586
994 2 2 1 2 651 170 652
995 2 2 1 2 586 652 155
996 2 2 1 2 651 652 586
997 2 2 1 2 170 653 654
998 2 2 1 2 653 46 621
999 2 2 1 2 654 621 163
1000 2 2 1 2 653 621 654
1001 2 2 1 2 155 655 589
1002 2 2 1 2 655 163 619
1003 2 2 1 2 589 619 13
1004 2 2 1 2 655 619 589
1005 2 2 1 2 170 654 652
1006 2 2 1 2 654 163 655
1007 2 2 1 2 652 655 155
1008 2 2 1 2 654 655 652
1009 2 2 1 2 45 647 642
1010 2 2 1 2 647 169 656
1011 2 2 1 2 642 656 168
1012 2 2 1 2 647 656 642
1013 2 2 1 2 169 650 657
1014 2 2 1 2 650 46 653
1015 2 2 1 2 657 653 170
1016 2 2 1 2 650 653 657
1017 2 2 1 2 168 658 645
1018 2 2 1 2 658 170 651
1019 2 2 1 2 645 651 43
1020 2 2 1 2 658 651 645
1021 2 2 1 2 169 657 656
1022 2 2 1 2 657 170 658
1023 2 2 1 2 656 658 168
1024 2 2 1 2 657 658 656
1025 2 2 1 2 5 659 567
1026 2 2 1 2 659 171 660
1027 2 2 1 2 567 660 149
1028 2 2 1 2 659 660 567
1029 2 2 1 2 171 661 663
1030 2 2 1 2 661 47 662
1031 2 2 1 2 663 662 172
1032 2 2 1 2 661 662 663
1033 2 2 1 2 149 664 569
1034 2 2 1 2 664 172 665
1035 2 2 1 2 569 665 42
1036 2 2 1 2 664 665 569
1037 2 2 1 2 171 663 660
1038 2 2 1 2 663 172 664
1039 2 2 1 2 660 664 149
1040 2 2 1 2 663 664 660
1041 2 2 1 2 47 666 668
1042 2 2 1 2 666 173 667
1043 2 2 1 2 668 667 175
1044 2 2 1 2 666 667 668
1045 2 2 1 2 173 669 671
1046 2 2 1 2 669 15 670
1047 2 2 1 2 671 670 174
1048 2 2 1 2 669 670 671
1049 2 2 1 2 175 672 674
1050 2 2 1 2 672 174 673
1051 2 2 1 2 674 673 48
1052 2 2 1 2 672 673 674
1053 2 2 1 2 173 671 667
1054 2 2 1 2 671 174 672
1055 2 2 1 2 667 672 175
1056 2 2 1 2 671 672 667
1057 2 2 1 2 42 675 574
1058 2 2 1 2 675 176 676
1059 2 2 1 2 574 676 151
1060 2 2 1 2 675 676 574
1061 2 2 1 2 176 677 679
1062 2 2 1 2 677 48 678
1063 2 2 1 2 679 678 177
1064 2 2 1 2 677 678 679
1065 2 2 1 2 151 680 577
1066 2 2 1 2 680 177 681
1067 2 2 1 2 577 681 14
1068 2 2 1 2 680 681 577
1069 2 2 1 2 176 679 676
1070 2 2 1 2 679 177 680
1071 2 2 1 2 676 680 151
1072 2 2 1 2 679 680 676
1073 2 2 1 2 47 668 662
1074 2 2 1 2 668 175 682
1075 2 2 1 2 662 682 172
1076 2 2 1 2 668 682 662
1077 2 2 1 2 175 674 683
1078 2 2 1 2 674 48 677
1079 2 2 1 2 683 677 176
1080 2 2 1 2 674 677 683
1081 2 2 1 2 172 684 665
1082 2 2 1 2 684 176 675
1083 2 2 1 2 665 675 42
1084 2 2 1 2 684 675 665
1085 2 2 1 2 175 683 682
1086 2 2 1 2 683 176 684
1087 2 2 1 2 682 684 172
1088 2 2 1 2 683 684 682
1089 2 2 1 2 15 685 687
1090 2 2 1 2 685 178 686
1091 2 2 1 2 687 686 180
1092 2 2 1 2 685 686 687
1093 2 2 1 2 178 688 690
1094 2 2 1 2 688 49 689
1095 2 2 1 2 690 689 179
1096 2 2 1 2 688 689 690
1097 2 2 1 2 180 691 693
1098 2 2 1 2 691 179 692
1099 2 2 1 2 693 692 51
1100 2 2 1 2 691 692 693
1101 2 2 1 2 178 690 686
1102 2 2 1 2 690 179 691
1103 2 2 1 2 686 691 180
1104 2 2 1 2 690 691 686
1105 2 2 1 2 49 694 696
1106 2 2 1 2 694 181 695
1107 2 2 1 2 696 695 183
1108 2 2 1 2 694 695 696
1109 2 2 1 2 181 697 699
1110 2 2 1 2 697 6 698
1111 2 2 1 2 699 698 182
1112 2 2 1 2 697 698 699
1113 2 2 1 2 183 700 702
1114 2 2 1 2 700 182 701
1115 2 2 1 2 702 701 50
1116 2 2 1 2 700 701 702
1117 2 2 1 2 181 699 695
1118 2 2 1 2 699 182 700
1119 2 2 1 2 695 700 183
1120 2 2 1 2 699 700 695
1121 2 2 1 2 51 703 705
1122 2 2 1 2 703 184 704
1123 2 2 1 2 705 704 186
1124 2 2 1 2 703 704 705
1125 2 2 1 2 184 706 708
1126 2 2 1 2 706 50 707
1127 2 2 1 2 708 707 185
1128 2 2 1 2 706 707 708
1129 2 2 1 2 186 709 711
1130 2 2 1 2 709 185 710
1131 2 2 1 2 711 710 16
1132 2 2 1 2 709 710 711
1133 2 2 1 2 184 708 704
1134 2 2 1 2 708 185 709
1135 2 2 1 2 704 709 186
1136 2 2 1 2 708 709 704
1137 2 2 1 2 49 696 689
1138 2 2 1 2 696 183 712
1139 2 2 1 2 689 712 179
1140 2 2 1 2 696 712 689
1141 2 2 1 2 183 702 713
1142 2 2 1 2 702 50 706
1143 2 2 1 2 713 706 184
1144 2 2 1 2 702 706 713
1145 2 2 1 2 179 714 692
1146 2 2 1 2 714 184 703
1147 2 2 1 2 692 703 51
1148 2 2 1 2 714 703 692
1149 2 2 1 2 183 713 712
1150 2 2 1 2 713 184 714
1151 2 2 1 2 712 714 179
1152 2 2 1 2 713 714 712
1153 2 2 1 2 14 715 593
1154 2 2 1 2 715 187 716
1155 2 2 1 2 593 716 156
1156 2 2 1 2 715 716 593
1157 2 2 1 2 187 717 719
1158 2 2 1 2 717 52 718
1159 2 2 1 2 719 718 188
1160 2 2 1 2 717 718 719
1161 2 2 1 2 156 720 596
1162 2 2 1 2 720 188 721
1163 2 2 1 2 596 721 44
1164 2 2 1 2 720 721 596
1165 2 2 1 2 187 719 716
1166 2 2 1 2 719 188 720
1167 2 2 1 2 716 720 156
1168 2 2 1 2 719 720 716
1169 2 2 1 2 52 722 724
1170 2 2 1 2 722 189 723
1171 2 2 1 2 724 723 191
1172 2 2 1 2 722 723 724
1173 2 2 1 2 189 725 727
1174 2 2 1 2 725 16 726
1175 2 2 1 2 727 726 190
1176 2 2 1 2 725 726 727
1177 2 2 1 2 191 728 730
1178 2 2 1 2 728 190 729
1179 2 2 1 2 730 729 53
1180 2 2 1 2 728 729 730
1181 2 2 1 2 189 727 723
1182 2 2 1 2 727 190 728
1183 2 2 1 2 723 728 191
1184 2 2 1 2 727 728 723
1185 2 2 1 2 44 731 602
1186 2 2 1 2 731 192 732
1187 2 2 1 2 602 732 159
1188 2 2 1 2 731 732 602
1189 2 2 1 2 192 733 735
1190 2 2 1 2 733 53 734
1191 2 2 1 2 735 734 193
1192 2 2 1 2 733 734 735
1193 2 2 1 2 159 736 605
1194 2 2 1 2 736 193 737
1195 2 2 1 2 605 737 1
1196 2 2 1 2 736 737 605
1197 2 2 1 2 192 735 732
1198 2 2 1 2 735 193 736
1199 2 2 1 2 732 736 159
1200 2 2 1 2 735 736 732
1201 2 2 1 2 52 724 718
1202 2 2 1 2 724 191 738
1203 2 2 1 2 718 738 188
1204 2 2 1 2 724 738 718
1205 2 2 1 2 191 730 739
1206 2 2 1 2 730 53 733
1207 2 2 1 2 739 733 192
1208 2 2 1 2 730 733 739
1209 2 2 1 2 188 740 721
1210 2 2 1 2 740 192 731
1211 2 2 1 2 721 731 44
1212 2 2 1 2 740 731 721
1213 2 2 1 2 191 739 738
1214 2 2 1 2 739 192 740
1215 2 2 1 2 738 740 188
1216 2 2 1 2 739 740 738
1217 2 2 1 2 15 687 670
1218 2 2 1 2 687 180 741
1219 2 2 1 2 670 741 174
1220 2 2 1 2 687 741 670
1221 2 2 1 2 180 693 743
1222 2 2 1 2 693 51 742
1223 2 2 1 2 743 742 194
1224 2 2 1 2 693 742 743
1225 2 2 1 2 174 744 673
1226 2 2 1 2 744 194 745
1227 2 2 1 2 673 745 48
1228 2 2 1 2 744 745 673
1229 2 2 1 2 180 743 741
1230 2 2 1 2 743 194 744
1231 2 2 1 2 741 744 174
1232 2 2 1 2 743 744 741
1233 2 2 1 2 51 705 747
1234 2 2 1 2 705 186 746
1235 2 2 1 2 747 746 195
1236 2 2 1 2 705 746 747
1237 2 2 1 2 186 711 748
1238 2 2 1 2 711 16 725
1239 2 2 1 2 748 725 189
1240 2 2 1 2 711 725 748
1241 2 2 1 2 195 749 750
1242 2 2 1 2 749 189 722
1243 2 2 1 2 750 722 52
1244 2 2 1 2 749 722 750
1245 2 2 1 2 186 748 746
1246 2 2 1 2 748 189 749
1247 2 2 1 2 746 749 195
1248 2 2 1 2 748 749 746
1249 2 2 1 2 48 751 678
1250 2 2 1 2 751 196 752
1251 2 2 1 2 678 752 177
1252 2 2 1 2 751 752 678
1253 2 2 1 2 196 753 754
1254 2 2 1 2 753 52 717
1255 2 2 1 2 754 717 187
1256 2 2 1 2 753 717 754
1257 2 2 1 2 177 755 681
1258 2 2 1 2 755 187 715
1259 2 2 1 2 681 715 14
1260 2 2 1 2 755 715 681
1261 2 2 1 2 196 754 752
1262 2 2 1 2 754 187 755
1263 2 2 1 2 752 755 177
1264 2 2 1 2 754 755 752
1265 2 2 1 2 51 747 742
1266 2 2 1 2 747 195 756
1267 2 2 1 2 742 756 194
1268 2 2 1 2 747 756 742
1269 2 2 1 2 195 750 757
1270 2 2 1 2 750 52 753
1271 2 2 1 2 757 753 196
1272 2 2 1 2 750 753 757
1273 2 2 1 2 194 758 745
1274 2 2 1 2 758 196 751
1275 2 2 1 2 745 751 48
1276 2 2 1 2 758 751 745
1277 2 2 1 2 195 757 756
1278 2 2 1 2 757 196 758
1279 2 2 1 2 756 758 194
1280 2 2 1 2 757 758 756
1281 2 2 1 2 1 737 259
1282 2 2 1 2 737 193 759
1283 2 2 1 2 259 759 67
1284 2 2 1 2 737 759 259
1285 2 2 1 2 193 734 761
1286 2 2 1 2 734 53 760
1287 2 2 1 2 761 760 197
1288 2 2 1 2 734 760 761
1289 2 2 1 2 67 762 262
1290 2 2 1 2 762 197 763
1291 2 2 1 2 262 763 19
1292 2 2 1 2 762 763 262
1293 2 2 1 2 193 761 759
1294 2 2 1 2 761 197 762
1295 2 2 1 2 759 762 67
1296 2 2 1 2 761 762 759
1297 2 2 1 2 53 729 765
1298 2 2 1 2 729 190 764
1299 2 2 1 2 765 764 199
1300 2 2 1 2 729 764 765
1301 2 2 1 2 190 726 767
1302 2 2 1 2 726 16 766
1303 2 2 1 2 767 766 198
1304 2 2 1 2 726 766 767
1305 2 2 1 2 199 768 770
1306 2 2 1 2 768 198 769
1307 2 2 1 2 770 769 54
1308 2 2 1 2 768 769 770
1309 2 2 1 2 190 767 764
1310 2 2 1 2 767 198 768
1311 2 2 1 2 764 768 199
1312 2 2 1 2 767 768 764
1313 2 2 1 2 19 771 268
1314 2 2 1 2 771 200 772
1315 2 2 1 2 268 772 70
1316 2 2 1 2 771 772 268
1317 2 2 1 2 200 773 775
1318 2 2 1 2 773 54 774
1319 2 2 1 2 775 774 201
1320 2 2 1 2 773 774 775
1321 2 2 1 2 70 776 271
1322 2 2 1 2 776 201 777
1323 2 2 1 2 271 777 7
1324 2 2 1 2 776 777 271
1325 2 2 1 2 200 775 772
1326 2 2 1 2 775 201 776
1327 2 2 1 2 772 776 70
1328 2 2 1 2 775 776 772
1329 2 2 1 2 53 765 760
1330 2 2 1 2 765 199 778
1331 2 2 1 2 760 778 197
1332 2 2 1 2 765 778 760
1333 2 2 1 2 199 770 779
1334 2 2 1 2 770 54 773
1335 2 2 1 2 779 773 200
1336 2 2 1 2 770 773 779
1337 2 2 1 2 197 780 763
1338 2 2 1 2 780 200 771
1339 2 2 1 2 763 771 19
1340 2 2 1 2 780 771 763
1341 2 2 1 2 199 779 778
1342 2 2 1 2 779 200 780
1343 2 2 1 2 778 780 197
1344 2 2 1 2 779 780 778
1345 2 2 1 2 16 710 782
1346 2 2 1 2 710 185 781
1347 2 2 1 2 782 781 203
1348 2 2 1 2 710 781 782
1349 2 2 1 2 185 707 784
1350 2 2 1 2 707 50 783
1351 2 2 1 2 784 783 202
1352 2 2 1 2 707 783 784
1353 2 2 1 2 203 785 787
1354 2 2 1 2 785 202 786
1355 2 2 1 2 787 786 56
1356 2 2 1 2 785 786 787
1357 2 2 1 2 185 784 781
1358 2 2 1 2 784 202 785
1359 2 2 1 2 781 785 203
1360 2 2 1 2 784 785 781
1361 2 2 1 2 50 701 789
1362 2 2 1 2 701 182 788
1363 2 2 1 2 789 788 205
1364 2 2 1 2 701 788 789
1365 2 2 1 2 182 698 791
1366 2 2 1 2 698 6 790
1367 2 2 1 2 791 790 204
1368 2 2 1 2 698 790 791
1369 2 2 1 2 205 792 794
1370 2 2 1 2 792 204 793
1371 2 2 1 2 794 793 55
1372 2 2 1 2 792 793 794
1373 2 2 1 2 182 791 788
1374 2 2 1 2 791 204 792
1375 2 2 1 2 788 792 205
1376 2 2 1 2 791 792 788
1377 2 2 1 2 56 795 797
1378 2 2 1 2 795 206 796
1379 2 2 1 2 797 796 208
1380 2 2 1 2 795 796 797
1381 2 2 1 2 206 798 800
1382 2 2 1 2 798 55 799
1383 2 2 1 2 800 799 207
1384 2 2 1 2 798 799 800
1385 2 2 1 2 208 801 803
1386 2 2 1 2 801 207 802
1387 2 2 1 2 803 802 17
1388 2 2 1 2 801 802 803
1389 2 2 1 2 206 800 796
1390 2 2 1 2 800 207 801
1391 2 2 1 2 796 801 208
1392 2 2 1 2 800 801 796
1393 2 2 1 2 50 789 783
1394 2 2 1 2 789 205 804
1395 2 2 1 2 783 804 202
1396 2 2 1 2 789 804 783
1397 2 2 1 2 205 794 805
1398 2 2 1 2 794 55 798
1399 2 2 1 2 805 798 206
1400 2 2 1 2 794 798 805
1401 2 2 1 2 202 806 786
1402 2 2 1 2 806 206 795
1403 2 2 1 2 786 795 56
1404 2 2 1 2 806 795 786
1405 2 2 1 2 205 805 804
1406 2 2 1 2 805 206 806
1407 2 2 1 2 804 806 202
1408 2 2 1 2 805 806 804
1409 2 2 1 2 7 807 289
1410 2 2 1 2 807 209 808
1411 2 2 1 2 289 808 76
1412 2 2 1 2 807 808 289
1413 2 2 1 2 209 809 811
1414 2 2 1 2 809 57 810
1415 2 2 1 2 811 810 210
1416 2 2 1 2 809 810 811
1417 2 2 1 2 76 812 292
1418 2 2 1 2 812 210 813
1419 2 2 1 2 292 813 22
1420 2 2 1 2 812 813 292
1421 2 2 1 2 209 811 808
1422 2 2 1 2 811 210 812
1423 2 2 1 2 808 812 76
1424 2 2 1 2 811 812 808
1425 2 2 1 2 57 814 816
1426 2 2 1 2 814 211 815
1427 2 2 1 2 816 815 213
1428 2 2 1 2 814 815 816
1429 2 2 1 2 211 817 819
1430 2 2 1 2 817 17 818
1431 2 2 1 2 819 818 212
1432 2 2 1 2 817 818 819
1433 2 2 1 2 213 820 822
1434 2 2 1 2 820 212 821
1435 2 2 1 2 822 821 58
1436 2 2 1 2 820 821 822
1437 2 2 1 2 211 819 815
1438 2 2 1 2 819 212 820
1439 2 2 1 2 815 820 213
1440 2 2 1 2 819 820 815
1441 2 2 1 2 22 823 298
1442 2 2 1 2 823 214 824
1443 2 2 1 2 298 824 79
1444 2 2 1 2 823 824 298
1445 2 2 1 2 214 825 827
1446 2 2 1 2 825 58 826
1447 2 2 1 2 827 826 215
1448 2 2 1 2 825 826 827
1449 2 2 1 2 79 828 301
1450 2 2 1 2 828 215 829
1451 2 2 1 2 301 829 2
1452 2 2 1 2 828 829 301
1453 2 2 1 2 214 827 824
1454 2 2 1 2 827 215 828
1455 2 2 1 2 824 828 79
1456 2 2 1 2 827 828 824
1457 2 2 1 2 57 816 810
1458 2 2 1 2 816 213 830
1459 2 2 1 2 810 830 210
1460 2 2 1 2 816 830 810
1461 2 2 1 2 213 822 831
1462 2 2 1 2 822 58 825
1463 2 2 1 2 831 825 214
1464 2 2 1 2 822 825 831
1465 2 2 1 2 210 832 813
1466 2 2 1 2 832 214 823
1467 2 2 1 2 813 823 22
1468 2 2 1 2 832 823 813
1469 2 2 1 2 213 831 830
1470 2 2 1 2 831 214 832
1471 2 2 1 2 830 832 210
1472 2 2 1 2 831 832 830
1473 2 2 1 2 16 782 766
1474 2 2 1 2 782 203 833
1475 2 2 1 2 766 833 198
1476 2 2 1 2 782 833 766
1477 2 2 1 2 203 787 835
1478 2 2 1 2 787 56 834
1479 2 2 1 2 835 834 216
1480 2 2 1 2 787 834 835
1481 2 2 1 2 198 836 769
1482 2 2 1 2 836 216 837
1483 2 2 1 2 769 837 54
1484 2 2 1 2 836 837 769
1485 2 2 1 2 203 835 833
1486 2 2 1 2 835 216 836
1487 2 2 1 2 833 836 198
1488 2 2 1 2 835 836 833
1489 2 2 1 2 56 797 839
1490 2 2 1 2 797 208 838
1491 2 2 1 2 839 838 217
1492 2 2 1 2 797 838 839
1493 2 2 1 2 208 803 840
1494 2 2 1 2 803 17 817
1495 2 2 1 2 840 817 211
1496 2 2 1 2 803 817 840
1497 2 2 1 2 217 841 842
1498 2 2 1 2 841 211 814
1499 2 2 1 2 842 814 57
1500 2 2 1 2 841 814 842
1501 2 2 1 2 208 840 838
1502 2 2 1 2 840 211 841
1503 2 2 1 2 838 841 217
1504 2 2 1 2 840 841 838
1505 2 2 1 2 54 843 774
1506 2 2 1 2 843 218 844
1507 2 2 1 2 774 844 201
1508 2 2 1 2 843 844 774
1509 2 2 1 2 218 845 846
1510 2 2 1 2 845 57 809
1511 2 2 1 2 846 809 209
1512 2 2 1 2 845 809 846
1513 2 2 1 2 201 847 777
1514 2 2 1 2 847 209 807
1515 2 2 1 2 777 807 7
1516 2 2 1 2 847 807 777
1517 2 2 1 2 218 846 844
1518 2 2 1 2 846 209 847
1519 2 2 1 2 844 847 201
1520 2 2 1 2 846 847 844
1521 2 2 1 2 56 839 834
1522 2 2 1 2 839 217 848
1523 2 2 1 2 834 848 216
1524 2 2 1 2 839 848 834
1525 2 2 1 2 217 842 849
1526 2 2 1 2 842 57 845
1527 2 2 1 2 849 845 218
1528 2 2 1 2 842 845 849
1529 2 2 1 2 216 850 837
1530 2 2 1 2 850 218 843
1531 2 2 1 2 837 843 54
1532 2 2 1 2 850 843 837
1533 2 2 1 2 217 849 848
1534 2 2 1 2 849 218 850
1535 2 2 1 2 848 850 216
1536 2 2 1 2 849 850 848
1537 2 2 1 2 2 829 367
1538 2 2 1 2 829 215 851
1539 2 2 1 2 367 851 97
1540 2 2 1 2 829 851 367
1541 2 2 1 2 215 826 853
1542 2 2 1 2 826 58 852
1543 2 2 1 2 853 852 219
1544 2 2 1 2 826 852 853
1545 2 2 1 2 97 854 369
1546 2 2 1 2 854 219 855
1547 2 2 1 2 369 855 28
1548 2 2 1 2 854 855 369
1549 2 2 1 2 215 853 851
1550 2 2 1 2 853 219 854
1551 2 2 1 2 851 854 97
1552 2 2 1 2 853 854 851
1553 2 2 1 2 58 821 857
1554 2 2 1 2 821 212 856
1555 2 2 1 2 857 856 221
1556 2 2 1 2 821 856 857
1557 2 2 1 2 212 818 859
1558 2 2 1 2 818 17 858
1559 2 2 1 2 859 858 220
1560 2 2 1 2 818 858 859
1561 2 2 1 2 221 860 862
1562 2 2 1 2 860 220 861
1563 2 2 1 2 862 861 59
1564 2 2 1 2 860 861 862
1565 2 2 1 2 212 859 856
1566 2 2 1 2 859 220 860
1567 2 2 1 2 856 860 221
1568 2 2 1 2 859 860 856
1569 2 2 1 2 28 863 374
1570 2 2 1 2 863 222 864
1571 2 2 1 2 374 864 99
1572 2 2 1 2 863 864 374
1573 2 2 1 2 222 865 867
1574 2 2 1 2 865 59 866
1575 2 2 1 2 867 866 223
1576 2 2 1 2 865 866 867
1577 2 2 1 2 99 868 377
1578 2 2 1 2 868 223 869
1579 2 2 1 2 377 869 10
1580 2 2 1 2 868 869 377
1581 2 2 1 2 222 867 864
1582 2 2 1 2 867 223 868
1583 2 2 1 2 864 868 99
1584 2 2 1 2 867 868 864
1585 2 2 1 2 58 857 852
1586 2 2 1 2 857 221 870
1587 2 2 1 2 852 870 219
1588 2 2 1 2 857 870 852
1589 2 2 1 2 221 862 871
1590 2 2 1 2 862 59 865
1591 2 2 1 2 871 865 222
1592 2 2 1 2 862 865 871
1593 2 2 1 2 219 872 855
1594 2 2 1 2 872 222 863
1595 2 2 1 2 855 863 28
1596 2 2 1 2 872 863 855
1597 2 2 1 2 221 871 870
1598 2 2 1 2 871 222 872
1599 2 2 1 2 870 872 219
1600 2 2 1 2 871 872 870
1601 2 2 1 2 17 802 874
1602 2 2 1 2 802 207 873
1603 2 2 1 2 874 873 225
1604 2 2 1 2 802 873 874
1605 2 2 1 2 207 799 876
1606 2 2 1 2 799 55 875
1607 2 2 1 2 876 875 224
1608 2 2 1 2 799 875 876
1609 2 2 1 2 225 877 879
1610 2 2 1 2 877 224 878
1611 2 2 1 2 879 878 61
1612 2 2 1 2 877 878 879
1613 2 2 1 2 207 876 873
1614 2 2 1 2 876 224 877
1615 2 2 1 2 873 877 225
1616 2 2 1 2 876 877 873
1617 2 2 1 2 55 793 881
1618 2 2 1 2 793 204 880
1619 2 2 1 2 881 880 227
1620 2 2 1 2 793 880 881
1621 2 2 1 2 204 790 883
1622 2 2 1 2 790 6 882
1623 2 2 1 2 883 882 226
1624 2 2 1 2 790 882 883
1625 2 2 1 2 227 884 886
1626 2 2 1 2 884 226 885
1627 2 2 1 2 886 885 60
1628 2 2 1 2 884 885 886
1629 2 2 1 2 204 883 880
1630 2 2 1 2 883 226 884
1631 2 2 1 2 880 884 227
1632 2 2 1 2 883 884 880
1633 2 2 1 2 61 887 889
1634 2 2 1 2 887 228 888
1635 2 2 1 2 889 888 230
1636 2 2 1 2 887 888 889
1637 2 2 1 2 228 890 892
1638 2 2 1 2 890 60 891
1639 2 2 1 2 892 891 229
1640 2 2 1 2 890 891 892
1641 2 2 1 2 230 893 895
1642 2 2 1 2 893 229 894
1643 2 2 1 2 895 894 18
1644 2 2 1 2 893 894 895
1645 2 2 1 2 228 892 888
1646 2 2 1 2 892 229 893
1647 2 2 1 2 888 893 230
1648 2 2 1 2 892 893 888
1649 2 2 1 2 55 881 875
1650 2 2 1 2 881 227 896
1651 2 2 1 2 875 896 224
1652 2 2 1 2 881 896 875
1653 2 2 1 2 227 886 897
1654 2 2 1 2 886 60 890
1655 2 2 1 2 897 890 228
1656 2 2 1 2 886 890 897
1657 2 2 1 2 224 898 878
1658 2 2 1 2 898 228 887
1659 2 2 1 2 878 887 61
1660 2 2 1 2 898 887 878
1661 2 2 1 2 227 897 896
1662 2 2 1 2 897 228 898
1663 2 2 1 2 896 898 224
1664 2 2 1 2 897 898 896
1665 2 2 1 2 10 899 393
1666 2 2 1 2 899 231 900
1667 2 2 1 2 393 900 104
1668 2 2 1 2 899 900 393
1669 2 2 1 2 231 901 903
1670 2 2 1 2 901 62 902
1671 2 2 1 2 903 902 232
1672 2 2 1 2 901 902 903
1673 2 2 1 2 104 904 396
1674 2 2 1 2 904 232 905
1675 2 2 1 2 396 905 30
1676 2 2 1 2 904 905 396
1677 2 2 1 2 231 903 900
1678 2 2 1 2 903 232 904
1679 2 2 1 2 900 904 104
1680 2 2 1 2 903 904 900
1681 2 2 1 2 62 906 908
1682 2 2 1 2 906 233 907
1683 2 2 1 2 908 907 235
1684 2 2 1 2 906 907 908
1685 2 2 1 2 233 909 911
1686 2 2 1 2 909 18 910
1687 2 2 1 2 911 910 234
1688 2 2 1 2 909 910 911
1689 2 2 1 2 235 912 914
1690 2 2 1 2 912 234 913
1691 2 2 1 2 914 913 63
1692 2 2 1 2 912 913 914
1693 2 2 1 2 233 911 907
1694 2 2 1 2 911 234 912
1695 2 2 1 2 907 912 235
1696 2 2 1 2 911 912 907
1697 2 2 1 2 30 915 402
1698 2 2 1 2 915 236 916
1699 2 2 1 2 402 916 107
1700 2 2 1 2 915 916 402
1701 2 2 1 2 236 917 919
1702 2 2 1 2 917 63 918
1703 2 2 1 2 919 918 237
1704 2 2 1 2 917 918 919
1705 2 2 1 2 107 920 405
1706 2 2 1 2 920 237 921
1707 2 2 1 2 405 921 4
1708 2 2 1 2 920 921 405
1709 2 2 1 2 236 919 916
1710 2 2 1 2 919 237 920
1711 2 2 1 2 916 920 107
1712 2 2 1 2 919 920 916
1713 2 2 1 2 62 908 902
1714 2 2 1 2 908 235 922
1715 2 2 1 2 902 922 232
1716 2 2 1 2 908 922 902
1717 2 2 1 2 235 914 923
1718 2 2 1 2 914 63 917
1719 2 2 1 2 923 917 236
1720 2 2 1 2 914 917 923
1721 2 2 1 2 232 924 905
1722 2 2 1 2 924 236 915
1723 2 2 1 2 905 915 30
1724 2 2 1 2 924 915 905
1725 2 2 1 2 235 923 922
1726 2 2 1 2 923 236 924
1727 2 2 1 2 922 924 232
1728 2 2 1 2 923 924 922
1729 2 2 1 2 17 874 858
1730 2 2 1 2 874 225 925
1731 2 2 1 2 858 925 220
1732 2 2 1 2 874 925 858
1733 2 2 1 2 225 879 927
1734 2 2 1 2 879 61 926
1735 2 2 1 2 927 926 238
1736 2 2 1 2 879 926 927
1737 2 2 1 2 220 928 861
1738 2 2 1 2 928 238 929
1739 2 2 1 2 861 929 59
1740 2 2 1 2 928 929 861
1741 2 2 1 2 225 927 925
1742 2 2 1 2 927 238 928
1743 2 2 1 2 925 928 220
1744 2 2 1 2 927 928 925
1745 2 2 1 2 61 889 931
1746 2 2 1 2 889 230 930
1747 2 2 1 2 931 930 239
1748 2 2 1 2 889 930 931
1749 2 2 1 2 230 895 932
1750 2 2 1 2 895 18 909
1751 2 2 1 2 932 909 233
1752 2 2 1 2 895 909 932
1753 2 2 1 2 239 933 934
1754 2 2 1 2 933 233 906
1755 2 2 1 2 934 906 62
1756 2 2 1 2 933 906 934
1757 2 2 1 2 230 932 930
1758 2 2 1 2 932 233 933
1759 2 2 1 2 930 933 239
1760 2 2 1 2 932 933 930
1761 2 2 1 2 59 935 866
1762 2 2 1 2 935 240 936
1763 2 2 1 2 866 936 223
1764 2 2 1 2 935 936 866
1765 2 2 1 2 240 937 938
1766 2 2 1 2 937 62 901
1767 2 2 1 2 938 901 231
1768 2 2 1 2 937 901 938
1769 2 2 1 2 223 939 869
1770 2 2 1 2 939 231 899
1771 2 2 1 2 869 899 10
1772 2 2 1 2 939 899 869
1773 2 2 1 2 240 938 936
1774 2 2 1 2 938 231 939
1775 2 2 1 2 936 939 223
1776 2 2 1 2 938 939 936
1777 2 2 1 2 61 931 926
1778 2 2 1 2 931 239 940
1779 2 2 1 2 926 940 238
1780 2 2 1 2 931 940 926
1781 2 2 1 2 239 934 941
1782 2 2 1 2 934 62 937
1783 2 2 1 2 941 937 240
1784 2 2 1 2 934 937 941
1785 2 2 1 2 238 942 929
1786 2 2 1 2 942 240 935
1787 2 2 1 2 929 935 59
1788 2 2 1 2 942 935 929
1789 2 2 1 2 239 941 940
1790 2 2 1 2 941 240 942
1791 2 2 1 2 940 942 238
1792 2 2 1 2 941 942 940
1793 2 2 1 2 4 921 467
1794 2 2 1 2 921 237 943
1795 2 2 1 2 467 943 123
1796 2 2 1 2 921 943 467
1797 2 2 1 2 237 918 945
1798 2 2 1 2 918 63 944
1799 2 2 1 2 945 944 241
1800 2 2 1 2 918 944 945
1801 2 2 1 2 123 946 469
1802 2 2 1 2 946 241 947
1803 2 2 1 2 469 947 35
1804 2 2 1 2 946 947 469
1805 2 2 1 2 237 945 943
1806 2 2 1 2 945 241 946
1807 2 2 1 2 943 946 123
1808 2 2 1 2 945 946 943
1809 2 2 1 2 63 913 949
1810 2 2 1 2 913 234 948
1811 2 2 1 2 949 948 243
1812 2 2 1 2 913 948 949
1813 2 2 1 2 234 910 951
1814 2 2 1 2 910 18 950
1815 2 2 1 2 951 950 242
1816 2 2 1 2 910 950 951
1817 2 2 1 2 243 952 954
1818 2 2 1 2 952 242 953
1819 2 2 1 2 954 953 64
1820 2 2 1 2 952 953 954
1821 2 2 1 2 234 951 948
1822 2 2 1 2 951 242 952
1823 2 2 1 2 948 952 243
1824 2 2 1 2 951 952 948
1825 2 2 1 2 35 955 474
1826 2 2 1 2 955 244 956
1827 2 2 1 2 474 956 125
1828 2 2 1 2 955 956 474
1829 2 2 1 2 244 957 959
1830 2 2 1 2 957 64 958
1831 2 2 1 2 959 958 245
1832 2 2 1 2 957 958 959
1833 2 2 1 2 125 960 477
1834 2 2 1 2 960 245 961
1835 2 2 1 2 477 961 12
1836 2 2 1 2 960 961 477
1837 2 2 1 2 244 959 956
1838 2 2 1 2 959 245 960
1839 2 2 1 2 956 960 125
1840 2 2 1 2 959 960 956
1841 2 2 1 2 63 949 944
1842 2 2 1 2 949 243 962
1843 2 2 1 2 944 962 241
1844 2 2 1 2 949 962 944
1845 2 2 1 2 243 954 963
1846 2 2 1 2 954 64 957
1847 2 2 1 2 963 957 244
1848 2 2 1 2 954 957 963
1849 2 2 1 2 241 964 947
1850 2 2 1 2 964 244 955
1851 2 2 1 2 947 955 35
1852 2 2 1 2 964 955 947
1853 2 2 1 2 243 963 962
1854 2 2 1 2 963 244 964
1855 2 2 1 2 962 964 241
1856 2 2 1 2 963 964 962
1857 2 2 1 2 18 894 966
1858 2 2 1 2 894 229 965
1859 2 2 1 2 966 965 247
1860 2 2 1 2 894 965 966
1861 2 2 1 2 229 891 968
1862 2 2 1 2 891 60 967
1863 2 2 1 2 968 967 246
1864 2 2 1 2 891 967 968
1865 2 2 1 2 247 969 971
1866 2 2 1 2 969 246 970
1867 2 2 1 2 971 970 65
1868 2 2 1 2 969 970 971
1869 2 2 1 2 229 968 965
1870 2 2 1 2 968 246 969
1871 2 2 1 2 965 969 247
1872 2 2 1 2 968 969 965
1873 2 2 1 2 60 885 973
1874 2 2 1 2 885 226 972
1875 2 2 1 2 973 972 248
1876 2 2 1 2 885 972 973
1877 2 2 1 2 226 882 974
1878 2 2 1 2 882 6 697
1879 2 2 1 2 974 697 181
1880 2 2 1 2 882 697 974
1881 2 2 1 2 248 975 976
1882 2 2 1 2 975 181 694
1883 2 2 1 2 976 694 49
1884 2 2 1 2 975 694 976
1885 2 2 1 2 226 974 972
1886 2 2 1 2 974 181 975
1887 2 2 1 2 972 975 248
1888 2 2 1 2 974 975 972
1889 2 2 1 2 65 977 979
1890 2 2 1 2 977 249 978
1891 2 2 1 2 979 978 250
1892 2 2 1 2 977 978 979
1893 2 2 1 2 249 980 981
1894 2 2 1 2 980 49 688
1895 2 2 1 2 981 688 178
1896 2 2 1 2 980 688 981
1897 2 2 1 2 250 982 983
1898 2 2 1 2 982 178 685
1899 2 2 1 2 983 685 15
1900 2 2 1 2 982 685 983
1901 2 2 1 2 249 981 978
1902 2 2 1 2 981 178 982
1903 2 2 1 2 978 982 250
1904 2 2 1 2 981 982 978
1905 2 2 1 2 60 973 967
1906 2 2 1 2 973 248 984
1907 2 2 1 2 967 984 246
1908 2 2 1 2 973 984 967
1909 2 2 1 2 248 976 985
1910 2 2 1 2 976 49 980
1911 2 2 1 2 985 980 249
1912 2 2 1 2 976 980 985
1913 2 2 1 2 246 986 970
1914 2 2 1 2 986 249 977
1915 2 2 1 2 970 977 65
1916 2 2 1 2 986 977 970
1917 2 2 1 2 248 985 984
1918 2 2 1 2 985 249 986
1919 2 2 1 2 984 986 246
1920 2 2 1 2 985 986 984
1921 2 2 1 2 12 987 493
1922 2 2 1 2 987 251 988
1923 2 2 1 2 493 988 130
1924 2 2 1 2 987 988 493
1925 2 2 1 2 251 989 991
1926 2 2 1 2 989 66 990
1927 2 2 1 2 991 990 252
1928 2 2 1 2 989 990 991
1929 2 2 1 2 130 992 496
1930 2 2 1 2 992 252 993
1931 2 2 1 2 496 993 37
1932 2 2 1 2 992 993 496
1933 2 2 1 2 251 991 988
1934 2 2 1 2 991 252 992
1935 2 2 1 2 988 992 130
1936 2 2 1 2 991 992 988
1937 2 2 1 2 66 994 996
1938 2 2 1 2 994 253 995
1939 2 2 1 2 996 995 254
1940 2 2 1 2 994 995 996
1941 2 2 1 2 253 997 998
1942 2 2 1 2 997 15 669
1943 2 2 1 2 998 669 173
1944 2 2 1 2 997 669 998
1945 2 2 1 2 254 999 1000
1946 2 2 1 2 999 173 666
1947 2 2 1 2 1000 666 47
1948 2 2 1 2 999 666 1000
1949 2 2 1 2 253 998 995
1950 2 2 1 2 998 173 999
1951 2 2 1 2 995 999 254
1952 2 2 1 2 998 999 995
1953 2 2 1 2 37 1001 502
1954 2 2 1 2 1001 255 1002
1955 2 2 1 2 502 1002 133
1956 2 2 1 2 1001 1002 502
1957 2 2 1 2 255 1003 1004
1958 2 2 1 2 1003 47 661
1959 2 2 1 2 1004 661 171
1960 2 2 1 2 1003 661 1004
1961 2 2 1 2 133 1005 505
1962 2 2 1 2 1005 171 659
1963 2 2 1 2 505 659 5
1964 2 2 1 2 1005 659 505
1965 2 2 1 2 255 1004 1002
1966 2 2 1 2 1004 171 1005
1967 2 2 1 2 1002 1005 133
1968 2 2 1 2 1004 1005 1002
1969 2 2 1 2 66 996 990
1970 2 2 1 2 996 254 1006
1971 2 2 1 2 990 1006 252
1972 2 2 1 2 996 1006 990
1973 2 2 1 2 254 1000 1007
1974 2 2 1 2 1000 47 1003
1975 2 2 1 2 1007 1003 255
1976 2 2 1 2 1000 1003 1007
1977 2 2 1 2 252 1008 993
1978 2 2 1 2 1008 255 1001
1979 2 2 1 2 993 1001 37
1980 2 2 1 2 1008 1001 993
1981 2 2 1 2 254 1007 1006
1982 2 2 1 2 1007 255 1008
1983 2 2 1 2 1006 1008 252
1984 2 2 1 2 1007 1008 1006
1985 2 2 1 2 18 966 950
1986 2 2 1 2 966 247 1009
1987 2 2 1 2 950 1009 242
1988 2 2 1 2 966 1009 950
1989 2 2 1 2 247 971 1011
1990 2 2 1 2 971 65 1010
1991 2 2 1 2 1011 1010 256
1992 2 2 1 2 971 1010 1011
1993 2 2 1 2 242 1012 953
1994 2 2 1 2 1012 256 1013
1995 2 2 1 2 953 1013 64
1996 2 2 1 2 1012 1013 953
1997 2 2 1 2 247 1011 1009
1998 2 2 1 2 1011 256 1012
1999 2 2 1 2 1009 1012 242
2000 2 2 1 2 1011 1012 1009
2001 2 2 1 2 65 979 1015
2002 2 2 1 2 979 250 1014
2003 2 2 1 2 1015 1014 257
2004 2 2 1 2 979 1014 1015
2005 2 2 1 2 250 983 1016
2006 2 2 1 2 983 15 997
2007 2 2 1 2 1016 997 253
2008 2 2 1 2 983 997 1016
2009 2 2 1 2 257 1017 1018
2010 2 2 1 2 1017 253 994
2011 2 2 1 2 1018 994 66
2012 2 2 1 2 1017 994 1018
2013 2 2 1 2 250 1016 1014
2014 2 2 1 2 1016 253 1017
2015 2 2 1 2 1014 1017 257
2016 2 2 1 2 1016 1017 1014
2017 2 2 1 2 64 1019 958
2018 2 2 1 2 1019 258 1020
2019 2 2 1 2 958 1020 245
2020 2 2 1 2 1019 1020 958
2021 2 2 1 2 258 1021 1022
2022 2 2 1 2 1021 66 989
2023 2 2 1 2 1022 989 251
2024 2 2 1 2 1021 989 1022
2025 2 2 1 2 245 1023 961
2026 2 2 1 2 1023 251 987
2027 2 2 1 2 961 987 12
2028 2 2 1 2 1023 987 961
2029 2 2 1 2 258 1022 1020
2030 2 2 1 2 1022 251 1023
2031 2 2 1 2 1020 1023 245
2032 2 2 1 2 1022 1023 1020
2033 2 2 1 2 65 1015 1010
2034 2 2 1 2 1015 257 1024
2035 2 2 1 2 1010 1024 256
2036 2 2 1 2 1015 1024 1010
2037 2 2 1 2 257 1018 1025
2038 2 2 1 2 1018 66 1021
2039 2 2 1 2 1025 1021 258
2040 2 2 1 2 1018 1021 1025
2041 2 2 1 2 256 1026 1013
2042 2 2 1 2 1026 258 1019
2043 2 2 1 2 1013 1019 64
2044 2 2 1 2 1026 1019 1013
2045 2 2 1 2 257 1025 1024
2046 2 2 1 2 1025 258 1026
2047 2 2 1 2 1024 1026 256
2048 2 2 1 2 1025 1026 1024
$EndElements
